index,time_ms,time_realtime_ms,time_monotonic_ms,ros_timestamp,base_qw,base_qx,base_qy,base_qz
0,0.000,1787268341006.921,169422284.218,0.000000000,1.000000000,0.000000000,0.000000000,0.000000000
1,19.993,1787268341026.914,169422304.211,0.000000000,1.000000000,0.000000000,0.000000000,0.000000000
2,40.000,1787268341046.921,169422324.218,0.000000000,1.000000000,0.000000000,0.000000000,0.000000000
3,59.991,1787268341066.912,169422344.209,0.000000000,1.000000000,0.000000000,0.000000000,0.000000000
4,79.991,1787268341086.912,169422364.209,0.000000000,1.000000000,0.000000000,0.000000000,0.000000000
5,99.999,1787268341106.920,169422384.217,0.000000000,1.000000000,0.000000000,0.000000000,0.000000000
6,119.995,1787268341126.916,169422404.213,0.000000000,1.000000000,0.000000000,0.000000000,0.000000000
7,139.999,1787268341146.920,169422424.217,0.000000000,1.000000000,0.000000000,0.000000000,0.000000000
8,160.000,1787268341166.921,169422444.219,0.000000000,1.000000000,0.000000000,0.000000000,0.000000000
9,180.005,1787268341186.926,169422464.223,0.000000000,1.000000000,0.000000000,0.000000000,0.000000000
10,200.003,1787268341206.925,169422484.222,0.000000000,1.000000000,0.000000000,0.000000000,0.000000000
11,219.993,1787268341226.915,169422504.212,0.000000000,1.000000000,0.000000000,0.000000000,0.000000000
12,240.000,1787268341246.921,169422524.218,0.000000000,1.000000000,0.000000000,0.000000000,0.000000000
13,259.995,1787268341266.916,169422544.213,0.000000000,1.000000000,0.000000000,0.000000000,0.000000000
14,279.996,1787268341286.917,169422564.214,0.000000000,1.000000000,0.000000000,0.000000000,0.000000000
15,299.999,1787268341306.920,169422584.218,0.000000000,1.000000000,0.000000000,0.000000000,0.000000000
16,320.002,1787268341326.923,169422604.220,0.000000000,1.000000000,0.000000000,0.000000000,0.000000000
17,340.005,1787268341346.927,169422624.224,0.000000000,1.000000000,0.000000000,0.000000000,0.000000000
18,359.996,1787268341366.917,169422644.215,0.000000000,1.000000000,0.000000000,0.000000000,0.000000000
19,379.992,1787268341386.913,169422664.211,0.000000000,1.000000000,0.000000000,0.000000000,0.000000000
20,400.000,1787268341406.921,169422684.218,0.000000000,1.000000000,0.000000000,0.000000000,0.000000000
21,419.996,1787268341426.917,169422704.214,0.000000000,1.000000000,0.000000000,0.000000000,0.000000000
22,439.999,1787268341446.920,169422724.217,0.000000000,1.000000000,0.000000000,0.000000000,0.000000000
23,459.997,1787268341466.918,169422744.216,0.000000000,1.000000000,0.000000000,0.000000000,0.000000000
24,479.998,1787268341486.919,169422764.216,0.000000000,1.000000000,0.000000000,0.000000000,0.000000000
25,500.003,1787268341506.924,169422784.221,0.000000000,1.000000000,0.000000000,0.000000000,0.000000000
26,519.991,1787268341526.912,169422804.209,0.000000000,1.000000000,0.000000000,0.000000000,0.000000000
27,539.990,1787268341546.911,169422824.208,0.000000000,1.000000000,0.000000000,0.000000000,0.000000000
28,559.991,1787268341566.912,169422844.209,0.000000000,1.000000000,0.000000000,0.000000000,0.000000000
29,579.988,1787268341586.909,169422864.206,0.000000000,1.000000000,0.000000000,0.000000000,0.000000000
30,599.988,1787268341606.909,169422884.206,0.000000000,1.000000000,0.000000000,0.000000000,0.000000000
31,619.999,1787268341626.920,169422904.217,0.000000000,1.000000000,0.000000000,0.000000000,0.000000000
32,639.996,1787268341646.917,169422924.214,0.000000000,1.000000000,0.000000000,0.000000000,0.000000000
33,660.003,1787268341666.924,169422944.221,0.000000000,1.000000000,0.000000000,0.000000000,0.000000000
34,680.000,1787268341686.921,169422964.219,0.000000000,1.000000000,0.000000000,0.000000000,0.000000000
35,700.004,1787268341706.925,169422984.222,0.000000000,1.000000000,0.000000000,0.000000000,0.000000000
36,720.001,1787268341726.922,169423004.219,0.000000000,1.000000000,0.000000000,0.000000000,0.000000000
37,740.000,1787268341746.921,169423024.218,0.000000000,1.000000000,0.000000000,0.000000000,0.000000000
38,759.997,1787268341766.918,169423044.215,0.000000000,1.000000000,0.000000000,0.000000000,0.000000000
39,779.994,1787268341786.915,169423064.212,0.000000000,1.000000000,0.000000000,0.000000000,0.000000000
40,800.002,1787268341806.923,169423084.221,0.000000000,1.000000000,0.000000000,0.000000000,0.000000000
41,819.989,1787268341826.910,169423104.208,0.000000000,1.000000000,0.000000000,0.000000000,0.000000000
42,839.989,1787268341846.910,169423124.207,0.000000000,1.000000000,0.000000000,0.000000000,0.000000000
43,859.989,1787268341866.910,169423144.208,0.000000000,1.000000000,0.000000000,0.000000000,0.000000000
44,879.991,1787268341886.912,169423164.209,0.000000000,1.000000000,0.000000000,0.000000000,0.000000000
45,900.002,1787268341906.923,169423184.220,0.000000000,1.000000000,0.000000000,0.000000000,0.000000000
46,920.002,1787268341926.923,169423204.221,0.000000000,1.000000000,0.000000000,0.000000000,0.000000000
47,940.000,1787268341946.921,169423224.219,0.000000000,1.000000000,0.000000000,0.000000000,0.000000000
48,959.996,1787268341966.917,169423244.215,0.000000000,1.000000000,0.000000000,0.000000000,0.000000000
49,979.998,1787268341986.920,169423264.217,0.000000000,1.000000000,0.000000000,0.000000000,0.000000000
50,1000.000,1787268342006.921,169423284.218,0.000000000,1.000000000,0.000000000,0.000000000,0.000000000
51,1020.002,1787268342026.923,169423304.220,0.000000000,1.000000000,0.000000000,0.000000000,0.000000000
52,1040.001,1787268342046.922,169423324.219,0.000000000,1.000000000,0.000000000,0.000000000,0.000000000
53,1060.000,1787268342066.921,169423344.219,0.000000000,1.000000000,0.000000000,0.000000000,0.000000000
54,1080.003,1787268342086.925,169423364.222,0.000000000,1.000000000,0.000000000,0.000000000,0.000000000
55,1100.002,1787268342106.923,169423384.220,0.000000000,1.000000000,0.000000000,0.000000000,0.000000000
56,1119.991,1787268342126.912,169423404.209,0.000000000,1.000000000,0.000000000,0.000000000,0.000000000
57,1140.003,1787268342146.924,169423424.221,0.000000000,1.000000000,0.000000000,0.000000000,0.000000000
58,1160.001,1787268342166.922,169423444.219,0.000000000,1.000000000,0.000000000,0.000000000,0.000000000
59,1179.992,1787268342186.913,169423464.211,0.000000000,1.000000000,0.000000000,0.000000000,0.000000000
60,1200.000,1787268342206.921,169423484.218,0.000000000,1.000000000,0.000000000,0.000000000,0.000000000
61,1219.993,1787268342226.914,169423504.211,0.000000000,1.000000000,0.000000000,0.000000000,0.000000000
62,1240.002,1787268342246.923,169423524.221,0.000000000,1.000000000,0.000000000,0.000000000,0.000000000
63,1260.006,1787268342266.927,169423544.225,0.000000000,1.000000000,0.000000000,0.000000000,0.000000000
64,1279.993,1787268342286.914,169423564.211,0.000000000,1.000000000,0.000000000,0.000000000,0.000000000
65,1299.996,1787268342306.917,169423584.214,0.000000000,1.000000000,0.000000000,0.000000000,0.000000000
66,1319.998,1787268342326.919,169423604.216,0.000000000,1.000000000,0.000000000,0.000000000,0.000000000
67,1339.994,1787268342346.915,169423624.212,0.000000000,1.000000000,0.000000000,0.000000000,0.000000000
68,1360.002,1787268342366.923,169423644.221,0.000000000,1.000000000,0.000000000,0.000000000,0.000000000
69,1380.012,1787268342386.933,169423664.230,0.000000000,1.000000000,0.000000000,0.000000000,0.000000000
70,1400.001,1787268342406.922,169423684.220,0.000000000,1.000000000,0.000000000,0.000000000,0.000000000
71,1420.007,1787268342426.928,169423704.225,0.000000000,1.000000000,0.000000000,0.000000000,0.000000000
72,1440.008,1787268342446.929,169423724.227,0.000000000,1.000000000,0.000000000,0.000000000,0.000000000
73,1459.994,1787268342466.915,169423744.212,0.000000000,1.000000000,0.000000000,0.000000000,0.000000000
74,1480.004,1787268342486.925,169423764.222,0.000000000,1.000000000,0.000000000,0.000000000,0.000000000
75,1499.993,1787268342506.914,169423784.211,0.000000000,1.000000000,0.000000000,0.000000000,0.000000000
76,1520.009,1787268342526.930,169423804.227,0.000000000,1.000000000,0.000000000,0.000000000,0.000000000
77,1539.998,1787268342546.919,169423824.216,0.000000000,1.000000000,0.000000000,0.000000000,0.000000000
78,1560.000,1787268342566.921,169423844.218,0.000000000,1.000000000,0.000000000,0.000000000,0.000000000
79,1579.992,1787268342586.913,169423864.210,0.000000000,1.000000000,0.000000000,0.000000000,0.000000000
80,1599.994,1787268342606.915,169423884.212,0.000000000,1.000000000,0.000000000,0.000000000,0.000000000
81,1620.001,1787268342626.922,169423904.220,0.000000000,1.000000000,0.000000000,0.000000000,0.000000000
82,1640.003,1787268342646.924,169423924.221,0.000000000,1.000000000,0.000000000,0.000000000,0.000000000
83,1659.991,1787268342666.912,169423944.210,0.000000000,1.000000000,0.000000000,0.000000000,0.000000000
84,1679.995,1787268342686.916,169423964.213,0.000000000,1.000000000,0.000000000,0.000000000,0.000000000
85,1699.997,1787268342706.917,169423984.215,0.000000000,1.000000000,0.000000000,0.000000000,0.000000000
86,1719.990,1787268342726.911,169424004.208,0.000000000,1.000000000,0.000000000,0.000000000,0.000000000
87,1740.015,1787268342746.936,169424024.233,0.000000000,1.000000000,0.000000000,0.000000000,0.000000000
88,1759.998,1787268342766.918,169424044.216,0.000000000,1.000000000,0.000000000,0.000000000,0.000000000
89,1779.991,1787268342786.912,169424064.209,0.000000000,1.000000000,0.000000000,0.000000000,0.000000000
90,1799.995,1787268342806.916,169424084.213,0.000000000,1.000000000,0.000000000,0.000000000,0.000000000
91,1819.994,1787268342826.916,169424104.213,0.000000000,1.000000000,0.000000000,0.000000000,0.000000000
92,1840.005,1787268342846.926,169424124.223,0.000000000,1.000000000,0.000000000,0.000000000,0.000000000
93,1860.008,1787268342866.929,169424144.227,0.000000000,1.000000000,0.000000000,0.000000000,0.000000000
94,1879.998,1787268342886.919,169424164.217,0.000000000,1.000000000,0.000000000,0.000000000,0.000000000
95,1899.992,1787268342906.914,169424184.211,0.000000000,1.000000000,0.000000000,0.000000000,0.000000000
96,1919.995,1787268342926.917,169424204.214,0.000000000,1.000000000,0.000000000,0.000000000,0.000000000
97,1939.991,1787268342946.912,169424224.209,0.000000000,1.000000000,0.000000000,0.000000000,0.000000000
98,1959.999,1787268342966.920,169424244.218,0.000000000,1.000000000,0.000000000,0.000000000,0.000000000
99,1979.998,1787268342986.919,169424264.216,0.000000000,1.000000000,0.000000000,0.000000000,0.000000000
100,2000.000,1787268343006.921,169424284.218,0.000000000,1.000000000,0.000000000,0.000000000,0.000000000
101,2020.084,1787268343027.005,169424304.302,0.000000000,1.000000000,0.000000000,0.000000000,0.000000000
102,2040.004,1787268343046.925,169424324.222,0.000000000,1.000000000,0.000000000,0.000000000,0.000000000
103,2059.997,1787268343066.918,169424344.216,0.000000000,1.000000000,0.000000000,0.000000000,0.000000000
104,2080.005,1787268343086.926,169424364.224,0.000000000,1.000000000,0.000000000,0.000000000,0.000000000
105,2099.999,1787268343106.920,169424384.217,0.000000000,1.000000000,0.000000000,0.000000000,0.000000000
106,2119.990,1787268343126.911,169424404.209,0.000000000,1.000000000,0.000000000,0.000000000,0.000000000
107,2140.003,1787268343146.924,169424424.221,0.000000000,1.000000000,0.000000000,0.000000000,0.000000000
108,2160.004,1787268343166.925,169424444.222,0.000000000,1.000000000,0.000000000,0.000000000,0.000000000
109,2180.002,1787268343186.923,169424464.220,0.000000000,1.000000000,0.000000000,0.000000000,0.000000000
110,2200.001,1787268343206.922,169424484.219,0.000000000,1.000000000,0.000000000,0.000000000,0.000000000
111,2220.141,1787268343227.062,169424504.359,0.000000000,1.000000000,0.000000000,0.000000000,0.000000000
112,2240.004,1787268343246.925,169424524.222,0.000000000,1.000000000,0.000000000,0.000000000,0.000000000
113,2260.003,1787268343266.924,169424544.221,0.000000000,1.000000000,0.000000000,0.000000000,0.000000000
114,2279.992,1787268343286.913,169424564.210,0.000000000,1.000000000,0.000000000,0.000000000,0.000000000
115,2299.991,1787268343306.912,169424584.209,0.000000000,1.000000000,0.000000000,0.000000000,0.000000000
116,2319.993,1787268343326.914,169424604.211,0.000000000,1.000000000,0.000000000,0.000000000,0.000000000
117,2339.994,1787268343346.915,169424624.212,0.000000000,1.000000000,0.000000000,0.000000000,0.000000000
118,2359.992,1787268343366.913,169424644.210,0.000000000,1.000000000,0.000000000,0.000000000,0.000000000
119,2379.996,1787268343386.917,169424664.214,0.000000000,1.000000000,0.000000000,0.000000000,0.000000000
120,2399.991,1787268343406.912,169424684.209,0.000000000,1.000000000,0.000000000,0.000000000,0.000000000
121,2419.990,1787268343426.911,169424704.209,0.000000000,1.000000000,0.000000000,0.000000000,0.000000000
122,2439.996,1787268343446.917,169424724.215,0.000000000,1.000000000,0.000000000,0.000000000,0.000000000
123,2460.005,1787268343466.926,169424744.223,0.000000000,1.000000000,0.000000000,0.000000000,0.000000000
124,2480.001,1787268343486.922,169424764.219,0.000000000,1.000000000,0.000000000,0.000000000,0.000000000
125,2500.002,1787268343506.923,169424784.220,0.000000000,1.000000000,0.000000000,0.000000000,0.000000000
126,2519.992,1787268343526.913,169424804.211,0.000000000,1.000000000,0.000000000,0.000000000,0.000000000
127,2540.001,1787268343546.922,169424824.220,0.000000000,1.000000000,0.000000000,0.000000000,0.000000000
128,2559.997,1787268343566.918,169424844.215,0.000000000,1.000000000,0.000000000,0.000000000,0.000000000
129,2579.991,1787268343586.912,169424864.210,0.000000000,1.000000000,0.000000000,0.000000000,0.000000000
130,2600.001,1787268343606.922,169424884.219,0.000000000,1.000000000,0.000000000,0.000000000,0.000000000
131,2619.996,1787268343626.917,169424904.214,0.000000000,1.000000000,0.000000000,0.000000000,0.000000000
132,2640.004,1787268343646.925,169424924.223,0.000000000,1.000000000,0.000000000,0.000000000,0.000000000
133,2660.001,1787268343666.922,169424944.219,0.000000000,1.000000000,0.000000000,0.000000000,0.000000000
134,2679.993,1787268343686.914,169424964.211,0.000000000,1.000000000,0.000000000,0.000000000,0.000000000
135,2700.006,1787268343706.927,169424984.225,0.000000000,1.000000000,0.000000000,0.000000000,0.000000000
136,2720.000,1787268343726.921,169425004.218,0.000000000,1.000000000,0.000000000,0.000000000,0.000000000
137,2740.003,1787268343746.924,169425024.222,0.000000000,1.000000000,0.000000000,0.000000000,0.000000000
138,2759.994,1787268343766.916,169425044.213,0.000000000,1.000000000,0.000000000,0.000000000,0.000000000
139,2779.993,1787268343786.914,169425064.211,0.000000000,1.000000000,0.000000000,0.000000000,0.000000000
140,2799.998,1787268343806.919,169425084.216,0.000000000,1.000000000,0.000000000,0.000000000,0.000000000
141,2820.004,1787268343826.925,169425104.222,0.000000000,1.000000000,0.000000000,0.000000000,0.000000000
142,2840.000,1787268343846.921,169425124.219,0.000000000,1.000000000,0.000000000,0.000000000,0.000000000
143,2860.000,1787268343866.921,169425144.218,0.000000000,1.000000000,0.000000000,0.000000000,0.000000000
144,2879.992,1787268343886.913,169425164.210,0.000000000,1.000000000,0.000000000,0.000000000,0.000000000
145,2899.996,1787268343906.917,169425184.214,0.000000000,1.000000000,0.000000000,0.000000000,0.000000000
146,2920.007,1787268343926.928,169425204.226,0.000000000,1.000000000,0.000000000,0.000000000,0.000000000
147,2939.992,1787268343946.913,169425224.210,0.000000000,1.000000000,0.000000000,0.000000000,0.000000000
148,2959.999,1787268343966.920,169425244.218,0.000000000,1.000000000,0.000000000,0.000000000,0.000000000
149,2980.005,1787268343986.926,169425264.223,0.000000000,1.000000000,0.000000000,0.000000000,0.000000000
150,2999.995,1787268344006.916,169425284.213,0.000000000,1.000000000,0.000000000,0.000000000,0.000000000
151,3019.997,1787268344026.918,169425304.215,0.000000000,1.000000000,0.000000000,0.000000000,0.000000000
152,3039.997,1787268344046.918,169425324.215,0.000000000,1.000000000,0.000000000,0.000000000,0.000000000
153,3060.000,1787268344066.921,169425344.218,0.000000000,1.000000000,0.000000000,0.000000000,0.000000000
154,3079.990,1787268344086.911,169425364.209,0.000000000,1.000000000,0.000000000,0.000000000,0.000000000
155,3100.100,1787268344107.021,169425384.318,0.000000000,1.000000000,0.000000000,0.000000000,0.000000000
156,3119.997,1787268344126.918,169425404.215,0.000000000,1.000000000,0.000000000,0.000000000,0.000000000
157,3139.997,1787268344146.918,169425424.215,0.000000000,1.000000000,0.000000000,0.000000000,0.000000000
158,3160.003,1787268344166.925,169425444.222,0.000000000,1.000000000,0.000000000,0.000000000,0.000000000
159,3179.989,1787268344186.910,169425464.208,0.000000000,1.000000000,0.000000000,0.000000000,0.000000000
160,3200.003,1787268344206.924,169425484.221,0.000000000,1.000000000,0.000000000,0.000000000,0.000000000
161,3220.005,1787268344226.926,169425504.224,0.000000000,1.000000000,0.000000000,0.000000000,0.000000000
162,3239.997,1787268344246.918,169425524.216,0.000000000,1.000000000,0.000000000,0.000000000,0.000000000
163,3260.004,1787268344266.925,169425544.223,0.000000000,1.000000000,0.000000000,0.000000000,0.000000000
164,3279.998,1787268344286.919,169425564.216,0.000000000,1.000000000,0.000000000,0.000000000,0.000000000
165,3300.003,1787268344306.924,169425584.222,0.000000000,1.000000000,0.000000000,0.000000000,0.000000000
166,3319.995,1787268344326.916,169425604.213,0.000000000,1.000000000,0.000000000,0.000000000,0.000000000
167,3340.006,1787268344346.927,169425624.224,0.000000000,1.000000000,0.000000000,0.000000000,0.000000000
168,3359.993,1787268344366.915,169425644.212,0.000000000,1.000000000,0.000000000,0.000000000,0.000000000
169,3379.990,1787268344386.911,169425664.208,0.000000000,1.000000000,0.000000000,0.000000000,0.000000000
170,3400.002,1787268344406.923,169425684.221,0.000000000,1.000000000,0.000000000,0.000000000,0.000000000
171,3420.001,1787268344426.922,169425704.220,0.000000000,1.000000000,0.000000000,0.000000000,0.000000000
172,3439.999,1787268344446.920,169425724.217,0.000000000,1.000000000,0.000000000,0.000000000,0.000000000
173,3460.009,1787268344466.930,169425744.227,0.000000000,1.000000000,0.000000000,0.000000000,0.000000000
174,3479.996,1787268344486.917,169425764.215,0.000000000,1.000000000,0.000000000,0.000000000,0.000000000
175,3499.999,1787268344506.920,169425784.217,0.000000000,1.000000000,0.000000000,0.000000000,0.000000000
176,3519.997,1787268344526.918,169425804.215,0.000000000,1.000000000,0.000000000,0.000000000,0.000000000
177,3540.005,1787268344546.926,169425824.223,0.000000000,1.000000000,0.000000000,0.000000000,0.000000000
178,3559.994,1787268344566.916,169425844.213,0.000000000,1.000000000,0.000000000,0.000000000,0.000000000
179,3579.992,1787268344586.913,169425864.210,0.000000000,1.000000000,0.000000000,0.000000000,0.000000000
180,3599.999,1787268344606.920,169425884.217,0.000000000,1.000000000,0.000000000,0.000000000,0.000000000
181,3619.998,1787268344626.919,169425904.216,0.000000000,1.000000000,0.000000000,0.000000000,0.000000000
182,3639.998,1787268344646.919,169425924.217,0.000000000,1.000000000,0.000000000,0.000000000,0.000000000
183,3659.990,1787268344666.911,169425944.208,0.000000000,1.000000000,0.000000000,0.000000000,0.000000000
184,3680.002,1787268344686.923,169425964.221,0.000000000,1.000000000,0.000000000,0.000000000,0.000000000
185,3700.003,1787268344706.925,169425984.222,0.000000000,1.000000000,0.000000000,0.000000000,0.000000000
186,3720.000,1787268344726.922,169426004.219,0.000000000,1.000000000,0.000000000,0.000000000,0.000000000
187,3740.003,1787268344746.924,169426024.221,0.000000000,1.000000000,0.000000000,0.000000000,0.000000000
188,3759.995,1787268344766.916,169426044.213,0.000000000,1.000000000,0.000000000,0.000000000,0.000000000
189,3780.003,1787268344786.925,169426064.222,0.000000000,1.000000000,0.000000000,0.000000000,0.000000000
190,3799.991,1787268344806.912,169426084.210,0.000000000,1.000000000,0.000000000,0.000000000,0.000000000
191,3819.997,1787268344826.918,169426104.215,0.000000000,1.000000000,0.000000000,0.000000000,0.000000000
192,3839.995,1787268344846.916,169426124.214,0.000000000,1.000000000,0.000000000,0.000000000,0.000000000
193,3860.004,1787268344866.925,169426144.222,0.000000000,1.000000000,0.000000000,0.000000000,0.000000000
194,3880.004,1787268344886.925,169426164.222,0.000000000,1.000000000,0.000000000,0.000000000,0.000000000
195,3900.002,1787268344906.923,169426184.220,0.000000000,1.000000000,0.000000000,0.000000000,0.000000000
196,3920.004,1787268344926.925,169426204.222,0.000000000,1.000000000,0.000000000,0.000000000,0.000000000
197,3940.002,1787268344946.923,169426224.221,0.000000000,1.000000000,0.000000000,0.000000000,0.000000000
198,3959.995,1787268344966.916,169426244.213,0.000000000,1.000000000,0.000000000,0.000000000,0.000000000
199,3980.000,1787268344986.921,169426264.218,0.000000000,1.000000000,0.000000000,0.000000000,0.000000000
200,3999.994,1787268345006.916,169426284.213,0.000000000,1.000000000,0.000000000,0.000000000,0.000000000
201,4020.003,1787268345026.924,169426304.222,0.000000000,1.000000000,0.000000000,0.000000000,0.000000000
202,4039.998,1787268345046.919,169426324.216,0.000000000,1.000000000,0.000000000,0.000000000,0.000000000
203,4060.002,1787268345066.923,169426344.221,0.000000000,1.000000000,0.000000000,0.000000000,0.000000000
204,4079.990,1787268345086.911,169426364.208,0.000000000,1.000000000,0.000000000,0.000000000,0.000000000
205,4100.005,1787268345106.926,169426384.223,0.000000000,1.000000000,0.000000000,0.000000000,0.000000000
206,4120.000,1787268345126.921,169426404.218,0.000000000,1.000000000,0.000000000,0.000000000,0.000000000
207,4139.994,1787268345146.915,169426424.212,0.000000000,1.000000000,0.000000000,0.000000000,0.000000000
208,4160.004,1787268345166.925,169426444.223,0.000000000,1.000000000,0.000000000,0.000000000,0.000000000
209,4180.001,1787268345186.922,169426464.219,0.000000000,1.000000000,0.000000000,0.000000000,0.000000000
210,4200.001,1787268345206.922,169426484.219,0.000000000,1.000000000,0.000000000,0.000000000,0.000000000
211,4219.993,1787268345226.914,169426504.211,0.000000000,1.000000000,0.000000000,0.000000000,0.000000000
212,4240.003,1787268345246.924,169426524.221,0.000000000,1.000000000,0.000000000,0.000000000,0.000000000
213,4260.006,1787268345266.927,169426544.224,0.000000000,1.000000000,0.000000000,0.000000000,0.000000000
214,4280.003,1787268345286.925,169426564.222,0.000000000,1.000000000,0.000000000,0.000000000,0.000000000
215,4300.001,1787268345306.922,169426584.219,0.000000000,1.000000000,0.000000000,0.000000000,0.000000000
216,4319.993,1787268345326.915,169426604.212,0.000000000,1.000000000,0.000000000,0.000000000,0.000000000
217,4339.991,1787268345346.912,169426624.209,0.000000000,1.000000000,0.000000000,0.000000000,0.000000000
218,4359.997,1787268345366.918,169426644.215,0.000000000,1.000000000,0.000000000,0.000000000,0.000000000
219,4380.004,1787268345386.925,169426664.222,0.000000000,1.000000000,0.000000000,0.000000000,0.000000000
220,4400.001,1787268345406.922,169426684.220,0.000000000,1.000000000,0.000000000,0.000000000,0.000000000
221,4419.991,1787268345426.912,169426704.209,0.000000000,1.000000000,0.000000000,0.000000000,0.000000000
222,4439.996,1787268345446.917,169426724.215,0.000000000,1.000000000,0.000000000,0.000000000,0.000000000
223,4459.995,1787268345466.917,169426744.214,0.000000000,1.000000000,0.000000000,0.000000000,0.000000000
224,4479.997,1787268345486.918,169426764.215,0.000000000,1.000000000,0.000000000,0.000000000,0.000000000
225,4499.988,1787268345506.909,169426784.207,0.000000000,1.000000000,0.000000000,0.000000000,0.000000000
226,4520.000,1787268345526.921,169426804.219,0.000000000,1.000000000,0.000000000,0.000000000,0.000000000
227,4540.002,1787268345546.923,169426824.220,0.000000000,1.000000000,0.000000000,0.000000000,0.000000000
228,4559.999,1787268345566.920,169426844.217,0.000000000,1.000000000,0.000000000,0.000000000,0.000000000
229,4579.998,1787268345586.919,169426864.216,0.000000000,1.000000000,0.000000000,0.000000000,0.000000000
230,4600.000,1787268345606.921,169426884.218,0.000000000,1.000000000,0.000000000,0.000000000,0.000000000
231,4619.993,1787268345626.914,169426904.212,0.000000000,1.000000000,0.000000000,0.000000000,0.000000000
232,4639.995,1787268345646.916,169426924.213,0.000000000,1.000000000,0.000000000,0.000000000,0.000000000
233,4660.004,1787268345666.925,169426944.222,0.000000000,1.000000000,0.000000000,0.000000000,0.000000000
234,4680.000,1787268345686.921,169426964.219,0.000000000,1.000000000,0.000000000,0.000000000,0.000000000
235,4699.991,1787268345706.912,169426984.209,0.000000000,1.000000000,0.000000000,0.000000000,0.000000000
236,4719.998,1787268345726.919,169427004.216,0.000000000,1.000000000,0.000000000,0.000000000,0.000000000
237,4740.124,1787268345747.046,169427024.343,0.000000000,1.000000000,0.000000000,0.000000000,0.000000000
238,4760.000,1787268345766.921,169427044.218,0.000000000,1.000000000,0.000000000,0.000000000,0.000000000
239,4779.996,1787268345786.917,169427064.214,0.000000000,1.000000000,0.000000000,0.000000000,0.000000000
240,4800.001,1787268345806.922,169427084.219,0.000000000,1.000000000,0.000000000,0.000000000,0.000000000
241,4819.998,1787268345826.919,169427104.216,0.000000000,1.000000000,0.000000000,0.000000000,0.000000000
242,4839.991,1787268345846.912,169427124.210,0.000000000,1.000000000,0.000000000,0.000000000,0.000000000
243,4860.008,1787268345866.929,169427144.226,0.000000000,1.000000000,0.000000000,0.000000000,0.000000000
244,4879.994,1787268345886.915,169427164.213,0.000000000,1.000000000,0.000000000,0.000000000,0.000000000
245,4899.998,1787268345906.919,169427184.216,0.000000000,1.000000000,0.000000000,0.000000000,0.000000000
246,4919.990,1787268345926.911,169427204.209,0.000000000,1.000000000,0.000000000,0.000000000,0.000000000
247,4940.002,1787268345946.923,169427224.220,0.000000000,1.000000000,0.000000000,0.000000000,0.000000000
248,4960.003,1787268345966.924,169427244.221,0.000000000,1.000000000,0.000000000,0.000000000,0.000000000
249,4980.003,1787268345986.924,169427264.221,0.000000000,1.000000000,0.000000000,0.000000000,0.000000000
250,4999.999,1787268346006.920,169427284.218,0.000000000,1.000000000,0.000000000,0.000000000,0.000000000
251,5020.057,1787268346026.978,169427304.276,0.000000000,1.000000000,0.000000000,0.000000000,0.000000000
252,5040.001,1787268346046.922,169427324.219,0.000000000,1.000000000,0.000000000,0.000000000,0.000000000
253,5059.992,1787268346066.913,169427344.210,0.000000000,1.000000000,0.000000000,0.000000000,0.000000000
254,5079.992,1787268346086.914,169427364.211,0.000000000,1.000000000,0.000000000,0.000000000,0.000000000
255,5099.995,1787268346106.916,169427384.213,0.000000000,1.000000000,0.000000000,0.000000000,0.000000000
256,5119.993,1787268346126.914,169427404.211,0.000000000,1.000000000,0.000000000,0.000000000,0.000000000
257,5140.001,1787268346146.922,169427424.220,0.000000000,1.000000000,0.000000000,0.000000000,0.000000000
258,5159.998,1787268346166.918,169427444.216,0.000000000,1.000000000,0.000000000,0.000000000,0.000000000
259,5179.998,1787268346186.918,169427464.216,0.000000000,1.000000000,0.000000000,0.000000000,0.000000000
260,5200.000,1787268346206.921,169427484.218,0.000000000,1.000000000,0.000000000,0.000000000,0.000000000
261,5220.005,1787268346226.926,169427504.223,0.000000000,1.000000000,0.000000000,0.000000000,0.000000000
262,5240.001,1787268346246.922,169427524.219,0.000000000,1.000000000,0.000000000,0.000000000,0.000000000
263,5260.002,1787268346266.923,169427544.221,0.000000000,1.000000000,0.000000000,0.000000000,0.000000000
264,5280.013,1787268346286.934,169427564.231,0.000000000,1.000000000,0.000000000,0.000000000,0.000000000
265,5299.991,1787268346306.912,169427584.210,0.000000000,1.000000000,0.000000000,0.000000000,0.000000000
266,5319.995,1787268346326.916,169427604.213,0.000000000,1.000000000,0.000000000,0.000000000,0.000000000
267,5339.995,1787268346346.916,169427624.213,0.000000000,1.000000000,0.000000000,0.000000000,0.000000000
268,5360.002,1787268346366.923,169427644.220,0.000000000,1.000000000,0.000000000,0.000000000,0.000000000
269,5380.000,1787268346386.921,169427664.218,0.000000000,1.000000000,0.000000000,0.000000000,0.000000000
270,5400.004,1787268346406.926,169427684.223,0.000000000,1.000000000,0.000000000,0.000000000,0.000000000
271,5420.004,1787268346426.926,169427704.223,0.000000000,1.000000000,0.000000000,0.000000000,0.000000000
272,5440.002,1787268346446.923,169427724.220,0.000000000,1.000000000,0.000000000,0.000000000,0.000000000
273,5460.020,1787268346466.941,169427744.238,0.000000000,1.000000000,0.000000000,0.000000000,0.000000000
274,5480.004,1787268346486.925,169427764.222,0.000000000,1.000000000,0.000000000,0.000000000,0.000000000
275,5499.994,1787268346506.915,169427784.213,0.000000000,1.000000000,0.000000000,0.000000000,0.000000000
276,5519.992,1787268346526.913,169427804.210,0.000000000,1.000000000,0.000000000,0.000000000,0.000000000
277,5540.069,1787268346546.990,169427824.288,0.000000000,1.000000000,0.000000000,0.000000000,0.000000000
278,5560.002,1787268346566.923,169427844.221,0.000000000,1.000000000,0.000000000,0.000000000,0.000000000
279,5579.991,1787268346586.912,169427864.210,0.000000000,1.000000000,0.000000000,0.000000000,0.000000000
280,5599.994,1787268346606.915,169427884.213,0.000000000,1.000000000,0.000000000,0.000000000,0.000000000
281,5620.010,1787268346626.931,169427904.229,0.000000000,1.000000000,0.000000000,0.000000000,0.000000000
282,5640.005,1787268346646.927,169427924.224,0.000000000,1.000000000,0.000000000,0.000000000,0.000000000
283,5659.997,1787268346666.917,169427944.215,0.000000000,1.000000000,0.000000000,0.000000000,0.000000000
284,5679.992,1787268346686.913,169427964.211,0.000000000,1.000000000,0.000000000,0.000000000,0.000000000
285,5699.995,1787268346706.916,169427984.214,0.000000000,1.000000000,0.000000000,0.000000000,0.000000000
286,5719.996,1787268346726.917,169428004.214,0.000000000,1.000000000,0.000000000,0.000000000,0.000000000
287,5739.999,1787268346746.920,169428024.218,0.000000000,1.000000000,0.000000000,0.000000000,0.000000000
288,5760.017,1787268346766.938,169428044.235,0.000000000,1.000000000,0.000000000,0.000000000,0.000000000
289,5780.006,1787268346786.927,169428064.224,0.000000000,1.000000000,0.000000000,0.000000000,0.000000000
290,5800.003,1787268346806.924,169428084.221,0.000000000,1.000000000,0.000000000,0.000000000,0.000000000
291,5819.994,1787268346826.915,169428104.213,0.000000000,1.000000000,0.000000000,0.000000000,0.000000000
292,5840.005,1787268346846.926,169428124.223,0.000000000,1.000000000,0.000000000,0.000000000,0.000000000
293,5859.991,1787268346866.912,169428144.210,0.000000000,1.000000000,0.000000000,0.000000000,0.000000000
294,5879.999,1787268346886.920,169428164.217,0.000000000,1.000000000,0.000000000,0.000000000,0.000000000
295,5899.996,1787268346906.917,169428184.215,0.000000000,1.000000000,0.000000000,0.000000000,0.000000000
296,5919.997,1787268346926.918,169428204.215,0.000000000,1.000000000,0.000000000,0.000000000,0.000000000
297,5939.994,1787268346946.915,169428224.212,0.000000000,1.000000000,0.000000000,0.000000000,0.000000000
298,5959.997,1787268346966.918,169428244.215,0.000000000,1.000000000,0.000000000,0.000000000,0.000000000
299,5980.001,1787268346986.922,169428264.220,0.000000000,1.000000000,0.000000000,0.000000000,0.000000000
300,5999.989,1787268347006.910,169428284.208,0.000000000,1.000000000,0.000000000,0.000000000,0.000000000
301,6019.989,1787268347026.910,169428304.207,0.000000000,1.000000000,0.000000000,0.000000000,0.000000000
302,6039.991,1787268347046.912,169428324.209,0.000000000,1.000000000,0.000000000,0.000000000,0.000000000
303,6059.991,1787268347066.912,169428344.209,0.000000000,1.000000000,0.000000000,0.000000000,0.000000000
304,6079.995,1787268347086.916,169428364.213,0.000000000,1.000000000,0.000000000,0.000000000,0.000000000
305,6100.013,1787268347106.934,169428384.231,0.000000000,1.000000000,0.000000000,0.000000000,0.000000000
306,6120.003,1787268347126.924,169428404.221,0.000000000,1.000000000,0.000000000,0.000000000,0.000000000
307,6140.014,1787268347146.935,169428424.232,0.000000000,1.000000000,0.000000000,0.000000000,0.000000000
308,6159.992,1787268347166.913,169428444.211,0.000000000,1.000000000,0.000000000,0.000000000,0.000000000
309,6180.002,1787268347186.923,169428464.220,0.000000000,1.000000000,0.000000000,0.000000000,0.000000000
310,6199.991,1787268347206.912,169428484.210,0.000000000,1.000000000,0.000000000,0.000000000,0.000000000
311,6220.004,1787268347226.925,169428504.222,0.000000000,1.000000000,0.000000000,0.000000000,0.000000000
312,6239.992,1787268347246.914,169428524.211,0.000000000,1.000000000,0.000000000,0.000000000,0.000000000
313,6260.003,1787268347266.924,169428544.221,0.000000000,1.000000000,0.000000000,0.000000000,0.000000000
314,6279.999,1787268347286.920,169428564.217,0.000000000,1.000000000,0.000000000,0.000000000,0.000000000
315,6299.991,1787268347306.912,169428584.209,0.000000000,1.000000000,0.000000000,0.000000000,0.000000000
316,6319.997,1787268347326.918,169428604.215,0.000000000,1.000000000,0.000000000,0.000000000,0.000000000
317,6339.991,1787268347346.912,169428624.210,0.000000000,1.000000000,0.000000000,0.000000000,0.000000000
318,6359.989,1787268347366.910,169428644.208,0.000000000,1.000000000,0.000000000,0.000000000,0.000000000
319,6380.029,1787268347386.950,169428664.247,0.000000000,1.000000000,0.000000000,0.000000000,0.000000000
320,6399.988,1787268347406.909,169428684.207,0.000000000,1.000000000,0.000000000,0.000000000,0.000000000
321,6419.989,1787268347426.910,169428704.207,0.000000000,1.000000000,0.000000000,0.000000000,0.000000000
322,6439.989,1787268347446.910,169428724.208,0.000000000,1.000000000,0.000000000,0.000000000,0.000000000
323,6459.990,1787268347466.911,169428744.208,0.000000000,1.000000000,0.000000000,0.000000000,0.000000000
324,6480.000,1787268347486.921,169428764.219,0.000000000,1.000000000,0.000000000,0.000000000,0.000000000
325,6499.999,1787268347506.920,169428784.218,0.000000000,1.000000000,0.000000000,0.000000000,0.000000000
326,6520.001,1787268347526.922,169428804.219,0.000000000,1.000000000,0.000000000,0.000000000,0.000000000
327,6539.991,1787268347546.912,169428824.209,0.000000000,1.000000000,0.000000000,0.000000000,0.000000000
328,6560.030,1787268347566.951,169428844.248,0.000000000,1.000000000,0.000000000,0.000000000,0.000000000
329,6580.003,1787268347586.924,169428864.222,0.000000000,1.000000000,0.000000000,0.000000000,0.000000000
330,6599.997,1787268347606.918,169428884.215,0.000000000,1.000000000,0.000000000,0.000000000,0.000000000
331,6619.995,1787268347626.917,169428904.214,0.000000000,1.000000000,0.000000000,0.000000000,0.000000000
332,6639.999,1787268347646.920,169428924.217,0.000000000,1.000000000,0.000000000,0.000000000,0.000000000
333,6660.000,1787268347666.921,169428944.219,0.000000000,1.000000000,0.000000000,0.000000000,0.000000000
334,6679.989,1787268347686.910,169428964.208,0.000000000,1.000000000,0.000000000,0.000000000,0.000000000
335,6700.004,1787268347706.925,169428984.222,0.000000000,1.000000000,0.000000000,0.000000000,0.000000000
336,6719.993,1787268347726.914,169429004.211,0.000000000,1.000000000,0.000000000,0.000000000,0.000000000
337,6739.995,1787268347746.916,169429024.213,0.000000000,1.000000000,0.000000000,0.000000000,0.000000000
338,6760.002,1787268347766.923,169429044.220,0.000000000,1.000000000,0.000000000,0.000000000,0.000000000
339,6779.997,1787268347786.918,169429064.216,0.000000000,1.000000000,0.000000000,0.000000000,0.000000000
340,6800.002,1787268347806.923,169429084.220,0.000000000,1.000000000,0.000000000,0.000000000,0.000000000
341,6819.990,1787268347826.911,169429104.208,0.000000000,1.000000000,0.000000000,0.000000000,0.000000000
342,6839.992,1787268347846.913,169429124.210,0.000000000,1.000000000,0.000000000,0.000000000,0.000000000
343,6859.998,1787268347866.919,169429144.217,0.000000000,1.000000000,0.000000000,0.000000000,0.000000000
344,6879.991,1787268347886.912,169429164.210,0.000000000,1.000000000,0.000000000,0.000000000,0.000000000
345,6900.002,1787268347906.923,169429184.220,0.000000000,1.000000000,0.000000000,0.000000000,0.000000000
346,6920.001,1787268347926.922,169429204.219,0.000000000,1.000000000,0.000000000,0.000000000,0.000000000
347,6940.002,1787268347946.923,169429224.220,0.000000000,1.000000000,0.000000000,0.000000000,0.000000000
348,6959.993,1787268347966.914,169429244.211,0.000000000,1.000000000,0.000000000,0.000000000,0.000000000
349,6979.995,1787268347986.916,169429264.214,0.000000000,1.000000000,0.000000000,0.000000000,0.000000000
350,7000.001,1787268348006.922,169429284.220,0.000000000,1.000000000,0.000000000,0.000000000,0.000000000
351,7020.001,1787268348026.922,169429304.219,0.000000000,1.000000000,0.000000000,0.000000000,0.000000000
352,7039.989,1787268348046.910,169429324.207,0.000000000,1.000000000,0.000000000,0.000000000,0.000000000
353,7060.001,1787268348066.923,169429344.220,0.000000000,1.000000000,0.000000000,0.000000000,0.000000000
354,7079.990,1787268348086.911,169429364.208,0.000000000,1.000000000,0.000000000,0.000000000,0.000000000
355,7100.001,1787268348106.922,169429384.219,0.000000000,1.000000000,0.000000000,0.000000000,0.000000000
356,7119.991,1787268348126.912,169429404.209,0.000000000,1.000000000,0.000000000,0.000000000,0.000000000
357,7140.001,1787268348146.922,169429424.219,0.000000000,1.000000000,0.000000000,0.000000000,0.000000000
358,7159.995,1787268348166.916,169429444.213,0.000000000,1.000000000,0.000000000,0.000000000,0.000000000
359,7179.990,1787268348186.911,169429464.208,0.000000000,1.000000000,0.000000000,0.000000000,0.000000000
360,7200.000,1787268348206.921,169429484.218,0.000000000,1.000000000,0.000000000,0.000000000,0.000000000
361,7219.992,1787268348226.913,169429504.211,0.000000000,1.000000000,0.000000000,0.000000000,0.000000000
362,7239.997,1787268348246.918,169429524.216,0.000000000,1.000000000,0.000000000,0.000000000,0.000000000
363,7259.993,1787268348266.914,169429544.211,0.000000000,1.000000000,0.000000000,0.000000000,0.000000000
364,7279.989,1787268348286.910,169429564.208,0.000000000,1.000000000,0.000000000,0.000000000,0.000000000
365,7300.008,1787268348306.929,169429584.227,0.000000000,1.000000000,0.000000000,0.000000000,0.000000000
366,7319.990,1787268348326.911,169429604.209,0.000000000,1.000000000,0.000000000,0.000000000,0.000000000
367,7339.989,1787268348346.910,169429624.208,0.000000000,1.000000000,0.000000000,0.000000000,0.000000000
368,7359.998,1787268348366.919,169429644.217,0.000000000,1.000000000,0.000000000,0.000000000,0.000000000
369,7380.000,1787268348386.921,169429664.219,0.000000000,1.000000000,0.000000000,0.000000000,0.000000000
370,7400.005,1787268348406.926,169429684.224,0.000000000,1.000000000,0.000000000,0.000000000,0.000000000
371,7419.998,1787268348426.918,169429704.216,0.000000000,1.000000000,0.000000000,0.000000000,0.000000000
372,7440.006,1787268348446.927,169429724.224,0.000000000,1.000000000,0.000000000,0.000000000,0.000000000
373,7459.991,1787268348466.912,169429744.210,0.000000000,1.000000000,0.000000000,0.000000000,0.000000000
374,7479.999,1787268348486.920,169429764.218,0.000000000,1.000000000,0.000000000,0.000000000,0.000000000
375,7500.004,1787268348506.925,169429784.222,0.000000000,1.000000000,0.000000000,0.000000000,0.000000000
376,7519.991,1787268348526.912,169429804.209,0.000000000,1.000000000,0.000000000,0.000000000,0.000000000
377,7539.997,1787268348546.918,169429824.215,0.000000000,1.000000000,0.000000000,0.000000000,0.000000000
378,7560.000,1787268348566.921,169429844.218,0.000000000,1.000000000,0.000000000,0.000000000,0.000000000
379,7580.002,1787268348586.923,169429864.220,0.000000000,1.000000000,0.000000000,0.000000000,0.000000000
380,7600.003,1787268348606.924,169429884.221,0.000000000,1.000000000,0.000000000,0.000000000,0.000000000
381,7619.993,1787268348626.914,169429904.212,0.000000000,1.000000000,0.000000000,0.000000000,0.000000000
382,7639.993,1787268348646.915,169429924.212,0.000000000,1.000000000,0.000000000,0.000000000,0.000000000
383,7659.992,1787268348666.913,169429944.210,0.000000000,1.000000000,0.000000000,0.000000000,0.000000000
384,7680.019,1787268348686.941,169429964.238,0.000000000,1.000000000,0.000000000,0.000000000,0.000000000
385,7699.990,1787268348706.911,169429984.209,0.000000000,1.000000000,0.000000000,0.000000000,0.000000000
386,7720.002,1787268348726.923,169430004.220,0.000000000,1.000000000,0.000000000,0.000000000,0.000000000
387,7739.989,1787268348746.910,169430024.207,0.000000000,1.000000000,0.000000000,0.000000000,0.000000000
388,7759.991,1787268348766.912,169430044.209,0.000000000,1.000000000,0.000000000,0.000000000,0.000000000
389,7779.988,1787268348786.910,169430064.207,0.000000000,1.000000000,0.000000000,0.000000000,0.000000000
390,7799.990,1787268348806.911,169430084.208,0.000000000,1.000000000,0.000000000,0.000000000,0.000000000
391,7819.994,1787268348826.915,169430104.212,0.000000000,1.000000000,0.000000000,0.000000000,0.000000000
392,7840.001,1787268348846.922,169430124.219,0.000000000,1.000000000,0.000000000,0.000000000,0.000000000
393,7860.000,1787268348866.921,169430144.218,0.000000000,1.000000000,0.000000000,0.000000000,0.000000000
394,7879.995,1787268348886.916,169430164.214,0.000000000,1.000000000,0.000000000,0.000000000,0.000000000
395,7899.993,1787268348906.914,169430184.211,0.000000000,1.000000000,0.000000000,0.000000000,0.000000000
396,7920.003,1787268348926.924,169430204.222,0.000000000,1.000000000,0.000000000,0.000000000,0.000000000
397,7939.993,1787268348946.914,169430224.211,0.000000000,1.000000000,0.000000000,0.000000000,0.000000000
398,7959.992,1787268348966.913,169430244.210,0.000000000,1.000000000,0.000000000,0.000000000,0.000000000
399,7979.989,1787268348986.910,169430264.207,0.000000000,1.000000000,0.000000000,0.000000000,0.000000000
400,7999.998,1787268349006.918,169430284.216,0.000000000,1.000000000,0.000000000,0.000000000,0.000000000
401,8019.989,1787268349026.910,169430304.207,0.000000000,1.000000000,0.000000000,0.000000000,0.000000000
402,8040.002,1787268349046.923,169430324.221,0.000000000,1.000000000,0.000000000,0.000000000,0.000000000
403,8059.992,1787268349066.914,169430344.211,0.000000000,1.000000000,0.000000000,0.000000000,0.000000000
404,8080.001,1787268349086.922,169430364.219,0.000000000,1.000000000,0.000000000,0.000000000,0.000000000
405,8099.991,1787268349106.912,169430384.210,0.000000000,1.000000000,0.000000000,0.000000000,0.000000000
406,8120.072,1787268349126.993,169430404.290,0.000000000,1.000000000,0.000000000,0.000000000,0.000000000
407,8139.997,1787268349146.918,169430424.215,0.000000000,1.000000000,0.000000000,0.000000000,0.000000000
408,8159.996,1787268349166.917,169430444.214,0.000000000,1.000000000,0.000000000,0.000000000,0.000000000
409,8179.994,1787268349186.915,169430464.212,0.000000000,1.000000000,0.000000000,0.000000000,0.000000000
410,8200.004,1787268349206.925,169430484.223,0.000000000,1.000000000,0.000000000,0.000000000,0.000000000
411,8220.008,1787268349226.928,169430504.226,0.000000000,1.000000000,0.000000000,0.000000000,0.000000000
412,8239.993,1787268349246.914,169430524.211,0.000000000,1.000000000,0.000000000,0.000000000,0.000000000
413,8260.002,1787268349266.923,169430544.220,0.000000000,1.000000000,0.000000000,0.000000000,0.000000000
414,8279.992,1787268349286.913,169430564.211,0.000000000,1.000000000,0.000000000,0.000000000,0.000000000
415,8300.000,1787268349306.921,169430584.219,0.000000000,1.000000000,0.000000000,0.000000000,0.000000000
416,8319.991,1787268349326.912,169430604.210,0.000000000,1.000000000,0.000000000,0.000000000,0.000000000
417,8340.004,1787268349346.925,169430624.222,0.000000000,1.000000000,0.000000000,0.000000000,0.000000000
418,8360.003,1787268349366.924,169430644.222,0.000000000,1.000000000,0.000000000,0.000000000,0.000000000
419,8379.989,1787268349386.910,169430664.208,0.000000000,1.000000000,0.000000000,0.000000000,0.000000000
420,8400.099,1787268349407.020,169430684.318,0.000000000,1.000000000,0.000000000,0.000000000,0.000000000
421,8419.994,1787268349426.915,169430704.212,0.000000000,1.000000000,0.000000000,0.000000000,0.000000000
422,8439.997,1787268349446.918,169430724.215,0.000000000,1.000000000,0.000000000,0.000000000,0.000000000
423,8460.000,1787268349466.921,169430744.218,0.000000000,1.000000000,0.000000000,0.000000000,0.000000000
424,8479.998,1787268349486.919,169430764.217,0.000000000,1.000000000,0.000000000,0.000000000,0.000000000
425,8500.004,1787268349506.925,169430784.222,0.000000000,1.000000000,0.000000000,0.000000000,0.000000000
426,8519.997,1787268349526.918,169430804.216,0.000000000,1.000000000,0.000000000,0.000000000,0.000000000
427,8540.008,1787268349546.929,169430824.227,0.000000000,1.000000000,0.000000000,0.000000000,0.000000000
428,8559.993,1787268349566.914,169430844.212,0.000000000,1.000000000,0.000000000,0.000000000,0.000000000
429,8579.998,1787268349586.919,169430864.217,0.000000000,1.000000000,0.000000000,0.000000000,0.000000000
430,8599.989,1787268349606.910,169430884.207,0.000000000,1.000000000,0.000000000,0.000000000,0.000000000
431,8619.994,1787268349626.915,169430904.212,0.000000000,1.000000000,0.000000000,0.000000000,0.000000000
432,8639.999,1787268349646.920,169430924.217,0.000000000,1.000000000,0.000000000,0.000000000,0.000000000
433,8659.994,1787268349666.915,169430944.212,0.000000000,1.000000000,0.000000000,0.000000000,0.000000000
434,8680.000,1787268349686.921,169430964.218,0.000000000,1.000000000,0.000000000,0.000000000,0.000000000
435,8699.992,1787268349706.913,169430984.210,0.000000000,1.000000000,0.000000000,0.000000000,0.000000000
436,8720.015,1787268349726.936,169431004.233,0.000000000,1.000000000,0.000000000,0.000000000,0.000000000
437,8739.994,1787268349746.915,169431024.213,0.000000000,1.000000000,0.000000000,0.000000000,0.000000000
438,8759.996,1787268349766.917,169431044.214,0.000000000,1.000000000,0.000000000,0.000000000,0.000000000
439,8779.995,1787268349786.916,169431064.214,0.000000000,1.000000000,0.000000000,0.000000000,0.000000000
440,8799.993,1787268349806.914,169431084.211,0.000000000,1.000000000,0.000000000,0.000000000,0.000000000
441,8819.992,1787268349826.914,169431104.211,0.000000000,1.000000000,0.000000000,0.000000000,0.000000000
442,8839.989,1787268349846.911,169431124.208,0.000000000,1.000000000,0.000000000,0.000000000,0.000000000
443,8860.023,1787268349866.944,169431144.241,0.000000000,1.000000000,0.000000000,0.000000000,0.000000000
444,8879.994,1787268349886.915,169431164.212,0.000000000,1.000000000,0.000000000,0.000000000,0.000000000
445,8899.993,1787268349906.914,169431184.211,0.000000000,1.000000000,0.000000000,0.000000000,0.000000000
446,8919.989,1787268349926.910,169431204.207,0.000000000,1.000000000,0.000000000,0.000000000,0.000000000
447,8939.999,1787268349946.920,169431224.218,0.000000000,1.000000000,0.000000000,0.000000000,0.000000000
448,8960.001,1787268349966.922,169431244.219,0.000000000,1.000000000,0.000000000,0.000000000,0.000000000
449,8980.002,1787268349986.923,169431264.220,0.000000000,1.000000000,0.000000000,0.000000000,0.000000000
450,9000.001,1787268350006.922,169431284.220,0.000000000,1.000000000,0.000000000,0.000000000,0.000000000
451,9020.000,1787268350026.921,169431304.218,0.000000000,1.000000000,0.000000000,0.000000000,0.000000000
452,9039.997,1787268350046.917,169431324.215,0.000000000,1.000000000,0.000000000,0.000000000,0.000000000
453,9060.000,1787268350066.921,169431344.219,0.000000000,1.000000000,0.000000000,0.000000000,0.000000000
454,9080.003,1787268350086.925,169431364.222,0.000000000,1.000000000,0.000000000,0.000000000,0.000000000
455,9100.000,1787268350106.922,169431384.219,0.000000000,1.000000000,0.000000000,0.000000000,0.000000000
456,9119.993,1787268350126.914,169431404.211,0.000000000,1.000000000,0.000000000,0.000000000,0.000000000
457,9139.996,1787268350146.917,169431424.214,0.000000000,1.000000000,0.000000000,0.000000000,0.000000000
458,9160.002,1787268350166.923,169431444.220,0.000000000,1.000000000,0.000000000,0.000000000,0.000000000
459,9180.004,1787268350186.925,169431464.223,0.000000000,1.000000000,0.000000000,0.000000000,0.000000000
460,9199.992,1787268350206.914,169431484.211,0.000000000,1.000000000,0.000000000,0.000000000,0.000000000
461,9219.996,1787268350226.917,169431504.214,0.000000000,1.000000000,0.000000000,0.000000000,0.000000000
462,9239.995,1787268350246.916,169431524.213,0.000000000,1.000000000,0.000000000,0.000000000,0.000000000
463,9259.998,1787268350266.919,169431544.216,0.000000000,1.000000000,0.000000000,0.000000000,0.000000000
464,9280.001,1787268350286.922,169431564.219,0.000000000,1.000000000,0.000000000,0.000000000,0.000000000
465,9300.000,1787268350306.921,169431584.218,0.000000000,1.000000000,0.000000000,0.000000000,0.000000000
466,9319.997,1787268350326.918,169431604.216,0.000000000,1.000000000,0.000000000,0.000000000,0.000000000
467,9340.002,1787268350346.923,169431624.221,0.000000000,1.000000000,0.000000000,0.000000000,0.000000000
468,9360.002,1787268350366.923,169431644.220,0.000000000,1.000000000,0.000000000,0.000000000,0.000000000
469,9380.001,1787268350386.922,169431664.219,0.000000000,1.000000000,0.000000000,0.000000000,0.000000000
470,9400.001,1787268350406.922,169431684.219,0.000000000,1.000000000,0.000000000,0.000000000,0.000000000
471,9419.995,1787268350426.916,169431704.214,0.000000000,1.000000000,0.000000000,0.000000000,0.000000000
472,9439.995,1787268350446.916,169431724.213,0.000000000,1.000000000,0.000000000,0.000000000,0.000000000
473,9460.010,1787268350466.931,169431744.228,0.000000000,1.000000000,0.000000000,0.000000000,0.000000000
474,9479.995,1787268350486.916,169431764.213,0.000000000,1.000000000,0.000000000,0.000000000,0.000000000
475,9499.990,1787268350506.911,169431784.208,0.000000000,1.000000000,0.000000000,0.000000000,0.000000000
476,9519.991,1787268350526.912,169431804.210,0.000000000,1.000000000,0.000000000,0.000000000,0.000000000
477,9539.993,1787268350546.914,169431824.212,0.000000000,1.000000000,0.000000000,0.000000000,0.000000000
478,9559.994,1787268350566.915,169431844.212,0.000000000,1.000000000,0.000000000,0.000000000,0.000000000
479,9579.999,1787268350586.920,169431864.217,0.000000000,1.000000000,0.000000000,0.000000000,0.000000000
480,9600.001,1787268350606.922,169431884.219,0.000000000,1.000000000,0.000000000,0.000000000,0.000000000
481,9620.002,1787268350626.923,169431904.220,0.000000000,1.000000000,0.000000000,0.000000000,0.000000000
482,9639.997,1787268350646.918,169431924.215,0.000000000,1.000000000,0.000000000,0.000000000,0.000000000
483,9660.001,1787268350666.922,169431944.220,0.000000000,1.000000000,0.000000000,0.000000000,0.000000000
484,9680.000,1787268350686.921,169431964.218,0.000000000,1.000000000,0.000000000,0.000000000,0.000000000
485,9699.998,1787268350706.919,169431984.216,0.000000000,1.000000000,0.000000000,0.000000000,0.000000000
486,9719.991,1787268350726.912,169432004.210,0.000000000,1.000000000,0.000000000,0.000000000,0.000000000
487,9739.988,1787268350746.909,169432024.206,0.000000000,1.000000000,0.000000000,0.000000000,0.000000000
488,9760.017,1787268350766.938,169432044.236,0.000000000,1.000000000,0.000000000,0.000000000,0.000000000
489,9779.999,1787268350786.920,169432064.218,0.000000000,1.000000000,0.000000000,0.000000000,0.000000000
490,9800.001,1787268350806.922,169432084.220,0.000000000,1.000000000,0.000000000,0.000000000,0.000000000
491,9819.997,1787268350826.918,169432104.215,0.000000000,1.000000000,0.000000000,0.000000000,0.000000000
492,9840.003,1787268350846.924,169432124.221,0.000000000,1.000000000,0.000000000,0.000000000,0.000000000
493,9859.999,1787268350866.920,169432144.217,0.000000000,1.000000000,0.000000000,0.000000000,0.000000000
494,9880.005,1787268350886.926,169432164.223,0.000000000,1.000000000,0.000000000,0.000000000,0.000000000
495,9900.000,1787268350906.922,169432184.219,0.000000000,1.000000000,0.000000000,0.000000000,0.000000000
496,9919.990,1787268350926.911,169432204.208,0.000000000,1.000000000,0.000000000,0.000000000,0.000000000
497,9939.997,1787268350946.917,169432224.215,0.000000000,1.000000000,0.000000000,0.000000000,0.000000000
498,9960.003,1787268350966.924,169432244.221,0.000000000,1.000000000,0.000000000,0.000000000,0.000000000
499,9979.989,1787268350986.910,169432264.207,0.000000000,1.000000000,0.000000000,0.000000000,0.000000000
500,10000.007,1787268351006.928,169432284.225,0.000000000,1.000000000,0.000000000,0.000000000,0.000000000
501,10019.998,1787268351026.919,169432304.216,0.000000000,1.000000000,0.000000000,0.000000000,0.000000000
502,10039.997,1787268351046.918,169432324.216,0.000000000,1.000000000,0.000000000,0.000000000,0.000000000
503,10060.005,1787268351066.926,169432344.223,0.000000000,1.000000000,0.000000000,0.000000000,0.000000000
504,10080.020,1787268351086.941,169432364.238,0.000000000,1.000000000,0.000000000,0.000000000,0.000000000
505,10099.988,1787268351106.909,169432384.206,0.000000000,1.000000000,0.000000000,0.000000000,0.000000000
506,10119.999,1787268351126.920,169432404.217,0.000000000,1.000000000,0.000000000,0.000000000,0.000000000
507,10139.998,1787268351146.919,169432424.217,0.000000000,1.000000000,0.000000000,0.000000000,0.000000000
508,10159.994,1787268351166.915,169432444.213,0.000000000,1.000000000,0.000000000,0.000000000,0.000000000
509,10180.000,1787268351186.921,169432464.219,0.000000000,1.000000000,0.000000000,0.000000000,0.000000000
510,10200.000,1787268351206.921,169432484.218,0.000000000,1.000000000,0.000000000,0.000000000,0.000000000
511,10219.997,1787268351226.918,169432504.215,0.000000000,1.000000000,0.000000000,0.000000000,0.000000000
512,10239.998,1787268351246.919,169432524.216,0.000000000,1.000000000,-0.000000000,0.000000000,-0.000000000
513,10260.000,1787268351266.921,169432544.218,0.000000000,1.000000000,-0.000000000,0.000000000,-0.000000000
514,10279.998,1787268351286.919,169432564.216,0.000000000,1.000000000,-0.000000000,0.000000000,-0.000000000
515,10300.049,1787268351306.970,169432584.268,0.000000000,0.999999821,0.000002947,-0.000652914,-0.000005385
516,10320.005,1787268351326.926,169432604.223,0.000000000,0.999969304,0.000007031,-0.007836775,0.000006976
517,10340.007,1787268351346.928,169432624.226,0.000000000,0.999955058,-0.000000580,-0.009482655,0.000031434
518,10360.007,1787268351366.928,169432644.225,0.000000000,0.999925315,-0.000001802,-0.012224376,0.000082482
519,10379.999,1787268351386.920,169432664.217,0.000000000,0.999914765,-0.000007795,-0.013056074,0.000100941
520,10400.004,1787268351406.925,169432684.222,0.000000000,0.999907196,-0.000001799,-0.013631376,0.000117696
521,10419.991,1787268351426.912,169432704.210,0.000000000,0.999903381,-0.000002556,-0.013901500,0.000125687
522,10440.003,1787268351446.924,169432724.222,0.000000000,0.999903619,0.000005953,-0.013885163,0.000127100
523,10459.997,1787268351466.918,169432744.216,0.000000000,0.999908566,0.000017276,-0.013528348,0.000135873
524,10479.997,1787268351486.918,169432764.216,0.000000000,0.999910891,0.000017858,-0.013357067,0.000148565
525,10500.004,1787268351506.926,169432784.223,0.000000000,0.999920487,0.000026722,-0.012616321,0.000200095
526,10519.998,1787268351526.919,169432804.216,0.000000000,0.999927282,0.000043376,-0.012062402,0.000224265
527,10540.006,1787268351546.927,169432824.225,0.000000000,0.999934554,0.000059207,-0.011437591,0.000234901
528,10559.996,1787268351566.917,169432844.214,0.000000000,0.999946177,0.000072288,-0.010381727,0.000278828
529,10579.998,1787268351586.918,169432864.216,0.000000000,0.999951661,0.000075003,-0.009829324,0.000303497
530,10599.996,1787268351606.917,169432884.215,0.000000000,0.999965966,0.000077779,-0.008248046,0.000348780
531,10620.022,1787268351626.943,169432904.240,0.000000000,0.999970615,0.000080687,-0.007663166,0.000359861
532,10639.993,1787268351646.914,169432924.212,0.000000000,0.999980509,0.000087278,-0.006243578,0.000358366
533,10660.003,1787268351666.924,169432944.221,0.000000000,0.999986649,0.000099611,-0.005155508,0.000369994
534,10679.998,1787268351686.919,169432964.217,0.000000000,0.999992013,0.000102047,-0.003993371,0.000410218
535,10699.992,1787268351706.914,169432984.211,0.000000000,0.999997735,0.000105510,-0.002120988,0.000467335
536,10720.003,1787268351726.925,169433004.222,0.000000000,0.999999106,0.000109218,-0.001342221,0.000489880
537,10739.992,1787268351746.913,169433024.210,0.000000000,0.999999344,0.000124309,0.001026056,0.000558423
538,10759.998,1787268351766.919,169433044.216,0.000000000,0.999998033,0.000126742,0.001919996,0.000586170
539,10780.001,1787268351786.922,169433064.219,0.000000000,0.999990106,0.000114545,0.004415548,0.000666978
540,10800.013,1787268351806.934,169433084.232,0.000000000,0.999982357,0.000117754,0.005896502,0.000714845
541,10819.989,1787268351826.910,169433104.208,0.000000000,0.999969363,0.000129447,0.007797155,0.000767003
542,10839.990,1787268351846.911,169433124.208,0.000000000,0.999948084,0.000136162,0.010168402,0.000844122
543,10859.997,1787268351866.918,169433144.215,0.000000000,0.999933481,0.000142561,0.011502109,0.000895167
544,10880.003,1787268351886.925,169433164.222,0.000000000,0.999882042,0.000138986,0.015329007,0.001023706
545,10899.999,1787268351906.920,169433184.218,0.000000000,0.999858201,0.000136152,0.016810803,0.001058838
546,10919.990,1787268351926.911,169433204.208,0.000000000,0.999801636,0.000130662,0.019887391,0.001138592
547,10939.995,1787268351946.916,169433224.213,0.000000000,0.999731898,0.000121447,0.023124442,0.001212925
548,10960.000,1787268351966.921,169433244.218,0.000000000,0.999691367,0.000115071,0.024814468,0.001239563
549,10979.995,1787268351986.916,169433264.214,0.000000000,0.999583066,0.000112316,0.028846966,0.001303975
550,11000.000,1787268352006.921,169433284.218,0.000000000,0.999536335,0.000103202,0.030420078,0.001321212
551,11020.000,1787268352026.921,169433304.219,0.000000000,0.999403358,0.000102257,0.034515336,0.001362720
552,11039.989,1787268352046.910,169433324.207,0.000000000,0.999321938,0.000101940,0.036793415,0.001381306
553,11059.999,1787268352066.920,169433344.218,0.000000000,0.999160945,0.000094670,0.040934350,0.001433395
554,11080.003,1787268352086.924,169433364.221,0.000000000,0.999043226,0.000084206,0.043709874,0.001457598
555,11100.001,1787268352106.922,169433384.219,0.000000000,0.998882771,0.000075853,0.047235973,0.001476846
556,11119.989,1787268352126.910,169433404.207,0.000000000,0.998631060,0.000084093,0.052287634,0.001512499
557,11139.991,1787268352146.912,169433424.210,0.000000000,0.998499334,0.000081938,0.054743107,0.001517690
558,11160.003,1787268352166.924,169433444.221,0.000000000,0.998114765,0.000069080,0.061355520,0.001557882
559,11179.997,1787268352186.918,169433464.215,0.000000000,0.997945547,0.000068931,0.064049102,0.001580177
560,11200.000,1787268352206.921,169433484.219,0.000000000,0.997598469,0.000067353,0.069244742,0.001618373
561,11220.004,1787268352226.925,169433504.222,0.000000000,0.997138977,0.000066678,0.075572655,0.001657527
562,11240.000,1787268352246.921,169433524.218,0.000000000,0.996830881,0.000060612,0.079533540,0.001662975
563,11260.002,1787268352266.923,169433544.220,0.000000000,0.995571852,0.000063614,0.093990713,0.001606616
564,11279.998,1787268352286.920,169433564.217,0.000000000,0.995137334,0.000064454,0.098484367,0.001582540
565,11300.001,1787268352306.922,169433584.220,0.000000000,0.994095981,0.000052840,0.108494848,0.001505364
566,11319.998,1787268352326.919,169433604.217,0.000000000,0.993173242,0.000039859,0.116640970,0.001432749
567,11340.004,1787268352346.925,169433624.222,0.000000000,0.992542088,0.000029279,0.121894978,0.001389125
568,11359.996,1787268352366.917,169433644.215,0.000000000,0.991486192,0.000025972,0.130205482,0.001317808
569,11380.003,1787268352386.925,169433664.222,0.000000000,0.990900397,0.000024584,0.134591401,0.001298547
570,11400.001,1787268352406.922,169433684.220,0.000000000,0.989420533,0.000028699,0.145071000,0.001265208
571,11419.995,1787268352426.916,169433704.213,0.000000000,0.988875747,0.000026483,0.148738936,0.001266794
572,11439.999,1787268352446.920,169433724.217,0.000000000,0.987256527,0.000036601,0.159132347,0.001292287
573,11459.991,1787268352466.912,169433744.209,0.000000000,0.986034632,0.000058155,0.166535452,0.001316858
574,11479.994,1787268352486.916,169433764.213,0.000000000,0.985177577,0.000067805,0.171532467,0.001340307
575,11499.996,1787268352506.917,169433784.214,0.000000000,0.983229518,0.000090866,0.182367325,0.001378993
576,11519.996,1787268352526.917,169433804.214,0.000000000,0.982742906,0.000096926,0.184971601,0.001390001
577,11540.006,1787268352546.927,169433824.224,0.000000000,0.980258346,0.000114925,0.197715938,0.001458001
578,11559.991,1787268352566.912,169433844.210,0.000000000,0.979253531,0.000112061,0.202634200,0.001467198
579,11580.007,1787268352586.928,169433864.225,0.000000000,0.977218330,0.000155359,0.212231427,0.001484048
580,11599.993,1787268352606.914,169433884.211,0.000000000,0.975305617,0.000137181,0.220854551,0.001528205
581,11620.001,1787268352626.922,169433904.219,0.000000000,0.973604083,0.000137918,0.228238910,0.001470130
582,11639.992,1787268352646.914,169433924.211,0.000000000,0.970481753,0.000154578,0.241170242,0.001499043
583,11661.205,1787268352668.126,169433945.424,0.000000000,0.969126821,0.000129347,0.246557891,0.001574118
584,11679.993,1787268352686.915,169433964.212,0.000000000,0.964919865,0.000151807,0.262539297,0.001662581
585,11699.998,1787268352706.918,169433984.216,0.000000000,0.963575900,0.000203778,0.267430335,0.001643067
586,11720.002,1787268352726.923,169434004.221,0.000000000,0.958635271,0.000149889,0.284632772,0.001590182
587,11740.001,1787268352746.922,169434024.219,0.000000000,0.956758499,0.000077243,0.290879130,0.001586234
588,11759.992,1787268352766.913,169434044.211,0.000000000,0.952115953,-0.000153330,0.305733413,0.001517997
589,11779.998,1787268352786.919,169434064.216,0.000000000,0.947828710,-0.000360988,0.318776667,0.001456076
590,11799.998,1787268352806.919,169434084.216,0.000000000,0.944804549,-0.000488521,0.327631176,0.001453713
591,11819.991,1787268352826.912,169434104.209,0.000000000,0.937046528,-0.000773636,0.349200815,0.001407544
592,11839.994,1787268352846.915,169434124.212,0.000000000,0.934857905,-0.000840346,0.355018556,0.001385380
593,11859.999,1787268352866.920,169434144.218,0.000000000,0.927413523,-0.001038554,0.374034107,0.001314600
594,11880.000,1787268352886.921,169434164.218,0.000000000,0.924938977,-0.001090917,0.380111694,0.001309034
595,11900.011,1787268352906.932,169434184.230,0.000000000,0.917054415,-0.001248860,0.398758262,0.001261164
596,11920.009,1787268352926.930,169434204.227,0.000000000,0.915391803,-0.001281020,0.402560294,0.001246875
597,11940.001,1787268352946.922,169434224.219,0.000000000,0.905399084,-0.001471368,0.424557567,0.001119269
598,11960.003,1787268352966.924,169434244.222,0.000000000,0.901631892,-0.001507980,0.432500124,0.001137691
599,11980.000,1787268352986.921,169434264.219,0.000000000,0.892324030,-0.001626176,0.451391309,0.001082060
600,11999.999,1787268353006.920,169434284.217,0.000000000,0.883010626,-0.001736926,0.469348729,0.001027816
601,12019.992,1787268353026.913,169434304.210,0.000000000,0.876951993,-0.001803329,0.480573505,0.001022901
602,12039.994,1787268353046.915,169434324.212,0.000000000,0.862395108,-0.001978871,0.506231070,0.000975114
603,12060.005,1787268353066.926,169434344.223,0.000000000,0.856394410,-0.002053470,0.516317308,0.000953061
604,12079.994,1787268353086.915,169434364.212,0.000000000,0.843837678,-0.002194445,0.536593258,0.000942940
605,12099.991,1787268353106.912,169434384.209,0.000000000,0.834430039,-0.002278033,0.551108479,0.000963935
606,12119.998,1787268353126.919,169434404.217,0.000000000,0.824663341,-0.002343724,0.565618098,0.001012760
607,12140.002,1787268353146.923,169434424.221,0.000000000,0.813192606,-0.003743537,0.581978917,0.002091802
608,12160.005,1787268353166.926,169434444.223,0.000000000,0.806094050,-0.004994714,0.591756523,0.003414916
609,12180.007,1787268353186.928,169434464.226,0.000000000,0.793625236,-0.007033071,0.608341098,0.005541011
610,12199.990,1787268353206.911,169434484.209,0.000000000,0.788296521,-0.007915871,0.615211487,0.006389058
611,12219.996,1787268353226.917,169434504.215,0.000000000,0.774884224,-0.010149967,0.631965816,0.008406198
612,12239.995,1787268353246.916,169434524.213,0.000000000,0.770355105,-0.010873368,0.637457669,0.009080358
613,12259.992,1787268353266.913,169434544.210,0.000000000,0.756390810,-0.012669730,0.653895497,0.011541240
614,12280.002,1787268353286.923,169434564.221,0.000000000,0.751534283,-0.013177574,0.659445524,0.012414089
615,12300.002,1787268353306.923,169434584.220,0.000000000,0.736529410,-0.014801232,0.676083803,0.014696913
616,12320.001,1787268353326.922,169434604.220,0.000000000,0.730582058,-0.015527433,0.682473063,0.015469125
617,12340.002,1787268353346.923,169434624.220,0.000000000,0.716873586,-0.010771846,0.696943462,0.015688678
618,12360.006,1787268353366.927,169434644.224,0.000000000,0.701676786,-0.009476886,0.712311149,0.013146215
619,12380.002,1787268353386.923,169434664.221,0.000000000,0.680950165,-0.008494595,0.732236207,0.008056398
620,12400.010,1787268353406.931,169434684.228,0.000000000,0.674753189,-0.006156472,0.737980247,0.007446468
621,12420.005,1787268353426.927,169434704.224,0.000000000,0.673356533,-0.005321712,0.739259720,0.007604159
622,12439.994,1787268353446.915,169434724.213,0.000000000,0.667194247,-0.003481310,0.744829893,0.008251659
623,12460.003,1787268353466.925,169434744.222,0.000000000,0.665464520,-0.003012251,0.746375680,0.008447958
624,12479.999,1787268353486.920,169434764.218,0.000000000,0.659272730,-0.001234323,0.751846254,0.009232137
625,12499.998,1787268353506.920,169434784.217,0.000000000,0.654798329,0.000320803,0.755738676,0.009912197
626,12519.998,1787268353526.918,169434804.216,0.000000000,0.651847839,0.001603872,0.758276165,0.010447090
627,12539.999,1787268353546.920,169434824.217,0.000000000,0.647963881,0.003931566,0.761575758,0.011386436
628,12560.079,1787268353567.000,169434844.297,0.000000000,0.647256196,0.004538448,0.762170374,0.011630191
629,12580.004,1787268353586.925,169434864.222,0.000000000,0.645393431,0.006836469,0.763717115,0.012518097
630,12599.998,1787268353606.919,169434884.217,0.000000000,0.644849598,0.008341395,0.764151633,0.013102518
631,12619.997,1787268353626.918,169434904.215,0.000000000,0.644943357,0.009873652,0.764044166,0.013675175
632,12640.004,1787268353646.926,169434924.223,0.000000000,0.646123111,0.012321054,0.762992024,0.014710142
633,12660.015,1787268353666.937,169434944.234,0.000000000,0.646811306,0.013075874,0.762389123,0.015061702
634,12679.990,1787268353686.911,169434964.208,0.000000000,0.649268687,0.014986937,0.760243535,0.015981205
635,12700.001,1787268353706.922,169434984.219,0.000000000,0.651002765,0.015889226,0.758730710,0.016456204
636,12720.000,1787268353726.921,169435004.219,0.000000000,0.653744757,0.016900273,0.756334543,0.017039424
637,12739.994,1787268353746.915,169435024.212,0.000000000,0.658991218,0.017816771,0.751729429,0.017780829
638,12759.991,1787268353766.912,169435044.209,0.000000000,0.661143601,0.018054459,0.749825716,0.018013585
639,12779.998,1787268353786.919,169435064.216,0.000000000,0.666246951,0.018293913,0.745283902,0.018232262
640,12799.997,1787268353806.918,169435084.215,0.000000000,0.667750537,0.018283268,0.743940532,0.018097421
641,12820.004,1787268353826.925,169435104.223,0.000000000,0.673258722,0.017844137,0.738986254,0.017425952
642,12839.989,1787268353846.910,169435124.208,0.000000000,0.677428842,0.017280377,0.735192835,0.016824646
643,12859.998,1787268353866.920,169435144.217,0.000000000,0.679632068,0.016934689,0.733172119,0.016493034
644,12879.991,1787268353886.912,169435164.209,0.000000000,0.686653435,0.015697088,0.726651490,0.015440571
645,12899.990,1787268353906.911,169435184.209,0.000000000,0.688073039,0.014813057,0.725390673,0.012014993
646,12920.152,1787268353927.073,169435204.370,0.000000000,0.691303730,0.009440343,0.722502649,-0.000260968
647,12940.003,1787268353946.924,169435224.221,0.000000000,0.691422582,0.006226054,0.722409546,-0.004511942
648,12960.002,1787268353966.923,169435244.220,0.000000000,0.690658808,0.006330442,0.723138273,-0.004643841
649,12979.994,1787268353986.915,169435264.212,0.000000000,0.690724671,0.006612566,0.723074436,-0.004374626
650,13000.001,1787268354006.922,169435284.219,0.000000000,0.690977752,0.006519482,0.722833455,-0.004360006
651,13019.991,1787268354026.912,169435304.210,0.000000000,0.691836655,0.006313875,0.722013712,-0.004303842
652,13039.998,1787268354046.919,169435324.216,0.000000000,0.693181753,0.006152973,0.720725060,-0.004062971
653,13059.991,1787268354066.912,169435344.210,0.000000000,0.693723202,0.006099200,0.720205247,-0.003931701
654,13079.993,1787268354086.915,169435364.212,0.000000000,0.695187211,0.006028948,0.718794882,-0.003496203
655,13099.999,1787268354106.920,169435384.217,0.000000000,0.696040034,0.006002609,0.717970967,-0.003153400
656,13119.998,1787268354126.920,169435404.217,0.000000000,0.697075665,0.006026291,0.716966689,-0.002811910
657,13139.991,1787268354146.912,169435424.209,0.000000000,0.698281825,0.006130065,0.715792894,-0.002348501
658,13160.000,1787268354166.921,169435444.219,0.000000000,0.698525369,0.006166870,0.715555370,-0.002179476
659,13179.995,1787268354186.916,169435464.213,0.000000000,0.698856711,0.006342087,0.715231717,-0.001644586
660,13200.000,1787268354206.921,169435484.219,0.000000000,0.698768198,0.006546312,0.715317309,-0.001135428
661,13219.994,1787268354226.915,169435504.212,0.000000000,0.698661149,0.006686510,0.715421200,-0.000745413
662,13239.998,1787268354246.919,169435524.216,0.000000000,0.698503435,0.007007717,0.715572357,0.000235874
663,13260.000,1787268354266.921,169435544.219,0.000000000,0.698464751,0.007120396,0.715608716,0.000623967
664,13279.999,1787268354286.920,169435564.218,0.000000000,0.698399544,0.007389138,0.715668142,0.001615682
665,13300.000,1787268354306.922,169435584.219,0.000000000,0.698340714,0.007471692,0.715722978,0.002221704
666,13320.008,1787268354326.930,169435604.227,0.000000000,0.698338091,0.007479371,0.715725124,0.002346284
667,13339.993,1787268354346.915,169435624.212,0.000000000,0.698316514,0.007503916,0.715744734,0.002690657
668,13360.004,1787268354366.925,169435644.222,0.000000000,0.698306203,0.007515705,0.715753973,0.002866476
669,13379.995,1787268354386.916,169435664.214,0.000000000,0.698298991,0.007537594,0.715760291,0.003002749
670,13399.992,1787268354406.913,169435684.210,0.000000000,0.698311627,0.007530203,0.715747952,0.003009040
671,13420.007,1787268354426.928,169435704.225,0.000000000,0.698305726,0.007551722,0.715753675,0.002997075
672,13440.003,1787268354446.924,169435724.221,0.000000000,0.698291421,0.007585074,0.715767205,0.002982870
673,13459.999,1787268354466.920,169435744.218,0.000000000,0.698236704,0.007658757,0.715820014,0.002948275
674,13479.995,1787268354486.916,169435764.213,0.000000000,0.698214531,0.007674159,0.715841413,0.002946144
675,13499.995,1787268354506.916,169435784.213,0.000000000,0.698130369,0.007720194,0.715923429,0.002865689
676,13519.995,1787268354526.916,169435804.213,0.000000000,0.698057532,0.007763267,0.715994239,0.002778330
677,13539.998,1787268354546.919,169435824.216,0.000000000,0.698037624,0.007781754,0.716013849,0.002667538
678,13560.006,1787268354566.927,169435844.224,0.000000000,0.697979808,0.007808078,0.716070652,0.002463696
679,13579.994,1787268354586.915,169435864.212,0.000000000,0.697948992,0.007813392,0.716100872,0.002376815
680,13599.987,1787268354606.908,169435884.205,0.000000000,0.697912991,0.007784563,0.716136575,0.002289849
681,13620.003,1787268354626.924,169435904.221,0.000000000,0.697902679,0.007808313,0.716145992,0.002416842
682,13639.997,1787268354646.918,169435924.215,0.000000000,0.697902977,0.007802179,0.716145694,0.002429535
683,13660.003,1787268354666.924,169435944.221,0.000000000,0.697947621,0.007788217,0.716102481,0.002381917
684,13680.008,1787268354686.929,169435964.226,0.000000000,0.697999001,0.007777689,0.716052592,0.002371122
685,13699.991,1787268354706.912,169435984.210,0.000000000,0.698033333,0.007780849,0.716018975,0.002386683
686,13720.000,1787268354726.921,169436004.218,0.000000000,0.698042512,0.007786692,0.716010034,0.002372078
687,13740.000,1787268354746.922,169436024.219,0.000000000,0.698050737,0.007787194,0.716002047,0.002369970
688,13759.994,1787268354766.915,169436044.212,0.000000000,0.698047638,0.007776642,0.716005147,0.002357448
689,13779.998,1787268354786.918,169436064.216,0.000000000,0.698049247,0.007768680,0.716003954,0.002301781
690,13799.993,1787268354806.914,169436084.211,0.000000000,0.698052824,0.007764903,0.716000497,0.002294672
691,13819.999,1787268354826.920,169436104.218,0.000000000,0.698077023,0.007756558,0.715977192,0.002222630
692,13840.007,1787268354846.928,169436124.225,0.000000000,0.698097885,0.007746945,0.715957165,0.002171158
693,13860.003,1787268354866.924,169436144.221,0.000000000,0.698105931,0.007757580,0.715949178,0.002157930
694,13879.989,1787268354886.910,169436164.207,0.000000000,0.698137224,0.007740861,0.715919018,0.002102699
695,13900.019,1787268354906.941,169436184.238,0.000000000,0.698155463,0.007733009,0.715901434,0.002096545
696,13920.008,1787268354926.929,169436204.226,0.000000000,0.698154330,0.007750243,0.715902269,0.002088673
697,13939.999,1787268354946.920,169436224.217,0.000000000,0.698163629,0.007756996,0.715893209,0.002087204
698,13960.000,1787268354966.921,169436244.219,0.000000000,0.698146760,0.007764448,0.715909660,0.002079302
699,13980.007,1787268354986.928,169436264.225,0.000000000,0.698122978,0.007737400,0.715933144,0.002054231
700,13999.992,1787268355006.914,169436284.211,0.000000000,0.698101044,0.007724833,0.715954721,0.002058342
701,14019.989,1787268355026.910,169436304.208,0.000000000,0.698086143,0.007715012,0.715969265,0.002060596
702,14040.054,1787268355046.975,169436324.273,0.000000000,0.698068798,0.007705817,0.715986431,0.002042263
703,14059.990,1787268355066.911,169436344.209,0.000000000,0.698056161,0.007708407,0.715998769,0.002022488
704,14080.005,1787268355086.926,169436364.223,0.000000000,0.698058784,0.007698266,0.715996385,0.002021411
705,14100.014,1787268355106.936,169436384.233,0.000000000,0.698035955,0.007679233,0.716018677,0.002022870
706,14120.004,1787268355126.925,169436404.222,0.000000000,0.698045433,0.007671142,0.716009557,0.002000622
707,14139.995,1787268355146.916,169436424.213,0.000000000,0.698048890,0.007670353,0.716006219,0.002006333
708,14160.002,1787268355166.923,169436444.220,0.000000000,0.698035717,0.007664007,0.716019094,0.002024464
709,14179.996,1787268355186.917,169436464.215,0.000000000,0.698026597,0.007663353,0.716027915,0.002034914
710,14200.000,1787268355206.921,169436484.219,0.000000000,0.698015392,0.007659303,0.716039002,0.002036941
711,14219.992,1787268355226.913,169436504.210,0.000000000,0.697974980,0.007660979,0.716078341,0.002031104
712,14240.014,1787268355246.936,169436524.233,0.000000000,0.697982967,0.007633833,0.716070831,0.002007864
713,14259.998,1787268355266.919,169436544.216,0.000000000,0.697967291,0.007639787,0.716086209,0.002007244
714,14280.001,1787268355286.922,169436564.219,0.000000000,0.697930455,0.007635746,0.716122091,0.001992872
715,14300.002,1787268355306.923,169436584.220,0.000000000,0.697909415,0.007617550,0.716142833,0.001973974
716,14319.995,1787268355326.916,169436604.214,0.000000000,0.697912276,0.007619499,0.716140151,0.001944707
717,14339.994,1787268355346.915,169436624.212,0.000000000,0.697891533,0.007614843,0.716160357,0.001952009
718,14360.000,1787268355366.921,169436644.219,0.000000000,0.697878301,0.007622727,0.716173172,0.001948023
719,14380.001,1787268355386.922,169436664.219,0.000000000,0.697883010,0.007635661,0.716168463,0.001956658
720,14400.001,1787268355406.922,169436684.219,0.000000000,0.697862983,0.007640900,0.716187954,0.001940746
721,14420.005,1787268355426.926,169436704.224,0.000000000,0.697843671,0.007639558,0.716206789,0.001935433
722,14440.000,1787268355446.921,169436724.219,0.000000000,0.697838366,0.007626821,0.716212213,0.001914865
723,14460.000,1787268355466.921,169436744.219,0.000000000,0.697841287,0.007633612,0.716209173,0.001911430
724,14480.012,1787268355486.933,169436764.231,0.000000000,0.697844982,0.007621866,0.716205835,0.001892436
725,14499.995,1787268355506.916,169436784.214,0.000000000,0.697802782,0.007621796,0.716246903,0.001900417
726,14519.999,1787268355526.920,169436804.217,0.000000000,0.697794914,0.007614345,0.716254711,0.001866994
727,14539.993,1787268355546.914,169436824.211,0.000000000,0.697818458,0.007614614,0.716231763,0.001871915
728,14559.998,1787268355566.919,169436844.216,0.000000000,0.697788596,0.007633039,0.716260612,0.001862721
729,14580.003,1787268355586.924,169436864.221,0.000000000,0.697789013,0.007636326,0.716260314,0.001852111
730,14599.993,1787268355606.915,169436884.212,0.000000000,0.697797179,0.007617889,0.716252446,0.001833851
731,14619.989,1787268355626.910,169436904.207,0.000000000,0.697781265,0.007617714,0.716268122,0.001829697
732,14640.007,1787268355646.928,169436924.226,0.000000000,0.697780430,0.007628299,0.716268778,0.001842372
733,14660.001,1787268355666.922,169436944.219,0.000000000,0.697777867,0.007642034,0.716271102,0.001857379
734,14679.998,1787268355686.919,169436964.217,0.000000000,0.697789073,0.007648544,0.716260076,0.001865101
735,14699.991,1787268355706.912,169436984.210,0.000000000,0.697788537,0.007651562,0.716260552,0.001866746
736,14719.999,1787268355726.920,169437004.218,0.000000000,0.697778404,0.007626948,0.716270685,0.001863690
737,14740.002,1787268355746.923,169437024.220,0.000000000,0.697777569,0.007643633,0.716271341,0.001875578
738,14759.991,1787268355766.912,169437044.209,0.000000000,0.697778761,0.007640646,0.716270149,0.001886967
739,14780.030,1787268355786.951,169437064.248,0.000000000,0.697767913,0.007634287,0.716280878,0.001871416
740,14799.998,1787268355806.919,169437084.216,0.000000000,0.697768748,0.007651131,0.716279805,0.001900989
741,14819.992,1787268355826.913,169437104.210,0.000000000,0.697770238,0.007648660,0.716278374,0.001894746
742,14839.999,1787268355846.920,169437124.217,0.000000000,0.697740734,0.007657028,0.716306984,0.001902557
743,14860.003,1787268355866.924,169437144.222,0.000000000,0.697733700,0.007660268,0.716313720,0.001911429
744,14879.999,1787268355886.920,169437164.217,0.000000000,0.697721064,0.007657148,0.716326058,0.001904936
745,14899.997,1787268355906.918,169437184.215,0.000000000,0.697722912,0.007651662,0.716324389,0.001899285
746,14920.003,1787268355926.924,169437204.221,0.000000000,0.697710514,0.007658535,0.716336429,0.001896364
747,14940.001,1787268355946.922,169437224.219,0.000000000,0.697718859,0.007667833,0.716328144,0.001892015
748,14959.990,1787268355966.911,169437244.209,0.000000000,0.697764516,0.007657489,0.716283917,0.001890023
749,14979.988,1787268355986.910,169437264.207,0.000000000,0.697778046,0.007656812,0.716270685,0.001889470
750,14999.990,1787268356006.911,169437284.208,0.000000000,0.697810352,0.007671679,0.716239035,0.001888853
751,15019.999,1787268356026.920,169437304.217,0.000000000,0.697850049,0.007652950,0.716200650,0.001865313
752,15040.116,1787268356047.037,169437324.335,0.000000000,0.697864950,0.007669466,0.716185987,0.001866470
753,15059.992,1787268356066.913,169437344.210,0.000000000,0.697862387,0.007677649,0.716188312,0.001875817
754,15079.990,1787268356086.911,169437364.208,0.000000000,0.697841942,0.007670729,0.716208279,0.001875389
755,15100.000,1787268356106.921,169437384.218,0.000000000,0.697826207,0.007674822,0.716223657,0.001867568
756,15119.991,1787268356126.912,169437404.209,0.000000000,0.697787821,0.007675744,0.716260970,0.001866623
757,15140.000,1787268356146.921,169437424.218,0.000000000,0.697785676,0.007679867,0.716263056,0.001858429
758,15160.003,1787268356166.924,169437444.221,0.000000000,0.697778881,0.007683968,0.716269553,0.001864478
759,15179.998,1787268356186.919,169437464.217,0.000000000,0.697759211,0.007697345,0.716288686,0.001860171
760,15200.010,1787268356206.931,169437484.228,0.000000000,0.697741985,0.007694713,0.716305435,0.001854726
761,15220.001,1787268356226.922,169437504.219,0.000000000,0.697736621,0.007689326,0.716310740,0.001844394
762,15239.992,1787268356246.913,169437524.210,0.000000000,0.697737575,0.007693388,0.716309786,0.001855198
763,15259.990,1787268356266.911,169437544.208,0.000000000,0.697732985,0.007712630,0.716314018,0.001859920
764,15280.030,1787268356286.951,169437564.248,0.000000000,0.697741866,0.007715104,0.716305375,0.001857897
765,15299.988,1787268356306.909,169437584.207,0.000000000,0.697749019,0.007722919,0.716298282,0.001876807
766,15319.998,1787268356326.919,169437604.216,0.000000000,0.697765946,0.007713203,0.716281950,0.001881009
767,15339.999,1787268356346.920,169437624.218,0.000000000,0.697767556,0.007718177,0.716280222,0.001878049
768,15360.001,1787268356366.922,169437644.220,0.000000000,0.697749496,0.007734069,0.716297567,0.001878311
769,15379.999,1787268356386.920,169437664.218,0.000000000,0.697750986,0.007731151,0.716296077,0.001891415
770,15400.002,1787268356406.923,169437684.220,0.000000000,0.697742045,0.007725372,0.716305077,0.001880273
771,15420.002,1787268356426.923,169437704.220,0.000000000,0.697748065,0.007695263,0.716299355,0.001882959
772,15439.994,1787268356446.915,169437724.213,0.000000000,0.697746515,0.007697545,0.716300905,0.001886698
773,15459.995,1787268356466.916,169437744.214,0.000000000,0.697737813,0.007701349,0.716309369,0.001891488
774,15479.993,1787268356486.915,169437764.212,0.000000000,0.697731555,0.007676587,0.716315746,0.001877233
775,15499.993,1787268356506.914,169437784.211,0.000000000,0.697723150,0.007674239,0.716324031,0.001879049
776,15519.999,1787268356526.920,169437804.217,0.000000000,0.697710693,0.007670577,0.716336250,0.001869804
777,15539.989,1787268356546.910,169437824.207,0.000000000,0.697712839,0.007669487,0.716334045,0.001873212
778,15559.993,1787268356566.915,169437844.212,0.000000000,0.697720945,0.007675041,0.716326177,0.001873734
779,15579.995,1787268356586.916,169437864.213,0.000000000,0.697706401,0.007671464,0.716340363,0.001894112
780,15599.992,1787268356606.913,169437884.210,0.000000000,0.697700143,0.007676210,0.716346383,0.001884566
781,15619.994,1787268356626.915,169437904.212,0.000000000,0.697695255,0.007681074,0.716351032,0.001892701
782,15639.992,1787268356646.913,169437924.210,0.000000000,0.697671473,0.007675916,0.716374218,0.001905244
783,15659.988,1787268356666.909,169437944.206,0.000000000,0.697664022,0.007669893,0.716381550,0.001886728
784,15680.003,1787268356686.924,169437964.222,0.000000000,0.697663367,0.007674046,0.716382265,0.001878866
785,15700.001,1787268356706.922,169437984.220,0.000000000,0.697686017,0.007655341,0.716360271,0.001887887
786,15720.004,1787268356726.925,169438004.222,0.000000000,0.697680354,0.007661873,0.716365814,0.001892131
787,15740.003,1787268356746.924,169438024.221,0.000000000,0.697677791,0.007674434,0.716368139,0.001891828
788,15759.992,1787268356766.914,169438044.211,0.000000000,0.697685719,0.007674029,0.716360450,0.001892640
789,15779.996,1787268356786.917,169438064.214,0.000000000,0.697680116,0.007667536,0.716365933,0.001887216
790,15799.992,1787268356806.913,169438084.210,0.000000000,0.697662830,0.007663591,0.716382861,0.001888301
791,15819.992,1787268356826.913,169438104.210,0.000000000,0.697661519,0.007663262,0.716384053,0.001890749
792,15840.002,1787268356846.923,169438124.220,0.000000000,0.697659552,0.007659505,0.716386139,0.001890762
793,15860.005,1787268356866.926,169438144.223,0.000000000,0.697674692,0.007656666,0.716371298,0.001895192
794,15880.002,1787268356886.923,169438164.220,0.000000000,0.697693169,0.007656798,0.716353357,0.001885775
795,15899.999,1787268356906.920,169438184.217,0.000000000,0.697703838,0.007661683,0.716342866,0.001885651
796,15919.989,1787268356926.910,169438204.207,0.000000000,0.697719932,0.007658189,0.716327190,0.001888098
797,15940.001,1787268356946.922,169438224.219,0.000000000,0.697728932,0.007653913,0.716318488,0.001886589
798,15959.999,1787268356966.920,169438244.218,0.000000000,0.697715461,0.007644171,0.716331720,0.001888072
799,15979.997,1787268356986.918,169438264.215,0.000000000,0.697697103,0.007647588,0.716349542,0.001884736
800,15999.991,1787268357006.912,169438284.209,0.000000000,0.697691858,0.007644564,0.716354787,0.001882481
801,16019.998,1787268357026.919,169438304.216,0.000000000,0.697689533,0.007639678,0.716357052,0.001892202
802,16039.989,1787268357046.910,169438324.208,0.000000000,0.697660863,0.007622428,0.716385186,0.001895114
803,16060.002,1787268357066.923,169438344.220,0.000000000,0.697647333,0.007624242,0.716398358,0.001902091
804,16079.997,1787268357086.918,169438364.215,0.000000000,0.697639346,0.007630548,0.716405988,0.001908662
805,16100.023,1787268357106.944,169438384.241,0.000000000,0.697635770,0.007638437,0.716409326,0.001926185
806,16120.016,1787268357126.938,169438404.235,0.000000000,0.697625816,0.007626249,0.716419220,0.001899722
807,16140.000,1787268357146.921,169438424.218,0.000000000,0.697624922,0.007618998,0.716420174,0.001905540
808,16159.994,1787268357166.915,169438444.212,0.000000000,0.697611928,0.007625506,0.716432750,0.001924289
809,16180.002,1787268357186.923,169438464.220,0.000000000,0.697620511,0.007623748,0.716424286,0.001936761
810,16200.003,1787268357206.924,169438484.222,0.000000000,0.697613895,0.007638522,0.716430604,0.001936107
811,16219.996,1787268357226.917,169438504.215,0.000000000,0.697600484,0.007625567,0.716443837,0.001933106
812,16239.991,1787268357246.912,169438524.209,0.000000000,0.697588027,0.007623247,0.716455877,0.001936794
813,16259.990,1787268357266.911,169438544.208,0.000000000,0.697587490,0.007630716,0.716456354,0.001943661
814,16279.994,1787268357286.915,169438564.213,0.000000000,0.697602451,0.007637748,0.716441751,0.001938499
815,16299.998,1787268357306.919,169438584.217,0.000000000,0.697623849,0.007622512,0.716421127,0.001911563
816,16319.994,1787268357326.915,169438604.213,0.000000000,0.697625518,0.007624052,0.716419458,0.001914156
817,16339.994,1787268357346.916,169438624.213,0.000000000,0.697613418,0.007648202,0.716430902,0.001921688
818,16360.006,1787268357366.927,169438644.224,0.000000000,0.697601855,0.007647870,0.716442287,0.001921371
819,16379.990,1787268357386.911,169438664.208,0.000000000,0.697581351,0.007638957,0.716462314,0.001927126
820,16399.999,1787268357406.920,169438684.218,0.000000000,0.697573900,0.007645030,0.716469467,0.001936667
821,16419.997,1787268357426.918,169438704.215,0.000000000,0.697560072,0.007652154,0.716482818,0.001941969
822,16439.989,1787268357446.910,169438724.207,0.000000000,0.697544336,0.007649669,0.716498196,0.001945404
823,16459.988,1787268357466.909,169438744.207,0.000000000,0.697538912,0.007650120,0.716503501,0.001961320
824,16479.992,1787268357486.913,169438764.210,0.000000000,0.697533667,0.007654358,0.716508508,0.001948694
825,16499.991,1787268357506.912,169438784.209,0.000000000,0.697526574,0.007654985,0.716515362,0.001967850
826,16519.998,1787268357526.919,169438804.217,0.000000000,0.697521925,0.007661816,0.716519833,0.001953327
827,16539.992,1787268357546.913,169438824.210,0.000000000,0.697515428,0.007651600,0.716526389,0.001942633
828,16559.990,1787268357566.911,169438844.208,0.000000000,0.697515190,0.007648750,0.716526568,0.001930175
829,16580.001,1787268357586.922,169438864.220,0.000000000,0.697497427,0.007652499,0.716543853,0.001932474
830,16599.996,1787268357606.917,169438884.214,0.000000000,0.697503746,0.007642956,0.716537833,0.001933632
831,16619.997,1787268357626.918,169438904.215,0.000000000,0.697504044,0.007655793,0.716537356,0.001941125
832,16639.990,1787268357646.911,169438924.209,0.000000000,0.697505236,0.007655935,0.716536164,0.001939755
833,16659.998,1787268357666.920,169438944.217,0.000000000,0.697512865,0.007656968,0.716528833,0.001937208
834,16679.999,1787268357686.920,169438964.217,0.000000000,0.697528839,0.007656842,0.716513276,0.001939236
835,16699.994,1787268357706.915,169438984.212,0.000000000,0.697518349,0.007663157,0.716523468,0.001941407
836,16719.991,1787268357726.912,169439004.209,0.000000000,0.697523415,0.007657802,0.716518521,0.001929889
837,16740.001,1787268357746.922,169439024.220,0.000000000,0.697535932,0.007651466,0.716506481,0.001930709
838,16760.005,1787268357766.926,169439044.223,0.000000000,0.697525382,0.007649261,0.716516614,0.001961045
839,16780.003,1787268357786.924,169439064.221,0.000000000,0.697517037,0.007648194,0.716524780,0.001970300
840,16799.998,1787268357806.919,169439084.217,0.000000000,0.697520435,0.007648165,0.716521382,0.001969634
841,16819.995,1787268357826.916,169439104.213,0.000000000,0.697523654,0.007648823,0.716518283,0.001967989
842,16839.988,1787268357846.909,169439124.206,0.000000000,0.697505891,0.007644139,0.716535628,0.001952128
843,16860.001,1787268357866.922,169439144.219,0.000000000,0.697503805,0.007634731,0.716537833,0.001941129
844,16879.993,1787268357886.915,169439164.212,0.000000000,0.697513223,0.007630159,0.716528773,0.001929702
845,16899.986,1787268357906.907,169439184.205,0.000000000,0.697518229,0.007637180,0.716523826,0.001939793
846,16920.002,1787268357926.923,169439204.221,0.000000000,0.697529674,0.007620683,0.716512918,0.001916321
847,16940.007,1787268357946.928,169439224.225,0.000000000,0.697540224,0.007626215,0.716502488,0.001932052
848,16959.999,1787268357966.920,169439244.217,0.000000000,0.697514057,0.007634711,0.716527820,0.001938518
849,16979.992,1787268357986.913,169439264.210,0.000000000,0.697498679,0.007637613,0.716542840,0.001946576
850,16999.994,1787268358006.915,169439284.212,0.000000000,0.697494686,0.007646075,0.716546535,0.001953820
851,17020.001,1787268358026.922,169439304.219,0.000000000,0.697478950,0.007640745,0.716561913,0.001947370
852,17039.999,1787268358046.920,169439324.217,0.000000000,0.697470367,0.007649112,0.716570258,0.001944870
853,17060.000,1787268358066.921,169439344.218,0.000000000,0.697473288,0.007655737,0.716567218,0.001959925
854,17079.998,1787268358086.919,169439364.217,0.000000000,0.697485030,0.007644496,0.716556072,0.001915566
855,17099.994,1787268358106.915,169439384.213,0.000000000,0.697481751,0.007645494,0.716559112,0.001923736
856,17119.991,1787268358126.912,169439404.210,0.000000000,0.697483182,0.007647631,0.716557801,0.001934173
857,17140.002,1787268358146.923,169439424.221,0.000000000,0.697472811,0.007651630,0.716567934,0.001925977
858,17159.993,1787268358166.914,169439444.212,0.000000000,0.697463334,0.007652249,0.716577053,0.001919959
859,17179.988,1787268358186.909,169439464.207,0.000000000,0.697456956,0.007640452,0.716583490,0.001901576
860,17199.993,1787268358206.914,169439484.212,0.000000000,0.697454572,0.007636195,0.716585875,0.001893526
861,17220.001,1787268358226.922,169439504.220,0.000000000,0.697465658,0.007645686,0.716574907,0.001902520
862,17239.998,1787268358246.920,169439524.217,0.000000000,0.697475910,0.007646881,0.716564953,0.001896595
863,17259.995,1787268358266.917,169439544.214,0.000000000,0.697451115,0.007648166,0.716588974,0.001905114
864,17279.997,1787268358286.918,169439564.216,0.000000000,0.697444499,0.007637029,0.716595531,0.001905953
865,17299.995,1787268358306.916,169439584.213,0.000000000,0.697437465,0.007643960,0.716602325,0.001911639
866,17320.004,1787268358326.925,169439604.222,0.000000000,0.697420478,0.007627371,0.716619074,0.001914939
867,17339.992,1787268358346.913,169439624.211,0.000000000,0.697432041,0.007633871,0.716607690,0.001927470
868,17359.992,1787268358366.914,169439644.211,0.000000000,0.697424769,0.007631621,0.716614842,0.001924020
869,17379.993,1787268358386.914,169439664.211,0.000000000,0.697427452,0.007637876,0.716612101,0.001933466
870,17400.004,1787268358406.925,169439684.222,0.000000000,0.697430849,0.007632918,0.716608822,0.001929267
871,17419.999,1787268358426.920,169439704.217,0.000000000,0.697431922,0.007655566,0.716607571,0.001928623
872,17440.001,1787268358446.922,169439724.219,0.000000000,0.697453380,0.007668033,0.716586530,0.001946170
873,17460.000,1787268358466.922,169439744.219,0.000000000,0.697451890,0.007664334,0.716587961,0.001955573
874,17479.999,1787268358486.920,169439764.217,0.000000000,0.697483718,0.007666464,0.716557026,0.001963009
875,17499.991,1787268358506.912,169439784.209,0.000000000,0.697485924,0.007662315,0.716554880,0.001960450
876,17520.001,1787268358526.922,169439804.220,0.000000000,0.697473288,0.007666123,0.716567159,0.001954614
877,17539.997,1787268358546.918,169439824.215,0.000000000,0.697437882,0.007645064,0.716601908,0.001934637
878,17559.991,1787268358566.912,169439844.210,0.000000000,0.697403491,0.007644815,0.716635346,0.001943090
879,17579.998,1787268358586.919,169439864.217,0.000000000,0.697378635,0.007645553,0.716659427,0.001956306
880,17599.992,1787268358606.913,169439884.210,0.000000000,0.697337806,0.007644013,0.716699302,0.001942280
881,17619.989,1787268358626.910,169439904.207,0.000000000,0.697342396,0.007646115,0.716694713,0.001956215
882,17639.995,1787268358646.916,169439924.213,0.000000000,0.697361827,0.007642617,0.716675937,0.001953581
883,17659.999,1787268358666.920,169439944.218,0.000000000,0.697404146,0.007645725,0.716634631,0.001951338
884,17679.992,1787268358686.914,169439964.211,0.000000000,0.697401106,0.007630530,0.716637850,0.001946660
885,17700.002,1787268358706.923,169439984.220,0.000000000,0.697410464,0.007624655,0.716628790,0.001941012
886,17719.999,1787268358726.920,169440004.218,0.000000000,0.697424769,0.007612383,0.716614962,0.001944444
887,17739.997,1787268358746.918,169440024.215,0.000000000,0.697432935,0.007617349,0.716606975,0.001934864
888,17759.988,1787268358766.909,169440044.206,0.000000000,0.697438240,0.007617683,0.716601670,0.001964303
889,17780.000,1787268358786.921,169440064.219,0.000000000,0.697459877,0.007620933,0.716580689,0.001947373
890,17800.001,1787268358806.922,169440084.220,0.000000000,0.697456539,0.007620832,0.716583848,0.001944240
891,17819.998,1787268358826.919,169440104.217,0.000000000,0.697483301,0.007621083,0.716557801,0.001941643
892,17839.989,1787268358846.910,169440124.208,0.000000000,0.697498798,0.007599832,0.716543078,0.001934296
893,17860.008,1787268358866.929,169440144.226,0.000000000,0.697496176,0.007603878,0.716545582,0.001938552
894,17879.993,1787268358886.914,169440164.211,0.000000000,0.697488129,0.007597677,0.716553450,0.001942861
895,17899.991,1787268358906.912,169440184.210,0.000000000,0.697457731,0.007593971,0.716583133,0.001931753
896,17919.998,1787268358926.919,169440204.217,0.000000000,0.697455466,0.007580352,0.716585398,0.001929270
897,17939.993,1787268358946.914,169440224.211,0.000000000,0.697441339,0.007589534,0.716599107,0.001921154
898,17959.988,1787268358966.909,169440244.207,0.000000000,0.697460473,0.007586621,0.716580451,0.001941358
899,17980.000,1787268358986.921,169440264.218,0.000000000,0.697461665,0.007573502,0.716579497,0.001952962
900,18000.000,1787268359006.921,169440284.219,0.000000000,0.697440684,0.007569288,0.716599882,0.001962274
901,18020.000,1787268359026.921,169440304.218,0.000000000,0.697443962,0.007572115,0.716596603,0.001973187
902,18039.998,1787268359046.919,169440324.217,0.000000000,0.697437346,0.007571244,0.716603041,0.001982639
903,18059.993,1787268359066.914,169440344.211,0.000000000,0.697407305,0.007568096,0.716632307,0.001995281
904,18080.002,1787268359086.923,169440364.221,0.000000000,0.697398067,0.007566665,0.716641307,0.001961784
905,18100.000,1787268359106.921,169440384.218,0.000000000,0.697390378,0.007554616,0.716648996,0.001968335
906,18119.997,1787268359126.918,169440404.216,0.000000000,0.697402716,0.007557736,0.716636837,0.001979747
907,18140.003,1787268359146.924,169440424.221,0.000000000,0.697406590,0.007556520,0.716633141,0.001973564
908,18159.994,1787268359166.916,169440444.213,0.000000000,0.697396159,0.007549122,0.716643453,0.001972137
909,18180.002,1787268359186.923,169440464.221,0.000000000,0.697414935,0.007554664,0.716625035,0.001989268
910,18200.000,1787268359206.921,169440484.219,0.000000000,0.697402775,0.007555269,0.716636777,0.001999624
911,18220.000,1787268359226.921,169440504.219,0.000000000,0.697402656,0.007557191,0.716636956,0.001993970
912,18239.990,1787268359246.911,169440524.208,0.000000000,0.697400153,0.007561809,0.716639280,0.001989835
913,18259.991,1787268359266.912,169440544.210,0.000000000,0.697385073,0.007565337,0.716654003,0.001993572
914,18279.989,1787268359286.910,169440564.208,0.000000000,0.697378516,0.007565316,0.716660380,0.001990609
915,18299.999,1787268359306.920,169440584.217,0.000000000,0.697371244,0.007569122,0.716667473,0.001994709
916,18320.002,1787268359326.923,169440604.220,0.000000000,0.697371960,0.007583616,0.716666460,0.002020595
917,18339.998,1787268359346.920,169440624.217,0.000000000,0.697372258,0.007579448,0.716666222,0.002028824
918,18359.991,1787268359366.912,169440644.209,0.000000000,0.697363794,0.007587700,0.716674328,0.002034878
919,18380.004,1787268359386.925,169440664.222,0.000000000,0.697366834,0.007589323,0.716671348,0.002060954
920,18400.001,1787268359406.922,169440684.220,0.000000000,0.697341263,0.007591858,0.716696084,0.002063694
921,18419.992,1787268359426.913,169440704.210,0.000000000,0.697318852,0.007585047,0.716718018,0.002057029
922,18439.996,1787268359446.917,169440724.214,0.000000000,0.697319984,0.007608704,0.716716647,0.002071356
923,18460.005,1787268359466.926,169440744.224,0.000000000,0.697334409,0.007620781,0.716702402,0.002072178
924,18479.989,1787268359486.910,169440764.207,0.000000000,0.697342157,0.007616778,0.716694951,0.002066694
925,18500.000,1787268359506.921,169440784.218,0.000000000,0.697358191,0.007615890,0.716679454,0.002059531
926,18519.999,1787268359526.920,169440804.218,0.000000000,0.697369516,0.007608901,0.716668427,0.002077450
927,18539.998,1787268359546.919,169440824.216,0.000000000,0.697387576,0.007606227,0.716650903,0.002086944
928,18559.998,1787268359566.919,169440844.216,0.000000000,0.697368324,0.007607060,0.716669619,0.002095788
929,18579.998,1787268359586.920,169440864.217,0.000000000,0.697357953,0.007612064,0.716679633,0.002099777
930,18599.991,1787268359606.912,169440884.209,0.000000000,0.697354794,0.007612972,0.716682673,0.002103216
931,18619.998,1787268359626.919,169440904.217,0.000000000,0.697367728,0.007609471,0.716670096,0.002109828
932,18639.998,1787268359646.920,169440924.217,0.000000000,0.697369158,0.007612618,0.716668725,0.002101356
933,18660.003,1787268359666.925,169440944.222,0.000000000,0.697378099,0.007607732,0.716659904,0.002107191
934,18679.998,1787268359686.918,169440964.216,0.000000000,0.697383285,0.007600871,0.716655135,0.002092623
935,18700.013,1787268359706.934,169440984.232,0.000000000,0.697374046,0.007604754,0.716664076,0.002089900
936,18719.990,1787268359726.911,169441004.208,0.000000000,0.697376788,0.007615495,0.716661274,0.002095485
937,18739.989,1787268359746.910,169441024.208,0.000000000,0.697364867,0.007620902,0.716672838,0.002092604
938,18760.001,1787268359766.922,169441044.219,0.000000000,0.697350442,0.007611666,0.716687024,0.002087394
939,18779.996,1787268359786.917,169441064.215,0.000000000,0.697342277,0.007611426,0.716694832,0.002092501
940,18800.002,1787268359806.923,169441084.220,0.000000000,0.697322488,0.007620934,0.716713965,0.002101153
941,18819.997,1787268359826.918,169441104.215,0.000000000,0.697307706,0.007613536,0.716728508,0.002100113
942,18839.999,1787268359846.920,169441124.218,0.000000000,0.697306395,0.007615119,0.716729701,0.002093646
943,18860.000,1787268359866.921,169441144.218,0.000000000,0.697280526,0.007617331,0.716754794,0.002088055
944,18879.991,1787268359886.912,169441164.209,0.000000000,0.697282553,0.007604114,0.716753066,0.002072324
945,18899.990,1787268359906.911,169441184.208,0.000000000,0.697295249,0.007604444,0.716740668,0.002067982
946,18919.989,1787268359926.910,169441204.208,0.000000000,0.697314560,0.007606406,0.716721952,0.002072281
947,18940.001,1787268359946.922,169441224.219,0.000000000,0.697320223,0.007603341,0.716716409,0.002081343
948,18960.000,1787268359966.921,169441244.219,0.000000000,0.697325110,0.007600219,0.716711700,0.002078943
949,18979.998,1787268359986.919,169441264.216,0.000000000,0.697314918,0.007595486,0.716721594,0.002085634
950,18999.993,1787268360006.914,169441284.211,0.000000000,0.697319806,0.007617444,0.716716647,0.002082981
951,19020.000,1787268360026.922,169441304.219,0.000000000,0.697317064,0.007605364,0.716719449,0.002080121
952,19039.992,1787268360046.913,169441324.210,0.000000000,0.697325826,0.007611995,0.716710865,0.002076249
953,19059.997,1787268360066.918,169441344.215,0.000000000,0.697329521,0.007623111,0.716707051,0.002093583
954,19079.989,1787268360086.910,169441364.208,0.000000000,0.697321117,0.007620593,0.716715336,0.002098116
955,19099.997,1787268360106.918,169441384.216,0.000000000,0.697311878,0.007617663,0.716724217,0.002123954
956,19120.003,1787268360126.924,169441404.221,0.000000000,0.697302163,0.007613229,0.716733754,0.002108478
957,19139.999,1787268360146.920,169441424.218,0.000000000,0.697305143,0.007611768,0.716730833,0.002108195
958,19159.999,1787268360166.920,169441444.217,0.000000000,0.697292805,0.007602967,0.716742933,0.002111447
959,19179.998,1787268360186.920,169441464.217,0.000000000,0.697283685,0.007600196,0.716751814,0.002127176
960,19200.000,1787268360206.921,169441484.218,0.000000000,0.697282314,0.007600091,0.716753125,0.002132157
961,19219.999,1787268360226.920,169441504.218,0.000000000,0.697313070,0.007609007,0.716723144,0.002143015
962,19239.999,1787268360246.920,169441524.217,0.000000000,0.697310567,0.007620559,0.716725528,0.002135903
963,19260.001,1787268360266.922,169441544.220,0.000000000,0.697309792,0.007613605,0.716726363,0.002125533
964,19279.998,1787268360286.919,169441564.217,0.000000000,0.697312176,0.007605804,0.716724098,0.002122708
965,19300.003,1787268360306.925,169441584.222,0.000000000,0.697316527,0.007602121,0.716719925,0.002123227
966,19320.003,1787268360326.924,169441604.221,0.000000000,0.697307289,0.007601603,0.716728866,0.002114924
967,19339.993,1787268360346.914,169441624.212,0.000000000,0.697313786,0.007608446,0.716722608,0.002102861
968,19359.991,1787268360366.912,169441644.209,0.000000000,0.697327018,0.007607520,0.716709793,0.002082958
969,19380.010,1787268360386.931,169441664.228,0.000000000,0.697342992,0.007615536,0.716694057,0.002105003
970,19399.992,1787268360406.913,169441684.210,0.000000000,0.697351635,0.007608383,0.716685712,0.002103434
971,19419.999,1787268360426.921,169441704.218,0.000000000,0.697344124,0.007606769,0.716693044,0.002091246
972,19439.992,1787268360446.914,169441724.211,0.000000000,0.697343290,0.007588016,0.716694117,0.002076448
973,19460.000,1787268360466.921,169441744.219,0.000000000,0.697341740,0.007597581,0.716695547,0.002058655
974,19479.991,1787268360486.912,169441764.210,0.000000000,0.697338641,0.007587352,0.716698766,0.002046563
975,19499.992,1787268360506.913,169441784.210,0.000000000,0.697341502,0.007576519,0.716696084,0.002035097
976,19520.001,1787268360526.922,169441804.219,0.000000000,0.697342694,0.007580901,0.716694891,0.002041990
977,19539.989,1787268360546.910,169441824.208,0.000000000,0.697342634,0.007579730,0.716694951,0.002062318
978,19560.000,1787268360566.921,169441844.218,0.000000000,0.697330475,0.007577366,0.716706753,0.002077234
979,19579.995,1787268360586.916,169441864.213,0.000000000,0.697314441,0.007576874,0.716722310,0.002080458
980,19599.997,1787268360606.918,169441884.215,0.000000000,0.697291553,0.007573805,0.716744661,0.002079793
981,19619.999,1787268360626.920,169441904.217,0.000000000,0.697282195,0.007571657,0.716753781,0.002079503
982,19639.999,1787268360646.920,169441924.217,0.000000000,0.697275877,0.007584805,0.716759741,0.002075433
983,19660.005,1787268360666.926,169441944.223,0.000000000,0.697285950,0.007570990,0.716750145,0.002061473
984,19679.990,1787268360686.911,169441964.208,0.000000000,0.697266400,0.007571436,0.716769099,0.002065587
985,19699.991,1787268360706.912,169441984.209,0.000000000,0.697246969,0.007571583,0.716788113,0.002059145
986,19720.005,1787268360726.926,169442004.224,0.000000000,0.697240829,0.007553465,0.716794312,0.002046650
987,19740.005,1787268360746.926,169442024.223,0.000000000,0.697233558,0.007557461,0.716801345,0.002052959
988,19759.992,1787268360766.913,169442044.210,0.000000000,0.697240829,0.007551250,0.716794252,0.002039414
989,19779.993,1787268360786.915,169442064.212,0.000000000,0.697275400,0.007550242,0.716760695,0.002050865
990,19799.995,1787268360806.917,169442084.214,0.000000000,0.697290242,0.007547737,0.716746211,0.002049075
991,19820.003,1787268360826.924,169442104.221,0.000000000,0.697296739,0.007560594,0.716739774,0.002054021
992,19839.991,1787268360846.912,169442124.209,0.000000000,0.697286844,0.007543446,0.716749728,0.002022524
993,19859.993,1787268360866.914,169442144.211,0.000000000,0.697275221,0.007552492,0.716760814,0.002025820
994,19879.999,1787268360886.920,169442164.217,0.000000000,0.697263718,0.007560323,0.716772020,0.002023868
995,19900.009,1787268360906.931,169442184.228,0.000000000,0.697241247,0.007565560,0.716793835,0.002026573
996,19920.000,1787268360926.921,169442204.218,0.000000000,0.697232783,0.007569599,0.716801882,0.002039163
997,19940.000,1787268360946.922,169442224.219,0.000000000,0.697234869,0.007572654,0.716799915,0.002038417
998,19959.997,1787268360966.918,169442244.215,0.000000000,0.697232127,0.007551629,0.716802895,0.002029266
999,19980.001,1787268360986.922,169442264.219,0.000000000,0.697230697,0.007548403,0.716804266,0.002023334
1000,20000.017,1787268361006.938,169442284.235,0.000000000,0.697214246,0.007538094,0.716820359,0.002029254
1001,20020.002,1787268361026.923,169442304.220,0.000000000,0.697206676,0.007542223,0.716827631,0.002039885
1002,20040.000,1787268361046.922,169442324.219,0.000000000,0.697217524,0.007529785,0.716817260,0.002018020
1003,20060.000,1787268361066.921,169442344.219,0.000000000,0.697220206,0.007529685,0.716814697,0.002012387
1004,20079.993,1787268361086.914,169442364.211,0.000000000,0.697226644,0.007514672,0.716808558,0.002020368
1005,20099.991,1787268361106.912,169442384.210,0.000000000,0.697207689,0.007518857,0.716826975,0.002024123
1006,20119.990,1787268361126.911,169442404.208,0.000000000,0.697198689,0.007528188,0.716835499,0.002041233
1007,20139.998,1787268361146.919,169442424.216,0.000000000,0.697192073,0.007527175,0.716841996,0.002059988
1008,20160.002,1787268361166.923,169442444.221,0.000000000,0.697182894,0.007530008,0.716850758,0.002087057
1009,20179.998,1787268361186.919,169442464.217,0.000000000,0.697188318,0.007524513,0.716845512,0.002088986
1010,20200.004,1787268361206.925,169442484.223,0.000000000,0.697193623,0.007522724,0.716840267,0.002096678
1011,20220.002,1787268361226.923,169442504.220,0.000000000,0.697172165,0.007536822,0.716861069,0.002110099
1012,20239.991,1787268361246.912,169442524.210,0.000000000,0.697171211,0.007527177,0.716862142,0.002107006
1013,20259.991,1787268361266.912,169442544.210,0.000000000,0.697151184,0.007516726,0.716881633,0.002110954
1014,20279.997,1787268361286.918,169442564.215,0.000000000,0.697138906,0.007525677,0.716893494,0.002121205
1015,20299.992,1787268361306.914,169442584.211,0.000000000,0.697135627,0.007517732,0.716896772,0.002117840
1016,20319.996,1787268361326.917,169442604.215,0.000000000,0.697137475,0.007535731,0.716894746,0.002121663
1017,20340.001,1787268361346.922,169442624.219,0.000000000,0.697169840,0.007546464,0.716863155,0.002129263
1018,20360.008,1787268361366.929,169442644.227,0.000000000,0.697170377,0.007552388,0.716862559,0.002133589
1019,20380.006,1787268361386.927,169442664.224,0.000000000,0.697188556,0.007554466,0.716844916,0.002128063
1020,20400.000,1787268361406.921,169442684.218,0.000000000,0.697166860,0.007549949,0.716865957,0.002131723
1021,20420.000,1787268361426.921,169442704.218,0.000000000,0.697156429,0.007544802,0.716876090,0.002130731
1022,20439.995,1787268361446.916,169442724.214,0.000000000,0.697156787,0.007542235,0.716875851,0.002129370
1023,20459.992,1787268361466.913,169442744.210,0.000000000,0.697154582,0.007537104,0.716878057,0.002136433
1024,20480.006,1787268361486.927,169442764.224,0.000000000,0.697140813,0.007537097,0.716891408,0.002148367
1025,20499.993,1787268361506.914,169442784.211,0.000000000,0.697138190,0.007533207,0.716893911,0.002150626
1026,20520.001,1787268361526.922,169442804.219,0.000000000,0.697150826,0.007536922,0.716881692,0.002153631
1027,20539.994,1787268361546.915,169442824.213,0.000000000,0.697153926,0.007533309,0.716878772,0.002154951
1028,20559.989,1787268361566.910,169442844.208,0.000000000,0.697149634,0.007531876,0.716882885,0.002153818
1029,20579.995,1787268361586.917,169442864.214,0.000000000,0.697129309,0.007535606,0.716902554,0.002154292
1030,20599.998,1787268361606.919,169442884.217,0.000000000,0.697114587,0.007544833,0.716916978,0.002145559
1031,20619.993,1787268361626.915,169442904.212,0.000000000,0.697114527,0.007531947,0.716917038,0.002149229
1032,20639.998,1787268361646.919,169442924.217,0.000000000,0.697100997,0.007540228,0.716930091,0.002149017
1033,20659.993,1787268361666.914,169442944.211,0.000000000,0.697087407,0.007525659,0.716943502,0.002156430
1034,20680.001,1787268361686.922,169442964.219,0.000000000,0.697072089,0.007514800,0.716958463,0.002150069
1035,20700.000,1787268361706.922,169442984.219,0.000000000,0.697072506,0.007498306,0.716958284,0.002154787
1036,20720.002,1787268361726.923,169443004.220,0.000000000,0.697097301,0.007483346,0.716934323,0.002148067
1037,20740.002,1787268361746.923,169443024.220,0.000000000,0.697108626,0.007486040,0.716923296,0.002161770
1038,20759.991,1787268361766.912,169443044.209,0.000000000,0.697101355,0.007473456,0.716930449,0.002182154
1039,20779.993,1787268361786.914,169443064.212,0.000000000,0.697134495,0.007480196,0.716898084,0.002173003
1040,20799.990,1787268361806.911,169443084.208,0.000000000,0.697125435,0.007482945,0.716906786,0.002167896
1041,20819.996,1787268361826.917,169443104.214,0.000000000,0.697119176,0.007475777,0.716912985,0.002161001
1042,20840.002,1787268361846.923,169443124.221,0.000000000,0.697116256,0.007477508,0.716915786,0.002170810
1043,20860.000,1787268361866.921,169443144.219,0.000000000,0.697126389,0.007481718,0.716905951,0.002173787
1044,20880.008,1787268361886.929,169443164.226,0.000000000,0.697145402,0.007486215,0.716887474,0.002158872
1045,20899.990,1787268361906.911,169443184.208,0.000000000,0.697147906,0.007482980,0.716884971,0.002170848
1046,20919.998,1787268361926.919,169443204.216,0.000000000,0.697150886,0.007499551,0.716881871,0.002177423
1047,20940.001,1787268361946.922,169443224.220,0.000000000,0.697156250,0.007489649,0.716876864,0.002161345
1048,20959.989,1787268361966.910,169443244.207,0.000000000,0.697143078,0.007485274,0.716889739,0.002155364
1049,20979.989,1787268361986.910,169443264.207,0.000000000,0.697133362,0.007492179,0.716899097,0.002156202
1050,20999.994,1787268362006.915,169443284.212,0.000000000,0.697132707,0.007485951,0.716899753,0.002162460
1051,21019.989,1787268362026.910,169443304.207,0.000000000,0.697117627,0.007484872,0.716914594,0.002151520
1052,21040.003,1787268362046.924,169443324.221,0.000000000,0.697119594,0.007482893,0.716912568,0.002156942
1053,21059.995,1787268362066.916,169443344.213,0.000000000,0.697128117,0.007480439,0.716904342,0.002131849
1054,21080.001,1787268362086.922,169443364.219,0.000000000,0.697131991,0.007475895,0.716900468,0.002179874
1055,21099.991,1787268362106.912,169443384.209,0.000000000,0.697127879,0.007472608,0.716904521,0.002170070
1056,21119.993,1787268362126.914,169443404.211,0.000000000,0.697114170,0.007468607,0.716917932,0.002173276
1057,21139.992,1787268362146.913,169443424.210,0.000000000,0.697101712,0.007469451,0.716930091,0.002179581
1058,21159.989,1787268362166.910,169443444.207,0.000000000,0.697110116,0.007476720,0.716921747,0.002189862
1059,21180.003,1787268362186.925,169443464.222,0.000000000,0.697106242,0.007471633,0.716925681,0.002179317
1060,21199.993,1787268362206.914,169443484.211,0.000000000,0.697114885,0.007479859,0.716917217,0.002176367
1061,21219.999,1787268362226.920,169443504.218,0.000000000,0.697115123,0.007460763,0.716917157,0.002171415
1062,21240.006,1787268362246.927,169443524.225,0.000000000,0.697105527,0.007460405,0.716926455,0.002174114
1063,21259.997,1787268362266.918,169443544.215,0.000000000,0.697068334,0.007464165,0.716962755,0.002164395
1064,21279.994,1787268362286.915,169443564.213,0.000000000,0.697070003,0.007470424,0.716960967,0.002160759
1065,21299.991,1787268362306.912,169443584.209,0.000000000,0.697083533,0.007455932,0.716947913,0.002155040
1066,21319.991,1787268362326.912,169443604.210,0.000000000,0.697085798,0.007463709,0.716945648,0.002159599
1067,21339.999,1787268362346.920,169443624.217,0.000000000,0.697083771,0.007469644,0.716947615,0.002157982
1068,21359.997,1787268362366.918,169443644.216,0.000000000,0.697088182,0.007468346,0.716943264,0.002157042
1069,21380.001,1787268362386.922,169443664.220,0.000000000,0.697094858,0.007466360,0.716936827,0.002161259
1070,21399.997,1787268362406.918,169443684.215,0.000000000,0.697094917,0.007469612,0.716936767,0.002164009
1071,21420.001,1787268362426.922,169443704.219,0.000000000,0.697083652,0.007480076,0.716947436,0.002194228
1072,21439.992,1787268362446.913,169443724.210,0.000000000,0.697066367,0.007489381,0.716964245,0.002180557
1073,21459.996,1787268362466.917,169443744.214,0.000000000,0.697069049,0.007497733,0.716961622,0.002183164
1074,21479.999,1787268362486.920,169443764.218,0.000000000,0.697075903,0.007508446,0.716954768,0.002200297
1075,21499.999,1787268362506.920,169443784.217,0.000000000,0.697066486,0.007503030,0.716963947,0.002195270
1076,21520.005,1787268362526.926,169443804.223,0.000000000,0.697046399,0.007495237,0.716983557,0.002195558
1077,21539.998,1787268362546.919,169443824.216,0.000000000,0.697033703,0.007490746,0.716995955,0.002187268
1078,21559.999,1787268362566.921,169443844.218,0.000000000,0.697022438,0.007493191,0.717006862,0.002189979
1079,21580.000,1787268362586.921,169443864.218,0.000000000,0.697014689,0.007491902,0.717014372,0.002193711
1080,21599.988,1787268362606.909,169443884.206,0.000000000,0.697021127,0.007491394,0.717008114,0.002193243
1081,21619.988,1787268362626.909,169443904.207,0.000000000,0.697043359,0.007487336,0.716986597,0.002180698
1082,21639.994,1787268362646.915,169443924.212,0.000000000,0.697054744,0.007484693,0.716975629,0.002176076
1083,21659.996,1787268362666.917,169443944.215,0.000000000,0.697062731,0.007483982,0.716967762,0.002181871
1084,21679.990,1787268362686.911,169443964.208,0.000000000,0.697067618,0.007489184,0.716962993,0.002188294
1085,21700.004,1787268362706.925,169443984.222,0.000000000,0.697063088,0.007515370,0.716967106,0.002197352
1086,21719.992,1787268362726.913,169444004.210,0.000000000,0.697064817,0.007505671,0.716965556,0.002188328
1087,21739.992,1787268362746.913,169444024.210,0.000000000,0.697055042,0.007502602,0.716975093,0.002183397
1088,21759.996,1787268362766.917,169444044.214,0.000000000,0.697035789,0.007495117,0.716993809,0.002193356
1089,21779.991,1787268362786.912,169444064.210,0.000000000,0.697018921,0.007486182,0.717010379,0.002199607
1090,21799.992,1787268362806.913,169444084.211,0.000000000,0.697027743,0.007509337,0.717001498,0.002194765
1091,21820.003,1787268362826.924,169444104.221,0.000000000,0.697022855,0.007503117,0.717006445,0.002184439
1092,21839.995,1787268362846.916,169444124.213,0.000000000,0.697019577,0.007497673,0.717009723,0.002176564
1093,21860.000,1787268362866.921,169444144.218,0.000000000,0.697038889,0.007487195,0.716991007,0.002175660
1094,21879.998,1787268362886.919,169444164.216,0.000000000,0.697045743,0.007485235,0.716984391,0.002161102
1095,21899.995,1787268362906.916,169444184.213,0.000000000,0.697069883,0.007479219,0.716961145,0.002150341
1096,21919.989,1787268362926.910,169444204.207,0.000000000,0.697079897,0.007509839,0.716951013,0.002159041
1097,21940.004,1787268362946.925,169444224.222,0.000000000,0.697078466,0.007516088,0.716952384,0.002165442
1098,21959.999,1787268362966.920,169444244.218,0.000000000,0.697075844,0.007517355,0.716954827,0.002168752
1099,21980.062,1787268362986.983,169444264.281,0.000000000,0.697046340,0.007511545,0.716983497,0.002163861
1100,21999.990,1787268363006.911,169444284.208,0.000000000,0.697048545,0.007521615,0.716981351,0.002159644
1101,22019.989,1787268363026.910,169444304.208,0.000000000,0.697044313,0.007528317,0.716985345,0.002157887
1102,22039.991,1787268363046.912,169444324.210,0.000000000,0.697053313,0.007529308,0.716976523,0.002167142
1103,22059.997,1787268363066.918,169444344.216,0.000000000,0.697077274,0.007528238,0.716953337,0.002156895
1104,22080.000,1787268363086.921,169444364.218,0.000000000,0.697087705,0.007525929,0.716943145,0.002155338
1105,22099.991,1787268363106.912,169444384.209,0.000000000,0.697099030,0.007514167,0.716932237,0.002145858
1106,22119.990,1787268363126.911,169444404.208,0.000000000,0.697081685,0.007509371,0.716949165,0.002154210
1107,22139.992,1787268363146.914,169444424.211,0.000000000,0.697086275,0.007510583,0.716944695,0.002155165
1108,22160.003,1787268363166.924,169444444.221,0.000000000,0.697079301,0.007502511,0.716951668,0.002146286
1109,22180.001,1787268363186.922,169444464.220,0.000000000,0.697067797,0.007515432,0.716962636,0.002133521
1110,22200.001,1787268363206.922,169444484.219,0.000000000,0.697077990,0.007514777,0.716952741,0.002128072
1111,22219.991,1787268363226.912,169444504.209,0.000000000,0.697058618,0.007523546,0.716971636,0.002134312
1112,22239.989,1787268363246.910,169444524.207,0.000000000,0.697061002,0.007522169,0.716969192,0.002129718
1113,22259.994,1787268363266.915,169444544.213,0.000000000,0.697070479,0.007525218,0.716960073,0.002134143
1114,22280.004,1787268363286.926,169444564.223,0.000000000,0.697071314,0.007500849,0.716959417,0.002129304
1115,22299.991,1787268363306.912,169444584.209,0.000000000,0.697075069,0.007499288,0.716955721,0.002143572
1116,22319.990,1787268363326.911,169444604.208,0.000000000,0.697069943,0.007497739,0.716960788,0.002135679
1117,22339.998,1787268363346.920,169444624.217,0.000000000,0.697056711,0.007498721,0.716973662,0.002139400
1118,22359.993,1787268363366.915,169444644.212,0.000000000,0.697067261,0.007509059,0.716963291,0.002151779
1119,22380.006,1787268363386.927,169444664.225,0.000000000,0.697062850,0.007520299,0.716967463,0.002163351
1120,22399.999,1787268363406.920,169444684.217,0.000000000,0.697059333,0.007506418,0.716970921,0.002169403
1121,22420.001,1787268363426.922,169444704.219,0.000000000,0.697035253,0.007512679,0.716994286,0.002170458
1122,22440.001,1787268363446.922,169444724.220,0.000000000,0.697020769,0.007504582,0.717008352,0.002173688
1123,22460.009,1787268363466.931,169444744.228,0.000000000,0.697014093,0.007495545,0.717015028,0.002173865
1124,22480.004,1787268363486.926,169444764.223,0.000000000,0.696993709,0.007501643,0.717034757,0.002174861
1125,22500.002,1787268363506.923,169444784.220,0.000000000,0.697001338,0.007506913,0.717027187,0.002174617
1126,22519.997,1787268363526.918,169444804.216,0.000000000,0.697001278,0.007508681,0.717027307,0.002171373
1127,22539.999,1787268363546.920,169444824.218,0.000000000,0.697022617,0.007518217,0.717006445,0.002172880
1128,22560.003,1787268363566.925,169444844.222,0.000000000,0.697038352,0.007522407,0.716991067,0.002174943
1129,22579.995,1787268363586.916,169444864.213,0.000000000,0.697044134,0.007521118,0.716985583,0.002172844
1130,22599.995,1787268363606.916,169444884.213,0.000000000,0.697053730,0.007522462,0.716976225,0.002166705
1131,22619.993,1787268363626.914,169444904.211,0.000000000,0.697081387,0.007520410,0.716949344,0.002175770
1132,22640.003,1787268363646.924,169444924.221,0.000000000,0.697071791,0.007526507,0.716958582,0.002182554
1133,22660.001,1787268363666.922,169444944.219,0.000000000,0.697086930,0.007526032,0.716943800,0.002177992
1134,22679.992,1787268363686.913,169444964.210,0.000000000,0.697087467,0.007515707,0.716943443,0.002164324
1135,22700.001,1787268363706.922,169444984.220,0.000000000,0.697090805,0.007518271,0.716940224,0.002157324
1136,22719.992,1787268363726.913,169445004.211,0.000000000,0.697098553,0.007516652,0.716932654,0.002161098
1137,22739.990,1787268363746.911,169445024.208,0.000000000,0.697090626,0.007539247,0.716940045,0.002191905
1138,22759.992,1787268363766.913,169445044.210,0.000000000,0.697083771,0.007534732,0.716946721,0.002193695
1139,22780.000,1787268363786.921,169445064.218,0.000000000,0.697039247,0.007536747,0.716990054,0.002199221
1140,22799.992,1787268363806.913,169445084.210,0.000000000,0.697014749,0.007527971,0.717013955,0.002185324
1141,22820.002,1787268363826.923,169445104.220,0.000000000,0.697004437,0.007530957,0.717023909,0.002181653
1142,22839.996,1787268363846.917,169445124.215,0.000000000,0.696970046,0.007538859,0.717057288,0.002199224
1143,22859.990,1787268363866.911,169445144.208,0.000000000,0.696927249,0.007523647,0.717099011,0.002184116
1144,22879.992,1787268363886.913,169445164.211,0.000000000,0.696915627,0.007521450,0.717110455,0.002183490
1145,22900.001,1787268363906.922,169445184.219,0.000000000,0.696901560,0.007521295,0.717124164,0.002185859
1146,22920.022,1787268363926.943,169445204.241,0.000000000,0.696903944,0.007532228,0.717121720,0.002175928
1147,22939.989,1787268363946.911,169445224.208,0.000000000,0.696903527,0.007527460,0.717122197,0.002170324
1148,22959.993,1787268363966.915,169445244.212,0.000000000,0.696945488,0.007526579,0.717081487,0.002158831
1149,22980.000,1787268363986.921,169445264.218,0.000000000,0.696946979,0.007524256,0.717080057,0.002150173
1150,22999.994,1787268364006.915,169445284.212,0.000000000,0.696954012,0.007536189,0.717072964,0.002159657
1151,23019.996,1787268364026.917,169445304.214,0.000000000,0.696975231,0.007545284,0.717052460,0.002136789
1152,23040.004,1787268364046.925,169445324.222,0.000000000,0.696973205,0.007543810,0.717054307,0.002125801
1153,23060.002,1787268364066.923,169445344.220,0.000000000,0.696973801,0.007545178,0.717053711,0.002128522
1154,23079.998,1787268364086.919,169445364.217,0.000000000,0.696970999,0.007525538,0.717056632,0.002125738
1155,23100.006,1787268364106.927,169445384.224,0.000000000,0.696963012,0.007521899,0.717064440,0.002126939
1156,23120.009,1787268364126.930,169445404.228,0.000000000,0.696945310,0.007526566,0.717081666,0.002130598
1157,23140.002,1787268364146.923,169445424.220,0.000000000,0.696928322,0.007513830,0.717098236,0.002147912
1158,23160.005,1787268364166.926,169445444.223,0.000000000,0.696916521,0.007504255,0.717109799,0.002157349
1159,23180.017,1787268364186.938,169445464.235,0.000000000,0.696911871,0.007508611,0.717114329,0.002163581
1160,23200.001,1787268364206.922,169445484.219,0.000000000,0.696890771,0.007509346,0.717134714,0.002170570
1161,23220.001,1787268364226.922,169445504.219,0.000000000,0.696882308,0.007501571,0.717142940,0.002167016
1162,23239.991,1787268364246.912,169445524.209,0.000000000,0.696885288,0.007484168,0.717140317,0.002160315
1163,23259.989,1787268364266.910,169445544.208,0.000000000,0.696924031,0.007482395,0.717102766,0.002149970
1164,23279.991,1787268364286.912,169445564.210,0.000000000,0.696955681,0.007472828,0.717072070,0.002154165
1165,23300.002,1787268364306.923,169445584.220,0.000000000,0.696977437,0.007460164,0.717051089,0.002144716
1166,23319.999,1787268364326.920,169445604.217,0.000000000,0.696998000,0.007470886,0.717030942,0.002153864
1167,23339.990,1787268364346.911,169445624.209,0.000000000,0.697017848,0.007467745,0.717011690,0.002161301
1168,23359.999,1787268364366.920,169445644.217,0.000000000,0.697007835,0.007484733,0.717021108,0.002167068
1169,23379.990,1787268364386.911,169445664.208,0.000000000,0.696998239,0.007494614,0.717030346,0.002180542
1170,23399.991,1787268364406.912,169445684.209,0.000000000,0.697003663,0.007484646,0.717025220,0.002183936
1171,23419.988,1787268364426.909,169445704.206,0.000000000,0.697006881,0.007485762,0.717022002,0.002185694
1172,23440.001,1787268364446.922,169445724.220,0.000000000,0.697019458,0.007487839,0.717009783,0.002188445
1173,23460.004,1787268364466.925,169445744.222,0.000000000,0.697022796,0.007479979,0.717006683,0.002187835
1174,23479.997,1787268364486.918,169445764.215,0.000000000,0.697010636,0.007491143,0.717018366,0.002195596
1175,23499.993,1787268364506.914,169445784.211,0.000000000,0.697016418,0.007491874,0.717012763,0.002200015
1176,23520.004,1787268364526.925,169445804.222,0.000000000,0.697017789,0.007500344,0.717011213,0.002200480
1177,23540.000,1787268364546.922,169445824.219,0.000000000,0.696972549,0.007490492,0.717055380,0.002178656
1178,23560.000,1787268364566.921,169445844.218,0.000000000,0.696964383,0.007497087,0.717063248,0.002185145
1179,23579.989,1787268364586.910,169445864.207,0.000000000,0.696924508,0.007503252,0.717101991,0.002187256
1180,23599.989,1787268364606.911,169445884.208,0.000000000,0.696892917,0.007488771,0.717132747,0.002210536
1181,23619.998,1787268364626.918,169445904.216,0.000000000,0.696889699,0.007493342,0.717135727,0.002215690
1182,23639.988,1787268364646.909,169445924.206,0.000000000,0.696870267,0.007491218,0.717154801,0.002184281
1183,23659.994,1787268364666.916,169445944.213,0.000000000,0.696891189,0.007473237,0.717134655,0.002197740
1184,23679.998,1787268364686.919,169445964.216,0.000000000,0.696893215,0.007479351,0.717132628,0.002192495
1185,23699.989,1787268364706.910,169445984.208,0.000000000,0.696909189,0.007462954,0.717117250,0.002186805
1186,23720.002,1787268364726.923,169446004.220,0.000000000,0.696926534,0.007476435,0.717100322,0.002194345
1187,23740.002,1787268364746.923,169446024.220,0.000000000,0.696944773,0.007477414,0.717082500,0.002190323
1188,23759.996,1787268364766.917,169446044.215,0.000000000,0.696967304,0.007469407,0.717060626,0.002196625
1189,23779.997,1787268364786.917,169446064.215,0.000000000,0.696973622,0.007461953,0.717054546,0.002211319
1190,23799.990,1787268364806.911,169446084.208,0.000000000,0.696971834,0.007466822,0.717056274,0.002228216
1191,23819.993,1787268364826.915,169446104.212,0.000000000,0.696994543,0.007470362,0.717034101,0.002219822
1192,23839.992,1787268364846.913,169446124.210,0.000000000,0.697017372,0.007453794,0.717012227,0.002202743
1193,23860.007,1787268364866.927,169446144.225,0.000000000,0.697007835,0.007464311,0.717021227,0.002227198
1194,23879.994,1787268364886.915,169446164.212,0.000000000,0.696996331,0.007465436,0.717032313,0.002237567
1195,23899.994,1787268364906.916,169446184.213,0.000000000,0.696996570,0.007471832,0.717032075,0.002235998
1196,23919.993,1787268364926.914,169446204.211,0.000000000,0.696995556,0.007478476,0.717033029,0.002239731
1197,23939.992,1787268364946.913,169446224.210,0.000000000,0.696998537,0.007478268,0.717030048,0.002239826
1198,23960.004,1787268364966.925,169446244.222,0.000000000,0.696985662,0.007479216,0.717042506,0.002238792
1199,23980.003,1787268364986.924,169446264.221,0.000000000,0.696982801,0.007477152,0.717045426,0.002236034
1200,23999.995,1787268365006.916,169446284.213,0.000000000,0.696943283,0.007468747,0.717083931,0.002236076
1201,24019.995,1787268365026.916,169446304.214,0.000000000,0.696927547,0.007467841,0.717099190,0.002241318
1202,24040.015,1787268365046.936,169446324.234,0.000000000,0.696919918,0.007458592,0.717106700,0.002241324
1203,24059.991,1787268365066.912,169446344.209,0.000000000,0.696917892,0.007436477,0.717108905,0.002243134
1204,24080.001,1787268365086.922,169446364.219,0.000000000,0.696897805,0.007429645,0.717128456,0.002254519
1205,24099.993,1787268365106.914,169446384.211,0.000000000,0.696895063,0.007433449,0.717131197,0.002250062
1206,24119.998,1787268365126.919,169446404.216,0.000000000,0.696883261,0.007429047,0.717142522,0.002264235
1207,24139.992,1787268365146.913,169446424.210,0.000000000,0.696869910,0.007446322,0.717155278,0.002292608
1208,24160.010,1787268365166.931,169446444.229,0.000000000,0.696877599,0.007441837,0.717147946,0.002295794
1209,24180.003,1787268365186.924,169446464.221,0.000000000,0.696872175,0.007438445,0.717153132,0.002293506
1210,24200.003,1787268365206.925,169446484.222,0.000000000,0.696882010,0.007454239,0.717143416,0.002300045
1211,24220.000,1787268365226.921,169446504.218,0.000000000,0.696891963,0.007451185,0.717133701,0.002298957
1212,24240.005,1787268365246.926,169446524.224,0.000000000,0.696896791,0.007456392,0.717128992,0.002309753
1213,24259.997,1787268365266.918,169446544.216,0.000000000,0.696904302,0.007465704,0.717121601,0.002327048
1214,24279.993,1787268365286.914,169446564.211,0.000000000,0.696909904,0.007484036,0.717115998,0.002334051
1215,24300.001,1787268365306.922,169446584.220,0.000000000,0.696903646,0.007471334,0.717122078,0.002325615
1216,24320.003,1787268365326.924,169446604.221,0.000000000,0.696871161,0.007467630,0.717153728,0.002328802
1217,24340.005,1787268365346.926,169446624.223,0.000000000,0.696867168,0.007470193,0.717157543,0.002324575
1218,24359.999,1787268365366.920,169446644.217,0.000000000,0.696862817,0.007463502,0.717161953,0.002310290
1219,24380.002,1787268365386.923,169446664.221,0.000000000,0.696867466,0.007472635,0.717157423,0.002296544
1220,24399.989,1787268365406.910,169446684.207,0.000000000,0.696868479,0.007461253,0.717156529,0.002299471
1221,24419.998,1787268365426.919,169446704.216,0.000000000,0.696878314,0.007458282,0.717146993,0.002274681
1222,24439.994,1787268365446.915,169446724.213,0.000000000,0.696895301,0.007457140,0.717130601,0.002267141
1223,24459.993,1787268365466.914,169446744.211,0.000000000,0.696889579,0.007458529,0.717136025,0.002264083
1224,24479.999,1787268365486.920,169446764.217,0.000000000,0.696894705,0.007452288,0.717131257,0.002273101
1225,24500.002,1787268365506.923,169446784.220,0.000000000,0.696893394,0.007462529,0.717132270,0.002303870
1226,24519.997,1787268365526.918,169446804.216,0.000000000,0.696872652,0.007466043,0.717152297,0.002308061
1227,24540.005,1787268365546.926,169446824.223,0.000000000,0.696869016,0.007457773,0.717155993,0.002299582
1228,24560.005,1787268365566.926,169446844.223,0.000000000,0.696872711,0.007451804,0.717152476,0.002293563
1229,24579.999,1787268365586.920,169446864.218,0.000000000,0.696861804,0.007435413,0.717163324,0.002276718
1230,24600.000,1787268365606.921,169446884.219,0.000000000,0.696859181,0.007439800,0.717165709,0.002282521
1231,24620.003,1787268365626.924,169446904.221,0.000000000,0.696851671,0.007434662,0.717173040,0.002282438
1232,24639.995,1787268365646.916,169446924.213,0.000000000,0.696840286,0.007443645,0.717184126,0.002286564
1233,24660.000,1787268365666.921,169446944.219,0.000000000,0.696841061,0.007432065,0.717183471,0.002272979
1234,24680.000,1787268365686.922,169446964.219,0.000000000,0.696846843,0.007422136,0.717177927,0.002281653
1235,24699.995,1787268365706.916,169446984.214,0.000000000,0.696863353,0.007423076,0.717161894,0.002296396
1236,24720.006,1787268365726.927,169447004.225,0.000000000,0.696868479,0.007428962,0.717156827,0.002300242
1237,24739.995,1787268365746.916,169447024.213,0.000000000,0.696870863,0.007427762,0.717154503,0.002302988
1238,24760.007,1787268365766.928,169447044.225,0.000000000,0.696866512,0.007426659,0.717158735,0.002308709
1239,24779.993,1787268365786.914,169447064.212,0.000000000,0.696866214,0.007426299,0.717158973,0.002320067
1240,24799.991,1787268365806.912,169447084.209,0.000000000,0.696872294,0.007423269,0.717153132,0.002314997
1241,24820.001,1787268365826.922,169447104.219,0.000000000,0.696867049,0.007419869,0.717158258,0.002316017
1242,24840.004,1787268365846.925,169447124.222,0.000000000,0.696878910,0.007425996,0.717146695,0.002310154
1243,24860.001,1787268365866.922,169447144.220,0.000000000,0.696882725,0.007417770,0.717143059,0.002302255
1244,24879.994,1787268365886.915,169447164.212,0.000000000,0.696898222,0.007407341,0.717128277,0.002281358
1245,24899.998,1787268365906.919,169447184.216,0.000000000,0.696913064,0.007418570,0.717113674,0.002278580
1246,24919.993,1787268365926.914,169447204.211,0.000000000,0.696905911,0.007414716,0.717120767,0.002259020
1247,24939.990,1787268365946.911,169447224.209,0.000000000,0.696888447,0.007404743,0.717137814,0.002251910
1248,24959.989,1787268365966.910,169447244.208,0.000000000,0.696878314,0.007394074,0.717147768,0.002264000
1249,24980.002,1787268365986.923,169447264.220,0.000000000,0.696880519,0.007391647,0.717145622,0.002262421
1250,25000.000,1787268366006.921,169447284.218,0.000000000,0.696882963,0.007412398,0.717142940,0.002278827
1251,25019.997,1787268366026.918,169447304.215,0.000000000,0.696873784,0.007406462,0.717151999,0.002263520
1252,25039.990,1787268366046.911,169447324.209,0.000000000,0.696858943,0.007396269,0.717166424,0.002261960
1253,25059.992,1787268366066.913,169447344.210,0.000000000,0.696863115,0.007400283,0.717162371,0.002272878
1254,25080.068,1787268366086.989,169447364.286,0.000000000,0.696847320,0.007413229,0.717177510,0.002293301
1255,25099.992,1787268366106.913,169447384.210,0.000000000,0.696851671,0.007408447,0.717173338,0.002293875
1256,25120.003,1787268366126.924,169447404.221,0.000000000,0.696836174,0.007405016,0.717188358,0.002322149
1257,25140.001,1787268366146.922,169447424.220,0.000000000,0.696812510,0.007405567,0.717211306,0.002327694
1258,25159.997,1787268366166.918,169447444.216,0.000000000,0.696827352,0.007411257,0.717196763,0.002336741
1259,25179.999,1787268366186.920,169447464.217,0.000000000,0.696821213,0.007412836,0.717202902,0.002326995
1260,25199.991,1787268366206.912,169447484.209,0.000000000,0.696826458,0.007397280,0.717197895,0.002325954
1261,25219.994,1787268366226.915,169447504.212,0.000000000,0.696830094,0.007413004,0.717194200,0.002320306
1262,25240.043,1787268366246.964,169447524.261,0.000000000,0.696844399,0.007402331,0.717180312,0.002324535
1263,25260.002,1787268366266.923,169447544.220,0.000000000,0.696839273,0.007404084,0.717185318,0.002313790
1264,25279.991,1787268366286.912,169447564.209,0.000000000,0.696842372,0.007413957,0.717182279,0.002319036
1265,25300.000,1787268366306.921,169447584.219,0.000000000,0.696841121,0.007407446,0.717183530,0.002320011
1266,25320.000,1787268366326.922,169447604.219,0.000000000,0.696839571,0.007401355,0.717185080,0.002306823
1267,25339.992,1787268366346.913,169447624.210,0.000000000,0.696848750,0.007400883,0.717176259,0.002307938
1268,25359.991,1787268366366.912,169447644.210,0.000000000,0.696858108,0.007395970,0.717167199,0.002301902
1269,25379.988,1787268366386.909,169447664.207,0.000000000,0.696881115,0.007394578,0.717144847,0.002297684
1270,25399.990,1787268366406.911,169447684.208,0.000000000,0.696887493,0.007398328,0.717138648,0.002292202
1271,25420.005,1787268366426.926,169447704.223,0.000000000,0.696895421,0.007405287,0.717130899,0.002300714
1272,25440.002,1787268366446.923,169447724.221,0.000000000,0.696901560,0.007409184,0.717124879,0.002299716
1273,25460.003,1787268366466.924,169447744.221,0.000000000,0.696910560,0.007410768,0.717116117,0.002303420
1274,25479.993,1787268366486.915,169447764.212,0.000000000,0.696886182,0.007426601,0.717139542,0.002311552
1275,25499.989,1787268366506.910,169447784.208,0.000000000,0.696871161,0.007419420,0.717154264,0.002304409
1276,25519.995,1787268366526.916,169447804.213,0.000000000,0.696861088,0.007423996,0.717164040,0.002306894
1277,25539.991,1787268366546.912,169447824.209,0.000000000,0.696843445,0.007428709,0.717181027,0.002322458
1278,25559.995,1787268366566.916,169447844.214,0.000000000,0.696822643,0.007418671,0.717201352,0.002316396
1279,25580.001,1787268366586.922,169447864.220,0.000000000,0.696813881,0.007425334,0.717209756,0.002327930
1280,25600.002,1787268366606.923,169447884.220,0.000000000,0.696797907,0.007405035,0.717225552,0.002329737
1281,25620.000,1787268366626.921,169447904.218,0.000000000,0.696779549,0.007393120,0.717243493,0.002326683
1282,25639.990,1787268366646.911,169447924.209,0.000000000,0.696776688,0.007395386,0.717246294,0.002326143
1283,25659.999,1787268366666.920,169447944.218,0.000000000,0.696762681,0.007395624,0.717259824,0.002332756
1284,25679.987,1787268366686.908,169447964.205,0.000000000,0.696758211,0.007390544,0.717264295,0.002336198
1285,25700.005,1787268366706.926,169447984.224,0.000000000,0.696768701,0.007391988,0.717253983,0.002342575
1286,25719.994,1787268366726.915,169448004.213,0.000000000,0.696783066,0.007414100,0.717239857,0.002348851
1287,25740.002,1787268366746.923,169448024.221,0.000000000,0.696796298,0.007416092,0.717226982,0.002337549
1288,25759.999,1787268366766.920,169448044.218,0.000000000,0.696810782,0.007413678,0.717212856,0.002338995
1289,25780.001,1787268366786.922,169448064.220,0.000000000,0.696810067,0.007412117,0.717213511,0.002343253
1290,25799.993,1787268366806.915,169448084.212,0.000000000,0.696794093,0.007401799,0.717229307,0.002332740
1291,25820.004,1787268366826.925,169448104.222,0.000000000,0.696794152,0.007398708,0.717229247,0.002332492
1292,25840.005,1787268366846.926,169448124.223,0.000000000,0.696791828,0.007403834,0.717231452,0.002342063
1293,25860.004,1787268366866.926,169448144.223,0.000000000,0.696766257,0.007406310,0.717256188,0.002346803
1294,25879.989,1787268366886.910,169448164.208,0.000000000,0.696770489,0.007417598,0.717251956,0.002355044
1295,25900.000,1787268366906.921,169448184.218,0.000000000,0.696765184,0.007431391,0.717256963,0.002373689
1296,25919.992,1787268366926.913,169448204.210,0.000000000,0.696737230,0.007417445,0.717284203,0.002369677
1297,25940.002,1787268366946.923,169448224.221,0.000000000,0.696736336,0.007431175,0.717284918,0.002377488
1298,25960.002,1787268366966.923,169448244.221,0.000000000,0.696730077,0.007440464,0.717290938,0.002383685
1299,25979.991,1787268366986.912,169448264.210,0.000000000,0.696726382,0.007440294,0.717294395,0.002402559
1300,25999.992,1787268367006.913,169448284.210,0.000000000,0.696734190,0.007438972,0.717286706,0.002422863
1301,26020.028,1787268367026.949,169448304.246,0.000000000,0.696732342,0.007441096,0.717288554,0.002419592
1302,26040.001,1787268367046.922,169448324.220,0.000000000,0.696748018,0.007425961,0.717273653,0.002400919
1303,26060.017,1787268367066.938,169448344.235,0.000000000,0.696732044,0.007426523,0.717289090,0.002399969
1304,26079.993,1787268367086.914,169448364.212,0.000000000,0.696739733,0.007417274,0.717281759,0.002384541
1305,26099.998,1787268367106.919,169448384.216,0.000000000,0.696759820,0.007411853,0.717262447,0.002350373
1306,26119.989,1787268367126.910,169448404.207,0.000000000,0.696753800,0.007407876,0.717268348,0.002350081
1307,26139.989,1787268367146.910,169448424.207,0.000000000,0.696759582,0.007404540,0.717262805,0.002347120
1308,26159.989,1787268367166.910,169448444.207,0.000000000,0.696741164,0.007416641,0.717280507,0.002365357
1309,26179.991,1787268367186.912,169448464.209,0.000000000,0.696718752,0.007419831,0.717302144,0.002371133
1310,26199.989,1787268367206.910,169448484.207,0.000000000,0.696703374,0.007417079,0.717317045,0.002363488
1311,26219.989,1787268367226.910,169448504.207,0.000000000,0.696694911,0.007394915,0.717325568,0.002360994
1312,26239.991,1787268367246.912,169448524.210,0.000000000,0.696699679,0.007385551,0.717321157,0.002350229
1313,26260.003,1787268367266.924,169448544.221,0.000000000,0.696695983,0.007388052,0.717324615,0.002341505
1314,26279.999,1787268367286.920,169448564.218,0.000000000,0.696706235,0.007376367,0.717314780,0.002334086
1315,26300.003,1787268367306.924,169448584.221,0.000000000,0.696722746,0.007359479,0.717299044,0.002321403
1316,26319.993,1787268367326.914,169448604.211,0.000000000,0.696724772,0.007358429,0.717297137,0.002311516
1317,26339.990,1787268367346.911,169448624.208,0.000000000,0.696734130,0.007369148,0.717287898,0.002327280
1318,26359.991,1787268367366.912,169448644.210,0.000000000,0.696763575,0.007363498,0.717259228,0.002335098
1319,26379.991,1787268367386.912,169448664.209,0.000000000,0.696764946,0.007359398,0.717258036,0.002330757
1320,26400.050,1787268367406.971,169448684.268,0.000000000,0.696780145,0.007349255,0.717243433,0.002328901
1321,26420.001,1787268367426.922,169448704.219,0.000000000,0.696753085,0.007340350,0.717269838,0.002318845
1322,26440.002,1787268367446.923,169448724.221,0.000000000,0.696747959,0.007334105,0.717274785,0.002335767
1323,26459.992,1787268367466.913,169448744.210,0.000000000,0.696726143,0.007330677,0.717295945,0.002330546
1324,26479.993,1787268367486.914,169448764.211,0.000000000,0.696698129,0.007319010,0.717323244,0.002349827
1325,26499.990,1787268367506.911,169448784.208,0.000000000,0.696697414,0.007321438,0.717323840,0.002351962
1326,26519.997,1787268367526.918,169448804.215,0.000000000,0.696690857,0.007324181,0.717330098,0.002377298
1327,26539.992,1787268367546.913,169448824.210,0.000000000,0.696698308,0.007320216,0.717322946,0.002381784
1328,26559.993,1787268367566.915,169448844.212,0.000000000,0.696693063,0.007320744,0.717328072,0.002378083
1329,26580.003,1787268367586.924,169448864.221,0.000000000,0.696690917,0.007304135,0.717330277,0.002376994
1330,26599.990,1787268367606.911,169448884.208,0.000000000,0.696679235,0.007294799,0.717341781,0.002367811
1331,26619.990,1787268367626.911,169448904.208,0.000000000,0.696679652,0.007293443,0.717341423,0.002366412
1332,26640.002,1787268367646.923,169448924.220,0.000000000,0.696692646,0.007295706,0.717328787,0.002354359
1333,26660.008,1787268367666.929,169448944.226,0.000000000,0.696698308,0.007299358,0.717323244,0.002372365
1334,26679.996,1787268367686.917,169448964.214,0.000000000,0.696687102,0.007293337,0.717334151,0.002379835
1335,26699.999,1787268367706.920,169448984.218,0.000000000,0.696682572,0.007298241,0.717338383,0.002395060
1336,26719.991,1787268367726.912,169449004.209,0.000000000,0.696685016,0.007301544,0.717335939,0.002397995
1337,26740.003,1787268367746.924,169449024.221,0.000000000,0.696689427,0.007300506,0.717331767,0.002396784
1338,26760.002,1787268367766.923,169449044.221,0.000000000,0.696682334,0.007294235,0.717338681,0.002390456
1339,26780.002,1787268367786.923,169449064.221,0.000000000,0.696683705,0.007286132,0.717337489,0.002387648
1340,26800.001,1787268367806.922,169449084.219,0.000000000,0.696690917,0.007289192,0.717330396,0.002372939
1341,26819.999,1787268367826.921,169449104.218,0.000000000,0.696686566,0.007289930,0.717334807,0.002358575
1342,26839.990,1787268367846.911,169449124.208,0.000000000,0.696681261,0.007299948,0.717339814,0.002368250
1343,26859.989,1787268367866.910,169449144.207,0.000000000,0.696679175,0.007307714,0.717341721,0.002381479
1344,26879.989,1787268367886.910,169449164.208,0.000000000,0.696687341,0.007313500,0.717333615,0.002386399
1345,26899.992,1787268367906.914,169449184.211,0.000000000,0.696694136,0.007321249,0.717326939,0.002393587
1346,26919.999,1787268367926.920,169449204.218,0.000000000,0.696708322,0.007330138,0.717313051,0.002406353
1347,26939.998,1787268367946.918,169449224.216,0.000000000,0.696689785,0.007320060,0.717331111,0.002406928
1348,26959.989,1787268367966.911,169449244.208,0.000000000,0.696693182,0.007321322,0.717327893,0.002415596
1349,26979.991,1787268367986.912,169449264.209,0.000000000,0.696655273,0.007333712,0.717364371,0.002433143
1350,26999.998,1787268368006.919,169449284.216,0.000000000,0.696638465,0.007339737,0.717380762,0.002447788
1351,27019.991,1787268368026.912,169449304.209,0.000000000,0.696644664,0.007342130,0.717374563,0.002452492
1352,27040.004,1787268368046.925,169449324.222,0.000000000,0.696624398,0.007352880,0.717394233,0.002465178
1353,27059.998,1787268368066.919,169449344.216,0.000000000,0.696620166,0.007338265,0.717398345,0.002486723
1354,27080.005,1787268368086.926,169449364.223,0.000000000,0.696606040,0.007340228,0.717411995,0.002497722
1355,27099.999,1787268368106.920,169449384.217,0.000000000,0.696608067,0.007345274,0.717410028,0.002489466
1356,27119.994,1787268368126.915,169449404.212,0.000000000,0.696614981,0.007348422,0.717403352,0.002487527
1357,27139.990,1787268368146.911,169449424.208,0.000000000,0.696628511,0.007353834,0.717390120,0.002461769
1358,27160.001,1787268368166.922,169449444.219,0.000000000,0.696615100,0.007341893,0.717403293,0.002460488
1359,27179.993,1787268368186.914,169449464.211,0.000000000,0.696618855,0.007352688,0.717399538,0.002468143
1360,27200.000,1787268368206.921,169449484.219,0.000000000,0.696627736,0.007356588,0.717390895,0.002466282
1361,27219.991,1787268368226.912,169449504.209,0.000000000,0.696648836,0.007355038,0.717370331,0.002470779
1362,27240.003,1787268368246.924,169449524.222,0.000000000,0.696678877,0.007348644,0.717341304,0.002461783
1363,27260.000,1787268368266.921,169449544.219,0.000000000,0.696690440,0.007353863,0.717329979,0.002462382
1364,27280.002,1787268368286.923,169449564.220,0.000000000,0.696718752,0.007334251,0.717302740,0.002470604
1365,27300.001,1787268368306.922,169449584.219,0.000000000,0.696733117,0.007328385,0.717288792,0.002452797
1366,27319.993,1787268368326.915,169449604.212,0.000000000,0.696719110,0.007315070,0.717302561,0.002453211
1367,27340.004,1787268368346.926,169449624.223,0.000000000,0.696715832,0.007312449,0.717305779,0.002439129
1368,27360.004,1787268368366.925,169449644.222,0.000000000,0.696685672,0.007312163,0.717334986,0.002465909
1369,27380.000,1787268368386.921,169449664.218,0.000000000,0.696669817,0.007317825,0.717350364,0.002463771
1370,27399.996,1787268368406.917,169449684.214,0.000000000,0.696649909,0.007313525,0.717369854,0.002454841
1371,27420.000,1787268368426.921,169449704.218,0.000000000,0.696629107,0.007312985,0.717390060,0.002444036
1372,27439.988,1787268368446.909,169449724.206,0.000000000,0.696639538,0.007309153,0.717379928,0.002433578
1373,27460.005,1787268368466.926,169449744.223,0.000000000,0.696649253,0.007299273,0.717370629,0.002435061
1374,27479.991,1787268368486.912,169449764.209,0.000000000,0.696666002,0.007309720,0.717354298,0.002443510
1375,27499.988,1787268368506.910,169449784.207,0.000000000,0.696678877,0.007295819,0.717341959,0.002442895
1376,27519.987,1787268368526.908,169449804.205,0.000000000,0.696660995,0.007296978,0.717359185,0.002450197
1377,27540.003,1787268368546.924,169449824.221,0.000000000,0.696663439,0.007288608,0.717356861,0.002458438
1378,27559.998,1787268368566.919,169449844.217,0.000000000,0.696674407,0.007282462,0.717346251,0.002454868
1379,27579.990,1787268368586.911,169449864.208,0.000000000,0.696685672,0.007280195,0.717335343,0.002454924
1380,27600.001,1787268368606.922,169449884.219,0.000000000,0.696668386,0.007282213,0.717352271,0.002440931
1381,27619.999,1787268368626.920,169449904.218,0.000000000,0.696662843,0.007283849,0.717357635,0.002460138
1382,27639.991,1787268368646.912,169449924.209,0.000000000,0.696656287,0.007272382,0.717364073,0.002432365
1383,27660.001,1787268368666.922,169449944.220,0.000000000,0.696659327,0.007270875,0.717361093,0.002452445
1384,27679.990,1787268368686.911,169449964.209,0.000000000,0.696651459,0.007260047,0.717368782,0.002442289
1385,27699.987,1787268368706.908,169449984.206,0.000000000,0.696668327,0.007272414,0.717352331,0.002443146
1386,27719.987,1787268368726.908,169450004.206,0.000000000,0.696666896,0.007259129,0.717353821,0.002452720
1387,27740.001,1787268368746.922,169450024.219,0.000000000,0.696672082,0.007259711,0.717348874,0.002456130
1388,27759.994,1787268368766.916,169450044.213,0.000000000,0.696660876,0.007254418,0.717359662,0.002467322
1389,27779.990,1787268368786.911,169450064.208,0.000000000,0.696626663,0.007262212,0.717392802,0.002477679
1390,27799.990,1787268368806.911,169450084.209,0.000000000,0.696617424,0.007271922,0.717401683,0.002485394
1391,27819.994,1787268368826.915,169450104.212,0.000000000,0.696596384,0.007285885,0.717421949,0.002496356
1392,27839.995,1787268368846.917,169450124.214,0.000000000,0.696593463,0.007278495,0.717424929,0.002484177
1393,27859.992,1787268368866.913,169450144.210,0.000000000,0.696591854,0.007278809,0.717426479,0.002480770
1394,27880.005,1787268368886.926,169450164.223,0.000000000,0.696599662,0.007280441,0.717418849,0.002482675
1395,27900.001,1787268368906.922,169450184.219,0.000000000,0.696594954,0.007293445,0.717423379,0.002493520
1396,27920.006,1787268368926.927,169450204.224,0.000000000,0.696603477,0.007289640,0.717414975,0.002500393
1397,27940.000,1787268368946.921,169450224.218,0.000000000,0.696624637,0.007292740,0.717394471,0.002491930
1398,27959.997,1787268368966.918,169450244.216,0.000000000,0.696622312,0.007309401,0.717396557,0.002505015
1399,27979.995,1787268368986.916,169450264.213,0.000000000,0.696620107,0.007315894,0.717398584,0.002516173
1400,27999.993,1787268369006.914,169450284.212,0.000000000,0.696618438,0.007311521,0.717400193,0.002510619
1401,28020.016,1787268369026.938,169450304.235,0.000000000,0.696607769,0.007324220,0.717410445,0.002512378
1402,28039.994,1787268369046.915,169450324.212,0.000000000,0.696597576,0.007309779,0.717420578,0.002508317
1403,28060.001,1787268369066.922,169450344.219,0.000000000,0.696554363,0.007305967,0.717462361,0.002513327
1404,28080.002,1787268369086.923,169450364.221,0.000000000,0.696545362,0.007293038,0.717471361,0.002501514
1405,28099.990,1787268369106.911,169450384.208,0.000000000,0.696542323,0.007295370,0.717474222,0.002498928
1406,28119.993,1787268369126.914,169450404.212,0.000000000,0.696546793,0.007288767,0.717470109,0.002484712
1407,28140.002,1787268369146.923,169450424.220,0.000000000,0.696563780,0.007289923,0.717453599,0.002485303
1408,28159.994,1787268369166.915,169450444.212,0.000000000,0.696563780,0.007290281,0.717453599,0.002485634
1409,28179.998,1787268369186.919,169450464.217,0.000000000,0.696571231,0.007291174,0.717446387,0.002480618
1410,28200.002,1787268369206.923,169450484.220,0.000000000,0.696570814,0.007296199,0.717446744,0.002461838
1411,28219.999,1787268369226.920,169450504.217,0.000000000,0.696574509,0.007302193,0.717443109,0.002456709
1412,28240.001,1787268369246.922,169450524.219,0.000000000,0.696580112,0.007298188,0.717437804,0.002438129
1413,28260.001,1787268369266.922,169450544.220,0.000000000,0.696586609,0.007318403,0.717431247,0.002453670
1414,28280.001,1787268369286.922,169450564.219,0.000000000,0.696589708,0.007317788,0.717428267,0.002451992
1415,28300.000,1787268369306.921,169450584.219,0.000000000,0.696604550,0.007333507,0.717413664,0.002464389
1416,28319.990,1787268369326.911,169450604.208,0.000000000,0.696640611,0.007325775,0.717378676,0.002467633
1417,28339.988,1787268369346.909,169450624.206,0.000000000,0.696634471,0.007326065,0.717384636,0.002471035
1418,28359.989,1787268369366.910,169450644.208,0.000000000,0.696643651,0.007326897,0.717375636,0.002463686
1419,28379.997,1787268369386.918,169450664.215,0.000000000,0.696621656,0.007336153,0.717397034,0.002466873
1420,28399.992,1787268369406.913,169450684.210,0.000000000,0.696608067,0.007343280,0.717410207,0.002461279
1421,28419.990,1787268369426.911,169450704.208,0.000000000,0.696582317,0.007339508,0.717435181,0.002454977
1422,28440.002,1787268369446.923,169450724.220,0.000000000,0.696592271,0.007347259,0.717425466,0.002447961
1423,28459.998,1787268369466.919,169450744.216,0.000000000,0.696589410,0.007353342,0.717428327,0.002435513
1424,28480.007,1787268369486.928,169450764.226,0.000000000,0.696560264,0.007360108,0.717456400,0.002435230
1425,28499.994,1787268369506.915,169450784.212,0.000000000,0.696532309,0.007356949,0.717483640,0.002424394
1426,28519.996,1787268369526.917,169450804.214,0.000000000,0.696540356,0.007354852,0.717475772,0.002429757
1427,28539.996,1787268369546.917,169450824.214,0.000000000,0.696545303,0.007353204,0.717471123,0.002424958
1428,28559.999,1787268369566.920,169450844.218,0.000000000,0.696571648,0.007355853,0.717445433,0.002419367
1429,28579.990,1787268369586.911,169450864.208,0.000000000,0.696584582,0.007351720,0.717432976,0.002420473
1430,28599.998,1787268369606.918,169450884.216,0.000000000,0.696616590,0.007356906,0.717401862,0.002416704
1431,28620.001,1787268369626.922,169450904.220,0.000000000,0.696632743,0.007372120,0.717386007,0.002424975
1432,28640.007,1787268369646.928,169450924.226,0.000000000,0.696644008,0.007366446,0.717375159,0.002422412
1433,28659.990,1787268369666.911,169450944.208,0.000000000,0.696641147,0.007366131,0.717377901,0.002437132
1434,28679.991,1787268369686.912,169450964.209,0.000000000,0.696639001,0.007367398,0.717379928,0.002442048
1435,28699.995,1787268369706.916,169450984.213,0.000000000,0.696632564,0.007369768,0.717386186,0.002436221
1436,28720.011,1787268369726.932,169451004.230,0.000000000,0.696627140,0.007359336,0.717391551,0.002427358
1437,28740.002,1787268369746.923,169451024.220,0.000000000,0.696605742,0.007369226,0.717412233,0.002424022
1438,28760.002,1787268369766.923,169451044.220,0.000000000,0.696598828,0.007379188,0.717418849,0.002450835
1439,28780.003,1787268369786.925,169451064.222,0.000000000,0.696563244,0.007380394,0.717453301,0.002441725
1440,28799.992,1787268369806.913,169451084.210,0.000000000,0.696545303,0.007390415,0.717470646,0.002423498
1441,28819.991,1787268369826.912,169451104.209,0.000000000,0.696549237,0.007390838,0.717466831,0.002423286
1442,28839.995,1787268369846.916,169451124.214,0.000000000,0.696539760,0.007390678,0.717476070,0.002419708
1443,28859.992,1787268369866.913,169451144.211,0.000000000,0.696560204,0.007378174,0.717456400,0.002406780
1444,28879.990,1787268369886.911,169451164.208,0.000000000,0.696541607,0.007371692,0.717474401,0.002416807
1445,28899.991,1787268369906.912,169451184.209,0.000000000,0.696538389,0.007380097,0.717477500,0.002423865
1446,28919.990,1787268369926.911,169451204.209,0.000000000,0.696532905,0.007396685,0.717482626,0.002429188
1447,28939.989,1787268369946.911,169451224.208,0.000000000,0.696542621,0.007390927,0.717473388,0.002407804
1448,28959.989,1787268369966.910,169451244.207,0.000000000,0.696545482,0.007398403,0.717470348,0.002415947
1449,28979.988,1787268369986.909,169451264.206,0.000000000,0.696546495,0.007406962,0.717469275,0.002426690
1450,28999.990,1787268370006.911,169451284.209,0.000000000,0.696534693,0.007402481,0.717480779,0.002436257
1451,29019.990,1787268370026.911,169451304.209,0.000000000,0.696529806,0.007402958,0.717485487,0.002449297
1452,29040.001,1787268370046.922,169451324.219,0.000000000,0.696531892,0.007391513,0.717483640,0.002441292
1453,29059.990,1787268370066.911,169451344.209,0.000000000,0.696543515,0.007407817,0.717472196,0.002436006
1454,29079.989,1787268370086.910,169451364.207,0.000000000,0.696546495,0.007406532,0.717469335,0.002428025
1455,29099.988,1787268370106.909,169451384.206,0.000000000,0.696544290,0.007402712,0.717471480,0.002424357
1456,29119.988,1787268370126.909,169451404.207,0.000000000,0.696547568,0.007406523,0.717468202,0.002428086
1457,29139.998,1787268370146.919,169451424.217,0.000000000,0.696533263,0.007410110,0.717482090,0.002430557
1458,29160.003,1787268370166.924,169451444.221,0.000000000,0.696528435,0.007414812,0.717486680,0.002444287
1459,29179.998,1787268370186.919,169451464.217,0.000000000,0.696527302,0.007417138,0.717487872,0.002444141
1460,29200.001,1787268370206.922,169451484.220,0.000000000,0.696519256,0.007421545,0.717495561,0.002455276
1461,29219.997,1787268370226.918,169451504.215,0.000000000,0.696515262,0.007414523,0.717499435,0.002459083
1462,29239.997,1787268370246.918,169451524.215,0.000000000,0.696512640,0.007410720,0.717501998,0.002459684
1463,29259.991,1787268370266.912,169451544.209,0.000000000,0.696498752,0.007409459,0.717515588,0.002465633
1464,29279.997,1787268370286.918,169451564.216,0.000000000,0.696495950,0.007395233,0.717518449,0.002462737
1465,29300.001,1787268370306.922,169451584.219,0.000000000,0.696473897,0.007403963,0.717539668,0.002476077
1466,29319.990,1787268370326.911,169451604.208,0.000000000,0.696473539,0.007401524,0.717540026,0.002476424
1467,29339.994,1787268370346.915,169451624.212,0.000000000,0.696470320,0.007405661,0.717543185,0.002476438
1468,29359.990,1787268370366.911,169451644.208,0.000000000,0.696494401,0.007383414,0.717520058,0.002476069
1469,29380.001,1787268370386.922,169451664.219,0.000000000,0.696493864,0.007393152,0.717520416,0.002471888
1470,29399.999,1787268370406.920,169451684.217,0.000000000,0.696523011,0.007389300,0.717492223,0.002457662
1471,29419.991,1787268370426.912,169451704.210,0.000000000,0.696536243,0.007405735,0.717479229,0.002466637
1472,29439.991,1787268370446.912,169451724.209,0.000000000,0.696528912,0.007416337,0.717486203,0.002461398
1473,29460.002,1787268370466.923,169451744.220,0.000000000,0.696519077,0.007424096,0.717495680,0.002444420
1474,29479.987,1787268370486.908,169451764.206,0.000000000,0.696512461,0.007413823,0.717502356,0.002419459
1475,29499.997,1787268370506.918,169451784.216,0.000000000,0.696515739,0.007421826,0.717499077,0.002417994
1476,29519.989,1787268370526.910,169451804.207,0.000000000,0.696500301,0.007426230,0.717514038,0.002416857
1477,29540.001,1787268370546.922,169451824.219,0.000000000,0.696497560,0.007422959,0.717516720,0.002430022
1478,29559.994,1787268370566.915,169451844.212,0.000000000,0.696492374,0.007423449,0.717521727,0.002428432
1479,29580.001,1787268370586.922,169451864.219,0.000000000,0.696472585,0.007429353,0.717540860,0.002438051
1480,29599.988,1787268370606.909,169451884.206,0.000000000,0.696468830,0.007443222,0.717544377,0.002445907
1481,29619.998,1787268370626.919,169451904.217,0.000000000,0.696467221,0.007446424,0.717545807,0.002450062
1482,29639.992,1787268370646.913,169451924.210,0.000000000,0.696473956,0.007443387,0.717539310,0.002452280
1483,29660.022,1787268370666.943,169451944.241,0.000000000,0.696468294,0.007435305,0.717544973,0.002446409
1484,29679.998,1787268370686.919,169451964.217,0.000000000,0.696465135,0.007431303,0.717548013,0.002441175
1485,29700.002,1787268370706.923,169451984.220,0.000000000,0.696470261,0.007431612,0.717543066,0.002446725
1486,29719.990,1787268370726.911,169452004.209,0.000000000,0.696493626,0.007442309,0.717520356,0.002434169
1487,29739.999,1787268370746.920,169452024.217,0.000000000,0.696493626,0.007435944,0.717520356,0.002430269
1488,29760.002,1787268370766.923,169452044.221,0.000000000,0.696510851,0.007427364,0.717503726,0.002422855
1489,29779.996,1787268370786.917,169452064.214,0.000000000,0.696503282,0.007432702,0.717511058,0.002425137
1490,29799.992,1787268370806.913,169452084.211,0.000000000,0.696491897,0.007441848,0.717521966,0.002429982
1491,29820.000,1787268370826.921,169452104.218,0.000000000,0.696453869,0.007440480,0.717558920,0.002429448
1492,29840.005,1787268370846.926,169452124.224,0.000000000,0.696399450,0.007451233,0.717611611,0.002437239
1493,29859.992,1787268370866.914,169452144.211,0.000000000,0.696389675,0.007449087,0.717621028,0.002440507
1494,29879.991,1787268370886.912,169452164.209,0.000000000,0.696359515,0.007446479,0.717650354,0.002439115
1495,29899.989,1787268370906.910,169452184.208,0.000000000,0.696338177,0.007452089,0.717671096,0.002446247
1496,29919.999,1787268370926.920,169452204.218,0.000000000,0.696338475,0.007457687,0.717670739,0.002450228
1497,29939.993,1787268370946.914,169452224.211,0.000000000,0.696341515,0.007458239,0.717667639,0.002461846
1498,29959.990,1787268370966.911,169452244.208,0.000000000,0.696349502,0.007452840,0.717659950,0.002461135
1499,29979.994,1787268370986.915,169452264.212,0.000000000,0.696353436,0.007461361,0.717656136,0.002453862
1500,29999.991,1787268371006.912,169452284.210,0.000000000,0.696380973,0.007460982,0.717629313,0.002469847
1501,30019.997,1787268371026.918,169452304.215,0.000000000,0.696401775,0.007463514,0.717609048,0.002468363
1502,30039.992,1787268371046.914,169452324.211,0.000000000,0.696404636,0.007445179,0.717606544,0.002461969
1503,30060.001,1787268371066.922,169452344.219,0.000000000,0.696413159,0.007434646,0.717598438,0.002457132
1504,30079.997,1787268371086.918,169452364.216,0.000000000,0.696442664,0.007422230,0.717570066,0.002432737
1505,30099.988,1787268371106.909,169452384.206,0.000000000,0.696440876,0.007414935,0.717571914,0.002425669
1506,30119.993,1787268371126.914,169452404.211,0.000000000,0.696438134,0.007407335,0.717574537,0.002414787
1507,30139.993,1787268371146.914,169452424.212,0.000000000,0.696441591,0.007428021,0.717571020,0.002432166
1508,30160.000,1787268371166.921,169452444.218,0.000000000,0.696445405,0.007432740,0.717567265,0.002438974
1509,30179.999,1787268371186.920,169452464.218,0.000000000,0.696429133,0.007438946,0.717582881,0.002448889
1510,30199.993,1787268371206.914,169452484.211,0.000000000,0.696425974,0.007453471,0.717585802,0.002456547
1511,30219.992,1787268371226.913,169452504.210,0.000000000,0.696421206,0.007453180,0.717590451,0.002458786
1512,30239.998,1787268371246.919,169452524.217,0.000000000,0.696420729,0.007439686,0.717590928,0.002461830
1513,30260.032,1787268371266.953,169452544.250,0.000000000,0.696431637,0.007445999,0.717580438,0.002440482
1514,30279.996,1787268371286.917,169452564.215,0.000000000,0.696424246,0.007451902,0.717587531,0.002432712
1515,30299.991,1787268371306.912,169452584.210,0.000000000,0.696440637,0.007448924,0.717571735,0.002430803
1516,30319.994,1787268371326.915,169452604.212,0.000000000,0.696451306,0.007444281,0.717561424,0.002416787
1517,30339.994,1787268371346.915,169452624.213,0.000000000,0.696461260,0.007436353,0.717551768,0.002418177
1518,30360.002,1787268371366.923,169452644.221,0.000000000,0.696473598,0.007436518,0.717539907,0.002415627
1519,30379.992,1787268371386.913,169452664.210,0.000000000,0.696469188,0.007445138,0.717544079,0.002423110
1520,30399.991,1787268371406.912,169452684.209,0.000000000,0.696476698,0.007459283,0.717536688,0.002416411
1521,30419.991,1787268371426.912,169452704.209,0.000000000,0.696471095,0.007447157,0.717542112,0.002405438
1522,30439.994,1787268371446.915,169452724.213,0.000000000,0.696470499,0.007460735,0.717542648,0.002408963
1523,30460.001,1787268371466.922,169452744.219,0.000000000,0.696468174,0.007466003,0.717544913,0.002401704
1524,30480.001,1787268371486.922,169452764.219,0.000000000,0.696470976,0.007466095,0.717542171,0.002409395
1525,30499.993,1787268371506.914,169452784.211,0.000000000,0.696461558,0.007477324,0.717551053,0.002421336
1526,30519.993,1787268371526.914,169452804.212,0.000000000,0.696452737,0.007473858,0.717559814,0.002420883
1527,30539.989,1787268371546.910,169452824.208,0.000000000,0.696447313,0.007479826,0.717564940,0.002437204
1528,30560.000,1787268371566.921,169452844.219,0.000000000,0.696428120,0.007462138,0.717583716,0.002420836
1529,30579.988,1787268371586.909,169452864.207,0.000000000,0.696410000,0.007464699,0.717601299,0.002423864
1530,30600.002,1787268371606.923,169452884.221,0.000000000,0.696397305,0.007463926,0.717613578,0.002424364
1531,30619.989,1787268371626.910,169452904.207,0.000000000,0.696399391,0.007452726,0.717611730,0.002413455
1532,30639.998,1787268371646.918,169452924.216,0.000000000,0.696371913,0.007448007,0.717638433,0.002420744
1533,30659.988,1787268371666.909,169452944.207,0.000000000,0.696373045,0.007450162,0.717637241,0.002417989
1534,30679.990,1787268371686.911,169452964.209,0.000000000,0.696384668,0.007457020,0.717625856,0.002423345
1535,30700.001,1787268371706.922,169452984.219,0.000000000,0.696377397,0.007455021,0.717632890,0.002440007
1536,30719.990,1787268371726.911,169453004.209,0.000000000,0.696389377,0.007450035,0.717621326,0.002430786
1537,30739.993,1787268371746.914,169453024.212,0.000000000,0.696417570,0.007438494,0.717594266,0.002411159
1538,30760.000,1787268371766.921,169453044.219,0.000000000,0.696444035,0.007434517,0.717568517,0.002414152
1539,30780.003,1787268371786.924,169453064.221,0.000000000,0.696454287,0.007434390,0.717558622,0.002414524
1540,30800.001,1787268371806.922,169453084.220,0.000000000,0.696452618,0.007443342,0.717560112,0.002424455
1541,30819.998,1787268371826.919,169453104.217,0.000000000,0.696455598,0.007449133,0.717557192,0.002430022
1542,30840.003,1787268371846.924,169453124.221,0.000000000,0.696451962,0.007447580,0.717560709,0.002430198
1543,30860.000,1787268371866.921,169453144.218,0.000000000,0.696440041,0.007447145,0.717572391,0.002421381
1544,30879.992,1787268371886.913,169453164.211,0.000000000,0.696416438,0.007464063,0.717595041,0.002425986
1545,30899.996,1787268371906.917,169453184.214,0.000000000,0.696410000,0.007467618,0.717601240,0.002409878
1546,30919.997,1787268371926.918,169453204.215,0.000000000,0.696419775,0.007468834,0.717591882,0.002402360
1547,30940.006,1787268371946.927,169453224.224,0.000000000,0.696431160,0.007465291,0.717580914,0.002398098
1548,30960.003,1787268371966.924,169453244.221,0.000000000,0.696425021,0.007474635,0.717586517,0.002402321
1549,30979.992,1787268371986.913,169453264.211,0.000000000,0.696429849,0.007474788,0.717581987,0.002395261
1550,30999.999,1787268372006.920,169453284.218,0.000000000,0.696415603,0.007494664,0.717595518,0.002394224
1551,31019.997,1787268372026.918,169453304.216,0.000000000,0.696387768,0.007494928,0.717622578,0.002391013
1552,31039.992,1787268372046.913,169453324.210,0.000000000,0.696355760,0.007498730,0.717653573,0.002397071
1553,31060.195,1787268372067.116,169453344.413,0.000000000,0.696325719,0.007497868,0.717682779,0.002398880
1554,31080.004,1787268372086.925,169453364.222,0.000000000,0.696317017,0.007497699,0.717691362,0.002391149
1555,31099.999,1787268372106.920,169453384.217,0.000000000,0.696332037,0.007493971,0.717676640,0.002394715
1556,31119.988,1787268372126.910,169453404.207,0.000000000,0.696352124,0.007497228,0.717657149,0.002403433
1557,31140.007,1787268372146.928,169453424.225,0.000000000,0.696365714,0.007508283,0.717643857,0.002413546
1558,31159.998,1787268372166.919,169453444.216,0.000000000,0.696370900,0.007503238,0.717638850,0.002413121
1559,31179.999,1787268372186.920,169453464.217,0.000000000,0.696365297,0.007495522,0.717644274,0.002425404
1560,31199.994,1787268372206.915,169453484.212,0.000000000,0.696361005,0.007492734,0.717648447,0.002433419
1561,31220.002,1787268372226.923,169453504.220,0.000000000,0.696366489,0.007490459,0.717643082,0.002432668
1562,31239.992,1787268372246.913,169453524.210,0.000000000,0.696365595,0.007486030,0.717644095,0.002433723
1563,31259.999,1787268372266.920,169453544.217,0.000000000,0.696358383,0.007506813,0.717650890,0.002437804
1564,31279.999,1787268372286.920,169453564.218,0.000000000,0.696351707,0.007513553,0.717657328,0.002434111
1565,31299.990,1787268372306.911,169453584.209,0.000000000,0.696328163,0.007488606,0.717680395,0.002431691
1566,31319.989,1787268372326.910,169453604.208,0.000000000,0.696302652,0.007487301,0.717705131,0.002445928
1567,31339.999,1787268372346.920,169453624.217,0.000000000,0.696293771,0.007485724,0.717713833,0.002435109
1568,31359.999,1787268372366.920,169453644.217,0.000000000,0.696312010,0.007485494,0.717696130,0.002435499
1569,31380.002,1787268372386.923,169453664.221,0.000000000,0.696323812,0.007466780,0.717684865,0.002435281
1570,31399.991,1787268372406.912,169453684.209,0.000000000,0.696325541,0.007476958,0.717683077,0.002442576
1571,31420.001,1787268372426.922,169453704.219,0.000000000,0.696348488,0.007474522,0.717660844,0.002441928
1572,31439.992,1787268372446.913,169453724.211,0.000000000,0.696385384,0.007467801,0.717624903,0.002464568
1573,31459.999,1787268372466.920,169453744.217,0.000000000,0.696381688,0.007436732,0.717628896,0.002448033
1574,31480.003,1787268372486.924,169453764.221,0.000000000,0.696375430,0.007452273,0.717634797,0.002458491
1575,31499.998,1787268372506.918,169453784.216,0.000000000,0.696337461,0.007431256,0.717671990,0.002434255
1576,31519.992,1787268372526.914,169453804.211,0.000000000,0.696332395,0.007432682,0.717676759,0.002449256
1577,31539.991,1787268372546.912,169453824.209,0.000000000,0.696326435,0.007429798,0.717682719,0.002432894
1578,31559.998,1787268372566.919,169453844.216,0.000000000,0.696339965,0.007408989,0.717669785,0.002417875
1579,31579.990,1787268372586.911,169453864.208,0.000000000,0.696344435,0.007401679,0.717665613,0.002417549
1580,31599.989,1787268372606.910,169453884.208,0.000000000,0.696350932,0.007406619,0.717659175,0.002422847
1581,31619.998,1787268372626.919,169453904.217,0.000000000,0.696355343,0.007415909,0.717654645,0.002450326
1582,31639.990,1787268372646.911,169453924.208,0.000000000,0.696357310,0.007414563,0.717652738,0.002452631
1583,31659.998,1787268372666.918,169453944.216,0.000000000,0.696365654,0.007419086,0.717644572,0.002470259
1584,31679.998,1787268372686.918,169453964.216,0.000000000,0.696332872,0.007402647,0.717676580,0.002453327
1585,31700.003,1787268372706.924,169453984.221,0.000000000,0.696335196,0.007403219,0.717674315,0.002451987
1586,31719.990,1787268372726.911,169454004.208,0.000000000,0.696326613,0.007409140,0.717682660,0.002462183
1587,31739.998,1787268372746.919,169454024.217,0.000000000,0.696322441,0.007391630,0.717686832,0.002437289
1588,31759.999,1787268372766.920,169454044.217,0.000000000,0.696323931,0.007405272,0.717685342,0.002437714
1589,31779.999,1787268372786.920,169454064.217,0.000000000,0.696333647,0.007403571,0.717675984,0.002436101
1590,31799.999,1787268372806.920,169454084.218,0.000000000,0.696338832,0.007400090,0.717670977,0.002431172
1591,31820.000,1787268372826.921,169454104.219,0.000000000,0.696331799,0.007401074,0.717677772,0.002434641
1592,31839.990,1787268372846.911,169454124.209,0.000000000,0.696299970,0.007385469,0.717708826,0.002433507
1593,31859.990,1787268372866.911,169454144.208,0.000000000,0.696265340,0.007384114,0.717742443,0.002440105
1594,31879.992,1787268372886.913,169454164.210,0.000000000,0.696260452,0.007386154,0.717747033,0.002446880
1595,31899.993,1787268372906.914,169454184.211,0.000000000,0.696263313,0.007377092,0.717744291,0.002453656
1596,31919.998,1787268372926.919,169454204.216,0.000000000,0.696267962,0.007361491,0.717740119,0.002447604
1597,31940.001,1787268372946.922,169454224.219,0.000000000,0.696254253,0.007364138,0.717753291,0.002454914
1598,31959.999,1787268372966.920,169454244.217,0.000000000,0.696246564,0.007367519,0.717760742,0.002438012
1599,31979.998,1787268372986.920,169454264.217,0.000000000,0.696237683,0.007363854,0.717769444,0.002428670
1600,31999.992,1787268373006.913,169454284.210,0.000000000,0.696239233,0.007362636,0.717767894,0.002435884
1601,32019.998,1787268373026.919,169454304.216,0.000000000,0.696250677,0.007365913,0.717756629,0.002447390
1602,32039.997,1787268373046.918,169454324.215,0.000000000,0.696271122,0.007366179,0.717736959,0.002456002
1603,32059.989,1787268373066.910,169454344.207,0.000000000,0.696272254,0.007367705,0.717735708,0.002469779
1604,32079.993,1787268373086.915,169454364.212,0.000000000,0.696261227,0.007358154,0.717746556,0.002451375
1605,32099.987,1787268373106.908,169454384.205,0.000000000,0.696258426,0.007365674,0.717749178,0.002469612
1606,32119.987,1787268373126.908,169454404.206,0.000000000,0.696259439,0.007362783,0.717748165,0.002475414
1607,32139.988,1787268373146.909,169454424.207,0.000000000,0.696262062,0.007361820,0.717745662,0.002488586
1608,32160.001,1787268373166.922,169454444.219,0.000000000,0.696242630,0.007380743,0.717764318,0.002508332
1609,32179.999,1787268373186.920,169454464.217,0.000000000,0.696240425,0.007379393,0.717766404,0.002500026
1610,32200.029,1787268373206.949,169454484.247,0.000000000,0.696239829,0.007371500,0.717767000,0.002493573
1611,32219.995,1787268373226.917,169454504.214,0.000000000,0.696256459,0.007362214,0.717750967,0.002471545
1612,32240.002,1787268373246.923,169454524.221,0.000000000,0.696260273,0.007357719,0.717747390,0.002459479
1613,32259.992,1787268373266.913,169454544.210,0.000000000,0.696272433,0.007353956,0.717735827,0.002433865
1614,32279.989,1787268373286.910,169454564.207,0.000000000,0.696270108,0.007348291,0.717738211,0.002437494
1615,32299.992,1787268373306.913,169454584.210,0.000000000,0.696277142,0.007345699,0.717731357,0.002437840
1616,32319.991,1787268373326.912,169454604.209,0.000000000,0.696260810,0.007353027,0.717747033,0.002442815
1617,32340.001,1787268373346.922,169454624.219,0.000000000,0.696261764,0.007358441,0.717746019,0.002460298
1618,32360.005,1787268373366.926,169454644.223,0.000000000,0.696263909,0.007352716,0.717744052,0.002462982
1619,32380.001,1787268373386.922,169454664.220,0.000000000,0.696250558,0.007369280,0.717756748,0.002469642
1620,32400.000,1787268373406.921,169454684.218,0.000000000,0.696268380,0.007358757,0.717739642,0.002449687
1621,32420.009,1787268373426.930,169454704.227,0.000000000,0.696260393,0.007348116,0.717747509,0.002452651
1622,32440.000,1787268373446.921,169454724.219,0.000000000,0.696238518,0.007347165,0.717768669,0.002438685
1623,32460.013,1787268373466.934,169454744.231,0.000000000,0.696249664,0.007349350,0.717757940,0.002433397
1624,32480.003,1787268373486.924,169454764.222,0.000000000,0.696261942,0.007342965,0.717746198,0.002432161
1625,32499.997,1787268373506.918,169454784.216,0.000000000,0.696282923,0.007335545,0.717725873,0.002435100
1626,32520.001,1787268373526.922,169454804.220,0.000000000,0.696273685,0.007336193,0.717734873,0.002448807
1627,32539.993,1787268373546.914,169454824.212,0.000000000,0.696258962,0.007335144,0.717748880,0.002464674
1628,32559.989,1787268373566.910,169454844.208,0.000000000,0.696239352,0.007336073,0.717767954,0.002464668
1629,32579.999,1787268373586.920,169454864.217,0.000000000,0.696231663,0.007332096,0.717775524,0.002470934
1630,32600.006,1787268373606.927,169454884.225,0.000000000,0.696217299,0.007339492,0.717789292,0.002480438
1631,32619.994,1787268373626.915,169454904.212,0.000000000,0.696218848,0.007348761,0.717787623,0.002499986
1632,32639.993,1787268373646.914,169454924.211,0.000000000,0.696215510,0.007338742,0.717791021,0.002503860
1633,32659.992,1787268373666.913,169454944.211,0.000000000,0.696212590,0.007332377,0.717793822,0.002502239
1634,32680.004,1787268373686.925,169454964.222,0.000000000,0.696199059,0.007330646,0.717807055,0.002504118
1635,32700.004,1787268373706.926,169454984.223,0.000000000,0.696212053,0.007327936,0.717794597,0.002470268
1636,32719.995,1787268373726.917,169455004.214,0.000000000,0.696221173,0.007333398,0.717785776,0.002456842
1637,32740.003,1787268373746.924,169455024.222,0.000000000,0.696218610,0.007337619,0.717788100,0.002466619
1638,32759.991,1787268373766.912,169455044.209,0.000000000,0.696223378,0.007334838,0.717783570,0.002441830
1639,32779.990,1787268373786.912,169455064.209,0.000000000,0.696220517,0.007339670,0.717786312,0.002433769
1640,32800.001,1787268373806.922,169455084.219,0.000000000,0.696230650,0.007348388,0.717776418,0.002437383
1641,32819.996,1787268373826.917,169455104.215,0.000000000,0.696252048,0.007338110,0.717755735,0.002439141
1642,32839.989,1787268373846.910,169455124.208,0.000000000,0.696268439,0.007339280,0.717739940,0.002448362
1643,32859.991,1787268373866.912,169455144.209,0.000000000,0.696265101,0.007345950,0.717743099,0.002442288
1644,32880.004,1787268373886.925,169455164.223,0.000000000,0.696262240,0.007361952,0.717745721,0.002439662
1645,32899.999,1787268373906.921,169455184.218,0.000000000,0.696280241,0.007353849,0.717728257,0.002448265
1646,32919.992,1787268373926.913,169455204.210,0.000000000,0.696283460,0.007351937,0.717725217,0.002448240
1647,32939.995,1787268373946.916,169455224.213,0.000000000,0.696308315,0.007363038,0.717700779,0.002466673
1648,32959.999,1787268373966.920,169455244.217,0.000000000,0.696316004,0.007357846,0.717693448,0.002454728
1649,32980.000,1787268373986.921,169455264.218,0.000000000,0.696312964,0.007367914,0.717696309,0.002464877
1650,32999.999,1787268374006.920,169455284.217,0.000000000,0.696300328,0.007361412,0.717708707,0.002446819
1651,33019.990,1787268374026.911,169455304.208,0.000000000,0.696294487,0.007341615,0.717714608,0.002417277
1652,33039.990,1787268374046.911,169455324.209,0.000000000,0.696289182,0.007343086,0.717719853,0.002415395
1653,33059.996,1787268374066.917,169455344.214,0.000000000,0.696263433,0.007351947,0.717744470,0.002444401
1654,33079.989,1787268374086.910,169455364.207,0.000000000,0.696259141,0.007347388,0.717748702,0.002449697
1655,33099.994,1787268374106.915,169455384.212,0.000000000,0.696247578,0.007344640,0.717759907,0.002454826
1656,33119.996,1787268374126.917,169455404.215,0.000000000,0.696243346,0.007336793,0.717764139,0.002481211
1657,33139.997,1787268374146.918,169455424.215,0.000000000,0.696216047,0.007324309,0.717790604,0.002497954
1658,33159.998,1787268374166.918,169455444.216,0.000000000,0.696215928,0.007320752,0.717790842,0.002490857
1659,33179.988,1787268374186.909,169455464.206,0.000000000,0.696214497,0.007315289,0.717792213,0.002499474
1660,33200.004,1787268374206.925,169455484.222,0.000000000,0.696214139,0.007301091,0.717792749,0.002479627
1661,33219.994,1787268374226.916,169455504.213,0.000000000,0.696208000,0.007308551,0.717798650,0.002482785
1662,33239.988,1787268374246.909,169455524.206,0.000000000,0.696243465,0.007320934,0.717764080,0.002476473
1663,33259.993,1787268374266.914,169455544.211,0.000000000,0.696275830,0.007304782,0.717732966,0.002455853
1664,33280.013,1787268374286.934,169455564.231,0.000000000,0.696290374,0.007303849,0.717718959,0.002444328
1665,33300.009,1787268374306.931,169455584.228,0.000000000,0.696293473,0.007315773,0.717715919,0.002447216
1666,33319.993,1787268374326.915,169455604.212,0.000000000,0.696277082,0.007314543,0.717731774,0.002438817
1667,33339.992,1787268374346.913,169455624.210,0.000000000,0.696257114,0.007308412,0.717751026,0.002438530
1668,33360.005,1787268374366.926,169455644.223,0.000000000,0.696232259,0.007287782,0.717775404,0.002435086
1669,33379.994,1787268374386.915,169455664.212,0.000000000,0.696219742,0.007267295,0.717787802,0.002435162
1670,33400.000,1787268374406.921,169455684.218,0.000000000,0.696218371,0.007262307,0.717789173,0.002441457
1671,33419.993,1787268374426.915,169455704.212,0.000000000,0.696208060,0.007250672,0.717799306,0.002430935
1672,33439.994,1787268374446.916,169455724.213,0.000000000,0.696203709,0.007257625,0.717803597,0.002422210
1673,33459.991,1787268374466.912,169455744.210,0.000000000,0.696217000,0.007256416,0.717790604,0.002413094
1674,33479.993,1787268374486.914,169455764.211,0.000000000,0.696221828,0.007251403,0.717785954,0.002425677
1675,33499.994,1787268374506.915,169455784.212,0.000000000,0.696232319,0.007254796,0.717775762,0.002420444
1676,33520.002,1787268374526.923,169455804.221,0.000000000,0.696244359,0.007263394,0.717764020,0.002424775
1677,33539.991,1787268374546.912,169455824.209,0.000000000,0.696246862,0.007269807,0.717761457,0.002432001
1678,33559.999,1787268374566.920,169455844.218,0.000000000,0.696244240,0.007262019,0.717764080,0.002431026
1679,33579.991,1787268374586.912,169455864.210,0.000000000,0.696239591,0.007264025,0.717768550,0.002441806
1680,33599.989,1787268374606.910,169455884.208,0.000000000,0.696229696,0.007248560,0.717778385,0.002424448
1681,33620.001,1787268374626.922,169455904.220,0.000000000,0.696221292,0.007278845,0.717786193,0.002430341
1682,33639.994,1787268374646.915,169455924.212,0.000000000,0.696235597,0.007279627,0.717772305,0.002438390
1683,33659.992,1787268374666.914,169455944.211,0.000000000,0.696240544,0.007276175,0.717767477,0.002435554
1684,33680.003,1787268374686.924,169455964.221,0.000000000,0.696260810,0.007264996,0.717747986,0.002418620
1685,33699.988,1787268374706.909,169455984.206,0.000000000,0.696258724,0.007270887,0.717749953,0.002436723
1686,33719.998,1787268374726.919,169456004.216,0.000000000,0.696253955,0.007263977,0.717754662,0.002420632
1687,33740.003,1787268374746.925,169456024.222,0.000000000,0.696241140,0.007273129,0.717766941,0.002431499
1688,33759.990,1787268374766.911,169456044.208,0.000000000,0.696235895,0.007266794,0.717772186,0.002425291
1689,33779.992,1787268374786.913,169456064.211,0.000000000,0.696237683,0.007252753,0.717770636,0.002417664
1690,33799.992,1787268374806.913,169456084.211,0.000000000,0.696254253,0.007259701,0.717754543,0.002410796
1691,33820.007,1787268374826.928,169456104.226,0.000000000,0.696247041,0.007248614,0.717761636,0.002407196
1692,33839.999,1787268374846.920,169456124.217,0.000000000,0.696235061,0.007260497,0.717773080,0.002410276
1693,33859.992,1787268374866.913,169456144.210,0.000000000,0.696229517,0.007251353,0.717778683,0.002399001
1694,33879.999,1787268374886.920,169456164.218,0.000000000,0.696212947,0.007252907,0.717794657,0.002402927
1695,33899.992,1787268374906.914,169456184.211,0.000000000,0.696208835,0.007254419,0.717798650,0.002406083
1696,33919.991,1787268374926.912,169456204.209,0.000000000,0.696192145,0.007226187,0.717815161,0.002381642
1697,33939.990,1787268374946.911,169456224.209,0.000000000,0.696162939,0.007224749,0.717843592,0.002398773
1698,33960.002,1787268374966.923,169456244.220,0.000000000,0.696143985,0.007224955,0.717861950,0.002397073
1699,33979.999,1787268374986.920,169456264.217,0.000000000,0.696112633,0.007216285,0.717892289,0.002396850
1700,33999.992,1787268375006.913,169456284.211,0.000000000,0.696081996,0.007224085,0.717921793,0.002416551
1701,34020.005,1787268375026.926,169456304.224,0.000000000,0.696081281,0.007222387,0.717922688,0.002412082
1702,34039.994,1787268375046.916,169456324.213,0.000000000,0.696085811,0.007207687,0.717918396,0.002404594
1703,34060.003,1787268375066.924,169456344.221,0.000000000,0.696123421,0.007207666,0.717881978,0.002394619
1704,34079.992,1787268375086.913,169456364.210,0.000000000,0.696129620,0.007208622,0.717876077,0.002383234
1705,34099.993,1787268375106.915,169456384.212,0.000000000,0.696143925,0.007193158,0.717862308,0.002393529
1706,34119.998,1787268375126.920,169456404.217,0.000000000,0.696179271,0.007194108,0.717827857,0.002412319
1707,34139.991,1787268375146.912,169456424.209,0.000000000,0.696177483,0.007190985,0.717829704,0.002414803
1708,34159.989,1787268375166.910,169456444.207,0.000000000,0.696199358,0.007192964,0.717808366,0.002418516
1709,34179.989,1787268375186.910,169456464.207,0.000000000,0.696211338,0.007217317,0.717796445,0.002429918
1710,34200.002,1787268375206.923,169456484.220,0.000000000,0.696203351,0.007221793,0.717804193,0.002426431
1711,34219.989,1787268375226.910,169456504.208,0.000000000,0.696190953,0.007217199,0.717816353,0.002413332
1712,34239.989,1787268375246.911,169456524.208,0.000000000,0.696175218,0.007214856,0.717831552,0.002417556
1713,34259.995,1787268375266.916,169456544.213,0.000000000,0.696184516,0.007209651,0.717822671,0.002416992
1714,34279.995,1787268375286.916,169456564.213,0.000000000,0.696187556,0.007193346,0.717819929,0.002392699
1715,34299.992,1787268375306.913,169456584.210,0.000000000,0.696171761,0.007190959,0.717835307,0.002399268
1716,34319.989,1787268375326.910,169456604.207,0.000000000,0.696176469,0.007189856,0.717830718,0.002399204
1717,34340.004,1787268375346.925,169456624.223,0.000000000,0.696170807,0.007188763,0.717836320,0.002402348
1718,34359.990,1787268375366.911,169456644.208,0.000000000,0.696178734,0.007169790,0.717828810,0.002400658
1719,34379.991,1787268375386.912,169456664.210,0.000000000,0.696174979,0.007176180,0.717832327,0.002408670
1720,34399.996,1787268375406.917,169456684.214,0.000000000,0.696166635,0.007184575,0.717840314,0.002421312
1721,34419.992,1787268375426.913,169456704.210,0.000000000,0.696151793,0.007207964,0.717854381,0.002440030
1722,34439.998,1787268375446.919,169456724.217,0.000000000,0.696139693,0.007213106,0.717866004,0.002446106
1723,34460.003,1787268375466.924,169456744.221,0.000000000,0.696111381,0.007210096,0.717893422,0.002444522
1724,34479.993,1787268375486.914,169456764.211,0.000000000,0.696093261,0.007199964,0.717911065,0.002442266
1725,34499.999,1787268375506.920,169456784.217,0.000000000,0.696093798,0.007204736,0.717910469,0.002452774
1726,34519.989,1787268375526.910,169456804.207,0.000000000,0.696111917,0.007192378,0.717893004,0.002473838
1727,34539.990,1787268375546.911,169456824.209,0.000000000,0.696129262,0.007192255,0.717876315,0.002473018
1728,34559.995,1787268375566.916,169456844.213,0.000000000,0.696134567,0.007190876,0.717871070,0.002471478
1729,34579.993,1787268375586.914,169456864.211,0.000000000,0.696127236,0.007185371,0.717878401,0.002460220
1730,34599.995,1787268375606.916,169456884.213,0.000000000,0.696093321,0.007187312,0.717911005,0.002461093
1731,34619.993,1787268375626.914,169456904.211,0.000000000,0.696089685,0.007171752,0.717914701,0.002452315
1732,34640.004,1787268375646.925,169456924.222,0.000000000,0.696086168,0.007158913,0.717918277,0.002462551
1733,34659.998,1787268375666.919,169456944.217,0.000000000,0.696105599,0.007132448,0.717899740,0.002447021
1734,34680.000,1787268375686.921,169456964.218,0.000000000,0.696130395,0.007128481,0.717875898,0.002446783
1735,34699.994,1787268375706.915,169456984.213,0.000000000,0.696157873,0.007123591,0.717849374,0.002449520
1736,34719.990,1787268375726.911,169457004.208,0.000000000,0.696141779,0.007110600,0.717865050,0.002450742
1737,34740.002,1787268375746.923,169457024.220,0.000000000,0.696144760,0.007109414,0.717862189,0.002447430
1738,34759.996,1787268375766.917,169457044.214,0.000000000,0.696155369,0.007094651,0.717851996,0.002443014
1739,34779.991,1787268375786.912,169457064.209,0.000000000,0.696169794,0.007097785,0.717837930,0.002444277
1740,34800.000,1787268375806.921,169457084.219,0.000000000,0.696143866,0.007101722,0.717863023,0.002452699
1741,34820.031,1787268375826.952,169457104.249,0.000000000,0.696130455,0.007113260,0.717875957,0.002461942
1742,34840.001,1787268375846.922,169457124.220,0.000000000,0.696099281,0.007128265,0.717905879,0.002463158
1743,34859.999,1787268375866.920,169457144.217,0.000000000,0.696072638,0.007124920,0.717931867,0.002459458
1744,34880.003,1787268375886.924,169457164.221,0.000000000,0.696061969,0.007127558,0.717942178,0.002458884
1745,34899.995,1787268375906.916,169457184.213,0.000000000,0.696031451,0.007136006,0.717971683,0.002463151
1746,34920.004,1787268375926.926,169457204.223,0.000000000,0.696012318,0.007145963,0.717990041,0.002485284
1747,34939.997,1787268375946.918,169457224.216,0.000000000,0.696012318,0.007145963,0.717990041,0.002485284
1748,34960.005,1787268375966.926,169457244.224,0.000000000,0.696016014,0.007156022,0.717986405,0.002479228
1749,34979.992,1787268375986.913,169457264.210,0.000000000,0.696033180,0.007152844,0.717969656,0.002486583
1750,34999.991,1787268376006.912,169457284.209,0.000000000,0.696047008,0.007151376,0.717956305,0.002478704
1751,35019.998,1787268376026.920,169457304.217,0.000000000,0.696066201,0.007151497,0.717937768,0.002477229
1752,35039.991,1787268376046.912,169457324.210,0.000000000,0.696078360,0.007153715,0.717925906,0.002480547
1753,35060.002,1787268376066.923,169457344.221,0.000000000,0.696073830,0.007140557,0.717930436,0.002467670
1754,35079.988,1787268376086.909,169457364.207,0.000000000,0.696085930,0.007136424,0.717918754,0.002472077
1755,35099.997,1787268376106.918,169457384.215,0.000000000,0.696081281,0.007116119,0.717923462,0.002470550
1756,35119.993,1787268376126.914,169457404.212,0.000000000,0.696078718,0.007093534,0.717926145,0.002456116
1757,35139.999,1787268376146.921,169457424.218,0.000000000,0.696084499,0.007099581,0.717920601,0.002456913
1758,35159.999,1787268376166.920,169457444.217,0.000000000,0.696079552,0.007100947,0.717925370,0.002467113
1759,35180.002,1787268376186.923,169457464.220,0.000000000,0.696063340,0.007099447,0.717941046,0.002465038
1760,35200.000,1787268376206.921,169457484.218,0.000000000,0.696061611,0.007098455,0.717942774,0.002462712
1761,35219.988,1787268376226.909,169457504.206,0.000000000,0.696073592,0.007101073,0.717931032,0.002483293
1762,35239.988,1787268376246.909,169457524.207,0.000000000,0.696096420,0.007109458,0.717908800,0.002483723
1763,35259.996,1787268376266.917,169457544.214,0.000000000,0.696090877,0.007113559,0.717914045,0.002488977
1764,35280.000,1787268376286.921,169457564.219,0.000000000,0.696070075,0.007105491,0.717934430,0.002467646
1765,35299.992,1787268376306.913,169457584.210,0.000000000,0.696090519,0.007115603,0.717914581,0.002466999
1766,35319.993,1787268376326.914,169457604.211,0.000000000,0.696102619,0.007118570,0.717902720,0.002465911
1767,35339.991,1787268376346.912,169457624.210,0.000000000,0.696117580,0.007115260,0.717888355,0.002464107
1768,35359.996,1787268376366.917,169457644.214,0.000000000,0.696119547,0.007093634,0.717886627,0.002469864
1769,35379.996,1787268376386.917,169457664.214,0.000000000,0.696124792,0.007093135,0.717881560,0.002464405
1770,35399.991,1787268376406.912,169457684.210,0.000000000,0.696136475,0.007102953,0.717870116,0.002482208
1771,35419.989,1787268376426.910,169457704.208,0.000000000,0.696140528,0.007096678,0.717866361,0.002462000
1772,35439.988,1787268376446.909,169457724.206,0.000000000,0.696139693,0.007098244,0.717867017,0.002458640
1773,35459.994,1787268376466.915,169457744.212,0.000000000,0.696126282,0.007097540,0.717880070,0.002471416
1774,35479.991,1787268376486.912,169457764.210,0.000000000,0.696129978,0.007095566,0.717876494,0.002473732
1775,35500.002,1787268376506.923,169457784.221,0.000000000,0.696129978,0.007087932,0.717876554,0.002488181
1776,35520.002,1787268376526.923,169457804.221,0.000000000,0.696115792,0.007088427,0.717890263,0.002494719
1777,35540.002,1787268376546.923,169457824.221,0.000000000,0.696109414,0.007082522,0.717896461,0.002488004
1778,35560.005,1787268376566.927,169457844.224,0.000000000,0.696076572,0.007078968,0.717928350,0.002482570
1779,35579.995,1787268376586.917,169457864.214,0.000000000,0.696062744,0.007089658,0.717941642,0.002484221
1780,35599.996,1787268376606.917,169457884.215,0.000000000,0.696032822,0.007102279,0.717970550,0.002494953
1781,35620.000,1787268376626.921,169457904.218,0.000000000,0.696022868,0.007106518,0.717980146,0.002494340
1782,35640.002,1787268376646.923,169457924.221,0.000000000,0.696006417,0.007109861,0.717996180,0.002484604
1783,35659.995,1787268376666.916,169457944.213,0.000000000,0.696020365,0.007096934,0.717982650,0.002494553
1784,35680.002,1787268376686.923,169457964.221,0.000000000,0.696046054,0.007093077,0.717957795,0.002484667
1785,35700.003,1787268376706.924,169457984.221,0.000000000,0.696055472,0.007078459,0.717948914,0.002470761
1786,35720.001,1787268376726.922,169458004.220,0.000000000,0.696059525,0.007081410,0.717944801,0.002484538
1787,35739.991,1787268376746.912,169458024.209,0.000000000,0.696061909,0.007079388,0.717942595,0.002481858
1788,35759.990,1787268376766.911,169458044.208,0.000000000,0.696061254,0.007084334,0.717943132,0.002485142
1789,35779.991,1787268376786.912,169458064.210,0.000000000,0.696056426,0.007063255,0.717948079,0.002476933
1790,35799.988,1787268376806.909,169458084.206,0.000000000,0.696057975,0.007060844,0.717946649,0.002474233
1791,35820.002,1787268376826.923,169458104.220,0.000000000,0.696066141,0.007063629,0.717938662,0.002459818
1792,35839.994,1787268376846.915,169458124.213,0.000000000,0.696068943,0.007065140,0.717936039,0.002470287
1793,35860.001,1787268376866.922,169458144.220,0.000000000,0.696077168,0.007063621,0.717928052,0.002479990
1794,35879.995,1787268376886.917,169458164.214,0.000000000,0.696090877,0.007064646,0.717914581,0.002480165
1795,35900.013,1787268376906.934,169458184.232,0.000000000,0.696090162,0.007050989,0.717915475,0.002469182
1796,35920.005,1787268376926.926,169458204.224,0.000000000,0.696082532,0.007044666,0.717922926,0.002474557
1797,35940.008,1787268376946.929,169458224.226,0.000000000,0.696076274,0.007054583,0.717928946,0.002478376
1798,35959.998,1787268376966.920,169458244.217,0.000000000,0.696055949,0.007041129,0.717948854,0.002446353
1799,35979.992,1787268376986.913,169458264.210,0.000000000,0.696050525,0.007039287,0.717953980,0.002479524
1800,35999.990,1787268377006.911,169458284.208,0.000000000,0.696051419,0.007040622,0.717953146,0.002476707
1801,36019.994,1787268377026.916,169458304.213,0.000000000,0.696058214,0.007037899,0.717946589,0.002486489
1802,36040.001,1787268377046.922,169458324.219,0.000000000,0.696044385,0.007035646,0.717960000,0.002494872
1803,36059.992,1787268377066.913,169458344.211,0.000000000,0.696043015,0.007043090,0.717961192,0.002506507
1804,36080.010,1787268377086.931,169458364.228,0.000000000,0.696065307,0.007031094,0.717939675,0.002498026
1805,36100.003,1787268377106.924,169458384.221,0.000000000,0.696076691,0.007031721,0.717928588,0.002505480
1806,36119.995,1787268377126.916,169458404.214,0.000000000,0.696067989,0.007042753,0.717936993,0.002513605
1807,36140.002,1787268377146.923,169458424.220,0.000000000,0.696054578,0.007047494,0.717949867,0.002529962
1808,36160.001,1787268377166.922,169458444.219,0.000000000,0.696025193,0.007046024,0.717978358,0.002529771
1809,36179.992,1787268377186.913,169458464.210,0.000000000,0.696011007,0.007046389,0.717992127,0.002525436
1810,36199.992,1787268377206.914,169458484.211,0.000000000,0.696015716,0.007040066,0.717987657,0.002533332
1811,36220.001,1787268377226.922,169458504.219,0.000000000,0.696018577,0.007038194,0.717984736,0.002546147
1812,36239.998,1787268377246.919,169458524.216,0.000000000,0.696022391,0.007022936,0.717981339,0.002556596
1813,36260.006,1787268377266.927,169458544.225,0.000000000,0.696023047,0.007016710,0.717980742,0.002544991
1814,36279.993,1787268377286.914,169458564.211,0.000000000,0.696030021,0.007019521,0.717973948,0.002544248
1815,36300.002,1787268377306.923,169458584.220,0.000000000,0.696040988,0.007028694,0.717963278,0.002548342
1816,36320.000,1787268377326.921,169458604.218,0.000000000,0.696045816,0.007030308,0.717958391,0.002563296
1817,36339.990,1787268377346.911,169458624.208,0.000000000,0.696031630,0.007031140,0.717972279,0.002521137
1818,36360.004,1787268377366.926,169458644.223,0.000000000,0.696043551,0.007020322,0.717960894,0.002539262
1819,36380.002,1787268377386.923,169458664.221,0.000000000,0.696033835,0.007013016,0.717970431,0.002532835
1820,36399.998,1787268377406.919,169458684.217,0.000000000,0.696022630,0.007021386,0.717981100,0.002534657
1821,36419.999,1787268377426.920,169458704.217,0.000000000,0.696003020,0.007011702,0.718000174,0.002535435
1822,36439.996,1787268377446.917,169458724.214,0.000000000,0.695992351,0.007012326,0.718010604,0.002532968
1823,36460.000,1787268377466.921,169458744.219,0.000000000,0.695990503,0.007006536,0.718012273,0.002549925
1824,36479.992,1787268377486.914,169458764.211,0.000000000,0.695995092,0.006996487,0.718007982,0.002555606
1825,36499.991,1787268377506.912,169458784.209,0.000000000,0.695991576,0.007004119,0.718011320,0.002563755
1826,36519.997,1787268377526.918,169458804.215,0.000000000,0.695961595,0.007018778,0.718039930,0.002573094
1827,36539.993,1787268377546.914,169458824.211,0.000000000,0.695972860,0.007015543,0.718029320,0.002574279
1828,36560.000,1787268377566.921,169458844.218,0.000000000,0.695979059,0.007017006,0.718023241,0.002570876
1829,36579.988,1787268377586.909,169458864.207,0.000000000,0.695985556,0.006998110,0.718017161,0.002561430
1830,36599.988,1787268377606.909,169458884.206,0.000000000,0.696001530,0.006990653,0.718001783,0.002563612
1831,36619.992,1787268377626.914,169458904.211,0.000000000,0.695997596,0.006989008,0.718005657,0.002555904
1832,36640.000,1787268377646.921,169458924.218,0.000000000,0.696020842,0.006993372,0.717983007,0.002567696
1833,36659.995,1787268377666.916,169458944.213,0.000000000,0.696044803,0.006985116,0.717959762,0.002573985
1834,36679.996,1787268377686.917,169458964.214,0.000000000,0.696030736,0.006983238,0.717973471,0.002579467
1835,36700.004,1787268377706.925,169458984.223,0.000000000,0.696018875,0.006978174,0.717985034,0.002572348
1836,36719.996,1787268377726.917,169459004.214,0.000000000,0.696012259,0.006982059,0.717991412,0.002579243
1837,36739.990,1787268377746.911,169459024.209,0.000000000,0.696010351,0.006973526,0.717993259,0.002575845
1838,36760.000,1787268377766.921,169459044.219,0.000000000,0.696004570,0.006980055,0.717998803,0.002581863
1839,36780.000,1787268377786.921,169459064.218,0.000000000,0.695996642,0.006975675,0.718006492,0.002596718
1840,36800.002,1787268377806.923,169459084.220,0.000000000,0.695996583,0.006981959,0.718006551,0.002608467
1841,36819.998,1787268377826.919,169459104.216,0.000000000,0.696009457,0.006984440,0.717993855,0.002621076
1842,36839.995,1787268377846.916,169459124.213,0.000000000,0.696017683,0.006995451,0.717985809,0.002622353
1843,36859.996,1787268377866.917,169459144.215,0.000000000,0.696029842,0.006981290,0.717974126,0.002616210
1844,36879.991,1787268377886.912,169459164.210,0.000000000,0.696038246,0.006985276,0.717965961,0.002619350
1845,36900.001,1787268377906.922,169459184.219,0.000000000,0.696036398,0.006993782,0.717967689,0.002618263
1846,36919.991,1787268377926.912,169459204.210,0.000000000,0.696041942,0.006976591,0.717962503,0.002602781
1847,36939.991,1787268377946.912,169459224.210,0.000000000,0.696052074,0.006978236,0.717952728,0.002604252
1848,36959.992,1787268377966.913,169459244.210,0.000000000,0.696049035,0.006979612,0.717955589,0.002600468
1849,36979.989,1787268377986.910,169459264.208,0.000000000,0.696055889,0.006978109,0.717949033,0.002591914
1850,36999.991,1787268378006.912,169459284.210,0.000000000,0.696060598,0.006977179,0.717944503,0.002592284
1851,37020.001,1787268378026.922,169459304.219,0.000000000,0.696061850,0.006959777,0.717943430,0.002574465
1852,37039.999,1787268378046.920,169459324.217,0.000000000,0.696056485,0.006975588,0.717948556,0.002573413
1853,37059.999,1787268378066.920,169459344.218,0.000000000,0.696047187,0.006973092,0.717957616,0.002570082
1854,37079.990,1787268378086.911,169459364.208,0.000000000,0.696024597,0.006978867,0.717979491,0.002579543
1855,37100.000,1787268378106.921,169459384.218,0.000000000,0.696013570,0.006974726,0.717990220,0.002554762
1856,37119.999,1787268378126.920,169459404.218,0.000000000,0.696004570,0.006983741,0.717998862,0.002555664
1857,37140.003,1787268378146.924,169459424.221,0.000000000,0.695986807,0.006981687,0.718016088,0.002558016
1858,37159.996,1787268378166.917,169459444.215,0.000000000,0.695962906,0.006968173,0.718039453,0.002557737
1859,37179.991,1787268378186.912,169459464.209,0.000000000,0.695958912,0.006957399,0.718043387,0.002556164
1860,37199.998,1787268378206.918,169459484.216,0.000000000,0.695944905,0.006961428,0.718056917,0.002556765
1861,37220.001,1787268378226.922,169459504.220,0.000000000,0.695942402,0.006944114,0.718059480,0.002545838
1862,37239.992,1787268378246.913,169459524.210,0.000000000,0.695942402,0.006936974,0.718059659,0.002538383
1863,37259.995,1787268378266.916,169459544.213,0.000000000,0.695929170,0.006949739,0.718072355,0.002543112
1864,37279.989,1787268378286.910,169459564.207,0.000000000,0.695918441,0.006959733,0.718082428,0.002570328
1865,37299.992,1787268378306.913,169459584.210,0.000000000,0.695914567,0.006961251,0.718086243,0.002567480
1866,37319.999,1787268378326.920,169459604.217,0.000000000,0.695926368,0.006964004,0.718074739,0.002565780
1867,37340.003,1787268378346.924,169459624.221,0.000000000,0.695937574,0.006955227,0.718064070,0.002564875
1868,37359.993,1787268378366.914,169459644.211,0.000000000,0.695952713,0.006955216,0.718049347,0.002562951
1869,37379.999,1787268378386.920,169459664.217,0.000000000,0.695956945,0.006957151,0.718045294,0.002553657
1870,37399.993,1787268378406.915,169459684.212,0.000000000,0.695980191,0.006963573,0.718022764,0.002558431
1871,37420.003,1787268378426.925,169459704.222,0.000000000,0.695991635,0.006955174,0.718011737,0.002566327
1872,37439.997,1787268378446.918,169459724.216,0.000000000,0.695981920,0.006959703,0.718021035,0.002559348
1873,37460.007,1787268378466.928,169459744.226,0.000000000,0.695999026,0.006965143,0.718004465,0.002555571
1874,37480.004,1787268378486.926,169459764.223,0.000000000,0.696006238,0.006972221,0.717997372,0.002568008
1875,37499.993,1787268378506.914,169459784.211,0.000000000,0.696039498,0.006967424,0.717965186,0.002554229
1876,37520.001,1787268378526.922,169459804.220,0.000000000,0.696021020,0.006947374,0.717983305,0.002558080
1877,37539.992,1787268378546.913,169459824.210,0.000000000,0.695994079,0.006945873,0.718009412,0.002573206
1878,37559.994,1787268378566.915,169459844.213,0.000000000,0.695973337,0.006938254,0.718029678,0.002563415
1879,37579.989,1787268378586.910,169459864.208,0.000000000,0.695941269,0.006956659,0.718060434,0.002566563
1880,37599.995,1787268378606.916,169459884.214,0.000000000,0.695935130,0.006960897,0.718066275,0.002573619
1881,37619.999,1787268378626.920,169459904.217,0.000000000,0.695927680,0.006961333,0.718073606,0.002569804
1882,37639.995,1787268378646.916,169459924.213,0.000000000,0.695918381,0.006955789,0.718082547,0.002573844
1883,37659.992,1787268378666.913,169459944.210,0.000000000,0.695913851,0.006970366,0.718086839,0.002576943
1884,37679.993,1787268378686.914,169459964.211,0.000000000,0.695924819,0.006955579,0.718076348,0.002565676
1885,37700.001,1787268378706.922,169459984.219,0.000000000,0.695929885,0.006975352,0.718071163,0.002583858
1886,37719.998,1787268378726.919,169460004.216,0.000000000,0.695924699,0.006968055,0.718076408,0.002568113
1887,37740.001,1787268378746.922,169460024.219,0.000000000,0.695922434,0.006981861,0.718078315,0.002585782
1888,37760.011,1787268378766.932,169460044.230,0.000000000,0.695929885,0.006966724,0.718071282,0.002587918
1889,37779.993,1787268378786.915,169460064.212,0.000000000,0.695935011,0.006950742,0.718066394,0.002584189
1890,37800.008,1787268378806.929,169460084.226,0.000000000,0.695940912,0.006948652,0.718060732,0.002579614
1891,37820.000,1787268378826.921,169460104.218,0.000000000,0.695917547,0.006944572,0.718083441,0.002601020
1892,37840.000,1787268378846.921,169460124.218,0.000000000,0.695904255,0.006953988,0.718096197,0.002618376
1893,37860.000,1787268378866.921,169460144.218,0.000000000,0.695896626,0.006957903,0.718103588,0.002622406
1894,37880.003,1787268378886.924,169460164.221,0.000000000,0.695881307,0.006971183,0.718118131,0.002634202
