index,time_ms,time_realtime_ms,time_monotonic_ms,ros_timestamp,base_ax,base_ay,base_az
0,0.000,1787268341006.921,169422284.218,0.000000000,0.000000000,0.000000000,9.806650162
1,19.993,1787268341026.914,169422304.211,0.000000000,0.000000000,0.000000000,9.806650162
2,40.000,1787268341046.921,169422324.218,0.000000000,0.000000000,0.000000000,9.806650162
3,59.991,1787268341066.912,169422344.209,0.000000000,0.000000000,0.000000000,9.806650162
4,79.991,1787268341086.912,169422364.209,0.000000000,0.000000000,0.000000000,9.806650162
5,99.999,1787268341106.920,169422384.217,0.000000000,0.000000000,0.000000000,9.806650162
6,119.995,1787268341126.916,169422404.213,0.000000000,0.000000000,0.000000000,9.806650162
7,139.999,1787268341146.920,169422424.217,0.000000000,0.000000000,0.000000000,9.806650162
8,160.000,1787268341166.921,169422444.219,0.000000000,0.000000000,0.000000000,9.806650162
9,180.005,1787268341186.926,169422464.223,0.000000000,0.000000000,0.000000000,9.806650162
10,200.003,1787268341206.925,169422484.222,0.000000000,0.000000000,0.000000000,9.806650162
11,219.993,1787268341226.915,169422504.212,0.000000000,0.000000000,0.000000000,9.806650162
12,240.000,1787268341246.921,169422524.218,0.000000000,0.000000000,0.000000000,9.806650162
13,259.995,1787268341266.916,169422544.213,0.000000000,0.000000000,0.000000000,9.806650162
14,279.996,1787268341286.917,169422564.214,0.000000000,0.000000000,0.000000000,9.806650162
15,299.999,1787268341306.920,169422584.218,0.000000000,0.000000000,0.000000000,9.806650162
16,320.002,1787268341326.923,169422604.220,0.000000000,0.000000000,0.000000000,9.806650162
17,340.005,1787268341346.927,169422624.224,0.000000000,0.000000000,0.000000000,9.806650162
18,359.996,1787268341366.917,169422644.215,0.000000000,0.000000000,0.000000000,9.806650162
19,379.992,1787268341386.913,169422664.211,0.000000000,0.000000000,0.000000000,9.806650162
20,400.000,1787268341406.921,169422684.218,0.000000000,0.000000000,0.000000000,9.806650162
21,419.996,1787268341426.917,169422704.214,0.000000000,0.000000000,0.000000000,9.806650162
22,439.999,1787268341446.920,169422724.217,0.000000000,0.000000000,0.000000000,9.806650162
23,459.997,1787268341466.918,169422744.216,0.000000000,0.000000000,0.000000000,9.806650162
24,479.998,1787268341486.919,169422764.216,0.000000000,0.000000000,0.000000000,9.806650162
25,500.003,1787268341506.924,169422784.221,0.000000000,0.000000000,0.000000000,9.806650162
26,519.991,1787268341526.912,169422804.209,0.000000000,0.000000000,0.000000000,9.806650162
27,539.990,1787268341546.911,169422824.208,0.000000000,0.000000000,0.000000000,9.806650162
28,559.991,1787268341566.912,169422844.209,0.000000000,0.000000000,0.000000000,9.806650162
29,579.988,1787268341586.909,169422864.206,0.000000000,0.000000000,0.000000000,9.806650162
30,599.988,1787268341606.909,169422884.206,0.000000000,0.000000000,0.000000000,9.806650162
31,619.999,1787268341626.920,169422904.217,0.000000000,0.000000000,0.000000000,9.806650162
32,639.996,1787268341646.917,169422924.214,0.000000000,0.000000000,0.000000000,9.806650162
33,660.003,1787268341666.924,169422944.221,0.000000000,0.000000000,0.000000000,9.806650162
34,680.000,1787268341686.921,169422964.219,0.000000000,0.000000000,0.000000000,9.806650162
35,700.004,1787268341706.925,169422984.222,0.000000000,0.000000000,0.000000000,9.806650162
36,720.001,1787268341726.922,169423004.219,0.000000000,0.000000000,0.000000000,9.806650162
37,740.000,1787268341746.921,169423024.218,0.000000000,0.000000000,0.000000000,9.806650162
38,759.997,1787268341766.918,169423044.215,0.000000000,0.000000000,0.000000000,9.806650162
39,779.994,1787268341786.915,169423064.212,0.000000000,0.000000000,0.000000000,9.806650162
40,800.002,1787268341806.923,169423084.221,0.000000000,0.000000000,0.000000000,9.806650162
41,819.989,1787268341826.910,169423104.208,0.000000000,0.000000000,0.000000000,9.806650162
42,839.989,1787268341846.910,169423124.207,0.000000000,0.000000000,0.000000000,9.806650162
43,859.989,1787268341866.910,169423144.208,0.000000000,0.000000000,0.000000000,9.806650162
44,879.991,1787268341886.912,169423164.209,0.000000000,0.000000000,0.000000000,9.806650162
45,900.002,1787268341906.923,169423184.220,0.000000000,0.000000000,0.000000000,9.806650162
46,920.002,1787268341926.923,169423204.221,0.000000000,0.000000000,0.000000000,9.806650162
47,940.000,1787268341946.921,169423224.219,0.000000000,0.000000000,0.000000000,9.806650162
48,959.996,1787268341966.917,169423244.215,0.000000000,0.000000000,0.000000000,9.806650162
49,979.998,1787268341986.920,169423264.217,0.000000000,0.000000000,0.000000000,9.806650162
50,1000.000,1787268342006.921,169423284.218,0.000000000,0.000000000,0.000000000,9.806650162
51,1020.002,1787268342026.923,169423304.220,0.000000000,0.000000000,0.000000000,9.806650162
52,1040.001,1787268342046.922,169423324.219,0.000000000,0.000000000,0.000000000,9.806650162
53,1060.000,1787268342066.921,169423344.219,0.000000000,0.000000000,0.000000000,9.806650162
54,1080.003,1787268342086.925,169423364.222,0.000000000,0.000000000,0.000000000,9.806650162
55,1100.002,1787268342106.923,169423384.220,0.000000000,0.000000000,0.000000000,9.806650162
56,1119.991,1787268342126.912,169423404.209,0.000000000,0.000000000,0.000000000,9.806650162
57,1140.003,1787268342146.924,169423424.221,0.000000000,0.000000000,0.000000000,9.806650162
58,1160.001,1787268342166.922,169423444.219,0.000000000,0.000000000,0.000000000,9.806650162
59,1179.992,1787268342186.913,169423464.211,0.000000000,0.000000000,0.000000000,9.806650162
60,1200.000,1787268342206.921,169423484.218,0.000000000,0.000000000,0.000000000,9.806650162
61,1219.993,1787268342226.914,169423504.211,0.000000000,0.000000000,0.000000000,9.806650162
62,1240.002,1787268342246.923,169423524.221,0.000000000,0.000000000,0.000000000,9.806650162
63,1260.006,1787268342266.927,169423544.225,0.000000000,0.000000000,0.000000000,9.806650162
64,1279.993,1787268342286.914,169423564.211,0.000000000,0.000000000,0.000000000,9.806650162
65,1299.996,1787268342306.917,169423584.214,0.000000000,0.000000000,0.000000000,9.806650162
66,1319.998,1787268342326.919,169423604.216,0.000000000,0.000000000,0.000000000,9.806650162
67,1339.994,1787268342346.915,169423624.212,0.000000000,0.000000000,0.000000000,9.806650162
68,1360.002,1787268342366.923,169423644.221,0.000000000,0.000000000,0.000000000,9.806650162
69,1380.012,1787268342386.933,169423664.230,0.000000000,0.000000000,0.000000000,9.806650162
70,1400.001,1787268342406.922,169423684.220,0.000000000,0.000000000,0.000000000,9.806650162
71,1420.007,1787268342426.928,169423704.225,0.000000000,0.000000000,0.000000000,9.806650162
72,1440.008,1787268342446.929,169423724.227,0.000000000,0.000000000,0.000000000,9.806650162
73,1459.994,1787268342466.915,169423744.212,0.000000000,0.000000000,0.000000000,9.806650162
74,1480.004,1787268342486.925,169423764.222,0.000000000,0.000000000,0.000000000,9.806650162
75,1499.993,1787268342506.914,169423784.211,0.000000000,0.000000000,0.000000000,9.806650162
76,1520.009,1787268342526.930,169423804.227,0.000000000,0.000000000,0.000000000,9.806650162
77,1539.998,1787268342546.919,169423824.216,0.000000000,0.000000000,0.000000000,9.806650162
78,1560.000,1787268342566.921,169423844.218,0.000000000,0.000000000,0.000000000,9.806650162
79,1579.992,1787268342586.913,169423864.210,0.000000000,0.000000000,0.000000000,9.806650162
80,1599.994,1787268342606.915,169423884.212,0.000000000,0.000000000,0.000000000,9.806650162
81,1620.001,1787268342626.922,169423904.220,0.000000000,0.000000000,0.000000000,9.806650162
82,1640.003,1787268342646.924,169423924.221,0.000000000,0.000000000,0.000000000,9.806650162
83,1659.991,1787268342666.912,169423944.210,0.000000000,0.000000000,0.000000000,9.806650162
84,1679.995,1787268342686.916,169423964.213,0.000000000,0.000000000,0.000000000,9.806650162
85,1699.997,1787268342706.917,169423984.215,0.000000000,0.000000000,0.000000000,9.806650162
86,1719.990,1787268342726.911,169424004.208,0.000000000,0.000000000,0.000000000,9.806650162
87,1740.015,1787268342746.936,169424024.233,0.000000000,0.000000000,0.000000000,9.806650162
88,1759.998,1787268342766.918,169424044.216,0.000000000,0.000000000,0.000000000,9.806650162
89,1779.991,1787268342786.912,169424064.209,0.000000000,0.000000000,0.000000000,9.806650162
90,1799.995,1787268342806.916,169424084.213,0.000000000,0.000000000,0.000000000,9.806650162
91,1819.994,1787268342826.916,169424104.213,0.000000000,0.000000000,0.000000000,9.806650162
92,1840.005,1787268342846.926,169424124.223,0.000000000,0.000000000,0.000000000,9.806650162
93,1860.008,1787268342866.929,169424144.227,0.000000000,0.000000000,0.000000000,9.806650162
94,1879.998,1787268342886.919,169424164.217,0.000000000,0.000000000,0.000000000,9.806650162
95,1899.992,1787268342906.914,169424184.211,0.000000000,0.000000000,0.000000000,9.806650162
96,1919.995,1787268342926.917,169424204.214,0.000000000,0.000000000,0.000000000,9.806650162
97,1939.991,1787268342946.912,169424224.209,0.000000000,0.000000000,0.000000000,9.806650162
98,1959.999,1787268342966.920,169424244.218,0.000000000,0.000000000,0.000000000,9.806650162
99,1979.998,1787268342986.919,169424264.216,0.000000000,0.000000000,0.000000000,9.806650162
100,2000.000,1787268343006.921,169424284.218,0.000000000,0.000000000,0.000000000,9.806650162
101,2020.084,1787268343027.005,169424304.302,0.000000000,0.000000000,0.000000000,9.806650162
102,2040.004,1787268343046.925,169424324.222,0.000000000,0.000000000,0.000000000,9.806650162
103,2059.997,1787268343066.918,169424344.216,0.000000000,0.000000000,0.000000000,9.806650162
104,2080.005,1787268343086.926,169424364.224,0.000000000,0.000000000,0.000000000,9.806650162
105,2099.999,1787268343106.920,169424384.217,0.000000000,0.000000000,0.000000000,9.806650162
106,2119.990,1787268343126.911,169424404.209,0.000000000,0.000000000,0.000000000,9.806650162
107,2140.003,1787268343146.924,169424424.221,0.000000000,0.000000000,0.000000000,9.806650162
108,2160.004,1787268343166.925,169424444.222,0.000000000,0.000000000,0.000000000,9.806650162
109,2180.002,1787268343186.923,169424464.220,0.000000000,0.000000000,0.000000000,9.806650162
110,2200.001,1787268343206.922,169424484.219,0.000000000,0.000000000,0.000000000,9.806650162
111,2220.141,1787268343227.062,169424504.359,0.000000000,0.000000000,0.000000000,9.806650162
112,2240.004,1787268343246.925,169424524.222,0.000000000,0.000000000,0.000000000,9.806650162
113,2260.003,1787268343266.924,169424544.221,0.000000000,0.000000000,0.000000000,9.806650162
114,2279.992,1787268343286.913,169424564.210,0.000000000,0.000000000,0.000000000,9.806650162
115,2299.991,1787268343306.912,169424584.209,0.000000000,0.000000000,0.000000000,9.806650162
116,2319.993,1787268343326.914,169424604.211,0.000000000,0.000000000,0.000000000,9.806650162
117,2339.994,1787268343346.915,169424624.212,0.000000000,0.000000000,0.000000000,9.806650162
118,2359.992,1787268343366.913,169424644.210,0.000000000,0.000000000,0.000000000,9.806650162
119,2379.996,1787268343386.917,169424664.214,0.000000000,0.000000000,0.000000000,9.806650162
120,2399.991,1787268343406.912,169424684.209,0.000000000,0.000000000,0.000000000,9.806650162
121,2419.990,1787268343426.911,169424704.209,0.000000000,0.000000000,0.000000000,9.806650162
122,2439.996,1787268343446.917,169424724.215,0.000000000,0.000000000,0.000000000,9.806650162
123,2460.005,1787268343466.926,169424744.223,0.000000000,0.000000000,0.000000000,9.806650162
124,2480.001,1787268343486.922,169424764.219,0.000000000,0.000000000,0.000000000,9.806650162
125,2500.002,1787268343506.923,169424784.220,0.000000000,0.000000000,0.000000000,9.806650162
126,2519.992,1787268343526.913,169424804.211,0.000000000,0.000000000,0.000000000,9.806650162
127,2540.001,1787268343546.922,169424824.220,0.000000000,0.000000000,0.000000000,9.806650162
128,2559.997,1787268343566.918,169424844.215,0.000000000,0.000000000,0.000000000,9.806650162
129,2579.991,1787268343586.912,169424864.210,0.000000000,0.000000000,0.000000000,9.806650162
130,2600.001,1787268343606.922,169424884.219,0.000000000,0.000000000,0.000000000,9.806650162
131,2619.996,1787268343626.917,169424904.214,0.000000000,0.000000000,0.000000000,9.806650162
132,2640.004,1787268343646.925,169424924.223,0.000000000,0.000000000,0.000000000,9.806650162
133,2660.001,1787268343666.922,169424944.219,0.000000000,0.000000000,0.000000000,9.806650162
134,2679.993,1787268343686.914,169424964.211,0.000000000,0.000000000,0.000000000,9.806650162
135,2700.006,1787268343706.927,169424984.225,0.000000000,0.000000000,0.000000000,9.806650162
136,2720.000,1787268343726.921,169425004.218,0.000000000,0.000000000,0.000000000,9.806650162
137,2740.003,1787268343746.924,169425024.222,0.000000000,0.000000000,0.000000000,9.806650162
138,2759.994,1787268343766.916,169425044.213,0.000000000,0.000000000,0.000000000,9.806650162
139,2779.993,1787268343786.914,169425064.211,0.000000000,0.000000000,0.000000000,9.806650162
140,2799.998,1787268343806.919,169425084.216,0.000000000,0.000000000,0.000000000,9.806650162
141,2820.004,1787268343826.925,169425104.222,0.000000000,0.000000000,0.000000000,9.806650162
142,2840.000,1787268343846.921,169425124.219,0.000000000,0.000000000,0.000000000,9.806650162
143,2860.000,1787268343866.921,169425144.218,0.000000000,0.000000000,0.000000000,9.806650162
144,2879.992,1787268343886.913,169425164.210,0.000000000,0.000000000,0.000000000,9.806650162
145,2899.996,1787268343906.917,169425184.214,0.000000000,0.000000000,0.000000000,9.806650162
146,2920.007,1787268343926.928,169425204.226,0.000000000,0.000000000,0.000000000,9.806650162
147,2939.992,1787268343946.913,169425224.210,0.000000000,0.000000000,0.000000000,9.806650162
148,2959.999,1787268343966.920,169425244.218,0.000000000,0.000000000,0.000000000,9.806650162
149,2980.005,1787268343986.926,169425264.223,0.000000000,0.000000000,0.000000000,9.806650162
150,2999.995,1787268344006.916,169425284.213,0.000000000,0.000000000,0.000000000,9.806650162
151,3019.997,1787268344026.918,169425304.215,0.000000000,0.000000000,0.000000000,9.806650162
152,3039.997,1787268344046.918,169425324.215,0.000000000,0.000000000,0.000000000,9.806650162
153,3060.000,1787268344066.921,169425344.218,0.000000000,0.000000000,0.000000000,9.806650162
154,3079.990,1787268344086.911,169425364.209,0.000000000,0.000000000,0.000000000,9.806650162
155,3100.100,1787268344107.021,169425384.318,0.000000000,0.000000000,0.000000000,9.806650162
156,3119.997,1787268344126.918,169425404.215,0.000000000,0.000000000,0.000000000,9.806650162
157,3139.997,1787268344146.918,169425424.215,0.000000000,0.000000000,0.000000000,9.806650162
158,3160.003,1787268344166.925,169425444.222,0.000000000,0.000000000,0.000000000,9.806650162
159,3179.989,1787268344186.910,169425464.208,0.000000000,0.000000000,0.000000000,9.806650162
160,3200.003,1787268344206.924,169425484.221,0.000000000,0.000000000,0.000000000,9.806650162
161,3220.005,1787268344226.926,169425504.224,0.000000000,0.000000000,0.000000000,9.806650162
162,3239.997,1787268344246.918,169425524.216,0.000000000,0.000000000,0.000000000,9.806650162
163,3260.004,1787268344266.925,169425544.223,0.000000000,0.000000000,0.000000000,9.806650162
164,3279.998,1787268344286.919,169425564.216,0.000000000,0.000000000,0.000000000,9.806650162
165,3300.003,1787268344306.924,169425584.222,0.000000000,0.000000000,0.000000000,9.806650162
166,3319.995,1787268344326.916,169425604.213,0.000000000,0.000000000,0.000000000,9.806650162
167,3340.006,1787268344346.927,169425624.224,0.000000000,0.000000000,0.000000000,9.806650162
168,3359.993,1787268344366.915,169425644.212,0.000000000,0.000000000,0.000000000,9.806650162
169,3379.990,1787268344386.911,169425664.208,0.000000000,0.000000000,0.000000000,9.806650162
170,3400.002,1787268344406.923,169425684.221,0.000000000,0.000000000,0.000000000,9.806650162
171,3420.001,1787268344426.922,169425704.220,0.000000000,0.000000000,0.000000000,9.806650162
172,3439.999,1787268344446.920,169425724.217,0.000000000,0.000000000,0.000000000,9.806650162
173,3460.009,1787268344466.930,169425744.227,0.000000000,0.000000000,0.000000000,9.806650162
174,3479.996,1787268344486.917,169425764.215,0.000000000,0.000000000,0.000000000,9.806650162
175,3499.999,1787268344506.920,169425784.217,0.000000000,0.000000000,0.000000000,9.806650162
176,3519.997,1787268344526.918,169425804.215,0.000000000,0.000000000,0.000000000,9.806650162
177,3540.005,1787268344546.926,169425824.223,0.000000000,0.000000000,0.000000000,9.806650162
178,3559.994,1787268344566.916,169425844.213,0.000000000,0.000000000,0.000000000,9.806650162
179,3579.992,1787268344586.913,169425864.210,0.000000000,0.000000000,0.000000000,9.806650162
180,3599.999,1787268344606.920,169425884.217,0.000000000,0.000000000,0.000000000,9.806650162
181,3619.998,1787268344626.919,169425904.216,0.000000000,0.000000000,0.000000000,9.806650162
182,3639.998,1787268344646.919,169425924.217,0.000000000,0.000000000,0.000000000,9.806650162
183,3659.990,1787268344666.911,169425944.208,0.000000000,0.000000000,0.000000000,9.806650162
184,3680.002,1787268344686.923,169425964.221,0.000000000,0.000000000,0.000000000,9.806650162
185,3700.003,1787268344706.925,169425984.222,0.000000000,0.000000000,0.000000000,9.806650162
186,3720.000,1787268344726.922,169426004.219,0.000000000,0.000000000,0.000000000,9.806650162
187,3740.003,1787268344746.924,169426024.221,0.000000000,0.000000000,0.000000000,9.806650162
188,3759.995,1787268344766.916,169426044.213,0.000000000,0.000000000,0.000000000,9.806650162
189,3780.003,1787268344786.925,169426064.222,0.000000000,0.000000000,0.000000000,9.806650162
190,3799.991,1787268344806.912,169426084.210,0.000000000,0.000000000,0.000000000,9.806650162
191,3819.997,1787268344826.918,169426104.215,0.000000000,0.000000000,0.000000000,9.806650162
192,3839.995,1787268344846.916,169426124.214,0.000000000,0.000000000,0.000000000,9.806650162
193,3860.004,1787268344866.925,169426144.222,0.000000000,0.000000000,0.000000000,9.806650162
194,3880.004,1787268344886.925,169426164.222,0.000000000,0.000000000,0.000000000,9.806650162
195,3900.002,1787268344906.923,169426184.220,0.000000000,0.000000000,0.000000000,9.806650162
196,3920.004,1787268344926.925,169426204.222,0.000000000,0.000000000,0.000000000,9.806650162
197,3940.002,1787268344946.923,169426224.221,0.000000000,0.000000000,0.000000000,9.806650162
198,3959.995,1787268344966.916,169426244.213,0.000000000,0.000000000,0.000000000,9.806650162
199,3980.000,1787268344986.921,169426264.218,0.000000000,0.000000000,0.000000000,9.806650162
200,3999.994,1787268345006.916,169426284.213,0.000000000,0.000000000,0.000000000,9.806650162
201,4020.003,1787268345026.924,169426304.222,0.000000000,0.000000000,0.000000000,9.806650162
202,4039.998,1787268345046.919,169426324.216,0.000000000,0.000000000,0.000000000,9.806650162
203,4060.002,1787268345066.923,169426344.221,0.000000000,0.000000000,0.000000000,9.806650162
204,4079.990,1787268345086.911,169426364.208,0.000000000,0.000000000,0.000000000,9.806650162
205,4100.005,1787268345106.926,169426384.223,0.000000000,0.000000000,0.000000000,9.806650162
206,4120.000,1787268345126.921,169426404.218,0.000000000,0.000000000,0.000000000,9.806650162
207,4139.994,1787268345146.915,169426424.212,0.000000000,0.000000000,0.000000000,9.806650162
208,4160.004,1787268345166.925,169426444.223,0.000000000,0.000000000,0.000000000,9.806650162
209,4180.001,1787268345186.922,169426464.219,0.000000000,0.000000000,0.000000000,9.806650162
210,4200.001,1787268345206.922,169426484.219,0.000000000,0.000000000,0.000000000,9.806650162
211,4219.993,1787268345226.914,169426504.211,0.000000000,0.000000000,0.000000000,9.806650162
212,4240.003,1787268345246.924,169426524.221,0.000000000,0.000000000,0.000000000,9.806650162
213,4260.006,1787268345266.927,169426544.224,0.000000000,0.000000000,0.000000000,9.806650162
214,4280.003,1787268345286.925,169426564.222,0.000000000,0.000000000,0.000000000,9.806650162
215,4300.001,1787268345306.922,169426584.219,0.000000000,0.000000000,0.000000000,9.806650162
216,4319.993,1787268345326.915,169426604.212,0.000000000,0.000000000,0.000000000,9.806650162
217,4339.991,1787268345346.912,169426624.209,0.000000000,0.000000000,0.000000000,9.806650162
218,4359.997,1787268345366.918,169426644.215,0.000000000,0.000000000,0.000000000,9.806650162
219,4380.004,1787268345386.925,169426664.222,0.000000000,0.000000000,0.000000000,9.806650162
220,4400.001,1787268345406.922,169426684.220,0.000000000,0.000000000,0.000000000,9.806650162
221,4419.991,1787268345426.912,169426704.209,0.000000000,0.000000000,0.000000000,9.806650162
222,4439.996,1787268345446.917,169426724.215,0.000000000,0.000000000,0.000000000,9.806650162
223,4459.995,1787268345466.917,169426744.214,0.000000000,0.000000000,0.000000000,9.806650162
224,4479.997,1787268345486.918,169426764.215,0.000000000,0.000000000,0.000000000,9.806650162
225,4499.988,1787268345506.909,169426784.207,0.000000000,0.000000000,0.000000000,9.806650162
226,4520.000,1787268345526.921,169426804.219,0.000000000,0.000000000,0.000000000,9.806650162
227,4540.002,1787268345546.923,169426824.220,0.000000000,0.000000000,0.000000000,9.806650162
228,4559.999,1787268345566.920,169426844.217,0.000000000,0.000000000,0.000000000,9.806650162
229,4579.998,1787268345586.919,169426864.216,0.000000000,0.000000000,0.000000000,9.806650162
230,4600.000,1787268345606.921,169426884.218,0.000000000,0.000000000,0.000000000,9.806650162
231,4619.993,1787268345626.914,169426904.212,0.000000000,0.000000000,0.000000000,9.806650162
232,4639.995,1787268345646.916,169426924.213,0.000000000,0.000000000,0.000000000,9.806650162
233,4660.004,1787268345666.925,169426944.222,0.000000000,0.000000000,0.000000000,9.806650162
234,4680.000,1787268345686.921,169426964.219,0.000000000,0.000000000,0.000000000,9.806650162
235,4699.991,1787268345706.912,169426984.209,0.000000000,0.000000000,0.000000000,9.806650162
236,4719.998,1787268345726.919,169427004.216,0.000000000,0.000000000,0.000000000,9.806650162
237,4740.124,1787268345747.046,169427024.343,0.000000000,0.000000000,0.000000000,9.806650162
238,4760.000,1787268345766.921,169427044.218,0.000000000,0.000000000,0.000000000,9.806650162
239,4779.996,1787268345786.917,169427064.214,0.000000000,0.000000000,0.000000000,9.806650162
240,4800.001,1787268345806.922,169427084.219,0.000000000,0.000000000,0.000000000,9.806650162
241,4819.998,1787268345826.919,169427104.216,0.000000000,0.000000000,0.000000000,9.806650162
242,4839.991,1787268345846.912,169427124.210,0.000000000,0.000000000,0.000000000,9.806650162
243,4860.008,1787268345866.929,169427144.226,0.000000000,0.000000000,0.000000000,9.806650162
244,4879.994,1787268345886.915,169427164.213,0.000000000,0.000000000,0.000000000,9.806650162
245,4899.998,1787268345906.919,169427184.216,0.000000000,0.000000000,0.000000000,9.806650162
246,4919.990,1787268345926.911,169427204.209,0.000000000,0.000000000,0.000000000,9.806650162
247,4940.002,1787268345946.923,169427224.220,0.000000000,0.000000000,0.000000000,9.806650162
248,4960.003,1787268345966.924,169427244.221,0.000000000,0.000000000,0.000000000,9.806650162
249,4980.003,1787268345986.924,169427264.221,0.000000000,0.000000000,0.000000000,9.806650162
250,4999.999,1787268346006.920,169427284.218,0.000000000,0.000000000,0.000000000,9.806650162
251,5020.057,1787268346026.978,169427304.276,0.000000000,0.000000000,0.000000000,9.806650162
252,5040.001,1787268346046.922,169427324.219,0.000000000,0.000000000,0.000000000,9.806650162
253,5059.992,1787268346066.913,169427344.210,0.000000000,0.000000000,0.000000000,9.806650162
254,5079.992,1787268346086.914,169427364.211,0.000000000,0.000000000,0.000000000,9.806650162
255,5099.995,1787268346106.916,169427384.213,0.000000000,0.000000000,0.000000000,9.806650162
256,5119.993,1787268346126.914,169427404.211,0.000000000,0.000000000,0.000000000,9.806650162
257,5140.001,1787268346146.922,169427424.220,0.000000000,0.000000000,0.000000000,9.806650162
258,5159.998,1787268346166.918,169427444.216,0.000000000,0.000000000,0.000000000,9.806650162
259,5179.998,1787268346186.918,169427464.216,0.000000000,0.000000000,0.000000000,9.806650162
260,5200.000,1787268346206.921,169427484.218,0.000000000,0.000000000,0.000000000,9.806650162
261,5220.005,1787268346226.926,169427504.223,0.000000000,0.000000000,0.000000000,9.806650162
262,5240.001,1787268346246.922,169427524.219,0.000000000,0.000000000,0.000000000,9.806650162
263,5260.002,1787268346266.923,169427544.221,0.000000000,0.000000000,0.000000000,9.806650162
264,5280.013,1787268346286.934,169427564.231,0.000000000,0.000000000,0.000000000,9.806650162
265,5299.991,1787268346306.912,169427584.210,0.000000000,0.000000000,0.000000000,9.806650162
266,5319.995,1787268346326.916,169427604.213,0.000000000,0.000000000,0.000000000,9.806650162
267,5339.995,1787268346346.916,169427624.213,0.000000000,0.000000000,0.000000000,9.806650162
268,5360.002,1787268346366.923,169427644.220,0.000000000,0.000000000,0.000000000,9.806650162
269,5380.000,1787268346386.921,169427664.218,0.000000000,0.000000000,0.000000000,9.806650162
270,5400.004,1787268346406.926,169427684.223,0.000000000,0.000000000,0.000000000,9.806650162
271,5420.004,1787268346426.926,169427704.223,0.000000000,0.000000000,0.000000000,9.806650162
272,5440.002,1787268346446.923,169427724.220,0.000000000,0.000000000,0.000000000,9.806650162
273,5460.020,1787268346466.941,169427744.238,0.000000000,0.000000000,0.000000000,9.806650162
274,5480.004,1787268346486.925,169427764.222,0.000000000,0.000000000,0.000000000,9.806650162
275,5499.994,1787268346506.915,169427784.213,0.000000000,0.000000000,0.000000000,9.806650162
276,5519.992,1787268346526.913,169427804.210,0.000000000,0.000000000,0.000000000,9.806650162
277,5540.069,1787268346546.990,169427824.288,0.000000000,0.000000000,0.000000000,9.806650162
278,5560.002,1787268346566.923,169427844.221,0.000000000,0.000000000,0.000000000,9.806650162
279,5579.991,1787268346586.912,169427864.210,0.000000000,0.000000000,0.000000000,9.806650162
280,5599.994,1787268346606.915,169427884.213,0.000000000,0.000000000,0.000000000,9.806650162
281,5620.010,1787268346626.931,169427904.229,0.000000000,0.000000000,0.000000000,9.806650162
282,5640.005,1787268346646.927,169427924.224,0.000000000,0.000000000,0.000000000,9.806650162
283,5659.997,1787268346666.917,169427944.215,0.000000000,0.000000000,0.000000000,9.806650162
284,5679.992,1787268346686.913,169427964.211,0.000000000,0.000000000,0.000000000,9.806650162
285,5699.995,1787268346706.916,169427984.214,0.000000000,0.000000000,0.000000000,9.806650162
286,5719.996,1787268346726.917,169428004.214,0.000000000,0.000000000,0.000000000,9.806650162
287,5739.999,1787268346746.920,169428024.218,0.000000000,0.000000000,0.000000000,9.806650162
288,5760.017,1787268346766.938,169428044.235,0.000000000,0.000000000,0.000000000,9.806650162
289,5780.006,1787268346786.927,169428064.224,0.000000000,0.000000000,0.000000000,9.806650162
290,5800.003,1787268346806.924,169428084.221,0.000000000,0.000000000,0.000000000,9.806650162
291,5819.994,1787268346826.915,169428104.213,0.000000000,0.000000000,0.000000000,9.806650162
292,5840.005,1787268346846.926,169428124.223,0.000000000,0.000000000,0.000000000,9.806650162
293,5859.991,1787268346866.912,169428144.210,0.000000000,0.000000000,0.000000000,9.806650162
294,5879.999,1787268346886.920,169428164.217,0.000000000,0.000000000,0.000000000,9.806650162
295,5899.996,1787268346906.917,169428184.215,0.000000000,0.000000000,0.000000000,9.806650162
296,5919.997,1787268346926.918,169428204.215,0.000000000,0.000000000,0.000000000,9.806650162
297,5939.994,1787268346946.915,169428224.212,0.000000000,0.000000000,0.000000000,9.806650162
298,5959.997,1787268346966.918,169428244.215,0.000000000,0.000000000,0.000000000,9.806650162
299,5980.001,1787268346986.922,169428264.220,0.000000000,0.000000000,0.000000000,9.806650162
300,5999.989,1787268347006.910,169428284.208,0.000000000,0.000000000,0.000000000,9.806650162
301,6019.989,1787268347026.910,169428304.207,0.000000000,0.000000000,0.000000000,9.806650162
302,6039.991,1787268347046.912,169428324.209,0.000000000,0.000000000,0.000000000,9.806650162
303,6059.991,1787268347066.912,169428344.209,0.000000000,0.000000000,0.000000000,9.806650162
304,6079.995,1787268347086.916,169428364.213,0.000000000,0.000000000,0.000000000,9.806650162
305,6100.013,1787268347106.934,169428384.231,0.000000000,0.000000000,0.000000000,9.806650162
306,6120.003,1787268347126.924,169428404.221,0.000000000,0.000000000,0.000000000,9.806650162
307,6140.014,1787268347146.935,169428424.232,0.000000000,0.000000000,0.000000000,9.806650162
308,6159.992,1787268347166.913,169428444.211,0.000000000,0.000000000,0.000000000,9.806650162
309,6180.002,1787268347186.923,169428464.220,0.000000000,0.000000000,0.000000000,9.806650162
310,6199.991,1787268347206.912,169428484.210,0.000000000,0.000000000,0.000000000,9.806650162
311,6220.004,1787268347226.925,169428504.222,0.000000000,0.000000000,0.000000000,9.806650162
312,6239.992,1787268347246.914,169428524.211,0.000000000,0.000000000,0.000000000,9.806650162
313,6260.003,1787268347266.924,169428544.221,0.000000000,0.000000000,0.000000000,9.806650162
314,6279.999,1787268347286.920,169428564.217,0.000000000,0.000000000,0.000000000,9.806650162
315,6299.991,1787268347306.912,169428584.209,0.000000000,0.000000000,0.000000000,9.806650162
316,6319.997,1787268347326.918,169428604.215,0.000000000,0.000000000,0.000000000,9.806650162
317,6339.991,1787268347346.912,169428624.210,0.000000000,0.000000000,0.000000000,9.806650162
318,6359.989,1787268347366.910,169428644.208,0.000000000,0.000000000,0.000000000,9.806650162
319,6380.029,1787268347386.950,169428664.247,0.000000000,0.000000000,0.000000000,9.806650162
320,6399.988,1787268347406.909,169428684.207,0.000000000,0.000000000,0.000000000,9.806650162
321,6419.989,1787268347426.910,169428704.207,0.000000000,0.000000000,0.000000000,9.806650162
322,6439.989,1787268347446.910,169428724.208,0.000000000,0.000000000,0.000000000,9.806650162
323,6459.990,1787268347466.911,169428744.208,0.000000000,0.000000000,0.000000000,9.806650162
324,6480.000,1787268347486.921,169428764.219,0.000000000,0.000000000,0.000000000,9.806650162
325,6499.999,1787268347506.920,169428784.218,0.000000000,0.000000000,0.000000000,9.806650162
326,6520.001,1787268347526.922,169428804.219,0.000000000,0.000000000,0.000000000,9.806650162
327,6539.991,1787268347546.912,169428824.209,0.000000000,0.000000000,0.000000000,9.806650162
328,6560.030,1787268347566.951,169428844.248,0.000000000,0.000000000,0.000000000,9.806650162
329,6580.003,1787268347586.924,169428864.222,0.000000000,0.000000000,0.000000000,9.806650162
330,6599.997,1787268347606.918,169428884.215,0.000000000,0.000000000,0.000000000,9.806650162
331,6619.995,1787268347626.917,169428904.214,0.000000000,0.000000000,0.000000000,9.806650162
332,6639.999,1787268347646.920,169428924.217,0.000000000,0.000000000,0.000000000,9.806650162
333,6660.000,1787268347666.921,169428944.219,0.000000000,0.000000000,0.000000000,9.806650162
334,6679.989,1787268347686.910,169428964.208,0.000000000,0.000000000,0.000000000,9.806650162
335,6700.004,1787268347706.925,169428984.222,0.000000000,0.000000000,0.000000000,9.806650162
336,6719.993,1787268347726.914,169429004.211,0.000000000,0.000000000,0.000000000,9.806650162
337,6739.995,1787268347746.916,169429024.213,0.000000000,0.000000000,0.000000000,9.806650162
338,6760.002,1787268347766.923,169429044.220,0.000000000,0.000000000,0.000000000,9.806650162
339,6779.997,1787268347786.918,169429064.216,0.000000000,0.000000000,0.000000000,9.806650162
340,6800.002,1787268347806.923,169429084.220,0.000000000,0.000000000,0.000000000,9.806650162
341,6819.990,1787268347826.911,169429104.208,0.000000000,0.000000000,0.000000000,9.806650162
342,6839.992,1787268347846.913,169429124.210,0.000000000,0.000000000,0.000000000,9.806650162
343,6859.998,1787268347866.919,169429144.217,0.000000000,0.000000000,0.000000000,9.806650162
344,6879.991,1787268347886.912,169429164.210,0.000000000,0.000000000,0.000000000,9.806650162
345,6900.002,1787268347906.923,169429184.220,0.000000000,0.000000000,0.000000000,9.806650162
346,6920.001,1787268347926.922,169429204.219,0.000000000,0.000000000,0.000000000,9.806650162
347,6940.002,1787268347946.923,169429224.220,0.000000000,0.000000000,0.000000000,9.806650162
348,6959.993,1787268347966.914,169429244.211,0.000000000,0.000000000,0.000000000,9.806650162
349,6979.995,1787268347986.916,169429264.214,0.000000000,0.000000000,0.000000000,9.806650162
350,7000.001,1787268348006.922,169429284.220,0.000000000,0.000000000,0.000000000,9.806650162
351,7020.001,1787268348026.922,169429304.219,0.000000000,0.000000000,0.000000000,9.806650162
352,7039.989,1787268348046.910,169429324.207,0.000000000,0.000000000,0.000000000,9.806650162
353,7060.001,1787268348066.923,169429344.220,0.000000000,0.000000000,0.000000000,9.806650162
354,7079.990,1787268348086.911,169429364.208,0.000000000,0.000000000,0.000000000,9.806650162
355,7100.001,1787268348106.922,169429384.219,0.000000000,0.000000000,0.000000000,9.806650162
356,7119.991,1787268348126.912,169429404.209,0.000000000,0.000000000,0.000000000,9.806650162
357,7140.001,1787268348146.922,169429424.219,0.000000000,0.000000000,0.000000000,9.806650162
358,7159.995,1787268348166.916,169429444.213,0.000000000,0.000000000,0.000000000,9.806650162
359,7179.990,1787268348186.911,169429464.208,0.000000000,0.000000000,0.000000000,9.806650162
360,7200.000,1787268348206.921,169429484.218,0.000000000,0.000000000,0.000000000,9.806650162
361,7219.992,1787268348226.913,169429504.211,0.000000000,0.000000000,0.000000000,9.806650162
362,7239.997,1787268348246.918,169429524.216,0.000000000,0.000000000,0.000000000,9.806650162
363,7259.993,1787268348266.914,169429544.211,0.000000000,0.000000000,0.000000000,9.806650162
364,7279.989,1787268348286.910,169429564.208,0.000000000,0.000000000,0.000000000,9.806650162
365,7300.008,1787268348306.929,169429584.227,0.000000000,0.000000000,0.000000000,9.806650162
366,7319.990,1787268348326.911,169429604.209,0.000000000,0.000000000,0.000000000,9.806650162
367,7339.989,1787268348346.910,169429624.208,0.000000000,0.000000000,0.000000000,9.806650162
368,7359.998,1787268348366.919,169429644.217,0.000000000,0.000000000,0.000000000,9.806650162
369,7380.000,1787268348386.921,169429664.219,0.000000000,0.000000000,0.000000000,9.806650162
370,7400.005,1787268348406.926,169429684.224,0.000000000,0.000000000,0.000000000,9.806650162
371,7419.998,1787268348426.918,169429704.216,0.000000000,0.000000000,0.000000000,9.806650162
372,7440.006,1787268348446.927,169429724.224,0.000000000,0.000000000,0.000000000,9.806650162
373,7459.991,1787268348466.912,169429744.210,0.000000000,0.000000000,0.000000000,9.806650162
374,7479.999,1787268348486.920,169429764.218,0.000000000,0.000000000,0.000000000,9.806650162
375,7500.004,1787268348506.925,169429784.222,0.000000000,0.000000000,0.000000000,9.806650162
376,7519.991,1787268348526.912,169429804.209,0.000000000,0.000000000,0.000000000,9.806650162
377,7539.997,1787268348546.918,169429824.215,0.000000000,0.000000000,0.000000000,9.806650162
378,7560.000,1787268348566.921,169429844.218,0.000000000,0.000000000,0.000000000,9.806650162
379,7580.002,1787268348586.923,169429864.220,0.000000000,0.000000000,0.000000000,9.806650162
380,7600.003,1787268348606.924,169429884.221,0.000000000,0.000000000,0.000000000,9.806650162
381,7619.993,1787268348626.914,169429904.212,0.000000000,0.000000000,0.000000000,9.806650162
382,7639.993,1787268348646.915,169429924.212,0.000000000,0.000000000,0.000000000,9.806650162
383,7659.992,1787268348666.913,169429944.210,0.000000000,0.000000000,0.000000000,9.806650162
384,7680.019,1787268348686.941,169429964.238,0.000000000,0.000000000,0.000000000,9.806650162
385,7699.990,1787268348706.911,169429984.209,0.000000000,0.000000000,0.000000000,9.806650162
386,7720.002,1787268348726.923,169430004.220,0.000000000,0.000000000,0.000000000,9.806650162
387,7739.989,1787268348746.910,169430024.207,0.000000000,0.000000000,0.000000000,9.806650162
388,7759.991,1787268348766.912,169430044.209,0.000000000,0.000000000,0.000000000,9.806650162
389,7779.988,1787268348786.910,169430064.207,0.000000000,0.000000000,0.000000000,9.806650162
390,7799.990,1787268348806.911,169430084.208,0.000000000,0.000000000,0.000000000,9.806650162
391,7819.994,1787268348826.915,169430104.212,0.000000000,0.000000000,0.000000000,9.806650162
392,7840.001,1787268348846.922,169430124.219,0.000000000,0.000000000,0.000000000,9.806650162
393,7860.000,1787268348866.921,169430144.218,0.000000000,0.000000000,0.000000000,9.806650162
394,7879.995,1787268348886.916,169430164.214,0.000000000,0.000000000,0.000000000,9.806650162
395,7899.993,1787268348906.914,169430184.211,0.000000000,0.000000000,0.000000000,9.806650162
396,7920.003,1787268348926.924,169430204.222,0.000000000,0.000000000,0.000000000,9.806650162
397,7939.993,1787268348946.914,169430224.211,0.000000000,0.000000000,0.000000000,9.806650162
398,7959.992,1787268348966.913,169430244.210,0.000000000,0.000000000,0.000000000,9.806650162
399,7979.989,1787268348986.910,169430264.207,0.000000000,0.000000000,0.000000000,9.806650162
400,7999.998,1787268349006.918,169430284.216,0.000000000,0.000000000,0.000000000,9.806650162
401,8019.989,1787268349026.910,169430304.207,0.000000000,0.000000000,0.000000000,9.806650162
402,8040.002,1787268349046.923,169430324.221,0.000000000,0.000000000,0.000000000,9.806650162
403,8059.992,1787268349066.914,169430344.211,0.000000000,0.000000000,0.000000000,9.806650162
404,8080.001,1787268349086.922,169430364.219,0.000000000,0.000000000,0.000000000,9.806650162
405,8099.991,1787268349106.912,169430384.210,0.000000000,0.000000000,0.000000000,9.806650162
406,8120.072,1787268349126.993,169430404.290,0.000000000,0.000000000,0.000000000,9.806650162
407,8139.997,1787268349146.918,169430424.215,0.000000000,0.000000000,0.000000000,9.806650162
408,8159.996,1787268349166.917,169430444.214,0.000000000,0.000000000,0.000000000,9.806650162
409,8179.994,1787268349186.915,169430464.212,0.000000000,0.000000000,0.000000000,9.806650162
410,8200.004,1787268349206.925,169430484.223,0.000000000,0.000000000,0.000000000,9.806650162
411,8220.008,1787268349226.928,169430504.226,0.000000000,0.000000000,0.000000000,9.806650162
412,8239.993,1787268349246.914,169430524.211,0.000000000,0.000000000,0.000000000,9.806650162
413,8260.002,1787268349266.923,169430544.220,0.000000000,0.000000000,0.000000000,9.806650162
414,8279.992,1787268349286.913,169430564.211,0.000000000,0.000000000,0.000000000,9.806650162
415,8300.000,1787268349306.921,169430584.219,0.000000000,0.000000000,0.000000000,9.806650162
416,8319.991,1787268349326.912,169430604.210,0.000000000,0.000000000,0.000000000,9.806650162
417,8340.004,1787268349346.925,169430624.222,0.000000000,0.000000000,0.000000000,9.806650162
418,8360.003,1787268349366.924,169430644.222,0.000000000,0.000000000,0.000000000,9.806650162
419,8379.989,1787268349386.910,169430664.208,0.000000000,0.000000000,0.000000000,9.806650162
420,8400.099,1787268349407.020,169430684.318,0.000000000,0.000000000,0.000000000,9.806650162
421,8419.994,1787268349426.915,169430704.212,0.000000000,0.000000000,0.000000000,9.806650162
422,8439.997,1787268349446.918,169430724.215,0.000000000,0.000000000,0.000000000,9.806650162
423,8460.000,1787268349466.921,169430744.218,0.000000000,0.000000000,0.000000000,9.806650162
424,8479.998,1787268349486.919,169430764.217,0.000000000,0.000000000,0.000000000,9.806650162
425,8500.004,1787268349506.925,169430784.222,0.000000000,0.000000000,0.000000000,9.806650162
426,8519.997,1787268349526.918,169430804.216,0.000000000,0.000000000,0.000000000,9.806650162
427,8540.008,1787268349546.929,169430824.227,0.000000000,0.000000000,0.000000000,9.806650162
428,8559.993,1787268349566.914,169430844.212,0.000000000,0.000000000,0.000000000,9.806650162
429,8579.998,1787268349586.919,169430864.217,0.000000000,0.000000000,0.000000000,9.806650162
430,8599.989,1787268349606.910,169430884.207,0.000000000,0.000000000,0.000000000,9.806650162
431,8619.994,1787268349626.915,169430904.212,0.000000000,0.000000000,0.000000000,9.806650162
432,8639.999,1787268349646.920,169430924.217,0.000000000,0.000000000,0.000000000,9.806650162
433,8659.994,1787268349666.915,169430944.212,0.000000000,0.000000000,0.000000000,9.806650162
434,8680.000,1787268349686.921,169430964.218,0.000000000,0.000000000,0.000000000,9.806650162
435,8699.992,1787268349706.913,169430984.210,0.000000000,0.000000000,0.000000000,9.806650162
436,8720.015,1787268349726.936,169431004.233,0.000000000,0.000000000,0.000000000,9.806650162
437,8739.994,1787268349746.915,169431024.213,0.000000000,0.000000000,0.000000000,9.806650162
438,8759.996,1787268349766.917,169431044.214,0.000000000,0.000000000,0.000000000,9.806650162
439,8779.995,1787268349786.916,169431064.214,0.000000000,0.000000000,0.000000000,9.806650162
440,8799.993,1787268349806.914,169431084.211,0.000000000,0.000000000,0.000000000,9.806650162
441,8819.992,1787268349826.914,169431104.211,0.000000000,0.000000000,0.000000000,9.806650162
442,8839.989,1787268349846.911,169431124.208,0.000000000,0.000000000,0.000000000,9.806650162
443,8860.023,1787268349866.944,169431144.241,0.000000000,0.000000000,0.000000000,9.806650162
444,8879.994,1787268349886.915,169431164.212,0.000000000,0.000000000,0.000000000,9.806650162
445,8899.993,1787268349906.914,169431184.211,0.000000000,0.000000000,0.000000000,9.806650162
446,8919.989,1787268349926.910,169431204.207,0.000000000,0.000000000,0.000000000,9.806650162
447,8939.999,1787268349946.920,169431224.218,0.000000000,0.000000000,0.000000000,9.806650162
448,8960.001,1787268349966.922,169431244.219,0.000000000,0.000000000,0.000000000,9.806650162
449,8980.002,1787268349986.923,169431264.220,0.000000000,0.000000000,0.000000000,9.806650162
450,9000.001,1787268350006.922,169431284.220,0.000000000,0.000000000,0.000000000,9.806650162
451,9020.000,1787268350026.921,169431304.218,0.000000000,0.000000000,0.000000000,9.806650162
452,9039.997,1787268350046.917,169431324.215,0.000000000,0.000000000,0.000000000,9.806650162
453,9060.000,1787268350066.921,169431344.219,0.000000000,0.000000000,0.000000000,9.806650162
454,9080.003,1787268350086.925,169431364.222,0.000000000,0.000000000,0.000000000,9.806650162
455,9100.000,1787268350106.922,169431384.219,0.000000000,0.000000000,0.000000000,9.806650162
456,9119.993,1787268350126.914,169431404.211,0.000000000,0.000000000,0.000000000,9.806650162
457,9139.996,1787268350146.917,169431424.214,0.000000000,0.000000000,0.000000000,9.806650162
458,9160.002,1787268350166.923,169431444.220,0.000000000,0.000000000,0.000000000,9.806650162
459,9180.004,1787268350186.925,169431464.223,0.000000000,0.000000000,0.000000000,9.806650162
460,9199.992,1787268350206.914,169431484.211,0.000000000,0.000000000,0.000000000,9.806650162
461,9219.996,1787268350226.917,169431504.214,0.000000000,0.000000000,0.000000000,9.806650162
462,9239.995,1787268350246.916,169431524.213,0.000000000,0.000000000,0.000000000,9.806650162
463,9259.998,1787268350266.919,169431544.216,0.000000000,0.000000000,0.000000000,9.806650162
464,9280.001,1787268350286.922,169431564.219,0.000000000,0.000000000,0.000000000,9.806650162
465,9300.000,1787268350306.921,169431584.218,0.000000000,0.000000000,0.000000000,9.806650162
466,9319.997,1787268350326.918,169431604.216,0.000000000,0.000000000,0.000000000,9.806650162
467,9340.002,1787268350346.923,169431624.221,0.000000000,0.000000000,0.000000000,9.806650162
468,9360.002,1787268350366.923,169431644.220,0.000000000,0.000000000,0.000000000,9.806650162
469,9380.001,1787268350386.922,169431664.219,0.000000000,0.000000000,0.000000000,9.806650162
470,9400.001,1787268350406.922,169431684.219,0.000000000,0.000000000,0.000000000,9.806650162
471,9419.995,1787268350426.916,169431704.214,0.000000000,0.000000000,0.000000000,9.806650162
472,9439.995,1787268350446.916,169431724.213,0.000000000,0.000000000,0.000000000,9.806650162
473,9460.010,1787268350466.931,169431744.228,0.000000000,0.000000000,0.000000000,9.806650162
474,9479.995,1787268350486.916,169431764.213,0.000000000,0.000000000,0.000000000,9.806650162
475,9499.990,1787268350506.911,169431784.208,0.000000000,0.000000000,0.000000000,9.806650162
476,9519.991,1787268350526.912,169431804.210,0.000000000,0.000000000,0.000000000,9.806650162
477,9539.993,1787268350546.914,169431824.212,0.000000000,0.000000000,0.000000000,9.806650162
478,9559.994,1787268350566.915,169431844.212,0.000000000,0.000000000,0.000000000,9.806650162
479,9579.999,1787268350586.920,169431864.217,0.000000000,0.000000000,0.000000000,9.806650162
480,9600.001,1787268350606.922,169431884.219,0.000000000,0.000000000,0.000000000,9.806650162
481,9620.002,1787268350626.923,169431904.220,0.000000000,0.000000000,0.000000000,9.806650162
482,9639.997,1787268350646.918,169431924.215,0.000000000,0.000000000,0.000000000,9.806650162
483,9660.001,1787268350666.922,169431944.220,0.000000000,0.000000000,0.000000000,9.806650162
484,9680.000,1787268350686.921,169431964.218,0.000000000,0.000000000,0.000000000,9.806650162
485,9699.998,1787268350706.919,169431984.216,0.000000000,0.000000000,0.000000000,9.806650162
486,9719.991,1787268350726.912,169432004.210,0.000000000,0.000000000,0.000000000,9.806650162
487,9739.988,1787268350746.909,169432024.206,0.000000000,0.000000000,0.000000000,9.806650162
488,9760.017,1787268350766.938,169432044.236,0.000000000,0.000000000,0.000000000,9.806650162
489,9779.999,1787268350786.920,169432064.218,0.000000000,0.000000000,0.000000000,9.806650162
490,9800.001,1787268350806.922,169432084.220,0.000000000,0.000000000,0.000000000,9.806650162
491,9819.997,1787268350826.918,169432104.215,0.000000000,0.000000000,0.000000000,9.806650162
492,9840.003,1787268350846.924,169432124.221,0.000000000,0.000000000,0.000000000,9.806650162
493,9859.999,1787268350866.920,169432144.217,0.000000000,0.000000000,0.000000000,9.806650162
494,9880.005,1787268350886.926,169432164.223,0.000000000,0.000000000,0.000000000,9.806650162
495,9900.000,1787268350906.922,169432184.219,0.000000000,0.000000000,0.000000000,9.806650162
496,9919.990,1787268350926.911,169432204.208,0.000000000,0.000000000,0.000000000,9.806650162
497,9939.997,1787268350946.917,169432224.215,0.000000000,0.000000000,0.000000000,9.806650162
498,9960.003,1787268350966.924,169432244.221,0.000000000,0.000000000,0.000000000,9.806650162
499,9979.989,1787268350986.910,169432264.207,0.000000000,0.000000000,0.000000000,9.806650162
500,10000.007,1787268351006.928,169432284.225,0.000000000,0.000000000,0.000000000,9.806650162
501,10019.998,1787268351026.919,169432304.216,0.000000000,0.000000000,0.000000000,9.806650162
502,10039.997,1787268351046.918,169432324.216,0.000000000,0.000000000,0.000000000,9.806650162
503,10060.005,1787268351066.926,169432344.223,0.000000000,0.000000000,0.000000000,9.806650162
504,10080.020,1787268351086.941,169432364.238,0.000000000,0.000000000,0.000000000,9.806650162
505,10099.988,1787268351106.909,169432384.206,0.000000000,0.000000000,0.000000000,9.806650162
506,10119.999,1787268351126.920,169432404.217,0.000000000,0.000000000,0.000000000,9.806650162
507,10139.998,1787268351146.919,169432424.217,0.000000000,0.000000000,0.000000000,9.806650162
508,10159.994,1787268351166.915,169432444.213,0.000000000,0.000000000,0.000000000,9.806650162
509,10180.000,1787268351186.921,169432464.219,0.000000000,0.000000000,0.000000000,9.806650162
510,10200.000,1787268351206.921,169432484.218,0.000000000,0.000000000,0.000000000,9.806650162
511,10219.997,1787268351226.918,169432504.215,0.000000000,0.000000000,0.000000000,9.806650162
512,10239.998,1787268351246.919,169432524.216,0.000000000,0.000000000,-0.000000000,9.806650162
513,10260.000,1787268351266.921,169432544.218,0.000000000,0.000000000,-0.000000001,9.806650162
514,10279.998,1787268351286.919,169432564.216,0.000000000,0.000000000,-0.000000003,9.806650162
515,10300.049,1787268351306.970,169432584.268,0.000000000,0.012805792,0.000057870,9.806641579
516,10320.005,1787268351326.926,169432604.223,0.000000000,0.153700307,0.000136822,9.805445671
517,10340.007,1787268351346.928,169432624.226,0.000000000,0.185977787,-0.000017226,9.804886818
518,10360.007,1787268351366.928,169432644.225,0.000000000,0.239742443,-0.000055107,9.803719521
519,10379.999,1787268351386.920,169432664.217,0.000000000,0.256050855,-0.000178721,9.803306580
520,10400.004,1787268351406.925,169432684.222,0.000000000,0.267331451,-0.000066741,9.803005219
521,10419.991,1787268351426.912,169432704.210,0.000000000,0.272627950,-0.000084394,9.802859306
522,10440.003,1787268351446.924,169432724.222,0.000000000,0.272307634,0.000082136,9.802868843
523,10459.997,1787268351466.918,169432744.216,0.000000000,0.265311331,0.000302753,9.803060532
524,10479.997,1787268351486.918,169432764.216,0.000000000,0.261952847,0.000311297,9.803151131
525,10500.004,1787268351506.926,169432784.223,0.000000000,0.247428134,0.000474559,9.803527832
526,10519.998,1787268351526.919,169432804.216,0.000000000,0.236566499,0.000797632,9.803795815
527,10540.006,1787268351546.927,169432824.225,0.000000000,0.224314496,0.001108471,9.804083824
528,10559.996,1787268351566.917,169432844.214,0.000000000,0.203609347,0.001360965,9.804535866
529,10579.998,1787268351586.918,169432864.216,0.000000000,0.192776605,0.001412485,9.804755211
530,10599.996,1787268351606.917,169432884.215,0.000000000,0.161766425,0.001469026,9.805315971
531,10620.022,1787268351626.943,169432904.240,0.000000000,0.150296137,0.001528406,9.805498123
532,10639.993,1787268351646.914,169432924.212,0.000000000,0.122455388,0.001667890,9.805885315
533,10660.003,1787268351666.924,169432944.221,0.000000000,0.101115897,0.001916259,9.806128502
534,10679.998,1787268351686.919,169432964.217,0.000000000,0.078323379,0.001969338,9.806337357
535,10699.992,1787268351706.914,169432984.211,0.000000000,0.041600443,0.002049962,9.806561470
536,10720.003,1787268351726.925,169433004.222,0.000000000,0.026326416,0.002129219,9.806614876
537,10739.992,1787268351746.913,169433024.210,0.000000000,-0.020122971,0.002449345,9.806629181
538,10759.998,1787268351766.919,169433044.216,0.000000000,-0.037655935,0.002507892,9.806577682
539,10780.001,1787268351786.922,169433064.219,0.000000000,-0.086601123,0.002304352,9.806267738
540,10800.013,1787268351806.934,169433084.232,0.000000000,-0.115646176,0.002392184,9.805967331
541,10819.989,1787268351826.910,169433104.208,0.000000000,-0.152921304,0.002656094,9.805457115
542,10839.990,1787268351846.911,169433124.208,0.000000000,-0.199423298,0.002838801,9.804621696
543,10859.997,1787268351866.918,169433144.215,0.000000000,-0.225576803,0.002997841,9.804055214
544,10880.003,1787268351886.925,169433164.222,0.000000000,-0.300614148,0.003033439,9.802041054
545,10899.999,1787268351906.920,169433184.218,0.000000000,-0.329665750,0.003019119,9.801106453
546,10919.990,1787268351926.911,169433204.208,0.000000000,-0.389977098,0.003006313,9.798892021
547,10939.995,1787268351946.916,169433224.213,0.000000000,-0.453422129,0.002931460,9.796161652
548,10960.000,1787268351966.921,169433244.218,0.000000000,-0.486540586,0.002859520,9.794572830
549,10979.995,1787268351986.916,169433264.214,0.000000000,-0.565545440,0.002939741,9.790328979
550,11000.000,1787268352006.921,169433284.218,0.000000000,-0.596358776,0.002811477,9.788499832
551,11020.000,1787268352026.921,169433304.219,0.000000000,-0.676553011,0.002926898,9.783284187
552,11039.989,1787268352046.910,169433324.207,0.000000000,-0.721148193,0.002994822,9.780097961
553,11059.999,1787268352066.920,169433344.218,0.000000000,-0.802181363,0.003006042,9.773785591
554,11080.003,1787268352086.924,169433364.221,0.000000000,-0.856472254,0.002899571,9.769177437
555,11100.001,1787268352106.922,169433384.219,0.000000000,-0.925416052,0.002854295,9.762887955
556,11119.989,1787268352126.910,169433404.207,0.000000000,-1.024126649,0.003198211,9.753026962
557,11139.991,1787268352146.912,169433424.210,0.000000000,-1.072079301,0.003234193,9.747872353
558,11160.003,1787268352166.924,169433444.221,0.000000000,-1.201113462,0.003227071,9.732815742
559,11179.997,1787268352186.918,169433464.215,0.000000000,-1.253631234,0.003334227,9.726190567
560,11200.000,1787268352206.921,169433484.219,0.000000000,-1.354854226,0.003515784,9.712607384
561,11220.004,1787268352226.925,169433504.222,0.000000000,-1.477986336,0.003760861,9.694633484
562,11240.000,1787268352246.921,169433524.218,0.000000000,-1.554969668,0.003779141,9.682584763
563,11260.002,1787268352266.923,169433544.220,0.000000000,-1.835302949,0.004203893,9.633380890
564,11279.998,1787268352286.920,169433564.217,0.000000000,-1.922208667,0.004314853,9.616416931
565,11300.001,1787268352306.922,169433584.220,0.000000000,-2.115376949,0.004233570,9.575778961
566,11319.998,1787268352326.919,169433604.217,0.000000000,-2.272095442,0.004054158,9.539808273
567,11340.004,1787268352346.925,169433624.222,0.000000000,-2.372931957,0.003891040,9.515228271
568,11359.996,1787268352366.917,169433644.215,0.000000000,-2.532016277,0.003870432,9.474136353
569,11380.003,1787268352386.925,169433664.222,0.000000000,-2.615759850,0.003905672,9.451357841
570,11400.001,1787268352406.922,169433684.220,0.000000000,-2.815218449,0.004156845,9.393876076
571,11419.995,1787268352426.916,169433704.213,0.000000000,-2.884808302,0.004209219,9.372739792
572,11439.999,1787268352446.920,169433724.217,0.000000000,-3.081335783,0.004742092,9.309980392
573,11459.991,1787268352466.912,169433744.209,0.000000000,-3.220693111,0.005425939,9.262693405
574,11479.994,1787268352486.916,169433764.213,0.000000000,-3.314448595,0.005819394,9.229559898
575,11499.996,1787268352506.917,169433784.214,0.000000000,-3.516837597,0.006684718,9.154354095
576,11519.996,1787268352526.917,169433804.214,0.000000000,-3.565293789,0.006911029,9.135590553
577,11540.006,1787268352546.927,169433824.224,0.000000000,-3.801303387,0.007863493,9.039934158
578,11559.991,1787268352566.912,169433844.210,0.000000000,-3.891868830,0.007983409,9.001315117
579,11580.007,1787268352586.928,169433864.225,0.000000000,-4.067724228,0.009155124,8.923223495
580,11599.993,1787268352606.914,169433884.211,0.000000000,-4.224714279,0.009243841,8.849976540
581,11620.001,1787268352626.922,169433904.219,0.000000000,-4.358352661,0.009214686,8.784934044
582,11639.992,1787268352646.914,169433924.211,0.000000000,-4.590514183,0.010032976,8.665879250
583,11661.205,1787268352668.126,169433945.424,0.000000000,-4.686512947,0.010070738,8.614341736
584,11679.993,1787268352686.915,169433964.212,0.000000000,-4.968620300,0.011434051,8.454766273
585,11699.998,1787268352706.918,169433984.216,0.000000000,-5.054133415,0.012469383,8.403925896
586,11720.002,1787268352726.923,169434004.221,0.000000000,-5.351661205,0.011695553,8.217661858
587,11740.001,1787268352746.922,169434024.219,0.000000000,-5.458400249,0.010499096,8.147155762
588,11759.992,1787268352766.913,169434044.211,0.000000000,-5.709311962,0.006239267,7.973337173
589,11779.998,1787268352786.919,169434064.216,0.000000000,-5.926084042,0.002392987,7.813571930
590,11799.998,1787268352806.919,169434084.216,0.000000000,-6.071260452,0.000288810,7.701310635
591,11819.991,1787268352826.912,169434104.209,0.000000000,-6.417834759,-0.004578080,7.414968967
592,11839.994,1787268352846.915,169434124.212,0.000000000,-6.509518147,-0.005761766,7.334611416
593,11859.999,1787268352866.920,169434144.218,0.000000000,-6.803572178,-0.009246950,7.062698364
594,11880.000,1787268352886.921,169434164.218,0.000000000,-6.895674229,-0.010031272,6.972800732
595,11900.011,1787268352906.932,169434184.230,0.000000000,-7.172281742,-0.012599060,6.687944889
596,11920.009,1787268352926.930,169434204.227,0.000000000,-7.227540016,-0.013154510,6.628188610
597,11940.001,1787268352946.922,169434224.219,0.000000000,-7.539267540,-0.016808225,6.271327496
598,11960.003,1787268352966.924,169434244.222,0.000000000,-7.648355961,-0.017016329,6.137813091
599,11980.000,1787268352986.921,169434264.219,0.000000000,-7.900022984,-0.018880606,5.810307503
600,11999.999,1787268353006.920,169434284.217,0.000000000,-8.128569603,-0.020619864,5.486011505
601,12019.992,1787268353026.913,169434304.210,0.000000000,-8.265863419,-0.021375639,5.276876926
602,12039.994,1787268353046.915,169434324.212,0.000000000,-8.562640190,-0.023789668,4.780274868
603,12060.005,1787268353066.926,169434344.223,0.000000000,-8.672475815,-0.024840210,4.577983856
604,12079.994,1787268353086.915,169434364.212,0.000000000,-8.880895615,-0.026395179,4.159252644
605,12099.991,1787268353106.912,169434384.209,0.000000000,-9.019444466,-0.026862886,3.849585772
606,12119.998,1787268353126.919,169434404.217,0.000000000,-9.148562431,-0.026673079,3.531780243
607,12140.002,1787268353146.923,169434424.221,0.000000000,-9.282362938,-0.035830207,3.163361073
608,12160.005,1787268353166.926,169434444.223,0.000000000,-9.356101990,-0.039332706,2.938058138
609,12180.007,1787268353186.928,169434464.226,0.000000000,-9.469964981,-0.043361034,2.547211409
610,12199.990,1787268353206.911,169434484.209,0.000000000,-9.512835503,-0.045295585,2.382077694
611,12219.996,1787268353226.917,169434504.215,0.000000000,-9.606312752,-0.050065294,1.971454144
612,12239.995,1787268353246.916,169434524.213,0.000000000,-9.633415222,-0.050759431,1.834421992
613,12259.992,1787268353266.913,169434544.210,0.000000000,-9.703617096,-0.039942537,1.417260170
614,12280.002,1787268353286.923,169434564.221,0.000000000,-9.723480225,-0.033675697,1.274039745
615,12300.002,1787268353306.923,169434584.220,0.000000000,-9.770819664,-0.018930718,0.837323427
616,12320.001,1787268353326.922,169434604.220,0.000000000,-9.783952713,-0.015431791,0.666644633
617,12340.002,1787268353346.923,169434624.220,0.000000000,-9.802518845,0.062999286,0.277602285
618,12360.006,1787268353366.927,169434644.224,0.000000000,-9.805410385,0.053240001,-0.146648332
619,12380.002,1787268353386.923,169434664.221,0.000000000,-9.780854225,0.002251426,-0.710825622
620,12400.010,1787268353406.931,169434684.228,0.000000000,-9.767430305,0.026306294,-0.875787735
621,12420.005,1787268353426.927,169434704.224,0.000000000,-9.764007568,0.039972670,-0.912670672
622,12439.994,1787268353446.915,169434724.213,0.000000000,-9.747318268,0.074988946,-1.074488878
623,12460.003,1787268353466.925,169434744.222,0.000000000,-9.742160797,0.084352963,-1.119639516
624,12479.999,1787268353486.920,169434764.218,0.000000000,-9.721982002,0.120178379,-1.280244708
625,12499.998,1787268353506.920,169434784.217,0.000000000,-9.705704689,0.151043817,-1.395310760
626,12519.998,1787268353526.918,169434804.216,0.000000000,-9.694146156,0.175877556,-1.470709443
627,12539.999,1787268353546.920,169434824.217,0.000000000,-9.677767754,0.220044479,-1.569320798
628,12560.079,1787268353567.000,169434844.297,0.000000000,-9.674588203,0.231470779,-1.587192178
629,12580.004,1787268353586.925,169434864.222,0.000000000,-9.665678024,0.274046779,-1.633995175
630,12599.998,1787268353606.919,169434884.217,0.000000000,-9.662562370,0.301873326,-1.647464156
631,12619.997,1787268353626.918,169434904.215,0.000000000,-9.662103653,0.329824775,-1.644790530
632,12640.004,1787268353646.926,169434924.223,0.000000000,-9.665542603,0.376274079,-1.614344001
633,12660.015,1787268353666.937,169434944.234,0.000000000,-9.667884827,0.391099036,-1.596682549
634,12679.990,1787268353686.911,169434964.208,0.000000000,-9.676472664,0.429142088,-1.533658862
635,12700.001,1787268353706.922,169434984.219,0.000000000,-9.682582855,0.447766870,-1.489135027
636,12720.000,1787268353726.921,169435004.219,0.000000000,-9.692143440,0.469463348,-1.418582201
637,12739.994,1787268353746.915,169435024.212,0.000000000,-9.709883690,0.492440313,-1.282995582
638,12759.991,1787268353766.912,169435044.209,0.000000000,-9.716767311,0.499033749,-1.227097631
639,12779.998,1787268353786.919,169435064.216,0.000000000,-9.732307434,0.505561769,-1.094084024
640,12799.997,1787268353806.918,169435084.215,0.000000000,-9.736744881,0.503513932,-1.054838419
641,12820.004,1787268353826.925,169435104.223,0.000000000,-9.752085686,0.488199741,-0.910431683
642,12839.989,1787268353846.910,169435124.208,0.000000000,-9.762521744,0.472201675,-0.800362229
643,12859.998,1787268353866.920,169435144.217,0.000000000,-9.767580032,0.462905079,-0.741934657
644,12879.991,1787268353886.912,169435164.209,0.000000000,-9.781454086,0.431460708,-0.554444194
645,12899.990,1787268353906.911,169435184.209,0.000000000,-9.785934448,0.370848835,-0.518007934
646,12920.152,1787268353927.073,169435204.370,0.000000000,-9.796278954,0.124301136,-0.433438182
647,12940.003,1787268353946.924,169435224.221,0.000000000,-9.797204018,0.020503042,-0.429812074
648,12960.002,1787268353966.923,169435244.220,0.000000000,-9.796278954,0.019888598,-0.450498581
649,12979.994,1787268353986.915,169435264.212,0.000000000,-9.796339035,0.027542612,-0.448759496
650,13000.001,1787268354006.922,169435284.219,0.000000000,-9.796652794,0.026541868,-0.441901505
651,13019.991,1787268354026.912,169435304.210,0.000000000,-9.797681808,0.024727210,-0.418619722
652,13039.998,1787268354046.919,169435324.216,0.000000000,-9.799166679,0.026219921,-0.382115543
653,13059.991,1787268354066.912,169435344.210,0.000000000,-9.799727440,0.027449302,-0.367412001
654,13079.993,1787268354086.915,169435364.212,0.000000000,-9.801120758,0.032914944,-0.327589780
655,13099.999,1787268354106.920,169435384.217,0.000000000,-9.801854134,0.037539992,-0.304365873
656,13119.998,1787268354126.920,169435404.217,0.000000000,-9.802667618,0.042849861,-0.276107192
657,13139.991,1787268354146.912,169435424.209,0.000000000,-9.803503036,0.050984234,-0.243146971
658,13160.000,1787268354166.921,169435444.219,0.000000000,-9.803649902,0.053900864,-0.236487716
659,13179.995,1787268354186.916,169435464.213,0.000000000,-9.803804398,0.063859932,-0.227448195
660,13200.000,1787268354206.921,169435484.219,0.000000000,-9.803676605,0.073788442,-0.229901344
661,13219.994,1787268354226.915,169435504.212,0.000000000,-9.803550720,0.081166118,-0.232853070
662,13239.998,1787268354246.919,169435524.216,0.000000000,-9.803277969,0.099315852,-0.237181798
663,13260.000,1787268354266.921,169435544.219,0.000000000,-9.803178787,0.106301375,-0.238233626
664,13279.999,1787268354286.920,169435564.218,0.000000000,-9.802930832,0.123894513,-0.239978313
665,13300.000,1787268354306.922,169435584.219,0.000000000,-9.802764893,0.133525610,-0.241541862
666,13320.008,1787268354326.930,169435604.227,0.000000000,-9.802738190,0.135379314,-0.241604358
667,13339.993,1787268354346.915,169435624.212,0.000000000,-9.802652359,0.140547574,-0.242162138
668,13360.004,1787268354366.925,169435644.222,0.000000000,-9.802607536,0.143176213,-0.242424995
669,13379.995,1787268354386.916,169435664.214,0.000000000,-9.802571297,0.145388350,-0.242608845
670,13399.992,1787268354406.913,169435684.210,0.000000000,-9.802579880,0.145376578,-0.242260247
671,13420.007,1787268354426.928,169435704.225,0.000000000,-9.802575111,0.145502806,-0.242427275
672,13440.003,1787268354446.924,169435724.221,0.000000000,-9.802559853,0.145758837,-0.242817059
673,13459.999,1787268354466.920,169435744.218,0.000000000,-9.802515984,0.146277159,-0.244321898
674,13479.995,1787268354486.916,169435764.213,0.000000000,-9.802496910,0.146456063,-0.244927377
675,13499.995,1787268354506.916,169435784.213,0.000000000,-9.802448273,0.145948753,-0.247244418
676,13519.995,1787268354526.916,169435804.213,0.000000000,-9.802405357,0.145304650,-0.249246180
677,13539.998,1787268354546.919,169435824.216,0.000000000,-9.802410126,0.143999889,-0.249802589
678,13560.006,1787268354566.927,169435844.224,0.000000000,-9.802406311,0.141491547,-0.251406133
679,13579.994,1787268354586.915,169435864.212,0.000000000,-9.802399635,0.140340775,-0.252256602
680,13599.987,1787268354606.908,169435884.205,0.000000000,-9.802397728,0.138720796,-0.253250718
681,13620.003,1787268354626.924,169435904.221,0.000000000,-9.802361488,0.140828490,-0.253522545
682,13639.997,1787268354646.918,169435924.215,0.000000000,-9.802359581,0.140922830,-0.253512293
683,13660.003,1787268354666.924,169435944.221,0.000000000,-9.802403450,0.140067667,-0.252294093
684,13680.008,1787268354686.929,169435964.226,0.000000000,-9.802443504,0.139777452,-0.250889540
685,13699.991,1787268354706.912,169435984.210,0.000000000,-9.802463531,0.140042931,-0.249946281
686,13720.000,1787268354726.921,169436004.218,0.000000000,-9.802472115,0.139918804,-0.249696955
687,13740.000,1787268354746.922,169436024.219,0.000000000,-9.802477837,0.139896944,-0.249472782
688,13759.994,1787268354766.915,169436044.212,0.000000000,-9.802479744,0.139576316,-0.249556601
689,13779.998,1787268354786.918,169436064.216,0.000000000,-9.802495003,0.138685748,-0.249520704
690,13799.993,1787268354806.914,169436084.211,0.000000000,-9.802498817,0.138534606,-0.249422446
691,13819.999,1787268354826.920,169436104.218,0.000000000,-9.802531242,0.137411311,-0.248765364
692,13840.007,1787268354846.928,169436124.225,0.000000000,-9.802557945,0.136559203,-0.248199970
693,13860.003,1787268354866.924,169436144.221,0.000000000,-9.802562714,0.136519969,-0.247978896
694,13879.989,1787268354886.910,169436164.207,0.000000000,-9.802598953,0.135518998,-0.247126818
695,13900.019,1787268354906.941,169436184.238,0.000000000,-9.802615166,0.135327101,-0.246630639
696,13920.008,1787268354926.929,169436204.226,0.000000000,-9.802611351,0.135452420,-0.246659309
697,13939.999,1787268354946.920,169436224.217,0.000000000,-9.802618027,0.135525316,-0.246406943
698,13960.000,1787268354966.921,169436244.219,0.000000000,-9.802606583,0.135514498,-0.246871188
699,13980.007,1787268354986.928,169436264.225,0.000000000,-9.802599907,0.134789437,-0.247522473
700,13999.992,1787268355006.914,169436284.211,0.000000000,-9.802586555,0.134672627,-0.248124629
701,14019.989,1787268355026.910,169436304.208,0.000000000,-9.802577019,0.134568155,-0.248530105
702,14040.054,1787268355046.975,169436324.273,0.000000000,-9.802571297,0.134182885,-0.249009445
703,14059.990,1787268355066.911,169436344.209,0.000000000,-9.802565575,0.133939222,-0.249356762
704,14080.005,1787268355086.926,169436364.223,0.000000000,-9.802570343,0.133785561,-0.249286726
705,14100.014,1787268355106.936,169436384.233,0.000000000,-9.802556038,0.133542910,-0.249907106
706,14120.004,1787268355126.925,169436404.222,0.000000000,-9.802567482,0.133120775,-0.249648526
707,14139.995,1787268355146.916,169436424.213,0.000000000,-9.802569389,0.133190557,-0.249554545
708,14160.002,1787268355166.923,169436444.220,0.000000000,-9.802557945,0.133356825,-0.249914244
709,14179.996,1787268355186.917,169436464.215,0.000000000,-9.802549362,0.133493617,-0.250161797
710,14200.000,1787268355206.921,169436484.219,0.000000000,-9.802543640,0.133465379,-0.250471979
711,14219.992,1787268355226.913,169436504.210,0.000000000,-9.802515984,0.133401856,-0.251577467
712,14240.014,1787268355246.936,169436524.233,0.000000000,-9.802529335,0.132704735,-0.251358360
713,14259.998,1787268355266.919,169436544.216,0.000000000,-9.802519798,0.132775784,-0.251792103
714,14280.001,1787268355286.922,169436564.219,0.000000000,-9.802495956,0.132514492,-0.252798826
715,14300.002,1787268355306.923,169436584.220,0.000000000,-9.802487373,0.131997660,-0.253376067
716,14319.995,1787268355326.916,169436604.214,0.000000000,-9.802495956,0.131613582,-0.253301322
717,14339.994,1787268355346.915,169436624.212,0.000000000,-9.802479744,0.131650075,-0.253867537
718,14360.000,1787268355366.921,169436644.219,0.000000000,-9.802470207,0.131700516,-0.254229903
719,14380.001,1787268355386.922,169436664.219,0.000000000,-9.802469254,0.131999373,-0.254101515
720,14400.001,1787268355406.922,169436684.219,0.000000000,-9.802456856,0.131845310,-0.254650623
721,14420.005,1787268355426.926,169436704.224,0.000000000,-9.802444458,0.131750122,-0.255179375
722,14440.000,1787268355446.921,169436724.219,0.000000000,-9.802448273,0.131286293,-0.255327940
723,14460.000,1787268355466.921,169436744.219,0.000000000,-9.802447319,0.131331310,-0.255244583
724,14480.012,1787268355486.933,169436764.231,0.000000000,-9.802456856,0.130904153,-0.255147278
725,14499.995,1787268355506.916,169436784.214,0.000000000,-9.802425385,0.131010532,-0.256301075
726,14519.999,1787268355526.920,169436804.217,0.000000000,-9.802427292,0.130438134,-0.256518215
727,14539.993,1787268355546.914,169436824.211,0.000000000,-9.802442551,0.130513623,-0.255873561
728,14559.998,1787268355566.919,169436844.216,0.000000000,-9.802418709,0.130633235,-0.256689608
729,14580.003,1787268355586.924,169436864.221,0.000000000,-9.802422523,0.130529225,-0.256682217
730,14599.993,1787268355606.915,169436884.212,0.000000000,-9.802432060,0.130021289,-0.256455630
731,14619.989,1787268355626.910,169436904.207,0.000000000,-9.802424431,0.129958734,-0.256896019
732,14640.007,1787268355646.928,169436924.226,0.000000000,-9.802418709,0.130281568,-0.256917626
733,14660.001,1787268355666.922,169436944.219,0.000000000,-9.802412033,0.130680084,-0.256987035
734,14679.998,1787268355686.919,169436964.217,0.000000000,-9.802416801,0.130878925,-0.256679177
735,14699.991,1787268355706.912,169436984.210,0.000000000,-9.802415848,0.130943283,-0.256693482
736,14719.999,1787268355726.920,169437004.218,0.000000000,-9.802413940,0.130562335,-0.256970793
737,14740.002,1787268355746.923,169437024.220,0.000000000,-9.802408218,0.130957589,-0.256994218
738,14759.991,1787268355766.912,169437044.209,0.000000000,-9.802407265,0.131076828,-0.256959826
739,14780.030,1787268355786.951,169437064.248,0.000000000,-9.802404404,0.130770117,-0.257259369
740,14799.998,1787268355806.919,169437084.216,0.000000000,-9.802395821,0.131416172,-0.257234275
741,14819.992,1787268355826.913,169437104.210,0.000000000,-9.802398682,0.131294817,-0.257193357
742,14839.999,1787268355846.920,169437124.217,0.000000000,-9.802373886,0.131515697,-0.257999748
743,14860.003,1787268355866.924,169437144.222,0.000000000,-9.802366257,0.131683901,-0.258189976
744,14879.999,1787268355886.920,169437164.217,0.000000000,-9.802358627,0.131548539,-0.258535713
745,14899.997,1787268355906.918,169437184.215,0.000000000,-9.802362442,0.131394282,-0.258487165
746,14920.003,1787268355926.924,169437204.221,0.000000000,-9.802353859,0.131445885,-0.258827567
747,14940.001,1787268355946.922,169437224.219,0.000000000,-9.802357674,0.131512970,-0.258597553
748,14959.990,1787268355966.911,169437244.209,0.000000000,-9.802394867,0.131348655,-0.257351756
749,14979.988,1787268355986.910,169437264.207,0.000000000,-9.802403450,0.131333157,-0.256979764
750,14999.990,1787268356006.911,169437284.208,0.000000000,-9.802423477,0.131531641,-0.256094992
751,15019.999,1787268356026.920,169437304.217,0.000000000,-9.802460670,0.130949184,-0.255010903
752,15040.116,1787268356047.037,169437324.335,0.000000000,-9.802468300,0.131193176,-0.254603952
753,15059.992,1787268356066.913,169437344.210,0.000000000,-9.802462578,0.131436184,-0.254671723
754,15079.990,1787268356086.911,169437364.208,0.000000000,-9.802448273,0.131333113,-0.255230606
755,15100.000,1787268356106.921,169437384.218,0.000000000,-9.802438736,0.131277472,-0.255663872
756,15119.991,1787268356126.912,169437404.209,0.000000000,-9.802411079,0.131272390,-0.256712466
757,15140.000,1787268356146.921,169437424.218,0.000000000,-9.802410126,0.131213471,-0.256772339
758,15160.003,1787268356166.924,169437444.221,0.000000000,-9.802402496,0.131353781,-0.256956100
759,15179.998,1787268356186.919,169437464.217,0.000000000,-9.802388191,0.131474078,-0.257497728
760,15200.010,1787268356206.931,169437484.228,0.000000000,-9.802376747,0.131359577,-0.257967532
761,15220.001,1787268356226.922,169437504.219,0.000000000,-9.802375793,0.131140083,-0.258114964
762,15239.992,1787268356246.913,169437524.210,0.000000000,-9.802373886,0.131347567,-0.258089393
763,15259.990,1787268356266.911,169437544.208,0.000000000,-9.802366257,0.131676689,-0.258214116
764,15280.030,1787268356286.951,169437564.248,0.000000000,-9.802372932,0.131683156,-0.257972032
765,15299.988,1787268356306.909,169437584.207,0.000000000,-9.802372932,0.132056609,-0.257775098
766,15319.998,1787268356326.919,169437604.216,0.000000000,-9.802387238,0.131984621,-0.257313281
767,15339.999,1787268356346.920,169437624.218,0.000000000,-9.802386284,0.132011279,-0.257266223
768,15360.001,1787268356366.922,169437644.220,0.000000000,-9.802369118,0.132230356,-0.257758379
769,15379.999,1787268356386.920,169437664.218,0.000000000,-9.802368164,0.132374704,-0.257715642
770,15400.002,1787268356406.923,169437684.220,0.000000000,-9.802367210,0.132138059,-0.257966757
771,15420.002,1787268356426.923,169437704.220,0.000000000,-9.802373886,0.131764442,-0.257796884
772,15439.994,1787268356446.915,169437724.213,0.000000000,-9.802372932,0.131848037,-0.257841110
773,15459.995,1787268356466.916,169437744.214,0.000000000,-9.802365303,0.131966382,-0.258080095
774,15479.993,1787268356486.915,169437764.212,0.000000000,-9.802368164,0.131426528,-0.258251816
775,15499.993,1787268356506.914,169437784.211,0.000000000,-9.802363396,0.131418958,-0.258483917
776,15519.999,1787268356526.920,169437804.217,0.000000000,-9.802356720,0.131237522,-0.258826166
777,15539.989,1787268356546.910,169437824.207,0.000000000,-9.802356720,0.131270751,-0.258763850
778,15559.993,1787268356566.915,169437844.212,0.000000000,-9.802362442,0.131355017,-0.258544445
779,15579.995,1787268356586.916,169437864.213,0.000000000,-9.802349091,0.131590709,-0.258941978
780,15599.992,1787268356606.913,169437884.210,0.000000000,-9.802345276,0.131520808,-0.259112567
781,15619.994,1787268356626.915,169437904.212,0.000000000,-9.802338600,0.131701097,-0.259244680
782,15639.992,1787268356646.913,169437924.210,0.000000000,-9.802320480,0.131804034,-0.259894669
783,15659.988,1787268356666.909,169437944.206,0.000000000,-9.802318573,0.131460607,-0.260098875
784,15680.003,1787268356686.924,169437964.222,0.000000000,-9.802320480,0.131406888,-0.260120243
785,15700.001,1787268356706.922,169437984.220,0.000000000,-9.802336693,0.131280288,-0.259496540
786,15720.004,1787268356726.925,169438004.222,0.000000000,-9.802331924,0.131428659,-0.259654284
787,15740.003,1787268356746.924,169438024.221,0.000000000,-9.802328110,0.131595969,-0.259723395
788,15759.992,1787268356766.914,169438044.211,0.000000000,-9.802333832,0.131602734,-0.259507209
789,15779.996,1787268356786.917,169438064.214,0.000000000,-9.802330971,0.131437063,-0.259659320
790,15799.992,1787268356806.913,169438084.210,0.000000000,-9.802319527,0.131396353,-0.260133833
791,15819.992,1787268356826.913,169438104.210,0.000000000,-9.802317619,0.131426081,-0.260167241
792,15840.002,1787268356846.923,169438124.220,0.000000000,-9.802318573,0.131374642,-0.260224730
793,15860.005,1787268356866.926,169438144.223,0.000000000,-9.802327156,0.131399766,-0.259806812
794,15880.002,1787268356886.923,169438164.220,0.000000000,-9.802343369,0.131271362,-0.259302706
795,15899.999,1787268356906.920,169438184.217,0.000000000,-9.802349091,0.131337672,-0.259009391
796,15919.989,1787268356926.910,169438204.207,0.000000000,-9.802360535,0.131326094,-0.258567840
797,15940.001,1787268356946.922,169438224.219,0.000000000,-9.802368164,0.131247401,-0.258322030
798,15959.999,1787268356966.920,169438244.218,0.000000000,-9.802360535,0.131133392,-0.258690923
799,15979.997,1787268356986.918,169438264.215,0.000000000,-9.802346230,0.131131202,-0.259192735
800,15999.991,1787268357006.912,169438284.209,0.000000000,-9.802345276,0.131057531,-0.259339213
801,16019.998,1787268357026.919,169438304.216,0.000000000,-9.802342415,0.131126985,-0.259401411
802,16039.989,1787268357046.910,169438324.208,0.000000000,-9.802324295,0.130928606,-0.260186821
803,16060.002,1787268357066.923,169438344.220,0.000000000,-9.802313805,0.131049931,-0.260557532
804,16079.997,1787268357086.918,169438364.215,0.000000000,-9.802304268,0.131227627,-0.260773808
805,16100.023,1787268357106.944,169438384.241,0.000000000,-9.802296638,0.131581381,-0.260869980
806,16120.016,1787268357126.938,169438404.235,0.000000000,-9.802296638,0.131041676,-0.261144400
807,16140.000,1787268357146.921,169438424.218,0.000000000,-9.802296638,0.131024107,-0.261169016
808,16159.994,1787268357166.915,169438444.212,0.000000000,-9.802283287,0.131375119,-0.261524409
809,16180.002,1787268357186.923,169438464.220,0.000000000,-9.802286148,0.131527290,-0.261286020
810,16200.003,1787268357206.924,169438484.222,0.000000000,-9.802279472,0.131719500,-0.261467993
811,16219.996,1787268357226.917,169438504.215,0.000000000,-9.802272797,0.131498560,-0.261835992
812,16239.991,1787268357246.912,169438524.209,0.000000000,-9.802262306,0.131517231,-0.262173682
813,16259.990,1787268357266.911,169438544.208,0.000000000,-9.802259445,0.131715864,-0.262189299
814,16279.994,1787268357286.915,169438564.213,0.000000000,-9.802270889,0.131741226,-0.261781007
815,16299.998,1787268357306.919,169438584.217,0.000000000,-9.802293777,0.131156683,-0.261196882
816,16319.994,1787268357326.915,169438604.213,0.000000000,-9.802293777,0.131214395,-0.261150420
817,16339.994,1787268357346.916,169438624.213,0.000000000,-9.802278519,0.131649271,-0.261479288
818,16360.006,1787268357366.927,169438644.224,0.000000000,-9.802271843,0.131638974,-0.261799127
819,16379.990,1787268357386.911,169438664.208,0.000000000,-9.802257538,0.131595582,-0.262359291
820,16399.999,1787268357406.920,169438684.218,0.000000000,-9.802248955,0.131811887,-0.262562126
821,16419.997,1787268357426.918,169438704.215,0.000000000,-9.802235603,0.131982297,-0.262939513
822,16439.989,1787268357446.910,169438724.207,0.000000000,-9.802225113,0.131994799,-0.263370961
823,16459.988,1787268357466.909,169438744.207,0.000000000,-9.802218437,0.132224008,-0.263520211
824,16479.992,1787268357486.913,169438764.210,0.000000000,-9.802215576,0.132103980,-0.263662189
825,16499.991,1787268357506.912,169438784.209,0.000000000,-9.802206039,0.132380962,-0.263855040
826,16519.998,1787268357526.919,169438804.217,0.000000000,-9.802204132,0.132269785,-0.263982743
827,16539.992,1787268357546.913,169438824.210,0.000000000,-9.802204132,0.131979004,-0.264163941
828,16559.990,1787268357566.911,169438844.208,0.000000000,-9.802206039,0.131764904,-0.264168113
829,16580.001,1787268357586.922,169438864.220,0.000000000,-9.802191734,0.131846502,-0.264655083
830,16599.996,1787268357606.917,169438884.214,0.000000000,-9.802198410,0.131732956,-0.264483035
831,16619.997,1787268357626.918,169438904.215,0.000000000,-9.802194595,0.132013887,-0.264473468
832,16639.990,1787268357646.911,169438924.209,0.000000000,-9.802195549,0.131996706,-0.264440000
833,16659.998,1787268357666.920,169438944.217,0.000000000,-9.802202225,0.131975919,-0.264234245
834,16679.999,1787268357686.920,169438964.217,0.000000000,-9.802213669,0.132004499,-0.263796955
835,16699.994,1787268357706.915,169438984.212,0.000000000,-9.802205086,0.132120222,-0.264085323
836,16719.991,1787268357726.912,169439004.209,0.000000000,-9.802210808,0.131885663,-0.263944685
837,16740.001,1787268357746.922,169439024.220,0.000000000,-9.802222252,0.131811947,-0.263604373
838,16760.005,1787268357766.926,169439044.223,0.000000000,-9.802207947,0.132206887,-0.263888508
839,16780.003,1787268357786.924,169439064.221,0.000000000,-9.802201271,0.132321417,-0.264117688
840,16799.998,1787268357806.919,169439084.217,0.000000000,-9.802202225,0.132312030,-0.264022201
841,16819.995,1787268357826.916,169439104.213,0.000000000,-9.802206039,0.132298276,-0.263935268
842,16839.988,1787268357846.909,169439124.206,0.000000000,-9.802195549,0.132009298,-0.264421374
843,16860.001,1787268357866.922,169439144.219,0.000000000,-9.802198410,0.131725803,-0.264480561
844,16879.993,1787268357886.915,169439164.212,0.000000000,-9.802208900,0.131503716,-0.264224529
845,16899.986,1787268357906.907,169439184.205,0.000000000,-9.802209854,0.131742135,-0.264087588
846,16920.002,1787268357926.923,169439204.221,0.000000000,-9.802226067,0.131187901,-0.263776064
847,16940.007,1787268357946.928,169439224.225,0.000000000,-9.802228928,0.131485835,-0.263484567
848,16959.999,1787268357966.920,169439244.217,0.000000000,-9.802206039,0.131689981,-0.264199108
849,16979.992,1787268357986.913,169439264.210,0.000000000,-9.802194595,0.131841198,-0.264622152
850,16999.994,1787268358006.915,169439284.212,0.000000000,-9.802186966,0.132058308,-0.264728546
851,17020.001,1787268358026.922,169439304.219,0.000000000,-9.802177429,0.131892964,-0.265159190
852,17039.999,1787268358046.920,169439324.217,0.000000000,-9.802170753,0.131971315,-0.265396267
853,17060.000,1787268358066.921,169439344.218,0.000000000,-9.802167892,0.132273868,-0.265312821
854,17079.998,1787268358086.919,169439364.217,0.000000000,-9.802187920,0.131497994,-0.264996141
855,17099.994,1787268358106.915,169439384.213,0.000000000,-9.802182198,0.131626084,-0.265081882
856,17119.991,1787268358126.912,169439404.210,0.000000000,-9.802182198,0.131802186,-0.265045673
857,17140.002,1787268358146.923,169439424.221,0.000000000,-9.802176476,0.131740525,-0.265331686
858,17159.993,1787268358166.914,169439444.212,0.000000000,-9.802168846,0.131663337,-0.265588194
859,17179.988,1787268358186.909,169439464.207,0.000000000,-9.802170753,0.131242886,-0.265765607
860,17199.993,1787268358206.914,169439484.212,0.000000000,-9.802170753,0.131071225,-0.265831351
861,17220.001,1787268358226.922,169439504.220,0.000000000,-9.802175522,0.131328732,-0.265525907
862,17239.998,1787268358246.920,169439524.217,0.000000000,-9.802184105,0.131262973,-0.265246481
863,17259.995,1787268358266.917,169439544.214,0.000000000,-9.802162170,0.131397441,-0.265922070
864,17279.997,1787268358286.918,169439564.216,0.000000000,-9.802159309,0.131256148,-0.266103029
865,17299.995,1787268358306.916,169439584.213,0.000000000,-9.802152634,0.131430089,-0.266296118
866,17320.004,1787268358326.925,169439604.222,0.000000000,-9.802143097,0.131247625,-0.266761959
867,17339.992,1787268358346.913,169439624.211,0.000000000,-9.802147865,0.131513953,-0.266443878
868,17359.992,1787268358366.914,169439644.211,0.000000000,-9.802144051,0.131433874,-0.266644269
869,17379.993,1787268358386.914,169439664.211,0.000000000,-9.802142143,0.131652504,-0.266569078
870,17400.004,1787268358406.925,169439684.222,0.000000000,-9.802145958,0.131526053,-0.266475439
871,17419.999,1787268358426.920,169439704.217,0.000000000,-9.802143097,0.131826907,-0.266447037
872,17440.001,1787268358446.922,169439724.219,0.000000000,-9.802154541,0.132246494,-0.265859336
873,17460.000,1787268358466.922,169439744.219,0.000000000,-9.802151680,0.132327899,-0.265898436
874,17479.999,1787268358486.920,169439764.217,0.000000000,-9.802174568,0.132465124,-0.265029550
875,17499.991,1787268358506.912,169439784.209,0.000000000,-9.802176476,0.132372648,-0.264967978
876,17520.001,1787268358526.922,169439804.220,0.000000000,-9.802167892,0.132341295,-0.265314251
877,17539.997,1787268358546.918,169439824.215,0.000000000,-9.802148819,0.131768450,-0.266284704
878,17559.991,1787268358566.912,169439844.210,0.000000000,-9.802122116,0.131879985,-0.267224610
879,17579.998,1787268358586.919,169439864.217,0.000000000,-9.802100182,0.132073030,-0.267901748
880,17599.992,1787268358606.913,169439884.210,0.000000000,-9.802073479,0.131850213,-0.269022316
881,17619.989,1787268358626.910,169439904.207,0.000000000,-9.802073479,0.132075340,-0.268893927
882,17639.995,1787268358646.916,169439924.213,0.000000000,-9.802089691,0.131992683,-0.268365026
883,17659.999,1787268358666.920,169439944.218,0.000000000,-9.802120209,0.132008433,-0.267204762
884,17679.992,1787268358686.914,169439964.211,0.000000000,-9.802123070,0.131734490,-0.267290682
885,17700.002,1787268358706.923,169439984.220,0.000000000,-9.802131653,0.131575808,-0.267034262
886,17719.999,1787268358726.920,169440004.218,0.000000000,-9.802143097,0.131457791,-0.266641855
887,17739.997,1787268358746.918,169440024.215,0.000000000,-9.802149773,0.131392002,-0.266418844
888,17759.988,1787268358766.909,169440044.206,0.000000000,-9.802147865,0.131810918,-0.266269803
889,17780.000,1787268358786.921,169440064.219,0.000000000,-9.802166939,0.131619856,-0.265681028
890,17800.001,1787268358806.922,169440084.220,0.000000000,-9.802164078,0.131574064,-0.265769780
891,17819.998,1787268358826.919,169440104.217,0.000000000,-9.802184105,0.131543994,-0.265037715
892,17839.989,1787268358846.910,169440124.208,0.000000000,-9.802202225,0.131151780,-0.264617562
893,17860.008,1787268358866.929,169440144.226,0.000000000,-9.802199364,0.131266654,-0.264689118
894,17879.993,1787268358886.914,169440164.211,0.000000000,-9.802192688,0.131241485,-0.264908433
895,17899.991,1787268358906.912,169440184.210,0.000000000,-9.802173615,0.131031275,-0.265741676
896,17919.998,1787268358926.919,169440204.217,0.000000000,-9.802173615,0.130809829,-0.265801281
897,17939.993,1787268358946.914,169440224.211,0.000000000,-9.802164078,0.130819768,-0.266189367
898,17959.988,1787268358966.909,169440244.207,0.000000000,-9.802174568,0.131066009,-0.265664101
899,17980.000,1787268358986.921,169440264.218,0.000000000,-9.802176476,0.131049797,-0.265633374
900,18000.000,1787268359006.921,169440284.219,0.000000000,-9.802159309,0.131120697,-0.266205132
901,18020.000,1787268359026.921,169440304.218,0.000000000,-9.802159309,0.131313115,-0.266113818
902,18039.998,1787268359046.919,169440324.217,0.000000000,-9.802152634,0.131433293,-0.266294509
903,18059.993,1787268359066.914,169440344.211,0.000000000,-9.802128792,0.131564617,-0.267116249
904,18080.002,1787268359086.923,169440364.221,0.000000000,-9.802127838,0.131073192,-0.267368853
905,18100.000,1787268359106.921,169440384.218,0.000000000,-9.802124023,0.130999625,-0.267581403
906,18119.997,1787268359126.918,169440404.216,0.000000000,-9.802129745,0.131204054,-0.267240524
907,18140.003,1787268359146.924,169440424.221,0.000000000,-9.802134514,0.131100953,-0.267136276
908,18159.994,1787268359166.916,169440444.213,0.000000000,-9.802128792,0.130978554,-0.267423958
909,18180.002,1787268359186.923,169440464.221,0.000000000,-9.802138329,0.131297216,-0.266907871
910,18200.000,1787268359206.921,169440484.219,0.000000000,-9.802126884,0.131449699,-0.267238110
911,18220.000,1787268359226.921,169440504.219,0.000000000,-9.802127838,0.131396517,-0.267243713
912,18239.990,1787268359246.911,169440524.208,0.000000000,-9.802124977,0.131401271,-0.267310441
913,18259.991,1787268359266.912,169440544.210,0.000000000,-9.802113533,0.131500393,-0.267725348
914,18279.989,1787268359286.910,169440564.208,0.000000000,-9.802109718,0.131457746,-0.267904639
915,18299.999,1787268359306.920,169440584.217,0.000000000,-9.802103043,0.131566629,-0.268105149
916,18320.002,1787268359326.923,169440604.220,0.000000000,-9.802095413,0.132128790,-0.268080980
917,18339.998,1787268359346.920,169440624.217,0.000000000,-9.802095413,0.132187486,-0.268073052
918,18359.991,1787268359366.912,169440644.209,0.000000000,-9.802085876,0.132384509,-0.268303394
919,18380.004,1787268359386.925,169440664.222,0.000000000,-9.802083969,0.132773578,-0.268220097
920,18400.001,1787268359406.922,169440684.220,0.000000000,-9.802062035,0.132843956,-0.268916249
921,18419.992,1787268359426.913,169440704.210,0.000000000,-9.802048683,0.132654667,-0.269530892
922,18439.996,1787268359446.917,169440724.214,0.000000000,-9.802042007,0.133179739,-0.269499391
923,18460.005,1787268359466.926,169440744.224,0.000000000,-9.802049637,0.133358032,-0.269102484
924,18479.989,1787268359486.910,169440764.207,0.000000000,-9.802058220,0.133227065,-0.268891841
925,18500.000,1787268359506.921,169440784.218,0.000000000,-9.802072525,0.133115992,-0.268455893
926,18519.999,1787268359526.920,169440804.218,0.000000000,-9.802078247,0.133273512,-0.268143803
927,18539.998,1787268359546.919,169440824.216,0.000000000,-9.802091599,0.133372366,-0.267650396
928,18559.998,1787268359566.919,169440844.216,0.000000000,-9.802075386,0.133505970,-0.268176764
929,18579.998,1787268359586.920,169440864.217,0.000000000,-9.802065849,0.133629352,-0.268459767
930,18599.991,1787268359606.912,169440884.209,0.000000000,-9.802062035,0.133689761,-0.268545508
931,18619.998,1787268359626.919,169440904.217,0.000000000,-9.802071571,0.133736238,-0.268190891
932,18639.998,1787268359646.920,169440924.217,0.000000000,-9.802073479,0.133660346,-0.268153310
933,18660.003,1787268359666.925,169440944.222,0.000000000,-9.802078247,0.133676514,-0.267903835
934,18679.998,1787268359686.918,169440964.216,0.000000000,-9.802087784,0.133378476,-0.267767757
935,18700.013,1787268359706.934,169440984.232,0.000000000,-9.802081108,0.133392304,-0.268020242
936,18719.990,1787268359726.911,169441004.208,0.000000000,-9.802080154,0.133617997,-0.267944694
937,18739.989,1787268359746.910,169441024.208,0.000000000,-9.802070618,0.133650154,-0.268271387
938,18760.001,1787268359766.922,169441044.219,0.000000000,-9.802062988,0.133449033,-0.268667430
939,18779.996,1787268359786.917,169441064.215,0.000000000,-9.802054405,0.133516639,-0.268886894
940,18800.002,1787268359806.923,169441084.220,0.000000000,-9.802036285,0.133766130,-0.269427627
941,18819.997,1787268359826.918,169441104.215,0.000000000,-9.802027702,0.133648708,-0.269834310
942,18839.999,1787268359846.920,169441124.218,0.000000000,-9.802026749,0.133579314,-0.269868284
943,18860.000,1787268359866.921,169441144.218,0.000000000,-9.802006721,0.133528128,-0.270574480
944,18879.991,1787268359886.912,169441164.209,0.000000000,-9.802014351,0.133126467,-0.270521909
945,18899.990,1787268359906.911,169441184.208,0.000000000,-9.802023888,0.133071318,-0.270173460
946,18919.989,1787268359926.910,169441204.208,0.000000000,-9.802039146,0.133160710,-0.269647837
947,18940.001,1787268359946.922,169441224.219,0.000000000,-9.802041054,0.133246794,-0.269491076
948,18960.000,1787268359966.921,169441244.219,0.000000000,-9.802045822,0.133170903,-0.269357771
949,18979.998,1787268359986.919,169441264.216,0.000000000,-9.802037239,0.133199126,-0.269634545
950,18999.993,1787268360006.914,169441284.211,0.000000000,-9.802038193,0.133462653,-0.269501984
951,19020.000,1787268360026.922,169441304.219,0.000000000,-9.802038193,0.133256942,-0.269577146
952,19039.992,1787268360046.913,169441324.210,0.000000000,-9.802044868,0.133294165,-0.269337833
953,19059.997,1787268360066.918,169441344.215,0.000000000,-9.802041054,0.133690268,-0.269233882
954,19079.989,1787268360086.910,169441364.208,0.000000000,-9.802036285,0.133718625,-0.269466072
955,19099.997,1787268360106.918,169441384.216,0.000000000,-9.802023888,0.134040758,-0.269714892
956,19120.003,1787268360126.924,169441404.221,0.000000000,-9.802020073,0.133761495,-0.269981682
957,19139.999,1787268360146.920,169441424.218,0.000000000,-9.802021980,0.133737862,-0.269899130
958,19159.999,1787268360166.920,169441444.217,0.000000000,-9.802014351,0.133661881,-0.270236701
959,19179.998,1787268360186.920,169441464.217,0.000000000,-9.802004814,0.133844107,-0.270485550
960,19200.000,1787268360206.921,169441484.218,0.000000000,-9.802002907,0.133912534,-0.270522386
961,19219.999,1787268360226.920,169441504.218,0.000000000,-9.802023888,0.134190440,-0.269682139
962,19239.999,1787268360246.920,169441524.217,0.000000000,-9.802021027,0.134248182,-0.269752622
963,19260.001,1787268360266.922,169441544.220,0.000000000,-9.802023888,0.134007215,-0.269773990
964,19279.998,1787268360286.919,169441564.217,0.000000000,-9.802026749,0.133861095,-0.269707978
965,19300.003,1787268360306.925,169441584.222,0.000000000,-9.802031517,0.133818477,-0.269589603
966,19320.003,1787268360326.924,169441604.221,0.000000000,-9.802024841,0.133693680,-0.269840807
967,19339.993,1787268360346.914,169441624.212,0.000000000,-9.802032471,0.133618400,-0.269666880
968,19359.991,1787268360366.912,169441644.209,0.000000000,-9.802045822,0.133327395,-0.269306332
969,19380.010,1787268360386.931,169441664.228,0.000000000,-9.802051544,0.133748665,-0.268866330
970,19399.992,1787268360406.913,169441684.210,0.000000000,-9.802059174,0.133629724,-0.268629611
971,19419.999,1787268360426.921,169441704.218,0.000000000,-9.802056313,0.133435488,-0.268835217
972,19439.992,1787268360446.914,169441724.211,0.000000000,-9.802062035,0.132970914,-0.268859804
973,19460.000,1787268360466.921,169441744.219,0.000000000,-9.802062035,0.132851452,-0.268902868
974,19479.991,1787268360486.912,169441764.210,0.000000000,-9.802064896,0.132541254,-0.268990308
975,19499.992,1787268360506.913,169441784.210,0.000000000,-9.802070618,0.132232219,-0.268911690
976,19520.001,1787268360526.922,169441804.219,0.000000000,-9.802069664,0.132389188,-0.268879473
977,19539.989,1787268360546.910,169441824.208,0.000000000,-9.802066803,0.132658914,-0.268880785
978,19560.000,1787268360566.921,169441844.218,0.000000000,-9.802055359,0.132834911,-0.269211888
979,19579.995,1787268360586.916,169441864.213,0.000000000,-9.802042007,0.132871762,-0.269649088
980,19599.997,1787268360606.918,169441884.215,0.000000000,-9.802025795,0.132817954,-0.270276606
981,19619.999,1787268360626.920,169441904.217,0.000000000,-9.802019119,0.132783473,-0.270532370
982,19639.999,1787268360646.920,169441924.217,0.000000000,-9.802012444,0.132905364,-0.270703852
983,19660.005,1787268360666.926,169441944.223,0.000000000,-9.802024841,0.132521302,-0.270429939
984,19679.990,1787268360686.911,169441964.208,0.000000000,-9.802008629,0.132583097,-0.270963013
985,19699.991,1787268360706.912,169441984.209,0.000000000,-9.801996231,0.132492438,-0.271497667
986,19720.005,1787268360726.926,169442004.224,0.000000000,-9.801998138,0.132068336,-0.271666586
987,19740.005,1787268360746.926,169442024.223,0.000000000,-9.801990509,0.132210881,-0.271865517
988,19759.992,1787268360766.913,169442044.210,0.000000000,-9.801998138,0.131936312,-0.271664232
989,19779.993,1787268360786.915,169442064.212,0.000000000,-9.802023888,0.132087275,-0.270720422
990,19799.995,1787268360806.917,169442084.214,0.000000000,-9.802034378,0.132029489,-0.270312458
991,19820.003,1787268360826.924,169442104.221,0.000000000,-9.802036285,0.132275566,-0.270135283
992,19839.991,1787268360846.912,169442124.209,0.000000000,-9.802039146,0.131597176,-0.270410061
993,19859.993,1787268360866.914,169442144.211,0.000000000,-9.802025795,0.131765947,-0.270724446
994,19879.999,1787268360886.920,169442164.217,0.000000000,-9.802018166,0.131844342,-0.271041811
995,19900.009,1787268360906.931,169442184.228,0.000000000,-9.802000046,0.131951511,-0.271656752
996,19920.000,1787268360926.921,169442204.218,0.000000000,-9.801988602,0.132182837,-0.271884203
997,19940.000,1787268360946.922,169442224.219,0.000000000,-9.801991463,0.132214352,-0.271829814
998,19959.997,1787268360966.918,169442244.215,0.000000000,-9.801995277,0.131797880,-0.271907359
999,19980.001,1787268360986.922,169442264.219,0.000000000,-9.801995277,0.131670222,-0.271944970
1000,20000.017,1787268361006.938,169442284.235,0.000000000,-9.801983833,0.131610677,-0.272394419
1001,20020.002,1787268361026.923,169442304.220,0.000000000,-9.801974297,0.131815776,-0.272600114
1002,20040.000,1787268361046.922,169442324.219,0.000000000,-9.801989555,0.131339476,-0.272304803
1003,20060.000,1787268361066.921,169442344.219,0.000000000,-9.801992416,0.131259218,-0.272232711
1004,20079.993,1787268361086.914,169442364.211,0.000000000,-9.801998138,0.131166816,-0.272055656
1005,20099.991,1787268361106.912,169442384.210,0.000000000,-9.801982880,0.131274775,-0.272574782
1006,20119.990,1787268361126.911,169442404.208,0.000000000,-9.801970482,0.131641939,-0.272817194
1007,20139.998,1787268361146.919,169442424.216,0.000000000,-9.801963806,0.131891072,-0.272999585
1008,20160.002,1787268361166.923,169442444.221,0.000000000,-9.801950455,0.132309392,-0.273246795
1009,20179.998,1787268361186.919,169442464.217,0.000000000,-9.801954269,0.132261947,-0.273097694
1010,20200.004,1787268361206.925,169442484.223,0.000000000,-9.801956177,0.132346198,-0.272949666
1011,20220.002,1787268361226.923,169442504.220,0.000000000,-9.801936150,0.132725373,-0.273538768
1012,20239.991,1787268361246.912,169442524.210,0.000000000,-9.801939011,0.132549897,-0.273566097
1013,20259.991,1787268361266.912,169442544.210,0.000000000,-9.801923752,0.132460356,-0.274111092
1014,20279.997,1787268361286.918,169442564.215,0.000000000,-9.801911354,0.132725552,-0.274447292
1015,20299.992,1787268361306.914,169442584.211,0.000000000,-9.801910400,0.132569268,-0.274537146
1016,20319.996,1787268361326.917,169442604.215,0.000000000,-9.801907539,0.132869318,-0.274485469
1017,20340.001,1787268361346.922,169442624.219,0.000000000,-9.801929474,0.133126393,-0.273600280
1018,20360.008,1787268361366.929,169442644.227,0.000000000,-9.801927567,0.133268282,-0.273585290
1019,20380.006,1787268361386.927,169442664.224,0.000000000,-9.801942825,0.133220956,-0.273089796
1020,20400.000,1787268361406.921,169442684.218,0.000000000,-9.801924706,0.133208320,-0.273680091
1021,20420.000,1787268361426.921,169442704.218,0.000000000,-9.801917076,0.133122861,-0.273963511
1022,20439.995,1787268361446.916,169442724.214,0.000000000,-9.801918983,0.133068681,-0.273956060
1023,20459.992,1787268361466.913,169442744.210,0.000000000,-9.801918030,0.133097589,-0.274016559
1024,20480.006,1787268361486.927,169442764.224,0.000000000,-9.801904678,0.133263811,-0.274392009
1025,20499.993,1787268361506.914,169442784.211,0.000000000,-9.801901817,0.133242100,-0.274461240
1026,20520.001,1787268361526.922,169442804.219,0.000000000,-9.801912308,0.133336499,-0.274118751
1027,20539.994,1787268361546.915,169442824.213,0.000000000,-9.801916122,0.133305997,-0.274035543
1028,20559.989,1787268361566.910,169442844.208,0.000000000,-9.801911354,0.133270025,-0.274150759
1029,20579.995,1787268361586.917,169442864.214,0.000000000,-9.801895142,0.133325517,-0.274704993
1030,20599.998,1787268361606.919,169442884.217,0.000000000,-9.801885605,0.133327305,-0.275113374
1031,20619.993,1787268361626.915,169442904.212,0.000000000,-9.801885605,0.133202717,-0.275111228
1032,20639.998,1787268361646.919,169442924.217,0.000000000,-9.801874161,0.133311510,-0.275480777
1033,20659.993,1787268361666.914,169442944.211,0.000000000,-9.801865578,0.133215114,-0.275853634
1034,20680.001,1787268361686.922,169442964.219,0.000000000,-9.801856041,0.132975593,-0.276271194
1035,20700.000,1787268361706.922,169442984.219,0.000000000,-9.801859856,0.132816464,-0.276261300
1036,20720.002,1787268361726.923,169443004.220,0.000000000,-9.801881790,0.132520065,-0.275583029
1037,20740.002,1787268361746.923,169443024.220,0.000000000,-9.801888466,0.132750779,-0.275273710
1038,20759.991,1787268361766.912,169443044.209,0.000000000,-9.801881790,0.132864594,-0.275471181
1039,20779.993,1787268361786.914,169443064.212,0.000000000,-9.801906586,0.132831544,-0.274562985
1040,20799.990,1787268361806.911,169443084.208,0.000000000,-9.801898003,0.132796377,-0.274808496
1041,20819.996,1787268361826.917,169443104.214,0.000000000,-9.801896095,0.132600769,-0.274980724
1042,20840.002,1787268361846.923,169443124.221,0.000000000,-9.801892281,0.132762045,-0.275059998
1043,20860.000,1787268361866.921,169443144.219,0.000000000,-9.801899910,0.132862538,-0.274784684
1044,20880.008,1787268361886.929,169443164.226,0.000000000,-9.801916122,0.132716313,-0.274266392
1045,20899.990,1787268361906.911,169443184.208,0.000000000,-9.801915169,0.132840723,-0.274195045
1046,20919.998,1787268361926.919,169443204.216,0.000000000,-9.801913261,0.133160070,-0.274112731
1047,20940.001,1787268361946.922,169443224.220,0.000000000,-9.801922798,0.132799178,-0.273969054
1048,20959.989,1787268361966.910,169443244.207,0.000000000,-9.801915169,0.132653877,-0.274329811
1049,20979.989,1787268361986.910,169443264.207,0.000000000,-9.801905632,0.132759035,-0.274594992
1050,20999.994,1787268362006.915,169443284.212,0.000000000,-9.801904678,0.132761806,-0.274611592
1051,21019.989,1787268362026.910,169443304.207,0.000000000,-9.801898003,0.132591635,-0.275028646
1052,21040.003,1787268362046.924,169443324.221,0.000000000,-9.801897049,0.132641017,-0.274971068
1053,21059.995,1787268362066.916,169443344.213,0.000000000,-9.801908493,0.132255539,-0.274739057
1054,21080.001,1787268362086.922,169443364.219,0.000000000,-9.801902771,0.132869095,-0.274628758
1055,21099.991,1787268362106.912,169443384.209,0.000000000,-9.801901817,0.132685870,-0.274741769
1056,21119.993,1787268362126.914,169443404.211,0.000000000,-9.801892281,0.132674798,-0.275117755
1057,21139.992,1787268362146.913,169443424.210,0.000000000,-9.801882744,0.132773682,-0.275459945
1058,21159.989,1787268362166.910,169443444.207,0.000000000,-9.801884651,0.133018523,-0.275227398
1059,21180.003,1787268362186.925,169443464.222,0.000000000,-9.801885605,0.132800296,-0.275336534
1060,21199.993,1787268362206.914,169443484.211,0.000000000,-9.801891327,0.132872179,-0.275100917
1061,21219.999,1787268362226.920,169443504.218,0.000000000,-9.801895142,0.132541493,-0.275093645
1062,21240.006,1787268362246.927,169443524.225,0.000000000,-9.801887512,0.132573530,-0.275355041
1063,21259.997,1787268362266.918,169443544.215,0.000000000,-9.801861763,0.132484376,-0.276376992
1064,21279.994,1787268362286.915,169443564.213,0.000000000,-9.801860809,0.132518992,-0.276328534
1065,21299.991,1787268362306.912,169443584.209,0.000000000,-9.801874161,0.132241875,-0.275957197
1066,21319.991,1787268362326.912,169443604.210,0.000000000,-9.801874161,0.132412538,-0.275895774
1067,21339.999,1787268362346.920,169443624.217,0.000000000,-9.801873207,0.132470727,-0.275952816
1068,21359.997,1787268362366.918,169443644.216,0.000000000,-9.801875114,0.132440224,-0.275830090
1069,21380.001,1787268362386.922,169443664.220,0.000000000,-9.801880836,0.132473081,-0.275648445
1070,21399.997,1787268362406.918,169443684.215,0.000000000,-9.801879883,0.132556215,-0.275647730
1071,21420.001,1787268362426.922,169443704.219,0.000000000,-9.801862717,0.133123010,-0.275950849
1072,21439.992,1787268362446.913,169443724.210,0.000000000,-9.801851273,0.133056179,-0.276426315
1073,21459.996,1787268362466.917,169443744.214,0.000000000,-9.801852226,0.133207291,-0.276354998
1074,21479.999,1787268362486.920,169443764.218,0.000000000,-9.801852226,0.133595422,-0.276165366
1075,21499.999,1787268362506.920,169443784.217,0.000000000,-9.801846504,0.133449674,-0.276421934
1076,21520.005,1787268362526.926,169443804.223,0.000000000,-9.801832199,0.133345068,-0.276971161
1077,21539.998,1787268362546.919,169443824.216,0.000000000,-9.801824570,0.133165777,-0.277318537
1078,21559.999,1787268362566.921,169443844.218,0.000000000,-9.801815033,0.133236125,-0.277626038
1079,21580.000,1787268362586.921,169443864.218,0.000000000,-9.801807404,0.133270174,-0.277836889
1080,21599.988,1787268362606.909,169443884.206,0.000000000,-9.801813126,0.133257329,-0.277660698
1081,21619.988,1787268362626.909,169443904.207,0.000000000,-9.801833153,0.133027762,-0.277054340
1082,21639.994,1787268362646.915,169443924.212,0.000000000,-9.801844597,0.132927850,-0.276745111
1083,21659.996,1787268362666.917,169443944.215,0.000000000,-9.801848412,0.133000463,-0.276523620
1084,21679.990,1787268362686.911,169443964.208,0.000000000,-9.801850319,0.133162424,-0.276391029
1085,21700.004,1787268362706.925,169443984.222,0.000000000,-9.801840782,0.133647308,-0.276514411
1086,21719.992,1787268362726.913,169444004.210,0.000000000,-9.801845551,0.133387998,-0.276467979
1087,21739.992,1787268362746.913,169444024.210,0.000000000,-9.801838875,0.133275658,-0.276735276
1088,21759.996,1787268362766.917,169444044.214,0.000000000,-9.801823616,0.133311361,-0.277259469
1089,21779.991,1787268362786.912,169444064.210,0.000000000,-9.801812172,0.133275345,-0.277722895
1090,21799.992,1787268362806.913,169444084.211,0.000000000,-9.801814079,0.133524716,-0.277479917
1091,21820.003,1787268362826.924,169444104.221,0.000000000,-9.801815033,0.133293971,-0.277617216
1092,21839.995,1787268362846.916,169444124.213,0.000000000,-9.801815033,0.133108452,-0.277707815
1093,21860.000,1787268362866.921,169444144.218,0.000000000,-9.801831245,0.132954523,-0.277178347
1094,21879.998,1787268362886.919,169444164.216,0.000000000,-9.801839828,0.132723734,-0.276991695
1095,21899.995,1787268362906.916,169444184.213,0.000000000,-9.801862717,0.132492736,-0.276336163
1096,21919.989,1787268362926.910,169444204.207,0.000000000,-9.801862717,0.133034751,-0.276060194
1097,21940.004,1787268362946.925,169444224.222,0.000000000,-9.801859856,0.133210033,-0.276100576
1098,21959.999,1787268362966.920,169444244.218,0.000000000,-9.801856041,0.133273631,-0.276169688
1099,21980.062,1787268362986.983,169444264.281,0.000000000,-9.801834106,0.133122295,-0.276974291
1100,21999.990,1787268363006.911,169444284.208,0.000000000,-9.801836014,0.133200899,-0.276916891
1101,22019.989,1787268363026.910,169444304.208,0.000000000,-9.801831245,0.133267343,-0.277031213
1102,22039.991,1787268363046.912,169444324.210,0.000000000,-9.801836014,0.133412004,-0.276783377
1103,22059.997,1787268363066.918,169444344.216,0.000000000,-9.801856995,0.133255824,-0.276130974
1104,22080.000,1787268363086.921,169444364.218,0.000000000,-9.801864624,0.133203477,-0.275843650
1105,22099.991,1787268363106.912,169444384.209,0.000000000,-9.801877022,0.132910579,-0.275533438
1106,22119.990,1787268363126.911,169444404.208,0.000000000,-9.801863670,0.132960603,-0.276008070
1107,22139.992,1787268363146.914,169444424.211,0.000000000,-9.801866531,0.132991090,-0.275882721
1108,22160.003,1787268363166.924,169444444.221,0.000000000,-9.801865578,0.132755145,-0.276076466
1109,22180.001,1787268363186.922,169444464.220,0.000000000,-9.801855087,0.132751063,-0.276388705
1110,22200.001,1787268363206.922,169444484.219,0.000000000,-9.801863670,0.132666573,-0.276110262
1111,22219.991,1787268363226.912,169444504.209,0.000000000,-9.801848412,0.132872134,-0.276644230
1112,22239.989,1787268363246.910,169444524.207,0.000000000,-9.801849365,0.132788956,-0.276575089
1113,22259.994,1787268363266.915,169444544.213,0.000000000,-9.801856995,0.132893875,-0.276319504
1114,22280.004,1787268363286.926,169444564.223,0.000000000,-9.801861763,0.132492766,-0.276293904
1115,22299.991,1787268363306.912,169444584.209,0.000000000,-9.801861763,0.132672459,-0.276189506
1116,22319.990,1787268363326.911,169444604.208,0.000000000,-9.801860809,0.132539734,-0.276331544
1117,22339.998,1787268363346.920,169444624.217,0.000000000,-9.801849365,0.132604092,-0.276693910
1118,22359.993,1787268363366.915,169444644.212,0.000000000,-9.801854134,0.132920623,-0.276405275
1119,22380.006,1787268363386.927,169444664.225,0.000000000,-9.801847458,0.133236542,-0.276525915
1120,22399.999,1787268363406.920,169444684.217,0.000000000,-9.801844597,0.133131504,-0.276619077
1121,22420.001,1787268363426.922,169444704.219,0.000000000,-9.801824570,0.133229390,-0.277278036
1122,22440.001,1787268363446.922,169444724.220,0.000000000,-9.801813126,0.133162573,-0.277671307
1123,22460.009,1787268363466.931,169444744.228,0.000000000,-9.801811218,0.133040830,-0.277856410
1124,22480.004,1787268363486.926,169444764.223,0.000000000,-9.801794052,0.133136049,-0.278413087
1125,22500.002,1787268363506.923,169444784.220,0.000000000,-9.801796913,0.133205459,-0.278201729
1126,22519.997,1787268363526.918,169444804.216,0.000000000,-9.801798820,0.133184001,-0.278205603
1127,22539.999,1787268363546.920,169444824.218,0.000000000,-9.801813126,0.133337811,-0.277621657
1128,22560.003,1787268363566.925,169444844.222,0.000000000,-9.801823616,0.133425772,-0.277190387
1129,22579.995,1787268363586.916,169444864.213,0.000000000,-9.801830292,0.133379251,-0.277035773
1130,22599.995,1787268363606.916,169444884.213,0.000000000,-9.801837921,0.133312300,-0.276772976
1131,22619.993,1787268363626.914,169444904.211,0.000000000,-9.801857948,0.133414656,-0.276016355
1132,22640.003,1787268363646.924,169444924.221,0.000000000,-9.801848412,0.133592397,-0.276277989
1133,22660.001,1787268363666.922,169444944.219,0.000000000,-9.801859856,0.133523360,-0.275862128
1134,22679.992,1787268363686.913,169444964.210,0.000000000,-9.801864624,0.133190051,-0.275849015
1135,22700.001,1787268363706.922,169444984.220,0.000000000,-9.801868439,0.133127034,-0.275759250
1136,22719.992,1787268363726.913,169445004.211,0.000000000,-9.801873207,0.133158803,-0.275545895
1137,22739.990,1787268363746.911,169445024.208,0.000000000,-9.801857948,0.133900046,-0.275760412
1138,22759.992,1787268363766.913,169445044.210,0.000000000,-9.801852226,0.133862779,-0.275946826
1139,22780.000,1787268363786.921,169445064.218,0.000000000,-9.801817894,0.133963317,-0.277166128
1140,22799.992,1787268363806.913,169445084.210,0.000000000,-9.801802635,0.133645311,-0.277835786
1141,22820.002,1787268363826.923,169445104.220,0.000000000,-9.801794052,0.133633405,-0.278116614
1142,22839.996,1787268363846.917,169445124.215,0.000000000,-9.801763535,0.133984894,-0.279057801
1143,22859.990,1787268363866.911,169445144.208,0.000000000,-9.801734924,0.133559942,-0.280226916
1144,22879.992,1787268363886.913,169445164.211,0.000000000,-9.801728249,0.133519888,-0.280548185
1145,22900.001,1787268363906.922,169445184.219,0.000000000,-9.801717758,0.133549601,-0.280933768
1146,22920.022,1787268363926.943,169445204.241,0.000000000,-9.801718712,0.133559600,-0.280868262
1147,22939.989,1787268363946.911,169445224.208,0.000000000,-9.801720619,0.133415580,-0.280880272
1148,22959.993,1787268363966.915,169445244.212,0.000000000,-9.801755905,0.133246347,-0.279734850
1149,22980.000,1787268363986.921,169445264.218,0.000000000,-9.801758766,0.133092985,-0.279693931
1150,22999.994,1787268364006.915,169445284.212,0.000000000,-9.801758766,0.133390233,-0.279497951
1151,23019.996,1787268364026.917,169445304.214,0.000000000,-9.801779747,0.133195207,-0.278923899
1152,23040.004,1787268364046.925,169445324.222,0.000000000,-9.801777840,0.133020297,-0.278975427
1153,23060.002,1787268364066.923,169445344.220,0.000000000,-9.801777840,0.133077338,-0.278959066
1154,23079.998,1787268364086.919,169445364.217,0.000000000,-9.801779747,0.132769421,-0.279035419
1155,23100.006,1787268364106.927,169445384.224,0.000000000,-9.801774025,0.132735699,-0.279253989
1156,23120.009,1787268364126.930,169445404.228,0.000000000,-9.801759720,0.132849067,-0.279739887
1157,23140.002,1787268364146.923,169445424.220,0.000000000,-9.801745415,0.132916674,-0.280202240
1158,23160.005,1787268364166.926,169445444.223,0.000000000,-9.801736832,0.132917285,-0.280524671
1159,23180.017,1787268364186.938,169445464.235,0.000000000,-9.801732063,0.133063987,-0.280653387
1160,23200.001,1787268364206.922,169445484.219,0.000000000,-9.801712990,0.133170083,-0.281227052
1161,23220.001,1787268364226.922,169445504.219,0.000000000,-9.801707268,0.133012936,-0.281456143
1162,23239.991,1787268364246.912,169445524.209,0.000000000,-9.801714897,0.132681146,-0.281377256
1163,23259.989,1787268364266.910,169445544.208,0.000000000,-9.801748276,0.132515505,-0.280320406
1164,23279.991,1787268364286.912,169445564.210,0.000000000,-9.801773071,0.132447079,-0.279454142
1165,23300.002,1787268364306.923,169445584.220,0.000000000,-9.801794052,0.132143363,-0.278860301
1166,23319.999,1787268364326.920,169445604.217,0.000000000,-9.801806450,0.132420763,-0.278296769
1167,23339.990,1787268364346.911,169445624.209,0.000000000,-9.801821709,0.132484496,-0.277754366
1168,23359.999,1787268364366.920,169445644.217,0.000000000,-9.801807404,0.132796779,-0.278024226
1169,23379.990,1787268364386.911,169445664.208,0.000000000,-9.801796913,0.133120328,-0.278286964
1170,23399.991,1787268364406.912,169445684.209,0.000000000,-9.801802635,0.133032352,-0.278139859
1171,23419.988,1787268364426.909,169445704.206,0.000000000,-9.801803589,0.133072689,-0.278049678
1172,23440.001,1787268364446.922,169445724.220,0.000000000,-9.801813126,0.133141086,-0.277706593
1173,23460.004,1787268364466.925,169445744.222,0.000000000,-9.801817894,0.133025393,-0.277617127
1174,23479.997,1787268364486.918,169445764.215,0.000000000,-9.801805496,0.133285895,-0.277948976
1175,23499.993,1787268364506.914,169445784.211,0.000000000,-9.801809311,0.133358628,-0.277791619
1176,23520.004,1787268364526.925,169445804.222,0.000000000,-9.801806450,0.133481100,-0.277750522
1177,23540.000,1787268364546.922,169445824.219,0.000000000,-9.801777840,0.133034751,-0.278989881
1178,23560.000,1787268364566.921,169445844.218,0.000000000,-9.801769257,0.133215308,-0.279213130
1179,23579.989,1787268364586.910,169445864.207,0.000000000,-9.801737785,0.133325055,-0.280304730
1180,23599.989,1787268364606.911,169445884.208,0.000000000,-9.801711082,0.133451238,-0.281165659
1181,23619.998,1787268364626.918,169445904.216,0.000000000,-9.801705360,0.133585870,-0.281250834
1182,23639.988,1787268364646.909,169445924.206,0.000000000,-9.801697731,0.133112997,-0.281786770
1183,23659.994,1787268364666.916,169445944.213,0.000000000,-9.801714897,0.133058757,-0.281214744
1184,23679.998,1787268364686.919,169445964.216,0.000000000,-9.801716805,0.133068770,-0.281159520
1185,23699.989,1787268364706.910,169445984.208,0.000000000,-9.801733017,0.132766291,-0.280722141
1186,23720.002,1787268364726.923,169446004.220,0.000000000,-9.801743507,0.133058414,-0.280249923
1187,23740.002,1787268364746.923,169446024.220,0.000000000,-9.801756859,0.133017153,-0.279748887
1188,23759.996,1787268364766.917,169446044.215,0.000000000,-9.801774025,0.132998690,-0.279131234
1189,23779.997,1787268364786.917,169446064.215,0.000000000,-9.801777840,0.133104101,-0.278958052
1190,23799.990,1787268364806.911,169446084.208,0.000000000,-9.801774025,0.133408114,-0.279008090
1191,23819.993,1787268364826.915,169446104.212,0.000000000,-9.801791191,0.133340821,-0.278385460
1192,23839.992,1787268364846.913,169446124.210,0.000000000,-9.801816940,0.132876530,-0.277765363
1193,23860.007,1787268364866.927,169446144.225,0.000000000,-9.801801682,0.133363202,-0.278021574
1194,23879.994,1787268364886.915,169446164.212,0.000000000,-9.801789284,0.133523211,-0.278333724
1195,23899.994,1787268364906.916,169446184.213,0.000000000,-9.801789284,0.133588612,-0.278328896
1196,23919.993,1787268364926.914,169446204.211,0.000000000,-9.801787376,0.133731827,-0.278357685
1197,23939.992,1787268364946.913,169446224.210,0.000000000,-9.801788330,0.133730635,-0.278273791
1198,23960.004,1787268364966.925,169446244.222,0.000000000,-9.801777840,0.133727714,-0.278624445
1199,23980.003,1787268364986.924,169446264.221,0.000000000,-9.801777840,0.133660406,-0.278705984
1200,23999.995,1787268365006.916,169446284.213,0.000000000,-9.801749229,0.133542001,-0.279786587
1201,24019.995,1787268365026.916,169446304.214,0.000000000,-9.801735878,0.133601710,-0.280215532
1202,24040.015,1787268365046.936,169446324.234,0.000000000,-9.801731110,0.133474573,-0.280424088
1203,24059.991,1787268365066.912,169446344.209,0.000000000,-9.801733971,0.133197546,-0.280479670
1204,24080.001,1787268365086.922,169446364.219,0.000000000,-9.801716805,0.133262232,-0.281027615
1205,24099.993,1787268365106.914,169446384.211,0.000000000,-9.801716805,0.133251265,-0.281105876
1206,24119.998,1787268365126.919,169446404.216,0.000000000,-9.801703453,0.133389235,-0.281423151
1207,24139.992,1787268365146.913,169446424.210,0.000000000,-9.801685333,0.134023041,-0.281787038
1208,24160.010,1787268365166.931,169446444.229,0.000000000,-9.801692963,0.134007350,-0.281579465
1209,24180.003,1787268365186.924,169446464.221,0.000000000,-9.801688194,0.133928239,-0.281724364
1210,24200.003,1787268365206.925,169446484.222,0.000000000,-9.801692009,0.134237096,-0.281455666
1211,24220.000,1787268365226.921,169446504.218,0.000000000,-9.801699638,0.134181067,-0.281181455
1212,24240.005,1787268365246.926,169446524.224,0.000000000,-9.801700592,0.134404585,-0.281050533
1213,24259.997,1787268365266.918,169446544.216,0.000000000,-9.801702499,0.134775877,-0.280845344
1214,24279.993,1787268365286.914,169446564.211,0.000000000,-9.801703453,0.135125518,-0.280693114
1215,24300.001,1787268365306.922,169446584.220,0.000000000,-9.801699638,0.134832606,-0.280860394
1216,24320.003,1787268365326.924,169446604.221,0.000000000,-9.801674843,0.134823501,-0.281749666
1217,24340.005,1787268365346.926,169446624.223,0.000000000,-9.801671982,0.134798661,-0.281857729
1218,24359.999,1787268365366.920,169446644.217,0.000000000,-9.801672935,0.134505838,-0.281979859
1219,24380.002,1787268365386.923,169446664.221,0.000000000,-9.801678658,0.134437799,-0.281855106
1220,24399.989,1787268365406.910,169446684.207,0.000000000,-9.801680565,0.134323508,-0.281826615
1221,24419.998,1787268365426.919,169446704.216,0.000000000,-9.801692009,0.133935213,-0.281557441
1222,24439.994,1787268365446.915,169446724.213,0.000000000,-9.801708221,0.133815318,-0.281096011
1223,24459.993,1787268365466.914,169446744.211,0.000000000,-9.801702499,0.133790672,-0.281249017
1224,24479.999,1787268365486.920,169446764.217,0.000000000,-9.801708221,0.133832768,-0.281113058
1225,24500.002,1787268365506.923,169446784.220,0.000000000,-9.801698685,0.134405375,-0.281144530
1226,24519.997,1787268365526.918,169446804.216,0.000000000,-9.801679611,0.134510219,-0.281708956
1227,24540.005,1787268365546.926,169446824.223,0.000000000,-9.801680565,0.134277552,-0.281810492
1228,24560.005,1787268365566.926,169446844.223,0.000000000,-9.801686287,0.134111688,-0.281709820
1229,24579.999,1787268365586.920,169446864.218,0.000000000,-9.801683426,0.133649617,-0.282010198
1230,24600.000,1787268365606.921,169446884.219,0.000000000,-9.801678658,0.133790925,-0.282078564
1231,24620.003,1787268365626.924,169446904.221,0.000000000,-9.801672935,0.133718759,-0.282283306
1232,24639.995,1787268365646.916,169446924.213,0.000000000,-9.801663399,0.133898407,-0.282597810
1233,24660.000,1787268365666.921,169446944.219,0.000000000,-9.801668167,0.133549139,-0.282575995
1234,24680.000,1787268365686.922,169446964.219,0.000000000,-9.801672935,0.133536041,-0.282417148
1235,24699.995,1787268365706.916,169446984.214,0.000000000,-9.801683426,0.133757949,-0.281966358
1236,24720.006,1787268365726.927,169447004.225,0.000000000,-9.801686287,0.133893013,-0.281825572
1237,24739.995,1787268365746.916,169447024.213,0.000000000,-9.801687241,0.133915484,-0.281759828
1238,24760.007,1787268365766.928,169447044.225,0.000000000,-9.801683426,0.133980438,-0.281878531
1239,24779.993,1787268365786.914,169447064.212,0.000000000,-9.801680565,0.134135231,-0.281885147
1240,24799.991,1787268365806.912,169447084.209,0.000000000,-9.801687241,0.134023130,-0.281719953
1241,24820.001,1787268365826.922,169447104.219,0.000000000,-9.801683426,0.133990467,-0.281863153
1242,24840.004,1787268365846.925,169447124.222,0.000000000,-9.801692963,0.133992955,-0.281539649
1243,24860.001,1787268365866.922,169447144.220,0.000000000,-9.801698685,0.133769810,-0.281434983
1244,24879.994,1787268365886.915,169447164.212,0.000000000,-9.801717758,0.133334920,-0.281016111
1245,24899.998,1787268365906.919,169447184.216,0.000000000,-9.801726341,0.133450836,-0.280608594
1246,24919.993,1787268365926.914,169447204.211,0.000000000,-9.801726341,0.133122325,-0.280806988
1247,24939.990,1787268365946.911,169447224.209,0.000000000,-9.801714897,0.132884219,-0.281283617
1248,24959.989,1787268365966.910,169447244.208,0.000000000,-9.801707268,0.132907420,-0.281560540
1249,24980.002,1787268365986.923,169447264.220,0.000000000,-9.801709175,0.132852271,-0.281499475
1250,25000.000,1787268366006.921,169447284.218,0.000000000,-9.801703453,0.133366883,-0.281430066
1251,25019.997,1787268366026.918,169447304.215,0.000000000,-9.801700592,0.133069530,-0.281683207
1252,25039.990,1787268366046.911,169447324.209,0.000000000,-9.801690102,0.132906750,-0.282086015
1253,25059.992,1787268366066.913,169447344.210,0.000000000,-9.801691055,0.133115605,-0.281973153
1254,25080.068,1787268366086.989,169447364.286,0.000000000,-9.801672935,0.133578196,-0.282402843
1255,25099.992,1787268366106.913,169447384.210,0.000000000,-9.801676750,0.133521363,-0.282284051
1256,25120.003,1787268366126.924,169447404.221,0.000000000,-9.801660538,0.133870602,-0.282705635
1257,25140.001,1787268366146.922,169447424.220,0.000000000,-9.801640511,0.133953735,-0.283351392
1258,25159.997,1787268366166.918,169447444.216,0.000000000,-9.801649094,0.134160265,-0.282943875
1259,25179.999,1787268366186.920,169447464.217,0.000000000,-9.801647186,0.134044141,-0.283117056
1260,25199.991,1787268366206.912,169447484.209,0.000000000,-9.801653862,0.133817419,-0.282971680
1261,25219.994,1787268366226.915,169447504.212,0.000000000,-9.801654816,0.133953229,-0.282872289
1262,25240.043,1787268366246.964,169447524.261,0.000000000,-9.801666260,0.133868292,-0.282478482
1263,25260.002,1787268366266.923,169447544.220,0.000000000,-9.801663399,0.133740604,-0.282619834
1264,25279.991,1787268366286.912,169447564.209,0.000000000,-9.801664352,0.133949637,-0.282537192
1265,25300.000,1787268366306.921,169447584.219,0.000000000,-9.801664352,0.133874252,-0.282570511
1266,25320.000,1787268366326.922,169447604.219,0.000000000,-9.801665306,0.133605331,-0.282612324
1267,25339.992,1787268366346.913,169447624.210,0.000000000,-9.801673889,0.133615494,-0.282364041
1268,25359.991,1787268366366.912,169447644.210,0.000000000,-9.801683426,0.133464396,-0.282107741
1269,25379.988,1787268366386.909,169447664.207,0.000000000,-9.801701546,0.133388370,-0.281478524
1270,25399.990,1787268366406.911,169447684.208,0.000000000,-9.801707268,0.133363172,-0.281305254
1271,25420.005,1787268366426.926,169447704.223,0.000000000,-9.801711082,0.133578807,-0.281089276
1272,25440.002,1787268366446.923,169447724.221,0.000000000,-9.801715851,0.133618653,-0.280921072
1273,25460.003,1787268366466.924,169447744.221,0.000000000,-9.801721573,0.133693308,-0.280675054
1274,25479.993,1787268366486.915,169447764.212,0.000000000,-9.801696777,0.134021625,-0.281338602
1275,25499.989,1787268366506.910,169447784.208,0.000000000,-9.801688194,0.133821487,-0.281750679
1276,25519.995,1787268366526.916,169447804.213,0.000000000,-9.801679611,0.133917958,-0.282027006
1277,25539.991,1787268366546.912,169447824.209,0.000000000,-9.801661491,0.134199500,-0.282506257
1278,25559.995,1787268366566.916,169447844.214,0.000000000,-9.801648140,0.133974925,-0.283075154
1279,25580.001,1787268366586.922,169447864.220,0.000000000,-9.801637650,0.134227350,-0.283313543
1280,25600.002,1787268366606.923,169447884.220,0.000000000,-9.801629066,0.133973733,-0.283752024
1281,25620.000,1787268366626.921,169447904.218,0.000000000,-9.801617622,0.133766115,-0.284253329
1282,25639.990,1787268366646.911,169447924.209,0.000000000,-9.801614761,0.133789182,-0.284332782
1283,25659.999,1787268366666.920,169447944.218,0.000000000,-9.801602364,0.133884057,-0.284713537
1284,25679.987,1787268366686.908,169447964.205,0.000000000,-9.801600456,0.133862615,-0.284837842
1285,25700.005,1787268366706.926,169447984.224,0.000000000,-9.801605225,0.133973107,-0.284548134
1286,25719.994,1787268366726.915,169448004.213,0.000000000,-9.801612854,0.134365007,-0.284157127
1287,25740.002,1787268366746.923,169448024.221,0.000000000,-9.801624298,0.134234577,-0.283795476
1288,25759.999,1787268366766.920,169448044.218,0.000000000,-9.801634789,0.134223387,-0.283397347
1289,25780.001,1787268366786.922,169448064.220,0.000000000,-9.801633835,0.134261876,-0.283415347
1290,25799.993,1787268366806.915,169448084.212,0.000000000,-9.801626205,0.133971393,-0.283856720
1291,25820.004,1787268366826.925,169448104.222,0.000000000,-9.801627159,0.133925661,-0.283854157
1292,25840.005,1787268366846.926,169448124.223,0.000000000,-9.801622391,0.134130120,-0.283917695
1293,25860.004,1787268366866.926,169448144.223,0.000000000,-9.801600456,0.134228051,-0.284614354
1294,25879.989,1787268366886.910,169448164.208,0.000000000,-9.801600456,0.134498671,-0.284498572
1295,25900.000,1787268366906.921,169448184.218,0.000000000,-9.801590919,0.134948909,-0.284643441
1296,25919.992,1787268366926.913,169448204.210,0.000000000,-9.801570892,0.134699076,-0.285405785
1297,25940.002,1787268366946.923,169448224.221,0.000000000,-9.801566124,0.134996489,-0.285429925
1298,25960.002,1787268366966.923,169448244.221,0.000000000,-9.801559448,0.135209978,-0.285602003
1299,25979.991,1787268366986.912,169448264.210,0.000000000,-9.801551819,0.135472804,-0.285699248
1300,25999.992,1787268367006.913,169448284.210,0.000000000,-9.801553726,0.135741159,-0.285482496
1301,26020.028,1787268367026.949,169448304.246,0.000000000,-9.801552773,0.135723993,-0.285535127
1302,26040.001,1787268367046.922,169448324.220,0.000000000,-9.801573753,0.135256067,-0.285111427
1303,26060.017,1787268367066.938,169448344.235,0.000000000,-9.801559448,0.135248765,-0.285545945
1304,26079.993,1787268367086.914,169448364.212,0.000000000,-9.801570892,0.134906098,-0.285336971
1305,26099.998,1787268367106.919,169448384.216,0.000000000,-9.801594734,0.134353369,-0.284792036
1306,26119.989,1787268367126.910,169448404.207,0.000000000,-9.801590919,0.134294316,-0.284956902
1307,26139.989,1787268367146.910,169448424.207,0.000000000,-9.801596642,0.134207651,-0.284799993
1308,26159.989,1787268367166.910,169448444.207,0.000000000,-9.801576614,0.134627715,-0.285301596
1309,26179.991,1787268367186.912,169448464.209,0.000000000,-9.801555634,0.134750307,-0.285911292
1310,26199.989,1787268367206.910,169448484.207,0.000000000,-9.801544189,0.134603605,-0.286329776
1311,26219.989,1787268367226.910,169448504.207,0.000000000,-9.801543236,0.134264812,-0.286563158
1312,26239.991,1787268367246.912,169448524.210,0.000000000,-9.801551819,0.133985907,-0.286436349
1313,26260.003,1787268367266.924,169448544.221,0.000000000,-9.801548004,0.133896962,-0.286534339
1314,26279.999,1787268367286.920,169448564.218,0.000000000,-9.801559448,0.133633956,-0.286254227
1315,26300.003,1787268367306.924,169448584.221,0.000000000,-9.801579475,0.133226410,-0.285806596
1316,26319.993,1787268367326.914,169448604.211,0.000000000,-9.801583290,0.133073181,-0.285752624
1317,26339.990,1787268367346.911,169448624.208,0.000000000,-9.801586151,0.133442357,-0.285495758
1318,26359.991,1787268367366.912,169448644.210,0.000000000,-9.801608086,0.133478075,-0.284687459
1319,26379.991,1787268367386.912,169448664.209,0.000000000,-9.801610947,0.133361116,-0.284652740
1320,26400.050,1787268367406.971,169448684.268,0.000000000,-9.801626205,0.133197919,-0.284238964
1321,26420.001,1787268367426.922,169448704.219,0.000000000,-9.801608086,0.132932067,-0.284979314
1322,26440.002,1787268367446.923,169448724.221,0.000000000,-9.801601410,0.133084267,-0.285116702
1323,26459.992,1787268367466.913,169448744.210,0.000000000,-9.801585197,0.132961810,-0.285711080
1324,26479.993,1787268367486.914,169448764.211,0.000000000,-9.801561356,0.133070871,-0.286475867
1325,26499.990,1787268367506.911,169448784.208,0.000000000,-9.801559448,0.133134007,-0.286493331
1326,26519.997,1787268367526.918,169448804.215,0.000000000,-9.801548958,0.133527294,-0.286670208
1327,26539.992,1787268367546.913,169448824.210,0.000000000,-9.801555634,0.133536965,-0.286467820
1328,26559.993,1787268367566.915,169448844.212,0.000000000,-9.801551819,0.133491591,-0.286612213
1329,26580.003,1787268367586.924,169448864.221,0.000000000,-9.801552773,0.133249119,-0.286669493
1330,26599.990,1787268367606.911,169448884.208,0.000000000,-9.801548004,0.132991210,-0.286990523
1331,26619.990,1787268367626.911,169448904.208,0.000000000,-9.801548958,0.132953048,-0.286980063
1332,26640.002,1787268367646.923,169448924.220,0.000000000,-9.801560402,0.132815674,-0.286625147
1333,26660.008,1787268367666.929,169448944.226,0.000000000,-9.801561356,0.133119464,-0.286470234
1334,26679.996,1787268367686.917,169448964.214,0.000000000,-9.801552773,0.133141190,-0.286775410
1335,26699.999,1787268367706.920,169448984.218,0.000000000,-9.801544189,0.133421943,-0.286895901
1336,26719.991,1787268367726.912,169449004.209,0.000000000,-9.801544189,0.133508593,-0.286828101
1337,26740.003,1787268367746.924,169449024.221,0.000000000,-9.801549911,0.133477822,-0.286710382
1338,26760.002,1787268367766.923,169449044.221,0.000000000,-9.801546097,0.133302405,-0.286903143
1339,26780.002,1787268367786.923,169449064.221,0.000000000,-9.801548958,0.133152306,-0.286867291
1340,26800.001,1787268367806.922,169449084.219,0.000000000,-9.801555634,0.132987887,-0.286668569
1341,26819.999,1787268367826.921,169449104.218,0.000000000,-9.801556587,0.132795453,-0.286792904
1342,26839.990,1787268367846.911,169449124.208,0.000000000,-9.801548958,0.133067951,-0.286936641
1343,26859.989,1787268367866.910,169449144.207,0.000000000,-9.801543236,0.133359969,-0.286992550
1344,26879.989,1787268367886.910,169449164.208,0.000000000,-9.801546097,0.133509040,-0.286766112
1345,26899.992,1787268367906.914,169449184.211,0.000000000,-9.801549911,0.133716717,-0.286580473
1346,26919.999,1787268367926.920,169449204.218,0.000000000,-9.801557541,0.134019196,-0.286192268
1347,26939.998,1787268367946.918,169449224.216,0.000000000,-9.801543236,0.133887753,-0.286697537
1348,26959.989,1787268367966.911,169449244.208,0.000000000,-9.801546097,0.134027272,-0.286607325
1349,26979.991,1787268367986.912,169449264.209,0.000000000,-9.801507950,0.134439737,-0.287637353
1350,26999.998,1787268368006.919,169449284.216,0.000000000,-9.801492691,0.134726495,-0.288100332
1351,27019.991,1787268368026.912,169449304.209,0.000000000,-9.801494598,0.134825960,-0.287926584
1352,27040.004,1787268368046.925,169449324.222,0.000000000,-9.801476479,0.135149375,-0.288483202
1353,27059.998,1787268368066.919,169449344.216,0.000000000,-9.801469803,0.135252416,-0.288594723
1354,27080.005,1787268368086.926,169449364.223,0.000000000,-9.801456451,0.135432646,-0.288979411
1355,27099.999,1787268368106.920,169449384.217,0.000000000,-9.801459312,0.135385603,-0.288925499
1356,27119.994,1787268368126.915,169449404.212,0.000000000,-9.801465034,0.135402009,-0.288738549
1357,27139.990,1787268368146.911,169449424.208,0.000000000,-9.801478386,0.135114819,-0.288367748
1358,27160.001,1787268368166.922,169449444.219,0.000000000,-9.801469803,0.134932369,-0.288735002
1359,27179.993,1787268368186.914,169449464.211,0.000000000,-9.801469803,0.135187909,-0.288632423
1360,27200.000,1787268368206.921,169449484.219,0.000000000,-9.801477432,0.135215893,-0.288390338
1361,27219.991,1787268368226.912,169449504.209,0.000000000,-9.801492691,0.135260031,-0.287811220
1362,27240.003,1787268368246.924,169449524.222,0.000000000,-9.801520348,0.135049030,-0.286992580
1363,27260.000,1787268368266.921,169449544.219,0.000000000,-9.801527977,0.135129869,-0.286675394
1364,27280.002,1787268368286.923,169449564.220,0.000000000,-9.801553726,0.134980321,-0.285903305
1365,27300.001,1787268368306.922,169449584.219,0.000000000,-9.801568031,0.134651035,-0.285509169
1366,27319.993,1787268368326.915,169449604.212,0.000000000,-9.801559448,0.134473562,-0.285892755
1367,27340.004,1787268368346.926,169449624.223,0.000000000,-9.801559448,0.134239316,-0.285982579
1368,27360.004,1787268368366.925,169449644.222,0.000000000,-9.801530838,0.134609252,-0.286804289
1369,27380.000,1787268368386.921,169449664.218,0.000000000,-9.801517487,0.134654999,-0.287238628
1370,27399.996,1787268368406.917,169449684.214,0.000000000,-9.801505089,0.134468690,-0.287785858
1371,27420.000,1787268368426.921,169449704.218,0.000000000,-9.801489830,0.134307265,-0.288354307
1372,27439.988,1787268368446.909,169449724.206,0.000000000,-9.801500320,0.134108782,-0.288068086
1373,27460.005,1787268368466.926,169449744.223,0.000000000,-9.801509857,0.133995593,-0.287803590
1374,27479.991,1787268368486.912,169449764.209,0.000000000,-9.801521301,0.134258851,-0.287347019
1375,27499.988,1787268368506.910,169449784.207,0.000000000,-9.801534653,0.134061500,-0.286995858
1376,27519.987,1787268368526.908,169449804.205,0.000000000,-9.801516533,0.134178340,-0.287480891
1377,27540.003,1787268368546.924,169449824.221,0.000000000,-9.801518440,0.134180158,-0.287413090
1378,27559.998,1787268368566.919,169449844.217,0.000000000,-9.801528931,0.134046987,-0.287112772
1379,27579.990,1787268368586.911,169449864.208,0.000000000,-9.801538467,0.134017915,-0.286805212
1380,27600.001,1787268368606.922,169449884.219,0.000000000,-9.801528931,0.133846954,-0.287282109
1381,27619.999,1787268368626.920,169449904.218,0.000000000,-9.801521301,0.134139001,-0.287433535
1382,27639.991,1787268368646.912,169449924.209,0.000000000,-9.801521301,0.133590922,-0.287611395
1383,27660.001,1787268368666.922,169449944.220,0.000000000,-9.801520348,0.133853167,-0.287527114
1384,27679.990,1787268368686.911,169449964.209,0.000000000,-9.801516533,0.133561566,-0.287740380
1385,27699.987,1787268368706.908,169449984.206,0.000000000,-9.801528931,0.133744225,-0.287281007
1386,27719.987,1787268368726.908,169450004.206,0.000000000,-9.801527977,0.133697256,-0.287319124
1387,27740.001,1787268368746.922,169450024.219,0.000000000,-9.801532745,0.133753687,-0.287180096
1388,27759.994,1787268368766.916,169450044.213,0.000000000,-9.801521301,0.133837759,-0.287482172
1389,27779.990,1787268368786.911,169450064.208,0.000000000,-9.801490784,0.134086698,-0.288416952
1390,27799.990,1787268368806.911,169450084.209,0.000000000,-9.801480293,0.134327054,-0.288669646
1391,27819.994,1787268368826.915,169450104.212,0.000000000,-9.801459312,0.134670064,-0.289243937
1392,27839.995,1787268368846.917,169450124.214,0.000000000,-9.801461220,0.134397447,-0.289325714
1393,27859.992,1787268368866.913,169450144.210,0.000000000,-9.801460266,0.134353638,-0.289369404
1394,27880.005,1787268368886.926,169450164.223,0.000000000,-9.801465034,0.134403482,-0.289155155
1395,27900.001,1787268368906.922,169450184.219,0.000000000,-9.801458359,0.134733304,-0.289286375
1396,27920.006,1787268368926.927,169450204.224,0.000000000,-9.801463127,0.134778842,-0.289048761
1397,27940.000,1787268368946.921,169450224.218,0.000000000,-9.801481247,0.134704128,-0.288472652
1398,27959.997,1787268368966.918,169450244.216,0.000000000,-9.801474571,0.135115653,-0.288536131
1399,27979.995,1787268368986.916,169450264.213,0.000000000,-9.801469803,0.135361135,-0.288595021
1400,27999.993,1787268369006.914,169450284.212,0.000000000,-9.801468849,0.135223091,-0.288639039
1401,28020.016,1787268369026.938,169450304.235,0.000000000,-9.801458359,0.135420308,-0.288931191
1402,28039.994,1787268369046.915,169450324.212,0.000000000,-9.801454544,0.135164902,-0.289212197
1403,28060.001,1787268369066.922,169450344.219,0.000000000,-9.801416397,0.135179192,-0.290387005
1404,28080.002,1787268369086.923,169450364.221,0.000000000,-9.801415443,0.134835482,-0.290636599
1405,28099.990,1787268369106.911,169450384.208,0.000000000,-9.801411629,0.134830654,-0.290717781
1406,28119.993,1787268369126.914,169450404.212,0.000000000,-9.801421165,0.134540826,-0.290600151
1407,28140.002,1787268369146.923,169450424.220,0.000000000,-9.801434517,0.134566575,-0.290135801
1408,28159.994,1787268369166.915,169450444.212,0.000000000,-9.801434517,0.134576112,-0.290135920
1409,28179.998,1787268369186.919,169450464.217,0.000000000,-9.801441193,0.134518445,-0.289933205
1410,28200.002,1787268369206.923,169450484.220,0.000000000,-9.801443100,0.134322792,-0.289944708
1411,28219.999,1787268369226.920,169450504.217,0.000000000,-9.801445007,0.134332880,-0.289844096
1412,28240.001,1787268369246.922,169450524.219,0.000000000,-9.801454544,0.134017259,-0.289693654
1413,28260.001,1787268369266.922,169450544.220,0.000000000,-9.801453590,0.134512737,-0.289514929
1414,28280.001,1787268369286.922,169450564.219,0.000000000,-9.801456451,0.134481028,-0.289430887
1415,28300.000,1787268369306.921,169450584.219,0.000000000,-9.801463127,0.134871662,-0.289024442
1416,28319.990,1787268369326.911,169450604.208,0.000000000,-9.801492691,0.134815156,-0.288037628
1417,28339.988,1787268369346.909,169450624.206,0.000000000,-9.801486969,0.134866387,-0.288205445
1418,28359.989,1787268369366.910,169450644.208,0.000000000,-9.801494598,0.134775221,-0.287952393
1419,28379.997,1787268369386.918,169450664.215,0.000000000,-9.801476479,0.134944409,-0.288557231
1420,28399.992,1787268369406.913,169450684.210,0.000000000,-9.801465034,0.134961754,-0.288929969
1421,28419.990,1787268369426.911,169450704.208,0.000000000,-9.801445007,0.134819046,-0.289631724
1422,28440.002,1787268369446.923,169450724.220,0.000000000,-9.801453590,0.134827182,-0.289360523
1423,28459.998,1787268369466.919,169450744.216,0.000000000,-9.801453590,0.134734854,-0.289442807
1424,28480.007,1787268369486.928,169450764.226,0.000000000,-9.801426888,0.134820461,-0.290234834
1425,28499.994,1787268369506.915,169450784.212,0.000000000,-9.801407814,0.134622082,-0.291000545
1426,28519.996,1787268369526.917,169450804.214,0.000000000,-9.801412582,0.134669676,-0.290778488
1427,28539.996,1787268369546.917,169450824.214,0.000000000,-9.801419258,0.134580120,-0.290647179
1428,28559.999,1787268369566.920,169450844.218,0.000000000,-9.801439285,0.134540215,-0.289924949
1429,28579.990,1787268369586.911,169450864.208,0.000000000,-9.801451683,0.134500608,-0.289573163
1430,28599.998,1787268369606.918,169450884.216,0.000000000,-9.801477432,0.134521559,-0.288699061
1431,28620.001,1787268369626.922,169450904.220,0.000000000,-9.801486015,0.134847403,-0.288257301
1432,28640.007,1787268369646.928,169450924.226,0.000000000,-9.801496506,0.134734914,-0.287950397
1433,28659.990,1787268369666.911,169450944.208,0.000000000,-9.801491737,0.134937450,-0.288027436
1434,28679.991,1787268369686.912,169450964.209,0.000000000,-9.801488876,0.135023698,-0.288084835
1435,28699.995,1787268369706.916,169450984.213,0.000000000,-9.801484108,0.134973466,-0.288261652
1436,28720.011,1787268369726.932,169451004.230,0.000000000,-9.801483154,0.134705693,-0.288409591
1437,28740.002,1787268369746.923,169451024.220,0.000000000,-9.801465034,0.134791777,-0.288994491
1438,28760.002,1787268369766.923,169451044.220,0.000000000,-9.801453590,0.135304496,-0.289183557
1439,28780.003,1787268369786.925,169451064.222,0.000000000,-9.801424980,0.135189280,-0.290153444
1440,28799.992,1787268369806.913,169451084.210,0.000000000,-9.801411629,0.135067925,-0.290644497
1441,28819.991,1787268369826.912,169451104.209,0.000000000,-9.801414490,0.135071099,-0.290537268
1442,28839.995,1787268369846.916,169451124.214,0.000000000,-9.801407814,0.135017633,-0.290797234
1443,28859.992,1787268369866.913,169451144.211,0.000000000,-9.801429749,0.134666920,-0.290240049
1444,28879.990,1787268369886.911,169451164.208,0.000000000,-9.801412582,0.134717628,-0.290744781
1445,28899.991,1787268369906.912,169451184.209,0.000000000,-9.801407814,0.134931445,-0.290834427
1446,28919.990,1787268369926.911,169451204.209,0.000000000,-9.801399231,0.135232419,-0.290983498
1447,28939.989,1787268369946.911,169451224.208,0.000000000,-9.801413536,0.134853810,-0.290721834
1448,28959.989,1787268369966.910,169451244.207,0.000000000,-9.801410675,0.135070801,-0.290638447
1449,28979.988,1787268369986.909,169451264.206,0.000000000,-9.801407814,0.135339007,-0.290610731
1450,28999.990,1787268370006.911,169451284.209,0.000000000,-9.801398277,0.135411263,-0.290933192
1451,29019.990,1787268370026.911,169451304.209,0.000000000,-9.801391602,0.135600775,-0.291065842
1452,29040.001,1787268370046.922,169451324.219,0.000000000,-9.801397324,0.135332003,-0.291010529
1453,29059.990,1787268370066.911,169451344.209,0.000000000,-9.801404953,0.135481492,-0.290693164
1454,29079.989,1787268370086.910,169451364.207,0.000000000,-9.801408768,0.135351926,-0.290612280
1455,29099.988,1787268370106.909,169451384.206,0.000000000,-9.801407814,0.135247886,-0.290671557
1456,29119.988,1787268370126.909,169451404.207,0.000000000,-9.801408768,0.135352761,-0.290580422
1457,29139.998,1787268370146.919,169451424.217,0.000000000,-9.801396370,0.135435104,-0.290972322
1458,29160.003,1787268370166.924,169451444.221,0.000000000,-9.801388741,0.135692075,-0.291102856
1459,29179.998,1787268370186.919,169451464.217,0.000000000,-9.801388741,0.135721698,-0.291137069
1460,29200.001,1787268370206.922,169451484.220,0.000000000,-9.801379204,0.135937795,-0.291354775
1461,29219.997,1787268370226.918,169451504.215,0.000000000,-9.801375389,0.135895044,-0.291461766
1462,29239.997,1787268370246.918,169451524.215,0.000000000,-9.801373482,0.135851309,-0.291532785
1463,29259.991,1787268370266.912,169451544.209,0.000000000,-9.801362991,0.135916427,-0.291914910
1464,29279.997,1787268370286.918,169451564.216,0.000000000,-9.801363945,0.135681063,-0.291991323
1465,29300.001,1787268370306.922,169451584.219,0.000000000,-9.801341057,0.135985881,-0.292591095
1466,29319.990,1787268370326.911,169451604.208,0.000000000,-9.801341057,0.135957420,-0.292600453
1467,29339.994,1787268370346.915,169451624.212,0.000000000,-9.801338196,0.136013806,-0.292690575
1468,29359.990,1787268370366.911,169451644.208,0.000000000,-9.801362991,0.135707080,-0.292033195
1469,29380.001,1787268370386.922,169451664.219,0.000000000,-9.801360130,0.135781214,-0.292046070
1470,29399.999,1787268370406.920,169451684.217,0.000000000,-9.801387787,0.135531247,-0.291251451
1471,29419.991,1787268370426.912,169451704.210,0.000000000,-9.801394463,0.135883376,-0.290890515
1472,29439.991,1787268370446.912,169451724.209,0.000000000,-9.801386833,0.135953754,-0.291089863
1473,29460.002,1787268370466.923,169451744.220,0.000000000,-9.801379204,0.135819852,-0.291358858
1474,29479.987,1787268370486.908,169451764.206,0.000000000,-9.801382065,0.135327607,-0.291543752
1475,29499.997,1787268370506.918,169451784.216,0.000000000,-9.801383018,0.135416642,-0.291453838
1476,29519.989,1787268370526.910,169451804.207,0.000000000,-9.801369667,0.135459259,-0.291876167
1477,29540.001,1787268370546.922,169451824.219,0.000000000,-9.801365852,0.135599568,-0.291950732
1478,29559.994,1787268370566.915,169451844.212,0.000000000,-9.801362038,0.135583371,-0.292091787
1479,29580.001,1787268370586.922,169451864.219,0.000000000,-9.801342964,0.135797426,-0.292632043
1480,29599.988,1787268370606.909,169451884.206,0.000000000,-9.801336288,0.136097074,-0.292735070
1481,29619.998,1787268370626.919,169451904.217,0.000000000,-9.801332474,0.136199102,-0.292776257
1482,29639.992,1787268370646.913,169451924.210,0.000000000,-9.801338196,0.136189505,-0.292592496
1483,29660.022,1787268370666.943,169451944.241,0.000000000,-9.801337242,0.135995924,-0.292749524
1484,29679.998,1787268370686.919,169451964.217,0.000000000,-9.801335335,0.135867283,-0.292833924
1485,29700.002,1787268370706.923,169451984.220,0.000000000,-9.801339149,0.135950118,-0.292694777
1486,29719.990,1787268370726.911,169452004.209,0.000000000,-9.801359177,0.135921866,-0.292058706
1487,29739.999,1787268370746.920,169452024.217,0.000000000,-9.801360130,0.135780036,-0.292056829
1488,29760.002,1787268370766.923,169452044.221,0.000000000,-9.801376343,0.135560215,-0.291586280
1489,29779.996,1787268370786.917,169452064.214,0.000000000,-9.801369667,0.135664493,-0.291794181
1490,29799.992,1787268370806.913,169452084.211,0.000000000,-9.801357269,0.135856465,-0.292103857
1491,29820.000,1787268370826.921,169452104.218,0.000000000,-9.801326752,0.135826483,-0.293143630
1492,29840.005,1787268370846.926,169452124.224,0.000000000,-9.801279068,0.136077583,-0.294629902
1493,29859.992,1787268370866.914,169452144.211,0.000000000,-9.801269531,0.136093289,-0.294894397
1494,29879.991,1787268370886.912,169452164.209,0.000000000,-9.801246643,0.136035070,-0.295719147
1495,29899.989,1787268370906.910,169452184.208,0.000000000,-9.801227570,0.136209965,-0.296304703
1496,29919.999,1787268370926.920,169452204.218,0.000000000,-9.801226616,0.136342451,-0.296296299
1497,29939.993,1787268370946.914,169452224.211,0.000000000,-9.801224709,0.136513844,-0.296209186
1498,29959.990,1787268370966.911,169452244.208,0.000000000,-9.801233292,0.136430889,-0.295991153
1499,29979.994,1787268370986.915,169452264.212,0.000000000,-9.801237106,0.136445284,-0.295886248
1500,29999.991,1787268371006.912,169452284.210,0.000000000,-9.801256180,0.136667848,-0.295131087
1501,30019.997,1787268371026.918,169452304.215,0.000000000,-9.801271439,0.136683598,-0.294561356
1502,30039.992,1787268371046.914,169452324.211,0.000000000,-9.801280022,0.136343479,-0.294485539
1503,30060.001,1787268371066.922,169452344.219,0.000000000,-9.801290512,0.136132374,-0.294254273
1504,30079.997,1787268371086.918,169452364.216,0.000000000,-9.801321983,0.135622367,-0.293452024
1505,30099.988,1787268371106.909,169452384.206,0.000000000,-9.801323891,0.135423079,-0.293501914
1506,30119.993,1787268371126.914,169452404.211,0.000000000,-9.801322937,0.135165855,-0.293573529
1507,30139.993,1787268371146.914,169452424.212,0.000000000,-9.801320076,0.135693327,-0.293480575
1508,30160.000,1787268371166.921,169452444.218,0.000000000,-9.801321030,0.135853991,-0.293376237
1509,30179.999,1787268371186.920,169452464.218,0.000000000,-9.801303864,0.136076674,-0.293817610
1510,30199.993,1787268371206.914,169452484.211,0.000000000,-9.801297188,0.136382550,-0.293904066
1511,30219.992,1787268371226.913,169452504.210,0.000000000,-9.801293373,0.136409596,-0.294034868
1512,30239.998,1787268371246.919,169452524.217,0.000000000,-9.801293373,0.136268079,-0.294044346
1513,30260.032,1787268371266.953,169452544.250,0.000000000,-9.801306725,0.136054948,-0.293750882
1514,30279.996,1787268371286.917,169452564.215,0.000000000,-9.801300049,0.136025473,-0.293952286
1515,30299.991,1787268371306.912,169452584.210,0.000000000,-9.801315308,0.135959566,-0.293506801
1516,30319.994,1787268371326.915,169452604.212,0.000000000,-9.801326752,0.135699958,-0.293215185
1517,30339.994,1787268371346.915,169452624.213,0.000000000,-9.801335335,0.135612234,-0.292941093
1518,30360.002,1787268371366.923,169452644.221,0.000000000,-9.801347733,0.135579810,-0.292607278
1519,30379.992,1787268371386.913,169452664.210,0.000000000,-9.801341057,0.135802448,-0.292727232
1520,30399.991,1787268371406.912,169452684.209,0.000000000,-9.801345825,0.135902137,-0.292523324
1521,30419.991,1787268371426.912,169452704.209,0.000000000,-9.801342964,0.135581493,-0.292672455
1522,30439.994,1787268371446.915,169452724.213,0.000000000,-9.801341057,0.135816529,-0.292691529
1523,30460.001,1787268371466.922,169452744.219,0.000000000,-9.801340103,0.135786086,-0.292756826
1524,30480.001,1787268371486.922,169452764.219,0.000000000,-9.801341057,0.135895878,-0.292679667
1525,30499.993,1787268371506.914,169452784.211,0.000000000,-9.801327705,0.136216342,-0.292932928
1526,30519.993,1787268371526.914,169452804.212,0.000000000,-9.801322937,0.136161745,-0.293178558
1527,30539.989,1787268371546.910,169452824.208,0.000000000,-9.801314354,0.136472419,-0.293324590
1528,30560.000,1787268371566.921,169452844.219,0.000000000,-9.801303864,0.135998532,-0.293847889
1529,30579.988,1787268371586.909,169452864.207,0.000000000,-9.801288605,0.136074305,-0.294343591
1530,30600.002,1787268371606.923,169452884.221,0.000000000,-9.801277161,0.136069506,-0.294689000
1531,30619.989,1787268371626.910,169452904.207,0.000000000,-9.801283836,0.135763213,-0.294633716
1532,30639.998,1787268371646.918,169452924.216,0.000000000,-9.801260948,0.135798603,-0.295384020
1533,30659.988,1787268371666.909,169452944.207,0.000000000,-9.801260948,0.135789365,-0.295351088
1534,30679.990,1787268371686.911,169452964.209,0.000000000,-9.801267624,0.135959595,-0.295032620
1535,30700.001,1787268371706.922,169452984.219,0.000000000,-9.801259041,0.136166066,-0.295230031
1536,30719.990,1787268371726.911,169453004.209,0.000000000,-9.801271439,0.135969386,-0.294903040
1537,30739.993,1787268371746.914,169453024.212,0.000000000,-9.801301956,0.135538340,-0.294137955
1538,30760.000,1787268371766.921,169453044.219,0.000000000,-9.801321983,0.135528773,-0.293412000
1539,30780.003,1787268371786.924,169453064.221,0.000000000,-9.801331520,0.135533303,-0.293133438
1540,30800.001,1787268371806.922,169453084.220,0.000000000,-9.801326752,0.135795191,-0.293178022
1541,30819.998,1787268371826.919,169453104.217,0.000000000,-9.801327705,0.135952935,-0.293097496
1542,30840.003,1787268371846.924,169453124.221,0.000000000,-9.801323891,0.135933831,-0.293196023
1543,30860.000,1787268371866.921,169453144.218,0.000000000,-9.801317215,0.135802612,-0.293524742
1544,30879.992,1787268371886.913,169453164.211,0.000000000,-9.801293373,0.136096135,-0.294167221
1545,30899.996,1787268371906.917,169453184.214,0.000000000,-9.801289558,0.135917336,-0.294342756
1546,30919.997,1787268371926.918,169453204.215,0.000000000,-9.801300049,0.135829121,-0.294079721
1547,30940.006,1787268371946.927,169453224.224,0.000000000,-9.801311493,0.135721892,-0.293769956
1548,30960.003,1787268371966.924,169453244.221,0.000000000,-9.801300049,0.135908335,-0.293930411
1549,30979.992,1787268371986.913,169453264.211,0.000000000,-9.801307678,0.135811538,-0.293802947
1550,30999.999,1787268372006.920,169453284.218,0.000000000,-9.801291466,0.136066973,-0.294189632
1551,31019.997,1787268372026.918,169453304.216,0.000000000,-9.801269531,0.136022568,-0.294951439
1552,31039.992,1787268372046.913,169453324.210,0.000000000,-9.801240921,0.136156529,-0.295825064
1553,31060.195,1787268372067.116,169453344.413,0.000000000,-9.801217079,0.136167154,-0.296647012
1554,31080.004,1787268372086.925,169453364.222,0.000000000,-9.801213264,0.136055157,-0.296888620
1555,31099.999,1787268372106.920,169453384.217,0.000000000,-9.801222801,0.136055946,-0.296473056
1556,31119.988,1787268372126.910,169453404.207,0.000000000,-9.801238060,0.136225194,-0.295925319
1557,31140.007,1787268372146.928,169453424.225,0.000000000,-9.801245689,0.136519894,-0.295554370
1558,31159.998,1787268372166.919,169453444.216,0.000000000,-9.801250458,0.136445537,-0.295411944
1559,31179.999,1787268372186.920,169453464.217,0.000000000,-9.801244736,0.136512458,-0.295562387
1560,31199.994,1787268372206.915,169453484.212,0.000000000,-9.801239967,0.136586770,-0.295679003
1561,31220.002,1787268372226.923,169453504.220,0.000000000,-9.801243782,0.136545673,-0.295527339
1562,31239.992,1787268372246.913,169453524.210,0.000000000,-9.801245689,0.136499956,-0.295554549
1563,31259.999,1787268372266.920,169453544.217,0.000000000,-9.801235199,0.136840507,-0.295751959
1564,31279.999,1787268372286.920,169453564.218,0.000000000,-9.801229477,0.136879921,-0.295935154
1565,31299.990,1787268372306.911,169453584.209,0.000000000,-9.801214218,0.136502773,-0.296577185
1566,31319.989,1787268372326.910,169453604.208,0.000000000,-9.801191330,0.136682793,-0.297273189
1567,31339.999,1787268372346.920,169453624.217,0.000000000,-9.801186562,0.136508062,-0.297517717
1568,31359.999,1787268372366.920,169453644.217,0.000000000,-9.801201820,0.136512250,-0.297019273
1569,31380.002,1787268372386.923,169453664.221,0.000000000,-9.801215172,0.136254802,-0.296696633
1570,31399.991,1787268372406.912,169453684.209,0.000000000,-9.801213264,0.136496648,-0.296649277
1571,31420.001,1787268372426.922,169453704.219,0.000000000,-9.801232338,0.136456549,-0.296022683
1572,31439.992,1787268372446.913,169453724.211,0.000000000,-9.801258087,0.136687115,-0.295008928
1573,31459.999,1787268372466.920,169453744.217,0.000000000,-9.801264763,0.136029661,-0.295112252
1574,31480.003,1787268372486.924,169453764.221,0.000000000,-9.801255226,0.136388496,-0.295282900
1575,31499.998,1787268372506.918,169453784.216,0.000000000,-9.801233292,0.135756552,-0.296323806
1576,31519.992,1787268372526.914,169453804.211,0.000000000,-9.801224709,0.135986671,-0.296458453
1577,31539.991,1787268372546.912,169453824.209,0.000000000,-9.801224709,0.135716394,-0.296625406
1578,31559.998,1787268372566.919,169453844.216,0.000000000,-9.801241875,0.135222137,-0.296255231
1579,31579.990,1787268372586.911,169453864.208,0.000000000,-9.801247597,0.135118172,-0.296135664
1580,31599.989,1787268372606.910,169453884.208,0.000000000,-9.801250458,0.135260850,-0.295955867
1581,31619.998,1787268372626.919,169453904.217,0.000000000,-9.801245689,0.135774940,-0.295831054
1582,31639.990,1787268372646.911,169453924.208,0.000000000,-9.801247597,0.135789201,-0.295776963
1583,31659.998,1787268372666.918,169453944.216,0.000000000,-9.801250458,0.136099920,-0.295548409
1584,31679.998,1787268372686.918,169453964.216,0.000000000,-9.801229477,0.135633856,-0.296444684
1585,31700.003,1787268372706.924,169453984.221,0.000000000,-9.801231384,0.135623023,-0.296381086
1586,31719.990,1787268372726.911,169454004.208,0.000000000,-9.801222801,0.135846555,-0.296617717
1587,31739.998,1787268372746.919,169454024.217,0.000000000,-9.801225662,0.135256603,-0.296730101
1588,31759.999,1787268372766.920,169454044.217,0.000000000,-9.801225662,0.135449052,-0.296692103
1589,31779.999,1787268372786.920,169454064.217,0.000000000,-9.801235199,0.135404080,-0.296428174
1590,31799.999,1787268372806.920,169454084.218,0.000000000,-9.801239967,0.135287672,-0.296286225
1591,31820.000,1787268372826.921,169454104.219,0.000000000,-9.801233292,0.135349244,-0.296477795
1592,31839.990,1787268372846.911,169454124.209,0.000000000,-9.801210403,0.135117024,-0.297347516
1593,31859.990,1787268372866.911,169454144.208,0.000000000,-9.801180840,0.135187998,-0.298293561
1594,31879.992,1787268372886.913,169454164.210,0.000000000,-9.801174164,0.135310754,-0.298423380
1595,31899.993,1787268372906.914,169454184.211,0.000000000,-9.801176071,0.135282665,-0.298343569
1596,31919.998,1787268372926.919,169454204.216,0.000000000,-9.801186562,0.134984896,-0.298221588
1597,31940.001,1787268372946.922,169454224.219,0.000000000,-9.801172256,0.135122597,-0.298593223
1598,31959.999,1787268372966.920,169454244.217,0.000000000,-9.801167488,0.134930059,-0.298803985
1599,31979.998,1787268372986.920,169454264.217,0.000000000,-9.801162720,0.134747639,-0.299047917
1600,31999.992,1787268373006.913,169454284.210,0.000000000,-9.801162720,0.134832725,-0.299003929
1601,32019.998,1787268373026.919,169454304.216,0.000000000,-9.801168442,0.135040551,-0.298687726
1602,32039.997,1787268373046.918,169454324.215,0.000000000,-9.801186562,0.135167435,-0.298133999
1603,32059.989,1787268373066.910,169454344.207,0.000000000,-9.801182747,0.135382324,-0.298099190
1604,32079.993,1787268373086.915,169454364.212,0.000000000,-9.801178932,0.134991735,-0.298401862
1605,32099.987,1787268373106.908,169454384.205,0.000000000,-9.801172256,0.135350883,-0.298477858
1606,32119.987,1787268373126.908,169454404.206,0.000000000,-9.801172256,0.135393187,-0.298448503
1607,32139.988,1787268373146.909,169454424.207,0.000000000,-9.801173210,0.135565713,-0.298377752
1608,32160.001,1787268373166.922,169454444.219,0.000000000,-9.801150322,0.136100203,-0.298908502
1609,32179.999,1787268373186.920,169454464.217,0.000000000,-9.801149368,0.135964617,-0.298966825
1610,32200.029,1787268373206.949,169454484.247,0.000000000,-9.801150322,0.135765940,-0.298981339
1611,32219.995,1787268373226.917,169454504.214,0.000000000,-9.801169395,0.135330647,-0.298527211
1612,32240.002,1787268373246.923,169454524.221,0.000000000,-9.801176071,0.135099798,-0.298425227
1613,32259.992,1787268373266.913,169454544.210,0.000000000,-9.801193237,0.134689018,-0.298098594
1614,32279.989,1787268373286.910,169454564.207,0.000000000,-9.801192284,0.134662524,-0.298164070
1615,32299.992,1787268373306.913,169454584.210,0.000000000,-9.801198006,0.134632692,-0.297970355
1616,32319.991,1787268373326.912,169454604.209,0.000000000,-9.801180840,0.134801194,-0.298413813
1617,32340.001,1787268373346.922,169454624.219,0.000000000,-9.801177979,0.135121316,-0.298386842
1618,32360.005,1787268373366.926,169454644.223,0.000000000,-9.801180840,0.135081142,-0.298329800
1619,32380.001,1787268373386.922,169454664.220,0.000000000,-9.801164627,0.135399774,-0.298692048
1620,32400.000,1787268373406.921,169454684.218,0.000000000,-9.801185608,0.134976909,-0.298207372
1621,32420.009,1787268373426.930,169454704.227,0.000000000,-9.801180840,0.134872541,-0.298425823
1622,32440.000,1787268373446.921,169454724.219,0.000000000,-9.801163673,0.134660810,-0.299021304
1623,32460.013,1787268373466.934,169454744.231,0.000000000,-9.801175117,0.134617314,-0.298719853
1624,32480.003,1787268373486.924,169454764.222,0.000000000,-9.801187515,0.134513929,-0.298387408
1625,32499.997,1787268373506.918,169454784.216,0.000000000,-9.801205635,0.134456009,-0.297813028
1626,32520.001,1787268373526.922,169454804.220,0.000000000,-9.801196098,0.134656921,-0.298066616
1627,32539.993,1787268373546.914,169454824.212,0.000000000,-9.801177979,0.134864524,-0.298460692
1628,32559.989,1787268373566.910,169454844.208,0.000000000,-9.801162720,0.134875208,-0.298997968
1629,32579.999,1787268373586.920,169454864.217,0.000000000,-9.801156998,0.134908393,-0.299209952
1630,32600.006,1787268373606.927,169454884.225,0.000000000,-9.801140785,0.135141775,-0.299599767
1631,32619.994,1787268373626.915,169454904.212,0.000000000,-9.801136971,0.135543689,-0.299555421
1632,32639.993,1787268373646.914,169454924.211,0.000000000,-9.801136017,0.135461092,-0.299648196
1633,32659.992,1787268373666.913,169454944.211,0.000000000,-9.801134109,0.135351092,-0.299725264
1634,32680.004,1787268373686.925,169454964.222,0.000000000,-9.801123619,0.135352612,-0.300097346
1635,32700.004,1787268373706.926,169454984.223,0.000000000,-9.801141739,0.134840310,-0.299745798
1636,32719.995,1787268373726.917,169455004.214,0.000000000,-9.801151276,0.134726763,-0.299498975
1637,32740.003,1787268373746.924,169455024.222,0.000000000,-9.801145554,0.134921774,-0.299565643
1638,32759.991,1787268373766.912,169455044.209,0.000000000,-9.801154137,0.134535298,-0.299437314
1639,32779.990,1787268373786.912,169455064.209,0.000000000,-9.801152229,0.134487525,-0.299515903
1640,32800.001,1787268373806.922,169455084.219,0.000000000,-9.801158905,0.134658426,-0.299239814
1641,32819.996,1787268373826.917,169455104.215,0.000000000,-9.801177979,0.134544909,-0.298654526
1642,32839.989,1787268373846.910,169455124.208,0.000000000,-9.801191330,0.134692296,-0.298210144
1643,32859.991,1787268373866.912,169455144.209,0.000000000,-9.801188469,0.134697556,-0.298301011
1644,32880.004,1787268373886.925,169455164.223,0.000000000,-9.801183701,0.134878829,-0.298379451
1645,32899.999,1787268373906.921,169455184.218,0.000000000,-9.801197052,0.134891033,-0.297885418
1646,32919.992,1787268373926.913,169455204.210,0.000000000,-9.801201820,0.134864897,-0.297799289
1647,32939.995,1787268373946.916,169455224.213,0.000000000,-9.801214218,0.135278374,-0.297114491
1648,32959.999,1787268373966.920,169455244.217,0.000000000,-9.801224709,0.135040075,-0.296906590
1649,32980.000,1787268373986.921,169455264.218,0.000000000,-9.801218987,0.135320142,-0.296990037
1650,32999.999,1787268374006.920,169455284.217,0.000000000,-9.801213264,0.134975925,-0.297337204
1651,33019.990,1787268374026.911,169455304.208,0.000000000,-9.801217079,0.134289160,-0.297497630
1652,33039.990,1787268374046.911,169455324.209,0.000000000,-9.801214218,0.134282246,-0.297645718
1653,33059.996,1787268374066.917,169455344.214,0.000000000,-9.801182747,0.134809017,-0.298341334
1654,33079.989,1787268374086.910,169455364.207,0.000000000,-9.801179886,0.134820893,-0.298459172
1655,33099.994,1787268374106.915,169455384.212,0.000000000,-9.801169395,0.134854451,-0.298773885
1656,33119.996,1787268374126.917,169455404.215,0.000000000,-9.801164627,0.135118321,-0.298890769
1657,33139.997,1787268374146.918,169455424.215,0.000000000,-9.801139832,0.135180920,-0.299632311
1658,33159.998,1787268374166.918,169455444.216,0.000000000,-9.801142693,0.135032445,-0.299638003
1659,33179.988,1787268374186.909,169455464.206,0.000000000,-9.801139832,0.135079011,-0.299675018
1660,33200.004,1787268374206.925,169455484.222,0.000000000,-9.801145554,0.134605706,-0.299686074
1661,33219.994,1787268374226.916,169455504.213,0.000000000,-9.801138878,0.134751439,-0.299854338
1662,33239.988,1787268374246.909,169455524.206,0.000000000,-9.801166534,0.134835079,-0.298884541
1663,33259.993,1787268374266.914,169455544.211,0.000000000,-9.801200867,0.134327367,-0.298003882
1664,33280.013,1787268374286.934,169455564.231,0.000000000,-9.801216125,0.134153798,-0.297609270
1665,33300.009,1787268374306.931,169455584.228,0.000000000,-9.801217079,0.134357587,-0.297527105
1666,33319.993,1787268374326.915,169455604.212,0.000000000,-9.801204681,0.134220973,-0.297973126
1667,33339.992,1787268374346.913,169455624.210,0.000000000,-9.801186562,0.134131268,-0.298513412
1668,33360.005,1787268374366.926,169455644.223,0.000000000,-9.801171303,0.133798674,-0.299193889
1669,33379.994,1787268374386.915,169455664.212,0.000000000,-9.801164627,0.133518785,-0.299537122
1670,33400.000,1787268374406.921,169455684.218,0.000000000,-9.801163673,0.133539170,-0.299574286
1671,33419.993,1787268374426.915,169455704.212,0.000000000,-9.801158905,0.133231193,-0.299856275
1672,33439.994,1787268374446.916,169455724.213,0.000000000,-9.801156998,0.133202881,-0.299979091
1673,33459.991,1787268374466.912,169455744.210,0.000000000,-9.801168442,0.133059293,-0.299612880
1674,33479.993,1787268374486.914,169455764.211,0.000000000,-9.801171303,0.133168474,-0.299480557
1675,33499.994,1787268374506.915,169455784.212,0.000000000,-9.801179886,0.133142129,-0.299194545
1676,33520.002,1787268374526.923,169455804.221,0.000000000,-9.801188469,0.133321673,-0.298866391
1677,33539.991,1787268374546.912,169455824.209,0.000000000,-9.801187515,0.133511186,-0.298796058
1678,33559.999,1787268374566.920,169455844.218,0.000000000,-9.801186562,0.133390874,-0.298867673
1679,33579.991,1787268374586.912,169455864.210,0.000000000,-9.801180840,0.133569568,-0.298994124
1680,33599.989,1787268374606.910,169455884.208,0.000000000,-9.801178932,0.133113101,-0.299266607
1681,33620.001,1787268374626.922,169455904.220,0.000000000,-9.801164627,0.133608788,-0.299495101
1682,33639.994,1787268374646.915,169455924.212,0.000000000,-9.801175117,0.133734167,-0.299104303
1683,33659.992,1787268374666.914,169455944.211,0.000000000,-9.801179886,0.133647576,-0.298967361
1684,33680.003,1787268374686.924,169455964.221,0.000000000,-9.801201820,0.133258492,-0.298415422
1685,33699.988,1787268374706.909,169455984.206,0.000000000,-9.801196098,0.133593559,-0.298472464
1686,33719.998,1787268374726.919,169456004.216,0.000000000,-9.801196098,0.133272231,-0.298603088
1687,33740.003,1787268374746.925,169456024.222,0.000000000,-9.801181793,0.133548945,-0.298951387
1688,33759.990,1787268374766.911,169456044.208,0.000000000,-9.801180840,0.133374542,-0.299097270
1689,33779.992,1787268374786.913,169456064.211,0.000000000,-9.801186562,0.133075625,-0.299049646
1690,33799.992,1787268374806.913,169456084.211,0.000000000,-9.801200867,0.133075416,-0.298598498
1691,33820.007,1787268374826.928,169456104.226,0.000000000,-9.801197052,0.132872626,-0.298795044
1692,33839.999,1787268374846.920,169456124.217,0.000000000,-9.801183701,0.133077100,-0.299120665
1693,33859.992,1787268374866.913,169456144.210,0.000000000,-9.801183701,0.132792979,-0.299275815
1694,33879.999,1787268374886.920,169456164.218,0.000000000,-9.801168442,0.132867873,-0.299726009
1695,33899.992,1787268374906.914,169456184.211,0.000000000,-9.801164627,0.132932559,-0.299838901
1696,33919.991,1787268374926.912,169456204.209,0.000000000,-9.801159859,0.132201359,-0.300295770
1697,33939.990,1787268374946.911,169456224.209,0.000000000,-9.801134109,0.132420108,-0.301095933
1698,33960.002,1787268374966.923,169456244.220,0.000000000,-9.801117897,0.132397160,-0.301612943
1699,33979.999,1787268374986.920,169456264.217,0.000000000,-9.801091194,0.132272646,-0.302464813
1700,33999.992,1787268375006.913,169456284.211,0.000000000,-9.801059723,0.132653579,-0.303297907
1701,34020.005,1787268375026.926,169456304.224,0.000000000,-9.801062584,0.132567406,-0.303322583
1702,34039.994,1787268375046.916,169456324.213,0.000000000,-9.801069260,0.132261708,-0.303197563
1703,34060.003,1787268375066.924,169456344.221,0.000000000,-9.801103592,0.132124588,-0.302172005
1704,34079.992,1787268375086.913,169456364.210,0.000000000,-9.801111221,0.131977931,-0.302006096
1705,34099.993,1787268375106.915,169456384.212,0.000000000,-9.801124573,0.131913126,-0.301614016
1706,34119.998,1787268375126.920,169456404.217,0.000000000,-9.801148415,0.132194012,-0.300644159
1707,34139.991,1787268375146.912,169456424.209,0.000000000,-9.801148415,0.132186174,-0.300695330
1708,34159.989,1787268375166.910,169456444.207,0.000000000,-9.801164627,0.132267535,-0.300095052
1709,34179.989,1787268375186.910,169456464.207,0.000000000,-9.801167488,0.132761732,-0.299766272
1710,34200.002,1787268375206.923,169456484.220,0.000000000,-9.801161766,0.132772997,-0.299985707
1711,34219.989,1787268375226.910,169456504.208,0.000000000,-9.801155090,0.132524669,-0.300326794
1712,34239.989,1787268375246.911,169456524.208,0.000000000,-9.801140785,0.132550642,-0.300754100
1713,34259.995,1787268375266.916,169456544.213,0.000000000,-9.801150322,0.132472515,-0.300502539
1714,34279.995,1787268375286.916,169456564.213,0.000000000,-9.801159859,0.131908163,-0.300420731
1715,34299.992,1787268375306.913,169456584.210,0.000000000,-9.801146507,0.131966546,-0.300853074
1716,34319.989,1787268375326.910,169456604.207,0.000000000,-9.801150322,0.131951049,-0.300723523
1717,34340.004,1787268375346.925,169456624.223,0.000000000,-9.801146507,0.131979838,-0.300880998
1718,34359.990,1787268375366.911,169456644.208,0.000000000,-9.801156998,0.131697744,-0.300664186
1719,34379.991,1787268375386.912,169456664.210,0.000000000,-9.801151276,0.131897435,-0.300765008
1720,34399.996,1787268375406.917,169456684.214,0.000000000,-9.801139832,0.132189274,-0.300992250
1721,34419.992,1787268375426.913,169456704.210,0.000000000,-9.801119804,0.132770717,-0.301394969
1722,34439.998,1787268375446.919,169456724.217,0.000000000,-9.801106453,0.132925332,-0.301723719
1723,34460.003,1787268375466.924,169456744.221,0.000000000,-9.801082611,0.132859245,-0.302494943
1724,34479.993,1787268375486.914,169456764.211,0.000000000,-9.801069260,0.132687435,-0.302988917
1725,34499.999,1787268375506.920,169456784.217,0.000000000,-9.801067352,0.132900596,-0.302973479
1726,34519.989,1787268375526.910,169456804.207,0.000000000,-9.801081657,0.133030176,-0.302478194
1727,34539.990,1787268375546.911,169456824.209,0.000000000,-9.801097870,0.133018583,-0.302008182
1728,34559.995,1787268375566.916,169456844.213,0.000000000,-9.801101685,0.132978559,-0.301860094
1729,34579.993,1787268375586.914,169456864.211,0.000000000,-9.801099777,0.132744208,-0.302064985
1730,34599.995,1787268375606.916,169456884.213,0.000000000,-9.801067352,0.132779807,-0.302983671
1731,34619.993,1787268375626.914,169456904.211,0.000000000,-9.801068306,0.132443428,-0.303083360
1732,34640.004,1787268375646.925,169456924.222,0.000000000,-9.801067352,0.132411957,-0.303180486
1733,34659.998,1787268375666.919,169456944.217,0.000000000,-9.801091194,0.131833792,-0.302651018
1734,34680.000,1787268375686.921,169456964.218,0.000000000,-9.801115036,0.131778613,-0.301978528
1735,34699.994,1787268375706.915,169456984.213,0.000000000,-9.801139832,0.131752953,-0.301230252
1736,34719.990,1787268375726.911,169457004.208,0.000000000,-9.801127434,0.131591275,-0.301668048
1737,34740.002,1787268375746.923,169457024.220,0.000000000,-9.801131248,0.131528735,-0.301587164
1738,34759.996,1787268375766.917,169457044.214,0.000000000,-9.801142693,0.131265968,-0.301296026
1739,34779.991,1787268375786.912,169457064.209,0.000000000,-9.801153183,0.131327882,-0.300900817
1740,34800.000,1787268375806.921,169457084.219,0.000000000,-9.801129341,0.131497800,-0.301608503
1741,34820.031,1787268375826.952,169457104.249,0.000000000,-9.801115036,0.131784230,-0.301975965
1742,34840.001,1787268375846.922,169457124.220,0.000000000,-9.801083565,0.132003292,-0.302822739
1743,34859.999,1787268375866.920,169457144.217,0.000000000,-9.801064491,0.131903082,-0.303553671
1744,34880.003,1787268375886.924,169457164.221,0.000000000,-9.801054955,0.131930009,-0.303844810
1745,34899.995,1787268375906.916,169457184.213,0.000000000,-9.801026344,0.132102579,-0.304678082
1746,34920.004,1787268375926.926,169457204.223,0.000000000,-9.801004410,0.132548392,-0.305197924
1747,34939.997,1787268375946.918,169457224.216,0.000000000,-9.801004410,0.132548392,-0.305197924
1748,34960.005,1787268375966.926,169457244.224,0.000000000,-9.801007271,0.132600769,-0.305098355
1749,34979.992,1787268375986.913,169457264.210,0.000000000,-9.801019669,0.132662550,-0.304625750
1750,34999.991,1787268376006.912,169457284.209,0.000000000,-9.801033020,0.132532850,-0.304249316
1751,35019.998,1787268376026.920,169457304.217,0.000000000,-9.801050186,0.132515535,-0.303727299
1752,35039.991,1787268376046.912,169457324.210,0.000000000,-9.801058769,0.132593662,-0.303393871
1753,35060.002,1787268376066.923,169457344.221,0.000000000,-9.801059723,0.132232279,-0.303517759
1754,35079.988,1787268376086.909,169457364.207,0.000000000,-9.801070213,0.132239044,-0.303187609
1755,35099.997,1787268376106.918,169457384.215,0.000000000,-9.801070213,0.131939918,-0.303314537
1756,35119.993,1787268376126.914,169457404.212,0.000000000,-9.801074028,0.131428108,-0.303383768
1757,35139.999,1787268376146.921,169457424.218,0.000000000,-9.801078796,0.131522417,-0.303229332
1758,35159.999,1787268376166.920,169457444.217,0.000000000,-9.801073074,0.131684229,-0.303364009
1759,35180.002,1787268376186.923,169457464.220,0.000000000,-9.801058769,0.131633028,-0.303805053
1760,35200.000,1787268376206.921,169457484.218,0.000000000,-9.801058769,0.131586581,-0.303853452
1761,35219.988,1787268376226.909,169457504.206,0.000000000,-9.801064491,0.131913230,-0.303523511
1762,35239.988,1787268376246.909,169457524.207,0.000000000,-9.801081657,0.132035851,-0.302899748
1763,35259.996,1787268376266.917,169457544.214,0.000000000,-9.801074028,0.132165313,-0.303048611
1764,35280.000,1787268376286.921,169457564.219,0.000000000,-9.801062584,0.131752878,-0.303620428
1765,35299.992,1787268376306.913,169457584.210,0.000000000,-9.801079750,0.131883711,-0.303064287
1766,35319.993,1787268376326.914,169457604.211,0.000000000,-9.801088333,0.131910026,-0.302731067
1767,35339.991,1787268376346.912,169457624.210,0.000000000,-9.801102638,0.131840825,-0.302325636
1768,35359.996,1787268376366.917,169457644.214,0.000000000,-9.801107407,0.131626815,-0.302270919
1769,35379.996,1787268376386.917,169457664.214,0.000000000,-9.801112175,0.131543607,-0.302128136
1770,35399.991,1787268376406.912,169457684.210,0.000000000,-9.801117897,0.131929398,-0.301808596
1771,35419.989,1787268376426.910,169457704.208,0.000000000,-9.801126480,0.131559595,-0.301701099
1772,35439.988,1787268376446.909,169457724.206,0.000000000,-9.801124573,0.131533563,-0.301719993
1773,35459.994,1787268376466.915,169457744.212,0.000000000,-9.801112175,0.131702617,-0.302087396
1774,35479.991,1787268376486.912,169457764.210,0.000000000,-9.801115036,0.131708622,-0.301986128
1775,35500.002,1787268376506.923,169457784.221,0.000000000,-9.801114082,0.131807834,-0.301985681
1776,35520.002,1787268376526.923,169457804.221,0.000000000,-9.801100731,0.131905347,-0.302371860
1777,35540.002,1787268376546.923,169457824.221,0.000000000,-9.801096916,0.131729588,-0.302544802
1778,35560.005,1787268376566.927,169457844.224,0.000000000,-9.801070213,0.131601542,-0.303441823
1779,35579.995,1787268376586.917,169457864.214,0.000000000,-9.801056862,0.131769449,-0.303819120
1780,35599.996,1787268376606.917,169457884.215,0.000000000,-9.801028252,0.132090122,-0.304636776
1781,35620.000,1787268376626.921,169457904.218,0.000000000,-9.801018715,0.132138446,-0.304908216
1782,35640.002,1787268376646.923,169457924.221,0.000000000,-9.801007271,0.132045463,-0.305360734
1783,35659.995,1787268376666.916,169457944.213,0.000000000,-9.801017761,0.132010385,-0.304976076
1784,35680.002,1787268376686.923,169457964.221,0.000000000,-9.801041603,0.131820872,-0.304274976
1785,35700.003,1787268376706.924,169457984.221,0.000000000,-9.801055908,0.131426364,-0.304020792
1786,35720.001,1787268376726.922,169458004.220,0.000000000,-9.801054955,0.131661028,-0.303905785
1787,35739.991,1787268376746.912,169458024.209,0.000000000,-9.801058769,0.131595910,-0.303843141
1788,35759.990,1787268376766.911,169458044.208,0.000000000,-9.801055908,0.131709605,-0.303859621
1789,35779.991,1787268376786.912,169458064.210,0.000000000,-9.801057816,0.131305814,-0.303993076
1790,35799.988,1787268376806.909,169458084.206,0.000000000,-9.801060677,0.131235033,-0.303952128
1791,35820.002,1787268376826.923,169458104.220,0.000000000,-9.801068306,0.131070808,-0.303727955
1792,35839.994,1787268376846.915,169458124.213,0.000000000,-9.801070213,0.131239116,-0.303654522
1793,35860.001,1787268376866.922,169458144.220,0.000000000,-9.801075935,0.131355762,-0.303429186
1794,35879.995,1787268376886.917,169458164.214,0.000000000,-9.801085472,0.131373450,-0.303050101
1795,35900.013,1787268376906.934,169458184.232,0.000000000,-9.801089287,0.131032288,-0.303071499
1796,35920.005,1787268376926.926,169458204.224,0.000000000,-9.801083565,0.131020963,-0.303279579
1797,35940.008,1787268376946.929,169458224.226,0.000000000,-9.801075935,0.131209552,-0.303451866
1798,35959.998,1787268376966.920,169458244.217,0.000000000,-9.801067352,0.130573109,-0.304008782
1799,35979.992,1787268376986.913,169458264.210,0.000000000,-9.801055908,0.131014556,-0.304152638
1800,35999.990,1787268377006.911,169458284.208,0.000000000,-9.801057816,0.130993202,-0.304129511
1801,36019.994,1787268377026.916,169458304.213,0.000000000,-9.801062584,0.131094396,-0.303944111
1802,36040.001,1787268377046.922,169458324.219,0.000000000,-9.801050186,0.131180406,-0.304321170
1803,36059.992,1787268377066.913,169458344.211,0.000000000,-9.801044464,0.131445751,-0.304356813
1804,36080.010,1787268377086.931,169458364.228,0.000000000,-9.801066399,0.131164581,-0.303747505
1805,36100.003,1787268377106.924,169458384.221,0.000000000,-9.801074982,0.131279141,-0.303435475
1806,36119.995,1787268377126.916,169458404.214,0.000000000,-9.801065445,0.131543353,-0.303675205
1807,36140.002,1787268377146.923,169458424.220,0.000000000,-9.801049232,0.131837204,-0.304039091
1808,36160.001,1787268377166.922,169458444.219,0.000000000,-9.801024437,0.131811798,-0.304841071
1809,36179.992,1787268377186.913,169458464.210,0.000000000,-9.801013947,0.131754458,-0.305228949
1810,36199.992,1787268377206.914,169458484.211,0.000000000,-9.801017761,0.131779745,-0.305101305
1811,36220.001,1787268377226.922,169458504.219,0.000000000,-9.801016808,0.131934911,-0.305018544
1812,36239.998,1787268377246.919,169458524.216,0.000000000,-9.801023483,0.131874114,-0.304918647
1813,36260.006,1787268377266.927,169458544.225,0.000000000,-9.801026344,0.131625772,-0.304900140
1814,36279.993,1787268377286.914,169458564.211,0.000000000,-9.801032066,0.131654292,-0.304709554
1815,36300.002,1787268377306.923,169458584.220,0.000000000,-9.801039696,0.131838143,-0.304411590
1816,36320.000,1787268377326.921,169458604.218,0.000000000,-9.801038742,0.132071182,-0.304274380
1817,36339.990,1787268377346.911,169458624.208,0.000000000,-9.801034927,0.131487608,-0.304665744
1818,36360.004,1787268377366.926,169458644.223,0.000000000,-9.801045418,0.131596237,-0.304342121
1819,36380.002,1787268377386.923,169458664.221,0.000000000,-9.801039696,0.131405130,-0.304608703
1820,36399.998,1787268377406.919,169458684.217,0.000000000,-9.801026344,0.131544024,-0.304911494
1821,36419.999,1787268377426.920,169458704.217,0.000000000,-9.801011086,0.131421044,-0.305446029
1822,36439.996,1787268377446.917,169458724.214,0.000000000,-9.801003456,0.131393865,-0.305739969
1823,36460.000,1787268377466.921,169458744.219,0.000000000,-9.800998688,0.131553456,-0.305785388
1824,36479.992,1787268377486.914,169458764.211,0.000000000,-9.801004410,0.131496713,-0.305661768
1825,36499.991,1787268377506.912,169458784.209,0.000000000,-9.800998688,0.131715328,-0.305757880
1826,36519.997,1787268377526.918,169458804.215,0.000000000,-9.800965309,0.132044256,-0.306567729
1827,36539.993,1787268377546.914,169458824.211,0.000000000,-9.800978661,0.132017806,-0.306268007
1828,36560.000,1787268377566.921,169458844.218,0.000000000,-9.800983429,0.131990418,-0.306097180
1829,36579.988,1787268377586.909,169458864.207,0.000000000,-9.800994873,0.131600022,-0.305920750
1830,36599.988,1787268377606.909,169458884.206,0.000000000,-9.801009178,0.131530389,-0.305485576
1831,36619.992,1787268377626.914,169458904.211,0.000000000,-9.801008224,0.131399035,-0.305594236
1832,36640.000,1787268377646.921,169458924.218,0.000000000,-9.801024437,0.131626710,-0.304957509
1833,36659.995,1787268377666.916,169458944.213,0.000000000,-9.801044464,0.131604686,-0.304300576
1834,36679.996,1787268377686.917,169458964.214,0.000000000,-9.801033020,0.131654993,-0.304686159
1835,36700.004,1787268377706.925,169458984.223,0.000000000,-9.801024437,0.131484583,-0.305010438
1836,36719.996,1787268377726.917,169459004.214,0.000000000,-9.801017761,0.131634131,-0.305191129
1837,36739.990,1787268377746.911,169459024.209,0.000000000,-9.801016808,0.131469637,-0.305240810
1838,36760.000,1787268377766.921,169459044.219,0.000000000,-9.801010132,0.131642997,-0.305398732
1839,36780.000,1787268377786.921,169459064.218,0.000000000,-9.801001549,0.131791696,-0.305614084
1840,36800.002,1787268377806.923,169459084.220,0.000000000,-9.800999641,0.132042930,-0.305617481
1841,36819.998,1787268377826.919,169459104.216,0.000000000,-9.801005363,0.132255480,-0.305260599
1842,36839.995,1787268377846.916,169459124.213,0.000000000,-9.801011086,0.132424489,-0.305036992
1843,36859.996,1787268377866.917,169459144.215,0.000000000,-9.801024437,0.132145733,-0.304704070
1844,36879.991,1787268377886.912,169459164.210,0.000000000,-9.801030159,0.132245094,-0.304475188
1845,36900.001,1787268377906.922,169459184.219,0.000000000,-9.801027298,0.132345736,-0.304526210
1846,36919.991,1787268377926.912,169459204.210,0.000000000,-9.801037788,0.131893545,-0.304375440
1847,36939.991,1787268377946.912,169459224.210,0.000000000,-9.801046371,0.131937593,-0.304100603
1848,36959.992,1787268377966.913,169459244.210,0.000000000,-9.801043510,0.131902829,-0.304181546
1849,36979.989,1787268377986.910,169459264.208,0.000000000,-9.801052094,0.131762460,-0.303996503
1850,36999.991,1787268378006.912,169459284.210,0.000000000,-9.801055908,0.131755397,-0.303868651
1851,37020.001,1787268378026.922,169459304.219,0.000000000,-9.801062584,0.131267026,-0.303833693
1852,37039.999,1787268378046.920,169459324.217,0.000000000,-9.801055908,0.131467581,-0.303982377
1853,37059.999,1787268378066.920,169459344.218,0.000000000,-9.801049232,0.131385773,-0.304236859
1854,37079.990,1787268378086.911,169459364.208,0.000000000,-9.801028252,0.131595865,-0.304854512
1855,37100.000,1787268378106.921,169459384.218,0.000000000,-9.801023483,0.131189391,-0.305155545
1856,37119.999,1787268378126.920,169459404.218,0.000000000,-9.801013947,0.131324381,-0.305401415
1857,37140.003,1787268378146.924,169459424.221,0.000000000,-9.800998688,0.131327882,-0.305886030
1858,37159.996,1787268378166.917,169459444.215,0.000000000,-9.800981522,0.131137386,-0.306540400
1859,37179.991,1787268378186.912,169459464.209,0.000000000,-9.800979614,0.130967811,-0.306648284
1860,37199.998,1787268378206.918,169459484.216,0.000000000,-9.800967216,0.131030038,-0.307030469
1861,37220.001,1787268378226.922,169459504.220,0.000000000,-9.800969124,0.130639613,-0.307097942
1862,37239.992,1787268378246.913,169459524.210,0.000000000,-9.800972939,0.130437165,-0.307101041
1863,37259.995,1787268378266.916,169459544.213,0.000000000,-9.800958633,0.130676836,-0.307462126
1864,37279.989,1787268378286.910,169459564.207,0.000000000,-9.800940514,0.131195590,-0.307748586
1865,37299.992,1787268378306.913,169459584.210,0.000000000,-9.800938606,0.131175876,-0.307856441
1866,37319.999,1787268378326.920,169459604.217,0.000000000,-9.800948143,0.131190538,-0.307533175
1867,37340.003,1787268378346.924,169459624.221,0.000000000,-9.800960541,0.131058976,-0.307230264
1868,37359.993,1787268378366.914,169459644.211,0.000000000,-9.800972939,0.131033063,-0.306815565
1869,37379.999,1787268378386.920,169459664.217,0.000000000,-9.800978661,0.130928963,-0.306701928
1870,37399.993,1787268378406.915,169459684.212,0.000000000,-9.800997734,0.131085902,-0.306069076
1871,37420.003,1787268378426.925,169459704.222,0.000000000,-9.801007271,0.131083444,-0.305756211
1872,37439.997,1787268378446.918,169459724.216,0.000000000,-9.800998688,0.131046131,-0.306019336
1873,37460.007,1787268378466.928,169459744.226,0.000000000,-9.801012993,0.131068707,-0.305554122
1874,37480.004,1787268378486.926,169459764.223,0.000000000,-9.801015854,0.131341085,-0.305356294
1875,37499.993,1787268378506.914,169459784.211,0.000000000,-9.801047325,0.131084517,-0.304448485
1876,37520.001,1787268378526.922,169459804.220,0.000000000,-9.801034927,0.130863413,-0.304953337
1877,37539.992,1787268378546.913,169459824.210,0.000000000,-9.801010132,0.131053567,-0.305688202
1878,37559.994,1787268378566.915,169459844.213,0.000000000,-9.800995827,0.130809873,-0.306256920
1879,37579.989,1787268378586.910,169459864.208,0.000000000,-9.800962448,0.131102622,-0.307128221
1880,37599.995,1787268378606.916,169459884.214,0.000000000,-9.800954819,0.131259307,-0.307293922
1881,37619.999,1787268378626.920,169459904.217,0.000000000,-9.800951004,0.131210878,-0.307500541
1882,37639.995,1787268378646.916,169459924.213,0.000000000,-9.800941467,0.131191283,-0.307750881
1883,37659.992,1787268378666.913,169459944.210,0.000000000,-9.800934792,0.131433487,-0.307875723
1884,37679.993,1787268378686.914,169459964.211,0.000000000,-9.800948143,0.131073952,-0.307576209
1885,37700.001,1787268378706.922,169459984.219,0.000000000,-9.800945282,0.131600335,-0.307435542
1886,37719.998,1787268378726.919,169460004.216,0.000000000,-9.800947189,0.131278545,-0.307581276
1887,37740.001,1787268378746.922,169460024.219,0.000000000,-9.800937653,0.131715611,-0.307638794
1888,37760.011,1787268378766.932,169460044.230,0.000000000,-9.800947189,0.131539747,-0.307436526
1889,37779.993,1787268378786.915,169460064.212,0.000000000,-9.800953865,0.131269544,-0.307294518
1890,37800.008,1787268378806.929,169460084.226,0.000000000,-9.800960541,0.131177098,-0.307134449
1891,37820.000,1787268378826.921,169460104.218,0.000000000,-9.800938606,0.131420851,-0.307772994
1892,37840.000,1787268378846.921,169460124.218,0.000000000,-9.800922394,0.131792665,-0.308134854
1893,37860.000,1787268378866.921,169460144.218,0.000000000,-9.800915718,0.131902203,-0.308344126
1894,37880.003,1787268378886.924,169460164.221,0.000000000,-9.800895691,0.132248238,-0.308757424
