index,time_ms,time_realtime_ms,time_monotonic_ms,ros_timestamp,base_wx,base_wy,base_wz
0,0.000,1787268341006.921,169422284.218,0.000000000,0.000000000,0.000000000,0.000000000
1,19.993,1787268341026.914,169422304.211,0.000000000,0.000000000,0.000000000,0.000000000
2,40.000,1787268341046.921,169422324.218,0.000000000,0.000000000,0.000000000,0.000000000
3,59.991,1787268341066.912,169422344.209,0.000000000,0.000000000,0.000000000,0.000000000
4,79.991,1787268341086.912,169422364.209,0.000000000,0.000000000,0.000000000,0.000000000
5,99.999,1787268341106.920,169422384.217,0.000000000,0.000000000,0.000000000,0.000000000
6,119.995,1787268341126.916,169422404.213,0.000000000,0.000000000,0.000000000,0.000000000
7,139.999,1787268341146.920,169422424.217,0.000000000,0.000000000,0.000000000,0.000000000
8,160.000,1787268341166.921,169422444.219,0.000000000,0.000000000,0.000000000,0.000000000
9,180.005,1787268341186.926,169422464.223,0.000000000,0.000000000,0.000000000,0.000000000
10,200.003,1787268341206.925,169422484.222,0.000000000,0.000000000,0.000000000,0.000000000
11,219.993,1787268341226.915,169422504.212,0.000000000,0.000000000,0.000000000,0.000000000
12,240.000,1787268341246.921,169422524.218,0.000000000,0.000000000,0.000000000,0.000000000
13,259.995,1787268341266.916,169422544.213,0.000000000,0.000000000,0.000000000,0.000000000
14,279.996,1787268341286.917,169422564.214,0.000000000,0.000000000,0.000000000,0.000000000
15,299.999,1787268341306.920,169422584.218,0.000000000,0.000000000,0.000000000,0.000000000
16,320.002,1787268341326.923,169422604.220,0.000000000,0.000000000,0.000000000,0.000000000
17,340.005,1787268341346.927,169422624.224,0.000000000,0.000000000,0.000000000,0.000000000
18,359.996,1787268341366.917,169422644.215,0.000000000,0.000000000,0.000000000,0.000000000
19,379.992,1787268341386.913,169422664.211,0.000000000,0.000000000,0.000000000,0.000000000
20,400.000,1787268341406.921,169422684.218,0.000000000,0.000000000,0.000000000,0.000000000
21,419.996,1787268341426.917,169422704.214,0.000000000,0.000000000,0.000000000,0.000000000
22,439.999,1787268341446.920,169422724.217,0.000000000,0.000000000,0.000000000,0.000000000
23,459.997,1787268341466.918,169422744.216,0.000000000,0.000000000,0.000000000,0.000000000
24,479.998,1787268341486.919,169422764.216,0.000000000,0.000000000,0.000000000,0.000000000
25,500.003,1787268341506.924,169422784.221,0.000000000,0.000000000,0.000000000,0.000000000
26,519.991,1787268341526.912,169422804.209,0.000000000,0.000000000,0.000000000,0.000000000
27,539.990,1787268341546.911,169422824.208,0.000000000,0.000000000,0.000000000,0.000000000
28,559.991,1787268341566.912,169422844.209,0.000000000,0.000000000,0.000000000,0.000000000
29,579.988,1787268341586.909,169422864.206,0.000000000,0.000000000,0.000000000,0.000000000
30,599.988,1787268341606.909,169422884.206,0.000000000,0.000000000,0.000000000,0.000000000
31,619.999,1787268341626.920,169422904.217,0.000000000,0.000000000,0.000000000,0.000000000
32,639.996,1787268341646.917,169422924.214,0.000000000,0.000000000,0.000000000,0.000000000
33,660.003,1787268341666.924,169422944.221,0.000000000,0.000000000,0.000000000,0.000000000
34,680.000,1787268341686.921,169422964.219,0.000000000,0.000000000,0.000000000,0.000000000
35,700.004,1787268341706.925,169422984.222,0.000000000,0.000000000,0.000000000,0.000000000
36,720.001,1787268341726.922,169423004.219,0.000000000,0.000000000,0.000000000,0.000000000
37,740.000,1787268341746.921,169423024.218,0.000000000,0.000000000,0.000000000,0.000000000
38,759.997,1787268341766.918,169423044.215,0.000000000,0.000000000,0.000000000,0.000000000
39,779.994,1787268341786.915,169423064.212,0.000000000,0.000000000,0.000000000,0.000000000
40,800.002,1787268341806.923,169423084.221,0.000000000,0.000000000,0.000000000,0.000000000
41,819.989,1787268341826.910,169423104.208,0.000000000,0.000000000,0.000000000,0.000000000
42,839.989,1787268341846.910,169423124.207,0.000000000,0.000000000,0.000000000,0.000000000
43,859.989,1787268341866.910,169423144.208,0.000000000,0.000000000,0.000000000,0.000000000
44,879.991,1787268341886.912,169423164.209,0.000000000,0.000000000,0.000000000,0.000000000
45,900.002,1787268341906.923,169423184.220,0.000000000,0.000000000,0.000000000,0.000000000
46,920.002,1787268341926.923,169423204.221,0.000000000,0.000000000,0.000000000,0.000000000
47,940.000,1787268341946.921,169423224.219,0.000000000,0.000000000,0.000000000,0.000000000
48,959.996,1787268341966.917,169423244.215,0.000000000,0.000000000,0.000000000,0.000000000
49,979.998,1787268341986.920,169423264.217,0.000000000,0.000000000,0.000000000,0.000000000
50,1000.000,1787268342006.921,169423284.218,0.000000000,0.000000000,0.000000000,0.000000000
51,1020.002,1787268342026.923,169423304.220,0.000000000,0.000000000,0.000000000,0.000000000
52,1040.001,1787268342046.922,169423324.219,0.000000000,0.000000000,0.000000000,0.000000000
53,1060.000,1787268342066.921,169423344.219,0.000000000,0.000000000,0.000000000,0.000000000
54,1080.003,1787268342086.925,169423364.222,0.000000000,0.000000000,0.000000000,0.000000000
55,1100.002,1787268342106.923,169423384.220,0.000000000,0.000000000,0.000000000,0.000000000
56,1119.991,1787268342126.912,169423404.209,0.000000000,0.000000000,0.000000000,0.000000000
57,1140.003,1787268342146.924,169423424.221,0.000000000,0.000000000,0.000000000,0.000000000
58,1160.001,1787268342166.922,169423444.219,0.000000000,0.000000000,0.000000000,0.000000000
59,1179.992,1787268342186.913,169423464.211,0.000000000,0.000000000,0.000000000,0.000000000
60,1200.000,1787268342206.921,169423484.218,0.000000000,0.000000000,0.000000000,0.000000000
61,1219.993,1787268342226.914,169423504.211,0.000000000,0.000000000,0.000000000,0.000000000
62,1240.002,1787268342246.923,169423524.221,0.000000000,0.000000000,0.000000000,0.000000000
63,1260.006,1787268342266.927,169423544.225,0.000000000,0.000000000,0.000000000,0.000000000
64,1279.993,1787268342286.914,169423564.211,0.000000000,0.000000000,0.000000000,0.000000000
65,1299.996,1787268342306.917,169423584.214,0.000000000,0.000000000,0.000000000,0.000000000
66,1319.998,1787268342326.919,169423604.216,0.000000000,0.000000000,0.000000000,0.000000000
67,1339.994,1787268342346.915,169423624.212,0.000000000,0.000000000,0.000000000,0.000000000
68,1360.002,1787268342366.923,169423644.221,0.000000000,0.000000000,0.000000000,0.000000000
69,1380.012,1787268342386.933,169423664.230,0.000000000,0.000000000,0.000000000,0.000000000
70,1400.001,1787268342406.922,169423684.220,0.000000000,0.000000000,0.000000000,0.000000000
71,1420.007,1787268342426.928,169423704.225,0.000000000,0.000000000,0.000000000,0.000000000
72,1440.008,1787268342446.929,169423724.227,0.000000000,0.000000000,0.000000000,0.000000000
73,1459.994,1787268342466.915,169423744.212,0.000000000,0.000000000,0.000000000,0.000000000
74,1480.004,1787268342486.925,169423764.222,0.000000000,0.000000000,0.000000000,0.000000000
75,1499.993,1787268342506.914,169423784.211,0.000000000,0.000000000,0.000000000,0.000000000
76,1520.009,1787268342526.930,169423804.227,0.000000000,0.000000000,0.000000000,0.000000000
77,1539.998,1787268342546.919,169423824.216,0.000000000,0.000000000,0.000000000,0.000000000
78,1560.000,1787268342566.921,169423844.218,0.000000000,0.000000000,0.000000000,0.000000000
79,1579.992,1787268342586.913,169423864.210,0.000000000,0.000000000,0.000000000,0.000000000
80,1599.994,1787268342606.915,169423884.212,0.000000000,0.000000000,0.000000000,0.000000000
81,1620.001,1787268342626.922,169423904.220,0.000000000,0.000000000,0.000000000,0.000000000
82,1640.003,1787268342646.924,169423924.221,0.000000000,0.000000000,0.000000000,0.000000000
83,1659.991,1787268342666.912,169423944.210,0.000000000,0.000000000,0.000000000,0.000000000
84,1679.995,1787268342686.916,169423964.213,0.000000000,0.000000000,0.000000000,0.000000000
85,1699.997,1787268342706.917,169423984.215,0.000000000,0.000000000,0.000000000,0.000000000
86,1719.990,1787268342726.911,169424004.208,0.000000000,0.000000000,0.000000000,0.000000000
87,1740.015,1787268342746.936,169424024.233,0.000000000,0.000000000,0.000000000,0.000000000
88,1759.998,1787268342766.918,169424044.216,0.000000000,0.000000000,0.000000000,0.000000000
89,1779.991,1787268342786.912,169424064.209,0.000000000,0.000000000,0.000000000,0.000000000
90,1799.995,1787268342806.916,169424084.213,0.000000000,0.000000000,0.000000000,0.000000000
91,1819.994,1787268342826.916,169424104.213,0.000000000,0.000000000,0.000000000,0.000000000
92,1840.005,1787268342846.926,169424124.223,0.000000000,0.000000000,0.000000000,0.000000000
93,1860.008,1787268342866.929,169424144.227,0.000000000,0.000000000,0.000000000,0.000000000
94,1879.998,1787268342886.919,169424164.217,0.000000000,0.000000000,0.000000000,0.000000000
95,1899.992,1787268342906.914,169424184.211,0.000000000,0.000000000,0.000000000,0.000000000
96,1919.995,1787268342926.917,169424204.214,0.000000000,0.000000000,0.000000000,0.000000000
97,1939.991,1787268342946.912,169424224.209,0.000000000,0.000000000,0.000000000,0.000000000
98,1959.999,1787268342966.920,169424244.218,0.000000000,0.000000000,0.000000000,0.000000000
99,1979.998,1787268342986.919,169424264.216,0.000000000,0.000000000,0.000000000,0.000000000
100,2000.000,1787268343006.921,169424284.218,0.000000000,0.000000000,0.000000000,0.000000000
101,2020.084,1787268343027.005,169424304.302,0.000000000,0.000000000,0.000000000,0.000000000
102,2040.004,1787268343046.925,169424324.222,0.000000000,0.000000000,0.000000000,0.000000000
103,2059.997,1787268343066.918,169424344.216,0.000000000,0.000000000,0.000000000,0.000000000
104,2080.005,1787268343086.926,169424364.224,0.000000000,0.000000000,0.000000000,0.000000000
105,2099.999,1787268343106.920,169424384.217,0.000000000,0.000000000,0.000000000,0.000000000
106,2119.990,1787268343126.911,169424404.209,0.000000000,0.000000000,0.000000000,0.000000000
107,2140.003,1787268343146.924,169424424.221,0.000000000,0.000000000,0.000000000,0.000000000
108,2160.004,1787268343166.925,169424444.222,0.000000000,0.000000000,0.000000000,0.000000000
109,2180.002,1787268343186.923,169424464.220,0.000000000,0.000000000,0.000000000,0.000000000
110,2200.001,1787268343206.922,169424484.219,0.000000000,0.000000000,0.000000000,0.000000000
111,2220.141,1787268343227.062,169424504.359,0.000000000,0.000000000,0.000000000,0.000000000
112,2240.004,1787268343246.925,169424524.222,0.000000000,0.000000000,0.000000000,0.000000000
113,2260.003,1787268343266.924,169424544.221,0.000000000,0.000000000,0.000000000,0.000000000
114,2279.992,1787268343286.913,169424564.210,0.000000000,0.000000000,0.000000000,0.000000000
115,2299.991,1787268343306.912,169424584.209,0.000000000,0.000000000,0.000000000,0.000000000
116,2319.993,1787268343326.914,169424604.211,0.000000000,0.000000000,0.000000000,0.000000000
117,2339.994,1787268343346.915,169424624.212,0.000000000,0.000000000,0.000000000,0.000000000
118,2359.992,1787268343366.913,169424644.210,0.000000000,0.000000000,0.000000000,0.000000000
119,2379.996,1787268343386.917,169424664.214,0.000000000,0.000000000,0.000000000,0.000000000
120,2399.991,1787268343406.912,169424684.209,0.000000000,0.000000000,0.000000000,0.000000000
121,2419.990,1787268343426.911,169424704.209,0.000000000,0.000000000,0.000000000,0.000000000
122,2439.996,1787268343446.917,169424724.215,0.000000000,0.000000000,0.000000000,0.000000000
123,2460.005,1787268343466.926,169424744.223,0.000000000,0.000000000,0.000000000,0.000000000
124,2480.001,1787268343486.922,169424764.219,0.000000000,0.000000000,0.000000000,0.000000000
125,2500.002,1787268343506.923,169424784.220,0.000000000,0.000000000,0.000000000,0.000000000
126,2519.992,1787268343526.913,169424804.211,0.000000000,0.000000000,0.000000000,0.000000000
127,2540.001,1787268343546.922,169424824.220,0.000000000,0.000000000,0.000000000,0.000000000
128,2559.997,1787268343566.918,169424844.215,0.000000000,0.000000000,0.000000000,0.000000000
129,2579.991,1787268343586.912,169424864.210,0.000000000,0.000000000,0.000000000,0.000000000
130,2600.001,1787268343606.922,169424884.219,0.000000000,0.000000000,0.000000000,0.000000000
131,2619.996,1787268343626.917,169424904.214,0.000000000,0.000000000,0.000000000,0.000000000
132,2640.004,1787268343646.925,169424924.223,0.000000000,0.000000000,0.000000000,0.000000000
133,2660.001,1787268343666.922,169424944.219,0.000000000,0.000000000,0.000000000,0.000000000
134,2679.993,1787268343686.914,169424964.211,0.000000000,0.000000000,0.000000000,0.000000000
135,2700.006,1787268343706.927,169424984.225,0.000000000,0.000000000,0.000000000,0.000000000
136,2720.000,1787268343726.921,169425004.218,0.000000000,0.000000000,0.000000000,0.000000000
137,2740.003,1787268343746.924,169425024.222,0.000000000,0.000000000,0.000000000,0.000000000
138,2759.994,1787268343766.916,169425044.213,0.000000000,0.000000000,0.000000000,0.000000000
139,2779.993,1787268343786.914,169425064.211,0.000000000,0.000000000,0.000000000,0.000000000
140,2799.998,1787268343806.919,169425084.216,0.000000000,0.000000000,0.000000000,0.000000000
141,2820.004,1787268343826.925,169425104.222,0.000000000,0.000000000,0.000000000,0.000000000
142,2840.000,1787268343846.921,169425124.219,0.000000000,0.000000000,0.000000000,0.000000000
143,2860.000,1787268343866.921,169425144.218,0.000000000,0.000000000,0.000000000,0.000000000
144,2879.992,1787268343886.913,169425164.210,0.000000000,0.000000000,0.000000000,0.000000000
145,2899.996,1787268343906.917,169425184.214,0.000000000,0.000000000,0.000000000,0.000000000
146,2920.007,1787268343926.928,169425204.226,0.000000000,0.000000000,0.000000000,0.000000000
147,2939.992,1787268343946.913,169425224.210,0.000000000,0.000000000,0.000000000,0.000000000
148,2959.999,1787268343966.920,169425244.218,0.000000000,0.000000000,0.000000000,0.000000000
149,2980.005,1787268343986.926,169425264.223,0.000000000,0.000000000,0.000000000,0.000000000
150,2999.995,1787268344006.916,169425284.213,0.000000000,0.000000000,0.000000000,0.000000000
151,3019.997,1787268344026.918,169425304.215,0.000000000,0.000000000,0.000000000,0.000000000
152,3039.997,1787268344046.918,169425324.215,0.000000000,0.000000000,0.000000000,0.000000000
153,3060.000,1787268344066.921,169425344.218,0.000000000,0.000000000,0.000000000,0.000000000
154,3079.990,1787268344086.911,169425364.209,0.000000000,0.000000000,0.000000000,0.000000000
155,3100.100,1787268344107.021,169425384.318,0.000000000,0.000000000,0.000000000,0.000000000
156,3119.997,1787268344126.918,169425404.215,0.000000000,0.000000000,0.000000000,0.000000000
157,3139.997,1787268344146.918,169425424.215,0.000000000,0.000000000,0.000000000,0.000000000
158,3160.003,1787268344166.925,169425444.222,0.000000000,0.000000000,0.000000000,0.000000000
159,3179.989,1787268344186.910,169425464.208,0.000000000,0.000000000,0.000000000,0.000000000
160,3200.003,1787268344206.924,169425484.221,0.000000000,0.000000000,0.000000000,0.000000000
161,3220.005,1787268344226.926,169425504.224,0.000000000,0.000000000,0.000000000,0.000000000
162,3239.997,1787268344246.918,169425524.216,0.000000000,0.000000000,0.000000000,0.000000000
163,3260.004,1787268344266.925,169425544.223,0.000000000,0.000000000,0.000000000,0.000000000
164,3279.998,1787268344286.919,169425564.216,0.000000000,0.000000000,0.000000000,0.000000000
165,3300.003,1787268344306.924,169425584.222,0.000000000,0.000000000,0.000000000,0.000000000
166,3319.995,1787268344326.916,169425604.213,0.000000000,0.000000000,0.000000000,0.000000000
167,3340.006,1787268344346.927,169425624.224,0.000000000,0.000000000,0.000000000,0.000000000
168,3359.993,1787268344366.915,169425644.212,0.000000000,0.000000000,0.000000000,0.000000000
169,3379.990,1787268344386.911,169425664.208,0.000000000,0.000000000,0.000000000,0.000000000
170,3400.002,1787268344406.923,169425684.221,0.000000000,0.000000000,0.000000000,0.000000000
171,3420.001,1787268344426.922,169425704.220,0.000000000,0.000000000,0.000000000,0.000000000
172,3439.999,1787268344446.920,169425724.217,0.000000000,0.000000000,0.000000000,0.000000000
173,3460.009,1787268344466.930,169425744.227,0.000000000,0.000000000,0.000000000,0.000000000
174,3479.996,1787268344486.917,169425764.215,0.000000000,0.000000000,0.000000000,0.000000000
175,3499.999,1787268344506.920,169425784.217,0.000000000,0.000000000,0.000000000,0.000000000
176,3519.997,1787268344526.918,169425804.215,0.000000000,0.000000000,0.000000000,0.000000000
177,3540.005,1787268344546.926,169425824.223,0.000000000,0.000000000,0.000000000,0.000000000
178,3559.994,1787268344566.916,169425844.213,0.000000000,0.000000000,0.000000000,0.000000000
179,3579.992,1787268344586.913,169425864.210,0.000000000,0.000000000,0.000000000,0.000000000
180,3599.999,1787268344606.920,169425884.217,0.000000000,0.000000000,0.000000000,0.000000000
181,3619.998,1787268344626.919,169425904.216,0.000000000,0.000000000,0.000000000,0.000000000
182,3639.998,1787268344646.919,169425924.217,0.000000000,0.000000000,0.000000000,0.000000000
183,3659.990,1787268344666.911,169425944.208,0.000000000,0.000000000,0.000000000,0.000000000
184,3680.002,1787268344686.923,169425964.221,0.000000000,0.000000000,0.000000000,0.000000000
185,3700.003,1787268344706.925,169425984.222,0.000000000,0.000000000,0.000000000,0.000000000
186,3720.000,1787268344726.922,169426004.219,0.000000000,0.000000000,0.000000000,0.000000000
187,3740.003,1787268344746.924,169426024.221,0.000000000,0.000000000,0.000000000,0.000000000
188,3759.995,1787268344766.916,169426044.213,0.000000000,0.000000000,0.000000000,0.000000000
189,3780.003,1787268344786.925,169426064.222,0.000000000,0.000000000,0.000000000,0.000000000
190,3799.991,1787268344806.912,169426084.210,0.000000000,0.000000000,0.000000000,0.000000000
191,3819.997,1787268344826.918,169426104.215,0.000000000,0.000000000,0.000000000,0.000000000
192,3839.995,1787268344846.916,169426124.214,0.000000000,0.000000000,0.000000000,0.000000000
193,3860.004,1787268344866.925,169426144.222,0.000000000,0.000000000,0.000000000,0.000000000
194,3880.004,1787268344886.925,169426164.222,0.000000000,0.000000000,0.000000000,0.000000000
195,3900.002,1787268344906.923,169426184.220,0.000000000,0.000000000,0.000000000,0.000000000
196,3920.004,1787268344926.925,169426204.222,0.000000000,0.000000000,0.000000000,0.000000000
197,3940.002,1787268344946.923,169426224.221,0.000000000,0.000000000,0.000000000,0.000000000
198,3959.995,1787268344966.916,169426244.213,0.000000000,0.000000000,0.000000000,0.000000000
199,3980.000,1787268344986.921,169426264.218,0.000000000,0.000000000,0.000000000,0.000000000
200,3999.994,1787268345006.916,169426284.213,0.000000000,0.000000000,0.000000000,0.000000000
201,4020.003,1787268345026.924,169426304.222,0.000000000,0.000000000,0.000000000,0.000000000
202,4039.998,1787268345046.919,169426324.216,0.000000000,0.000000000,0.000000000,0.000000000
203,4060.002,1787268345066.923,169426344.221,0.000000000,0.000000000,0.000000000,0.000000000
204,4079.990,1787268345086.911,169426364.208,0.000000000,0.000000000,0.000000000,0.000000000
205,4100.005,1787268345106.926,169426384.223,0.000000000,0.000000000,0.000000000,0.000000000
206,4120.000,1787268345126.921,169426404.218,0.000000000,0.000000000,0.000000000,0.000000000
207,4139.994,1787268345146.915,169426424.212,0.000000000,0.000000000,0.000000000,0.000000000
208,4160.004,1787268345166.925,169426444.223,0.000000000,0.000000000,0.000000000,0.000000000
209,4180.001,1787268345186.922,169426464.219,0.000000000,0.000000000,0.000000000,0.000000000
210,4200.001,1787268345206.922,169426484.219,0.000000000,0.000000000,0.000000000,0.000000000
211,4219.993,1787268345226.914,169426504.211,0.000000000,0.000000000,0.000000000,0.000000000
212,4240.003,1787268345246.924,169426524.221,0.000000000,0.000000000,0.000000000,0.000000000
213,4260.006,1787268345266.927,169426544.224,0.000000000,0.000000000,0.000000000,0.000000000
214,4280.003,1787268345286.925,169426564.222,0.000000000,0.000000000,0.000000000,0.000000000
215,4300.001,1787268345306.922,169426584.219,0.000000000,0.000000000,0.000000000,0.000000000
216,4319.993,1787268345326.915,169426604.212,0.000000000,0.000000000,0.000000000,0.000000000
217,4339.991,1787268345346.912,169426624.209,0.000000000,0.000000000,0.000000000,0.000000000
218,4359.997,1787268345366.918,169426644.215,0.000000000,0.000000000,0.000000000,0.000000000
219,4380.004,1787268345386.925,169426664.222,0.000000000,0.000000000,0.000000000,0.000000000
220,4400.001,1787268345406.922,169426684.220,0.000000000,0.000000000,0.000000000,0.000000000
221,4419.991,1787268345426.912,169426704.209,0.000000000,0.000000000,0.000000000,0.000000000
222,4439.996,1787268345446.917,169426724.215,0.000000000,0.000000000,0.000000000,0.000000000
223,4459.995,1787268345466.917,169426744.214,0.000000000,0.000000000,0.000000000,0.000000000
224,4479.997,1787268345486.918,169426764.215,0.000000000,0.000000000,0.000000000,0.000000000
225,4499.988,1787268345506.909,169426784.207,0.000000000,0.000000000,0.000000000,0.000000000
226,4520.000,1787268345526.921,169426804.219,0.000000000,0.000000000,0.000000000,0.000000000
227,4540.002,1787268345546.923,169426824.220,0.000000000,0.000000000,0.000000000,0.000000000
228,4559.999,1787268345566.920,169426844.217,0.000000000,0.000000000,0.000000000,0.000000000
229,4579.998,1787268345586.919,169426864.216,0.000000000,0.000000000,0.000000000,0.000000000
230,4600.000,1787268345606.921,169426884.218,0.000000000,0.000000000,0.000000000,0.000000000
231,4619.993,1787268345626.914,169426904.212,0.000000000,0.000000000,0.000000000,0.000000000
232,4639.995,1787268345646.916,169426924.213,0.000000000,0.000000000,0.000000000,0.000000000
233,4660.004,1787268345666.925,169426944.222,0.000000000,0.000000000,0.000000000,0.000000000
234,4680.000,1787268345686.921,169426964.219,0.000000000,0.000000000,0.000000000,0.000000000
235,4699.991,1787268345706.912,169426984.209,0.000000000,0.000000000,0.000000000,0.000000000
236,4719.998,1787268345726.919,169427004.216,0.000000000,0.000000000,0.000000000,0.000000000
237,4740.124,1787268345747.046,169427024.343,0.000000000,0.000000000,0.000000000,0.000000000
238,4760.000,1787268345766.921,169427044.218,0.000000000,0.000000000,0.000000000,0.000000000
239,4779.996,1787268345786.917,169427064.214,0.000000000,0.000000000,0.000000000,0.000000000
240,4800.001,1787268345806.922,169427084.219,0.000000000,0.000000000,0.000000000,0.000000000
241,4819.998,1787268345826.919,169427104.216,0.000000000,0.000000000,0.000000000,0.000000000
242,4839.991,1787268345846.912,169427124.210,0.000000000,0.000000000,0.000000000,0.000000000
243,4860.008,1787268345866.929,169427144.226,0.000000000,0.000000000,0.000000000,0.000000000
244,4879.994,1787268345886.915,169427164.213,0.000000000,0.000000000,0.000000000,0.000000000
245,4899.998,1787268345906.919,169427184.216,0.000000000,0.000000000,0.000000000,0.000000000
246,4919.990,1787268345926.911,169427204.209,0.000000000,0.000000000,0.000000000,0.000000000
247,4940.002,1787268345946.923,169427224.220,0.000000000,0.000000000,0.000000000,0.000000000
248,4960.003,1787268345966.924,169427244.221,0.000000000,0.000000000,0.000000000,0.000000000
249,4980.003,1787268345986.924,169427264.221,0.000000000,0.000000000,0.000000000,0.000000000
250,4999.999,1787268346006.920,169427284.218,0.000000000,0.000000000,0.000000000,0.000000000
251,5020.057,1787268346026.978,169427304.276,0.000000000,0.000000000,0.000000000,0.000000000
252,5040.001,1787268346046.922,169427324.219,0.000000000,0.000000000,0.000000000,0.000000000
253,5059.992,1787268346066.913,169427344.210,0.000000000,0.000000000,0.000000000,0.000000000
254,5079.992,1787268346086.914,169427364.211,0.000000000,0.000000000,0.000000000,0.000000000
255,5099.995,1787268346106.916,169427384.213,0.000000000,0.000000000,0.000000000,0.000000000
256,5119.993,1787268346126.914,169427404.211,0.000000000,0.000000000,0.000000000,0.000000000
257,5140.001,1787268346146.922,169427424.220,0.000000000,0.000000000,0.000000000,0.000000000
258,5159.998,1787268346166.918,169427444.216,0.000000000,0.000000000,0.000000000,0.000000000
259,5179.998,1787268346186.918,169427464.216,0.000000000,0.000000000,0.000000000,0.000000000
260,5200.000,1787268346206.921,169427484.218,0.000000000,0.000000000,0.000000000,0.000000000
261,5220.005,1787268346226.926,169427504.223,0.000000000,0.000000000,0.000000000,0.000000000
262,5240.001,1787268346246.922,169427524.219,0.000000000,0.000000000,0.000000000,0.000000000
263,5260.002,1787268346266.923,169427544.221,0.000000000,0.000000000,0.000000000,0.000000000
264,5280.013,1787268346286.934,169427564.231,0.000000000,0.000000000,0.000000000,0.000000000
265,5299.991,1787268346306.912,169427584.210,0.000000000,0.000000000,0.000000000,0.000000000
266,5319.995,1787268346326.916,169427604.213,0.000000000,0.000000000,0.000000000,0.000000000
267,5339.995,1787268346346.916,169427624.213,0.000000000,0.000000000,0.000000000,0.000000000
268,5360.002,1787268346366.923,169427644.220,0.000000000,0.000000000,0.000000000,0.000000000
269,5380.000,1787268346386.921,169427664.218,0.000000000,0.000000000,0.000000000,0.000000000
270,5400.004,1787268346406.926,169427684.223,0.000000000,0.000000000,0.000000000,0.000000000
271,5420.004,1787268346426.926,169427704.223,0.000000000,0.000000000,0.000000000,0.000000000
272,5440.002,1787268346446.923,169427724.220,0.000000000,0.000000000,0.000000000,0.000000000
273,5460.020,1787268346466.941,169427744.238,0.000000000,0.000000000,0.000000000,0.000000000
274,5480.004,1787268346486.925,169427764.222,0.000000000,0.000000000,0.000000000,0.000000000
275,5499.994,1787268346506.915,169427784.213,0.000000000,0.000000000,0.000000000,0.000000000
276,5519.992,1787268346526.913,169427804.210,0.000000000,0.000000000,0.000000000,0.000000000
277,5540.069,1787268346546.990,169427824.288,0.000000000,0.000000000,0.000000000,0.000000000
278,5560.002,1787268346566.923,169427844.221,0.000000000,0.000000000,0.000000000,0.000000000
279,5579.991,1787268346586.912,169427864.210,0.000000000,0.000000000,0.000000000,0.000000000
280,5599.994,1787268346606.915,169427884.213,0.000000000,0.000000000,0.000000000,0.000000000
281,5620.010,1787268346626.931,169427904.229,0.000000000,0.000000000,0.000000000,0.000000000
282,5640.005,1787268346646.927,169427924.224,0.000000000,0.000000000,0.000000000,0.000000000
283,5659.997,1787268346666.917,169427944.215,0.000000000,0.000000000,0.000000000,0.000000000
284,5679.992,1787268346686.913,169427964.211,0.000000000,0.000000000,0.000000000,0.000000000
285,5699.995,1787268346706.916,169427984.214,0.000000000,0.000000000,0.000000000,0.000000000
286,5719.996,1787268346726.917,169428004.214,0.000000000,0.000000000,0.000000000,0.000000000
287,5739.999,1787268346746.920,169428024.218,0.000000000,0.000000000,0.000000000,0.000000000
288,5760.017,1787268346766.938,169428044.235,0.000000000,0.000000000,0.000000000,0.000000000
289,5780.006,1787268346786.927,169428064.224,0.000000000,0.000000000,0.000000000,0.000000000
290,5800.003,1787268346806.924,169428084.221,0.000000000,0.000000000,0.000000000,0.000000000
291,5819.994,1787268346826.915,169428104.213,0.000000000,0.000000000,0.000000000,0.000000000
292,5840.005,1787268346846.926,169428124.223,0.000000000,0.000000000,0.000000000,0.000000000
293,5859.991,1787268346866.912,169428144.210,0.000000000,0.000000000,0.000000000,0.000000000
294,5879.999,1787268346886.920,169428164.217,0.000000000,0.000000000,0.000000000,0.000000000
295,5899.996,1787268346906.917,169428184.215,0.000000000,0.000000000,0.000000000,0.000000000
296,5919.997,1787268346926.918,169428204.215,0.000000000,0.000000000,0.000000000,0.000000000
297,5939.994,1787268346946.915,169428224.212,0.000000000,0.000000000,0.000000000,0.000000000
298,5959.997,1787268346966.918,169428244.215,0.000000000,0.000000000,0.000000000,0.000000000
299,5980.001,1787268346986.922,169428264.220,0.000000000,0.000000000,0.000000000,0.000000000
300,5999.989,1787268347006.910,169428284.208,0.000000000,0.000000000,0.000000000,0.000000000
301,6019.989,1787268347026.910,169428304.207,0.000000000,0.000000000,0.000000000,0.000000000
302,6039.991,1787268347046.912,169428324.209,0.000000000,0.000000000,0.000000000,0.000000000
303,6059.991,1787268347066.912,169428344.209,0.000000000,0.000000000,0.000000000,0.000000000
304,6079.995,1787268347086.916,169428364.213,0.000000000,0.000000000,0.000000000,0.000000000
305,6100.013,1787268347106.934,169428384.231,0.000000000,0.000000000,0.000000000,0.000000000
306,6120.003,1787268347126.924,169428404.221,0.000000000,0.000000000,0.000000000,0.000000000
307,6140.014,1787268347146.935,169428424.232,0.000000000,0.000000000,0.000000000,0.000000000
308,6159.992,1787268347166.913,169428444.211,0.000000000,0.000000000,0.000000000,0.000000000
309,6180.002,1787268347186.923,169428464.220,0.000000000,0.000000000,0.000000000,0.000000000
310,6199.991,1787268347206.912,169428484.210,0.000000000,0.000000000,0.000000000,0.000000000
311,6220.004,1787268347226.925,169428504.222,0.000000000,0.000000000,0.000000000,0.000000000
312,6239.992,1787268347246.914,169428524.211,0.000000000,0.000000000,0.000000000,0.000000000
313,6260.003,1787268347266.924,169428544.221,0.000000000,0.000000000,0.000000000,0.000000000
314,6279.999,1787268347286.920,169428564.217,0.000000000,0.000000000,0.000000000,0.000000000
315,6299.991,1787268347306.912,169428584.209,0.000000000,0.000000000,0.000000000,0.000000000
316,6319.997,1787268347326.918,169428604.215,0.000000000,0.000000000,0.000000000,0.000000000
317,6339.991,1787268347346.912,169428624.210,0.000000000,0.000000000,0.000000000,0.000000000
318,6359.989,1787268347366.910,169428644.208,0.000000000,0.000000000,0.000000000,0.000000000
319,6380.029,1787268347386.950,169428664.247,0.000000000,0.000000000,0.000000000,0.000000000
320,6399.988,1787268347406.909,169428684.207,0.000000000,0.000000000,0.000000000,0.000000000
321,6419.989,1787268347426.910,169428704.207,0.000000000,0.000000000,0.000000000,0.000000000
322,6439.989,1787268347446.910,169428724.208,0.000000000,0.000000000,0.000000000,0.000000000
323,6459.990,1787268347466.911,169428744.208,0.000000000,0.000000000,0.000000000,0.000000000
324,6480.000,1787268347486.921,169428764.219,0.000000000,0.000000000,0.000000000,0.000000000
325,6499.999,1787268347506.920,169428784.218,0.000000000,0.000000000,0.000000000,0.000000000
326,6520.001,1787268347526.922,169428804.219,0.000000000,0.000000000,0.000000000,0.000000000
327,6539.991,1787268347546.912,169428824.209,0.000000000,0.000000000,0.000000000,0.000000000
328,6560.030,1787268347566.951,169428844.248,0.000000000,0.000000000,0.000000000,0.000000000
329,6580.003,1787268347586.924,169428864.222,0.000000000,0.000000000,0.000000000,0.000000000
330,6599.997,1787268347606.918,169428884.215,0.000000000,0.000000000,0.000000000,0.000000000
331,6619.995,1787268347626.917,169428904.214,0.000000000,0.000000000,0.000000000,0.000000000
332,6639.999,1787268347646.920,169428924.217,0.000000000,0.000000000,0.000000000,0.000000000
333,6660.000,1787268347666.921,169428944.219,0.000000000,0.000000000,0.000000000,0.000000000
334,6679.989,1787268347686.910,169428964.208,0.000000000,0.000000000,0.000000000,0.000000000
335,6700.004,1787268347706.925,169428984.222,0.000000000,0.000000000,0.000000000,0.000000000
336,6719.993,1787268347726.914,169429004.211,0.000000000,0.000000000,0.000000000,0.000000000
337,6739.995,1787268347746.916,169429024.213,0.000000000,0.000000000,0.000000000,0.000000000
338,6760.002,1787268347766.923,169429044.220,0.000000000,0.000000000,0.000000000,0.000000000
339,6779.997,1787268347786.918,169429064.216,0.000000000,0.000000000,0.000000000,0.000000000
340,6800.002,1787268347806.923,169429084.220,0.000000000,0.000000000,0.000000000,0.000000000
341,6819.990,1787268347826.911,169429104.208,0.000000000,0.000000000,0.000000000,0.000000000
342,6839.992,1787268347846.913,169429124.210,0.000000000,0.000000000,0.000000000,0.000000000
343,6859.998,1787268347866.919,169429144.217,0.000000000,0.000000000,0.000000000,0.000000000
344,6879.991,1787268347886.912,169429164.210,0.000000000,0.000000000,0.000000000,0.000000000
345,6900.002,1787268347906.923,169429184.220,0.000000000,0.000000000,0.000000000,0.000000000
346,6920.001,1787268347926.922,169429204.219,0.000000000,0.000000000,0.000000000,0.000000000
347,6940.002,1787268347946.923,169429224.220,0.000000000,0.000000000,0.000000000,0.000000000
348,6959.993,1787268347966.914,169429244.211,0.000000000,0.000000000,0.000000000,0.000000000
349,6979.995,1787268347986.916,169429264.214,0.000000000,0.000000000,0.000000000,0.000000000
350,7000.001,1787268348006.922,169429284.220,0.000000000,0.000000000,0.000000000,0.000000000
351,7020.001,1787268348026.922,169429304.219,0.000000000,0.000000000,0.000000000,0.000000000
352,7039.989,1787268348046.910,169429324.207,0.000000000,0.000000000,0.000000000,0.000000000
353,7060.001,1787268348066.923,169429344.220,0.000000000,0.000000000,0.000000000,0.000000000
354,7079.990,1787268348086.911,169429364.208,0.000000000,0.000000000,0.000000000,0.000000000
355,7100.001,1787268348106.922,169429384.219,0.000000000,0.000000000,0.000000000,0.000000000
356,7119.991,1787268348126.912,169429404.209,0.000000000,0.000000000,0.000000000,0.000000000
357,7140.001,1787268348146.922,169429424.219,0.000000000,0.000000000,0.000000000,0.000000000
358,7159.995,1787268348166.916,169429444.213,0.000000000,0.000000000,0.000000000,0.000000000
359,7179.990,1787268348186.911,169429464.208,0.000000000,0.000000000,0.000000000,0.000000000
360,7200.000,1787268348206.921,169429484.218,0.000000000,0.000000000,0.000000000,0.000000000
361,7219.992,1787268348226.913,169429504.211,0.000000000,0.000000000,0.000000000,0.000000000
362,7239.997,1787268348246.918,169429524.216,0.000000000,0.000000000,0.000000000,0.000000000
363,7259.993,1787268348266.914,169429544.211,0.000000000,0.000000000,0.000000000,0.000000000
364,7279.989,1787268348286.910,169429564.208,0.000000000,0.000000000,0.000000000,0.000000000
365,7300.008,1787268348306.929,169429584.227,0.000000000,0.000000000,0.000000000,0.000000000
366,7319.990,1787268348326.911,169429604.209,0.000000000,0.000000000,0.000000000,0.000000000
367,7339.989,1787268348346.910,169429624.208,0.000000000,0.000000000,0.000000000,0.000000000
368,7359.998,1787268348366.919,169429644.217,0.000000000,0.000000000,0.000000000,0.000000000
369,7380.000,1787268348386.921,169429664.219,0.000000000,0.000000000,0.000000000,0.000000000
370,7400.005,1787268348406.926,169429684.224,0.000000000,0.000000000,0.000000000,0.000000000
371,7419.998,1787268348426.918,169429704.216,0.000000000,0.000000000,0.000000000,0.000000000
372,7440.006,1787268348446.927,169429724.224,0.000000000,0.000000000,0.000000000,0.000000000
373,7459.991,1787268348466.912,169429744.210,0.000000000,0.000000000,0.000000000,0.000000000
374,7479.999,1787268348486.920,169429764.218,0.000000000,0.000000000,0.000000000,0.000000000
375,7500.004,1787268348506.925,169429784.222,0.000000000,0.000000000,0.000000000,0.000000000
376,7519.991,1787268348526.912,169429804.209,0.000000000,0.000000000,0.000000000,0.000000000
377,7539.997,1787268348546.918,169429824.215,0.000000000,0.000000000,0.000000000,0.000000000
378,7560.000,1787268348566.921,169429844.218,0.000000000,0.000000000,0.000000000,0.000000000
379,7580.002,1787268348586.923,169429864.220,0.000000000,0.000000000,0.000000000,0.000000000
380,7600.003,1787268348606.924,169429884.221,0.000000000,0.000000000,0.000000000,0.000000000
381,7619.993,1787268348626.914,169429904.212,0.000000000,0.000000000,0.000000000,0.000000000
382,7639.993,1787268348646.915,169429924.212,0.000000000,0.000000000,0.000000000,0.000000000
383,7659.992,1787268348666.913,169429944.210,0.000000000,0.000000000,0.000000000,0.000000000
384,7680.019,1787268348686.941,169429964.238,0.000000000,0.000000000,0.000000000,0.000000000
385,7699.990,1787268348706.911,169429984.209,0.000000000,0.000000000,0.000000000,0.000000000
386,7720.002,1787268348726.923,169430004.220,0.000000000,0.000000000,0.000000000,0.000000000
387,7739.989,1787268348746.910,169430024.207,0.000000000,0.000000000,0.000000000,0.000000000
388,7759.991,1787268348766.912,169430044.209,0.000000000,0.000000000,0.000000000,0.000000000
389,7779.988,1787268348786.910,169430064.207,0.000000000,0.000000000,0.000000000,0.000000000
390,7799.990,1787268348806.911,169430084.208,0.000000000,0.000000000,0.000000000,0.000000000
391,7819.994,1787268348826.915,169430104.212,0.000000000,0.000000000,0.000000000,0.000000000
392,7840.001,1787268348846.922,169430124.219,0.000000000,0.000000000,0.000000000,0.000000000
393,7860.000,1787268348866.921,169430144.218,0.000000000,0.000000000,0.000000000,0.000000000
394,7879.995,1787268348886.916,169430164.214,0.000000000,0.000000000,0.000000000,0.000000000
395,7899.993,1787268348906.914,169430184.211,0.000000000,0.000000000,0.000000000,0.000000000
396,7920.003,1787268348926.924,169430204.222,0.000000000,0.000000000,0.000000000,0.000000000
397,7939.993,1787268348946.914,169430224.211,0.000000000,0.000000000,0.000000000,0.000000000
398,7959.992,1787268348966.913,169430244.210,0.000000000,0.000000000,0.000000000,0.000000000
399,7979.989,1787268348986.910,169430264.207,0.000000000,0.000000000,0.000000000,0.000000000
400,7999.998,1787268349006.918,169430284.216,0.000000000,0.000000000,0.000000000,0.000000000
401,8019.989,1787268349026.910,169430304.207,0.000000000,0.000000000,0.000000000,0.000000000
402,8040.002,1787268349046.923,169430324.221,0.000000000,0.000000000,0.000000000,0.000000000
403,8059.992,1787268349066.914,169430344.211,0.000000000,0.000000000,0.000000000,0.000000000
404,8080.001,1787268349086.922,169430364.219,0.000000000,0.000000000,0.000000000,0.000000000
405,8099.991,1787268349106.912,169430384.210,0.000000000,0.000000000,0.000000000,0.000000000
406,8120.072,1787268349126.993,169430404.290,0.000000000,0.000000000,0.000000000,0.000000000
407,8139.997,1787268349146.918,169430424.215,0.000000000,0.000000000,0.000000000,0.000000000
408,8159.996,1787268349166.917,169430444.214,0.000000000,0.000000000,0.000000000,0.000000000
409,8179.994,1787268349186.915,169430464.212,0.000000000,0.000000000,0.000000000,0.000000000
410,8200.004,1787268349206.925,169430484.223,0.000000000,0.000000000,0.000000000,0.000000000
411,8220.008,1787268349226.928,169430504.226,0.000000000,0.000000000,0.000000000,0.000000000
412,8239.993,1787268349246.914,169430524.211,0.000000000,0.000000000,0.000000000,0.000000000
413,8260.002,1787268349266.923,169430544.220,0.000000000,0.000000000,0.000000000,0.000000000
414,8279.992,1787268349286.913,169430564.211,0.000000000,0.000000000,0.000000000,0.000000000
415,8300.000,1787268349306.921,169430584.219,0.000000000,0.000000000,0.000000000,0.000000000
416,8319.991,1787268349326.912,169430604.210,0.000000000,0.000000000,0.000000000,0.000000000
417,8340.004,1787268349346.925,169430624.222,0.000000000,0.000000000,0.000000000,0.000000000
418,8360.003,1787268349366.924,169430644.222,0.000000000,0.000000000,0.000000000,0.000000000
419,8379.989,1787268349386.910,169430664.208,0.000000000,0.000000000,0.000000000,0.000000000
420,8400.099,1787268349407.020,169430684.318,0.000000000,0.000000000,0.000000000,0.000000000
421,8419.994,1787268349426.915,169430704.212,0.000000000,0.000000000,0.000000000,0.000000000
422,8439.997,1787268349446.918,169430724.215,0.000000000,0.000000000,0.000000000,0.000000000
423,8460.000,1787268349466.921,169430744.218,0.000000000,0.000000000,0.000000000,0.000000000
424,8479.998,1787268349486.919,169430764.217,0.000000000,0.000000000,0.000000000,0.000000000
425,8500.004,1787268349506.925,169430784.222,0.000000000,0.000000000,0.000000000,0.000000000
426,8519.997,1787268349526.918,169430804.216,0.000000000,0.000000000,0.000000000,0.000000000
427,8540.008,1787268349546.929,169430824.227,0.000000000,0.000000000,0.000000000,0.000000000
428,8559.993,1787268349566.914,169430844.212,0.000000000,0.000000000,0.000000000,0.000000000
429,8579.998,1787268349586.919,169430864.217,0.000000000,0.000000000,0.000000000,0.000000000
430,8599.989,1787268349606.910,169430884.207,0.000000000,0.000000000,0.000000000,0.000000000
431,8619.994,1787268349626.915,169430904.212,0.000000000,0.000000000,0.000000000,0.000000000
432,8639.999,1787268349646.920,169430924.217,0.000000000,0.000000000,0.000000000,0.000000000
433,8659.994,1787268349666.915,169430944.212,0.000000000,0.000000000,0.000000000,0.000000000
434,8680.000,1787268349686.921,169430964.218,0.000000000,0.000000000,0.000000000,0.000000000
435,8699.992,1787268349706.913,169430984.210,0.000000000,0.000000000,0.000000000,0.000000000
436,8720.015,1787268349726.936,169431004.233,0.000000000,0.000000000,0.000000000,0.000000000
437,8739.994,1787268349746.915,169431024.213,0.000000000,0.000000000,0.000000000,0.000000000
438,8759.996,1787268349766.917,169431044.214,0.000000000,0.000000000,0.000000000,0.000000000
439,8779.995,1787268349786.916,169431064.214,0.000000000,0.000000000,0.000000000,0.000000000
440,8799.993,1787268349806.914,169431084.211,0.000000000,0.000000000,0.000000000,0.000000000
441,8819.992,1787268349826.914,169431104.211,0.000000000,0.000000000,0.000000000,0.000000000
442,8839.989,1787268349846.911,169431124.208,0.000000000,0.000000000,0.000000000,0.000000000
443,8860.023,1787268349866.944,169431144.241,0.000000000,0.000000000,0.000000000,0.000000000
444,8879.994,1787268349886.915,169431164.212,0.000000000,0.000000000,0.000000000,0.000000000
445,8899.993,1787268349906.914,169431184.211,0.000000000,0.000000000,0.000000000,0.000000000
446,8919.989,1787268349926.910,169431204.207,0.000000000,0.000000000,0.000000000,0.000000000
447,8939.999,1787268349946.920,169431224.218,0.000000000,0.000000000,0.000000000,0.000000000
448,8960.001,1787268349966.922,169431244.219,0.000000000,0.000000000,0.000000000,0.000000000
449,8980.002,1787268349986.923,169431264.220,0.000000000,0.000000000,0.000000000,0.000000000
450,9000.001,1787268350006.922,169431284.220,0.000000000,0.000000000,0.000000000,0.000000000
451,9020.000,1787268350026.921,169431304.218,0.000000000,0.000000000,0.000000000,0.000000000
452,9039.997,1787268350046.917,169431324.215,0.000000000,0.000000000,0.000000000,0.000000000
453,9060.000,1787268350066.921,169431344.219,0.000000000,0.000000000,0.000000000,0.000000000
454,9080.003,1787268350086.925,169431364.222,0.000000000,0.000000000,0.000000000,0.000000000
455,9100.000,1787268350106.922,169431384.219,0.000000000,0.000000000,0.000000000,0.000000000
456,9119.993,1787268350126.914,169431404.211,0.000000000,0.000000000,0.000000000,0.000000000
457,9139.996,1787268350146.917,169431424.214,0.000000000,0.000000000,0.000000000,0.000000000
458,9160.002,1787268350166.923,169431444.220,0.000000000,0.000000000,0.000000000,0.000000000
459,9180.004,1787268350186.925,169431464.223,0.000000000,0.000000000,0.000000000,0.000000000
460,9199.992,1787268350206.914,169431484.211,0.000000000,0.000000000,0.000000000,0.000000000
461,9219.996,1787268350226.917,169431504.214,0.000000000,0.000000000,0.000000000,0.000000000
462,9239.995,1787268350246.916,169431524.213,0.000000000,0.000000000,0.000000000,0.000000000
463,9259.998,1787268350266.919,169431544.216,0.000000000,0.000000000,0.000000000,0.000000000
464,9280.001,1787268350286.922,169431564.219,0.000000000,0.000000000,0.000000000,0.000000000
465,9300.000,1787268350306.921,169431584.218,0.000000000,0.000000000,0.000000000,0.000000000
466,9319.997,1787268350326.918,169431604.216,0.000000000,0.000000000,0.000000000,0.000000000
467,9340.002,1787268350346.923,169431624.221,0.000000000,0.000000000,0.000000000,0.000000000
468,9360.002,1787268350366.923,169431644.220,0.000000000,0.000000000,0.000000000,0.000000000
469,9380.001,1787268350386.922,169431664.219,0.000000000,0.000000000,0.000000000,0.000000000
470,9400.001,1787268350406.922,169431684.219,0.000000000,0.000000000,0.000000000,0.000000000
471,9419.995,1787268350426.916,169431704.214,0.000000000,0.000000000,0.000000000,0.000000000
472,9439.995,1787268350446.916,169431724.213,0.000000000,0.000000000,0.000000000,0.000000000
473,9460.010,1787268350466.931,169431744.228,0.000000000,0.000000000,0.000000000,0.000000000
474,9479.995,1787268350486.916,169431764.213,0.000000000,0.000000000,0.000000000,0.000000000
475,9499.990,1787268350506.911,169431784.208,0.000000000,0.000000000,0.000000000,0.000000000
476,9519.991,1787268350526.912,169431804.210,0.000000000,0.000000000,0.000000000,0.000000000
477,9539.993,1787268350546.914,169431824.212,0.000000000,0.000000000,0.000000000,0.000000000
478,9559.994,1787268350566.915,169431844.212,0.000000000,0.000000000,0.000000000,0.000000000
479,9579.999,1787268350586.920,169431864.217,0.000000000,0.000000000,0.000000000,0.000000000
480,9600.001,1787268350606.922,169431884.219,0.000000000,0.000000000,0.000000000,0.000000000
481,9620.002,1787268350626.923,169431904.220,0.000000000,0.000000000,0.000000000,0.000000000
482,9639.997,1787268350646.918,169431924.215,0.000000000,0.000000000,0.000000000,0.000000000
483,9660.001,1787268350666.922,169431944.220,0.000000000,0.000000000,0.000000000,0.000000000
484,9680.000,1787268350686.921,169431964.218,0.000000000,0.000000000,0.000000000,0.000000000
485,9699.998,1787268350706.919,169431984.216,0.000000000,0.000000000,0.000000000,0.000000000
486,9719.991,1787268350726.912,169432004.210,0.000000000,0.000000000,0.000000000,0.000000000
487,9739.988,1787268350746.909,169432024.206,0.000000000,0.000000000,0.000000000,0.000000000
488,9760.017,1787268350766.938,169432044.236,0.000000000,0.000000000,0.000000000,0.000000000
489,9779.999,1787268350786.920,169432064.218,0.000000000,0.000000000,0.000000000,0.000000000
490,9800.001,1787268350806.922,169432084.220,0.000000000,0.000000000,0.000000000,0.000000000
491,9819.997,1787268350826.918,169432104.215,0.000000000,0.000000000,0.000000000,0.000000000
492,9840.003,1787268350846.924,169432124.221,0.000000000,0.000000000,0.000000000,0.000000000
493,9859.999,1787268350866.920,169432144.217,0.000000000,0.000000000,0.000000000,0.000000000
494,9880.005,1787268350886.926,169432164.223,0.000000000,0.000000000,0.000000000,0.000000000
495,9900.000,1787268350906.922,169432184.219,0.000000000,0.000000000,0.000000000,0.000000000
496,9919.990,1787268350926.911,169432204.208,0.000000000,0.000000000,0.000000000,0.000000000
497,9939.997,1787268350946.917,169432224.215,0.000000000,0.000000000,0.000000000,0.000000000
498,9960.003,1787268350966.924,169432244.221,0.000000000,0.000000000,0.000000000,0.000000000
499,9979.989,1787268350986.910,169432264.207,0.000000000,0.000000000,0.000000000,0.000000000
500,10000.007,1787268351006.928,169432284.225,0.000000000,0.000000000,0.000000000,0.000000000
501,10019.998,1787268351026.919,169432304.216,0.000000000,0.000000000,0.000000000,0.000000000
502,10039.997,1787268351046.918,169432324.216,0.000000000,0.000000000,0.000000000,0.000000000
503,10060.005,1787268351066.926,169432344.223,0.000000000,0.000000000,0.000000000,0.000000000
504,10080.020,1787268351086.941,169432364.238,0.000000000,0.000000000,0.000000000,0.000000000
505,10099.988,1787268351106.909,169432384.206,0.000000000,0.000000000,0.000000000,0.000000000
506,10119.999,1787268351126.920,169432404.217,0.000000000,0.000000000,0.000000000,0.000000000
507,10139.998,1787268351146.919,169432424.217,0.000000000,0.000000000,0.000000000,0.000000000
508,10159.994,1787268351166.915,169432444.213,0.000000000,0.000000000,0.000000000,0.000000000
509,10180.000,1787268351186.921,169432464.219,0.000000000,0.000000000,0.000000000,0.000000000
510,10200.000,1787268351206.921,169432484.218,0.000000000,0.000000000,0.000000000,0.000000000
511,10219.997,1787268351226.918,169432504.215,0.000000000,-0.000000007,0.000000025,-0.000000009
512,10239.998,1787268351246.919,169432524.216,0.000000000,-0.000000006,0.000000038,-0.000000011
513,10260.000,1787268351266.921,169432544.218,0.000000000,-0.000000007,0.000000035,-0.000000013
514,10279.998,1787268351286.919,169432564.216,0.000000000,-0.000000009,0.000000035,-0.000000010
515,10300.049,1787268351306.970,169432584.268,0.000000000,0.012111670,-0.613398254,-0.000886550
516,10320.005,1787268351326.926,169432604.223,0.000000000,-0.005185690,-0.634966910,0.003325913
517,10340.007,1787268351346.928,169432624.226,0.000000000,-0.005877355,-0.493723661,0.008699740
518,10360.007,1787268351366.928,169432644.225,0.000000000,0.017877618,-0.235508338,0.006692783
519,10379.999,1787268351386.920,169432664.217,0.000000000,0.012358295,-0.151421875,0.003231645
520,10400.004,1787268351406.925,169432684.222,0.000000000,0.001796748,-0.071318880,0.004959084
521,10419.991,1787268351426.912,169432704.210,0.000000000,0.004324119,-0.010929205,0.003395559
522,10440.003,1787268351446.924,169432724.222,0.000000000,0.000210698,0.016374195,-0.002116052
523,10459.997,1787268351466.918,169432744.216,0.000000000,0.009802314,0.063129954,0.003810444
524,10479.997,1787268351486.918,169432764.216,0.000000000,-0.000772811,0.072291352,0.002825609
525,10500.004,1787268351506.926,169432784.223,0.000000000,0.007416187,0.098860689,0.009349249
526,10519.998,1787268351526.919,169432804.216,0.000000000,0.004302879,0.121021934,-0.002016057
527,10540.006,1787268351546.927,169432824.225,0.000000000,-0.003216976,0.128688127,0.000831035
528,10559.996,1787268351566.917,169432844.214,0.000000000,0.009822614,0.152585432,0.006364015
529,10579.998,1787268351586.918,169432864.216,0.000000000,0.010762960,0.162134111,0.010159243
530,10599.996,1787268351606.917,169432884.215,0.000000000,0.010726916,0.191688582,0.003711911
531,10620.022,1787268351626.943,169432904.240,0.000000000,0.005759712,0.195624441,0.003318885
532,10639.993,1787268351646.914,169432924.212,0.000000000,0.002725669,0.209638596,0.004437661
533,10660.003,1787268351666.924,169432944.221,0.000000000,-0.000238702,0.226211861,0.002249366
534,10679.998,1787268351686.919,169432964.217,0.000000000,-0.005289659,0.239459500,0.010834227
535,10699.992,1787268351706.914,169432984.211,0.000000000,-0.005443778,0.255822837,0.007854154
536,10720.003,1787268351726.925,169433004.222,0.000000000,-0.017402673,0.265787095,-0.002674527
537,10739.992,1787268351746.913,169433024.210,0.000000000,-0.003583490,0.292512834,0.008749586
538,10759.998,1787268351766.919,169433044.216,0.000000000,0.005847648,0.303783357,0.011804449
539,10780.001,1787268351786.922,169433064.219,0.000000000,0.000172373,0.319996208,0.010685970
540,10800.013,1787268351806.934,169433084.232,0.000000000,-0.003560252,0.335844696,0.009005788
541,10819.989,1787268351826.910,169433104.208,0.000000000,-0.007619706,0.355397165,0.006310379
542,10839.990,1787268351846.911,169433124.208,0.000000000,-0.008700185,0.374303043,0.011138145
543,10859.997,1787268351866.918,169433144.215,0.000000000,0.003081820,0.388074607,0.012700561
544,10880.003,1787268351886.925,169433164.222,0.000000000,0.004003300,0.416056246,0.011047132
545,10899.999,1787268351906.920,169433184.218,0.000000000,0.001119913,0.429181486,0.008464118
546,10919.990,1787268351926.911,169433204.208,0.000000000,0.008282266,0.452185810,0.011262648
547,10939.995,1787268351946.916,169433224.213,0.000000000,0.000027566,0.477295458,0.006386457
548,10960.000,1787268351966.921,169433244.218,0.000000000,0.002352546,0.490260273,0.006652794
549,10979.995,1787268351986.916,169433264.214,0.000000000,0.004747997,0.518290639,0.008583941
550,11000.000,1787268352006.921,169433284.218,0.000000000,-0.003352539,0.531832397,0.006769825
551,11020.000,1787268352026.921,169433304.219,0.000000000,-0.020449560,0.561867356,-0.000672938
552,11039.989,1787268352046.910,169433324.207,0.000000000,-0.003634845,0.575237095,0.005862959
553,11059.999,1787268352066.920,169433344.218,0.000000000,-0.004070092,0.608928084,0.006936238
554,11080.003,1787268352086.924,169433364.221,0.000000000,0.000087519,0.628025234,0.005077344
555,11100.001,1787268352106.922,169433384.219,0.000000000,-0.007020160,0.655803144,0.004209546
556,11119.989,1787268352126.910,169433404.207,0.000000000,0.013414102,0.698317587,0.003289808
557,11139.991,1787268352146.912,169433424.210,0.000000000,0.019452756,0.711225748,0.005160213
558,11160.003,1787268352166.924,169433444.221,0.000000000,0.003266097,0.763013542,0.006651324
559,11179.997,1787268352186.918,169433464.215,0.000000000,-0.007480984,0.780529499,0.003353750
560,11200.000,1787268352206.921,169433484.219,0.000000000,0.004976748,0.822118819,0.007131715
561,11220.004,1787268352226.925,169433504.222,0.000000000,-0.000499347,0.869576037,0.005141229
562,11240.000,1787268352246.921,169433524.218,0.000000000,-0.011520570,1.714120150,-0.003986664
563,11260.002,1787268352266.923,169433544.220,0.000000000,-0.002762457,1.534561276,-0.009882179
564,11279.998,1787268352286.920,169433564.217,0.000000000,0.027041536,1.481603026,-0.004822671
565,11300.001,1787268352306.922,169433584.220,0.000000000,0.016509414,1.399670839,-0.009222985
566,11319.998,1787268352326.919,169433604.217,0.000000000,0.001700093,1.340156078,-0.008914186
567,11340.004,1787268352346.925,169433624.222,0.000000000,0.009541721,1.305685401,-0.008153285
568,11359.996,1787268352366.917,169433644.215,0.000000000,-0.002091023,1.268140435,-0.009503433
569,11380.003,1787268352386.925,169433664.222,0.000000000,0.002415013,1.262719274,-0.007217332
570,11400.001,1787268352406.922,169433684.220,0.000000000,-0.002488245,1.237997055,0.001425290
571,11419.995,1787268352426.916,169433704.213,0.000000000,0.007092924,1.236592650,-0.001827910
572,11439.999,1787268352446.920,169433724.217,0.000000000,-0.003527824,1.233873248,0.002535712
573,11459.991,1787268352466.912,169433744.209,0.000000000,0.003934646,1.255092382,0.003508066
574,11479.994,1787268352486.916,169433764.213,0.000000000,-0.000321284,1.274963260,0.007858191
575,11499.996,1787268352506.917,169433784.214,0.000000000,0.006139617,1.314945698,0.004205529
576,11519.996,1787268352526.917,169433804.214,0.000000000,0.004485825,1.324754953,0.005571192
577,11540.006,1787268352546.927,169433824.224,0.000000000,0.005793411,1.413129568,0.006575413
578,11559.991,1787268352566.912,169433844.210,0.000000000,-0.040138971,1.451703906,-0.013635991
579,11580.007,1787268352586.928,169433864.225,0.000000000,0.041160971,1.547778964,0.024806682
580,11599.993,1787268352606.914,169433884.211,0.000000000,-0.014966943,1.637450695,-0.030170711
581,11620.001,1787268352626.922,169433904.219,0.000000000,0.006538755,1.715125918,-0.005146763
582,11639.992,1787268352646.914,169433924.211,0.000000000,0.024775419,1.829680800,0.001232441
583,11661.205,1787268352668.126,169433945.424,0.000000000,-0.021561544,1.876367927,0.035645828
584,11679.993,1787268352686.915,169433964.212,0.000000000,0.010214018,2.009322882,0.005227108
585,11699.998,1787268352706.918,169433984.216,0.000000000,0.020069838,2.042841434,-0.017459946
586,11720.002,1787268352726.923,169434004.221,0.000000000,-0.016250482,2.155516386,-0.010897437
587,11740.001,1787268352746.922,169434024.219,0.000000000,-0.022292558,2.186871529,-0.005612148
588,11759.992,1787268352766.913,169434044.211,0.000000000,-0.026814006,2.254267693,-0.035300910
589,11779.998,1787268352786.919,169434064.216,0.000000000,-0.025289889,2.315262318,-0.024188492
590,11799.998,1787268352806.919,169434084.216,0.000000000,-0.027303016,2.355478764,0.016603878
591,11819.991,1787268352826.912,169434104.209,0.000000000,-0.021921244,2.464803934,-0.030238701
592,11839.994,1787268352846.915,169434124.212,0.000000000,-0.020939028,2.500384331,-0.009794438
593,11859.999,1787268352866.920,169434144.218,0.000000000,-0.011023900,2.605331182,-0.025999691
594,11880.000,1787268352886.921,169434164.218,0.000000000,-0.021443294,2.638278723,-0.002460734
595,11900.011,1787268352906.932,169434184.230,0.000000000,-0.016544543,2.750432014,-0.017339185
596,11920.009,1787268352926.930,169434204.227,0.000000000,-0.017168086,2.775077105,-0.013522181
597,11940.001,1787268352946.922,169434224.219,0.000000000,-0.004417299,2.904811382,0.001944606
598,11960.003,1787268352966.924,169434244.222,0.000000000,-0.007317210,2.950309992,-0.000730433
599,11980.000,1787268352986.921,169434264.219,0.000000000,-0.010136344,3.059233904,-0.005526634
600,11999.999,1787268353006.920,169434284.217,0.000000000,-0.011796728,3.156523943,-0.007488321
601,12019.992,1787268353026.913,169434304.210,0.000000000,-0.013057695,3.213190556,-0.001919909
602,12039.994,1787268353046.915,169434324.212,0.000000000,-0.016000502,3.332450867,-0.010933981
603,12060.005,1787268353066.926,169434344.223,0.000000000,-0.016962072,3.370069742,-0.007166300
604,12079.994,1787268353086.915,169434364.212,0.000000000,-0.017817043,3.436866045,-0.001452101
605,12099.991,1787268353106.912,169434384.209,0.000000000,-0.016611539,3.478068590,0.006728764
606,12119.998,1787268353126.919,169434404.217,0.000000000,-0.020261772,3.513643742,0.013280074
607,12140.002,1787268353146.923,169434424.221,0.000000000,-0.477742195,3.085406542,0.074524984
608,12160.005,1787268353166.926,169434444.223,0.000000000,-0.431402355,2.999866247,0.104889683
609,12180.007,1787268353186.928,169434464.226,0.000000000,-0.405959129,2.917088509,0.077146426
610,12199.990,1787268353206.911,169434484.209,0.000000000,-0.404670268,2.892395973,0.066864453
611,12219.996,1787268353226.917,169434504.215,0.000000000,-0.397940636,2.857467413,0.051930171
612,12239.995,1787268353246.916,169434524.213,0.000000000,-0.407452464,2.852596998,0.101771824
613,12259.992,1787268353266.913,169434544.210,0.000000000,-0.384734124,2.922414303,0.178021133
614,12280.002,1787268353286.923,169434564.221,0.000000000,-0.375795782,2.963244438,0.180647224
615,12300.002,1787268353306.923,169434584.220,0.000000000,-0.354844362,2.858860731,0.099619776
616,12320.001,1787268353326.922,169434604.220,0.000000000,-0.351192206,2.945052624,0.078038581
617,12340.002,1787268353346.923,169434624.220,0.000000000,0.718652368,7.557615757,-0.200462580
618,12360.006,1787268353366.927,169434644.224,0.000000000,1.105232120,6.635687828,-0.161838084
619,12380.002,1787268353386.923,169434664.221,0.000000000,0.943037689,6.075911045,0.142907023
620,12400.010,1787268353406.931,169434684.228,0.000000000,0.246368125,1.103719115,0.320311815
621,12420.005,1787268353426.927,169434704.224,0.000000000,0.147510558,1.009818554,0.296691716
622,12439.994,1787268353446.915,169434724.213,0.000000000,0.106644884,1.550979257,0.329428583
623,12460.003,1787268353466.925,169434744.222,0.000000000,0.117497876,1.559292555,0.334535927
624,12479.999,1787268353486.920,169434764.218,0.000000000,0.115201943,1.419056296,0.360123217
625,12499.998,1787268353506.920,169434784.217,0.000000000,0.122501679,1.238514543,0.376517951
626,12519.998,1787268353526.918,169434804.216,0.000000000,0.133140028,1.052357554,0.389490902
627,12539.999,1787268353546.920,169434824.217,0.000000000,0.140229985,0.685098588,0.412909061
628,12560.079,1787268353567.000,169434844.297,0.000000000,0.144706443,0.600116134,0.417819142
629,12580.004,1787268353586.925,169434864.222,0.000000000,0.156532422,0.320877135,0.433350116
630,12599.998,1787268353606.919,169434884.217,0.000000000,0.146313503,0.088866048,0.440985918
631,12619.997,1787268353626.918,169434904.215,0.000000000,0.145523652,-0.140235096,0.436133415
632,12640.004,1787268353646.926,169434924.223,0.000000000,0.108409047,-0.386451125,0.408368438
633,12660.015,1787268353666.937,169434944.234,0.000000000,0.094906561,-0.505812109,0.395661026
634,12679.990,1787268353686.911,169434964.208,0.000000000,0.073918469,-0.691601694,0.348764271
635,12700.001,1787268353706.922,169434984.219,0.000000000,0.050286662,-0.786000133,0.312782884
636,12720.000,1787268353726.921,169435004.219,0.000000000,0.020468708,-1.002042770,0.261505455
637,12739.994,1787268353746.915,169435024.212,0.000000000,-0.035958115,-1.145542502,0.149003714
638,12759.991,1787268353766.912,169435044.209,0.000000000,-0.035812628,-1.268386483,0.117047220
639,12779.998,1787268353786.919,169435064.216,0.000000000,0.025830638,-0.875763297,-0.020542670
640,12799.997,1787268353806.918,169435084.215,0.000000000,0.016806565,-1.078158975,-0.067262828
641,12820.004,1787268353826.925,169435104.223,0.000000000,-0.008921978,-1.342734694,-0.176457241
642,12839.989,1787268353846.910,169435124.208,0.000000000,-0.026267515,-1.459806442,-0.228165925
643,12859.998,1787268353866.920,169435144.217,0.000000000,-0.033467412,-1.516707778,-0.247098804
644,12879.991,1787268353886.912,169435164.209,0.000000000,-0.058165904,-1.662748218,-0.289041698
645,12899.990,1787268353906.911,169435184.209,0.000000000,0.946743488,-0.766860843,-1.898999929
646,12920.152,1787268353927.073,169435204.370,0.000000000,0.935446203,-0.880330563,-2.409514666
647,12940.003,1787268353946.924,169435224.221,0.000000000,0.065882750,0.532536089,-0.051908985
648,12960.002,1787268353966.923,169435244.220,0.000000000,0.036334187,0.262693912,0.019658312
649,12979.994,1787268353986.915,169435264.212,0.000000000,-0.022802504,-0.188499421,0.079928309
650,13000.001,1787268354006.922,169435284.219,0.000000000,-0.053194668,-0.212649435,-0.060404092
651,13019.991,1787268354026.912,169435304.210,0.000000000,-0.037459929,-0.309233665,0.006383716
652,13039.998,1787268354046.919,169435324.216,0.000000000,-0.079222709,-0.366751850,-0.010946322
653,13059.991,1787268354066.912,169435344.210,0.000000000,-0.043148287,-0.400593013,0.053235799
654,13079.993,1787268354086.915,169435364.212,0.000000000,-0.066852979,-0.414056063,0.093380742
655,13099.999,1787268354106.920,169435384.217,0.000000000,-0.096384928,-0.423173904,0.088018097
656,13119.998,1787268354126.920,169435404.217,0.000000000,-0.056248598,-0.377360046,0.050811768
657,13139.991,1787268354146.912,169435424.209,0.000000000,-0.026108826,-0.190239727,0.104886472
658,13160.000,1787268354166.921,169435444.219,0.000000000,-0.049263593,-0.160674259,0.062961683
659,13179.995,1787268354186.916,169435464.213,0.000000000,-0.082440294,-0.047533266,0.091083229
660,13200.000,1787268354206.921,169435484.219,0.000000000,-0.079812340,0.036723390,0.153541058
661,13219.994,1787268354226.915,169435504.212,0.000000000,-0.094949417,0.052994255,0.127474278
662,13239.998,1787268354246.919,169435524.216,0.000000000,-0.068458416,0.035693791,0.222023487
663,13260.000,1787268354266.921,169435544.219,0.000000000,-0.095679879,0.030666854,0.204128638
664,13279.999,1787268354286.920,169435564.218,0.000000000,-0.098239623,-0.018167643,0.180006221
665,13300.000,1787268354306.922,169435584.219,0.000000000,-0.053383458,0.018324828,0.077657677
666,13320.008,1787268354326.930,169435604.227,0.000000000,-0.066603638,0.013522361,0.039743207
667,13339.993,1787268354346.915,169435624.212,0.000000000,-0.019362714,0.007225755,0.078840271
668,13360.004,1787268354366.925,169435644.222,0.000000000,-0.050494075,-0.007383039,0.006476658
669,13379.995,1787268354386.916,169435664.214,0.000000000,-0.032687631,0.001437963,0.006068546
670,13399.992,1787268354406.913,169435684.210,0.000000000,0.028093390,0.003242951,0.009260803
671,13420.007,1787268354426.928,169435704.225,0.000000000,0.009479508,-0.015513099,0.014066308
672,13440.003,1787268354446.924,169435724.221,0.000000000,0.025947850,0.000873953,0.029739879
673,13459.999,1787268354466.920,169435744.218,0.000000000,-0.007391016,0.012993610,-0.020571740
674,13479.995,1787268354486.916,169435764.213,0.000000000,0.030655634,-0.002475425,0.027090536
675,13499.995,1787268354506.916,169435784.213,0.000000000,0.023731776,0.041564226,-0.008070025
676,13519.995,1787268354526.916,169435804.213,0.000000000,0.031667490,0.042725373,-0.000507707
677,13539.998,1787268354546.919,169435824.216,0.000000000,0.024941884,0.004742883,-0.036578700
678,13560.006,1787268354566.927,169435844.224,0.000000000,0.006033359,-0.010345835,-0.053608526
679,13579.994,1787268354586.915,169435864.212,0.000000000,0.041279566,-0.006715887,-0.043545648
680,13599.987,1787268354606.908,169435884.205,0.000000000,0.002069844,-0.010474535,0.026044259
681,13620.003,1787268354626.924,169435904.221,0.000000000,-0.009971737,0.003020897,0.005894397
682,13639.997,1787268354646.918,169435924.215,0.000000000,-0.005291272,0.004518203,-0.002406674
683,13660.003,1787268354666.924,169435944.221,0.000000000,0.032371331,-0.006449283,0.019693971
684,13680.008,1787268354686.929,169435964.226,0.000000000,-0.000447650,-0.037795618,0.007111297
685,13699.991,1787268354706.912,169435984.210,0.000000000,-0.001956832,-0.003241185,-0.005505308
686,13720.000,1787268354726.921,169436004.218,0.000000000,-0.016212640,0.000929807,-0.018523501
687,13740.000,1787268354746.922,169436024.219,0.000000000,-0.003197089,0.002256552,-0.000930089
688,13759.994,1787268354766.915,169436044.212,0.000000000,-0.005054391,0.005187187,-0.021262825
689,13779.998,1787268354786.918,169436064.216,0.000000000,0.003962914,0.024638630,-0.008733123
690,13799.993,1787268354806.914,169436084.211,0.000000000,0.028003462,0.020380139,0.011894182
691,13819.999,1787268354826.920,169436104.218,0.000000000,-0.002835449,-0.019637180,-0.032268852
692,13840.007,1787268354846.928,169436124.225,0.000000000,0.012837117,-0.000195594,-0.005691451
693,13860.003,1787268354866.924,169436144.221,0.000000000,0.013253252,-0.025693282,0.003265922
694,13879.989,1787268354886.910,169436164.207,0.000000000,0.013580983,-0.013672374,0.001883946
695,13900.019,1787268354906.941,169436184.238,0.000000000,0.033757750,0.000759690,0.033821724
696,13920.008,1787268354926.929,169436204.226,0.000000000,-0.020751582,0.010841046,-0.026478227
697,13939.999,1787268354946.920,169436224.217,0.000000000,0.024687545,0.001485489,0.025596825
698,13960.000,1787268354966.921,169436244.219,0.000000000,-0.016031902,-0.001642384,-0.018532332
699,13980.007,1787268354986.928,169436264.225,0.000000000,0.001885459,-0.009037111,-0.020434726
700,13999.992,1787268355006.914,169436284.211,0.000000000,0.000113858,0.007026242,0.000788519
701,14019.989,1787268355026.910,169436304.208,0.000000000,0.024002599,-0.000709979,0.035976253
702,14040.054,1787268355046.975,169436324.273,0.000000000,0.015888158,-0.000743809,-0.003821635
703,14059.990,1787268355066.911,169436344.209,0.000000000,0.030944003,0.009289360,0.032756325
704,14080.005,1787268355086.926,169436364.223,0.000000000,0.022600636,-0.012963285,0.036657192
705,14100.014,1787268355106.936,169436384.233,0.000000000,-0.000574610,0.007146764,-0.001903097
706,14120.004,1787268355126.925,169436404.222,0.000000000,-0.026907250,-0.000166366,-0.032559652
707,14139.995,1787268355146.916,169436424.213,0.000000000,0.006340821,-0.004608899,0.008069875
708,14160.002,1787268355166.923,169436444.220,0.000000000,-0.008574788,0.006806673,0.005577952
709,14179.996,1787268355186.917,169436464.215,0.000000000,0.003860470,-0.002821726,0.000908318
710,14200.000,1787268355206.921,169436484.219,0.000000000,0.025165668,0.001362467,0.030055247
711,14219.992,1787268355226.913,169436504.210,0.000000000,-0.028648539,0.008020642,-0.033634789
712,14240.014,1787268355246.936,169436524.233,0.000000000,0.021238223,-0.016213186,0.021754170
713,14259.998,1787268355266.919,169436544.216,0.000000000,-0.015633604,0.012374374,-0.031207306
714,14280.001,1787268355286.922,169436564.219,0.000000000,-0.045709647,-0.003164011,-0.048628233
715,14300.002,1787268355306.923,169436584.220,0.000000000,0.026872899,-0.006087172,0.020893473
716,14319.995,1787268355326.916,169436604.214,0.000000000,0.007994173,-0.020403795,-0.002247131
717,14339.994,1787268355346.915,169436624.212,0.000000000,-0.004042663,0.004827665,-0.012676781
718,14360.000,1787268355366.921,169436644.219,0.000000000,0.002505100,-0.011067650,0.012063023
719,14380.001,1787268355386.922,169436664.219,0.000000000,-0.002301216,0.013905632,0.014288170
720,14400.001,1787268355406.922,169436684.219,0.000000000,0.011958326,0.005266041,-0.008688918
721,14420.005,1787268355426.926,169436704.224,0.000000000,-0.013210696,0.005591457,0.001614916
722,14440.000,1787268355446.921,169436724.219,0.000000000,-0.021357354,0.006376869,-0.031156912
723,14460.000,1787268355466.921,169436744.219,0.000000000,0.020302281,-0.016364440,0.019562693
724,14480.012,1787268355486.933,169436764.231,0.000000000,-0.006607866,-0.008808697,-0.012703765
725,14499.995,1787268355506.916,169436784.214,0.000000000,0.020904938,0.025535161,0.022000615
726,14519.999,1787268355526.920,169436804.217,0.000000000,-0.000665890,-0.001114779,0.000810115
727,14539.993,1787268355546.914,169436824.211,0.000000000,0.001390403,-0.034177631,-0.001422162
728,14559.998,1787268355566.919,169436844.216,0.000000000,0.010672871,0.012896829,0.011328145
729,14580.003,1787268355586.924,169436864.221,0.000000000,-0.002893098,-0.006019125,0.004377242
730,14599.993,1787268355606.915,169436884.212,0.000000000,0.005586481,-0.012092901,0.003852568
731,14619.989,1787268355626.910,169436904.207,0.000000000,-0.000269377,-0.003912254,-0.000423227
732,14640.007,1787268355646.928,169436924.226,0.000000000,-0.006647768,-0.001669235,-0.006035437
733,14660.001,1787268355666.922,169436944.219,0.000000000,0.016070697,0.011155925,0.009663690
734,14679.998,1787268355686.919,169436964.217,0.000000000,-0.006877177,-0.009276761,0.002039312
735,14699.991,1787268355706.912,169436984.210,0.000000000,0.032769158,-0.009802366,0.037776891
736,14719.999,1787268355726.920,169437004.218,0.000000000,-0.009692810,0.016567778,-0.010494293
737,14740.002,1787268355746.923,169437024.220,0.000000000,0.006720182,0.006351944,0.026255243
738,14759.991,1787268355766.912,169437044.209,0.000000000,-0.005842692,0.001253943,-0.000829395
739,14780.030,1787268355786.951,169437064.248,0.000000000,0.011876768,-0.014150848,-0.003758380
740,14799.998,1787268355806.919,169437084.216,0.000000000,-0.023253769,-0.004938943,-0.022184419
741,14819.992,1787268355826.913,169437104.210,0.000000000,0.003994626,-0.002704948,0.001221327
742,14839.999,1787268355846.920,169437124.217,0.000000000,0.002611220,-0.016814725,0.016426189
743,14860.003,1787268355866.924,169437144.222,0.000000000,-0.001588640,-0.005633106,0.000672849
744,14879.999,1787268355886.920,169437164.217,0.000000000,0.022916835,-0.004935835,0.025030516
745,14899.997,1787268355906.918,169437184.215,0.000000000,-0.012491135,-0.004409488,-0.020959741
746,14920.003,1787268355926.924,169437204.221,0.000000000,-0.007357324,-0.011538533,-0.001946782
747,14940.001,1787268355946.922,169437224.219,0.000000000,0.001191316,0.004779056,0.001576339
748,14959.990,1787268355966.911,169437244.209,0.000000000,0.000816774,-0.028139263,0.010762481
749,14979.988,1787268355986.910,169437264.207,0.000000000,0.014539637,-0.034769971,0.005592000
750,14999.990,1787268356006.911,169437284.208,0.000000000,-0.012638934,-0.020351293,-0.014132678
751,15019.999,1787268356026.920,169437304.217,0.000000000,-0.009874255,-0.006155503,-0.011475786
752,15040.116,1787268356047.037,169437324.335,0.000000000,0.025882876,-0.022097297,0.024779594
753,15059.992,1787268356066.913,169437344.210,0.000000000,0.001798650,-0.000955783,0.000575661
754,15079.990,1787268356086.911,169437364.208,0.000000000,-0.003779367,-0.002156530,-0.014736838
755,15100.000,1787268356106.921,169437384.218,0.000000000,0.011142976,-0.004151905,0.011666291
756,15119.991,1787268356126.912,169437404.209,0.000000000,0.002809525,0.033740997,0.002358804
757,15140.000,1787268356146.921,169437424.218,0.000000000,-0.002066610,-0.033457864,-0.020261921
758,15160.003,1787268356166.924,169437444.221,0.000000000,0.024315840,-0.005266152,0.034846988
759,15179.998,1787268356186.919,169437464.217,0.000000000,0.014340175,0.013099344,0.023230022
760,15200.010,1787268356206.931,169437484.228,0.000000000,0.026040014,-0.000209483,0.029622106
761,15220.001,1787268356226.922,169437504.219,0.000000000,-0.003067542,-0.002353088,0.007271816
762,15239.992,1787268356246.913,169437524.210,0.000000000,0.010857028,-0.001022225,0.010945162
763,15259.990,1787268356266.911,169437544.208,0.000000000,0.008580381,-0.002742328,0.022951351
764,15280.030,1787268356286.951,169437564.248,0.000000000,-0.016027810,-0.020648235,-0.014316396
765,15299.988,1787268356306.909,169437584.207,0.000000000,-0.003804441,0.013234331,-0.002611818
766,15319.998,1787268356326.919,169437604.216,0.000000000,-0.004864292,-0.018991375,-0.006262358
767,15339.999,1787268356346.920,169437624.218,0.000000000,-0.000943190,-0.009586238,-0.000298481
768,15360.001,1787268356366.922,169437644.220,0.000000000,-0.017615929,0.016085038,-0.013122654
769,15379.999,1787268356386.920,169437664.218,0.000000000,-0.017020116,-0.003026212,-0.017386103
770,15400.002,1787268356406.923,169437684.220,0.000000000,0.007684446,-0.001151098,0.029427376
771,15420.002,1787268356426.923,169437704.220,0.000000000,-0.010015205,-0.029050943,-0.005960262
772,15439.994,1787268356446.915,169437724.213,0.000000000,0.004914825,0.000632248,0.011762850
773,15459.995,1787268356466.916,169437744.214,0.000000000,-0.001267161,-0.010330228,0.004627388
774,15479.993,1787268356486.915,169437764.212,0.000000000,-0.004698134,0.002333845,-0.008300276
775,15499.993,1787268356506.914,169437784.211,0.000000000,0.047211919,0.002511200,0.047012974
776,15519.999,1787268356526.920,169437804.217,0.000000000,-0.001888141,0.003180556,0.001736050
777,15539.989,1787268356546.910,169437824.207,0.000000000,0.001804877,-0.010378776,0.008180807
778,15559.993,1787268356566.915,169437844.212,0.000000000,-0.016731720,-0.003691303,-0.011737504
779,15579.995,1787268356586.916,169437864.213,0.000000000,-0.001335446,0.019921355,0.001737051
780,15599.992,1787268356606.913,169437884.210,0.000000000,-0.006687064,0.002394480,-0.006254122
781,15619.994,1787268356626.915,169437904.212,0.000000000,-0.006402370,-0.019287376,0.000383114
782,15639.992,1787268356646.913,169437924.210,0.000000000,0.024210418,0.022396443,0.024816543
783,15659.988,1787268356666.909,169437944.206,0.000000000,0.002571609,0.022594262,0.010031545
784,15680.003,1787268356686.924,169437964.222,0.000000000,-0.001437661,-0.000781141,-0.003328768
785,15700.001,1787268356706.922,169437984.220,0.000000000,-0.015845722,-0.014488413,-0.004139681
786,15720.004,1787268356726.925,169438004.222,0.000000000,-0.002122548,-0.003347663,0.010981911
787,15740.003,1787268356746.924,169438024.221,0.000000000,-0.007548915,0.019754216,0.001197552
788,15759.992,1787268356766.914,169438044.211,0.000000000,0.013491680,-0.002035947,0.021310255
789,15779.996,1787268356786.917,169438064.214,0.000000000,-0.002116252,-0.004981055,0.006241541
790,15799.992,1787268356806.913,169438084.210,0.000000000,0.011276018,0.011017462,0.009962459
791,15819.992,1787268356826.913,169438104.210,0.000000000,0.002895498,-0.008150179,0.019757107
792,15840.002,1787268356846.923,169438124.220,0.000000000,-0.010545476,-0.010711124,-0.005237851
793,15860.005,1787268356866.926,169438144.223,0.000000000,0.011425673,-0.011026667,0.018149057
794,15880.002,1787268356886.923,169438164.220,0.000000000,-0.003977192,0.002194331,-0.008833333
795,15899.999,1787268356906.920,169438184.217,0.000000000,-0.001540086,-0.008953032,0.007984250
796,15919.989,1787268356926.910,169438204.207,0.000000000,-0.006206337,-0.010003977,-0.006617306
797,15940.001,1787268356946.922,169438224.219,0.000000000,0.009658605,-0.003360096,0.008273126
798,15959.999,1787268356966.920,169438244.218,0.000000000,0.007638948,-0.009651658,0.011508279
799,15979.997,1787268356986.918,169438264.215,0.000000000,0.024837079,0.014303549,0.022533130
800,15999.991,1787268357006.912,169438284.209,0.000000000,-0.002536396,-0.002556006,0.010502052
801,16019.998,1787268357026.919,169438304.216,0.000000000,-0.005455231,0.003151112,-0.010767612
802,16039.989,1787268357046.910,169438324.208,0.000000000,-0.019658230,0.018131249,-0.029570801
803,16060.002,1787268357066.923,169438344.220,0.000000000,-0.019297704,-0.005813261,-0.022858832
804,16079.997,1787268357086.918,169438364.215,0.000000000,-0.008120405,-0.013356019,-0.004864576
805,16100.023,1787268357106.944,169438384.241,0.000000000,0.001595759,0.001501845,-0.002864177
806,16120.016,1787268357126.938,169438404.235,0.000000000,0.007447532,-0.001710874,0.007669906
807,16140.000,1787268357146.921,169438424.218,0.000000000,0.020227766,-0.008752248,0.028167615
808,16159.994,1787268357166.915,169438444.212,0.000000000,0.002437108,0.025819227,0.012283878
809,16180.002,1787268357186.923,169438464.220,0.000000000,0.028818896,0.018041115,0.027397148
810,16200.003,1787268357206.924,169438484.222,0.000000000,-0.013242730,-0.012460734,-0.014423315
811,16219.996,1787268357226.917,169438504.215,0.000000000,-0.002391499,0.045530505,0.002152497
812,16239.991,1787268357246.912,169438524.209,0.000000000,-0.002527326,0.017858608,0.007195104
813,16259.990,1787268357266.911,169438544.208,0.000000000,-0.004323073,0.020792428,-0.011594296
814,16279.994,1787268357286.915,169438564.213,0.000000000,-0.001884680,-0.002699854,-0.016442800
815,16299.998,1787268357306.919,169438584.217,0.000000000,0.020967722,-0.035745308,0.010866268
816,16319.994,1787268357326.915,169438604.213,0.000000000,0.006319161,-0.001028386,0.014223434
817,16339.994,1787268357346.916,169438624.213,0.000000000,-0.006358270,0.002059690,0.011829266
818,16360.006,1787268357366.927,169438644.224,0.000000000,-0.009246948,-0.004972709,-0.019171868
819,16379.990,1787268357386.911,169438664.208,0.000000000,0.011593454,0.008734356,0.014943928
820,16399.999,1787268357406.920,169438684.218,0.000000000,0.009050646,-0.005655802,0.008974770
821,16419.997,1787268357426.918,169438704.215,0.000000000,-0.020623274,0.011035427,-0.023006380
822,16439.989,1787268357446.910,169438724.207,0.000000000,0.015374390,-0.001419716,0.012597709
823,16459.988,1787268357466.909,169438744.207,0.000000000,0.021694774,-0.001653203,0.014096526
824,16479.992,1787268357486.913,169438764.210,0.000000000,-0.024546254,-0.000082259,-0.035104848
825,16499.991,1787268357506.912,169438784.209,0.000000000,-0.006803300,0.003798387,-0.015443304
826,16519.998,1787268357526.919,169438804.217,0.000000000,0.009442364,-0.000122513,0.004173448
827,16539.992,1787268357546.913,169438824.210,0.000000000,0.010069888,0.003346460,-0.000468561
828,16559.990,1787268357566.911,169438844.208,0.000000000,-0.000652801,-0.003019063,0.000102480
829,16580.001,1787268357586.922,169438864.220,0.000000000,-0.040680882,-0.000834849,-0.033338454
830,16599.996,1787268357606.917,169438884.214,0.000000000,-0.005432698,-0.002389983,-0.011571051
831,16619.997,1787268357626.918,169438904.215,0.000000000,0.007280672,0.012347601,-0.004042931
832,16639.990,1787268357646.911,169438924.209,0.000000000,0.003779392,-0.001553910,-0.005600377
833,16659.998,1787268357666.920,169438944.217,0.000000000,0.005721185,-0.020200420,0.001437164
834,16679.999,1787268357686.920,169438964.217,0.000000000,-0.014752237,-0.009404605,-0.018586213
835,16699.994,1787268357706.915,169438984.212,0.000000000,-0.003303279,0.004562430,-0.017163666
836,16719.991,1787268357726.912,169439004.209,0.000000000,-0.042143729,0.000976679,-0.059716299
837,16740.001,1787268357746.922,169439024.220,0.000000000,-0.052030563,-0.011187462,-0.052615557
838,16760.005,1787268357766.926,169439044.223,0.000000000,-0.007111762,0.000627068,0.004910083
839,16780.003,1787268357786.924,169439064.221,0.000000000,-0.012438743,-0.003836278,0.000159622
840,16799.998,1787268357806.919,169439084.217,0.000000000,-0.004486796,-0.002657484,-0.000526710
841,16819.995,1787268357826.916,169439104.213,0.000000000,0.004615760,0.005896667,0.000775561
842,16839.988,1787268357846.909,169439124.206,0.000000000,0.017858909,0.001594998,0.004070986
843,16860.001,1787268357866.922,169439144.219,0.000000000,-0.004623914,-0.006166303,-0.028998878
844,16879.993,1787268357886.915,169439164.212,0.000000000,-0.014786053,-0.000079814,-0.009831186
845,16899.986,1787268357906.907,169439184.205,0.000000000,-0.006932677,-0.005335667,0.003632046
846,16920.002,1787268357926.923,169439204.221,0.000000000,-0.001287820,-0.014994456,-0.002261976
847,16940.007,1787268357946.928,169439224.225,0.000000000,-0.006114857,-0.010192996,-0.004507566
848,16959.999,1787268357966.920,169439244.217,0.000000000,0.000533120,-0.002878172,0.005494461
849,16979.992,1787268357986.913,169439264.210,0.000000000,0.000079103,0.007393896,0.001179135
850,16999.994,1787268358006.915,169439284.212,0.000000000,-0.017029315,0.004128182,-0.014623207
851,17020.001,1787268358026.922,169439304.219,0.000000000,0.022627588,0.006900664,0.023224441
852,17039.999,1787268358046.920,169439324.217,0.000000000,-0.019483183,0.003596527,-0.017851798
853,17060.000,1787268358066.921,169439344.218,0.000000000,0.012114240,-0.004752793,0.026098335
854,17079.998,1787268358086.919,169439364.217,0.000000000,0.002868605,-0.005186415,-0.016921636
855,17099.994,1787268358106.915,169439384.213,0.000000000,-0.008897919,0.022499418,0.002269416
856,17119.991,1787268358126.912,169439404.210,0.000000000,0.043566741,-0.009043410,0.045602106
857,17140.002,1787268358146.923,169439424.221,0.000000000,0.040642966,-0.002275325,0.048469387
858,17159.993,1787268358166.914,169439444.212,0.000000000,0.001532498,-0.001922125,0.007793759
859,17179.988,1787268358186.909,169439464.207,0.000000000,-0.012912272,0.024243940,-0.013423652
860,17199.993,1787268358206.914,169439484.212,0.000000000,0.017228823,-0.003271618,0.010961138
861,17220.001,1787268358226.922,169439504.220,0.000000000,0.012774016,-0.001636471,0.012751255
862,17239.998,1787268358246.920,169439524.217,0.000000000,-0.010473912,-0.003012117,-0.004830284
863,17259.995,1787268358266.917,169439544.214,0.000000000,-0.007612563,0.004626639,0.000459436
864,17279.997,1787268358286.918,169439564.216,0.000000000,0.012372515,-0.011486212,0.007758530
865,17299.995,1787268358306.916,169439584.213,0.000000000,-0.023957811,-0.001571543,-0.014480992
866,17320.004,1787268358326.925,169439604.222,0.000000000,-0.001116702,-0.008752639,0.004921263
867,17339.992,1787268358346.913,169439624.211,0.000000000,0.027345125,-0.025867803,0.034806907
868,17359.992,1787268358366.914,169439644.211,0.000000000,-0.022477107,-0.005240954,-0.027230242
869,17379.993,1787268358386.914,169439664.211,0.000000000,-0.000288701,0.002393732,-0.001614310
870,17400.004,1787268358406.925,169439684.222,0.000000000,0.008029668,-0.006543291,0.008743923
871,17419.999,1787268358426.920,169439704.217,0.000000000,-0.015865887,-0.000565422,-0.013992355
872,17440.001,1787268358446.922,169439724.219,0.000000000,-0.016327139,-0.023263207,-0.015009145
873,17460.000,1787268358466.922,169439744.219,0.000000000,0.017439332,0.014861168,0.032259312
874,17479.999,1787268358486.920,169439764.217,0.000000000,0.009764910,-0.009184862,0.016307691
875,17499.991,1787268358506.912,169439784.209,0.000000000,0.003619199,-0.005278908,0.000790736
876,17520.001,1787268358526.922,169439804.220,0.000000000,-0.002917953,0.010972897,0.004000408
877,17539.997,1787268358546.918,169439824.215,0.000000000,0.014092620,0.005403459,-0.000848769
878,17559.991,1787268358566.912,169439844.210,0.000000000,0.001078920,0.005927722,0.031721409
879,17579.998,1787268358586.919,169439864.217,0.000000000,0.025841892,-0.000931238,0.027143879
880,17599.992,1787268358606.913,169439884.210,0.000000000,-0.006180474,0.024163919,0.006970825
881,17619.989,1787268358626.910,169439904.207,0.000000000,-0.013505009,-0.008303236,-0.015188841
882,17639.995,1787268358646.916,169439924.213,0.000000000,0.001873175,0.001684862,-0.001353287
883,17659.999,1787268358666.920,169439944.218,0.000000000,0.025705600,-0.011614195,0.032304529
884,17679.992,1787268358686.914,169439964.211,0.000000000,-0.014538600,-0.004508264,-0.020958465
885,17700.002,1787268358706.923,169439984.220,0.000000000,-0.017456612,0.004287932,-0.028262975
886,17719.999,1787268358726.920,169440004.218,0.000000000,0.014912425,-0.012675923,0.013253070
887,17739.997,1787268358746.918,169440024.215,0.000000000,0.003829291,-0.010571286,0.019475596
888,17759.988,1787268358766.909,169440044.206,0.000000000,0.008068734,-0.007815565,0.002983209
889,17780.000,1787268358786.921,169440064.219,0.000000000,0.003029728,-0.011467992,0.005425380
890,17800.001,1787268358806.922,169440084.220,0.000000000,0.004627925,0.032289263,0.004510325
891,17819.998,1787268358826.919,169440104.217,0.000000000,0.027361002,-0.005179503,0.021257056
892,17839.989,1787268358846.910,169440124.208,0.000000000,-0.003799536,0.008966050,0.004854577
893,17860.008,1787268358866.929,169440144.226,0.000000000,0.016514208,-0.003715107,0.025364162
894,17879.993,1787268358886.914,169440164.211,0.000000000,0.027824534,0.032470472,0.039033320
895,17899.991,1787268358906.912,169440184.210,0.000000000,0.013833632,0.010426451,0.006877982
896,17919.998,1787268358926.919,169440204.217,0.000000000,0.016733011,0.007696449,0.022290485
897,17939.993,1787268358946.914,169440224.211,0.000000000,0.013666141,0.005068871,0.021540301
898,17959.988,1787268358966.909,169440244.207,0.000000000,-0.017870514,-0.012271848,0.007849805
899,17980.000,1787268358986.921,169440264.218,0.000000000,-0.021329278,-0.004243387,-0.025213717
900,18000.000,1787268359006.921,169440284.219,0.000000000,-0.003318496,0.012924167,0.006419760
901,18020.000,1787268359026.921,169440304.218,0.000000000,0.012702625,-0.019055760,0.017551709
902,18039.998,1787268359046.919,169440324.217,0.000000000,0.020906731,-0.006688524,0.026881238
903,18059.993,1787268359066.914,169440344.211,0.000000000,-0.001318414,-0.000093285,-0.000067980
904,18080.002,1787268359086.923,169440364.221,0.000000000,-0.016635628,0.004992399,-0.042669736
905,18100.000,1787268359106.921,169440384.218,0.000000000,0.006008518,0.001720550,0.028670061
906,18119.997,1787268359126.918,169440404.216,0.000000000,0.015743196,-0.014127756,0.033475231
907,18140.003,1787268359146.924,169440424.221,0.000000000,0.023164460,0.000951780,0.028202441
908,18159.994,1787268359166.916,169440444.213,0.000000000,0.003137541,0.008044363,0.002092726
909,18180.002,1787268359186.923,169440464.221,0.000000000,-0.008534009,-0.000079814,-0.001390610
910,18200.000,1787268359206.921,169440484.219,0.000000000,0.000086812,-0.001766587,0.001729743
911,18220.000,1787268359226.921,169440504.219,0.000000000,0.004906311,-0.006389629,-0.007210701
912,18239.990,1787268359246.911,169440524.208,0.000000000,0.007815231,-0.001450364,0.001938654
913,18259.991,1787268359266.912,169440544.210,0.000000000,0.005182704,0.002505876,0.016838679
914,18279.989,1787268359286.910,169440564.208,0.000000000,0.009253490,0.031871382,0.006298273
915,18299.999,1787268359306.920,169440584.217,0.000000000,-0.012379998,0.000042973,0.001712702
916,18320.002,1787268359326.923,169440604.220,0.000000000,0.016226601,-0.001310996,0.040279597
917,18339.998,1787268359346.920,169440624.217,0.000000000,0.018754028,0.004654847,0.012548581
918,18359.991,1787268359366.912,169440644.209,0.000000000,0.005490954,0.027281655,0.020354910
919,18380.004,1787268359386.925,169440664.222,0.000000000,0.009952594,-0.006854578,0.034558687
920,18400.001,1787268359406.922,169440684.220,0.000000000,-0.002311229,0.020462193,0.000348502
921,18419.992,1787268359426.913,169440704.210,0.000000000,-0.016474826,0.002045692,-0.022173101
922,18439.996,1787268359446.917,169440724.214,0.000000000,-0.004944715,-0.003339946,0.003114554
923,18460.005,1787268359466.926,169440744.224,0.000000000,0.012351179,-0.006158618,0.015951701
924,18479.989,1787268359486.910,169440764.207,0.000000000,0.010739088,-0.010095397,0.012337560
925,18500.000,1787268359506.921,169440784.218,0.000000000,-0.002610294,0.000312454,-0.008074366
926,18519.999,1787268359526.920,169440804.218,0.000000000,0.009125081,-0.012985026,0.018231006
927,18539.998,1787268359546.919,169440824.216,0.000000000,0.017433912,-0.028641624,0.026822114
928,18559.998,1787268359566.919,169440844.216,0.000000000,0.000421921,0.001912162,-0.000660128
929,18579.998,1787268359586.920,169440864.217,0.000000000,-0.001103703,-0.002361593,0.026795458
930,18599.991,1787268359606.912,169440884.209,0.000000000,0.007141664,0.007331081,0.004222018
931,18619.998,1787268359626.919,169440904.217,0.000000000,0.003968728,-0.012533401,0.003493267
932,18639.998,1787268359646.920,169440924.217,0.000000000,0.023889191,-0.003831922,0.027697969
933,18660.003,1787268359666.925,169440944.222,0.000000000,-0.010307467,-0.009077728,0.007907302
934,18679.998,1787268359686.918,169440964.216,0.000000000,-0.024654154,-0.002368258,-0.039773308
935,18700.013,1787268359706.934,169440984.232,0.000000000,0.010414925,0.015927045,0.012170857
936,18719.990,1787268359726.911,169441004.208,0.000000000,0.005268175,-0.020884931,-0.008358385
937,18739.989,1787268359746.910,169441024.208,0.000000000,0.005006182,-0.005846087,-0.006750674
938,18760.001,1787268359766.922,169441044.219,0.000000000,-0.038862254,-0.000462497,-0.045704931
939,18779.996,1787268359786.917,169441064.215,0.000000000,-0.011249373,0.008765269,-0.017256295
940,18800.002,1787268359806.923,169441084.220,0.000000000,-0.006770753,0.001841351,-0.002552748
941,18819.997,1787268359826.918,169441104.215,0.000000000,0.030975189,-0.017621653,0.036645647
942,18839.999,1787268359846.920,169441124.218,0.000000000,-0.002237286,-0.006845835,0.002575260
943,18860.000,1787268359866.921,169441144.218,0.000000000,0.028630078,0.013303654,0.028712174
944,18879.991,1787268359886.912,169441164.209,0.000000000,0.009832800,0.002540163,0.013644790
945,18899.990,1787268359906.911,169441184.208,0.000000000,0.012985687,0.001161260,0.006097808
946,18919.989,1787268359926.910,169441204.208,0.000000000,0.006551629,-0.014040754,-0.005757710
947,18940.001,1787268359946.922,169441224.219,0.000000000,0.002618661,0.002817267,0.003879189
948,18960.000,1787268359966.921,169441244.219,0.000000000,0.006186479,-0.006228357,0.000963446
949,18979.998,1787268359986.919,169441264.216,0.000000000,-0.008253242,0.000169253,-0.000052228
950,18999.993,1787268360006.914,169441284.211,0.000000000,0.014835415,-0.011171513,0.008442287
951,19020.000,1787268360026.922,169441304.219,0.000000000,-0.006686833,-0.019262169,-0.011794735
952,19039.992,1787268360046.913,169441324.210,0.000000000,-0.013024354,0.001888772,-0.017014360
953,19059.997,1787268360066.918,169441344.215,0.000000000,-0.024400286,-0.008795594,-0.031388212
954,19079.989,1787268360086.910,169441364.208,0.000000000,-0.009171227,0.012717536,-0.008972201
955,19099.997,1787268360106.918,169441384.216,0.000000000,0.005888585,-0.007579131,0.005594162
956,19120.003,1787268360126.924,169441404.221,0.000000000,-0.006460306,0.026620684,-0.014073929
957,19139.999,1787268360146.920,169441424.218,0.000000000,0.006189928,-0.004820695,0.009649949
958,19159.999,1787268360166.920,169441444.217,0.000000000,-0.011189037,0.003014560,-0.013523933
959,19179.998,1787268360186.920,169441464.217,0.000000000,0.014934975,-0.015923170,0.027760997
960,19200.000,1787268360206.921,169441484.218,0.000000000,-0.006628160,0.001856356,0.001636539
961,19219.999,1787268360226.920,169441504.218,0.000000000,-0.016608853,-0.035220064,-0.013609452
962,19239.999,1787268360246.920,169441524.217,0.000000000,-0.010129774,0.033471614,-0.026347576
963,19260.001,1787268360266.922,169441544.220,0.000000000,0.011886317,-0.006568736,0.002858717
964,19279.998,1787268360286.919,169441564.217,0.000000000,-0.004661330,0.000627911,-0.016059352
965,19300.003,1787268360306.925,169441584.222,0.000000000,0.026711043,-0.006298576,0.025158759
966,19320.003,1787268360326.924,169441604.221,0.000000000,0.020649035,0.033464018,0.014567785
967,19339.993,1787268360346.914,169441624.212,0.000000000,-0.012766851,-0.014373257,-0.025021361
968,19359.991,1787268360366.912,169441644.209,0.000000000,-0.010534192,0.005089206,0.006451356
969,19380.010,1787268360386.931,169441664.228,0.000000000,0.007753257,0.016960334,0.013628084
970,19399.992,1787268360406.913,169441684.210,0.000000000,-0.018515319,0.003766513,-0.021924965
971,19419.999,1787268360426.921,169441704.218,0.000000000,-0.015469956,0.005923846,-0.031209353
972,19439.992,1787268360446.914,169441724.211,0.000000000,0.010032017,0.028455004,0.008807276
973,19460.000,1787268360466.921,169441744.219,0.000000000,0.014883469,-0.012703879,-0.000486959
974,19479.991,1787268360486.912,169441764.210,0.000000000,0.040836364,-0.025229869,0.037214618
975,19499.992,1787268360506.913,169441784.210,0.000000000,-0.014183050,-0.007716627,-0.009686293
976,19520.001,1787268360526.922,169441804.219,0.000000000,-0.011914086,-0.000113302,-0.002476619
977,19539.989,1787268360546.910,169441824.208,0.000000000,-0.003603993,0.001949793,0.003335456
978,19560.000,1787268360566.921,169441844.218,0.000000000,0.028857486,-0.003388982,0.033733793
979,19579.995,1787268360586.916,169441864.213,0.000000000,0.011869165,-0.005405813,0.017400447
980,19599.997,1787268360606.918,169441884.215,0.000000000,0.002526728,0.009551795,-0.001827004
981,19619.999,1787268360626.920,169441904.217,0.000000000,-0.001528470,-0.009140717,-0.006670405
982,19639.999,1787268360646.920,169441924.217,0.000000000,0.007951133,-0.016967943,0.004788746
983,19660.005,1787268360666.926,169441944.223,0.000000000,0.019283608,0.001857296,0.029492036
984,19679.990,1787268360686.911,169441964.208,0.000000000,-0.018366160,0.009530640,-0.020248728
985,19699.991,1787268360706.912,169441984.209,0.000000000,0.009842348,0.001536547,0.008046511
986,19720.005,1787268360726.926,169442004.224,0.000000000,0.005380542,-0.003509393,0.003231320
987,19740.005,1787268360746.926,169442024.223,0.000000000,0.006563169,0.004065298,0.012011686
988,19759.992,1787268360766.913,169442044.210,0.000000000,-0.022704696,0.000559857,-0.024407564
989,19779.993,1787268360786.915,169442064.212,0.000000000,-0.003073650,-0.004899919,0.001534057
990,19799.995,1787268360806.917,169442084.214,0.000000000,0.000192336,0.003707119,-0.007992715
991,19820.003,1787268360826.924,169442104.221,0.000000000,0.009499743,-0.013220132,0.013310126
992,19839.991,1787268360846.912,169442124.209,0.000000000,0.017504781,-0.004369360,0.005649017
993,19859.993,1787268360866.914,169442144.211,0.000000000,0.007483911,0.000705481,-0.000449480
994,19879.999,1787268360886.920,169442164.217,0.000000000,0.005648337,-0.008176641,0.008464668
995,19900.009,1787268360906.931,169442184.228,0.000000000,0.003767451,0.000591035,0.002611622
996,19920.000,1787268360926.921,169442204.218,0.000000000,-0.004283017,-0.003090343,0.007143697
997,19940.000,1787268360946.922,169442224.219,0.000000000,0.006304469,0.000031470,0.001551848
998,19959.997,1787268360966.918,169442244.215,0.000000000,-0.012360087,0.019418065,-0.007387581
999,19980.001,1787268360986.922,169442264.219,0.000000000,-0.020635186,-0.018273365,-0.019583752
1000,20000.017,1787268361006.938,169442284.235,0.000000000,-0.008758305,-0.019357760,-0.010813886
1001,20020.002,1787268361026.923,169442304.220,0.000000000,-0.001059909,0.021616030,0.006677303
1002,20040.000,1787268361046.922,169442324.219,0.000000000,0.004197836,-0.000123851,-0.000420787
1003,20060.000,1787268361066.921,169442344.219,0.000000000,0.010511639,-0.001520988,0.006021740
1004,20079.993,1787268361086.914,169442364.211,0.000000000,0.017464751,0.004435243,0.009623399
1005,20099.991,1787268361106.912,169442384.210,0.000000000,-0.023699485,-0.003644344,-0.022176016
1006,20119.990,1787268361126.911,169442404.208,0.000000000,-0.006855328,-0.013944916,0.002969763
1007,20139.998,1787268361146.919,169442424.216,0.000000000,-0.018398268,0.046264023,-0.015111778
1008,20160.002,1787268361166.923,169442444.221,0.000000000,-0.015750024,0.012386439,-0.015854379
1009,20179.998,1787268361186.919,169442464.217,0.000000000,0.032275081,0.019114267,0.043250736
1010,20200.004,1787268361206.925,169442484.223,0.000000000,-0.005682240,-0.021096744,-0.000088765
1011,20220.002,1787268361226.923,169442504.220,0.000000000,0.001753496,-0.004545646,0.006426443
1012,20239.991,1787268361246.912,169442524.210,0.000000000,0.000212293,-0.004851733,-0.007810100
1013,20259.991,1787268361266.912,169442544.210,0.000000000,-0.003546816,-0.024519296,0.009557819
1014,20279.997,1787268361286.918,169442564.215,0.000000000,0.003930358,0.002191412,0.004716029
1015,20299.992,1787268361306.914,169442584.211,0.000000000,-0.005077609,-0.012128564,-0.019332560
1016,20319.996,1787268361326.917,169442604.215,0.000000000,-0.010101872,0.001624776,-0.002630974
1017,20340.001,1787268361346.922,169442624.219,0.000000000,0.007374185,-0.034045123,-0.000951927
1018,20360.008,1787268361366.929,169442644.227,0.000000000,0.006259146,0.009891269,0.020888692
1019,20380.006,1787268361386.927,169442664.224,0.000000000,0.000514334,-0.034729697,-0.005483940
1020,20400.000,1787268361406.921,169442684.218,0.000000000,-0.007986103,0.016504185,0.006505617
1021,20420.000,1787268361426.921,169442704.218,0.000000000,0.012480575,-0.004001871,0.013958208
1022,20439.995,1787268361446.916,169442724.214,0.000000000,-0.005580320,-0.006601436,-0.010154942
1023,20459.992,1787268361466.913,169442744.210,0.000000000,-0.001976785,0.006089084,-0.006384039
1024,20480.006,1787268361486.927,169442764.224,0.000000000,0.005717054,-0.011163776,-0.009676494
1025,20499.993,1787268361506.914,169442784.211,0.000000000,0.003878663,-0.000782995,0.005458105
1026,20520.001,1787268361526.922,169442804.219,0.000000000,0.001112078,0.002209634,-0.000348449
1027,20539.994,1787268361546.915,169442824.213,0.000000000,0.017273793,-0.024540814,0.022144631
1028,20559.989,1787268361566.910,169442844.208,0.000000000,-0.001007504,-0.003910492,-0.000051643
1029,20579.995,1787268361586.917,169442864.214,0.000000000,-0.004772600,-0.007885913,-0.013406551
1030,20599.998,1787268361606.919,169442884.217,0.000000000,-0.037417118,0.007115461,-0.032902475
1031,20619.993,1787268361626.915,169442904.212,0.000000000,0.000521142,0.007072155,0.006661324
1032,20639.998,1787268361646.919,169442924.217,0.000000000,-0.014256586,-0.002340557,-0.005467293
1033,20659.993,1787268361666.914,169442944.211,0.000000000,-0.001706515,-0.014259786,0.000521926
1034,20680.001,1787268361686.922,169442964.219,0.000000000,0.009737142,0.010505768,0.004367640
1035,20700.000,1787268361706.922,169442984.219,0.000000000,-0.015702173,-0.003521853,-0.011178876
1036,20720.002,1787268361726.923,169443004.220,0.000000000,0.001551574,-0.005438727,0.000642134
1037,20740.002,1787268361746.923,169443024.220,0.000000000,-0.012350795,-0.022338010,-0.004747341
1038,20759.991,1787268361766.912,169443044.209,0.000000000,0.009654667,0.013780940,0.017973075
1039,20779.993,1787268361786.914,169443064.212,0.000000000,0.025308082,-0.014674029,0.018197639
1040,20799.990,1787268361806.911,169443084.208,0.000000000,-0.015419471,-0.005282911,-0.029477416
1041,20819.996,1787268361826.917,169443104.214,0.000000000,0.015542241,-0.006254199,0.005303257
1042,20840.002,1787268361846.923,169443124.221,0.000000000,0.022004666,0.014434049,0.030643642
1043,20860.000,1787268361866.921,169443144.219,0.000000000,0.034053184,-0.008506294,0.039540723
1044,20880.008,1787268361886.929,169443164.226,0.000000000,-0.003352682,-0.006648276,0.010963528
1045,20899.990,1787268361906.911,169443184.208,0.000000000,-0.004543058,0.017005639,0.010406443
1046,20919.998,1787268361926.919,169443204.216,0.000000000,0.009176487,0.004758410,0.013027066
1047,20940.001,1787268361946.922,169443224.220,0.000000000,-0.005379549,-0.007688221,-0.015071139
1048,20959.989,1787268361966.910,169443244.207,0.000000000,0.002062892,0.016437367,-0.000556666
1049,20979.989,1787268361986.910,169443264.207,0.000000000,0.007445164,-0.025852798,0.010361437
1050,20999.994,1787268362006.915,169443284.212,0.000000000,0.013316966,-0.003245440,0.009389314
1051,21019.989,1787268362026.910,169443304.207,0.000000000,-0.011579059,0.019676993,-0.003658703
1052,21040.003,1787268362046.924,169443324.221,0.000000000,0.004448833,-0.003571275,0.014102615
1053,21059.995,1787268362066.916,169443344.213,0.000000000,-0.019566357,-0.020500960,-0.035885196
1054,21080.001,1787268362086.922,169443364.219,0.000000000,0.013093346,-0.023479834,0.010404041
1055,21099.991,1787268362106.912,169443384.209,0.000000000,-0.034840841,-0.008352919,-0.049978923
1056,21119.993,1787268362126.914,169443404.211,0.000000000,0.014998588,-0.012233588,0.010035850
1057,21139.992,1787268362146.913,169443424.210,0.000000000,-0.013275160,-0.019724537,-0.006326965
1058,21159.989,1787268362166.910,169443444.207,0.000000000,0.012930885,-0.012128997,0.013768838
1059,21180.003,1787268362186.925,169443464.222,0.000000000,0.027640957,-0.008641642,0.021493157
1060,21199.993,1787268362206.914,169443484.211,0.000000000,-0.022850797,-0.000897629,-0.022566406
1061,21219.999,1787268362226.920,169443504.218,0.000000000,0.003388249,-0.003754472,-0.009659358
1062,21240.006,1787268362246.927,169443524.225,0.000000000,-0.009537226,-0.011972469,-0.009722976
1063,21259.997,1787268362266.918,169443544.215,0.000000000,0.018601917,-0.001080433,0.022819268
1064,21279.994,1787268362286.915,169443564.213,0.000000000,0.003668017,0.002410342,-0.002004277
1065,21299.991,1787268362306.912,169443584.209,0.000000000,0.005334936,-0.028869437,0.036045402
1066,21319.991,1787268362326.912,169443604.210,0.000000000,0.003330519,0.000775509,0.000569427
1067,21339.999,1787268362346.920,169443624.217,0.000000000,-0.035146214,-0.009605418,-0.026037196
1068,21359.997,1787268362366.918,169443644.216,0.000000000,0.019302795,0.002335206,0.005715773
1069,21380.001,1787268362386.922,169443664.220,0.000000000,-0.012409637,-0.007160908,-0.010348639
1070,21399.997,1787268362406.918,169443684.215,0.000000000,-0.001301853,-0.001880833,0.002738373
1071,21420.001,1787268362426.922,169443704.219,0.000000000,-0.026624937,0.007155194,-0.022100935
1072,21439.992,1787268362446.913,169443724.210,0.000000000,0.015432420,0.007364338,0.012532628
1073,21459.996,1787268362466.917,169443744.214,0.000000000,-0.014797167,0.009196603,-0.021397445
1074,21479.999,1787268362486.920,169443764.218,0.000000000,-0.021176647,-0.002843919,-0.014985503
1075,21499.999,1787268362506.920,169443784.217,0.000000000,-0.008520667,-0.008322563,0.005249476
1076,21520.005,1787268362526.926,169443804.223,0.000000000,0.001642733,0.018283918,0.004297827
1077,21539.998,1787268362546.919,169443824.216,0.000000000,0.021214126,0.011784228,0.016835812
1078,21559.999,1787268362566.921,169443844.218,0.000000000,-0.017269785,-0.004212639,-0.016274227
1079,21580.000,1787268362586.921,169443864.218,0.000000000,-0.009405524,-0.002272272,-0.009933783
1080,21599.988,1787268362606.909,169443884.206,0.000000000,0.002878457,-0.005758439,0.010924026
1081,21619.988,1787268362626.909,169443904.207,0.000000000,0.012965744,-0.005789871,0.013530488
1082,21639.994,1787268362646.915,169443924.212,0.000000000,0.011728666,-0.001428071,0.011362205
1083,21659.996,1787268362666.917,169443944.215,0.000000000,-0.019809719,-0.005138521,-0.027061736
1084,21679.990,1787268362686.911,169443964.208,0.000000000,-0.012931984,-0.006377376,-0.016514746
1085,21700.004,1787268362706.925,169443984.222,0.000000000,-0.003059898,0.003066965,-0.007198975
1086,21719.992,1787268362726.913,169444004.210,0.000000000,-0.007006164,-0.037188854,-0.012010383
1087,21739.992,1787268362746.913,169444024.210,0.000000000,0.001695473,-0.004488422,-0.015205583
1088,21759.996,1787268362766.917,169444044.214,0.000000000,-0.022042502,-0.016482107,-0.012462179
1089,21779.991,1787268362786.912,169444064.210,0.000000000,-0.003398631,0.005459968,-0.000613784
1090,21799.992,1787268362806.913,169444084.211,0.000000000,0.009835781,0.011087646,0.029964739
1091,21820.003,1787268362826.924,169444104.221,0.000000000,0.021544555,-0.001750247,0.008131362
1092,21839.995,1787268362846.916,169444124.213,0.000000000,0.009646691,0.003694314,0.014475141
1093,21860.000,1787268362866.921,169444144.218,0.000000000,0.007776998,-0.007984447,-0.002120391
1094,21879.998,1787268362886.919,169444164.216,0.000000000,0.004074302,-0.019202245,0.000553022
1095,21899.995,1787268362906.916,169444184.213,0.000000000,0.010115206,-0.038192697,0.008140037
1096,21919.989,1787268362926.910,169444204.207,0.000000000,-0.011288542,-0.022172458,0.000588261
1097,21940.004,1787268362946.925,169444224.222,0.000000000,-0.001089078,-0.003847729,0.016440248
1098,21959.999,1787268362966.920,169444244.218,0.000000000,0.002340842,-0.001413700,0.004931770
1099,21980.062,1787268362986.983,169444264.281,0.000000000,0.018317491,0.032408342,0.018229384
1100,21999.990,1787268363006.911,169444284.208,0.000000000,-0.016335620,0.024658691,-0.027399478
1101,22019.989,1787268363026.910,169444304.208,0.000000000,-0.016328441,0.009449163,-0.017787581
1102,22039.991,1787268363046.912,169444324.210,0.000000000,-0.020640532,-0.021656547,-0.011036238
1103,22059.997,1787268363066.918,169444344.216,0.000000000,0.008485431,-0.015309677,0.014235739
1104,22080.000,1787268363086.921,169444364.218,0.000000000,-0.004313223,-0.004566926,-0.000815498
1105,22099.991,1787268363106.912,169444384.209,0.000000000,-0.006317417,0.001297660,-0.008723017
1106,22119.990,1787268363126.911,169444404.208,0.000000000,0.000200571,-0.000507067,-0.009051392
1107,22139.992,1787268363146.914,169444424.211,0.000000000,-0.026279554,-0.013102408,-0.039007321
1108,22160.003,1787268363166.924,169444444.221,0.000000000,0.041459575,-0.004542353,0.046410061
1109,22180.001,1787268363186.922,169444464.220,0.000000000,0.013614590,0.015035699,0.029792311
1110,22200.001,1787268363206.922,169444484.219,0.000000000,0.001546919,-0.012868210,-0.000560766
1111,22219.991,1787268363226.912,169444504.209,0.000000000,0.002315599,0.007147281,0.001924726
1112,22239.989,1787268363246.910,169444524.207,0.000000000,-0.006921857,-0.000904274,-0.000757237
1113,22259.994,1787268363266.915,169444544.213,0.000000000,-0.021881791,-0.031331800,-0.010117603
1114,22280.004,1787268363286.926,169444564.223,0.000000000,-0.002642401,-0.014197169,-0.014466076
1115,22299.991,1787268363306.912,169444584.209,0.000000000,0.021843100,-0.003417265,0.030115163
1116,22319.990,1787268363326.911,169444604.208,0.000000000,-0.004822924,0.004143146,-0.021912631
1117,22339.998,1787268363346.920,169444624.217,0.000000000,-0.008419981,0.002237075,-0.003286388
1118,22359.993,1787268363366.915,169444644.212,0.000000000,0.001576217,-0.019681273,-0.005505913
1119,22380.006,1787268363386.927,169444664.225,0.000000000,-0.008421008,0.000021922,0.006382000
1120,22399.999,1787268363406.920,169444684.217,0.000000000,0.010741640,-0.011355527,0.005271298
1121,22420.001,1787268363426.922,169444704.219,0.000000000,-0.002717829,0.034027319,0.000094288
1122,22440.001,1787268363446.922,169444724.220,0.000000000,0.003035601,0.015402211,0.007773792
1123,22460.009,1787268363466.931,169444744.228,0.000000000,0.034985859,0.010906096,0.043841455
1124,22480.004,1787268363486.926,169444764.223,0.000000000,-0.010630582,-0.005240015,-0.015880235
1125,22500.002,1787268363506.923,169444784.220,0.000000000,0.010154770,0.003311522,0.013749731
1126,22519.997,1787268363526.918,169444804.216,0.000000000,0.004258370,0.013611780,0.000730296
1127,22539.999,1787268363546.920,169444824.218,0.000000000,0.025943769,-0.006424804,0.036855385
1128,22560.003,1787268363566.925,169444844.222,0.000000000,-0.005111027,0.006249158,-0.011698025
1129,22579.995,1787268363586.916,169444864.213,0.000000000,0.003173153,-0.016059045,0.006887478
1130,22599.995,1787268363606.916,169444884.213,0.000000000,0.029000528,-0.013039922,0.021839947
1131,22619.993,1787268363626.914,169444904.211,0.000000000,-0.009996362,-0.009595932,0.001842422
1132,22640.003,1787268363646.924,169444924.221,0.000000000,0.011753445,-0.002402919,0.025281282
1133,22660.001,1787268363666.922,169444944.219,0.000000000,0.016355686,-0.016871078,0.019538436
1134,22679.992,1787268363686.913,169444964.210,0.000000000,0.007468178,-0.005559178,0.004268794
1135,22700.001,1787268363706.922,169444984.220,0.000000000,0.017842267,-0.023071036,-0.007617651
1136,22719.992,1787268363726.913,169445004.211,0.000000000,0.014281656,0.003169172,0.015745593
1137,22739.990,1787268363746.911,169445024.208,0.000000000,-0.003873961,-0.002612273,-0.000581387
1138,22759.992,1787268363766.913,169445044.210,0.000000000,0.001066114,-0.004130656,0.014922148
1139,22780.000,1787268363786.921,169445064.218,0.000000000,0.008067604,0.014415780,0.004460762
1140,22799.992,1787268363806.913,169445084.210,0.000000000,0.020859007,-0.008482098,0.016523743
1141,22820.002,1787268363826.923,169445104.220,0.000000000,0.007467611,-0.027411474,0.016570870
1142,22839.996,1787268363846.917,169445124.215,0.000000000,0.011556989,0.003886663,0.018292481
1143,22859.990,1787268363866.911,169445144.208,0.000000000,0.002844208,0.003725883,0.008785727
1144,22879.992,1787268363886.913,169445164.211,0.000000000,0.013357094,-0.002788800,0.003330515
1145,22900.001,1787268363906.922,169445184.219,0.000000000,-0.021293953,-0.007303826,-0.027794890
1146,22920.022,1787268363926.943,169445204.241,0.000000000,0.014306698,-0.006147176,0.000741176
1147,22939.989,1787268363946.911,169445224.208,0.000000000,0.006177361,0.004460195,-0.000239211
1148,22959.993,1787268363966.915,169445244.212,0.000000000,-0.004365666,-0.041613176,-0.004454209
1149,22980.000,1787268363986.921,169445264.218,0.000000000,0.001661671,-0.000959125,-0.005480443
1150,22999.994,1787268364006.915,169445284.212,0.000000000,0.003671890,-0.011052299,0.031224905
1151,23019.996,1787268364026.917,169445304.214,0.000000000,-0.002920592,-0.019975370,-0.010440349
1152,23040.004,1787268364046.925,169445324.222,0.000000000,-0.003985445,-0.003464871,-0.003134168
1153,23060.002,1787268364066.923,169445344.220,0.000000000,0.005702264,0.006973118,0.003248344
1154,23079.998,1787268364086.919,169445364.217,0.000000000,-0.005522595,0.007646397,-0.008920304
1155,23100.006,1787268364106.927,169445384.224,0.000000000,0.001989656,-0.000568767,-0.002299623
1156,23120.009,1787268364126.930,169445404.228,0.000000000,-0.020307243,-0.002079690,-0.004775257
1157,23140.002,1787268364146.923,169445424.220,0.000000000,-0.002243894,0.011578334,0.014355717
1158,23160.005,1787268364166.926,169445444.223,0.000000000,-0.002746356,0.001568967,-0.005804646
1159,23180.017,1787268364186.938,169445464.235,0.000000000,-0.009113217,-0.005962313,-0.011407021
1160,23200.001,1787268364206.922,169445484.219,0.000000000,-0.002101076,-0.021581545,0.012333631
1161,23220.001,1787268364226.922,169445504.219,0.000000000,-0.003805816,-0.004469546,0.005828461
1162,23239.991,1787268364246.912,169445524.209,0.000000000,-0.004928212,0.018099820,-0.012845675
1163,23259.989,1787268364266.910,169445544.208,0.000000000,-0.005335738,0.007965853,-0.011919009
1164,23279.991,1787268364286.912,169445564.210,0.000000000,0.012874578,-0.003337687,0.013827870
1165,23300.002,1787268364306.923,169445584.220,0.000000000,0.008746023,-0.006930118,-0.001515852
1166,23319.999,1787268364326.920,169445604.217,0.000000000,0.015672427,-0.013639983,0.002921498
1167,23339.990,1787268364346.911,169445624.209,0.000000000,-0.012246962,-0.023954717,-0.007150768
1168,23359.999,1787268364366.920,169445644.217,0.000000000,-0.000828651,0.015415994,-0.001892979
1169,23379.990,1787268364386.911,169445664.208,0.000000000,0.003363423,0.003748963,0.008757995
1170,23399.991,1787268364406.912,169445684.209,0.000000000,-0.014287330,0.004654521,-0.013506310
1171,23419.988,1787268364426.909,169445704.206,0.000000000,0.003011651,0.003935440,0.001180623
1172,23440.001,1787268364446.922,169445724.220,0.000000000,-0.000525245,-0.001326439,-0.002346881
1173,23460.004,1787268364466.925,169445744.222,0.000000000,0.005577677,0.001166197,-0.002157005
1174,23479.997,1787268364486.918,169445764.215,0.000000000,-0.005751266,-0.008329201,0.003653311
1175,23499.993,1787268364506.914,169445784.211,0.000000000,0.053896740,-0.012861930,0.063025147
1176,23520.004,1787268364526.925,169445804.222,0.000000000,-0.000384406,-0.017681642,0.006113909
1177,23540.000,1787268364546.922,169445824.219,0.000000000,0.006505015,0.006139821,-0.004735031
1178,23560.000,1787268364566.921,169445844.218,0.000000000,0.002986643,0.009771314,0.011842761
1179,23579.989,1787268364586.910,169445864.207,0.000000000,-0.001095340,0.004317200,-0.007746975
1180,23599.989,1787268364606.911,169445884.208,0.000000000,-0.011513942,-0.012999875,-0.002181079
1181,23619.998,1787268364626.918,169445904.216,0.000000000,-0.003861179,-0.002533555,-0.006815308
1182,23639.988,1787268364646.909,169445924.206,0.000000000,0.007546075,0.004674551,0.012595268
1183,23659.994,1787268364666.916,169445944.213,0.000000000,-0.018558273,0.004048941,-0.025678042
1184,23679.998,1787268364686.919,169445964.216,0.000000000,0.017162101,0.011954592,0.020021332
1185,23699.989,1787268364706.910,169445984.208,0.000000000,-0.022952465,-0.009580060,-0.024263723
1186,23720.002,1787268364726.923,169446004.220,0.000000000,0.022554828,0.002701627,0.016055394
1187,23740.002,1787268364746.923,169446024.220,0.000000000,-0.002425665,-0.016163796,0.001234171
1188,23759.996,1787268364766.917,169446044.215,0.000000000,-0.041732773,-0.011335025,-0.058406685
1189,23779.997,1787268364786.917,169446064.215,0.000000000,-0.005994726,-0.018390629,0.010704546
1190,23799.990,1787268364806.911,169446084.208,0.000000000,0.020600315,-0.007368007,0.036174849
1191,23819.993,1787268364826.915,169446104.212,0.000000000,-0.004704575,-0.014484844,0.006982033
1192,23839.992,1787268364846.913,169446124.210,0.000000000,-0.012949537,-0.016299032,-0.006036804
1193,23860.007,1787268364866.927,169446144.225,0.000000000,0.002216659,0.012790750,0.020173470
1194,23879.994,1787268364886.915,169446164.212,0.000000000,0.019591551,0.024680085,0.013131851
1195,23899.994,1787268364906.916,169446184.213,0.000000000,0.003018309,-0.008165057,0.005528331
1196,23919.993,1787268364926.914,169446204.211,0.000000000,-0.022847356,0.025697315,-0.038419262
1197,23939.992,1787268364946.913,169446224.210,0.000000000,0.013843859,-0.006266720,0.008735274
1198,23960.004,1787268364966.925,169446244.222,0.000000000,0.017932078,0.001536486,0.026108546
1199,23980.003,1787268364986.924,169446264.221,0.000000000,-0.015546732,-0.017416812,-0.035058912
1200,23999.995,1787268365006.916,169446284.213,0.000000000,0.005200911,0.023177724,0.003097361
1201,24019.995,1787268365026.916,169446304.214,0.000000000,0.003121134,-0.017570797,-0.005291122
1202,24040.015,1787268365046.936,169446324.234,0.000000000,-0.000282448,-0.002232977,0.006911491
1203,24059.991,1787268365066.912,169446344.209,0.000000000,-0.003150515,0.000008374,-0.006877904
1204,24080.001,1787268365086.922,169446364.219,0.000000000,-0.014197283,0.001073570,-0.014680525
1205,24099.993,1787268365106.914,169446384.211,0.000000000,-0.019862179,-0.004760840,-0.026902186
1206,24119.998,1787268365126.919,169446404.216,0.000000000,0.003094689,0.001248884,0.002499939
1207,24139.992,1787268365146.913,169446424.210,0.000000000,-0.011806213,-0.014468909,-0.003225865
1208,24160.010,1787268365166.931,169446444.229,0.000000000,0.005480318,-0.011876822,-0.008686408
1209,24180.003,1787268365186.924,169446464.221,0.000000000,0.004817870,-0.009147967,-0.007156192
1210,24200.003,1787268365206.925,169446484.222,0.000000000,0.003173917,-0.004871993,-0.006135938
1211,24220.000,1787268365226.921,169446504.218,0.000000000,-0.001088685,-0.003342976,0.002190296
1212,24240.005,1787268365246.926,169446524.224,0.000000000,0.007955502,-0.002609537,0.019562477
1213,24259.997,1787268365266.918,169446544.216,0.000000000,-0.004128368,-0.007199699,0.009040321
1214,24279.993,1787268365286.914,169446564.211,0.000000000,0.000984439,-0.002523276,0.006593230
1215,24300.001,1787268365306.922,169446584.220,0.000000000,0.015233048,0.006160035,0.013439824
1216,24320.003,1787268365326.924,169446604.221,0.000000000,-0.019973213,0.014556497,-0.003164459
1217,24340.005,1787268365346.926,169446624.223,0.000000000,-0.005651589,-0.022921525,-0.009332833
1218,24359.999,1787268365366.920,169446644.217,0.000000000,-0.007222620,0.014997276,-0.025628479
1219,24380.002,1787268365386.923,169446664.221,0.000000000,0.011362303,-0.001654572,0.003220633
1220,24399.989,1787268365406.910,169446684.207,0.000000000,0.001556008,-0.017775940,-0.007237222
1221,24419.998,1787268365426.919,169446704.216,0.000000000,0.007269136,-0.010170165,-0.015214037
1222,24439.994,1787268365446.915,169446724.213,0.000000000,-0.013838880,-0.006983181,-0.025689991
1223,24459.993,1787268365466.914,169446744.211,0.000000000,-0.000885059,-0.002431517,0.004764443
1224,24479.999,1787268365486.920,169446764.217,0.000000000,-0.040422216,-0.016807435,-0.021396030
1225,24500.002,1787268365506.923,169446784.220,0.000000000,-0.013509216,-0.001090292,-0.012078819
1226,24519.997,1787268365526.918,169446804.216,0.000000000,0.009682647,-0.008455646,0.008898395
1227,24540.005,1787268365546.926,169446824.223,0.000000000,0.008694985,0.000895669,0.007738027
1228,24560.005,1787268365566.926,169446844.223,0.000000000,0.024116553,-0.022673465,0.022612037
1229,24579.999,1787268365586.920,169446864.218,0.000000000,-0.005185438,-0.006217998,-0.020112434
1230,24600.000,1787268365606.921,169446884.219,0.000000000,-0.038296260,0.001494847,-0.025282718
1231,24620.003,1787268365626.924,169446904.221,0.000000000,-0.015017949,-0.004024732,-0.030135507
1232,24639.995,1787268365646.916,169446924.213,0.000000000,-0.002210554,0.021047473,-0.008848919
1233,24660.000,1787268365666.921,169446944.219,0.000000000,0.008374035,-0.010232514,0.019745655
1234,24680.000,1787268365686.922,169446964.219,0.000000000,-0.000860999,0.000804846,-0.003013666
1235,24699.995,1787268365706.916,169446984.214,0.000000000,-0.023800556,-0.006606588,-0.026511727
1236,24720.006,1787268365726.927,169447004.225,0.000000000,-0.020216476,-0.016432773,-0.024074778
1237,24739.995,1787268365746.916,169447024.213,0.000000000,-0.005699458,0.011664611,0.006207277
1238,24760.007,1787268365766.928,169447044.225,0.000000000,-0.002766840,-0.000121070,-0.001352846
1239,24779.993,1787268365786.914,169447064.212,0.000000000,-0.015493710,0.007344918,-0.010021410
1240,24799.991,1787268365806.912,169447084.209,0.000000000,0.010325596,0.003653266,0.000095671
1241,24820.001,1787268365826.922,169447104.219,0.000000000,0.015394879,0.000291518,0.023459287
1242,24840.004,1787268365846.925,169447124.222,0.000000000,0.021744885,0.002454396,0.017006829
1243,24860.001,1787268365866.922,169447144.220,0.000000000,0.030634010,-0.007338768,0.026079033
1244,24879.994,1787268365886.915,169447164.212,0.000000000,0.009148902,-0.000771579,-0.005849295
1245,24899.998,1787268365906.919,169447184.216,0.000000000,0.007575146,0.000512033,-0.008325637
1246,24919.993,1787268365926.914,169447204.211,0.000000000,-0.000141715,-0.027341902,0.006848642
1247,24939.990,1787268365946.911,169447224.209,0.000000000,-0.017445665,0.016773555,-0.018877240
1248,24959.989,1787268365966.910,169447244.208,0.000000000,0.003491979,0.013256794,-0.006910077
1249,24980.002,1787268365986.923,169447264.220,0.000000000,-0.010319818,-0.001340827,-0.018518366
1250,25000.000,1787268366006.921,169447284.218,0.000000000,-0.025720125,-0.002645721,-0.019219292
1251,25019.997,1787268366026.918,169447304.215,0.000000000,0.002464944,-0.008085092,0.001123311
1252,25039.990,1787268366046.911,169447324.209,0.000000000,0.027934194,0.038595773,0.024191054
1253,25059.992,1787268366066.913,169447344.210,0.000000000,-0.016976502,-0.006382838,-0.031937394
1254,25080.068,1787268366086.989,169447364.286,0.000000000,-0.027403288,0.000749397,-0.021123646
1255,25099.992,1787268366106.913,169447384.210,0.000000000,0.005764713,-0.008826613,0.003407684
1256,25120.003,1787268366126.924,169447404.221,0.000000000,0.014780859,-0.005405356,0.024047125
1257,25140.001,1787268366146.922,169447424.220,0.000000000,-0.001642755,-0.000896639,0.001004670
1258,25159.997,1787268366166.918,169447444.216,0.000000000,-0.017452253,-0.018868597,-0.010355763
1259,25179.999,1787268366186.920,169447464.217,0.000000000,0.001136048,-0.000590731,0.012128373
1260,25199.991,1787268366206.912,169447484.209,0.000000000,-0.034462590,-0.004150205,-0.055847563
1261,25219.994,1787268366226.915,169447504.212,0.000000000,0.012296929,-0.004306690,0.010887773
1262,25240.043,1787268366246.964,169447524.261,0.000000000,-0.003719412,0.008767814,-0.015945850
1263,25260.002,1787268366266.923,169447544.220,0.000000000,-0.003874070,-0.005156027,-0.001350882
1264,25279.991,1787268366286.912,169447564.209,0.000000000,0.003115735,-0.013704031,0.000353064
1265,25300.000,1787268366306.921,169447584.219,0.000000000,-0.000861351,-0.003244970,0.005406434
1266,25320.000,1787268366326.922,169447604.219,0.000000000,-0.012751649,-0.001469635,-0.007603791
1267,25339.992,1787268366346.913,169447624.210,0.000000000,0.006272992,-0.014929011,0.004258420
1268,25359.991,1787268366366.912,169447644.210,0.000000000,-0.023260901,0.021989735,-0.015608482
1269,25379.988,1787268366386.909,169447664.207,0.000000000,0.004368303,0.004045840,0.000109136
1270,25399.990,1787268366406.911,169447684.208,0.000000000,-0.023364473,-0.015211198,-0.003968390
1271,25420.005,1787268366426.926,169447704.223,0.000000000,0.005643986,-0.006516950,0.005652072
1272,25440.002,1787268366446.923,169447724.221,0.000000000,-0.006946844,-0.006826648,-0.007917235
1273,25460.003,1787268366466.924,169447744.221,0.000000000,-0.013346589,-0.031608872,-0.015796771
1274,25479.993,1787268366486.915,169447764.212,0.000000000,0.026081385,-0.009452300,0.038858805
1275,25499.989,1787268366506.910,169447784.208,0.000000000,0.013056855,0.021897316,0.006017515
1276,25519.995,1787268366526.916,169447804.213,0.000000000,0.003442331,0.017995255,-0.003926273
1277,25539.991,1787268366546.912,169447824.209,0.000000000,-0.008115712,0.000879793,-0.017817296
1278,25559.995,1787268366566.916,169447844.214,0.000000000,-0.014167404,0.002468447,-0.012379986
1279,25580.001,1787268366586.922,169447864.220,0.000000000,-0.010479377,0.003989272,-0.014067904
1280,25600.002,1787268366606.923,169447884.220,0.000000000,0.002013937,0.000917282,-0.000463878
1281,25620.000,1787268366626.921,169447904.218,0.000000000,0.012533385,-0.002899691,0.022169381
1282,25639.990,1787268366646.911,169447924.209,0.000000000,0.005075064,-0.000305555,-0.001456916
1283,25659.999,1787268366666.920,169447944.218,0.000000000,0.001253089,0.024667555,0.004848235
1284,25679.987,1787268366686.908,169447964.205,0.000000000,0.007788960,-0.004916399,-0.002432838
1285,25700.005,1787268366706.926,169447984.224,0.000000000,-0.003967326,-0.001596043,0.010785883
1286,25719.994,1787268366726.915,169448004.213,0.000000000,0.010122074,-0.009836378,0.001643255
1287,25740.002,1787268366746.923,169448024.221,0.000000000,0.005162125,-0.006110928,-0.001308675
1288,25759.999,1787268366766.920,169448044.218,0.000000000,-0.006582106,-0.000936071,0.003365893
1289,25780.001,1787268366786.922,169448064.220,0.000000000,0.049863603,-0.002421848,0.051177233
1290,25799.993,1787268366806.915,169448084.212,0.000000000,0.002952160,-0.008726820,0.008522306
1291,25820.004,1787268366826.925,169448104.222,0.000000000,-0.014809085,-0.003523479,-0.026091572
1292,25840.005,1787268366846.926,169448124.223,0.000000000,-0.001239120,-0.009515384,0.013051599
1293,25860.004,1787268366866.926,169448144.223,0.000000000,-0.013096118,-0.003042981,0.000963810
1294,25879.989,1787268366886.910,169448164.208,0.000000000,-0.016852017,0.005364102,-0.029491976
1295,25900.000,1787268366906.921,169448184.218,0.000000000,-0.004054866,0.004703579,-0.000929845
1296,25919.992,1787268366926.913,169448204.210,0.000000000,0.008452225,0.005679745,0.011947734
1297,25940.002,1787268366946.923,169448224.221,0.000000000,-0.006640617,-0.013618405,-0.000003885
1298,25960.002,1787268366966.923,169448244.221,0.000000000,-0.003007070,-0.002149293,0.000834384
1299,25979.991,1787268366986.912,169448264.210,0.000000000,-0.007606617,0.000297885,-0.005762744
1300,25999.992,1787268367006.913,169448284.210,0.000000000,-0.009257395,-0.006079772,-0.013613754
1301,26020.028,1787268367026.949,169448304.246,0.000000000,0.006077368,0.005400370,0.002764636
1302,26040.001,1787268367046.922,169448324.220,0.000000000,-0.005404132,-0.023321709,-0.019658890
1303,26060.017,1787268367066.938,169448344.235,0.000000000,-0.020976325,0.003596370,-0.024817301
1304,26079.993,1787268367086.914,169448364.212,0.000000000,0.049588017,0.003063368,0.036463819
1305,26099.998,1787268367106.919,169448384.216,0.000000000,0.003689953,-0.017932246,0.003003519
1306,26119.989,1787268367126.910,169448404.207,0.000000000,-0.018491596,0.026305988,-0.021405293
1307,26139.989,1787268367146.910,169448424.207,0.000000000,0.000968788,-0.043169841,0.015901126
1308,26159.989,1787268367166.910,169448444.207,0.000000000,-0.004537468,-0.001312902,0.001153708
1309,26179.991,1787268367186.912,169448464.209,0.000000000,-0.002312890,0.007296371,0.002089468
1310,26199.989,1787268367206.910,169448484.207,0.000000000,-0.016510343,0.004446833,-0.012868507
1311,26219.989,1787268367226.910,169448504.207,0.000000000,0.010282262,0.003986183,0.001517605
1312,26239.991,1787268367246.912,169448524.210,0.000000000,0.017676093,-0.002200276,0.016205695
1313,26260.003,1787268367266.924,169448544.221,0.000000000,-0.005639265,-0.004513470,0.012941355
1314,26279.999,1787268367286.920,169448564.218,0.000000000,0.049189314,-0.003383546,0.034530062
1315,26300.003,1787268367306.924,169448584.221,0.000000000,0.004826041,-0.000427641,0.001153014
1316,26319.993,1787268367326.914,169448604.211,0.000000000,-0.011026752,-0.014315106,-0.015066203
1317,26339.990,1787268367346.911,169448624.208,0.000000000,-0.009727251,0.002798391,-0.003987984
1318,26359.991,1787268367366.912,169448644.210,0.000000000,0.019305561,-0.032145057,0.026318617
1319,26379.991,1787268367386.912,169448664.209,0.000000000,0.010821416,-0.002027770,-0.009368211
1320,26400.050,1787268367406.971,169448684.268,0.000000000,-0.019397102,-0.019388935,-0.017510943
1321,26420.001,1787268367426.922,169448704.219,0.000000000,-0.006999434,0.036308318,0.006145276
1322,26440.002,1787268367446.923,169448724.221,0.000000000,0.008124027,-0.035461087,0.027413625
1323,26459.992,1787268367466.913,169448744.210,0.000000000,0.004363708,-0.001419893,0.005695248
1324,26479.993,1787268367486.914,169448764.211,0.000000000,0.044236276,-0.001388167,0.048580315
1325,26499.990,1787268367506.911,169448784.208,0.000000000,-0.016929541,-0.003104959,-0.012441348
1326,26519.997,1787268367526.918,169448804.215,0.000000000,-0.006856905,-0.003233219,0.011332250
1327,26539.992,1787268367546.913,169448824.210,0.000000000,-0.001068538,0.003203514,0.002526687
1328,26559.993,1787268367566.915,169448844.212,0.000000000,-0.001447123,0.002375307,0.004159628
1329,26580.003,1787268367586.924,169448864.221,0.000000000,0.005384319,-0.001085757,0.006212339
1330,26599.990,1787268367606.911,169448884.208,0.000000000,-0.001298944,-0.000991479,0.004318634
1331,26619.990,1787268367626.911,169448904.208,0.000000000,0.013848677,0.000701990,0.004728058
1332,26640.002,1787268367646.923,169448924.220,0.000000000,-0.021112474,-0.026635125,-0.021694558
1333,26660.008,1787268367666.929,169448944.226,0.000000000,-0.006293696,-0.012239927,0.001787450
1334,26679.996,1787268367686.917,169448964.214,0.000000000,-0.011346630,0.008177863,-0.003304547
1335,26699.999,1787268367706.920,169448984.218,0.000000000,0.036604714,0.000244274,0.057180248
1336,26719.991,1787268367726.912,169449004.209,0.000000000,-0.014152290,-0.010581914,-0.019793591
1337,26740.003,1787268367746.924,169449024.221,0.000000000,0.008275805,0.002970830,0.007609460
1338,26760.002,1787268367766.923,169449044.221,0.000000000,0.001104543,0.005352769,0.003894399
1339,26780.002,1787268367786.923,169449064.221,0.000000000,-0.016035169,-0.014835176,-0.016268352
1340,26800.001,1787268367806.922,169449084.219,0.000000000,0.009553206,-0.005953843,0.004023166
1341,26819.999,1787268367826.921,169449104.218,0.000000000,0.000266742,-0.001765418,0.000870103
1342,26839.990,1787268367846.911,169449124.208,0.000000000,0.009978726,-0.010638024,0.021915773
1343,26859.989,1787268367866.910,169449144.207,0.000000000,-0.003934392,-0.004117716,0.003556963
1344,26879.989,1787268367886.910,169449164.208,0.000000000,0.006929908,-0.000090594,0.005294623
1345,26899.992,1787268367906.914,169449184.211,0.000000000,0.001437830,-0.002157052,-0.005705918
1346,26919.999,1787268367926.920,169449204.218,0.000000000,-0.001977518,-0.026119730,-0.011022883
1347,26939.998,1787268367946.918,169449224.216,0.000000000,0.000255198,-0.001586547,0.002560476
1348,26959.989,1787268367966.911,169449244.208,0.000000000,0.019952815,-0.029504495,0.042497411
1349,26979.991,1787268367986.912,169449264.209,0.000000000,0.012843722,-0.003843560,0.009541128
1350,26999.998,1787268368006.919,169449284.216,0.000000000,0.003565463,-0.002737275,0.017004587
1351,27019.991,1787268368026.912,169449304.209,0.000000000,-0.015670333,-0.008696483,-0.001299069
1352,27040.004,1787268368046.925,169449324.222,0.000000000,-0.056555279,-0.005688014,-0.055180546
1353,27059.998,1787268368066.919,169449344.216,0.000000000,-0.006823414,-0.003053134,0.005973445
1354,27080.005,1787268368086.926,169449364.223,0.000000000,0.008974697,0.006400594,0.020181170
1355,27099.999,1787268368106.920,169449384.217,0.000000000,0.013984997,-0.003292659,0.032316841
1356,27119.994,1787268368126.915,169449404.212,0.000000000,0.010978540,-0.009709778,-0.010675774
1357,27139.990,1787268368146.911,169449424.208,0.000000000,0.012566407,-0.016934332,0.011737499
1358,27160.001,1787268368166.922,169449444.219,0.000000000,-0.007056871,0.001578218,-0.003855167
1359,27179.993,1787268368186.914,169449464.211,0.000000000,-0.002441227,0.000821688,-0.000836127
1360,27200.000,1787268368206.921,169449484.219,0.000000000,-0.005881009,-0.006167995,-0.016517567
1361,27219.991,1787268368226.912,169449504.209,0.000000000,0.007800192,0.045399237,0.023922704
1362,27240.003,1787268368246.924,169449524.222,0.000000000,-0.003791027,-0.002966200,-0.012578393
1363,27260.000,1787268368266.921,169449544.219,0.000000000,0.001183851,-0.006462277,-0.003889575
1364,27280.002,1787268368286.923,169449564.220,0.000000000,-0.007384606,0.001851509,-0.007223328
1365,27300.001,1787268368306.922,169449584.219,0.000000000,-0.007807914,-0.010215654,-0.014768919
1366,27319.993,1787268368326.915,169449604.212,0.000000000,0.011032787,0.005430418,0.006238419
1367,27340.004,1787268368346.926,169449624.223,0.000000000,0.009217331,-0.016560426,0.006792224
1368,27360.004,1787268368366.925,169449644.222,0.000000000,0.017514249,-0.007806788,0.017641596
1369,27380.000,1787268368386.921,169449664.218,0.000000000,0.012839101,-0.000231318,0.019002754
1370,27399.996,1787268368406.917,169449684.214,0.000000000,0.004880818,0.002463506,0.004044608
1371,27420.000,1787268368426.921,169449704.218,0.000000000,-0.012771972,0.004818486,-0.027704362
1372,27439.988,1787268368446.909,169449724.206,0.000000000,0.013917343,-0.010457329,0.003122939
1373,27460.005,1787268368466.926,169449744.223,0.000000000,-0.001759766,-0.005750728,-0.000345234
1374,27479.991,1787268368486.912,169449764.209,0.000000000,0.019741490,0.007850135,0.043065097
1375,27499.988,1787268368506.910,169449784.207,0.000000000,0.008644681,-0.025633769,0.008223093
1376,27519.987,1787268368526.908,169449804.205,0.000000000,-0.023960985,0.003573163,-0.008274497
1377,27540.003,1787268368546.924,169449824.221,0.000000000,0.014733762,-0.004021295,0.013272617
1378,27559.998,1787268368566.919,169449844.217,0.000000000,0.011996659,0.011502196,-0.000501929
1379,27579.990,1787268368586.911,169449864.208,0.000000000,-0.008758615,-0.004589130,-0.001614357
1380,27600.001,1787268368606.922,169449884.219,0.000000000,-0.013558507,-0.000855162,-0.000883820
1381,27619.999,1787268368626.920,169449904.218,0.000000000,-0.010741494,0.015542649,0.006182241
1382,27639.991,1787268368646.912,169449924.209,0.000000000,0.011450110,-0.001845433,-0.013238274
1383,27660.001,1787268368666.922,169449944.220,0.000000000,0.013500085,0.008930434,0.010964757
1384,27679.990,1787268368686.911,169449964.209,0.000000000,0.006821252,0.015112499,-0.001901999
1385,27699.987,1787268368706.908,169449984.206,0.000000000,0.013875590,-0.006156009,0.018087041
1386,27719.987,1787268368726.908,169450004.206,0.000000000,-0.005514861,0.009105394,0.002957967
1387,27740.001,1787268368746.922,169450024.219,0.000000000,0.013465398,-0.016748549,0.020899849
1388,27759.994,1787268368766.916,169450044.213,0.000000000,-0.012057533,-0.023571482,-0.008890120
1389,27779.990,1787268368786.911,169450064.208,0.000000000,-0.007023705,0.000820430,-0.004951373
1390,27799.990,1787268368806.911,169450084.209,0.000000000,0.003864616,-0.006365981,-0.000014148
1391,27819.994,1787268368826.915,169450104.212,0.000000000,0.022431361,-0.024468020,0.021760566
1392,27839.995,1787268368846.917,169450124.214,0.000000000,0.002920772,-0.036149934,0.013160240
1393,27859.992,1787268368866.913,169450144.210,0.000000000,0.010091790,0.003296023,0.004476831
1394,27880.005,1787268368886.926,169450164.223,0.000000000,0.005658200,-0.006219674,0.018077377
1395,27900.001,1787268368906.922,169450184.219,0.000000000,0.000439670,0.000625340,0.039005216
1396,27920.006,1787268368926.927,169450204.224,0.000000000,-0.007700685,-0.008416676,0.000292943
1397,27940.000,1787268368946.921,169450224.218,0.000000000,0.010018529,-0.017454304,0.010670752
1398,27959.997,1787268368966.918,169450244.216,0.000000000,-0.016992895,-0.009286085,-0.014386025
1399,27979.995,1787268368986.916,169450264.213,0.000000000,-0.019565478,-0.013450461,-0.009720577
1400,27999.993,1787268369006.914,169450284.212,0.000000000,0.007450719,0.003427499,-0.001568325
1401,28020.016,1787268369026.938,169450304.235,0.000000000,-0.012569514,-0.012067904,-0.016514134
1402,28039.994,1787268369046.915,169450324.212,0.000000000,-0.006111301,-0.008919812,-0.019547172
1403,28060.001,1787268369066.922,169450344.219,0.000000000,-0.012104698,0.003899336,-0.007785216
1404,28080.002,1787268369086.923,169450364.221,0.000000000,-0.000647966,-0.006509331,-0.000815395
1405,28099.990,1787268369106.911,169450384.208,0.000000000,0.003074265,-0.010543714,0.011429798
1406,28119.993,1787268369126.914,169450404.212,0.000000000,0.001357633,-0.005147340,-0.006563738
1407,28140.002,1787268369146.923,169450424.220,0.000000000,0.010638745,-0.013922375,0.018768242
1408,28159.994,1787268369166.915,169450444.212,0.000000000,0.022438992,-0.007800953,0.028721217
1409,28179.998,1787268369186.919,169450464.217,0.000000000,0.001539922,-0.017915398,-0.002008086
1410,28200.002,1787268369206.923,169450484.220,0.000000000,0.025279332,-0.006689380,0.007209991
1411,28219.999,1787268369226.920,169450504.217,0.000000000,0.002500003,-0.002752749,-0.001167438
1412,28240.001,1787268369246.922,169450524.219,0.000000000,0.012212787,-0.009547086,0.007447307
1413,28260.001,1787268369266.922,169450544.220,0.000000000,0.020885689,0.008063124,0.038663507
1414,28280.001,1787268369286.922,169450564.219,0.000000000,0.015822992,0.007505976,0.007552089
1415,28300.000,1787268369306.921,169450584.219,0.000000000,-0.034647997,0.002553397,-0.029688546
1416,28319.990,1787268369326.911,169450604.208,0.000000000,0.002591579,-0.004080921,-0.005307787
1417,28339.988,1787268369346.909,169450624.206,0.000000000,0.005617774,-0.005687660,0.017297862
1418,28359.989,1787268369366.910,169450644.208,0.000000000,-0.011997654,0.009875690,-0.001498710
1419,28379.997,1787268369386.918,169450664.215,0.000000000,0.010293012,-0.000408996,0.011225097
1420,28399.992,1787268369406.913,169450684.210,0.000000000,-0.001467584,-0.004904374,-0.005724289
1421,28419.990,1787268369426.911,169450704.208,0.000000000,0.008372241,-0.006192883,-0.007062676
1422,28440.002,1787268369446.923,169450724.220,0.000000000,0.035954304,-0.013891616,0.030633604
1423,28459.998,1787268369466.919,169450744.216,0.000000000,0.002812275,-0.023733951,-0.024056744
1424,28480.007,1787268369486.928,169450764.226,0.000000000,-0.002790903,-0.002259197,0.013549273
1425,28499.994,1787268369506.915,169450784.212,0.000000000,0.019972414,0.032409601,0.010106093
1426,28519.996,1787268369526.917,169450804.214,0.000000000,-0.000111254,-0.014128676,0.014944999
1427,28539.996,1787268369546.917,169450824.214,0.000000000,0.005474537,0.033237416,-0.008228333
1428,28559.999,1787268369566.920,169450844.218,0.000000000,-0.004783716,-0.004252094,-0.002139051
1429,28579.990,1787268369586.911,169450864.208,0.000000000,0.004963436,0.007920029,0.011232955
1430,28599.998,1787268369606.918,169450884.216,0.000000000,-0.021105574,-0.000902384,-0.032817569
1431,28620.001,1787268369626.922,169450904.220,0.000000000,0.004681742,0.001769879,0.000076737
1432,28640.007,1787268369646.928,169450924.226,0.000000000,0.000447492,-0.015278761,0.001174192
1433,28659.990,1787268369666.911,169450944.208,0.000000000,0.025149049,0.002719931,0.012912632
1434,28679.991,1787268369686.912,169450964.209,0.000000000,0.000010353,0.009354818,-0.012448438
1435,28699.995,1787268369706.916,169450984.213,0.000000000,0.002788806,0.022813303,0.000073039
1436,28720.011,1787268369726.932,169451004.230,0.000000000,-0.020480588,-0.017934378,-0.008058021
1437,28740.002,1787268369746.923,169451024.220,0.000000000,-0.010105563,-0.012350113,0.002625714
1438,28760.002,1787268369766.923,169451044.220,0.000000000,-0.014905863,-0.008850133,-0.007375846
1439,28780.003,1787268369786.925,169451064.222,0.000000000,0.007750388,0.035345260,0.005843177
1440,28799.992,1787268369806.913,169451084.210,0.000000000,0.008586349,-0.000439788,0.001706896
1441,28819.991,1787268369826.912,169451104.209,0.000000000,0.001261544,-0.009290307,0.005137458
1442,28839.995,1787268369846.916,169451124.214,0.000000000,-0.012423960,0.021992188,-0.009224560
1443,28859.992,1787268369866.913,169451144.211,0.000000000,-0.012348307,-0.023962075,-0.006208670
1444,28879.990,1787268369886.911,169451164.208,0.000000000,-0.003635087,0.020522078,-0.001114620
1445,28899.991,1787268369906.912,169451184.209,0.000000000,0.000105609,0.016018484,-0.001511222
1446,28919.990,1787268369926.911,169451204.209,0.000000000,0.002169689,-0.002934938,-0.006650359
1447,28939.989,1787268369946.911,169451224.208,0.000000000,-0.007821779,-0.008411352,-0.013874764
1448,28959.989,1787268369966.910,169451244.207,0.000000000,0.000777349,-0.025391527,0.029600786
1449,28979.988,1787268369986.909,169451264.206,0.000000000,-0.029038509,-0.009946432,-0.028171400
1450,28999.990,1787268370006.911,169451284.209,0.000000000,-0.013581010,-0.009399571,0.006305179
1451,29019.990,1787268370026.911,169451304.209,0.000000000,0.003110144,0.017597480,-0.005176048
1452,29040.001,1787268370046.922,169451324.219,0.000000000,0.012427820,-0.002146708,0.012334947
1453,29059.990,1787268370066.911,169451344.209,0.000000000,0.011921483,-0.013405987,0.006796672
1454,29079.989,1787268370086.910,169451364.207,0.000000000,-0.002783051,-0.003284988,-0.000252528
1455,29099.988,1787268370106.909,169451384.206,0.000000000,0.002435823,0.006086469,-0.001332580
1456,29119.988,1787268370126.909,169451404.207,0.000000000,-0.001002448,-0.002537712,-0.006157430
1457,29139.998,1787268370146.919,169451424.217,0.000000000,0.005531325,-0.001119698,0.004775079
1458,29160.003,1787268370166.924,169451444.221,0.000000000,-0.013711685,-0.014611613,-0.021263110
1459,29179.998,1787268370186.919,169451464.217,0.000000000,0.009397342,-0.007530950,0.007763949
1460,29200.001,1787268370206.922,169451484.220,0.000000000,0.010402757,-0.012382432,0.022346817
1461,29219.997,1787268370226.918,169451504.215,0.000000000,0.004378102,-0.012971324,0.006266960
1462,29239.997,1787268370246.918,169451524.215,0.000000000,0.008520204,-0.014582980,0.007230999
1463,29259.991,1787268370266.912,169451544.209,0.000000000,0.003224976,-0.009090220,0.022470837
1464,29279.997,1787268370286.918,169451564.216,0.000000000,0.002621454,-0.005307391,-0.014387283
1465,29300.001,1787268370306.922,169451584.219,0.000000000,0.002652246,0.021097668,0.008885715
1466,29319.990,1787268370326.911,169451604.208,0.000000000,0.008714390,-0.006702092,0.012707219
1467,29339.994,1787268370346.915,169451624.212,0.000000000,0.012774433,-0.000359123,0.016343795
1468,29359.990,1787268370366.911,169451644.208,0.000000000,-0.007072312,-0.018843127,-0.014425789
1469,29380.001,1787268370386.922,169451664.219,0.000000000,0.033243954,-0.002181673,0.033731561
1470,29399.999,1787268370406.920,169451684.217,0.000000000,-0.003484780,-0.017299108,-0.009343177
1471,29419.991,1787268370426.912,169451704.210,0.000000000,-0.007169115,0.032974809,-0.004324938
1472,29439.991,1787268370446.912,169451724.209,0.000000000,0.014972122,0.005198028,0.002326561
1473,29460.002,1787268370466.923,169451744.220,0.000000000,0.003802962,0.026103055,0.000374682
1474,29479.987,1787268370486.908,169451764.206,0.000000000,0.000649937,0.007642074,0.007813810
1475,29499.997,1787268370506.918,169451784.216,0.000000000,-0.009148652,-0.002926759,-0.013815822
1476,29519.989,1787268370526.910,169451804.207,0.000000000,-0.014357886,-0.003174012,-0.004931582
1477,29540.001,1787268370546.922,169451824.219,0.000000000,0.020683780,-0.000006026,0.027271120
1478,29559.994,1787268370566.915,169451844.212,0.000000000,0.000350831,0.038205110,-0.003499886
1479,29580.001,1787268370586.922,169451864.219,0.000000000,-0.005702940,-0.007211737,-0.000155831
1480,29599.988,1787268370606.909,169451884.206,0.000000000,0.002532953,0.001490723,-0.005665767
1481,29619.998,1787268370626.919,169451904.217,0.000000000,-0.017175762,0.013741429,-0.019813908
1482,29639.992,1787268370646.913,169451924.210,0.000000000,0.003403532,0.001004157,0.009076288
1483,29660.022,1787268370666.943,169451944.241,0.000000000,0.006168456,0.010926022,0.005117118
1484,29679.998,1787268370686.919,169451964.217,0.000000000,0.001716263,0.009635692,0.000369802
1485,29700.002,1787268370706.923,169451984.220,0.000000000,-0.001365016,0.043086752,-0.000755734
1486,29719.990,1787268370726.911,169452004.209,0.000000000,0.003716973,-0.031880327,-0.007956070
1487,29739.999,1787268370746.920,169452024.217,0.000000000,0.002080181,-0.001138733,0.002869965
1488,29760.002,1787268370766.923,169452044.221,0.000000000,0.017908154,-0.025229484,0.023350293
1489,29779.996,1787268370786.917,169452064.214,0.000000000,0.006417473,0.036988713,0.008522623
1490,29799.992,1787268370806.913,169452084.211,0.000000000,-0.007568273,-0.032917969,-0.006415757
1491,29820.000,1787268370826.921,169452104.218,0.000000000,-0.000725140,-0.001273621,-0.002118709
1492,29840.005,1787268370846.926,169452124.224,0.000000000,-0.009777023,0.005725082,-0.008252012
1493,29859.992,1787268370866.914,169452144.211,0.000000000,-0.016132981,-0.002537803,-0.018791636
1494,29879.991,1787268370886.912,169452164.209,0.000000000,0.019508770,0.001580063,0.009193702
1495,29899.989,1787268370906.910,169452184.208,0.000000000,-0.009187488,-0.008502024,-0.004978919
1496,29919.999,1787268370926.920,169452204.218,0.000000000,-0.000852533,0.000090172,-0.000898210
1497,29939.993,1787268370946.914,169452224.211,0.000000000,0.011381840,-0.007215226,0.004765135
1498,29959.990,1787268370966.911,169452244.208,0.000000000,0.010986879,0.001051379,0.009486546
1499,29979.994,1787268370986.915,169452264.212,0.000000000,-0.040467791,0.008777118,-0.051203605
1500,29999.991,1787268371006.912,169452284.210,0.000000000,0.001701799,-0.028875142,0.000356282
1501,30019.997,1787268371026.918,169452304.215,0.000000000,-0.001496725,0.016088342,-0.008029047
1502,30039.992,1787268371046.914,169452324.211,0.000000000,0.015912823,-0.019808134,0.005587585
1503,30060.001,1787268371066.922,169452344.219,0.000000000,0.001000297,-0.005271710,-0.004077618
1504,30079.997,1787268371086.918,169452364.216,0.000000000,-0.009892507,-0.019995771,-0.034499116
1505,30099.988,1787268371106.909,169452384.206,0.000000000,0.021807767,-0.010978491,0.002849949
1506,30119.993,1787268371126.914,169452404.211,0.000000000,-0.004651444,0.003290390,-0.024893390
1507,30139.993,1787268371146.914,169452424.212,0.000000000,-0.002654830,-0.002297106,-0.002380075
1508,30160.000,1787268371166.921,169452444.218,0.000000000,-0.002698721,-0.008842981,-0.003362256
1509,30179.999,1787268371186.920,169452464.218,0.000000000,-0.024155678,-0.007447886,-0.031269569
1510,30199.993,1787268371206.914,169452484.211,0.000000000,-0.037412610,-0.018074509,-0.028552733
1511,30219.992,1787268371226.913,169452504.210,0.000000000,-0.027624590,0.006301501,-0.027634636
1512,30239.998,1787268371246.919,169452524.217,0.000000000,0.014705685,0.001258191,0.004716234
1513,30260.032,1787268371266.953,169452544.250,0.000000000,0.015031924,0.008045441,0.009163726
1514,30279.996,1787268371286.917,169452564.215,0.000000000,-0.028932560,0.013268352,-0.036669303
1515,30299.991,1787268371306.912,169452584.210,0.000000000,-0.005353971,-0.004694139,0.006830457
1516,30319.994,1787268371326.915,169452604.212,0.000000000,-0.003510022,-0.000832422,-0.001536908
1517,30339.994,1787268371346.915,169452624.213,0.000000000,-0.008775357,0.011305739,-0.013916438
1518,30360.002,1787268371366.923,169452644.221,0.000000000,0.006691415,-0.004128073,-0.002873553
1519,30379.992,1787268371386.913,169452664.210,0.000000000,0.005156567,0.022305429,0.008096552
1520,30399.991,1787268371406.912,169452684.209,0.000000000,-0.009188750,-0.005328814,0.014397649
1521,30419.991,1787268371426.912,169452704.209,0.000000000,0.004019771,-0.013629103,-0.012867163
1522,30439.994,1787268371446.915,169452724.213,0.000000000,0.000716054,-0.003014402,0.001688337
1523,30460.001,1787268371466.922,169452744.219,0.000000000,0.008276213,0.002089235,0.004856394
1524,30480.001,1787268371486.922,169452764.219,0.000000000,-0.001740491,-0.004512660,-0.007072482
1525,30499.993,1787268371506.914,169452784.211,0.000000000,0.004872664,-0.014037650,0.016086865
1526,30519.993,1787268371526.914,169452804.212,0.000000000,0.009383086,-0.026926095,-0.006821268
1527,30539.989,1787268371546.910,169452824.208,0.000000000,-0.018229816,-0.005890891,0.002722586
1528,30560.000,1787268371566.921,169452844.219,0.000000000,0.037126128,0.005880854,0.039079327
1529,30579.988,1787268371586.909,169452864.207,0.000000000,0.000090168,-0.007545507,-0.005987050
1530,30600.002,1787268371606.923,169452884.221,0.000000000,0.021646170,0.032835323,0.031258110
1531,30619.989,1787268371626.910,169452904.207,0.000000000,-0.003466015,-0.007786486,-0.010848230
1532,30639.998,1787268371646.918,169452924.216,0.000000000,0.015144687,0.031352159,0.024693782
1533,30659.988,1787268371666.909,169452944.207,0.000000000,0.003402867,0.003178326,-0.000525931
1534,30679.990,1787268371686.911,169452964.209,0.000000000,-0.008896974,-0.017027663,-0.007843274
1535,30700.001,1787268371706.922,169452984.219,0.000000000,0.010005811,0.002690410,0.007593862
1536,30719.990,1787268371726.911,169453004.209,0.000000000,0.008567470,0.043272968,-0.004302543
1537,30739.993,1787268371746.914,169453024.212,0.000000000,0.009173788,-0.009495615,0.019908570
1538,30760.000,1787268371766.921,169453044.219,0.000000000,-0.004249900,0.003625055,-0.011698557
1539,30780.003,1787268371786.924,169453064.221,0.000000000,-0.036215372,-0.008954111,-0.048339855
1540,30800.001,1787268371806.922,169453084.220,0.000000000,0.009774540,-0.005863986,0.006761819
1541,30819.998,1787268371826.919,169453104.217,0.000000000,-0.015272895,0.002550778,-0.017312532
1542,30840.003,1787268371846.924,169453124.221,0.000000000,-0.001292659,-0.000964301,0.001877713
1543,30860.000,1787268371866.921,169453144.218,0.000000000,0.000925172,-0.001972612,-0.001241030
1544,30879.992,1787268371886.913,169453164.211,0.000000000,0.001331058,0.021357220,-0.002500492
1545,30899.996,1787268371906.917,169453184.214,0.000000000,0.008952338,-0.001893633,0.005263075
1546,30919.997,1787268371926.918,169453204.215,0.000000000,0.006683861,-0.007776530,0.000914574
1547,30940.006,1787268371946.927,169453224.224,0.000000000,0.002255033,0.004134596,-0.004050460
1548,30960.003,1787268371966.924,169453244.221,0.000000000,-0.003219770,-0.008613178,0.006401529
1549,30979.992,1787268371986.913,169453264.211,0.000000000,-0.008270708,-0.014775646,-0.022427497
1550,30999.999,1787268372006.920,169453284.218,0.000000000,-0.014706609,0.012931757,-0.017781673
1551,31019.997,1787268372026.918,169453304.216,0.000000000,0.006769207,0.002596684,0.002161057
1552,31039.992,1787268372046.913,169453324.210,0.000000000,-0.005689595,0.007317028,-0.004820584
1553,31060.195,1787268372067.116,169453344.413,0.000000000,0.002904720,-0.018932818,0.014584204
1554,31080.004,1787268372086.925,169453364.222,0.000000000,0.005724172,0.024905721,0.001653864
1555,31099.999,1787268372106.920,169453384.217,0.000000000,0.014648785,0.012083780,0.023510855
1556,31119.988,1787268372126.910,169453404.207,0.000000000,-0.000051044,-0.013900922,0.006688913
1557,31140.007,1787268372146.928,169453424.225,0.000000000,-0.017031798,-0.018066522,-0.017890047
1558,31159.998,1787268372166.919,169453444.216,0.000000000,-0.008077059,-0.022120209,-0.004347598
1559,31179.999,1787268372186.920,169453464.217,0.000000000,-0.000215750,-0.011646213,-0.016172357
1560,31199.994,1787268372206.915,169453484.212,0.000000000,0.015787380,-0.006407719,0.022301001
1561,31220.002,1787268372226.923,169453504.220,0.000000000,-0.012802590,0.019535620,-0.019791724
1562,31239.992,1787268372246.913,169453524.210,0.000000000,0.034763828,0.002991248,0.027493322
1563,31259.999,1787268372266.920,169453544.217,0.000000000,-0.030233804,0.004976875,-0.024658194
1564,31279.999,1787268372286.920,169453564.218,0.000000000,0.004179651,-0.001925231,-0.002754112
1565,31299.990,1787268372306.911,169453584.209,0.000000000,0.011304347,-0.002410746,0.011575524
1566,31319.989,1787268372326.910,169453604.208,0.000000000,0.002510568,0.007156936,-0.000309705
1567,31339.999,1787268372346.920,169453624.217,0.000000000,0.013134591,0.026895152,0.002419634
1568,31359.999,1787268372366.920,169453644.217,0.000000000,-0.001825416,-0.005513606,-0.008332457
1569,31380.002,1787268372386.923,169453664.221,0.000000000,-0.004470158,-0.020420760,-0.011265623
1570,31399.991,1787268372406.912,169453684.209,0.000000000,0.015557134,0.005259664,0.034718376
1571,31420.001,1787268372426.922,169453704.219,0.000000000,0.004743458,-0.010094446,0.026228702
1572,31439.992,1787268372446.913,169453724.211,0.000000000,-0.020778876,-0.048806380,-0.031507149
1573,31459.999,1787268372466.920,169453744.217,0.000000000,0.001819911,0.011147206,-0.015040148
1574,31480.003,1787268372486.924,169453764.221,0.000000000,0.006639275,-0.019048218,0.012300340
1575,31499.998,1787268372506.918,169453784.216,0.000000000,-0.022371544,-0.003064059,-0.044387478
1576,31519.992,1787268372526.914,169453804.211,0.000000000,0.009254958,-0.001138633,0.033354063
1577,31539.991,1787268372546.912,169453824.209,0.000000000,0.015001140,0.002855664,-0.001598838
1578,31559.998,1787268372566.919,169453844.216,0.000000000,0.000520632,0.030423902,-0.004429846
1579,31579.990,1787268372586.911,169453864.208,0.000000000,0.008743106,-0.009074823,0.025124962
1580,31599.989,1787268372606.910,169453884.208,0.000000000,-0.012628065,-0.016332436,-0.004225610
1581,31619.998,1787268372626.919,169453904.217,0.000000000,-0.012155312,-0.007091449,-0.011272859
1582,31639.990,1787268372646.911,169453924.208,0.000000000,0.004368455,-0.000125983,0.005173948
1583,31659.998,1787268372666.918,169453944.216,0.000000000,0.013938104,-0.006011155,0.004566514
1584,31679.998,1787268372686.918,169453964.216,0.000000000,0.001390824,0.020239176,-0.001657824
1585,31700.003,1787268372706.924,169453984.221,0.000000000,-0.023305150,-0.016559813,-0.006344635
1586,31719.990,1787268372726.911,169454004.208,0.000000000,0.008746486,-0.006996048,0.002609591
1587,31739.998,1787268372746.919,169454024.217,0.000000000,-0.013461311,-0.007116693,-0.017940378
1588,31759.999,1787268372766.920,169454044.217,0.000000000,0.004128933,-0.019343710,0.015598370
1589,31779.999,1787268372786.920,169454064.217,0.000000000,0.016794084,-0.001213230,0.014945433
1590,31799.999,1787268372806.920,169454084.218,0.000000000,0.008987881,-0.031076265,0.018110877
1591,31820.000,1787268372826.921,169454104.219,0.000000000,0.022311095,0.019273108,0.029242331
1592,31839.990,1787268372846.911,169454124.209,0.000000000,-0.020906286,0.005209382,-0.015870590
1593,31859.990,1787268372866.911,169454144.208,0.000000000,-0.012102650,0.009984449,-0.007997482
1594,31879.992,1787268372886.913,169454164.210,0.000000000,-0.003097816,0.005253027,-0.001252738
1595,31899.993,1787268372906.914,169454184.211,0.000000000,0.002693276,-0.003305879,0.000625675
1596,31919.998,1787268372926.919,169454204.216,0.000000000,0.011594421,-0.016863650,0.017971978
1597,31940.001,1787268372946.922,169454224.219,0.000000000,0.017244365,0.008554052,0.015818195
1598,31959.999,1787268372966.920,169454244.217,0.000000000,0.000256427,-0.010391841,0.007776584
1599,31979.998,1787268372986.920,169454264.217,0.000000000,-0.025393145,-0.021338236,-0.017850334
1600,31999.992,1787268373006.913,169454284.210,0.000000000,-0.000081483,-0.003907016,-0.000213151
1601,32019.998,1787268373026.919,169454304.216,0.000000000,0.011352389,-0.007702481,0.015326408
1602,32039.997,1787268373046.918,169454324.215,0.000000000,0.006737679,-0.012195813,0.010779121
1603,32059.989,1787268373066.910,169454344.207,0.000000000,-0.005442657,-0.017105708,0.012983784
1604,32079.993,1787268373086.915,169454364.212,0.000000000,0.007993651,-0.007883012,-0.001179011
1605,32099.987,1787268373106.908,169454384.205,0.000000000,0.001981239,-0.000536773,-0.006541783
1606,32119.987,1787268373126.908,169454404.206,0.000000000,-0.003401407,0.000054878,0.002268913
1607,32139.988,1787268373146.909,169454424.207,0.000000000,-0.003962672,-0.002052403,-0.007408173
1608,32160.001,1787268373166.922,169454444.219,0.000000000,-0.023927495,-0.008515625,-0.041641634
1609,32179.999,1787268373186.920,169454464.217,0.000000000,-0.005452406,0.001939356,-0.012248318
1610,32200.029,1787268373206.949,169454484.247,0.000000000,0.013037803,0.008915564,0.003560594
1611,32219.995,1787268373226.917,169454504.214,0.000000000,0.008734411,-0.006449760,-0.004187897
1612,32240.002,1787268373246.923,169454524.221,0.000000000,0.050072402,-0.003883359,0.044585157
1613,32259.992,1787268373266.913,169454544.210,0.000000000,0.013362863,0.007031524,0.009062615
1614,32279.989,1787268373286.910,169454564.207,0.000000000,-0.016771348,0.021239484,-0.023385711
1615,32299.992,1787268373306.913,169454584.210,0.000000000,0.002624422,-0.006248086,-0.003618459
1616,32319.991,1787268373326.912,169454604.209,0.000000000,0.003395914,-0.010471602,0.015093118
1617,32340.001,1787268373346.922,169454624.219,0.000000000,-0.018884197,0.040804435,-0.016672671
1618,32360.005,1787268373366.926,169454644.223,0.000000000,-0.003449340,0.000583369,-0.002851793
1619,32380.001,1787268373386.922,169454664.220,0.000000000,0.006644587,0.014056579,0.013014538
1620,32400.000,1787268373406.921,169454684.218,0.000000000,-0.001647046,0.011812842,-0.010454880
1621,32420.009,1787268373426.930,169454704.227,0.000000000,-0.010667772,0.003639274,-0.009516599
1622,32440.000,1787268373446.921,169454724.219,0.000000000,-0.002953605,-0.015033285,-0.014468444
1623,32460.013,1787268373466.934,169454744.231,0.000000000,0.006187007,0.005828216,-0.002604279
1624,32480.003,1787268373486.924,169454764.222,0.000000000,0.020346876,0.007026573,0.024883805
1625,32499.997,1787268373506.918,169454784.216,0.000000000,0.014278629,-0.032607030,0.024761043
1626,32520.001,1787268373526.922,169454804.220,0.000000000,-0.006300867,-0.019890284,-0.013826861
1627,32539.993,1787268373546.914,169454824.212,0.000000000,-0.018637450,-0.033396538,-0.013247288
1628,32559.989,1787268373566.910,169454844.208,0.000000000,0.019536937,-0.004276729,0.025632558
1629,32579.999,1787268373586.920,169454864.217,0.000000000,-0.002253788,-0.014800997,-0.000337045
1630,32600.006,1787268373606.927,169454884.225,0.000000000,-0.022892052,0.040680304,-0.033622593
1631,32619.994,1787268373626.915,169454904.212,0.000000000,-0.009592406,0.000864477,-0.001205197
1632,32639.993,1787268373646.914,169454924.211,0.000000000,-0.013614618,-0.023078516,0.016845955
1633,32659.992,1787268373666.913,169454944.211,0.000000000,0.001422825,-0.001043606,-0.000098022
1634,32680.004,1787268373686.925,169454964.222,0.000000000,0.012516821,0.016561145,0.008526380
1635,32700.004,1787268373706.926,169454984.223,0.000000000,0.014120397,-0.023687225,0.000796768
1636,32719.995,1787268373726.917,169455004.214,0.000000000,-0.012853596,0.003251176,-0.021669824
1637,32740.003,1787268373746.924,169455024.222,0.000000000,-0.012171816,-0.006334343,-0.004337517
1638,32759.991,1787268373766.912,169455044.209,0.000000000,0.007025863,0.030582793,0.007531275
1639,32779.990,1787268373786.912,169455064.209,0.000000000,-0.000555677,0.016599450,0.007252410
1640,32800.001,1787268373806.922,169455084.219,0.000000000,-0.017298916,0.000927282,-0.032089766
1641,32819.996,1787268373826.917,169455104.215,0.000000000,-0.001428519,-0.019272599,0.006003955
1642,32839.989,1787268373846.910,169455124.208,0.000000000,0.020611437,-0.018496988,0.018159576
1643,32859.991,1787268373866.912,169455144.209,0.000000000,0.009221385,0.017909246,0.005424285
1644,32880.004,1787268373886.925,169455164.223,0.000000000,-0.010121548,-0.002446399,-0.023314165
1645,32899.999,1787268373906.921,169455184.218,0.000000000,0.003491103,-0.030952128,0.010455361
1646,32919.992,1787268373926.913,169455204.210,0.000000000,-0.001839228,-0.003379984,0.002282311
1647,32939.995,1787268373946.916,169455224.213,0.000000000,-0.026135340,-0.010435039,-0.022415932
1648,32959.999,1787268373966.920,169455244.217,0.000000000,0.033118125,-0.001080885,0.045404710
1649,32980.000,1787268373986.921,169455264.218,0.000000000,0.015352293,-0.008302623,0.033903714
1650,32999.999,1787268374006.920,169455284.217,0.000000000,0.029631719,0.014985893,0.011998909
1651,33019.990,1787268374026.911,169455304.208,0.000000000,-0.012275573,-0.012560763,-0.024542404
1652,33039.990,1787268374046.911,169455324.209,0.000000000,0.000980492,-0.011492537,-0.000612703
1653,33059.996,1787268374066.917,169455344.214,0.000000000,-0.012194707,0.020937867,-0.006819920
1654,33079.989,1787268374086.910,169455364.207,0.000000000,-0.023270937,-0.008589179,-0.021142572
1655,33099.994,1787268374106.915,169455384.212,0.000000000,-0.007327253,-0.001800939,-0.000340392
1656,33119.996,1787268374126.917,169455404.215,0.000000000,-0.010245698,-0.003997094,-0.001244218
1657,33139.997,1787268374146.918,169455424.215,0.000000000,-0.005102235,0.020541497,0.002200063
1658,33159.998,1787268374166.918,169455444.216,0.000000000,0.011396229,-0.005884166,0.006116077
1659,33179.988,1787268374186.909,169455464.206,0.000000000,-0.013508303,0.001864683,-0.030075388
1660,33200.004,1787268374206.925,169455484.222,0.000000000,-0.004594339,-0.002005731,-0.005083841
1661,33219.994,1787268374226.916,169455504.213,0.000000000,-0.014574494,0.011580173,-0.019252935
1662,33239.988,1787268374246.909,169455524.206,0.000000000,-0.026443835,0.002814768,-0.025881354
1663,33259.993,1787268374266.914,169455544.211,0.000000000,0.010301680,-0.009778307,-0.009606839
1664,33280.013,1787268374286.934,169455564.231,0.000000000,0.008308306,-0.025356041,-0.005812416
1665,33300.009,1787268374306.931,169455584.228,0.000000000,-0.003693310,-0.007715702,-0.005718227
1666,33319.993,1787268374326.915,169455604.212,0.000000000,-0.016523719,0.038578838,-0.024604330
1667,33339.992,1787268374346.913,169455624.210,0.000000000,0.028207935,0.021231042,0.044973776
1668,33360.005,1787268374366.926,169455644.223,0.000000000,-0.004293361,0.010713249,-0.016101938
1669,33379.994,1787268374386.915,169455664.212,0.000000000,-0.013558055,-0.013847630,-0.008364126
1670,33400.000,1787268374406.921,169455684.218,0.000000000,0.007908349,-0.002040083,0.011583163
1671,33419.993,1787268374426.915,169455704.212,0.000000000,0.008176425,0.006300772,0.001263505
1672,33439.994,1787268374446.916,169455724.213,0.000000000,0.024857277,0.000893226,0.021494705
1673,33459.991,1787268374466.912,169455744.210,0.000000000,-0.009722731,-0.006515706,-0.018470949
1674,33479.993,1787268374486.914,169455764.211,0.000000000,0.021833332,0.000720074,0.017143570
1675,33499.994,1787268374506.915,169455784.212,0.000000000,0.028614849,-0.012076391,0.019748114
1676,33520.002,1787268374526.923,169455804.221,0.000000000,-0.016809531,-0.010497293,-0.024439080
1677,33539.991,1787268374546.912,169455824.209,0.000000000,-0.010737130,0.001015154,-0.009649022
1678,33559.999,1787268374566.920,169455844.218,0.000000000,-0.021666110,-0.015898094,-0.024627527
1679,33579.991,1787268374586.912,169455864.210,0.000000000,0.025541956,-0.006351788,0.029171221
1680,33599.989,1787268374606.910,169455884.208,0.000000000,0.003083128,0.005428791,-0.001186128
1681,33620.001,1787268374626.922,169455904.220,0.000000000,-0.026941273,-0.006252526,-0.038534436
1682,33639.994,1787268374646.915,169455924.212,0.000000000,-0.001414710,0.002804731,0.000293130
1683,33659.992,1787268374666.914,169455944.211,0.000000000,0.013369155,-0.006543376,0.011243708
1684,33680.003,1787268374686.924,169455964.221,0.000000000,-0.007121698,-0.034548134,0.019059053
1685,33699.988,1787268374706.909,169455984.206,0.000000000,0.014806170,-0.000496939,0.016082292
1686,33719.998,1787268374726.919,169456004.216,0.000000000,0.006169423,-0.000597375,-0.000719497
1687,33740.003,1787268374746.925,169456024.222,0.000000000,0.010332266,-0.036137294,0.011753445
1688,33759.990,1787268374766.911,169456044.208,0.000000000,0.013038343,0.005071265,0.003697720
1689,33779.992,1787268374786.913,169456064.211,0.000000000,0.010789763,-0.012866871,0.001482397
1690,33799.992,1787268374806.913,169456084.211,0.000000000,0.018208178,-0.006254959,0.021907827
1691,33820.007,1787268374826.928,169456104.226,0.000000000,-0.003342383,-0.007592488,0.003190544
1692,33839.999,1787268374846.920,169456124.217,0.000000000,-0.007857879,0.024989560,-0.007895143
1693,33859.992,1787268374866.913,169456144.210,0.000000000,0.007054353,-0.001091661,0.001142098
1694,33879.999,1787268374886.920,169456164.218,0.000000000,0.000359636,-0.013401492,0.009569173
1695,33899.992,1787268374906.914,169456184.211,0.000000000,0.029902732,-0.001424477,0.028186908
1696,33919.991,1787268374926.912,169456204.209,0.000000000,-0.002320779,-0.018801432,-0.007677189
1697,33939.990,1787268374946.911,169456224.209,0.000000000,-0.016774068,-0.018851314,-0.022839379
1698,33960.002,1787268374966.923,169456244.220,0.000000000,0.003961768,0.029176930,-0.001448689
1699,33979.999,1787268374986.920,169456264.217,0.000000000,-0.028402364,-0.005069814,-0.044229500
1700,33999.992,1787268375006.913,169456284.211,0.000000000,0.021659909,0.009369426,0.028061492
1701,34020.005,1787268375026.926,169456304.224,0.000000000,0.002416875,-0.001581295,0.005314582
1702,34039.994,1787268375046.916,169456324.213,0.000000000,0.013403275,-0.005282513,-0.003187998
1703,34060.003,1787268375066.924,169456344.221,0.000000000,-0.006536689,-0.003947445,-0.028784327
1704,34079.992,1787268375086.913,169456364.210,0.000000000,-0.019988239,0.004234095,-0.029054089
1705,34099.993,1787268375106.915,169456384.212,0.000000000,-0.015385306,-0.011727017,-0.017107461
1706,34119.998,1787268375126.920,169456404.217,0.000000000,-0.025852082,-0.007997274,-0.029238574
1707,34139.991,1787268375146.912,169456424.209,0.000000000,-0.008317390,0.000702327,-0.003268860
1708,34159.989,1787268375166.910,169456444.207,0.000000000,0.008675963,-0.019100087,0.010902551
1709,34179.989,1787268375186.910,169456464.207,0.000000000,0.012293077,-0.010460526,0.015758472
1710,34200.002,1787268375206.923,169456484.220,0.000000000,0.009673856,0.022541685,0.012661749
1711,34219.989,1787268375226.910,169456504.208,0.000000000,-0.004119482,-0.010777507,-0.007089688
1712,34239.989,1787268375246.911,169456524.208,0.000000000,-0.007476558,0.008059856,0.005713609
1713,34259.995,1787268375266.916,169456544.213,0.000000000,0.005159595,-0.002091578,-0.000578782
1714,34279.995,1787268375286.916,169456564.213,0.000000000,0.003391696,-0.004713279,-0.003473974
1715,34299.992,1787268375306.913,169456584.210,0.000000000,-0.014172736,0.018749857,-0.015765397
1716,34319.989,1787268375326.910,169456604.207,0.000000000,0.013988416,-0.007136208,0.026284171
1717,34340.004,1787268375346.925,169456624.223,0.000000000,-0.017916152,0.000977352,-0.007260285
1718,34359.990,1787268375366.911,169456644.208,0.000000000,-0.003228928,0.005667763,-0.002188526
1719,34379.991,1787268375386.912,169456664.210,0.000000000,-0.024501417,-0.022387616,-0.016691953
1720,34399.996,1787268375406.917,169456684.214,0.000000000,0.000268960,0.020830439,-0.011317200
1721,34419.992,1787268375426.913,169456704.210,0.000000000,-0.020419674,-0.004046705,-0.031281713
1722,34439.998,1787268375446.919,169456724.217,0.000000000,-0.004000228,-0.034900378,0.006452622
1723,34460.003,1787268375466.924,169456744.221,0.000000000,0.009242403,0.033490054,0.004569071
1724,34479.993,1787268375486.914,169456764.211,0.000000000,-0.007037302,0.029961074,-0.011232263
1725,34499.999,1787268375506.920,169456784.217,0.000000000,-0.006668921,0.005942316,-0.003157321
1726,34519.989,1787268375526.910,169456804.207,0.000000000,0.009880818,-0.006546459,0.027574681
1727,34539.990,1787268375546.911,169456824.209,0.000000000,-0.020581307,0.048984714,-0.038178906
1728,34559.995,1787268375566.916,169456844.213,0.000000000,0.024161812,-0.016317036,0.029107086
1729,34579.993,1787268375586.914,169456864.211,0.000000000,0.016329497,0.018556060,0.012553738
1730,34599.995,1787268375606.916,169456884.213,0.000000000,0.003255442,-0.000622830,0.000407996
1731,34619.993,1787268375626.914,169456904.211,0.000000000,-0.010591475,-0.030874405,-0.011331673
1732,34640.004,1787268375646.925,169456924.222,0.000000000,0.001080880,0.002464196,0.001228551
1733,34659.998,1787268375666.919,169456944.217,0.000000000,0.006235457,0.000734877,0.015051634
1734,34680.000,1787268375686.921,169456964.218,0.000000000,-0.003082273,-0.005851844,-0.001946481
1735,34699.994,1787268375706.915,169456984.213,0.000000000,0.005655149,-0.036811922,0.016302170
1736,34719.990,1787268375726.911,169457004.208,0.000000000,-0.007627091,0.020054245,-0.015944432
1737,34740.002,1787268375746.923,169457024.220,0.000000000,-0.016240753,-0.010420764,-0.013273333
1738,34759.996,1787268375766.917,169457044.214,0.000000000,-0.000526742,0.004310587,-0.013338944
1739,34779.991,1787268375786.912,169457064.209,0.000000000,0.015225955,-0.024293894,0.025508609
1740,34800.000,1787268375806.921,169457084.219,0.000000000,0.002681231,0.001841135,0.003638668
1741,34820.031,1787268375826.952,169457104.249,0.000000000,0.013766791,0.014408122,0.017001372
1742,34840.001,1787268375846.922,169457124.220,0.000000000,-0.016477048,-0.003988326,-0.034131885
1743,34859.999,1787268375866.920,169457144.217,0.000000000,0.013670245,-0.014773433,0.006504639
1744,34880.003,1787268375886.924,169457164.221,0.000000000,0.000591811,0.000474386,0.009106437
1745,34899.995,1787268375906.916,169457184.213,0.000000000,0.008388238,-0.003700910,0.001982067
1746,34920.004,1787268375926.926,169457204.223,0.000000000,-0.002552862,-0.019914005,-0.006002837
1747,34939.997,1787268375946.918,169457224.216,0.000000000,-0.002552862,-0.019914005,-0.006002837
1748,34960.005,1787268375966.926,169457244.224,0.000000000,-0.001602289,-0.019706188,-0.011059730
1749,34979.992,1787268375986.913,169457264.210,0.000000000,0.001927115,-0.041294407,0.002943664
1750,34999.991,1787268376006.912,169457284.209,0.000000000,0.011320430,0.003797767,0.023464903
1751,35019.998,1787268376026.920,169457304.217,0.000000000,-0.008233413,-0.026729563,-0.018411392
1752,35039.991,1787268376046.912,169457324.210,0.000000000,0.022331502,-0.013449027,0.020007759
1753,35060.002,1787268376066.923,169457344.221,0.000000000,-0.001947233,0.006989920,-0.003043467
1754,35079.988,1787268376086.909,169457364.207,0.000000000,-0.002248626,-0.002405305,-0.009150369
1755,35099.997,1787268376106.918,169457384.215,0.000000000,0.010362270,-0.008461597,0.014786393
1756,35119.993,1787268376126.914,169457404.212,0.000000000,-0.003206363,0.003111973,0.000773658
1757,35139.999,1787268376146.921,169457424.218,0.000000000,-0.000008411,0.011383221,0.005266199
1758,35159.999,1787268376166.920,169457444.217,0.000000000,0.003804286,0.001115136,0.000152910
1759,35180.002,1787268376186.923,169457464.220,0.000000000,-0.003718424,0.049784593,-0.012790347
1760,35200.000,1787268376206.921,169457484.218,0.000000000,-0.012591208,-0.000617362,-0.010270461
1761,35219.988,1787268376226.909,169457504.206,0.000000000,0.000051111,-0.006800304,-0.002684099
1762,35239.988,1787268376246.909,169457524.207,0.000000000,0.008421819,-0.019958695,0.003057225
1763,35259.996,1787268376266.917,169457544.214,0.000000000,-0.032843962,0.001072466,-0.024834042
1764,35280.000,1787268376286.921,169457564.219,0.000000000,-0.016087223,-0.007643584,-0.020095775
1765,35299.992,1787268376306.913,169457584.210,0.000000000,-0.013996392,-0.001445783,-0.020874063
1766,35319.993,1787268376326.914,169457604.211,0.000000000,0.013062941,-0.026582722,0.011007448
1767,35339.991,1787268376346.912,169457624.210,0.000000000,-0.006918209,-0.013195506,-0.020586444
1768,35359.996,1787268376366.917,169457644.214,0.000000000,0.017323287,-0.008183894,0.015679846
1769,35379.996,1787268376386.917,169457664.214,0.000000000,-0.004950626,-0.009074710,0.003148270
1770,35399.991,1787268376406.912,169457684.210,0.000000000,-0.007736645,0.001344477,-0.014952078
1771,35419.989,1787268376426.910,169457704.208,0.000000000,0.001752044,-0.003688566,0.004605049
1772,35439.988,1787268376446.909,169457724.206,0.000000000,-0.004785808,0.000582745,-0.003131263
1773,35459.994,1787268376466.915,169457744.212,0.000000000,-0.000599006,0.005589335,0.002060386
1774,35479.991,1787268376486.912,169457764.210,0.000000000,-0.060092945,0.004475428,-0.059357446
1775,35500.002,1787268376506.923,169457784.221,0.000000000,-0.005958165,-0.002470321,-0.004145028
1776,35520.002,1787268376526.923,169457804.221,0.000000000,0.003640105,0.017633077,0.012259644
1777,35540.002,1787268376546.923,169457824.221,0.000000000,-0.012671334,-0.008541699,-0.010671733
1778,35560.005,1787268376566.927,169457844.224,0.000000000,-0.006544061,0.007928936,0.007399205
1779,35579.995,1787268376586.917,169457864.214,0.000000000,-0.021279790,-0.025315138,-0.039677002
1780,35599.996,1787268376606.917,169457884.215,0.000000000,0.009446857,0.022925332,-0.000984473
1781,35620.000,1787268376626.921,169457904.218,0.000000000,0.004682782,-0.002708423,0.011592132
1782,35640.002,1787268376646.923,169457924.221,0.000000000,-0.027699778,-0.002583443,-0.027577452
1783,35659.995,1787268376666.916,169457944.213,0.000000000,0.028889311,0.004587591,0.032112088
1784,35680.002,1787268376686.923,169457964.221,0.000000000,0.027396174,-0.012755467,0.011093646
1785,35700.003,1787268376706.924,169457984.221,0.000000000,0.002448757,-0.004288421,0.009467845
1786,35720.001,1787268376726.922,169458004.220,0.000000000,-0.012892062,0.005153219,-0.011823553
1787,35739.991,1787268376746.912,169458024.209,0.000000000,0.003497873,0.001551512,0.001104881
1788,35759.990,1787268376766.911,169458044.208,0.000000000,-0.002265630,0.002199502,-0.002114368
1789,35779.991,1787268376786.912,169458064.210,0.000000000,0.004372716,-0.002597820,-0.004144353
1790,35799.988,1787268376806.909,169458084.206,0.000000000,-0.008119713,0.056323640,-0.019368062
1791,35820.002,1787268376826.923,169458104.220,0.000000000,-0.004448058,-0.008774529,-0.011847035
1792,35839.994,1787268376846.915,169458124.213,0.000000000,-0.002359205,0.012914473,0.005521520
1793,35860.001,1787268376866.922,169458144.220,0.000000000,0.001878821,0.033106741,-0.004624912
1794,35879.995,1787268376886.917,169458164.214,0.000000000,0.021088827,0.007127290,0.024792619
1795,35900.013,1787268376906.934,169458184.232,0.000000000,-0.006922641,0.007006136,-0.015214045
1796,35920.005,1787268376926.926,169458204.224,0.000000000,-0.007830450,0.029975746,-0.014627023
1797,35940.008,1787268376946.929,169458224.226,0.000000000,-0.014200453,-0.007960736,-0.009235242
1798,35959.998,1787268376966.920,169458244.217,0.000000000,0.004110208,-0.007218124,-0.009463318
1799,35979.992,1787268376986.913,169458264.210,0.000000000,0.007684646,0.015722753,0.010620293
1800,35999.990,1787268377006.911,169458284.208,0.000000000,0.005365805,0.000939917,0.003374289
1801,36019.994,1787268377026.916,169458304.213,0.000000000,-0.007768708,-0.023957059,-0.005401905
1802,36040.001,1787268377046.922,169458324.219,0.000000000,-0.005976758,0.008807348,0.007531906
1803,36059.992,1787268377066.913,169458344.211,0.000000000,0.003181641,-0.011402300,0.009309598
1804,36080.010,1787268377086.931,169458364.228,0.000000000,-0.004634712,-0.006726542,-0.007872164
1805,36100.003,1787268377106.924,169458384.221,0.000000000,0.011382227,-0.013334426,0.020316755
1806,36119.995,1787268377126.916,169458404.214,0.000000000,-0.020987703,-0.004778862,-0.010479179
1807,36140.002,1787268377146.923,169458424.220,0.000000000,0.026994012,-0.012131983,0.027736314
1808,36160.001,1787268377166.922,169458444.219,0.000000000,0.008991858,-0.000351503,0.001598579
1809,36179.992,1787268377186.913,169458464.210,0.000000000,-0.003169655,0.014617434,-0.000586157
1810,36199.992,1787268377206.914,169458484.211,0.000000000,-0.011838945,-0.006253047,-0.011727652
1811,36220.001,1787268377226.922,169458504.219,0.000000000,0.001393765,-0.000529186,-0.001429293
1812,36239.998,1787268377246.919,169458524.216,0.000000000,0.033182241,-0.002440065,0.040390622
1813,36260.006,1787268377266.927,169458544.225,0.000000000,-0.000867062,0.000858034,-0.015748683
1814,36279.993,1787268377286.914,169458564.211,0.000000000,0.012263238,-0.001212962,0.015018773
1815,36300.002,1787268377306.923,169458584.220,0.000000000,-0.028363295,-0.000938616,-0.003233123
1816,36320.000,1787268377326.921,169458604.218,0.000000000,-0.019070778,0.039411470,-0.014453303
1817,36339.990,1787268377346.911,169458624.208,0.000000000,0.000870971,0.005569839,-0.000914159
1818,36360.004,1787268377366.926,169458644.223,0.000000000,0.000386287,-0.009888441,0.000098498
1819,36380.002,1787268377386.923,169458664.221,0.000000000,0.024442023,-0.002410481,0.019437470
1820,36399.998,1787268377406.919,169458684.217,0.000000000,-0.000265333,-0.020032529,0.005840881
1821,36419.999,1787268377426.920,169458704.217,0.000000000,-0.018224910,0.012154290,-0.019527232
1822,36439.996,1787268377446.917,169458724.214,0.000000000,-0.014737966,0.017123368,-0.022543721
1823,36460.000,1787268377466.921,169458744.219,0.000000000,-0.033407852,-0.001840894,-0.011581781
1824,36479.992,1787268377486.914,169458764.211,0.000000000,0.014658100,-0.007571660,0.032175817
1825,36499.991,1787268377506.912,169458784.209,0.000000000,0.015112584,-0.007970254,0.008894562
1826,36519.997,1787268377526.918,169458804.215,0.000000000,0.021201152,0.035869360,0.027884273
1827,36539.993,1787268377546.914,169458824.211,0.000000000,-0.014856942,-0.004204629,-0.008192984
1828,36560.000,1787268377566.921,169458844.218,0.000000000,0.005449206,-0.000505347,-0.001277471
1829,36579.988,1787268377586.909,169458864.207,0.000000000,-0.002347026,0.025781246,-0.003201160
1830,36599.988,1787268377606.909,169458884.206,0.000000000,0.014142969,-0.008150422,0.016801711
1831,36619.992,1787268377626.914,169458904.211,0.000000000,0.014076600,-0.002114479,0.014095365
1832,36640.000,1787268377646.921,169458924.218,0.000000000,-0.003133726,-0.001024870,-0.001007949
1833,36659.995,1787268377666.916,169458944.213,0.000000000,0.001266542,-0.004022376,0.000281053
1834,36679.996,1787268377686.917,169458964.214,0.000000000,0.004948456,0.022729356,0.020999694
1835,36700.004,1787268377706.925,169458984.223,0.000000000,-0.005433225,0.007573314,-0.003210365
1836,36719.996,1787268377726.917,169459004.214,0.000000000,0.007495165,0.004254431,0.000384560
1837,36739.990,1787268377746.911,169459024.209,0.000000000,-0.016212313,0.013309948,-0.003614915
1838,36760.000,1787268377766.921,169459044.219,0.000000000,-0.026131561,0.006213618,-0.021638850
1839,36780.000,1787268377786.921,169459064.218,0.000000000,-0.013309891,0.000865791,0.001846038
1840,36800.002,1787268377806.923,169459084.220,0.000000000,-0.012039326,-0.016754955,-0.009488954
1841,36819.998,1787268377826.919,169459104.216,0.000000000,-0.012162923,-0.000399356,-0.016831618
1842,36839.995,1787268377846.916,169459124.213,0.000000000,-0.005318209,-0.001160819,-0.014670541
1843,36859.996,1787268377866.917,169459144.215,0.000000000,0.006939866,-0.006273483,-0.004457956
1844,36879.991,1787268377886.912,169459164.210,0.000000000,-0.002177413,-0.021851087,0.006910612
1845,36900.001,1787268377906.922,169459184.219,0.000000000,0.017443063,-0.003863495,0.011977430
1846,36919.991,1787268377926.912,169459204.210,0.000000000,-0.003101332,-0.020346738,-0.003319216
1847,36939.991,1787268377946.912,169459224.210,0.000000000,0.013803872,0.001626728,0.008850456
1848,36959.992,1787268377966.913,169459244.210,0.000000000,-0.001387349,-0.001257443,0.006764368
1849,36979.989,1787268377986.910,169459264.208,0.000000000,-0.024522923,0.013329435,-0.033326469
1850,36999.991,1787268378006.912,169459284.210,0.000000000,0.005732391,-0.000209945,0.010763478
1851,37020.001,1787268378026.922,169459304.219,0.000000000,-0.002210109,-0.001789460,-0.010015795
1852,37039.999,1787268378046.920,169459324.217,0.000000000,0.014897081,-0.002734071,0.021268126
1853,37059.999,1787268378066.920,169459344.218,0.000000000,-0.004622022,0.007357909,-0.010580332
1854,37079.990,1787268378086.911,169459364.208,0.000000000,0.005417935,0.019664280,-0.000336179
1855,37100.000,1787268378106.921,169459384.218,0.000000000,0.010423703,0.006265988,-0.009996148
1856,37119.999,1787268378126.920,169459404.218,0.000000000,-0.050102457,0.009903566,-0.047948901
1857,37140.003,1787268378146.924,169459424.221,0.000000000,-0.008786465,-0.009046162,-0.008997442
1858,37159.996,1787268378166.917,169459444.215,0.000000000,-0.004327705,-0.000510720,0.017202269
1859,37179.991,1787268378186.912,169459464.209,0.000000000,0.009220434,-0.003935688,0.010202680
1860,37199.998,1787268378206.918,169459484.216,0.000000000,-0.012385415,0.016769728,-0.013074762
1861,37220.001,1787268378226.922,169459504.220,0.000000000,0.020240659,-0.003733945,0.015834279
1862,37239.992,1787268378246.913,169459524.210,0.000000000,0.010815531,-0.007176835,-0.002531652
1863,37259.995,1787268378266.916,169459544.213,0.000000000,-0.014835631,-0.005765644,0.001280112
1864,37279.989,1787268378286.910,169459564.207,0.000000000,0.008139882,-0.002673270,0.019465011
1865,37299.992,1787268378306.913,169459584.210,0.000000000,-0.000174838,-0.000786743,0.000045970
1866,37319.999,1787268378326.920,169459604.217,0.000000000,-0.002771689,-0.007382769,0.003531263
1867,37340.003,1787268378346.924,169459624.221,0.000000000,0.012626347,0.004275623,0.020501630
1868,37359.993,1787268378366.914,169459644.211,0.000000000,0.004160919,-0.001529736,0.002556933
1869,37379.999,1787268378386.920,169459664.217,0.000000000,0.000463959,0.004854863,-0.001495942
1870,37399.993,1787268378406.915,169459684.212,0.000000000,0.004397952,-0.014040477,0.011238342
1871,37420.003,1787268378426.925,169459704.222,0.000000000,0.004874834,0.001049102,0.013935026
1872,37439.997,1787268378446.918,169459724.216,0.000000000,0.001249360,0.002937890,0.001037082
1873,37460.007,1787268378466.928,169459744.226,0.000000000,-0.017736051,0.036221482,-0.021647805
1874,37480.004,1787268378486.926,169459764.223,0.000000000,0.012410681,0.002639254,0.006742261
1875,37499.993,1787268378506.914,169459784.211,0.000000000,-0.027020846,-0.031145060,-0.032862723
1876,37520.001,1787268378526.922,169459804.220,0.000000000,-0.009329181,-0.020701854,-0.005466884
1877,37539.992,1787268378546.913,169459824.210,0.000000000,-0.014473164,0.001516762,-0.015161853
1878,37559.994,1787268378566.915,169459844.213,0.000000000,0.002245903,-0.003274812,-0.005987050
1879,37579.989,1787268378586.910,169459864.208,0.000000000,0.013456792,-0.010817504,-0.000415599
1880,37599.995,1787268378606.916,169459884.214,0.000000000,0.009661494,0.001898239,0.015757283
1881,37619.999,1787268378626.920,169459904.217,0.000000000,-0.003947427,-0.000176257,0.008736685
1882,37639.995,1787268378646.916,169459924.213,0.000000000,0.007323258,-0.004818222,0.000457728
1883,37659.992,1787268378666.913,169459944.210,0.000000000,-0.004015433,0.005091653,-0.000789849
1884,37679.993,1787268378686.914,169459964.211,0.000000000,-0.017243693,-0.010056967,-0.016186150
1885,37700.001,1787268378706.922,169459984.219,0.000000000,0.000161302,-0.002048384,0.004234610
1886,37719.998,1787268378726.919,169460004.216,0.000000000,0.009836915,0.015866816,0.007801457
1887,37740.001,1787268378746.922,169460024.219,0.000000000,-0.013520664,0.036408495,-0.008735800
1888,37760.011,1787268378766.932,169460044.230,0.000000000,0.001468617,-0.016049912,0.018885288
1889,37779.993,1787268378786.915,169460064.212,0.000000000,-0.006720489,0.000636428,-0.011130072
1890,37800.008,1787268378806.929,169460084.226,0.000000000,-0.011806893,-0.036685441,-0.042019706
1891,37820.000,1787268378826.921,169460104.218,0.000000000,-0.003985201,0.021735055,-0.014040552
1892,37840.000,1787268378846.921,169460124.218,0.000000000,0.036845054,-0.005083151,0.055901803
1893,37860.000,1787268378866.921,169460144.218,0.000000000,-0.004116572,-0.016518928,-0.012242708
1894,37880.003,1787268378886.924,169460164.221,0.000000000,-0.003147862,0.001673391,-0.003637949
