index,time_ms,time_realtime_ms,time_monotonic_ms,ros_timestamp,torso_wx,torso_wy,torso_wz
0,0.000,1787268341006.921,169422284.218,0.000000000,0.000000000,0.000000000,0.000000000
1,19.993,1787268341026.914,169422304.211,0.000000000,0.000000000,0.000000000,0.000000000
2,40.000,1787268341046.921,169422324.218,0.000000000,0.000000000,0.000000000,0.000000000
3,59.991,1787268341066.912,169422344.209,0.000000000,0.000000000,0.000000000,0.000000000
4,79.991,1787268341086.912,169422364.209,0.000000000,0.000000000,0.000000000,0.000000000
5,99.999,1787268341106.920,169422384.217,0.000000000,0.000000000,0.000000000,0.000000000
6,119.995,1787268341126.916,169422404.213,0.000000000,0.000000000,0.000000000,0.000000000
7,139.999,1787268341146.920,169422424.217,0.000000000,0.000000000,0.000000000,0.000000000
8,160.000,1787268341166.921,169422444.219,0.000000000,0.000000000,0.000000000,0.000000000
9,180.005,1787268341186.926,169422464.223,0.000000000,0.000000000,0.000000000,0.000000000
10,200.003,1787268341206.925,169422484.222,0.000000000,0.000000000,0.000000000,0.000000000
11,219.993,1787268341226.915,169422504.212,0.000000000,0.000000000,0.000000000,0.000000000
12,240.000,1787268341246.921,169422524.218,0.000000000,0.000000000,0.000000000,0.000000000
13,259.995,1787268341266.916,169422544.213,0.000000000,0.000000000,0.000000000,0.000000000
14,279.996,1787268341286.917,169422564.214,0.000000000,0.000000000,0.000000000,0.000000000
15,299.999,1787268341306.920,169422584.218,0.000000000,0.000000000,0.000000000,0.000000000
16,320.002,1787268341326.923,169422604.220,0.000000000,0.000000000,0.000000000,0.000000000
17,340.005,1787268341346.927,169422624.224,0.000000000,0.000000000,0.000000000,0.000000000
18,359.996,1787268341366.917,169422644.215,0.000000000,0.000000000,0.000000000,0.000000000
19,379.992,1787268341386.913,169422664.211,0.000000000,0.000000000,0.000000000,0.000000000
20,400.000,1787268341406.921,169422684.218,0.000000000,0.000000000,0.000000000,0.000000000
21,419.996,1787268341426.917,169422704.214,0.000000000,0.000000000,0.000000000,0.000000000
22,439.999,1787268341446.920,169422724.217,0.000000000,0.000000000,0.000000000,0.000000000
23,459.997,1787268341466.918,169422744.216,0.000000000,0.000000000,0.000000000,0.000000000
24,479.998,1787268341486.919,169422764.216,0.000000000,0.000000000,0.000000000,0.000000000
25,500.003,1787268341506.924,169422784.221,0.000000000,0.000000000,0.000000000,0.000000000
26,519.991,1787268341526.912,169422804.209,0.000000000,0.000000000,0.000000000,0.000000000
27,539.990,1787268341546.911,169422824.208,0.000000000,0.000000000,0.000000000,0.000000000
28,559.991,1787268341566.912,169422844.209,0.000000000,0.000000000,0.000000000,0.000000000
29,579.988,1787268341586.909,169422864.206,0.000000000,0.000000000,0.000000000,0.000000000
30,599.988,1787268341606.909,169422884.206,0.000000000,0.000000000,0.000000000,0.000000000
31,619.999,1787268341626.920,169422904.217,0.000000000,0.000000000,0.000000000,0.000000000
32,639.996,1787268341646.917,169422924.214,0.000000000,0.000000000,0.000000000,0.000000000
33,660.003,1787268341666.924,169422944.221,0.000000000,0.000000000,0.000000000,0.000000000
34,680.000,1787268341686.921,169422964.219,0.000000000,0.000000000,0.000000000,0.000000000
35,700.004,1787268341706.925,169422984.222,0.000000000,0.000000000,0.000000000,0.000000000
36,720.001,1787268341726.922,169423004.219,0.000000000,0.000000000,0.000000000,0.000000000
37,740.000,1787268341746.921,169423024.218,0.000000000,0.000000000,0.000000000,0.000000000
38,759.997,1787268341766.918,169423044.215,0.000000000,0.000000000,0.000000000,0.000000000
39,779.994,1787268341786.915,169423064.212,0.000000000,0.000000000,0.000000000,0.000000000
40,800.002,1787268341806.923,169423084.221,0.000000000,0.000000000,0.000000000,0.000000000
41,819.989,1787268341826.910,169423104.208,0.000000000,0.000000000,0.000000000,0.000000000
42,839.989,1787268341846.910,169423124.207,0.000000000,0.000000000,0.000000000,0.000000000
43,859.989,1787268341866.910,169423144.208,0.000000000,0.000000000,0.000000000,0.000000000
44,879.991,1787268341886.912,169423164.209,0.000000000,0.000000000,0.000000000,0.000000000
45,900.002,1787268341906.923,169423184.220,0.000000000,0.000000000,0.000000000,0.000000000
46,920.002,1787268341926.923,169423204.221,0.000000000,0.000000000,0.000000000,0.000000000
47,940.000,1787268341946.921,169423224.219,0.000000000,0.000000000,0.000000000,0.000000000
48,959.996,1787268341966.917,169423244.215,0.000000000,0.000000000,0.000000000,0.000000000
49,979.998,1787268341986.920,169423264.217,0.000000000,0.000000000,0.000000000,0.000000000
50,1000.000,1787268342006.921,169423284.218,0.000000000,0.000000000,0.000000000,0.000000000
51,1020.002,1787268342026.923,169423304.220,0.000000000,0.000000000,0.000000000,0.000000000
52,1040.001,1787268342046.922,169423324.219,0.000000000,0.000000000,0.000000000,0.000000000
53,1060.000,1787268342066.921,169423344.219,0.000000000,0.000000000,0.000000000,0.000000000
54,1080.003,1787268342086.925,169423364.222,0.000000000,0.000000000,0.000000000,0.000000000
55,1100.002,1787268342106.923,169423384.220,0.000000000,0.000000000,0.000000000,0.000000000
56,1119.991,1787268342126.912,169423404.209,0.000000000,0.000000000,0.000000000,0.000000000
57,1140.003,1787268342146.924,169423424.221,0.000000000,0.000000000,0.000000000,0.000000000
58,1160.001,1787268342166.922,169423444.219,0.000000000,0.000000000,0.000000000,0.000000000
59,1179.992,1787268342186.913,169423464.211,0.000000000,0.000000000,0.000000000,0.000000000
60,1200.000,1787268342206.921,169423484.218,0.000000000,0.000000000,0.000000000,0.000000000
61,1219.993,1787268342226.914,169423504.211,0.000000000,0.000000000,0.000000000,0.000000000
62,1240.002,1787268342246.923,169423524.221,0.000000000,0.000000000,0.000000000,0.000000000
63,1260.006,1787268342266.927,169423544.225,0.000000000,0.000000000,0.000000000,0.000000000
64,1279.993,1787268342286.914,169423564.211,0.000000000,0.000000000,0.000000000,0.000000000
65,1299.996,1787268342306.917,169423584.214,0.000000000,0.000000000,0.000000000,0.000000000
66,1319.998,1787268342326.919,169423604.216,0.000000000,0.000000000,0.000000000,0.000000000
67,1339.994,1787268342346.915,169423624.212,0.000000000,0.000000000,0.000000000,0.000000000
68,1360.002,1787268342366.923,169423644.221,0.000000000,0.000000000,0.000000000,0.000000000
69,1380.012,1787268342386.933,169423664.230,0.000000000,0.000000000,0.000000000,0.000000000
70,1400.001,1787268342406.922,169423684.220,0.000000000,0.000000000,0.000000000,0.000000000
71,1420.007,1787268342426.928,169423704.225,0.000000000,0.000000000,0.000000000,0.000000000
72,1440.008,1787268342446.929,169423724.227,0.000000000,0.000000000,0.000000000,0.000000000
73,1459.994,1787268342466.915,169423744.212,0.000000000,0.000000000,0.000000000,0.000000000
74,1480.004,1787268342486.925,169423764.222,0.000000000,0.000000000,0.000000000,0.000000000
75,1499.993,1787268342506.914,169423784.211,0.000000000,0.000000000,0.000000000,0.000000000
76,1520.009,1787268342526.930,169423804.227,0.000000000,0.000000000,0.000000000,0.000000000
77,1539.998,1787268342546.919,169423824.216,0.000000000,0.000000000,0.000000000,0.000000000
78,1560.000,1787268342566.921,169423844.218,0.000000000,0.000000000,0.000000000,0.000000000
79,1579.992,1787268342586.913,169423864.210,0.000000000,0.000000000,0.000000000,0.000000000
80,1599.994,1787268342606.915,169423884.212,0.000000000,0.000000000,0.000000000,0.000000000
81,1620.001,1787268342626.922,169423904.220,0.000000000,0.000000000,0.000000000,0.000000000
82,1640.003,1787268342646.924,169423924.221,0.000000000,0.000000000,0.000000000,0.000000000
83,1659.991,1787268342666.912,169423944.210,0.000000000,0.000000000,0.000000000,0.000000000
84,1679.995,1787268342686.916,169423964.213,0.000000000,0.000000000,0.000000000,0.000000000
85,1699.997,1787268342706.917,169423984.215,0.000000000,0.000000000,0.000000000,0.000000000
86,1719.990,1787268342726.911,169424004.208,0.000000000,0.000000000,0.000000000,0.000000000
87,1740.015,1787268342746.936,169424024.233,0.000000000,0.000000000,0.000000000,0.000000000
88,1759.998,1787268342766.918,169424044.216,0.000000000,0.000000000,0.000000000,0.000000000
89,1779.991,1787268342786.912,169424064.209,0.000000000,0.000000000,0.000000000,0.000000000
90,1799.995,1787268342806.916,169424084.213,0.000000000,0.000000000,0.000000000,0.000000000
91,1819.994,1787268342826.916,169424104.213,0.000000000,0.000000000,0.000000000,0.000000000
92,1840.005,1787268342846.926,169424124.223,0.000000000,0.000000000,0.000000000,0.000000000
93,1860.008,1787268342866.929,169424144.227,0.000000000,0.000000000,0.000000000,0.000000000
94,1879.998,1787268342886.919,169424164.217,0.000000000,0.000000000,0.000000000,0.000000000
95,1899.992,1787268342906.914,169424184.211,0.000000000,0.000000000,0.000000000,0.000000000
96,1919.995,1787268342926.917,169424204.214,0.000000000,0.000000000,0.000000000,0.000000000
97,1939.991,1787268342946.912,169424224.209,0.000000000,0.000000000,0.000000000,0.000000000
98,1959.999,1787268342966.920,169424244.218,0.000000000,0.000000000,0.000000000,0.000000000
99,1979.998,1787268342986.919,169424264.216,0.000000000,0.000000000,0.000000000,0.000000000
100,2000.000,1787268343006.921,169424284.218,0.000000000,0.000000000,0.000000000,0.000000000
101,2020.084,1787268343027.005,169424304.302,0.000000000,0.000000000,0.000000000,0.000000000
102,2040.004,1787268343046.925,169424324.222,0.000000000,0.000000000,0.000000000,0.000000000
103,2059.997,1787268343066.918,169424344.216,0.000000000,0.000000000,0.000000000,0.000000000
104,2080.005,1787268343086.926,169424364.224,0.000000000,0.000000000,0.000000000,0.000000000
105,2099.999,1787268343106.920,169424384.217,0.000000000,0.000000000,0.000000000,0.000000000
106,2119.990,1787268343126.911,169424404.209,0.000000000,0.000000000,0.000000000,0.000000000
107,2140.003,1787268343146.924,169424424.221,0.000000000,0.000000000,0.000000000,0.000000000
108,2160.004,1787268343166.925,169424444.222,0.000000000,0.000000000,0.000000000,0.000000000
109,2180.002,1787268343186.923,169424464.220,0.000000000,0.000000000,0.000000000,0.000000000
110,2200.001,1787268343206.922,169424484.219,0.000000000,0.000000000,0.000000000,0.000000000
111,2220.141,1787268343227.062,169424504.359,0.000000000,0.000000000,0.000000000,0.000000000
112,2240.004,1787268343246.925,169424524.222,0.000000000,0.000000000,0.000000000,0.000000000
113,2260.003,1787268343266.924,169424544.221,0.000000000,0.000000000,0.000000000,0.000000000
114,2279.992,1787268343286.913,169424564.210,0.000000000,0.000000000,0.000000000,0.000000000
115,2299.991,1787268343306.912,169424584.209,0.000000000,0.000000000,0.000000000,0.000000000
116,2319.993,1787268343326.914,169424604.211,0.000000000,0.000000000,0.000000000,0.000000000
117,2339.994,1787268343346.915,169424624.212,0.000000000,0.000000000,0.000000000,0.000000000
118,2359.992,1787268343366.913,169424644.210,0.000000000,0.000000000,0.000000000,0.000000000
119,2379.996,1787268343386.917,169424664.214,0.000000000,0.000000000,0.000000000,0.000000000
120,2399.991,1787268343406.912,169424684.209,0.000000000,0.000000000,0.000000000,0.000000000
121,2419.990,1787268343426.911,169424704.209,0.000000000,0.000000000,0.000000000,0.000000000
122,2439.996,1787268343446.917,169424724.215,0.000000000,0.000000000,0.000000000,0.000000000
123,2460.005,1787268343466.926,169424744.223,0.000000000,0.000000000,0.000000000,0.000000000
124,2480.001,1787268343486.922,169424764.219,0.000000000,0.000000000,0.000000000,0.000000000
125,2500.002,1787268343506.923,169424784.220,0.000000000,0.000000000,0.000000000,0.000000000
126,2519.992,1787268343526.913,169424804.211,0.000000000,0.000000000,0.000000000,0.000000000
127,2540.001,1787268343546.922,169424824.220,0.000000000,0.000000000,0.000000000,0.000000000
128,2559.997,1787268343566.918,169424844.215,0.000000000,0.000000000,0.000000000,0.000000000
129,2579.991,1787268343586.912,169424864.210,0.000000000,0.000000000,0.000000000,0.000000000
130,2600.001,1787268343606.922,169424884.219,0.000000000,0.000000000,0.000000000,0.000000000
131,2619.996,1787268343626.917,169424904.214,0.000000000,0.000000000,0.000000000,0.000000000
132,2640.004,1787268343646.925,169424924.223,0.000000000,0.000000000,0.000000000,0.000000000
133,2660.001,1787268343666.922,169424944.219,0.000000000,0.000000000,0.000000000,0.000000000
134,2679.993,1787268343686.914,169424964.211,0.000000000,0.000000000,0.000000000,0.000000000
135,2700.006,1787268343706.927,169424984.225,0.000000000,0.000000000,0.000000000,0.000000000
136,2720.000,1787268343726.921,169425004.218,0.000000000,0.000000000,0.000000000,0.000000000
137,2740.003,1787268343746.924,169425024.222,0.000000000,0.000000000,0.000000000,0.000000000
138,2759.994,1787268343766.916,169425044.213,0.000000000,0.000000000,0.000000000,0.000000000
139,2779.993,1787268343786.914,169425064.211,0.000000000,0.000000000,0.000000000,0.000000000
140,2799.998,1787268343806.919,169425084.216,0.000000000,0.000000000,0.000000000,0.000000000
141,2820.004,1787268343826.925,169425104.222,0.000000000,0.000000000,0.000000000,0.000000000
142,2840.000,1787268343846.921,169425124.219,0.000000000,0.000000000,0.000000000,0.000000000
143,2860.000,1787268343866.921,169425144.218,0.000000000,0.000000000,0.000000000,0.000000000
144,2879.992,1787268343886.913,169425164.210,0.000000000,0.000000000,0.000000000,0.000000000
145,2899.996,1787268343906.917,169425184.214,0.000000000,0.000000000,0.000000000,0.000000000
146,2920.007,1787268343926.928,169425204.226,0.000000000,0.000000000,0.000000000,0.000000000
147,2939.992,1787268343946.913,169425224.210,0.000000000,0.000000000,0.000000000,0.000000000
148,2959.999,1787268343966.920,169425244.218,0.000000000,0.000000000,0.000000000,0.000000000
149,2980.005,1787268343986.926,169425264.223,0.000000000,0.000000000,0.000000000,0.000000000
150,2999.995,1787268344006.916,169425284.213,0.000000000,0.000000000,0.000000000,0.000000000
151,3019.997,1787268344026.918,169425304.215,0.000000000,0.000000000,0.000000000,0.000000000
152,3039.997,1787268344046.918,169425324.215,0.000000000,0.000000000,0.000000000,0.000000000
153,3060.000,1787268344066.921,169425344.218,0.000000000,0.000000000,0.000000000,0.000000000
154,3079.990,1787268344086.911,169425364.209,0.000000000,0.000000000,0.000000000,0.000000000
155,3100.100,1787268344107.021,169425384.318,0.000000000,0.000000000,0.000000000,0.000000000
156,3119.997,1787268344126.918,169425404.215,0.000000000,0.000000000,0.000000000,0.000000000
157,3139.997,1787268344146.918,169425424.215,0.000000000,0.000000000,0.000000000,0.000000000
158,3160.003,1787268344166.925,169425444.222,0.000000000,0.000000000,0.000000000,0.000000000
159,3179.989,1787268344186.910,169425464.208,0.000000000,0.000000000,0.000000000,0.000000000
160,3200.003,1787268344206.924,169425484.221,0.000000000,0.000000000,0.000000000,0.000000000
161,3220.005,1787268344226.926,169425504.224,0.000000000,0.000000000,0.000000000,0.000000000
162,3239.997,1787268344246.918,169425524.216,0.000000000,0.000000000,0.000000000,0.000000000
163,3260.004,1787268344266.925,169425544.223,0.000000000,0.000000000,0.000000000,0.000000000
164,3279.998,1787268344286.919,169425564.216,0.000000000,0.000000000,0.000000000,0.000000000
165,3300.003,1787268344306.924,169425584.222,0.000000000,0.000000000,0.000000000,0.000000000
166,3319.995,1787268344326.916,169425604.213,0.000000000,0.000000000,0.000000000,0.000000000
167,3340.006,1787268344346.927,169425624.224,0.000000000,0.000000000,0.000000000,0.000000000
168,3359.993,1787268344366.915,169425644.212,0.000000000,0.000000000,0.000000000,0.000000000
169,3379.990,1787268344386.911,169425664.208,0.000000000,0.000000000,0.000000000,0.000000000
170,3400.002,1787268344406.923,169425684.221,0.000000000,0.000000000,0.000000000,0.000000000
171,3420.001,1787268344426.922,169425704.220,0.000000000,0.000000000,0.000000000,0.000000000
172,3439.999,1787268344446.920,169425724.217,0.000000000,0.000000000,0.000000000,0.000000000
173,3460.009,1787268344466.930,169425744.227,0.000000000,0.000000000,0.000000000,0.000000000
174,3479.996,1787268344486.917,169425764.215,0.000000000,0.000000000,0.000000000,0.000000000
175,3499.999,1787268344506.920,169425784.217,0.000000000,0.000000000,0.000000000,0.000000000
176,3519.997,1787268344526.918,169425804.215,0.000000000,0.000000000,0.000000000,0.000000000
177,3540.005,1787268344546.926,169425824.223,0.000000000,0.000000000,0.000000000,0.000000000
178,3559.994,1787268344566.916,169425844.213,0.000000000,0.000000000,0.000000000,0.000000000
179,3579.992,1787268344586.913,169425864.210,0.000000000,0.000000000,0.000000000,0.000000000
180,3599.999,1787268344606.920,169425884.217,0.000000000,0.000000000,0.000000000,0.000000000
181,3619.998,1787268344626.919,169425904.216,0.000000000,0.000000000,0.000000000,0.000000000
182,3639.998,1787268344646.919,169425924.217,0.000000000,0.000000000,0.000000000,0.000000000
183,3659.990,1787268344666.911,169425944.208,0.000000000,0.000000000,0.000000000,0.000000000
184,3680.002,1787268344686.923,169425964.221,0.000000000,0.000000000,0.000000000,0.000000000
185,3700.003,1787268344706.925,169425984.222,0.000000000,0.000000000,0.000000000,0.000000000
186,3720.000,1787268344726.922,169426004.219,0.000000000,0.000000000,0.000000000,0.000000000
187,3740.003,1787268344746.924,169426024.221,0.000000000,0.000000000,0.000000000,0.000000000
188,3759.995,1787268344766.916,169426044.213,0.000000000,0.000000000,0.000000000,0.000000000
189,3780.003,1787268344786.925,169426064.222,0.000000000,0.000000000,0.000000000,0.000000000
190,3799.991,1787268344806.912,169426084.210,0.000000000,0.000000000,0.000000000,0.000000000
191,3819.997,1787268344826.918,169426104.215,0.000000000,0.000000000,0.000000000,0.000000000
192,3839.995,1787268344846.916,169426124.214,0.000000000,0.000000000,0.000000000,0.000000000
193,3860.004,1787268344866.925,169426144.222,0.000000000,0.000000000,0.000000000,0.000000000
194,3880.004,1787268344886.925,169426164.222,0.000000000,0.000000000,0.000000000,0.000000000
195,3900.002,1787268344906.923,169426184.220,0.000000000,0.000000000,0.000000000,0.000000000
196,3920.004,1787268344926.925,169426204.222,0.000000000,0.000000000,0.000000000,0.000000000
197,3940.002,1787268344946.923,169426224.221,0.000000000,0.000000000,0.000000000,0.000000000
198,3959.995,1787268344966.916,169426244.213,0.000000000,0.000000000,0.000000000,0.000000000
199,3980.000,1787268344986.921,169426264.218,0.000000000,0.000000000,0.000000000,0.000000000
200,3999.994,1787268345006.916,169426284.213,0.000000000,0.000000000,0.000000000,0.000000000
201,4020.003,1787268345026.924,169426304.222,0.000000000,0.000000000,0.000000000,0.000000000
202,4039.998,1787268345046.919,169426324.216,0.000000000,0.000000000,0.000000000,0.000000000
203,4060.002,1787268345066.923,169426344.221,0.000000000,0.000000000,0.000000000,0.000000000
204,4079.990,1787268345086.911,169426364.208,0.000000000,0.000000000,0.000000000,0.000000000
205,4100.005,1787268345106.926,169426384.223,0.000000000,0.000000000,0.000000000,0.000000000
206,4120.000,1787268345126.921,169426404.218,0.000000000,0.000000000,0.000000000,0.000000000
207,4139.994,1787268345146.915,169426424.212,0.000000000,0.000000000,0.000000000,0.000000000
208,4160.004,1787268345166.925,169426444.223,0.000000000,0.000000000,0.000000000,0.000000000
209,4180.001,1787268345186.922,169426464.219,0.000000000,0.000000000,0.000000000,0.000000000
210,4200.001,1787268345206.922,169426484.219,0.000000000,0.000000000,0.000000000,0.000000000
211,4219.993,1787268345226.914,169426504.211,0.000000000,0.000000000,0.000000000,0.000000000
212,4240.003,1787268345246.924,169426524.221,0.000000000,0.000000000,0.000000000,0.000000000
213,4260.006,1787268345266.927,169426544.224,0.000000000,0.000000000,0.000000000,0.000000000
214,4280.003,1787268345286.925,169426564.222,0.000000000,0.000000000,0.000000000,0.000000000
215,4300.001,1787268345306.922,169426584.219,0.000000000,0.000000000,0.000000000,0.000000000
216,4319.993,1787268345326.915,169426604.212,0.000000000,0.000000000,0.000000000,0.000000000
217,4339.991,1787268345346.912,169426624.209,0.000000000,0.000000000,0.000000000,0.000000000
218,4359.997,1787268345366.918,169426644.215,0.000000000,0.000000000,0.000000000,0.000000000
219,4380.004,1787268345386.925,169426664.222,0.000000000,0.000000000,0.000000000,0.000000000
220,4400.001,1787268345406.922,169426684.220,0.000000000,0.000000000,0.000000000,0.000000000
221,4419.991,1787268345426.912,169426704.209,0.000000000,0.000000000,0.000000000,0.000000000
222,4439.996,1787268345446.917,169426724.215,0.000000000,0.000000000,0.000000000,0.000000000
223,4459.995,1787268345466.917,169426744.214,0.000000000,0.000000000,0.000000000,0.000000000
224,4479.997,1787268345486.918,169426764.215,0.000000000,0.000000000,0.000000000,0.000000000
225,4499.988,1787268345506.909,169426784.207,0.000000000,0.000000000,0.000000000,0.000000000
226,4520.000,1787268345526.921,169426804.219,0.000000000,0.000000000,0.000000000,0.000000000
227,4540.002,1787268345546.923,169426824.220,0.000000000,0.000000000,0.000000000,0.000000000
228,4559.999,1787268345566.920,169426844.217,0.000000000,0.000000000,0.000000000,0.000000000
229,4579.998,1787268345586.919,169426864.216,0.000000000,0.000000000,0.000000000,0.000000000
230,4600.000,1787268345606.921,169426884.218,0.000000000,0.000000000,0.000000000,0.000000000
231,4619.993,1787268345626.914,169426904.212,0.000000000,0.000000000,0.000000000,0.000000000
232,4639.995,1787268345646.916,169426924.213,0.000000000,0.000000000,0.000000000,0.000000000
233,4660.004,1787268345666.925,169426944.222,0.000000000,0.000000000,0.000000000,0.000000000
234,4680.000,1787268345686.921,169426964.219,0.000000000,0.000000000,0.000000000,0.000000000
235,4699.991,1787268345706.912,169426984.209,0.000000000,0.000000000,0.000000000,0.000000000
236,4719.998,1787268345726.919,169427004.216,0.000000000,0.000000000,0.000000000,0.000000000
237,4740.124,1787268345747.046,169427024.343,0.000000000,0.000000000,0.000000000,0.000000000
238,4760.000,1787268345766.921,169427044.218,0.000000000,0.000000000,0.000000000,0.000000000
239,4779.996,1787268345786.917,169427064.214,0.000000000,0.000000000,0.000000000,0.000000000
240,4800.001,1787268345806.922,169427084.219,0.000000000,0.000000000,0.000000000,0.000000000
241,4819.998,1787268345826.919,169427104.216,0.000000000,0.000000000,0.000000000,0.000000000
242,4839.991,1787268345846.912,169427124.210,0.000000000,0.000000000,0.000000000,0.000000000
243,4860.008,1787268345866.929,169427144.226,0.000000000,0.000000000,0.000000000,0.000000000
244,4879.994,1787268345886.915,169427164.213,0.000000000,0.000000000,0.000000000,0.000000000
245,4899.998,1787268345906.919,169427184.216,0.000000000,0.000000000,0.000000000,0.000000000
246,4919.990,1787268345926.911,169427204.209,0.000000000,0.000000000,0.000000000,0.000000000
247,4940.002,1787268345946.923,169427224.220,0.000000000,0.000000000,0.000000000,0.000000000
248,4960.003,1787268345966.924,169427244.221,0.000000000,0.000000000,0.000000000,0.000000000
249,4980.003,1787268345986.924,169427264.221,0.000000000,0.000000000,0.000000000,0.000000000
250,4999.999,1787268346006.920,169427284.218,0.000000000,0.000000000,0.000000000,0.000000000
251,5020.057,1787268346026.978,169427304.276,0.000000000,0.000000000,0.000000000,0.000000000
252,5040.001,1787268346046.922,169427324.219,0.000000000,0.000000000,0.000000000,0.000000000
253,5059.992,1787268346066.913,169427344.210,0.000000000,0.000000000,0.000000000,0.000000000
254,5079.992,1787268346086.914,169427364.211,0.000000000,0.000000000,0.000000000,0.000000000
255,5099.995,1787268346106.916,169427384.213,0.000000000,0.000000000,0.000000000,0.000000000
256,5119.993,1787268346126.914,169427404.211,0.000000000,0.000000000,0.000000000,0.000000000
257,5140.001,1787268346146.922,169427424.220,0.000000000,0.000000000,0.000000000,0.000000000
258,5159.998,1787268346166.918,169427444.216,0.000000000,0.000000000,0.000000000,0.000000000
259,5179.998,1787268346186.918,169427464.216,0.000000000,0.000000000,0.000000000,0.000000000
260,5200.000,1787268346206.921,169427484.218,0.000000000,0.000000000,0.000000000,0.000000000
261,5220.005,1787268346226.926,169427504.223,0.000000000,0.000000000,0.000000000,0.000000000
262,5240.001,1787268346246.922,169427524.219,0.000000000,0.000000000,0.000000000,0.000000000
263,5260.002,1787268346266.923,169427544.221,0.000000000,0.000000000,0.000000000,0.000000000
264,5280.013,1787268346286.934,169427564.231,0.000000000,0.000000000,0.000000000,0.000000000
265,5299.991,1787268346306.912,169427584.210,0.000000000,0.000000000,0.000000000,0.000000000
266,5319.995,1787268346326.916,169427604.213,0.000000000,0.000000000,0.000000000,0.000000000
267,5339.995,1787268346346.916,169427624.213,0.000000000,0.000000000,0.000000000,0.000000000
268,5360.002,1787268346366.923,169427644.220,0.000000000,0.000000000,0.000000000,0.000000000
269,5380.000,1787268346386.921,169427664.218,0.000000000,0.000000000,0.000000000,0.000000000
270,5400.004,1787268346406.926,169427684.223,0.000000000,0.000000000,0.000000000,0.000000000
271,5420.004,1787268346426.926,169427704.223,0.000000000,0.000000000,0.000000000,0.000000000
272,5440.002,1787268346446.923,169427724.220,0.000000000,0.000000000,0.000000000,0.000000000
273,5460.020,1787268346466.941,169427744.238,0.000000000,0.000000000,0.000000000,0.000000000
274,5480.004,1787268346486.925,169427764.222,0.000000000,0.000000000,0.000000000,0.000000000
275,5499.994,1787268346506.915,169427784.213,0.000000000,0.000000000,0.000000000,0.000000000
276,5519.992,1787268346526.913,169427804.210,0.000000000,0.000000000,0.000000000,0.000000000
277,5540.069,1787268346546.990,169427824.288,0.000000000,0.000000000,0.000000000,0.000000000
278,5560.002,1787268346566.923,169427844.221,0.000000000,0.000000000,0.000000000,0.000000000
279,5579.991,1787268346586.912,169427864.210,0.000000000,0.000000000,0.000000000,0.000000000
280,5599.994,1787268346606.915,169427884.213,0.000000000,0.000000000,0.000000000,0.000000000
281,5620.010,1787268346626.931,169427904.229,0.000000000,0.000000000,0.000000000,0.000000000
282,5640.005,1787268346646.927,169427924.224,0.000000000,0.000000000,0.000000000,0.000000000
283,5659.997,1787268346666.917,169427944.215,0.000000000,0.000000000,0.000000000,0.000000000
284,5679.992,1787268346686.913,169427964.211,0.000000000,0.000000000,0.000000000,0.000000000
285,5699.995,1787268346706.916,169427984.214,0.000000000,0.000000000,0.000000000,0.000000000
286,5719.996,1787268346726.917,169428004.214,0.000000000,0.000000000,0.000000000,0.000000000
287,5739.999,1787268346746.920,169428024.218,0.000000000,0.000000000,0.000000000,0.000000000
288,5760.017,1787268346766.938,169428044.235,0.000000000,0.000000000,0.000000000,0.000000000
289,5780.006,1787268346786.927,169428064.224,0.000000000,0.000000000,0.000000000,0.000000000
290,5800.003,1787268346806.924,169428084.221,0.000000000,0.000000000,0.000000000,0.000000000
291,5819.994,1787268346826.915,169428104.213,0.000000000,0.000000000,0.000000000,0.000000000
292,5840.005,1787268346846.926,169428124.223,0.000000000,0.000000000,0.000000000,0.000000000
293,5859.991,1787268346866.912,169428144.210,0.000000000,0.000000000,0.000000000,0.000000000
294,5879.999,1787268346886.920,169428164.217,0.000000000,0.000000000,0.000000000,0.000000000
295,5899.996,1787268346906.917,169428184.215,0.000000000,0.000000000,0.000000000,0.000000000
296,5919.997,1787268346926.918,169428204.215,0.000000000,0.000000000,0.000000000,0.000000000
297,5939.994,1787268346946.915,169428224.212,0.000000000,0.000000000,0.000000000,0.000000000
298,5959.997,1787268346966.918,169428244.215,0.000000000,0.000000000,0.000000000,0.000000000
299,5980.001,1787268346986.922,169428264.220,0.000000000,0.000000000,0.000000000,0.000000000
300,5999.989,1787268347006.910,169428284.208,0.000000000,0.000000000,0.000000000,0.000000000
301,6019.989,1787268347026.910,169428304.207,0.000000000,0.000000000,0.000000000,0.000000000
302,6039.991,1787268347046.912,169428324.209,0.000000000,0.000000000,0.000000000,0.000000000
303,6059.991,1787268347066.912,169428344.209,0.000000000,0.000000000,0.000000000,0.000000000
304,6079.995,1787268347086.916,169428364.213,0.000000000,0.000000000,0.000000000,0.000000000
305,6100.013,1787268347106.934,169428384.231,0.000000000,0.000000000,0.000000000,0.000000000
306,6120.003,1787268347126.924,169428404.221,0.000000000,0.000000000,0.000000000,0.000000000
307,6140.014,1787268347146.935,169428424.232,0.000000000,0.000000000,0.000000000,0.000000000
308,6159.992,1787268347166.913,169428444.211,0.000000000,0.000000000,0.000000000,0.000000000
309,6180.002,1787268347186.923,169428464.220,0.000000000,0.000000000,0.000000000,0.000000000
310,6199.991,1787268347206.912,169428484.210,0.000000000,0.000000000,0.000000000,0.000000000
311,6220.004,1787268347226.925,169428504.222,0.000000000,0.000000000,0.000000000,0.000000000
312,6239.992,1787268347246.914,169428524.211,0.000000000,0.000000000,0.000000000,0.000000000
313,6260.003,1787268347266.924,169428544.221,0.000000000,0.000000000,0.000000000,0.000000000
314,6279.999,1787268347286.920,169428564.217,0.000000000,0.000000000,0.000000000,0.000000000
315,6299.991,1787268347306.912,169428584.209,0.000000000,0.000000000,0.000000000,0.000000000
316,6319.997,1787268347326.918,169428604.215,0.000000000,0.000000000,0.000000000,0.000000000
317,6339.991,1787268347346.912,169428624.210,0.000000000,0.000000000,0.000000000,0.000000000
318,6359.989,1787268347366.910,169428644.208,0.000000000,0.000000000,0.000000000,0.000000000
319,6380.029,1787268347386.950,169428664.247,0.000000000,0.000000000,0.000000000,0.000000000
320,6399.988,1787268347406.909,169428684.207,0.000000000,0.000000000,0.000000000,0.000000000
321,6419.989,1787268347426.910,169428704.207,0.000000000,0.000000000,0.000000000,0.000000000
322,6439.989,1787268347446.910,169428724.208,0.000000000,0.000000000,0.000000000,0.000000000
323,6459.990,1787268347466.911,169428744.208,0.000000000,0.000000000,0.000000000,0.000000000
324,6480.000,1787268347486.921,169428764.219,0.000000000,0.000000000,0.000000000,0.000000000
325,6499.999,1787268347506.920,169428784.218,0.000000000,0.000000000,0.000000000,0.000000000
326,6520.001,1787268347526.922,169428804.219,0.000000000,0.000000000,0.000000000,0.000000000
327,6539.991,1787268347546.912,169428824.209,0.000000000,0.000000000,0.000000000,0.000000000
328,6560.030,1787268347566.951,169428844.248,0.000000000,0.000000000,0.000000000,0.000000000
329,6580.003,1787268347586.924,169428864.222,0.000000000,0.000000000,0.000000000,0.000000000
330,6599.997,1787268347606.918,169428884.215,0.000000000,0.000000000,0.000000000,0.000000000
331,6619.995,1787268347626.917,169428904.214,0.000000000,0.000000000,0.000000000,0.000000000
332,6639.999,1787268347646.920,169428924.217,0.000000000,0.000000000,0.000000000,0.000000000
333,6660.000,1787268347666.921,169428944.219,0.000000000,0.000000000,0.000000000,0.000000000
334,6679.989,1787268347686.910,169428964.208,0.000000000,0.000000000,0.000000000,0.000000000
335,6700.004,1787268347706.925,169428984.222,0.000000000,0.000000000,0.000000000,0.000000000
336,6719.993,1787268347726.914,169429004.211,0.000000000,0.000000000,0.000000000,0.000000000
337,6739.995,1787268347746.916,169429024.213,0.000000000,0.000000000,0.000000000,0.000000000
338,6760.002,1787268347766.923,169429044.220,0.000000000,0.000000000,0.000000000,0.000000000
339,6779.997,1787268347786.918,169429064.216,0.000000000,0.000000000,0.000000000,0.000000000
340,6800.002,1787268347806.923,169429084.220,0.000000000,0.000000000,0.000000000,0.000000000
341,6819.990,1787268347826.911,169429104.208,0.000000000,0.000000000,0.000000000,0.000000000
342,6839.992,1787268347846.913,169429124.210,0.000000000,0.000000000,0.000000000,0.000000000
343,6859.998,1787268347866.919,169429144.217,0.000000000,0.000000000,0.000000000,0.000000000
344,6879.991,1787268347886.912,169429164.210,0.000000000,0.000000000,0.000000000,0.000000000
345,6900.002,1787268347906.923,169429184.220,0.000000000,0.000000000,0.000000000,0.000000000
346,6920.001,1787268347926.922,169429204.219,0.000000000,0.000000000,0.000000000,0.000000000
347,6940.002,1787268347946.923,169429224.220,0.000000000,0.000000000,0.000000000,0.000000000
348,6959.993,1787268347966.914,169429244.211,0.000000000,0.000000000,0.000000000,0.000000000
349,6979.995,1787268347986.916,169429264.214,0.000000000,0.000000000,0.000000000,0.000000000
350,7000.001,1787268348006.922,169429284.220,0.000000000,0.000000000,0.000000000,0.000000000
351,7020.001,1787268348026.922,169429304.219,0.000000000,0.000000000,0.000000000,0.000000000
352,7039.989,1787268348046.910,169429324.207,0.000000000,0.000000000,0.000000000,0.000000000
353,7060.001,1787268348066.923,169429344.220,0.000000000,0.000000000,0.000000000,0.000000000
354,7079.990,1787268348086.911,169429364.208,0.000000000,0.000000000,0.000000000,0.000000000
355,7100.001,1787268348106.922,169429384.219,0.000000000,0.000000000,0.000000000,0.000000000
356,7119.991,1787268348126.912,169429404.209,0.000000000,0.000000000,0.000000000,0.000000000
357,7140.001,1787268348146.922,169429424.219,0.000000000,0.000000000,0.000000000,0.000000000
358,7159.995,1787268348166.916,169429444.213,0.000000000,0.000000000,0.000000000,0.000000000
359,7179.990,1787268348186.911,169429464.208,0.000000000,0.000000000,0.000000000,0.000000000
360,7200.000,1787268348206.921,169429484.218,0.000000000,0.000000000,0.000000000,0.000000000
361,7219.992,1787268348226.913,169429504.211,0.000000000,0.000000000,0.000000000,0.000000000
362,7239.997,1787268348246.918,169429524.216,0.000000000,0.000000000,0.000000000,0.000000000
363,7259.993,1787268348266.914,169429544.211,0.000000000,0.000000000,0.000000000,0.000000000
364,7279.989,1787268348286.910,169429564.208,0.000000000,0.000000000,0.000000000,0.000000000
365,7300.008,1787268348306.929,169429584.227,0.000000000,0.000000000,0.000000000,0.000000000
366,7319.990,1787268348326.911,169429604.209,0.000000000,0.000000000,0.000000000,0.000000000
367,7339.989,1787268348346.910,169429624.208,0.000000000,0.000000000,0.000000000,0.000000000
368,7359.998,1787268348366.919,169429644.217,0.000000000,0.000000000,0.000000000,0.000000000
369,7380.000,1787268348386.921,169429664.219,0.000000000,0.000000000,0.000000000,0.000000000
370,7400.005,1787268348406.926,169429684.224,0.000000000,0.000000000,0.000000000,0.000000000
371,7419.998,1787268348426.918,169429704.216,0.000000000,0.000000000,0.000000000,0.000000000
372,7440.006,1787268348446.927,169429724.224,0.000000000,0.000000000,0.000000000,0.000000000
373,7459.991,1787268348466.912,169429744.210,0.000000000,0.000000000,0.000000000,0.000000000
374,7479.999,1787268348486.920,169429764.218,0.000000000,0.000000000,0.000000000,0.000000000
375,7500.004,1787268348506.925,169429784.222,0.000000000,0.000000000,0.000000000,0.000000000
376,7519.991,1787268348526.912,169429804.209,0.000000000,0.000000000,0.000000000,0.000000000
377,7539.997,1787268348546.918,169429824.215,0.000000000,0.000000000,0.000000000,0.000000000
378,7560.000,1787268348566.921,169429844.218,0.000000000,0.000000000,0.000000000,0.000000000
379,7580.002,1787268348586.923,169429864.220,0.000000000,0.000000000,0.000000000,0.000000000
380,7600.003,1787268348606.924,169429884.221,0.000000000,0.000000000,0.000000000,0.000000000
381,7619.993,1787268348626.914,169429904.212,0.000000000,0.000000000,0.000000000,0.000000000
382,7639.993,1787268348646.915,169429924.212,0.000000000,0.000000000,0.000000000,0.000000000
383,7659.992,1787268348666.913,169429944.210,0.000000000,0.000000000,0.000000000,0.000000000
384,7680.019,1787268348686.941,169429964.238,0.000000000,0.000000000,0.000000000,0.000000000
385,7699.990,1787268348706.911,169429984.209,0.000000000,0.000000000,0.000000000,0.000000000
386,7720.002,1787268348726.923,169430004.220,0.000000000,0.000000000,0.000000000,0.000000000
387,7739.989,1787268348746.910,169430024.207,0.000000000,0.000000000,0.000000000,0.000000000
388,7759.991,1787268348766.912,169430044.209,0.000000000,0.000000000,0.000000000,0.000000000
389,7779.988,1787268348786.910,169430064.207,0.000000000,0.000000000,0.000000000,0.000000000
390,7799.990,1787268348806.911,169430084.208,0.000000000,0.000000000,0.000000000,0.000000000
391,7819.994,1787268348826.915,169430104.212,0.000000000,0.000000000,0.000000000,0.000000000
392,7840.001,1787268348846.922,169430124.219,0.000000000,0.000000000,0.000000000,0.000000000
393,7860.000,1787268348866.921,169430144.218,0.000000000,0.000000000,0.000000000,0.000000000
394,7879.995,1787268348886.916,169430164.214,0.000000000,0.000000000,0.000000000,0.000000000
395,7899.993,1787268348906.914,169430184.211,0.000000000,0.000000000,0.000000000,0.000000000
396,7920.003,1787268348926.924,169430204.222,0.000000000,0.000000000,0.000000000,0.000000000
397,7939.993,1787268348946.914,169430224.211,0.000000000,0.000000000,0.000000000,0.000000000
398,7959.992,1787268348966.913,169430244.210,0.000000000,0.000000000,0.000000000,0.000000000
399,7979.989,1787268348986.910,169430264.207,0.000000000,0.000000000,0.000000000,0.000000000
400,7999.998,1787268349006.918,169430284.216,0.000000000,0.000000000,0.000000000,0.000000000
401,8019.989,1787268349026.910,169430304.207,0.000000000,0.000000000,0.000000000,0.000000000
402,8040.002,1787268349046.923,169430324.221,0.000000000,0.000000000,0.000000000,0.000000000
403,8059.992,1787268349066.914,169430344.211,0.000000000,0.000000000,0.000000000,0.000000000
404,8080.001,1787268349086.922,169430364.219,0.000000000,0.000000000,0.000000000,0.000000000
405,8099.991,1787268349106.912,169430384.210,0.000000000,0.000000000,0.000000000,0.000000000
406,8120.072,1787268349126.993,169430404.290,0.000000000,0.000000000,0.000000000,0.000000000
407,8139.997,1787268349146.918,169430424.215,0.000000000,0.000000000,0.000000000,0.000000000
408,8159.996,1787268349166.917,169430444.214,0.000000000,0.000000000,0.000000000,0.000000000
409,8179.994,1787268349186.915,169430464.212,0.000000000,0.000000000,0.000000000,0.000000000
410,8200.004,1787268349206.925,169430484.223,0.000000000,0.000000000,0.000000000,0.000000000
411,8220.008,1787268349226.928,169430504.226,0.000000000,0.000000000,0.000000000,0.000000000
412,8239.993,1787268349246.914,169430524.211,0.000000000,0.000000000,0.000000000,0.000000000
413,8260.002,1787268349266.923,169430544.220,0.000000000,0.000000000,0.000000000,0.000000000
414,8279.992,1787268349286.913,169430564.211,0.000000000,0.000000000,0.000000000,0.000000000
415,8300.000,1787268349306.921,169430584.219,0.000000000,0.000000000,0.000000000,0.000000000
416,8319.991,1787268349326.912,169430604.210,0.000000000,0.000000000,0.000000000,0.000000000
417,8340.004,1787268349346.925,169430624.222,0.000000000,0.000000000,0.000000000,0.000000000
418,8360.003,1787268349366.924,169430644.222,0.000000000,0.000000000,0.000000000,0.000000000
419,8379.989,1787268349386.910,169430664.208,0.000000000,0.000000000,0.000000000,0.000000000
420,8400.099,1787268349407.020,169430684.318,0.000000000,0.000000000,0.000000000,0.000000000
421,8419.994,1787268349426.915,169430704.212,0.000000000,0.000000000,0.000000000,0.000000000
422,8439.997,1787268349446.918,169430724.215,0.000000000,0.000000000,0.000000000,0.000000000
423,8460.000,1787268349466.921,169430744.218,0.000000000,0.000000000,0.000000000,0.000000000
424,8479.998,1787268349486.919,169430764.217,0.000000000,0.000000000,0.000000000,0.000000000
425,8500.004,1787268349506.925,169430784.222,0.000000000,0.000000000,0.000000000,0.000000000
426,8519.997,1787268349526.918,169430804.216,0.000000000,0.000000000,0.000000000,0.000000000
427,8540.008,1787268349546.929,169430824.227,0.000000000,0.000000000,0.000000000,0.000000000
428,8559.993,1787268349566.914,169430844.212,0.000000000,0.000000000,0.000000000,0.000000000
429,8579.998,1787268349586.919,169430864.217,0.000000000,0.000000000,0.000000000,0.000000000
430,8599.989,1787268349606.910,169430884.207,0.000000000,0.000000000,0.000000000,0.000000000
431,8619.994,1787268349626.915,169430904.212,0.000000000,0.000000000,0.000000000,0.000000000
432,8639.999,1787268349646.920,169430924.217,0.000000000,0.000000000,0.000000000,0.000000000
433,8659.994,1787268349666.915,169430944.212,0.000000000,0.000000000,0.000000000,0.000000000
434,8680.000,1787268349686.921,169430964.218,0.000000000,0.000000000,0.000000000,0.000000000
435,8699.992,1787268349706.913,169430984.210,0.000000000,0.000000000,0.000000000,0.000000000
436,8720.015,1787268349726.936,169431004.233,0.000000000,0.000000000,0.000000000,0.000000000
437,8739.994,1787268349746.915,169431024.213,0.000000000,0.000000000,0.000000000,0.000000000
438,8759.996,1787268349766.917,169431044.214,0.000000000,0.000000000,0.000000000,0.000000000
439,8779.995,1787268349786.916,169431064.214,0.000000000,0.000000000,0.000000000,0.000000000
440,8799.993,1787268349806.914,169431084.211,0.000000000,0.000000000,0.000000000,0.000000000
441,8819.992,1787268349826.914,169431104.211,0.000000000,0.000000000,0.000000000,0.000000000
442,8839.989,1787268349846.911,169431124.208,0.000000000,0.000000000,0.000000000,0.000000000
443,8860.023,1787268349866.944,169431144.241,0.000000000,0.000000000,0.000000000,0.000000000
444,8879.994,1787268349886.915,169431164.212,0.000000000,0.000000000,0.000000000,0.000000000
445,8899.993,1787268349906.914,169431184.211,0.000000000,0.000000000,0.000000000,0.000000000
446,8919.989,1787268349926.910,169431204.207,0.000000000,0.000000000,0.000000000,0.000000000
447,8939.999,1787268349946.920,169431224.218,0.000000000,0.000000000,0.000000000,0.000000000
448,8960.001,1787268349966.922,169431244.219,0.000000000,0.000000000,0.000000000,0.000000000
449,8980.002,1787268349986.923,169431264.220,0.000000000,0.000000000,0.000000000,0.000000000
450,9000.001,1787268350006.922,169431284.220,0.000000000,0.000000000,0.000000000,0.000000000
451,9020.000,1787268350026.921,169431304.218,0.000000000,0.000000000,0.000000000,0.000000000
452,9039.997,1787268350046.917,169431324.215,0.000000000,0.000000000,0.000000000,0.000000000
453,9060.000,1787268350066.921,169431344.219,0.000000000,0.000000000,0.000000000,0.000000000
454,9080.003,1787268350086.925,169431364.222,0.000000000,0.000000000,0.000000000,0.000000000
455,9100.000,1787268350106.922,169431384.219,0.000000000,0.000000000,0.000000000,0.000000000
456,9119.993,1787268350126.914,169431404.211,0.000000000,0.000000000,0.000000000,0.000000000
457,9139.996,1787268350146.917,169431424.214,0.000000000,0.000000000,0.000000000,0.000000000
458,9160.002,1787268350166.923,169431444.220,0.000000000,0.000000000,0.000000000,0.000000000
459,9180.004,1787268350186.925,169431464.223,0.000000000,0.000000000,0.000000000,0.000000000
460,9199.992,1787268350206.914,169431484.211,0.000000000,0.000000000,0.000000000,0.000000000
461,9219.996,1787268350226.917,169431504.214,0.000000000,0.000000000,0.000000000,0.000000000
462,9239.995,1787268350246.916,169431524.213,0.000000000,0.000000000,0.000000000,0.000000000
463,9259.998,1787268350266.919,169431544.216,0.000000000,0.000000000,0.000000000,0.000000000
464,9280.001,1787268350286.922,169431564.219,0.000000000,0.000000000,0.000000000,0.000000000
465,9300.000,1787268350306.921,169431584.218,0.000000000,0.000000000,0.000000000,0.000000000
466,9319.997,1787268350326.918,169431604.216,0.000000000,0.000000000,0.000000000,0.000000000
467,9340.002,1787268350346.923,169431624.221,0.000000000,0.000000000,0.000000000,0.000000000
468,9360.002,1787268350366.923,169431644.220,0.000000000,0.000000000,0.000000000,0.000000000
469,9380.001,1787268350386.922,169431664.219,0.000000000,0.000000000,0.000000000,0.000000000
470,9400.001,1787268350406.922,169431684.219,0.000000000,0.000000000,0.000000000,0.000000000
471,9419.995,1787268350426.916,169431704.214,0.000000000,0.000000000,0.000000000,0.000000000
472,9439.995,1787268350446.916,169431724.213,0.000000000,0.000000000,0.000000000,0.000000000
473,9460.010,1787268350466.931,169431744.228,0.000000000,0.000000000,0.000000000,0.000000000
474,9479.995,1787268350486.916,169431764.213,0.000000000,0.000000000,0.000000000,0.000000000
475,9499.990,1787268350506.911,169431784.208,0.000000000,0.000000000,0.000000000,0.000000000
476,9519.991,1787268350526.912,169431804.210,0.000000000,0.000000000,0.000000000,0.000000000
477,9539.993,1787268350546.914,169431824.212,0.000000000,0.000000000,0.000000000,0.000000000
478,9559.994,1787268350566.915,169431844.212,0.000000000,0.000000000,0.000000000,0.000000000
479,9579.999,1787268350586.920,169431864.217,0.000000000,0.000000000,0.000000000,0.000000000
480,9600.001,1787268350606.922,169431884.219,0.000000000,0.000000000,0.000000000,0.000000000
481,9620.002,1787268350626.923,169431904.220,0.000000000,0.000000000,0.000000000,0.000000000
482,9639.997,1787268350646.918,169431924.215,0.000000000,0.000000000,0.000000000,0.000000000
483,9660.001,1787268350666.922,169431944.220,0.000000000,0.000000000,0.000000000,0.000000000
484,9680.000,1787268350686.921,169431964.218,0.000000000,0.000000000,0.000000000,0.000000000
485,9699.998,1787268350706.919,169431984.216,0.000000000,0.000000000,0.000000000,0.000000000
486,9719.991,1787268350726.912,169432004.210,0.000000000,0.000000000,0.000000000,0.000000000
487,9739.988,1787268350746.909,169432024.206,0.000000000,0.000000000,0.000000000,0.000000000
488,9760.017,1787268350766.938,169432044.236,0.000000000,0.000000000,0.000000000,0.000000000
489,9779.999,1787268350786.920,169432064.218,0.000000000,0.000000000,0.000000000,0.000000000
490,9800.001,1787268350806.922,169432084.220,0.000000000,0.000000000,0.000000000,0.000000000
491,9819.997,1787268350826.918,169432104.215,0.000000000,0.000000000,0.000000000,0.000000000
492,9840.003,1787268350846.924,169432124.221,0.000000000,0.000000000,0.000000000,0.000000000
493,9859.999,1787268350866.920,169432144.217,0.000000000,0.000000000,0.000000000,0.000000000
494,9880.005,1787268350886.926,169432164.223,0.000000000,0.000000000,0.000000000,0.000000000
495,9900.000,1787268350906.922,169432184.219,0.000000000,0.000000000,0.000000000,0.000000000
496,9919.990,1787268350926.911,169432204.208,0.000000000,0.000000000,0.000000000,0.000000000
497,9939.997,1787268350946.917,169432224.215,0.000000000,0.000000000,0.000000000,0.000000000
498,9960.003,1787268350966.924,169432244.221,0.000000000,0.000000000,0.000000000,0.000000000
499,9979.989,1787268350986.910,169432264.207,0.000000000,0.000000000,0.000000000,0.000000000
500,10000.007,1787268351006.928,169432284.225,0.000000000,0.000000000,0.000000000,0.000000000
501,10019.998,1787268351026.919,169432304.216,0.000000000,0.000000000,0.000000000,0.000000000
502,10039.997,1787268351046.918,169432324.216,0.000000000,0.000000000,0.000000000,0.000000000
503,10060.005,1787268351066.926,169432344.223,0.000000000,0.000000000,0.000000000,0.000000000
504,10080.020,1787268351086.941,169432364.238,0.000000000,0.000000000,0.000000000,0.000000000
505,10099.988,1787268351106.909,169432384.206,0.000000000,0.000000000,0.000000000,0.000000000
506,10119.999,1787268351126.920,169432404.217,0.000000000,0.000000000,0.000000000,0.000000000
507,10139.998,1787268351146.919,169432424.217,0.000000000,0.000000000,0.000000000,0.000000000
508,10159.994,1787268351166.915,169432444.213,0.000000000,0.000000000,0.000000000,0.000000000
509,10180.000,1787268351186.921,169432464.219,0.000000000,0.000000000,0.000000000,0.000000000
510,10200.000,1787268351206.921,169432484.218,0.000000000,0.000000000,0.000000000,0.000000000
511,10219.997,1787268351226.918,169432504.215,0.000000000,-0.000000007,0.000000025,-0.000000009
512,10239.998,1787268351246.919,169432524.216,0.000000000,-0.000000006,0.000000038,-0.000000011
513,10260.000,1787268351266.921,169432544.218,0.000000000,-0.000000007,0.000000035,-0.000000013
514,10279.998,1787268351286.919,169432564.216,0.000000000,-0.000000009,0.000000035,-0.000000010
515,10300.049,1787268351306.970,169432584.268,0.000000000,0.012086010,-0.613398790,-0.000880896
516,10320.005,1787268351326.926,169432604.223,0.000000000,-0.005354560,-0.634967029,0.003016407
517,10340.007,1787268351346.928,169432624.226,0.000000000,-0.006172063,-0.493726134,0.008347454
518,10360.007,1787268351366.928,169432644.225,0.000000000,0.017619355,-0.235515058,0.007127129
519,10379.999,1787268351386.920,169432664.217,0.000000000,0.012219231,-0.151426286,0.003538998
520,10400.004,1787268351406.925,169432684.222,0.000000000,0.001599016,-0.071324944,0.004939497
521,10419.991,1787268351426.912,169432704.210,0.000000000,0.004182542,-0.010935570,0.003548940
522,10440.003,1787268351446.924,169432724.222,0.000000000,0.000300591,0.016377846,-0.002076568
523,10459.997,1787268351466.918,169432744.216,0.000000000,0.009641549,0.063117430,0.004384862
524,10479.997,1787268351486.918,169432764.216,0.000000000,-0.000880752,0.072284415,0.002967963
525,10500.004,1787268351506.926,169432784.223,0.000000000,0.006966424,0.098828383,0.010013141
526,10519.998,1787268351526.919,169432804.216,0.000000000,0.004433676,0.121026382,-0.001358435
527,10540.006,1787268351546.927,169432824.225,0.000000000,-0.003224831,0.128685430,0.001155223
528,10559.996,1787268351566.917,169432844.214,0.000000000,0.009430231,0.152549267,0.007686887
529,10579.998,1787268351586.918,169432864.216,0.000000000,0.010082922,0.162076250,0.011668078
530,10599.996,1787268351606.917,169432884.215,0.000000000,0.010436469,0.191657051,0.005657990
531,10620.022,1787268351626.943,169432904.240,0.000000000,0.005498791,0.195596740,0.004978654
532,10639.993,1787268351646.914,169432924.212,0.000000000,0.002335766,0.209601313,0.006107023
533,10660.003,1787268351666.924,169432944.221,0.000000000,-0.000436920,0.226189286,0.003890914
534,10679.998,1787268351686.919,169432964.217,0.000000000,-0.006444748,0.239370793,0.012095563
535,10699.992,1787268351706.914,169432984.211,0.000000000,-0.006408534,0.255748987,0.009382503
536,10720.003,1787268351726.925,169433004.222,0.000000000,-0.016959101,0.265817821,-0.002463286
537,10739.992,1787268351746.913,169433024.210,0.000000000,-0.004956472,0.292411625,0.011136678
538,10759.998,1787268351766.919,169433044.216,0.000000000,0.003807946,0.303633809,0.015807712
539,10780.001,1787268351786.922,169433064.219,0.000000000,-0.001906108,0.319849879,0.014290153
540,10800.013,1787268351806.934,169433084.232,0.000000000,-0.005447602,0.335714012,0.012322953
541,10819.989,1787268351826.910,169433104.208,0.000000000,-0.009101272,0.355295986,0.009324474
542,10839.990,1787268351846.911,169433124.208,0.000000000,-0.011387233,0.374125481,0.014246671
543,10859.997,1787268351866.918,169433144.215,0.000000000,-0.000413309,0.387846142,0.018652087
544,10880.003,1787268351886.925,169433164.222,0.000000000,0.000300305,0.415823519,0.018209023
545,10899.999,1787268351906.920,169433184.218,0.000000000,-0.002048089,0.428985298,0.015396918
546,10919.990,1787268351926.911,169433204.208,0.000000000,0.003671595,0.451907635,0.020819485
547,10939.995,1787268351946.916,169433224.213,0.000000000,-0.003345158,0.477099627,0.014713425
548,10960.000,1787268351966.921,169433244.218,0.000000000,-0.001425129,0.490044236,0.016110290
549,10979.995,1787268351986.916,169433264.214,0.000000000,-0.000355205,0.518005431,0.019789970
550,11000.000,1787268352006.921,169433284.218,0.000000000,-0.007661138,0.531593621,0.015883040
551,11020.000,1787268352026.921,169433304.219,0.000000000,-0.021670284,0.561807990,0.003967876
552,11039.989,1787268352046.910,169433324.207,0.000000000,-0.008544963,0.574977994,0.016509369
553,11059.999,1787268352066.920,169433344.218,0.000000000,-0.010056595,0.608617246,0.018493701
554,11080.003,1787268352086.924,169433364.221,0.000000000,-0.005976581,0.627726674,0.019104909
555,11100.001,1787268352106.922,169433384.219,0.000000000,-0.012768711,0.655522525,0.016490614
556,11119.989,1787268352126.910,169433404.207,0.000000000,0.005180972,0.697957695,0.025814598
557,11139.991,1787268352146.912,169433424.210,0.000000000,0.009341501,0.710780740,0.030831885
558,11160.003,1787268352166.924,169433444.221,0.000000000,-0.007382039,0.762526751,0.027258413
559,11179.997,1787268352186.918,169433464.215,0.000000000,-0.016000014,0.780148804,0.020133827
560,11200.000,1787268352206.921,169433484.219,0.000000000,-0.007980366,0.821544409,0.030920215
561,11220.004,1787268352226.925,169433504.222,0.000000000,-0.013351629,0.869022727,0.028467471
562,11240.000,1787268352246.921,169433524.218,0.000000000,-0.029365832,1.713462949,0.039229397
563,11260.002,1787268352266.923,169433544.220,0.000000000,-0.019082079,1.534072280,0.035239611
564,11279.998,1787268352286.920,169433564.217,0.000000000,0.004222290,1.480886459,0.053474318
565,11300.001,1787268352306.922,169433584.220,0.000000000,-0.003138276,1.399126291,0.043264404
566,11319.998,1787268352326.919,169433604.217,0.000000000,-0.016394658,1.339619756,0.035366528
567,11340.004,1787268352346.925,169433624.222,0.000000000,-0.010115962,1.305109739,0.039472338
568,11359.996,1787268352366.917,169433644.215,0.000000000,-0.019953405,1.267608404,0.032336634
569,11380.003,1787268352386.925,169433664.222,0.000000000,-0.017628592,1.262080312,0.036883056
570,11400.001,1787268352406.922,169433684.220,0.000000000,-0.026894046,1.236986160,0.042271316
571,11419.995,1787268352426.916,169433704.213,0.000000000,-0.017312357,1.235691309,0.044522513
572,11439.999,1787268352446.920,169433724.217,0.000000000,-0.029623233,1.232743740,0.043901790
573,11459.991,1787268352466.912,169433744.209,0.000000000,-0.024646567,1.253870368,0.049864125
574,11479.994,1787268352486.916,169433764.213,0.000000000,-0.031254277,1.273517251,0.052632056
575,11499.996,1787268352506.917,169433784.214,0.000000000,-0.025239486,1.313576698,0.054925170
576,11519.996,1787268352526.917,169433804.214,0.000000000,-0.027663916,1.323308825,0.055815961
577,11540.006,1787268352546.927,169433824.224,0.000000000,-0.029244246,1.411525726,0.061252464
578,11559.991,1787268352566.912,169433844.210,0.000000000,-0.059927877,1.450910568,0.022550119
579,11580.007,1787268352586.928,169433864.225,0.000000000,-0.010527555,1.545238137,0.100287065
580,11599.993,1787268352606.914,169433884.211,0.000000000,-0.033965629,1.637201786,0.028207269
581,11620.001,1787268352626.922,169433904.219,0.000000000,-0.029007247,1.713715315,0.063753821
582,11639.992,1787268352646.914,169433924.211,0.000000000,-0.018378818,1.827893615,0.082549624
583,11661.205,1787268352668.126,169433945.424,0.000000000,-0.076468639,1.873041868,0.091426127
584,11679.993,1787268352686.915,169433964.212,0.000000000,-0.036055759,2.007242680,0.084776208
585,11699.998,1787268352706.918,169433984.216,0.000000000,-0.017029483,2.041712761,0.070908777
586,11720.002,1787268352726.923,169434004.221,0.000000000,-0.053113941,2.154036283,0.062769510
587,11740.001,1787268352746.922,169434024.219,0.000000000,-0.060966060,2.185171604,0.065146878
588,11759.992,1787268352766.913,169434044.211,0.000000000,-0.051022381,2.253814936,0.037460856
589,11779.998,1787268352786.919,169434064.216,0.000000000,-0.054496784,2.314378023,0.048463829
590,11799.998,1787268352806.919,169434084.216,0.000000000,-0.074331321,2.353018761,0.084136583
591,11819.991,1787268352826.912,169434104.209,0.000000000,-0.048600942,2.464198828,0.044887990
592,11839.994,1787268352846.915,169434124.212,0.000000000,-0.056502335,2.499032021,0.064054176
593,11859.999,1787268352866.920,169434144.218,0.000000000,-0.040350828,2.604612589,0.053977843
594,11880.000,1787268352886.921,169434164.218,0.000000000,-0.059535336,2.636737585,0.071070142
595,11900.011,1787268352906.932,169434184.230,0.000000000,-0.048632056,2.749453545,0.059917539
596,11920.009,1787268352926.930,169434204.227,0.000000000,-0.050653700,2.773979425,0.063269749
597,11940.001,1787268352946.922,169434224.219,0.000000000,-0.043855913,2.903306723,0.082696460
598,11960.003,1787268352966.924,169434244.222,0.000000000,-0.045277633,2.948916912,0.078880541
599,11980.000,1787268352986.921,169434264.219,0.000000000,-0.044913746,3.058055162,0.072985329
600,11999.999,1787268353006.920,169434284.217,0.000000000,-0.044329476,3.155472517,0.069764048
601,12019.992,1787268353026.913,169434304.210,0.000000000,-0.046487954,3.212037086,0.073649682
602,12039.994,1787268353046.915,169434324.212,0.000000000,-0.043368280,3.331655502,0.061604448
603,12060.005,1787268353066.926,169434344.223,0.000000000,-0.044114735,3.369233131,0.063497134
604,12079.994,1787268353086.915,169434364.212,0.000000000,-0.043728709,3.436012506,0.065369219
605,12099.991,1787268353106.912,169434384.209,0.000000000,-0.042619105,3.477133274,0.070784040
606,12119.998,1787268353126.919,169434404.217,0.000000000,-0.045477066,3.512673140,0.073063545
607,12140.002,1787268353146.923,169434424.221,0.000000000,-0.497029155,3.083252192,0.006556883
608,12160.005,1787268353166.926,169434444.223,0.000000000,-0.460964531,2.996994495,0.042925142
609,12180.007,1787268353186.928,169434464.226,0.000000000,-0.430962622,2.914469957,0.017182276
610,12199.990,1787268353206.911,169434484.209,0.000000000,-0.427242041,2.889916420,0.005583013
611,12219.996,1787268353226.917,169434504.215,0.000000000,-0.416000694,2.855343819,-0.011370103
612,12239.995,1787268353246.916,169434524.213,0.000000000,-0.436947703,2.849850655,0.033361997
613,12259.992,1787268353266.913,169434544.210,0.000000000,-0.433871776,2.918885469,0.109909773
614,12280.002,1787268353286.923,169434564.221,0.000000000,-0.426132381,2.959744692,0.114000879
615,12300.002,1787268353306.923,169434584.220,0.000000000,-0.384074748,2.856571674,0.037527550
616,12320.001,1787268353326.922,169434604.220,0.000000000,-0.373418152,2.943299770,0.017493021
617,12340.002,1787268353346.923,169434624.220,0.000000000,0.777148187,7.554426670,0.029659554
618,12360.006,1787268353366.927,169434644.224,0.000000000,1.104578257,6.637018204,0.099884816
619,12380.002,1787268353386.923,169434664.221,0.000000000,0.895521522,6.072030067,0.393613815
620,12400.010,1787268353406.931,169434684.228,0.000000000,0.277324587,1.085781574,0.354488850
621,12420.005,1787268353426.927,169434704.224,0.000000000,0.188134059,0.991862476,0.332164496
622,12439.994,1787268353446.915,169434724.213,0.000000000,0.189645216,1.528199911,0.392521083
623,12460.003,1787268353466.925,169434744.222,0.000000000,0.208596364,1.535488963,0.394809574
624,12479.999,1787268353486.920,169434764.218,0.000000000,0.230224043,1.392061234,0.407238632
625,12499.998,1787268353506.920,169434784.217,0.000000000,0.249189496,1.209301591,0.407657802
626,12519.998,1787268353526.918,169434804.216,0.000000000,0.264009595,1.021490097,0.404651374
627,12539.999,1787268353546.920,169434824.217,0.000000000,0.271104664,0.651926577,0.401263565
628,12560.079,1787268353567.000,169434844.297,0.000000000,0.274426758,0.566395342,0.399422616
629,12580.004,1787268353586.925,169434864.222,0.000000000,0.279934168,0.285548478,0.394151986
630,12599.998,1787268353606.919,169434884.217,0.000000000,0.261477381,0.053385850,0.390580237
631,12619.997,1787268353626.918,169434904.215,0.000000000,0.247394815,-0.175062791,0.373100787
632,12640.004,1787268353646.926,169434924.223,0.000000000,0.188374162,-0.417838842,0.343202055
633,12660.015,1787268353666.937,169434944.234,0.000000000,0.165321723,-0.535548031,0.327502370
634,12679.990,1787268353686.911,169434964.208,0.000000000,0.121596895,-0.716600299,0.277689636
635,12700.001,1787268353706.922,169434984.219,0.000000000,0.085261077,-0.807441354,0.242748976
636,12720.000,1787268353726.921,169435004.219,0.000000000,0.037847888,-1.018415809,0.185177371
637,12739.994,1787268353746.915,169435024.212,0.000000000,-0.037550420,-1.152708054,0.074945979
638,12759.991,1787268353766.912,169435044.209,0.000000000,-0.042058360,-1.273084998,0.035673510
639,12779.998,1787268353786.919,169435064.216,0.000000000,0.017710490,-0.872601986,-0.079389259
640,12799.997,1787268353806.918,169435084.215,0.000000000,0.007808753,-1.071449876,-0.138447464
641,12820.004,1787268353826.925,169435104.223,0.000000000,-0.011991541,-1.328469634,-0.263016820
642,12839.989,1787268353846.910,169435124.208,0.000000000,-0.022271065,-1.442187309,-0.321534485
643,12859.998,1787268353866.920,169435144.217,0.000000000,-0.025343804,-1.497881770,-0.343930721
644,12879.991,1787268353886.912,169435164.209,0.000000000,-0.037015121,-1.641448498,-0.394888222
645,12899.990,1787268353906.911,169435184.209,0.000000000,0.960077167,-0.626232743,-1.943369150
646,12920.152,1787268353927.073,169435204.370,0.000000000,0.962849677,-0.691567779,-2.459767580
647,12940.003,1787268353946.924,169435224.221,0.000000000,0.070469454,0.534407973,-0.008482270
648,12960.002,1787268353966.923,169435244.220,0.000000000,0.037029594,0.260147423,0.040827021
649,12979.994,1787268353986.915,169435264.212,0.000000000,-0.023378758,-0.194165707,0.064758249
650,13000.001,1787268354006.922,169435284.219,0.000000000,-0.050621700,-0.207680061,-0.077489018
651,13019.991,1787268354026.912,169435304.210,0.000000000,-0.034331292,-0.309157342,-0.017679235
652,13039.998,1787268354046.919,169435324.216,0.000000000,-0.073631354,-0.365861952,-0.040329110
653,13059.991,1787268354066.912,169435344.210,0.000000000,-0.039098166,-0.403897285,0.022558970
654,13079.993,1787268354086.915,169435364.212,0.000000000,-0.064083174,-0.420527875,0.060674295
655,13099.999,1787268354106.920,169435384.217,0.000000000,-0.093226030,-0.429645419,0.053170510
656,13119.998,1787268354126.920,169435404.217,0.000000000,-0.052052941,-0.380771875,0.021204164
657,13139.991,1787268354146.912,169435424.209,0.000000000,-0.028864607,-0.197513148,0.089606836
658,13160.000,1787268354166.921,169435444.219,0.000000000,-0.050019171,-0.165420890,0.048387028
659,13179.995,1787268354186.916,169435464.213,0.000000000,-0.087177910,-0.055083532,0.081962086
660,13200.000,1787268354206.921,169435484.219,0.000000000,-0.090198137,0.024560003,0.150181815
661,13219.994,1787268354226.915,169435504.212,0.000000000,-0.103922509,0.042393710,0.124404021
662,13239.998,1787268354246.919,169435524.216,0.000000000,-0.083037317,0.019082960,0.219079152
663,13260.000,1787268354266.921,169435544.219,0.000000000,-0.108940758,0.015015701,0.199173376
664,13279.999,1787268354286.920,169435564.218,0.000000000,-0.109033078,-0.031762064,0.171715707
665,13300.000,1787268354306.922,169435584.219,0.000000000,-0.058449823,0.012371764,0.075145632
666,13320.008,1787268354326.930,169435604.227,0.000000000,-0.069177017,0.010018827,0.036229614
667,13339.993,1787268354346.915,169435624.212,0.000000000,-0.024381114,0.001711611,0.077753112
668,13360.004,1787268354366.925,169435644.222,0.000000000,-0.050688833,-0.008317822,0.002750286
669,13379.995,1787268354386.916,169435664.214,0.000000000,-0.033021200,0.000702751,0.004059894
670,13399.992,1787268354406.913,169435684.210,0.000000000,-0.006916424,0.004703382,-0.022730719
671,13420.007,1787268354426.928,169435704.225,0.000000000,0.008790763,-0.016321834,0.013590382
672,13440.003,1787268354446.924,169435724.221,0.000000000,0.024016459,-0.000853433,0.031320862
673,13459.999,1787268354466.920,169435744.218,0.000000000,-0.006268037,0.014257816,-0.020101838
674,13479.995,1787268354486.916,169435764.213,0.000000000,0.028933264,-0.003970832,0.028755721
675,13499.995,1787268354506.916,169435784.213,0.000000000,0.023636326,0.042220816,-0.003825462
676,13519.995,1787268354526.916,169435804.213,0.000000000,0.031089813,0.042938560,0.004271879
677,13539.998,1787268354546.919,169435824.216,0.000000000,0.027102841,0.007353898,-0.034553580
678,13560.006,1787268354566.927,169435844.224,0.000000000,0.009465086,-0.006725641,-0.053688820
679,13579.994,1787268354586.915,169435864.212,0.000000000,0.043970142,-0.003478370,-0.041229319
680,13599.987,1787268354606.908,169435884.205,0.000000000,0.000592278,-0.012162635,0.025377609
681,13620.003,1787268354626.924,169435904.221,0.000000000,-0.010355082,0.002530809,0.005447252
682,13639.997,1787268354646.918,169435924.215,0.000000000,-0.005193704,0.004618050,-0.002429579
683,13660.003,1787268354666.924,169435944.221,0.000000000,0.031182006,-0.007431842,0.021208465
684,13680.008,1787268354686.929,169435964.226,0.000000000,-0.000357044,-0.038187902,0.004564680
685,13699.991,1787268354706.912,169435984.210,0.000000000,-0.001566482,-0.002886637,-0.005818620
686,13720.000,1787268354726.921,169436004.218,0.000000000,-0.015046767,0.001999245,-0.019401859
687,13740.000,1787268354746.922,169436024.219,0.000000000,-0.003165320,0.002280969,-0.000977958
688,13759.994,1787268354766.915,169436044.212,0.000000000,-0.003803390,0.006542448,-0.021149281
689,13779.998,1787268354786.918,169436064.216,0.000000000,0.004132479,0.025208242,-0.006819192
690,13799.993,1787268354806.914,169436084.211,0.000000000,0.026910145,0.019834816,0.014947898
691,13819.999,1787268354826.920,169436104.218,0.000000000,-0.000536634,-0.017455285,-0.033614915
692,13840.007,1787268354846.928,169436124.225,0.000000000,0.013166125,0.000333718,-0.004874856
693,13860.003,1787268354866.924,169436144.221,0.000000000,0.013427416,-0.025700802,0.002373391
694,13879.989,1787268354886.910,169436164.207,0.000000000,0.013655433,-0.013607101,0.001817172
695,13900.019,1787268354906.941,169436184.238,0.000000000,0.031581081,-0.001121932,0.035853151
696,13920.008,1787268354926.929,169436204.226,0.000000000,-0.019250171,0.012352725,-0.026946133
697,13939.999,1787268354946.920,169436224.217,0.000000000,0.023027189,0.000060590,0.027140817
698,13960.000,1787268354966.921,169436244.219,0.000000000,-0.014824887,-0.000587891,-0.019571504
699,13980.007,1787268354986.928,169436264.225,0.000000000,0.003300710,-0.007599815,-0.020836279
700,13999.992,1787268355006.914,169436284.211,0.000000000,-0.000059706,0.006957136,0.001263922
701,14019.989,1787268355026.910,169436304.208,0.000000000,0.021751503,-0.002828675,0.037279893
702,14040.054,1787268355046.975,169436324.273,0.000000000,0.013059601,0.009893658,0.013786829
703,14059.990,1787268355066.911,169436344.209,0.000000000,0.028697420,0.007470936,0.035177317
704,14080.005,1787268355086.926,169436364.223,0.000000000,0.020545512,-0.015110645,0.037042350
705,14100.014,1787268355106.936,169436384.233,0.000000000,-0.000591337,0.007250972,-0.001449798
706,14120.004,1787268355126.925,169436404.222,0.000000000,-0.024852758,0.001662565,-0.034113560
707,14139.995,1787268355146.916,169436424.213,0.000000000,0.005921466,-0.005055137,0.008121125
708,14160.002,1787268355166.923,169436444.220,0.000000000,-0.009030825,0.006277565,0.005477930
709,14179.996,1787268355186.917,169436464.215,0.000000000,0.003852011,-0.002817824,0.000955137
710,14200.000,1787268355206.921,169436484.219,0.000000000,0.023249069,-0.000313174,0.031589046
711,14219.992,1787268355226.913,169436504.210,0.000000000,-0.026694087,0.009864951,-0.034734376
712,14240.014,1787268355246.936,169436524.233,0.000000000,0.020181736,-0.017338954,0.021891359
713,14259.998,1787268355266.919,169436544.216,0.000000000,-0.013938665,0.014242459,-0.031213725
714,14280.001,1787268355286.922,169436564.219,0.000000000,-0.042594381,-0.000521843,-0.051473629
715,14300.002,1787268355306.923,169436584.220,0.000000000,0.025665971,-0.007095178,0.022060372
716,14319.995,1787268355326.916,169436604.214,0.000000000,0.008509228,-0.020078136,-0.003119737
717,14339.994,1787268355346.915,169436624.212,0.000000000,-0.003357725,0.005623628,-0.012547937
718,14360.000,1787268355366.921,169436644.219,0.000000000,0.001981881,-0.011829621,0.011420032
719,14380.001,1787268355386.922,169436664.219,0.000000000,-0.003433801,0.012856151,0.015024726
720,14400.001,1787268355406.922,169436684.219,0.000000000,0.012359026,0.006030916,-0.007557286
721,14420.005,1787268355426.926,169436704.224,0.000000000,-0.013390103,0.005265998,0.001170141
722,14440.000,1787268355446.921,169436724.219,0.000000000,-0.019550763,0.008177253,-0.031913232
723,14460.000,1787268355466.921,169436744.219,0.000000000,0.019393142,-0.017359920,0.019626912
724,14480.012,1787268355486.933,169436764.231,0.000000000,-0.005655498,-0.008014057,-0.013654044
725,14499.995,1787268355506.916,169436784.214,0.000000000,0.019042006,0.024276908,0.024922311
726,14519.999,1787268355526.920,169436804.217,0.000000000,-0.000692025,-0.001177720,0.000690292
727,14539.993,1787268355546.914,169436824.211,0.000000000,0.002131264,-0.033974223,-0.003643656
728,14559.998,1787268355566.919,169436844.216,0.000000000,0.009719516,0.012246687,0.012810734
729,14580.003,1787268355586.924,169436864.221,0.000000000,-0.003035477,-0.006349023,0.003773051
730,14599.993,1787268355606.915,169436884.212,0.000000000,0.005574939,-0.012244015,0.003360575
731,14619.989,1787268355626.910,169436904.207,0.000000000,-0.000168307,-0.003877453,-0.000703169
732,14640.007,1787268355646.928,169436924.226,0.000000000,-0.006238531,-0.001349820,-0.006531798
733,14660.001,1787268355666.922,169436944.219,0.000000000,0.015241317,0.010705592,0.011366680
734,14679.998,1787268355686.919,169436964.217,0.000000000,-0.006807441,-0.009498025,0.000979235
735,14699.991,1787268355706.912,169436984.210,0.000000000,0.030614724,-0.011882369,0.038968518
736,14719.999,1787268355726.920,169437004.218,0.000000000,-0.009360031,0.017102303,-0.009923359
737,14740.002,1787268355746.923,169437024.220,0.000000000,0.005002871,0.004631599,0.026988246
738,14759.991,1787268355766.912,169437044.209,0.000000000,-0.005805237,0.001219396,-0.001099824
739,14780.030,1787268355786.951,169437064.248,0.000000000,0.012351937,-0.013677746,-0.003972208
740,14799.998,1787268355806.919,169437084.216,0.000000000,-0.021776611,-0.003753889,-0.023853026
741,14819.992,1787268355826.913,169437104.210,0.000000000,0.003965334,-0.002721721,0.001278194
742,14839.999,1787268355846.920,169437124.217,0.000000000,0.001944114,-0.017862812,0.015378996
743,14860.003,1787268355866.924,169437144.222,0.000000000,-0.001516841,-0.005689550,0.000191325
744,14879.999,1787268355886.920,169437164.217,0.000000000,0.021463921,-0.006296457,0.025994716
745,14899.997,1787268355906.918,169437184.215,0.000000000,-0.011122502,-0.003146968,-0.021935571
746,14920.003,1787268355926.924,169437204.221,0.000000000,-0.007002942,-0.011487627,-0.003170355
747,14940.001,1787268355946.922,169437224.219,0.000000000,0.001001947,0.004676799,0.001966497
748,14959.990,1787268355966.911,169437244.209,0.000000000,0.000711477,-0.028797241,0.008861658
749,14979.988,1787268355986.910,169437264.207,0.000000000,0.014845684,-0.034847774,0.004106188
750,14999.990,1787268356006.911,169437284.208,0.000000000,-0.011367757,-0.019520057,-0.016229350
751,15019.999,1787268356026.920,169437304.217,0.000000000,-0.009042553,-0.005499629,-0.012452755
752,15040.116,1787268356047.037,169437324.335,0.000000000,0.024759728,-0.023356857,0.024772065
753,15059.992,1787268356066.913,169437344.210,0.000000000,0.001778724,-0.000965767,0.000619263
754,15079.990,1787268356086.911,169437364.208,0.000000000,-0.002840363,-0.001193763,-0.015053767
755,15100.000,1787268356106.921,169437384.218,0.000000000,0.010496901,-0.004776533,0.012021081
756,15119.991,1787268356126.912,169437404.209,0.000000000,0.002009958,0.033537108,0.004809856
757,15140.000,1787268356146.921,169437424.218,0.000000000,-0.000196512,-0.032009680,-0.022574028
758,15160.003,1787268356166.924,169437444.221,0.000000000,0.022272136,-0.007285148,0.035835505
759,15179.998,1787268356186.919,169437464.217,0.000000000,0.012661747,0.011682981,0.024900913
760,15200.010,1787268356206.931,169437484.228,0.000000000,0.024213722,-0.001855934,0.031078072
761,15220.001,1787268356226.922,169437504.219,0.000000000,-0.003452459,-0.002895055,0.006893861
762,15239.992,1787268356246.913,169437524.210,0.000000000,0.010198342,-0.001609451,0.011494349
763,15259.990,1787268356266.911,169437544.208,0.000000000,0.007239771,-0.004187644,0.023193905
764,15280.030,1787268356286.951,169437564.248,0.000000000,-0.014737104,-0.019853182,-0.016639365
765,15299.988,1787268356306.909,169437584.207,0.000000000,-0.003896800,0.013323404,-0.001935132
766,15319.998,1787268356326.919,169437604.216,0.000000000,-0.004110123,-0.018586433,-0.007823185
767,15339.999,1787268356346.920,169437624.218,0.000000000,-0.000737467,-0.009556104,-0.001005819
768,15360.001,1787268356366.922,169437644.220,0.000000000,-0.017105415,0.016681191,-0.013053586
769,15379.999,1787268356386.920,169437664.218,0.000000000,-0.015883742,-0.002080156,-0.018560674
770,15400.002,1787268356406.923,169437684.220,0.000000000,0.005926262,-0.003059888,0.029696172
771,15420.002,1787268356426.923,169437704.220,0.000000000,-0.009075577,-0.028720222,-0.008518748
772,15439.994,1787268356446.915,169437724.213,0.000000000,0.004187114,-0.000104773,0.012057238
773,15459.995,1787268356466.916,169437744.214,0.000000000,-0.001341805,-0.010642540,0.003829875
774,15479.993,1787268356486.915,169437764.212,0.000000000,-0.004236426,0.002828294,-0.008394482
775,15499.993,1787268356506.914,169437784.211,0.000000000,0.044253822,-0.000015012,0.049870733
776,15519.999,1787268356526.920,169437804.217,0.000000000,-0.002049680,0.003024466,0.001829289
777,15539.989,1787268356546.910,169437824.207,0.000000000,0.001512075,-0.010888847,0.007553068
778,15559.993,1787268356566.915,169437844.212,0.000000000,-0.015924418,-0.003127825,-0.012960508
779,15579.995,1787268356586.916,169437864.213,0.000000000,-0.001822167,0.019731930,0.002998634
780,15599.992,1787268356606.913,169437884.210,0.000000000,-0.006346029,0.002717546,-0.006473581
781,15619.994,1787268356626.915,169437904.212,0.000000000,-0.006039251,-0.019363210,-0.001316637
782,15639.992,1787268356646.913,169437924.210,0.000000000,0.022247341,0.021001460,0.027705602
783,15659.988,1787268356666.909,169437944.206,0.000000000,0.001531128,0.021886539,0.011678219
784,15680.003,1787268356686.924,169437964.222,0.000000000,-0.001221159,-0.000571798,-0.003455368
785,15700.001,1787268356706.922,169437984.220,0.000000000,-0.015287485,-0.014408081,-0.006069429
786,15720.004,1787268356726.925,169438004.222,0.000000000,-0.002709402,-0.004127251,0.010580140
787,15740.003,1787268356746.924,169438024.221,0.000000000,-0.007987092,0.019507995,0.002072153
788,15759.992,1787268356766.914,169438044.211,0.000000000,0.012232427,-0.003292413,0.021904914
789,15779.996,1787268356786.917,169438064.214,0.000000000,-0.002388416,-0.005430359,0.005749169
790,15799.992,1787268356806.913,169438084.210,0.000000000,0.010447358,0.010475582,0.011353349
791,15819.992,1787268356826.913,169438104.210,0.000000000,0.001869458,-0.009445563,0.019298680
792,15840.002,1787268356846.923,169438124.220,0.000000000,-0.010005653,-0.010484323,-0.006583024
793,15860.005,1787268356866.926,169438144.223,0.000000000,0.010533676,-0.012074347,0.018021474
794,15880.002,1787268356886.923,169438164.220,0.000000000,-0.003484361,0.002736401,-0.008890009
795,15899.999,1787268356906.920,169438184.217,0.000000000,-0.001841087,-0.009503655,0.007250367
796,15919.989,1787268356926.910,169438204.207,0.000000000,-0.005605695,-0.009617803,-0.007645977
797,15940.001,1787268356946.922,169438224.219,0.000000000,0.009209621,-0.003774698,0.008599886
798,15959.999,1787268356966.920,169438244.218,0.000000000,0.007122430,-0.010303530,0.011271947
799,15979.997,1787268356986.918,169438264.215,0.000000000,0.023167634,0.013093823,0.024920402
800,15999.991,1787268357006.912,169438284.209,0.000000000,-0.003108705,-0.003310695,0.010130884
801,16019.998,1787268357026.919,169438304.216,0.000000000,-0.004862906,0.003801150,-0.010841305
802,16039.989,1787268357046.910,169438324.208,0.000000000,-0.018207364,0.019821497,-0.029414633
803,16060.002,1787268357066.923,169438344.220,0.000000000,-0.017787369,-0.004520333,-0.024328947
804,16079.997,1787268357086.918,169438364.215,0.000000000,-0.007557548,-0.013111832,-0.006241126
805,16100.023,1787268357106.944,169438384.241,0.000000000,0.001733952,0.001719166,-0.002653936
806,16120.016,1787268357126.938,169438404.235,0.000000000,0.007010178,-0.002121111,0.007973617
807,16140.000,1787268357146.921,169438424.218,0.000000000,0.018683242,-0.010359555,0.028684404
808,16159.994,1787268357166.915,169438444.212,0.000000000,0.001205115,0.024948571,0.014127355
809,16180.002,1787268357186.923,169438464.220,0.000000000,0.026787817,0.016553290,0.030249229
810,16200.003,1787268357206.924,169438484.222,0.000000000,-0.012120557,-0.011640512,-0.016008198
811,16219.996,1787268357226.917,169438504.215,0.000000000,-0.003392118,0.045233715,0.005077780
812,16239.991,1787268357246.912,169438524.209,0.000000000,-0.003293237,0.017282112,0.008220096
813,16259.990,1787268357266.911,169438544.208,0.000000000,-0.004029882,0.021470880,-0.010402072
814,16279.994,1787268357286.915,169438564.213,0.000000000,-0.000855576,-0.001593031,-0.016671447
815,16299.998,1787268357306.919,169438584.217,0.000000000,0.020971389,-0.036084928,0.009670932
816,16319.994,1787268357326.915,169438604.213,0.000000000,0.005483760,-0.001906607,0.014477178
817,16339.994,1787268357346.916,169438624.213,0.000000000,-0.007086025,0.001145304,0.011535943
818,16360.006,1787268357366.927,169438644.224,0.000000000,-0.007998725,-0.003784064,-0.019987388
819,16379.990,1787268357386.911,169438664.208,0.000000000,0.010519358,0.007863030,0.016172012
820,16399.999,1787268357406.920,169438684.218,0.000000000,0.008612428,-0.006120036,0.009100551
821,16419.997,1787268357426.918,169438704.215,0.000000000,-0.019439278,0.012273213,-0.023406759
822,16439.989,1787268357446.910,169438724.207,0.000000000,0.014629423,-0.002046351,0.013374684
823,16459.988,1787268357466.909,169438744.207,0.000000000,0.020854084,-0.002284977,0.015231363
824,16479.992,1787268357486.913,169438764.210,0.000000000,-0.022428753,0.001953573,-0.036441877
825,16499.991,1787268357506.912,169438784.209,0.000000000,-0.005953965,0.004744801,-0.015532077
826,16519.998,1787268357526.919,169438804.217,0.000000000,0.009180719,-0.000264449,0.004715440
827,16539.992,1787268357546.913,169438824.210,0.000000000,0.010013487,0.003523941,0.000364547
828,16559.990,1787268357566.911,169438844.208,0.000000000,-0.000599239,-0.003028581,-0.000141432
829,16580.001,1787268357586.922,169438864.220,0.000000000,-0.038625970,0.000836302,-0.035698999
830,16599.996,1787268357606.917,169438884.214,0.000000000,-0.004695404,-0.001672250,-0.012011336
831,16619.997,1787268357626.918,169438904.215,0.000000000,0.007265690,0.012705955,-0.002754121
832,16639.990,1787268357646.911,169438924.209,0.000000000,0.004131594,-0.001107629,-0.005455800
833,16659.998,1787268357666.920,169438944.217,0.000000000,0.006016335,-0.020161640,0.000407921
834,16679.999,1787268357686.920,169438964.217,0.000000000,-0.013447343,-0.008330093,-0.020032497
835,16699.994,1787268357706.915,169438984.212,0.000000000,-0.002375020,0.005679750,-0.016982891
836,16719.991,1787268357726.912,169439004.209,0.000000000,-0.038566526,0.004435072,-0.061935753
837,16740.001,1787268357746.922,169439024.220,0.000000000,-0.048615765,-0.008339006,-0.056282360
838,16760.005,1787268357766.926,169439044.223,0.000000000,-0.007399196,0.000179787,0.004505426
839,16780.003,1787268357786.924,169439064.221,0.000000000,-0.012349968,-0.004028184,-0.000846676
840,16799.998,1787268357806.919,169439084.217,0.000000000,-0.004395736,-0.002683471,-0.000973378
841,16819.995,1787268357826.916,169439104.213,0.000000000,0.004447119,0.005899493,0.001447944
842,16839.988,1787268357846.909,169439124.206,0.000000000,0.017554689,0.001584353,0.005232619
843,16860.001,1787268357866.922,169439144.219,0.000000000,-0.002792868,-0.004230662,-0.029574316
844,16879.993,1787268357886.915,169439164.212,0.000000000,-0.014178460,0.000371082,-0.010682675
845,16899.986,1787268357906.907,169439184.205,0.000000000,-0.007030122,-0.005677252,0.002840653
846,16920.002,1787268357926.923,169439204.221,0.000000000,-0.000864187,-0.014821501,-0.003344404
847,16940.007,1787268357946.928,169439224.225,0.000000000,-0.005641397,-0.009951323,-0.005545502
848,16959.999,1787268357966.920,169439244.217,0.000000000,0.000264859,-0.003240208,0.005309247
849,16979.992,1787268357986.913,169439264.210,0.000000000,-0.000132980,0.007295846,0.001679064
850,16999.994,1787268358006.915,169439284.212,0.000000000,-0.016218288,0.004861538,-0.015303929
851,17020.001,1787268358026.922,169439304.219,0.000000000,0.021089246,0.005634786,0.024949839
852,17039.999,1787268358046.920,169439324.217,0.000000000,-0.018469388,0.004516150,-0.018700326
853,17060.000,1787268358066.921,169439344.218,0.000000000,0.010653743,-0.006347555,0.026394568
854,17079.998,1787268358086.919,169439364.217,0.000000000,0.003955248,-0.003967230,-0.017031930
855,17099.994,1787268358106.915,169439384.213,0.000000000,-0.009448208,0.022151990,0.003250806
856,17119.991,1787268358126.912,169439404.210,0.000000000,0.040985204,-0.011488439,0.047409121
857,17140.002,1787268358146.923,169439424.221,0.000000000,0.037770540,-0.004980041,0.050545964
858,17159.993,1787268358166.914,169439444.212,0.000000000,0.001110405,-0.002429601,0.007723331
859,17179.988,1787268358186.909,169439464.207,0.000000000,-0.012568624,0.024910254,-0.012497950
860,17199.993,1787268358206.914,169439484.212,0.000000000,0.016617917,-0.003755287,0.011722842
861,17220.001,1787268358226.922,169439504.220,0.000000000,0.012034870,-0.002314768,0.013351097
862,17239.998,1787268358246.920,169439524.217,0.000000000,-0.010113166,-0.002831606,-0.005640319
863,17259.995,1787268358266.917,169439544.214,0.000000000,-0.007714174,0.004467562,0.000316849
864,17279.997,1787268358286.918,169439564.216,0.000000000,0.012116764,-0.011802740,0.007686763
865,17299.995,1787268358306.916,169439584.213,0.000000000,-0.023035971,-0.000937429,-0.015956530
866,17320.004,1787268358326.925,169439604.222,0.000000000,-0.001233274,-0.009086050,0.004242319
867,17339.992,1787268358346.913,169439624.211,0.000000000,0.025759263,-0.027777864,0.034543749
868,17359.992,1787268358366.914,169439644.211,0.000000000,-0.020743906,-0.003699831,-0.028812768
869,17379.993,1787268358386.914,169439664.211,0.000000000,-0.000240063,0.002494280,-0.001462954
870,17400.004,1787268358406.925,169439684.222,0.000000000,0.007629834,-0.007005361,0.008743967
871,17419.999,1787268358426.920,169439704.217,0.000000000,-0.015007814,0.000155473,-0.014918894
872,17440.001,1787268358446.922,169439724.219,0.000000000,-0.014968429,-0.022424093,-0.017496655
873,17460.000,1787268358466.922,169439744.219,0.000000000,0.015232666,0.012875177,0.034173727
874,17479.999,1787268358486.920,169439764.217,0.000000000,0.008969340,-0.010132605,0.016202999
875,17499.991,1787268358506.912,169439784.209,0.000000000,0.003668244,-0.005264666,0.000646535
876,17520.001,1787268358526.922,169439804.220,0.000000000,-0.003358993,0.010626094,0.004552522
877,17539.997,1787268358546.918,169439824.215,0.000000000,0.014011470,0.005662924,0.000360180
878,17559.991,1787268358566.912,169439844.210,0.000000000,-0.000887498,0.003750619,0.032057684
879,17579.998,1787268358586.919,169439864.217,0.000000000,0.024230411,-0.002396985,0.028506180
880,17599.992,1787268358606.913,169439884.210,0.000000000,-0.007040415,0.023530679,0.008211292
881,17619.989,1787268358626.910,169439904.207,0.000000000,-0.012436809,-0.007446370,-0.016489610
882,17639.995,1787268358646.916,169439924.213,0.000000000,0.001915860,0.001802231,-0.001122663
883,17659.999,1787268358666.920,169439944.218,0.000000000,0.023997730,-0.013410482,0.032916833
884,17679.992,1787268358686.914,169439964.211,0.000000000,-0.013202135,-0.003280265,-0.022043051
885,17700.002,1787268358706.923,169439984.220,0.000000000,-0.015857654,0.005951360,-0.028896913
886,17719.999,1787268358726.920,169440004.218,0.000000000,0.014354631,-0.013326979,0.013230249
887,17739.997,1787268358746.918,169440024.215,0.000000000,0.002888120,-0.011823746,0.018909579
888,17759.988,1787268358766.909,169440044.206,0.000000000,0.008029736,-0.007877966,0.002923704
889,17780.000,1787268358786.921,169440064.219,0.000000000,0.002927487,-0.011765854,0.004808673
890,17800.001,1787268358806.922,169440084.220,0.000000000,0.003733449,0.031970289,0.006951195
891,17819.998,1787268358826.919,169440104.217,0.000000000,0.026164558,-0.006208862,0.022453954
892,17839.989,1787268358846.910,169440124.208,0.000000000,-0.004249203,0.008552991,0.005213836
893,17860.008,1787268358866.929,169440144.226,0.000000000,0.015068593,-0.005195226,0.025996326
894,17879.993,1787268358886.914,169440164.211,0.000000000,0.024861410,0.030135540,0.042730503
895,17899.991,1787268358906.912,169440184.210,0.000000000,0.013205342,0.010138477,0.008379565
896,17919.998,1787268358926.919,169440204.217,0.000000000,0.015251168,0.006401661,0.023717405
897,17939.993,1787268358946.914,169440224.211,0.000000000,0.012285500,0.003784881,0.022609347
898,17959.988,1787268358966.909,169440244.207,0.000000000,-0.018059544,-0.013051610,0.005922946
899,17980.000,1787268358986.921,169440264.218,0.000000000,-0.019733459,-0.002827362,-0.026669694
900,18000.000,1787268359006.921,169440284.219,0.000000000,-0.003934098,0.012402482,0.007068319
901,18020.000,1787268359026.921,169440304.218,0.000000000,0.012019319,-0.020018432,0.016951090
902,18039.998,1787268359046.919,169440324.217,0.000000000,0.019426746,-0.008194885,0.027565815
903,18059.993,1787268359066.914,169440344.211,0.000000000,-0.001310171,-0.000108495,-0.000152384
904,18080.002,1787268359086.923,169440364.221,0.000000000,-0.014214561,0.007651698,-0.043148261
905,18100.000,1787268359106.921,169440384.218,0.000000000,0.004294855,-0.000156259,0.029026967
906,18119.997,1787268359126.918,169440404.216,0.000000000,0.014034660,-0.016145855,0.033322252
907,18140.003,1787268359146.924,169440424.221,0.000000000,0.021459525,-0.000630300,0.029529091
908,18159.994,1787268359166.916,169440444.213,0.000000000,0.002855495,0.007928865,0.002813305
909,18180.002,1787268359186.923,169440464.221,0.000000000,-0.008435342,-0.000114347,-0.001897733
910,18200.000,1787268359206.921,169440484.219,0.000000000,0.000019906,-0.001879307,0.001608785
911,18220.000,1787268359226.921,169440504.219,0.000000000,0.005440006,-0.005805530,-0.007320902
912,18239.990,1787268359246.911,169440524.208,0.000000000,0.007715520,-0.001460511,0.002297264
913,18259.991,1787268359266.912,169440544.210,0.000000000,0.004144886,0.001425548,0.017247280
914,18279.989,1787268359286.910,169440564.208,0.000000000,0.008256973,0.031502374,0.008972353
915,18299.999,1787268359306.920,169440584.217,0.000000000,-0.012457164,-0.000263217,0.000974335
916,18320.002,1787268359326.923,169440604.220,0.000000000,0.013879505,-0.003817085,0.040990930
917,18339.998,1787268359346.920,169440624.217,0.000000000,0.017899372,0.004071659,0.013924156
918,18359.991,1787268359366.912,169440644.209,0.000000000,0.003770291,0.025905430,0.022437807
919,18380.004,1787268359386.925,169440664.222,0.000000000,0.008058835,-0.009048402,0.034547415
920,18400.001,1787268359406.922,169440684.220,0.000000000,-0.002723449,0.020352462,0.001588911
921,18419.992,1787268359426.913,169440704.210,0.000000000,-0.015199021,0.003303845,-0.022919981
922,18439.996,1787268359446.917,169440724.214,0.000000000,-0.005051162,-0.003620994,0.002584581
923,18460.005,1787268359466.926,169440744.224,0.000000000,0.011522609,-0.007044261,0.016203234
924,18479.989,1787268359486.910,169440764.207,0.000000000,0.010199020,-0.010749238,0.012243134
925,18500.000,1787268359506.921,169440784.218,0.000000000,-0.002142556,0.000824100,-0.008175387
926,18519.999,1787268359526.920,169440804.218,0.000000000,0.008301028,-0.014059220,0.017823549
927,18539.998,1787268359546.919,169440824.216,0.000000000,0.016398190,-0.030135933,0.025819270
928,18559.998,1787268359566.919,169440844.216,0.000000000,0.000422291,0.001959109,-0.000503700
929,18579.998,1787268359586.920,169440864.217,0.000000000,-0.002611183,-0.004204744,0.026463063
930,18599.991,1787268359606.912,169440884.209,0.000000000,0.004302730,-0.016997600,-0.005823785
931,18619.998,1787268359626.919,169440904.217,0.000000000,0.004002302,-0.012679922,0.002870715
932,18639.998,1787268359646.920,169440924.217,0.000000000,0.022309953,-0.005346638,0.028744286
933,18660.003,1787268359666.925,169440944.222,0.000000000,-0.010571008,-0.009755230,0.006653100
934,18679.998,1787268359686.918,169440964.216,0.000000000,-0.022249710,-0.000024247,-0.041234717
935,18700.013,1787268359706.934,169440984.232,0.000000000,0.009378822,0.015216668,0.013811658
936,18719.990,1787268359726.911,169441004.208,0.000000000,0.006150133,-0.020180637,-0.009418831
937,18739.989,1787268359746.910,169441024.208,0.000000000,0.005502538,-0.005292560,-0.006820636
938,18760.001,1787268359766.922,169441044.219,0.000000000,-0.036129273,0.002063337,-0.047852352
939,18779.996,1787268359786.917,169441064.215,0.000000000,-0.010397956,0.009749725,-0.017262196
940,18800.002,1787268359806.923,169441084.220,0.000000000,-0.006646079,0.001906515,-0.002818693
941,18819.997,1787268359826.918,169441104.215,0.000000000,0.029139115,-0.019604312,0.037141237
942,18839.999,1787268359846.920,169441124.218,0.000000000,-0.002249138,-0.007039649,0.001971696
943,18860.000,1787268359866.921,169441144.218,0.000000000,0.026659299,0.011749545,0.031181525
944,18879.991,1787268359886.912,169441164.209,0.000000000,0.008976832,0.001752283,0.014340945
945,18899.990,1787268359906.911,169441184.208,0.000000000,0.012586392,0.000941408,0.006917826
946,18919.989,1787268359926.910,169441204.208,0.000000000,0.007145116,-0.013511315,-0.006293610
947,18940.001,1787268359946.922,169441224.219,0.000000000,0.002334415,0.002585492,0.004208114
948,18960.000,1787268359966.921,169441244.219,0.000000000,0.006240021,-0.006183447,0.000905708
949,18979.998,1787268359986.919,169441264.216,0.000000000,-0.008238113,0.000045288,-0.000528028
950,18999.993,1787268360006.914,169441284.211,0.000000000,0.014535718,-0.011492736,0.008531964
951,19020.000,1787268360026.922,169441304.219,0.000000000,-0.005618745,-0.018511226,-0.013439676
952,19039.992,1787268360046.913,169441324.210,0.000000000,-0.012051433,0.002847214,-0.017588235
953,19059.997,1787268360066.918,169441344.215,0.000000000,-0.022365591,-0.007004760,-0.033296697
954,19079.989,1787268360086.910,169441364.208,0.000000000,-0.008882269,0.013157740,-0.008621291
955,19099.997,1787268360106.918,169441384.216,0.000000000,0.005701624,-0.007851443,0.005409216
956,19120.003,1787268360126.924,169441404.221,0.000000000,-0.006151552,0.027417280,-0.012606470
957,19139.999,1787268360146.920,169441424.218,0.000000000,0.005714053,-0.005372685,0.009651926
958,19159.999,1787268360166.920,169441444.217,0.000000000,-0.010445463,0.003758281,-0.013926469
959,19179.998,1787268360186.920,169441464.217,0.000000000,0.013614899,-0.017548203,0.027458493
960,19200.000,1787268360206.921,169441484.218,0.000000000,-0.006746456,0.001637242,0.001364404
961,19219.999,1787268360226.920,169441504.218,0.000000000,-0.015104556,-0.034462370,-0.016903298
962,19239.999,1787268360246.920,169441524.217,0.000000000,-0.009240889,0.035031747,-0.024587367
963,19260.001,1787268360266.922,169441544.220,0.000000000,0.011826876,-0.006563692,0.003106134
964,19279.998,1787268360286.919,169441564.217,0.000000000,-0.003736730,0.001651072,-0.016227627
965,19300.003,1787268360306.925,169441584.222,0.000000000,0.025329692,-0.007587498,0.026209762
966,19320.003,1787268360326.924,169441604.221,0.000000000,0.019118493,0.032706227,0.017978583
967,19339.993,1787268360346.914,169441624.212,0.000000000,-0.011017659,-0.012825106,-0.026641684
968,19359.991,1787268360366.912,169441644.209,0.000000000,-0.010986362,0.004473247,0.006146473
969,19380.010,1787268360386.931,169441664.228,0.000000000,0.006619799,0.016106894,0.015173556
970,19399.992,1787268360406.913,169441684.210,0.000000000,-0.017283993,0.004969667,-0.022677604
971,19419.999,1787268360426.921,169441704.218,0.000000000,-0.013750206,0.007804137,-0.031598456
972,19439.992,1787268360446.914,169441724.211,0.000000000,0.008952077,0.027937490,0.011280674
973,19460.000,1787268360466.921,169441744.219,0.000000000,0.015129524,-0.012410751,-0.000462678
974,19479.991,1787268360486.912,169441764.210,0.000000000,0.039094523,-0.027089188,0.037774023
975,19499.992,1787268360506.913,169441784.210,0.000000000,-0.013447818,-0.007251636,-0.011004521
976,19520.001,1787268360526.922,169441804.219,0.000000000,-0.011746490,-0.000126041,-0.003177418
977,19539.989,1787268360546.910,169441824.208,0.000000000,-0.003827931,0.001661481,0.003240703
978,19560.000,1787268360566.921,169441844.218,0.000000000,0.026919521,-0.005242823,0.035072219
979,19579.995,1787268360586.916,169441864.213,0.000000000,0.010947144,-0.006399038,0.017666008
980,19599.997,1787268360606.918,169441884.215,0.000000000,0.002442597,0.009692071,-0.001027892
981,19619.999,1787268360626.920,169441904.217,0.000000000,-0.000964473,-0.008685931,-0.007348989
982,19639.999,1787268360646.920,169441924.217,0.000000000,0.007989134,-0.017131159,0.004094000
983,19660.005,1787268360666.926,169441944.223,0.000000000,0.017512644,0.000132411,0.030632939
984,19679.990,1787268360686.911,169441964.208,0.000000000,-0.017351355,0.010609017,-0.020604348
985,19699.991,1787268360706.912,169441984.209,0.000000000,0.009332040,0.001133910,0.008695194
986,19720.005,1787268360726.926,169442004.224,0.000000000,0.005252623,-0.003639166,0.003297564
987,19740.005,1787268360746.926,169442024.223,0.000000000,0.005782738,0.003334946,0.012622223
988,19759.992,1787268360766.913,169442044.210,0.000000000,-0.021271197,0.001879441,-0.025603706
989,19779.993,1787268360786.915,169442064.212,0.000000000,-0.003061791,-0.005039859,0.001017409
990,19799.995,1787268360806.917,169442084.214,0.000000000,0.000581037,0.004247236,-0.007699779
991,19820.003,1787268360826.924,169442104.221,0.000000000,0.008970401,-0.013951812,0.012924988
992,19839.991,1787268360846.912,169442124.209,0.000000000,0.017231012,-0.004478160,0.006360690
993,19859.993,1787268360866.914,169442144.211,0.000000000,0.007482421,0.000848823,0.000039301
994,19879.999,1787268360886.920,169442164.217,0.000000000,0.005308738,-0.008649204,0.008210990
995,19900.009,1787268360906.931,169442184.228,0.000000000,0.003599207,0.000468623,0.002861761
996,19920.000,1787268360926.921,169442204.218,0.000000000,-0.004625430,-0.003637076,0.006656121
997,19940.000,1787268360946.922,169442224.219,0.000000000,0.006203249,0.000021990,0.001916972
998,19959.997,1787268360966.918,169442244.215,0.000000000,-0.012287416,0.019686310,-0.006773326
999,19980.001,1787268360986.922,169442264.219,0.000000000,-0.019122835,-0.017204830,-0.021944501
1000,20000.017,1787268361006.938,169442284.235,0.000000000,-0.007750653,-0.018704854,-0.012586767
1001,20020.002,1787268361026.923,169442304.220,0.000000000,-0.001856127,0.021090321,0.008044605
1002,20040.000,1787268361046.922,169442324.219,0.000000000,0.004216648,-0.000030921,-0.000182081
1003,20060.000,1787268361066.921,169442344.219,0.000000000,0.010176574,-0.001769149,0.006509744
1004,20079.993,1787268361086.914,169442364.211,0.000000000,0.016796136,0.004032818,0.010905269
1005,20099.991,1787268361106.912,169442384.210,0.000000000,-0.022316739,-0.002481461,-0.023717673
1006,20119.990,1787268361126.911,169442404.208,0.000000000,-0.006744842,-0.014218387,0.001618728
1007,20139.998,1787268361146.919,169442424.216,0.000000000,-0.018390430,0.046900745,-0.013012843
1008,20160.002,1787268361166.923,169442444.221,0.000000000,-0.015053869,0.013196094,-0.015877424
1009,20179.998,1787268361186.919,169442464.217,0.000000000,0.029375447,0.016612094,0.046246987
1010,20200.004,1787268361206.925,169442484.223,0.000000000,-0.005260065,-0.021126347,-0.001837800
1011,20220.002,1787268361226.923,169442504.220,0.000000000,0.001471104,-0.004945852,0.006197678
1012,20239.991,1787268361246.912,169442524.210,0.000000000,0.000751177,-0.004304035,-0.008092779
1013,20259.991,1787268361266.912,169442544.210,0.000000000,-0.003612638,-0.025165355,0.007666908
1014,20279.997,1787268361286.918,169442564.215,0.000000000,0.003612306,0.001925113,0.005073078
1015,20299.992,1787268361306.914,169442584.211,0.000000000,-0.003733507,-0.010859477,-0.020365773
1016,20319.996,1787268361326.917,169442604.215,0.000000000,-0.009965152,0.001644362,-0.003098636
1017,20340.001,1787268361346.922,169442624.219,0.000000000,0.008073888,-0.033783056,-0.002805810
1018,20360.008,1787268361366.929,169442644.227,0.000000000,0.004863943,0.008539420,0.021835107
1019,20380.006,1787268361386.927,169442664.224,0.000000000,0.001499225,-0.034262691,-0.007765967
1020,20400.000,1787268361406.921,169442684.218,0.000000000,-0.008662250,0.015896766,0.007123713
1021,20420.000,1787268361426.921,169442704.218,0.000000000,0.011739993,-0.004750859,0.014360126
1022,20439.995,1787268361446.916,169442724.214,0.000000000,-0.004863745,-0.005979194,-0.010882785
1023,20459.992,1787268361466.913,169442744.210,0.000000000,-0.001727213,0.006478760,-0.006064898
1024,20480.006,1787268361486.927,169442764.224,0.000000000,0.006473793,-0.010388770,-0.010055475
1025,20499.993,1787268361506.914,169442784.211,0.000000000,0.003576163,-0.001092910,0.005609334
1026,20520.001,1787268361526.922,169442804.219,0.000000000,0.001087132,0.002245166,-0.000134126
1027,20539.994,1787268361546.915,169442824.213,0.000000000,0.016456446,-0.025721967,0.021414617
1028,20559.989,1787268361566.910,169442844.208,0.000000000,-0.000927027,-0.003913003,-0.000372437
1029,20579.995,1787268361586.917,169442864.214,0.000000000,-0.003848711,-0.007027244,-0.014160022
1030,20599.998,1787268361606.919,169442884.217,0.000000000,-0.035617542,0.008760901,-0.034465645
1031,20619.993,1787268361626.915,169442904.212,0.000000000,0.000004735,0.006609185,0.007139948
1032,20639.998,1787268361646.919,169442924.217,0.000000000,-0.013875073,-0.002183028,-0.006429347
1033,20659.993,1787268361666.914,169442944.211,0.000000000,-0.001457178,-0.014286908,-0.000535723
1034,20680.001,1787268361686.922,169442964.219,0.000000000,0.009269136,0.010332993,0.005618876
1035,20700.000,1787268361706.922,169442984.219,0.000000000,-0.014972183,-0.002994749,-0.012279828
1036,20720.002,1787268361726.923,169443004.220,0.000000000,0.001617161,-0.005445282,0.000364908
1037,20740.002,1787268361746.923,169443024.220,0.000000000,-0.011627685,-0.022151155,-0.006941852
1038,20759.991,1787268361766.912,169443044.209,0.000000000,-0.009451816,-0.009137741,-0.019436520
1039,20779.993,1787268361786.914,169443064.212,0.000000000,0.024510162,-0.015485537,0.018612638
1040,20799.990,1787268361806.911,169443084.208,0.000000000,-0.013613310,-0.003503329,-0.030610321
1041,20819.996,1787268361826.917,169443104.214,0.000000000,0.015333402,-0.006360385,0.005764815
1042,20840.002,1787268361846.923,169443124.221,0.000000000,0.019945258,0.012654811,0.032766178
1043,20860.000,1787268361866.921,169443144.219,0.000000000,0.031907868,-0.010648750,0.040791389
1044,20880.008,1787268361886.929,169443164.226,0.000000000,-0.003842276,-0.007429528,0.010279982
1045,20899.990,1787268361906.911,169443184.208,0.000000000,-0.005455466,0.016186589,0.011240880
1046,20919.998,1787268361926.919,169443204.216,0.000000000,0.008326332,0.004002544,0.013827750
1047,20940.001,1787268361946.922,169443224.220,0.000000000,-0.004363324,-0.006727096,-0.015839668
1048,20959.989,1787268361966.910,169443244.207,0.000000000,0.001773936,0.016466953,0.000667128
1049,20979.989,1787268361986.910,169443264.207,0.000000000,0.007341340,-0.026380146,0.009019402
1050,20999.994,1787268362006.915,169443284.212,0.000000000,0.012821591,-0.003671200,0.009907712
1051,21019.989,1787268362026.910,169443304.207,0.000000000,-0.011729388,0.019699907,-0.002996646
1052,21040.003,1787268362046.924,169443324.221,0.000000000,0.003708131,-0.004453574,0.014065750
1053,21059.995,1787268362066.916,169443344.213,0.000000000,-0.017095907,-0.018308962,-0.038254291
1054,21080.001,1787268362086.922,169443364.219,0.000000000,0.012930986,-0.023928206,0.009550547
1055,21099.991,1787268362106.912,169443384.209,0.000000000,-0.031775013,-0.005470654,-0.052363813
1056,21119.993,1787268362126.914,169443404.211,0.000000000,0.014637221,-0.012655065,0.010046775
1057,21139.992,1787268362146.913,169443424.210,0.000000000,-0.012511764,-0.019451210,-0.008391894
1058,21159.989,1787268362166.910,169443444.207,0.000000000,0.012360164,-0.012835517,0.013652001
1059,21180.003,1787268362186.925,169443464.222,0.000000000,0.026538162,-0.009655605,0.022431040
1060,21199.993,1787268362206.914,169443484.211,0.000000000,-0.021511378,0.000286277,-0.023861811
1061,21219.999,1787268362226.920,169443504.218,0.000000000,0.004002818,-0.003036727,-0.009676530
1062,21240.006,1787268362246.927,169443524.225,0.000000000,-0.008737826,-0.011429428,-0.011038728
1063,21259.997,1787268362266.918,169443544.215,0.000000000,0.017297685,-0.002342915,0.023732224
1064,21279.994,1787268362286.915,169443564.213,0.000000000,0.003728513,0.002597200,-0.001622952
1065,21299.991,1787268362306.912,169443584.209,0.000000000,0.003838544,-0.031167818,0.034278415
1066,21319.991,1787268362326.912,169443604.210,0.000000000,0.003277347,0.000786157,0.000811771
1067,21339.999,1787268362346.920,169443624.217,0.000000000,-0.033422951,-0.008352530,-0.028611144
1068,21359.997,1787268362366.918,169443644.216,0.000000000,0.018899271,0.002237442,0.006966529
1069,21380.001,1787268362386.922,169443664.220,0.000000000,-0.011662648,-0.006630845,-0.011505935
1070,21399.997,1787268362406.918,169443684.215,0.000000000,-0.001418507,-0.002082507,0.002526271
1071,21420.001,1787268362426.922,169443704.219,0.000000000,-0.025463289,0.008228258,-0.023074923
1072,21439.992,1787268362446.913,169443724.210,0.000000000,0.014553471,0.006732331,0.013868383
1073,21459.996,1787268362466.917,169443744.214,0.000000000,-0.013737328,0.010400721,-0.021552149
1074,21479.999,1787268362486.920,169443764.218,0.000000000,-0.020235036,-0.002146402,-0.016341353
1075,21499.999,1787268362506.920,169443784.217,0.000000000,-0.008641307,-0.008791347,0.004178976
1076,21520.005,1787268362526.926,169443804.223,0.000000000,0.001043038,0.017972684,0.005600563
1077,21539.998,1787268362546.919,169443824.216,0.000000000,0.019997735,0.010939077,0.018782409
1078,21559.999,1787268362566.921,169443844.218,0.000000000,-0.016239092,-0.003363156,-0.017487805
1079,21580.000,1787268362586.921,169443864.218,0.000000000,-0.008784470,-0.001737111,-0.010588800
1080,21599.988,1787268362606.909,169443884.206,0.000000000,0.002368263,-0.006442485,0.010661388
1081,21619.988,1787268362626.909,169443904.207,0.000000000,0.012290112,-0.006495343,0.013837302
1082,21639.994,1787268362646.915,169443924.212,0.000000000,0.011092964,-0.002016068,0.011898837
1083,21659.996,1787268362666.917,169443944.215,0.000000000,-0.018144421,-0.003592251,-0.028443675
1084,21679.990,1787268362686.911,169443964.208,0.000000000,-0.011851234,-0.005439141,-0.017624073
1085,21700.004,1787268362706.925,169443984.222,0.000000000,-0.002706686,0.003501672,-0.007141893
1086,21719.992,1787268362726.913,169444004.210,0.000000000,-0.005595493,-0.036389749,-0.014860117
1087,21739.992,1787268362746.913,169444024.210,0.000000000,0.002638806,-0.003416928,-0.015348994
1088,21759.996,1787268362766.917,169444044.214,0.000000000,-0.020980587,-0.015936000,-0.014788393
1089,21779.991,1787268362786.912,169444064.210,0.000000000,-0.003463547,0.005435773,-0.000441462
1090,21799.992,1787268362806.913,169444084.211,0.000000000,0.007912422,0.009175020,0.031157289
1091,21820.003,1787268362826.924,169444104.221,0.000000000,0.021081265,-0.001966214,0.009223043
1092,21839.995,1787268362846.916,169444124.213,0.000000000,0.008741760,0.002849550,0.015221629
1093,21860.000,1787268362866.921,169444144.218,0.000000000,0.008037023,-0.007700657,-0.002198930
1094,21879.998,1787268362886.919,169444164.216,0.000000000,0.004406197,-0.019130226,-0.000501842
1095,21899.995,1787268362906.916,169444184.213,0.000000000,0.010372852,-0.038497798,0.006130516
1096,21919.989,1787268362926.910,169444204.207,0.000000000,-0.010873032,-0.022332888,-0.001553840
1097,21940.004,1787268362946.925,169444224.222,0.000000000,-0.001942777,-0.004974667,0.016054630
1098,21959.999,1787268362966.920,169444244.218,0.000000000,0.002085036,-0.001709840,0.004952728
1099,21980.062,1787268362986.983,169444264.281,0.000000000,0.016628591,0.031371288,0.021388637
1100,21999.990,1787268363006.911,169444284.208,0.000000000,-0.015235807,0.026212217,-0.026578654
1101,22019.989,1787268363026.910,169444304.208,0.000000000,-0.015477750,0.010385326,-0.018024622
1102,22039.991,1787268363046.912,169444324.210,0.000000000,-0.019561050,-0.021171788,-0.013636597
1103,22059.997,1787268363066.918,169444344.216,0.000000000,0.007961834,-0.016110891,0.013641604
1104,22080.000,1787268363086.921,169444364.218,0.000000000,-0.004171038,-0.004566928,-0.001367972
1105,22099.991,1787268363106.912,169444384.209,0.000000000,-0.005837403,0.001791421,-0.008966617
1106,22119.990,1787268363126.911,169444404.208,0.000000000,0.000721762,0.000113776,-0.009038316
1107,22139.992,1787268363146.914,169444424.211,0.000000000,-0.023773404,-0.010819345,-0.041250773
1108,22160.003,1787268363166.924,169444444.221,0.000000000,0.038849272,-0.007053098,0.048315745
1109,22180.001,1787268363186.922,169444464.220,0.000000000,0.011617649,0.013178015,0.031470325
1110,22200.001,1787268363206.922,169444484.219,0.000000000,0.001823788,-0.012774705,-0.001333771
1111,22219.991,1787268363226.912,169444504.209,0.000000000,0.002064736,0.007034329,0.002530865
1112,22239.989,1787268363246.910,169444524.207,0.000000000,-0.006849310,-0.000957209,-0.001214055
1113,22259.994,1787268363266.915,169444544.213,0.000000000,-0.020665867,-0.030903155,-0.013445346
1114,22280.004,1787268363286.926,169444564.223,0.000000000,-0.001546698,-0.013217208,-0.015515231
1115,22299.991,1787268363306.912,169444584.209,0.000000000,0.020167911,-0.005123901,0.031027773
1116,22319.990,1787268363326.911,169444604.208,0.000000000,-0.003655949,0.005551851,-0.021826604
1117,22339.998,1787268363346.920,169444624.217,0.000000000,-0.008262515,0.002326030,-0.003608511
1118,22359.993,1787268363366.915,169444644.212,0.000000000,0.002264203,-0.019233750,-0.006714779
1119,22380.006,1787268363386.927,169444664.225,0.000000000,-0.008766783,-0.000543378,0.005872992
1120,22399.999,1787268363406.920,169444684.217,0.000000000,0.010644116,-0.011520931,0.005107675
1121,22420.001,1787268363426.922,169444704.219,0.000000000,-0.003376176,0.033895750,0.002221147
1122,22440.001,1787268363446.922,169444724.220,0.000000000,0.002294496,0.014882332,0.008951331
1123,22460.009,1787268363466.931,169444744.228,0.000000000,0.032244645,0.008436449,0.046412665
1124,22480.004,1787268363486.926,169444764.223,0.000000000,-0.009617527,-0.004310573,-0.016780078
1125,22500.002,1787268363506.923,169444784.220,0.000000000,0.009299240,0.002524494,0.014501438
1126,22519.997,1787268363526.918,169444804.216,0.000000000,0.003946683,0.013594726,0.001885397
1127,22539.999,1787268363546.920,169444824.218,0.000000000,0.023947051,-0.008517569,0.037771236
1128,22560.003,1787268363566.925,169444844.222,0.000000000,-0.004563723,0.006951489,-0.011526820
1129,22579.995,1787268363586.916,169444864.213,0.000000000,0.003090061,-0.016439799,0.005965209
1130,22599.995,1787268363606.916,169444884.213,0.000000000,0.027969185,-0.014047215,0.022548921
1131,22619.993,1787268363626.914,169444904.211,0.000000000,-0.009896759,-0.009852928,0.000614522
1132,22640.003,1787268363646.924,169444924.221,0.000000000,0.010351530,-0.003936835,0.025698403
1133,22660.001,1787268363666.922,169444944.219,0.000000000,0.015548757,-0.017907718,0.019272830
1134,22679.992,1787268363686.913,169444964.210,0.000000000,0.007321149,-0.005720916,0.004309599
1135,22700.001,1787268363706.922,169444984.220,0.000000000,0.018686289,-0.022220124,-0.008107803
1136,22719.992,1787268363726.913,169445004.211,0.000000000,0.013304897,0.002309292,0.016720643
1137,22739.990,1787268363746.911,169445024.208,0.000000000,-0.003783497,-0.002626480,-0.000977911
1138,22759.992,1787268363766.913,169445044.210,0.000000000,0.000301652,-0.005120429,0.014647854
1139,22780.000,1787268363786.921,169445064.218,0.000000000,0.007522397,0.014202113,0.005874766
1140,22799.992,1787268363806.913,169445084.210,0.000000000,0.020056978,-0.009263251,0.017087659
1141,22820.002,1787268363826.923,169445104.220,0.000000000,0.007053940,-0.028357526,0.015094385
1142,22839.996,1787268363846.917,169445124.215,0.000000000,0.010435080,0.002811169,0.019143967
1143,22859.990,1787268363866.911,169445144.208,0.000000000,0.002275581,0.003162565,0.009164094
1144,22879.992,1787268363886.913,169445164.211,0.000000000,0.013201447,-0.002801470,0.003892978
1145,22900.001,1787268363906.922,169445184.219,0.000000000,-0.019562677,-0.005723978,-0.029391699
1146,22920.022,1787268363926.943,169445204.241,0.000000000,0.014359142,-0.005960774,0.001141473
1147,22939.989,1787268363946.911,169445224.208,0.000000000,0.006093751,0.004561310,0.000413521
1148,22959.993,1787268363966.915,169445244.212,0.000000000,-0.003303782,-0.041275479,-0.007481675
1149,22980.000,1787268363986.921,169445264.218,0.000000000,0.001984125,-0.000557462,-0.005428518
1150,22999.994,1787268364006.915,169445284.212,0.000000000,0.002130356,-0.013097063,0.030570563
1151,23019.996,1787268364026.917,169445304.214,0.000000000,-0.001944368,-0.019259309,-0.011909852
1152,23040.004,1787268364046.925,169445324.222,0.000000000,-0.003735816,-0.003304054,-0.003583158
1153,23060.002,1787268364066.923,169445344.220,0.000000000,0.005375373,0.006822523,0.004031187
1154,23079.998,1787268364086.919,169445364.217,0.000000000,-0.005160127,0.008150927,-0.008687564
1155,23100.006,1787268364106.927,169445384.224,0.000000000,0.002125997,-0.000379824,-0.002215032
1156,23120.009,1787268364126.930,169445404.228,0.000000000,-0.019964198,-0.002062564,-0.006057140
1157,23140.002,1787268364146.923,169445424.220,0.000000000,-0.017391823,-0.004796110,-0.001153030
1158,23160.005,1787268364166.926,169445444.223,0.000000000,-0.002447389,0.001918101,-0.005833458
1159,23180.017,1787268364186.938,169445464.235,0.000000000,-0.008344643,-0.005311832,-0.012282972
1160,23200.001,1787268364206.922,169445484.219,0.000000000,-0.002368472,-0.022401476,0.010717290
1161,23220.001,1787268364226.922,169445504.219,0.000000000,-0.004037888,-0.004914558,0.005289104
1162,23239.991,1787268364246.912,169445524.209,0.000000000,-0.004551921,0.018854057,-0.011861985
1163,23259.989,1787268364266.910,169445544.208,0.000000000,-0.004813667,0.008675778,-0.011642473
1164,23279.991,1787268364286.912,169445564.210,0.000000000,0.012142105,-0.004072287,0.014286030
1165,23300.002,1787268364306.923,169445584.220,0.000000000,0.008948702,-0.006675648,-0.001474354
1166,23319.999,1787268364326.920,169445604.217,0.000000000,0.015743341,-0.013564197,0.002892921
1167,23339.990,1787268364346.911,169445624.209,0.000000000,-0.011362474,-0.023598455,-0.009431710
1168,23359.999,1787268364366.920,169445644.217,0.000000000,-0.001018070,0.015494457,-0.000899017
1169,23379.990,1787268364386.911,169445664.208,0.000000000,0.002793726,0.003195830,0.009167964
1170,23399.991,1787268364406.912,169445684.209,0.000000000,-0.013594107,0.005341071,-0.013960158
1171,23419.988,1787268364426.909,169445704.206,0.000000000,0.002864166,0.003892057,0.001612466
1172,23440.001,1787268364446.922,169445724.220,0.000000000,-0.000366898,-0.001171649,-0.002456786
1173,23460.004,1787268364466.925,169445744.222,0.000000000,0.005666489,0.001396304,-0.001750545
1174,23479.997,1787268364486.918,169445764.215,0.000000000,-0.005785225,-0.008646532,0.002750999
1175,23499.993,1787268364506.914,169445784.211,0.000000000,0.050510734,-0.016282668,0.065007672
1176,23520.004,1787268364526.925,169445804.222,0.000000000,-0.000384896,-0.018060505,0.004882428
1177,23540.000,1787268364546.922,169445824.219,0.000000000,0.006640363,0.006547740,-0.003932661
1178,23560.000,1787268364566.921,169445844.218,0.000000000,0.002129338,0.008987691,0.012622874
1179,23579.989,1787268364586.910,169445864.207,0.000000000,-0.000744075,0.004817036,-0.007489735
1180,23599.989,1787268364606.911,169445884.208,0.000000000,-0.011120935,-0.012998591,-0.003699483
1181,23619.998,1787268364626.918,169445904.216,0.000000000,-0.003425486,-0.002123868,-0.007178527
1182,23639.988,1787268364646.909,169445924.206,0.000000000,0.006741427,0.003922887,0.013289077
1183,23659.994,1787268364666.916,169445944.213,0.000000000,-0.017172545,0.005497606,-0.026363712
1184,23679.998,1787268364686.919,169445964.216,0.000000000,0.015785143,0.010829679,0.021722134
1185,23699.989,1787268364706.910,169445984.208,0.000000000,-0.021373847,-0.008261685,-0.026119430
1186,23720.002,1787268364726.923,169446004.220,0.000000000,0.021566499,0.001952492,0.017460488
1187,23740.002,1787268364746.923,169446024.220,0.000000000,-0.002178430,-0.016245915,0.000007414
1188,23759.996,1787268364766.917,169446044.215,0.000000000,-0.038170807,-0.007981869,-0.061324768
1189,23779.997,1787268364786.917,169446064.215,0.000000000,-0.006228755,-0.019166039,0.009088722
1190,23799.990,1787268364806.911,169446084.208,0.000000000,0.018681025,-0.009487983,0.036718901
1191,23819.993,1787268364826.915,169446104.212,0.000000000,-0.004808513,-0.014996558,0.005716115
1192,23839.992,1787268364846.913,169446124.210,0.000000000,-0.012274083,-0.016049152,-0.007846246
1193,23860.007,1787268364866.927,169446144.225,0.000000000,0.000834248,0.011424199,0.021077890
1194,23879.994,1787268364886.915,169446164.212,0.000000000,-0.006873875,0.011541044,-0.022123404
1195,23899.994,1787268364906.916,169446184.213,0.000000000,0.002861094,-0.008473777,0.005133227
1196,23919.993,1787268364926.914,169446204.211,0.000000000,-0.021151500,0.027888833,-0.037857898
1197,23939.992,1787268364946.913,169446224.210,0.000000000,0.013451104,-0.006629741,0.009074335
1198,23960.004,1787268364966.925,169446244.222,0.000000000,0.016408931,0.000038481,0.027135251
1199,23980.003,1787268364986.924,169446264.221,0.000000000,-0.013219780,-0.015235296,-0.036976974
1200,23999.995,1787268365006.916,169446284.213,0.000000000,0.004570714,0.022991920,0.004932563
1201,24019.995,1787268365026.916,169446304.214,0.000000000,0.003750491,-0.017120564,-0.006268211
1202,24040.015,1787268365046.936,169446324.234,0.000000000,-0.000624179,-0.002700948,0.006719371
1203,24059.991,1787268365066.912,169446344.209,0.000000000,-0.002761747,0.000425992,-0.007030125
1204,24080.001,1787268365086.922,169446364.219,0.000000000,-0.013375754,0.001845989,-0.015359516
1205,24099.993,1787268365106.914,169446384.211,0.000000000,-0.018238043,-0.003233143,-0.028245706
1206,24119.998,1787268365126.919,169446404.216,0.000000000,0.002926107,0.001124513,0.002749522
1207,24139.992,1787268365146.913,169446424.210,0.000000000,-0.011326336,-0.014399309,-0.004849354
1208,24160.010,1787268365166.931,169446444.229,0.000000000,0.006183818,-0.011174505,-0.009134402
1209,24180.003,1787268365186.924,169446464.221,0.000000000,0.005384221,-0.008566317,-0.007465698
1210,24200.003,1787268365206.925,169446484.222,0.000000000,0.003604187,-0.004395043,-0.006257254
1211,24220.000,1787268365226.921,169446504.218,0.000000000,-0.001143869,-0.003500229,0.001896861
1212,24240.005,1787268365246.926,169446524.224,0.000000000,0.006903338,-0.003803782,0.019765256
1213,24259.997,1787268365266.918,169446544.216,0.000000000,-0.004484660,-0.007858954,0.008290425
1214,24279.993,1787268365286.914,169446564.211,0.000000000,0.000664619,-0.002948319,0.006455418
1215,24300.001,1787268365306.922,169446584.220,0.000000000,0.014338326,0.005473438,0.014665420
1216,24320.003,1787268365326.924,169446604.221,0.000000000,-0.020045821,0.014422665,-0.003314579
1217,24340.005,1787268365346.926,169446624.223,0.000000000,-0.004677860,-0.022322457,-0.011147380
1218,24359.999,1787268365366.920,169446644.217,0.000000000,-0.006078135,0.016584279,-0.024938352
1219,24380.002,1787268365386.923,169446664.221,0.000000000,0.011195820,-0.001691449,0.003742277
1220,24399.989,1787268365406.910,169446684.207,0.000000000,0.002300391,-0.017218195,-0.008308101
1221,24419.998,1787268365426.919,169446704.216,0.000000000,0.008298914,-0.009001246,-0.015422229
1222,24439.994,1787268365446.915,169446724.213,0.000000000,-0.012250018,-0.005438613,-0.026844246
1223,24459.993,1787268365466.914,169446744.211,0.000000000,-0.001101680,-0.002762486,0.004533265
1224,24479.999,1787268365486.920,169446764.217,0.000000000,-0.038836706,-0.015943965,-0.024733294
1225,24500.002,1787268365506.923,169446784.220,0.000000000,-0.012792534,-0.000480143,-0.012872686
1226,24519.997,1787268365526.918,169446804.216,0.000000000,0.009335652,-0.008886762,0.008848961
1227,24540.005,1787268365546.926,169446824.223,0.000000000,0.008232648,0.000504873,0.008261396
1228,24560.005,1787268365566.926,169446844.223,0.000000000,0.023257533,-0.023774842,0.022379510
1229,24579.999,1787268365586.920,169446864.218,0.000000000,-0.003939290,-0.004920622,-0.020744439
1230,24600.000,1787268365606.921,169446884.219,0.000000000,-0.036854859,0.002608593,-0.027257450
1231,24620.003,1787268365626.924,169446904.221,0.000000000,-0.013241404,-0.002206457,-0.031139730
1232,24639.995,1787268365646.916,169446924.213,0.000000000,-0.002122699,0.021561792,-0.007534540
1233,24660.000,1787268365666.921,169446944.219,0.000000000,0.007461598,-0.011415933,0.019460749
1234,24680.000,1787268365686.922,169446964.219,0.000000000,-0.000707828,0.000993675,-0.002997143
1235,24699.995,1787268365706.916,169446984.214,0.000000000,-0.022158982,-0.005165332,-0.028200781
1236,24720.006,1787268365726.927,169447004.225,0.000000000,-0.018525656,-0.015077263,-0.026226191
1237,24739.995,1787268365746.916,169447024.213,0.000000000,-0.006260254,0.011127308,0.006638485
1238,24760.007,1787268365766.928,169447044.225,0.000000000,-0.002684570,-0.000072262,-0.001512653
1239,24779.993,1787268365786.914,169447064.212,0.000000000,-0.015052623,0.007763901,-0.010371687
1240,24799.991,1787268365806.912,169447084.209,0.000000000,0.010231667,0.003798837,0.000924798
1241,24820.001,1787268365826.922,169447104.219,0.000000000,0.014059766,-0.001057331,0.024261707
1242,24840.004,1787268365846.925,169447124.222,0.000000000,0.020714708,0.001635558,0.018339088
1243,24860.001,1787268365866.922,169447144.220,0.000000000,0.029273717,-0.008610522,0.027227275
1244,24879.994,1787268365886.915,169447164.212,0.000000000,0.009473217,-0.000231930,-0.005358766
1245,24899.998,1787268365906.919,169447184.216,0.000000000,0.008015533,0.001192245,-0.007828859
1246,24919.993,1787268365926.914,169447204.211,0.000000000,0.000003537,-0.027742129,0.004987776
1247,24939.990,1787268365946.911,169447224.209,0.000000000,-0.016689198,0.017742775,-0.018673997
1248,24959.989,1787268365966.910,169447244.208,0.000000000,0.003614563,0.013746771,-0.005800595
1249,24980.002,1787268365986.923,169447264.220,0.000000000,-0.009247866,-0.000242937,-0.019121828
1250,25000.000,1787268366006.921,169447284.218,0.000000000,-0.024557391,-0.001735726,-0.020780465
1251,25019.997,1787268366026.918,169447304.215,0.000000000,0.002553981,-0.008103511,0.000718864
1252,25039.990,1787268366046.911,169447324.209,0.000000000,0.025801899,0.037296221,0.028256217
1253,25059.992,1787268366066.913,169447344.210,0.000000000,-0.015053271,-0.004467537,-0.033202101
1254,25080.068,1787268366086.989,169447364.286,0.000000000,-0.026200335,0.001751878,-0.022542926
1255,25099.992,1787268366106.913,169447384.210,0.000000000,0.005736331,-0.008946439,0.003131941
1256,25120.003,1787268366126.924,169447404.221,0.000000000,0.013528661,-0.006788642,0.024430422
1257,25140.001,1787268366146.922,169447424.220,0.000000000,-0.001678155,-0.000987976,0.000848332
1258,25159.997,1787268366166.918,169447444.216,0.000000000,-0.016484115,-0.018394960,-0.012559711
1259,25179.999,1787268366186.920,169447464.217,0.000000000,0.000474689,-0.001392015,0.012106773
1260,25199.991,1787268366206.912,169447484.209,0.000000000,-0.031233147,-0.000900276,-0.057857797
1261,25219.994,1787268366226.915,169447504.212,0.000000000,0.011756518,-0.004841361,0.011253940
1262,25240.043,1787268366246.964,169447524.261,0.000000000,-0.002999183,0.009767211,-0.015510810
1263,25260.002,1787268366266.923,169447544.220,0.000000000,-0.003692927,-0.005112488,-0.001908577
1264,25279.991,1787268366286.912,169447564.209,0.000000000,0.003355964,-0.013646302,-0.000385836
1265,25300.000,1787268366306.921,169447584.219,0.000000000,-0.001096589,-0.003616211,0.005120723
1266,25320.000,1787268366326.922,169447604.219,0.000000000,-0.012280473,-0.001149466,-0.008393494
1267,25339.992,1787268366346.913,169447624.210,0.000000000,0.006314368,-0.015083697,0.003601499
1268,25359.991,1787268366366.912,169447644.210,0.000000000,-0.022780100,0.022631645,-0.015398646
1269,25379.988,1787268366386.909,169447664.207,0.000000000,0.004276761,0.004096371,0.000625990
1270,25399.990,1787268366406.911,169447684.208,0.000000000,-0.022810686,-0.015267949,-0.006292029
1271,25420.005,1787268366426.926,169447704.223,0.000000000,0.005446250,-0.006796046,0.005515728
1272,25440.002,1787268366446.923,169447724.221,0.000000000,-0.006363279,-0.006382182,-0.008736177
1273,25460.003,1787268366466.924,169447744.221,0.000000000,-0.011834974,-0.030670866,-0.018601654
1274,25479.993,1787268366486.915,169447764.212,0.000000000,0.024062565,-0.011653509,0.039557301
1275,25499.989,1787268366506.910,169447784.208,0.000000000,0.012277325,0.021640258,0.008194566
1276,25519.995,1787268366526.916,169447804.213,0.000000000,0.003305891,0.018271167,-0.002515949
1277,25539.991,1787268366546.912,169447824.209,0.000000000,-0.007132550,0.001956748,-0.018149180
1278,25559.995,1787268366566.916,169447844.214,0.000000000,-0.013506406,0.003079680,-0.012967852
1279,25580.001,1787268366586.922,169447864.220,0.000000000,-0.009761414,0.004767951,-0.014339421
1280,25600.002,1787268366606.923,169447884.220,0.000000000,0.002018375,0.000977778,-0.000287483
1281,25620.000,1787268366626.921,169447904.218,0.000000000,0.011346011,-0.004196089,0.022597263
1282,25639.990,1787268366646.911,169447924.209,0.000000000,0.005152599,-0.000127303,-0.001186065
1283,25659.999,1787268366666.920,169447944.218,0.000000000,0.000507368,0.024299953,0.006543604
1284,25679.987,1787268366686.908,169447964.205,0.000000000,0.008004472,-0.004618872,-0.002313447
1285,25700.005,1787268366706.926,169447984.224,0.000000000,-0.004523398,-0.002382921,0.010415510
1286,25719.994,1787268366726.915,169448004.213,0.000000000,0.010204694,-0.009765720,0.001551103
1287,25740.002,1787268366746.923,169448024.221,0.000000000,0.005343686,-0.005927167,-0.001420321
1288,25759.999,1787268366766.920,169448044.218,0.000000000,-0.006738418,-0.001264223,0.002919768
1289,25780.001,1787268366786.922,169448064.220,0.000000000,0.047001187,-0.005098337,0.053630669
1290,25799.993,1787268366806.915,169448084.212,0.000000000,0.002645727,-0.009236032,0.008074539
1291,25820.004,1787268366826.925,169448104.222,0.000000000,-0.013277956,-0.001981529,-0.027060367
1292,25840.005,1787268366846.926,169448124.223,0.000000000,-0.001771866,-0.010394029,0.012298246
1293,25860.004,1787268366866.926,169448144.223,0.000000000,-0.013067968,-0.003305255,0.000021632
1294,25879.989,1787268366886.910,169448164.208,0.000000000,-0.015304687,0.007080950,-0.029969441
1295,25900.000,1787268366906.921,169448184.218,0.000000000,-0.004088212,0.004691459,-0.000840802
1296,25919.992,1787268366926.913,169448204.210,0.000000000,0.007671703,0.004991313,0.012754597
1297,25940.002,1787268366946.923,169448224.221,0.000000000,-0.006364419,-0.013689640,-0.001283241
1298,25960.002,1787268366966.923,169448244.221,0.000000000,-0.003005979,-0.002247737,0.000519509
1299,25979.991,1787268366986.912,169448264.210,0.000000000,-0.007283421,0.000566615,-0.006147300
1300,25999.992,1787268367006.913,169448284.210,0.000000000,-0.008376050,-0.005292066,-0.014485617
1301,26020.028,1787268367026.949,169448304.246,0.000000000,0.005810180,0.005296480,0.003454087
1302,26040.001,1787268367046.922,169448324.220,0.000000000,-0.003861811,-0.022023011,-0.021439498
1303,26060.017,1787268367066.938,169448344.235,0.000000000,-0.019649468,0.004933692,-0.025659220
1304,26079.993,1787268367086.914,169448364.212,0.000000000,0.047443632,0.001370146,0.039308906
1305,26099.998,1787268367106.919,169448384.216,0.000000000,0.003865273,-0.018034499,0.002004696
1306,26119.989,1787268367126.910,169448404.207,0.000000000,-0.017793283,0.027400810,-0.020608867
1307,26139.989,1787268367146.910,169448424.207,0.000000000,0.000928286,-0.044125315,0.013019773
1308,26159.989,1787268367166.910,169448444.207,0.000000000,-0.004567611,-0.001458777,0.000807633
1309,26179.991,1787268367186.912,169448464.209,0.000000000,-0.002565013,0.007101350,0.002438010
1310,26199.989,1787268367206.910,169448484.207,0.000000000,-0.015864117,0.005047083,-0.013446969
1311,26219.989,1787268367226.910,169448504.207,0.000000000,0.010104812,0.004034780,0.002351813
1312,26239.991,1787268367246.912,169448524.210,0.000000000,0.016802080,-0.003013744,0.016985802
1313,26260.003,1787268367266.924,169448544.221,0.000000000,-0.006250623,-0.005464914,0.012276636
1314,26279.999,1787268367286.920,169448564.218,0.000000000,0.047281235,-0.004942696,0.036924474
1315,26300.003,1787268367306.924,169448584.221,0.000000000,0.004762935,-0.000429714,0.001390249
1316,26319.993,1787268367326.914,169448604.211,0.000000000,-0.009907770,-0.013433523,-0.016579462
1317,26339.990,1787268367346.911,169448624.208,0.000000000,-0.009546106,0.002909822,-0.004331190
1318,26359.991,1787268367366.912,169448644.210,0.000000000,0.018446799,-0.033545218,0.025161734
1319,26379.991,1787268367386.912,169448664.209,0.000000000,0.011356706,-0.001222072,-0.008860590
1320,26400.050,1787268367406.971,169448684.268,0.000000000,-0.018028455,-0.018460855,-0.019823803
1321,26420.001,1787268367426.922,169448704.219,0.000000000,-0.008022667,0.035697710,0.008146223
1322,26440.002,1787268367446.923,169448724.221,0.000000000,0.007288010,-0.037099853,0.025406318
1323,26459.992,1787268367466.913,169448744.210,0.000000000,0.004071528,-0.001733265,0.005823431
1324,26479.993,1787268367486.914,169448764.211,0.000000000,0.041532159,-0.003974506,0.050775044
1325,26499.990,1787268367506.911,169448784.208,0.000000000,-0.016161196,-0.002521276,-0.013546077
1326,26519.997,1787268367526.918,169448804.215,0.000000000,-0.007402505,-0.004095623,0.010692031
1327,26539.992,1787268367546.913,169448824.210,0.000000000,-0.001266616,0.003009053,0.002670151
1328,26559.993,1787268367566.915,169448844.212,0.000000000,-0.001717837,0.002066934,0.004220850
1329,26580.003,1787268367586.924,169448864.221,0.000000000,0.005056649,-0.001417896,0.006417382
1330,26599.990,1787268367606.911,169448884.208,0.000000000,-0.001513569,-0.001300042,0.004164119
1331,26619.990,1787268367626.911,169448904.208,0.000000000,0.013553776,0.000596408,0.005529254
1332,26640.002,1787268367646.923,169448924.220,0.000000000,-0.019381562,-0.025436437,-0.024559377
1333,26660.008,1787268367666.929,169448944.226,0.000000000,-0.006146035,-0.012428474,0.000617030
1334,26679.996,1787268367686.917,169448964.214,0.000000000,-0.011304021,0.008204936,-0.003382547
1335,26699.999,1787268367706.920,169448984.218,0.000000000,0.033416074,-0.003034812,0.059022889
1336,26719.991,1787268367726.912,169449004.209,0.000000000,-0.012843885,-0.009445004,-0.021210304
1337,26740.003,1787268367746.924,169449024.221,0.000000000,0.007789060,0.002580440,0.008239571
1338,26760.002,1787268367766.923,169449044.221,0.000000000,0.000787111,0.005095117,0.004296363
1339,26780.002,1787268367786.923,169449064.221,0.000000000,-0.014834841,-0.013954106,-0.018085321
1340,26800.001,1787268367806.922,169449084.219,0.000000000,0.009431546,-0.006062517,0.004146046
1341,26819.999,1787268367826.921,169449104.218,0.000000000,0.000252620,-0.001815664,0.000764513
1342,26839.990,1787268367846.911,169449124.208,0.000000000,0.008969680,-0.011933633,0.021683561
1343,26859.989,1787268367866.910,169449144.207,0.000000000,-0.004042789,-0.004408511,0.003050884
1344,26879.989,1787268367886.910,169449164.208,0.000000000,0.006630824,-0.000339232,0.005655259
1345,26899.992,1787268367906.914,169449184.211,0.000000000,0.001788693,-0.001745320,-0.005747362
1346,26919.999,1787268367926.920,169449204.218,0.000000000,-0.000867681,-0.025345929,-0.012825200
1347,26939.998,1787268367946.918,169449224.216,0.000000000,0.000145497,-0.001751132,0.002459809
1348,26959.989,1787268367966.911,169449244.208,0.000000000,0.018167047,-0.031983115,0.041493360
1349,26979.991,1787268367986.912,169449264.209,0.000000000,0.012376503,-0.004275426,0.009965449
1350,26999.998,1787268368006.919,169449284.216,0.000000000,0.002686769,-0.003818844,0.016957561
1351,27019.991,1787268368026.912,169449304.209,0.000000000,-0.015404812,-0.008834353,-0.002742576
1352,27040.004,1787268368046.925,169449324.222,0.000000000,-0.053350311,-0.002851425,-0.058492389
1353,27059.998,1787268368066.919,169449344.216,0.000000000,-0.007077450,-0.003554710,0.005369951
1354,27080.005,1787268368086.926,169449364.223,0.000000000,0.007739491,0.005171007,0.021027444
1355,27099.999,1787268368106.920,169449384.217,0.000000000,0.012270674,-0.005236300,0.032753803
1356,27119.994,1787268368126.915,169449404.212,0.000000000,0.011728688,-0.008796274,-0.010669758
1357,27139.990,1787268368146.911,169449424.208,0.000000000,0.012234909,-0.017486444,0.011268822
1358,27160.001,1787268368166.922,169449444.219,0.000000000,-0.006866163,0.001723293,-0.004127782
1359,27179.993,1787268368186.914,169449464.211,0.000000000,-0.002407628,0.000837677,-0.000914054
1360,27200.000,1787268368206.921,169449484.219,0.000000000,-0.004853799,-0.005134622,-0.017191181
1361,27219.991,1787268368226.912,169449504.209,0.000000000,0.005603799,0.043804616,0.027276048
1362,27240.003,1787268368246.924,169449524.222,0.000000000,-0.003041711,-0.002172624,-0.012938852
1363,27260.000,1787268368266.921,169449544.219,0.000000000,0.001519240,-0.006166636,-0.004237432
1364,27280.002,1787268368286.923,169449564.220,0.000000000,-0.007013408,0.002216784,-0.007485649
1365,27300.001,1787268368306.922,169449584.219,0.000000000,-0.006789573,-0.009320517,-0.015826361
1366,27319.993,1787268368326.915,169449604.212,0.000000000,0.010568449,0.005170671,0.007190392
1367,27340.004,1787268368346.926,169449624.223,0.000000000,0.009150321,-0.016833777,0.006183592
1368,27360.004,1787268368366.925,169449644.222,0.000000000,0.016673900,-0.008699156,0.018034039
1369,27380.000,1787268368386.921,169449664.218,0.000000000,0.011786853,-0.001306503,0.019630685
1370,27399.996,1787268368406.917,169449684.214,0.000000000,0.004604981,0.002262170,0.004463948
1371,27420.000,1787268368426.921,169449704.218,0.000000000,-0.011338221,0.006469700,-0.027990364
1372,27439.988,1787268368446.909,169449724.206,0.000000000,0.013926084,-0.010425042,0.003191176
1373,27460.005,1787268368466.926,169449744.223,0.000000000,-0.001627161,-0.005741279,-0.000822737
1374,27479.991,1787268368486.912,169449764.209,0.000000000,0.017211800,0.005245339,0.044521838
1375,27499.988,1787268368506.910,169449784.207,0.000000000,0.008676598,-0.025990324,0.006975642
1376,27519.987,1787268368526.908,169449804.205,0.000000000,-0.023539552,0.003746202,-0.009339112
1377,27540.003,1787268368546.924,169449824.221,0.000000000,0.014064205,-0.004672757,0.013776081
1378,27559.998,1787268368566.919,169449844.217,0.000000000,0.011782159,0.011695744,0.000928742
1379,27579.990,1787268368586.911,169449864.208,0.000000000,-0.008567493,-0.004606406,-0.002399724
1380,27600.001,1787268368606.922,169449884.219,0.000000000,-0.013471245,-0.001005131,-0.001691400
1381,27619.999,1787268368626.920,169449904.218,0.000000000,-0.011359544,0.014923185,0.006590375
1382,27639.991,1787268368646.912,169449924.209,0.000000000,0.012186931,-0.000774859,-0.012674417
1383,27660.001,1787268368666.922,169449944.220,0.000000000,0.012708977,0.008383076,0.012265267
1384,27679.990,1787268368686.911,169449964.209,0.000000000,0.006623354,0.015310116,-0.000515969
1385,27699.987,1787268368706.908,169449984.206,0.000000000,0.012986304,-0.007139870,0.018383352
1386,27719.987,1787268368726.908,169450004.206,0.000000000,-0.005841708,0.008799501,0.003242633
1387,27740.001,1787268368746.922,169450024.219,0.000000000,0.012627324,-0.017901620,0.020462582
1388,27759.994,1787268368766.916,169450044.213,0.000000000,-0.011100149,-0.023107173,-0.011085054
1389,27779.990,1787268368786.911,169450064.208,0.000000000,-0.006759029,0.001040868,-0.005268182
1390,27799.990,1787268368806.911,169450084.209,0.000000000,0.003981871,-0.006289449,-0.000220714
1391,27819.994,1787268368826.915,169450104.212,0.000000000,0.021687767,-0.025517851,0.021303806
1392,27839.995,1787268368846.917,169450124.214,0.000000000,0.002901035,-0.036901109,0.010882682
1393,27859.992,1787268368866.913,169450144.210,0.000000000,0.009768919,0.003145791,0.005236624
1394,27880.005,1787268368886.926,169450164.223,0.000000000,0.004789307,-0.007329037,0.017911976
1395,27900.001,1787268368906.922,169450184.219,0.000000000,-0.001685435,-0.001985718,0.038925666
1396,27920.006,1787268368926.927,169450204.224,0.000000000,-0.007540936,-0.008537205,-0.000690806
1397,27940.000,1787268368946.921,169450224.218,0.000000000,0.009760373,-0.017971745,0.010031955
1398,27959.997,1787268368966.918,169450244.216,0.000000000,-0.016004343,-0.008566024,-0.015888102
1399,27979.995,1787268368986.916,169450264.213,0.000000000,-0.018744711,-0.013074504,-0.011657856
1400,27999.993,1787268369006.914,169450284.212,0.000000000,0.007456933,0.003641816,-0.000923009
1401,28020.016,1787268369026.938,169450304.235,0.000000000,-0.011419394,-0.011128978,-0.017946780
1402,28039.994,1787268369046.915,169450324.212,0.000000000,-0.004869503,-0.007683347,-0.020402379
1403,28060.001,1787268369066.922,169450344.219,0.000000000,-0.011739727,0.004221633,-0.008166685
1404,28080.002,1787268369086.923,169450364.221,0.000000000,-0.000477088,-0.006449344,-0.001278462
1405,28099.990,1787268369106.911,169450384.208,0.000000000,0.002655483,-0.011237161,0.010859829
1406,28119.993,1787268369126.914,169450404.212,0.000000000,0.001809244,-0.004673541,-0.006804820
1407,28140.002,1787268369146.923,169450424.220,0.000000000,0.009875088,-0.014982014,0.018365299
1408,28159.994,1787268369166.915,169450444.212,0.000000000,0.020999622,-0.009358058,0.029337931
1409,28179.998,1787268369186.919,169450464.217,0.000000000,0.001992230,-0.017713919,-0.003100535
1410,28200.002,1787268369206.923,169450484.220,0.000000000,0.024976678,-0.006762556,0.008136943
1411,28219.999,1787268369226.920,169450504.217,0.000000000,0.002612110,-0.002628709,-0.001207198
1412,28240.001,1787268369246.922,169450524.219,0.000000000,0.011973509,-0.009834222,0.007462208
1413,28260.001,1787268369266.922,169450544.220,0.000000000,0.018602872,0.005773089,0.040208176
1414,28280.001,1787268369286.922,169450564.219,0.000000000,0.015242963,0.007228350,0.008896281
1415,28300.000,1787268369306.921,169450584.219,0.000000000,-0.033032276,0.003998377,-0.031325631
1416,28319.990,1787268369326.911,169450604.208,0.000000000,0.002954341,-0.003673909,-0.005414523
1417,28339.988,1787268369346.909,169450624.206,0.000000000,0.004780221,-0.006747988,0.017167965
1418,28359.989,1787268369366.910,169450644.208,0.000000000,-0.012087544,0.009764595,-0.001504338
1419,28379.997,1787268369386.918,169450664.215,0.000000000,0.009675397,-0.001000704,0.011726102
1420,28399.992,1787268369406.913,169450684.210,0.000000000,-0.001060151,-0.004530941,-0.006109078
1421,28419.990,1787268369426.911,169450704.208,0.000000000,0.008860164,-0.005571821,-0.006984262
1422,28440.002,1787268369446.923,169450724.220,0.000000000,0.034506217,-0.015355383,0.031585436
1423,28459.998,1787268369466.919,169450744.216,0.000000000,0.004566379,-0.022015022,-0.025385493
1424,28480.007,1787268369486.928,169450764.226,0.000000000,-0.003474225,-0.003209244,0.013194939
1425,28499.994,1787268369506.915,169450784.212,0.000000000,0.018769113,0.031964850,0.013318460
1426,28519.996,1787268369526.917,169450804.214,0.000000000,-0.000643541,-0.015102393,0.013945911
1427,28539.996,1787268369546.917,169450824.214,0.000000000,0.005267729,0.033797409,-0.005691051
1428,28559.999,1787268369566.920,169450844.218,0.000000000,-0.004578381,-0.004172633,-0.002677188
1429,28579.990,1787268369586.911,169450864.208,0.000000000,0.004195387,0.007222594,0.011990610
1430,28599.998,1787268369606.918,169450884.216,0.000000000,-0.019276384,0.000979239,-0.033922181
1431,28620.001,1787268369626.922,169450904.220,0.000000000,0.004635610,0.001833813,0.000453118
1432,28640.007,1787268369646.928,169450924.226,0.000000000,0.000678342,-0.015314267,0.000180529
1433,28659.990,1787268369666.911,169450944.208,0.000000000,0.024354536,0.002239257,0.014437833
1434,28679.991,1787268369686.912,169450964.209,0.000000000,0.000504006,0.010170397,-0.011780719
1435,28699.995,1787268369706.916,169450984.213,0.000000000,0.002338401,0.022797609,0.001740830
1436,28720.011,1787268369726.932,169451004.230,0.000000000,-0.019663418,-0.017670166,-0.010351007
1437,28740.002,1787268369746.923,169451024.220,0.000000000,-0.009991804,-0.012655981,0.001237773
1438,28760.002,1787268369766.923,169451044.220,0.000000000,-0.014310842,-0.008567233,-0.008758713
1439,28780.003,1787268369786.925,169451064.222,0.000000000,0.006737772,0.034989033,0.008594693
1440,28799.992,1787268369806.913,169451084.210,0.000000000,0.008488835,-0.000419173,0.002143892
1441,28819.991,1787268369826.912,169451104.209,0.000000000,0.001162152,-0.009594444,0.004570648
1442,28839.995,1787268369846.916,169451124.214,0.000000000,-0.012331813,0.022366412,-0.008412706
1443,28859.992,1787268369866.913,169451144.211,0.000000000,-0.011531251,-0.023679437,-0.008457176
1444,28879.990,1787268369886.911,169451164.208,0.000000000,-0.003966013,0.020490970,0.000052715
1445,28899.991,1787268369906.912,169451184.209,0.000000000,-0.000123560,0.016083583,-0.000435754
1446,28919.990,1787268369926.911,169451204.209,0.000000000,0.002580836,-0.002445509,-0.006701304
1447,28939.989,1787268369946.911,169451224.208,0.000000000,-0.006899572,-0.007578491,-0.014812242
1448,28959.989,1787268369966.910,169451244.207,0.000000000,-0.000325414,-0.027314056,0.027845591
1449,28979.988,1787268369986.909,169451264.206,0.000000000,-0.027281674,-0.008480377,-0.030324705
1450,28999.990,1787268370006.911,169451284.209,0.000000000,-0.013715530,-0.010015969,0.004910768
1451,29019.990,1787268370026.911,169451304.209,0.000000000,0.003041322,0.017953165,-0.003817062
1452,29040.001,1787268370046.922,169451324.219,0.000000000,0.011785841,-0.002777049,0.012829338
1453,29059.990,1787268370066.911,169451344.209,0.000000000,0.011796333,-0.013644266,0.006535865
1454,29079.989,1787268370086.910,169451364.207,0.000000000,-0.002701241,-0.003303870,-0.000622927
1455,29099.988,1787268370106.909,169451384.206,0.000000000,0.002385433,0.006200085,-0.000789151
1456,29119.988,1787268370126.909,169451404.207,0.000000000,-0.000620172,-0.002132256,-0.006358278
1457,29139.998,1787268370146.919,169451424.217,0.000000000,0.005287265,-0.001351770,0.004986804
1458,29160.003,1787268370166.924,169451444.221,0.000000000,-0.012262100,-0.013359856,-0.022908175
1459,29179.998,1787268370186.919,169451464.217,0.000000000,0.009111055,-0.007887870,0.007750763
1460,29200.001,1787268370206.922,169451484.220,0.000000000,0.009426294,-0.013694332,0.022012098
1461,29219.997,1787268370226.918,169451504.215,0.000000000,0.004286906,-0.013293193,0.005622390
1462,29239.997,1787268370246.918,169451524.215,0.000000000,0.008401942,-0.014900316,0.006703170
1463,29259.991,1787268370266.912,169451544.209,0.000000000,0.002191178,-0.010530961,0.021960616
1464,29279.997,1787268370286.918,169451564.216,0.000000000,0.003492032,-0.004284503,-0.014542458
1465,29300.001,1787268370306.922,169451584.219,0.000000000,0.001761242,0.020490874,0.010398271
1466,29319.990,1787268370326.911,169451604.208,0.000000000,0.008149819,-0.007403679,0.012692438
1467,29339.994,1787268370346.915,169451624.212,0.000000000,0.011885317,-0.001256321,0.016958645
1468,29359.990,1787268370366.911,169451644.208,0.000000000,-0.005920835,-0.017939109,-0.016009888
1469,29380.001,1787268370386.922,169451664.219,0.000000000,0.031423826,-0.003921434,0.035283197
1470,29399.999,1787268370406.920,169451684.217,0.000000000,-0.002641689,-0.016683633,-0.010647803
1471,29419.991,1787268370426.912,169451704.210,0.000000000,-0.007566947,0.033073597,-0.002513544
1472,29439.991,1787268370446.912,169451724.209,0.000000000,0.014721531,0.005265877,0.003484809
1473,29460.002,1787268370466.923,169451744.220,0.000000000,0.003269833,0.026075175,0.002316421
1474,29479.987,1787268370486.908,169451764.206,0.000000000,0.000081881,0.007107037,0.008328426
1475,29499.997,1787268370506.918,169451784.216,0.000000000,-0.008335881,-0.002131598,-0.014460638
1476,29519.989,1787268370526.910,169451804.207,0.000000000,-0.014008807,-0.003059480,-0.005910723
1477,29540.001,1787268370546.922,169451824.219,0.000000000,0.019189462,-0.001518775,0.028301779
1478,29559.994,1787268370566.915,169451844.212,0.000000000,-0.000203561,0.038354926,-0.000927854
1479,29580.001,1787268370586.922,169451864.219,0.000000000,-0.005544986,-0.007274218,-0.000946487
1480,29599.988,1787268370606.909,169451884.206,0.000000000,0.002802745,0.001909438,-0.005407188
1481,29619.998,1787268370626.919,169451904.217,0.000000000,-0.016356599,0.014772164,-0.019765360
1482,29639.992,1787268370646.913,169451924.210,0.000000000,0.002893079,0.000443565,0.009295413
1483,29660.022,1787268370666.943,169451944.241,0.000000000,0.005672842,0.010652172,0.006161395
1484,29679.998,1787268370686.919,169451964.217,0.000000000,0.001506791,0.009614704,0.001102680
1485,29700.002,1787268370706.923,169451984.220,0.000000000,-0.002158637,0.043012735,0.002036555
1486,29719.990,1787268370726.911,169452004.209,0.000000000,0.004755727,-0.031208234,-0.009843746
1487,29739.999,1787268370746.920,169452024.217,0.000000000,0.001945295,-0.001296822,0.002897351
1488,29760.002,1787268370766.923,169452044.221,0.000000000,0.017117016,-0.026462249,0.022565952
1489,29779.996,1787268370786.917,169452064.214,0.000000000,0.005232979,0.036425959,0.011302628
1490,29799.992,1787268370806.913,169452084.211,0.000000000,-0.006573521,-0.032525368,-0.008995697
1491,29820.000,1787268370826.921,169452104.218,0.000000000,-0.000586186,-0.001139053,-0.002235132
1492,29840.005,1787268370846.926,169452124.224,0.000000000,-0.009433893,0.006113138,-0.008372194
1493,29859.992,1787268370866.914,169452144.211,0.000000000,-0.015058910,-0.001519574,-0.019767631
1494,29879.991,1787268370886.912,169452164.209,0.000000000,0.018958993,0.001265505,0.010323172
1495,29899.989,1787268370906.910,169452184.208,0.000000000,-0.008743222,-0.008291701,-0.006023933
1496,29919.999,1787268370926.920,169452204.218,0.000000000,-0.000805339,0.000137007,-0.000935084
1497,29939.993,1787268370946.914,169452224.211,0.000000000,0.011251956,-0.007338060,0.004884530
1498,29959.990,1787268370966.911,169452244.208,0.000000000,0.010445796,0.000583773,0.010117115
1499,29979.994,1787268370986.915,169452264.212,0.000000000,-0.037858933,0.011567708,-0.052624885
1500,29999.991,1787268371006.912,169452284.210,0.000000000,0.002243853,-0.028802661,-0.001472661
1501,30019.997,1787268371026.918,169452304.215,0.000000000,-0.001381258,0.016567485,-0.007010786
1502,30039.992,1787268371046.914,169452324.211,0.000000000,0.015975982,-0.019884659,0.005115617
1503,30060.001,1787268371066.922,169452344.219,0.000000000,0.001318500,-0.004968209,-0.004358549
1504,30079.997,1787268371086.918,169452364.216,0.000000000,-0.007648497,-0.017777169,-0.036240231
1505,30099.988,1787268371106.909,169452384.206,0.000000000,0.021833785,-0.010799919,0.003297850
1506,30119.993,1787268371126.914,169452404.211,0.000000000,-0.003380619,0.004888293,-0.024835851
1507,30139.993,1787268371146.914,169452424.212,0.000000000,-0.002478978,-0.002172993,-0.002668772
1508,30160.000,1787268371166.921,169452444.218,0.000000000,-0.002343099,-0.008637605,-0.004085077
1509,30179.999,1787268371186.920,169452464.218,0.000000000,-0.022305198,-0.005703636,-0.032965139
1510,30199.993,1787268371206.914,169452484.211,0.000000000,-0.035478357,-0.016699387,-0.031687010
1511,30219.992,1787268371226.913,169452504.210,0.000000000,-0.026231296,0.007711536,-0.028617326
1512,30239.998,1787268371246.919,169452524.217,0.000000000,0.014406253,0.001170696,0.005583228
1513,30260.032,1787268371266.953,169452544.250,0.000000000,0.014362640,0.007645822,0.010484166
1514,30279.996,1787268371286.917,169452564.215,0.000000000,-0.027191030,0.015253334,-0.037225846
1515,30299.991,1787268371306.912,169452584.210,0.000000000,-0.005618074,-0.005228904,0.006200880
1516,30319.994,1787268371326.915,169452604.212,0.000000000,-0.003406205,-0.000782165,-0.001777991
1517,30339.994,1787268371346.915,169452624.213,0.000000000,-0.008238218,0.012079289,-0.013591042
1518,30360.002,1787268371366.923,169452644.221,0.000000000,0.006914262,-0.003818375,-0.002772422
1519,30379.992,1787268371386.913,169452664.210,0.000000000,0.004282628,0.021786597,0.009832588
1520,30399.991,1787268371406.912,169452684.209,0.000000000,-0.009839177,-0.006433832,0.013487701
1521,30419.991,1787268371426.912,169452704.209,0.000000000,0.004964544,-0.012663722,-0.013507714
1522,30439.994,1787268371446.915,169452724.213,0.000000000,0.000683337,-0.003109897,0.001520338
1523,30460.001,1787268371466.922,169452744.219,0.000000000,0.007962952,0.001886772,0.005429240
1524,30480.001,1787268371486.922,169452764.219,0.000000000,-0.001272199,-0.004051347,-0.007441875
1525,30499.993,1787268371506.914,169452784.211,0.000000000,0.004280382,-0.015013681,0.015357520
1526,30519.993,1787268371526.914,169452804.212,0.000000000,0.010256654,-0.026251238,-0.008078377
1527,30539.989,1787268371546.910,169452824.208,0.000000000,-0.018230634,-0.006350236,0.001326564
1528,30560.000,1787268371566.921,169452844.219,0.000000000,0.034870960,0.003813066,0.041347362
1529,30579.988,1787268371586.909,169452864.207,0.000000000,0.000555044,-0.007121501,-0.006462486
1530,30600.002,1787268371606.923,169452884.221,0.000000000,0.019312017,0.030987190,0.034505431
1531,30619.989,1787268371626.910,169452904.207,0.000000000,-0.002732611,-0.007089682,-0.011515033
1532,30639.998,1787268371646.918,169452924.216,0.000000000,0.013200741,0.029848725,0.027511749
1533,30659.988,1787268371666.909,169452944.207,0.000000000,0.003363584,0.003260039,-0.000127706
1534,30679.990,1787268371686.911,169452964.209,0.000000000,-0.008134587,-0.016598037,-0.009431231
1535,30700.001,1787268371706.922,169452984.219,0.000000000,0.009534272,0.002330279,0.008287868
1536,30719.990,1787268371726.911,169453004.209,0.000000000,0.007939779,0.043595158,-0.000940972
1537,30739.993,1787268371746.914,169453024.212,0.000000000,0.008284634,-0.010672125,0.019701442
1538,30760.000,1787268371766.921,169453044.219,0.000000000,-0.003690357,0.004338995,-0.011645312
1539,30780.003,1787268371786.924,169453064.221,0.000000000,-0.033406928,-0.006241385,-0.050729606
1540,30800.001,1787268371806.922,169453084.220,0.000000000,0.009512448,-0.006151729,0.006878932
1541,30819.998,1787268371826.919,169453104.217,0.000000000,-0.014375136,0.003471538,-0.017910764
1542,30840.003,1787268371846.924,169453124.221,0.000000000,-0.001371871,-0.001109255,0.001736137
1543,30860.000,1787268371866.921,169453144.218,0.000000000,0.001028153,-0.001869402,-0.001317396
1544,30879.992,1787268371886.913,169453164.211,0.000000000,0.001045857,0.021495773,-0.000996462
1545,30899.996,1787268371906.917,169453184.214,0.000000000,0.008695159,-0.002102910,0.005603761
1546,30919.997,1787268371926.918,169453204.215,0.000000000,0.006775710,-0.007713811,0.000756139
1547,30940.006,1787268371946.927,169453224.224,0.000000000,0.002386523,0.004434116,-0.003637226
1548,30960.003,1787268371966.924,169453244.221,0.000000000,-0.003387384,-0.009076248,0.005628558
1549,30979.992,1787268371986.913,169453264.211,0.000000000,-0.006776902,-0.013354281,-0.023779271
1550,30999.999,1787268372006.920,169453284.218,0.000000000,-0.013989525,0.013870592,-0.017652266
1551,31019.997,1787268372026.918,169453304.216,0.000000000,0.006593212,0.002551351,0.002693560
1552,31039.992,1787268372046.913,169453324.210,0.000000000,-0.005567617,0.007535280,-0.004622729
1553,31060.195,1787268372067.116,169453344.413,0.000000000,0.002498106,-0.019827688,0.013424240
1554,31080.004,1787268372086.925,169453364.222,0.000000000,0.005142306,0.024824491,0.003619071
1555,31099.999,1787268372106.920,169453384.217,0.000000000,0.013146393,0.010696318,0.025022510
1556,31119.988,1787268372126.910,169453404.207,0.000000000,-0.000134094,-0.014320671,0.005734126
1557,31140.007,1787268372146.928,169453424.225,0.000000000,-0.015703551,-0.017083671,-0.019951986
1558,31159.998,1787268372166.919,169453444.216,0.000000000,-0.007401493,-0.021901229,-0.006244855
1559,31179.999,1787268372186.920,169453464.217,0.000000000,0.000869101,-0.010528106,-0.016900580
1560,31199.994,1787268372206.915,169453484.212,0.000000000,0.014705873,-0.007648430,0.022646716
1561,31220.002,1787268372226.923,169453504.220,0.000000000,-0.012114782,0.020622460,-0.019110346
1562,31239.992,1787268372246.913,169453524.210,0.000000000,0.033193905,0.001679482,0.029473685
1563,31259.999,1787268372266.920,169453544.217,0.000000000,-0.028978087,0.006149939,-0.025871363
1564,31279.999,1787268372286.920,169453564.218,0.000000000,0.004356287,-0.001667741,-0.002646231
1565,31299.990,1787268372306.911,169453584.209,0.000000000,0.010721992,-0.003007797,0.011982686
1566,31319.989,1787268372326.910,169453604.208,0.000000000,0.002383488,0.007200517,0.000303549
1567,31339.999,1787268372346.920,169453624.217,0.000000000,0.012463025,0.026875339,0.004910242
1568,31359.999,1787268372366.920,169453644.217,0.000000000,-0.001275680,-0.004966274,-0.008767588
1569,31380.002,1787268372386.923,169453664.221,0.000000000,-0.003471296,-0.019681593,-0.012825325
1570,31399.991,1787268372406.912,169453684.209,0.000000000,0.013597697,0.003149279,0.035780426
1571,31420.001,1787268372426.922,169453704.219,0.000000000,0.003547246,-0.011766471,0.025715953
1572,31439.992,1787268372446.913,169453724.211,0.000000000,-0.018125137,-0.046892788,-0.035764098
1573,31459.999,1787268372466.920,169453744.217,0.000000000,0.002397166,0.012163877,-0.014144682
1574,31480.003,1787268372486.924,169453764.221,0.000000000,0.006348378,-0.019727059,0.011346991
1575,31499.998,1787268372506.918,169453784.216,0.000000000,-0.019932667,-0.000415155,-0.045635942
1576,31519.992,1787268372526.914,169453804.211,0.000000000,0.007501697,-0.003239133,0.033655263
1577,31539.991,1787268372546.912,169453824.209,0.000000000,0.015006387,0.003193913,-0.000593780
1578,31559.998,1787268372566.919,169453844.216,0.000000000,0.000165066,0.030657871,-0.002361375
1579,31579.990,1787268372586.911,169453864.208,0.000000000,0.007578090,-0.010610175,0.024900898
1580,31599.989,1787268372606.910,169453884.208,0.000000000,-0.012068490,-0.016207498,-0.005978366
1581,31619.998,1787268372626.919,169453904.217,0.000000000,-0.011402681,-0.006506984,-0.012359435
1582,31639.990,1787268372646.911,169453924.208,0.000000000,0.004090611,-0.000405262,0.005382534
1583,31659.998,1787268372666.918,169453944.216,0.000000000,0.013791576,-0.006083271,0.004903470
1584,31679.998,1787268372686.918,169453964.216,0.000000000,0.001083042,0.020324377,-0.000231812
1585,31700.003,1787268372706.924,169453984.221,0.000000000,-0.022612050,-0.016461683,-0.008678706
1586,31719.990,1787268372726.911,169454004.208,0.000000000,0.008730942,-0.007016519,0.002606681
1587,31739.998,1787268372746.919,169454024.217,0.000000000,-0.012356948,-0.006102704,-0.019072866
1588,31759.999,1787268372766.920,169454044.217,0.000000000,0.003674961,-0.020283818,0.014477490
1589,31779.999,1787268372786.920,169454064.217,0.000000000,0.016002994,-0.001952822,0.015715273
1590,31799.999,1787268372806.920,169454084.218,0.000000000,0.008620117,-0.032081008,0.016462764
1591,31820.000,1787268372826.921,169454104.219,0.000000000,0.020360656,0.017607629,0.031619087
1592,31839.990,1787268372846.911,169454124.209,0.000000000,-0.020139350,0.005936328,-0.016590741
1593,31859.990,1787268372866.911,169454144.208,0.000000000,-0.011857104,0.010308258,-0.007954370
1594,31879.992,1787268372886.913,169454164.210,0.000000000,-0.003129010,0.005275832,-0.001065366
1595,31899.993,1787268372906.914,169454184.211,0.000000000,0.002720262,-0.003297502,0.000548357
1596,31919.998,1787268372926.919,169454204.216,0.000000000,-0.018089350,0.035823423,-0.010599233
1597,31940.001,1787268372946.922,169454224.219,0.000000000,0.016221881,0.007741090,0.017253445
1598,31959.999,1787268372966.920,169454244.217,0.000000000,0.000048898,-0.010886697,0.007071690
1599,31979.998,1787268372986.920,169454264.217,0.000000000,-0.024006678,-0.020484319,-0.020563042
1600,31999.992,1787268373006.913,169454284.210,0.000000000,0.000005208,-0.003884589,-0.000476223
1601,32019.998,1787268373026.919,169454304.216,0.000000000,0.010679950,-0.008536777,0.015367688
1602,32039.997,1787268373046.918,169454324.215,0.000000000,0.006396783,-0.012786086,0.010291783
1603,32059.989,1787268373066.910,169454344.207,0.000000000,-0.005784948,-0.018024676,0.011508772
1604,32079.993,1787268373086.915,169454364.212,0.000000000,0.008194975,-0.007659105,-0.001269214
1605,32099.987,1787268373106.908,169454384.205,0.000000000,0.002331769,-0.000063924,-0.006447257
1606,32119.987,1787268373126.908,169454404.206,0.000000000,-0.003516199,-0.000151701,0.002081796
1607,32139.988,1787268373146.909,169454424.207,0.000000000,-0.003527862,-0.001611928,-0.007729944
1608,32160.001,1787268373166.922,169454444.219,0.000000000,-0.021541560,-0.006074436,-0.043337386
1609,32179.999,1787268373186.920,169454464.217,0.000000000,-0.004839515,0.002672147,-0.012367290
1610,32200.029,1787268373206.949,169454484.247,0.000000000,0.012657789,0.008861596,0.004837554
1611,32219.995,1787268373226.917,169454504.214,0.000000000,0.009065256,-0.006014514,-0.004132139
1612,32240.002,1787268373246.923,169454524.221,0.000000000,0.047729537,-0.006085342,0.046851065
1613,32259.992,1787268373266.913,169454544.210,0.000000000,0.012730786,0.006614171,0.010213681
1614,32279.989,1787268373286.910,169454564.207,0.000000000,-0.015926605,0.022499457,-0.022790413
1615,32299.992,1787268373306.913,169454584.210,0.000000000,0.002930664,-0.005948375,-0.003879107
1616,32319.991,1787268373326.912,169454604.209,0.000000000,0.002801060,-0.011409033,0.014525045
1617,32340.001,1787268373346.922,169454624.219,0.000000000,-0.018769450,0.041530583,-0.014916801
1618,32360.005,1787268373366.926,169454644.223,0.000000000,-0.003305622,0.000719400,-0.002987695
1619,32380.001,1787268373386.922,169454664.220,0.000000000,0.005679762,0.013252318,0.014255965
1620,32400.000,1787268373406.921,169454684.218,0.000000000,-0.007428980,0.001969630,-0.000567639
1621,32420.009,1787268373426.930,169454704.227,0.000000000,-0.010222224,0.004103001,-0.009812382
1622,32440.000,1787268373446.921,169454724.219,0.000000000,-0.001901768,-0.014070061,-0.015571640
1623,32460.013,1787268373466.934,169454744.231,0.000000000,0.006201540,0.006086795,-0.001876502
1624,32480.003,1787268373486.924,169454764.222,0.000000000,0.018875046,0.005654493,0.026350165
1625,32499.997,1787268373506.918,169454784.216,0.000000000,0.013584945,-0.033970948,0.023272965
1626,32520.001,1787268373526.922,169454804.220,0.000000000,-0.005182438,-0.019011628,-0.015433948
1627,32539.993,1787268373546.914,169454824.212,0.000000000,-0.017269641,-0.032719489,-0.016412448
1628,32559.989,1787268373566.910,169454844.208,0.000000000,0.018247122,-0.005682456,0.026301380
1629,32579.999,1787268373586.920,169454864.217,0.000000000,-0.001946832,-0.014778544,-0.001437749
1630,32600.006,1787268373606.927,169454884.225,0.000000000,-0.021885321,0.042481851,-0.032027129
1631,32619.994,1787268373626.915,169454904.212,0.000000000,-0.009531234,0.000791383,-0.001656305
1632,32639.993,1787268373646.914,169454924.211,0.000000000,-0.014027006,-0.024370881,0.014528085
1633,32659.992,1787268373666.913,169454944.211,0.000000000,0.001445940,-0.001012015,-0.000090748
1634,32680.004,1787268373686.925,169454964.222,0.000000000,0.011731500,0.016147152,0.010260747
1635,32700.004,1787268373706.926,169454984.223,0.000000000,0.014513152,-0.023462161,-0.000021737
1636,32719.995,1787268373726.917,169455004.214,0.000000000,-0.011763455,0.004498764,-0.022062380
1637,32740.003,1787268373746.924,169455024.222,0.000000000,-0.011804248,-0.006218958,-0.005392156
1638,32759.991,1787268373766.912,169455044.209,0.000000000,0.006034057,0.030113216,0.009908300
1639,32779.990,1787268373786.912,169455064.209,0.000000000,-0.001252301,0.016063128,0.008297929
1640,32800.001,1787268373806.922,169455084.219,0.000000000,-0.015612333,0.002813486,-0.032836027
1641,32819.996,1787268373826.917,169455104.215,0.000000000,-0.001370312,-0.019652866,0.004626913
1642,32839.989,1787268373846.910,169455124.208,0.000000000,0.019983944,-0.019350601,0.017970430
1643,32859.991,1787268373866.912,169455144.209,0.000000000,0.008578196,0.017646225,0.007086831
1644,32880.004,1787268373886.925,169455164.223,0.000000000,-0.008837849,-0.001030329,-0.023933485
1645,32899.999,1787268373906.921,169455184.218,0.000000000,0.003535702,-0.031526696,0.008550021
1646,32919.992,1787268373926.913,169455204.210,0.000000000,-0.001890689,-0.003554508,0.001951094
1647,32939.995,1787268373946.916,169455224.213,0.000000000,-0.024715828,-0.009315002,-0.024429053
1648,32959.999,1787268373966.920,169455244.217,0.000000000,0.030702787,-0.003611757,0.046945289
1649,32980.000,1787268373986.921,169455264.218,0.000000000,0.013708818,-0.010321846,0.034053136
1650,32999.999,1787268374006.920,169455284.217,0.000000000,0.028666897,0.014609050,0.014538717
1651,33019.990,1787268374026.911,169455304.208,0.000000000,-0.010728375,-0.011070630,-0.025944849
1652,33039.990,1787268374046.911,169455324.209,0.000000000,0.001232149,-0.011408393,-0.001321193
1653,33059.996,1787268374066.917,169455344.214,0.000000000,-0.012223169,0.021154622,-0.006057439
1654,33079.989,1787268374086.910,169455364.207,0.000000000,-0.021963591,-0.007512006,-0.022879889
1655,33099.994,1787268374106.915,169455384.212,0.000000000,-0.007263369,-0.001889054,-0.000850200
1656,33119.996,1787268374126.917,169455404.215,0.000000000,-0.010087497,-0.004065823,-0.002051987
1657,33139.997,1787268374146.918,169455424.215,0.000000000,-0.005605786,0.020264236,0.003280558
1658,33159.998,1787268374166.918,169455444.216,0.000000000,0.011173031,-0.006101347,0.006311956
1659,33179.988,1787268374186.909,169455464.206,0.000000000,-0.011954546,0.003666537,-0.030563468
1660,33200.004,1787268374206.925,169455484.222,0.000000000,-0.004283353,-0.001731892,-0.005443324
1661,33219.994,1787268374226.916,169455504.213,0.000000000,-0.013771416,0.012615930,-0.019193182
1662,33239.988,1787268374246.909,169455524.206,0.000000000,-0.025104819,0.004130746,-0.027013494
1663,33259.993,1787268374266.914,169455544.211,0.000000000,0.010976744,-0.008947468,-0.009668773
1664,33280.013,1787268374286.934,169455564.231,0.000000000,0.009087591,-0.024774417,-0.007027438
1665,33300.009,1787268374306.931,169455584.228,0.000000000,-0.003239259,-0.007370802,-0.006406964
1666,33319.993,1787268374326.915,169455604.212,0.000000000,-0.015951484,0.039882280,-0.022840464
1667,33339.992,1787268374346.913,169455624.210,0.000000000,0.025404425,0.018598497,0.047726266
1668,33360.005,1787268374366.926,169455644.223,0.000000000,-0.003651517,0.011702730,-0.015562506
1669,33379.994,1787268374386.915,169455664.212,0.000000000,-0.012835368,-0.013464767,-0.009974453
1670,33400.000,1787268374406.921,169455684.218,0.000000000,0.007330949,-0.002689331,0.011827860
1671,33419.993,1787268374426.915,169455704.212,0.000000000,0.007977399,0.006328579,0.002111940
1672,33439.994,1787268374446.916,169455724.213,0.000000000,0.023682361,-0.000165075,0.022799626
1673,33459.991,1787268374466.912,169455744.210,0.000000000,-0.008620504,-0.005410662,-0.019353902
1674,33479.993,1787268374486.914,169455764.211,0.000000000,0.020892194,-0.000092593,0.018292692
1675,33499.994,1787268374506.915,169455784.212,0.000000000,0.027770674,-0.012928841,0.020402733
1676,33520.002,1787268374526.923,169455804.221,0.000000000,-0.015307180,-0.009092242,-0.025943082
1677,33539.991,1787268374546.912,169455824.209,0.000000000,-0.010236037,0.001493322,-0.010119964
1678,33559.999,1787268374566.920,169455844.218,0.000000000,-0.020042036,-0.014544465,-0.026748085
1679,33579.991,1787268374586.912,169455864.210,0.000000000,0.024101164,-0.007895955,0.030008076
1680,33599.989,1787268374606.910,169455884.208,0.000000000,0.003036474,0.005543596,-0.000657815
1681,33620.001,1787268374626.922,169455904.220,0.000000000,-0.024769746,-0.004069475,-0.040245846
1682,33639.994,1787268374646.915,169455924.212,0.000000000,-0.001481637,0.002756200,0.000402437
1683,33659.992,1787268374666.914,169455944.211,0.000000000,0.012886611,-0.007074345,0.011483029
1684,33680.003,1787268374686.924,169455964.221,0.000000000,-0.007447219,-0.035857372,0.016319543
1685,33699.988,1787268374706.909,169455984.206,0.000000000,0.013951920,-0.001344588,0.016782304
1686,33719.998,1787268374726.919,169456004.216,0.000000000,0.006208904,-0.000451318,-0.000426782
1687,33740.003,1787268374746.925,169456024.222,0.000000000,0.010395251,-0.036679298,0.009867674
1688,33759.990,1787268374766.911,169456044.208,0.000000000,0.012728142,0.005014196,0.004716089
1689,33779.992,1787268374786.913,169456064.211,0.000000000,0.010941490,-0.012767774,0.001200254
1690,33799.992,1787268374806.913,169456084.211,0.000000000,0.017154835,-0.007428291,0.022386318
1691,33820.007,1787268374826.928,169456104.226,0.000000000,-0.003358900,-0.007840760,0.002497445
1692,33839.999,1787268374846.920,169456124.217,0.000000000,-0.007911238,0.025338128,-0.006629422
1693,33859.992,1787268374866.913,169456144.210,0.000000000,0.007004716,-0.001056013,0.001441801
1694,33879.999,1787268374886.920,169456164.218,0.000000000,0.000115969,-0.014006933,0.008665493
1695,33899.992,1787268374906.914,169456184.211,0.000000000,0.028415194,-0.002849658,0.029583111
1696,33919.991,1787268374926.912,169456204.209,0.000000000,-0.001559977,-0.018276898,-0.009018902
1697,33939.990,1787268374946.911,169456224.209,0.000000000,-0.015202571,-0.017533481,-0.024896534
1698,33960.002,1787268374966.923,169456244.220,0.000000000,0.003475230,0.029266383,0.000699400
1699,33979.999,1787268374986.920,169456264.217,0.000000000,-0.025971524,-0.002529153,-0.045910012
1700,33999.992,1787268375006.913,169456284.211,0.000000000,0.019997099,0.007801282,0.029726103
1701,34020.005,1787268375026.926,169456304.224,0.000000000,0.002168496,-0.001896616,0.005318555
1702,34039.994,1787268375046.916,169456324.213,0.000000000,0.013648289,-0.004847858,-0.002817539
1703,34060.003,1787268375066.924,169456344.221,0.000000000,-0.004959690,-0.002107446,-0.029288365
1704,34079.992,1787268375086.913,169456364.210,0.000000000,-0.018531503,0.005865383,-0.029728403
1705,34099.993,1787268375106.915,169456384.212,0.000000000,-0.014251894,-0.010789414,-0.018637806
1706,34119.998,1787268375126.920,169456404.217,0.000000000,-0.024140697,-0.006417762,-0.031035783
1707,34139.991,1787268375146.912,169456424.209,0.000000000,-0.008148048,0.000791125,-0.003652551
1708,34159.989,1787268375166.910,169456444.207,0.000000000,0.008458465,-0.019651247,0.010061517
1709,34179.989,1787268375186.910,169456464.207,0.000000000,0.011652777,-0.011301518,0.015663980
1710,34200.002,1787268375206.923,169456484.220,0.000000000,0.001257263,0.005317884,-0.009167184
1711,34219.989,1787268375226.910,169456504.208,0.000000000,-0.003539366,-0.010340116,-0.007996459
1712,34239.989,1787268375246.911,169456524.208,0.000000000,-0.007915569,0.007541082,0.005829356
1713,34259.995,1787268375266.916,169456544.213,0.000000000,0.005221608,-0.001967607,-0.000440945
1714,34279.995,1787268375286.916,169456564.213,0.000000000,0.003656589,-0.004416470,-0.003593222
1715,34299.992,1787268375306.913,169456584.210,0.000000000,-0.013688481,0.019543514,-0.015219983
1716,34319.989,1787268375326.910,169456604.207,0.000000000,0.012737599,-0.008665895,0.026459681
1717,34340.004,1787268375346.925,169456624.223,0.000000000,-0.017530564,0.001184503,-0.008119836
1718,34359.990,1787268375366.911,169456644.208,0.000000000,-0.003217862,0.005751121,-0.001977153
1719,34379.991,1787268375386.912,169456664.210,0.000000000,-0.023172870,-0.021594927,-0.019411936
1720,34399.996,1787268375406.917,169456684.214,0.000000000,0.000460052,0.021543762,-0.009885003
1721,34419.992,1787268375426.913,169456704.210,0.000000000,-0.018689921,-0.002257974,-0.032518808
1722,34439.998,1787268375446.919,169456724.217,0.000000000,-0.003662081,-0.035312574,0.003909701
1723,34460.003,1787268375466.924,169456744.221,0.000000000,0.008353508,0.033248380,0.007255784
1724,34479.993,1787268375486.914,169456764.211,0.000000000,-0.007016884,0.030533398,-0.009582709
1725,34499.999,1787268375506.920,169456784.217,0.000000000,-0.006609052,0.006035871,-0.003105316
1726,34519.989,1787268375526.910,169456804.207,0.000000000,0.008565049,-0.008222958,0.027565787
1727,34539.990,1787268375546.911,169456824.209,0.000000000,-0.019507214,0.051104520,-0.035895929
1728,34559.995,1787268375566.916,169456844.213,0.000000000,0.022928931,-0.017851111,0.029203823
1729,34579.993,1787268375586.914,169456864.211,0.000000000,0.015301196,0.017925760,0.014598519
1730,34599.995,1787268375606.916,169456884.213,0.000000000,0.003241310,-0.000597966,0.000537243
1731,34619.993,1787268375626.914,169456904.211,0.000000000,-0.009402812,-0.030207301,-0.013889604
1732,34640.004,1787268375646.925,169456924.222,0.000000000,0.000968966,0.002392958,0.001443871
1733,34659.998,1787268375666.919,169456944.217,0.000000000,0.005434168,-0.000177240,0.015375664
1734,34680.000,1787268375686.921,169456964.218,0.000000000,-0.002865928,-0.005755524,-0.002488710
1735,34699.994,1787268375706.915,169456984.213,0.000000000,0.005499069,-0.037727900,0.014114704
1736,34719.990,1787268375726.911,169457004.208,0.000000000,-0.007168426,0.020955276,-0.014968645
1737,34740.002,1787268375746.923,169457024.220,0.000000000,-0.015331434,-0.009759147,-0.014773014
1738,34759.996,1787268375766.917,169457044.214,0.000000000,0.000084083,0.005183857,-0.013034822
1739,34779.991,1787268375786.912,169457064.209,0.000000000,0.014338661,-0.025707098,0.024622349
1740,34800.000,1787268375806.921,169457084.219,0.000000000,0.002453862,0.001634969,0.003888974
1741,34820.031,1787268375826.952,169457104.249,0.000000000,0.012592787,0.013450786,0.018618895
1742,34840.001,1787268375846.922,169457124.220,0.000000000,-0.014612749,-0.001951967,-0.035143174
1743,34859.999,1787268375866.920,169457144.217,0.000000000,0.013593988,-0.014961920,0.006227737
1744,34880.003,1787268375886.924,169457164.221,0.000000000,0.000112355,-0.000126529,0.009136402
1745,34899.995,1787268375906.916,169457184.213,0.000000000,0.008343775,-0.003694769,0.002172089
1746,34920.004,1787268375926.926,169457204.223,0.000000000,-0.001861656,-0.019505415,-0.007429117
1747,34939.997,1787268375946.918,169457224.216,0.000000000,-0.001861656,-0.019505415,-0.007429117
1748,34960.005,1787268375966.926,169457244.224,0.000000000,-0.000656310,-0.018944865,-0.012404844
1749,34979.992,1787268375986.913,169457264.210,0.000000000,0.002558597,-0.041363802,0.000310431
1750,34999.991,1787268376006.912,169457284.209,0.000000000,0.010022859,0.002395516,0.024227684
1751,35019.998,1787268376026.920,169457304.217,0.000000000,-0.006763193,-0.025563044,-0.020543320
1752,35039.991,1787268376046.912,169457324.210,0.000000000,0.021521185,-0.014408034,0.020226961
1753,35060.002,1787268376066.923,169457344.221,0.000000000,-0.001920120,0.007146744,-0.002674057
1754,35079.988,1787268376086.909,169457364.207,0.000000000,-0.001727188,-0.001822667,-0.009394987
1755,35099.997,1787268376106.918,169457384.215,0.000000000,0.009743946,-0.009269398,0.014722313
1756,35119.993,1787268376126.914,169457404.212,0.000000000,-0.003300278,0.003003445,0.000806949
1757,35139.999,1787268376146.921,169457424.218,0.000000000,-0.000495384,0.011004369,0.005997426
1758,35159.999,1787268376166.920,169457444.217,0.000000000,0.003769529,0.001161122,0.000426549
1759,35180.002,1787268376186.923,169457464.220,0.000000000,-0.003995265,0.050464489,-0.009659125
1760,35200.000,1787268376206.921,169457484.218,0.000000000,-0.012031474,-0.000124196,-0.010937560
1761,35219.988,1787268376226.909,169457504.206,0.000000000,0.000318359,-0.006604271,-0.003119837
1762,35239.988,1787268376246.909,169457524.207,0.000000000,0.008629600,-0.019985478,0.002175732
1763,35259.996,1787268376266.917,169457544.214,0.000000000,-0.031532679,0.002219309,-0.026407773
1764,35280.000,1787268376286.921,169457564.219,0.000000000,-0.014882592,-0.006531531,-0.021375472
1765,35299.992,1787268376306.913,169457584.210,0.000000000,-0.012870561,-0.000263797,-0.021633187
1766,35319.993,1787268376326.914,169457604.211,0.000000000,0.012978225,-0.027053788,0.009904725
1767,35339.991,1787268376346.912,169457624.210,0.000000000,-0.005593966,-0.011895366,-0.021748390
1768,35359.996,1787268376366.917,169457644.214,0.000000000,0.016641587,-0.008944158,0.015999675
1769,35379.996,1787268376386.917,169457664.214,0.000000000,-0.004934162,-0.009340125,0.002277448
1770,35399.991,1787268376406.912,169457684.210,0.000000000,-0.006976948,0.002220155,-0.015219102
1771,35419.989,1787268376426.910,169457704.208,0.000000000,0.001580969,-0.003960474,0.004438112
1772,35439.988,1787268376446.909,169457724.206,0.000000000,-0.004627595,0.000716681,-0.003334680
1773,35459.994,1787268376466.915,169457744.212,0.000000000,-0.000810411,0.005429304,0.002389679
1774,35479.991,1787268376486.912,169457764.210,0.000000000,-0.057018213,0.007501015,-0.062025446
1775,35500.002,1787268376506.923,169457784.221,0.000000000,-0.005688115,-0.002280037,-0.004607629
1776,35520.002,1787268376526.923,169457804.221,0.000000000,0.002667441,0.016829878,0.013568883
1777,35540.002,1787268376546.923,169457824.221,0.000000000,-0.011939766,-0.008005330,-0.011864480
1778,35560.005,1787268376566.927,169457844.224,0.000000000,-0.007065263,0.007315373,0.007550388
1779,35579.995,1787268376586.917,169457864.214,0.000000000,-0.018726502,-0.022936573,-0.042322356
1780,35599.996,1787268376606.917,169457884.215,0.000000000,0.009048699,0.023083625,0.001024893
1781,35620.000,1787268376626.921,169457904.218,0.000000000,0.004131972,-0.003403275,0.011618350
1782,35640.002,1787268376646.923,169457924.221,0.000000000,-0.026195096,-0.001165303,-0.029102005
1783,35659.995,1787268376666.916,169457944.213,0.000000000,0.027111094,0.002881732,0.033815805
1784,35680.002,1787268376686.923,169457964.221,0.000000000,0.027026357,-0.013041861,0.011653635
1785,35700.003,1787268376706.924,169457984.221,0.000000000,0.002039205,-0.004872537,0.009280467
1786,35720.001,1787268376726.922,169458004.220,0.000000000,-0.012362044,0.005730778,-0.012120039
1787,35739.991,1787268376746.912,169458024.209,0.000000000,0.003406425,0.001528226,0.001387033
1788,35759.990,1787268376766.911,169458044.208,0.000000000,-0.002195085,0.002300385,-0.002081170
1789,35779.991,1787268376786.912,169458064.210,0.000000000,0.004628317,-0.002247811,-0.004070749
1790,35799.988,1787268376806.909,169458084.206,0.000000000,-0.008173789,0.057358406,-0.016018931
1791,35820.002,1787268376826.923,169458104.220,0.000000000,-0.003666608,-0.008031683,-0.012616572
1792,35839.994,1787268376846.915,169458124.213,0.000000000,-0.002883540,0.012479341,0.006227993
1793,35860.001,1787268376866.922,169458144.220,0.000000000,0.001488709,0.033366553,-0.002330843
1794,35879.995,1787268376886.917,169458164.214,0.000000000,0.019645326,0.005782062,0.026283830
1795,35900.013,1787268376906.934,169458184.232,0.000000000,-0.006260709,0.007898015,-0.015063231
1796,35920.005,1787268376926.926,169458204.224,0.000000000,-0.007630521,0.030760391,-0.013014784
1797,35940.008,1787268376946.929,169458224.226,0.000000000,-0.013553961,-0.007544714,-0.010472980
1798,35959.998,1787268376966.920,169458244.217,0.000000000,0.004725384,-0.006507106,-0.009689056
1799,35979.992,1787268376986.913,169458264.210,0.000000000,0.006832336,0.015096045,0.012019900
1800,35999.990,1787268377006.911,169458284.208,0.000000000,0.005166875,0.000795145,0.003705710
1801,36019.994,1787268377026.916,169458304.213,0.000000000,-0.007028414,-0.023660539,-0.007365759
1802,36040.001,1787268377046.922,169458324.219,0.000000000,-0.006520639,0.008192741,0.007770515
1803,36059.992,1787268377066.913,169458344.211,0.000000000,0.002914222,-0.011946663,0.008694162
1804,36080.010,1787268377086.931,169458364.228,0.000000000,-0.004096452,-0.006257733,-0.008529816
1805,36100.003,1787268377106.924,169458384.221,0.000000000,0.010571480,-0.014480966,0.019966923
1806,36119.995,1787268377126.916,169458404.214,0.000000000,-0.020327237,-0.004393914,-0.011858809
1807,36140.002,1787268377146.923,169458424.220,0.000000000,0.025758754,-0.013532467,0.028258162
1808,36160.001,1787268377166.922,169458444.219,0.000000000,0.008903153,-0.000317926,0.002040907
1809,36179.992,1787268377186.913,169458464.210,0.000000000,-0.003411335,0.014573202,0.000210322
1810,36199.992,1787268377206.914,169458484.211,0.000000000,-0.011102432,-0.005641086,-0.012716649
1811,36220.001,1787268377226.922,169458504.219,0.000000000,0.001474904,-0.000411282,-0.001386002
1812,36239.998,1787268377246.919,169458524.216,0.000000000,0.031109413,-0.004605917,0.041825917
1813,36260.006,1787268377266.927,169458544.225,0.000000000,-0.000075045,0.001889889,-0.015682211
1814,36279.993,1787268377286.914,169458564.211,0.000000000,0.011498027,-0.002019245,0.015528679
1815,36300.002,1787268377306.923,169458584.220,0.000000000,-0.028137356,-0.001160654,-0.004769970
1816,36320.000,1787268377326.921,169458604.218,0.000000000,-0.019047100,0.039984867,-0.012816980
1817,36339.990,1787268377346.911,169458624.208,0.000000000,0.000811582,0.005631087,-0.000499582
1818,36360.004,1787268377366.926,169458644.223,0.000000000,0.000567426,-0.009865939,-0.000530535
1819,36380.002,1787268377386.923,169458664.221,0.000000000,0.023454918,-0.003320271,0.020490993
1820,36399.998,1787268377406.919,169458684.217,0.000000000,-0.000185912,-0.020378396,0.004491648
1821,36419.999,1787268377426.920,169458704.217,0.000000000,-0.017428510,0.013143228,-0.019613503
1822,36439.996,1787268377446.917,169458724.214,0.000000000,-0.013887060,0.018355099,-0.022110555
1823,36460.000,1787268377466.921,169458744.219,0.000000000,-0.032731578,-0.001583319,-0.013407015
1824,36479.992,1787268377486.914,169458764.211,0.000000000,-0.017368576,0.020891646,-0.013762495
1825,36499.991,1787268377506.912,169458784.209,0.000000000,0.014786013,-0.008308715,0.009130578
1826,36519.997,1787268377526.918,169458804.215,0.000000000,0.019068433,0.034261670,0.031243643
1827,36539.993,1787268377546.914,169458824.211,0.000000000,-0.014336990,-0.003880971,-0.009215281
1828,36560.000,1787268377566.921,169458844.218,0.000000000,0.005515928,-0.000334783,-0.001021571
1829,36579.988,1787268377586.909,169458864.207,0.000000000,-0.002666581,0.025897581,-0.001622724
1830,36599.988,1787268377606.909,169458884.206,0.000000000,0.013416260,-0.009028929,0.016947944
1831,36619.992,1787268377626.914,169458904.211,0.000000000,0.013374720,-0.002828874,0.014642928
1832,36640.000,1787268377646.921,169458924.218,0.000000000,-0.003058106,-0.001003932,-0.001235583
1833,36659.995,1787268377666.916,169458944.213,0.000000000,0.001326161,-0.004012112,0.000082993
1834,36679.996,1787268377686.917,169458964.214,0.000000000,0.003435611,0.021359088,0.022673421
1835,36700.004,1787268377706.925,169458984.223,0.000000000,-0.005403527,0.007684971,-0.002987404
1836,36719.996,1787268377726.917,169459004.214,0.000000000,0.007384013,0.004334894,0.001053853
1837,36739.990,1787268377746.911,169459024.209,0.000000000,-0.016254328,0.013268449,-0.003578611
1838,36760.000,1787268377766.921,169459044.219,0.000000000,-0.025103185,0.007231355,-0.022522099
1839,36780.000,1787268377786.921,169459064.218,0.000000000,-0.013400842,0.000535283,0.001200659
1840,36800.002,1787268377806.923,169459084.220,0.000000000,-0.011219648,-0.016273409,-0.011180777
1841,36819.998,1787268377826.919,169459104.216,0.000000000,-0.011276421,0.000528684,-0.017434517
1842,36839.995,1787268377846.916,169459124.213,0.000000000,-0.004537631,-0.000267846,-0.014973101
1843,36859.996,1787268377866.917,169459144.215,0.000000000,0.007276508,-0.005855714,-0.004489404
1844,36879.991,1787268377886.912,169459164.210,0.000000000,-0.002114607,-0.022292333,0.005343034
1845,36900.001,1787268377906.922,169459184.219,0.000000000,0.016876547,-0.004378318,0.012595965
1846,36919.991,1787268377926.912,169459204.210,0.000000000,-0.002542371,-0.020127336,-0.004801242
1847,36939.991,1787268377946.912,169459224.210,0.000000000,0.013298670,0.001249581,0.009649230
1848,36959.992,1787268377966.913,169459244.210,0.000000000,-0.001708212,-0.001724701,0.006585590
1849,36979.989,1787268377986.910,169459264.208,0.000000000,-0.023029141,0.015130267,-0.033621941
1850,36999.991,1787268378006.912,169459284.210,0.000000000,0.005175698,-0.000834889,0.011012354
1851,37020.001,1787268378026.922,169459304.219,0.000000000,-0.001659401,-0.001154890,-0.010213497
1852,37039.999,1787268378046.920,169459324.217,0.000000000,0.013836316,-0.003909682,0.021794543
1853,37059.999,1787268378066.920,169459344.218,0.000000000,-0.004211696,0.007971853,-0.010303228
1854,37079.990,1787268378086.911,169459364.208,0.000000000,0.005056254,0.019724552,0.001235843
1855,37100.000,1787268378106.921,169459384.218,0.000000000,0.010801102,0.007075640,-0.009006146
1856,37119.999,1787268378126.920,169459404.218,0.000000000,-0.047766440,0.012292664,-0.049746271
1857,37140.003,1787268378146.924,169459424.221,0.000000000,-0.008144134,-0.008563131,-0.010016728
1858,37159.996,1787268378166.917,169459444.215,0.000000000,-0.005187441,-0.001718331,0.016883297
1859,37179.991,1787268378186.912,169459464.209,0.000000000,0.008761570,-0.004461798,0.010388839
1860,37199.998,1787268378206.918,169459484.216,0.000000000,-0.012017897,0.017407786,-0.012574212
1861,37220.001,1787268378226.922,169459504.220,0.000000000,0.019475875,-0.004465021,0.016586285
1862,37239.992,1787268378246.913,169459524.210,0.000000000,0.011062885,-0.006826125,-0.002430746
1863,37259.995,1787268378266.916,169459544.213,0.000000000,-0.014770653,-0.006065379,0.000127491
1864,37279.989,1787268378286.910,169459564.207,0.000000000,0.007189943,-0.003833088,0.019644409
1865,37299.992,1787268378306.913,169459584.210,0.000000000,-0.000162110,-0.000790663,-0.000014782
1866,37319.999,1787268378326.920,169459604.217,0.000000000,-0.002808057,-0.007642788,0.002891360
1867,37340.003,1787268378346.924,169459624.221,0.000000000,0.011484942,0.003099537,0.021366127
1868,37359.993,1787268378366.914,169459644.211,0.000000000,0.004053431,-0.001631839,0.002664215
1869,37379.999,1787268378386.920,169459664.217,0.000000000,0.000448291,0.004950019,-0.001148540
1870,37399.993,1787268378406.915,169459684.212,0.000000000,0.004082984,-0.014686224,0.010508157
1871,37420.003,1787268378426.925,169459704.222,0.000000000,0.004137108,0.000196931,0.014208980
1872,37439.997,1787268378446.918,169459724.216,0.000000000,0.001139484,0.002881434,0.001290950
1873,37460.007,1787268378466.928,169459744.226,0.000000000,-0.003198534,0.021005848,0.010883966
1874,37480.004,1787268378486.926,169459764.223,0.000000000,0.011998608,0.002376998,0.007538702
1875,37499.993,1787268378506.914,169459784.211,0.000000000,-0.024714274,-0.029306583,-0.036199838
1876,37520.001,1787268378526.922,169459804.220,0.000000000,-0.008647580,-0.020434335,-0.007290026
1877,37539.992,1787268378546.913,169459824.210,0.000000000,-0.013707240,0.002296163,-0.015763694
1878,37559.994,1787268378566.915,169459844.213,0.000000000,0.002608791,-0.002835687,-0.006063524
1879,37579.989,1787268378586.910,169459864.208,0.000000000,0.013660835,-0.010558343,-0.000423466
1880,37599.995,1787268378606.916,169459884.214,0.000000000,0.008811522,0.000996811,0.016327988
1881,37619.999,1787268378626.920,169459904.217,0.000000000,-0.004381921,-0.000816139,0.008489734
1882,37639.995,1787268378646.916,169459924.213,0.000000000,0.007379822,-0.004724649,0.000520379
1883,37659.992,1787268378666.913,169459944.210,0.000000000,-0.004065421,0.005070197,-0.000661776
1884,37679.993,1787268378686.914,169459964.211,0.000000000,-0.016208045,-0.009225168,-0.017682604
1885,37700.001,1787268378706.922,169459984.219,0.000000000,-0.000015224,-0.002322193,0.004094020
1886,37719.998,1787268378726.919,169460004.216,0.000000000,0.009128142,0.015463742,0.009323795
1887,37740.001,1787268378746.922,169460024.219,0.000000000,-0.013745242,0.036694251,-0.007021486
1888,37760.011,1787268378766.932,169460044.230,0.000000000,0.000810375,-0.017242955,0.017844731
1889,37779.993,1787268378786.915,169460064.212,0.000000000,-0.006157906,0.001269612,-0.011398105
1890,37800.008,1787268378806.929,169460084.226,0.000000000,-0.008967868,-0.033995036,-0.044886466
1891,37820.000,1787268378826.921,169460104.218,0.000000000,-0.003676934,0.022553859,-0.012776352
1892,37840.000,1787268378846.921,169460124.218,0.000000000,0.034057204,-0.008205341,0.057281651
1893,37860.000,1787268378866.921,169460144.218,0.000000000,-0.003179272,-0.015732963,-0.013493375
1894,37880.003,1787268378886.924,169460164.221,0.000000000,-0.002991019,0.001861801,-0.003678512
