index,time_ms,time_realtime_ms,time_monotonic_ms,ros_timestamp,torso_qw,torso_qx,torso_qy,torso_qz
0,0.000,1787268341006.921,169422284.218,0.000000000,1.000000000,0.000000000,-0.000000000,-0.000000000
1,19.993,1787268341026.914,169422304.211,0.000000000,1.000000000,0.000000000,-0.000000000,-0.000000000
2,40.000,1787268341046.921,169422324.218,0.000000000,1.000000000,0.000000000,-0.000000000,-0.000000000
3,59.991,1787268341066.912,169422344.209,0.000000000,1.000000000,0.000000000,-0.000000000,-0.000000000
4,79.991,1787268341086.912,169422364.209,0.000000000,1.000000000,0.000000000,-0.000000000,-0.000000000
5,99.999,1787268341106.920,169422384.217,0.000000000,1.000000000,0.000000000,-0.000000000,-0.000000000
6,119.995,1787268341126.916,169422404.213,0.000000000,1.000000000,0.000000000,-0.000000000,-0.000000000
7,139.999,1787268341146.920,169422424.217,0.000000000,1.000000000,0.000000000,-0.000000000,-0.000000000
8,160.000,1787268341166.921,169422444.219,0.000000000,1.000000000,0.000000000,-0.000000000,-0.000000000
9,180.005,1787268341186.926,169422464.223,0.000000000,1.000000000,0.000000000,-0.000000000,-0.000000000
10,200.003,1787268341206.925,169422484.222,0.000000000,1.000000000,0.000000000,-0.000000000,-0.000000000
11,219.993,1787268341226.915,169422504.212,0.000000000,1.000000000,0.000000000,-0.000000000,-0.000000000
12,240.000,1787268341246.921,169422524.218,0.000000000,1.000000000,0.000000000,-0.000000000,-0.000000000
13,259.995,1787268341266.916,169422544.213,0.000000000,1.000000000,0.000000000,-0.000000000,-0.000000000
14,279.996,1787268341286.917,169422564.214,0.000000000,1.000000000,0.000000000,-0.000000000,-0.000000000
15,299.999,1787268341306.920,169422584.218,0.000000000,1.000000000,0.000000000,-0.000000000,-0.000000000
16,320.002,1787268341326.923,169422604.220,0.000000000,1.000000000,0.000000000,-0.000000000,-0.000000000
17,340.005,1787268341346.927,169422624.224,0.000000000,1.000000000,0.000000000,-0.000000000,-0.000000000
18,359.996,1787268341366.917,169422644.215,0.000000000,1.000000000,0.000000000,-0.000000000,-0.000000000
19,379.992,1787268341386.913,169422664.211,0.000000000,1.000000000,0.000000000,-0.000000000,-0.000000000
20,400.000,1787268341406.921,169422684.218,0.000000000,1.000000000,0.000000000,-0.000000000,-0.000000000
21,419.996,1787268341426.917,169422704.214,0.000000000,1.000000000,0.000000000,-0.000000000,-0.000000000
22,439.999,1787268341446.920,169422724.217,0.000000000,1.000000000,0.000000000,-0.000000000,-0.000000000
23,459.997,1787268341466.918,169422744.216,0.000000000,1.000000000,0.000000000,-0.000000000,-0.000000000
24,479.998,1787268341486.919,169422764.216,0.000000000,1.000000000,0.000000000,-0.000000000,-0.000000000
25,500.003,1787268341506.924,169422784.221,0.000000000,1.000000000,0.000000000,-0.000000000,-0.000000000
26,519.991,1787268341526.912,169422804.209,0.000000000,1.000000000,0.000000000,-0.000000000,-0.000000000
27,539.990,1787268341546.911,169422824.208,0.000000000,1.000000000,0.000000000,-0.000000000,-0.000000000
28,559.991,1787268341566.912,169422844.209,0.000000000,1.000000000,0.000000000,-0.000000000,-0.000000000
29,579.988,1787268341586.909,169422864.206,0.000000000,1.000000000,0.000000000,-0.000000000,-0.000000000
30,599.988,1787268341606.909,169422884.206,0.000000000,1.000000000,0.000000000,-0.000000000,-0.000000000
31,619.999,1787268341626.920,169422904.217,0.000000000,1.000000000,0.000000000,-0.000000000,-0.000000000
32,639.996,1787268341646.917,169422924.214,0.000000000,1.000000000,0.000000000,-0.000000000,-0.000000000
33,660.003,1787268341666.924,169422944.221,0.000000000,1.000000000,0.000000000,-0.000000000,-0.000000000
34,680.000,1787268341686.921,169422964.219,0.000000000,1.000000000,0.000000000,-0.000000000,-0.000000000
35,700.004,1787268341706.925,169422984.222,0.000000000,1.000000000,0.000000000,-0.000000000,-0.000000000
36,720.001,1787268341726.922,169423004.219,0.000000000,1.000000000,0.000000000,-0.000000000,-0.000000000
37,740.000,1787268341746.921,169423024.218,0.000000000,1.000000000,0.000000000,-0.000000000,-0.000000000
38,759.997,1787268341766.918,169423044.215,0.000000000,1.000000000,0.000000000,-0.000000000,-0.000000000
39,779.994,1787268341786.915,169423064.212,0.000000000,1.000000000,0.000000000,-0.000000000,-0.000000000
40,800.002,1787268341806.923,169423084.221,0.000000000,1.000000000,0.000000000,-0.000000000,-0.000000000
41,819.989,1787268341826.910,169423104.208,0.000000000,1.000000000,0.000000000,-0.000000000,-0.000000000
42,839.989,1787268341846.910,169423124.207,0.000000000,1.000000000,0.000000000,-0.000000000,-0.000000000
43,859.989,1787268341866.910,169423144.208,0.000000000,1.000000000,0.000000000,-0.000000000,-0.000000000
44,879.991,1787268341886.912,169423164.209,0.000000000,1.000000000,0.000000000,-0.000000000,-0.000000000
45,900.002,1787268341906.923,169423184.220,0.000000000,1.000000000,0.000000000,-0.000000000,-0.000000000
46,920.002,1787268341926.923,169423204.221,0.000000000,1.000000000,0.000000000,-0.000000000,-0.000000000
47,940.000,1787268341946.921,169423224.219,0.000000000,1.000000000,0.000000000,-0.000000000,-0.000000000
48,959.996,1787268341966.917,169423244.215,0.000000000,1.000000000,0.000000000,-0.000000000,-0.000000000
49,979.998,1787268341986.920,169423264.217,0.000000000,1.000000000,0.000000000,-0.000000000,-0.000000000
50,1000.000,1787268342006.921,169423284.218,0.000000000,1.000000000,0.000000000,-0.000000000,-0.000000000
51,1020.002,1787268342026.923,169423304.220,0.000000000,1.000000000,0.000000000,-0.000000000,-0.000000000
52,1040.001,1787268342046.922,169423324.219,0.000000000,1.000000000,0.000000000,-0.000000000,-0.000000000
53,1060.000,1787268342066.921,169423344.219,0.000000000,1.000000000,0.000000000,-0.000000000,-0.000000000
54,1080.003,1787268342086.925,169423364.222,0.000000000,1.000000000,0.000000000,-0.000000000,-0.000000000
55,1100.002,1787268342106.923,169423384.220,0.000000000,1.000000000,0.000000000,-0.000000000,-0.000000000
56,1119.991,1787268342126.912,169423404.209,0.000000000,1.000000000,0.000000000,-0.000000000,-0.000000000
57,1140.003,1787268342146.924,169423424.221,0.000000000,1.000000000,0.000000000,-0.000000000,-0.000000000
58,1160.001,1787268342166.922,169423444.219,0.000000000,1.000000000,0.000000000,-0.000000000,-0.000000000
59,1179.992,1787268342186.913,169423464.211,0.000000000,1.000000000,0.000000000,-0.000000000,-0.000000000
60,1200.000,1787268342206.921,169423484.218,0.000000000,1.000000000,0.000000000,-0.000000000,-0.000000000
61,1219.993,1787268342226.914,169423504.211,0.000000000,1.000000000,0.000000000,-0.000000000,-0.000000000
62,1240.002,1787268342246.923,169423524.221,0.000000000,1.000000000,0.000000000,-0.000000000,-0.000000000
63,1260.006,1787268342266.927,169423544.225,0.000000000,1.000000000,0.000000000,-0.000000000,-0.000000000
64,1279.993,1787268342286.914,169423564.211,0.000000000,1.000000000,0.000000000,-0.000000000,-0.000000000
65,1299.996,1787268342306.917,169423584.214,0.000000000,1.000000000,0.000000000,-0.000000000,-0.000000000
66,1319.998,1787268342326.919,169423604.216,0.000000000,1.000000000,0.000000000,-0.000000000,-0.000000000
67,1339.994,1787268342346.915,169423624.212,0.000000000,1.000000000,0.000000000,-0.000000000,-0.000000000
68,1360.002,1787268342366.923,169423644.221,0.000000000,1.000000000,0.000000000,-0.000000000,-0.000000000
69,1380.012,1787268342386.933,169423664.230,0.000000000,1.000000000,0.000000000,-0.000000000,-0.000000000
70,1400.001,1787268342406.922,169423684.220,0.000000000,1.000000000,0.000000000,-0.000000000,-0.000000000
71,1420.007,1787268342426.928,169423704.225,0.000000000,1.000000000,0.000000000,-0.000000000,-0.000000000
72,1440.008,1787268342446.929,169423724.227,0.000000000,1.000000000,0.000000000,-0.000000000,-0.000000000
73,1459.994,1787268342466.915,169423744.212,0.000000000,1.000000000,0.000000000,-0.000000000,-0.000000000
74,1480.004,1787268342486.925,169423764.222,0.000000000,1.000000000,0.000000000,-0.000000000,-0.000000000
75,1499.993,1787268342506.914,169423784.211,0.000000000,1.000000000,0.000000000,-0.000000000,-0.000000000
76,1520.009,1787268342526.930,169423804.227,0.000000000,1.000000000,0.000000000,-0.000000000,-0.000000000
77,1539.998,1787268342546.919,169423824.216,0.000000000,1.000000000,0.000000000,-0.000000000,-0.000000000
78,1560.000,1787268342566.921,169423844.218,0.000000000,1.000000000,0.000000000,-0.000000000,-0.000000000
79,1579.992,1787268342586.913,169423864.210,0.000000000,1.000000000,0.000000000,-0.000000000,-0.000000000
80,1599.994,1787268342606.915,169423884.212,0.000000000,1.000000000,0.000000000,-0.000000000,-0.000000000
81,1620.001,1787268342626.922,169423904.220,0.000000000,1.000000000,0.000000000,-0.000000000,-0.000000000
82,1640.003,1787268342646.924,169423924.221,0.000000000,1.000000000,0.000000000,-0.000000000,-0.000000000
83,1659.991,1787268342666.912,169423944.210,0.000000000,1.000000000,0.000000000,-0.000000000,-0.000000000
84,1679.995,1787268342686.916,169423964.213,0.000000000,1.000000000,0.000000000,-0.000000000,-0.000000000
85,1699.997,1787268342706.917,169423984.215,0.000000000,1.000000000,0.000000000,-0.000000000,-0.000000000
86,1719.990,1787268342726.911,169424004.208,0.000000000,1.000000000,0.000000000,-0.000000000,-0.000000000
87,1740.015,1787268342746.936,169424024.233,0.000000000,1.000000000,0.000000000,-0.000000000,-0.000000000
88,1759.998,1787268342766.918,169424044.216,0.000000000,1.000000000,0.000000000,-0.000000000,-0.000000000
89,1779.991,1787268342786.912,169424064.209,0.000000000,1.000000000,0.000000000,-0.000000000,-0.000000000
90,1799.995,1787268342806.916,169424084.213,0.000000000,1.000000000,0.000000000,-0.000000000,-0.000000000
91,1819.994,1787268342826.916,169424104.213,0.000000000,1.000000000,0.000000000,-0.000000000,-0.000000000
92,1840.005,1787268342846.926,169424124.223,0.000000000,1.000000000,0.000000000,-0.000000000,-0.000000000
93,1860.008,1787268342866.929,169424144.227,0.000000000,1.000000000,0.000000000,-0.000000000,-0.000000000
94,1879.998,1787268342886.919,169424164.217,0.000000000,1.000000000,0.000000000,-0.000000000,-0.000000000
95,1899.992,1787268342906.914,169424184.211,0.000000000,1.000000000,0.000000000,-0.000000000,-0.000000000
96,1919.995,1787268342926.917,169424204.214,0.000000000,1.000000000,0.000000000,-0.000000000,-0.000000000
97,1939.991,1787268342946.912,169424224.209,0.000000000,1.000000000,0.000000000,-0.000000000,-0.000000000
98,1959.999,1787268342966.920,169424244.218,0.000000000,1.000000000,0.000000000,-0.000000000,-0.000000000
99,1979.998,1787268342986.919,169424264.216,0.000000000,1.000000000,0.000000000,-0.000000000,-0.000000000
100,2000.000,1787268343006.921,169424284.218,0.000000000,1.000000000,0.000000000,-0.000000000,-0.000000000
101,2020.084,1787268343027.005,169424304.302,0.000000000,1.000000000,0.000000000,-0.000000000,-0.000000000
102,2040.004,1787268343046.925,169424324.222,0.000000000,1.000000000,0.000000000,-0.000000000,-0.000000000
103,2059.997,1787268343066.918,169424344.216,0.000000000,1.000000000,0.000000000,-0.000000000,-0.000000000
104,2080.005,1787268343086.926,169424364.224,0.000000000,1.000000000,0.000000000,-0.000000000,-0.000000000
105,2099.999,1787268343106.920,169424384.217,0.000000000,1.000000000,0.000000000,-0.000000000,-0.000000000
106,2119.990,1787268343126.911,169424404.209,0.000000000,1.000000000,0.000000000,-0.000000000,-0.000000000
107,2140.003,1787268343146.924,169424424.221,0.000000000,1.000000000,0.000000000,-0.000000000,-0.000000000
108,2160.004,1787268343166.925,169424444.222,0.000000000,1.000000000,0.000000000,-0.000000000,-0.000000000
109,2180.002,1787268343186.923,169424464.220,0.000000000,1.000000000,0.000000000,-0.000000000,-0.000000000
110,2200.001,1787268343206.922,169424484.219,0.000000000,1.000000000,0.000000000,-0.000000000,-0.000000000
111,2220.141,1787268343227.062,169424504.359,0.000000000,1.000000000,0.000000000,-0.000000000,-0.000000000
112,2240.004,1787268343246.925,169424524.222,0.000000000,1.000000000,0.000000000,-0.000000000,-0.000000000
113,2260.003,1787268343266.924,169424544.221,0.000000000,1.000000000,0.000000000,-0.000000000,-0.000000000
114,2279.992,1787268343286.913,169424564.210,0.000000000,1.000000000,0.000000000,-0.000000000,-0.000000000
115,2299.991,1787268343306.912,169424584.209,0.000000000,1.000000000,0.000000000,-0.000000000,-0.000000000
116,2319.993,1787268343326.914,169424604.211,0.000000000,1.000000000,0.000000000,-0.000000000,-0.000000000
117,2339.994,1787268343346.915,169424624.212,0.000000000,1.000000000,0.000000000,-0.000000000,-0.000000000
118,2359.992,1787268343366.913,169424644.210,0.000000000,1.000000000,0.000000000,-0.000000000,-0.000000000
119,2379.996,1787268343386.917,169424664.214,0.000000000,1.000000000,0.000000000,-0.000000000,-0.000000000
120,2399.991,1787268343406.912,169424684.209,0.000000000,1.000000000,0.000000000,-0.000000000,-0.000000000
121,2419.990,1787268343426.911,169424704.209,0.000000000,1.000000000,0.000000000,-0.000000000,-0.000000000
122,2439.996,1787268343446.917,169424724.215,0.000000000,1.000000000,0.000000000,-0.000000000,-0.000000000
123,2460.005,1787268343466.926,169424744.223,0.000000000,1.000000000,0.000000000,-0.000000000,-0.000000000
124,2480.001,1787268343486.922,169424764.219,0.000000000,1.000000000,0.000000000,-0.000000000,-0.000000000
125,2500.002,1787268343506.923,169424784.220,0.000000000,1.000000000,0.000000000,-0.000000000,-0.000000000
126,2519.992,1787268343526.913,169424804.211,0.000000000,1.000000000,0.000000000,-0.000000000,-0.000000000
127,2540.001,1787268343546.922,169424824.220,0.000000000,1.000000000,0.000000000,-0.000000000,-0.000000000
128,2559.997,1787268343566.918,169424844.215,0.000000000,1.000000000,0.000000000,-0.000000000,-0.000000000
129,2579.991,1787268343586.912,169424864.210,0.000000000,1.000000000,0.000000000,-0.000000000,-0.000000000
130,2600.001,1787268343606.922,169424884.219,0.000000000,1.000000000,0.000000000,-0.000000000,-0.000000000
131,2619.996,1787268343626.917,169424904.214,0.000000000,1.000000000,0.000000000,-0.000000000,-0.000000000
132,2640.004,1787268343646.925,169424924.223,0.000000000,1.000000000,0.000000000,-0.000000000,-0.000000000
133,2660.001,1787268343666.922,169424944.219,0.000000000,1.000000000,0.000000000,-0.000000000,-0.000000000
134,2679.993,1787268343686.914,169424964.211,0.000000000,1.000000000,0.000000000,-0.000000000,-0.000000000
135,2700.006,1787268343706.927,169424984.225,0.000000000,1.000000000,0.000000000,-0.000000000,-0.000000000
136,2720.000,1787268343726.921,169425004.218,0.000000000,1.000000000,0.000000000,-0.000000000,-0.000000000
137,2740.003,1787268343746.924,169425024.222,0.000000000,1.000000000,0.000000000,-0.000000000,-0.000000000
138,2759.994,1787268343766.916,169425044.213,0.000000000,1.000000000,0.000000000,-0.000000000,-0.000000000
139,2779.993,1787268343786.914,169425064.211,0.000000000,1.000000000,0.000000000,-0.000000000,-0.000000000
140,2799.998,1787268343806.919,169425084.216,0.000000000,1.000000000,0.000000000,-0.000000000,-0.000000000
141,2820.004,1787268343826.925,169425104.222,0.000000000,1.000000000,0.000000000,-0.000000000,-0.000000000
142,2840.000,1787268343846.921,169425124.219,0.000000000,1.000000000,0.000000000,-0.000000000,-0.000000000
143,2860.000,1787268343866.921,169425144.218,0.000000000,1.000000000,0.000000000,-0.000000000,-0.000000000
144,2879.992,1787268343886.913,169425164.210,0.000000000,1.000000000,0.000000000,-0.000000000,-0.000000000
145,2899.996,1787268343906.917,169425184.214,0.000000000,1.000000000,0.000000000,-0.000000000,-0.000000000
146,2920.007,1787268343926.928,169425204.226,0.000000000,1.000000000,0.000000000,-0.000000000,-0.000000000
147,2939.992,1787268343946.913,169425224.210,0.000000000,1.000000000,0.000000000,-0.000000000,-0.000000000
148,2959.999,1787268343966.920,169425244.218,0.000000000,1.000000000,0.000000000,-0.000000000,-0.000000000
149,2980.005,1787268343986.926,169425264.223,0.000000000,1.000000000,0.000000000,-0.000000000,-0.000000000
150,2999.995,1787268344006.916,169425284.213,0.000000000,1.000000000,0.000000000,-0.000000000,-0.000000000
151,3019.997,1787268344026.918,169425304.215,0.000000000,1.000000000,0.000000000,-0.000000000,-0.000000000
152,3039.997,1787268344046.918,169425324.215,0.000000000,1.000000000,0.000000000,-0.000000000,-0.000000000
153,3060.000,1787268344066.921,169425344.218,0.000000000,1.000000000,0.000000000,-0.000000000,-0.000000000
154,3079.990,1787268344086.911,169425364.209,0.000000000,1.000000000,0.000000000,-0.000000000,-0.000000000
155,3100.100,1787268344107.021,169425384.318,0.000000000,1.000000000,0.000000000,-0.000000000,-0.000000000
156,3119.997,1787268344126.918,169425404.215,0.000000000,1.000000000,0.000000000,-0.000000000,-0.000000000
157,3139.997,1787268344146.918,169425424.215,0.000000000,1.000000000,0.000000000,-0.000000000,-0.000000000
158,3160.003,1787268344166.925,169425444.222,0.000000000,1.000000000,0.000000000,-0.000000000,-0.000000000
159,3179.989,1787268344186.910,169425464.208,0.000000000,1.000000000,0.000000000,-0.000000000,-0.000000000
160,3200.003,1787268344206.924,169425484.221,0.000000000,1.000000000,0.000000000,-0.000000000,-0.000000000
161,3220.005,1787268344226.926,169425504.224,0.000000000,1.000000000,0.000000000,-0.000000000,-0.000000000
162,3239.997,1787268344246.918,169425524.216,0.000000000,1.000000000,0.000000000,-0.000000000,-0.000000000
163,3260.004,1787268344266.925,169425544.223,0.000000000,1.000000000,0.000000000,-0.000000000,-0.000000000
164,3279.998,1787268344286.919,169425564.216,0.000000000,1.000000000,0.000000000,-0.000000000,-0.000000000
165,3300.003,1787268344306.924,169425584.222,0.000000000,1.000000000,0.000000000,-0.000000000,-0.000000000
166,3319.995,1787268344326.916,169425604.213,0.000000000,1.000000000,0.000000000,-0.000000000,-0.000000000
167,3340.006,1787268344346.927,169425624.224,0.000000000,1.000000000,0.000000000,-0.000000000,-0.000000000
168,3359.993,1787268344366.915,169425644.212,0.000000000,1.000000000,0.000000000,-0.000000000,-0.000000000
169,3379.990,1787268344386.911,169425664.208,0.000000000,1.000000000,0.000000000,-0.000000000,-0.000000000
170,3400.002,1787268344406.923,169425684.221,0.000000000,1.000000000,0.000000000,-0.000000000,-0.000000000
171,3420.001,1787268344426.922,169425704.220,0.000000000,1.000000000,0.000000000,-0.000000000,-0.000000000
172,3439.999,1787268344446.920,169425724.217,0.000000000,1.000000000,0.000000000,-0.000000000,-0.000000000
173,3460.009,1787268344466.930,169425744.227,0.000000000,1.000000000,0.000000000,-0.000000000,-0.000000000
174,3479.996,1787268344486.917,169425764.215,0.000000000,1.000000000,0.000000000,-0.000000000,-0.000000000
175,3499.999,1787268344506.920,169425784.217,0.000000000,1.000000000,0.000000000,-0.000000000,-0.000000000
176,3519.997,1787268344526.918,169425804.215,0.000000000,1.000000000,0.000000000,-0.000000000,-0.000000000
177,3540.005,1787268344546.926,169425824.223,0.000000000,1.000000000,0.000000000,-0.000000000,-0.000000000
178,3559.994,1787268344566.916,169425844.213,0.000000000,1.000000000,0.000000000,-0.000000000,-0.000000000
179,3579.992,1787268344586.913,169425864.210,0.000000000,1.000000000,0.000000000,-0.000000000,-0.000000000
180,3599.999,1787268344606.920,169425884.217,0.000000000,1.000000000,0.000000000,-0.000000000,-0.000000000
181,3619.998,1787268344626.919,169425904.216,0.000000000,1.000000000,0.000000000,-0.000000000,-0.000000000
182,3639.998,1787268344646.919,169425924.217,0.000000000,1.000000000,0.000000000,-0.000000000,-0.000000000
183,3659.990,1787268344666.911,169425944.208,0.000000000,1.000000000,0.000000000,-0.000000000,-0.000000000
184,3680.002,1787268344686.923,169425964.221,0.000000000,1.000000000,0.000000000,-0.000000000,-0.000000000
185,3700.003,1787268344706.925,169425984.222,0.000000000,1.000000000,0.000000000,-0.000000000,-0.000000000
186,3720.000,1787268344726.922,169426004.219,0.000000000,1.000000000,0.000000000,-0.000000000,-0.000000000
187,3740.003,1787268344746.924,169426024.221,0.000000000,1.000000000,0.000000000,-0.000000000,-0.000000000
188,3759.995,1787268344766.916,169426044.213,0.000000000,1.000000000,0.000000000,-0.000000000,-0.000000000
189,3780.003,1787268344786.925,169426064.222,0.000000000,1.000000000,0.000000000,-0.000000000,-0.000000000
190,3799.991,1787268344806.912,169426084.210,0.000000000,1.000000000,0.000000000,-0.000000000,-0.000000000
191,3819.997,1787268344826.918,169426104.215,0.000000000,1.000000000,0.000000000,-0.000000000,-0.000000000
192,3839.995,1787268344846.916,169426124.214,0.000000000,1.000000000,0.000000000,-0.000000000,-0.000000000
193,3860.004,1787268344866.925,169426144.222,0.000000000,1.000000000,0.000000000,-0.000000000,-0.000000000
194,3880.004,1787268344886.925,169426164.222,0.000000000,1.000000000,0.000000000,-0.000000000,-0.000000000
195,3900.002,1787268344906.923,169426184.220,0.000000000,1.000000000,0.000000000,-0.000000000,-0.000000000
196,3920.004,1787268344926.925,169426204.222,0.000000000,1.000000000,0.000000000,-0.000000000,-0.000000000
197,3940.002,1787268344946.923,169426224.221,0.000000000,1.000000000,0.000000000,-0.000000000,-0.000000000
198,3959.995,1787268344966.916,169426244.213,0.000000000,1.000000000,0.000000000,-0.000000000,-0.000000000
199,3980.000,1787268344986.921,169426264.218,0.000000000,1.000000000,0.000000000,-0.000000000,-0.000000000
200,3999.994,1787268345006.916,169426284.213,0.000000000,1.000000000,0.000000000,-0.000000000,-0.000000000
201,4020.003,1787268345026.924,169426304.222,0.000000000,1.000000000,0.000000000,-0.000000000,-0.000000000
202,4039.998,1787268345046.919,169426324.216,0.000000000,1.000000000,0.000000000,-0.000000000,-0.000000000
203,4060.002,1787268345066.923,169426344.221,0.000000000,1.000000000,0.000000000,-0.000000000,-0.000000000
204,4079.990,1787268345086.911,169426364.208,0.000000000,1.000000000,0.000000000,-0.000000000,-0.000000000
205,4100.005,1787268345106.926,169426384.223,0.000000000,1.000000000,0.000000000,-0.000000000,-0.000000000
206,4120.000,1787268345126.921,169426404.218,0.000000000,1.000000000,0.000000000,-0.000000000,-0.000000000
207,4139.994,1787268345146.915,169426424.212,0.000000000,1.000000000,0.000000000,-0.000000000,-0.000000000
208,4160.004,1787268345166.925,169426444.223,0.000000000,1.000000000,0.000000000,-0.000000000,-0.000000000
209,4180.001,1787268345186.922,169426464.219,0.000000000,1.000000000,0.000000000,-0.000000000,-0.000000000
210,4200.001,1787268345206.922,169426484.219,0.000000000,1.000000000,0.000000000,-0.000000000,-0.000000000
211,4219.993,1787268345226.914,169426504.211,0.000000000,1.000000000,0.000000000,-0.000000000,-0.000000000
212,4240.003,1787268345246.924,169426524.221,0.000000000,1.000000000,0.000000000,-0.000000000,-0.000000000
213,4260.006,1787268345266.927,169426544.224,0.000000000,1.000000000,0.000000000,-0.000000000,-0.000000000
214,4280.003,1787268345286.925,169426564.222,0.000000000,1.000000000,0.000000000,-0.000000000,-0.000000000
215,4300.001,1787268345306.922,169426584.219,0.000000000,1.000000000,0.000000000,-0.000000000,-0.000000000
216,4319.993,1787268345326.915,169426604.212,0.000000000,1.000000000,0.000000000,-0.000000000,-0.000000000
217,4339.991,1787268345346.912,169426624.209,0.000000000,1.000000000,0.000000000,-0.000000000,-0.000000000
218,4359.997,1787268345366.918,169426644.215,0.000000000,1.000000000,0.000000000,-0.000000000,-0.000000000
219,4380.004,1787268345386.925,169426664.222,0.000000000,1.000000000,0.000000000,-0.000000000,-0.000000000
220,4400.001,1787268345406.922,169426684.220,0.000000000,1.000000000,0.000000000,-0.000000000,-0.000000000
221,4419.991,1787268345426.912,169426704.209,0.000000000,1.000000000,0.000000000,-0.000000000,-0.000000000
222,4439.996,1787268345446.917,169426724.215,0.000000000,1.000000000,0.000000000,-0.000000000,-0.000000000
223,4459.995,1787268345466.917,169426744.214,0.000000000,1.000000000,0.000000000,-0.000000000,-0.000000000
224,4479.997,1787268345486.918,169426764.215,0.000000000,1.000000000,0.000000000,-0.000000000,-0.000000000
225,4499.988,1787268345506.909,169426784.207,0.000000000,1.000000000,0.000000000,-0.000000000,-0.000000000
226,4520.000,1787268345526.921,169426804.219,0.000000000,1.000000000,0.000000000,-0.000000000,-0.000000000
227,4540.002,1787268345546.923,169426824.220,0.000000000,1.000000000,0.000000000,-0.000000000,-0.000000000
228,4559.999,1787268345566.920,169426844.217,0.000000000,1.000000000,0.000000000,-0.000000000,-0.000000000
229,4579.998,1787268345586.919,169426864.216,0.000000000,1.000000000,0.000000000,-0.000000000,-0.000000000
230,4600.000,1787268345606.921,169426884.218,0.000000000,1.000000000,0.000000000,-0.000000000,-0.000000000
231,4619.993,1787268345626.914,169426904.212,0.000000000,1.000000000,0.000000000,-0.000000000,-0.000000000
232,4639.995,1787268345646.916,169426924.213,0.000000000,1.000000000,0.000000000,-0.000000000,-0.000000000
233,4660.004,1787268345666.925,169426944.222,0.000000000,1.000000000,0.000000000,-0.000000000,-0.000000000
234,4680.000,1787268345686.921,169426964.219,0.000000000,1.000000000,0.000000000,-0.000000000,-0.000000000
235,4699.991,1787268345706.912,169426984.209,0.000000000,1.000000000,0.000000000,-0.000000000,-0.000000000
236,4719.998,1787268345726.919,169427004.216,0.000000000,1.000000000,0.000000000,-0.000000000,-0.000000000
237,4740.124,1787268345747.046,169427024.343,0.000000000,1.000000000,0.000000000,-0.000000000,-0.000000000
238,4760.000,1787268345766.921,169427044.218,0.000000000,1.000000000,0.000000000,-0.000000000,-0.000000000
239,4779.996,1787268345786.917,169427064.214,0.000000000,1.000000000,0.000000000,-0.000000000,-0.000000000
240,4800.001,1787268345806.922,169427084.219,0.000000000,1.000000000,0.000000000,-0.000000000,-0.000000000
241,4819.998,1787268345826.919,169427104.216,0.000000000,1.000000000,0.000000000,-0.000000000,-0.000000000
242,4839.991,1787268345846.912,169427124.210,0.000000000,1.000000000,0.000000000,-0.000000000,-0.000000000
243,4860.008,1787268345866.929,169427144.226,0.000000000,1.000000000,0.000000000,-0.000000000,-0.000000000
244,4879.994,1787268345886.915,169427164.213,0.000000000,1.000000000,0.000000000,-0.000000000,-0.000000000
245,4899.998,1787268345906.919,169427184.216,0.000000000,1.000000000,0.000000000,-0.000000000,-0.000000000
246,4919.990,1787268345926.911,169427204.209,0.000000000,1.000000000,0.000000000,-0.000000000,-0.000000000
247,4940.002,1787268345946.923,169427224.220,0.000000000,1.000000000,0.000000000,-0.000000000,-0.000000000
248,4960.003,1787268345966.924,169427244.221,0.000000000,1.000000000,0.000000000,-0.000000000,-0.000000000
249,4980.003,1787268345986.924,169427264.221,0.000000000,1.000000000,0.000000000,-0.000000000,-0.000000000
250,4999.999,1787268346006.920,169427284.218,0.000000000,1.000000000,0.000000000,-0.000000000,-0.000000000
251,5020.057,1787268346026.978,169427304.276,0.000000000,1.000000000,0.000000000,-0.000000000,-0.000000000
252,5040.001,1787268346046.922,169427324.219,0.000000000,1.000000000,0.000000000,-0.000000000,-0.000000000
253,5059.992,1787268346066.913,169427344.210,0.000000000,1.000000000,0.000000000,-0.000000000,-0.000000000
254,5079.992,1787268346086.914,169427364.211,0.000000000,1.000000000,0.000000000,-0.000000000,-0.000000000
255,5099.995,1787268346106.916,169427384.213,0.000000000,1.000000000,0.000000000,-0.000000000,-0.000000000
256,5119.993,1787268346126.914,169427404.211,0.000000000,1.000000000,0.000000000,-0.000000000,-0.000000000
257,5140.001,1787268346146.922,169427424.220,0.000000000,1.000000000,0.000000000,-0.000000000,-0.000000000
258,5159.998,1787268346166.918,169427444.216,0.000000000,1.000000000,0.000000000,-0.000000000,-0.000000000
259,5179.998,1787268346186.918,169427464.216,0.000000000,1.000000000,0.000000000,-0.000000000,-0.000000000
260,5200.000,1787268346206.921,169427484.218,0.000000000,1.000000000,0.000000000,-0.000000000,-0.000000000
261,5220.005,1787268346226.926,169427504.223,0.000000000,1.000000000,0.000000000,-0.000000000,-0.000000000
262,5240.001,1787268346246.922,169427524.219,0.000000000,1.000000000,0.000000000,-0.000000000,-0.000000000
263,5260.002,1787268346266.923,169427544.221,0.000000000,1.000000000,0.000000000,-0.000000000,-0.000000000
264,5280.013,1787268346286.934,169427564.231,0.000000000,1.000000000,0.000000000,-0.000000000,-0.000000000
265,5299.991,1787268346306.912,169427584.210,0.000000000,1.000000000,0.000000000,-0.000000000,-0.000000000
266,5319.995,1787268346326.916,169427604.213,0.000000000,1.000000000,0.000000000,-0.000000000,-0.000000000
267,5339.995,1787268346346.916,169427624.213,0.000000000,1.000000000,0.000000000,-0.000000000,-0.000000000
268,5360.002,1787268346366.923,169427644.220,0.000000000,1.000000000,0.000000000,-0.000000000,-0.000000000
269,5380.000,1787268346386.921,169427664.218,0.000000000,1.000000000,0.000000000,-0.000000000,-0.000000000
270,5400.004,1787268346406.926,169427684.223,0.000000000,1.000000000,0.000000000,-0.000000000,-0.000000000
271,5420.004,1787268346426.926,169427704.223,0.000000000,1.000000000,0.000000000,-0.000000000,-0.000000000
272,5440.002,1787268346446.923,169427724.220,0.000000000,1.000000000,0.000000000,-0.000000000,-0.000000000
273,5460.020,1787268346466.941,169427744.238,0.000000000,1.000000000,0.000000000,-0.000000000,-0.000000000
274,5480.004,1787268346486.925,169427764.222,0.000000000,1.000000000,0.000000000,-0.000000000,-0.000000000
275,5499.994,1787268346506.915,169427784.213,0.000000000,1.000000000,0.000000000,-0.000000000,-0.000000000
276,5519.992,1787268346526.913,169427804.210,0.000000000,1.000000000,0.000000000,-0.000000000,-0.000000000
277,5540.069,1787268346546.990,169427824.288,0.000000000,1.000000000,0.000000000,-0.000000000,-0.000000000
278,5560.002,1787268346566.923,169427844.221,0.000000000,1.000000000,0.000000000,-0.000000000,-0.000000000
279,5579.991,1787268346586.912,169427864.210,0.000000000,1.000000000,0.000000000,-0.000000000,-0.000000000
280,5599.994,1787268346606.915,169427884.213,0.000000000,1.000000000,0.000000000,-0.000000000,-0.000000000
281,5620.010,1787268346626.931,169427904.229,0.000000000,1.000000000,0.000000000,-0.000000000,-0.000000000
282,5640.005,1787268346646.927,169427924.224,0.000000000,1.000000000,0.000000000,-0.000000000,-0.000000000
283,5659.997,1787268346666.917,169427944.215,0.000000000,1.000000000,0.000000000,-0.000000000,-0.000000000
284,5679.992,1787268346686.913,169427964.211,0.000000000,1.000000000,0.000000000,-0.000000000,-0.000000000
285,5699.995,1787268346706.916,169427984.214,0.000000000,1.000000000,0.000000000,-0.000000000,-0.000000000
286,5719.996,1787268346726.917,169428004.214,0.000000000,1.000000000,0.000000000,-0.000000000,-0.000000000
287,5739.999,1787268346746.920,169428024.218,0.000000000,1.000000000,0.000000000,-0.000000000,-0.000000000
288,5760.017,1787268346766.938,169428044.235,0.000000000,1.000000000,0.000000000,-0.000000000,-0.000000000
289,5780.006,1787268346786.927,169428064.224,0.000000000,1.000000000,0.000000000,-0.000000000,-0.000000000
290,5800.003,1787268346806.924,169428084.221,0.000000000,1.000000000,0.000000000,-0.000000000,-0.000000000
291,5819.994,1787268346826.915,169428104.213,0.000000000,1.000000000,0.000000000,-0.000000000,-0.000000000
292,5840.005,1787268346846.926,169428124.223,0.000000000,1.000000000,0.000000000,-0.000000000,-0.000000000
293,5859.991,1787268346866.912,169428144.210,0.000000000,1.000000000,0.000000000,-0.000000000,-0.000000000
294,5879.999,1787268346886.920,169428164.217,0.000000000,1.000000000,0.000000000,-0.000000000,-0.000000000
295,5899.996,1787268346906.917,169428184.215,0.000000000,1.000000000,0.000000000,-0.000000000,-0.000000000
296,5919.997,1787268346926.918,169428204.215,0.000000000,1.000000000,0.000000000,-0.000000000,-0.000000000
297,5939.994,1787268346946.915,169428224.212,0.000000000,1.000000000,0.000000000,-0.000000000,-0.000000000
298,5959.997,1787268346966.918,169428244.215,0.000000000,1.000000000,0.000000000,-0.000000000,-0.000000000
299,5980.001,1787268346986.922,169428264.220,0.000000000,1.000000000,0.000000000,-0.000000000,-0.000000000
300,5999.989,1787268347006.910,169428284.208,0.000000000,1.000000000,0.000000000,-0.000000000,-0.000000000
301,6019.989,1787268347026.910,169428304.207,0.000000000,1.000000000,0.000000000,-0.000000000,-0.000000000
302,6039.991,1787268347046.912,169428324.209,0.000000000,1.000000000,0.000000000,-0.000000000,-0.000000000
303,6059.991,1787268347066.912,169428344.209,0.000000000,1.000000000,0.000000000,-0.000000000,-0.000000000
304,6079.995,1787268347086.916,169428364.213,0.000000000,1.000000000,0.000000000,-0.000000000,-0.000000000
305,6100.013,1787268347106.934,169428384.231,0.000000000,1.000000000,0.000000000,-0.000000000,-0.000000000
306,6120.003,1787268347126.924,169428404.221,0.000000000,1.000000000,0.000000000,-0.000000000,-0.000000000
307,6140.014,1787268347146.935,169428424.232,0.000000000,1.000000000,0.000000000,-0.000000000,-0.000000000
308,6159.992,1787268347166.913,169428444.211,0.000000000,1.000000000,0.000000000,-0.000000000,-0.000000000
309,6180.002,1787268347186.923,169428464.220,0.000000000,1.000000000,0.000000000,-0.000000000,-0.000000000
310,6199.991,1787268347206.912,169428484.210,0.000000000,1.000000000,0.000000000,-0.000000000,-0.000000000
311,6220.004,1787268347226.925,169428504.222,0.000000000,1.000000000,0.000000000,-0.000000000,-0.000000000
312,6239.992,1787268347246.914,169428524.211,0.000000000,1.000000000,0.000000000,-0.000000000,-0.000000000
313,6260.003,1787268347266.924,169428544.221,0.000000000,1.000000000,0.000000000,-0.000000000,-0.000000000
314,6279.999,1787268347286.920,169428564.217,0.000000000,1.000000000,0.000000000,-0.000000000,-0.000000000
315,6299.991,1787268347306.912,169428584.209,0.000000000,1.000000000,0.000000000,-0.000000000,-0.000000000
316,6319.997,1787268347326.918,169428604.215,0.000000000,1.000000000,0.000000000,-0.000000000,-0.000000000
317,6339.991,1787268347346.912,169428624.210,0.000000000,1.000000000,0.000000000,-0.000000000,-0.000000000
318,6359.989,1787268347366.910,169428644.208,0.000000000,1.000000000,0.000000000,-0.000000000,-0.000000000
319,6380.029,1787268347386.950,169428664.247,0.000000000,1.000000000,0.000000000,-0.000000000,-0.000000000
320,6399.988,1787268347406.909,169428684.207,0.000000000,1.000000000,0.000000000,-0.000000000,-0.000000000
321,6419.989,1787268347426.910,169428704.207,0.000000000,1.000000000,0.000000000,-0.000000000,-0.000000000
322,6439.989,1787268347446.910,169428724.208,0.000000000,1.000000000,0.000000000,-0.000000000,-0.000000000
323,6459.990,1787268347466.911,169428744.208,0.000000000,1.000000000,0.000000000,-0.000000000,-0.000000000
324,6480.000,1787268347486.921,169428764.219,0.000000000,1.000000000,0.000000000,-0.000000000,-0.000000000
325,6499.999,1787268347506.920,169428784.218,0.000000000,1.000000000,0.000000000,-0.000000000,-0.000000000
326,6520.001,1787268347526.922,169428804.219,0.000000000,1.000000000,0.000000000,-0.000000000,-0.000000000
327,6539.991,1787268347546.912,169428824.209,0.000000000,1.000000000,0.000000000,-0.000000000,-0.000000000
328,6560.030,1787268347566.951,169428844.248,0.000000000,1.000000000,0.000000000,-0.000000000,-0.000000000
329,6580.003,1787268347586.924,169428864.222,0.000000000,1.000000000,0.000000000,-0.000000000,-0.000000000
330,6599.997,1787268347606.918,169428884.215,0.000000000,1.000000000,0.000000000,-0.000000000,-0.000000000
331,6619.995,1787268347626.917,169428904.214,0.000000000,1.000000000,0.000000000,-0.000000000,-0.000000000
332,6639.999,1787268347646.920,169428924.217,0.000000000,1.000000000,0.000000000,-0.000000000,-0.000000000
333,6660.000,1787268347666.921,169428944.219,0.000000000,1.000000000,0.000000000,-0.000000000,-0.000000000
334,6679.989,1787268347686.910,169428964.208,0.000000000,1.000000000,0.000000000,-0.000000000,-0.000000000
335,6700.004,1787268347706.925,169428984.222,0.000000000,1.000000000,0.000000000,-0.000000000,-0.000000000
336,6719.993,1787268347726.914,169429004.211,0.000000000,1.000000000,0.000000000,-0.000000000,-0.000000000
337,6739.995,1787268347746.916,169429024.213,0.000000000,1.000000000,0.000000000,-0.000000000,-0.000000000
338,6760.002,1787268347766.923,169429044.220,0.000000000,1.000000000,0.000000000,-0.000000000,-0.000000000
339,6779.997,1787268347786.918,169429064.216,0.000000000,1.000000000,0.000000000,-0.000000000,-0.000000000
340,6800.002,1787268347806.923,169429084.220,0.000000000,1.000000000,0.000000000,-0.000000000,-0.000000000
341,6819.990,1787268347826.911,169429104.208,0.000000000,1.000000000,0.000000000,-0.000000000,-0.000000000
342,6839.992,1787268347846.913,169429124.210,0.000000000,1.000000000,0.000000000,-0.000000000,-0.000000000
343,6859.998,1787268347866.919,169429144.217,0.000000000,1.000000000,0.000000000,-0.000000000,-0.000000000
344,6879.991,1787268347886.912,169429164.210,0.000000000,1.000000000,0.000000000,-0.000000000,-0.000000000
345,6900.002,1787268347906.923,169429184.220,0.000000000,1.000000000,0.000000000,-0.000000000,-0.000000000
346,6920.001,1787268347926.922,169429204.219,0.000000000,1.000000000,0.000000000,-0.000000000,-0.000000000
347,6940.002,1787268347946.923,169429224.220,0.000000000,1.000000000,0.000000000,-0.000000000,-0.000000000
348,6959.993,1787268347966.914,169429244.211,0.000000000,1.000000000,0.000000000,-0.000000000,-0.000000000
349,6979.995,1787268347986.916,169429264.214,0.000000000,1.000000000,0.000000000,-0.000000000,-0.000000000
350,7000.001,1787268348006.922,169429284.220,0.000000000,1.000000000,0.000000000,-0.000000000,-0.000000000
351,7020.001,1787268348026.922,169429304.219,0.000000000,1.000000000,0.000000000,-0.000000000,-0.000000000
352,7039.989,1787268348046.910,169429324.207,0.000000000,1.000000000,0.000000000,-0.000000000,-0.000000000
353,7060.001,1787268348066.923,169429344.220,0.000000000,1.000000000,0.000000000,-0.000000000,-0.000000000
354,7079.990,1787268348086.911,169429364.208,0.000000000,1.000000000,0.000000000,-0.000000000,-0.000000000
355,7100.001,1787268348106.922,169429384.219,0.000000000,1.000000000,0.000000000,-0.000000000,-0.000000000
356,7119.991,1787268348126.912,169429404.209,0.000000000,1.000000000,0.000000000,-0.000000000,-0.000000000
357,7140.001,1787268348146.922,169429424.219,0.000000000,1.000000000,0.000000000,-0.000000000,-0.000000000
358,7159.995,1787268348166.916,169429444.213,0.000000000,1.000000000,0.000000000,-0.000000000,-0.000000000
359,7179.990,1787268348186.911,169429464.208,0.000000000,1.000000000,0.000000000,-0.000000000,-0.000000000
360,7200.000,1787268348206.921,169429484.218,0.000000000,1.000000000,0.000000000,-0.000000000,-0.000000000
361,7219.992,1787268348226.913,169429504.211,0.000000000,1.000000000,0.000000000,-0.000000000,-0.000000000
362,7239.997,1787268348246.918,169429524.216,0.000000000,1.000000000,0.000000000,-0.000000000,-0.000000000
363,7259.993,1787268348266.914,169429544.211,0.000000000,1.000000000,0.000000000,-0.000000000,-0.000000000
364,7279.989,1787268348286.910,169429564.208,0.000000000,1.000000000,0.000000000,-0.000000000,-0.000000000
365,7300.008,1787268348306.929,169429584.227,0.000000000,1.000000000,0.000000000,-0.000000000,-0.000000000
366,7319.990,1787268348326.911,169429604.209,0.000000000,1.000000000,0.000000000,-0.000000000,-0.000000000
367,7339.989,1787268348346.910,169429624.208,0.000000000,1.000000000,0.000000000,-0.000000000,-0.000000000
368,7359.998,1787268348366.919,169429644.217,0.000000000,1.000000000,0.000000000,-0.000000000,-0.000000000
369,7380.000,1787268348386.921,169429664.219,0.000000000,1.000000000,0.000000000,-0.000000000,-0.000000000
370,7400.005,1787268348406.926,169429684.224,0.000000000,1.000000000,0.000000000,-0.000000000,-0.000000000
371,7419.998,1787268348426.918,169429704.216,0.000000000,1.000000000,0.000000000,-0.000000000,-0.000000000
372,7440.006,1787268348446.927,169429724.224,0.000000000,1.000000000,0.000000000,-0.000000000,-0.000000000
373,7459.991,1787268348466.912,169429744.210,0.000000000,1.000000000,0.000000000,-0.000000000,-0.000000000
374,7479.999,1787268348486.920,169429764.218,0.000000000,1.000000000,0.000000000,-0.000000000,-0.000000000
375,7500.004,1787268348506.925,169429784.222,0.000000000,1.000000000,0.000000000,-0.000000000,-0.000000000
376,7519.991,1787268348526.912,169429804.209,0.000000000,1.000000000,0.000000000,-0.000000000,-0.000000000
377,7539.997,1787268348546.918,169429824.215,0.000000000,1.000000000,0.000000000,-0.000000000,-0.000000000
378,7560.000,1787268348566.921,169429844.218,0.000000000,1.000000000,0.000000000,-0.000000000,-0.000000000
379,7580.002,1787268348586.923,169429864.220,0.000000000,1.000000000,0.000000000,-0.000000000,-0.000000000
380,7600.003,1787268348606.924,169429884.221,0.000000000,1.000000000,0.000000000,-0.000000000,-0.000000000
381,7619.993,1787268348626.914,169429904.212,0.000000000,1.000000000,0.000000000,-0.000000000,-0.000000000
382,7639.993,1787268348646.915,169429924.212,0.000000000,1.000000000,0.000000000,-0.000000000,-0.000000000
383,7659.992,1787268348666.913,169429944.210,0.000000000,1.000000000,0.000000000,-0.000000000,-0.000000000
384,7680.019,1787268348686.941,169429964.238,0.000000000,1.000000000,0.000000000,-0.000000000,-0.000000000
385,7699.990,1787268348706.911,169429984.209,0.000000000,1.000000000,0.000000000,-0.000000000,-0.000000000
386,7720.002,1787268348726.923,169430004.220,0.000000000,1.000000000,0.000000000,-0.000000000,-0.000000000
387,7739.989,1787268348746.910,169430024.207,0.000000000,1.000000000,0.000000000,-0.000000000,-0.000000000
388,7759.991,1787268348766.912,169430044.209,0.000000000,1.000000000,0.000000000,-0.000000000,-0.000000000
389,7779.988,1787268348786.910,169430064.207,0.000000000,1.000000000,0.000000000,-0.000000000,-0.000000000
390,7799.990,1787268348806.911,169430084.208,0.000000000,1.000000000,0.000000000,-0.000000000,-0.000000000
391,7819.994,1787268348826.915,169430104.212,0.000000000,1.000000000,0.000000000,-0.000000000,-0.000000000
392,7840.001,1787268348846.922,169430124.219,0.000000000,1.000000000,0.000000000,-0.000000000,-0.000000000
393,7860.000,1787268348866.921,169430144.218,0.000000000,1.000000000,0.000000000,-0.000000000,-0.000000000
394,7879.995,1787268348886.916,169430164.214,0.000000000,1.000000000,0.000000000,-0.000000000,-0.000000000
395,7899.993,1787268348906.914,169430184.211,0.000000000,1.000000000,0.000000000,-0.000000000,-0.000000000
396,7920.003,1787268348926.924,169430204.222,0.000000000,1.000000000,0.000000000,-0.000000000,-0.000000000
397,7939.993,1787268348946.914,169430224.211,0.000000000,1.000000000,0.000000000,-0.000000000,-0.000000000
398,7959.992,1787268348966.913,169430244.210,0.000000000,1.000000000,0.000000000,-0.000000000,-0.000000000
399,7979.989,1787268348986.910,169430264.207,0.000000000,1.000000000,0.000000000,-0.000000000,-0.000000000
400,7999.998,1787268349006.918,169430284.216,0.000000000,1.000000000,0.000000000,-0.000000000,-0.000000000
401,8019.989,1787268349026.910,169430304.207,0.000000000,1.000000000,0.000000000,-0.000000000,-0.000000000
402,8040.002,1787268349046.923,169430324.221,0.000000000,1.000000000,0.000000000,-0.000000000,-0.000000000
403,8059.992,1787268349066.914,169430344.211,0.000000000,1.000000000,0.000000000,-0.000000000,-0.000000000
404,8080.001,1787268349086.922,169430364.219,0.000000000,1.000000000,0.000000000,-0.000000000,-0.000000000
405,8099.991,1787268349106.912,169430384.210,0.000000000,1.000000000,0.000000000,-0.000000000,-0.000000000
406,8120.072,1787268349126.993,169430404.290,0.000000000,1.000000000,0.000000000,-0.000000000,-0.000000000
407,8139.997,1787268349146.918,169430424.215,0.000000000,1.000000000,0.000000000,-0.000000000,-0.000000000
408,8159.996,1787268349166.917,169430444.214,0.000000000,1.000000000,0.000000000,-0.000000000,-0.000000000
409,8179.994,1787268349186.915,169430464.212,0.000000000,1.000000000,0.000000000,-0.000000000,-0.000000000
410,8200.004,1787268349206.925,169430484.223,0.000000000,1.000000000,0.000000000,-0.000000000,-0.000000000
411,8220.008,1787268349226.928,169430504.226,0.000000000,1.000000000,0.000000000,-0.000000000,-0.000000000
412,8239.993,1787268349246.914,169430524.211,0.000000000,1.000000000,0.000000000,-0.000000000,-0.000000000
413,8260.002,1787268349266.923,169430544.220,0.000000000,1.000000000,0.000000000,-0.000000000,-0.000000000
414,8279.992,1787268349286.913,169430564.211,0.000000000,1.000000000,0.000000000,-0.000000000,-0.000000000
415,8300.000,1787268349306.921,169430584.219,0.000000000,1.000000000,0.000000000,-0.000000000,-0.000000000
416,8319.991,1787268349326.912,169430604.210,0.000000000,1.000000000,0.000000000,-0.000000000,-0.000000000
417,8340.004,1787268349346.925,169430624.222,0.000000000,1.000000000,0.000000000,-0.000000000,-0.000000000
418,8360.003,1787268349366.924,169430644.222,0.000000000,1.000000000,0.000000000,-0.000000000,-0.000000000
419,8379.989,1787268349386.910,169430664.208,0.000000000,1.000000000,0.000000000,-0.000000000,-0.000000000
420,8400.099,1787268349407.020,169430684.318,0.000000000,1.000000000,0.000000000,-0.000000000,-0.000000000
421,8419.994,1787268349426.915,169430704.212,0.000000000,1.000000000,0.000000000,-0.000000000,-0.000000000
422,8439.997,1787268349446.918,169430724.215,0.000000000,1.000000000,0.000000000,-0.000000000,-0.000000000
423,8460.000,1787268349466.921,169430744.218,0.000000000,1.000000000,0.000000000,-0.000000000,-0.000000000
424,8479.998,1787268349486.919,169430764.217,0.000000000,1.000000000,0.000000000,-0.000000000,-0.000000000
425,8500.004,1787268349506.925,169430784.222,0.000000000,1.000000000,0.000000000,-0.000000000,-0.000000000
426,8519.997,1787268349526.918,169430804.216,0.000000000,1.000000000,0.000000000,-0.000000000,-0.000000000
427,8540.008,1787268349546.929,169430824.227,0.000000000,1.000000000,0.000000000,-0.000000000,-0.000000000
428,8559.993,1787268349566.914,169430844.212,0.000000000,1.000000000,0.000000000,-0.000000000,-0.000000000
429,8579.998,1787268349586.919,169430864.217,0.000000000,1.000000000,0.000000000,-0.000000000,-0.000000000
430,8599.989,1787268349606.910,169430884.207,0.000000000,1.000000000,0.000000000,-0.000000000,-0.000000000
431,8619.994,1787268349626.915,169430904.212,0.000000000,1.000000000,0.000000000,-0.000000000,-0.000000000
432,8639.999,1787268349646.920,169430924.217,0.000000000,1.000000000,0.000000000,-0.000000000,-0.000000000
433,8659.994,1787268349666.915,169430944.212,0.000000000,1.000000000,0.000000000,-0.000000000,-0.000000000
434,8680.000,1787268349686.921,169430964.218,0.000000000,1.000000000,0.000000000,-0.000000000,-0.000000000
435,8699.992,1787268349706.913,169430984.210,0.000000000,1.000000000,0.000000000,-0.000000000,-0.000000000
436,8720.015,1787268349726.936,169431004.233,0.000000000,1.000000000,0.000000000,-0.000000000,-0.000000000
437,8739.994,1787268349746.915,169431024.213,0.000000000,1.000000000,0.000000000,-0.000000000,-0.000000000
438,8759.996,1787268349766.917,169431044.214,0.000000000,1.000000000,0.000000000,-0.000000000,-0.000000000
439,8779.995,1787268349786.916,169431064.214,0.000000000,1.000000000,0.000000000,-0.000000000,-0.000000000
440,8799.993,1787268349806.914,169431084.211,0.000000000,1.000000000,0.000000000,-0.000000000,-0.000000000
441,8819.992,1787268349826.914,169431104.211,0.000000000,1.000000000,0.000000000,-0.000000000,-0.000000000
442,8839.989,1787268349846.911,169431124.208,0.000000000,1.000000000,0.000000000,-0.000000000,-0.000000000
443,8860.023,1787268349866.944,169431144.241,0.000000000,1.000000000,0.000000000,-0.000000000,-0.000000000
444,8879.994,1787268349886.915,169431164.212,0.000000000,1.000000000,0.000000000,-0.000000000,-0.000000000
445,8899.993,1787268349906.914,169431184.211,0.000000000,1.000000000,0.000000000,-0.000000000,-0.000000000
446,8919.989,1787268349926.910,169431204.207,0.000000000,1.000000000,0.000000000,-0.000000000,-0.000000000
447,8939.999,1787268349946.920,169431224.218,0.000000000,1.000000000,0.000000000,-0.000000000,-0.000000000
448,8960.001,1787268349966.922,169431244.219,0.000000000,1.000000000,0.000000000,-0.000000000,-0.000000000
449,8980.002,1787268349986.923,169431264.220,0.000000000,1.000000000,0.000000000,-0.000000000,-0.000000000
450,9000.001,1787268350006.922,169431284.220,0.000000000,1.000000000,0.000000000,-0.000000000,-0.000000000
451,9020.000,1787268350026.921,169431304.218,0.000000000,1.000000000,0.000000000,-0.000000000,-0.000000000
452,9039.997,1787268350046.917,169431324.215,0.000000000,1.000000000,0.000000000,-0.000000000,-0.000000000
453,9060.000,1787268350066.921,169431344.219,0.000000000,1.000000000,0.000000000,-0.000000000,-0.000000000
454,9080.003,1787268350086.925,169431364.222,0.000000000,1.000000000,0.000000000,-0.000000000,-0.000000000
455,9100.000,1787268350106.922,169431384.219,0.000000000,1.000000000,0.000000000,-0.000000000,-0.000000000
456,9119.993,1787268350126.914,169431404.211,0.000000000,1.000000000,0.000000000,-0.000000000,-0.000000000
457,9139.996,1787268350146.917,169431424.214,0.000000000,1.000000000,0.000000000,-0.000000000,-0.000000000
458,9160.002,1787268350166.923,169431444.220,0.000000000,1.000000000,0.000000000,-0.000000000,-0.000000000
459,9180.004,1787268350186.925,169431464.223,0.000000000,1.000000000,0.000000000,-0.000000000,-0.000000000
460,9199.992,1787268350206.914,169431484.211,0.000000000,1.000000000,0.000000000,-0.000000000,-0.000000000
461,9219.996,1787268350226.917,169431504.214,0.000000000,1.000000000,0.000000000,-0.000000000,-0.000000000
462,9239.995,1787268350246.916,169431524.213,0.000000000,1.000000000,0.000000000,-0.000000000,-0.000000000
463,9259.998,1787268350266.919,169431544.216,0.000000000,1.000000000,0.000000000,-0.000000000,-0.000000000
464,9280.001,1787268350286.922,169431564.219,0.000000000,1.000000000,0.000000000,-0.000000000,-0.000000000
465,9300.000,1787268350306.921,169431584.218,0.000000000,1.000000000,0.000000000,-0.000000000,-0.000000000
466,9319.997,1787268350326.918,169431604.216,0.000000000,1.000000000,0.000000000,-0.000000000,-0.000000000
467,9340.002,1787268350346.923,169431624.221,0.000000000,1.000000000,0.000000000,-0.000000000,-0.000000000
468,9360.002,1787268350366.923,169431644.220,0.000000000,1.000000000,0.000000000,-0.000000000,-0.000000000
469,9380.001,1787268350386.922,169431664.219,0.000000000,1.000000000,0.000000000,-0.000000000,-0.000000000
470,9400.001,1787268350406.922,169431684.219,0.000000000,1.000000000,0.000000000,-0.000000000,-0.000000000
471,9419.995,1787268350426.916,169431704.214,0.000000000,1.000000000,0.000000000,-0.000000000,-0.000000000
472,9439.995,1787268350446.916,169431724.213,0.000000000,1.000000000,0.000000000,-0.000000000,-0.000000000
473,9460.010,1787268350466.931,169431744.228,0.000000000,1.000000000,0.000000000,-0.000000000,-0.000000000
474,9479.995,1787268350486.916,169431764.213,0.000000000,1.000000000,0.000000000,-0.000000000,-0.000000000
475,9499.990,1787268350506.911,169431784.208,0.000000000,1.000000000,0.000000000,-0.000000000,-0.000000000
476,9519.991,1787268350526.912,169431804.210,0.000000000,1.000000000,0.000000000,-0.000000000,-0.000000000
477,9539.993,1787268350546.914,169431824.212,0.000000000,1.000000000,0.000000000,-0.000000000,-0.000000000
478,9559.994,1787268350566.915,169431844.212,0.000000000,1.000000000,0.000000000,-0.000000000,-0.000000000
479,9579.999,1787268350586.920,169431864.217,0.000000000,1.000000000,0.000000000,-0.000000000,-0.000000000
480,9600.001,1787268350606.922,169431884.219,0.000000000,1.000000000,0.000000000,-0.000000000,-0.000000000
481,9620.002,1787268350626.923,169431904.220,0.000000000,1.000000000,0.000000000,-0.000000000,-0.000000000
482,9639.997,1787268350646.918,169431924.215,0.000000000,1.000000000,0.000000000,-0.000000000,-0.000000000
483,9660.001,1787268350666.922,169431944.220,0.000000000,1.000000000,0.000000000,-0.000000000,-0.000000000
484,9680.000,1787268350686.921,169431964.218,0.000000000,1.000000000,0.000000000,-0.000000000,-0.000000000
485,9699.998,1787268350706.919,169431984.216,0.000000000,1.000000000,0.000000000,-0.000000000,-0.000000000
486,9719.991,1787268350726.912,169432004.210,0.000000000,1.000000000,0.000000000,-0.000000000,-0.000000000
487,9739.988,1787268350746.909,169432024.206,0.000000000,1.000000000,0.000000000,-0.000000000,-0.000000000
488,9760.017,1787268350766.938,169432044.236,0.000000000,1.000000000,0.000000000,-0.000000000,-0.000000000
489,9779.999,1787268350786.920,169432064.218,0.000000000,1.000000000,0.000000000,-0.000000000,-0.000000000
490,9800.001,1787268350806.922,169432084.220,0.000000000,1.000000000,0.000000000,-0.000000000,-0.000000000
491,9819.997,1787268350826.918,169432104.215,0.000000000,1.000000000,0.000000000,-0.000000000,-0.000000000
492,9840.003,1787268350846.924,169432124.221,0.000000000,1.000000000,0.000000000,-0.000000000,-0.000000000
493,9859.999,1787268350866.920,169432144.217,0.000000000,1.000000000,0.000000000,-0.000000000,-0.000000000
494,9880.005,1787268350886.926,169432164.223,0.000000000,1.000000000,0.000000000,-0.000000000,-0.000000000
495,9900.000,1787268350906.922,169432184.219,0.000000000,1.000000000,0.000000000,-0.000000000,-0.000000000
496,9919.990,1787268350926.911,169432204.208,0.000000000,1.000000000,0.000000000,-0.000000000,-0.000000000
497,9939.997,1787268350946.917,169432224.215,0.000000000,1.000000000,0.000000000,-0.000000000,-0.000000000
498,9960.003,1787268350966.924,169432244.221,0.000000000,1.000000000,0.000000000,-0.000000000,-0.000000000
499,9979.989,1787268350986.910,169432264.207,0.000000000,1.000000000,0.000000000,-0.000000000,-0.000000000
500,10000.007,1787268351006.928,169432284.225,0.000000000,1.000000000,0.000000000,-0.000000000,-0.000000000
501,10019.998,1787268351026.919,169432304.216,0.000000000,1.000000000,0.000000000,-0.000000000,-0.000000000
502,10039.997,1787268351046.918,169432324.216,0.000000000,1.000000000,0.000000000,-0.000000000,-0.000000000
503,10060.005,1787268351066.926,169432344.223,0.000000000,1.000000000,0.000000000,-0.000000000,-0.000000000
504,10080.020,1787268351086.941,169432364.238,0.000000000,1.000000000,0.000000000,-0.000000000,-0.000000000
505,10099.988,1787268351106.909,169432384.206,0.000000000,1.000000000,0.000000000,-0.000000000,-0.000000000
506,10119.999,1787268351126.920,169432404.217,0.000000000,1.000000000,0.000000000,-0.000000000,-0.000000000
507,10139.998,1787268351146.919,169432424.217,0.000000000,1.000000000,0.000000000,-0.000000000,-0.000000000
508,10159.994,1787268351166.915,169432444.213,0.000000000,1.000000000,0.000000000,-0.000000000,-0.000000000
509,10180.000,1787268351186.921,169432464.219,0.000000000,1.000000000,0.000000000,-0.000000000,-0.000000000
510,10200.000,1787268351206.921,169432484.218,0.000000000,1.000000000,0.000000000,-0.000000000,-0.000000000
511,10219.997,1787268351226.918,169432504.215,0.000000000,1.000000000,0.000000000,-0.000000000,0.000000000
512,10239.998,1787268351246.919,169432524.216,0.000000000,1.000000000,0.000000000,-0.000000000,0.000000000
513,10260.000,1787268351266.921,169432544.218,0.000000000,1.000000000,-0.000000000,-0.000000000,0.000000000
514,10279.998,1787268351286.919,169432564.216,0.000000000,1.000000000,-0.000000000,-0.000000001,0.000000000
515,10300.049,1787268351306.970,169432584.268,0.000000000,0.999999821,-0.000017640,0.000624066,0.000017362
516,10320.005,1787268351326.926,169432604.223,0.000000000,0.999993861,-0.000143274,0.003497425,0.000082242
517,10340.007,1787268351346.928,169432624.226,0.000000000,0.999992073,-0.000194045,0.003982444,0.000095567
518,10360.007,1787268351366.928,169432644.225,0.000000000,0.999988973,-0.000356159,0.004685955,0.000130212
519,10379.999,1787268351386.920,169432664.217,0.000000000,0.999987662,-0.000456743,0.004948873,0.000151546
520,10400.004,1787268351406.925,169432684.222,0.000000000,0.999985754,-0.000593501,0.005326025,0.000180075
521,10419.991,1787268351426.912,169432704.210,0.000000000,0.999980748,-0.000794743,0.006152581,0.000219305
522,10440.003,1787268351446.924,169432724.222,0.000000000,0.999977708,-0.000883444,0.006620026,0.000234162
523,10459.997,1787268351466.918,169432744.216,0.000000000,0.999963462,-0.001147719,0.008476123,0.000275749
524,10479.997,1787268351486.918,169432764.216,0.000000000,0.999957085,-0.001229720,0.009189165,0.000289358
525,10500.004,1787268351506.926,169432784.223,0.000000000,0.999923944,-0.001528927,0.012242474,0.000341348
526,10519.998,1787268351526.919,169432804.216,0.000000000,0.999893248,-0.001721510,0.014507417,0.000373922
527,10540.006,1787268351546.927,169432824.225,0.000000000,0.999851227,-0.001923781,0.017136499,0.000403897
528,10559.996,1787268351566.917,169432844.214,0.000000000,0.999760687,-0.002243822,0.021761153,0.000451778
529,10579.998,1787268351586.918,169432864.216,0.000000000,0.999704182,-0.002400609,0.024198951,0.000476064
530,10599.996,1787268351606.917,169432884.215,0.000000000,0.999506533,-0.002828215,0.031280972,0.000536750
531,10620.022,1787268351626.943,169432904.240,0.000000000,0.999420643,-0.002978747,0.033900902,0.000554670
532,10639.993,1787268351646.914,169432924.212,0.000000000,0.999172688,-0.003343942,0.040528059,0.000588017
533,10660.003,1787268351666.924,169432944.221,0.000000000,0.998949289,-0.003620300,0.045681689,0.000607857
534,10679.998,1787268351686.919,169432964.217,0.000000000,0.998682082,-0.003903623,0.051172446,0.000632234
535,10699.992,1787268351706.914,169432984.211,0.000000000,0.998186886,-0.004345854,0.060031243,0.000675469
536,10720.003,1787268351726.925,169433004.222,0.000000000,0.997953594,-0.004529051,0.063780382,0.000693002
537,10739.992,1787268351746.913,169433024.210,0.000000000,0.997171104,-0.005066927,0.074990712,0.000745393
538,10759.998,1787268351766.919,169433044.216,0.000000000,0.996848643,-0.005261647,0.079149343,0.000767673
539,10780.001,1787268351786.922,169433064.219,0.000000000,0.995857835,-0.005788535,0.090736449,0.000834289
540,10800.013,1787268351806.934,169433084.232,0.000000000,0.995211244,-0.006095949,0.097553216,0.000872363
541,10819.989,1787268351826.910,169433104.208,0.000000000,0.994328082,-0.006481369,0.106155232,0.000917279
542,10839.990,1787268351846.911,169433124.208,0.000000000,0.993144810,-0.006944023,0.116681352,0.000970182
543,10859.997,1787268351866.918,169433144.215,0.000000000,0.992442071,-0.007197717,0.122499272,0.001000738
544,10880.003,1787268351886.925,169433164.222,0.000000000,0.990291178,-0.007892377,0.138780728,0.001083664
545,10899.999,1787268351906.920,169433184.218,0.000000000,0.989405811,-0.008151591,0.144943625,0.001110901
546,10919.990,1787268351926.911,169433204.208,0.000000000,0.987478852,-0.008675678,0.157508925,0.001158428
547,10939.995,1787268351946.916,169433224.213,0.000000000,0.985339999,-0.009203633,0.170349613,0.001195519
548,10960.000,1787268351966.921,169433244.218,0.000000000,0.984190047,-0.009469196,0.176858515,0.001205916
549,10979.995,1787268351986.916,169433264.214,0.000000000,0.981356502,-0.010083366,0.191928253,0.001212779
550,11000.000,1787268352006.921,169433284.218,0.000000000,0.980220020,-0.010313034,0.197638452,0.001208967
551,11020.000,1787268352026.921,169433304.219,0.000000000,0.977201343,-0.010897705,0.212032169,0.001183771
552,11039.989,1787268352046.910,169433324.207,0.000000000,0.975486398,-0.011212566,0.219770744,0.001161223
553,11059.999,1787268352066.920,169433344.218,0.000000000,0.972312629,-0.011763313,0.233385473,0.001114085
554,11080.003,1787268352086.924,169433364.221,0.000000000,0.970155001,-0.012116870,0.242180496,0.001076559
555,11100.001,1787268352106.922,169433384.219,0.000000000,0.967395663,-0.012551550,0.252956957,0.001021011
556,11119.989,1787268352126.910,169433404.207,0.000000000,0.963417590,-0.013149982,0.267680794,0.000935372
557,11139.991,1787268352146.912,169433424.210,0.000000000,0.961475015,-0.013426260,0.274562836,0.000892092
558,11160.003,1787268352166.924,169433444.221,0.000000000,0.956235290,-0.014132080,0.292256296,0.000771808
559,11179.997,1787268352186.918,169433464.215,0.000000000,0.954102814,-0.014405618,0.299131960,0.000723769
560,11200.000,1787268352206.921,169433484.219,0.000000000,0.950002670,-0.014910009,0.311885208,0.000631884
561,11220.004,1787268352226.925,169433504.222,0.000000000,0.945052207,-0.015482465,0.326552331,0.000525580
562,11240.000,1787268352246.921,169433524.218,0.000000000,0.942781687,-0.015759615,0.333038002,0.000454817
563,11260.002,1787268352266.923,169433544.220,0.000000000,0.937835276,-0.016601687,0.346683621,0.000074653
564,11279.998,1787268352286.920,169433564.217,0.000000000,0.936255455,-0.016884482,0.350913972,-0.000054922
565,11300.001,1787268352306.922,169433584.220,0.000000000,0.932664573,-0.017525548,0.360318959,-0.000334413
566,11319.998,1787268352326.919,169433604.217,0.000000000,0.929669201,-0.018051790,0.367952794,-0.000538664
567,11340.004,1787268352346.925,169433624.222,0.000000000,0.927702367,-0.018390208,0.372866988,-0.000655421
568,11359.996,1787268352366.917,169433644.215,0.000000000,0.924535692,-0.018920949,0.380624741,-0.000806871
569,11380.003,1787268352386.925,169433664.222,0.000000000,0.922836959,-0.019193828,0.384711444,-0.000867228
570,11400.001,1787268352406.922,169433684.220,0.000000000,0.918701231,-0.019817544,0.394454807,-0.000951237
571,11419.995,1787268352426.916,169433704.213,0.000000000,0.917228103,-0.020021919,0.397857964,-0.000959324
572,11439.999,1787268352446.920,169433724.217,0.000000000,0.912981749,-0.020560652,0.407481223,-0.000927990
573,11459.991,1787268352466.912,169433744.209,0.000000000,0.909892023,-0.020898908,0.414317578,-0.000847841
574,11479.994,1787268352486.916,169433764.213,0.000000000,0.907775879,-0.021104498,0.418923646,-0.000772723
575,11499.996,1787268352506.917,169433784.214,0.000000000,0.903102279,-0.021482395,0.428887486,-0.000559355
576,11519.996,1787268352526.917,169433804.214,0.000000000,0.901961565,-0.021557976,0.431277692,-0.000497140
577,11540.006,1787268352546.927,169433824.224,0.000000000,0.896309853,-0.021837614,0.442890435,-0.000141706
578,11559.991,1787268352566.912,169433844.210,0.000000000,0.894121945,-0.021910535,0.447287560,0.000003494
579,11580.007,1787268352586.928,169433864.225,0.000000000,0.889950991,-0.022022033,0.455524087,0.000288747
580,11599.993,1787268352606.914,169433884.211,0.000000000,0.886320472,-0.022058409,0.462546557,0.000541990
581,11620.001,1787268352626.922,169433904.219,0.000000000,0.883280098,-0.022074416,0.468325257,0.000746173
582,11639.992,1787268352646.914,169433924.211,0.000000000,0.878057539,-0.022033459,0.478046507,0.001099292
583,11661.205,1787268352668.126,169433945.424,0.000000000,0.875926673,-0.021981167,0.481941760,0.001238818
584,11679.993,1787268352686.915,169433964.212,0.000000000,0.869771838,-0.021786310,0.492970020,0.001683683
585,11699.998,1787268352706.918,169433984.216,0.000000000,0.867927194,-0.021723881,0.496213019,0.001821665
586,11720.002,1787268352726.923,169434004.221,0.000000000,0.861552238,-0.021393459,0.507212996,0.002229122
587,11740.001,1787268352746.922,169434024.219,0.000000000,0.859239936,-0.021243634,0.511126161,0.002352656
588,11759.992,1787268352766.913,169434044.211,0.000000000,0.853663385,-0.020857200,0.520400763,0.002611120
589,11779.998,1787268352786.919,169434064.216,0.000000000,0.848646641,-0.020493573,0.528555751,0.002794525
590,11799.998,1787268352806.919,169434084.216,0.000000000,0.845163286,-0.020233065,0.534117401,0.002906705
591,11819.991,1787268352826.912,169434104.209,0.000000000,0.836414158,-0.019570678,0.547739267,0.003166680
592,11839.994,1787268352846.915,169434124.212,0.000000000,0.833997369,-0.019389555,0.551418245,0.003228717
593,11859.999,1787268352866.920,169434144.218,0.000000000,0.825944662,-0.018782031,0.563427985,0.003423211
594,11880.000,1787268352886.921,169434164.218,0.000000000,0.823332250,-0.018583812,0.567244649,0.003481685
595,11900.011,1787268352906.932,169434184.230,0.000000000,0.815237284,-0.017963070,0.578837037,0.003655803
596,11920.009,1787268352926.930,169434204.227,0.000000000,0.813574433,-0.017834671,0.581175625,0.003688909
597,11940.001,1787268352946.922,169434224.219,0.000000000,0.803914249,-0.017092222,0.594487071,0.003860734
598,11960.003,1787268352966.924,169434244.222,0.000000000,0.800422847,-0.016812682,0.599187076,0.003923892
599,11980.000,1787268352986.921,169434264.219,0.000000000,0.792158425,-0.016140103,0.610088587,0.004064116
600,11999.999,1787268353006.920,169434284.217,0.000000000,0.784390390,-0.015481096,0.620060146,0.004184554
601,12019.992,1787268353026.913,169434304.210,0.000000000,0.779597878,-0.015052630,0.626085043,0.004249408
602,12039.994,1787268353046.915,169434324.212,0.000000000,0.768882334,-0.014045414,0.639221072,0.004377242
603,12060.005,1787268353066.926,169434344.223,0.000000000,0.764774084,-0.013639729,0.644139051,0.004413985
604,12079.994,1787268353086.915,169434364.212,0.000000000,0.756728351,-0.012799211,0.653588891,0.004468063
605,12099.991,1787268353106.912,169434384.209,0.000000000,0.751190007,-0.012173663,0.659958601,0.004493150
606,12119.998,1787268353126.919,169434404.217,0.000000000,0.745894134,-0.011523288,0.665949583,0.004507696
607,12140.002,1787268353146.923,169434424.221,0.000000000,0.735228717,-0.011777432,0.677695453,0.005376430
608,12160.005,1787268353166.926,169434444.223,0.000000000,0.726288259,-0.013097064,0.687237859,0.006163300
609,12180.007,1787268353186.928,169434464.226,0.000000000,0.711207926,-0.015181604,0.702777088,0.007564967
610,12199.990,1787268353206.911,169434484.209,0.000000000,0.704900026,-0.015997363,0.709079385,0.008157014
611,12219.996,1787268353226.917,169434504.215,0.000000000,0.689517736,-0.017858667,0.723984122,0.009662333
612,12239.995,1787268353246.916,169434524.213,0.000000000,0.684497595,-0.018404953,0.728711307,0.010199032
613,12259.992,1787268353266.913,169434544.210,0.000000000,0.669791996,-0.019813728,0.742188573,0.011928303
614,12280.002,1787268353286.923,169434564.221,0.000000000,0.664995313,-0.020218657,0.746468663,0.012526548
615,12300.002,1787268353306.923,169434584.220,0.000000000,0.650608182,-0.021356802,0.758978069,0.014325022
616,12320.001,1787268353326.922,169434604.220,0.000000000,0.644590259,-0.021682099,0.764070272,0.015162685
617,12340.002,1787268353346.923,169434624.220,0.000000000,0.666575372,-0.015652677,0.744921386,0.022903502
618,12360.006,1787268353366.927,169434644.224,0.000000000,0.677182138,-0.019965878,0.735193193,0.022732858
619,12380.002,1787268353386.923,169434664.221,0.000000000,0.692935169,-0.027563535,0.720136523,0.022011274
620,12400.010,1787268353406.931,169434684.228,0.000000000,0.705494821,-0.022660179,0.707823336,0.027381772
621,12420.005,1787268353426.927,169434704.224,0.000000000,0.711249709,-0.020171681,0.702011764,0.029941482
622,12439.994,1787268353446.915,169434724.213,0.000000000,0.723462522,-0.015289526,0.689309657,0.034933455
623,12460.003,1787268353466.925,169434744.222,0.000000000,0.726063013,-0.014229094,0.686537445,0.036007285
624,12479.999,1787268353486.920,169434764.218,0.000000000,0.734021187,-0.010691776,0.677895129,0.039456651
625,12499.998,1787268353506.920,169434784.217,0.000000000,0.738666177,-0.008142926,0.672725022,0.041799091
626,12519.998,1787268353526.918,169434804.216,0.000000000,0.741153181,-0.006358900,0.669903398,0.043370906
627,12539.999,1787268353546.920,169434824.217,0.000000000,0.743300319,-0.003632738,0.667390764,0.045617465
628,12560.079,1787268353567.000,169434844.297,0.000000000,0.743417561,-0.003001129,0.667228758,0.046121988
629,12580.004,1787268353586.925,169434864.222,0.000000000,0.742689490,-0.000951419,0.667936385,0.047669120
630,12599.998,1787268353606.919,169434884.217,0.000000000,0.741290450,0.000201175,0.669430137,0.048494361
631,12619.997,1787268353626.918,169434904.215,0.000000000,0.739034295,0.001092934,0.671870768,0.049159545
632,12640.004,1787268353646.926,169434924.223,0.000000000,0.733644903,0.002247236,0.677703321,0.049783949
633,12660.015,1787268353666.937,169434944.234,0.000000000,0.731452405,0.002539670,0.680064082,0.049836390
634,12679.990,1787268353686.911,169434964.208,0.000000000,0.724693894,0.002964856,0.687271595,0.049676944
635,12700.001,1787268353706.922,169434984.219,0.000000000,0.720543921,0.002968437,0.691644669,0.049349863
636,12720.000,1787268353726.921,169435004.219,0.000000000,0.714561045,0.002705280,0.697874248,0.048650239
637,12739.994,1787268353746.915,169435024.212,0.000000000,0.705111444,0.001515630,0.707549751,0.046786882
638,12759.991,1787268353766.912,169435044.209,0.000000000,0.701201200,0.001067830,0.711477578,0.045992956
639,12779.998,1787268353786.919,169435064.216,0.000000000,0.693587005,-0.000956367,0.719053030,0.043579157
640,12799.997,1787268353806.918,169435084.215,0.000000000,0.692713678,-0.002249305,0.719960928,0.042415038
641,12820.004,1787268353826.925,169435104.223,0.000000000,0.690354645,-0.005639183,0.722381711,0.039285947
642,12839.989,1787268353846.910,169435124.208,0.000000000,0.689062655,-0.007606484,0.723693788,0.037444588
643,12859.998,1787268353866.920,169435144.217,0.000000000,0.688510597,-0.008526986,0.724252701,0.036583871
644,12879.991,1787268353886.912,169435164.209,0.000000000,0.687254906,-0.011022501,0.725525498,0.034235552
645,12899.990,1787268353906.911,169435184.209,0.000000000,0.686994374,-0.012257311,0.725788772,0.033452604
646,12920.152,1787268353927.073,169435204.370,0.000000000,0.686451197,-0.016172374,0.726364374,0.030300196
647,12940.003,1787268353946.924,169435224.221,0.000000000,0.686145365,-0.018437261,0.726730049,0.026978828
648,12960.002,1787268353966.923,169435244.220,0.000000000,0.685666084,-0.019451505,0.727211773,0.025433518
649,12979.994,1787268353986.915,169435264.212,0.000000000,0.684134483,-0.021282347,0.728703141,0.022334246
650,13000.001,1787268354006.922,169435284.219,0.000000000,0.683488488,-0.021873688,0.729321957,0.021318151
651,13019.991,1787268354026.912,169435304.210,0.000000000,0.682061136,-0.022961734,0.730676472,0.019426750
652,13039.998,1787268354046.919,169435324.216,0.000000000,0.680304766,-0.023673680,0.732328713,0.017876914
653,13059.991,1787268354066.912,169435344.210,0.000000000,0.679664552,-0.023826351,0.732927144,0.017501449
654,13079.993,1787268354086.915,169435364.212,0.000000000,0.678133905,-0.024042882,0.734350085,0.016917137
655,13099.999,1787268354106.920,169435384.217,0.000000000,0.677307069,-0.024081716,0.735115409,0.016751843
656,13119.998,1787268354126.920,169435404.217,0.000000000,0.676351845,-0.024173209,0.735991776,0.016730061
657,13139.991,1787268354146.912,169435424.209,0.000000000,0.675456107,-0.024283841,0.736805439,0.016946116
658,13160.000,1787268354166.921,169435444.219,0.000000000,0.675242603,-0.024302727,0.736996472,0.017117154
659,13179.995,1787268354186.916,169435464.213,0.000000000,0.674996912,-0.024330720,0.737209857,0.017573891
660,13200.000,1787268354206.921,169435484.219,0.000000000,0.675019085,-0.024263300,0.737183928,0.017900139
661,13219.994,1787268354226.915,169435504.212,0.000000000,0.675052345,-0.024140587,0.737150848,0.018175215
662,13239.998,1787268354246.919,169435524.216,0.000000000,0.675101161,-0.023445897,0.737104833,0.019108439
663,13260.000,1787268354266.921,169435544.219,0.000000000,0.675109506,-0.023066476,0.737098217,0.019526737
664,13279.999,1787268354286.920,169435564.218,0.000000000,0.675145149,-0.022038197,0.737067163,0.020624178
665,13300.000,1787268354306.922,169435584.219,0.000000000,0.675172329,-0.021254048,0.737039387,0.021527516
666,13320.008,1787268354326.930,169435604.227,0.000000000,0.675175667,-0.021055307,0.737035692,0.021743795
667,13339.993,1787268354346.915,169435624.212,0.000000000,0.675181866,-0.020516576,0.737028718,0.022298332
668,13360.004,1787268354366.925,169435644.222,0.000000000,0.675186336,-0.020238155,0.737023890,0.022574406
669,13379.995,1787268354386.916,169435664.214,0.000000000,0.675191224,-0.020060215,0.737019479,0.022733552
670,13399.992,1787268354406.913,169435684.210,0.000000000,0.675201833,-0.019876419,0.737012029,0.022821411
671,13420.007,1787268354426.928,169435704.225,0.000000000,0.675201535,-0.019838860,0.737013400,0.022820642
672,13440.003,1787268354446.924,169435724.221,0.000000000,0.675203025,-0.019743456,0.737015367,0.022791190
673,13459.999,1787268354466.920,169435744.218,0.000000000,0.675209582,-0.019699520,0.737012684,0.022724511
674,13479.995,1787268354486.916,169435764.213,0.000000000,0.675208509,-0.019657783,0.737014949,0.022716761
675,13499.995,1787268354506.916,169435784.213,0.000000000,0.675209999,-0.019330127,0.737021804,0.022735056
676,13519.995,1787268354526.916,169435804.213,0.000000000,0.675214529,-0.019090239,0.737022340,0.022782436
677,13539.998,1787268354546.919,169435824.216,0.000000000,0.675216913,-0.018973898,0.737022519,0.022803221
678,13560.006,1787268354566.927,169435844.224,0.000000000,0.675226867,-0.018948348,0.737015963,0.022740753
679,13579.994,1787268354586.915,169435864.212,0.000000000,0.675228655,-0.018968077,0.737015545,0.022683363
680,13599.987,1787268354606.908,169435884.205,0.000000000,0.675228059,-0.019168064,0.737016141,0.022512710
681,13620.003,1787268354626.924,169435904.221,0.000000000,0.675240755,-0.019388255,0.737002015,0.022406073
682,13639.997,1787268354646.918,169435924.215,0.000000000,0.675244451,-0.019475887,0.736998141,0.022346683
683,13660.003,1787268354666.924,169435944.221,0.000000000,0.675256968,-0.019639675,0.736985326,0.022246215
684,13680.008,1787268354686.929,169435964.226,0.000000000,0.675251782,-0.019720672,0.736989975,0.022178713
685,13699.991,1787268354706.912,169435984.210,0.000000000,0.675248623,-0.019757191,0.736992478,0.022157587
686,13720.000,1787268354726.921,169436004.218,0.000000000,0.675254166,-0.019815754,0.736986876,0.022125024
687,13740.000,1787268354746.922,169436024.219,0.000000000,0.675254762,-0.019848749,0.736986041,0.022104545
688,13759.994,1787268354766.915,169436044.212,0.000000000,0.675257444,-0.019930439,0.736982882,0.022052111
689,13779.998,1787268354786.918,169436064.216,0.000000000,0.675274909,-0.020080213,0.736965477,0.021967808
690,13799.993,1787268354806.914,169436084.211,0.000000000,0.675276637,-0.020120706,0.736963451,0.021942534
691,13819.999,1787268354826.920,169436104.218,0.000000000,0.675284564,-0.020325566,0.736954033,0.021827038
692,13840.007,1787268354846.928,169436124.225,0.000000000,0.675292313,-0.020528819,0.736944854,0.021706259
693,13860.003,1787268354866.924,169436144.221,0.000000000,0.675295830,-0.020609597,0.736940682,0.021660259
694,13879.989,1787268354886.910,169436164.207,0.000000000,0.675303578,-0.020791611,0.736931622,0.021552481
695,13900.019,1787268354906.941,169436184.238,0.000000000,0.675308943,-0.020941257,0.736925364,0.021457430
696,13920.008,1787268354926.929,169436204.226,0.000000000,0.675316870,-0.021064745,0.736916602,0.021384444
697,13939.999,1787268354946.920,169436224.217,0.000000000,0.675325692,-0.021246081,0.736906648,0.021270987
698,13960.000,1787268354966.921,169436244.219,0.000000000,0.675331116,-0.021345578,0.736900628,0.021210190
699,13980.007,1787268354986.928,169436264.225,0.000000000,0.675334692,-0.021447686,0.736896157,0.021144161
700,13999.992,1787268355006.914,169436284.211,0.000000000,0.675342560,-0.021578783,0.736887693,0.021057155
701,14019.989,1787268355026.910,169436304.208,0.000000000,0.675352156,-0.021677256,0.736877859,0.020989340
702,14040.054,1787268355046.975,169436324.273,0.000000000,0.675361753,-0.021778326,0.736867905,0.020927714
703,14059.990,1787268355066.911,169436344.209,0.000000000,0.675369799,-0.021931378,0.736858726,0.020834107
704,14080.005,1787268355086.926,169436364.223,0.000000000,0.675372243,-0.022002745,0.736855745,0.020787489
705,14100.014,1787268355106.936,169436384.233,0.000000000,0.675378203,-0.022089969,0.736849129,0.020728620
706,14120.004,1787268355126.925,169436404.222,0.000000000,0.675383449,-0.022223298,0.736842632,0.020646455
707,14139.995,1787268355146.916,169436424.213,0.000000000,0.675384223,-0.022258846,0.736841500,0.020622060
708,14160.002,1787268355166.923,169436444.220,0.000000000,0.675390363,-0.022349039,0.736834943,0.020559108
709,14179.996,1787268355186.917,169436464.215,0.000000000,0.675393641,-0.022390401,0.736831427,0.020531092
710,14200.000,1787268355206.921,169436484.219,0.000000000,0.675397813,-0.022388784,0.736827791,0.020531047
711,14219.992,1787268355226.913,169436504.210,0.000000000,0.675408363,-0.022394819,0.736817956,0.020528357
712,14240.014,1787268355246.936,169436524.233,0.000000000,0.675404012,-0.022387834,0.736822009,0.020530974
713,14259.998,1787268355266.919,169436544.216,0.000000000,0.675406456,-0.022390852,0.736819804,0.020530783
714,14280.001,1787268355286.922,169436564.219,0.000000000,0.675413311,-0.022398937,0.736813128,0.020532042
715,14300.002,1787268355306.923,169436584.220,0.000000000,0.675422728,-0.022399800,0.736804366,0.020534536
716,14319.995,1787268355326.916,169436604.214,0.000000000,0.675424218,-0.022402426,0.736802876,0.020539870
717,14339.994,1787268355346.915,169436624.212,0.000000000,0.675423086,-0.022395527,0.736803830,0.020549502
718,14360.000,1787268355366.921,169436644.219,0.000000000,0.675424933,-0.022401826,0.736801982,0.020547410
719,14380.001,1787268355386.922,169436664.219,0.000000000,0.675422132,-0.022412075,0.736804366,0.020543318
720,14400.001,1787268355406.922,169436684.219,0.000000000,0.675430357,-0.022407943,0.736796677,0.020554408
721,14420.005,1787268355426.926,169436704.224,0.000000000,0.675432384,-0.022417784,0.736794651,0.020548895
722,14440.000,1787268355446.921,169436724.219,0.000000000,0.675438941,-0.022410594,0.736788630,0.020558471
723,14460.000,1787268355466.921,169436744.219,0.000000000,0.675443649,-0.022420282,0.736784041,0.020554291
724,14480.012,1787268355486.933,169436764.231,0.000000000,0.675447166,-0.022420533,0.736780882,0.020553624
725,14499.995,1787268355506.916,169436784.214,0.000000000,0.675460696,-0.022413917,0.736768544,0.020558748
726,14519.999,1787268355526.920,169436804.217,0.000000000,0.675462067,-0.022418309,0.736766994,0.020564038
727,14539.993,1787268355546.914,169436824.211,0.000000000,0.675457776,-0.022425126,0.736770749,0.020560989
728,14559.998,1787268355566.919,169436844.216,0.000000000,0.675465822,-0.022434700,0.736762881,0.020566689
729,14580.003,1787268355586.924,169436864.221,0.000000000,0.675469160,-0.022435222,0.736759782,0.020570569
730,14599.993,1787268355606.915,169436884.212,0.000000000,0.675468802,-0.022434194,0.736760020,0.020569816
731,14619.989,1787268355626.910,169436904.207,0.000000000,0.675476193,-0.022428729,0.736753404,0.020576982
732,14640.007,1787268355646.928,169436924.226,0.000000000,0.675476611,-0.022436846,0.736752868,0.020572744
733,14660.001,1787268355666.922,169436944.219,0.000000000,0.675479710,-0.022433676,0.736749947,0.020577954
734,14679.998,1787268355686.919,169436964.217,0.000000000,0.675477684,-0.022438604,0.736751795,0.020573836
735,14699.991,1787268355706.912,169436984.210,0.000000000,0.675479412,-0.022439132,0.736750185,0.020574303
736,14719.999,1787268355726.920,169437004.218,0.000000000,0.675488591,-0.022433653,0.736741900,0.020572729
737,14740.002,1787268355746.923,169437024.220,0.000000000,0.675492108,-0.022429904,0.736738801,0.020576430
738,14759.991,1787268355766.912,169437044.209,0.000000000,0.675492167,-0.022435281,0.736738682,0.020569744
739,14780.030,1787268355786.951,169437064.248,0.000000000,0.675495982,-0.022432949,0.736735404,0.020568766
740,14799.998,1787268355806.919,169437084.216,0.000000000,0.675499678,-0.022427855,0.736731946,0.020574052
741,14819.992,1787268355826.913,169437104.210,0.000000000,0.675500572,-0.022425523,0.736731172,0.020575739
742,14839.999,1787268355846.920,169437124.217,0.000000000,0.675505936,-0.022430969,0.736726284,0.020568978
743,14860.003,1787268355866.924,169437144.222,0.000000000,0.675502896,-0.022432802,0.736728966,0.020568701
744,14879.999,1787268355886.920,169437164.217,0.000000000,0.675506592,-0.022430208,0.736725569,0.020570487
745,14899.997,1787268355906.918,169437184.215,0.000000000,0.675504982,-0.022429882,0.736727118,0.020570178
746,14920.003,1787268355926.924,169437204.221,0.000000000,0.675505996,-0.022428246,0.736726046,0.020576390
747,14940.001,1787268355946.922,169437224.219,0.000000000,0.675507069,-0.022431504,0.736724854,0.020579830
748,14959.990,1787268355966.911,169437244.209,0.000000000,0.675503135,-0.022432094,0.736728907,0.020567983
749,14979.988,1787268355986.910,169437264.207,0.000000000,0.675502419,-0.022429768,0.736729562,0.020568922
750,14999.990,1787268356006.911,169437284.208,0.000000000,0.675504744,-0.022435684,0.736727118,0.020571720
751,15019.999,1787268356026.920,169437304.217,0.000000000,0.675506055,-0.022437489,0.736725867,0.020572668
752,15040.116,1787268356047.037,169437324.335,0.000000000,0.675503612,-0.022439435,0.736727953,0.020577615
753,15059.992,1787268356066.913,169437344.210,0.000000000,0.675504565,-0.022440748,0.736727059,0.020575728
754,15079.990,1787268356086.911,169437364.208,0.000000000,0.675504506,-0.022428177,0.736727059,0.020588249
755,15100.000,1787268356106.921,169437384.218,0.000000000,0.675508082,-0.022425754,0.736723840,0.020591008
756,15119.991,1787268356126.912,169437404.209,0.000000000,0.675514221,-0.022443244,0.736717880,0.020581648
757,15140.000,1787268356146.921,169437424.218,0.000000000,0.675515294,-0.022447798,0.736716688,0.020585017
758,15160.003,1787268356166.924,169437444.221,0.000000000,0.675514162,-0.022447802,0.736717701,0.020584909
759,15179.998,1787268356186.919,169437464.217,0.000000000,0.675516486,-0.022449668,0.736715436,0.020590788
760,15200.010,1787268356206.931,169437484.228,0.000000000,0.675526083,-0.022446550,0.736706674,0.020590430
761,15220.001,1787268356226.922,169437504.219,0.000000000,0.675526440,-0.022450551,0.736706316,0.020586161
762,15239.992,1787268356246.913,169437524.210,0.000000000,0.675531864,-0.022444181,0.736701488,0.020590495
763,15259.990,1787268356266.911,169437544.208,0.000000000,0.675538003,-0.022450740,0.736695588,0.020590344
764,15280.030,1787268356286.951,169437564.248,0.000000000,0.675544441,-0.022454575,0.736689627,0.020589612
765,15299.988,1787268356306.909,169437584.207,0.000000000,0.675542474,-0.022448624,0.736691535,0.020593764
766,15319.998,1787268356326.919,169437604.216,0.000000000,0.675540030,-0.022450790,0.736693799,0.020591075
767,15339.999,1787268356346.920,169437624.218,0.000000000,0.675539374,-0.022449877,0.736694336,0.020592548
768,15360.001,1787268356366.922,169437644.220,0.000000000,0.675540030,-0.022448683,0.736693621,0.020596106
769,15379.999,1787268356386.920,169437664.218,0.000000000,0.675539851,-0.022453403,0.736693740,0.020589385
770,15400.002,1787268356406.923,169437684.220,0.000000000,0.675545514,-0.022453055,0.736688793,0.020588534
771,15420.002,1787268356426.923,169437704.220,0.000000000,0.675548077,-0.022437956,0.736686647,0.020590859
772,15439.994,1787268356446.915,169437724.213,0.000000000,0.675548196,-0.022443170,0.736686587,0.020586181
773,15459.995,1787268356466.916,169437744.214,0.000000000,0.675551772,-0.022445211,0.736683369,0.020583970
774,15479.993,1787268356486.915,169437764.212,0.000000000,0.675553203,-0.022444349,0.736681998,0.020584228
775,15499.993,1787268356506.914,169437784.211,0.000000000,0.675559461,-0.022443902,0.736676455,0.020581709
776,15519.999,1787268356526.920,169437804.217,0.000000000,0.675566137,-0.022438923,0.736670375,0.020586686
777,15539.989,1787268356546.910,169437824.207,0.000000000,0.675563097,-0.022442846,0.736673057,0.020581724
778,15559.993,1787268356566.915,169437844.212,0.000000000,0.675564051,-0.022442183,0.736672282,0.020582763
779,15579.995,1787268356586.916,169437864.213,0.000000000,0.675561070,-0.022443779,0.736675024,0.020581793
780,15599.992,1787268356606.913,169437884.210,0.000000000,0.675565898,-0.022442257,0.736670375,0.020587593
781,15619.994,1787268356626.915,169437904.212,0.000000000,0.675567269,-0.022445086,0.736669123,0.020583378
782,15639.992,1787268356646.913,169437924.210,0.000000000,0.675574124,-0.022439472,0.736662984,0.020587286
783,15659.988,1787268356666.909,169437944.206,0.000000000,0.675577939,-0.022444261,0.736659348,0.020585397
784,15680.003,1787268356686.924,169437964.222,0.000000000,0.675584912,-0.022431001,0.736653149,0.020595392
785,15700.001,1787268356706.922,169437984.220,0.000000000,0.675583959,-0.022440255,0.736654043,0.020581016
786,15720.004,1787268356726.925,169438004.222,0.000000000,0.675585985,-0.022437252,0.736652255,0.020583071
787,15740.003,1787268356746.924,169438024.221,0.000000000,0.675592422,-0.022430845,0.736646354,0.020588854
788,15759.992,1787268356766.914,169438044.211,0.000000000,0.675597191,-0.022439966,0.736642003,0.020581983
789,15779.996,1787268356786.917,169438064.214,0.000000000,0.675596535,-0.022432515,0.736642599,0.020587003
790,15799.992,1787268356806.913,169438084.210,0.000000000,0.675599635,-0.022426985,0.736639977,0.020588726
791,15819.992,1787268356826.913,169438104.210,0.000000000,0.675600886,-0.022440579,0.736638486,0.020583013
792,15840.002,1787268356846.923,169438124.220,0.000000000,0.675601900,-0.022440992,0.736637712,0.020581294
793,15860.005,1787268356866.926,169438144.223,0.000000000,0.675603032,-0.022440167,0.736636579,0.020582005
794,15880.002,1787268356886.923,169438164.220,0.000000000,0.675602317,-0.022437358,0.736637294,0.020584088
795,15899.999,1787268356906.920,169438184.217,0.000000000,0.675601304,-0.022439748,0.736638069,0.020583497
796,15919.989,1787268356926.910,169438204.207,0.000000000,0.675604939,-0.022429572,0.736634851,0.020590313
797,15940.001,1787268356946.922,169438224.219,0.000000000,0.675603807,-0.022433046,0.736635864,0.020588309
798,15959.999,1787268356966.920,169438244.218,0.000000000,0.675606906,-0.022438196,0.736633062,0.020579828
799,15979.997,1787268356986.918,169438264.215,0.000000000,0.675610900,-0.022432815,0.736629367,0.020587878
800,15999.991,1787268357006.912,169438284.209,0.000000000,0.675614417,-0.022440447,0.736626089,0.020583717
801,16019.998,1787268357026.919,169438304.216,0.000000000,0.675614238,-0.022438215,0.736626327,0.020581007
802,16039.989,1787268357046.910,169438324.208,0.000000000,0.675620973,-0.022428738,0.736620486,0.020583227
803,16060.002,1787268357066.923,169438344.220,0.000000000,0.675622404,-0.022435876,0.736619174,0.020577088
804,16079.997,1787268357086.918,169438364.215,0.000000000,0.675628722,-0.022435585,0.736613274,0.020577695
805,16100.023,1787268357106.944,169438384.241,0.000000000,0.675634384,-0.022422966,0.736608207,0.020586900
806,16120.016,1787268357126.938,169438404.235,0.000000000,0.675638735,-0.022414742,0.736604393,0.020588743
807,16140.000,1787268357146.921,169438424.218,0.000000000,0.675639331,-0.022421870,0.736603856,0.020581344
808,16159.994,1787268357166.915,169438444.212,0.000000000,0.675643742,-0.022426035,0.736599922,0.020575393
809,16180.002,1787268357186.923,169438464.220,0.000000000,0.675644755,-0.022414327,0.736599147,0.020577861
810,16200.003,1787268357206.924,169438484.222,0.000000000,0.675649881,-0.022408037,0.736594439,0.020585433
811,16219.996,1787268357226.917,169438504.215,0.000000000,0.675660372,-0.022411482,0.736585021,0.020576743
812,16239.991,1787268357246.912,169438524.209,0.000000000,0.675673068,-0.022418061,0.736573398,0.020563168
813,16259.990,1787268357266.911,169438544.208,0.000000000,0.675682902,-0.022410808,0.736564577,0.020566775
814,16279.994,1787268357286.915,169438564.213,0.000000000,0.675697088,-0.022415619,0.736551523,0.020565772
815,16299.998,1787268357306.919,169438584.217,0.000000000,0.675695837,-0.022412382,0.736552656,0.020566398
816,16319.994,1787268357326.915,169438604.213,0.000000000,0.675694466,-0.022414645,0.736553907,0.020564955
817,16339.994,1787268357346.916,169438624.213,0.000000000,0.675703645,-0.022409000,0.736545384,0.020573443
818,16360.006,1787268357366.927,169438644.224,0.000000000,0.675705731,-0.022410654,0.736543536,0.020572189
819,16379.990,1787268357386.911,169438664.208,0.000000000,0.675712466,-0.022416208,0.736537337,0.020566272
820,16399.999,1787268357406.920,169438684.218,0.000000000,0.675718248,-0.022414269,0.736532092,0.020566648
821,16419.997,1787268357426.918,169438704.215,0.000000000,0.675722361,-0.022411944,0.736528218,0.020570753
822,16439.989,1787268357446.910,169438724.207,0.000000000,0.675722182,-0.022414260,0.736528456,0.020567393
823,16459.988,1787268357466.909,169438744.207,0.000000000,0.675723970,-0.022411803,0.736526847,0.020570174
824,16479.992,1787268357486.913,169438764.210,0.000000000,0.675724149,-0.022411354,0.736526549,0.020573929
825,16499.991,1787268357506.912,169438784.209,0.000000000,0.675723016,-0.022409769,0.736527741,0.020571360
826,16519.998,1787268357526.919,169438804.217,0.000000000,0.675719678,-0.022410618,0.736530662,0.020575345
827,16539.992,1787268357546.913,169438824.210,0.000000000,0.675722063,-0.022407843,0.736528575,0.020577274
828,16559.990,1787268357566.911,169438844.208,0.000000000,0.675721049,-0.022421986,0.736529112,0.020570617
829,16580.001,1787268357586.922,169438864.220,0.000000000,0.675728798,-0.022417836,0.736522138,0.020572050
830,16599.996,1787268357606.917,169438884.214,0.000000000,0.675729156,-0.022415062,0.736521900,0.020573275
831,16619.997,1787268357626.918,169438904.215,0.000000000,0.675732374,-0.022418762,0.736518860,0.020571617
832,16639.990,1787268357646.911,169438924.209,0.000000000,0.675735593,-0.022419114,0.736515880,0.020569896
833,16659.998,1787268357666.920,169438944.217,0.000000000,0.675733924,-0.022419356,0.736517489,0.020570170
834,16679.999,1787268357686.920,169438964.217,0.000000000,0.675731957,-0.022419441,0.736519337,0.020569216
835,16699.994,1787268357706.915,169438984.212,0.000000000,0.675736427,-0.022411605,0.736515284,0.020579470
836,16719.991,1787268357726.912,169439004.209,0.000000000,0.675737560,-0.022404671,0.736514151,0.020584425
837,16740.001,1787268357746.922,169439024.220,0.000000000,0.675739527,-0.022419840,0.736512303,0.020572603
838,16760.005,1787268357766.926,169439044.223,0.000000000,0.675744236,-0.022410464,0.736508250,0.020570885
839,16780.003,1787268357786.924,169439064.221,0.000000000,0.675746858,-0.022412894,0.736505926,0.020566542
840,16799.998,1787268357806.919,169439084.217,0.000000000,0.675752401,-0.022416351,0.736500621,0.020567069
841,16819.995,1787268357826.916,169439104.213,0.000000000,0.675753176,-0.022414211,0.736499965,0.020569565
842,16839.988,1787268357846.909,169439124.206,0.000000000,0.675758541,-0.022412533,0.736494958,0.020572856
843,16860.001,1787268357866.922,169439144.219,0.000000000,0.675762355,-0.022396892,0.736491621,0.020587623
844,16879.993,1787268357886.915,169439164.212,0.000000000,0.675762594,-0.022393882,0.736491382,0.020591153
845,16899.986,1787268357906.907,169439184.205,0.000000000,0.675765336,-0.022402255,0.736488640,0.020591091
846,16920.002,1787268357926.923,169439204.221,0.000000000,0.675766945,-0.022408547,0.736487091,0.020586589
847,16940.007,1787268357946.928,169439224.225,0.000000000,0.675765216,-0.022420986,0.736488521,0.020574981
848,16959.999,1787268357966.920,169439244.217,0.000000000,0.675770581,-0.022419695,0.736483634,0.020576414
849,16979.992,1787268357986.913,169439264.210,0.000000000,0.675771654,-0.022413179,0.736482918,0.020577190
850,16999.994,1787268358006.915,169439284.212,0.000000000,0.675769567,-0.022420378,0.736484647,0.020572983
851,17020.001,1787268358026.922,169439304.219,0.000000000,0.675774992,-0.022421543,0.736479640,0.020572048
852,17039.999,1787268358046.920,169439324.217,0.000000000,0.675779879,-0.022413792,0.736475229,0.020581568
853,17060.000,1787268358066.921,169439344.218,0.000000000,0.675782084,-0.022421505,0.736473024,0.020575650
854,17079.998,1787268358086.919,169439364.217,0.000000000,0.675779700,-0.022405356,0.736475289,0.020591462
855,17099.994,1787268358106.915,169439384.213,0.000000000,0.675785005,-0.022422308,0.736470282,0.020574506
856,17119.991,1787268358126.912,169439404.210,0.000000000,0.675786436,-0.022418715,0.736469150,0.020576475
857,17140.002,1787268358146.923,169439424.221,0.000000000,0.675792515,-0.022417026,0.736463606,0.020579645
858,17159.993,1787268358166.914,169439444.212,0.000000000,0.675794423,-0.022418303,0.736461639,0.020581763
859,17179.988,1787268358186.909,169439464.207,0.000000000,0.675793469,-0.022419376,0.736462414,0.020585751
860,17199.993,1787268358206.914,169439484.212,0.000000000,0.675802708,-0.022425648,0.736453772,0.020583741
861,17220.001,1787268358226.922,169439504.220,0.000000000,0.675798953,-0.022423975,0.736457169,0.020586522
862,17239.998,1787268358246.920,169439524.217,0.000000000,0.675798833,-0.022420784,0.736457288,0.020591676
863,17259.995,1787268358266.917,169439544.214,0.000000000,0.675806165,-0.022431826,0.736450315,0.020584324
864,17279.997,1787268358286.918,169439564.216,0.000000000,0.675810039,-0.022426577,0.736446917,0.020584565
865,17299.995,1787268358306.916,169439584.213,0.000000000,0.675807655,-0.022429807,0.736449122,0.020582115
866,17320.004,1787268358326.925,169439604.222,0.000000000,0.675815940,-0.022426259,0.736441731,0.020579884
867,17339.992,1787268358346.913,169439624.211,0.000000000,0.675814390,-0.022423657,0.736443102,0.020582264
868,17359.992,1787268358366.914,169439644.211,0.000000000,0.675813854,-0.022423675,0.736443639,0.020582581
869,17379.993,1787268358386.914,169439664.211,0.000000000,0.675814927,-0.022421259,0.736442685,0.020583102
870,17400.004,1787268358406.925,169439684.222,0.000000000,0.675812662,-0.022416044,0.736444831,0.020585909
871,17419.999,1787268358426.920,169439704.217,0.000000000,0.675814748,-0.022423308,0.736442626,0.020588849
872,17440.001,1787268358446.922,169439724.219,0.000000000,0.675814450,-0.022429708,0.736442864,0.020583857
873,17460.000,1787268358466.922,169439744.219,0.000000000,0.675811887,-0.022424711,0.736445308,0.020585369
874,17479.999,1787268358486.920,169439764.217,0.000000000,0.675808251,-0.022428883,0.736448705,0.020582248
875,17499.991,1787268358506.912,169439784.209,0.000000000,0.675810695,-0.022427855,0.736446440,0.020582233
876,17520.001,1787268358526.922,169439804.220,0.000000000,0.675812244,-0.022427993,0.736444950,0.020583089
877,17539.997,1787268358546.918,169439824.215,0.000000000,0.675815523,-0.022406351,0.736442268,0.020596560
878,17559.991,1787268358566.912,169439844.210,0.000000000,0.675815701,-0.022427600,0.736441851,0.020580150
879,17579.998,1787268358586.919,169439864.217,0.000000000,0.675819337,-0.022424405,0.736438632,0.020579653
880,17599.992,1787268358606.913,169439884.210,0.000000000,0.675826788,-0.022423888,0.736431777,0.020583311
881,17619.989,1787268358626.910,169439904.207,0.000000000,0.675830781,-0.022412753,0.736428261,0.020587934
882,17639.995,1787268358646.916,169439924.213,0.000000000,0.675828993,-0.022412537,0.736429930,0.020588554
883,17659.999,1787268358666.920,169439944.218,0.000000000,0.675817609,-0.022423455,0.736440241,0.020579986
884,17679.992,1787268358686.914,169439964.211,0.000000000,0.675816536,-0.022420645,0.736441374,0.020579476
885,17700.002,1787268358706.923,169439984.220,0.000000000,0.675817072,-0.022420898,0.736440897,0.020579098
886,17719.999,1787268358726.920,169440004.218,0.000000000,0.675818145,-0.022411574,0.736440063,0.020580845
887,17739.997,1787268358746.918,169440024.215,0.000000000,0.675815582,-0.022413308,0.736442387,0.020581499
888,17759.988,1787268358766.909,169440044.206,0.000000000,0.675820053,-0.022400275,0.736438453,0.020586845
889,17780.000,1787268358786.921,169440064.219,0.000000000,0.675820351,-0.022403061,0.736438155,0.020587185
890,17800.001,1787268358806.922,169440084.220,0.000000000,0.675820529,-0.022414451,0.736437738,0.020580424
891,17819.998,1787268358826.919,169440104.217,0.000000000,0.675816894,-0.022422304,0.736440957,0.020576512
892,17839.989,1787268358846.910,169440124.208,0.000000000,0.675814867,-0.022420349,0.736443043,0.020574320
893,17860.008,1787268358866.929,169440144.226,0.000000000,0.675815582,-0.022420285,0.736442387,0.020573918
894,17879.993,1787268358886.914,169440164.211,0.000000000,0.675817788,-0.022420004,0.736440361,0.020573569
895,17899.991,1787268358906.912,169440184.210,0.000000000,0.675823987,-0.022408269,0.736434698,0.020586265
896,17919.998,1787268358926.919,169440204.217,0.000000000,0.675824702,-0.022409495,0.736433983,0.020585181
897,17939.993,1787268358946.914,169440224.211,0.000000000,0.675828815,-0.022405405,0.736430168,0.020591322
898,17959.988,1787268358966.909,169440244.207,0.000000000,0.675824344,-0.022422751,0.736434102,0.020576989
899,17980.000,1787268358986.921,169440264.218,0.000000000,0.675821483,-0.022385627,0.736437500,0.020593770
900,18000.000,1787268359006.921,169440284.219,0.000000000,0.675830305,-0.022368047,0.736429751,0.020600401
901,18020.000,1787268359026.921,169440304.218,0.000000000,0.675830126,-0.022391390,0.736429572,0.020585636
902,18039.998,1787268359046.919,169440324.217,0.000000000,0.675829709,-0.022411771,0.736429751,0.020571632
903,18059.993,1787268359066.914,169440344.211,0.000000000,0.675833642,-0.022408593,0.736426175,0.020574192
904,18080.002,1787268359086.923,169440364.221,0.000000000,0.675836563,-0.022396389,0.736423373,0.020588648
905,18100.000,1787268359106.921,169440384.218,0.000000000,0.675836325,-0.022398198,0.736423731,0.020584742
906,18119.997,1787268359126.918,169440404.216,0.000000000,0.675834835,-0.022411086,0.736424983,0.020571971
907,18140.003,1787268359146.924,169440424.221,0.000000000,0.675841153,-0.022405563,0.736419261,0.020577580
908,18159.994,1787268359166.916,169440444.213,0.000000000,0.675845325,-0.022405518,0.736415565,0.020576654
909,18180.002,1787268359186.923,169440464.221,0.000000000,0.675841928,-0.022411993,0.736418605,0.020568985
910,18200.000,1787268359206.921,169440484.219,0.000000000,0.675844193,-0.022410545,0.736416519,0.020569537
911,18220.000,1787268359226.921,169440504.219,0.000000000,0.675840139,-0.022410573,0.736420214,0.020573307
912,18239.990,1787268359246.911,169440524.208,0.000000000,0.675842404,-0.022414662,0.736417830,0.020576151
913,18259.991,1787268359266.912,169440544.210,0.000000000,0.675844073,-0.022412349,0.736416399,0.020578267
914,18279.989,1787268359286.910,169440564.208,0.000000000,0.675845206,-0.022408321,0.736415327,0.020583116
915,18299.999,1787268359306.920,169440584.217,0.000000000,0.675847948,-0.022413462,0.736412883,0.020579075
916,18320.002,1787268359326.923,169440604.220,0.000000000,0.675848544,-0.022415981,0.736412287,0.020574460
917,18339.998,1787268359346.920,169440624.217,0.000000000,0.675850511,-0.022409929,0.736410618,0.020576000
918,18359.991,1787268359366.912,169440644.209,0.000000000,0.675852835,-0.022413841,0.736408412,0.020573631
919,18380.004,1787268359386.925,169440664.222,0.000000000,0.675858736,-0.022410467,0.736403346,0.020567317
920,18400.001,1787268359406.922,169440684.220,0.000000000,0.675863326,-0.022403875,0.736399114,0.020571643
921,18419.992,1787268359426.913,169440704.210,0.000000000,0.675869882,-0.022410141,0.736393034,0.020567557
922,18439.996,1787268359446.917,169440724.214,0.000000000,0.675870538,-0.022401588,0.736392498,0.020576891
923,18460.005,1787268359466.926,169440744.224,0.000000000,0.675863504,-0.022413304,0.736398637,0.020570401
924,18479.989,1787268359486.910,169440764.207,0.000000000,0.675861239,-0.022406528,0.736400902,0.020574901
925,18500.000,1787268359506.921,169440784.218,0.000000000,0.675859928,-0.022412116,0.736402035,0.020571418
926,18519.999,1787268359526.920,169440804.218,0.000000000,0.675865710,-0.022403583,0.736397088,0.020568043
927,18539.998,1787268359546.919,169440824.216,0.000000000,0.675865829,-0.022403210,0.736397147,0.020563990
928,18559.998,1787268359566.919,169440844.216,0.000000000,0.675868809,-0.022404663,0.736394346,0.020565495
929,18579.998,1787268359586.920,169440864.217,0.000000000,0.675868452,-0.022406004,0.736394644,0.020564549
930,18599.991,1787268359606.912,169440884.209,0.000000000,0.675872207,-0.022399280,0.736391246,0.020566406
931,18619.998,1787268359626.919,169440904.217,0.000000000,0.675869584,-0.022400850,0.736393750,0.020564931
932,18639.998,1787268359646.920,169440924.217,0.000000000,0.675867081,-0.022397393,0.736396074,0.020568144
933,18660.003,1787268359666.925,169440944.222,0.000000000,0.675865114,-0.022401124,0.736397803,0.020563005
934,18679.998,1787268359686.918,169440964.216,0.000000000,0.675864875,-0.022396302,0.736398220,0.020566225
935,18700.013,1787268359706.934,169440984.232,0.000000000,0.675869048,-0.022402238,0.736394286,0.020563183
936,18719.990,1787268359726.911,169441004.208,0.000000000,0.675868869,-0.022401400,0.736394346,0.020565948
937,18739.989,1787268359746.910,169441024.208,0.000000000,0.675870657,-0.022406543,0.736392617,0.020565208
938,18760.001,1787268359766.922,169441044.219,0.000000000,0.675877035,-0.022404823,0.736386895,0.020564014
939,18779.996,1787268359786.917,169441064.215,0.000000000,0.675876439,-0.022395361,0.736387432,0.020568902
940,18800.002,1787268359806.923,169441084.220,0.000000000,0.675879657,-0.022401500,0.736384332,0.020566428
941,18819.997,1787268359826.918,169441104.215,0.000000000,0.675881326,-0.022399276,0.736382902,0.020568447
942,18839.999,1787268359846.920,169441124.218,0.000000000,0.675882161,-0.022396419,0.736382067,0.020572215
943,18860.000,1787268359866.921,169441144.218,0.000000000,0.675885916,-0.022392990,0.736378551,0.020576505
944,18879.991,1787268359886.912,169441164.209,0.000000000,0.675889790,-0.022398200,0.736374974,0.020572817
945,18899.990,1787268359906.911,169441184.208,0.000000000,0.675887227,-0.022402061,0.736377120,0.020573055
946,18919.989,1787268359926.910,169441204.208,0.000000000,0.675884187,-0.022404026,0.736380041,0.020570552
947,18940.001,1787268359946.922,169441224.219,0.000000000,0.675880909,-0.022406964,0.736383021,0.020566940
948,18960.000,1787268359966.921,169441244.219,0.000000000,0.675880790,-0.022407571,0.736383140,0.020566333
949,18979.998,1787268359986.919,169441264.216,0.000000000,0.675890088,-0.022390861,0.736374855,0.020574413
950,18999.993,1787268360006.914,169441284.211,0.000000000,0.675890684,-0.022389231,0.736374199,0.020581892
951,19020.000,1787268360026.922,169441304.219,0.000000000,0.675893009,-0.022384856,0.736372173,0.020581620
952,19039.992,1787268360046.913,169441324.210,0.000000000,0.675889373,-0.022392882,0.736375391,0.020578610
953,19059.997,1787268360066.918,169441344.215,0.000000000,0.675888240,-0.022407422,0.736376166,0.020569652
954,19079.989,1787268360086.910,169441364.208,0.000000000,0.675889969,-0.022407465,0.736374736,0.020566721
955,19099.997,1787268360106.918,169441384.216,0.000000000,0.675899625,-0.022393415,0.736366212,0.020568069
956,19120.003,1787268360126.924,169441404.221,0.000000000,0.675899267,-0.022384562,0.736366570,0.020577669
957,19139.999,1787268360146.920,169441424.218,0.000000000,0.675899446,-0.022387320,0.736366272,0.020576036
958,19159.999,1787268360166.920,169441444.217,0.000000000,0.675906420,-0.022380484,0.736360073,0.020575497
959,19179.998,1787268360186.920,169441464.217,0.000000000,0.675915241,-0.022397675,0.736351967,0.020558277
960,19200.000,1787268360206.921,169441484.218,0.000000000,0.675914645,-0.022396000,0.736352623,0.020557752
961,19219.999,1787268360226.920,169441504.218,0.000000000,0.675913274,-0.022394711,0.736353934,0.020559708
962,19239.999,1787268360246.920,169441524.217,0.000000000,0.675919175,-0.022391248,0.736348510,0.020564493
963,19260.001,1787268360266.922,169441544.220,0.000000000,0.675921142,-0.022388821,0.736346662,0.020566724
964,19279.998,1787268360286.919,169441564.217,0.000000000,0.675916970,-0.022389803,0.736350536,0.020565674
965,19300.003,1787268360306.925,169441584.222,0.000000000,0.675918341,-0.022398164,0.736349165,0.020560004
966,19320.003,1787268360326.924,169441604.221,0.000000000,0.675921261,-0.022395480,0.736346364,0.020564651
967,19339.993,1787268360346.914,169441624.212,0.000000000,0.675918937,-0.022401344,0.736348331,0.020568803
968,19359.991,1787268360366.912,169441644.209,0.000000000,0.675914884,-0.022389574,0.736352086,0.020578731
969,19380.010,1787268360386.931,169441664.228,0.000000000,0.675910115,-0.022403620,0.736356258,0.020570792
970,19399.992,1787268360406.913,169441684.210,0.000000000,0.675909400,-0.022402423,0.736356974,0.020569723
971,19419.999,1787268360426.921,169441704.218,0.000000000,0.675921977,-0.022406613,0.736345291,0.020567873
972,19439.992,1787268360446.914,169441724.211,0.000000000,0.675923407,-0.022407753,0.736344039,0.020566288
973,19460.000,1787268360466.921,169441744.219,0.000000000,0.675928712,-0.022392182,0.736339152,0.020582620
974,19479.991,1787268360486.912,169441764.210,0.000000000,0.675930977,-0.022382786,0.736337066,0.020594157
975,19499.992,1787268360506.913,169441784.210,0.000000000,0.675930023,-0.022390310,0.736337841,0.020589428
976,19520.001,1787268360526.922,169441804.219,0.000000000,0.675931394,-0.022396982,0.736336529,0.020583371
977,19539.989,1787268360546.910,169441824.208,0.000000000,0.675930619,-0.022409085,0.736337245,0.020572251
978,19560.000,1787268360566.921,169441844.218,0.000000000,0.675932646,-0.022397550,0.736335576,0.020575913
979,19579.995,1787268360586.916,169441864.213,0.000000000,0.675939202,-0.022404669,0.736329496,0.020569421
980,19599.997,1787268360606.918,169441884.215,0.000000000,0.675942600,-0.022400400,0.736326516,0.020572400
981,19619.999,1787268360626.920,169441904.217,0.000000000,0.675950468,-0.022401355,0.736319244,0.020571766
982,19639.999,1787268360646.920,169441924.217,0.000000000,0.675952971,-0.022403449,0.736316741,0.020574320
983,19660.005,1787268360666.926,169441944.223,0.000000000,0.675952196,-0.022399357,0.736317515,0.020577339
984,19679.990,1787268360686.911,169441964.208,0.000000000,0.675961137,-0.022406656,0.736309230,0.020570874
985,19699.991,1787268360706.912,169441984.209,0.000000000,0.675965250,-0.022401936,0.736305714,0.020571670
986,19720.005,1787268360726.926,169442004.224,0.000000000,0.675963163,-0.022406077,0.736307502,0.020569975
987,19740.005,1787268360746.926,169442024.223,0.000000000,0.675966859,-0.022405816,0.736304164,0.020569406
988,19759.992,1787268360766.913,169442044.210,0.000000000,0.675964713,-0.022405110,0.736306012,0.020570740
989,19779.993,1787268360786.915,169442064.212,0.000000000,0.675961971,-0.022404103,0.736308753,0.020566098
990,19799.995,1787268360806.917,169442084.214,0.000000000,0.675959647,-0.022401774,0.736310840,0.020568872
991,19820.003,1787268360826.924,169442104.221,0.000000000,0.675962985,-0.022406112,0.736307621,0.020569852
992,19839.991,1787268360846.912,169442124.209,0.000000000,0.675963938,-0.022390630,0.736306906,0.020582777
993,19859.993,1787268360866.914,169442144.211,0.000000000,0.675970674,-0.022399537,0.736300468,0.020578826
994,19879.999,1787268360886.920,169442164.217,0.000000000,0.675976098,-0.022408931,0.736295402,0.020575160
995,19900.009,1787268360906.931,169442184.228,0.000000000,0.675983846,-0.022407681,0.736288369,0.020574296
996,19920.000,1787268360926.921,169442204.218,0.000000000,0.675988138,-0.022404531,0.736284494,0.020569840
997,19940.000,1787268360946.922,169442224.219,0.000000000,0.675988257,-0.022402085,0.736284554,0.020572184
998,19959.997,1787268360966.918,169442244.215,0.000000000,0.675992191,-0.022401933,0.736281037,0.020569839
999,19980.001,1787268360986.922,169442264.219,0.000000000,0.675997436,-0.022402110,0.736276150,0.020569719
1000,20000.017,1787268361006.938,169442284.235,0.000000000,0.676001966,-0.022400863,0.736271977,0.020570958
1001,20020.002,1787268361026.923,169442304.220,0.000000000,0.676003695,-0.022397669,0.736270428,0.020573866
1002,20040.000,1787268361046.922,169442324.219,0.000000000,0.676008105,-0.022382084,0.736266494,0.020586008
1003,20060.000,1787268361066.921,169442344.219,0.000000000,0.676008582,-0.022382636,0.736266017,0.020587241
1004,20079.993,1787268361086.914,169442364.211,0.000000000,0.676002800,-0.022401856,0.736271203,0.020571848
1005,20099.991,1787268361106.912,169442384.210,0.000000000,0.676009774,-0.022401914,0.736264825,0.020569960
1006,20119.990,1787268361126.911,169442404.208,0.000000000,0.676009119,-0.022396192,0.736265481,0.020573089
1007,20139.998,1787268361146.919,169442424.216,0.000000000,0.676009119,-0.022394985,0.736265779,0.020567529
1008,20160.002,1787268361166.923,169442444.221,0.000000000,0.676017046,-0.022390382,0.736258686,0.020563338
1009,20179.998,1787268361186.919,169442464.217,0.000000000,0.676021039,-0.022386469,0.736255109,0.020563195
1010,20200.004,1787268361206.925,169442484.223,0.000000000,0.676026642,-0.022387791,0.736249864,0.020561123
1011,20220.002,1787268361226.923,169442504.220,0.000000000,0.676033914,-0.022374015,0.736243546,0.020568494
1012,20239.991,1787268361246.912,169442524.210,0.000000000,0.676035345,-0.022370212,0.736242294,0.020571351
1013,20259.991,1787268361266.912,169442544.210,0.000000000,0.676046968,-0.022375755,0.736231685,0.020560352
1014,20279.997,1787268361286.918,169442564.215,0.000000000,0.676045597,-0.022375699,0.736232996,0.020561067
1015,20299.992,1787268361306.914,169442584.211,0.000000000,0.676046133,-0.022374334,0.736232579,0.020560106
1016,20319.996,1787268361326.917,169442604.215,0.000000000,0.676048994,-0.022383695,0.736229658,0.020558355
1017,20340.001,1787268361346.922,169442624.219,0.000000000,0.676040232,-0.022381604,0.736237764,0.020559587
1018,20360.008,1787268361366.929,169442644.227,0.000000000,0.676038265,-0.022387952,0.736239433,0.020556644
1019,20380.006,1787268361386.927,169442664.224,0.000000000,0.676043332,-0.022386104,0.736234844,0.020558942
1020,20400.000,1787268361406.921,169442684.218,0.000000000,0.676049232,-0.022383878,0.736229479,0.020556202
1021,20420.000,1787268361426.921,169442704.218,0.000000000,0.676055908,-0.022382004,0.736223340,0.020555275
1022,20439.995,1787268361446.916,169442724.214,0.000000000,0.676055670,-0.022384064,0.736223638,0.020553742
1023,20459.992,1787268361466.913,169442744.210,0.000000000,0.676060557,-0.022372013,0.736219406,0.020559261
1024,20480.006,1787268361486.927,169442764.224,0.000000000,0.676060975,-0.022380767,0.736218929,0.020552110
1025,20499.993,1787268361506.914,169442784.211,0.000000000,0.676063597,-0.022378618,0.736216486,0.020552106
1026,20520.001,1787268361526.922,169442804.219,0.000000000,0.676061392,-0.022372853,0.736218750,0.020554170
1027,20539.994,1787268361546.915,169442824.213,0.000000000,0.676061630,-0.022379482,0.736218512,0.020550191
1028,20559.989,1787268361566.910,169442844.208,0.000000000,0.676062286,-0.022377437,0.736217797,0.020552557
1029,20579.995,1787268361586.917,169442864.214,0.000000000,0.676064312,-0.022369694,0.736215949,0.020557677
1030,20599.998,1787268361606.919,169442884.217,0.000000000,0.676069260,-0.022382183,0.736211419,0.020551551
1031,20619.993,1787268361626.915,169442904.212,0.000000000,0.676070094,-0.022377959,0.736210704,0.020550970
1032,20639.998,1787268361646.919,169442924.217,0.000000000,0.676070988,-0.022379458,0.736209750,0.020552563
1033,20659.993,1787268361666.914,169442944.211,0.000000000,0.676073432,-0.022373106,0.736207783,0.020552725
1034,20680.001,1787268361686.922,169442964.219,0.000000000,0.676071763,-0.022365589,0.736209333,0.020556184
1035,20700.000,1787268361706.922,169442984.219,0.000000000,0.676076531,-0.022371590,0.736205041,0.020550350
1036,20720.002,1787268361726.923,169443004.220,0.000000000,0.676075280,-0.022369968,0.736206293,0.020547055
1037,20740.002,1787268361746.923,169443024.220,0.000000000,0.676073551,-0.022371270,0.736207962,0.020544697
1038,20759.991,1787268361766.912,169443044.209,0.000000000,0.676071763,-0.022359986,0.736209869,0.020545522
1039,20779.993,1787268361786.914,169443064.212,0.000000000,0.676068485,-0.022361776,0.736212790,0.020545926
1040,20799.990,1787268361806.911,169443084.208,0.000000000,0.676067650,-0.022365723,0.736213386,0.020544646
1041,20819.996,1787268361826.917,169443104.214,0.000000000,0.676076889,-0.022364059,0.736204922,0.020545999
1042,20840.002,1787268361846.923,169443124.221,0.000000000,0.676074982,-0.022363069,0.736206770,0.020544203
1043,20860.000,1787268361866.921,169443144.219,0.000000000,0.676073909,-0.022367593,0.736207664,0.020544235
1044,20880.008,1787268361886.929,169443164.226,0.000000000,0.676071882,-0.022371808,0.736209393,0.020544525
1045,20899.990,1787268361906.911,169443184.208,0.000000000,0.676073134,-0.022368895,0.736208260,0.020545093
1046,20919.998,1787268361926.919,169443204.216,0.000000000,0.676074326,-0.022370225,0.736207068,0.020546328
1047,20940.001,1787268361946.922,169443224.220,0.000000000,0.676073968,-0.022369733,0.736207366,0.020549713
1048,20959.989,1787268361966.910,169443244.207,0.000000000,0.676075816,-0.022367353,0.736205757,0.020550586
1049,20979.989,1787268361986.910,169443264.207,0.000000000,0.676077664,-0.022370990,0.736203909,0.020552006
1050,20999.994,1787268362006.915,169443284.212,0.000000000,0.676076531,-0.022367364,0.736204982,0.020554233
1051,21019.989,1787268362026.910,169443304.207,0.000000000,0.676074028,-0.022368325,0.736207306,0.020556452
1052,21040.003,1787268362046.924,169443324.221,0.000000000,0.676074147,-0.022371156,0.736207008,0.020555196
1053,21059.995,1787268362066.916,169443344.213,0.000000000,0.676072299,-0.022372913,0.736208677,0.020551739
1054,21080.001,1787268362086.922,169443364.219,0.000000000,0.676071405,-0.022365246,0.736209810,0.020550249
1055,21099.991,1787268362106.912,169443384.209,0.000000000,0.676072180,-0.022360455,0.736209095,0.020553807
1056,21119.993,1787268362126.914,169443404.211,0.000000000,0.676077485,-0.022362996,0.736204386,0.020547127
1057,21139.992,1787268362146.913,169443424.210,0.000000000,0.676086307,-0.022363804,0.736196399,0.020545080
1058,21159.989,1787268362166.910,169443444.207,0.000000000,0.676086485,-0.022365719,0.736196160,0.020543475
1059,21180.003,1787268362186.925,169443464.222,0.000000000,0.676093042,-0.022359654,0.736190259,0.020549159
1060,21199.993,1787268362206.914,169443484.211,0.000000000,0.676095486,-0.022369606,0.736187816,0.020546194
1061,21219.999,1787268362226.920,169443504.218,0.000000000,0.676096022,-0.022367526,0.736187398,0.020542638
1062,21240.006,1787268362246.927,169443524.225,0.000000000,0.676097453,-0.022363264,0.736186147,0.020545892
1063,21259.997,1787268362266.918,169443544.215,0.000000000,0.676105857,-0.022362372,0.736178458,0.020550890
1064,21279.994,1787268362286.915,169443564.213,0.000000000,0.676105261,-0.022365103,0.736178756,0.020552531
1065,21299.991,1787268362306.912,169443584.209,0.000000000,0.676101208,-0.022371495,0.736182451,0.020545863
1066,21319.991,1787268362326.912,169443604.210,0.000000000,0.676102698,-0.022370296,0.736181140,0.020546036
1067,21339.999,1787268362346.920,169443624.217,0.000000000,0.676102936,-0.022370810,0.736180902,0.020546502
1068,21359.997,1787268362366.918,169443644.216,0.000000000,0.676098883,-0.022363938,0.736184537,0.020556251
1069,21380.001,1787268362386.922,169443664.220,0.000000000,0.676099777,-0.022373339,0.736183643,0.020547258
1070,21399.997,1787268362406.918,169443684.215,0.000000000,0.676101267,-0.022372518,0.736182392,0.020546673
1071,21420.001,1787268362426.922,169443704.219,0.000000000,0.676103413,-0.022367161,0.736180484,0.020546338
1072,21439.992,1787268362446.913,169443724.210,0.000000000,0.676109552,-0.022359142,0.736174822,0.020557189
1073,21459.996,1787268362466.917,169443744.214,0.000000000,0.676109254,-0.022368254,0.736175001,0.020553896
1074,21479.999,1787268362486.920,169443764.218,0.000000000,0.676107526,-0.022375388,0.736176491,0.020549510
1075,21499.999,1787268362506.920,169443784.217,0.000000000,0.676110625,-0.022375749,0.736173570,0.020551799
1076,21520.005,1787268362526.926,169443804.223,0.000000000,0.676115811,-0.022371417,0.736169040,0.020546950
1077,21539.998,1787268362546.919,169443824.216,0.000000000,0.676119268,-0.022368692,0.736165881,0.020548971
1078,21559.999,1787268362566.921,169443844.218,0.000000000,0.676121056,-0.022369131,0.736164153,0.020551080
1079,21580.000,1787268362586.921,169443864.218,0.000000000,0.676123679,-0.022371674,0.736161768,0.020547487
1080,21599.988,1787268362606.909,169443884.206,0.000000000,0.676121891,-0.022372581,0.736163378,0.020546887
1081,21619.988,1787268362626.909,169443904.207,0.000000000,0.676122546,-0.022371825,0.736162782,0.020547673
1082,21639.994,1787268362646.915,169443924.212,0.000000000,0.676119864,-0.022367144,0.736165404,0.020548686
1083,21659.996,1787268362666.917,169443944.215,0.000000000,0.676117003,-0.022367341,0.736167967,0.020547848
1084,21679.990,1787268362686.911,169443964.208,0.000000000,0.676117063,-0.022370223,0.736167967,0.020546626
1085,21700.004,1787268362706.925,169443984.222,0.000000000,0.676119030,-0.022367889,0.736166000,0.020553052
1086,21719.992,1787268362726.913,169444004.210,0.000000000,0.676119268,-0.022362163,0.736165762,0.020559408
1087,21739.992,1787268362746.913,169444024.210,0.000000000,0.676120222,-0.022369891,0.736164749,0.020556863
1088,21759.996,1787268362766.917,169444044.214,0.000000000,0.676123679,-0.022374634,0.736161530,0.020551236
1089,21779.991,1787268362786.912,169444064.210,0.000000000,0.676123917,-0.022371545,0.736161590,0.020549735
1090,21799.992,1787268362806.913,169444084.211,0.000000000,0.676127672,-0.022376871,0.736157775,0.020552697
1091,21820.003,1787268362826.924,169444104.221,0.000000000,0.676129520,-0.022362616,0.736156166,0.020566652
1092,21839.995,1787268362846.916,169444124.213,0.000000000,0.676130295,-0.022365311,0.736155510,0.020563887
1093,21860.000,1787268362866.921,169444144.218,0.000000000,0.676125109,-0.022375019,0.736160100,0.020557009
1094,21879.998,1787268362886.919,169444164.216,0.000000000,0.676132500,-0.022379356,0.736153185,0.020557435
1095,21899.995,1787268362906.916,169444184.213,0.000000000,0.676130056,-0.022382693,0.736155391,0.020557882
1096,21919.989,1787268362926.910,169444204.207,0.000000000,0.676127791,-0.022386625,0.736157238,0.020560654
1097,21940.004,1787268362946.925,169444224.222,0.000000000,0.676128089,-0.022384033,0.736157119,0.020560643
1098,21959.999,1787268362966.920,169444244.218,0.000000000,0.676128268,-0.022383133,0.736156821,0.020562664
1099,21980.062,1787268362986.983,169444264.281,0.000000000,0.676131010,-0.022387827,0.736154139,0.020562200
1100,21999.990,1787268363006.911,169444284.208,0.000000000,0.676129699,-0.022389058,0.736155272,0.020566713
1101,22019.989,1787268363026.910,169444304.208,0.000000000,0.676133633,-0.022384465,0.736151636,0.020569148
1102,22039.991,1787268363046.912,169444324.210,0.000000000,0.676141202,-0.022391004,0.736144602,0.020564472
1103,22059.997,1787268363066.918,169444344.216,0.000000000,0.676142812,-0.022390820,0.736143172,0.020565217
1104,22080.000,1787268363086.921,169444364.218,0.000000000,0.676141977,-0.022389578,0.736143887,0.020566499
1105,22099.991,1787268363106.912,169444384.209,0.000000000,0.676139116,-0.022376552,0.736146629,0.020574197
1106,22119.990,1787268363126.911,169444404.208,0.000000000,0.676143944,-0.022383513,0.736142159,0.020569446
1107,22139.992,1787268363146.914,169444424.211,0.000000000,0.676142991,-0.022389606,0.736142874,0.020566473
1108,22160.003,1787268363166.924,169444444.221,0.000000000,0.676142156,-0.022386581,0.736143827,0.020567013
1109,22180.001,1787268363186.922,169444464.220,0.000000000,0.676148593,-0.022381430,0.736137688,0.020578286
1110,22200.001,1787268363206.922,169444484.219,0.000000000,0.676148713,-0.022383707,0.736137509,0.020577880
1111,22219.991,1787268363226.912,169444504.209,0.000000000,0.676148117,-0.022397444,0.736137927,0.020572029
1112,22239.989,1787268363246.910,169444524.207,0.000000000,0.676147878,-0.022393871,0.736138046,0.020576609
1113,22259.994,1787268363266.915,169444544.213,0.000000000,0.676146150,-0.022397924,0.736139655,0.020574419
1114,22280.004,1787268363286.926,169444564.223,0.000000000,0.676144719,-0.022393469,0.736140966,0.020573702
1115,22299.991,1787268363306.912,169444584.209,0.000000000,0.676144004,-0.022391835,0.736141741,0.020571684
1116,22319.990,1787268363326.911,169444604.208,0.000000000,0.676145256,-0.022383109,0.736140728,0.020578621
1117,22339.998,1787268363346.920,169444624.217,0.000000000,0.676150620,-0.022377485,0.736135900,0.020582231
1118,22359.993,1787268363366.915,169444644.212,0.000000000,0.676152527,-0.022388455,0.736134052,0.020575240
1119,22380.006,1787268363386.927,169444664.225,0.000000000,0.676151156,-0.022397788,0.736135185,0.020569528
1120,22399.999,1787268363406.920,169444684.217,0.000000000,0.676155746,-0.022377897,0.736131310,0.020578220
1121,22420.001,1787268363426.922,169444704.219,0.000000000,0.676158488,-0.022389226,0.736128569,0.020572836
1122,22440.001,1787268363446.922,169444724.220,0.000000000,0.676159561,-0.022392618,0.736127555,0.020567248
1123,22460.009,1787268363466.931,169444744.228,0.000000000,0.676161349,-0.022391196,0.736126065,0.020566562
1124,22480.004,1787268363486.926,169444764.223,0.000000000,0.676166296,-0.022388572,0.736121416,0.020572316
1125,22500.002,1787268363506.923,169444784.220,0.000000000,0.676165581,-0.022391189,0.736122012,0.020569641
1126,22519.997,1787268363526.918,169444804.216,0.000000000,0.676167190,-0.022387804,0.736120641,0.020571927
1127,22539.999,1787268363546.920,169444824.218,0.000000000,0.676171303,-0.022389138,0.736116707,0.020574149
1128,22560.003,1787268363566.925,169444844.222,0.000000000,0.676167548,-0.022394968,0.736120045,0.020571053
1129,22579.995,1787268363586.916,169444864.213,0.000000000,0.676168323,-0.022391427,0.736119509,0.020572118
1130,22599.995,1787268363606.916,169444884.213,0.000000000,0.676164150,-0.022389641,0.736123264,0.020576485
1131,22619.993,1787268363626.914,169444904.211,0.000000000,0.676158190,-0.022397308,0.736128688,0.020570252
1132,22640.003,1787268363646.924,169444924.221,0.000000000,0.676161587,-0.022387611,0.736125708,0.020576555
1133,22660.001,1787268363666.922,169444944.219,0.000000000,0.676162541,-0.022381250,0.736124754,0.020582266
1134,22679.992,1787268363686.913,169444964.210,0.000000000,0.676163554,-0.022394884,0.736123681,0.020574385
1135,22700.001,1787268363706.922,169444984.220,0.000000000,0.676167190,-0.022386542,0.736120343,0.020582153
1136,22719.992,1787268363726.913,169445004.211,0.000000000,0.676166654,-0.022393584,0.736120760,0.020577285
1137,22739.990,1787268363746.911,169445024.208,0.000000000,0.676168799,-0.022396585,0.736118793,0.020575436
1138,22759.992,1787268363766.913,169445044.210,0.000000000,0.676170111,-0.022395691,0.736117601,0.020574639
1139,22780.000,1787268363786.921,169445064.218,0.000000000,0.676175594,-0.022387482,0.736112714,0.020579834
1140,22799.992,1787268363806.913,169445084.210,0.000000000,0.676183879,-0.022391265,0.736104965,0.020579165
1141,22820.002,1787268363826.923,169445104.220,0.000000000,0.676186144,-0.022393692,0.736102760,0.020579191
1142,22839.996,1787268363846.917,169445124.215,0.000000000,0.676193595,-0.022395505,0.736096025,0.020576131
1143,22859.990,1787268363866.911,169445144.208,0.000000000,0.676203787,-0.022388171,0.736086726,0.020579595
1144,22879.992,1787268363886.913,169445164.211,0.000000000,0.676205158,-0.022388859,0.736085594,0.020578081
1145,22900.001,1787268363906.922,169445184.219,0.000000000,0.676209569,-0.022393392,0.736081541,0.020575628
1146,22920.022,1787268363926.943,169445204.241,0.000000000,0.676215112,-0.022383180,0.736076355,0.020587750
1147,22939.989,1787268363946.911,169445224.208,0.000000000,0.676214755,-0.022383008,0.736076713,0.020586861
1148,22959.993,1787268363966.915,169445244.212,0.000000000,0.676209271,-0.022399498,0.736081541,0.020577747
1149,22980.000,1787268363986.921,169445264.218,0.000000000,0.676208258,-0.022395985,0.736082435,0.020580193
1150,22999.994,1787268364006.915,169445284.212,0.000000000,0.676205933,-0.022400925,0.736084402,0.020578761
1151,23019.996,1787268364026.917,169445304.214,0.000000000,0.676203609,-0.022387302,0.736086726,0.020593278
1152,23040.004,1787268364046.925,169445324.222,0.000000000,0.676202238,-0.022393594,0.736087620,0.020593325
1153,23060.002,1787268364066.923,169445344.220,0.000000000,0.676201105,-0.022399493,0.736088514,0.020590367
1154,23079.998,1787268364086.919,169445364.217,0.000000000,0.676201105,-0.022397941,0.736088693,0.020586418
1155,23100.006,1787268364106.927,169445384.224,0.000000000,0.676204860,-0.022394666,0.736085236,0.020588260
1156,23120.009,1787268364126.930,169445404.228,0.000000000,0.676210046,-0.022394670,0.736080647,0.020587185
1157,23140.002,1787268364146.923,169445424.220,0.000000000,0.676210999,-0.022398064,0.736079872,0.020578928
1158,23160.005,1787268364166.926,169445444.223,0.000000000,0.676213086,-0.022392061,0.736078084,0.020580338
1159,23180.017,1787268364186.938,169445464.235,0.000000000,0.676211655,-0.022397699,0.736079395,0.020576824
1160,23200.001,1787268364206.922,169445484.219,0.000000000,0.676219642,-0.022397460,0.736072063,0.020575067
1161,23220.001,1787268364226.922,169445504.219,0.000000000,0.676224113,-0.022397792,0.736067832,0.020575028
1162,23239.991,1787268364246.912,169445524.209,0.000000000,0.676228225,-0.022387121,0.736064434,0.020576136
1163,23259.989,1787268364266.910,169445544.208,0.000000000,0.676225364,-0.022387551,0.736066997,0.020578615
1164,23279.991,1787268364286.912,169445564.210,0.000000000,0.676219165,-0.022390641,0.736072838,0.020570442
1165,23300.002,1787268364306.923,169445584.220,0.000000000,0.676216841,-0.022383140,0.736075103,0.020574378
1166,23319.999,1787268364326.920,169445604.217,0.000000000,0.676215291,-0.022387398,0.736076415,0.020571891
1167,23339.990,1787268364346.911,169445624.209,0.000000000,0.676212788,-0.022388756,0.736078799,0.020569148
1168,23359.999,1787268364366.920,169445644.217,0.000000000,0.676215470,-0.022385385,0.736076236,0.020572500
1169,23379.990,1787268364386.911,169445664.208,0.000000000,0.676219463,-0.022389323,0.736072600,0.020568484
1170,23399.991,1787268364406.912,169445684.209,0.000000000,0.676220477,-0.022387229,0.736071825,0.020567244
1171,23419.988,1787268364426.909,169445704.206,0.000000000,0.676218510,-0.022379022,0.736073613,0.020575315
1172,23440.001,1787268364446.922,169445724.220,0.000000000,0.676216662,-0.022380881,0.736075222,0.020576192
1173,23460.004,1787268364466.925,169445744.222,0.000000000,0.676219225,-0.022385988,0.736072958,0.020571573
1174,23479.997,1787268364486.918,169445764.215,0.000000000,0.676217139,-0.022387419,0.736074865,0.020569168
1175,23499.993,1787268364506.914,169445784.211,0.000000000,0.676216125,-0.022391062,0.736075699,0.020568708
1176,23520.004,1787268364526.925,169445804.222,0.000000000,0.676215649,-0.022391394,0.736075997,0.020569963
1177,23540.000,1787268364546.922,169445824.219,0.000000000,0.676221490,-0.022388505,0.736070633,0.020574184
1178,23560.000,1787268364566.921,169445844.218,0.000000000,0.676222503,-0.022393035,0.736069620,0.020571722
1179,23579.989,1787268364586.910,169445864.207,0.000000000,0.676231742,-0.022388482,0.736061156,0.020578180
1180,23599.989,1787268364606.911,169445884.208,0.000000000,0.676236331,-0.022382580,0.736057281,0.020572327
1181,23619.998,1787268364626.918,169445904.216,0.000000000,0.676236033,-0.022374120,0.736057580,0.020578586
1182,23639.988,1787268364646.909,169445924.206,0.000000000,0.676240683,-0.022372698,0.736053348,0.020580925
1183,23659.994,1787268364666.916,169445944.213,0.000000000,0.676240265,-0.022381868,0.736053824,0.020568663
1184,23679.998,1787268364686.919,169445964.216,0.000000000,0.676238954,-0.022382015,0.736055017,0.020567933
1185,23699.989,1787268364706.910,169445984.208,0.000000000,0.676238358,-0.022380780,0.736055613,0.020567724
1186,23720.002,1787268364726.923,169446004.220,0.000000000,0.676237702,-0.022385972,0.736056149,0.020566789
1187,23740.002,1787268364746.923,169446024.220,0.000000000,0.676235318,-0.022387633,0.736058116,0.020567939
1188,23759.996,1787268364766.917,169446044.215,0.000000000,0.676230669,-0.022385016,0.736062527,0.020566942
1189,23779.997,1787268364786.917,169446064.215,0.000000000,0.676230073,-0.022379560,0.736063361,0.020562975
1190,23799.990,1787268364806.911,169446084.208,0.000000000,0.676236987,-0.022357440,0.736057520,0.020569269
1191,23819.993,1787268364826.915,169446104.212,0.000000000,0.676232636,-0.022352805,0.736061573,0.020570688
1192,23839.992,1787268364846.913,169446124.210,0.000000000,0.676235259,-0.022364708,0.736059129,0.020561809
1193,23860.007,1787268364866.927,169446144.225,0.000000000,0.676237464,-0.022368729,0.736057103,0.020555584
1194,23879.994,1787268364886.915,169446164.212,0.000000000,0.676236868,-0.022361178,0.736057699,0.020559913
1195,23899.994,1787268364906.916,169446184.213,0.000000000,0.676240206,-0.022369159,0.736054540,0.020556433
1196,23919.993,1787268364926.914,169446204.211,0.000000000,0.676237762,-0.022373507,0.736056745,0.020554155
1197,23939.992,1787268364946.913,169446224.210,0.000000000,0.676239371,-0.022363698,0.736055434,0.020557497
1198,23960.004,1787268364966.925,169446244.222,0.000000000,0.676247895,-0.022367820,0.736047506,0.020554179
1199,23980.003,1787268364986.924,169446264.221,0.000000000,0.676249444,-0.022367826,0.736046195,0.020554110
1200,23999.995,1787268365006.916,169446284.213,0.000000000,0.676259160,-0.022366008,0.736037314,0.020553114
1201,24019.995,1787268365026.916,169446304.214,0.000000000,0.676265061,-0.022361737,0.736031950,0.020555971
1202,24040.015,1787268365046.936,169446324.234,0.000000000,0.676268697,-0.022359859,0.736028671,0.020555127
1203,24059.991,1787268365066.912,169446344.209,0.000000000,0.676268518,-0.022362245,0.736028969,0.020548154
1204,24080.001,1787268365086.922,169446364.219,0.000000000,0.676270068,-0.022356981,0.736027777,0.020545907
1205,24099.993,1787268365106.914,169446384.211,0.000000000,0.676272094,-0.022348974,0.736026108,0.020550819
1206,24119.998,1787268365126.919,169446404.216,0.000000000,0.676274359,-0.022354644,0.736024022,0.020539867
1207,24139.992,1787268365146.913,169446424.210,0.000000000,0.676281869,-0.022347648,0.736017287,0.020542534
1208,24160.010,1787268365166.931,169446444.229,0.000000000,0.676279247,-0.022348758,0.736019850,0.020540595
1209,24180.003,1787268365186.924,169446464.221,0.000000000,0.676284075,-0.022343798,0.736015379,0.020543184
1210,24200.003,1787268365206.925,169446484.222,0.000000000,0.676279306,-0.022353457,0.736019611,0.020539772
1211,24220.000,1787268365226.921,169446504.218,0.000000000,0.676279187,-0.022352953,0.736019671,0.020538805
1212,24240.005,1787268365246.926,169446524.224,0.000000000,0.676278114,-0.022352722,0.736020744,0.020537935
1213,24259.997,1787268365266.918,169446544.216,0.000000000,0.676280916,-0.022345027,0.736018360,0.020542029
1214,24279.993,1787268365286.914,169446564.211,0.000000000,0.676277936,-0.022355249,0.736020863,0.020541338
1215,24300.001,1787268365306.922,169446584.220,0.000000000,0.676279187,-0.022354892,0.736019552,0.020541502
1216,24320.003,1787268365326.924,169446604.221,0.000000000,0.676285446,-0.022354610,0.736013830,0.020541539
1217,24340.005,1787268365346.926,169446624.223,0.000000000,0.676293314,-0.022351570,0.736006558,0.020545239
1218,24359.999,1787268365366.920,169446644.217,0.000000000,0.676294148,-0.022354281,0.736005783,0.020545730
1219,24380.002,1787268365386.923,169446664.221,0.000000000,0.676292121,-0.022352254,0.736007631,0.020550575
1220,24399.989,1787268365406.910,169446684.207,0.000000000,0.676284432,-0.022358583,0.736014605,0.020545270
1221,24419.998,1787268365426.919,169446704.216,0.000000000,0.676282942,-0.022340875,0.736015856,0.020564105
1222,24439.994,1787268365446.915,169446724.213,0.000000000,0.676276922,-0.022341777,0.736021280,0.020570759
1223,24459.993,1787268365466.914,169446744.211,0.000000000,0.676281631,-0.022344010,0.736016810,0.020569600
1224,24479.999,1787268365486.920,169446764.217,0.000000000,0.676284730,-0.022350743,0.736014187,0.020559726
1225,24500.002,1787268365506.923,169446784.220,0.000000000,0.676284909,-0.022361906,0.736013949,0.020548005
1226,24519.997,1787268365526.918,169446804.216,0.000000000,0.676290095,-0.022362895,0.736009061,0.020547673
1227,24540.005,1787268365546.926,169446824.223,0.000000000,0.676290035,-0.022361564,0.736009240,0.020548593
1228,24560.005,1787268365566.926,169446844.223,0.000000000,0.676288366,-0.022359582,0.736010790,0.020548591
1229,24579.999,1787268365586.920,169446864.218,0.000000000,0.676288486,-0.022354105,0.736010730,0.020552760
1230,24600.000,1787268365606.921,169446884.219,0.000000000,0.676288307,-0.022358604,0.736010790,0.020549512
1231,24620.003,1787268365626.924,169446904.221,0.000000000,0.676289082,-0.022347828,0.736010134,0.020557551
1232,24639.995,1787268365646.916,169446924.213,0.000000000,0.676289499,-0.022351641,0.736009777,0.020557543
1233,24660.000,1787268365666.921,169446944.219,0.000000000,0.676290870,-0.022351915,0.736008406,0.020558123
1234,24680.000,1787268365686.922,169446964.219,0.000000000,0.676290989,-0.022362128,0.736008286,0.020548850
1235,24699.995,1787268365706.916,169446984.214,0.000000000,0.676287711,-0.022357734,0.736011386,0.020551167
1236,24720.006,1787268365726.927,169447004.225,0.000000000,0.676284969,-0.022360293,0.736013830,0.020550609
1237,24739.995,1787268365746.916,169447024.213,0.000000000,0.676288843,-0.022360859,0.736010313,0.020549329
1238,24760.007,1787268365766.928,169447044.225,0.000000000,0.676293552,-0.022356754,0.736006081,0.020551285
1239,24779.993,1787268365786.914,169447064.212,0.000000000,0.676294506,-0.022359336,0.736005127,0.020548044
1240,24799.991,1787268365806.912,169447084.209,0.000000000,0.676294327,-0.022359118,0.736005366,0.020549376
1241,24820.001,1787268365826.922,169447104.219,0.000000000,0.676296115,-0.022354309,0.736003816,0.020551397
1242,24840.004,1787268365846.925,169447124.222,0.000000000,0.676296830,-0.022357682,0.736003041,0.020552153
1243,24860.001,1787268365866.922,169447144.220,0.000000000,0.676301062,-0.022358151,0.735999048,0.020552505
1244,24879.994,1787268365886.915,169447164.212,0.000000000,0.676298797,-0.022352202,0.736001253,0.020559696
1245,24899.998,1787268365906.919,169447184.216,0.000000000,0.676296651,-0.022355890,0.736003041,0.020559188
1246,24919.993,1787268365926.914,169447204.211,0.000000000,0.676299214,-0.022351615,0.736000597,0.020567002
1247,24939.990,1787268365946.911,169447224.209,0.000000000,0.676307082,-0.022357361,0.735993445,0.020558465
1248,24959.989,1787268365966.910,169447244.208,0.000000000,0.676308572,-0.022358300,0.735992193,0.020551646
1249,24980.002,1787268365986.923,169447264.220,0.000000000,0.676311731,-0.022358321,0.735989332,0.020550720
1250,25000.000,1787268366006.921,169447284.218,0.000000000,0.676313460,-0.022346690,0.735987723,0.020561509
1251,25019.997,1787268366026.918,169447304.215,0.000000000,0.676315069,-0.022353576,0.735986233,0.020554487
1252,25039.990,1787268366046.911,169447324.209,0.000000000,0.676320136,-0.022358019,0.735981524,0.020549061
1253,25059.992,1787268366066.913,169447344.210,0.000000000,0.676322460,-0.022356817,0.735979438,0.020550394
1254,25080.068,1787268366086.989,169447364.286,0.000000000,0.676326096,-0.022356987,0.735976160,0.020547850
1255,25099.992,1787268366106.913,169447384.210,0.000000000,0.676324606,-0.022355331,0.735977590,0.020547485
1256,25120.003,1787268366126.924,169447404.221,0.000000000,0.676329732,-0.022346655,0.735973299,0.020543989
1257,25140.001,1787268366146.922,169447424.220,0.000000000,0.676334321,-0.022339748,0.735969126,0.020548629
1258,25159.997,1787268366166.918,169447444.216,0.000000000,0.676331818,-0.022345342,0.735971332,0.020545080
1259,25179.999,1787268366186.920,169447464.217,0.000000000,0.676331520,-0.022356074,0.735971510,0.020541463
1260,25199.991,1787268366206.912,169447484.209,0.000000000,0.676330924,-0.022351490,0.735972106,0.020542556
1261,25219.994,1787268366226.915,169447504.212,0.000000000,0.676329017,-0.022353491,0.735973716,0.020545999
1262,25240.043,1787268366246.964,169447524.261,0.000000000,0.676323771,-0.022352686,0.735978544,0.020542778
1263,25260.002,1787268366266.923,169447544.220,0.000000000,0.676325560,-0.022355182,0.735976815,0.020542920
1264,25279.991,1787268366286.912,169447564.209,0.000000000,0.676323771,-0.022354374,0.735978544,0.020544108
1265,25300.000,1787268366306.921,169447584.219,0.000000000,0.676331460,-0.022337215,0.735971749,0.020553414
1266,25320.000,1787268366326.922,169447604.219,0.000000000,0.676334381,-0.022338221,0.735968947,0.020554211
1267,25339.992,1787268366346.913,169447624.210,0.000000000,0.676333129,-0.022344993,0.735970140,0.020548929
1268,25359.991,1787268366366.912,169447644.210,0.000000000,0.676332951,-0.022348708,0.735970199,0.020544829
1269,25379.988,1787268366386.909,169447664.207,0.000000000,0.676328480,-0.022342084,0.735974431,0.020549992
1270,25399.990,1787268366406.911,169447684.208,0.000000000,0.676326752,-0.022346864,0.735975862,0.020550074
1271,25420.005,1787268366426.926,169447704.223,0.000000000,0.676328719,-0.022354800,0.735974014,0.020543458
1272,25440.002,1787268366446.923,169447724.221,0.000000000,0.676328599,-0.022349942,0.735974193,0.020547284
1273,25460.003,1787268366466.924,169447744.221,0.000000000,0.676326931,-0.022351371,0.735975683,0.020545062
1274,25479.993,1787268366486.915,169447764.212,0.000000000,0.676329076,-0.022351664,0.735973656,0.020545449
1275,25499.989,1787268366506.910,169447784.208,0.000000000,0.676330090,-0.022351399,0.735972762,0.020545676
1276,25519.995,1787268366526.916,169447804.213,0.000000000,0.676336288,-0.022352165,0.735967100,0.020545335
1277,25539.991,1787268366546.912,169447824.209,0.000000000,0.676339924,-0.022344744,0.735963941,0.020546285
1278,25559.995,1787268366566.916,169447844.214,0.000000000,0.676345527,-0.022336390,0.735958874,0.020550868
1279,25580.001,1787268366586.922,169447864.220,0.000000000,0.676350057,-0.022336900,0.735954702,0.020549294
1280,25600.002,1787268366606.923,169447884.220,0.000000000,0.676354766,-0.022335177,0.735950649,0.020546407
1281,25620.000,1787268366626.921,169447904.218,0.000000000,0.676359534,-0.022346808,0.735946119,0.020536728
1282,25639.990,1787268366646.911,169447924.209,0.000000000,0.676359594,-0.022343904,0.735946119,0.020538891
1283,25659.999,1787268366666.920,169447944.218,0.000000000,0.676366627,-0.022344032,0.735939562,0.020540612
1284,25679.987,1787268366686.908,169447964.205,0.000000000,0.676379502,-0.022338727,0.735927939,0.020542124
1285,25700.005,1787268366706.926,169447984.224,0.000000000,0.676377118,-0.022346333,0.735929906,0.020537233
1286,25719.994,1787268366726.915,169448004.213,0.000000000,0.676378012,-0.022339670,0.735929132,0.020546824
1287,25740.002,1787268366746.923,169448024.221,0.000000000,0.676375389,-0.022341762,0.735931396,0.020546764
1288,25759.999,1787268366766.920,169448044.218,0.000000000,0.676372409,-0.022351142,0.735934019,0.020540288
1289,25780.001,1787268366786.922,169448064.220,0.000000000,0.676369667,-0.022338649,0.735936642,0.020548327
1290,25799.993,1787268366806.915,169448084.212,0.000000000,0.676378906,-0.022325646,0.735928476,0.020556666
1291,25820.004,1787268366826.925,169448104.222,0.000000000,0.676379442,-0.022329174,0.735927939,0.020552710
1292,25840.005,1787268366846.926,169448124.223,0.000000000,0.676383257,-0.022347795,0.735924304,0.020538826
1293,25860.004,1787268366866.926,169448144.223,0.000000000,0.676387250,-0.022341711,0.735920608,0.020542277
1294,25879.989,1787268366886.910,169448164.208,0.000000000,0.676387906,-0.022346005,0.735919952,0.020539874
1295,25900.000,1787268366906.921,169448184.218,0.000000000,0.676390707,-0.022345141,0.735917449,0.020541282
1296,25919.992,1787268366926.913,169448204.210,0.000000000,0.676395655,-0.022338258,0.735913157,0.020538308
1297,25940.002,1787268366946.923,169448224.221,0.000000000,0.676396430,-0.022344444,0.735912263,0.020537216
1298,25960.002,1787268366966.923,169448244.221,0.000000000,0.676399529,-0.022335468,0.735909581,0.020543216
1299,25979.991,1787268366986.912,169448264.210,0.000000000,0.676404715,-0.022340095,0.735904753,0.020538565
1300,25999.992,1787268367006.913,169448284.210,0.000000000,0.676403463,-0.022337221,0.735905945,0.020538233
1301,26020.028,1787268367026.949,169448304.246,0.000000000,0.676408410,-0.022332724,0.735901475,0.020542543
1302,26040.001,1787268367046.922,169448324.220,0.000000000,0.676408052,-0.022343036,0.735901713,0.020536518
1303,26060.017,1787268367066.938,169448344.235,0.000000000,0.676410794,-0.022341290,0.735899210,0.020537212
1304,26079.993,1787268367086.914,169448364.212,0.000000000,0.676410675,-0.022329880,0.735899389,0.020546313
1305,26099.998,1787268367106.919,169448384.216,0.000000000,0.676409364,-0.022326427,0.735900581,0.020550981
1306,26119.989,1787268367126.910,169448404.207,0.000000000,0.676414549,-0.022326404,0.735895872,0.020550594
1307,26139.989,1787268367146.910,169448424.207,0.000000000,0.676416397,-0.022332089,0.735894144,0.020545660
1308,26159.989,1787268367166.910,169448444.207,0.000000000,0.676417947,-0.022343073,0.735892534,0.020540476
1309,26179.991,1787268367186.912,169448464.209,0.000000000,0.676419795,-0.022342008,0.735890746,0.020541677
1310,26199.989,1787268367206.910,169448484.207,0.000000000,0.676418066,-0.022343172,0.735892177,0.020541953
1311,26219.989,1787268367226.910,169448504.207,0.000000000,0.676426709,-0.022338500,0.735884488,0.020541694
1312,26239.991,1787268367246.912,169448524.210,0.000000000,0.676426649,-0.022340965,0.735884607,0.020538688
1313,26260.003,1787268367266.924,169448544.221,0.000000000,0.676424682,-0.022341784,0.735886335,0.020536646
1314,26279.999,1787268367286.920,169448564.218,0.000000000,0.676423371,-0.022332998,0.735887647,0.020540971
1315,26300.003,1787268367306.924,169448584.221,0.000000000,0.676421821,-0.022328086,0.735889196,0.020547047
1316,26319.993,1787268367326.914,169448604.211,0.000000000,0.676424444,-0.022326864,0.735886753,0.020547675
1317,26339.990,1787268367346.911,169448624.208,0.000000000,0.676422536,-0.022342592,0.735888362,0.020537158
1318,26359.991,1787268367366.912,169448644.210,0.000000000,0.676415920,-0.022341346,0.735894322,0.020538265
1319,26379.991,1787268367386.912,169448664.209,0.000000000,0.676416159,-0.022342585,0.735894203,0.020537263
1320,26400.050,1787268367406.971,169448684.268,0.000000000,0.676415741,-0.022339778,0.735894740,0.020535970
1321,26420.001,1787268367426.922,169448704.219,0.000000000,0.676421463,-0.022339772,0.735889554,0.020533856
1322,26440.002,1787268367446.923,169448724.221,0.000000000,0.676424801,-0.022332061,0.735886693,0.020533599
1323,26459.992,1787268367466.913,169448744.210,0.000000000,0.676428139,-0.022314472,0.735883832,0.020540956
1324,26479.993,1787268367486.914,169448764.211,0.000000000,0.676439941,-0.022312401,0.735873342,0.020532299
1325,26499.990,1787268367506.911,169448784.208,0.000000000,0.676440239,-0.022316862,0.735872984,0.020529417
1326,26519.997,1787268367526.918,169448804.215,0.000000000,0.676440418,-0.022322625,0.735872865,0.020519933
1327,26539.992,1787268367546.913,169448824.210,0.000000000,0.676438034,-0.022319360,0.735875249,0.020518644
1328,26559.993,1787268367566.915,169448844.212,0.000000000,0.676438212,-0.022319268,0.735875130,0.020519661
1329,26580.003,1787268367586.924,169448864.221,0.000000000,0.676445007,-0.022311373,0.735868990,0.020521574
1330,26599.990,1787268367606.911,169448884.208,0.000000000,0.676446080,-0.022320118,0.735867918,0.020516211
1331,26619.990,1787268367626.911,169448904.208,0.000000000,0.676445961,-0.022310859,0.735868216,0.020522572
1332,26640.002,1787268367646.923,169448924.220,0.000000000,0.676444292,-0.022298118,0.735869825,0.020531006
1333,26660.008,1787268367666.929,169448944.226,0.000000000,0.676442921,-0.022303907,0.735871136,0.020524962
1334,26679.996,1787268367686.917,169448964.214,0.000000000,0.676451027,-0.022303779,0.735863745,0.020521520
1335,26699.999,1787268367706.920,169448984.218,0.000000000,0.676450968,-0.022310680,0.735863686,0.020515632
1336,26719.991,1787268367726.912,169449004.209,0.000000000,0.676452518,-0.022313517,0.735862255,0.020512694
1337,26740.003,1787268367746.924,169449024.221,0.000000000,0.676451385,-0.022311697,0.735863447,0.020512827
1338,26760.002,1787268367766.923,169449044.221,0.000000000,0.676452994,-0.022313662,0.735861838,0.020512398
1339,26780.002,1787268367786.923,169449064.221,0.000000000,0.676449776,-0.022309000,0.735864997,0.020513609
1340,26800.001,1787268367806.922,169449084.219,0.000000000,0.676448882,-0.022307027,0.735865533,0.020521492
1341,26819.999,1787268367826.921,169449104.218,0.000000000,0.676451981,-0.022314996,0.735862553,0.020521684
1342,26839.990,1787268367846.911,169449124.208,0.000000000,0.676451087,-0.022319529,0.735863388,0.020518506
1343,26859.989,1787268367866.910,169449144.207,0.000000000,0.676451921,-0.022317899,0.735862553,0.020520877
1344,26879.989,1787268367886.910,169449164.208,0.000000000,0.676451385,-0.022308983,0.735863090,0.020526070
1345,26899.992,1787268367906.914,169449184.211,0.000000000,0.676453114,-0.022312185,0.735861421,0.020525459
1346,26919.999,1787268367926.920,169449204.218,0.000000000,0.676453114,-0.022313846,0.735861421,0.020524561
1347,26939.998,1787268367946.918,169449224.216,0.000000000,0.676458180,-0.022306690,0.735856831,0.020528851
1348,26959.989,1787268367966.911,169449244.208,0.000000000,0.676456630,-0.022313222,0.735858321,0.020524263
1349,26979.991,1787268367986.912,169449264.209,0.000000000,0.676460743,-0.022316616,0.735854328,0.020520668
1350,26999.998,1787268368006.919,169449284.216,0.000000000,0.676467776,-0.022314498,0.735848188,0.020519987
1351,27019.991,1787268368026.912,169449304.209,0.000000000,0.676468074,-0.022318238,0.735847771,0.020515967
1352,27040.004,1787268368046.925,169449324.222,0.000000000,0.676478505,-0.022308964,0.735838413,0.020522969
1353,27059.998,1787268368066.919,169449344.216,0.000000000,0.676480353,-0.022310914,0.735836864,0.020511653
1354,27080.005,1787268368086.926,169449364.223,0.000000000,0.676486075,-0.022308540,0.735831738,0.020509489
1355,27099.999,1787268368106.920,169449384.217,0.000000000,0.676486790,-0.022306565,0.735831082,0.020513006
1356,27119.994,1787268368126.915,169449404.212,0.000000000,0.676486373,-0.022302425,0.735831439,0.020520477
1357,27139.990,1787268368146.911,169449424.208,0.000000000,0.676483572,-0.022290414,0.735833883,0.020533424
1358,27160.001,1787268368166.922,169449444.219,0.000000000,0.676485896,-0.022284139,0.735831916,0.020536188
1359,27179.993,1787268368186.914,169449464.211,0.000000000,0.676485002,-0.022289608,0.735832691,0.020532874
1360,27200.000,1787268368206.921,169449484.219,0.000000000,0.676486313,-0.022294119,0.735831439,0.020529367
1361,27219.991,1787268368226.912,169449504.209,0.000000000,0.676485717,-0.022311170,0.735831738,0.020516166
1362,27240.003,1787268368246.924,169449524.222,0.000000000,0.676488340,-0.022301774,0.735829532,0.020522241
1363,27260.000,1787268368266.921,169449544.219,0.000000000,0.676487148,-0.022303099,0.735830545,0.020522054
1364,27280.002,1787268368286.923,169449564.220,0.000000000,0.676478028,-0.022307009,0.735839128,0.020514151
1365,27300.001,1787268368306.922,169449584.219,0.000000000,0.676479578,-0.022309711,0.735837579,0.020512030
1366,27319.993,1787268368326.915,169449604.212,0.000000000,0.676478744,-0.022302995,0.735838473,0.020512890
1367,27340.004,1787268368346.926,169449624.223,0.000000000,0.676478326,-0.022301057,0.735838771,0.020517545
1368,27360.004,1787268368366.925,169449644.222,0.000000000,0.676482379,-0.022307925,0.735835075,0.020509534
1369,27380.000,1787268368386.921,169449664.218,0.000000000,0.676486254,-0.022307711,0.735831559,0.020509096
1370,27399.996,1787268368406.917,169449684.214,0.000000000,0.676488638,-0.022301566,0.735829473,0.020514311
1371,27420.000,1787268368426.921,169449704.218,0.000000000,0.676495075,-0.022302207,0.735823452,0.020515855
1372,27439.988,1787268368446.909,169449724.206,0.000000000,0.676493883,-0.022305774,0.735824406,0.020514719
1373,27460.005,1787268368466.926,169449744.223,0.000000000,0.676494122,-0.022306263,0.735824347,0.020511491
1374,27479.991,1787268368486.912,169449764.209,0.000000000,0.676491320,-0.022308284,0.735826969,0.020509202
1375,27499.988,1787268368506.910,169449784.207,0.000000000,0.676492095,-0.022303877,0.735826433,0.020508930
1376,27519.987,1787268368526.908,169449804.205,0.000000000,0.676494598,-0.022302194,0.735824108,0.020507326
1377,27540.003,1787268368546.924,169449824.221,0.000000000,0.676493824,-0.022302158,0.735824943,0.020503687
1378,27559.998,1787268368566.919,169449844.217,0.000000000,0.676492095,-0.022300033,0.735826492,0.020505587
1379,27579.990,1787268368586.911,169449864.208,0.000000000,0.676488459,-0.022297891,0.735829890,0.020507107
1380,27600.001,1787268368606.922,169449884.219,0.000000000,0.676489532,-0.022302236,0.735828876,0.020505404
1381,27619.999,1787268368626.920,169449904.218,0.000000000,0.676491678,-0.022289271,0.735827088,0.020516206
1382,27639.991,1787268368646.912,169449924.209,0.000000000,0.676491916,-0.022265239,0.735826969,0.020533936
1383,27660.001,1787268368666.922,169449944.220,0.000000000,0.676490307,-0.022282831,0.735828400,0.020517167
1384,27679.990,1787268368686.911,169449964.209,0.000000000,0.676497161,-0.022281431,0.735822022,0.020516204
1385,27699.987,1787268368706.908,169449984.206,0.000000000,0.676499069,-0.022303520,0.735819936,0.020507053
1386,27719.987,1787268368726.908,169450004.206,0.000000000,0.676501155,-0.022289477,0.735818386,0.020509306
1387,27740.001,1787268368746.922,169450024.219,0.000000000,0.676504195,-0.022290451,0.735815823,0.020505991
1388,27759.994,1787268368766.916,169450044.213,0.000000000,0.676506639,-0.022287972,0.735813677,0.020499270
1389,27779.990,1787268368786.911,169450064.208,0.000000000,0.676511526,-0.022290152,0.735809147,0.020499036
1390,27799.990,1787268368806.911,169450084.209,0.000000000,0.676512718,-0.022293467,0.735808015,0.020497257
1391,27819.994,1787268368826.915,169450104.212,0.000000000,0.676516533,-0.022288412,0.735804558,0.020502452
1392,27839.995,1787268368846.917,169450124.214,0.000000000,0.676515937,-0.022294484,0.735805035,0.020497836
1393,27859.992,1787268368866.913,169450144.210,0.000000000,0.676518142,-0.022291817,0.735803008,0.020500395
1394,27880.005,1787268368886.926,169450164.223,0.000000000,0.676520646,-0.022295058,0.735800683,0.020498745
1395,27900.001,1787268368906.922,169450184.219,0.000000000,0.676530123,-0.022290841,0.735792220,0.020496890
1396,27920.006,1787268368926.927,169450204.224,0.000000000,0.676527500,-0.022292791,0.735794485,0.020497013
1397,27940.000,1787268368946.921,169450224.218,0.000000000,0.676527023,-0.022286532,0.735794902,0.020504238
1398,27959.997,1787268368966.918,169450244.216,0.000000000,0.676526427,-0.022296526,0.735795379,0.020499296
1399,27979.995,1787268368986.916,169450264.213,0.000000000,0.676524997,-0.022293998,0.735796690,0.020500012
1400,27999.993,1787268369006.914,169450284.212,0.000000000,0.676524460,-0.022294316,0.735797107,0.020500673
1401,28020.016,1787268369026.938,169450304.235,0.000000000,0.676527739,-0.022294836,0.735794067,0.020502834
1402,28039.994,1787268369046.915,169450324.212,0.000000000,0.676528871,-0.022292340,0.735793233,0.020500705
1403,28060.001,1787268369066.922,169450344.219,0.000000000,0.676534712,-0.022293530,0.735787749,0.020497609
1404,28080.002,1787268369086.923,169450364.221,0.000000000,0.676529169,-0.022279684,0.735792935,0.020509250
1405,28099.990,1787268369106.911,169450384.208,0.000000000,0.676529109,-0.022277005,0.735792935,0.020512508
1406,28119.993,1787268369126.914,169450404.212,0.000000000,0.676529050,-0.022276159,0.735793114,0.020513583
1407,28140.002,1787268369146.923,169450424.220,0.000000000,0.676529706,-0.022282669,0.735792398,0.020510118
1408,28159.994,1787268369166.915,169450444.212,0.000000000,0.676529348,-0.022284107,0.735792756,0.020507740
1409,28179.998,1787268369186.919,169450464.217,0.000000000,0.676530659,-0.022294836,0.735791445,0.020498917
1410,28200.002,1787268369206.923,169450484.220,0.000000000,0.676533103,-0.022284990,0.735789120,0.020512324
1411,28219.999,1787268369226.920,169450504.217,0.000000000,0.676532328,-0.022288952,0.735789716,0.020512588
1412,28240.001,1787268369246.922,169450524.219,0.000000000,0.676533043,-0.022289032,0.735789001,0.020513801
1413,28260.001,1787268369266.922,169450544.220,0.000000000,0.676533222,-0.022296758,0.735788822,0.020507935
1414,28280.001,1787268369286.922,169450564.219,0.000000000,0.676529288,-0.022296976,0.735792339,0.020510221
1415,28300.000,1787268369306.921,169450584.219,0.000000000,0.676538646,-0.022298502,0.735783815,0.020507090
1416,28319.990,1787268369326.911,169450604.208,0.000000000,0.676532686,-0.022299200,0.735789299,0.020506099
1417,28339.988,1787268369346.909,169450624.206,0.000000000,0.676535130,-0.022300586,0.735787094,0.020503653
1418,28359.989,1787268369366.910,169450644.208,0.000000000,0.676531613,-0.022301182,0.735790133,0.020505240
1419,28379.997,1787268369386.918,169450664.215,0.000000000,0.676537752,-0.022297040,0.735784709,0.020507006
1420,28399.992,1787268369406.913,169450684.210,0.000000000,0.676542640,-0.022297883,0.735780180,0.020507563
1421,28419.990,1787268369426.911,169450704.208,0.000000000,0.676549256,-0.022299916,0.735773981,0.020507073
1422,28440.002,1787268369446.923,169450724.220,0.000000000,0.676549911,-0.022281718,0.735773504,0.020522429
1423,28459.998,1787268369466.919,169450744.216,0.000000000,0.676551461,-0.022274660,0.735772133,0.020531014
1424,28480.007,1787268369486.928,169450764.226,0.000000000,0.676553905,-0.022285514,0.735769570,0.020527368
1425,28499.994,1787268369506.915,169450784.212,0.000000000,0.676560581,-0.022290191,0.735763431,0.020521438
1426,28519.996,1787268369526.917,169450804.214,0.000000000,0.676558197,-0.022305416,0.735765398,0.020511501
1427,28539.996,1787268369546.917,169450824.214,0.000000000,0.676560700,-0.022289503,0.735763371,0.020523185
1428,28559.999,1787268369566.920,169450844.218,0.000000000,0.676558316,-0.022279069,0.735765457,0.020536004
1429,28579.990,1787268369586.911,169450864.208,0.000000000,0.676554203,-0.022281308,0.735769272,0.020532930
1430,28599.998,1787268369606.918,169450884.216,0.000000000,0.676555276,-0.022290161,0.735768139,0.020527869
1431,28620.001,1787268369626.922,169450904.220,0.000000000,0.676554799,-0.022293596,0.735768557,0.020527355
1432,28640.007,1787268369646.928,169450924.226,0.000000000,0.676552892,-0.022294845,0.735770285,0.020526107
1433,28659.990,1787268369666.911,169450944.208,0.000000000,0.676552951,-0.022307336,0.735770166,0.020515552
1434,28679.991,1787268369686.912,169450964.209,0.000000000,0.676552713,-0.022299526,0.735770524,0.020518564
1435,28699.995,1787268369706.916,169450984.213,0.000000000,0.676556110,-0.022300649,0.735767365,0.020518271
1436,28720.011,1787268369726.932,169451004.230,0.000000000,0.676563501,-0.022305055,0.735760391,0.020518506
1437,28740.002,1787268369746.923,169451024.220,0.000000000,0.676571012,-0.022308720,0.735753298,0.020521354
1438,28760.002,1787268369766.923,169451044.220,0.000000000,0.676572382,-0.022308616,0.735752165,0.020518526
1439,28780.003,1787268369786.925,169451064.222,0.000000000,0.676576495,-0.022301584,0.735748172,0.020530825
1440,28799.992,1787268369806.913,169451084.210,0.000000000,0.676585436,-0.022287719,0.735739946,0.020545507
1441,28819.991,1787268369826.912,169451104.209,0.000000000,0.676584363,-0.022286735,0.735740900,0.020547379
1442,28839.995,1787268369846.916,169451124.214,0.000000000,0.676588595,-0.022288766,0.735737026,0.020545848
1443,28859.992,1787268369866.913,169451144.211,0.000000000,0.676596045,-0.022293583,0.735730112,0.020542130
1444,28879.990,1787268369886.911,169451164.208,0.000000000,0.676599324,-0.022311471,0.735726774,0.020531090
1445,28899.991,1787268369906.912,169451184.209,0.000000000,0.676595747,-0.022317853,0.735730052,0.020528825
1446,28919.990,1787268369926.911,169451204.209,0.000000000,0.676597476,-0.022316666,0.735728502,0.020528991
1447,28939.989,1787268369946.911,169451224.208,0.000000000,0.676599026,-0.022309186,0.735727072,0.020537755
1448,28959.989,1787268369966.910,169451244.207,0.000000000,0.676597238,-0.022312466,0.735728621,0.020534895
1449,28979.988,1787268369986.909,169451264.206,0.000000000,0.676599324,-0.022309639,0.735726655,0.020539448
1450,28999.990,1787268370006.911,169451284.209,0.000000000,0.676603138,-0.022310989,0.735723257,0.020535119
1451,29019.990,1787268370026.911,169451304.209,0.000000000,0.676605761,-0.022317484,0.735720754,0.020531313
1452,29040.001,1787268370046.922,169451324.219,0.000000000,0.676605880,-0.022303177,0.735720813,0.020540832
1453,29059.990,1787268370066.911,169451344.209,0.000000000,0.676609159,-0.022306358,0.735717654,0.020543618
1454,29079.989,1787268370086.910,169451364.207,0.000000000,0.676607192,-0.022306422,0.735719502,0.020542646
1455,29099.988,1787268370106.909,169451384.206,0.000000000,0.676606596,-0.022320498,0.735719800,0.020534003
1456,29119.988,1787268370126.909,169451404.207,0.000000000,0.676605642,-0.022324657,0.735720515,0.020532100
1457,29139.998,1787268370146.919,169451424.217,0.000000000,0.676607192,-0.022317016,0.735719204,0.020538239
1458,29160.003,1787268370166.924,169451444.221,0.000000000,0.676607609,-0.022321491,0.735718787,0.020533700
1459,29179.998,1787268370186.919,169451464.217,0.000000000,0.676609039,-0.022314651,0.735717714,0.020538677
1460,29200.001,1787268370206.922,169451484.220,0.000000000,0.676611781,-0.022314500,0.735715210,0.020536242
1461,29219.997,1787268370226.918,169451504.215,0.000000000,0.676608384,-0.022321193,0.735718250,0.020529844
1462,29239.997,1787268370246.918,169451524.215,0.000000000,0.676615000,-0.022318507,0.735712290,0.020527417
1463,29259.991,1787268370266.912,169451544.209,0.000000000,0.676616549,-0.022316417,0.735711038,0.020527702
1464,29279.997,1787268370286.918,169451564.216,0.000000000,0.676617026,-0.022308711,0.735710740,0.020530364
1465,29300.001,1787268370306.922,169451584.219,0.000000000,0.676619172,-0.022311395,0.735708654,0.020528900
1466,29319.990,1787268370326.911,169451604.208,0.000000000,0.676620305,-0.022303283,0.735707760,0.020533698
1467,29339.994,1787268370346.915,169451624.212,0.000000000,0.676620841,-0.022308137,0.735707343,0.020528516
1468,29359.990,1787268370366.911,169451644.208,0.000000000,0.676620126,-0.022311799,0.735708058,0.020523394
1469,29380.001,1787268370386.922,169451664.219,0.000000000,0.676625073,-0.022306517,0.735703468,0.020527048
1470,29399.999,1787268370406.920,169451684.217,0.000000000,0.676625550,-0.022304140,0.735703111,0.020528315
1471,29419.991,1787268370426.912,169451704.210,0.000000000,0.676622212,-0.022315510,0.735705972,0.020523837
1472,29439.991,1787268370446.912,169451724.209,0.000000000,0.676628888,-0.022314666,0.735699713,0.020526672
1473,29460.002,1787268370466.923,169451744.220,0.000000000,0.676632285,-0.022299798,0.735696554,0.020543188
1474,29479.987,1787268370486.908,169451764.206,0.000000000,0.676632285,-0.022292640,0.735696554,0.020553477
1475,29499.997,1787268370506.918,169451784.216,0.000000000,0.676633358,-0.022293927,0.735695481,0.020555537
1476,29519.989,1787268370526.910,169451804.207,0.000000000,0.676638782,-0.022294367,0.735690534,0.020554021
1477,29540.001,1787268370546.922,169451824.219,0.000000000,0.676645339,-0.022304470,0.735684514,0.020542433
1478,29559.994,1787268370566.915,169451844.212,0.000000000,0.676646650,-0.022304358,0.735683322,0.020541577
1479,29580.001,1787268370586.922,169451864.219,0.000000000,0.676649153,-0.022323275,0.735680759,0.020531081
1480,29599.988,1787268370606.909,169451884.206,0.000000000,0.676652014,-0.022318145,0.735678136,0.020536926
1481,29619.998,1787268370626.919,169451904.217,0.000000000,0.676652133,-0.022322722,0.735677898,0.020533733
1482,29639.992,1787268370646.913,169451924.210,0.000000000,0.676653564,-0.022308603,0.735676706,0.020545242
1483,29660.022,1787268370666.943,169451944.241,0.000000000,0.676657319,-0.022293512,0.735673606,0.020551803
1484,29679.998,1787268370686.919,169451964.217,0.000000000,0.676657796,-0.022293931,0.735673070,0.020551601
1485,29700.002,1787268370706.923,169451984.220,0.000000000,0.676662087,-0.022296840,0.735669017,0.020554349
1486,29719.990,1787268370726.911,169452004.209,0.000000000,0.676661670,-0.022304159,0.735669136,0.020555077
1487,29739.999,1787268370746.920,169452024.217,0.000000000,0.676658511,-0.022302585,0.735671997,0.020556286
1488,29760.002,1787268370766.923,169452044.221,0.000000000,0.676658154,-0.022300825,0.735672355,0.020555815
1489,29779.996,1787268370786.917,169452064.214,0.000000000,0.676658571,-0.022309901,0.735671878,0.020552291
1490,29799.992,1787268370806.913,169452084.211,0.000000000,0.676665783,-0.022309836,0.735665202,0.020554397
1491,29820.000,1787268370826.921,169452104.218,0.000000000,0.676677406,-0.022310216,0.735654533,0.020551546
1492,29840.005,1787268370846.926,169452124.224,0.000000000,0.676683903,-0.022321522,0.735648394,0.020545116
1493,29859.992,1787268370866.914,169452144.211,0.000000000,0.676687598,-0.022321366,0.735644937,0.020545769
1494,29879.991,1787268370886.912,169452164.209,0.000000000,0.676689863,-0.022325588,0.735642791,0.020543739
1495,29899.989,1787268370906.910,169452184.208,0.000000000,0.676695406,-0.022331256,0.735637724,0.020541692
1496,29919.999,1787268370926.920,169452204.218,0.000000000,0.676695704,-0.022326676,0.735637486,0.020545395
1497,29939.993,1787268370946.914,169452224.211,0.000000000,0.676692009,-0.022325274,0.735640943,0.020541487
1498,29959.990,1787268370966.911,169452244.208,0.000000000,0.676692843,-0.022320753,0.735640287,0.020542856
1499,29979.994,1787268370986.915,169452264.212,0.000000000,0.676695645,-0.022313835,0.735637784,0.020549646
1500,29999.991,1787268371006.912,169452284.210,0.000000000,0.676690042,-0.022318378,0.735642850,0.020545764
1501,30019.997,1787268371026.918,169452304.215,0.000000000,0.676678836,-0.022321420,0.735652924,0.020548059
1502,30039.992,1787268371046.914,169452324.211,0.000000000,0.676680565,-0.022318631,0.735651553,0.020545553
1503,30060.001,1787268371066.922,169452344.219,0.000000000,0.676680386,-0.022325577,0.735651791,0.020537807
1504,30079.997,1787268371086.918,169452364.216,0.000000000,0.676679492,-0.022324635,0.735652626,0.020540604
1505,30099.988,1787268371106.909,169452384.206,0.000000000,0.676678121,-0.022323981,0.735653877,0.020540835
1506,30119.993,1787268371126.914,169452404.211,0.000000000,0.676678300,-0.022319458,0.735653698,0.020542938
1507,30139.993,1787268371146.914,169452424.212,0.000000000,0.676674128,-0.022323349,0.735657394,0.020545803
1508,30160.000,1787268371166.921,169452444.218,0.000000000,0.676674426,-0.022320362,0.735657156,0.020547757
1509,30179.999,1787268371186.920,169452464.218,0.000000000,0.676674485,-0.022323187,0.735657036,0.020545641
1510,30199.993,1787268371206.914,169452484.211,0.000000000,0.676678419,-0.022333331,0.735653162,0.020543493
1511,30219.992,1787268371226.913,169452504.210,0.000000000,0.676679850,-0.022328969,0.735652030,0.020544080
1512,30239.998,1787268371246.919,169452524.217,0.000000000,0.676676393,-0.022328261,0.735655069,0.020543450
1513,30260.032,1787268371266.953,169452544.250,0.000000000,0.676673353,-0.022322649,0.735657930,0.020551514
1514,30279.996,1787268371286.917,169452564.215,0.000000000,0.676679552,-0.022328682,0.735652030,0.020550171
1515,30299.991,1787268371306.912,169452584.210,0.000000000,0.676677763,-0.022336185,0.735653639,0.020545227
1516,30319.994,1787268371326.915,169452604.212,0.000000000,0.676682115,-0.022330949,0.735649705,0.020549085
1517,30339.994,1787268371346.915,169452624.213,0.000000000,0.676680088,-0.022331184,0.735651493,0.020547310
1518,30360.002,1787268371366.923,169452644.221,0.000000000,0.676681876,-0.022330267,0.735650003,0.020546893
1519,30379.992,1787268371386.913,169452664.210,0.000000000,0.676682174,-0.022321315,0.735649765,0.020556241
1520,30399.991,1787268371406.912,169452684.209,0.000000000,0.676684022,-0.022323163,0.735647917,0.020559568
1521,30419.991,1787268371426.912,169452704.209,0.000000000,0.676685214,-0.022319602,0.735646665,0.020562353
1522,30439.994,1787268371446.915,169452724.213,0.000000000,0.676683307,-0.022324272,0.735648453,0.020561112
1523,30460.001,1787268371466.922,169452744.219,0.000000000,0.676679611,-0.022329520,0.735651791,0.020560723
1524,30480.001,1787268371486.922,169452764.219,0.000000000,0.676679432,-0.022335337,0.735651851,0.020556504
1525,30499.993,1787268371506.914,169452784.211,0.000000000,0.676684439,-0.022344850,0.735646963,0.020552672
1526,30519.993,1787268371526.914,169452804.212,0.000000000,0.676685750,-0.022338944,0.735646009,0.020555509
1527,30539.989,1787268371546.910,169452824.208,0.000000000,0.676687241,-0.022332801,0.735644698,0.020560762
1528,30560.000,1787268371566.921,169452844.219,0.000000000,0.676687300,-0.022307180,0.735644937,0.020575030
1529,30579.988,1787268371586.909,169452864.207,0.000000000,0.676690698,-0.022309471,0.735641778,0.020573596
1530,30600.002,1787268371606.923,169452884.221,0.000000000,0.676693618,-0.022313986,0.735638976,0.020570226
1531,30619.989,1787268371626.910,169452904.207,0.000000000,0.676690757,-0.022315282,0.735641658,0.020569367
1532,30639.998,1787268371646.918,169452924.216,0.000000000,0.676697850,-0.022325862,0.735635102,0.020559445
1533,30659.988,1787268371666.909,169452944.207,0.000000000,0.676698923,-0.022326993,0.735633969,0.020559836
1534,30679.990,1787268371686.911,169452964.209,0.000000000,0.676700830,-0.022339569,0.735632062,0.020550597
1535,30700.001,1787268371706.922,169452984.219,0.000000000,0.676700890,-0.022335580,0.735632241,0.020547247
1536,30719.990,1787268371726.911,169453004.209,0.000000000,0.676699281,-0.022332525,0.735633731,0.020549268
1537,30739.993,1787268371746.914,169453024.212,0.000000000,0.676705182,-0.022324726,0.735628545,0.020553866
1538,30760.000,1787268371766.921,169453044.219,0.000000000,0.676700652,-0.022332476,0.735632539,0.020548271
1539,30780.003,1787268371786.924,169453064.221,0.000000000,0.676700950,-0.022332724,0.735632360,0.020547356
1540,30800.001,1787268371806.922,169453084.220,0.000000000,0.676698029,-0.022331946,0.735634923,0.020552719
1541,30819.998,1787268371826.919,169453104.217,0.000000000,0.676698625,-0.022334490,0.735634387,0.020550612
1542,30840.003,1787268371846.924,169453124.221,0.000000000,0.676697731,-0.022337193,0.735635102,0.020549223
1543,30860.000,1787268371866.921,169453144.218,0.000000000,0.676698029,-0.022334445,0.735634923,0.020552492
1544,30879.992,1787268371886.913,169453164.211,0.000000000,0.676709831,-0.022334700,0.735623896,0.020555638
1545,30899.996,1787268371906.917,169453184.214,0.000000000,0.676711440,-0.022336094,0.735622227,0.020558324
1546,30919.997,1787268371926.918,169453204.215,0.000000000,0.676714182,-0.022331560,0.735619843,0.020561626
1547,30940.006,1787268371946.927,169453224.224,0.000000000,0.676709354,-0.022336148,0.735624373,0.020556677
1548,30960.003,1787268371966.924,169453244.221,0.000000000,0.676708698,-0.022340778,0.735624552,0.020556338
1549,30979.992,1787268371986.913,169453264.211,0.000000000,0.676708937,-0.022334889,0.735624492,0.020561848
1550,30999.999,1787268372006.920,169453284.218,0.000000000,0.676711977,-0.022333682,0.735621452,0.020569678
1551,31019.997,1787268372026.918,169453304.216,0.000000000,0.676715434,-0.022329232,0.735618293,0.020574292
1552,31039.992,1787268372046.913,169453324.210,0.000000000,0.676719785,-0.022332342,0.735614240,0.020572808
1553,31060.195,1787268372067.116,169453344.413,0.000000000,0.676726401,-0.022342924,0.735608101,0.020565890
1554,31080.004,1787268372086.925,169453364.222,0.000000000,0.676724553,-0.022348102,0.735609829,0.020564323
1555,31099.999,1787268372106.920,169453384.217,0.000000000,0.676720202,-0.022344021,0.735613704,0.020565392
1556,31119.988,1787268372126.910,169453404.207,0.000000000,0.676716506,-0.022346502,0.735617161,0.020562446
1557,31140.007,1787268372146.928,169453424.225,0.000000000,0.676717639,-0.022345396,0.735616207,0.020563100
1558,31159.998,1787268372166.919,169453444.216,0.000000000,0.676713407,-0.022349572,0.735620022,0.020560065
1559,31179.999,1787268372186.920,169453464.217,0.000000000,0.676717103,-0.022338683,0.735616863,0.020560967
1560,31199.994,1787268372206.915,169453484.212,0.000000000,0.676723719,-0.022329019,0.735610962,0.020565968
1561,31220.002,1787268372226.923,169453504.220,0.000000000,0.676726520,-0.022332536,0.735608280,0.020563204
1562,31239.992,1787268372246.913,169453524.210,0.000000000,0.676731706,-0.022337707,0.735603631,0.020557761
1563,31259.999,1787268372266.920,169453544.217,0.000000000,0.676741004,-0.022336153,0.735594928,0.020565186
1564,31279.999,1787268372286.920,169453564.218,0.000000000,0.676741958,-0.022330089,0.735594094,0.020571506
1565,31299.990,1787268372306.911,169453584.209,0.000000000,0.676748693,-0.022316290,0.735588074,0.020576829
1566,31319.989,1787268372326.910,169453604.208,0.000000000,0.676752806,-0.022318009,0.735584319,0.020575056
1567,31339.999,1787268372346.920,169453624.217,0.000000000,0.676760077,-0.022314366,0.735577703,0.020576427
1568,31359.999,1787268372366.920,169453644.217,0.000000000,0.676759720,-0.022323603,0.735577881,0.020570945
1569,31380.002,1787268372386.923,169453664.221,0.000000000,0.676759660,-0.022322513,0.735578060,0.020567669
1570,31399.991,1787268372406.912,169453684.209,0.000000000,0.676760375,-0.022333154,0.735577285,0.020562146
1571,31420.001,1787268372426.922,169453704.219,0.000000000,0.676762342,-0.022341894,0.735575378,0.020557461
1572,31439.992,1787268372446.913,169453724.211,0.000000000,0.676755071,-0.022326171,0.735582292,0.020562215
1573,31459.999,1787268372466.920,169453744.217,0.000000000,0.676751971,-0.022308869,0.735585511,0.020569419
1574,31480.003,1787268372486.924,169453764.221,0.000000000,0.676756263,-0.022317298,0.735581398,0.020565210
1575,31499.998,1787268372506.918,169453784.216,0.000000000,0.676760554,-0.022309648,0.735577703,0.020566240
1576,31519.992,1787268372526.914,169453804.211,0.000000000,0.676762581,-0.022316856,0.735575736,0.020559011
1577,31539.991,1787268372546.912,169453824.209,0.000000000,0.676767290,-0.022317175,0.735571444,0.020561250
1578,31559.998,1787268372566.919,169453844.216,0.000000000,0.676768184,-0.022317594,0.735570550,0.020560026
1579,31579.990,1787268372586.911,169453864.208,0.000000000,0.676770031,-0.022317080,0.735569000,0.020559713
1580,31599.989,1787268372606.910,169453884.208,0.000000000,0.676770210,-0.022325225,0.735568702,0.020552341
1581,31619.998,1787268372626.919,169453904.217,0.000000000,0.676771104,-0.022329452,0.735567808,0.020546159
1582,31639.990,1787268372646.911,169453924.208,0.000000000,0.676770747,-0.022329561,0.735568225,0.020545095
1583,31659.998,1787268372666.918,169453944.216,0.000000000,0.676773131,-0.022321843,0.735566258,0.020546699
1584,31679.998,1787268372686.918,169453964.216,0.000000000,0.676779389,-0.022325208,0.735560536,0.020541681
1585,31700.003,1787268372706.924,169453984.221,0.000000000,0.676780045,-0.022325998,0.735559881,0.020541441
1586,31719.990,1787268372726.911,169454004.208,0.000000000,0.676778615,-0.022319052,0.735561311,0.020548472
1587,31739.998,1787268372746.919,169454024.217,0.000000000,0.676785350,-0.022313720,0.735554934,0.020554673
1588,31759.999,1787268372766.920,169454044.217,0.000000000,0.676789582,-0.022311728,0.735551119,0.020558966
1589,31779.999,1787268372786.920,169454064.217,0.000000000,0.676785588,-0.022317823,0.735554755,0.020554215
1590,31799.999,1787268372806.920,169454084.218,0.000000000,0.676786304,-0.022318693,0.735554099,0.020553252
1591,31820.000,1787268372826.921,169454104.219,0.000000000,0.676786363,-0.022324720,0.735553920,0.020549849
1592,31839.990,1787268372846.911,169454124.209,0.000000000,0.676795244,-0.022326544,0.735545933,0.020543376
1593,31859.990,1787268372866.911,169454144.208,0.000000000,0.676803052,-0.022317519,0.735538900,0.020547280
1594,31879.992,1787268372886.913,169454164.210,0.000000000,0.676803708,-0.022322243,0.735538185,0.020543152
1595,31899.993,1787268372906.914,169454184.211,0.000000000,0.676805317,-0.022320425,0.735536754,0.020541156
1596,31919.998,1787268372926.919,169454204.216,0.000000000,0.676801145,-0.022322366,0.735540688,0.020538965
1597,31940.001,1787268372946.922,169454224.219,0.000000000,0.676801324,-0.022320257,0.735540569,0.020539505
1598,31959.999,1787268372966.920,169454244.217,0.000000000,0.676807046,-0.022308100,0.735535324,0.020551629
1599,31979.998,1787268372986.920,169454264.217,0.000000000,0.676810145,-0.022307402,0.735532522,0.020550072
1600,31999.992,1787268373006.913,169454284.210,0.000000000,0.676812649,-0.022307919,0.735530257,0.020548020
1601,32019.998,1787268373026.919,169454304.216,0.000000000,0.676807046,-0.022320855,0.735535145,0.020539075
1602,32039.997,1787268373046.918,169454324.215,0.000000000,0.676804006,-0.022305191,0.735538304,0.020551581
1603,32059.989,1787268373066.910,169454344.207,0.000000000,0.676801562,-0.022310080,0.735540330,0.020548990
1604,32079.993,1787268373086.915,169454364.212,0.000000000,0.676805794,-0.022296356,0.735536516,0.020561993
1605,32099.987,1787268373106.908,169454384.205,0.000000000,0.676804900,-0.022306096,0.735537410,0.020551514
1606,32119.987,1787268373126.908,169454404.206,0.000000000,0.676805139,-0.022312181,0.735537112,0.020545641
1607,32139.988,1787268373146.909,169454424.207,0.000000000,0.676804125,-0.022319708,0.735538065,0.020537779
1608,32160.001,1787268373166.922,169454444.219,0.000000000,0.676805854,-0.022311756,0.735536695,0.020541927
1609,32179.999,1787268373186.920,169454464.217,0.000000000,0.676805913,-0.022309739,0.735536575,0.020542452
1610,32200.029,1787268373206.949,169454484.247,0.000000000,0.676812053,-0.022314224,0.735530913,0.020536009
1611,32219.995,1787268373226.917,169454504.214,0.000000000,0.676807761,-0.022309247,0.735534787,0.020542856
1612,32240.002,1787268373246.923,169454524.221,0.000000000,0.676805735,-0.022302154,0.735536695,0.020548169
1613,32259.992,1787268373266.913,169454544.210,0.000000000,0.676807046,-0.022294262,0.735535562,0.020558920
1614,32279.989,1787268373286.910,169454564.207,0.000000000,0.676808298,-0.022298552,0.735534549,0.020550825
1615,32299.992,1787268373306.913,169454584.210,0.000000000,0.676810145,-0.022299206,0.735532880,0.020548379
1616,32319.991,1787268373326.912,169454604.209,0.000000000,0.676811755,-0.022311298,0.735531211,0.020539358
1617,32340.001,1787268373346.922,169454624.219,0.000000000,0.676810145,-0.022314947,0.735532641,0.020537261
1618,32360.005,1787268373366.926,169454644.223,0.000000000,0.676814198,-0.022311319,0.735529065,0.020537566
1619,32380.001,1787268373386.922,169454664.220,0.000000000,0.676818848,-0.022312175,0.735524774,0.020534839
1620,32400.000,1787268373406.921,169454684.218,0.000000000,0.676817477,-0.022295563,0.735526204,0.020547902
1621,32420.009,1787268373426.930,169454704.227,0.000000000,0.676818132,-0.022294555,0.735525727,0.020544829
1622,32440.000,1787268373446.921,169454724.219,0.000000000,0.676823020,-0.022295602,0.735521078,0.020545434
1623,32460.013,1787268373466.934,169454744.231,0.000000000,0.676825702,-0.022297768,0.735518575,0.020545814
1624,32480.003,1787268373486.924,169454764.222,0.000000000,0.676822126,-0.022301629,0.735521972,0.020543659
1625,32499.997,1787268373506.918,169454784.216,0.000000000,0.676819146,-0.022311883,0.735524535,0.020536115
1626,32520.001,1787268373526.922,169454804.220,0.000000000,0.676820159,-0.022294711,0.735523999,0.020545648
1627,32539.993,1787268373546.914,169454824.212,0.000000000,0.676824391,-0.022299500,0.735519826,0.020539539
1628,32559.989,1787268373566.910,169454844.208,0.000000000,0.676829278,-0.022301557,0.735515356,0.020540178
1629,32579.999,1787268373586.920,169454864.217,0.000000000,0.676831067,-0.022306476,0.735513747,0.020535858
1630,32600.006,1787268373606.927,169454884.225,0.000000000,0.676834702,-0.022305120,0.735510468,0.020534482
1631,32619.994,1787268373626.915,169454904.212,0.000000000,0.676835239,-0.022305755,0.735510111,0.020527715
1632,32639.993,1787268373646.914,169454924.211,0.000000000,0.676830411,-0.022306006,0.735514700,0.020525884
1633,32659.992,1787268373666.913,169454944.211,0.000000000,0.676832497,-0.022302022,0.735512793,0.020525577
1634,32680.004,1787268373686.925,169454964.222,0.000000000,0.676835895,-0.022303645,0.735509694,0.020525943
1635,32700.004,1787268373706.926,169454984.223,0.000000000,0.676835477,-0.022286918,0.735510111,0.020543024
1636,32719.995,1787268373726.917,169455004.214,0.000000000,0.676841080,-0.022279032,0.735504985,0.020552723
1637,32740.003,1787268373746.924,169455024.222,0.000000000,0.676841080,-0.022282323,0.735504806,0.020550516
1638,32759.991,1787268373766.912,169455044.209,0.000000000,0.676842749,-0.022276308,0.735503256,0.020557655
1639,32779.990,1787268373786.912,169455064.209,0.000000000,0.676848233,-0.022273770,0.735498250,0.020560062
1640,32800.001,1787268373806.922,169455084.219,0.000000000,0.676848829,-0.022274740,0.735497653,0.020561542
1641,32819.996,1787268373826.917,169455104.215,0.000000000,0.676848650,-0.022279067,0.735497773,0.020555530
1642,32839.989,1787268373846.910,169455124.208,0.000000000,0.676843584,-0.022289498,0.735502601,0.020545788
1643,32859.991,1787268373866.912,169455144.209,0.000000000,0.676845253,-0.022288699,0.735500932,0.020550424
1644,32880.004,1787268373886.925,169455164.223,0.000000000,0.676849604,-0.022304371,0.735496640,0.020542661
1645,32899.999,1787268373906.921,169455184.218,0.000000000,0.676849246,-0.022311203,0.735496938,0.020534564
1646,32919.992,1787268373926.913,169455204.210,0.000000000,0.676848173,-0.022312798,0.735498011,0.020533094
1647,32939.995,1787268373946.916,169455224.213,0.000000000,0.676849723,-0.022310808,0.735496461,0.020531872
1648,32959.999,1787268373966.920,169455244.217,0.000000000,0.676848471,-0.022296777,0.735497892,0.020540252
1649,32980.000,1787268373986.921,169455264.218,0.000000000,0.676847339,-0.022310290,0.735498667,0.020536652
1650,32999.999,1787268374006.920,169455284.217,0.000000000,0.676858366,-0.022302765,0.735488534,0.020544622
1651,33019.990,1787268374026.911,169455304.208,0.000000000,0.676860332,-0.022302005,0.735486567,0.020547211
1652,33039.990,1787268374046.911,169455324.209,0.000000000,0.676861346,-0.022304939,0.735485733,0.020544941
1653,33059.996,1787268374066.917,169455344.214,0.000000000,0.676865935,-0.022313295,0.735481262,0.020539919
1654,33079.989,1787268374086.910,169455364.207,0.000000000,0.676870227,-0.022296626,0.735477567,0.020548845
1655,33099.994,1787268374106.915,169455384.212,0.000000000,0.676868856,-0.022295658,0.735478938,0.020545226
1656,33119.996,1787268374126.917,169455404.215,0.000000000,0.676872551,-0.022307327,0.735475779,0.020530308
1657,33139.997,1787268374146.918,169455424.215,0.000000000,0.676873326,-0.022293841,0.735475183,0.020536050
1658,33159.998,1787268374166.918,169455444.216,0.000000000,0.676874876,-0.022289881,0.735473871,0.020539250
1659,33179.988,1787268374186.909,169455464.206,0.000000000,0.676873088,-0.022300826,0.735475421,0.020530159
1660,33200.004,1787268374206.925,169455484.222,0.000000000,0.676871181,-0.022301652,0.735477149,0.020527460
1661,33219.994,1787268374226.916,169455504.213,0.000000000,0.676874399,-0.022300811,0.735474288,0.020528227
1662,33239.988,1787268374246.909,169455524.206,0.000000000,0.676871836,-0.022297869,0.735476375,0.020536689
1663,33259.993,1787268374266.914,169455544.211,0.000000000,0.676868320,-0.022305271,0.735479534,0.020533118
1664,33280.013,1787268374286.934,169455564.231,0.000000000,0.676867783,-0.022306640,0.735480130,0.020531872
1665,33300.009,1787268374306.931,169455584.228,0.000000000,0.676862180,-0.022307366,0.735485315,0.020532772
1666,33319.993,1787268374326.915,169455604.212,0.000000000,0.676867187,-0.022299174,0.735480666,0.020539189
1667,33339.992,1787268374346.913,169455624.210,0.000000000,0.676869154,-0.022298291,0.735478699,0.020538948
1668,33360.005,1787268374366.926,169455644.223,0.000000000,0.676872253,-0.022301286,0.735475957,0.020533407
1669,33379.994,1787268374386.915,169455664.212,0.000000000,0.676874101,-0.022299517,0.735474527,0.020528991
1670,33400.000,1787268374406.921,169455684.218,0.000000000,0.676875114,-0.022299875,0.735473752,0.020523498
1671,33419.993,1787268374426.915,169455704.212,0.000000000,0.676879644,-0.022296974,0.735469639,0.020524131
1672,33439.994,1787268374446.916,169455724.213,0.000000000,0.676891148,-0.022291848,0.735459089,0.020530256
1673,33459.991,1787268374466.912,169455744.210,0.000000000,0.676889837,-0.022290578,0.735460162,0.020532526
1674,33479.993,1787268374486.914,169455764.211,0.000000000,0.676893234,-0.022284873,0.735457361,0.020528767
1675,33499.994,1787268374506.915,169455784.212,0.000000000,0.676887274,-0.022278162,0.735462785,0.020536518
1676,33520.002,1787268374526.923,169455804.221,0.000000000,0.676887214,-0.022277556,0.735462725,0.020542776
1677,33539.991,1787268374546.912,169455824.209,0.000000000,0.676884770,-0.022289393,0.735464811,0.020533683
1678,33559.999,1787268374566.920,169455844.218,0.000000000,0.676882029,-0.022298731,0.735467255,0.020526329
1679,33579.991,1787268374586.912,169455864.210,0.000000000,0.676881790,-0.022299055,0.735467613,0.020522378
1680,33599.989,1787268374606.910,169455884.208,0.000000000,0.676885128,-0.022295520,0.735464573,0.020525662
1681,33620.001,1787268374626.922,169455904.220,0.000000000,0.676880777,-0.022303747,0.735468209,0.020530431
1682,33639.994,1787268374646.915,169455924.212,0.000000000,0.676877856,-0.022303199,0.735470891,0.020530393
1683,33659.992,1787268374666.914,169455944.211,0.000000000,0.676877856,-0.022294072,0.735470951,0.020536486
1684,33680.003,1787268374686.924,169455964.221,0.000000000,0.676877856,-0.022286600,0.735471070,0.020541139
1685,33699.988,1787268374706.909,169455984.206,0.000000000,0.676874876,-0.022303795,0.735473692,0.020527437
1686,33719.998,1787268374726.919,169456004.216,0.000000000,0.676871061,-0.022302512,0.735477149,0.020528939
1687,33740.003,1787268374746.925,169456024.222,0.000000000,0.676878214,-0.022302149,0.735470593,0.020526709
1688,33759.990,1787268374766.911,169456044.208,0.000000000,0.676882565,-0.022294009,0.735466778,0.020533288
1689,33779.992,1787268374786.913,169456064.211,0.000000000,0.676883459,-0.022292851,0.735466063,0.020530719
1690,33799.992,1787268374806.913,169456084.211,0.000000000,0.676880777,-0.022300439,0.735468507,0.020525111
1691,33820.007,1787268374826.928,169456104.226,0.000000000,0.676883817,-0.022294404,0.735465765,0.020527206
1692,33839.999,1787268374846.920,169456124.217,0.000000000,0.676886022,-0.022295026,0.735463619,0.020529777
1693,33859.992,1787268374866.913,169456144.210,0.000000000,0.676885664,-0.022299582,0.735464036,0.020526106
1694,33879.999,1787268374886.920,169456164.218,0.000000000,0.676887453,-0.022288861,0.735462487,0.020531680
1695,33899.992,1787268374906.914,169456184.211,0.000000000,0.676889539,-0.022288814,0.735460579,0.020532558
1696,33919.991,1787268374926.912,169456204.209,0.000000000,0.676888943,-0.022292696,0.735461056,0.020527530
1697,33939.990,1787268374946.911,169456224.209,0.000000000,0.676896095,-0.022295149,0.735454738,0.020521630
1698,33960.002,1787268374966.923,169456244.220,0.000000000,0.676900387,-0.022293514,0.735450804,0.020521676
1699,33979.999,1787268374986.920,169456264.217,0.000000000,0.676902235,-0.022282831,0.735449135,0.020527061
1700,33999.992,1787268375006.913,169456284.211,0.000000000,0.676902890,-0.022293119,0.735448420,0.020518634
1701,34020.005,1787268375026.926,169456304.224,0.000000000,0.676902413,-0.022290118,0.735449076,0.020520408
1702,34039.994,1787268375046.916,169456324.213,0.000000000,0.676905155,-0.022288425,0.735446572,0.020517904
1703,34060.003,1787268375066.924,169456344.221,0.000000000,0.676901400,-0.022285234,0.735450029,0.020522624
1704,34079.992,1787268375086.913,169456364.210,0.000000000,0.676900625,-0.022280255,0.735450804,0.020527976
1705,34099.993,1787268375106.915,169456384.212,0.000000000,0.676906884,-0.022277733,0.735445261,0.020522287
1706,34119.998,1787268375126.920,169456404.217,0.000000000,0.676904261,-0.022273026,0.735447705,0.020523278
1707,34139.991,1787268375146.912,169456424.209,0.000000000,0.676902592,-0.022270659,0.735449374,0.020523313
1708,34159.989,1787268375166.910,169456444.207,0.000000000,0.676899612,-0.022283923,0.735451937,0.020513242
1709,34179.989,1787268375186.910,169456464.207,0.000000000,0.676898718,-0.022283003,0.735452592,0.020518474
1710,34200.002,1787268375206.923,169456484.220,0.000000000,0.676901579,-0.022277996,0.735450089,0.020523638
1711,34219.989,1787268375226.910,169456504.208,0.000000000,0.676905513,-0.022277342,0.735446393,0.020525537
1712,34239.989,1787268375246.911,169456524.208,0.000000000,0.676909447,-0.022291234,0.735442519,0.020516966
1713,34259.995,1787268375266.916,169456544.213,0.000000000,0.676909566,-0.022289513,0.735442579,0.020516619
1714,34279.995,1787268375286.916,169456564.213,0.000000000,0.676913798,-0.022290107,0.735438585,0.020516127
1715,34299.992,1787268375306.913,169456584.210,0.000000000,0.676919341,-0.022283683,0.735433757,0.020517860
1716,34319.989,1787268375326.910,169456604.207,0.000000000,0.676922023,-0.022281190,0.735431254,0.020519014
1717,34340.004,1787268375346.925,169456624.223,0.000000000,0.676927865,-0.022284606,0.735426009,0.020515345
1718,34359.990,1787268375366.911,169456644.208,0.000000000,0.676930845,-0.022281896,0.735423505,0.020509891
1719,34379.991,1787268375386.912,169456664.210,0.000000000,0.676932096,-0.022279944,0.735422313,0.020510890
1720,34399.996,1787268375406.917,169456684.214,0.000000000,0.676931560,-0.022272894,0.735422909,0.020515868
1721,34419.992,1787268375426.913,169456704.210,0.000000000,0.676931381,-0.022282686,0.735422790,0.020514136
1722,34439.998,1787268375446.919,169456724.217,0.000000000,0.676932454,-0.022286188,0.735421717,0.020511745
1723,34460.003,1787268375466.924,169456744.221,0.000000000,0.676937759,-0.022280380,0.735416889,0.020516170
1724,34479.993,1787268375486.914,169456764.211,0.000000000,0.676939547,-0.022275060,0.735415220,0.020519650
1725,34499.999,1787268375506.920,169456784.217,0.000000000,0.676940799,-0.022278847,0.735414028,0.020516373
1726,34519.989,1787268375526.910,169456804.207,0.000000000,0.676938176,-0.022280069,0.735416710,0.020506861
1727,34539.990,1787268375546.911,169456824.209,0.000000000,0.676931739,-0.022270013,0.735422850,0.020516977
1728,34559.995,1787268375566.916,169456844.213,0.000000000,0.676936209,-0.022267619,0.735418677,0.020517629
1729,34579.993,1787268375586.914,169456864.211,0.000000000,0.676935673,-0.022282144,0.735419035,0.020509921
1730,34599.995,1787268375606.916,169456884.213,0.000000000,0.676944017,-0.022280652,0.735411048,0.020514080
1731,34619.993,1787268375626.914,169456904.211,0.000000000,0.676944554,-0.022282744,0.735410571,0.020509735
1732,34640.004,1787268375646.925,169456924.222,0.000000000,0.676943421,-0.022275560,0.735411882,0.020509383
1733,34659.998,1787268375666.919,169456944.217,0.000000000,0.676940262,-0.022273697,0.735414982,0.020505318
1734,34680.000,1787268375686.921,169456964.218,0.000000000,0.676937521,-0.022271927,0.735417783,0.020503759
1735,34699.994,1787268375706.915,169456984.213,0.000000000,0.676932037,-0.022274431,0.735422850,0.020502282
1736,34719.990,1787268375726.911,169457004.208,0.000000000,0.676934302,-0.022253508,0.735421062,0.020512909
1737,34740.002,1787268375746.923,169457024.220,0.000000000,0.676933646,-0.022257924,0.735421598,0.020511335
1738,34759.996,1787268375766.917,169457044.214,0.000000000,0.676935494,-0.022263244,0.735419810,0.020505285
1739,34779.991,1787268375786.912,169457064.209,0.000000000,0.676935375,-0.022268752,0.735419810,0.020502813
1740,34800.000,1787268375806.921,169457084.219,0.000000000,0.676937342,-0.022265326,0.735418022,0.020505140
1741,34820.031,1787268375826.952,169457104.249,0.000000000,0.676937640,-0.022272551,0.735417724,0.020501141
1742,34840.001,1787268375846.922,169457124.220,0.000000000,0.676937819,-0.022272743,0.735417306,0.020505400
1743,34859.999,1787268375866.920,169457144.217,0.000000000,0.676941216,-0.022268277,0.735414326,0.020509403
1744,34880.003,1787268375886.924,169457164.221,0.000000000,0.676939070,-0.022266600,0.735416293,0.020511504
1745,34899.995,1787268375906.916,169457184.213,0.000000000,0.676947117,-0.022262365,0.735408902,0.020514585
1746,34920.004,1787268375926.926,169457204.223,0.000000000,0.676953077,-0.022273717,0.735403240,0.020506727
1747,34939.997,1787268375946.918,169457224.216,0.000000000,0.676953077,-0.022273717,0.735403240,0.020506727
1748,34960.005,1787268375966.926,169457244.224,0.000000000,0.676954627,-0.022276565,0.735401750,0.020506484
1749,34979.992,1787268375986.913,169457264.210,0.000000000,0.676953554,-0.022270609,0.735402763,0.020509988
1750,34999.991,1787268376006.912,169457284.209,0.000000000,0.676950395,-0.022274099,0.735405624,0.020509535
1751,35019.998,1787268376026.920,169457304.217,0.000000000,0.676945508,-0.022275282,0.735410094,0.020509141
1752,35039.991,1787268376046.912,169457324.210,0.000000000,0.676940382,-0.022277400,0.735414743,0.020509167
1753,35060.002,1787268376066.923,169457344.221,0.000000000,0.676942825,-0.022278208,0.735412478,0.020506524
1754,35079.988,1787268376086.909,169457364.207,0.000000000,0.676942885,-0.022272430,0.735412598,0.020507487
1755,35099.997,1787268376106.918,169457384.215,0.000000000,0.676943481,-0.022269310,0.735412180,0.020505346
1756,35119.993,1787268376126.914,169457404.212,0.000000000,0.676945448,-0.022268636,0.735410452,0.020502597
1757,35139.999,1787268376146.921,169457424.218,0.000000000,0.676946461,-0.022264022,0.735409617,0.020507222
1758,35159.999,1787268376166.920,169457444.217,0.000000000,0.676941514,-0.022268863,0.735414147,0.020503988
1759,35180.002,1787268376186.923,169457464.220,0.000000000,0.676951051,-0.022262560,0.735405445,0.020506794
1760,35200.000,1787268376206.921,169457484.218,0.000000000,0.676957190,-0.022259608,0.735399902,0.020506371
1761,35219.988,1787268376226.909,169457504.206,0.000000000,0.676951528,-0.022266246,0.735405087,0.020497624
1762,35239.988,1787268376246.909,169457524.207,0.000000000,0.676947534,-0.022262268,0.735408723,0.020502690
1763,35259.996,1787268376266.917,169457544.214,0.000000000,0.676948845,-0.022264060,0.735407472,0.020501439
1764,35280.000,1787268376286.921,169457564.219,0.000000000,0.676956177,-0.022257421,0.735400796,0.020508848
1765,35299.992,1787268376306.913,169457584.210,0.000000000,0.676952481,-0.022267122,0.735403955,0.020507423
1766,35319.993,1787268376326.914,169457604.211,0.000000000,0.676952004,-0.022263797,0.735404372,0.020509880
1767,35339.991,1787268376346.912,169457624.210,0.000000000,0.676950634,-0.022256341,0.735405862,0.020513045
1768,35359.996,1787268376366.917,169457644.214,0.000000000,0.676955163,-0.022267086,0.735401750,0.020498233
1769,35379.996,1787268376386.917,169457664.214,0.000000000,0.676954567,-0.022265915,0.735402405,0.020496704
1770,35399.991,1787268376406.912,169457684.210,0.000000000,0.676956356,-0.022259213,0.735400856,0.020501724
1771,35419.989,1787268376426.910,169457704.208,0.000000000,0.676958740,-0.022267524,0.735398531,0.020498218
1772,35439.988,1787268376446.909,169457724.206,0.000000000,0.676958561,-0.022268446,0.735398531,0.020499270
1773,35459.994,1787268376466.915,169457744.212,0.000000000,0.676965117,-0.022266082,0.735392690,0.020497054
1774,35479.991,1787268376486.912,169457764.210,0.000000000,0.676962495,-0.022258623,0.735395074,0.020503901
1775,35500.002,1787268376506.923,169457784.221,0.000000000,0.676965892,-0.022261469,0.735392213,0.020494360
1776,35520.002,1787268376526.923,169457804.221,0.000000000,0.676969826,-0.022261167,0.735388577,0.020493761
1777,35540.002,1787268376546.923,169457824.221,0.000000000,0.676970541,-0.022254827,0.735387981,0.020496877
1778,35560.005,1787268376566.927,169457844.224,0.000000000,0.676977634,-0.022258997,0.735381424,0.020493915
1779,35579.995,1787268376586.917,169457864.214,0.000000000,0.676977515,-0.022260360,0.735381424,0.020494990
1780,35599.996,1787268376606.917,169457884.215,0.000000000,0.676978588,-0.022255450,0.735380530,0.020498486
1781,35620.000,1787268376626.921,169457904.218,0.000000000,0.676981330,-0.022261107,0.735377908,0.020496821
1782,35640.002,1787268376646.923,169457924.221,0.000000000,0.676986158,-0.022258943,0.735373497,0.020500157
1783,35659.995,1787268376666.916,169457944.213,0.000000000,0.676987529,-0.022261985,0.735372245,0.020493617
1784,35680.002,1787268376686.923,169457964.221,0.000000000,0.676983833,-0.022259513,0.735375583,0.020496991
1785,35700.003,1787268376706.924,169457984.221,0.000000000,0.676984072,-0.022257572,0.735375464,0.020496864
1786,35720.001,1787268376726.922,169458004.220,0.000000000,0.676985919,-0.022255503,0.735373795,0.020494794
1787,35739.991,1787268376746.912,169458024.209,0.000000000,0.676984906,-0.022260480,0.735374749,0.020492459
1788,35759.990,1787268376766.911,169458044.208,0.000000000,0.676983535,-0.022259334,0.735375941,0.020493448
1789,35779.991,1787268376786.912,169458064.210,0.000000000,0.676984429,-0.022252522,0.735375345,0.020494707
1790,35799.988,1787268376806.909,169458084.206,0.000000000,0.676981151,-0.022252411,0.735378385,0.020495074
1791,35820.002,1787268376826.923,169458104.220,0.000000000,0.676987290,-0.022247007,0.735372603,0.020501204
1792,35839.994,1787268376846.915,169458124.213,0.000000000,0.676990449,-0.022256840,0.735369861,0.020490244
1793,35860.001,1787268376866.922,169458144.220,0.000000000,0.676990390,-0.022255208,0.735370040,0.020489743
1794,35879.995,1787268376886.917,169458164.214,0.000000000,0.676988721,-0.022254067,0.735371351,0.020491764
1795,35900.013,1787268376906.934,169458184.232,0.000000000,0.676991343,-0.022254089,0.735368907,0.020492751
1796,35920.005,1787268376926.926,169458204.224,0.000000000,0.676994741,-0.022250405,0.735365927,0.020493461
1797,35940.008,1787268376946.929,169458224.226,0.000000000,0.676997304,-0.022244228,0.735363662,0.020498673
1798,35959.998,1787268376966.920,169458244.217,0.000000000,0.677006185,-0.022222843,0.735355675,0.020513428
1799,35979.992,1787268376986.913,169458264.210,0.000000000,0.677009165,-0.022228673,0.735353053,0.020501863
1800,35999.990,1787268377006.911,169458284.208,0.000000000,0.677011967,-0.022227131,0.735350549,0.020502204
1801,36019.994,1787268377026.916,169458304.213,0.000000000,0.677010238,-0.022240171,0.735352159,0.020490259
1802,36040.001,1787268377046.922,169458324.219,0.000000000,0.677004814,-0.022248391,0.735357106,0.020483065
1803,36059.992,1787268377066.913,169458344.211,0.000000000,0.677007914,-0.022241095,0.735354304,0.020487137
1804,36080.010,1787268377086.931,169458364.228,0.000000000,0.677001178,-0.022231277,0.735360503,0.020494197
1805,36100.003,1787268377106.924,169458384.221,0.000000000,0.677001119,-0.022242798,0.735360444,0.020486768
1806,36119.995,1787268377126.916,169458404.214,0.000000000,0.677005589,-0.022245971,0.735356390,0.020484321
1807,36140.002,1787268377146.923,169458424.220,0.000000000,0.677010775,-0.022243824,0.735351741,0.020481585
1808,36160.001,1787268377166.922,169458444.219,0.000000000,0.677019238,-0.022241808,0.735343933,0.020483589
1809,36179.992,1787268377186.913,169458464.210,0.000000000,0.677021086,-0.022243395,0.735342205,0.020483173
1810,36199.992,1787268377206.914,169458484.211,0.000000000,0.677023292,-0.022242490,0.735340297,0.020480810
1811,36220.001,1787268377226.922,169458504.219,0.000000000,0.677022815,-0.022232041,0.735340893,0.020482887
1812,36239.998,1787268377246.919,169458524.216,0.000000000,0.677021623,-0.022236131,0.735342324,0.020474240
1813,36260.006,1787268377266.927,169458544.225,0.000000000,0.677021444,-0.022236666,0.735342383,0.020474892
1814,36279.993,1787268377286.914,169458564.211,0.000000000,0.677021742,-0.022235015,0.735342205,0.020474415
1815,36300.002,1787268377306.923,169458584.220,0.000000000,0.677025497,-0.022238996,0.735338688,0.020474328
1816,36320.000,1787268377326.921,169458604.218,0.000000000,0.677026749,-0.022233117,0.735337555,0.020475008
1817,36339.990,1787268377346.911,169458624.208,0.000000000,0.677032828,-0.022221038,0.735331833,0.020490354
1818,36360.004,1787268377366.926,169458644.223,0.000000000,0.677027881,-0.022237342,0.735336423,0.020477692
1819,36380.002,1787268377386.923,169458664.221,0.000000000,0.677029073,-0.022236578,0.735335410,0.020475144
1820,36399.998,1787268377406.919,169458684.217,0.000000000,0.677034140,-0.022232831,0.735330701,0.020478742
1821,36419.999,1787268377426.920,169458704.217,0.000000000,0.677039444,-0.022230962,0.735325754,0.020478830
1822,36439.996,1787268377446.917,169458724.214,0.000000000,0.677040637,-0.022233207,0.735324800,0.020475768
1823,36460.000,1787268377466.921,169458744.219,0.000000000,0.677036941,-0.022231931,0.735328257,0.020472286
1824,36479.992,1787268377486.914,169458764.211,0.000000000,0.677030087,-0.022231145,0.735334635,0.020471403
1825,36499.991,1787268377506.912,169458784.209,0.000000000,0.677031517,-0.022232899,0.735333323,0.020470459
1826,36519.997,1787268377526.918,169458804.215,0.000000000,0.677036703,-0.022225790,0.735328376,0.020475471
1827,36539.993,1787268377546.914,169458824.211,0.000000000,0.677036166,-0.022230741,0.735329211,0.020469869
1828,36560.000,1787268377566.921,169458844.218,0.000000000,0.677036047,-0.022230512,0.735329211,0.020470370
1829,36579.988,1787268377586.909,169458864.207,0.000000000,0.677033126,-0.022227628,0.735331953,0.020472139
1830,36599.988,1787268377606.909,169458884.206,0.000000000,0.677032173,-0.022225969,0.735332906,0.020472948
1831,36619.992,1787268377626.914,169458904.211,0.000000000,0.677033961,-0.022217104,0.735331297,0.020479739
1832,36640.000,1787268377646.921,169458924.218,0.000000000,0.677029848,-0.022220170,0.735335112,0.020475229
1833,36659.995,1787268377666.916,169458944.213,0.000000000,0.677029788,-0.022225179,0.735335112,0.020468019
1834,36679.996,1787268377686.917,169458964.214,0.000000000,0.677026987,-0.022228796,0.735337734,0.020465959
1835,36700.004,1787268377706.925,169458984.223,0.000000000,0.677033842,-0.022219924,0.735331476,0.020471916
1836,36719.996,1787268377726.917,169459004.214,0.000000000,0.677035213,-0.022225384,0.735330224,0.020467307
1837,36739.990,1787268377746.911,169459024.209,0.000000000,0.677036047,-0.022225896,0.735329449,0.020464269
1838,36760.000,1787268377766.921,169459044.219,0.000000000,0.677037179,-0.022219675,0.735328496,0.020468650
1839,36780.000,1787268377786.921,169459064.218,0.000000000,0.677037477,-0.022222303,0.735328317,0.020462520
1840,36800.002,1787268377806.923,169459084.220,0.000000000,0.677044034,-0.022217907,0.735322535,0.020462800
1841,36819.998,1787268377826.919,169459104.216,0.000000000,0.677043378,-0.022218168,0.735323012,0.020460859
1842,36839.995,1787268377846.916,169459124.213,0.000000000,0.677042961,-0.022213237,0.735323489,0.020466050
1843,36859.996,1787268377866.917,169459144.215,0.000000000,0.677043498,-0.022218928,0.735322952,0.020458424
1844,36879.991,1787268377886.912,169459164.210,0.000000000,0.677041650,-0.022215929,0.735324621,0.020462919
1845,36900.001,1787268377906.922,169459184.219,0.000000000,0.677039385,-0.022213195,0.735326707,0.020467931
1846,36919.991,1787268377926.912,169459204.210,0.000000000,0.677037239,-0.022214398,0.735328615,0.020468147
1847,36939.991,1787268377946.912,169459224.210,0.000000000,0.677037597,-0.022217551,0.735328317,0.020465866
1848,36959.992,1787268377966.913,169459244.210,0.000000000,0.677043319,-0.022221705,0.735322833,0.020465281
1849,36979.989,1787268377986.910,169459264.208,0.000000000,0.677040696,-0.022225590,0.735325158,0.020464584
1850,36999.991,1787268378006.912,169459284.210,0.000000000,0.677040696,-0.022224367,0.735325277,0.020464040
1851,37020.001,1787268378026.922,169459304.219,0.000000000,0.677043378,-0.022222525,0.735322714,0.020464353
1852,37039.999,1787268378046.920,169459324.217,0.000000000,0.677051663,-0.022215310,0.735315144,0.020474242
1853,37059.999,1787268378066.920,169459344.218,0.000000000,0.677053988,-0.022213431,0.735313058,0.020475999
1854,37079.990,1787268378086.911,169459364.208,0.000000000,0.677060485,-0.022220390,0.735307038,0.020471992
1855,37100.000,1787268378106.921,169459384.218,0.000000000,0.677067995,-0.022217872,0.735299885,0.020479523
1856,37119.999,1787268378126.920,169459404.218,0.000000000,0.677068293,-0.022227133,0.735299408,0.020475579
1857,37140.003,1787268378146.924,169459424.221,0.000000000,0.677072525,-0.022229927,0.735295534,0.020473510
1858,37159.996,1787268378166.917,169459444.215,0.000000000,0.677082419,-0.022224149,0.735286653,0.020474151
1859,37179.991,1787268378186.912,169459464.209,0.000000000,0.677083075,-0.022223810,0.735285997,0.020472538
1860,37199.998,1787268378206.918,169459484.216,0.000000000,0.677086890,-0.022228856,0.735282362,0.020470729
1861,37220.001,1787268378226.922,169459504.220,0.000000000,0.677083313,-0.022228776,0.735285640,0.020469410
1862,37239.992,1787268378246.913,169459524.210,0.000000000,0.677083969,-0.022225047,0.735285163,0.020472225
1863,37259.995,1787268378266.916,169459544.213,0.000000000,0.677086413,-0.022228148,0.735282838,0.020473043
1864,37279.989,1787268378286.910,169459564.207,0.000000000,0.677085757,-0.022227401,0.735283434,0.020469174
1865,37299.992,1787268378306.913,169459584.210,0.000000000,0.677085400,-0.022224033,0.735283911,0.020470848
1866,37319.999,1787268378326.920,169459604.217,0.000000000,0.677077293,-0.022230055,0.735291064,0.020471493
1867,37340.003,1787268378346.924,169459624.221,0.000000000,0.677078366,-0.022222918,0.735290229,0.020477166
1868,37359.993,1787268378366.914,169459644.211,0.000000000,0.677080691,-0.022222046,0.735288084,0.020478873
1869,37379.999,1787268378386.920,169459664.217,0.000000000,0.677084804,-0.022216866,0.735284269,0.020484373
1870,37399.993,1787268378406.915,169459684.212,0.000000000,0.677078962,-0.022233952,0.735289514,0.020473514
1871,37420.003,1787268378426.925,169459704.222,0.000000000,0.677075207,-0.022231437,0.735293090,0.020471912
1872,37439.997,1787268378446.918,169459724.216,0.000000000,0.677082002,-0.022217365,0.735286951,0.020481825
1873,37460.007,1787268378466.928,169459744.226,0.000000000,0.677084327,-0.022219835,0.735284865,0.020481031
1874,37480.004,1787268378486.926,169459764.223,0.000000000,0.677085578,-0.022229183,0.735283554,0.020474350
1875,37499.993,1787268378506.914,169459784.211,0.000000000,0.677078247,-0.022230342,0.735290289,0.020472372
1876,37520.001,1787268378526.922,169459804.220,0.000000000,0.677084029,-0.022217860,0.735285282,0.020474834
1877,37539.992,1787268378546.913,169459824.210,0.000000000,0.677085459,-0.022220850,0.735283971,0.020472197
1878,37559.994,1787268378566.915,169459844.213,0.000000000,0.677089512,-0.022202585,0.735280573,0.020483579
1879,37579.989,1787268378586.910,169459864.208,0.000000000,0.677097201,-0.022193629,0.735273361,0.020492498
1880,37599.995,1787268378606.916,169459884.214,0.000000000,0.677100480,-0.022188973,0.735270321,0.020495821
1881,37619.999,1787268378626.920,169459904.217,0.000000000,0.677097321,-0.022192819,0.735273182,0.020497371
1882,37639.995,1787268378646.916,169459924.213,0.000000000,0.677107334,-0.022211265,0.735263765,0.020482486
1883,37659.992,1787268378666.913,169459944.210,0.000000000,0.677105665,-0.022226892,0.735265017,0.020477338
1884,37679.993,1787268378686.914,169459964.211,0.000000000,0.677105844,-0.022228727,0.735264778,0.020475410
1885,37700.001,1787268378706.922,169459984.219,0.000000000,0.677105248,-0.022228848,0.735265255,0.020476334
1886,37719.998,1787268378726.919,169460004.216,0.000000000,0.677105904,-0.022224739,0.735264719,0.020481246
1887,37740.001,1787268378746.922,169460024.219,0.000000000,0.677110970,-0.022234363,0.735259891,0.020474756
1888,37760.011,1787268378766.932,169460044.230,0.000000000,0.677118242,-0.022208516,0.735253632,0.020489676
1889,37779.993,1787268378786.915,169460064.212,0.000000000,0.677117586,-0.022211583,0.735254228,0.020481924
1890,37800.008,1787268378806.929,169460084.226,0.000000000,0.677116275,-0.022211805,0.735255480,0.020481646
1891,37820.000,1787268378826.921,169460104.218,0.000000000,0.677122653,-0.022217967,0.735249698,0.020475188
1892,37840.000,1787268378846.921,169460124.218,0.000000000,0.677127063,-0.022224529,0.735245645,0.020468606
1893,37860.000,1787268378866.921,169460144.218,0.000000000,0.677130938,-0.022225445,0.735241950,0.020472251
1894,37880.003,1787268378886.924,169460164.221,0.000000000,0.677133501,-0.022219252,0.735239446,0.020482050
