Authorization required, but no authorization protocol specified

Authorization required, but no authorization protocol specified

Authorization required, but no authorization protocol specified

Authorization required, but no authorization protocol specified

Authorization required, but no authorization protocol specified

cat: '/sys/devices/system/cpu/cpu*/cpufreq/scaling_governor': No such file or directory
Authorization required, but no authorization protocol specified

Authorization required, but no authorization protocol specified

[Info] [carb] Logging to file: /isaac-sim/kit/logs/Kit/Isaac-Sim Python/5.1/kit_20260822_123955.log
[0.128s] [ext: omni.kit.async_engine-0.0.3] startup
[0.926s] [ext: omni.metrics.core-0.0.3] startup
[0.926s] [ext: omni.client.lib-1.1.0] startup
[0.962s] [ext: omni.blobkey-1.1.2] startup
[0.962s] [ext: omni.stats-1.0.1] startup
[0.971s] [ext: omni.datastore-0.0.0] startup
[0.977s] [ext: omni.client-1.3.0] startup
[0.984s] [ext: omni.ujitso.default-1.0.0] startup
[0.987s] [ext: omni.hsscclient-1.1.2] startup
[1.008s] [ext: omni.gpu_foundation.shadercache.vulkan-1.0.0] startup
[1.040s] [ext: omni.assets.plugins-0.0.0] startup
[1.042s] [ext: omni.gpu_foundation-0.0.0] startup
[1.054s] [ext: carb.windowing.plugins-1.0.0] startup
2026-08-22T12:39:56Z [1,013ms] [Warning] [carb.windowing-glfw.plugin] GLFW initialization failed.
2026-08-22T12:39:56Z [1,013ms] [Warning] [carb] Failed to startup plugin carb.windowing-glfw.plugin (interfaces: [carb::windowing::IGLContext v1.0],[carb::windowing::IWindowing v1.5]) (impl: carb.windowing-glfw.plugin)
[1.056s] [ext: omni.kit.renderer.init-0.0.0] startup
2026-08-22T12:39:56Z [1,060ms] [Warning] [omni.platforminfo.plugin] failed to open the default display.  Can't verify X Server version.
2026-08-22T12:39:56Z [1,342ms] [Warning] [carb.windowing-glfw.plugin] GLFW initialization failed.
2026-08-22T12:39:56Z [1,342ms] [Warning] [carb] Failed to startup plugin carb.windowing-glfw.plugin (interfaces: [carb::windowing::IGLContext v1.0],[carb::windowing::IWindowing v1.5]) (impl: carb.windowing-glfw.plugin)

|---------------------------------------------------------------------------------------------|
| Driver Version: 580.105.08    | Graphics API: Vulkan
|=============================================================================================|
| GPU | Name                             | Active | LDA | GPU Memory | Vendor-ID | LUID       |
|     |                                  |        |     |            | Device-ID | UUID       |
|     |                                  |        |     |            | Bus-ID    |            |
|---------------------------------------------------------------------------------------------|
| 0   | NVIDIA GeForce RTX 4090          | Yes: 0 |     | 24810   MB | 10de      | 0          |
|     |                                  |        |     |            | 2684      | ea3ff652.. |
|     |                                  |        |     |            | 0         |            |
|=============================================================================================|
| OS: 24.04.2 LTS (Noble Numbat) ubuntu, Version: 24.04.2, Kernel: 6.8.0-87-generic
| Processor: AMD EPYC 7713 64-Core Processor
| Cores: 40 | Logical Cores: 40
|---------------------------------------------------------------------------------------------|
| Total Memory (MB): 135018 | Free Memory: 128567
| Total Page/Swap (MB): 0 | Free Page/Swap: 0
|---------------------------------------------------------------------------------------------|
[2.179s] [ext: omni.kit.pipapi-0.0.0] startup
[2.193s] [ext: omni.kit.pip_archive-0.0.0] startup
[2.201s] [ext: omni.pip.compute-1.6.3] startup
[2.209s] [ext: omni.materialx.libs-1.0.7] startup
[2.226s] [ext: omni.pip.cloud-1.4.3] startup
[2.257s] [ext: omni.isaac.core_archive-3.0.0] startup
[2.265s] [ext: omni.usd.config-1.0.6] startup
[2.280s] [ext: omni.gpucompute.plugins-0.0.0] startup
[2.281s] [ext: omni.usd.libs-1.0.1] startup
[2.379s] [ext: omni.kit.telemetry-0.5.2] startup
[2.473s] [ext: omni.mdl-56.0.3] startup
[3.055s] [ext: omni.iray.libs-0.0.0] startup
[3.063s] [ext: omni.mdl.neuraylib-0.2.12] startup
[3.085s] [ext: omni.kit.usd.mdl-1.1.5] startup
[3.266s] [ext: omni.isaac.ml_archive-3.0.4] startup
[3.273s] [ext: omni.kit.loop-isaac-1.3.7] startup
[3.283s] [ext: omni.kit.test-2.0.1] startup
[3.629s] [ext: omni.appwindow-1.1.10] startup
2026-08-22T12:39:59Z [3,588ms] [Warning] [carb.windowing-glfw.plugin] GLFW initialization failed.
2026-08-22T12:39:59Z [3,588ms] [Warning] [carb] Failed to startup plugin carb.windowing-glfw.plugin (interfaces: [carb::windowing::IGLContext v1.0],[carb::windowing::IWindowing v1.5]) (impl: carb.windowing-glfw.plugin)
Authorization required, but no authorization protocol specified

2026-08-22T12:39:59Z [3,590ms] [Warning] [carb.windowing-glfw.plugin] GLFW initialization failed.
2026-08-22T12:39:59Z [3,590ms] [Warning] [carb] Failed to startup plugin carb.windowing-glfw.plugin (interfaces: [carb::windowing::IGLContext v1.0],[carb::windowing::IWindowing v1.5]) (impl: carb.windowing-glfw.plugin)
2026-08-22T12:39:59Z [3,590ms] [Error] [omni.appwindow.plugin] Failed to acquire IWindowing interface
2026-08-22T12:39:59Z [3,590ms] [Error] [omni.appwindow.plugin] IAppWindow::startup failed
Authorization required, but no authorization protocol specified

Authorization required, but no authorization protocol specified

[3.640s] [ext: omni.kit.renderer.core-1.1.0] startup
2026-08-22T12:39:59Z [3,624ms] [Warning] [carb.windowing-glfw.plugin] GLFW initialization failed.
2026-08-22T12:39:59Z [3,624ms] [Warning] [carb] Failed to startup plugin carb.windowing-glfw.plugin (interfaces: [carb::windowing::IGLContext v1.0],[carb::windowing::IWindowing v1.5]) (impl: carb.windowing-glfw.plugin)
[3.677s] [ext: omni.kit.renderer.capture-0.0.0] startup
[3.693s] [ext: omni.kit.renderer.imgui-2.0.5] startup
2026-08-22T12:39:59Z [3,657ms] [Warning] [carb.windowing-glfw.plugin] GLFW initialization failed.
2026-08-22T12:39:59Z [3,657ms] [Warning] [carb] Failed to startup plugin carb.windowing-glfw.plugin (interfaces: [carb::windowing::IGLContext v1.0],[carb::windowing::IWindowing v1.5]) (impl: carb.windowing-glfw.plugin)
2026-08-22T12:39:59Z [3,658ms] [Warning] [omni.ui.windowmanager.plugin] Failed to set app window for default window set!
[3.710s] [ext: omni.ui-2.27.1] startup
[3.737s] [ext: omni.kit.mainwindow-1.0.3] startup
[3.749s] [ext: carb.audio-0.1.0] startup
[3.755s] [ext: omni.uiaudio-1.0.0] startup
[3.763s] [ext: omni.kit.uiapp-0.0.0] startup
[3.763s] [ext: omni.usd.schema.metrics.assembler-107.3.1] startup
[3.778s] [ext: omni.usd.schema.audio-0.0.0] startup
[3.792s] [ext: omni.anim.graph.schema-107.3.3] startup
[3.817s] [ext: omni.usd_resolver-1.0.0] startup
[3.829s] [ext: omni.usd.core-1.5.3] startup
[3.832s] [ext: omni.usd.schema.render_settings.rtx-0.0.0] startup
[3.905s] [ext: omni.usd.schema.semantics-0.0.0] startup
[3.917s] [ext: isaacsim.robot.schema-3.6.0] startup
[3.945s] [ext: omni.usd.schema.geospatial-0.0.0] startup
[3.957s] [ext: omni.usd.schema.anim-0.0.0] startup
[3.992s] [ext: omni.kit.window.popup_dialog-2.0.24] startup
[4.015s] [ext: usdrt.scenegraph-7.6.1] startup
[4.112s] [ext: omni.timeline-1.0.14] startup
[4.120s] [ext: omni.resourcemonitor-107.0.1] startup
[4.133s] [ext: omni.activity.core-1.0.3] startup
[4.143s] [ext: omni.kit.widget.nucleus_connector-2.0.1] startup
[4.163s] [ext: omni.hydra.usdrt_delegate-7.5.1] startup
[4.178s] [ext: omni.kit.actions.core-1.0.0] startup
[4.192s] [ext: omni.graph.exec-0.9.6] startup
[4.193s] [ext: omni.kit.commands-1.4.10] startup
[4.218s] [ext: omni.kit.usd_undo-0.1.8] startup
[4.226s] [ext: omni.kit.exec.core-0.13.4] startup
[4.242s] [ext: omni.kit.audiodeviceenum-1.0.2] startup
[4.255s] [ext: omni.hydra.scene_delegate-0.3.4] startup
[4.266s] [ext: omni.usd-1.13.10] startup
[4.395s] [ext: omni.kit.asset_converter-5.0.17] startup
[4.429s] [ext: omni.usd.schema.flow-107.1.1] startup
[4.437s] [ext: omni.usd.schema.omnigraph-1.0.0] startup
[4.457s] [ext: omni.usd.schema.omni_sensors-0.0.0] startup
[4.468s] [ext: omni.anim.navigation.schema-107.3.3] startup
[4.487s] [ext: omni.inspect-1.0.2] startup
[4.505s] [ext: omni.kit.notification_manager-1.0.10] startup
[4.526s] [ext: omni.graph.core-2.184.5] startup
[4.532s] [ext: isaacsim.core.deprecation_manager-0.2.7] startup
[4.545s] [ext: omni.usd.schema.physx-107.3.26] startup
[4.636s] [ext: omni.usd.schema.isaac-3.0.5] startup
[4.636s] [ext: omni.usd.schema.omniscripting-1.0.0] startup
[4.666s] [ext: omni.usd.schema.omni_lens_distortion-0.0.0] startup
[4.682s] [ext: omni.kvdb-107.3.26] startup
[4.696s] [ext: omni.usdphysics-107.3.26] startup
[4.711s] [ext: omni.physx.foundation-107.3.26] startup
[4.726s] [ext: omni.localcache-107.3.26] startup
[4.739s] [ext: omni.convexdecomposition-107.3.26] startup
[4.755s] [ext: omni.physx.cooking-107.3.26] startup
[4.773s] [ext: omni.physx-107.3.26] startup
[4.820s] [ext: omni.physics-107.3.26] startup
[4.839s] [ext: omni.kit.usd.layers-2.2.11] startup
[4.928s] [ext: omni.physics.physx-107.3.26] startup
2026-08-22T12:40:00Z [4,887ms] [Warning] [carb] Acquiring non optional plugin interface which is not listed as dependency: [omni::physx::IPhysxBenchmarks v1.0] (plugin: <default plugin>), by client: omni.physics.physx.plugin. Add it to CARB_PLUGIN_IMPL_DEPS() macro of a client.
[4.938s] [ext: omni.physics.stageupdate-107.3.26] startup
[4.951s] [ext: omni.kit.numpy.common-0.1.3] startup
[4.961s] [ext: isaacsim.core.version-2.0.6] startup
[4.971s] [ext: omni.isaac.dynamic_control-2.0.7] startup
2026-08-22T12:40:00Z [4,947ms] [Warning] [omni.isaac.dynamic_control] omni.isaac.dynamic_control is deprecated as of Isaac Sim 4.5. No action is needed from end-users.
[4.992s] [ext: isaacsim.storage.native-1.5.1] startup
[5.011s] [ext: omni.kit.menu.core-1.1.2] startup
[5.024s] [ext: omni.kit.helper.file_utils-0.1.9] startup
[5.039s] [ext: omni.usd.metrics.assembler-107.3.1] startup
[5.060s] [ext: omni.kit.widget.context_menu-1.2.5] startup
[5.075s] [ext: omni.warp.core-1.8.2] startup
[5.550s] [ext: omni.usd.metrics.assembler.physics-107.3.26] startup
[5.574s] [ext: omni.physics.tensors-107.3.26] startup
[5.606s] [ext: omni.kit.context_menu-1.8.6] startup
[5.627s] [ext: omni.kit.clipboard-1.0.5] startup
[5.634s] [ext: isaacsim.core.utils-3.5.1] startup
[5.655s] [ext: omni.kit.widget.filebrowser-2.12.3] startup
[5.700s] [ext: omni.kit.widget.options_menu-1.1.6] startup
[5.724s] [ext: omni.kit.widget.path_field-2.0.11] startup
[5.739s] [ext: omni.index.libs-380600.8087.0] startup
[5.739s] [ext: omni.ui.scene-1.11.5] startup
[5.751s] [ext: omni.kit.widget.options_button-1.0.3] startup
[5.762s] [ext: omni.kit.widget.browser_bar-2.0.10] startup
[5.775s] [ext: omni.index-1.0.1] startup
[5.776s] [ext: omni.hydra.rtx.shadercache.vulkan-1.0.0] startup
[5.788s] [ext: omni.kit.window.filepicker-2.13.4] startup
[5.910s] [ext: omni.volume-0.5.2] startup
[5.918s] [ext: omni.ujitso.client-0.0.0] startup
[5.919s] [ext: omni.graph.tools-1.79.2] startup
[6.094s] [ext: omni.graph.image.core-0.6.1] startup
[6.095s] [ext: omni.hydra.rtx-1.0.0] startup
2026-08-22T12:40:01Z [6,072ms] [Warning] [omni.log] Source: omni.hydra was already registered.
[6.137s] [ext: omni.kit.window.file_importer-1.1.18] startup
[6.151s] [ext: omni.kit.menu.utils-2.0.5] startup
[6.211s] [ext: omni.graph.image.nodes-1.3.1] startup
[6.212s] [ext: omni.kit.widget.searchable_combobox-1.0.6] startup
[6.226s] [ext: omni.kit.hydra_texture-1.4.6] startup
[6.240s] [ext: omni.kit.material.library-2.0.7] startup
[6.283s] [ext: omni.hydra.engine.stats-1.0.3] startup
[6.295s] [ext: omni.kit.viewport.scene_camera_model-1.0.6] startup
[6.309s] [ext: omni.kit.widget.settings-1.2.6] startup
[6.332s] [ext: omni.kit.viewport.legacy_gizmos-1.0.19] startup
[6.341s] [ext: omni.kit.widget.viewport-107.1.3] startup
[6.378s] [ext: omni.kit.viewport.registry-104.0.6] startup
[6.389s] [ext: omni.kit.raycast.query-1.1.0] startup
[6.406s] [ext: omni.physx.tensors-107.3.26] startup
[6.411s] [ext: omni.kit.window.drop_support-1.0.5] startup
[6.421s] [ext: omni.kit.primitive.mesh-1.0.17] startup
[6.453s] [ext: omni.kit.viewport.window-107.2.0] startup
2026-08-22T12:40:02Z [6,451ms] [Error] [omni.kit.window.drop_support.drop_support] Cannot setup ExternalDragDrop without a default window
2026-08-22T12:40:02Z [6,451ms] [Error] [omni.ui.python] AttributeError: 'NoneType' object has no attribute 'get_window_minimize_event_stream'

At:
  /isaac-sim/extscache/omni.kit.viewport.window-107.2.0+69cbf6ad/omni/kit/viewport/window/window.py(136): __init__
  /isaac-sim/extscache/omni.kit.viewport.window-107.2.0+69cbf6ad/omni/kit/viewport/window/menu_entry.py(203): __show_window
  /isaac-sim/extscache/omni.kit.viewport.window-107.2.0+69cbf6ad/omni/kit/viewport/window/menu_entry.py(139): <lambda>
  /isaac-sim/extscache/omni.kit.viewport.window-107.2.0+69cbf6ad/omni/kit/viewport/window/menu_entry.py(141): __init__
  /isaac-sim/extscache/omni.kit.viewport.window-107.2.0+69cbf6ad/omni/kit/viewport/window/menu_entry.py(250): <listcomp>
  /isaac-sim/extscache/omni.kit.viewport.window-107.2.0+69cbf6ad/omni/kit/viewport/window/menu_entry.py(249): create_viewport_window_menu
  /isaac-sim/extscache/omni.kit.viewport.window-107.2.0+69cbf6ad/omni/kit/viewport/window/extension.py(37): on_startup
  /isaac-sim/kit/kernel/py/omni/ext/_impl/_internal.py(173): _startup_ext
  /isaac-sim/kit/kernel/py/omni/ext/_impl/_internal.py(233): startup
  /isaac-sim/kit/kernel/py/omni/ext/_impl/_internal.py(337): startup_extension
  PythonExtension.cpp::startup()(2): <module>
  /isaac-sim/exts/isaacsim.simulation_app/isaacsim/simulation_app/simulation_app.py(534): _start_app
  /isaac-sim/exts/isaacsim.simulation_app/isaacsim/simulation_app/simulation_app.py(270): __init__
  /workspace/ferox_isaac/run.py(32): <module>

[6.539s] [ext: omni.kit.window.preferences-1.8.0] startup
[6.583s] [ext: isaacsim.core.simulation_manager-1.4.4] startup
[10.609s] [ext: omni.graph.action_core-1.1.7] startup
[10.626s] [ext: omni.graph-1.141.2] startup
[10.814s] [ext: omni.kit.viewport.utility-1.1.2] startup
[10.834s] [ext: omni.kit.viewport.menubar.core-107.2.1] startup
[10.977s] [ext: isaacsim.core.prims-0.6.1] startup
[11.157s] [ext: omni.graph.action_nodes-1.50.4] startup
[11.176s] [ext: omni.kit.stage_template.core-1.1.22] startup
[11.201s] [ext: omni.syntheticdata-0.6.13] startup
[11.584s] [ext: omni.graph.nodes-1.170.10] startup
[11.616s] [ext: omni.graph.action-1.130.0] startup
[11.649s] [ext: omni.kit.stage_templates-2.0.0] startup
[11.713s] [ext: omni.kit.widget.filter-1.1.4] startup
[11.740s] [ext: omni.kit.widget.graph-2.0.0] startup
[11.828s] [ext: omni.kit.property.adapter.core-1.0.2] startup
[11.848s] [ext: omni.kit.window.file_exporter-1.0.33] startup
[11.863s] [ext: omni.kit.widget.searchfield-1.1.8] startup
[11.882s] [ext: omni.kit.hotkeys.core-1.3.10] startup
[11.884s] [ext: omni.kit.graph.delegate.default-1.2.3] startup
[11.899s] [ext: omni.kit.property.adapter.fabric-1.0.3] startup
[11.924s] [ext: omni.kit.widget.stage-3.1.4] startup
[12.009s] [ext: omni.kit.property.adapter.usd-1.0.2] startup
[12.027s] [ext: omni.kit.graph.editor.core-1.5.3] startup
[12.056s] [ext: omni.kit.widget.material_preview-1.0.16] startup
[12.076s] [ext: omni.kit.widget.highlight_label-1.0.3] startup
[12.089s] [ext: omni.kit.window.file-2.0.5] startup
[12.122s] [ext: omni.kit.window.content_browser_registry-0.0.6] startup
[12.135s] [ext: omni.kit.window.property-1.12.1] startup
[12.162s] [ext: omni.kit.window.content_browser-3.1.3] startup
2026-08-22T12:40:07Z [12,164ms] [Error] [omni.kit.window.drop_support.drop_support] Cannot setup ExternalDragDrop without a default window
[12.207s] [ext: omni.kit.graph.usd.commands-1.3.1] startup
[12.229s] [ext: omni.kit.property.usd-4.5.12] startup
[12.339s] [ext: omni.graph.ui_nodes-1.50.5] startup
[12.357s] [ext: omni.videoencoding-0.1.2] startup
[12.373s] [ext: omni.kit.window.material_graph-1.9.1] startup
[12.489s] [ext: omni.warp-1.8.2] startup
[12.576s] [ext: isaacsim.core.api-4.8.0] startup
[13.033s] [ext: omni.graph.scriptnode-1.50.0] startup
[13.057s] [ext: isaacsim.test.docstring-1.1.0] startup
[13.126s] [ext: isaacsim.core.experimental.utils-0.3.0] startup
[13.153s] [ext: omni.replicator.core-1.12.27] startup
2026-08-22T12:40:08Z [13,249ms] [Warning] [pxr.Semantics] pxr.Semantics is deprecated - please use Semantics instead
2026-08-22T12:40:09Z [13,547ms] [Warning] [omni.graph.core.plugin] Found duplicate of category 'Replicator' - was 'Annotators', adding 'Fabric Reader'
2026-08-22T12:40:09Z [13,547ms] [Warning] [omni.graph.core.plugin] Category 'Replicator' not accepted on node type 'omni.replicator.core.FabricReader' in extension 'omni.replicator.core'
2026-08-22T12:40:09Z [13,548ms] [Warning] [omni.replicator.core.scripts.extension] No material configuration file, adding configuration to material settings directly.
[13.595s] [ext: isaacsim.core.experimental.prims-0.8.1] startup
[13.760s] [ext: omni.kit.window.extensions-1.4.27] startup
[13.828s] [ext: isaacsim.core.experimental.objects-0.4.0] startup
[13.956s] [ext: omni.ui_query-1.1.8] startup
[13.980s] [ext: omni.kit.manipulator.viewport-107.0.1] startup
[14.020s] [ext: isaacsim.robot.surface_gripper-3.3.1] startup
[14.053s] [ext: omni.kit.ui_test-1.3.7] startup
[14.097s] [ext: omni.graph.visualization.nodes-2.1.3] startup
[14.281s] [ext: isaacsim.robot_motion.lula-4.0.8] startup
[14.377s] [ext: isaacsim.core.nodes-3.4.3] startup
[14.504s] [ext: isaacsim.gui.components-1.2.1] startup
[14.707s] [ext: isaacsim.robot_motion.motion_generation-8.0.26] startup
[15.140s] [ext: isaacsim.robot.manipulators-3.3.6] startup
[15.278s] [ext: isaacsim.core.experimental.materials-0.4.0] startup
[15.471s] [ext: isaacsim.robot.manipulators.examples-1.1.2] startup
[15.505s] [ext: isaacsim.cortex.framework-1.0.12] startup
[15.538s] [ext: isaacsim.cortex.behaviors-2.0.14] startup
[15.561s] [ext: omni.isaac.cortex.sample_behaviors-2.0.5] startup
2026-08-22T12:40:11Z [15,571ms] [Warning] [omni.isaac.cortex] omni.isaac.cortex has been deprecated in favor of isaacsim.cortex.framework. Please update your code accordingly.
2026-08-22T12:40:11Z [15,609ms] [Warning] [omni.isaac.cortex.sample_behaviors] omni.isaac.cortex.sample_behaviors has been deprecated in favor of isaacsim.cortex.behaviors. Please update your code accordingly.
[15.662s] [ext: omni.kit.widget.zoombar-1.0.6] startup
[15.830s] [ext: isaacsim.gui.content_browser-0.1.11] startup
[15.966s] [ext: omni.kit.browser.core-2.3.13] startup
[16.289s] [ext: omni.kit.widget.stage_icons-1.0.8] startup
[16.392s] [ext: omni.kit.widget.prompt-1.0.7] startup
[16.487s] [ext: omni.kit.usd.collect-2.4.5] startup
[16.763s] [ext: omni.kit.browser.folder.core-1.10.9] startup
[17.405s] [ext: omni.kit.window.stage-2.6.1] startup
[17.566s] [ext: omni.kit.usdz_export-1.0.9] startup
[17.610s] [ext: omni.kit.tool.collect-2.2.18] startup
[17.671s] [ext: omni.kit.menu.stage-1.2.7] startup
[17.701s] [ext: omni.kit.tool.asset_importer-4.3.2] startup
[17.850s] [ext: isaacsim.robot.wheeled_robots-4.0.24] startup
[17.954s] [ext: isaacsim.examples.browser-0.2.1] startup
[17.997s] [ext: isaacsim.asset.importer.urdf-2.4.30] startup
[18.470s] [ext: omni.isaac.wheeled_robots-3.0.7] startup
2026-08-22T12:40:14Z [18,444ms] [Warning] [omni.isaac.wheeled_robots] omni.isaac.wheeled_robots has been deprecated in favor of isaacsim.robot.wheeled_robots. Please update your code accordingly.
2026-08-22T12:40:14Z [18,458ms] [Warning] [omni.isaac.wheeled_robots.controllers] omni.isaac.wheeled_robots has been deprecated in favor of isaacsim.robot.wheeled_robots. Please update your code accordingly.
2026-08-22T12:40:14Z [18,463ms] [Warning] [omni.isaac.wheeled_robots.controllers.ackermann_controller] omni.isaac.wheeled_robots has been deprecated in favor of isaacsim.robot.wheeled_robots. Please update your code accordingly.
2026-08-22T12:40:14Z [18,464ms] [Warning] [omni.isaac.wheeled_robots.controllers.differential_controller] omni.isaac.wheeled_robots has been deprecated in favor of isaacsim.robot.wheeled_robots. Please update your code accordingly.
2026-08-22T12:40:14Z [18,465ms] [Warning] [omni.isaac.wheeled_robots.controllers.holonomic_controller] omni.isaac.wheeled_robots has been deprecated in favor of isaacsim.robot.wheeled_robots. Please update your code accordingly.
2026-08-22T12:40:14Z [18,465ms] [Warning] [omni.isaac.wheeled_robots.controllers.quintic_path_planner] omni.isaac.wheeled_robots has been deprecated in favor of isaacsim.robot.wheeled_robots. Please update your code accordingly.
2026-08-22T12:40:14Z [18,466ms] [Warning] [omni.isaac.wheeled_robots.controllers.stanley_control] omni.isaac.wheeled_robots has been deprecated in favor of isaacsim.robot.wheeled_robots. Please update your code accordingly.
2026-08-22T12:40:14Z [18,467ms] [Warning] [omni.isaac.wheeled_robots.controllers.wheel_base_pose_controller] omni.isaac.wheeled_robots has been deprecated in favor of isaacsim.robot.wheeled_robots. Please update your code accordingly.
2026-08-22T12:40:14Z [18,470ms] [Warning] [omni.isaac.wheeled_robots.impl] omni.isaac.wheeled_robots has been deprecated in favor of isaacsim.robot.wheeled_robots. Please update your code accordingly.
2026-08-22T12:40:14Z [18,475ms] [Warning] [omni.isaac.wheeled_robots.robots] omni.isaac.wheeled_robots has been deprecated in favor of isaacsim.robot.wheeled_robots. Please update your code accordingly.
2026-08-22T12:40:14Z [18,476ms] [Warning] [omni.isaac.wheeled_robots.robots.holonomic_robot_usd_setup] omni.isaac.wheeled_robots has been deprecated in favor of isaacsim.robot.wheeled_robots. Please update your code accordingly.
2026-08-22T12:40:14Z [18,476ms] [Warning] [omni.isaac.wheeled_robots.robots.wheeled_robot] omni.isaac.wheeled_robots has been deprecated in favor of isaacsim.robot.wheeled_robots. Please update your code accordingly.
[18.524s] [ext: isaacsim.simulation_app-2.12.2] startup
[18.530s] [ext: omni.isaac.franka-1.0.7] startup
2026-08-22T12:40:14Z [18,499ms] [Warning] [omni.isaac.franka] omni.isaac.franka has been deprecated in favor of isaacsim.robot.manipulators.examples.franka. Please update your code accordingly.
2026-08-22T12:40:14Z [18,500ms] [Warning] [omni.isaac.franka.franka] omni.isaac.franka has been deprecated in favor of isaacsim.robot.manipulators.examples.franka. Please update your code accordingly.
2026-08-22T12:40:14Z [18,584ms] [Warning] [omni.isaac.franka.kinematics_solver] omni.isaac.franka has been deprecated in favor of isaacsim.robot.manipulators.examples.franka. Please update your code accordingly.
[18.627s] [ext: omni.isaac.kit-2.0.6] startup
2026-08-22T12:40:14Z [18,601ms] [Warning] [omni.isaac.kit] omni.isaac.kit has been deprecated in favor of isaacsim.simulation_app. Please update your code accordingly.
[18.644s] [ext: omni.kit.selection-0.1.6] startup
[18.665s] [ext: omni.isaac.lula-4.0.6] startup
2026-08-22T12:40:14Z [18,631ms] [Warning] [omni.isaac.lula] omni.isaac.lula has been deprecated in favor of isaacsim.robot_motion.lula. Please update your code accordingly.
[18.677s] [ext: isaacsim.robot_motion.lula_test_widget-1.0.12] startup
[18.711s] [ext: isaacsim.asset.browser-1.3.23] startup
[19.020s] [ext: omni.kit.viewport.actions-107.0.2] startup
[19.049s] [ext: isaacsim.gui.menu-2.4.4] startup
[19.099s] [ext: omni.isaac.manipulators-3.0.7] startup
2026-08-22T12:40:14Z [19,076ms] [Warning] [omni.isaac.manipulators] omni.isaac.manipulators has been deprecated in favor of isaacsim.robot.manipulators. Please update your code accordingly.
2026-08-22T12:40:14Z [19,079ms] [Warning] [omni.isaac.manipulators.controllers] omni.isaac.manipulators has been deprecated in favor of isaacsim.robot.manipulators. Please update your code accordingly.
2026-08-22T12:40:14Z [19,080ms] [Warning] [omni.isaac.manipulators.controllers.pick_place_controller] omni.isaac.manipulators has been deprecated in favor of isaacsim.robot.manipulators. Please update your code accordingly.
2026-08-22T12:40:14Z [19,086ms] [Warning] [omni.isaac.manipulators.controllers.stacking_controller] omni.isaac.manipulators has been deprecated in favor of isaacsim.robot.manipulators. Please update your code accordingly.
2026-08-22T12:40:14Z [19,089ms] [Warning] [omni.isaac.manipulators.grippers] omni.isaac.manipulators has been deprecated in favor of isaacsim.robot.manipulators. Please update your code accordingly.
2026-08-22T12:40:14Z [19,090ms] [Warning] [omni.isaac.manipulators.grippers.gripper] omni.isaac.manipulators has been deprecated in favor of isaacsim.robot.manipulators. Please update your code accordingly.
2026-08-22T12:40:14Z [19,090ms] [Warning] [omni.isaac.manipulators.grippers.parallel_gripper] omni.isaac.manipulators has been deprecated in favor of isaacsim.robot.manipulators. Please update your code accordingly.
2026-08-22T12:40:14Z [19,091ms] [Warning] [omni.isaac.manipulators.grippers.surface_gripper] omni.isaac.manipulators has been deprecated in favor of isaacsim.robot.manipulators. Please update your code accordingly.
2026-08-22T12:40:14Z [19,093ms] [Warning] [omni.isaac.manipulators.manipulators] omni.isaac.manipulators has been deprecated in favor of isaacsim.robot.manipulators. Please update your code accordingly.
2026-08-22T12:40:14Z [19,093ms] [Warning] [omni.isaac.manipulators.manipulators.single_manipulator] omni.isaac.manipulators has been deprecated in favor of isaacsim.robot.manipulators. Please update your code accordingly.
[19.139s] [ext: omni.isaac.lula_test_widget-1.0.6] startup
2026-08-22T12:40:14Z [19,108ms] [Warning] [omni.isaac.lula_test_widget] omni.isaac.lula_test_widget has been deprecated in favor of isaacsim.robot_motion.lula_test_widget. Please update your code accordingly.
[19.151s] [ext: omni.isaac.asset_browser-1.0.6] startup
2026-08-22T12:40:14Z [19,123ms] [Warning] [omni.isaac.asset_browser] omni.isaac.asset_browser has been deprecated in favor of isaacsim.asset.browser. Please update your code accordingly.
[19.169s] [ext: omni.kit.viewport.menubar.display-107.0.3] startup
[19.192s] [ext: omni.isaac.menu-1.0.6] startup
2026-08-22T12:40:14Z [19,160ms] [Warning] [omni.isaac.menu] omni.isaac.menu has been deprecated in favor of isaacsim.gui.menu. Please update your code accordingly.
[19.206s] [ext: omni.isaac.motion_generation-8.0.7] startup
2026-08-22T12:40:14Z [19,177ms] [Warning] [omni.isaac.motion_generation] omni.isaac.motion_generation has been deprecated in favor of isaacsim.robot_motion.motion_generation. Please update your code accordingly.
2026-08-22T12:40:14Z [19,177ms] [Warning] [omni.isaac.motion_generation.articulation_kinematics_solver] omni.isaac.motion_generation has been deprecated in favor of isaacsim.robot_motion.motion_generation. Please update your code accordingly.
2026-08-22T12:40:14Z [19,178ms] [Warning] [omni.isaac.motion_generation.articulation_motion_policy] omni.isaac.motion_generation has been deprecated in favor of isaacsim.robot_motion.motion_generation. Please update your code accordingly.
2026-08-22T12:40:14Z [19,178ms] [Warning] [omni.isaac.motion_generation.articulation_trajectory] omni.isaac.motion_generation has been deprecated in favor of isaacsim.robot_motion.motion_generation. Please update your code accordingly.
2026-08-22T12:40:14Z [19,179ms] [Warning] [omni.isaac.motion_generation.kinematics_interface] omni.isaac.motion_generation has been deprecated in favor of isaacsim.robot_motion.motion_generation. Please update your code accordingly.
2026-08-22T12:40:14Z [19,181ms] [Warning] [omni.isaac.motion_generation.lula] omni.isaac.motion_generation has been deprecated in favor of isaacsim.robot_motion.motion_generation. Please update your code accordingly.
2026-08-22T12:40:14Z [19,181ms] [Warning] [omni.isaac.motion_generation.lula.kinematics] omni.isaac.motion_generation has been deprecated in favor of isaacsim.robot_motion.motion_generation. Please update your code accordingly.
2026-08-22T12:40:14Z [19,182ms] [Warning] [omni.isaac.motion_generation.lula.motion_policies] omni.isaac.motion_generation has been deprecated in favor of isaacsim.robot_motion.motion_generation. Please update your code accordingly.
2026-08-22T12:40:14Z [19,182ms] [Warning] [omni.isaac.motion_generation.lula.path_planners] omni.isaac.motion_generation has been deprecated in favor of isaacsim.robot_motion.motion_generation. Please update your code accordingly.
2026-08-22T12:40:14Z [19,183ms] [Warning] [omni.isaac.motion_generation.lula.trajectory_generator] omni.isaac.motion_generation has been deprecated in favor of isaacsim.robot_motion.motion_generation. Please update your code accordingly.
2026-08-22T12:40:14Z [19,183ms] [Warning] [omni.isaac.motion_generation.motion_policy_controller] omni.isaac.motion_generation has been deprecated in favor of isaacsim.robot_motion.motion_generation. Please update your code accordingly.
2026-08-22T12:40:14Z [19,184ms] [Warning] [omni.isaac.motion_generation.motion_policy_interface] omni.isaac.motion_generation has been deprecated in favor of isaacsim.robot_motion.motion_generation. Please update your code accordingly.
2026-08-22T12:40:14Z [19,184ms] [Warning] [omni.isaac.motion_generation.path_planner_visualizer] omni.isaac.motion_generation has been deprecated in favor of isaacsim.robot_motion.motion_generation. Please update your code accordingly.
2026-08-22T12:40:14Z [19,184ms] [Warning] [omni.isaac.motion_generation.path_planning_interface] omni.isaac.motion_generation has been deprecated in favor of isaacsim.robot_motion.motion_generation. Please update your code accordingly.
2026-08-22T12:40:14Z [19,185ms] [Warning] [omni.isaac.motion_generation.trajectory] omni.isaac.motion_generation has been deprecated in favor of isaacsim.robot_motion.motion_generation. Please update your code accordingly.
2026-08-22T12:40:14Z [19,185ms] [Warning] [omni.isaac.motion_generation.world_interface] omni.isaac.motion_generation has been deprecated in favor of isaacsim.robot_motion.motion_generation. Please update your code accordingly.
[19.232s] [ext: omni.isaac.assets_check-0.3.13] startup
2026-08-22T12:40:14Z [19,203ms] [Warning] [omni.isaac.assets_check] omni.isaac.assets_check has been deprecated in favor of isaacsim.asset.browser. Please update your code accordingly.
[19.246s] [ext: isaacsim.gui.sensors.icon-2.0.3] startup
[19.367s] [ext: isaacsim.asset.importer.mjcf-2.5.13] startup
[19.408s] [ext: omni.sensors.nv.common-3.0.0] startup
[19.437s] [ext: isaacsim.sensors.physics-0.4.3] startup
[19.466s] [ext: omni.sensors.net-1.0.0] startup
[19.484s] [ext: omni.isaac.nucleus-1.0.6] startup
2026-08-22T12:40:15Z [19,451ms] [Warning] [omni.isaac.nucleus] omni.isaac.nucleus has been deprecated in favor of isaacsim.storage.native. Please update your code accordingly.
2026-08-22T12:40:15Z [19,451ms] [Warning] [omni.isaac.nucleus.nucleus] omni.isaac.nucleus.nucleus has been deprecated in favor of isaacsim.storage.native. Please update your code accordingly.
[19.494s] [ext: omni.sensors.nv.materials-2.0.0] startup
[19.516s] [ext: isaacsim.robot.policy.examples-4.1.11] startup
[19.545s] [ext: omni.sensors.nv.wpm-3.0.0] startup
[19.553s] [ext: omni.sensors.nv.lidar-3.0.0] startup
[19.575s] [ext: isaacsim.util.debug_draw-3.1.0] startup
[19.596s] [ext: omni.sensors.nv.radar-3.0.0] startup
[19.603s] [ext: omni.sensors.nv.ids-2.0.0] startup
[19.607s] [ext: isaacsim.core.cloner-1.4.10] startup
[19.627s] [ext: isaacsim.sensors.physx-2.3.2] startup
[19.656s] [ext: isaacsim.sensors.rtx-15.8.4] startup
[19.699s] [ext: isaacsim.sensors.camera-1.3.6] startup
[19.772s] [ext: omni.isaac.quadruped-3.0.7] startup
2026-08-22T12:40:15Z [19,743ms] [Warning] [omni.isaac.quadruped] omni.isaac.quadruped has been deprecated in favor of isaacsim.robot.policy.examples. Please update your code accordingly.
[19.792s] [ext: omni.isaac.cloner-1.0.7] startup
2026-08-22T12:40:15Z [19,760ms] [Warning] [omni.isaac.cloner] omni.isaac.cloner has been deprecated in favor of isaacsim.core.cloner. Please update your code accordingly.
[19.805s] [ext: omni.isaac.range_sensor-4.0.6] startup
2026-08-22T12:40:15Z [19,780ms] [Warning] [omni.isaac.range_sensor] omni.isaac.range_sensor has been deprecated in favor of isaacsim.sensors.physx. Please update your code accordingly.
2026-08-22T12:40:15Z [19,780ms] [Warning] [omni.isaac.range_sensor.commands] omni.isaac.range_sensor.commands has been deprecated in favor of isaacsim.sensors.physx.commands. Please update your code accordingly.
[19.827s] [ext: omni.isaac.sensor-13.0.7] startup
2026-08-22T12:40:15Z [19,797ms] [Warning] [omni.isaac.sensor] omni.isaac.sensor has been deprecated in favor of isaacsim.sensors.camera, isaacsim.sensors.physics, isaacsim.sensors.physx, and isaacsim.sensors.rtx. Please update your code accordingly.
2026-08-22T12:40:15Z [19,798ms] [Warning] [omni.isaac.sensor.camera] omni.isaac.sensor.camera has been deprecated in favor of isaacsim.sensors.camera.camera. Please update your code accordingly.
2026-08-22T12:40:15Z [19,798ms] [Warning] [omni.isaac.sensor.camera_view] omni.isaac.sensor.camera_view has been deprecated in favor of isaacsim.sensors.camera.camera_view. Please update your code accordingly.
2026-08-22T12:40:15Z [19,798ms] [Warning] [omni.isaac.sensor.commands] omni.isaac.sensor.commands has been deprecated in favor of isaacsim.sensors.physics.commands, isaacsim.sensors.physx.commands, and isaacsim.sensors.rtx.commands. Please update your code accordingly.
2026-08-22T12:40:15Z [19,799ms] [Warning] [omni.isaac.sensor.contact_sensor] omni.isaac.sensor.contact_sensor has been deprecated in favor of isaacsim.sensors.physics.contact_sensor. Please update your code accordingly.
2026-08-22T12:40:15Z [19,799ms] [Warning] [omni.isaac.sensor.imu_sensor] omni.isaac.sensor.imu_sensor has been deprecated in favor of isaacsim.sensors.physics.imu_sensor. Please update your code accordingly.
2026-08-22T12:40:15Z [19,800ms] [Warning] [omni.isaac.sensor.lidar_rtx] omni.isaac.sensor.lidar_rtx has been deprecated in favor of isaacsim.sensors.rtx.lidar_rtx. Please update your code accordingly.
2026-08-22T12:40:15Z [19,800ms] [Warning] [omni.isaac.sensor.rotating_lidar_physX] omni.isaac.sensor.imu_sensor has been deprecated in favor of isaacsim.sensors.physix.rotating_lidar_physX. Please update your code accordingly.
2026-08-22T12:40:15Z [19,808ms] [Warning] [omni.isaac.sensor.scripts.samples.contact_sensor] omni.isaac.sensor.scripts.samples.contact_sensor has been deprecated in favor of isaacsim.sensors.physics.scripts.samples.contact_sensor. Please update your code accordingly.
2026-08-22T12:40:15Z [19,808ms] [Warning] [omni.isaac.sensor.scripts.samples.imu_sensor] omni.isaac.sensor.scripts.samples.imu_sensor has been deprecated in favor of isaacsim.sensors.physics.scripts.samples.imu_sensor. Please update your code accordingly.
2026-08-22T12:40:15Z [19,808ms] [Warning] [omni.isaac.sensor.scripts.samples.lightbeam_sensor] omni.isaac.sensor.scripts.samples.lightbeam_sensor has been deprecated in favor of isaacsim.sensors.physx.scripts.samples.lightbeam_sensor. Please update your code accordingly.
[19.853s] [ext: omni.kit.menu.create-2.0.1] startup
[19.891s] [ext: omni.kit.widget.toolbar-2.0.1] startup
[19.944s] [ext: omni.kit.manipulator.transform-107.0.0] startup
[20.016s] [ext: omni.isaac.core-4.0.7] startup
2026-08-22T12:40:15Z [19,992ms] [Warning] [omni.isaac.core.physics_context.physics_context] omni.isaac.core.physics_context.physics_context has been deprecated in favor of isaacsim.core.api.physics_context.physics_context. Please update your code accordingly.
2026-08-22T12:40:15Z [19,995ms] [Warning] [omni.isaac.core.simulation_context.simulation_context] omni.isaac.core.simulation_context.simulation_context has been deprecated in favor of isaacsim.core.api.simulation_context.simulation_context. Please update your code accordingly.
2026-08-22T12:40:15Z [19,999ms] [Warning] [omni.isaac.core.world.world] omni.isaac.core.world.world has been deprecated in favor of isaacsim.core.api.world.world. Please update your code accordingly.
2026-08-22T12:40:15Z [19,999ms] [Warning] [omni.isaac.core] omni.isaac.core has been deprecated in favor of isaacsim.core.api. Please update your code accordingly.
[20.044s] [ext: omni.kit.scripting-107.3.2] startup
[20.092s] [ext: omni.kit.manipulator.tool.snap-1.5.13] startup
[20.132s] [ext: omni.kit.manipulator.selector-1.1.3] startup
[20.149s] [ext: isaacsim.app.about-2.0.11] startup
[20.177s] [ext: isaacsim.replicator.behavior-1.1.16] startup
[20.194s] [ext: omni.kit.viewport.manipulator.transform-107.0.4] startup
[20.219s] [ext: omni.isaac.window.about-2.0.7] startup
2026-08-22T12:40:15Z [20,196ms] [Warning] [omni.isaac.window.about] omni.isaac.window.about has been deprecated in favor of isaacsim.app.about. Please update your code accordingly.
2026-08-22T12:40:15Z [20,196ms] [Warning] [omni.isaac.window.about.about] omni.isaac.window.about.about has been deprecated in favor of isaacsim.app.about.about. Please update your code accordingly.
[20.243s] [ext: omni.fabric.commands-1.1.6] startup
[20.280s] [ext: omni.kit.manipulator.prim.core-107.0.8] startup
[20.334s] [ext: omni.kit.property.audio-1.0.16] startup
[20.360s] [ext: omni.kit.property.camera-1.0.10] startup
[20.385s] [ext: omni.kit.property.geometry-2.0.4] startup
[20.419s] [ext: omni.hydra.scene_api-0.1.2] startup
[20.440s] [ext: omni.kit.property.light-1.0.12] startup
[20.492s] [ext: omni.kit.manipulator.prim.fabric-107.0.4] startup
[20.533s] [ext: omni.kit.manipulator.prim.usd-107.0.3] startup
[20.567s] [ext: omni.kit.property.material-1.11.9] startup
[20.692s] [ext: omni.kit.property.render-1.2.1] startup
[20.717s] [ext: omni.kit.property.transform-1.5.13] startup
[20.796s] [ext: isaacsim.gui.property-1.1.3] startup
[20.824s] [ext: omni.kit.manipulator.camera-106.0.4] startup
[20.873s] [ext: omni.kit.manipulator.prim-107.0.0] startup
[20.875s] [ext: omni.isaac.surface_gripper-2.0.6] startup
2026-08-22T12:40:16Z [20,846ms] [Warning] [omni.isaac.surface_gripper] omni.isaac.surface_gripper has been deprecated in favor of isaacsim.robot.surface_gripper. Please update your code accordingly.
[20.894s] [ext: omni.kit.manipulator.selection-106.0.1] startup
[20.920s] [ext: omni.kit.property.bundle-1.4.1] startup
[20.946s] [ext: omni.kit.property.isaac-1.0.6] startup
2026-08-22T12:40:16Z [20,925ms] [Warning] [omni.kit.property.isaac] omni.kit.property.isaac has been deprecated in favor of isaacsim.gui.property. Please update your code accordingly.
2026-08-22T12:40:16Z [20,926ms] [Warning] [omni.kit.property.isaac.widgets] omni.kit.property.isaac.widgets has been deprecated in favor of isaacsim.gui.property.widgets. Please update your code accordingly.
[20.969s] [ext: omni.isaac.universal_robots-1.0.6] startup
2026-08-22T12:40:16Z [20,942ms] [Warning] [omni.isaac.universal_robots] omni.isaac.universal_robots has been deprecated in favor of isaacsim.robot.manipulators.examples.universal_robots. Please update your code accordingly.
2026-08-22T12:40:16Z [20,942ms] [Warning] [omni.isaac.universal_robots.kinematics_solver] omni.isaac.franka has been deprecated in favor of isaacsim.robot.manipulators.examples.universal_robots. Please update your code accordingly.
2026-08-22T12:40:16Z [20,956ms] [Warning] [omni.isaac.universal_robots.ur10] omni.isaac.franka has been deprecated in favor of isaacsim.robot.manipulators.examples.universal_robots. Please update your code accordingly.
[20.999s] [ext: omni.isaac.core_nodes-2.0.6] startup
2026-08-22T12:40:16Z [20,982ms] [Warning] [omni.isaac.core_nodes] omni.isaac.core_nodes has been deprecated in favor of isaacsim.core.nodes. Please update your code accordingly.
[21.030s] [ext: omni.kit.viewport.menubar.camera-107.0.6] startup
[21.109s] [ext: omni.kit.viewport.menubar.lighting-107.3.1] startup
[21.165s] [ext: isaacsim.replicator.writers-1.0.17] startup
[21.386s] [ext: omni.kit.viewport.menubar.render-107.0.10] startup
[21.496s] [ext: omni.kit.viewport.menubar.settings-107.0.3] startup
[21.581s] [ext: omni.kit.window.console-1.1.4] startup
[21.631s] [ext: isaacsim.replicator.domain_randomization-1.0.16] startup
[21.679s] [ext: isaacsim.replicator.examples-1.3.6] startup
[21.711s] [ext: omni.ocio-0.1.1] startup
[21.741s] [ext: omni.rtx.window.settings-0.6.19] startup
[21.892s] [ext: omni.kit.window.status_bar-0.1.9] startup
[21.909s] [ext: omni.kit.window.toolbar-2.0.0] startup
[21.940s] [ext: omni.replicator.isaac-2.0.8] startup
2026-08-22T12:40:17Z [21,916ms] [Warning] [omni.replicator.isaac] omni.replicator.isaac has been deprecated in favor of isaacsim.replicator.domain_randomization, isaacsim.replicator.examples, isaacsim.replicator.writers. Please update your code accordingly.
[21.964s] [ext: omni.replicator.replicator_yaml-2.0.11] startup
[22.115s] [ext: omni.rtx.settings.core-0.6.5] startup
[22.179s] [ext: omni.usd.metrics.assembler.ui-107.3.1] startup
[22.226s] [ext: omni.isaac.utils-2.0.6] startup
[22.251s] [ext: semantics.schema.editor-2.0.2] startup
[22.286s] [ext: omni.kit.ui.actions-1.0.5] startup
[22.309s] [ext: semantics.schema.property-2.0.1] startup
[22.330s] [ext: omni.isaac.version-2.0.7] startup
2026-08-22T12:40:17Z [22,304ms] [Warning] [omni.isaac.version] omni.isaac.version has been deprecated in favor of isaacsim.core.version. Please update your code accordingly.
[22.351s] [ext: omni.isaac.cortex-1.0.5] startup
[22.354s] [ext: omni.anim.curve.core-1.3.1] startup
[22.417s] [ext: isaacsim.core.throttling-2.2.2] startup
[22.441s] [ext: omni.kit.menu.common-2.0.1] startup
[22.465s] [ext: isaacsim.exp.base-5.1.0] startup
[22.467s] [ext: isaacsim.exp.base.python-5.1.0] startup
[22.470s] Simulation App Starting
2026-08-22T12:40:18Z [22,631ms] [Error] [omni.kit.window.drop_support.drop_support] Cannot setup ExternalDragDrop without a default window
2026-08-22T12:40:18Z [22,648ms] [Warning] [omni.fabric.plugin] Warning: attribute viewportHandle not found for bucket id 9

[22.815s] app ready
2026-08-22T12:40:18Z [23,139ms] [Error] [omni.kit.menu.utils.app_menu] Hotkeys cannot be setup without a default window
Starting kit application with the following args:  ['/isaac-sim/exts/isaacsim.simulation_app/isaacsim/simulation_app/simulation_app.py', '/isaac-sim/apps/isaacsim.exp.base.python.kit', '--/app/tokens/exe-path=/isaac-sim/kit', '--/persistent/app/viewport/displayOptions=3094', '--/rtx/materialDb/syncLoads=True', '--/rtx/hydra/materialSyncLoads=True', '--/omni.kit.plugin/syncUsdLoads=True', '--/app/renderer/resolution/width=1280', '--/app/renderer/resolution/height=720', '--/app/window/width=1440', '--/app/window/height=900', '--/renderer/multiGpu/enabled=True', '--/app/fastShutdown=True', '--/app/installSignalHandlers=0', '--ext-folder', '/isaac-sim/exts', '--ext-folder', '/isaac-sim/apps', '--/physics/cudaDevice=0', '--/plugins/carb.tasking.plugin/threadCount=32', '--/plugins/omni.tbb.globalcontrol/maxThreadCount=32', '--portable']
Passing the following args to the base kit application:  ['--robot_type', 'g1', '--cmd_vel_topic', '/ferox/g1_01/cmd_vel', '--ros_namespace', '/ferox/g1_01', '--no_keyboard', '--render_dt', '0.02']
Warp 1.8.2 initialized:
   CUDA Toolkit 12.8, Driver 13.0
   Devices:
     "cpu"      : "x86_64"
     "cuda:0"   : "NVIDIA GeForce RTX 4090" (24 GiB, sm_89, mempool enabled)
   Kernel cache:
     /isaac-sim/.cache/warp/1.8.2
Warp DeprecationWarning: The `warp.sim` module is deprecated and will be removed in v1.10. Please transition to using the forthcoming Newton library instead.
[PANTHERA-MARK] before RobotRosRunner()
[PANTHERA-MARK] camera ros_namespace = '/ferox/g1_01'
[World] SIM_WORLD=hospital -> https://omniverse-content-production.s3-us-west-2.amazonaws.com/Assets/Isaac/5.1/Isaac/Environments/Hospital/hospital.usd
[World] spawn pos=[7.800000190734863, 2.0, 0.800000011920929] yaw=1.570rad (robot=g1)
[PANTHERA-MARK] RobotRosRunner constructed, before reset
[PANTHERA-MARK] A: app.update done, calling _world.reset()
[PANTHERA-MARK] B: world.reset() done
[PANTHERA-MARK] C: app.update done, calling setup()
[PANTHERA-MARK] D: setup() done
[lowlevel-sim] hands: [] (none -- HAND=none)
[lowlevel-sim] TEST RIG ACTIVE: base pinned to spawn pose (C-30)
[lowlevel-sim] spawn base_z=0.7975 hold_pose=spawn q_hold[:6]=[-0.10000000149011612, 0.0, 0.0, 0.30000001192092896, -0.20000000298023224, 0.0]
[lowlevel-sim][trace] set_gains
[lowlevel-sim][trace] set_effort_modes
[lowlevel-sim][trace] switch_control_mode(effort)
[lowlevel-sim][trace] control mode set
[lowlevel-sim] physics 1000.0 Hz, PD every 2 step(s) -> 500.0 Hz, timeout 85 ms
[PANTHERA-MARK] low-level bridge attached (G1_CONTROL=lowcmd)
[lowlevel-sim][GT] t=0.001 quat=[0.70739, 0.0, 0.0, 0.70683] angvel=[0.0, 0.0, 0.0] linvel=[0.0, 0.0, 0.0] z=0.7975
[PANTHERA-MARK] E: app.update done, SKIPPING setup_ros() entirely
[PANTHERA-MARK] E1: entered setup_ros() body
[PANTHERA-MARK] E2: self._cmd_vel_topic = /ferox/g1_01/cmd_vel
[PANTHERA] executor spinning on dedicated thread
[PANTHERA] cmd_vel subscriber active on /ferox/g1_01/cmd_vel (rclpy bypass)
[PANTHERA] reset subscriber active on /twin/reset
[lowlevel-sim][GT] t=0.051 quat=[0.70739, 0.0, 0.0, 0.70683] angvel=[0.0, 0.0, 0.0] linvel=[0.0, 0.0, 0.0] z=0.7975
[lowlevel-sim][GT] t=0.101 quat=[0.70739, 0.0, 0.0, 0.70683] angvel=[0.0, 0.0, 0.0] linvel=[0.0, 0.0, 0.0] z=0.7975
[lowlevel-sim][GT] t=0.151 quat=[0.70739, 0.0, 0.0, 0.70683] angvel=[0.0, 0.0, 0.0] linvel=[0.0, 0.0, 0.0] z=0.7975
[lowlevel-sim][GT] t=0.201 quat=[0.70739, 0.0, 0.0, 0.70683] angvel=[0.0, 0.0, 0.0] linvel=[0.0, 0.0, 0.0] z=0.7975
[TWIN] contract /workspace/ferox_isaac/twin/g1_contract.yaml
[TWIN] namespace /ferox/g1_01  CAMERA_TF=0
[TWIN] Mid-360 SKIPPED (TWIN_LIDAR=0) -- device only, contract untouched
[TWIN] camera SKIPPED (TWIN_CAMERA=0) -- C-23, device only, contract untouched
[TWIN] 2 IMU device(s) SKIPPED (TWIN_IMU=0) -- device only, contract untouched
[lowlevel-sim][GT] t=0.251 quat=[0.70739, 0.0, 0.0, 0.70683] angvel=[0.0, 0.0, 0.0] linvel=[0.0, 0.0, 0.0] z=0.7975
[lowlevel-sim][GT] t=0.301 quat=[0.70739, 0.0, 0.0, 0.70683] angvel=[0.0, 0.0, 0.0] linvel=[0.0, 0.0, 0.0] z=0.7975
[TWIN] /tf_static: 6 edges (base_link->dog_imu_link, livox_frame->livox_imu, camera_link->camera_color_frame, camera_color_frame->camera_color_optical_frame, camera_link->camera_depth_frame, camera_depth_frame->camera_depth_optical_frame)
[TWIN] rendering_dt=0.020000s (50.00 Hz) requested 0.020000s
[TWIN] lidar cloud publisher SKIPPED (TWIN_LIDAR=0)
[TWIN] odom -> /ferox/g1_01/odom
[TWIN] interface up
[PANTHERA-MARK] F: setup_ros() done
[lowlevel-sim][GT] t=0.351 quat=[0.70739, 0.0, 0.0, 0.70683] angvel=[0.0, 0.0, 0.0] linvel=[0.0, 0.0, 0.0] z=0.7975
[PANTHERA-MARK] G: before runner.run() — entering main loop
[lowlevel-sim][GT] t=0.401 quat=[0.70739, 0.0, 0.0, 0.70683] angvel=[0.0, 0.0, 0.0] linvel=[0.0, 0.0, 0.0] z=0.7975
[lowlevel-sim][GT] t=0.451 quat=[0.70739, 0.0, 0.0, 0.70683] angvel=[0.0, 0.0, 0.0] linvel=[0.0, 0.0, 0.0] z=0.7975
[lowlevel-sim] t=   0.50 mode=hold       pd=499 hold=499 failclosed=0 rtf=0.170 base_z=+0.798 pitch=+0.000 roll=+0.000 |tau|max= 35.00 sat=5/29 knee_L=+0.300 hip_p_L=-0.100 torn=499 cmd_age=-1.0ms auth=-1.0s rig_ign=0 fix_base=1 sat_j=left_ankle_roll_joint:+35.0,right_ankle_roll_joint:+35.0,left_wrist_roll_joint:+25.0,right_wrist_roll_joint:+25.0,right_wrist_yaw_joint:-5.0
[lowlevel-sim][GT] t=0.501 quat=[0.70739, 0.0, 0.0, 0.70683] angvel=[0.0, 0.0, 0.0] linvel=[0.0, 0.0, 0.0] z=0.7975
[lowlevel-sim][GT] t=0.551 quat=[0.70739, 0.0, 0.0, 0.70683] angvel=[0.0, 0.0, 0.0] linvel=[0.0, 0.0, 0.0] z=0.7975
[lowlevel-sim][GT] t=0.601 quat=[0.70739, 0.0, 0.0, 0.70683] angvel=[0.0, 0.0, 0.0] linvel=[0.0, 0.0, 0.0] z=0.7975
[lowlevel-sim][GT] t=0.651 quat=[0.70739, 0.0, 0.0, 0.70683] angvel=[0.0, 0.0, 0.0] linvel=[0.0, 0.0, 0.0] z=0.7975
[lowlevel-sim][GT] t=0.701 quat=[0.70739, 0.0, 0.0, 0.70683] angvel=[0.0, 0.0, 0.0] linvel=[0.0, 0.0, 0.0] z=0.7975
[lowlevel-sim][GT] t=0.751 quat=[0.70739, 0.0, 0.0, 0.70683] angvel=[0.0, 0.0, 0.0] linvel=[0.0, 0.0, 0.0] z=0.7975
[lowlevel-sim][GT] t=0.801 quat=[0.70739, 0.0, 0.0, 0.70683] angvel=[0.0, 0.0, 0.0] linvel=[0.0, 0.0, 0.0] z=0.7975
[lowlevel-sim][GT] t=0.851 quat=[0.70739, 0.0, 0.0, 0.70683] angvel=[0.0, 0.0, 0.0] linvel=[0.0, 0.0, 0.0] z=0.7975
[lowlevel-sim][GT] t=0.901 quat=[0.70739, 0.0, 0.0, 0.70683] angvel=[0.0, 0.0, 0.0] linvel=[0.0, 0.0, 0.0] z=0.7975
[lowlevel-sim][GT] t=0.951 quat=[0.70739, 0.0, 0.0, 0.70683] angvel=[0.0, 0.0, 0.0] linvel=[0.0, 0.0, 0.0] z=0.7975
[lowlevel-sim] t=   1.00 mode=hold       pd=999 hold=999 failclosed=0 rtf=0.203 base_z=+0.798 pitch=+0.000 roll=+0.000 |tau|max= 35.00 sat=5/29 knee_L=+0.300 hip_p_L=-0.100 torn=999 cmd_age=-1.0ms auth=-1.0s rig_ign=0 fix_base=1 sat_j=left_ankle_roll_joint:+35.0,right_ankle_roll_joint:+35.0,left_wrist_roll_joint:+25.0,right_wrist_roll_joint:+25.0,right_wrist_yaw_joint:-5.0
[lowlevel-sim][GT] t=1.001 quat=[0.70739, 0.0, 0.0, 0.70683] angvel=[0.0, 0.0, 0.0] linvel=[0.0, 0.0, 0.0] z=0.7975
[lowlevel-sim][GT] t=1.051 quat=[0.70739, 0.0, 0.0, 0.70683] angvel=[0.0, 0.0, 0.0] linvel=[0.0, 0.0, 0.0] z=0.7975
[lowlevel-sim][GT] t=1.101 quat=[0.70739, 0.0, 0.0, 0.70683] angvel=[0.0, 0.0, 0.0] linvel=[0.0, 0.0, 0.0] z=0.7975
[lowlevel-sim][GT] t=1.151 quat=[0.70739, 0.0, 0.0, 0.70683] angvel=[0.0, 0.0, 0.0] linvel=[0.0, 0.0, 0.0] z=0.7975
[lowlevel-sim][GT] t=1.201 quat=[0.70739, 0.0, 0.0, 0.70683] angvel=[0.0, 0.0, 0.0] linvel=[0.0, 0.0, 0.0] z=0.7975
[lowlevel-sim][GT] t=1.251 quat=[0.70739, 0.0, 0.0, 0.70683] angvel=[0.0, 0.0, 0.0] linvel=[0.0, 0.0, 0.0] z=0.7975
[lowlevel-sim][GT] t=1.301 quat=[0.70739, 0.0, 0.0, 0.70683] angvel=[0.0, 0.0, 0.0] linvel=[0.0, 0.0, 0.0] z=0.7975
[lowlevel-sim][GT] t=1.351 quat=[0.70739, 0.0, 0.0, 0.70683] angvel=[0.0, 0.0, 0.0] linvel=[0.0, 0.0, 0.0] z=0.7975
[lowlevel-sim][GT] t=1.401 quat=[0.70739, 0.0, 0.0, 0.70683] angvel=[0.0, 0.0, 0.0] linvel=[0.0, 0.0, 0.0] z=0.7975
[lowlevel-sim][GT] t=1.451 quat=[0.70739, 0.0, 0.0, 0.70683] angvel=[0.0, 0.0, 0.0] linvel=[0.0, 0.0, 0.0] z=0.7975
[lowlevel-sim] t=   1.50 mode=hold       pd=1499 hold=1499 failclosed=0 rtf=0.216 base_z=+0.798 pitch=+0.000 roll=+0.000 |tau|max= 35.00 sat=5/29 knee_L=+0.300 hip_p_L=-0.100 torn=1499 cmd_age=-1.0ms auth=-1.0s rig_ign=0 fix_base=1 sat_j=left_ankle_roll_joint:+35.0,right_ankle_roll_joint:+35.0,left_wrist_roll_joint:+25.0,right_wrist_roll_joint:+25.0,right_wrist_yaw_joint:-5.0
[lowlevel-sim][GT] t=1.501 quat=[0.70739, 0.0, 0.0, 0.70683] angvel=[0.0, 0.0, 0.0] linvel=[0.0, 0.0, 0.0] z=0.7975
[lowlevel-sim][GT] t=1.551 quat=[0.70739, 0.0, 0.0, 0.70683] angvel=[0.0, 0.0, 0.0] linvel=[0.0, 0.0, 0.0] z=0.7975
[lowlevel-sim][GT] t=1.601 quat=[0.70739, 0.0, 0.0, 0.70683] angvel=[0.0, 0.0, 0.0] linvel=[0.0, 0.0, 0.0] z=0.7975
[lowlevel-sim][GT] t=1.651 quat=[0.70739, 0.0, 0.0, 0.70683] angvel=[0.0, 0.0, 0.0] linvel=[0.0, 0.0, 0.0] z=0.7975
[lowlevel-sim][GT] t=1.701 quat=[0.70739, 0.0, 0.0, 0.70683] angvel=[0.0, 0.0, 0.0] linvel=[0.0, 0.0, 0.0] z=0.7975
[lowlevel-sim][GT] t=1.751 quat=[0.70739, 0.0, 0.0, 0.70683] angvel=[0.0, 0.0, 0.0] linvel=[0.0, 0.0, 0.0] z=0.7975
[lowlevel-sim][GT] t=1.801 quat=[0.70739, 0.0, 0.0, 0.70683] angvel=[0.0, 0.0, 0.0] linvel=[0.0, 0.0, 0.0] z=0.7975
[lowlevel-sim][GT] t=1.851 quat=[0.70739, 0.0, 0.0, 0.70683] angvel=[0.0, 0.0, 0.0] linvel=[0.0, 0.0, 0.0] z=0.7975
[lowlevel-sim][GT] t=1.901 quat=[0.70739, 0.0, 0.0, 0.70683] angvel=[0.0, 0.0, 0.0] linvel=[0.0, 0.0, 0.0] z=0.7975
[lowlevel-sim][GT] t=1.951 quat=[0.70739, 0.0, 0.0, 0.70683] angvel=[0.0, 0.0, 0.0] linvel=[0.0, 0.0, 0.0] z=0.7975
[lowlevel-sim] t=   2.00 mode=hold       pd=1999 hold=1999 failclosed=0 rtf=0.214 base_z=+0.798 pitch=+0.000 roll=+0.000 |tau|max= 35.00 sat=5/29 knee_L=+0.300 hip_p_L=-0.100 torn=1999 cmd_age=-1.0ms auth=-1.0s rig_ign=0 fix_base=1 sat_j=left_ankle_roll_joint:+35.0,right_ankle_roll_joint:+35.0,left_wrist_roll_joint:+25.0,right_wrist_roll_joint:+25.0,right_wrist_yaw_joint:-5.0
[lowlevel-sim][GT] t=2.001 quat=[0.70739, 0.0, 0.0, 0.70683] angvel=[0.0, 0.0, 0.0] linvel=[0.0, 0.0, 0.0] z=0.7975
[lowlevel-sim][GT] t=2.051 quat=[0.70739, 0.0, 0.0, 0.70683] angvel=[0.0, 0.0, 0.0] linvel=[0.0, 0.0, 0.0] z=0.7975
[lowlevel-sim][GT] t=2.101 quat=[0.70739, 0.0, 0.0, 0.70683] angvel=[0.0, 0.0, 0.0] linvel=[0.0, 0.0, 0.0] z=0.7975
[lowlevel-sim][GT] t=2.151 quat=[0.70739, 0.0, 0.0, 0.70683] angvel=[0.0, 0.0, 0.0] linvel=[0.0, 0.0, 0.0] z=0.7975
[lowlevel-sim][GT] t=2.201 quat=[0.70739, 0.0, 0.0, 0.70683] angvel=[0.0, 0.0, 0.0] linvel=[0.0, 0.0, 0.0] z=0.7975
[lowlevel-sim][GT] t=2.251 quat=[0.70739, 0.0, 0.0, 0.70683] angvel=[0.0, 0.0, 0.0] linvel=[0.0, 0.0, 0.0] z=0.7975
[lowlevel-sim][GT] t=2.301 quat=[0.70739, 0.0, 0.0, 0.70683] angvel=[0.0, 0.0, 0.0] linvel=[0.0, 0.0, 0.0] z=0.7975
[lowlevel-sim][GT] t=2.351 quat=[0.70739, 0.0, 0.0, 0.70683] angvel=[0.0, 0.0, 0.0] linvel=[0.0, 0.0, 0.0] z=0.7975
[lowlevel-sim][GT] t=2.401 quat=[0.70739, 0.0, 0.0, 0.70683] angvel=[0.0, 0.0, 0.0] linvel=[0.0, 0.0, 0.0] z=0.7975
[lowlevel-sim][GT] t=2.451 quat=[0.70739, 0.0, 0.0, 0.70683] angvel=[0.0, 0.0, 0.0] linvel=[0.0, 0.0, 0.0] z=0.7975
[lowlevel-sim] t=   2.50 mode=hold       pd=2499 hold=2499 failclosed=0 rtf=0.220 base_z=+0.798 pitch=+0.000 roll=+0.000 |tau|max= 35.00 sat=5/29 knee_L=+0.300 hip_p_L=-0.100 torn=2499 cmd_age=-1.0ms auth=-1.0s rig_ign=0 fix_base=1 sat_j=left_ankle_roll_joint:+35.0,right_ankle_roll_joint:+35.0,left_wrist_roll_joint:+25.0,right_wrist_roll_joint:+25.0,right_wrist_yaw_joint:-5.0
[lowlevel-sim][GT] t=2.501 quat=[0.70739, 0.0, 0.0, 0.70683] angvel=[0.0, 0.0, 0.0] linvel=[0.0, 0.0, 0.0] z=0.7975
[lowlevel-sim][GT] t=2.551 quat=[0.70739, 0.0, 0.0, 0.70683] angvel=[0.0, 0.0, 0.0] linvel=[0.0, 0.0, 0.0] z=0.7975
[lowlevel-sim][GT] t=2.601 quat=[0.70739, 0.0, 0.0, 0.70683] angvel=[0.0, 0.0, 0.0] linvel=[0.0, 0.0, 0.0] z=0.7975
[lowlevel-sim][GT] t=2.651 quat=[0.70739, 0.0, 0.0, 0.70683] angvel=[0.0, 0.0, 0.0] linvel=[0.0, 0.0, 0.0] z=0.7975
[lowlevel-sim][GT] t=2.701 quat=[0.70739, 0.0, 0.0, 0.70683] angvel=[0.0, 0.0, 0.0] linvel=[0.0, 0.0, 0.0] z=0.7975
[lowlevel-sim][GT] t=2.751 quat=[0.70739, 0.0, 0.0, 0.70683] angvel=[0.0, 0.0, 0.0] linvel=[0.0, 0.0, 0.0] z=0.7975
[lowlevel-sim][GT] t=2.801 quat=[0.70739, 0.0, 0.0, 0.70683] angvel=[0.0, 0.0, 0.0] linvel=[0.0, 0.0, 0.0] z=0.7975
[lowlevel-sim][GT] t=2.851 quat=[0.70739, 0.0, 0.0, 0.70683] angvel=[0.0, 0.0, 0.0] linvel=[0.0, 0.0, 0.0] z=0.7975
[lowlevel-sim][GT] t=2.901 quat=[0.70739, 0.0, 0.0, 0.70683] angvel=[0.0, 0.0, 0.0] linvel=[0.0, 0.0, 0.0] z=0.7975
[lowlevel-sim][GT] t=2.951 quat=[0.70739, 0.0, 0.0, 0.70683] angvel=[0.0, 0.0, 0.0] linvel=[0.0, 0.0, 0.0] z=0.7975
[lowlevel-sim] t=   3.00 mode=hold       pd=2999 hold=2999 failclosed=0 rtf=0.219 base_z=+0.798 pitch=+0.000 roll=+0.000 |tau|max= 35.00 sat=5/29 knee_L=+0.300 hip_p_L=-0.100 torn=2999 cmd_age=-1.0ms auth=-1.0s rig_ign=0 fix_base=1 sat_j=left_ankle_roll_joint:+35.0,right_ankle_roll_joint:+35.0,left_wrist_roll_joint:+25.0,right_wrist_roll_joint:+25.0,right_wrist_yaw_joint:-5.0
[lowlevel-sim][GT] t=3.001 quat=[0.70739, 0.0, 0.0, 0.70683] angvel=[0.0, 0.0, 0.0] linvel=[0.0, 0.0, 0.0] z=0.7975
[lowlevel-sim][GT] t=3.051 quat=[0.70739, 0.0, 0.0, 0.70683] angvel=[0.0, 0.0, 0.0] linvel=[0.0, 0.0, 0.0] z=0.7975
[lowlevel-sim][GT] t=3.101 quat=[0.70739, 0.0, 0.0, 0.70683] angvel=[0.0, 0.0, 0.0] linvel=[0.0, 0.0, 0.0] z=0.7975
[lowlevel-sim][GT] t=3.151 quat=[0.70739, 0.0, 0.0, 0.70683] angvel=[0.0, 0.0, 0.0] linvel=[0.0, 0.0, 0.0] z=0.7975
[lowlevel-sim][GT] t=3.201 quat=[0.70739, 0.0, 0.0, 0.70683] angvel=[0.0, 0.0, 0.0] linvel=[0.0, 0.0, 0.0] z=0.7975
[lowlevel-sim][GT] t=3.251 quat=[0.70739, 0.0, 0.0, 0.70683] angvel=[0.0, 0.0, 0.0] linvel=[0.0, 0.0, 0.0] z=0.7975
[lowlevel-sim][GT] t=3.301 quat=[0.70739, 0.0, 0.0, 0.70683] angvel=[0.0, 0.0, 0.0] linvel=[0.0, 0.0, 0.0] z=0.7975
[lowlevel-sim][GT] t=3.351 quat=[0.70739, 0.0, 0.0, 0.70683] angvel=[0.0, 0.0, 0.0] linvel=[0.0, 0.0, 0.0] z=0.7975
[lowlevel-sim][GT] t=3.401 quat=[0.70739, 0.0, 0.0, 0.70683] angvel=[0.0, 0.0, 0.0] linvel=[0.0, 0.0, 0.0] z=0.7975
[lowlevel-sim][GT] t=3.451 quat=[0.70739, 0.0, 0.0, 0.70683] angvel=[0.0, 0.0, 0.0] linvel=[0.0, 0.0, 0.0] z=0.7975
[lowlevel-sim] t=   3.50 mode=hold       pd=3499 hold=3499 failclosed=0 rtf=0.219 base_z=+0.798 pitch=+0.000 roll=+0.000 |tau|max= 35.00 sat=5/29 knee_L=+0.300 hip_p_L=-0.100 torn=3499 cmd_age=-1.0ms auth=-1.0s rig_ign=0 fix_base=1 sat_j=left_ankle_roll_joint:+35.0,right_ankle_roll_joint:+35.0,left_wrist_roll_joint:+25.0,right_wrist_roll_joint:+25.0,right_wrist_yaw_joint:-5.0
[lowlevel-sim][GT] t=3.501 quat=[0.70739, 0.0, 0.0, 0.70683] angvel=[0.0, 0.0, 0.0] linvel=[0.0, 0.0, 0.0] z=0.7975
[lowlevel-sim][GT] t=3.551 quat=[0.70739, 0.0, 0.0, 0.70683] angvel=[0.0, 0.0, 0.0] linvel=[0.0, 0.0, 0.0] z=0.7975
[lowlevel-sim][GT] t=3.601 quat=[0.70739, 0.0, 0.0, 0.70683] angvel=[0.0, 0.0, 0.0] linvel=[0.0, 0.0, 0.0] z=0.7975
[lowlevel-sim][GT] t=3.651 quat=[0.70739, 0.0, 0.0, 0.70683] angvel=[0.0, 0.0, 0.0] linvel=[0.0, 0.0, 0.0] z=0.7975
[lowlevel-sim][GT] t=3.701 quat=[0.70739, 0.0, 0.0, 0.70683] angvel=[0.0, 0.0, 0.0] linvel=[0.0, 0.0, 0.0] z=0.7975
[lowlevel-sim][GT] t=3.751 quat=[0.70739, 0.0, 0.0, 0.70683] angvel=[0.0, 0.0, 0.0] linvel=[0.0, 0.0, 0.0] z=0.7975
[lowlevel-sim][GT] t=3.801 quat=[0.70739, 0.0, 0.0, 0.70683] angvel=[0.0, 0.0, 0.0] linvel=[0.0, 0.0, 0.0] z=0.7975
[lowlevel-sim][GT] t=3.851 quat=[0.70739, 0.0, 0.0, 0.70683] angvel=[0.0, 0.0, 0.0] linvel=[0.0, 0.0, 0.0] z=0.7975
[lowlevel-sim][GT] t=3.901 quat=[0.70739, 0.0, 0.0, 0.70683] angvel=[0.0, 0.0, 0.0] linvel=[0.0, 0.0, 0.0] z=0.7975
[lowlevel-sim][GT] t=3.951 quat=[0.70739, 0.0, 0.0, 0.70683] angvel=[0.0, 0.0, 0.0] linvel=[0.0, 0.0, 0.0] z=0.7975
[lowlevel-sim] t=   4.00 mode=hold       pd=3999 hold=3999 failclosed=0 rtf=0.218 base_z=+0.798 pitch=+0.000 roll=+0.000 |tau|max= 35.00 sat=5/29 knee_L=+0.300 hip_p_L=-0.100 torn=3999 cmd_age=-1.0ms auth=-1.0s rig_ign=0 fix_base=1 sat_j=left_ankle_roll_joint:+35.0,right_ankle_roll_joint:+35.0,left_wrist_roll_joint:+25.0,right_wrist_roll_joint:+25.0,right_wrist_yaw_joint:-5.0
[lowlevel-sim][GT] t=4.001 quat=[0.70739, 0.0, 0.0, 0.70683] angvel=[0.0, 0.0, 0.0] linvel=[0.0, 0.0, 0.0] z=0.7975
[lowlevel-sim][GT] t=4.051 quat=[0.70739, 0.0, 0.0, 0.70683] angvel=[0.0, 0.0, 0.0] linvel=[0.0, 0.0, 0.0] z=0.7975
[lowlevel-sim][GT] t=4.101 quat=[0.70739, 0.0, 0.0, 0.70683] angvel=[0.0, 0.0, 0.0] linvel=[0.0, 0.0, 0.0] z=0.7975
[lowlevel-sim][GT] t=4.151 quat=[0.70739, 0.0, 0.0, 0.70683] angvel=[0.0, 0.0, 0.0] linvel=[0.0, 0.0, 0.0] z=0.7975
[lowlevel-sim][GT] t=4.201 quat=[0.70739, 0.0, 0.0, 0.70683] angvel=[0.0, 0.0, 0.0] linvel=[0.0, 0.0, 0.0] z=0.7975
[lowlevel-sim][GT] t=4.251 quat=[0.70739, 0.0, 0.0, 0.70683] angvel=[0.0, 0.0, 0.0] linvel=[0.0, 0.0, 0.0] z=0.7975
[lowlevel-sim][GT] t=4.301 quat=[0.70739, 0.0, 0.0, 0.70683] angvel=[0.0, 0.0, 0.0] linvel=[0.0, 0.0, 0.0] z=0.7975
[lowlevel-sim][GT] t=4.351 quat=[0.70739, 0.0, 0.0, 0.70683] angvel=[0.0, 0.0, 0.0] linvel=[0.0, 0.0, 0.0] z=0.7975
[lowlevel-sim][GT] t=4.401 quat=[0.70739, 0.0, 0.0, 0.70683] angvel=[0.0, 0.0, 0.0] linvel=[0.0, 0.0, 0.0] z=0.7975
[lowlevel-sim][GT] t=4.451 quat=[0.70739, 0.0, 0.0, 0.70683] angvel=[0.0, 0.0, 0.0] linvel=[0.0, 0.0, 0.0] z=0.7975
[lowlevel-sim] t=   4.50 mode=hold       pd=4499 hold=4499 failclosed=0 rtf=0.218 base_z=+0.798 pitch=+0.000 roll=+0.000 |tau|max= 35.00 sat=5/29 knee_L=+0.300 hip_p_L=-0.100 torn=4499 cmd_age=-1.0ms auth=-1.0s rig_ign=0 fix_base=1 sat_j=left_ankle_roll_joint:+35.0,right_ankle_roll_joint:+35.0,left_wrist_roll_joint:+25.0,right_wrist_roll_joint:+25.0,right_wrist_yaw_joint:-5.0
[lowlevel-sim][GT] t=4.501 quat=[0.70739, 0.0, 0.0, 0.70683] angvel=[0.0, 0.0, 0.0] linvel=[0.0, 0.0, 0.0] z=0.7975
[lowlevel-sim][GT] t=4.551 quat=[0.70739, 0.0, 0.0, 0.70683] angvel=[0.0, 0.0, 0.0] linvel=[0.0, 0.0, 0.0] z=0.7975
[lowlevel-sim][GT] t=4.601 quat=[0.70739, 0.0, 0.0, 0.70683] angvel=[0.0, 0.0, 0.0] linvel=[0.0, 0.0, 0.0] z=0.7975
[lowlevel-sim][GT] t=4.651 quat=[0.70739, 0.0, 0.0, 0.70683] angvel=[0.0, 0.0, 0.0] linvel=[0.0, 0.0, 0.0] z=0.7975
[lowlevel-sim][GT] t=4.701 quat=[0.70739, 0.0, 0.0, 0.70683] angvel=[0.0, 0.0, 0.0] linvel=[0.0, 0.0, 0.0] z=0.7975
[lowlevel-sim][GT] t=4.751 quat=[0.70739, 0.0, 0.0, 0.70683] angvel=[0.0, 0.0, 0.0] linvel=[0.0, 0.0, 0.0] z=0.7975
[lowlevel-sim][GT] t=4.801 quat=[0.70739, 0.0, 0.0, 0.70683] angvel=[0.0, 0.0, 0.0] linvel=[0.0, 0.0, 0.0] z=0.7975
[lowlevel-sim][GT] t=4.851 quat=[0.70739, 0.0, 0.0, 0.70683] angvel=[0.0, 0.0, 0.0] linvel=[0.0, 0.0, 0.0] z=0.7975
[lowlevel-sim][GT] t=4.901 quat=[0.70739, 0.0, 0.0, 0.70683] angvel=[0.0, 0.0, 0.0] linvel=[0.0, 0.0, 0.0] z=0.7975
[lowlevel-sim][GT] t=4.951 quat=[0.70739, 0.0, 0.0, 0.70683] angvel=[0.0, 0.0, 0.0] linvel=[0.0, 0.0, 0.0] z=0.7975
[lowlevel-sim] t=   5.00 mode=hold       pd=4999 hold=4999 failclosed=0 rtf=0.218 base_z=+0.798 pitch=+0.000 roll=+0.000 |tau|max= 35.00 sat=5/29 knee_L=+0.300 hip_p_L=-0.100 torn=4999 cmd_age=-1.0ms auth=-1.0s rig_ign=0 fix_base=1 sat_j=left_ankle_roll_joint:+35.0,right_ankle_roll_joint:+35.0,left_wrist_roll_joint:+25.0,right_wrist_roll_joint:+25.0,right_wrist_yaw_joint:-5.0
[lowlevel-sim][GT] t=5.001 quat=[0.70739, 0.0, 0.0, 0.70683] angvel=[0.0, 0.0, 0.0] linvel=[0.0, 0.0, 0.0] z=0.7975
[lowlevel-sim][GT] t=5.051 quat=[0.70739, 0.0, 0.0, 0.70683] angvel=[0.0, 0.0, 0.0] linvel=[0.0, 0.0, 0.0] z=0.7975
[lowlevel-sim][GT] t=5.101 quat=[0.70739, 0.0, 0.0, 0.70683] angvel=[0.0, 0.0, 0.0] linvel=[0.0, 0.0, 0.0] z=0.7975
[lowlevel-sim][GT] t=5.151 quat=[0.70739, 0.0, 0.0, 0.70683] angvel=[0.0, 0.0, 0.0] linvel=[0.0, 0.0, 0.0] z=0.7975
[lowlevel-sim][GT] t=5.201 quat=[0.70739, 0.0, 0.0, 0.70683] angvel=[0.0, 0.0, 0.0] linvel=[0.0, 0.0, 0.0] z=0.7975
[lowlevel-sim][GT] t=5.251 quat=[0.70739, 0.0, 0.0, 0.70683] angvel=[0.0, 0.0, 0.0] linvel=[0.0, 0.0, 0.0] z=0.7975
[lowlevel-sim][GT] t=5.301 quat=[0.70739, 0.0, 0.0, 0.70683] angvel=[0.0, 0.0, 0.0] linvel=[0.0, 0.0, 0.0] z=0.7975
[lowlevel-sim][GT] t=5.351 quat=[0.70739, 0.0, 0.0, 0.70683] angvel=[0.0, 0.0, 0.0] linvel=[0.0, 0.0, 0.0] z=0.7975
[lowlevel-sim][GT] t=5.401 quat=[0.70739, 0.0, 0.0, 0.70683] angvel=[0.0, 0.0, 0.0] linvel=[0.0, 0.0, 0.0] z=0.7975
[lowlevel-sim][GT] t=5.451 quat=[0.70739, 0.0, 0.0, 0.70683] angvel=[0.0, 0.0, 0.0] linvel=[0.0, 0.0, 0.0] z=0.7975
[lowlevel-sim] t=   5.50 mode=hold       pd=5499 hold=5499 failclosed=0 rtf=0.218 base_z=+0.798 pitch=+0.000 roll=+0.000 |tau|max= 35.00 sat=5/29 knee_L=+0.300 hip_p_L=-0.100 torn=5499 cmd_age=-1.0ms auth=-1.0s rig_ign=0 fix_base=1 sat_j=left_ankle_roll_joint:+35.0,right_ankle_roll_joint:+35.0,left_wrist_roll_joint:+25.0,right_wrist_roll_joint:+25.0,right_wrist_yaw_joint:-5.0
[lowlevel-sim][GT] t=5.501 quat=[0.70739, 0.0, 0.0, 0.70683] angvel=[0.0, 0.0, 0.0] linvel=[0.0, 0.0, 0.0] z=0.7975
[lowlevel-sim][GT] t=5.551 quat=[0.70739, 0.0, 0.0, 0.70683] angvel=[0.0, 0.0, 0.0] linvel=[0.0, 0.0, 0.0] z=0.7975
[lowlevel-sim][GT] t=5.601 quat=[0.70739, 0.0, 0.0, 0.70683] angvel=[0.0, 0.0, 0.0] linvel=[0.0, 0.0, 0.0] z=0.7975
[lowlevel-sim][GT] t=5.651 quat=[0.70739, 0.0, 0.0, 0.70683] angvel=[0.0, 0.0, 0.0] linvel=[0.0, 0.0, 0.0] z=0.7975
[lowlevel-sim][GT] t=5.701 quat=[0.70739, 0.0, 0.0, 0.70683] angvel=[0.0, 0.0, 0.0] linvel=[0.0, 0.0, 0.0] z=0.7975
[lowlevel-sim][GT] t=5.751 quat=[0.70739, 0.0, 0.0, 0.70683] angvel=[0.0, 0.0, 0.0] linvel=[0.0, 0.0, 0.0] z=0.7975
[lowlevel-sim][GT] t=5.801 quat=[0.70739, 0.0, 0.0, 0.70683] angvel=[0.0, 0.0, 0.0] linvel=[0.0, 0.0, 0.0] z=0.7975
[lowlevel-sim][GT] t=5.851 quat=[0.70739, 0.0, 0.0, 0.70683] angvel=[0.0, 0.0, 0.0] linvel=[0.0, 0.0, 0.0] z=0.7975
[lowlevel-sim][GT] t=5.901 quat=[0.70739, 0.0, 0.0, 0.70683] angvel=[0.0, 0.0, 0.0] linvel=[0.0, 0.0, 0.0] z=0.7975
[lowlevel-sim][GT] t=5.951 quat=[0.70739, 0.0, 0.0, 0.70683] angvel=[0.0, 0.0, 0.0] linvel=[0.0, 0.0, 0.0] z=0.7975
[lowlevel-sim] t=   6.00 mode=hold       pd=5999 hold=5999 failclosed=0 rtf=0.218 base_z=+0.798 pitch=+0.000 roll=+0.000 |tau|max= 35.00 sat=5/29 knee_L=+0.300 hip_p_L=-0.100 torn=5999 cmd_age=-1.0ms auth=-1.0s rig_ign=0 fix_base=1 sat_j=left_ankle_roll_joint:+35.0,right_ankle_roll_joint:+35.0,left_wrist_roll_joint:+25.0,right_wrist_roll_joint:+25.0,right_wrist_yaw_joint:-5.0
[lowlevel-sim][GT] t=6.001 quat=[0.70739, 0.0, 0.0, 0.70683] angvel=[0.0, 0.0, 0.0] linvel=[0.0, 0.0, 0.0] z=0.7975
[lowlevel-sim][GT] t=6.051 quat=[0.70739, 0.0, 0.0, 0.70683] angvel=[0.0, 0.0, 0.0] linvel=[0.0, 0.0, 0.0] z=0.7975
[lowlevel-sim][GT] t=6.101 quat=[0.70739, 0.0, 0.0, 0.70683] angvel=[0.0, 0.0, 0.0] linvel=[0.0, 0.0, 0.0] z=0.7975
[lowlevel-sim][GT] t=6.151 quat=[0.70739, 0.0, 0.0, 0.70683] angvel=[0.0, 0.0, 0.0] linvel=[0.0, 0.0, 0.0] z=0.7975
[lowlevel-sim][GT] t=6.201 quat=[0.70739, 0.0, 0.0, 0.70683] angvel=[0.0, 0.0, 0.0] linvel=[0.0, 0.0, 0.0] z=0.7975
[lowlevel-sim][GT] t=6.251 quat=[0.70739, 0.0, 0.0, 0.70683] angvel=[0.0, 0.0, 0.0] linvel=[0.0, 0.0, 0.0] z=0.7975
[lowlevel-sim][GT] t=6.301 quat=[0.70739, 0.0, 0.0, 0.70683] angvel=[0.0, 0.0, 0.0] linvel=[0.0, 0.0, 0.0] z=0.7975
[lowlevel-sim][GT] t=6.351 quat=[0.70739, 0.0, 0.0, 0.70683] angvel=[0.0, 0.0, 0.0] linvel=[0.0, 0.0, 0.0] z=0.7975
[lowlevel-sim][GT] t=6.401 quat=[0.70739, 0.0, 0.0, 0.70683] angvel=[0.0, 0.0, 0.0] linvel=[0.0, 0.0, 0.0] z=0.7975
[lowlevel-sim][GT] t=6.451 quat=[0.70739, 0.0, 0.0, 0.70683] angvel=[0.0, 0.0, 0.0] linvel=[0.0, 0.0, 0.0] z=0.7975
[lowlevel-sim] t=   6.50 mode=hold       pd=6499 hold=6499 failclosed=0 rtf=0.217 base_z=+0.798 pitch=+0.000 roll=+0.000 |tau|max= 35.00 sat=5/29 knee_L=+0.300 hip_p_L=-0.100 torn=6499 cmd_age=-1.0ms auth=-1.0s rig_ign=0 fix_base=1 sat_j=left_ankle_roll_joint:+35.0,right_ankle_roll_joint:+35.0,left_wrist_roll_joint:+25.0,right_wrist_roll_joint:+25.0,right_wrist_yaw_joint:-5.0
[lowlevel-sim][GT] t=6.501 quat=[0.70739, 0.0, 0.0, 0.70683] angvel=[0.0, 0.0, 0.0] linvel=[0.0, 0.0, 0.0] z=0.7975
[lowlevel-sim][GT] t=6.551 quat=[0.70739, 0.0, 0.0, 0.70683] angvel=[0.0, 0.0, 0.0] linvel=[0.0, 0.0, 0.0] z=0.7975
[lowlevel-sim][GT] t=6.601 quat=[0.70739, 0.0, 0.0, 0.70683] angvel=[0.0, 0.0, 0.0] linvel=[0.0, 0.0, 0.0] z=0.7975
[lowlevel-sim][GT] t=6.651 quat=[0.70739, 0.0, 0.0, 0.70683] angvel=[0.0, 0.0, 0.0] linvel=[0.0, 0.0, 0.0] z=0.7975
[lowlevel-sim][GT] t=6.701 quat=[0.70739, 0.0, 0.0, 0.70683] angvel=[0.0, 0.0, 0.0] linvel=[0.0, 0.0, 0.0] z=0.7975
[lowlevel-sim][GT] t=6.751 quat=[0.70739, 0.0, 0.0, 0.70683] angvel=[0.0, 0.0, 0.0] linvel=[0.0, 0.0, 0.0] z=0.7975
[lowlevel-sim][GT] t=6.801 quat=[0.70739, 0.0, 0.0, 0.70683] angvel=[0.0, 0.0, 0.0] linvel=[0.0, 0.0, 0.0] z=0.7975
[lowlevel-sim][GT] t=6.851 quat=[0.70739, 0.0, 0.0, 0.70683] angvel=[0.0, 0.0, 0.0] linvel=[0.0, 0.0, 0.0] z=0.7975
[lowlevel-sim][GT] t=6.901 quat=[0.70739, 0.0, 0.0, 0.70683] angvel=[0.0, 0.0, 0.0] linvel=[0.0, 0.0, 0.0] z=0.7975
[lowlevel-sim][GT] t=6.951 quat=[0.70739, 0.0, 0.0, 0.70683] angvel=[0.0, 0.0, 0.0] linvel=[0.0, 0.0, 0.0] z=0.7975
[lowlevel-sim] t=   7.00 mode=hold       pd=6999 hold=6999 failclosed=0 rtf=0.217 base_z=+0.798 pitch=+0.000 roll=+0.000 |tau|max= 35.00 sat=5/29 knee_L=+0.300 hip_p_L=-0.100 torn=6999 cmd_age=-1.0ms auth=-1.0s rig_ign=0 fix_base=1 sat_j=left_ankle_roll_joint:+35.0,right_ankle_roll_joint:+35.0,left_wrist_roll_joint:+25.0,right_wrist_roll_joint:+25.0,right_wrist_yaw_joint:-5.0
[lowlevel-sim][GT] t=7.001 quat=[0.70739, 0.0, 0.0, 0.70683] angvel=[0.0, 0.0, 0.0] linvel=[0.0, 0.0, 0.0] z=0.7975
[lowlevel-sim][GT] t=7.051 quat=[0.70739, 0.0, 0.0, 0.70683] angvel=[0.0, 0.0, 0.0] linvel=[0.0, 0.0, 0.0] z=0.7975
[lowlevel-sim][GT] t=7.101 quat=[0.70739, 0.0, 0.0, 0.70683] angvel=[0.0, 0.0, 0.0] linvel=[0.0, 0.0, 0.0] z=0.7975
[lowlevel-sim][GT] t=7.151 quat=[0.70739, 0.0, 0.0, 0.70683] angvel=[0.0, 0.0, 0.0] linvel=[0.0, 0.0, 0.0] z=0.7975
[lowlevel-sim][GT] t=7.201 quat=[0.70739, 0.0, 0.0, 0.70683] angvel=[0.0, 0.0, 0.0] linvel=[0.0, 0.0, 0.0] z=0.7975
[lowlevel-sim][GT] t=7.251 quat=[0.70739, 0.0, 0.0, 0.70683] angvel=[0.0, 0.0, 0.0] linvel=[0.0, 0.0, 0.0] z=0.7975
[lowlevel-sim][GT] t=7.301 quat=[0.70739, 0.0, 0.0, 0.70683] angvel=[0.0, 0.0, 0.0] linvel=[0.0, 0.0, 0.0] z=0.7975
[lowlevel-sim][GT] t=7.351 quat=[0.70739, 0.0, 0.0, 0.70683] angvel=[0.0, 0.0, 0.0] linvel=[0.0, 0.0, 0.0] z=0.7975
[lowlevel-sim][GT] t=7.401 quat=[0.70739, 0.0, 0.0, 0.70683] angvel=[0.0, 0.0, 0.0] linvel=[0.0, 0.0, 0.0] z=0.7975
[lowlevel-sim][GT] t=7.451 quat=[0.70739, 0.0, 0.0, 0.70683] angvel=[0.0, 0.0, 0.0] linvel=[0.0, 0.0, 0.0] z=0.7975
[lowlevel-sim] t=   7.50 mode=hold       pd=7499 hold=7499 failclosed=0 rtf=0.217 base_z=+0.798 pitch=+0.000 roll=+0.000 |tau|max= 35.00 sat=5/29 knee_L=+0.300 hip_p_L=-0.100 torn=7499 cmd_age=-1.0ms auth=-1.0s rig_ign=0 fix_base=1 sat_j=left_ankle_roll_joint:+35.0,right_ankle_roll_joint:+35.0,left_wrist_roll_joint:+25.0,right_wrist_roll_joint:+25.0,right_wrist_yaw_joint:-5.0
[lowlevel-sim][GT] t=7.501 quat=[0.70739, 0.0, 0.0, 0.70683] angvel=[0.0, 0.0, 0.0] linvel=[0.0, 0.0, 0.0] z=0.7975
[lowlevel-sim][GT] t=7.551 quat=[0.70739, 0.0, 0.0, 0.70683] angvel=[0.0, 0.0, 0.0] linvel=[0.0, 0.0, 0.0] z=0.7975
[lowlevel-sim][GT] t=7.601 quat=[0.70739, 0.0, 0.0, 0.70683] angvel=[0.0, 0.0, 0.0] linvel=[0.0, 0.0, 0.0] z=0.7975
[lowlevel-sim][GT] t=7.651 quat=[0.70739, 0.0, 0.0, 0.70683] angvel=[0.0, 0.0, 0.0] linvel=[0.0, 0.0, 0.0] z=0.7975
[lowlevel-sim][GT] t=7.701 quat=[0.70739, 0.0, 0.0, 0.70683] angvel=[0.0, 0.0, 0.0] linvel=[0.0, 0.0, 0.0] z=0.7975
[lowlevel-sim][GT] t=7.751 quat=[0.70739, 0.0, 0.0, 0.70683] angvel=[0.0, 0.0, 0.0] linvel=[0.0, 0.0, 0.0] z=0.7975
[lowlevel-sim][GT] t=7.801 quat=[0.70739, 0.0, 0.0, 0.70683] angvel=[0.0, 0.0, 0.0] linvel=[0.0, 0.0, 0.0] z=0.7975
[lowlevel-sim][GT] t=7.851 quat=[0.70739, 0.0, 0.0, 0.70683] angvel=[0.0, 0.0, 0.0] linvel=[0.0, 0.0, 0.0] z=0.7975
[lowlevel-sim][GT] t=7.901 quat=[0.70739, 0.0, 0.0, 0.70683] angvel=[0.0, 0.0, 0.0] linvel=[0.0, 0.0, 0.0] z=0.7975
[lowlevel-sim][GT] t=7.951 quat=[0.70739, 0.0, 0.0, 0.70683] angvel=[0.0, 0.0, 0.0] linvel=[0.0, 0.0, 0.0] z=0.7975
[lowlevel-sim] t=   8.00 mode=hold       pd=7999 hold=7999 failclosed=0 rtf=0.218 base_z=+0.798 pitch=+0.000 roll=+0.000 |tau|max= 35.00 sat=5/29 knee_L=+0.300 hip_p_L=-0.100 torn=7999 cmd_age=-1.0ms auth=-1.0s rig_ign=0 fix_base=1 sat_j=left_ankle_roll_joint:+35.0,right_ankle_roll_joint:+35.0,left_wrist_roll_joint:+25.0,right_wrist_roll_joint:+25.0,right_wrist_yaw_joint:-5.0
[lowlevel-sim][GT] t=8.001 quat=[0.70739, 0.0, 0.0, 0.70683] angvel=[0.0, 0.0, 0.0] linvel=[0.0, 0.0, 0.0] z=0.7975
[lowlevel-sim][GT] t=8.051 quat=[0.70739, 0.0, 0.0, 0.70683] angvel=[0.0, 0.0, 0.0] linvel=[0.0, 0.0, 0.0] z=0.7975
[lowlevel-sim][GT] t=8.101 quat=[0.70739, 0.0, 0.0, 0.70683] angvel=[0.0, 0.0, 0.0] linvel=[0.0, 0.0, 0.0] z=0.7975
[lowlevel-sim][GT] t=8.151 quat=[0.70739, 0.0, 0.0, 0.70683] angvel=[0.0, 0.0, 0.0] linvel=[0.0, 0.0, 0.0] z=0.7975
[lowlevel-sim][GT] t=8.201 quat=[0.70739, 0.0, 0.0, 0.70683] angvel=[0.0, 0.0, 0.0] linvel=[0.0, 0.0, 0.0] z=0.7975
[lowlevel-sim][GT] t=8.251 quat=[0.70739, 0.0, 0.0, 0.70683] angvel=[0.0, 0.0, 0.0] linvel=[0.0, 0.0, 0.0] z=0.7975
[lowlevel-sim][GT] t=8.301 quat=[0.70739, 0.0, 0.0, 0.70683] angvel=[0.0, 0.0, 0.0] linvel=[0.0, 0.0, 0.0] z=0.7975
[lowlevel-sim][GT] t=8.351 quat=[0.70739, 0.0, 0.0, 0.70683] angvel=[0.0, 0.0, 0.0] linvel=[0.0, 0.0, 0.0] z=0.7975
[lowlevel-sim][GT] t=8.401 quat=[0.70739, 0.0, 0.0, 0.70683] angvel=[0.0, 0.0, 0.0] linvel=[0.0, 0.0, 0.0] z=0.7975
[lowlevel-sim][GT] t=8.451 quat=[0.70739, 0.0, 0.0, 0.70683] angvel=[0.0, 0.0, 0.0] linvel=[0.0, 0.0, 0.0] z=0.7975
[lowlevel-sim] t=   8.50 mode=hold       pd=8499 hold=8499 failclosed=0 rtf=0.219 base_z=+0.798 pitch=+0.000 roll=+0.000 |tau|max= 35.00 sat=5/29 knee_L=+0.300 hip_p_L=-0.100 torn=8499 cmd_age=-1.0ms auth=-1.0s rig_ign=0 fix_base=1 sat_j=left_ankle_roll_joint:+35.0,right_ankle_roll_joint:+35.0,left_wrist_roll_joint:+25.0,right_wrist_roll_joint:+25.0,right_wrist_yaw_joint:-5.0
[lowlevel-sim][GT] t=8.501 quat=[0.70739, 0.0, 0.0, 0.70683] angvel=[0.0, 0.0, 0.0] linvel=[0.0, 0.0, 0.0] z=0.7975
[lowlevel-sim][GT] t=8.551 quat=[0.70739, 0.0, 0.0, 0.70683] angvel=[0.0, 0.0, 0.0] linvel=[0.0, 0.0, 0.0] z=0.7975
[lowlevel-sim][GT] t=8.601 quat=[0.70739, 0.0, 0.0, 0.70683] angvel=[0.0, 0.0, 0.0] linvel=[0.0, 0.0, 0.0] z=0.7975
[lowlevel-sim][GT] t=8.651 quat=[0.70739, 0.0, 0.0, 0.70683] angvel=[0.0, 0.0, 0.0] linvel=[0.0, 0.0, 0.0] z=0.7975
[lowlevel-sim][GT] t=8.701 quat=[0.70739, 0.0, 0.0, 0.70683] angvel=[0.0, 0.0, 0.0] linvel=[0.0, 0.0, 0.0] z=0.7975
[lowlevel-sim][GT] t=8.751 quat=[0.70739, 0.0, 0.0, 0.70683] angvel=[0.0, 0.0, 0.0] linvel=[0.0, 0.0, 0.0] z=0.7975
[lowlevel-sim][GT] t=8.801 quat=[0.70739, 0.0, 0.0, 0.70683] angvel=[0.0, 0.0, 0.0] linvel=[0.0, 0.0, 0.0] z=0.7975
[lowlevel-sim][GT] t=8.851 quat=[0.70739, 0.0, 0.0, 0.70683] angvel=[0.0, 0.0, 0.0] linvel=[0.0, 0.0, 0.0] z=0.7975
[lowlevel-sim][GT] t=8.901 quat=[0.70739, 0.0, 0.0, 0.70683] angvel=[0.0, 0.0, 0.0] linvel=[0.0, 0.0, 0.0] z=0.7975
[lowlevel-sim][GT] t=8.951 quat=[0.70739, 0.0, 0.0, 0.70683] angvel=[0.0, 0.0, 0.0] linvel=[0.0, 0.0, 0.0] z=0.7975
[lowlevel-sim] t=   9.00 mode=hold       pd=8785 hold=8785 failclosed=0 rtf=0.220 base_z=+0.798 pitch=+0.000 roll=+0.000 |tau|max= 35.00 sat=6/29 knee_L=+0.301 hip_p_L=-0.100 torn=8542 cmd_age=15.4ms auth=1.4s rig_ign=214 fix_base=1 sat_j=left_ankle_roll_joint:+35.0,right_ankle_roll_joint:+35.0,left_wrist_roll_joint:+25.0,left_wrist_yaw_joint:-5.0,right_wrist_roll_joint:+25.0,right_wrist_pitch_joint:-5.0
[lowlevel-sim][GT] t=9.001 quat=[0.70739, 0.0, 0.0, 0.70683] angvel=[0.0, 0.0, 0.0] linvel=[0.0, 0.0, 0.0] z=0.7975
[lowlevel-sim][GT] t=9.051 quat=[0.70739, 0.0, 0.0, 0.70683] angvel=[0.0, 0.0, 0.0] linvel=[0.0, 0.0, 0.0] z=0.7975
[lowlevel-sim][GT] t=9.101 quat=[0.70739, 0.0, 0.0, 0.70683] angvel=[0.0, 0.0, 0.0] linvel=[0.0, 0.0, 0.0] z=0.7975
[lowlevel-sim][GT] t=9.151 quat=[0.70739, 0.0, 0.0, 0.70683] angvel=[0.0, 0.0, 0.0] linvel=[0.0, 0.0, 0.0] z=0.7975
[lowlevel-sim][GT] t=9.201 quat=[0.70739, 0.0, 0.0, 0.70683] angvel=[0.0, 0.0, 0.0] linvel=[0.0, 0.0, 0.0] z=0.7975
[lowlevel-sim][GT] t=9.251 quat=[0.70739, 0.0, 0.0, 0.70683] angvel=[0.0, 0.0, 0.0] linvel=[0.0, 0.0, 0.0] z=0.7975
[lowlevel-sim][GT] t=9.301 quat=[0.70739, 0.0, 0.0, 0.70683] angvel=[0.0, 0.0, 0.0] linvel=[0.0, 0.0, 0.0] z=0.7975
[lowlevel-sim][GT] t=9.351 quat=[0.70739, 0.0, 0.0, 0.70683] angvel=[0.0, 0.0, 0.0] linvel=[0.0, 0.0, 0.0] z=0.7975
[lowlevel-sim][GT] t=9.401 quat=[0.70739, 0.0, 0.0, 0.70683] angvel=[0.0, 0.0, 0.0] linvel=[0.0, 0.0, 0.0] z=0.7975
[lowlevel-sim][GT] t=9.451 quat=[0.70739, 0.0, 0.0, 0.70683] angvel=[0.0, 0.0, 0.0] linvel=[0.0, 0.0, 0.0] z=0.7975
[lowlevel-sim] t=   9.50 mode=hold       pd=9035 hold=9035 failclosed=0 rtf=0.221 base_z=+0.798 pitch=+0.000 roll=+0.000 |tau|max= 35.00 sat=6/29 knee_L=+0.301 hip_p_L=-0.100 torn=8574 cmd_age=17.5ms auth=3.4s rig_ign=464 fix_base=1 sat_j=left_ankle_roll_joint:+35.0,right_ankle_roll_joint:+35.0,left_wrist_roll_joint:+25.0,left_wrist_yaw_joint:-5.0,right_wrist_roll_joint:+25.0,right_wrist_pitch_joint:-5.0
[lowlevel-sim][GT] t=9.501 quat=[0.70739, 0.0, 0.0, 0.70683] angvel=[0.0, 0.0, 0.0] linvel=[0.0, 0.0, 0.0] z=0.7975
[lowlevel-sim][GT] t=9.551 quat=[0.70739, 0.0, 0.0, 0.70683] angvel=[0.0, 0.0, 0.0] linvel=[0.0, 0.0, 0.0] z=0.7975
[lowlevel-sim][GT] t=9.601 quat=[0.70739, 0.0, 0.0, 0.70683] angvel=[0.0, 0.0, 0.0] linvel=[0.0, 0.0, 0.0] z=0.7975
[lowlevel-sim][GT] t=9.651 quat=[0.70739, 0.0, 0.0, 0.70683] angvel=[0.0, 0.0, 0.0] linvel=[0.0, 0.0, 0.0] z=0.7975
[lowlevel-sim][GT] t=9.701 quat=[0.70739, 0.0, 0.0, 0.70683] angvel=[0.0, 0.0, 0.0] linvel=[0.0, 0.0, 0.0] z=0.7975
[lowlevel-sim][GT] t=9.751 quat=[0.70739, 0.0, 0.0, 0.70683] angvel=[0.0, 0.0, 0.0] linvel=[0.0, 0.0, 0.0] z=0.7975
[lowlevel-sim][GT] t=9.801 quat=[0.70739, 0.0, 0.0, 0.70683] angvel=[0.0, 0.0, 0.0] linvel=[0.0, 0.0, 0.0] z=0.7975
[lowlevel-sim][GT] t=9.851 quat=[0.70739, 0.0, 0.0, 0.70683] angvel=[0.0, 0.0, 0.0] linvel=[0.0, 0.0, 0.0] z=0.7975
[lowlevel-sim] TEST RIG RELEASED at t=9.880s -- controller has had authority for 5.0s (C-30)
[lowlevel-sim] COMMANDED at t=9.880s (was idle hold)
[lowlevel-sim][GT] t=9.901 quat=[0.70829, 0.00134, -0.00301, 0.70592] angvel=[0.34327, -0.15229, -0.20344] linvel=[0.07373, -0.08249, -0.24201] z=0.7947
[lowlevel-sim][GT] t=9.951 quat=[0.71073, 0.01393, -0.01585, 0.70315] angvel=[0.74539, -0.00746, -0.06573] linvel=[0.05243, -0.13278, -0.05746] z=0.7818
[lowlevel-sim] t=  10.00 mode=cmd        pd=9285 hold=9225 failclosed=0 rtf=0.222 base_z=+0.781 pitch=-0.058 roll=-0.002 |tau|max= 25.00 sat=5/29 knee_L=+0.374 hip_p_L=-0.099 torn=8592 cmd_age=101.4ms auth=5.5s rig_ign=654 fix_base=0 sat_j=left_wrist_roll_joint:+25.0,left_wrist_yaw_joint:-5.0,right_wrist_roll_joint:+25.0,right_wrist_pitch_joint:-5.0,right_wrist_yaw_joint:-5.0
[lowlevel-sim][GT] t=10.001 quat=[0.71072, 0.01986, -0.02123, 0.70287] angvel=[0.12484, 0.01566, 0.01199] linvel=[0.04731, -0.07775, -0.00596] z=0.7807
[lowlevel-sim] FAIL-CLOSED engaged at t=10.001s, last command age 88.61 ms (deadline <= 100 ms) PASS
[lowlevel-sim] COMMANDED at t=10.006s (was fail-closed)
[lowlevel-sim][GT] t=10.051 quat=[0.71051, 0.02128, -0.02207, 0.70302] angvel=[-0.05229, 0.02329, 0.02974] linvel=[0.04055, 0.00292, 0.00327] z=0.7804
[lowlevel-sim][GT] t=10.101 quat=[0.70999, 0.01884, -0.01908, 0.7037] angvel=[-0.17045, 0.01465, 0.04394] linvel=[0.03377, 0.10284, 0.00514] z=0.7807
[lowlevel-sim][GT] t=10.151 quat=[0.70927, 0.01566, -0.01553, 0.70459] angvel=[-0.19543, 0.01878, 0.05081] linvel=[0.03254, 0.16285, -0.00239] z=0.7808
[lowlevel-sim][GT] t=10.201 quat=[0.70849, 0.01216, -0.01178, 0.70552] angvel=[-0.21618, 0.01709, 0.03417] linvel=[0.01674, 0.19894, -0.00847] z=0.7806
[lowlevel-sim][GT] t=10.251 quat=[0.70798, 0.00824, -0.00764, 0.70614] angvel=[-0.24202, 0.0076, 0.03816] linvel=[0.01482, 0.21436, -0.01485] z=0.7800
[lowlevel-sim][GT] t=10.301 quat=[0.70707, 0.00371, -0.00292, 0.70713] angvel=[-0.29203, -0.00783, 0.06415] linvel=[0.0036, 0.21979, -0.01784] z=0.7792
[lowlevel-sim][GT] t=10.351 quat=[0.70632, -0.00176, 0.00282, 0.70789] angvel=[-0.3477, 0.01194, 0.0157] linvel=[0.00547, 0.22419, -0.01966] z=0.7783
[lowlevel-sim][GT] t=10.401 quat=[0.70653, -0.00836, 0.0096, 0.70757] angvel=[-0.41262, -0.00863, -0.04028] linvel=[-0.00223, 0.2336, -0.02257] z=0.7772
[lowlevel-sim][GT] t=10.451 quat=[0.7072, -0.01628, 0.01757, 0.70661] angvel=[-0.48807, 0.00778, -0.04707] linvel=[0.00299, 0.25071, -0.02642] z=0.7759
[lowlevel-sim] t=  10.50 mode=cmd        pd=9538 hold=9225 failclosed=5 rtf=0.225 base_z=+0.774 pitch=+0.074 roll=+0.002 |tau|max= 25.00 sat=5/29 knee_L=+0.356 hip_p_L=-0.093 torn=8607 cmd_age=23.0ms auth=7.1s rig_ign=654 fix_base=0 sat_j=left_wrist_roll_joint:-25.0,left_wrist_yaw_joint:+5.0,right_wrist_roll_joint:-25.0,right_wrist_pitch_joint:-5.0,right_wrist_yaw_joint:+5.0
[lowlevel-sim][GT] t=10.501 quat=[0.7073, -0.02569, 0.027, 0.70593] angvel=[-0.5776, -0.00779, 0.00683] linvel=[-0.00228, 0.28284, -0.03423] z=0.7743
[lowlevel-sim][GT] t=10.551 quat=[0.70665, -0.03678, 0.03816, 0.70558] angvel=[-0.68035, 0.01412, 0.01663] linvel=[0.00234, 0.33377, -0.04891] z=0.7720
[lowlevel-sim][GT] t=10.601 quat=[0.70534, -0.04967, 0.05128, 0.70527] angvel=[-0.79472, -0.00637, 0.05032] linvel=[-0.00012, 0.40204, -0.07111] z=0.7687
[lowlevel-sim][GT] t=10.651 quat=[0.70329, -0.06459, 0.06643, 0.70484] angvel=[-0.91568, 0.00404, 0.0286] linvel=[0.00097, 0.48225, -0.10352] z=0.7638
[lowlevel-sim][GT] t=10.701 quat=[0.70119, -0.08196, 0.08397, 0.70325] angvel=[-1.07003, 0.00392, -0.00295] linvel=[-0.00998, 0.57009, -0.14974] z=0.7567
[lowlevel-sim][GT] t=10.751 quat=[0.69883, -0.10217, 0.10414, 0.70025] angvel=[-1.2402, -0.0039, -0.02482] linvel=[-0.0097, 0.66583, -0.20968] z=0.7466
[lowlevel-sim][GT] t=10.801 quat=[0.69551, -0.12554, 0.12744, 0.6959] angvel=[-1.43889, -0.03312, -0.02015] linvel=[-0.01668, 0.76768, -0.29446] z=0.7324
[lowlevel-sim][GT] t=10.851 quat=[0.69047, -0.15248, 0.15423, 0.69009] angvel=[-1.65758, 0.01129, -0.02247] linvel=[-0.01152, 0.87307, -0.40172] z=0.7127
[lowlevel-sim][GT] t=10.901 quat=[0.68337, -0.18272, 0.18522, 0.68214] angvel=[-1.89671, 0.03594, -0.05816] linvel=[-0.01506, 0.98142, -0.53866] z=0.6860
[lowlevel-sim][GT] t=10.951 quat=[0.67448, -0.21588, 0.22007, 0.67085] angvel=[-2.1216, 0.01644, -0.08382] linvel=[-0.00222, 1.12329, -0.65971] z=0.6517
[lowlevel-sim] t=  11.00 mode=cmd        pd=9788 hold=9225 failclosed=5 rtf=0.227 base_z=+0.611 pitch=+0.738 roll=+0.004 |tau|max= 25.00 sat=5/29 knee_L=+0.257 hip_p_L=-0.129 torn=8647 cmd_age=25.2ms auth=8.9s rig_ign=654 fix_base=0 sat_j=left_wrist_roll_joint:-25.0,left_wrist_yaw_joint:+5.0,right_wrist_roll_joint:-25.0,right_wrist_pitch_joint:-5.0,right_wrist_yaw_joint:+5.0
[lowlevel-sim][GT] t=11.001 quat=[0.66208, -0.25361, 0.25804, 0.65631] angvel=[-2.42582, -0.01967, -0.00606] linvel=[-0.00027, 1.30967, -0.8026] z=0.6099
[lowlevel-sim][GT] t=11.051 quat=[0.64386, -0.29872, 0.30218, 0.63631] angvel=[-3.03951, 0.11985, -0.05947] linvel=[-0.02727, 1.49842, -1.06256] z=0.5565
[lowlevel-sim][GT] t=11.101 quat=[0.61678, -0.35148, 0.35476, 0.60843] angvel=[-3.60387, -0.12042, 0.0362] linvel=[0.04077, 1.57308, -1.51336] z=0.4820
[lowlevel-sim] FAIL-CLOSED engaged at t=11.105s, last command age 86.93 ms (deadline <= 100 ms) PASS
[lowlevel-sim] COMMANDED at t=11.120s (was fail-closed)
[lowlevel-sim][GT] t=11.151 quat=[0.58304, -0.40506, 0.40785, 0.57415] angvel=[-3.53805, 0.12023, -0.08741] linvel=[-0.0235, 1.50243, -1.99573] z=0.3815
[lowlevel-sim][GT] t=11.201 quat=[0.54646, -0.4531, 0.45561, 0.53712] angvel=[-3.02951, -0.05504, 0.09515] linvel=[0.0474, 1.51282, -2.3719] z=0.2581
[lowlevel-sim][GT] t=11.251 quat=[0.53118, -0.494, 0.47944, 0.49392] angvel=[1.26849, -10.5287, -2.92625] linvel=[-0.53469, 0.91255, -0.42572] z=0.1342
[lowlevel-sim][GT] t=11.301 quat=[0.53946, -0.54156, 0.46643, 0.44512] angvel=[0.06542, -0.71891, 0.22143] linvel=[-0.05508, 0.25807, 0.02058] z=0.1266
[lowlevel-sim][GT] t=11.351 quat=[0.53603, -0.53785, 0.4684, 0.45164] angvel=[0.18171, 1.07762, 0.03666] linvel=[-0.03792, 0.14188, -0.07501] z=0.1254
[lowlevel-sim][GT] t=11.401 quat=[0.51673, -0.52106, 0.48384, 0.47684] angvel=[0.10188, 1.64125, 0.44429] linvel=[0.08221, 0.01115, -0.16091] z=0.1199
[lowlevel-sim][GT] t=11.451 quat=[0.49599, -0.50957, 0.4964, 0.49791] angvel=[-0.10725, 0.43293, 0.31115] linvel=[0.00377, 0.01295, -0.03389] z=0.1132
[lowlevel-sim] t=  11.50 mode=cmd        pd=10046 hold=9225 failclosed=20 rtf=0.228 base_z=+0.112 pitch=+1.556 roll=-3.122 |tau|max= 35.00 sat=3/29 knee_L=+0.306 hip_p_L=-0.110 torn=8675 cmd_age=81.4ms auth=10.8s rig_ign=654 fix_base=0 sat_j=left_ankle_roll_joint:+35.0,right_ankle_roll_joint:+35.0,left_wrist_yaw_joint:+5.0
[lowlevel-sim][GT] t=11.501 quat=[0.48859, -0.51144, 0.49564, 0.50403] angvel=[-0.12598, 0.1475, 0.29483] linvel=[0.0283, 0.01937, -0.02683] z=0.1120
[lowlevel-sim][GT] t=11.551 quat=[0.48285, -0.51383, 0.4958, 0.50697] angvel=[-0.0573, 0.18085, 0.14977] linvel=[-0.01941, -0.00226, -0.03073] z=0.1099
[lowlevel-sim][GT] t=11.601 quat=[0.48041, -0.51542, 0.49521, 0.50825] angvel=[0.06609, -0.00511, 0.08531] linvel=[0.04432, 0.00316, -0.01618] z=0.1089
[lowlevel-sim][GT] t=11.651 quat=[0.4819, -0.51525, 0.49586, 0.50637] angvel=[-0.04054, 0.01127, -0.17684] linvel=[-0.00045, 0.01025, -0.00343] z=0.1086
[lowlevel-sim][GT] t=11.701 quat=[0.4851, -0.51498, 0.49705, 0.50241] angvel=[-0.08204, -0.28053, -0.11323] linvel=[0.04308, 0.00756, 0.00309] z=0.1085
[lowlevel-sim][GT] t=11.751 quat=[0.488, -0.51546, 0.49814, 0.49801] angvel=[-0.09212, -0.21336, -0.21223] linvel=[-0.01408, 0.00135, 0.00232] z=0.1080
[lowlevel-sim][GT] t=11.801 quat=[0.49042, -0.5161, 0.4993, 0.49378] angvel=[-0.09155, -0.17273, -0.02932] linvel=[0.03958, 0.00266, 0.00035] z=0.1075
[lowlevel-sim][GT] t=11.851 quat=[0.4918, -0.51616, 0.50029, 0.49135] angvel=[0.00232, 0.00453, -0.12753] linvel=[-0.00835, 0.00346, 0.00124] z=0.1072
[lowlevel-sim][GT] t=11.901 quat=[0.49304, -0.51577, 0.50034, 0.49047] angvel=[0.04362, -0.0483, 0.01369] linvel=[0.04264, 0.00377, 0.00181] z=0.1073
[lowlevel-sim][GT] t=11.951 quat=[0.49378, -0.51479, 0.49996, 0.49113] angvel=[0.07064, 0.12074, -0.03121] linvel=[-0.00758, 0.00914, 0.00386] z=0.1078
[lowlevel-sim] t=  12.00 mode=cmd        pd=10296 hold=9225 failclosed=20 rtf=0.230 base_z=+0.108 pitch=+1.540 roll=-2.751 |tau|max= 35.00 sat=1/29 knee_L=+0.279 hip_p_L=-0.104 torn=8692 cmd_age=26.1ms auth=12.7s rig_ign=654 fix_base=0 sat_j=left_ankle_roll_joint:+35.0
[lowlevel-sim][GT] t=12.001 quat=[0.49201, -0.51382, 0.50031, 0.49357] angvel=[0.0215, 0.09747, 0.09099] linvel=[0.05033, 0.00119, 0.00341] z=0.1082
[lowlevel-sim][GT] t=12.051 quat=[0.49053, -0.51385, 0.50045, 0.49486] angvel=[0.04599, 0.09001, -0.07459] linvel=[-0.02827, 0.0042, -0.00094] z=0.1083
[lowlevel-sim][GT] t=12.101 quat=[0.49057, -0.51451, 0.49994, 0.49465] angvel=[-0.0708, -0.05581, 0.11328] linvel=[0.03206, 0.00406, 0.00635] z=0.1083
[lowlevel-sim][GT] t=12.151 quat=[0.48959, -0.51523, 0.49938, 0.49543] angvel=[-0.03332, 0.01799, 0.04942] linvel=[-0.03128, 0.003, 0.00563] z=0.1083
[lowlevel-sim][GT] t=12.201 quat=[0.48842, -0.51624, 0.49844, 0.49648] angvel=[-0.02584, -0.08564, 0.1439] linvel=[0.00812, 0.00297, 0.00334] z=0.1084
[lowlevel-sim][GT] t=12.251 quat=[0.48697, -0.51721, 0.49755, 0.49779] angvel=[-0.01448, 0.17283, 0.09669] linvel=[-0.03196, 0.00285, 0.00275] z=0.1084
[lowlevel-sim][GT] t=12.301 quat=[0.48624, -0.51807, 0.4965, 0.49866] angvel=[-0.0183, -0.13918, 0.10471] linvel=[0.00991, -0.00078, 0.00413] z=0.1085
[lowlevel-sim][GT] t=12.351 quat=[0.486, -0.51828, 0.49608, 0.49909] angvel=[-0.0063, 0.09316, 0.04347] linvel=[-0.0235, 0.00226, 0.00372] z=0.1086
[lowlevel-sim][GT] t=12.401 quat=[0.48588, -0.51869, 0.49558, 0.49929] angvel=[-0.04866, -0.01864, 0.09702] linvel=[0.02237, 0.00235, 0.00891] z=0.1087
[lowlevel-sim][GT] t=12.451 quat=[0.48545, -0.51886, 0.49515, 0.49995] angvel=[-0.04113, -0.05547, -0.02383] linvel=[-0.01772, 0.00176, 0.00521] z=0.1088
[lowlevel-sim] t=  12.50 mode=cmd        pd=10546 hold=9225 failclosed=20 rtf=0.231 base_z=+0.109 pitch=+1.541 roll=-2.853 |tau|max= 35.00 sat=1/29 knee_L=+0.283 hip_p_L=-0.111 torn=8721 cmd_age=29.8ms auth=14.5s rig_ign=654 fix_base=0 sat_j=left_ankle_roll_joint:+35.0
[lowlevel-sim][GT] t=12.501 quat=[0.48522, -0.51904, 0.49485, 0.50028] angvel=[0.00528, -0.07581, 0.07059] linvel=[0.01958, 0.00092, 0.00369] z=0.1090
[lowlevel-sim] FAIL-CLOSED engaged at t=12.529s, last command age 85.22 ms (deadline <= 100 ms) PASS
[lowlevel-sim] COMMANDED at t=12.534s (was fail-closed)
[lowlevel-sim][GT] t=12.551 quat=[0.48473, -0.51983, 0.49517, 0.49963] angvel=[-0.06656, -0.06616, 0.04053] linvel=[0.02625, -0.0011, 0.00962] z=0.1088
[lowlevel-sim][GT] t=12.601 quat=[0.48482, -0.51971, 0.49489, 0.49994] angvel=[0.03098, 0.09001, -0.04443] linvel=[-0.02727, 0.00255, 0.00164] z=0.1089
[lowlevel-sim][GT] t=12.651 quat=[0.48496, -0.51965, 0.49472, 0.50003] angvel=[0.00746, 0.03075, 0.01015] linvel=[0.01431, 0.00032, 0.00549] z=0.1092
[lowlevel-sim][GT] t=12.701 quat=[0.48509, -0.51925, 0.49484, 0.5002] angvel=[-0.09665, -0.03218, -0.05299] linvel=[-0.02071, -0.00462, 0.01618] z=0.1095
[lowlevel-sim][GT] t=12.751 quat=[0.48558, -0.51883, 0.49481, 0.50019] angvel=[0.01567, -0.06377, 0.06278] linvel=[0.01803, 0.00219, 0.00871] z=0.1098
[lowlevel-sim] FAIL-CLOSED engaged at t=12.793s, last command age 86.55 ms (deadline <= 100 ms) PASS
[lowlevel-sim] COMMANDED at t=12.796s (was fail-closed)
[lowlevel-sim][GT] t=12.801 quat=[0.48598, -0.51855, 0.49495, 0.49996] angvel=[-0.05947, 0.01, -0.04972] linvel=[0.00225, -0.00322, 0.00272] z=0.1099
[lowlevel-sim][GT] t=12.851 quat=[0.4865, -0.51826, 0.49505, 0.49964] angvel=[-0.0046, -0.00123, 0.03066] linvel=[0.01003, -0.00753, 0.00041] z=0.1099
[lowlevel-sim][GT] t=12.901 quat=[0.48685, -0.51807, 0.49513, 0.49943] angvel=[-0.04658, 0.06189, 0.00273] linvel=[0.00653, -0.00344, 0.00378] z=0.1099
[lowlevel-sim][GT] t=12.951 quat=[0.48699, -0.51798, 0.49528, 0.49923] angvel=[0.03209, 0.00462, -0.02031] linvel=[0.00465, -0.00667, -0.00521] z=0.1098
[lowlevel-sim] t=  13.00 mode=cmd        pd=10800 hold=9225 failclosed=27 rtf=0.233 base_z=+0.110 pitch=+1.542 roll=-2.786 |tau|max= 35.00 sat=2/29 knee_L=+0.285 hip_p_L=-0.111 torn=8751 cmd_age=22.3ms auth=16.3s rig_ign=654 fix_base=0 sat_j=left_ankle_roll_joint:+35.0,right_ankle_roll_joint:-35.0
[lowlevel-sim][GT] t=13.001 quat=[0.48709, -0.51791, 0.49526, 0.49923] angvel=[-0.05352, -0.04126, -0.01764] linvel=[0.00334, -0.00368, 0.00731] z=0.1098
[lowlevel-sim][GT] t=13.051 quat=[0.48694, -0.51794, 0.49534, 0.49926] angvel=[0.0105, -0.01566, 0.02036] linvel=[0.00388, -0.00437, -0.00314] z=0.1097
[lowlevel-sim][GT] t=13.101 quat=[0.48683, -0.51801, 0.49528, 0.49935] angvel=[-0.01729, 0.02283, -0.01541] linvel=[0.00382, -0.004, 0.00382] z=0.1097
[lowlevel-sim][GT] t=13.151 quat=[0.48661, -0.5181, 0.49532, 0.49945] angvel=[0.02988, 0.04292, 0.01174] linvel=[0.00648, -0.00821, -0.00707] z=0.1097
[lowlevel-sim][GT] t=13.201 quat=[0.48649, -0.5181, 0.49531, 0.49957] angvel=[-0.06351, -0.04108, 0.01091] linvel=[0.002, -0.00427, 0.00838] z=0.1096
[lowlevel-sim][GT] t=13.251 quat=[0.48644, -0.51813, 0.49528, 0.49961] angvel=[0.00315, -0.01496, 0.0149] linvel=[0.00517, -0.00266, 0.00024] z=0.1097
[lowlevel-sim][GT] t=13.301 quat=[0.48645, -0.51809, 0.49528, 0.49964] angvel=[-0.01017, 0.02421, -0.00851] linvel=[0.00116, -0.00324, 0.00522] z=0.1096
[lowlevel-sim][GT] t=13.351 quat=[0.48643, -0.51802, 0.49533, 0.4997] angvel=[0.03196, 0.02145, -0.02469] linvel=[0.0016, -0.00685, -0.00594] z=0.1096
[lowlevel-sim][GT] t=13.401 quat=[0.48653, -0.5179, 0.49539, 0.49966] angvel=[-0.08231, -0.03093, -0.01351] linvel=[0.0006, -0.00405, 0.00756] z=0.1096
[lowlevel-sim][GT] t=13.451 quat=[0.48646, -0.51788, 0.49552, 0.49961] angvel=[-0.00285, 0.01614, 0.03173] linvel=[0.00771, -0.00391, -0.00069] z=0.1096
[lowlevel-sim] t=  13.50 mode=cmd        pd=11050 hold=9225 failclosed=27 rtf=0.234 base_z=+0.110 pitch=+1.542 roll=-2.830 |tau|max= 35.00 sat=2/29 knee_L=+0.285 hip_p_L=-0.111 torn=8775 cmd_age=24.6ms auth=18.1s rig_ign=654 fix_base=0 sat_j=left_ankle_roll_joint:+35.0,right_ankle_roll_joint:-35.0
[lowlevel-sim][GT] t=13.501 quat=[0.48659, -0.51777, 0.49551, 0.49961] angvel=[-0.06163, 0.01823, 0.01102] linvel=[0.00377, -0.00403, 0.00444] z=0.1095
[lowlevel-sim][GT] t=13.551 quat=[0.48666, -0.5177, 0.4956, 0.49952] angvel=[0.03812, 0.03304, -0.0412] linvel=[0.00165, -0.00399, -0.00522] z=0.1095
[lowlevel-sim][GT] t=13.601 quat=[0.48685, -0.51758, 0.49567, 0.4994] angvel=[-0.06625, -0.03825, -0.03419] linvel=[-0.0002, -0.00179, 0.00806] z=0.1095
[lowlevel-sim][GT] t=13.651 quat=[0.48691, -0.5176, 0.49577, 0.49922] angvel=[0.01473, -0.0158, -0.00497] linvel=[0.00405, -0.00343, -0.00128] z=0.1095
[lowlevel-sim][GT] t=13.701 quat=[0.48693, -0.51755, 0.49581, 0.49921] angvel=[-0.01967, 0.01078, -0.01675] linvel=[0.00198, -0.00254, 0.00529] z=0.1094
[lowlevel-sim][GT] t=13.751 quat=[0.48677, -0.51756, 0.49595, 0.49921] angvel=[0.05086, 0.04393, 0.01212] linvel=[0.00559, -0.00991, -0.00684] z=0.1094
[lowlevel-sim][GT] t=13.801 quat=[0.48671, -0.51755, 0.49601, 0.49923] angvel=[-0.06651, -0.01375, 0.01126] linvel=[-0.00079, -0.00389, 0.00658] z=0.1093
[lowlevel-sim][GT] t=13.851 quat=[0.48666, -0.51753, 0.49604, 0.49927] angvel=[0.00396, -0.00911, 0.00946] linvel=[0.0027, -0.00195, 0.00202] z=0.1093
[lowlevel-sim] FAIL-CLOSED engaged at t=13.898s, last command age 87.45 ms (deadline <= 100 ms) PASS
[lowlevel-sim] COMMANDED at t=13.900s (was fail-closed)
[lowlevel-sim][GT] t=13.901 quat=[0.48658, -0.51763, 0.49609, 0.4992] angvel=[-0.06758, -0.01923, -0.00405] linvel=[0.00168, -0.00217, -0.01014] z=0.1093
[lowlevel-sim][GT] t=13.951 quat=[0.48653, -0.51775, 0.49626, 0.49895] angvel=[0.03348, 0.02371, -0.0077] linvel=[0.00144, -0.00816, -0.00795] z=0.1091
[lowlevel-sim] t=  14.00 mode=cmd        pd=11300 hold=9225 failclosed=28 rtf=0.235 base_z=+0.109 pitch=+1.541 roll=-2.864 |tau|max= 35.00 sat=2/29 knee_L=+0.283 hip_p_L=-0.111 torn=8799 cmd_age=24.4ms auth=20.0s rig_ign=654 fix_base=0 sat_j=left_ankle_roll_joint:+35.0,right_ankle_roll_joint:-35.0
[lowlevel-sim][GT] t=14.001 quat=[0.48633, -0.51776, 0.49634, 0.49905] angvel=[-0.0267, 0.02914, -0.01725] linvel=[0.00063, -0.00546, -0.00017] z=0.1090
[lowlevel-sim][GT] t=14.051 quat=[0.48638, -0.51748, 0.49641, 0.49923] angvel=[-0.00027, 0.0178, 0.03595] linvel=[0.00898, -0.00533, -0.00042] z=0.1091
[lowlevel-sim][GT] t=14.101 quat=[0.48649, -0.5173, 0.49647, 0.49924] angvel=[-0.01656, 0.00681, 0.0168] linvel=[0.00796, -0.00403, 0.00216] z=0.1090
[lowlevel-sim][GT] t=14.151 quat=[0.48643, -0.51724, 0.49666, 0.49918] angvel=[-0.00327, -0.0069, -0.00596] linvel=[0.00283, -0.00162, 0.00218] z=0.1090
[lowlevel-sim][GT] t=14.201 quat=[0.48654, -0.51704, 0.49669, 0.49925] angvel=[-0.02562, -0.03921, -0.01805] linvel=[0.00066, -0.00247, 0.00565] z=0.1090
[lowlevel-sim][GT] t=14.251 quat=[0.48666, -0.51698, 0.49678, 0.4991] angvel=[0.00423, -0.02164, 0.00461] linvel=[0.00687, -0.00514, 0.00027] z=0.1090
[lowlevel-sim][GT] t=14.301 quat=[0.48674, -0.51677, 0.49682, 0.4992] angvel=[0.00576, 0.04672, -0.00227] linvel=[0.00085, -0.00066, 0.00182] z=0.1090
[lowlevel-sim][GT] t=14.351 quat=[0.4868, -0.51661, 0.49697, 0.49915] angvel=[0.06883, 0.01557, -0.02027] linvel=[-0.00038, -0.0054, -0.00788] z=0.1090
[lowlevel-sim][GT] t=14.401 quat=[0.48675, -0.51674, 0.49714, 0.4989] angvel=[-0.04646, -0.00513, -0.03079] linvel=[-0.00226, -0.00402, 0.00108] z=0.1088
[lowlevel-sim][GT] t=14.451 quat=[0.48668, -0.51673, 0.4973, 0.49882] angvel=[0.01623, 0.01439, 0.02422] linvel=[0.00598, -0.00837, -0.00533] z=0.1087
[lowlevel-sim] t=  14.50 mode=cmd        pd=11550 hold=9225 failclosed=28 rtf=0.236 base_z=+0.109 pitch=+1.541 roll=-2.910 |tau|max= 35.00 sat=2/29 knee_L=+0.282 hip_p_L=-0.110 torn=8825 cmd_age=30.3ms auth=21.9s rig_ign=654 fix_base=0 sat_j=left_ankle_roll_joint:+35.0,right_ankle_roll_joint:-35.0
[lowlevel-sim][GT] t=14.501 quat=[0.48671, -0.51664, 0.49742, 0.49877] angvel=[0.028, 0.05156, -0.00758] linvel=[-0.00245, -0.00034, -0.00018] z=0.1087
[lowlevel-sim][GT] t=14.551 quat=[0.48691, -0.51653, 0.49744, 0.49867] angvel=[-0.03667, 0.02472, 0.03321] linvel=[0.0097, -0.00686, -0.00062] z=0.1087
[lowlevel-sim][GT] t=14.601 quat=[0.48674, -0.51659, 0.49765, 0.49857] angvel=[-0.01692, 0.02016, 0.01184] linvel=[0.00289, -0.00458, 0.00025] z=0.1085
[lowlevel-sim][GT] t=14.651 quat=[0.4865, -0.51678, 0.49784, 0.49841] angvel=[0.01926, -0.01648, -0.04954] linvel=[-0.00249, -0.00752, -0.00432] z=0.1084
[lowlevel-sim][GT] t=14.701 quat=[0.4867, -0.51662, 0.49792, 0.49829] angvel=[-0.0542, -0.09482, -0.00647] linvel=[-0.00518, -0.00534, 0.00884] z=0.1083
[lowlevel-sim][GT] t=14.751 quat=[0.48658, -0.51666, 0.49804, 0.49825] angvel=[0.00127, -0.02329, 0.02673] linvel=[0.0053, -0.00928, -0.00284] z=0.1082
[lowlevel-sim][GT] t=14.801 quat=[0.4866, -0.51661, 0.49828, 0.49804] angvel=[-0.0312, -0.01129, -0.00462] linvel=[0.00169, -0.00484, 0.00115] z=0.1081
[lowlevel-sim][GT] t=14.851 quat=[0.48664, -0.51649, 0.49859, 0.49782] angvel=[-0.02126, -0.05411, -0.05971] linvel=[-0.00925, -0.00884, -0.00062] z=0.1080
[lowlevel-sim][GT] t=14.901 quat=[0.48665, -0.51647, 0.49882, 0.49761] angvel=[-0.00858, 0.06168, -0.00343] linvel=[-0.00624, -0.00534, -0.00309] z=0.1078
[lowlevel-sim][GT] t=14.951 quat=[0.48666, -0.5166, 0.49908, 0.4972] angvel=[-0.03169, -0.0086, 0.03141] linvel=[0.00901, -0.00741, -0.00082] z=0.1076
[lowlevel-sim] t=  15.00 mode=cmd        pd=11800 hold=9225 failclosed=28 rtf=0.238 base_z=+0.108 pitch=+1.539 roll=-2.942 |tau|max= 35.00 sat=2/29 knee_L=+0.276 hip_p_L=-0.109 torn=8846 cmd_age=39.9ms auth=23.6s rig_ign=654 fix_base=0 sat_j=left_ankle_roll_joint:+35.0,right_ankle_roll_joint:-35.0
[lowlevel-sim][GT] t=15.001 quat=[0.48679, -0.51638, 0.49915, 0.49724] angvel=[0.03521, 0.06601, 0.01501] linvel=[0.00466, -0.00066, -0.00184] z=0.1076
[lowlevel-sim][GT] t=15.051 quat=[0.48676, -0.51618, 0.4993, 0.49732] angvel=[0.0072, -0.01457, 0.00533] linvel=[0.0072, -0.00253, 0.0018] z=0.1077
[lowlevel-sim][GT] t=15.101 quat=[0.48671, -0.51596, 0.49943, 0.49745] angvel=[-0.02761, 0.03613, -0.02336] linvel=[0.00505, -0.00211, 0.003] z=0.1077
[lowlevel-sim][GT] t=15.151 quat=[0.4868, -0.5158, 0.49957, 0.4974] angvel=[0.02837, -0.02584, -0.03089] linvel=[0.00051, -0.00873, -0.00088] z=0.1077
[lowlevel-sim][GT] t=15.201 quat=[0.48699, -0.51563, 0.49965, 0.49731] angvel=[-0.01953, 0.03612, -0.01095] linvel=[0.00107, -0.00511, 0.00058] z=0.1076
[lowlevel-sim][GT] t=15.251 quat=[0.48693, -0.51563, 0.49976, 0.49726] angvel=[-0.02204, -0.01843, 0.03816] linvel=[0.01021, -0.00595, 0.0001] z=0.1076
[lowlevel-sim][GT] t=15.301 quat=[0.48686, -0.51552, 0.49988, 0.49732] angvel=[-0.04623, 0.02082, 0.01059] linvel=[0.00405, -0.00202, 0.00489] z=0.1075
[lowlevel-sim][GT] t=15.351 quat=[0.48683, -0.51548, 0.49995, 0.49732] angvel=[0.00168, -0.01746, 0.00842] linvel=[0.00417, -0.00179, -2e-05] z=0.1075
[lowlevel-sim][GT] t=15.401 quat=[0.48684, -0.5155, 0.49991, 0.49732] angvel=[-0.0048, 0.00596, -0.00629] linvel=[0.0006, -0.00184, 0.00323] z=0.1075
[lowlevel-sim][GT] t=15.451 quat=[0.48703, -0.51549, 0.49989, 0.49717] angvel=[0.00831, -0.03572, -0.05298] linvel=[-0.00201, -0.00604, -0.00154] z=0.1075
[lowlevel-sim] t=  15.50 mode=cmd        pd=12050 hold=9225 failclosed=28 rtf=0.238 base_z=+0.107 pitch=+1.539 roll=-2.974 |tau|max= 35.00 sat=2/29 knee_L=+0.276 hip_p_L=-0.108 torn=8862 cmd_age=54.7ms auth=25.7s rig_ign=654 fix_base=0 sat_j=left_ankle_roll_joint:+35.0,right_ankle_roll_joint:-35.0
[lowlevel-sim][GT] t=15.501 quat=[0.4872, -0.51541, 0.49988, 0.49709] angvel=[-0.00412, -0.01434, -0.02278] linvel=[-0.00175, -0.00359, -9e-05] z=0.1074
[lowlevel-sim][GT] t=15.551 quat=[0.48715, -0.51546, 0.50001, 0.49696] angvel=[-0.00839, -0.0314, -0.00765] linvel=[-0.00061, -0.00356, 2e-05] z=0.1073
[lowlevel-sim][GT] t=15.601 quat=[0.48702, -0.51562, 0.49993, 0.497] angvel=[-0.02225, 0.04704, 0.03261] linvel=[-0.00072, -0.0039, 0.00089] z=0.1073
[lowlevel-sim][GT] t=15.651 quat=[0.4867, -0.51588, 0.49995, 0.49703] angvel=[-0.0255, 0.00886, 0.02646] linvel=[-7e-05, -0.00573, 0.00083] z=0.1072
[lowlevel-sim][GT] t=15.701 quat=[0.48655, -0.51594, 0.49984, 0.49723] angvel=[-0.00066, 0.05045, 0.01115] linvel=[-0.00056, 0.00033, 0.00134] z=0.1072
[lowlevel-sim][GT] t=15.751 quat=[0.48638, -0.51613, 0.49976, 0.49728] angvel=[-0.03925, 0.00563, 0.02856] linvel=[0.00254, -0.00628, 5e-05] z=0.1072
[lowlevel-sim][GT] t=15.801 quat=[0.48654, -0.5162, 0.49965, 0.49716] angvel=[-0.00814, 0.04603, 0.01355] linvel=[0.00399, -0.00333, -0.00088] z=0.1070
[lowlevel-sim][GT] t=15.851 quat=[0.48629, -0.51628, 0.49987, 0.4971] angvel=[-0.01406, -0.01359, 0.00109] linvel=[0.00575, -0.00181, 0.00333] z=0.1070
[lowlevel-sim][GT] t=15.901 quat=[0.48633, -0.51615, 0.49988, 0.49719] angvel=[0.00692, 0.02416, 0.01017] linvel=[0.00286, 0.0006, 0.00279] z=0.1070
[lowlevel-sim][GT] t=15.951 quat=[0.48634, -0.51608, 0.4999, 0.49723] angvel=[-0.04364, -0.00179, 0.01788] linvel=[0.00487, -0.00959, 0.00382] z=0.1071
[lowlevel-sim] t=  16.00 mode=cmd        pd=12300 hold=9225 failclosed=28 rtf=0.239 base_z=+0.107 pitch=+1.538 roll=-2.997 |tau|max= 35.00 sat=2/29 knee_L=+0.274 hip_p_L=-0.108 torn=8876 cmd_age=31.1ms auth=27.4s rig_ign=654 fix_base=0 sat_j=left_ankle_roll_joint:+35.0,right_ankle_roll_joint:-35.0
[lowlevel-sim][GT] t=16.001 quat=[0.48634, -0.51598, 0.49983, 0.4974] angvel=[-0.01026, 0.04902, -0.0037] linvel=[0.00112, 0.00077, 0.00428] z=0.1071
[lowlevel-sim][GT] t=16.051 quat=[0.48622, -0.51604, 0.49983, 0.49745] angvel=[-0.00121, -0.03629, -0.0327] linvel=[0.00058, -0.00465, -0.00035] z=0.1071
[lowlevel-sim][GT] t=16.101 quat=[0.48631, -0.51599, 0.49974, 0.49751] angvel=[-0.01698, 0.04713, 0.00165] linvel=[0.00091, -0.00275, 0.00198] z=0.1071
[lowlevel-sim][GT] t=16.151 quat=[0.4862, -0.51602, 0.49972, 0.49761] angvel=[0.02847, -0.02782, -0.01305] linvel=[0.00796, -0.00442, -0.00027] z=0.1071
[lowlevel-sim] FAIL-CLOSED engaged at t=16.169s, last command age 87.09 ms (deadline <= 100 ms) PASS
[lowlevel-sim] COMMANDED at t=16.172s (was fail-closed)
[lowlevel-sim] FAIL-CLOSED engaged at t=16.180s, last command age 95.99 ms (deadline <= 100 ms) PASS
[lowlevel-sim] COMMANDED at t=16.182s (was fail-closed)
[lowlevel-sim][GT] t=16.201 quat=[0.48573, -0.5163, 0.50024, 0.49726] angvel=[0.02008, -0.03689, -0.00609] linvel=[0.00064, -0.00123, 0.00123] z=0.1069
[lowlevel-sim][GT] t=16.251 quat=[0.48598, -0.51625, 0.5, 0.49731] angvel=[-0.02754, 0.06186, -0.00375] linvel=[-0.00248, -0.00266, 0.00542] z=0.1070
[lowlevel-sim][GT] t=16.301 quat=[0.48623, -0.51617, 0.49996, 0.49718] angvel=[0.01403, -0.04505, 0.03288] linvel=[0.00307, -0.00298, 0.00145] z=0.1070
[lowlevel-sim][GT] t=16.351 quat=[0.48627, -0.5161, 0.49974, 0.49743] angvel=[0.01349, 0.00396, 0.00044] linvel=[0.00264, 0.00123, 0.00297] z=0.1071
[lowlevel-sim][GT] t=16.401 quat=[0.48612, -0.51614, 0.49971, 0.49758] angvel=[0.00013, -0.02977, 0.00107] linvel=[0.00448, -0.00254, 0.00093] z=0.1071
[lowlevel-sim][GT] t=16.451 quat=[0.48584, -0.51608, 0.49983, 0.49779] angvel=[-0.00416, 0.02672, 0.01985] linvel=[-0.00047, -0.00055, 0.00372] z=0.1071
[lowlevel-sim] t=  16.50 mode=cmd        pd=12552 hold=9225 failclosed=32 rtf=0.240 base_z=+0.107 pitch=+1.538 roll=-3.019 |tau|max=  9.62 sat=0/29 knee_L=+0.275 hip_p_L=-0.109 torn=8909 cmd_age=45.5ms auth=29.1s rig_ign=654 fix_base=0
[lowlevel-sim][GT] t=16.501 quat=[0.48584, -0.51616, 0.49975, 0.49778] angvel=[-0.00805, -0.0393, -0.01018] linvel=[0.00255, -0.00984, -0.0003] z=0.1071
[lowlevel-sim][GT] t=16.551 quat=[0.48604, -0.51607, 0.4996, 0.49783] angvel=[0.02905, 0.05261, 0.019] linvel=[0.00541, 0.0002, 0.00057] z=0.1071
[lowlevel-sim][GT] t=16.601 quat=[0.48609, -0.51602, 0.4995, 0.49794] angvel=[-0.00852, -0.03617, -0.00563] linvel=[0.00628, -0.00036, 0.00114] z=0.1072
[lowlevel-sim][GT] t=16.651 quat=[0.48605, -0.51593, 0.49942, 0.49814] angvel=[0.00657, 0.03325, 0.00371] linvel=[0.00536, -0.00502, -0.00264] z=0.1073
[lowlevel-sim][GT] t=16.701 quat=[0.48587, -0.51602, 0.49942, 0.49823] angvel=[-0.01985, 0.02213, 0.02749] linvel=[0.01138, -0.00783, -0.00044] z=0.1073
[lowlevel-sim][GT] t=16.751 quat=[0.48604, -0.51581, 0.49937, 0.49834] angvel=[-0.01327, 0.04481, 0.00331] linvel=[0.00435, -0.00358, 0.00116] z=0.1073
[lowlevel-sim][GT] t=16.801 quat=[0.48601, -0.51586, 0.49951, 0.49818] angvel=[-0.03693, -0.02848, -0.02311] linvel=[0.00336, -0.01249, 0.00197] z=0.1073
[lowlevel-sim][GT] t=16.851 quat=[0.48615, -0.51581, 0.49956, 0.49804] angvel=[-0.02617, 0.03193, 0.01566] linvel=[0.00058, -0.00308, 0.00254] z=0.1073
[lowlevel-sim][GT] t=16.901 quat=[0.48619, -0.51577, 0.49972, 0.49787] angvel=[-0.03862, -0.02785, 0.01842] linvel=[-0.00128, -0.00595, 0.00264] z=0.1072
[lowlevel-sim][GT] t=16.951 quat=[0.48638, -0.51562, 0.49969, 0.49787] angvel=[0.02858, 0.0738, 0.01944] linvel=[0.00308, 0.00089, -0.00215] z=0.1072
[lowlevel-sim] t=  17.00 mode=cmd        pd=12802 hold=9225 failclosed=32 rtf=0.241 base_z=+0.107 pitch=+1.539 roll=-3.015 |tau|max=  9.13 sat=0/29 knee_L=+0.276 hip_p_L=-0.108 torn=8928 cmd_age=27.6ms auth=30.9s rig_ign=654 fix_base=0
[lowlevel-sim][GT] t=17.001 quat=[0.48627, -0.51574, 0.49978, 0.49777] angvel=[-0.02745, -0.02319, -0.03492] linvel=[-0.00129, -0.00738, 0.00059] z=0.1072
[lowlevel-sim][GT] t=17.051 quat=[0.4864, -0.51572, 0.49975, 0.49769] angvel=[-0.02603, 0.08017, 0.00967] linvel=[-0.0044, -0.00235, 0.00387] z=0.1072
[lowlevel-sim][GT] t=17.101 quat=[0.48637, -0.51579, 0.49983, 0.49756] angvel=[0.01912, -0.03179, -0.04196] linvel=[-0.00307, -0.00586, 0.00038] z=0.1072
[lowlevel-sim][GT] t=17.151 quat=[0.48673, -0.51573, 0.49968, 0.49743] angvel=[-0.08143, 0.01254, -0.04039] linvel=[0.00356, -0.00259, 0.00605] z=0.1071
[lowlevel-sim][GT] t=17.201 quat=[0.48659, -0.5158, 0.49968, 0.4975] angvel=[-0.01397, -0.0569, -0.02434] linvel=[0.00061, -0.00999, -0.00222] z=0.1071
[lowlevel-sim][GT] t=17.251 quat=[0.48628, -0.51594, 0.49964, 0.49769] angvel=[0.007, 0.0282, -0.00848] linvel=[0.00118, -0.00128, -0.00058] z=0.1070
[lowlevel-sim][GT] t=17.301 quat=[0.48607, -0.51603, 0.4997, 0.49774] angvel=[-0.00486, 0.0026, -0.01104] linvel=[0.00436, -0.0017, -0.00056] z=0.1070
[lowlevel-sim][GT] t=17.351 quat=[0.48597, -0.51606, 0.49956, 0.49795] angvel=[-0.02511, 0.05639, 0.01224] linvel=[0.00097, 0.00152, 0.00469] z=0.1070
[lowlevel-sim][GT] t=17.401 quat=[0.48592, -0.51615, 0.4996, 0.49787] angvel=[-0.01688, -0.05266, -0.0178] linvel=[0.00035, -0.00823, 0.00177] z=0.1070
[lowlevel-sim][GT] t=17.451 quat=[0.48672, -0.51603, 0.49909, 0.49772] angvel=[-0.02706, 0.05524, -0.00906] linvel=[-0.00382, -0.0041, 0.00535] z=0.1072
[lowlevel-sim] t=  17.50 mode=cmd        pd=13052 hold=9225 failclosed=32 rtf=0.242 base_z=+0.107 pitch=+1.540 roll=-2.969 |tau|max= 10.13 sat=0/29 knee_L=+0.274 hip_p_L=-0.107 torn=8952 cmd_age=28.6ms auth=32.7s rig_ign=654 fix_base=0
[lowlevel-sim][GT] t=17.501 quat=[0.48651, -0.51616, 0.49895, 0.49793] angvel=[-0.03315, 0.01124, 0.04247] linvel=[0.01241, -0.00362, 0.00156] z=0.1073
[lowlevel-sim][GT] t=17.551 quat=[0.48621, -0.51622, 0.499, 0.49811] angvel=[-0.03225, 0.07401, 0.0046] linvel=[0.00053, -0.00376, 0.00148] z=0.1072
[lowlevel-sim][GT] t=17.601 quat=[0.48574, -0.51629, 0.49914, 0.49836] angvel=[-0.03374, 0.01294, 0.01951] linvel=[0.00379, -0.00356, 0.0009] z=0.1072
[lowlevel-sim][GT] t=17.651 quat=[0.48572, -0.51617, 0.49916, 0.49848] angvel=[-0.00626, 0.09908, 0.02202] linvel=[0.00135, -0.0023, 0.00156] z=0.1072
[lowlevel-sim][GT] t=17.701 quat=[0.48572, -0.51612, 0.49919, 0.4985] angvel=[-0.0466, -0.03427, -0.01409] linvel=[-0.00338, -0.00638, 0.00453] z=0.1072
[lowlevel-sim][GT] t=17.751 quat=[0.48589, -0.51624, 0.49922, 0.49818] angvel=[0.01666, 0.03307, -0.02001] linvel=[-0.00328, 0.00095, -0.00212] z=0.1071
[lowlevel-sim][GT] t=17.801 quat=[0.48566, -0.51632, 0.49934, 0.49821] angvel=[-0.04689, 0.03012, 0.0526] linvel=[0.00598, -0.00787, 0.00244] z=0.1071
[lowlevel-sim][GT] t=17.851 quat=[0.48574, -0.51624, 0.49932, 0.49823] angvel=[-0.01698, 0.05982, 0.01124] linvel=[0.00178, -4e-05, 0.00387] z=0.1071
[lowlevel-sim][GT] t=17.901 quat=[0.48578, -0.51632, 0.49928, 0.49815] angvel=[0.00859, -0.07447, -0.02983] linvel=[-1e-05, -0.00875, -0.00145] z=0.1071
[lowlevel-sim][GT] t=17.951 quat=[0.48578, -0.5163, 0.49911, 0.49834] angvel=[0.00301, 0.0699, 0.00864] linvel=[0.00313, -0.00622, -0.00137] z=0.1071
[lowlevel-sim] t=  18.00 mode=cmd        pd=13302 hold=9225 failclosed=32 rtf=0.243 base_z=+0.107 pitch=+1.539 roll=-3.013 |tau|max=  9.06 sat=0/29 knee_L=+0.275 hip_p_L=-0.108 torn=8970 cmd_age=39.2ms auth=34.4s rig_ign=654 fix_base=0
[lowlevel-sim][GT] t=18.001 quat=[0.48575, -0.5163, 0.49916, 0.49831] angvel=[-0.00095, -0.0257, 0.02818] linvel=[0.00453, -0.00299, 0.00057] z=0.1071
[lowlevel-sim][GT] t=18.051 quat=[0.48557, -0.51618, 0.4991, 0.49868] angvel=[0.02293, 0.0976, 0.04702] linvel=[0.00389, -0.00011, -0.00183] z=0.1071
[lowlevel-sim][GT] t=18.101 quat=[0.48542, -0.51621, 0.49896, 0.49894] angvel=[-0.02368, -0.04796, -0.03433] linvel=[-0.00273, -0.00667, 0.00047] z=0.1072
[lowlevel-sim][GT] t=18.151 quat=[0.48551, -0.51615, 0.49906, 0.4988] angvel=[-0.02815, 0.06489, -0.02188] linvel=[-0.0009, -0.00315, 0.00239] z=0.1071
[lowlevel-sim][GT] t=18.201 quat=[0.48535, -0.51621, 0.49926, 0.4987] angvel=[-0.02996, -0.01927, 0.0158] linvel=[0.00172, -0.00585, 0.00043] z=0.1071
[lowlevel-sim][GT] t=18.251 quat=[0.48572, -0.51613, 0.49936, 0.49832] angvel=[-0.01957, 0.08999, 0.01613] linvel=[-0.0005, -0.00315, 0.00321] z=0.1069
[lowlevel-sim][GT] t=18.301 quat=[0.48569, -0.51626, 0.49947, 0.4981] angvel=[-0.03004, -0.02897, 0.00821] linvel=[0.00187, -0.00584, 0.00324] z=0.1069
[lowlevel-sim][GT] t=18.351 quat=[0.48583, -0.51618, 0.49943, 0.4981] angvel=[-0.03676, 0.07887, 0.01381] linvel=[0.00183, 0.00018, 0.00428] z=0.1069
[lowlevel-sim][GT] t=18.401 quat=[0.4857, -0.51621, 0.49959, 0.49802] angvel=[-0.00627, -0.04546, -0.00435] linvel=[0.00452, -0.00267, 0.00341] z=0.1068
[lowlevel-sim][GT] t=18.451 quat=[0.48566, -0.51625, 0.49956, 0.49806] angvel=[-0.04104, 0.10422, 0.02217] linvel=[0.00154, -0.00534, 0.00382] z=0.1068
[lowlevel-sim] t=  18.50 mode=cmd        pd=13552 hold=9225 failclosed=32 rtf=0.245 base_z=+0.107 pitch=+1.538 roll=-3.023 |tau|max=  9.60 sat=0/29 knee_L=+0.274 hip_p_L=-0.107 torn=8990 cmd_age=40.2ms auth=36.1s rig_ign=654 fix_base=0
[lowlevel-sim][GT] t=18.501 quat=[0.4857, -0.51624, 0.49968, 0.49791] angvel=[-0.03722, -0.04105, -0.05729] linvel=[-0.00196, -0.00852, 0.00288] z=0.1068
[lowlevel-sim][GT] t=18.551 quat=[0.4857, -0.51628, 0.49966, 0.49789] angvel=[0.00571, 0.08763, 0.00465] linvel=[0.00613, -0.0024, -0.00258] z=0.1067
[lowlevel-sim][GT] t=18.601 quat=[0.48536, -0.51633, 0.49978, 0.49804] angvel=[0.00204, -0.01692, -0.00165] linvel=[-0.0055, -0.00188, 0.00012] z=0.1067
[lowlevel-sim][GT] t=18.651 quat=[0.48532, -0.51642, 0.49958, 0.4982] angvel=[0.01515, 0.08937, 0.02616] linvel=[0.00365, -0.0006, -0.00268] z=0.1067
[lowlevel-sim][GT] t=18.701 quat=[0.4854, -0.51648, 0.49942, 0.49821] angvel=[-0.00767, -0.01966, 0.02421] linvel=[0.00047, -0.00333, 0.00064] z=0.1068
[lowlevel-sim][GT] t=18.751 quat=[0.48539, -0.51658, 0.49923, 0.4983] angvel=[-0.04528, 0.06826, 0.0134] linvel=[0.00228, -0.00098, 0.00903] z=0.1068
[lowlevel-sim][GT] t=18.801 quat=[0.48559, -0.51672, 0.49912, 0.49808] angvel=[-0.01892, -0.03016, -0.02828] linvel=[-0.0008, -0.00916, 0.00092] z=0.1068
[lowlevel-sim][GT] t=18.851 quat=[0.48537, -0.51672, 0.49896, 0.49845] angvel=[-0.04975, 0.12911, 0.0211] linvel=[0.00346, -0.00349, 0.0027] z=0.1069
[lowlevel-sim][GT] t=18.901 quat=[0.48493, -0.51688, 0.49902, 0.49865] angvel=[-0.01523, 0.0148, 0.01142] linvel=[0.00061, -0.00263, 0.00223] z=0.1068
[lowlevel-sim][GT] t=18.951 quat=[0.48483, -0.51681, 0.49888, 0.49897] angvel=[-0.03201, 0.09481, 0.0061] linvel=[0.00102, -0.00093, 0.00499] z=0.1069
[lowlevel-sim] t=  19.00 mode=cmd        pd=13802 hold=9225 failclosed=32 rtf=0.245 base_z=+0.107 pitch=+1.538 roll=-3.049 |tau|max=  9.96 sat=0/29 knee_L=+0.274 hip_p_L=-0.108 torn=9023 cmd_age=26.2ms auth=37.9s rig_ign=654 fix_base=0
[lowlevel-sim][GT] t=19.001 quat=[0.48461, -0.51688, 0.49893, 0.49906] angvel=[-0.02242, 0.00824, 0.03661] linvel=[0.00812, -0.00781, -0.00037] z=0.1069
[lowlevel-sim][GT] t=19.051 quat=[0.48467, -0.51692, 0.49878, 0.49911] angvel=[0.06913, -0.03786, 0.00607] linvel=[0.00271, 0.00059, -0.00485] z=0.1069
[lowlevel-sim][GT] t=19.101 quat=[0.4846, -0.51699, 0.4987, 0.49918] angvel=[0.00651, 0.00031, 0.01996] linvel=[0.00869, -0.0057, -0.0005] z=0.1069
[lowlevel-sim][GT] t=19.151 quat=[0.48468, -0.51688, 0.49863, 0.4993] angvel=[0.03533, 0.05199, 0.01478] linvel=[0.00702, -0.00035, -0.00164] z=0.1069
[lowlevel-sim][GT] t=19.201 quat=[0.48467, -0.51697, 0.49877, 0.49906] angvel=[-0.02514, -0.0472, -0.05241] linvel=[-0.00316, -0.00743, 0.00315] z=0.1068
[lowlevel-sim][GT] t=19.251 quat=[0.48477, -0.51694, 0.49865, 0.49912] angvel=[0.04037, 0.055, -0.01792] linvel=[0.00618, 2e-05, -0.00528] z=0.1068
[lowlevel-sim][GT] t=19.301 quat=[0.48528, -0.51694, 0.49879, 0.49847] angvel=[-0.00845, -0.01929, -0.01624] linvel=[0.00625, -0.0036, -0.00272] z=0.1066
[lowlevel-sim][GT] t=19.351 quat=[0.48524, -0.51688, 0.49887, 0.49849] angvel=[-0.0338, 0.09409, 0.0111] linvel=[-0.00141, -0.00355, 0.00286] z=0.1066
[lowlevel-sim][GT] t=19.401 quat=[0.48506, -0.51697, 0.49899, 0.49846] angvel=[-0.04905, 0.02869, 0.03501] linvel=[0.00871, -0.00307, 0.00132] z=0.1066
[lowlevel-sim][GT] t=19.451 quat=[0.48501, -0.51698, 0.499, 0.4985] angvel=[-0.00733, 0.04027, 0.02755] linvel=[0.00219, 0.00028, 0.00398] z=0.1065
[lowlevel-sim] t=  19.50 mode=cmd        pd=14052 hold=9225 failclosed=32 rtf=0.246 base_z=+0.107 pitch=+1.538 roll=-3.024 |tau|max=  9.59 sat=0/29 knee_L=+0.272 hip_p_L=-0.107 torn=9050 cmd_age=33.1ms auth=39.6s rig_ign=654 fix_base=0
[lowlevel-sim][GT] t=19.501 quat=[0.48488, -0.51704, 0.49905, 0.49851] angvel=[-0.04244, 0.01036, 0.00712] linvel=[0.00401, -0.00821, 0.00268] z=0.1065
[lowlevel-sim][GT] t=19.551 quat=[0.48482, -0.51701, 0.49893, 0.49872] angvel=[-0.00478, 0.05341, 0.01568] linvel=[0.00111, -0.0, 0.00475] z=0.1065
[lowlevel-sim][GT] t=19.601 quat=[0.48476, -0.51704, 0.49892, 0.49875] angvel=[-0.00948, 0.01778, 0.00386] linvel=[0.00407, -0.00411, 0.00138] z=0.1066
[lowlevel-sim][GT] t=19.651 quat=[0.48468, -0.51699, 0.49886, 0.49895] angvel=[0.07509, -0.03707, 0.00218] linvel=[0.002, 0.0008, -0.00782] z=0.1066
[lowlevel-sim][GT] t=19.701 quat=[0.4845, -0.51714, 0.49898, 0.49884] angvel=[-0.03739, -0.0055, 0.031] linvel=[0.0103, -0.00368, -0.0001] z=0.1065
[lowlevel-sim][GT] t=19.751 quat=[0.48447, -0.51711, 0.49889, 0.499] angvel=[-0.03251, 0.05643, 0.01531] linvel=[0.00106, -0.00154, 0.00481] z=0.1065
[lowlevel-sim][GT] t=19.801 quat=[0.48432, -0.5174, 0.49891, 0.49882] angvel=[-0.02542, -0.02852, 0.01703] linvel=[-0.00824, -0.01123, 0.0063] z=0.1066
[lowlevel-sim][GT] t=19.851 quat=[0.48461, -0.51744, 0.4986, 0.4988] angvel=[-0.03287, 0.04453, 0.00927] linvel=[0.00109, -0.00419, 0.00501] z=0.1066
[lowlevel-sim][GT] t=19.901 quat=[0.48471, -0.51735, 0.49852, 0.49888] angvel=[-0.01651, -0.02112, -0.04259] linvel=[-0.00308, -0.00801, 0.0055] z=0.1068
[lowlevel-sim][GT] t=19.951 quat=[0.48459, -0.51722, 0.49832, 0.49933] angvel=[0.06959, -0.0207, 0.02155] linvel=[0.00302, -0.00081, -0.00597] z=0.1068
[lowlevel-sim] t=  20.00 mode=cmd        pd=14302 hold=9225 failclosed=32 rtf=0.246 base_z=+0.107 pitch=+1.539 roll=-3.046 |tau|max=  9.20 sat=0/29 knee_L=+0.275 hip_p_L=-0.108 torn=9062 cmd_age=77.7ms auth=41.6s rig_ign=654 fix_base=0
[lowlevel-sim][GT] t=20.001 quat=[0.48421, -0.51733, 0.49839, 0.49951] angvel=[-0.03972, -0.02949, 0.01289] linvel=[0.00264, -0.00394, 0.00319] z=0.1068
[lowlevel-sim][GT] t=20.051 quat=[0.48417, -0.51717, 0.49833, 0.49978] angvel=[0.00531, 0.03275, 0.00572] linvel=[0.00193, 0.001, 0.00196] z=0.1069
[lowlevel-sim][GT] t=20.101 quat=[0.48419, -0.51723, 0.49832, 0.49971] angvel=[-0.00757, -0.03368, -0.038] linvel=[-0.00265, -0.00788, 0.0009] z=0.1069
[lowlevel-sim][GT] t=20.151 quat=[0.48424, -0.51721, 0.49822, 0.49978] angvel=[-0.04391, 0.05518, -0.0142] linvel=[-0.00691, -0.00376, 0.00249] z=0.1069
[lowlevel-sim][GT] t=20.201 quat=[0.48424, -0.51727, 0.4983, 0.49964] angvel=[-0.03276, 0.02397, 0.04485] linvel=[0.00426, -0.0079, 0.00156] z=0.1068
[lowlevel-sim][GT] t=20.251 quat=[0.48421, -0.51734, 0.49821, 0.49968] angvel=[0.01123, 0.02276, 0.01566] linvel=[0.00101, -0.00303, -0.00081] z=0.1068
[lowlevel-sim][GT] t=20.301 quat=[0.48405, -0.51753, 0.49829, 0.49957] angvel=[-0.03103, 0.03004, 0.0309] linvel=[0.00636, -0.00731, 0.00109] z=0.1068
[lowlevel-sim][GT] t=20.351 quat=[0.48414, -0.51755, 0.49813, 0.49961] angvel=[-0.02797, 0.0558, -0.01332] linvel=[-0.00169, -0.00016, 0.00494] z=0.1067
[lowlevel-sim][GT] t=20.401 quat=[0.48417, -0.51751, 0.49814, 0.49961] angvel=[-0.00069, -0.02362, -0.01007] linvel=[0.00363, -0.00697, -0.00202] z=0.1067
[lowlevel-sim][GT] t=20.451 quat=[0.4842, -0.51752, 0.49806, 0.49966] angvel=[0.08361, -0.03974, -0.02233] linvel=[-0.00031, -0.00073, -0.00904] z=0.1067
[lowlevel-sim] t=  20.50 mode=cmd        pd=14552 hold=9225 failclosed=32 rtf=0.247 base_z=+0.107 pitch=+1.539 roll=-3.027 |tau|max= 10.09 sat=0/29 knee_L=+0.272 hip_p_L=-0.106 torn=9078 cmd_age=46.9ms auth=43.6s rig_ign=654 fix_base=0
[lowlevel-sim][GT] t=20.501 quat=[0.48429, -0.51756, 0.49812, 0.49948] angvel=[-0.01663, -0.02164, 0.02795] linvel=[0.00412, -0.00685, -0.00078] z=0.1067
[lowlevel-sim][GT] t=20.551 quat=[0.48425, -0.51765, 0.49799, 0.49955] angvel=[0.06098, -0.02482, 0.02643] linvel=[0.00358, -0.00148, -0.00661] z=0.1067
[lowlevel-sim][GT] t=20.601 quat=[0.48402, -0.51779, 0.49799, 0.49962] angvel=[-0.00161, 0.01721, 0.00734] linvel=[0.00211, -0.00586, 0.00071] z=0.1067
[lowlevel-sim][GT] t=20.651 quat=[0.48388, -0.51783, 0.49798, 0.49972] angvel=[-0.0305, 0.02329, 0.02035] linvel=[0.00564, -0.00292, 0.00423] z=0.1066
[lowlevel-sim][GT] t=20.701 quat=[0.4837, -0.51792, 0.4979, 0.49989] angvel=[0.0112, -0.04058, -0.00727] linvel=[-0.00204, -0.00764, -1e-05] z=0.1066
[lowlevel-sim][GT] t=20.751 quat=[0.48343, -0.51805, 0.49783, 0.50009] angvel=[0.01221, 0.09003, 0.00452] linvel=[0.00574, -0.00322, -0.00201] z=0.1065
[lowlevel-sim][GT] t=20.801 quat=[0.48337, -0.51811, 0.49783, 0.50007] angvel=[-0.00016, 0.00427, -0.01512] linvel=[0.00344, -0.00617, -0.00285] z=0.1065
[lowlevel-sim][GT] t=20.851 quat=[0.48328, -0.51814, 0.49777, 0.5002] angvel=[-0.02138, 0.08056, 0.00026] linvel=[0.00048, -0.00043, 0.0024] z=0.1065
[lowlevel-sim][GT] t=20.901 quat=[0.48314, -0.51831, 0.49777, 0.50015] angvel=[-0.01254, 0.00095, 0.01616] linvel=[0.00091, -0.00459, 0.00032] z=0.1065
[lowlevel-sim][GT] t=20.951 quat=[0.48317, -0.5183, 0.4977, 0.50021] angvel=[-0.02209, 0.11389, 0.02951] linvel=[0.00218, -0.00301, 0.00362] z=0.1065
[lowlevel-sim] t=  21.00 mode=cmd        pd=14802 hold=9225 failclosed=32 rtf=0.247 base_z=+0.106 pitch=+1.538 roll=-3.051 |tau|max=  8.92 sat=0/29 knee_L=+0.272 hip_p_L=-0.107 torn=9105 cmd_age=48.6ms auth=45.5s rig_ign=654 fix_base=0
[lowlevel-sim][GT] t=21.001 quat=[0.48311, -0.51838, 0.49775, 0.50013] angvel=[-0.02541, -0.01568, 0.00663] linvel=[0.00197, -0.00379, 0.00334] z=0.1064
[lowlevel-sim][GT] t=21.051 quat=[0.48328, -0.51834, 0.49767, 0.50009] angvel=[-0.01215, 0.06875, 0.01102] linvel=[-0.00162, -0.00128, 0.00622] z=0.1064
[lowlevel-sim][GT] t=21.101 quat=[0.48324, -0.51844, 0.49764, 0.50006] angvel=[-0.00062, -0.03504, -0.04077] linvel=[-0.00438, -0.00631, 0.00041] z=0.1064
[lowlevel-sim][GT] t=21.151 quat=[0.48333, -0.51829, 0.49762, 0.50014] angvel=[-0.03667, 0.01859, -0.00015] linvel=[0.00105, -0.00153, 0.00395] z=0.1064
[lowlevel-sim][GT] t=21.201 quat=[0.48312, -0.5185, 0.49772, 0.50002] angvel=[-0.04472, 0.01043, 0.00782] linvel=[-0.00278, -0.00555, 0.00139] z=0.1064
[lowlevel-sim][GT] t=21.251 quat=[0.48328, -0.51844, 0.49753, 0.50013] angvel=[0.07119, -0.01074, 0.00656] linvel=[0.00225, -0.00089, -0.00668] z=0.1064
[lowlevel-sim][GT] t=21.301 quat=[0.48308, -0.51852, 0.49752, 0.50025] angvel=[-0.0321, -0.00247, 0.01096] linvel=[0.00466, -0.00375, 0.00272] z=0.1064
[lowlevel-sim][GT] t=21.351 quat=[0.483, -0.51854, 0.49744, 0.50038] angvel=[0.06618, -0.03433, 0.00573] linvel=[0.00132, -0.00089, -0.00541] z=0.1064
[lowlevel-sim] FAIL-CLOSED engaged at t=21.360s, last command age 97.00 ms (deadline <= 100 ms) PASS
[lowlevel-sim] COMMANDED at t=21.362s (was fail-closed)
[lowlevel-sim][GT] t=21.401 quat=[0.48259, -0.51887, 0.49778, 0.5001] angvel=[-0.00434, -0.00602, 0.01366] linvel=[0.00709, -0.00516, 0.00076] z=0.1062
[lowlevel-sim][GT] t=21.451 quat=[0.48282, -0.51872, 0.49772, 0.50009] angvel=[-0.02076, 0.06802, 0.01171] linvel=[-0.00253, -0.00384, 0.00414] z=0.1062
[lowlevel-sim] t=  21.50 mode=cmd        pd=15052 hold=9225 failclosed=33 rtf=0.247 base_z=+0.106 pitch=+1.537 roll=-3.049 |tau|max=  9.58 sat=0/29 knee_L=+0.271 hip_p_L=-0.107 torn=9123 cmd_age=33.4ms auth=47.3s rig_ign=654 fix_base=0
[lowlevel-sim][GT] t=21.501 quat=[0.48271, -0.51887, 0.49767, 0.50009] angvel=[-0.03376, -0.0277, -0.01991] linvel=[-0.00236, -0.00839, 0.00273] z=0.1062
[lowlevel-sim][GT] t=21.551 quat=[0.48266, -0.51885, 0.49745, 0.50038] angvel=[0.07873, -0.02729, 0.02052] linvel=[0.00054, 0.00051, -0.00768] z=0.1062
[lowlevel-sim][GT] t=21.601 quat=[0.48257, -0.51894, 0.49745, 0.50038] angvel=[-0.04784, 0.01845, 0.02856] linvel=[-0.00282, -0.0062, 0.00377] z=0.1062
[lowlevel-sim][GT] t=21.651 quat=[0.48261, -0.51891, 0.49734, 0.50048] angvel=[-0.04281, 0.08412, 0.00805] linvel=[0.00266, -0.00177, 0.00533] z=0.1062
[lowlevel-sim][GT] t=21.701 quat=[0.48257, -0.51896, 0.49726, 0.50055] angvel=[-0.00335, -0.01691, -0.00465] linvel=[0.00392, -0.00112, 0.00242] z=0.1063
[lowlevel-sim][GT] t=21.751 quat=[0.48261, -0.51892, 0.49721, 0.50059] angvel=[0.007, -0.06167, -0.00354] linvel=[0.00104, -0.00237, -0.00117] z=0.1063
[lowlevel-sim][GT] t=21.801 quat=[0.48254, -0.51891, 0.49734, 0.50054] angvel=[-0.02616, -0.04665, -0.05476] linvel=[0.00092, -0.00321, -0.00037] z=0.1063
[lowlevel-sim][GT] t=21.851 quat=[0.48263, -0.51891, 0.49719, 0.5006] angvel=[-0.02568, 0.08968, -0.01875] linvel=[-0.00321, -0.00325, 0.00397] z=0.1063
[lowlevel-sim][GT] t=21.901 quat=[0.48252, -0.51902, 0.49716, 0.50062] angvel=[-0.02125, -0.00505, 0.02038] linvel=[0.0001, -0.0036, 0.00325] z=0.1063
[lowlevel-sim][GT] t=21.951 quat=[0.48255, -0.51897, 0.49701, 0.50079] angvel=[0.06948, -0.01385, 0.02987] linvel=[0.00244, -0.0013, -0.00626] z=0.1063
[lowlevel-sim] t=  22.00 mode=cmd        pd=15302 hold=9225 failclosed=33 rtf=0.248 base_z=+0.106 pitch=+1.538 roll=-3.056 |tau|max= 10.64 sat=0/29 knee_L=+0.271 hip_p_L=-0.107 torn=9149 cmd_age=63.6ms auth=49.0s rig_ign=654 fix_base=0
[lowlevel-sim][GT] t=22.001 quat=[0.48236, -0.51904, 0.49705, 0.50086] angvel=[-0.01081, 0.00823, 0.0343] linvel=[0.00614, -0.00407, 0.00108] z=0.1064
[lowlevel-sim][GT] t=22.051 quat=[0.48242, -0.51898, 0.49702, 0.5009] angvel=[0.02189, 0.07774, 0.03098] linvel=[0.00724, -0.00179, -0.002] z=0.1063
[lowlevel-sim][GT] t=22.101 quat=[0.48238, -0.519, 0.49712, 0.50082] angvel=[-0.06193, -0.0099, 0.00063] linvel=[0.00251, -0.00623, 0.00501] z=0.1063
[lowlevel-sim][GT] t=22.151 quat=[0.48259, -0.51891, 0.49705, 0.50078] angvel=[0.05408, -0.01516, -0.00941] linvel=[-0.00133, -0.0032, -0.00483] z=0.1064
[lowlevel-sim][GT] t=22.201 quat=[0.4825, -0.51891, 0.49707, 0.50084] angvel=[-0.02298, -0.04694, -0.00654] linvel=[0.00335, -0.0014, 0.00191] z=0.1064
[lowlevel-sim][GT] t=22.251 quat=[0.48268, -0.51873, 0.49709, 0.50084] angvel=[-0.04723, 0.0822, -0.00421] linvel=[0.0007, -0.00252, 0.0037] z=0.1064
[lowlevel-sim][GT] t=22.301 quat=[0.48259, -0.51885, 0.49714, 0.50075] angvel=[-0.04068, 0.00629, 1e-05] linvel=[-0.00169, -0.00471, 0.00247] z=0.1064
[lowlevel-sim][GT] t=22.351 quat=[0.48274, -0.51876, 0.49705, 0.50079] angvel=[-0.03329, 0.06384, 0.0119] linvel=[-0.00062, -0.00421, 0.00271] z=0.1064
[lowlevel-sim][GT] t=22.401 quat=[0.48253, -0.51895, 0.49709, 0.50076] angvel=[-0.04782, 0.00177, -0.02018] linvel=[-0.0037, -0.00866, 0.00437] z=0.1064
[lowlevel-sim][GT] t=22.451 quat=[0.48257, -0.51881, 0.497, 0.50095] angvel=[-0.02924, 0.1433, 0.0385] linvel=[0.00566, -0.00189, 0.0027] z=0.1064
[lowlevel-sim] t=  22.50 mode=cmd        pd=15552 hold=9225 failclosed=33 rtf=0.249 base_z=+0.106 pitch=+1.538 roll=-3.054 |tau|max=  8.04 sat=0/29 knee_L=+0.271 hip_p_L=-0.106 torn=9172 cmd_age=41.3ms auth=50.7s rig_ign=654 fix_base=0
[lowlevel-sim][GT] t=22.501 quat=[0.48254, -0.5189, 0.49707, 0.50083] angvel=[-0.00245, -0.01768, -0.00801] linvel=[0.00317, -0.00358, -0.00058] z=0.1064
[lowlevel-sim][GT] t=22.551 quat=[0.48245, -0.51898, 0.49697, 0.50091] angvel=[-0.04553, 0.11088, 0.01434] linvel=[0.00015, -0.00227, 0.00529] z=0.1063
[lowlevel-sim][GT] t=22.601 quat=[0.48226, -0.5191, 0.49691, 0.50105] angvel=[-0.02696, 0.00165, 0.01943] linvel=[0.00253, -0.0036, 0.00346] z=0.1064
[lowlevel-sim][GT] t=22.651 quat=[0.48224, -0.51907, 0.49687, 0.50113] angvel=[-0.00651, 0.12204, 0.02486] linvel=[0.00441, -0.00074, 0.00042] z=0.1063
[lowlevel-sim][GT] t=22.701 quat=[0.48224, -0.51916, 0.49692, 0.50099] angvel=[-0.00121, -0.09164, -0.0715] linvel=[0.00031, -0.0032, 0.00057] z=0.1063
[lowlevel-sim][GT] t=22.751 quat=[0.48236, -0.51903, 0.49695, 0.50098] angvel=[-0.03685, 0.07756, 0.01194] linvel=[-0.00297, -0.00454, 0.00211] z=0.1063
[lowlevel-sim][GT] t=22.801 quat=[0.48245, -0.51898, 0.49702, 0.50087] angvel=[-0.01326, 0.00526, -0.02811] linvel=[-0.00468, -0.00635, 0.00264] z=0.1063
[lowlevel-sim] FAIL-CLOSED engaged at t=22.840s, last command age 103.45 ms (deadline <= 100 ms) FAIL
[lowlevel-sim] COMMANDED at t=22.842s (was fail-closed)
[lowlevel-sim][GT] t=22.851 quat=[0.48231, -0.51911, 0.49723, 0.50065] angvel=[-0.10058, 0.01201, -0.01524] linvel=[-0.00857, -0.00387, 0.00178] z=0.1061
[lowlevel-sim][GT] t=22.901 quat=[0.48243, -0.51911, 0.49722, 0.50057] angvel=[-0.02012, -0.04708, -0.02238] linvel=[-0.00082, -0.00405, 0.00156] z=0.1062
[lowlevel-sim][GT] t=22.951 quat=[0.48268, -0.51891, 0.4972, 0.50054] angvel=[-0.01206, 0.08299, 0.00905] linvel=[3e-05, -0.00114, 0.005] z=0.1062
[lowlevel-sim] t=  23.00 mode=cmd        pd=15802 hold=9225 failclosed=34 rtf=0.249 base_z=+0.106 pitch=+1.538 roll=-3.045 |tau|max=  9.12 sat=0/29 knee_L=+0.270 hip_p_L=-0.105 torn=9199 cmd_age=29.0ms auth=52.7s rig_ign=654 fix_base=0
[lowlevel-sim][GT] t=23.001 quat=[0.48276, -0.51883, 0.49731, 0.50044] angvel=[-0.03206, 0.00981, 0.01905] linvel=[0.00293, -0.00424, 0.00244] z=0.1062
[lowlevel-sim][GT] t=23.051 quat=[0.4827, -0.51879, 0.49727, 0.50058] angvel=[0.00526, -0.04972, 3e-05] linvel=[-0.00126, -0.00296, 0.00136] z=0.1062
[lowlevel-sim][GT] t=23.101 quat=[0.48255, -0.51884, 0.49728, 0.50067] angvel=[-0.016, 0.02944, 0.00565] linvel=[0.00255, -0.00745, 0.00492] z=0.1063
[lowlevel-sim][GT] t=23.151 quat=[0.48258, -0.51876, 0.49715, 0.50086] angvel=[-0.02565, 0.05858, -0.00283] linvel=[0.00318, -0.00032, 0.00659] z=0.1063
[lowlevel-sim][GT] t=23.201 quat=[0.48235, -0.51888, 0.49717, 0.50093] angvel=[-0.01905, -0.0051, -0.0152] linvel=[0.00401, -0.00639, 0.00182] z=0.1063
[lowlevel-sim][GT] t=23.251 quat=[0.48237, -0.51888, 0.49707, 0.50101] angvel=[0.02221, 0.04706, 0.00795] linvel=[-0.00069, 0.00056, -0.00026] z=0.1063
[lowlevel-sim][GT] t=23.301 quat=[0.48239, -0.51897, 0.49707, 0.50089] angvel=[-0.00333, -0.04251, -0.03534] linvel=[-0.00318, -0.00777, 0.00154] z=0.1063
[lowlevel-sim][GT] t=23.351 quat=[0.48246, -0.51884, 0.49693, 0.5011] angvel=[0.05024, 0.03119, 0.02507] linvel=[0.00236, 0.00205, -0.00315] z=0.1063
[lowlevel-sim][GT] t=23.401 quat=[0.48235, -0.51898, 0.49698, 0.50102] angvel=[-0.01225, -0.01673, -0.00294] linvel=[0.00385, -0.00338, -0.00203] z=0.1063
[lowlevel-sim][GT] t=23.451 quat=[0.48246, -0.51892, 0.497, 0.50095] angvel=[0.04115, 0.00506, -0.01065] linvel=[-0.00137, -0.00236, -0.00263] z=0.1062
[lowlevel-sim] t=  23.50 mode=cmd        pd=16052 hold=9225 failclosed=34 rtf=0.250 base_z=+0.106 pitch=+1.538 roll=-3.056 |tau|max=  9.52 sat=0/29 knee_L=+0.271 hip_p_L=-0.105 torn=9211 cmd_age=42.0ms auth=54.5s rig_ign=654 fix_base=0
[lowlevel-sim][GT] t=23.501 quat=[0.48246, -0.51894, 0.49705, 0.50087] angvel=[-0.0111, -0.02113, -0.00265] linvel=[0.00212, -0.00368, 0.00247] z=0.1062
[lowlevel-sim][GT] t=23.551 quat=[0.48255, -0.51891, 0.49701, 0.50087] angvel=[0.04588, -0.01073, 0.00808] linvel=[-6e-05, 0.00274, -0.00307] z=0.1062
[lowlevel-sim][GT] t=23.601 quat=[0.48262, -0.51885, 0.49719, 0.50067] angvel=[-0.02862, 0.0024, -0.01107] linvel=[0.00282, -0.00363, 0.00226] z=0.1062
[lowlevel-sim][GT] t=23.651 quat=[0.48256, -0.51883, 0.49721, 0.50073] angvel=[0.02186, 0.04623, 0.01773] linvel=[0.00459, -0.00189, -0.00147] z=0.1062
[lowlevel-sim][GT] t=23.701 quat=[0.4827, -0.51885, 0.49724, 0.50056] angvel=[0.01463, -0.00271, -0.0069] linvel=[0.00582, -0.00138, 0.00078] z=0.1062
[lowlevel-sim] FAIL-CLOSED engaged at t=23.720s, last command age 103.19 ms (deadline <= 100 ms) FAIL
[lowlevel-sim] COMMANDED at t=23.722s (was fail-closed)
[lowlevel-sim][GT] t=23.751 quat=[0.48233, -0.51909, 0.4973, 0.50059] angvel=[0.09009, -0.02639, 0.00435] linvel=[-0.00109, 0.00418, -0.00494] z=0.1060
[lowlevel-sim][GT] t=23.801 quat=[0.48248, -0.51899, 0.49718, 0.50066] angvel=[-0.01052, -0.01716, -0.01983] linvel=[-0.00057, -0.00774, 0.00076] z=0.1061
[lowlevel-sim][GT] t=23.851 quat=[0.48236, -0.51894, 0.49713, 0.50089] angvel=[0.07723, -0.02252, 0.01047] linvel=[0.00055, 0.00332, -0.00572] z=0.1061
[lowlevel-sim][GT] t=23.901 quat=[0.4823, -0.51899, 0.49719, 0.50083] angvel=[-0.01221, -0.0227, 0.00491] linvel=[0.00472, -0.00367, 0.0006] z=0.1061
[lowlevel-sim][GT] t=23.951 quat=[0.48238, -0.51896, 0.49718, 0.5008] angvel=[-0.06807, 0.01626, -0.02351] linvel=[-0.00777, -0.00414, 0.00721] z=0.1061
[lowlevel-sim] t=  24.00 mode=cmd        pd=16302 hold=9225 failclosed=35 rtf=0.250 base_z=+0.106 pitch=+1.537 roll=-3.061 |tau|max=  9.03 sat=0/29 knee_L=+0.270 hip_p_L=-0.106 torn=9250 cmd_age=33.2ms auth=56.5s rig_ign=654 fix_base=0
[lowlevel-sim][GT] t=24.001 quat=[0.48229, -0.51905, 0.49725, 0.50072] angvel=[-0.03786, -0.01679, 0.01281] linvel=[0.00157, -0.00616, 0.00371] z=0.1061
[lowlevel-sim][GT] t=24.051 quat=[0.48254, -0.51892, 0.49714, 0.50072] angvel=[0.02418, 0.04834, 0.0088] linvel=[0.00284, 0.00153, -8e-05] z=0.1061
[lowlevel-sim][GT] t=24.101 quat=[0.48238, -0.51895, 0.49711, 0.50088] angvel=[-0.02041, 0.00019, -0.01041] linvel=[0.00457, -0.00721, 0.00151] z=0.1061
[lowlevel-sim][GT] t=24.151 quat=[0.48234, -0.51891, 0.49714, 0.50094] angvel=[0.01934, 0.06039, 0.00832] linvel=[0.00031, 0.00016, -0.00094] z=0.1061
[lowlevel-sim][GT] t=24.201 quat=[0.48191, -0.51908, 0.4972, 0.50111] angvel=[-0.03842, -0.01741, 0.02242] linvel=[-0.00458, -0.00674, 0.00521] z=0.1061
[lowlevel-sim][GT] t=24.251 quat=[0.48222, -0.51901, 0.49707, 0.50102] angvel=[0.04216, 0.02226, 0.00257] linvel=[-0.0021, 0.00043, -0.00301] z=0.1061
[lowlevel-sim][GT] t=24.301 quat=[0.4823, -0.51904, 0.49703, 0.50094] angvel=[-0.04149, -0.041, -0.03075] linvel=[0.00073, -0.01058, 0.00225] z=0.1061
[lowlevel-sim][GT] t=24.351 quat=[0.48217, -0.51901, 0.49694, 0.50119] angvel=[0.02732, 0.0189, 0.0379] linvel=[0.00105, -0.00227, -0.0008] z=0.1062
[lowlevel-sim][GT] t=24.401 quat=[0.48191, -0.51912, 0.49682, 0.50143] angvel=[-0.01396, 0.02821, 0.05344] linvel=[0.00316, -0.00646, 0.00066] z=0.1062
[lowlevel-sim][GT] t=24.451 quat=[0.48183, -0.51922, 0.4967, 0.50153] angvel=[-0.05468, 0.11366, 0.04715] linvel=[0.00345, -0.0018, 0.0078] z=0.1062
[lowlevel-sim] t=  24.50 mode=cmd        pd=16552 hold=9225 failclosed=35 rtf=0.251 base_z=+0.106 pitch=+1.538 roll=-3.073 |tau|max=  9.41 sat=0/29 knee_L=+0.271 hip_p_L=-0.106 torn=9270 cmd_age=23.5ms auth=58.2s rig_ign=654 fix_base=0
[lowlevel-sim][GT] t=24.501 quat=[0.48183, -0.5193, 0.49663, 0.50153] angvel=[0.00122, -0.05389, -0.04994] linvel=[0.0013, -0.00296, 0.00023] z=0.1062
[lowlevel-sim][GT] t=24.551 quat=[0.48186, -0.51924, 0.4966, 0.50159] angvel=[-0.01229, 0.0571, 0.00794] linvel=[0.00348, -0.00172, 0.00115] z=0.1062
[lowlevel-sim][GT] t=24.601 quat=[0.48184, -0.51936, 0.49659, 0.50149] angvel=[-0.01244, -0.04336, -0.04206] linvel=[-0.00273, -0.00773, 0.00074] z=0.1062
[lowlevel-sim][GT] t=24.651 quat=[0.48182, -0.51933, 0.49651, 0.50162] angvel=[0.05222, 0.01484, -0.00436] linvel=[0.00292, 0.00231, -0.0024] z=0.1062
[lowlevel-sim][GT] t=24.701 quat=[0.48175, -0.51938, 0.49665, 0.50149] angvel=[-0.02083, -0.05199, -0.04844] linvel=[-0.00222, -0.00644, 6e-05] z=0.1061
[lowlevel-sim][GT] t=24.751 quat=[0.48181, -0.51942, 0.49654, 0.5015] angvel=[0.05638, -0.00765, 0.00684] linvel=[0.00223, 0.00186, -0.00378] z=0.1061
[lowlevel-sim][GT] t=24.801 quat=[0.48176, -0.5194, 0.49658, 0.50153] angvel=[-0.02676, 0.00356, 0.00994] linvel=[-0.00031, -0.00077, 0.00399] z=0.1062
[lowlevel-sim][GT] t=24.851 quat=[0.48188, -0.51937, 0.49644, 0.50159] angvel=[-0.08844, 0.01369, -0.00093] linvel=[-0.00409, -0.0034, 0.00813] z=0.1062
[lowlevel-sim][GT] t=24.901 quat=[0.48164, -0.51946, 0.49649, 0.50168] angvel=[-0.02427, 0.01693, 0.0377] linvel=[0.0069, -0.00476, -0.00051] z=0.1062
[lowlevel-sim][GT] t=24.951 quat=[0.48168, -0.51943, 0.49642, 0.50175] angvel=[-0.04487, 0.09866, 0.00487] linvel=[-0.00409, -0.00402, 0.00179] z=0.1062
[lowlevel-sim] t=  25.00 mode=cmd        pd=16802 hold=9225 failclosed=35 rtf=0.251 base_z=+0.106 pitch=+1.538 roll=-3.070 |tau|max=  8.98 sat=0/29 knee_L=+0.271 hip_p_L=-0.105 torn=9295 cmd_age=25.6ms auth=59.9s rig_ign=654 fix_base=0
[lowlevel-sim][GT] t=25.001 quat=[0.48164, -0.51953, 0.49636, 0.50173] angvel=[-0.02479, -0.03518, -0.00103] linvel=[0.00482, -0.00664, 0.00222] z=0.1062
[lowlevel-sim][GT] t=25.051 quat=[0.48169, -0.51949, 0.49633, 0.50175] angvel=[0.04651, 0.01955, 0.01506] linvel=[-0.00047, -0.00196, -0.00548] z=0.1062
[lowlevel-sim][GT] t=25.101 quat=[0.48157, -0.51953, 0.49637, 0.50179] angvel=[-0.01722, -0.01971, -0.00739] linvel=[0.00165, -0.00372, 0.00224] z=0.1062
[lowlevel-sim][GT] t=25.151 quat=[0.48183, -0.51951, 0.49625, 0.50169] angvel=[0.05175, 0.05486, 0.01906] linvel=[0.0071, 0.00158, -0.00576] z=0.1061
[lowlevel-sim][GT] t=25.201 quat=[0.4814, -0.51964, 0.49642, 0.50179] angvel=[-0.07834, 0.01932, 0.0249] linvel=[-0.00099, -0.00571, 0.00817] z=0.1061
[lowlevel-sim][GT] t=25.251 quat=[0.48138, -0.51971, 0.49634, 0.50182] angvel=[0.07106, -0.00849, 0.00324] linvel=[-0.00152, 0.00087, -0.00854] z=0.1061
[lowlevel-sim][GT] t=25.301 quat=[0.48128, -0.51985, 0.49637, 0.50174] angvel=[-0.05076, -0.01752, 0.00356] linvel=[0.0016, -0.0037, 0.00634] z=0.1061
[lowlevel-sim][GT] t=25.351 quat=[0.48156, -0.51971, 0.49625, 0.50173] angvel=[0.10633, 0.00227, -0.00653] linvel=[0.00072, 0.00392, -0.00719] z=0.1061
[lowlevel-sim][GT] t=25.401 quat=[0.48132, -0.51981, 0.49628, 0.50183] angvel=[-0.03317, -0.00482, 0.03936] linvel=[0.00718, -0.00754, -0.00036] z=0.1061
[lowlevel-sim][GT] t=25.451 quat=[0.48139, -0.51973, 0.49628, 0.50184] angvel=[0.10433, 0.01423, 0.02766] linvel=[0.00178, -0.00132, -0.00987] z=0.1060
[lowlevel-sim] t=  25.50 mode=cmd        pd=17052 hold=9225 failclosed=35 rtf=0.252 base_z=+0.106 pitch=+1.538 roll=-3.070 |tau|max=  9.43 sat=0/29 knee_L=+0.270 hip_p_L=-0.105 torn=9315 cmd_age=49.7ms auth=61.6s rig_ign=654 fix_base=0
[lowlevel-sim][GT] t=25.501 quat=[0.48134, -0.51982, 0.49635, 0.50173] angvel=[-0.05372, -0.0019, -0.00435] linvel=[0.00179, -0.01013, 0.00192] z=0.1060
[lowlevel-sim][GT] t=25.551 quat=[0.48147, -0.5197, 0.49632, 0.50177] angvel=[0.04939, 0.01666, 0.00905] linvel=[-0.00064, -0.00073, -0.00611] z=0.1060
[lowlevel-sim][GT] t=25.601 quat=[0.48141, -0.51978, 0.49629, 0.50176] angvel=[-0.02213, -0.04307, -0.01538] linvel=[0.00495, -0.00138, 0.0023] z=0.1060
[lowlevel-sim][GT] t=25.651 quat=[0.48146, -0.5197, 0.49623, 0.50186] angvel=[-0.02808, 0.08012, 0.02372] linvel=[-0.00052, -0.00042, 0.00467] z=0.1061
[lowlevel-sim][GT] t=25.701 quat=[0.48137, -0.51979, 0.49618, 0.5019] angvel=[-0.04755, -0.02081, 0.00559] linvel=[0.00389, -0.00555, 0.00522] z=0.1061
[lowlevel-sim][GT] t=25.751 quat=[0.48135, -0.51985, 0.49598, 0.50207] angvel=[0.05065, -0.01784, 0.00117] linvel=[0.00149, -0.0007, -0.00579] z=0.1061
[lowlevel-sim][GT] t=25.801 quat=[0.48115, -0.51995, 0.49603, 0.5021] angvel=[-0.01973, 0.00173, 0.00641] linvel=[-0.00028, -0.00151, 0.00239] z=0.1061
[lowlevel-sim][GT] t=25.851 quat=[0.48102, -0.52008, 0.49589, 0.50223] angvel=[0.037, -0.10541, -0.01647] linvel=[-0.00641, -0.00113, -0.00114] z=0.1061
[lowlevel-sim] FAIL-CLOSED engaged at t=25.856s, last command age 85.60 ms (deadline <= 100 ms) PASS
[lowlevel-sim] COMMANDED at t=25.858s (was fail-closed)
[lowlevel-sim][GT] t=25.901 quat=[0.48092, -0.5201, 0.4959, 0.50229] angvel=[-0.022, 0.07502, -0.00084] linvel=[-0.00581, -0.00308, 0.00455] z=0.1061
[lowlevel-sim][GT] t=25.951 quat=[0.48099, -0.5202, 0.49584, 0.50218] angvel=[-0.01241, -0.00141, 0.01398] linvel=[-0.00066, -0.00263, 0.0029] z=0.1061
[lowlevel-sim] t=  26.00 mode=cmd        pd=17303 hold=9225 failclosed=37 rtf=0.252 base_z=+0.106 pitch=+1.538 roll=-3.066 |tau|max= 35.00 sat=2/29 knee_L=+0.268 hip_p_L=-0.104 torn=9341 cmd_age=74.2ms auth=63.5s rig_ign=654 fix_base=0 sat_j=left_ankle_roll_joint:+35.0,right_ankle_roll_joint:-35.0
[lowlevel-sim][GT] t=26.001 quat=[0.48113, -0.52011, 0.49576, 0.50222] angvel=[0.01683, -0.00353, -0.00097] linvel=[0.00682, -0.00202, -0.00332] z=0.1060
[lowlevel-sim][GT] t=26.051 quat=[0.48128, -0.52001, 0.49597, 0.50197] angvel=[-0.00482, -0.02292, -0.00459] linvel=[0.00638, -0.00301, -0.00067] z=0.1060
[lowlevel-sim][GT] t=26.101 quat=[0.48138, -0.51986, 0.49605, 0.50195] angvel=[0.00371, 0.1088, 0.00761] linvel=[0.01051, -0.0002, -0.0003] z=0.1060
[lowlevel-sim][GT] t=26.151 quat=[0.48127, -0.51997, 0.49623, 0.50176] angvel=[-0.01572, -0.00742, -0.00103] linvel=[0.00535, -0.00372, 0.00105] z=0.1059
[lowlevel-sim][GT] t=26.201 quat=[0.48125, -0.51995, 0.49617, 0.50187] angvel=[-0.03556, 0.05668, 0.01759] linvel=[0.00317, -0.00378, 0.00186] z=0.1059
[lowlevel-sim][GT] t=26.251 quat=[0.48112, -0.52007, 0.49606, 0.50197] angvel=[-0.03097, 0.00785, 0.01614] linvel=[-0.00057, -0.00487, 0.00416] z=0.1060
[lowlevel-sim][GT] t=26.301 quat=[0.48114, -0.51997, 0.4959, 0.50221] angvel=[0.06217, -0.01457, -0.01559] linvel=[0.0027, 0.00418, -0.00235] z=0.1060
[lowlevel-sim][GT] t=26.351 quat=[0.48108, -0.52007, 0.49592, 0.50214] angvel=[-0.02809, -0.00353, 0.01185] linvel=[0.00205, -0.00206, 0.0024] z=0.1060
[lowlevel-sim][GT] t=26.401 quat=[0.48098, -0.52009, 0.49583, 0.50231] angvel=[0.01788, 0.00697, 0.00731] linvel=[0.00153, -0.00144, -0.00333] z=0.1060
[lowlevel-sim][GT] t=26.451 quat=[0.4809, -0.52017, 0.49583, 0.5023] angvel=[-0.01862, -0.00622, 0.01666] linvel=[0.00053, -0.00022, 0.0029] z=0.1060
[lowlevel-sim] t=  26.50 mode=cmd        pd=17553 hold=9225 failclosed=37 rtf=0.253 base_z=+0.106 pitch=+1.538 roll=-3.082 |tau|max= 35.00 sat=2/29 knee_L=+0.269 hip_p_L=-0.105 torn=9366 cmd_age=47.0ms auth=65.1s rig_ign=654 fix_base=0 sat_j=left_ankle_roll_joint:+35.0,right_ankle_roll_joint:-35.0
[lowlevel-sim][GT] t=26.501 quat=[0.48081, -0.52015, 0.4957, 0.50254] angvel=[0.03558, -0.0085, -0.01485] linvel=[0.00129, -0.00135, -0.00371] z=0.1060
[lowlevel-sim][GT] t=26.551 quat=[0.4808, -0.52024, 0.49574, 0.50241] angvel=[-0.04709, -0.00381, 0.02164] linvel=[0.00382, -0.00371, 0.00484] z=0.1060
[lowlevel-sim][GT] t=26.601 quat=[0.48079, -0.5202, 0.49573, 0.50248] angvel=[0.06506, -0.02886, 0.01499] linvel=[0.0024, -0.00122, -0.00482] z=0.1060
[lowlevel-sim][GT] t=26.651 quat=[0.48076, -0.52028, 0.49574, 0.50242] angvel=[-0.04339, 0.01948, 0.018] linvel=[0.00286, -0.00092, 0.00364] z=0.1060
[lowlevel-sim][GT] t=26.701 quat=[0.48075, -0.52026, 0.49569, 0.50249] angvel=[-0.0509, 0.06127, 0.00861] linvel=[0.00084, -0.00411, 0.00288] z=0.1060
[lowlevel-sim][GT] t=26.751 quat=[0.48068, -0.52039, 0.49566, 0.50246] angvel=[-0.05121, 0.01873, 0.01895] linvel=[0.00379, -0.00314, 0.00376] z=0.1060
[lowlevel-sim][GT] t=26.801 quat=[0.48055, -0.52042, 0.49553, 0.50268] angvel=[-0.02955, 0.02617, -0.00028] linvel=[-2e-05, -0.00034, 0.00523] z=0.1060
[lowlevel-sim][GT] t=26.851 quat=[0.48046, -0.52052, 0.49551, 0.50268] angvel=[-0.04806, -0.02485, 0.01712] linvel=[0.00308, -0.0018, 0.00479] z=0.1060
[lowlevel-sim][GT] t=26.901 quat=[0.48061, -0.52048, 0.49538, 0.50271] angvel=[0.07583, 0.00761, 0.01231] linvel=[0.00072, 0.00228, -0.00706] z=0.1060
[lowlevel-sim][GT] t=26.951 quat=[0.48074, -0.52049, 0.49533, 0.50262] angvel=[-0.01437, -0.02766, -0.00486] linvel=[0.00329, -0.00464, -0.00069] z=0.1060
[lowlevel-sim] t=  27.00 mode=cmd        pd=17803 hold=9225 failclosed=37 rtf=0.254 base_z=+0.106 pitch=+1.538 roll=-3.070 |tau|max= 35.00 sat=2/29 knee_L=+0.269 hip_p_L=-0.104 torn=9386 cmd_age=31.8ms auth=66.8s rig_ign=654 fix_base=0 sat_j=left_ankle_roll_joint:+35.0,right_ankle_roll_joint:-35.0
[lowlevel-sim][GT] t=27.001 quat=[0.48064, -0.52051, 0.49536, 0.50266] angvel=[0.04435, 0.02324, 0.02221] linvel=[0.0015, -0.00073, -0.0048] z=0.1060
[lowlevel-sim][GT] t=27.051 quat=[0.48058, -0.52052, 0.49534, 0.50274] angvel=[-0.02001, -0.03075, -0.01186] linvel=[0.00451, -0.00384, 0.00295] z=0.1060
[lowlevel-sim][GT] t=27.101 quat=[0.48051, -0.52059, 0.49526, 0.50281] angvel=[0.07001, 0.01092, 0.01144] linvel=[0.00153, 0.00022, -0.00853] z=0.1060
[lowlevel-sim][GT] t=27.151 quat=[0.48045, -0.52059, 0.49529, 0.50283] angvel=[-0.05165, -0.01387, -0.00346] linvel=[0.0027, -0.00187, 0.00424] z=0.1060
[lowlevel-sim][GT] t=27.201 quat=[0.48044, -0.5206, 0.4952, 0.50292] angvel=[0.02934, 0.03318, 0.01089] linvel=[7e-05, 0.00072, -0.00351] z=0.1060
[lowlevel-sim][GT] t=27.251 quat=[0.48025, -0.5207, 0.49519, 0.50301] angvel=[-0.04628, 0.00117, -0.00138] linvel=[-0.00148, -0.00358, 0.00313] z=0.1061
[lowlevel-sim][GT] t=27.301 quat=[0.48034, -0.52065, 0.49517, 0.503] angvel=[0.0709, 0.00674, -0.00165] linvel=[-0.00144, 0.00286, -0.00548] z=0.1060
[lowlevel-sim][GT] t=27.351 quat=[0.48039, -0.5207, 0.49514, 0.50292] angvel=[-0.03155, -0.04335, 0.00646] linvel=[0.00386, -0.00437, 0.00131] z=0.1061
[lowlevel-sim][GT] t=27.401 quat=[0.48056, -0.52065, 0.49505, 0.5029] angvel=[0.05164, 0.00599, 0.00367] linvel=[-0.00195, 0.00258, -0.00373] z=0.1061
[lowlevel-sim][GT] t=27.451 quat=[0.48054, -0.52067, 0.49519, 0.50277] angvel=[-0.05808, -0.01122, -0.02645] linvel=[-0.00865, -0.00926, 0.00416] z=0.1061
[lowlevel-sim] t=  27.50 mode=cmd        pd=18053 hold=9225 failclosed=37 rtf=0.255 base_z=+0.106 pitch=+1.538 roll=-3.059 |tau|max= 35.00 sat=2/29 knee_L=+0.268 hip_p_L=-0.104 torn=9411 cmd_age=51.7ms auth=68.3s rig_ign=654 fix_base=0 sat_j=left_ankle_roll_joint:+35.0,right_ankle_roll_joint:-35.0
[lowlevel-sim][GT] t=27.501 quat=[0.48072, -0.5206, 0.49507, 0.50278] angvel=[0.04061, 0.00292, 0.01236] linvel=[0.00066, 0.00261, -0.00124] z=0.1061
[lowlevel-sim][GT] t=27.551 quat=[0.48073, -0.52063, 0.49522, 0.5026] angvel=[-0.0037, -0.03322, -0.0268] linvel=[-0.00575, -0.00884, 0.00111] z=0.1061
[lowlevel-sim] FAIL-CLOSED engaged at t=27.597s, last command age 85.70 ms (deadline <= 100 ms) PASS
[lowlevel-sim][GT] t=27.601 quat=[0.48056, -0.52076, 0.49536, 0.50249] angvel=[-0.28858, -0.00627, 0.0178] linvel=[-0.00271, 0.00367, -0.01257] z=0.1059
[lowlevel-sim] COMMANDED at t=27.602s (was fail-closed)
[lowlevel-sim] FAIL-CLOSED engaged at t=27.603s, last command age 87.92 ms (deadline <= 100 ms) PASS
[lowlevel-sim] COMMANDED at t=27.620s (was fail-closed)
[lowlevel-sim][GT] t=27.651 quat=[0.47772, -0.52373, 0.49777, 0.49972] angvel=[0.06417, -0.08224, -0.02283] linvel=[-0.00899, -0.00058, 0.0032] z=0.1040
[lowlevel-sim][GT] t=27.701 quat=[0.4794, -0.52316, 0.49619, 0.50028] angvel=[0.05488, 0.0013, 0.01821] linvel=[0.00172, 0.00028, 0.00666] z=0.1045
[lowlevel-sim][GT] t=27.751 quat=[0.47949, -0.52264, 0.49583, 0.50109] angvel=[0.01689, 0.02317, -0.00149] linvel=[0.00834, -0.00425, 0.00395] z=0.1048
[lowlevel-sim][GT] t=27.801 quat=[0.47968, -0.52205, 0.49588, 0.50147] angvel=[0.02325, 0.09176, -0.00268] linvel=[0.01178, 0.00015, 0.00207] z=0.1050
[lowlevel-sim][GT] t=27.851 quat=[0.48008, -0.52166, 0.496, 0.50138] angvel=[-0.0242, -0.00184, -0.00123] linvel=[0.01173, -0.00781, 0.00444] z=0.1052
[lowlevel-sim][GT] t=27.901 quat=[0.48057, -0.52129, 0.49594, 0.50135] angvel=[0.0936, -0.02907, -0.0104] linvel=[0.00451, 4e-05, -0.00473] z=0.1054
[lowlevel-sim][GT] t=27.951 quat=[0.48075, -0.5211, 0.49595, 0.50136] angvel=[-0.01011, -0.00088, -0.00134] linvel=[0.00732, -0.00496, 0.00339] z=0.1055
[lowlevel-sim] t=  28.00 mode=cmd        pd=18314 hold=9225 failclosed=58 rtf=0.255 base_z=+0.106 pitch=+1.536 roll=-3.032 |tau|max= 35.00 sat=2/29 knee_L=+0.266 hip_p_L=-0.104 torn=9452 cmd_age=25.6ms auth=70.2s rig_ign=654 fix_base=0 sat_j=left_ankle_roll_joint:+35.0,right_ankle_roll_joint:-35.0
[lowlevel-sim][GT] t=28.001 quat=[0.48107, -0.52079, 0.49587, 0.50146] angvel=[-0.02892, 0.02452, -0.02031] linvel=[0.00199, -0.00436, 0.00319] z=0.1057
[lowlevel-sim][GT] t=28.051 quat=[0.48097, -0.52071, 0.49597, 0.50154] angvel=[-0.0256, 0.00121, -0.0047] linvel=[0.00563, -0.00205, 0.00453] z=0.1058
[lowlevel-sim][GT] t=28.101 quat=[0.48114, -0.52041, 0.49598, 0.50167] angvel=[0.04116, 0.02159, -0.01018] linvel=[0.00301, -0.00233, -0.00441] z=0.1059
[lowlevel-sim][GT] t=28.151 quat=[0.48111, -0.52029, 0.49616, 0.50166] angvel=[-0.04072, 0.00138, -0.01712] linvel=[0.0067, -0.00704, 0.00419] z=0.1059
[lowlevel-sim][GT] t=28.201 quat=[0.48126, -0.52003, 0.49602, 0.50192] angvel=[0.02519, -0.09191, -0.02683] linvel=[-0.00089, -0.0018, 0.00133] z=0.1061
[lowlevel-sim][GT] t=28.251 quat=[0.48092, -0.51995, 0.49611, 0.50223] angvel=[-0.04556, 0.01286, 0.00541] linvel=[0.00093, -0.00959, 0.00204] z=0.1061
[lowlevel-sim][GT] t=28.301 quat=[0.48086, -0.51997, 0.49604, 0.50234] angvel=[-0.03885, -0.03741, -0.0102] linvel=[-0.00974, -0.00357, 0.00566] z=0.1061
[lowlevel-sim][GT] t=28.351 quat=[0.48085, -0.52004, 0.49594, 0.50237] angvel=[-0.03092, 0.01279, -0.01056] linvel=[-0.0013, -0.00365, 0.00141] z=0.1061
[lowlevel-sim][GT] t=28.401 quat=[0.48102, -0.52, 0.49593, 0.50226] angvel=[-0.02374, -0.03473, -0.00409] linvel=[-0.00791, -0.00354, 0.00295] z=0.1061
[lowlevel-sim][GT] t=28.451 quat=[0.48097, -0.52011, 0.49599, 0.50214] angvel=[-0.02388, 0.00269, -0.01737] linvel=[-0.00331, -0.00585, -7e-05] z=0.1061
[lowlevel-sim] t=  28.50 mode=cmd        pd=18564 hold=9225 failclosed=58 rtf=0.256 base_z=+0.106 pitch=+1.538 roll=-3.060 |tau|max= 35.00 sat=2/29 knee_L=+0.269 hip_p_L=-0.104 torn=9477 cmd_age=27.8ms auth=71.9s rig_ign=654 fix_base=0 sat_j=left_ankle_roll_joint:+35.0,right_ankle_roll_joint:-35.0
[lowlevel-sim][GT] t=28.501 quat=[0.48127, -0.52005, 0.49589, 0.502] angvel=[-0.01981, -0.05998, -0.02203] linvel=[-0.0062, -0.00355, 0.0013] z=0.1061
[lowlevel-sim][GT] t=28.551 quat=[0.4811, -0.5201, 0.49605, 0.50197] angvel=[-0.04335, 0.02224, 0.00741] linvel=[-0.00077, -0.00489, 0.00281] z=0.1060
[lowlevel-sim][GT] t=28.601 quat=[0.48117, -0.52002, 0.49596, 0.50207] angvel=[0.07551, 0.00484, -0.00794] linvel=[-0.00197, -0.00105, -0.00505] z=0.1061
[lowlevel-sim][GT] t=28.651 quat=[0.48106, -0.52005, 0.49595, 0.50216] angvel=[-0.03813, -0.00599, -0.01589] linvel=[0.00078, -0.00443, 0.00104] z=0.1061
[lowlevel-sim][GT] t=28.701 quat=[0.48101, -0.52003, 0.49586, 0.50232] angvel=[0.10271, -0.00545, 0.01003] linvel=[-0.00332, -0.00047, -0.00504] z=0.1061
[lowlevel-sim][GT] t=28.751 quat=[0.48075, -0.52008, 0.49584, 0.50254] angvel=[-0.01728, -0.00475, 0.00941] linvel=[0.00804, -0.00608, 0.00141] z=0.1061
[lowlevel-sim][GT] t=28.801 quat=[0.48078, -0.52012, 0.49565, 0.50264] angvel=[-0.06223, 0.01468, -0.00569] linvel=[-0.00914, -0.00526, 0.00759] z=0.1061
[lowlevel-sim][GT] t=28.851 quat=[0.48056, -0.52021, 0.49553, 0.50289] angvel=[-0.03222, 0.03667, 0.03729] linvel=[0.00507, -0.00566, 0.00086] z=0.1062
[lowlevel-sim][GT] t=28.901 quat=[0.48065, -0.52011, 0.49548, 0.50294] angvel=[-0.09308, 0.04337, 0.02755] linvel=[-0.00248, -0.00382, 0.00713] z=0.1062
[lowlevel-sim][GT] t=28.951 quat=[0.48041, -0.52026, 0.49556, 0.50295] angvel=[-0.03502, -0.01027, 0.01614] linvel=[0.00154, -0.00225, 0.00257] z=0.1061
[lowlevel-sim] t=  29.00 mode=cmd        pd=18814 hold=9225 failclosed=58 rtf=0.256 base_z=+0.106 pitch=+1.539 roll=-3.095 |tau|max= 35.00 sat=2/29 knee_L=+0.270 hip_p_L=-0.105 torn=9491 cmd_age=29.1ms auth=73.6s rig_ign=654 fix_base=0 sat_j=left_ankle_roll_joint:+35.0,right_ankle_roll_joint:-35.0
[lowlevel-sim][GT] t=29.001 quat=[0.48052, -0.52021, 0.4954, 0.50305] angvel=[0.05602, 0.00769, 0.0145] linvel=[0.0014, 0.00178, -0.00182] z=0.1062
[lowlevel-sim][GT] t=29.051 quat=[0.48061, -0.52021, 0.49544, 0.50292] angvel=[-0.01994, -0.03329, -0.03124] linvel=[-0.00276, -0.0053, 0.00095] z=0.1062
[lowlevel-sim][GT] t=29.101 quat=[0.48067, -0.52015, 0.49543, 0.50295] angvel=[0.07304, -3e-05, 0.00751] linvel=[-0.00167, 0.00305, -0.00696] z=0.1062
[lowlevel-sim][GT] t=29.151 quat=[0.48066, -0.52023, 0.49552, 0.50278] angvel=[-0.01992, -0.0334, -0.04402] linvel=[-0.00636, -0.00823, -0.00055] z=0.1061
[lowlevel-sim][GT] t=29.201 quat=[0.48093, -0.52017, 0.49551, 0.50259] angvel=[0.08102, -0.0069, 0.00069] linvel=[0.00131, 0.00325, -0.00689] z=0.1061
[lowlevel-sim][GT] t=29.251 quat=[0.48075, -0.52031, 0.49558, 0.50255] angvel=[-0.01804, -0.02731, -0.03356] linvel=[-0.00339, -0.00589, -0.00042] z=0.1061
[lowlevel-sim][GT] t=29.301 quat=[0.48081, -0.5203, 0.49546, 0.50262] angvel=[-0.01279, 0.08133, 0.01546] linvel=[-0.00141, 0.00082, 0.0028] z=0.1061
[lowlevel-sim][GT] t=29.351 quat=[0.48071, -0.52033, 0.49547, 0.50267] angvel=[-0.02729, -0.01314, -0.00491] linvel=[0.00448, -0.0069, -0.00051] z=0.1061
[lowlevel-sim][GT] t=29.401 quat=[0.48046, -0.52035, 0.49542, 0.50294] angvel=[0.06729, -0.00652, 0.01963] linvel=[0.0, 0.00212, -0.00734] z=0.1060
[lowlevel-sim][GT] t=29.451 quat=[0.48034, -0.52047, 0.49543, 0.50293] angvel=[-0.0141, -0.0274, -0.01703] linvel=[0.0032, -0.00197, 0.00291] z=0.1060
[lowlevel-sim] t=  29.50 mode=cmd        pd=19064 hold=9225 failclosed=58 rtf=0.257 base_z=+0.106 pitch=+1.538 roll=-3.089 |tau|max= 35.00 sat=2/29 knee_L=+0.269 hip_p_L=-0.105 torn=9511 cmd_age=40.9ms auth=75.3s rig_ign=654 fix_base=0 sat_j=left_ankle_roll_joint:+35.0,right_ankle_roll_joint:-35.0
[lowlevel-sim][GT] t=29.501 quat=[0.48044, -0.52038, 0.49526, 0.50309] angvel=[0.09093, 0.0075, 0.00156] linvel=[0.00078, 0.00322, -0.00632] z=0.1061
[lowlevel-sim][GT] t=29.551 quat=[0.4801, -0.52054, 0.4953, 0.50321] angvel=[-0.05036, -0.0303, 0.00899] linvel=[-0.0008, -0.00284, 0.00367] z=0.1060
[lowlevel-sim][GT] t=29.601 quat=[0.48035, -0.52053, 0.49513, 0.50314] angvel=[0.08673, 0.00238, 0.00281] linvel=[-0.0004, 0.00295, -0.00732] z=0.1061
[lowlevel-sim][GT] t=29.651 quat=[0.48009, -0.52065, 0.49515, 0.50326] angvel=[-0.04495, -0.017, 0.00571] linvel=[-0.00179, -0.00492, 0.00365] z=0.1061
[lowlevel-sim][GT] t=29.701 quat=[0.48007, -0.52069, 0.49508, 0.5033] angvel=[0.07046, 0.01099, 0.01517] linvel=[7e-05, 0.00241, -0.00746] z=0.1060
[lowlevel-sim][GT] t=29.751 quat=[0.48002, -0.52078, 0.49504, 0.50329] angvel=[-0.03251, 0.00617, 0.02895] linvel=[0.00709, -0.00775, -0.00044] z=0.1060
[lowlevel-sim][GT] t=29.801 quat=[0.47998, -0.52076, 0.49503, 0.50336] angvel=[0.0364, 0.08293, 0.0027] linvel=[0.00556, -0.00026, -0.00319] z=0.1060
[lowlevel-sim][GT] t=29.851 quat=[0.47982, -0.52089, 0.49508, 0.50333] angvel=[-0.01636, -0.03931, -0.04603] linvel=[-0.00411, -0.00386, 0.00266] z=0.1060
[lowlevel-sim][GT] t=29.901 quat=[0.47999, -0.52079, 0.49495, 0.50339] angvel=[0.08672, -0.02458, 0.00192] linvel=[0.00293, 0.00249, -0.00665] z=0.1060
[lowlevel-sim][GT] t=29.951 quat=[0.48016, -0.5208, 0.49498, 0.50321] angvel=[-0.01025, -0.05545, -0.05819] linvel=[-0.00224, -0.00378, 0.00188] z=0.1060
[lowlevel-sim] t=  30.00 mode=cmd        pd=19314 hold=9225 failclosed=58 rtf=0.257 base_z=+0.106 pitch=+1.538 roll=-3.083 |tau|max= 35.00 sat=2/29 knee_L=+0.269 hip_p_L=-0.104 torn=9526 cmd_age=46.5ms auth=77.0s rig_ign=654 fix_base=0 sat_j=left_ankle_roll_joint:+35.0,right_ankle_roll_joint:-35.0
[lowlevel-sim][GT] t=30.001 quat=[0.48019, -0.52073, 0.49503, 0.50319] angvel=[0.04862, 0.00994, 0.00811] linvel=[0.00163, 0.00197, -0.00444] z=0.1060
[lowlevel-sim][GT] t=30.051 quat=[0.48014, -0.52084, 0.4951, 0.50306] angvel=[-0.04688, -0.02247, -0.02958] linvel=[-0.00293, -0.00569, 0.00208] z=0.1059
[lowlevel-sim][GT] t=30.101 quat=[0.4801, -0.52083, 0.49493, 0.50328] angvel=[0.04333, 0.02415, 0.0099] linvel=[0.00124, 0.00339, -0.0012] z=0.1060
[lowlevel-sim][GT] t=30.151 quat=[0.47994, -0.5209, 0.49498, 0.50331] angvel=[-0.00831, -0.00095, 0.00454] linvel=[0.00211, -0.00278, 0.00168] z=0.1060
[lowlevel-sim][GT] t=30.201 quat=[0.4799, -0.52099, 0.49489, 0.50334] angvel=[0.07068, 0.01286, 0.02342] linvel=[-0.00042, -5e-05, -0.00804] z=0.1059
[lowlevel-sim][GT] t=30.251 quat=[0.47971, -0.52113, 0.49486, 0.5034] angvel=[-0.05123, 0.03248, 0.03939] linvel=[0.00714, -0.00817, 0.00377] z=0.1059
[lowlevel-sim] FAIL-CLOSED engaged at t=30.280s, last command age 94.39 ms (deadline <= 100 ms) PASS
[lowlevel-sim] COMMANDED at t=30.282s (was fail-closed)
[lowlevel-sim][GT] t=30.301 quat=[0.47974, -0.52124, 0.49481, 0.50331] angvel=[0.01544, -0.01118, 0.00519] linvel=[0.00439, -0.00334, -0.00106] z=0.1059
[lowlevel-sim][GT] t=30.351 quat=[0.4798, -0.52117, 0.49465, 0.50348] angvel=[0.07263, -0.00933, 0.00546] linvel=[0.00096, 0.00208, -0.0069] z=0.1059
[lowlevel-sim][GT] t=30.401 quat=[0.47964, -0.52124, 0.49467, 0.50355] angvel=[-0.03776, -0.01045, -0.01513] linvel=[0.00478, -0.00478, 0.0024] z=0.1059
[lowlevel-sim][GT] t=30.451 quat=[0.4796, -0.52121, 0.49456, 0.50371] angvel=[0.05112, 0.01815, 0.02273] linvel=[0.00116, 0.00255, -0.00282] z=0.1059
[lowlevel-sim] t=  30.50 mode=cmd        pd=19564 hold=9225 failclosed=59 rtf=0.258 base_z=+0.106 pitch=+1.538 roll=-3.099 |tau|max=  9.84 sat=0/29 knee_L=+0.270 hip_p_L=-0.105 torn=9548 cmd_age=42.1ms auth=78.9s rig_ign=654 fix_base=0
[lowlevel-sim][GT] t=30.501 quat=[0.47939, -0.52128, 0.49465, 0.50377] angvel=[-0.02203, -0.0317, -0.04143] linvel=[-0.00538, -0.00564, 0.00167] z=0.1060
[lowlevel-sim][GT] t=30.551 quat=[0.47944, -0.52132, 0.4945, 0.50383] angvel=[0.05798, -0.01345, 0.01258] linvel=[0.00103, 0.00127, -0.00671] z=0.1060
[lowlevel-sim][GT] t=30.601 quat=[0.47929, -0.52145, 0.49449, 0.50385] angvel=[-0.04118, -0.0338, -0.01371] linvel=[-0.00401, -0.00806, 0.00209] z=0.1060
[lowlevel-sim][GT] t=30.651 quat=[0.47941, -0.52138, 0.49429, 0.50399] angvel=[-0.02527, 0.04073, 0.02935] linvel=[0.00041, -0.00022, 0.00063] z=0.1060
[lowlevel-sim][GT] t=30.701 quat=[0.47929, -0.52149, 0.49428, 0.504] angvel=[-0.02935, -0.03655, -0.03519] linvel=[-0.00198, -0.00762, -0.0007] z=0.1060
[lowlevel-sim][GT] t=30.751 quat=[0.47939, -0.52149, 0.49419, 0.50399] angvel=[0.07607, -0.00962, -0.01003] linvel=[0.00185, 0.00342, -0.00459] z=0.1060
[lowlevel-sim][GT] t=30.801 quat=[0.47925, -0.52164, 0.4942, 0.50397] angvel=[-0.04887, -0.01607, -0.02599] linvel=[-0.0024, -0.00778, 0.00186] z=0.1060
[lowlevel-sim][GT] t=30.851 quat=[0.47914, -0.5217, 0.49407, 0.50414] angvel=[0.00547, 0.06694, 0.02445] linvel=[-0.00093, 0.00033, 0.00253] z=0.1060
[lowlevel-sim][GT] t=30.901 quat=[0.47907, -0.52172, 0.49408, 0.50416] angvel=[-0.01012, -0.02233, -0.00494] linvel=[0.00111, -0.00876, -0.00028] z=0.1060
[lowlevel-sim][GT] t=30.951 quat=[0.47923, -0.52166, 0.49395, 0.50421] angvel=[-0.01669, 0.06923, 0.01914] linvel=[0.00109, 0.00114, 0.00282] z=0.1060
[lowlevel-sim] t=  31.00 mode=cmd        pd=19814 hold=9225 failclosed=59 rtf=0.258 base_z=+0.106 pitch=+1.538 roll=-3.085 |tau|max=  9.65 sat=0/29 knee_L=+0.270 hip_p_L=-0.104 torn=9575 cmd_age=41.1ms auth=80.8s rig_ign=654 fix_base=0
[lowlevel-sim][GT] t=31.001 quat=[0.47921, -0.52168, 0.49397, 0.50419] angvel=[-0.02597, -0.0441, -0.04806] linvel=[-0.00259, -0.005, 0.00155] z=0.1060
[lowlevel-sim][GT] t=31.051 quat=[0.47903, -0.52181, 0.49387, 0.50431] angvel=[0.00942, 0.09446, 0.03326] linvel=[0.00825, 0.00137, -0.00265] z=0.1060
[lowlevel-sim][GT] t=31.101 quat=[0.47885, -0.52189, 0.49394, 0.50433] angvel=[0.00188, 0.008, 0.00992] linvel=[0.0004, -0.00431, 0.00229] z=0.1060
[lowlevel-sim][GT] t=31.151 quat=[0.47886, -0.52191, 0.49374, 0.5045] angvel=[-0.01705, 0.05623, 0.01257] linvel=[0.00211, 0.00047, 0.00249] z=0.1060
[lowlevel-sim][GT] t=31.201 quat=[0.4788, -0.52197, 0.49382, 0.50443] angvel=[-0.05468, 0.01065, 0.00104] linvel=[-0.00158, -0.00404, 0.00455] z=0.1060
[lowlevel-sim][GT] t=31.251 quat=[0.47884, -0.522, 0.49375, 0.50442] angvel=[0.05406, -0.02616, 0.00742] linvel=[0.00237, -6e-05, -0.00516] z=0.1060
[lowlevel-sim][GT] t=31.301 quat=[0.47884, -0.52203, 0.49366, 0.50447] angvel=[-0.0421, 0.02062, -0.00662] linvel=[0.00054, -0.00401, 0.00342] z=0.1060
[lowlevel-sim][GT] t=31.351 quat=[0.47877, -0.52206, 0.49353, 0.50463] angvel=[0.05955, 0.01007, 0.01183] linvel=[-0.00155, -0.00114, -0.00684] z=0.1060
[lowlevel-sim][GT] t=31.401 quat=[0.47854, -0.52215, 0.49363, 0.50468] angvel=[-0.02124, -0.0117, -0.00151] linvel=[-0.00028, -0.00312, 0.00553] z=0.1060
[lowlevel-sim][GT] t=31.451 quat=[0.47864, -0.52213, 0.49348, 0.50473] angvel=[0.0811, 0.00604, 0.01585] linvel=[-0.00083, -0.00156, -0.00715] z=0.1060
[lowlevel-sim] t=  31.50 mode=cmd        pd=20064 hold=9225 failclosed=59 rtf=0.258 base_z=+0.106 pitch=+1.538 roll=-3.086 |tau|max=  9.76 sat=0/29 knee_L=+0.270 hip_p_L=-0.105 torn=9599 cmd_age=26.4ms auth=82.6s rig_ign=654 fix_base=0
[lowlevel-sim][GT] t=31.501 quat=[0.47872, -0.52212, 0.4935, 0.50465] angvel=[-0.02833, -0.01542, -0.00538] linvel=[0.00078, 0.00012, 0.00547] z=0.1061
[lowlevel-sim][GT] t=31.551 quat=[0.47895, -0.52197, 0.49339, 0.5047] angvel=[0.0692, 0.01156, 0.01246] linvel=[0.00069, 0.00152, -0.00662] z=0.1061
[lowlevel-sim][GT] t=31.601 quat=[0.47904, -0.52201, 0.49344, 0.50452] angvel=[-0.0431, 0.00207, 0.00992] linvel=[0.01071, -0.00476, 0.00207] z=0.1061
[lowlevel-sim][GT] t=31.651 quat=[0.47918, -0.52195, 0.49345, 0.50444] angvel=[0.01865, 0.10175, 0.01903] linvel=[0.00894, -0.00064, -0.00371] z=0.1061
[lowlevel-sim][GT] t=31.701 quat=[0.47901, -0.52204, 0.49358, 0.50438] angvel=[-0.01911, -0.03646, -0.00641] linvel=[0.00533, -0.00128, 0.00157] z=0.1060
[lowlevel-sim][GT] t=31.751 quat=[0.47903, -0.52198, 0.49354, 0.50447] angvel=[0.05298, 0.00639, 0.00082] linvel=[0.00247, 0.00091, -0.00565] z=0.1060
[lowlevel-sim][GT] t=31.801 quat=[0.47891, -0.52207, 0.49357, 0.50447] angvel=[-0.02953, -0.0409, -0.01857] linvel=[0.00315, -0.00299, 0.00161] z=0.1060
[lowlevel-sim][GT] t=31.851 quat=[0.47899, -0.52205, 0.49349, 0.50447] angvel=[0.01461, 0.0372, 0.00804] linvel=[0.00071, -0.00032, -0.00099] z=0.1060
[lowlevel-sim][GT] t=31.901 quat=[0.47887, -0.52211, 0.49353, 0.50449] angvel=[-0.02409, -0.03907, -0.01075] linvel=[0.00337, -0.00081, 0.00259] z=0.1060
[lowlevel-sim][GT] t=31.951 quat=[0.47883, -0.52218, 0.49344, 0.50454] angvel=[0.07283, -0.0002, -0.00614] linvel=[0.00346, 0.00306, -0.00852] z=0.1060
[lowlevel-sim] t=  32.00 mode=cmd        pd=20314 hold=9225 failclosed=59 rtf=0.259 base_z=+0.106 pitch=+1.538 roll=-3.091 |tau|max=  9.39 sat=0/29 knee_L=+0.270 hip_p_L=-0.105 torn=9619 cmd_age=24.9ms auth=84.1s rig_ign=654 fix_base=0
[lowlevel-sim][GT] t=32.001 quat=[0.47845, -0.52232, 0.49352, 0.50467] angvel=[-0.01767, -0.03272, 0.00426] linvel=[0.0037, -0.00298, 0.00293] z=0.1060
[lowlevel-sim][GT] t=32.051 quat=[0.47849, -0.52226, 0.49334, 0.50488] angvel=[0.0745, 0.01452, 0.0326] linvel=[0.00255, -0.00081, -0.00861] z=0.1060
[lowlevel-sim][GT] t=32.101 quat=[0.47811, -0.52241, 0.49337, 0.50506] angvel=[-0.03737, -0.0223, 0.00702] linvel=[0.00049, -0.00342, 0.00207] z=0.1060
[lowlevel-sim][GT] t=32.151 quat=[0.47819, -0.52234, 0.49322, 0.50519] angvel=[0.05822, 0.0015, -0.00404] linvel=[-0.00329, 0.00377, -0.00183] z=0.1061
[lowlevel-sim][GT] t=32.201 quat=[0.47848, -0.52223, 0.49329, 0.50497] angvel=[-0.02236, -0.01483, -0.02619] linvel=[-0.00172, -0.00719, -0.00121] z=0.1061
[lowlevel-sim][GT] t=32.251 quat=[0.47875, -0.52211, 0.49322, 0.50491] angvel=[0.02896, 0.08983, 0.01391] linvel=[0.00402, 0.003, -0.00133] z=0.1061
[lowlevel-sim][GT] t=32.301 quat=[0.47886, -0.5222, 0.49337, 0.50457] angvel=[-0.03461, 0.00946, -0.01159] linvel=[-0.00166, -0.00325, 0.0025] z=0.1061
[lowlevel-sim][GT] t=32.351 quat=[0.47906, -0.52212, 0.49334, 0.50449] angvel=[0.04918, 0.00358, -0.01031] linvel=[-0.00043, 0.00148, -0.00526] z=0.1060
[lowlevel-sim][GT] t=32.401 quat=[0.47919, -0.5221, 0.49339, 0.50433] angvel=[-0.0409, 0.00953, 0.00847] linvel=[-5e-05, -0.00407, 0.00347] z=0.1061
[lowlevel-sim][GT] t=32.451 quat=[0.47929, -0.52203, 0.49339, 0.50432] angvel=[0.01177, 0.01398, 0.00266] linvel=[0.00202, 0.0018, -1e-05] z=0.1060
[lowlevel-sim] t=  32.50 mode=cmd        pd=20564 hold=9225 failclosed=59 rtf=0.259 base_z=+0.106 pitch=+1.538 roll=-3.062 |tau|max=  8.98 sat=0/29 knee_L=+0.269 hip_p_L=-0.104 torn=9644 cmd_age=34.9ms auth=85.7s rig_ign=654 fix_base=0
[lowlevel-sim][GT] t=32.501 quat=[0.47916, -0.52206, 0.49356, 0.50424] angvel=[-0.03014, 0.01147, 0.00251] linvel=[-0.00286, -0.00437, 0.00153] z=0.1060
[lowlevel-sim][GT] t=32.551 quat=[0.47899, -0.52207, 0.49354, 0.5044] angvel=[-0.00366, 0.04795, 0.01786] linvel=[-0.00034, 0.00043, 0.0011] z=0.1060
[lowlevel-sim][GT] t=32.601 quat=[0.47884, -0.52213, 0.49358, 0.50444] angvel=[0.00433, -0.01586, -0.00698] linvel=[-0.00204, -0.00298, -0.00063] z=0.1060
[lowlevel-sim][GT] t=32.651 quat=[0.47882, -0.5221, 0.49349, 0.5046] angvel=[0.06372, 0.01893, 0.01487] linvel=[-0.00191, -0.00033, -0.00699] z=0.1060
[lowlevel-sim][GT] t=32.701 quat=[0.47879, -0.52214, 0.49352, 0.50455] angvel=[-0.03978, 0.01248, 0.0103] linvel=[-0.00443, -0.00425, 0.00414] z=0.1060
[lowlevel-sim][GT] t=32.751 quat=[0.47897, -0.52206, 0.4934, 0.50459] angvel=[-0.02499, 0.04397, 0.01266] linvel=[0.0004, 0.00166, 0.00241] z=0.1060
[lowlevel-sim][GT] t=32.801 quat=[0.47896, -0.52213, 0.49351, 0.50441] angvel=[-0.03518, 0.00033, -0.01143] linvel=[-0.00051, -0.002, 0.00334] z=0.1060
[lowlevel-sim][GT] t=32.851 quat=[0.47893, -0.52208, 0.49351, 0.50449] angvel=[0.02374, -0.00742, -0.0006] linvel=[0.00149, 0.00041, -0.00392] z=0.1059
[lowlevel-sim][GT] t=32.901 quat=[0.47915, -0.52211, 0.49351, 0.50426] angvel=[-0.04798, 0.01419, 0.00918] linvel=[0.00184, -0.00543, 0.001] z=0.1060
[lowlevel-sim][GT] t=32.951 quat=[0.47911, -0.52204, 0.49354, 0.50433] angvel=[0.05469, -0.00996, -0.0053] linvel=[0.00223, 0.00287, -0.00534] z=0.1059
[lowlevel-sim] t=  33.00 mode=cmd        pd=20814 hold=9225 failclosed=59 rtf=0.260 base_z=+0.106 pitch=+1.538 roll=-3.068 |tau|max=  9.75 sat=0/29 knee_L=+0.269 hip_p_L=-0.104 torn=9667 cmd_age=42.2ms auth=87.2s rig_ign=654 fix_base=0
[lowlevel-sim][GT] t=33.001 quat=[0.47902, -0.52213, 0.49367, 0.50419] angvel=[-0.04621, -0.02467, -0.01181] linvel=[-0.00273, -0.00873, 0.00388] z=0.1059
[lowlevel-sim][GT] t=33.051 quat=[0.47906, -0.52204, 0.49359, 0.50433] angvel=[-0.00984, 0.05143, 0.02234] linvel=[0.00442, -0.00062, 0.00101] z=0.1059
[lowlevel-sim][GT] t=33.101 quat=[0.47897, -0.52219, 0.49361, 0.50424] angvel=[-0.02002, 0.00467, 0.01169] linvel=[0.00699, -0.0046, 0.00214] z=0.1059
[lowlevel-sim][GT] t=33.151 quat=[0.47885, -0.52217, 0.4935, 0.50448] angvel=[0.0778, 0.02256, 0.01321] linvel=[0.00431, 0.00365, -0.00445] z=0.1059
[lowlevel-sim][GT] t=33.201 quat=[0.47873, -0.52224, 0.49337, 0.50465] angvel=[-0.01373, -0.02075, 0.0092] linvel=[0.00859, -0.00623, 0.00151] z=0.1060
[lowlevel-sim][GT] t=33.251 quat=[0.47849, -0.52229, 0.49334, 0.50485] angvel=[-0.03162, 0.10978, 0.05283] linvel=[0.008, 0.00059, 0.00474] z=0.1060
[lowlevel-sim][GT] t=33.301 quat=[0.47832, -0.52233, 0.49334, 0.50497] angvel=[-0.00158, 0.01376, 0.00385] linvel=[0.0061, -0.00327, -0.00019] z=0.1060
[lowlevel-sim][GT] t=33.351 quat=[0.47842, -0.52231, 0.49328, 0.50496] angvel=[0.05012, 0.00305, 0.01198] linvel=[0.00524, 0.00134, -0.00326] z=0.1060
[lowlevel-sim][GT] t=33.401 quat=[0.47844, -0.52233, 0.49332, 0.50488] angvel=[-0.03437, -0.03287, -0.03388] linvel=[0.00138, -0.00636, 0.00151] z=0.1060
[lowlevel-sim][GT] t=33.451 quat=[0.47849, -0.52222, 0.49328, 0.50498] angvel=[0.06741, -0.00209, 0.01299] linvel=[0.00355, 0.00297, -0.00331] z=0.1060
[lowlevel-sim] t=  33.50 mode=cmd        pd=21064 hold=9225 failclosed=59 rtf=0.261 base_z=+0.106 pitch=+1.538 roll=-3.093 |tau|max=  9.67 sat=0/29 knee_L=+0.270 hip_p_L=-0.104 torn=9691 cmd_age=27.9ms auth=89.0s rig_ign=654 fix_base=0
[lowlevel-sim][GT] t=33.501 quat=[0.4785, -0.52224, 0.49337, 0.50486] angvel=[-0.02617, -0.04124, -0.02927] linvel=[0.00134, -0.00768, -0.00059] z=0.1060
[lowlevel-sim][GT] t=33.551 quat=[0.47845, -0.52225, 0.49333, 0.50494] angvel=[0.03889, 0.02446, 0.00766] linvel=[0.0011, 0.00213, -0.00361] z=0.1060
[lowlevel-sim][GT] t=33.601 quat=[0.47825, -0.52234, 0.49339, 0.50498] angvel=[-0.02799, -0.01683, -0.03622] linvel=[-0.00356, -0.00588, 0.00249] z=0.1060
[lowlevel-sim][GT] t=33.651 quat=[0.47837, -0.52231, 0.4933, 0.50498] angvel=[0.08601, -0.00214, -0.03438] linvel=[-0.0008, -0.00051, -0.00678] z=0.1060
[lowlevel-sim][GT] t=33.701 quat=[0.4783, -0.52237, 0.49333, 0.50495] angvel=[-0.01674, -0.02431, -0.00413] linvel=[-0.00021, -0.00156, 0.00235] z=0.1060
[lowlevel-sim][GT] t=33.751 quat=[0.47836, -0.52232, 0.49324, 0.50504] angvel=[0.07125, -0.01307, -0.00325] linvel=[0.00084, 0.00099, -0.00424] z=0.1060
[lowlevel-sim][GT] t=33.801 quat=[0.47831, -0.52237, 0.49325, 0.50503] angvel=[-0.02737, 0.01262, 0.0093] linvel=[-0.001, -0.00283, 0.00351] z=0.1061
[lowlevel-sim] FAIL-CLOSED engaged at t=33.811s, last command age 85.65 ms (deadline <= 100 ms) PASS
[lowlevel-sim] COMMANDED at t=33.818s (was fail-closed)
[lowlevel-sim][GT] t=33.851 quat=[0.47749, -0.52289, 0.49373, 0.50479] angvel=[0.04395, 0.0418, 0.0132] linvel=[-0.00428, 0.00224, -0.00174] z=0.1057
[lowlevel-sim][GT] t=33.901 quat=[0.47773, -0.5228, 0.49361, 0.50478] angvel=[-0.00816, -0.01614, -0.01626] linvel=[-0.00455, -0.00156, 0.00213] z=0.1057
[lowlevel-sim][GT] t=33.951 quat=[0.47813, -0.5226, 0.49335, 0.50487] angvel=[0.0165, -0.0474, -0.02771] linvel=[-0.00909, -0.00114, -0.0001] z=0.1058
[lowlevel-sim] t=  34.00 mode=cmd        pd=21317 hold=9225 failclosed=65 rtf=0.261 base_z=+0.106 pitch=+1.538 roll=-3.081 |tau|max=  9.57 sat=0/29 knee_L=+0.269 hip_p_L=-0.104 torn=9721 cmd_age=31.8ms auth=90.7s rig_ign=654 fix_base=0
[lowlevel-sim][GT] t=34.001 quat=[0.47838, -0.52255, 0.49327, 0.50476] angvel=[-0.03265, -0.00922, 0.00247] linvel=[-0.00427, -0.00333, 0.00312] z=0.1059
[lowlevel-sim][GT] t=34.051 quat=[0.47869, -0.52247, 0.49314, 0.50468] angvel=[0.00291, -0.06201, -0.02952] linvel=[-0.00924, -0.00135, 0.00083] z=0.1059
[lowlevel-sim][GT] t=34.101 quat=[0.4787, -0.52259, 0.49313, 0.50455] angvel=[-0.02885, -0.03243, -0.00628] linvel=[-0.00398, -0.00117, 0.00309] z=0.1059
[lowlevel-sim][GT] t=34.151 quat=[0.47889, -0.52253, 0.49305, 0.50451] angvel=[-0.02346, -0.01028, -0.01601] linvel=[-0.0023, -0.00094, 0.00208] z=0.1059
[lowlevel-sim][GT] t=34.201 quat=[0.47869, -0.52264, 0.49323, 0.50442] angvel=[-0.03186, 0.01967, 0.03984] linvel=[0.00447, -0.00387, 0.00186] z=0.1058
[lowlevel-sim][GT] t=34.251 quat=[0.47883, -0.52254, 0.4932, 0.50441] angvel=[0.05405, -0.01231, -0.00117] linvel=[0.00111, 0.00366, -0.00356] z=0.1058
[lowlevel-sim][GT] t=34.301 quat=[0.47868, -0.52259, 0.49329, 0.50441] angvel=[-0.05525, 0.01263, 0.02477] linvel=[0.00259, -0.00527, 0.00482] z=0.1059
[lowlevel-sim][GT] t=34.351 quat=[0.47861, -0.52251, 0.49324, 0.50461] angvel=[0.05132, -0.00847, -0.00389] linvel=[-2e-05, 0.00036, -0.00448] z=0.1059
[lowlevel-sim][GT] t=34.401 quat=[0.47859, -0.52252, 0.4933, 0.50456] angvel=[-0.04203, 0.01866, 0.01118] linvel=[-0.00125, -0.00538, 0.00273] z=0.1059
[lowlevel-sim][GT] t=34.451 quat=[0.47861, -0.52249, 0.49313, 0.50474] angvel=[-0.01547, 0.0303, 0.01318] linvel=[0.0029, 0.00037, 0.00165] z=0.1059
[lowlevel-sim] t=  34.50 mode=cmd        pd=21567 hold=9225 failclosed=65 rtf=0.261 base_z=+0.106 pitch=+1.538 roll=-3.071 |tau|max=  8.17 sat=0/29 knee_L=+0.268 hip_p_L=-0.104 torn=9746 cmd_age=57.4ms auth=92.4s rig_ign=654 fix_base=0
[lowlevel-sim][GT] t=34.501 quat=[0.47852, -0.52256, 0.49314, 0.50474] angvel=[0.00208, -0.006, 0.00245] linvel=[0.00471, -0.00248, -0.00083] z=0.1060
[lowlevel-sim][GT] t=34.551 quat=[0.47837, -0.52261, 0.49306, 0.50491] angvel=[-0.0146, 0.02546, 0.00852] linvel=[0.00383, 0.00155, 0.00249] z=0.1060
[lowlevel-sim][GT] t=34.601 quat=[0.47831, -0.52261, 0.49308, 0.50494] angvel=[-0.01625, -0.0073, 0.00014] linvel=[0.00137, -0.00267, 0.00286] z=0.1060
[lowlevel-sim] FAIL-CLOSED engaged at t=34.644s, last command age 87.17 ms (deadline <= 100 ms) PASS
[lowlevel-sim][GT] t=34.651 quat=[0.47789, -0.52299, 0.49341, 0.50462] angvel=[-0.37713, 0.01053, -0.00361] linvel=[-0.00132, -0.00207, -0.03038] z=0.1058
[lowlevel-sim] COMMANDED at t=34.658s (was fail-closed)
[lowlevel-sim][GT] t=34.701 quat=[0.47642, -0.52417, 0.49441, 0.50381] angvel=[0.139, -0.00472, 0.01482] linvel=[-0.00553, 0.00183, -0.00561] z=0.1049
[lowlevel-sim][GT] t=34.751 quat=[0.47696, -0.52391, 0.49402, 0.50396] angvel=[-0.00371, -0.05691, -0.02858] linvel=[0.00334, -0.0031, 0.00333] z=0.1050
[lowlevel-sim][GT] t=34.801 quat=[0.47757, -0.52368, 0.4937, 0.50393] angvel=[0.0716, -0.03399, -0.01406] linvel=[0.00582, -0.00066, -0.00429] z=0.1052
[lowlevel-sim][GT] t=34.851 quat=[0.47751, -0.52352, 0.4937, 0.50416] angvel=[-0.01661, -0.01979, -0.01973] linvel=[-0.00023, -0.00888, 0.00355] z=0.1052
[lowlevel-sim] FAIL-CLOSED engaged at t=34.857s, last command age 85.52 ms (deadline <= 100 ms) PASS
[lowlevel-sim] COMMANDED at t=34.860s (was fail-closed)
[lowlevel-sim][GT] t=34.901 quat=[0.47743, -0.52354, 0.49377, 0.50414] angvel=[0.09586, -0.00815, 0.00312] linvel=[0.00142, 0.00252, -0.00639] z=0.1052
[lowlevel-sim][GT] t=34.951 quat=[0.47763, -0.52345, 0.49368, 0.50413] angvel=[-0.02706, 0.01691, 0.00585] linvel=[0.00219, -0.00124, 0.00427] z=0.1053
[lowlevel-sim] t=  35.00 mode=cmd        pd=21826 hold=9225 failclosed=82 rtf=0.262 base_z=+0.105 pitch=+1.536 roll=-3.073 |tau|max= 35.00 sat=2/29 knee_L=+0.265 hip_p_L=-0.104 torn=9782 cmd_age=36.2ms auth=94.1s rig_ign=654 fix_base=0 sat_j=left_ankle_roll_joint:+35.0,right_ankle_roll_joint:-35.0
[lowlevel-sim][GT] t=35.001 quat=[0.47789, -0.52323, 0.49343, 0.50435] angvel=[0.05869, 0.00825, 0.00332] linvel=[0.00251, 0.00327, -0.00088] z=0.1054
[lowlevel-sim][GT] t=35.051 quat=[0.4777, -0.52338, 0.49334, 0.50447] angvel=[-0.03657, -0.00188, 0.01432] linvel=[0.00097, -0.00436, 0.00205] z=0.1055
[lowlevel-sim][GT] t=35.101 quat=[0.47768, -0.52337, 0.4931, 0.50474] angvel=[0.00426, 0.05227, 0.02481] linvel=[0.00147, -0.004, 0.00183] z=0.1055
[lowlevel-sim][GT] t=35.151 quat=[0.47752, -0.52344, 0.49309, 0.50484] angvel=[-0.02114, -0.03305, -0.02647] linvel=[-0.00467, -0.00804, 0.00344] z=0.1056
[lowlevel-sim][GT] t=35.201 quat=[0.47771, -0.52326, 0.49288, 0.50503] angvel=[0.01944, -0.10549, -0.03762] linvel=[-0.00193, 0.00071, 0.00159] z=0.1057
[lowlevel-sim][GT] t=35.251 quat=[0.47772, -0.52326, 0.49276, 0.50514] angvel=[-0.00957, -0.02425, -0.00186] linvel=[0.00621, -0.00204, 0.00188] z=0.1057
[lowlevel-sim][GT] t=35.301 quat=[0.47759, -0.52334, 0.49266, 0.50528] angvel=[0.018, 0.09177, 0.01362] linvel=[0.0112, 0.00183, -0.00031] z=0.1057
[lowlevel-sim][GT] t=35.351 quat=[0.47762, -0.52328, 0.49273, 0.50524] angvel=[-0.02235, 0.01957, 0.01518] linvel=[0.00444, -0.00144, 0.00389] z=0.1058
[lowlevel-sim][GT] t=35.401 quat=[0.47764, -0.52313, 0.4927, 0.50541] angvel=[0.06193, 0.00791, 0.00124] linvel=[0.00098, 0.0005, -0.00533] z=0.1058
[lowlevel-sim][GT] t=35.451 quat=[0.47755, -0.52306, 0.4928, 0.50547] angvel=[-0.0192, 0.0194, 0.03856] linvel=[0.00539, -0.00239, 0.00236] z=0.1059
[lowlevel-sim] t=  35.50 mode=cmd        pd=22076 hold=9225 failclosed=82 rtf=0.262 base_z=+0.106 pitch=+1.538 roll=-3.105 |tau|max= 35.00 sat=2/29 knee_L=+0.269 hip_p_L=-0.105 torn=9805 cmd_age=40.6ms auth=95.9s rig_ign=654 fix_base=0 sat_j=left_ankle_roll_joint:+35.0,right_ankle_roll_joint:-35.0
[lowlevel-sim][GT] t=35.501 quat=[0.47746, -0.52303, 0.49277, 0.50562] angvel=[0.03254, 0.11254, 0.02321] linvel=[0.00489, 0.00059, -0.00254] z=0.1059
[lowlevel-sim][GT] t=35.551 quat=[0.47772, -0.52297, 0.49275, 0.50545] angvel=[-0.01673, -0.02438, -0.00985] linvel=[-0.00033, -0.00182, 0.00288] z=0.1060
[lowlevel-sim][GT] t=35.601 quat=[0.47779, -0.52292, 0.49265, 0.50553] angvel=[0.04495, -0.00775, 0.00456] linvel=[-0.00054, 0.00318, -0.00064] z=0.1060
[lowlevel-sim][GT] t=35.651 quat=[0.47773, -0.52302, 0.49276, 0.50539] angvel=[-0.04095, 0.01367, 0.00656] linvel=[-0.00506, -0.00548, 0.00238] z=0.1060
[lowlevel-sim][GT] t=35.701 quat=[0.47793, -0.52287, 0.49259, 0.50551] angvel=[0.03121, 0.01966, 0.00778] linvel=[-0.00095, 0.00226, 0.00012] z=0.1060
[lowlevel-sim][GT] t=35.751 quat=[0.47793, -0.52294, 0.49267, 0.50537] angvel=[-0.0112, 0.01206, 0.03836] linvel=[0.00094, -0.00367, 0.00082] z=0.1060
[lowlevel-sim] FAIL-CLOSED engaged at t=35.800s, last command age 94.07 ms (deadline <= 100 ms) PASS
[lowlevel-sim][GT] t=35.801 quat=[0.47792, -0.52293, 0.49254, 0.50551] angvel=[0.01797, 0.03496, 0.03738] linvel=[0.00016, -0.00203, -0.01275] z=0.1060
[lowlevel-sim] COMMANDED at t=35.804s (was fail-closed)
[lowlevel-sim] FAIL-CLOSED engaged at t=35.808s, last command age 88.02 ms (deadline <= 100 ms) PASS
[lowlevel-sim] COMMANDED at t=35.834s (was fail-closed)
[lowlevel-sim][GT] t=35.851 quat=[0.47339, -0.5273, 0.49673, 0.50111] angvel=[0.16017, 0.05827, 0.0081] linvel=[-0.00484, 0.00552, -0.00954] z=0.1032
[lowlevel-sim][GT] t=35.901 quat=[0.47518, -0.526, 0.49525, 0.50226] angvel=[0.05351, -0.04322, -0.00439] linvel=[0.00014, -0.00635, 0.00695] z=0.1038
[lowlevel-sim][GT] t=35.951 quat=[0.47653, -0.5251, 0.49444, 0.50271] angvel=[0.06484, -0.00945, -0.01603] linvel=[0.00625, -0.00101, 0.00026] z=0.1042
[lowlevel-sim] t=  36.00 mode=cmd        pd=22339 hold=9225 failclosed=110 rtf=0.262 base_z=+0.105 pitch=+1.532 roll=-3.055 |tau|max=  9.93 sat=0/29 knee_L=+0.261 hip_p_L=-0.105 torn=9853 cmd_age=41.0ms auth=97.9s rig_ign=654 fix_base=0
[lowlevel-sim][GT] t=36.001 quat=[0.4772, -0.52444, 0.49439, 0.50281] angvel=[0.00111, 0.02143, 0.00561] linvel=[0.01103, -0.00831, 0.00467] z=0.1045
[lowlevel-sim][GT] t=36.051 quat=[0.47764, -0.52377, 0.49431, 0.50317] angvel=[0.07772, 0.02272, -0.00919] linvel=[0.00484, 0.0018, -0.00254] z=0.1048
[lowlevel-sim] FAIL-CLOSED engaged at t=36.074s, last command age 86.24 ms (deadline <= 100 ms) PASS
[lowlevel-sim] COMMANDED at t=36.080s (was fail-closed)
[lowlevel-sim][GT] t=36.101 quat=[0.47693, -0.52403, 0.49485, 0.50304] angvel=[0.02985, 0.06353, 0.02099] linvel=[0.0026, 0.00181, 0.00115] z=0.1045
[lowlevel-sim][GT] t=36.151 quat=[0.47727, -0.52366, 0.49445, 0.5035] angvel=[-0.02051, -0.00315, -0.00275] linvel=[0.00402, -0.00554, 0.00381] z=0.1048
[lowlevel-sim][GT] t=36.201 quat=[0.47757, -0.52335, 0.49419, 0.50379] angvel=[0.05037, 0.01522, 0.00752] linvel=[0.00626, 0.00333, -0.00165] z=0.1050
[lowlevel-sim][GT] t=36.251 quat=[0.47768, -0.52322, 0.49409, 0.50392] angvel=[-0.01327, -0.00173, 0.01899] linvel=[0.00567, -0.00367, 0.00471] z=0.1051
[lowlevel-sim][GT] t=36.301 quat=[0.47757, -0.52313, 0.49389, 0.50432] angvel=[0.01979, 0.06269, 0.02971] linvel=[0.0106, -0.00093, -0.00025] z=0.1053
[lowlevel-sim][GT] t=36.351 quat=[0.4775, -0.52312, 0.4938, 0.50447] angvel=[-0.00789, -0.02214, -0.02441] linvel=[0.00257, -0.00804, 0.00107] z=0.1053
[lowlevel-sim][GT] t=36.401 quat=[0.47755, -0.52295, 0.49371, 0.50469] angvel=[0.03154, -0.01197, -0.01729] linvel=[0.00027, -0.0029, 1e-05] z=0.1054
[lowlevel-sim] FAIL-CLOSED engaged at t=36.435s, last command age 85.71 ms (deadline <= 100 ms) PASS
[lowlevel-sim] COMMANDED at t=36.438s (was fail-closed)
[lowlevel-sim][GT] t=36.451 quat=[0.47715, -0.52314, 0.49395, 0.50464] angvel=[-0.00364, 0.02344, -0.00127] linvel=[0.00467, 0.00214, 0.00172] z=0.1053
[lowlevel-sim] t=  36.50 mode=cmd        pd=22593 hold=9225 failclosed=118 rtf=0.262 base_z=+0.105 pitch=+1.536 roll=-3.114 |tau|max=  9.87 sat=0/29 knee_L=+0.268 hip_p_L=-0.106 torn=9878 cmd_age=29.9ms auth=100.0s rig_ign=654 fix_base=0
[lowlevel-sim][GT] t=36.501 quat=[0.47742, -0.523, 0.49384, 0.50464] angvel=[-0.00196, 0.00072, -0.00511] linvel=[0.0046, -0.00574, 8e-05] z=0.1055
[lowlevel-sim][GT] t=36.551 quat=[0.47771, -0.52286, 0.49368, 0.50466] angvel=[0.02359, -0.00013, 0.00753] linvel=[0.0064, 0.00159, -0.00116] z=0.1055
[lowlevel-sim][GT] t=36.601 quat=[0.47755, -0.52287, 0.49377, 0.50473] angvel=[-0.0253, -0.00478, -0.0059] linvel=[0.00573, -0.00494, 0.00249] z=0.1056
[lowlevel-sim][GT] t=36.651 quat=[0.47767, -0.52284, 0.49361, 0.50481] angvel=[0.0141, 0.00813, 0.00729] linvel=[0.00729, 0.00113, 0.00205] z=0.1056
[lowlevel-sim] FAIL-CLOSED engaged at t=36.700s, last command age 86.20 ms (deadline <= 100 ms) PASS
[lowlevel-sim][GT] t=36.701 quat=[0.47771, -0.52277, 0.49362, 0.50483] angvel=[-0.11611, -0.06391, -0.04092] linvel=[0.00064, -0.00555, -0.00101] z=0.1057
[lowlevel-sim] COMMANDED at t=36.704s (was fail-closed)
[lowlevel-sim] FAIL-CLOSED engaged at t=36.720s, last command age 90.23 ms (deadline <= 100 ms) PASS
[lowlevel-sim] COMMANDED at t=36.724s (was fail-closed)
[lowlevel-sim][GT] t=36.751 quat=[0.47668, -0.5234, 0.49438, 0.5044] angvel=[0.01315, -0.03455, -0.01395] linvel=[0.00287, -0.00118, 0.00187] z=0.1052
[lowlevel-sim][GT] t=36.801 quat=[0.47707, -0.52319, 0.49399, 0.50463] angvel=[0.07795, -0.00855, -0.00082] linvel=[0.0012, -2e-05, -0.00351] z=0.1053
[lowlevel-sim][GT] t=36.851 quat=[0.47718, -0.52315, 0.4939, 0.50465] angvel=[-0.01271, -0.03885, -0.02076] linvel=[-0.00497, -0.00793, 0.00268] z=0.1054
[lowlevel-sim][GT] t=36.901 quat=[0.47748, -0.523, 0.49362, 0.50481] angvel=[0.0619, 0.0201, -0.00537] linvel=[9e-05, 0.00364, -0.00156] z=0.1055
[lowlevel-sim][GT] t=36.951 quat=[0.47751, -0.52303, 0.4935, 0.50486] angvel=[-0.0086, 0.00078, -0.00103] linvel=[0.00117, -0.00136, 0.00203] z=0.1056
[lowlevel-sim] t=  37.00 mode=cmd        pd=22846 hold=9225 failclosed=125 rtf=0.262 base_z=+0.106 pitch=+1.537 roll=-3.114 |tau|max= 35.00 sat=2/29 knee_L=+0.268 hip_p_L=-0.105 torn=9904 cmd_age=21.3ms auth=101.6s rig_ign=654 fix_base=0 sat_j=left_ankle_roll_joint:+35.0,right_ankle_roll_joint:-35.0
[lowlevel-sim][GT] t=37.001 quat=[0.4774, -0.52299, 0.49338, 0.50512] angvel=[0.03419, 0.04362, 0.0168] linvel=[-0.00123, -0.00049, -0.00233] z=0.1056
[lowlevel-sim][GT] t=37.051 quat=[0.47737, -0.5231, 0.49335, 0.50507] angvel=[-0.02531, 0.02871, 0.04219] linvel=[0.00516, -0.00354, 0.00144] z=0.1056
[lowlevel-sim][GT] t=37.101 quat=[0.47743, -0.52297, 0.49326, 0.50523] angvel=[0.00279, 0.11673, 0.05161] linvel=[0.00745, 0.00071, 0.00105] z=0.1057
[lowlevel-sim][GT] t=37.151 quat=[0.47736, -0.52306, 0.49326, 0.50521] angvel=[-0.01465, 0.02248, 0.04035] linvel=[0.00868, -0.00377, 0.00369] z=0.1057
[lowlevel-sim][GT] t=37.201 quat=[0.47741, -0.52292, 0.49324, 0.50533] angvel=[-0.00326, 0.11128, 0.03869] linvel=[0.00663, -0.00259, -0.00179] z=0.1057
[lowlevel-sim][GT] t=37.251 quat=[0.47746, -0.52293, 0.49332, 0.50519] angvel=[-0.00896, 0.01572, 0.01386] linvel=[0.00664, -0.00805, -0.00137] z=0.1057
[lowlevel-sim][GT] t=37.301 quat=[0.47755, -0.52287, 0.49327, 0.50521] angvel=[0.02354, 0.08698, 0.01468] linvel=[0.00639, -0.00046, -0.00166] z=0.1057
[lowlevel-sim][GT] t=37.351 quat=[0.47753, -0.52291, 0.49334, 0.50513] angvel=[-0.00663, -0.03748, -0.0266] linvel=[0.00186, -0.00557, 0.00053] z=0.1058
[lowlevel-sim][GT] t=37.401 quat=[0.47766, -0.52284, 0.49318, 0.50523] angvel=[0.03622, 0.10895, 0.01001] linvel=[0.0073, 0.00172, -0.00239] z=0.1058
[lowlevel-sim][GT] t=37.451 quat=[0.47766, -0.52286, 0.4931, 0.50528] angvel=[-0.01612, 0.00011, 0.00796] linvel=[0.00606, -0.00307, -0.0003] z=0.1059
[lowlevel-sim] t=  37.50 mode=cmd        pd=23096 hold=9225 failclosed=125 rtf=0.262 base_z=+0.106 pitch=+1.538 roll=-3.104 |tau|max= 35.00 sat=2/29 knee_L=+0.269 hip_p_L=-0.105 torn=9929 cmd_age=22.8ms auth=103.4s rig_ign=654 fix_base=0 sat_j=left_ankle_roll_joint:+35.0,right_ankle_roll_joint:-35.0
[lowlevel-sim][GT] t=37.501 quat=[0.47773, -0.5228, 0.49299, 0.50539] angvel=[-0.0045, -0.06102, -0.02053] linvel=[0.00066, -0.00093, 0.00151] z=0.1059
[lowlevel-sim][GT] t=37.551 quat=[0.47744, -0.52283, 0.49315, 0.50547] angvel=[-0.02973, 0.00552, -0.00952] linvel=[0.00103, -0.00376, 0.00083] z=0.1059
[lowlevel-sim][GT] t=37.601 quat=[0.47748, -0.52274, 0.4931, 0.50558] angvel=[0.04849, 0.03463, -0.00306] linvel=[-0.0, 0.0029, -0.00177] z=0.1059
[lowlevel-sim][GT] t=37.651 quat=[0.47741, -0.52281, 0.49315, 0.50552] angvel=[-0.02736, 0.00177, 0.00718] linvel=[-0.0002, -0.00525, -0.00021] z=0.1059
[lowlevel-sim][GT] t=37.701 quat=[0.4775, -0.52274, 0.49308, 0.50558] angvel=[-0.00427, 0.03824, 0.02696] linvel=[0.00046, 0.00139, 0.003] z=0.1059
[lowlevel-sim][GT] t=37.751 quat=[0.47745, -0.52285, 0.49306, 0.50553] angvel=[-0.04585, -0.05406, -0.0261] linvel=[-0.00444, -0.00819, 0.00272] z=0.1059
[lowlevel-sim][GT] t=37.801 quat=[0.47744, -0.52283, 0.49293, 0.50568] angvel=[-0.00103, 0.05265, 0.02602] linvel=[-0.00056, -0.00125, 0.00034] z=0.1059
[lowlevel-sim][GT] t=37.851 quat=[0.47729, -0.52301, 0.49288, 0.50569] angvel=[-0.04687, -0.02372, 0.00485] linvel=[0.00244, -0.00513, 0.00273] z=0.1059
[lowlevel-sim] FAIL-CLOSED engaged at t=37.867s, last command age 86.31 ms (deadline <= 100 ms) PASS
[lowlevel-sim] COMMANDED at t=37.868s (was fail-closed)
[lowlevel-sim][GT] t=37.901 quat=[0.47727, -0.52304, 0.49291, 0.50565] angvel=[-0.01185, -0.00763, 0.00441] linvel=[0.00021, -0.00184, -0.00069] z=0.1059
[lowlevel-sim][GT] t=37.951 quat=[0.47742, -0.52292, 0.49275, 0.5058] angvel=[0.0228, 0.03213, -0.00028] linvel=[0.00073, 0.00111, 0.00051] z=0.1060
[lowlevel-sim] t=  38.00 mode=cmd        pd=23347 hold=9225 failclosed=126 rtf=0.262 base_z=+0.106 pitch=+1.538 roll=-3.111 |tau|max= 10.03 sat=0/29 knee_L=+0.269 hip_p_L=-0.105 torn=9943 cmd_age=27.0ms auth=105.2s rig_ign=654 fix_base=0
[lowlevel-sim][GT] t=38.001 quat=[0.47731, -0.52311, 0.49276, 0.50568] angvel=[-0.03547, -0.00122, 0.0064] linvel=[0.0022, -0.00948, 0.00165] z=0.1059
[lowlevel-sim][GT] t=38.051 quat=[0.47737, -0.52315, 0.49262, 0.50573] angvel=[0.05693, 0.00944, 0.00378] linvel=[0.00238, 0.00302, -0.00419] z=0.1059
[lowlevel-sim][GT] t=38.101 quat=[0.4771, -0.52327, 0.4926, 0.50587] angvel=[-0.03371, -0.02021, -0.01479] linvel=[-0.00447, -0.00711, 0.00056] z=0.1059
[lowlevel-sim][GT] t=38.151 quat=[0.47714, -0.52321, 0.49257, 0.50593] angvel=[0.00533, -0.0816, -0.02904] linvel=[-0.00692, -0.00198, 0.00153] z=0.1059
[lowlevel-sim][GT] t=38.201 quat=[0.47708, -0.52329, 0.49265, 0.50582] angvel=[-0.01733, 0.03428, 0.04304] linvel=[0.00507, -0.00381, 0.00084] z=0.1059
[lowlevel-sim][GT] t=38.251 quat=[0.47719, -0.52319, 0.49255, 0.50592] angvel=[0.01805, 0.07961, 0.02282] linvel=[0.00769, 0.00058, -0.00058] z=0.1059
[lowlevel-sim][GT] t=38.301 quat=[0.47726, -0.52315, 0.49255, 0.50589] angvel=[-0.01188, -0.00944, 0.00148] linvel=[0.00296, -0.00343, 0.00121] z=0.1060
[lowlevel-sim][GT] t=38.351 quat=[0.47738, -0.52304, 0.49245, 0.506] angvel=[0.02805, 0.01895, -0.0046] linvel=[0.00504, 0.00051, -0.00253] z=0.1060
[lowlevel-sim][GT] t=38.401 quat=[0.47734, -0.52307, 0.4925, 0.50596] angvel=[-0.02356, 0.00621, -0.01124] linvel=[0.0027, -0.00177, 0.0022] z=0.1060
[lowlevel-sim][GT] t=38.451 quat=[0.47734, -0.52305, 0.49241, 0.50606] angvel=[0.03416, 0.00717, 0.02172] linvel=[0.00663, 0.00152, -0.00103] z=0.1060
[lowlevel-sim] t=  38.50 mode=cmd        pd=23597 hold=9225 failclosed=126 rtf=0.263 base_z=+0.106 pitch=+1.538 roll=-3.116 |tau|max= 10.10 sat=0/29 knee_L=+0.270 hip_p_L=-0.105 torn=9971 cmd_age=38.0ms auth=107.0s rig_ign=654 fix_base=0
[lowlevel-sim][GT] t=38.501 quat=[0.4772, -0.52313, 0.4925, 0.50602] angvel=[-0.02556, -0.0025, 9e-05] linvel=[0.00399, -0.00743, 0.0001] z=0.1060
[lowlevel-sim][GT] t=38.551 quat=[0.47729, -0.52306, 0.49245, 0.50606] angvel=[-0.03853, -0.044, 0.00226] linvel=[0.00471, -0.00377, 0.0028] z=0.1060
[lowlevel-sim][GT] t=38.601 quat=[0.4771, -0.52315, 0.49258, 0.50602] angvel=[0.00113, 0.005, -0.00533] linvel=[0.00649, -0.00292, 6e-05] z=0.1060
[lowlevel-sim][GT] t=38.651 quat=[0.47717, -0.523, 0.4925, 0.50618] angvel=[0.00169, 0.01985, 0.00025] linvel=[0.00373, 0.00121, 0.00031] z=0.1060
[lowlevel-sim][GT] t=38.701 quat=[0.47721, -0.52297, 0.49255, 0.50613] angvel=[-0.00337, -0.01204, -0.00433] linvel=[0.00188, -0.00329, 0.00277] z=0.1061
[lowlevel-sim][GT] t=38.751 quat=[0.47737, -0.52281, 0.4925, 0.50619] angvel=[-0.00601, 0.03214, 0.02186] linvel=[0.00349, 0.00105, 0.00225] z=0.1061
[lowlevel-sim][GT] t=38.801 quat=[0.47732, -0.52291, 0.49254, 0.5061] angvel=[-0.04992, 0.02791, 0.01671] linvel=[0.00257, -0.00525, 0.00363] z=0.1061
[lowlevel-sim][GT] t=38.851 quat=[0.47729, -0.52281, 0.49245, 0.50632] angvel=[0.05815, 0.01007, -0.00246] linvel=[0.00152, 0.0034, -0.00298] z=0.1062
[lowlevel-sim][GT] t=38.901 quat=[0.47722, -0.52291, 0.49245, 0.50628] angvel=[-0.04477, 0.04061, 0.04971] linvel=[0.00819, -0.00732, 0.00038] z=0.1061
[lowlevel-sim][GT] t=38.951 quat=[0.47706, -0.52292, 0.49243, 0.50645] angvel=[0.02575, 0.02213, -0.0039] linvel=[0.00082, 0.00366, -0.00179] z=0.1061
[lowlevel-sim] t=  39.00 mode=cmd        pd=23847 hold=9225 failclosed=126 rtf=0.263 base_z=+0.106 pitch=+1.539 roll=-3.134 |tau|max=  8.95 sat=0/29 knee_L=+0.272 hip_p_L=-0.106 torn=9996 cmd_age=50.8ms auth=108.9s rig_ign=654 fix_base=0
[lowlevel-sim][GT] t=39.001 quat=[0.47703, -0.523, 0.49247, 0.50635] angvel=[-0.02424, -0.00712, 0.01738] linvel=[-0.00115, -0.0024, 0.00312] z=0.1061
[lowlevel-sim][GT] t=39.051 quat=[0.4771, -0.52296, 0.49238, 0.50641] angvel=[-0.00803, 0.04931, 0.02904] linvel=[0.00149, 0.00027, 0.00098] z=0.1061
[lowlevel-sim][GT] t=39.101 quat=[0.47689, -0.52306, 0.49249, 0.50639] angvel=[-0.03171, 0.03418, 0.04657] linvel=[0.00212, -0.0047, 0.00062] z=0.1061
[lowlevel-sim][GT] t=39.151 quat=[0.47693, -0.52307, 0.49245, 0.50639] angvel=[0.02175, 0.02984, 0.00773] linvel=[-0.00239, 0.00097, -0.00107] z=0.1061
[lowlevel-sim][GT] t=39.201 quat=[0.47714, -0.52304, 0.49244, 0.50623] angvel=[-0.0234, -0.05255, -0.05] linvel=[-0.00562, -0.004, 0.00155] z=0.1061
[lowlevel-sim][GT] t=39.251 quat=[0.47735, -0.52289, 0.49236, 0.50627] angvel=[0.07434, 0.01088, -0.00363] linvel=[-0.0023, 0.00284, -0.00515] z=0.1062
[lowlevel-sim][GT] t=39.301 quat=[0.47727, -0.52307, 0.49233, 0.50619] angvel=[-0.03794, -0.02052, -0.03056] linvel=[-0.00521, -0.00758, 0.00114] z=0.1062
[lowlevel-sim] FAIL-CLOSED engaged at t=39.339s, last command age 85.63 ms (deadline <= 100 ms) PASS
[lowlevel-sim] COMMANDED at t=39.340s (was fail-closed)
[lowlevel-sim][GT] t=39.351 quat=[0.47719, -0.52301, 0.49232, 0.50634] angvel=[0.01653, 0.01931, 0.01065] linvel=[-0.00249, -0.00319, -0.00303] z=0.1062
[lowlevel-sim][GT] t=39.401 quat=[0.47728, -0.52288, 0.4922, 0.5065] angvel=[0.03808, 0.01788, 0.00885] linvel=[-0.00072, 0.00343, -0.00095] z=0.1062
[lowlevel-sim][GT] t=39.451 quat=[0.47719, -0.52306, 0.49222, 0.50638] angvel=[-0.02551, -0.03616, -0.02307] linvel=[-0.00361, -0.00768, -0.00052] z=0.1062
[lowlevel-sim] t=  39.50 mode=cmd        pd=24098 hold=9225 failclosed=127 rtf=0.263 base_z=+0.106 pitch=+1.539 roll=-3.126 |tau|max= 35.00 sat=2/29 knee_L=+0.271 hip_p_L=-0.105 torn=10033 cmd_age=73.3ms auth=110.5s rig_ign=654 fix_base=0 sat_j=left_ankle_roll_joint:+35.0,right_ankle_roll_joint:-35.0
[lowlevel-sim][GT] t=39.501 quat=[0.47705, -0.52309, 0.49217, 0.50653] angvel=[-0.01772, 0.11321, 0.04457] linvel=[0.00281, 0.00115, 0.0032] z=0.1062
[lowlevel-sim][GT] t=39.551 quat=[0.47702, -0.52313, 0.49221, 0.50648] angvel=[-0.02821, -0.05086, -0.04062] linvel=[-0.00912, -0.0036, 0.00209] z=0.1062
[lowlevel-sim][GT] t=39.601 quat=[0.47721, -0.52305, 0.49211, 0.50647] angvel=[0.08913, -0.01101, -0.00312] linvel=[-0.0043, 0.00322, -0.00486] z=0.1062
[lowlevel-sim][GT] t=39.651 quat=[0.47722, -0.52311, 0.49221, 0.5063] angvel=[-0.0182, -0.03173, -0.03125] linvel=[-0.00957, -0.00547, -0.00014] z=0.1061
[lowlevel-sim][GT] t=39.701 quat=[0.4774, -0.52314, 0.49213, 0.50618] angvel=[0.05045, -0.0088, 0.01676] linvel=[-0.00308, 0.00125, -0.00508] z=0.1061
[lowlevel-sim][GT] t=39.751 quat=[0.47736, -0.5232, 0.49229, 0.506] angvel=[-0.02468, -0.03419, -0.03115] linvel=[-0.00882, -0.00839, -0.00136] z=0.1061
[lowlevel-sim][GT] t=39.801 quat=[0.47738, -0.52319, 0.49229, 0.506] angvel=[-0.00285, 0.07847, 0.02166] linvel=[-0.00552, -5e-05, -0.00014] z=0.1060
[lowlevel-sim][GT] t=39.851 quat=[0.47728, -0.52332, 0.49238, 0.50587] angvel=[-0.04591, -0.00065, -8e-05] linvel=[-0.00423, -0.00945, 0.00277] z=0.1060
[lowlevel-sim][GT] t=39.901 quat=[0.47753, -0.52314, 0.49231, 0.50589] angvel=[0.01499, 0.10377, 0.03791] linvel=[0.00076, 0.0033, -5e-05] z=0.1060
[lowlevel-sim][GT] t=39.951 quat=[0.47759, -0.52312, 0.49242, 0.50574] angvel=[-0.024, -0.03122, 0.01549] linvel=[-0.00092, -0.00389, 0.00152] z=0.1060
[lowlevel-sim] t=  40.00 mode=cmd        pd=24348 hold=9225 failclosed=127 rtf=0.264 base_z=+0.106 pitch=+1.539 roll=-3.085 |tau|max= 35.00 sat=2/29 knee_L=+0.268 hip_p_L=-0.104 torn=10049 cmd_age=33.6ms auth=112.2s rig_ign=654 fix_base=0 sat_j=left_ankle_roll_joint:+35.0,right_ankle_roll_joint:-35.0
[lowlevel-sim][GT] t=40.001 quat=[0.47771, -0.52309, 0.4924, 0.50569] angvel=[-0.07817, 0.01401, -0.00853] linvel=[-0.00624, -0.00401, 0.00454] z=0.1060
[lowlevel-sim][GT] t=40.051 quat=[0.4775, -0.52318, 0.49241, 0.50578] angvel=[-0.04652, 0.01306, 0.01014] linvel=[-0.00263, -0.0022, 0.00608] z=0.1060
[lowlevel-sim][GT] t=40.101 quat=[0.47762, -0.52305, 0.49234, 0.50586] angvel=[-0.05021, -0.00387, 0.01] linvel=[-0.00116, -0.00184, 0.00444] z=0.1060
[lowlevel-sim][GT] t=40.151 quat=[0.47749, -0.52313, 0.49239, 0.50585] angvel=[-0.03323, -0.01057, -0.00163] linvel=[-0.00111, -0.00285, 0.00488] z=0.1060
[lowlevel-sim][GT] t=40.201 quat=[0.47752, -0.52304, 0.49231, 0.506] angvel=[0.03929, 0.01025, 1e-05] linvel=[-0.00441, 0.00227, -0.00489] z=0.1061
[lowlevel-sim][GT] t=40.251 quat=[0.47751, -0.52309, 0.49245, 0.50582] angvel=[-0.04995, -0.0051, 0.01388] linvel=[-0.00396, -0.00462, 0.0026] z=0.1060
[lowlevel-sim][GT] t=40.301 quat=[0.47757, -0.52307, 0.49244, 0.5058] angvel=[0.02411, 0.01612, 0.00321] linvel=[-0.0029, 0.00244, -0.00055] z=0.1060
[lowlevel-sim][GT] t=40.351 quat=[0.47767, -0.52303, 0.49259, 0.50559] angvel=[-0.01486, -0.04625, -0.04974] linvel=[-0.00724, -0.00386, 0.00069] z=0.1060
[lowlevel-sim][GT] t=40.401 quat=[0.4779, -0.52308, 0.4924, 0.50552] angvel=[0.06842, 0.00744, 0.01571] linvel=[-0.00288, 0.00241, -0.00289] z=0.1060
[lowlevel-sim][GT] t=40.451 quat=[0.47776, -0.52323, 0.49236, 0.50553] angvel=[-0.03628, -0.00859, 0.00444] linvel=[-0.00152, -0.00838, 0.00069] z=0.1060
[lowlevel-sim] t=  40.50 mode=cmd        pd=24598 hold=9225 failclosed=127 rtf=0.264 base_z=+0.106 pitch=+1.539 roll=-3.078 |tau|max= 35.00 sat=2/29 knee_L=+0.268 hip_p_L=-0.104 torn=10059 cmd_age=22.5ms auth=114.0s rig_ign=654 fix_base=0 sat_j=left_ankle_roll_joint:+35.0,right_ankle_roll_joint:-35.0
[lowlevel-sim][GT] t=40.501 quat=[0.47773, -0.52321, 0.49222, 0.50572] angvel=[0.02046, 0.08808, 0.03559] linvel=[0.00125, 0.00339, -0.00063] z=0.1060
[lowlevel-sim][GT] t=40.551 quat=[0.47754, -0.52335, 0.49228, 0.50568] angvel=[-0.04988, 0.00042, -0.01733] linvel=[-0.00697, -0.0079, 0.00389] z=0.1060
[lowlevel-sim][GT] t=40.601 quat=[0.47756, -0.5233, 0.49214, 0.50586] angvel=[0.06357, -0.00262, 0.01263] linvel=[-0.00164, 0.00314, -0.00442] z=0.1060
[lowlevel-sim][GT] t=40.651 quat=[0.47741, -0.52342, 0.49218, 0.50583] angvel=[-0.03574, 0.0247, 0.03782] linvel=[0.00161, -0.00428, -0.00018] z=0.1059
[lowlevel-sim][GT] t=40.701 quat=[0.47741, -0.5234, 0.49209, 0.50594] angvel=[0.06469, 0.02721, 0.0251] linvel=[0.00131, 0.00318, -0.00483] z=0.1059
[lowlevel-sim][GT] t=40.751 quat=[0.47752, -0.52342, 0.49212, 0.50579] angvel=[-0.026, -0.01939, 0.00345] linvel=[0.00131, -0.0028, 0.00217] z=0.1060
[lowlevel-sim][GT] t=40.801 quat=[0.47741, -0.52339, 0.49209, 0.50595] angvel=[0.01576, 0.09566, 0.02539] linvel=[0.00793, 0.00098, 9e-05] z=0.1059
[lowlevel-sim][GT] t=40.851 quat=[0.47745, -0.52336, 0.49212, 0.50592] angvel=[0.00226, -0.02329, 0.00315] linvel=[0.00328, -0.0029, -0.0003] z=0.1060
[lowlevel-sim][GT] t=40.901 quat=[0.47754, -0.52328, 0.492, 0.50603] angvel=[0.0431, 0.0071, 0.01538] linvel=[0.00632, 0.00233, -0.00151] z=0.1060
[lowlevel-sim][GT] t=40.951 quat=[0.47756, -0.52327, 0.49202, 0.506] angvel=[-0.0202, 0.00186, -0.01127] linvel=[0.00297, -0.00313, 0.00246] z=0.1061
[lowlevel-sim] t=  41.00 mode=cmd        pd=24848 hold=9225 failclosed=127 rtf=0.264 base_z=+0.106 pitch=+1.539 roll=-3.090 |tau|max= 35.00 sat=2/29 knee_L=+0.269 hip_p_L=-0.104 torn=10075 cmd_age=28.0ms auth=115.7s rig_ign=654 fix_base=0 sat_j=left_ankle_roll_joint:+35.0,right_ankle_roll_joint:-35.0
[lowlevel-sim][GT] t=41.001 quat=[0.47748, -0.52322, 0.49201, 0.50614] angvel=[0.00469, 0.03618, 0.01774] linvel=[0.00726, 0.0024, 0.00122] z=0.1061
[lowlevel-sim][GT] t=41.051 quat=[0.47737, -0.52323, 0.49212, 0.50612] angvel=[-0.03361, 0.03578, 0.00719] linvel=[0.00317, -0.00431, 0.00312] z=0.1061
[lowlevel-sim][GT] t=41.101 quat=[0.47735, -0.52311, 0.49209, 0.50629] angvel=[0.06551, 0.01157, 0.00032] linvel=[0.00479, 0.00288, -0.00393] z=0.1061
[lowlevel-sim][GT] t=41.151 quat=[0.47727, -0.52319, 0.49211, 0.50627] angvel=[-0.04764, 0.02873, 0.00711] linvel=[0.00582, -0.00455, 0.00335] z=0.1061
[lowlevel-sim][GT] t=41.201 quat=[0.47718, -0.5231, 0.49208, 0.50648] angvel=[-0.00601, 0.10261, 0.03042] linvel=[0.00773, 0.00065, 0.00277] z=0.1061
[lowlevel-sim][GT] t=41.251 quat=[0.47716, -0.52311, 0.49217, 0.5064] angvel=[-0.01625, -0.01665, -0.00359] linvel=[0.00369, -0.00227, 0.00251] z=0.1062
[lowlevel-sim][GT] t=41.301 quat=[0.47709, -0.52312, 0.49214, 0.50648] angvel=[0.02446, 0.03185, 0.01302] linvel=[0.00527, 0.00335, -0.00289] z=0.1061
[lowlevel-sim][GT] t=41.351 quat=[0.47703, -0.52323, 0.49215, 0.50642] angvel=[-0.00803, -0.01458, 0.00171] linvel=[0.00667, -0.0006, 0.0011] z=0.1061
[lowlevel-sim][GT] t=41.401 quat=[0.47705, -0.52319, 0.49211, 0.50648] angvel=[-0.01333, -0.06408, -0.01816] linvel=[-0.00093, -0.00184, 0.0025] z=0.1061
[lowlevel-sim][GT] t=41.451 quat=[0.47693, -0.52328, 0.49209, 0.50652] angvel=[-0.02147, 0.01056, 0.03143] linvel=[0.01113, -0.00382, 0.00122] z=0.1061
[lowlevel-sim] t=  41.50 mode=cmd        pd=25098 hold=9225 failclosed=127 rtf=0.265 base_z=+0.106 pitch=+1.539 roll=-3.129 |tau|max= 35.00 sat=2/29 knee_L=+0.271 hip_p_L=-0.105 torn=10108 cmd_age=32.2ms auth=117.3s rig_ign=654 fix_base=0 sat_j=left_ankle_roll_joint:+35.0,right_ankle_roll_joint:-35.0
[lowlevel-sim][GT] t=41.501 quat=[0.47695, -0.52312, 0.49206, 0.50669] angvel=[0.04463, 0.044, -0.0039] linvel=[-0.0001, 0.00236, -0.00303] z=0.1062
[lowlevel-sim][GT] t=41.551 quat=[0.47676, -0.52316, 0.49218, 0.50671] angvel=[-0.03354, 0.05468, 0.03131] linvel=[0.00319, -0.00698, 0.00101] z=0.1062
[lowlevel-sim][GT] t=41.601 quat=[0.47683, -0.52316, 0.49216, 0.50667] angvel=[-0.01334, 0.03941, -0.00147] linvel=[-0.0021, 0.0003, 0.00267] z=0.1062
[lowlevel-sim][GT] t=41.651 quat=[0.477, -0.52314, 0.49213, 0.50656] angvel=[-0.02819, -0.00335, 0.00521] linvel=[0.00165, -0.00158, 0.00389] z=0.1062
[lowlevel-sim][GT] t=41.701 quat=[0.4771, -0.52311, 0.49213, 0.5065] angvel=[0.00261, -0.06796, -0.03154] linvel=[-0.00698, -0.00231, 0.00087] z=0.1062
[lowlevel-sim][GT] t=41.751 quat=[0.47701, -0.52318, 0.49212, 0.50652] angvel=[-0.00099, -0.01183, 0.02704] linvel=[-0.00021, -0.0026, 0.00186] z=0.1062
[lowlevel-sim][GT] t=41.801 quat=[0.47723, -0.52308, 0.49201, 0.50653] angvel=[-0.00048, -0.06782, -0.01479] linvel=[-0.00828, -0.00193, 0.00149] z=0.1062
[lowlevel-sim][GT] t=41.851 quat=[0.47715, -0.52315, 0.49209, 0.50644] angvel=[-0.04131, -0.01869, 0.01463] linvel=[-0.00139, -0.0025, 0.00214] z=0.1062
[lowlevel-sim][GT] t=41.901 quat=[0.47713, -0.52321, 0.49202, 0.50647] angvel=[-0.07318, 0.00382, -0.00225] linvel=[-0.00984, -0.00469, 0.00478] z=0.1061
[lowlevel-sim][GT] t=41.951 quat=[0.47707, -0.52326, 0.492, 0.5065] angvel=[-0.02834, -0.01241, 0.0009] linvel=[-0.00153, -0.00357, 0.00211] z=0.1062
[lowlevel-sim] t=  42.00 mode=cmd        pd=25348 hold=9225 failclosed=127 rtf=0.265 base_z=+0.106 pitch=+1.539 roll=-3.111 |tau|max= 35.00 sat=2/29 knee_L=+0.270 hip_p_L=-0.105 torn=10151 cmd_age=33.8ms auth=118.8s rig_ign=654 fix_base=0 sat_j=left_ankle_roll_joint:+35.0,right_ankle_roll_joint:-35.0
[lowlevel-sim][GT] t=42.001 quat=[0.4771, -0.52329, 0.49192, 0.50652] angvel=[0.02997, -0.06577, -0.02948] linvel=[-0.00882, -0.00132, -0.00254] z=0.1061
[lowlevel-sim][GT] t=42.051 quat=[0.47712, -0.52332, 0.49194, 0.50645] angvel=[-0.01953, 0.04247, 0.0332] linvel=[0.00021, -0.00711, 0.002] z=0.1062
[lowlevel-sim][GT] t=42.101 quat=[0.47722, -0.52328, 0.49191, 0.50642] angvel=[-0.03701, -0.01435, -0.00121] linvel=[-0.00474, -0.00055, 0.0023] z=0.1061
[lowlevel-sim] FAIL-CLOSED engaged at t=42.142s, last command age 86.66 ms (deadline <= 100 ms) PASS
[lowlevel-sim] COMMANDED at t=42.146s (was fail-closed)
[lowlevel-sim][GT] t=42.151 quat=[0.47677, -0.52373, 0.49222, 0.50607] angvel=[-0.06405, -0.01668, -0.01907] linvel=[-0.00712, -0.00411, -0.01215] z=0.1059
[lowlevel-sim][GT] t=42.201 quat=[0.47695, -0.5236, 0.49211, 0.50615] angvel=[0.00581, 0.0928, 0.02632] linvel=[0.00164, 0.00057, -0.00099] z=0.1059
[lowlevel-sim] FAIL-CLOSED engaged at t=42.226s, last command age 86.71 ms (deadline <= 100 ms) PASS
[lowlevel-sim] COMMANDED at t=42.232s (was fail-closed)
[lowlevel-sim][GT] t=42.251 quat=[0.47626, -0.52427, 0.49273, 0.5055] angvel=[0.03414, 0.04529, 0.02331] linvel=[-0.00557, 0.0002, -0.00467] z=0.1055
[lowlevel-sim][GT] t=42.301 quat=[0.47654, -0.52417, 0.49242, 0.50565] angvel=[-0.01045, 0.00378, 0.01095] linvel=[-0.00398, -0.00297, 0.0019] z=0.1056
[lowlevel-sim][GT] t=42.351 quat=[0.47656, -0.52408, 0.49221, 0.50592] angvel=[0.03317, 0.0276, 0.01384] linvel=[-0.00562, 0.00042, -0.00203] z=0.1056
[lowlevel-sim] FAIL-CLOSED engaged at t=42.351s, last command age 85.60 ms (deadline <= 100 ms) PASS
[lowlevel-sim] COMMANDED at t=42.354s (was fail-closed)
[lowlevel-sim][GT] t=42.401 quat=[0.47638, -0.52434, 0.4923, 0.50574] angvel=[-0.02462, -0.03424, -0.03231] linvel=[-0.00856, -0.00752, 0.00135] z=0.1055
[lowlevel-sim][GT] t=42.451 quat=[0.47656, -0.52418, 0.49214, 0.50589] angvel=[0.00117, -0.04497, -0.02321] linvel=[-0.00877, -0.00331, 0.00095] z=0.1056
[lowlevel-sim] t=  42.50 mode=cmd        pd=25604 hold=9225 failclosed=139 rtf=0.266 base_z=+0.106 pitch=+1.537 roll=-3.086 |tau|max=  8.21 sat=0/29 knee_L=+0.268 hip_p_L=-0.104 torn=10205 cmd_age=48.6ms auth=120.5s rig_ign=654 fix_base=0
[lowlevel-sim][GT] t=42.501 quat=[0.47667, -0.52419, 0.4921, 0.50582] angvel=[-0.02252, -0.00943, -0.00754] linvel=[-0.00204, -0.00258, 0.00382] z=0.1056
[lowlevel-sim][GT] t=42.551 quat=[0.47681, -0.52419, 0.49193, 0.50584] angvel=[0.05845, 0.01944, 0.0141] linvel=[0.00099, 0.00295, -0.00288] z=0.1056
[lowlevel-sim][GT] t=42.601 quat=[0.47679, -0.52422, 0.49193, 0.50583] angvel=[-0.01517, -0.00616, -0.00095] linvel=[0.00416, -0.00605, -0.00152] z=0.1057
[lowlevel-sim][GT] t=42.651 quat=[0.47674, -0.52418, 0.49184, 0.50602] angvel=[0.02617, 0.00335, 0.01304] linvel=[0.00548, 0.00205, -0.00155] z=0.1057
[lowlevel-sim][GT] t=42.701 quat=[0.47676, -0.52409, 0.49192, 0.506] angvel=[-0.01843, -0.01281, -0.01667] linvel=[0.00644, -0.00955, 0.00063] z=0.1057
[lowlevel-sim][GT] t=42.751 quat=[0.47678, -0.52399, 0.49199, 0.50603] angvel=[0.01173, -0.09118, -0.02615] linvel=[-0.00103, -0.0012, -0.00016] z=0.1057
[lowlevel-sim][GT] t=42.801 quat=[0.47669, -0.52397, 0.49205, 0.50607] angvel=[-0.02653, 0.01843, 0.00303] linvel=[0.00428, -0.0037, 0.00348] z=0.1057
[lowlevel-sim][GT] t=42.851 quat=[0.4767, -0.52385, 0.49197, 0.50626] angvel=[0.0758, -0.00248, 0.00055] linvel=[0.00529, 0.00334, -0.0022] z=0.1058
[lowlevel-sim][GT] t=42.901 quat=[0.47679, -0.52383, 0.49199, 0.50619] angvel=[-0.01658, -0.03031, -0.0354] linvel=[0.00239, -0.00417, 0.00308] z=0.1058
[lowlevel-sim][GT] t=42.951 quat=[0.47683, -0.52364, 0.49186, 0.50646] angvel=[0.02988, 0.03418, 0.03514] linvel=[0.00584, 0.00098, -0.00041] z=0.1060
[lowlevel-sim] t=  43.00 mode=cmd        pd=25854 hold=9225 failclosed=139 rtf=0.266 base_z=+0.106 pitch=+1.538 roll=-3.113 |tau|max=  9.84 sat=0/29 knee_L=+0.270 hip_p_L=-0.105 torn=10244 cmd_age=108.4ms auth=122.4s rig_ign=654 fix_base=0
[lowlevel-sim] FAIL-CLOSED engaged at t=43.000s, last command age 110.60 ms (deadline <= 100 ms) FAIL
[lowlevel-sim][GT] t=43.001 quat=[0.47661, -0.52375, 0.4919, 0.50652] angvel=[-0.15338, -0.01761, 0.01481] linvel=[0.00792, -0.00713, 0.00085] z=0.1060
[lowlevel-sim] COMMANDED at t=43.002s (was fail-closed)
[lowlevel-sim][GT] t=43.051 quat=[0.47659, -0.5236, 0.49212, 0.50648] angvel=[0.03211, -0.00512, -0.01002] linvel=[0.00513, 0.00291, -0.00137] z=0.1059
[lowlevel-sim][GT] t=43.101 quat=[0.47668, -0.52358, 0.49225, 0.50629] angvel=[-0.05348, -0.02731, -0.02242] linvel=[0.00157, -0.00323, 0.00509] z=0.1059
[lowlevel-sim][GT] t=43.151 quat=[0.47697, -0.52351, 0.49216, 0.50617] angvel=[-0.01224, -0.05789, -0.0274] linvel=[-0.00218, -0.00129, 0.00586] z=0.1059
[lowlevel-sim][GT] t=43.201 quat=[0.47684, -0.52365, 0.49218, 0.50614] angvel=[-0.03068, 0.00176, 0.01722] linvel=[0.00385, -0.00349, 0.00205] z=0.1059
[lowlevel-sim][GT] t=43.251 quat=[0.47675, -0.52364, 0.49203, 0.50638] angvel=[0.0355, 0.01426, 0.00099] linvel=[0.00433, 0.00135, -0.00115] z=0.1059
[lowlevel-sim][GT] t=43.301 quat=[0.47667, -0.52366, 0.49201, 0.50645] angvel=[-0.00736, 0.00379, 0.00344] linvel=[0.00376, -0.00188, 0.00097] z=0.1060
[lowlevel-sim][GT] t=43.351 quat=[0.47664, -0.52362, 0.49196, 0.50657] angvel=[0.03105, 0.02714, 0.00924] linvel=[0.00382, 0.00198, -0.00052] z=0.1060
[lowlevel-sim][GT] t=43.401 quat=[0.47653, -0.52361, 0.49202, 0.50662] angvel=[-0.02287, 0.00512, 0.0196] linvel=[0.00442, -0.00144, 0.00336] z=0.1060
[lowlevel-sim] FAIL-CLOSED engaged at t=43.444s, last command age 85.98 ms (deadline <= 100 ms) PASS
[lowlevel-sim][GT] t=43.451 quat=[0.4761, -0.52401, 0.49251, 0.50614] angvel=[-0.37764, 0.00021, -0.00071] linvel=[0.00167, -0.00402, -0.03013] z=0.1057
[lowlevel-sim] COMMANDED at t=43.456s (was fail-closed)
[lowlevel-sim] FAIL-CLOSED engaged at t=43.457s, last command age 88.05 ms (deadline <= 100 ms) PASS
[lowlevel-sim] COMMANDED at t=43.460s (was fail-closed)
[lowlevel-sim] t=  43.50 mode=cmd        pd=26111 hold=9225 failclosed=154 rtf=0.265 base_z=+0.105 pitch=+1.532 roll=+3.127 |tau|max= 35.00 sat=2/29 knee_L=+0.267 hip_p_L=-0.110 torn=10272 cmd_age=77.6ms auth=124.3s rig_ign=654 fix_base=0 sat_j=left_ankle_roll_joint:+35.0,right_ankle_roll_joint:-35.0
[lowlevel-sim][GT] t=43.501 quat=[0.47449, -0.52514, 0.49361, 0.5054] angvel=[0.05585, 0.11454, 0.03291] linvel=[-0.00215, 0.00071, 0.0022] z=0.1049
[lowlevel-sim] FAIL-CLOSED engaged at t=43.509s, last command age 85.66 ms (deadline <= 100 ms) PASS
[lowlevel-sim] COMMANDED at t=43.512s (was fail-closed)
[lowlevel-sim][GT] t=43.551 quat=[0.47518, -0.52485, 0.49303, 0.50563] angvel=[0.00309, -0.07118, -0.02884] linvel=[-0.00578, -0.00162, 0.00657] z=0.1051
[lowlevel-sim][GT] t=43.601 quat=[0.476, -0.52452, 0.49246, 0.50575] angvel=[0.0854, -0.00811, 0.01132] linvel=[0.00517, 0.00036, -0.00288] z=0.1054
[lowlevel-sim][GT] t=43.651 quat=[0.4761, -0.5243, 0.49236, 0.50599] angvel=[-0.04569, -0.00697, -0.01662] linvel=[0.00598, -0.00497, 0.00567] z=0.1055
[lowlevel-sim][GT] t=43.701 quat=[0.47645, -0.52403, 0.49236, 0.50594] angvel=[0.0573, -0.0165, -0.02389] linvel=[0.00615, 0.00278, -0.00071] z=0.1056
[lowlevel-sim][GT] t=43.751 quat=[0.47682, -0.52379, 0.49248, 0.50572] angvel=[-0.01479, -0.00256, -0.0047] linvel=[0.00528, -0.00187, 0.00436] z=0.1058
[lowlevel-sim][GT] t=43.801 quat=[0.47718, -0.52359, 0.4925, 0.50557] angvel=[0.06461, -0.00849, -0.02038] linvel=[0.00615, 0.00298, -0.00504] z=0.1058
[lowlevel-sim][GT] t=43.851 quat=[0.47724, -0.52336, 0.49274, 0.50551] angvel=[-0.0399, 0.03599, 0.0099] linvel=[0.00321, -0.004, 0.00483] z=0.1059
[lowlevel-sim][GT] t=43.901 quat=[0.47729, -0.52307, 0.4927, 0.5058] angvel=[0.04082, 0.03547, 0.00707] linvel=[0.00388, 0.00345, -0.00134] z=0.1060
[lowlevel-sim][GT] t=43.951 quat=[0.47701, -0.52311, 0.49274, 0.50598] angvel=[-0.04004, 0.05693, 0.00747] linvel=[0.00038, -0.00249, 0.00444] z=0.1060
[lowlevel-sim] t=  44.00 mode=cmd        pd=26363 hold=9225 failclosed=157 rtf=0.266 base_z=+0.106 pitch=+1.538 roll=-3.125 |tau|max= 35.00 sat=2/29 knee_L=+0.270 hip_p_L=-0.105 torn=10293 cmd_age=24.1ms auth=126.1s rig_ign=654 fix_base=0 sat_j=left_ankle_roll_joint:+35.0,right_ankle_roll_joint:-35.0
[lowlevel-sim][GT] t=44.001 quat=[0.47714, -0.52302, 0.49259, 0.5061] angvel=[0.06146, 0.0384, 0.00424] linvel=[-0.00089, 0.00223, -0.00587] z=0.1061
[lowlevel-sim][GT] t=44.051 quat=[0.47693, -0.52308, 0.49263, 0.50621] angvel=[-0.02256, 0.03852, 0.04933] linvel=[0.0038, -0.00397, 0.00054] z=0.1061
[lowlevel-sim][GT] t=44.101 quat=[0.47701, -0.52293, 0.49255, 0.50635] angvel=[0.0059, 0.1138, 0.03752] linvel=[0.0019, -0.00115, -0.00163] z=0.1061
[lowlevel-sim][GT] t=44.151 quat=[0.47713, -0.52298, 0.49254, 0.50621] angvel=[-0.02384, -0.0044, 0.01118] linvel=[-0.00383, -0.00187, 0.00269] z=0.1062
[lowlevel-sim][GT] t=44.201 quat=[0.47719, -0.52299, 0.49249, 0.50618] angvel=[-0.02012, -0.02338, 0.00686] linvel=[-0.00157, -0.00364, -0.00026] z=0.1061
[lowlevel-sim][GT] t=44.251 quat=[0.47724, -0.52312, 0.49259, 0.5059] angvel=[-0.02487, -0.00395, -0.01148] linvel=[-0.00353, -0.00793, 0.0023] z=0.1061
[lowlevel-sim][GT] t=44.301 quat=[0.47716, -0.52304, 0.49246, 0.50618] angvel=[-0.03206, 0.03829, 0.00612] linvel=[0.00265, -0.00228, 0.00094] z=0.1061
[lowlevel-sim][GT] t=44.351 quat=[0.47719, -0.52309, 0.49257, 0.506] angvel=[-0.02286, -0.03186, -0.03832] linvel=[-0.00809, -0.00719, 0.00165] z=0.1061
[lowlevel-sim][GT] t=44.401 quat=[0.4772, -0.52308, 0.4925, 0.50607] angvel=[0.00191, -0.02149, -0.01012] linvel=[-0.00223, 0.00112, 0.00088] z=0.1061
[lowlevel-sim][GT] t=44.451 quat=[0.47713, -0.52319, 0.49251, 0.50601] angvel=[-0.02618, -0.02566, -0.0128] linvel=[0.0001, -0.00734, -0.00043] z=0.1061
[lowlevel-sim] t=  44.50 mode=cmd        pd=26613 hold=9225 failclosed=157 rtf=0.266 base_z=+0.106 pitch=+1.538 roll=-3.123 |tau|max= 35.00 sat=2/29 knee_L=+0.271 hip_p_L=-0.105 torn=10319 cmd_age=25.5ms auth=127.8s rig_ign=654 fix_base=0 sat_j=left_ankle_roll_joint:+35.0,right_ankle_roll_joint:-35.0
[lowlevel-sim][GT] t=44.501 quat=[0.47709, -0.52313, 0.49241, 0.50621] angvel=[-0.0024, -0.02853, -0.01563] linvel=[-0.00369, 0.00092, 0.0008] z=0.1061
[lowlevel-sim][GT] t=44.551 quat=[0.47719, -0.52317, 0.49245, 0.50604] angvel=[-0.02341, -0.02843, -0.05091] linvel=[-0.00865, -0.00558, 4e-05] z=0.1061
[lowlevel-sim][GT] t=44.601 quat=[0.47725, -0.52318, 0.49246, 0.50595] angvel=[-0.01622, 0.04124, 0.01817] linvel=[-0.00093, -0.00051, 0.00162] z=0.1061
[lowlevel-sim][GT] t=44.651 quat=[0.47732, -0.5233, 0.4924, 0.50584] angvel=[-0.01982, -0.04827, -0.0365] linvel=[-0.00422, -0.00696, -0.00051] z=0.1060
[lowlevel-sim][GT] t=44.701 quat=[0.47734, -0.52324, 0.49233, 0.50595] angvel=[0.02526, 0.0076, -0.00656] linvel=[-0.00108, 0.00221, -0.00061] z=0.1060
[lowlevel-sim][GT] t=44.751 quat=[0.47726, -0.52331, 0.49232, 0.50594] angvel=[-0.02207, -0.03089, -0.03407] linvel=[-0.00393, -0.00699, -0.00131] z=0.1060
[lowlevel-sim][GT] t=44.801 quat=[0.47714, -0.5233, 0.49219, 0.50621] angvel=[0.04693, 0.01923, 0.01471] linvel=[0.00185, 0.00191, -0.00382] z=0.1060
[lowlevel-sim][GT] t=44.851 quat=[0.47698, -0.52338, 0.49222, 0.50624] angvel=[-0.03063, 0.00223, 0.00374] linvel=[0.00035, -0.002, 0.00144] z=0.1060
[lowlevel-sim][GT] t=44.901 quat=[0.47701, -0.52327, 0.49206, 0.50649] angvel=[-0.0026, 0.0627, 0.01126] linvel=[0.00398, -0.00051, 0.00077] z=0.1061
[lowlevel-sim][GT] t=44.951 quat=[0.4766, -0.5234, 0.49216, 0.50664] angvel=[-0.03231, 0.01659, -0.00587] linvel=[-0.00119, -0.00412, 0.00229] z=0.1061
[lowlevel-sim] t=  45.00 mode=cmd        pd=26863 hold=9225 failclosed=157 rtf=0.266 base_z=+0.106 pitch=+1.539 roll=-3.133 |tau|max= 35.00 sat=2/29 knee_L=+0.271 hip_p_L=-0.105 torn=10338 cmd_age=37.7ms auth=129.8s rig_ign=654 fix_base=0 sat_j=left_ankle_roll_joint:+35.0,right_ankle_roll_joint:-35.0
[lowlevel-sim][GT] t=45.001 quat=[0.47671, -0.52332, 0.49213, 0.50664] angvel=[0.06203, 0.01703, -0.00849] linvel=[-0.0037, 0.00227, -0.00651] z=0.1061
[lowlevel-sim][GT] t=45.051 quat=[0.4767, -0.52331, 0.49212, 0.50667] angvel=[-0.02207, -0.03128, 0.03037] linvel=[-0.00123, -0.00624, 0.00181] z=0.1061
[lowlevel-sim][GT] t=45.101 quat=[0.47676, -0.52333, 0.49205, 0.50667] angvel=[0.00212, -0.08034, -0.03004] linvel=[-0.00866, -0.00231, 0.00103] z=0.1061
[lowlevel-sim][GT] t=45.151 quat=[0.47672, -0.52342, 0.49204, 0.50663] angvel=[-0.04164, 0.00065, 0.0214] linvel=[0.00102, -0.00751, 0.0025] z=0.1061
[lowlevel-sim][GT] t=45.201 quat=[0.47691, -0.52334, 0.49203, 0.50654] angvel=[0.00274, 0.06497, 0.01524] linvel=[0.00235, -0.00256, -0.00019] z=0.1061
[lowlevel-sim][GT] t=45.251 quat=[0.47697, -0.52335, 0.49206, 0.50644] angvel=[-0.02476, -0.05156, -0.0526] linvel=[-0.00646, -0.00399, 0.0003] z=0.1061
[lowlevel-sim][GT] t=45.301 quat=[0.47735, -0.52324, 0.49201, 0.50624] angvel=[0.02058, 0.05068, 0.01317] linvel=[-0.0011, 0.001, -0.0013] z=0.1061
[lowlevel-sim][GT] t=45.351 quat=[0.47735, -0.52326, 0.49205, 0.50619] angvel=[-0.03685, -0.03818, -0.04044] linvel=[-0.00652, -0.00801, 0.0011] z=0.1062
[lowlevel-sim][GT] t=45.401 quat=[0.47742, -0.52324, 0.49197, 0.50621] angvel=[0.06513, 0.01663, 0.0131] linvel=[-0.00343, 0.00285, -0.00453] z=0.1062
[lowlevel-sim][GT] t=45.451 quat=[0.47736, -0.52326, 0.49204, 0.50619] angvel=[-0.03975, 0.00363, -0.00504] linvel=[-0.00131, -0.00917, 0.00211] z=0.1062
[lowlevel-sim] t=  45.50 mode=cmd        pd=27113 hold=9225 failclosed=157 rtf=0.266 base_z=+0.106 pitch=+1.539 roll=-3.093 |tau|max= 35.00 sat=2/29 knee_L=+0.269 hip_p_L=-0.104 torn=10384 cmd_age=47.4ms auth=131.7s rig_ign=654 fix_base=0 sat_j=left_ankle_roll_joint:+35.0,right_ankle_roll_joint:-35.0
[lowlevel-sim][GT] t=45.501 quat=[0.47741, -0.52327, 0.49193, 0.50623] angvel=[-0.04915, 0.04242, 0.02874] linvel=[0.00532, -0.0018, 0.00575] z=0.1062
[lowlevel-sim][GT] t=45.551 quat=[0.47744, -0.52327, 0.492, 0.50613] angvel=[-0.03451, -0.04399, -0.05354] linvel=[-0.00139, -0.00346, 0.00164] z=0.1062
[lowlevel-sim][GT] t=45.601 quat=[0.47747, -0.5232, 0.4919, 0.50628] angvel=[0.00969, -0.07122, -0.01271] linvel=[0.00308, 0.00119, -0.00229] z=0.1062
[lowlevel-sim][GT] t=45.651 quat=[0.47737, -0.52324, 0.492, 0.50624] angvel=[-0.02255, -0.06078, -0.05591] linvel=[-0.00052, -0.00463, 0.00051] z=0.1062
[lowlevel-sim][GT] t=45.701 quat=[0.4772, -0.52322, 0.49188, 0.50653] angvel=[0.04432, 0.02066, 0.0164] linvel=[-7e-05, 0.0025, -0.00433] z=0.1062
[lowlevel-sim][GT] t=45.751 quat=[0.47698, -0.52338, 0.4919, 0.50656] angvel=[-0.03168, -0.04421, -0.02086] linvel=[0.00284, -0.00371, 0.00496] z=0.1062
[lowlevel-sim][GT] t=45.801 quat=[0.47685, -0.52335, 0.49183, 0.50677] angvel=[-0.01386, -0.0459, -0.01948] linvel=[-0.0039, -0.00254, 0.00197] z=0.1062
[lowlevel-sim][GT] t=45.851 quat=[0.47659, -0.52356, 0.49182, 0.50681] angvel=[0.00315, -0.01013, -0.00691] linvel=[0.0007, -0.00319, -0.0005] z=0.1061
[lowlevel-sim][GT] t=45.901 quat=[0.47655, -0.52349, 0.4918, 0.50694] angvel=[0.0764, 0.00206, -0.00276] linvel=[-0.00366, 0.00312, -0.00645] z=0.1061
[lowlevel-sim][GT] t=45.951 quat=[0.47664, -0.52352, 0.49172, 0.5069] angvel=[-0.01826, -0.00663, -0.00534] linvel=[0.00115, -0.00383, 0.00097] z=0.1061
[lowlevel-sim] t=  46.00 mode=cmd        pd=27363 hold=9225 failclosed=157 rtf=0.266 base_z=+0.106 pitch=+1.539 roll=-3.120 |tau|max= 35.00 sat=2/29 knee_L=+0.270 hip_p_L=-0.105 torn=10416 cmd_age=39.9ms auth=133.5s rig_ign=654 fix_base=0 sat_j=left_ankle_roll_joint:+35.0,right_ankle_roll_joint:-35.0
[lowlevel-sim][GT] t=46.001 quat=[0.47664, -0.52358, 0.49167, 0.50689] angvel=[0.06394, 0.01438, -0.00492] linvel=[-0.00194, 0.00182, -0.00671] z=0.1061
[lowlevel-sim][GT] t=46.051 quat=[0.47646, -0.52367, 0.49171, 0.50693] angvel=[-0.05921, 0.00497, 0.01826] linvel=[-0.00044, -0.00722, 0.00329] z=0.1061
[lowlevel-sim][GT] t=46.101 quat=[0.47657, -0.52371, 0.49166, 0.50683] angvel=[0.004, 0.03267, 0.01597] linvel=[-0.003, 0.00044, 0.00075] z=0.1061
[lowlevel-sim][GT] t=46.151 quat=[0.47658, -0.5237, 0.49167, 0.50681] angvel=[-0.06686, 0.00262, 0.0099] linvel=[-0.00304, -0.00305, 0.0047] z=0.1061
[lowlevel-sim][GT] t=46.201 quat=[0.47686, -0.5236, 0.49163, 0.50671] angvel=[0.07686, -0.00463, -0.00742] linvel=[-0.00404, 0.00345, -0.004] z=0.1061
[lowlevel-sim][GT] t=46.251 quat=[0.47702, -0.52378, 0.49165, 0.50635] angvel=[-0.02634, 0.02968, 0.00214] linvel=[9e-05, -0.00423, 0.00213] z=0.1061
[lowlevel-sim][GT] t=46.301 quat=[0.47709, -0.52352, 0.49165, 0.50655] angvel=[0.01071, -0.00503, -0.02114] linvel=[-0.00058, 4e-05, -0.0009] z=0.1061
[lowlevel-sim][GT] t=46.351 quat=[0.47719, -0.52354, 0.4919, 0.50619] angvel=[-0.06409, 0.01197, 0.0318] linvel=[0.00434, -0.00785, 0.00488] z=0.1061
[lowlevel-sim][GT] t=46.401 quat=[0.47719, -0.52335, 0.4918, 0.50649] angvel=[0.01902, 0.07784, 0.02615] linvel=[0.0056, 0.00302, 0.00081] z=0.1061
[lowlevel-sim][GT] t=46.451 quat=[0.47724, -0.52335, 0.49193, 0.50632] angvel=[-0.0018, -0.00384, 0.0061] linvel=[0.00108, -0.00257, 4e-05] z=0.1061
[lowlevel-sim] t=  46.50 mode=cmd        pd=27613 hold=9225 failclosed=157 rtf=0.266 base_z=+0.106 pitch=+1.539 roll=-3.098 |tau|max= 35.00 sat=2/29 knee_L=+0.269 hip_p_L=-0.104 torn=10436 cmd_age=27.4ms auth=135.4s rig_ign=654 fix_base=0 sat_j=left_ankle_roll_joint:+35.0,right_ankle_roll_joint:-35.0
[lowlevel-sim][GT] t=46.501 quat=[0.47731, -0.52328, 0.49187, 0.50638] angvel=[0.04591, 0.0176, 0.00509] linvel=[0.00378, 0.00254, -0.00284] z=0.1061
[lowlevel-sim][GT] t=46.551 quat=[0.47708, -0.52335, 0.49199, 0.50641] angvel=[-0.04091, -0.00063, 0.00565] linvel=[-2e-05, -0.00415, 0.00154] z=0.1061
[lowlevel-sim][GT] t=46.601 quat=[0.47695, -0.52341, 0.49191, 0.50655] angvel=[-0.01533, 0.05651, 0.01969] linvel=[0.00108, -0.00021, 0.00298] z=0.1061
[lowlevel-sim][GT] t=46.651 quat=[0.47694, -0.52345, 0.49191, 0.50651] angvel=[-0.03706, -0.02726, -0.00351] linvel=[0.00088, -0.00584, 0.00134] z=0.1061
[lowlevel-sim][GT] t=46.701 quat=[0.4771, -0.52337, 0.49191, 0.50644] angvel=[0.0234, -0.00794, -0.00934] linvel=[0.00139, -0.00246, -0.00349] z=0.1061
[lowlevel-sim][GT] t=46.751 quat=[0.47713, -0.52338, 0.49204, 0.50628] angvel=[-0.01894, 0.01642, 0.00684] linvel=[0.00076, -0.00261, 0.00325] z=0.1061
[lowlevel-sim][GT] t=46.801 quat=[0.47715, -0.52332, 0.49197, 0.50639] angvel=[0.02328, -0.00471, 0.00626] linvel=[-4e-05, 0.0023, -0.00109] z=0.1061
[lowlevel-sim][GT] t=46.851 quat=[0.47692, -0.5235, 0.49201, 0.50639] angvel=[-0.0285, 0.00256, 0.01052] linvel=[0.00173, -0.0012, 0.00126] z=0.1060
[lowlevel-sim][GT] t=46.901 quat=[0.47702, -0.52346, 0.492, 0.50634] angvel=[-0.01184, -0.08292, -0.04131] linvel=[-0.0035, -0.00138, 0.00173] z=0.1060
[lowlevel-sim][GT] t=46.951 quat=[0.47702, -0.52351, 0.492, 0.50629] angvel=[-0.02138, -0.03892, -0.04684] linvel=[-0.00426, -0.00184, 0.00215] z=0.1060
[lowlevel-sim] t=  47.00 mode=cmd        pd=27863 hold=9225 failclosed=157 rtf=0.266 base_z=+0.106 pitch=+1.539 roll=-3.104 |tau|max= 35.00 sat=2/29 knee_L=+0.269 hip_p_L=-0.104 torn=10448 cmd_age=42.2ms auth=137.0s rig_ign=654 fix_base=0 sat_j=left_ankle_roll_joint:+35.0,right_ankle_roll_joint:-35.0
[lowlevel-sim][GT] t=47.001 quat=[0.47707, -0.52344, 0.49198, 0.50633] angvel=[0.06782, -0.00491, 0.00495] linvel=[-0.00077, 0.00321, -0.00561] z=0.1060
[lowlevel-sim][GT] t=47.051 quat=[0.47692, -0.52355, 0.49197, 0.50637] angvel=[-0.03869, -0.03333, -0.00825] linvel=[0.00513, -0.0052, 0.00124] z=0.1060
[lowlevel-sim][GT] t=47.101 quat=[0.477, -0.52347, 0.49191, 0.50643] angvel=[-0.02758, -0.05164, -0.01687] linvel=[-0.00187, -0.00034, 0.00451] z=0.1060
[lowlevel-sim][GT] t=47.151 quat=[0.47691, -0.52348, 0.49198, 0.50645] angvel=[-0.04226, 0.02007, 0.01619] linvel=[0.00195, -0.00318, 0.00349] z=0.1060
[lowlevel-sim][GT] t=47.201 quat=[0.47685, -0.5235, 0.49192, 0.50654] angvel=[0.08568, 0.00808, 0.00836] linvel=[-0.00027, 0.00285, -0.00535] z=0.1060
[lowlevel-sim] FAIL-CLOSED engaged at t=47.220s, last command age 92.88 ms (deadline <= 100 ms) PASS
[lowlevel-sim] COMMANDED at t=47.221s (was fail-closed)
[lowlevel-sim][GT] t=47.251 quat=[0.47682, -0.52349, 0.492, 0.50649] angvel=[-0.01366, -0.04722, -0.02333] linvel=[-0.00166, -0.00466, 0.00125] z=0.1060
[lowlevel-sim][GT] t=47.301 quat=[0.47672, -0.52343, 0.49189, 0.50676] angvel=[0.02136, 0.03444, 0.00972] linvel=[0.00166, 0.00046, -0.00202] z=0.1060
[lowlevel-sim][GT] t=47.351 quat=[0.47665, -0.52354, 0.4919, 0.5067] angvel=[-0.04924, -0.02361, -0.0021] linvel=[0.00511, -0.00169, 0.00555] z=0.1060
[lowlevel-sim][GT] t=47.401 quat=[0.47665, -0.52356, 0.49177, 0.50681] angvel=[0.04754, -0.01998, 0.00086] linvel=[0.00636, 0.00349, -0.00565] z=0.1060
[lowlevel-sim][GT] t=47.451 quat=[0.47664, -0.52349, 0.4918, 0.50686] angvel=[-0.05296, 0.02844, 0.03576] linvel=[0.001, -0.00622, 0.00344] z=0.1061
[lowlevel-sim] t=  47.50 mode=cmd        pd=28114 hold=9225 failclosed=158 rtf=0.266 base_z=+0.106 pitch=+1.539 roll=-3.129 |tau|max= 35.00 sat=2/29 knee_L=+0.270 hip_p_L=-0.105 torn=10473 cmd_age=27.0ms auth=138.7s rig_ign=654 fix_base=0 sat_j=left_ankle_roll_joint:+35.0,right_ankle_roll_joint:-35.0
[lowlevel-sim][GT] t=47.501 quat=[0.47668, -0.52341, 0.49168, 0.50702] angvel=[0.06269, 0.00229, 0.01249] linvel=[0.00299, 0.00364, -0.00254] z=0.1061
[lowlevel-sim][GT] t=47.551 quat=[0.47637, -0.52354, 0.49178, 0.50709] angvel=[-0.04006, 0.01869, -0.00305] linvel=[4e-05, -0.00178, 0.00569] z=0.1061
[lowlevel-sim][GT] t=47.601 quat=[0.47651, -0.5235, 0.49166, 0.50711] angvel=[-0.0056, 0.04543, -0.01258] linvel=[0.00257, -0.0039, -0.00105] z=0.1061
[lowlevel-sim][GT] t=47.651 quat=[0.47638, -0.52359, 0.4918, 0.507] angvel=[-0.03093, -0.01532, -0.01536] linvel=[0.00077, -0.00917, 0.001] z=0.1061
[lowlevel-sim][GT] t=47.701 quat=[0.47638, -0.52351, 0.49175, 0.50713] angvel=[-0.00906, 0.05082, 0.0074] linvel=[0.00169, 0.0011, 0.00087] z=0.1061
[lowlevel-sim][GT] t=47.751 quat=[0.47633, -0.52365, 0.49176, 0.50702] angvel=[-0.03393, 0.00029, -0.01371] linvel=[-0.00206, -0.00202, 0.00288] z=0.1061
[lowlevel-sim][GT] t=47.801 quat=[0.4765, -0.52354, 0.4916, 0.50712] angvel=[-0.07623, -0.00138, 0.01052] linvel=[-0.00589, -0.00338, 0.00602] z=0.1062
[lowlevel-sim][GT] t=47.851 quat=[0.47635, -0.5236, 0.49155, 0.50725] angvel=[0.00927, -0.02147, -0.04196] linvel=[-0.00524, -0.0031, -0.00148] z=0.1062
[lowlevel-sim][GT] t=47.901 quat=[0.47657, -0.52345, 0.49141, 0.50734] angvel=[0.0466, 0.00515, 0.01722] linvel=[-0.00466, 0.00223, -0.00482] z=0.1063
[lowlevel-sim][GT] t=47.951 quat=[0.47667, -0.52358, 0.49133, 0.50719] angvel=[-0.03808, -0.00915, -0.02547] linvel=[-0.00696, -0.00806, 0.00166] z=0.1063
[lowlevel-sim] t=  48.00 mode=cmd        pd=28364 hold=9225 failclosed=158 rtf=0.266 base_z=+0.106 pitch=+1.540 roll=-3.122 |tau|max= 35.00 sat=2/29 knee_L=+0.270 hip_p_L=-0.104 torn=10485 cmd_age=44.2ms auth=140.6s rig_ign=654 fix_base=0 sat_j=left_ankle_roll_joint:+35.0,right_ankle_roll_joint:-35.0
[lowlevel-sim][GT] t=48.001 quat=[0.47656, -0.52361, 0.49132, 0.50728] angvel=[0.03944, 0.03895, 0.01427] linvel=[-0.00547, 0.00285, -0.00428] z=0.1062
[lowlevel-sim][GT] t=48.051 quat=[0.47652, -0.5237, 0.49137, 0.50717] angvel=[-0.02496, -0.07403, -0.05788] linvel=[-0.00917, -0.00728, 0.00102] z=0.1062
[lowlevel-sim][GT] t=48.101 quat=[0.47678, -0.52371, 0.49133, 0.50696] angvel=[0.05635, -0.01996, -0.00082] linvel=[-0.00416, 0.00094, -0.00617] z=0.1062
[lowlevel-sim][GT] t=48.151 quat=[0.47696, -0.52372, 0.49139, 0.50672] angvel=[-0.0296, -0.03845, -0.04046] linvel=[-0.00634, -0.0061, -0.00123] z=0.1062
[lowlevel-sim] FAIL-CLOSED engaged at t=48.175s, last command age 88.28 ms (deadline <= 100 ms) PASS
[lowlevel-sim] COMMANDED at t=48.180s (was fail-closed)
[lowlevel-sim] FAIL-CLOSED engaged at t=48.191s, last command age 86.81 ms (deadline <= 100 ms) PASS
[lowlevel-sim] COMMANDED at t=48.194s (was fail-closed)
[lowlevel-sim][GT] t=48.201 quat=[0.47627, -0.52454, 0.49223, 0.50571] angvel=[0.02505, -0.00714, 0.00907] linvel=[-0.00488, -0.00304, -0.00346] z=0.1058
[lowlevel-sim][GT] t=48.251 quat=[0.47685, -0.52423, 0.49183, 0.50587] angvel=[-0.01345, -0.04049, -0.01539] linvel=[-0.00082, -0.00359, 0.00567] z=0.1059
[lowlevel-sim][GT] t=48.301 quat=[0.47689, -0.52411, 0.4917, 0.50608] angvel=[-0.02934, -0.00541, -0.00161] linvel=[0.00301, -0.00103, 0.00514] z=0.1060
[lowlevel-sim][GT] t=48.351 quat=[0.47689, -0.52392, 0.49155, 0.50642] angvel=[-0.00855, -0.02581, -0.02035] linvel=[-0.00126, -0.00187, 0.0026] z=0.1061
[lowlevel-sim][GT] t=48.401 quat=[0.47673, -0.52383, 0.49155, 0.50666] angvel=[-0.00451, 0.0046, 0.00873] linvel=[0.00229, -0.00303, 0.00119] z=0.1061
[lowlevel-sim][GT] t=48.451 quat=[0.47657, -0.52376, 0.49149, 0.50694] angvel=[0.04798, 0.02253, 0.00667] linvel=[0.00235, 0.00307, -0.00078] z=0.1061
[lowlevel-sim] t=  48.50 mode=cmd        pd=28618 hold=9225 failclosed=165 rtf=0.266 base_z=+0.106 pitch=+1.539 roll=-3.116 |tau|max=  9.69 sat=0/29 knee_L=+0.271 hip_p_L=-0.105 torn=10517 cmd_age=19.1ms auth=142.6s rig_ign=654 fix_base=0
[lowlevel-sim][GT] t=48.501 quat=[0.47638, -0.52393, 0.49145, 0.507] angvel=[-0.02842, -0.02825, -0.0338] linvel=[-0.00406, -0.00757, -0.00038] z=0.1061
[lowlevel-sim][GT] t=48.551 quat=[0.47624, -0.52388, 0.49137, 0.50725] angvel=[0.07653, 0.03849, 0.01185] linvel=[-0.00168, 0.00179, -0.00618] z=0.1061
[lowlevel-sim][GT] t=48.601 quat=[0.47612, -0.52396, 0.49125, 0.50739] angvel=[-0.01554, -0.01708, -0.00372] linvel=[0.00383, -0.00147, 0.00197] z=0.1062
[lowlevel-sim][GT] t=48.651 quat=[0.47626, -0.52387, 0.49118, 0.50743] angvel=[0.00136, 0.06158, 0.01478] linvel=[0.00172, -0.0001, -0.00042] z=0.1062
[lowlevel-sim][GT] t=48.701 quat=[0.47599, -0.5241, 0.49119, 0.50743] angvel=[-0.03198, -0.04355, -0.03833] linvel=[-0.00345, -0.0088, 0.00276] z=0.1062
[lowlevel-sim][GT] t=48.751 quat=[0.47615, -0.52399, 0.49102, 0.50755] angvel=[0.06078, 0.00033, -0.00015] linvel=[0.00096, 0.00325, -0.00451] z=0.1062
[lowlevel-sim][GT] t=48.801 quat=[0.47615, -0.5241, 0.49104, 0.50742] angvel=[-0.03679, -0.00342, 0.0001] linvel=[0.00439, -0.00598, 0.00133] z=0.1062
[lowlevel-sim][GT] t=48.851 quat=[0.47605, -0.52407, 0.49098, 0.50761] angvel=[-0.00115, 0.11847, 0.04837] linvel=[0.00839, 0.00215, -0.00044] z=0.1062
[lowlevel-sim][GT] t=48.901 quat=[0.476, -0.52411, 0.49103, 0.50756] angvel=[-0.02608, -0.05114, -0.04128] linvel=[-0.00121, -0.00628, 0.00107] z=0.1062
[lowlevel-sim][GT] t=48.951 quat=[0.47602, -0.52405, 0.49102, 0.50762] angvel=[0.0716, 0.01799, 0.00387] linvel=[0.00055, 0.00236, -0.00571] z=0.1062
[lowlevel-sim] t=  49.00 mode=cmd        pd=28868 hold=9225 failclosed=165 rtf=0.267 base_z=+0.106 pitch=+1.539 roll=-3.131 |tau|max=  9.89 sat=0/29 knee_L=+0.271 hip_p_L=-0.105 torn=10545 cmd_age=71.9ms auth=144.2s rig_ign=654 fix_base=0
[lowlevel-sim][GT] t=49.001 quat=[0.47599, -0.52404, 0.4911, 0.50758] angvel=[-0.04031, -0.01065, 0.00251] linvel=[0.00038, -0.0091, 0.00247] z=0.1062
[lowlevel-sim][GT] t=49.051 quat=[0.4762, -0.52402, 0.49099, 0.50751] angvel=[-0.00709, 0.10853, 0.04443] linvel=[0.00642, -0.0002, -1e-05] z=0.1062
[lowlevel-sim][GT] t=49.101 quat=[0.47607, -0.52416, 0.491, 0.50748] angvel=[-0.01653, -0.00727, 0.01632] linvel=[-0.0003, -0.00342, 0.00061] z=0.1062
[lowlevel-sim][GT] t=49.151 quat=[0.47599, -0.52411, 0.49089, 0.50771] angvel=[0.00967, 0.01542, 0.01416] linvel=[0.00038, 0.00338, -0.0009] z=0.1062
[lowlevel-sim][GT] t=49.201 quat=[0.47589, -0.5242, 0.4909, 0.50771] angvel=[-0.0204, -0.04164, -0.0341] linvel=[-0.00839, -0.00666, 1e-05] z=0.1062
[lowlevel-sim][GT] t=49.251 quat=[0.47616, -0.52414, 0.49088, 0.50754] angvel=[0.05574, 0.01242, -0.00291] linvel=[-0.00033, 0.00305, -0.00456] z=0.1062
[lowlevel-sim][GT] t=49.301 quat=[0.47612, -0.52421, 0.49086, 0.50752] angvel=[-0.0461, 0.04946, 0.05447] linvel=[0.00531, -0.00638, 0.00013] z=0.1062
[lowlevel-sim][GT] t=49.351 quat=[0.47599, -0.52422, 0.49078, 0.5077] angvel=[0.02353, 0.08633, 0.02234] linvel=[0.00784, 0.00214, -0.00189] z=0.1062
[lowlevel-sim][GT] t=49.401 quat=[0.47584, -0.52435, 0.4908, 0.50768] angvel=[-0.02575, -0.01445, 0.0214] linvel=[0.00454, -0.00309, -0.00124] z=0.1062
[lowlevel-sim][GT] t=49.451 quat=[0.47571, -0.5244, 0.49065, 0.5079] angvel=[0.03766, 0.01752, 0.01192] linvel=[0.00538, 0.00204, -0.00249] z=0.1062
[lowlevel-sim] t=  49.50 mode=cmd        pd=29118 hold=9225 failclosed=165 rtf=0.267 base_z=+0.106 pitch=+1.539 roll=-3.128 |tau|max=  9.22 sat=0/29 knee_L=+0.271 hip_p_L=-0.105 torn=10568 cmd_age=34.8ms auth=146.1s rig_ign=654 fix_base=0
[lowlevel-sim][GT] t=49.501 quat=[0.47562, -0.52443, 0.49064, 0.50797] angvel=[-0.01865, 0.02301, 0.03085] linvel=[0.00573, -0.00343, 0.0022] z=0.1062
[lowlevel-sim][GT] t=49.551 quat=[0.47554, -0.52443, 0.49054, 0.50814] angvel=[0.02619, 0.01986, 0.01236] linvel=[0.00392, 0.00185, -0.00247] z=0.1062
[lowlevel-sim][GT] t=49.601 quat=[0.47544, -0.52452, 0.49057, 0.5081] angvel=[-0.03715, 0.03095, 0.00281] linvel=[0.00181, -0.00352, 0.00322] z=0.1062
[lowlevel-sim][GT] t=49.651 quat=[0.47548, -0.52447, 0.49047, 0.50822] angvel=[0.0737, -0.00208, -0.00382] linvel=[0.00397, 0.00407, -0.00333] z=0.1062
[lowlevel-sim][GT] t=49.701 quat=[0.47541, -0.52457, 0.4905, 0.50815] angvel=[-0.02411, 0.00504, -0.00824] linvel=[0.00223, -0.0009, 0.00277] z=0.1062
[lowlevel-sim][GT] t=49.751 quat=[0.47529, -0.52461, 0.49042, 0.50831] angvel=[0.00875, 0.01523, 0.00654] linvel=[0.00402, -0.00152, -0.00187] z=0.1062
[lowlevel-sim][GT] t=49.801 quat=[0.47515, -0.52478, 0.49036, 0.50831] angvel=[-0.00412, -0.01136, 0.02306] linvel=[0.00144, -0.00272, 0.00198] z=0.1062
[lowlevel-sim][GT] t=49.851 quat=[0.4751, -0.52469, 0.4902, 0.50861] angvel=[0.02082, 0.03306, 0.02416] linvel=[0.00241, 0.00124, 0.00116] z=0.1063
[lowlevel-sim][GT] t=49.901 quat=[0.47502, -0.52483, 0.49023, 0.50851] angvel=[-0.04675, -0.01165, -0.01725] linvel=[-0.00459, -0.00742, 0.00186] z=0.1062
[lowlevel-sim][GT] t=49.951 quat=[0.47491, -0.52482, 0.49012, 0.50873] angvel=[0.04884, 0.03083, 0.01651] linvel=[-0.00081, 0.00178, -0.00388] z=0.1063
[lowlevel-sim] t=  50.00 mode=cmd        pd=29368 hold=9225 failclosed=165 rtf=0.267 base_z=+0.106 pitch=+1.539 roll=-3.140 |tau|max=  9.65 sat=0/29 knee_L=+0.273 hip_p_L=-0.106 torn=10584 cmd_age=35.3ms auth=147.8s rig_ign=654 fix_base=0
[lowlevel-sim][GT] t=50.001 quat=[0.47495, -0.52493, 0.49014, 0.50856] angvel=[-0.02963, -0.03572, -0.01827] linvel=[-0.00608, -0.00847, 0.001] z=0.1062
[lowlevel-sim][GT] t=50.051 quat=[0.47503, -0.52485, 0.49006, 0.50864] angvel=[0.01803, 0.09809, 0.02845] linvel=[0.00224, 0.00301, -0.00025] z=0.1062
[lowlevel-sim][GT] t=50.101 quat=[0.47518, -0.52492, 0.49005, 0.50845] angvel=[-0.0148, -0.05901, -0.0562] linvel=[-0.00646, -0.0054, 0.00053] z=0.1062
[lowlevel-sim][GT] t=50.151 quat=[0.47529, -0.52489, 0.49, 0.50841] angvel=[0.04856, 0.01812, 0.00914] linvel=[-0.00323, 0.00281, -0.00167] z=0.1062
[lowlevel-sim][GT] t=50.201 quat=[0.47528, -0.52498, 0.49009, 0.50825] angvel=[-0.06418, -0.01079, -0.03015] linvel=[-0.0086, -0.00784, 0.00414] z=0.1062
[lowlevel-sim] FAIL-CLOSED engaged at t=50.220s, last command age 98.93 ms (deadline <= 100 ms) PASS
[lowlevel-sim] COMMANDED at t=50.224s (was fail-closed)
[lowlevel-sim][GT] t=50.251 quat=[0.47478, -0.52531, 0.49049, 0.50799] angvel=[0.04632, 0.00564, 0.00833] linvel=[-0.0026, 0.00349, -0.00388] z=0.1059
[lowlevel-sim][GT] t=50.301 quat=[0.47494, -0.52527, 0.49041, 0.50796] angvel=[-0.01219, -0.04114, -0.04191] linvel=[-0.00728, -0.00414, 0.00056] z=0.1060
[lowlevel-sim][GT] t=50.351 quat=[0.47511, -0.52518, 0.49026, 0.50803] angvel=[0.02598, 0.0216, 0.01575] linvel=[-0.00282, 0.00242, -0.00336] z=0.1060
[lowlevel-sim][GT] t=50.401 quat=[0.4752, -0.52529, 0.49029, 0.50781] angvel=[-0.04091, 0.00165, -0.00189] linvel=[-0.00301, -0.00156, 0.00422] z=0.1060
[lowlevel-sim][GT] t=50.451 quat=[0.47532, -0.52527, 0.49017, 0.50783] angvel=[0.02339, -0.01926, -0.01376] linvel=[0.0018, 0.00309, -0.00104] z=0.1060
[lowlevel-sim] t=  50.50 mode=cmd        pd=29620 hold=9225 failclosed=169 rtf=0.267 base_z=+0.106 pitch=+1.538 roll=-3.092 |tau|max=  8.29 sat=0/29 knee_L=+0.270 hip_p_L=-0.104 torn=10626 cmd_age=26.6ms auth=149.8s rig_ign=654 fix_base=0
[lowlevel-sim][GT] t=50.501 quat=[0.47539, -0.52526, 0.49027, 0.50767] angvel=[-0.01409, -0.00331, 0.00744] linvel=[-0.00068, -0.00323, 0.00335] z=0.1060
[lowlevel-sim][GT] t=50.551 quat=[0.47552, -0.52513, 0.4902, 0.50776] angvel=[0.05939, -0.00235, 0.00123] linvel=[0.00173, 0.0028, -0.00252] z=0.1060
[lowlevel-sim][GT] t=50.601 quat=[0.47546, -0.52519, 0.49036, 0.50761] angvel=[-0.01726, -0.00611, 0.00033] linvel=[0.00188, -0.00421, 0.00269] z=0.1059
[lowlevel-sim][GT] t=50.651 quat=[0.4756, -0.52504, 0.4903, 0.50769] angvel=[0.01988, 0.03879, 0.018] linvel=[0.00164, 0.00201, -0.00088] z=0.1060
[lowlevel-sim][GT] t=50.701 quat=[0.47545, -0.52507, 0.49035, 0.50775] angvel=[-0.04632, -0.02047, -0.02213] linvel=[-0.00115, -0.0075, 0.00206] z=0.1060
[lowlevel-sim][GT] t=50.751 quat=[0.47548, -0.52503, 0.49029, 0.50781] angvel=[0.0577, 0.01568, -0.00596] linvel=[0.00188, 0.00414, -0.00399] z=0.1060
[lowlevel-sim][GT] t=50.801 quat=[0.47543, -0.5251, 0.49027, 0.50782] angvel=[-0.03531, -0.00428, 0.00524] linvel=[0.0057, -0.00791, 0.00138] z=0.1060
[lowlevel-sim][GT] t=50.851 quat=[0.47541, -0.52507, 0.49012, 0.50801] angvel=[0.03077, 0.05836, 0.03436] linvel=[0.00873, -0.00095, -0.00358] z=0.1060
[lowlevel-sim][GT] t=50.901 quat=[0.47514, -0.52509, 0.4901, 0.50826] angvel=[-0.0446, 0.00679, 0.01762] linvel=[0.00663, -0.00446, 0.00447] z=0.1061
[lowlevel-sim][GT] t=50.951 quat=[0.47522, -0.52496, 0.48993, 0.50848] angvel=[0.05982, 0.02367, 0.00874] linvel=[0.00402, 0.00277, -0.0034] z=0.1062
[lowlevel-sim] t=  51.00 mode=cmd        pd=29870 hold=9225 failclosed=169 rtf=0.267 base_z=+0.106 pitch=+1.539 roll=-3.130 |tau|max=  9.42 sat=0/29 knee_L=+0.272 hip_p_L=-0.105 torn=10645 cmd_age=32.0ms auth=151.6s rig_ign=654 fix_base=0
[lowlevel-sim][GT] t=51.001 quat=[0.47494, -0.52507, 0.48999, 0.50856] angvel=[-0.03851, -0.00166, -0.0157] linvel=[0.00437, -0.00338, 0.00321] z=0.1062
[lowlevel-sim][GT] t=51.051 quat=[0.47499, -0.52497, 0.49002, 0.5086] angvel=[-0.05296, -0.0007, -0.00304] linvel=[-0.00061, -0.0039, 0.00328] z=0.1062
[lowlevel-sim][GT] t=51.101 quat=[0.47491, -0.52503, 0.49005, 0.50858] angvel=[-0.03186, -0.00155, 0.00914] linvel=[0.00594, -0.00315, 0.00171] z=0.1062
[lowlevel-sim][GT] t=51.151 quat=[0.47482, -0.52503, 0.48997, 0.50875] angvel=[0.02439, 0.10967, 0.03837] linvel=[0.00794, 0.00194, -0.00224] z=0.1062
[lowlevel-sim][GT] t=51.201 quat=[0.47482, -0.52509, 0.49004, 0.50861] angvel=[-0.02234, 0.02571, -0.00882] linvel=[0.00142, -0.00369, 0.00408] z=0.1062
[lowlevel-sim][GT] t=51.251 quat=[0.4749, -0.52498, 0.48998, 0.5087] angvel=[0.03603, 0.02425, 0.00353] linvel=[0.00427, 0.00356, -0.00121] z=0.1062
[lowlevel-sim][GT] t=51.301 quat=[0.47482, -0.5252, 0.49, 0.50854] angvel=[-0.0564, 0.03865, 0.00762] linvel=[0.0025, -0.00441, 0.00283] z=0.1062
[lowlevel-sim][GT] t=51.351 quat=[0.47468, -0.5252, 0.48994, 0.50872] angvel=[0.01579, 0.04509, 0.01549] linvel=[0.00198, -0.00131, -0.00196] z=0.1062
[lowlevel-sim][GT] t=51.401 quat=[0.47459, -0.5253, 0.48997, 0.50868] angvel=[-0.04672, 0.0005, 0.01591] linvel=[0.00479, -0.01024, 0.00305] z=0.1062
[lowlevel-sim][GT] t=51.451 quat=[0.47448, -0.52531, 0.48986, 0.50888] angvel=[0.01779, 0.04386, 0.02178] linvel=[-0.00026, -0.00097, -0.00299] z=0.1061
[lowlevel-sim] t=  51.50 mode=cmd        pd=30120 hold=9225 failclosed=169 rtf=0.267 base_z=+0.106 pitch=+1.539 roll=+3.140 |tau|max=  9.17 sat=0/29 knee_L=+0.273 hip_p_L=-0.106 torn=10667 cmd_age=36.9ms auth=153.4s rig_ign=654 fix_base=0
[lowlevel-sim][GT] t=51.501 quat=[0.47434, -0.52547, 0.48983, 0.50887] angvel=[-0.01704, -0.01802, 0.01047] linvel=[0.00029, -0.00362, 0.00253] z=0.1061
[lowlevel-sim][GT] t=51.551 quat=[0.4744, -0.52536, 0.48972, 0.50903] angvel=[0.07192, 0.04062, 0.00069] linvel=[-0.00259, 0.00314, -0.00573] z=0.1062
[lowlevel-sim][GT] t=51.601 quat=[0.47437, -0.52536, 0.48968, 0.5091] angvel=[-0.01752, -0.01783, -0.00712] linvel=[0.00339, -0.00085, 0.00194] z=0.1062
[lowlevel-sim][GT] t=51.651 quat=[0.4746, -0.52526, 0.48961, 0.50906] angvel=[-0.01185, 0.05825, 0.01046] linvel=[-0.00278, 0.00053, 0.00068] z=0.1062
[lowlevel-sim][GT] t=51.701 quat=[0.47454, -0.52528, 0.48967, 0.50903] angvel=[-0.03015, -0.02544, -0.00433] linvel=[-0.00421, -0.00427, 0.0018] z=0.1063
[lowlevel-sim][GT] t=51.751 quat=[0.47483, -0.52522, 0.48951, 0.50898] angvel=[0.00676, 0.08667, 0.02787] linvel=[0.0013, 0.00169, -0.00181] z=0.1063
[lowlevel-sim][GT] t=51.801 quat=[0.4747, -0.52534, 0.48958, 0.50891] angvel=[-0.02915, -0.03419, -0.00142] linvel=[-0.00119, -0.00157, 0.00106] z=0.1063
[lowlevel-sim][GT] t=51.851 quat=[0.47484, -0.52528, 0.48952, 0.5089] angvel=[0.03257, 0.02341, 0.00037] linvel=[-0.0038, 0.00155, -0.00115] z=0.1063
[lowlevel-sim][GT] t=51.901 quat=[0.47485, -0.52536, 0.48962, 0.50871] angvel=[-0.03899, 0.00411, -0.00816] linvel=[-0.00561, -0.00309, 0.00162] z=0.1062
[lowlevel-sim][GT] t=51.951 quat=[0.47504, -0.52523, 0.48958, 0.50871] angvel=[0.00946, 0.00472, 0.0011] linvel=[-0.00249, 0.00126, -0.00105] z=0.1062
[lowlevel-sim] t=  52.00 mode=cmd        pd=30370 hold=9225 failclosed=169 rtf=0.267 base_z=+0.106 pitch=+1.539 roll=-3.110 |tau|max=  8.25 sat=0/29 knee_L=+0.271 hip_p_L=-0.104 torn=10682 cmd_age=43.3ms auth=155.4s rig_ign=654 fix_base=0
[lowlevel-sim][GT] t=52.001 quat=[0.47508, -0.52525, 0.48977, 0.50847] angvel=[-0.02385, -0.00068, -0.00858] linvel=[-0.00366, -0.00316, 0.00231] z=0.1062
[lowlevel-sim][GT] t=52.051 quat=[0.47533, -0.52517, 0.48963, 0.50845] angvel=[0.03668, 0.00422, -0.00329] linvel=[-0.00222, 0.00312, -0.00154] z=0.1062
[lowlevel-sim][GT] t=52.101 quat=[0.47514, -0.52531, 0.48969, 0.50842] angvel=[-0.04881, 0.03441, 0.00633] linvel=[-0.00561, -0.00382, 0.0041] z=0.1062
[lowlevel-sim][GT] t=52.151 quat=[0.47514, -0.52523, 0.48962, 0.50857] angvel=[0.02847, -0.01162, 0.01582] linvel=[-0.00381, 0.00269, -0.00279] z=0.1062
[lowlevel-sim][GT] t=52.201 quat=[0.47514, -0.52534, 0.48961, 0.50848] angvel=[-0.03486, 0.04186, 0.05124] linvel=[0.00176, -0.00737, 0.00059] z=0.1062
[lowlevel-sim][GT] t=52.251 quat=[0.47506, -0.52524, 0.48958, 0.50867] angvel=[0.01445, 0.02902, 0.00201] linvel=[-0.00306, 0.00127, -0.00024] z=0.1062
[lowlevel-sim][GT] t=52.301 quat=[0.47505, -0.5253, 0.48964, 0.50857] angvel=[-0.03325, 0.02216, 0.01137] linvel=[-0.00272, -0.00459, 0.00174] z=0.1062
[lowlevel-sim][GT] t=52.351 quat=[0.47515, -0.52527, 0.48962, 0.50852] angvel=[0.00011, 0.02165, 0.01178] linvel=[0.0021, -0.00175, -4e-05] z=0.1062
[lowlevel-sim][GT] t=52.401 quat=[0.4751, -0.52534, 0.48967, 0.50844] angvel=[-0.03392, 0.02287, 0.01621] linvel=[0.00071, -0.00606, 0.00176] z=0.1062
[lowlevel-sim][GT] t=52.451 quat=[0.47506, -0.52533, 0.48955, 0.50862] angvel=[0.0148, 0.00299, 0.0315] linvel=[0.00535, 0.00227, -0.00068] z=0.1062
[lowlevel-sim] t=  52.50 mode=cmd        pd=30620 hold=9225 failclosed=169 rtf=0.266 base_z=+0.106 pitch=+1.539 roll=-3.103 |tau|max= 10.03 sat=0/29 knee_L=+0.270 hip_p_L=-0.104 torn=10712 cmd_age=49.2ms auth=157.5s rig_ign=654 fix_base=0
[lowlevel-sim][GT] t=52.501 quat=[0.47498, -0.52543, 0.48954, 0.5086] angvel=[-0.04236, 0.03976, 0.04104] linvel=[0.00894, -0.00477, 0.00202] z=0.1062
[lowlevel-sim][GT] t=52.551 quat=[0.47486, -0.52539, 0.48943, 0.50886] angvel=[0.03518, 0.03452, 0.01153] linvel=[0.00563, 0.00267, -0.00218] z=0.1062
[lowlevel-sim][GT] t=52.601 quat=[0.47465, -0.52541, 0.48953, 0.50893] angvel=[-0.05862, 0.0245, 0.01774] linvel=[0.00428, -0.00608, 0.00253] z=0.1062
[lowlevel-sim][GT] t=52.651 quat=[0.47452, -0.5254, 0.48956, 0.50903] angvel=[0.03055, 0.10897, 0.01422] linvel=[0.00438, 0.00135, -0.00351] z=0.1062
[lowlevel-sim][GT] t=52.701 quat=[0.47441, -0.52551, 0.4896, 0.50899] angvel=[-0.0196, -0.01621, 0.00034] linvel=[0.0045, -0.00548, -0.00025] z=0.1062
[lowlevel-sim][GT] t=52.751 quat=[0.47439, -0.52549, 0.48953, 0.50909] angvel=[-0.00843, 0.03742, 0.00211] linvel=[0.00303, -0.00071, 0.00079] z=0.1062
[lowlevel-sim] FAIL-CLOSED engaged at t=52.761s, last command age 86.15 ms (deadline <= 100 ms) PASS
[lowlevel-sim] COMMANDED at t=52.762s (was fail-closed)
[lowlevel-sim] FAIL-CLOSED engaged at t=52.786s, last command age 85.66 ms (deadline <= 100 ms) PASS
[lowlevel-sim] COMMANDED at t=52.794s (was fail-closed)
[lowlevel-sim][GT] t=52.801 quat=[0.4731, -0.52643, 0.49065, 0.50824] angvel=[-0.08725, 0.0236, 0.02606] linvel=[-0.00356, -0.00448, -0.01465] z=0.1056
[lowlevel-sim] FAIL-CLOSED engaged at t=52.812s, last command age 87.01 ms (deadline <= 100 ms) PASS
[lowlevel-sim] COMMANDED at t=52.814s (was fail-closed)
[lowlevel-sim][GT] t=52.851 quat=[0.47309, -0.52633, 0.49062, 0.50838] angvel=[0.0271, -0.00816, -0.01161] linvel=[-0.00423, -0.00134, 0.00114] z=0.1056
[lowlevel-sim][GT] t=52.901 quat=[0.47362, -0.52599, 0.49029, 0.50856] angvel=[0.06863, 0.04018, -0.01888] linvel=[0.00181, 0.00105, -0.00262] z=0.1057
[lowlevel-sim][GT] t=52.951 quat=[0.47395, -0.52596, 0.4902, 0.50838] angvel=[-0.02883, -0.0072, 0.01348] linvel=[0.00125, -0.00386, 0.00303] z=0.1057
[lowlevel-sim] t=  53.00 mode=cmd        pd=30875 hold=9225 failclosed=179 rtf=0.266 base_z=+0.106 pitch=+1.537 roll=-3.133 |tau|max= 35.00 sat=2/29 knee_L=+0.269 hip_p_L=-0.106 torn=10749 cmd_age=35.6ms auth=159.5s rig_ign=654 fix_base=0 sat_j=left_ankle_roll_joint:+35.0,right_ankle_roll_joint:-35.0
[lowlevel-sim][GT] t=53.001 quat=[0.47409, -0.52588, 0.48999, 0.50853] angvel=[0.02821, 0.01709, 0.02093] linvel=[-0.00021, 0.00088, -0.0019] z=0.1058
[lowlevel-sim][GT] t=53.051 quat=[0.47407, -0.52585, 0.49004, 0.50852] angvel=[-0.02377, -0.00107, 0.01663] linvel=[-0.00188, -0.00581, 0.00057] z=0.1058
[lowlevel-sim][GT] t=53.101 quat=[0.47416, -0.52582, 0.48989, 0.50862] angvel=[0.05395, -0.00905, 0.00046] linvel=[-0.0023, -0.00107, -0.00434] z=0.1058
[lowlevel-sim][GT] t=53.151 quat=[0.47435, -0.52582, 0.48986, 0.50847] angvel=[-0.05859, -0.02126, 0.00447] linvel=[6e-05, -0.00577, 0.0052] z=0.1059
[lowlevel-sim][GT] t=53.201 quat=[0.47461, -0.52567, 0.48974, 0.5085] angvel=[0.07674, 0.01462, 0.00597] linvel=[-0.00251, 0.00294, -0.00494] z=0.1059
[lowlevel-sim][GT] t=53.251 quat=[0.47463, -0.52563, 0.48973, 0.50853] angvel=[-0.0227, -0.01116, 0.0193] linvel=[0.0018, -0.00208, 0.00319] z=0.1060
[lowlevel-sim][GT] t=53.301 quat=[0.47464, -0.52565, 0.4896, 0.50863] angvel=[0.08352, -0.01214, -0.00109] linvel=[-0.00087, -0.00193, -0.00667] z=0.1060
[lowlevel-sim][GT] t=53.351 quat=[0.47444, -0.52578, 0.48962, 0.50866] angvel=[-0.03552, 0.01408, 0.01614] linvel=[0.00196, -0.0016, 0.00459] z=0.1060
[lowlevel-sim][GT] t=53.401 quat=[0.47438, -0.52572, 0.48953, 0.50886] angvel=[-0.01608, -0.00342, -0.0098] linvel=[-0.00371, -0.00185, 0.00385] z=0.1060
[lowlevel-sim][GT] t=53.451 quat=[0.47422, -0.52587, 0.48947, 0.5089] angvel=[-0.02948, -0.00294, 0.00678] linvel=[0.0001, -0.00206, 0.00358] z=0.1061
[lowlevel-sim] t=  53.50 mode=cmd        pd=31125 hold=9225 failclosed=179 rtf=0.267 base_z=+0.106 pitch=+1.539 roll=-3.130 |tau|max= 35.00 sat=2/29 knee_L=+0.270 hip_p_L=-0.105 torn=10774 cmd_age=66.3ms auth=161.1s rig_ign=654 fix_base=0 sat_j=left_ankle_roll_joint:+35.0,right_ankle_roll_joint:-35.0
[lowlevel-sim][GT] t=53.501 quat=[0.4742, -0.52578, 0.48947, 0.50902] angvel=[0.03247, 0.04926, 0.01245] linvel=[0.00156, 0.00308, -0.0005] z=0.1060
[lowlevel-sim][GT] t=53.551 quat=[0.47427, -0.52582, 0.48945, 0.50893] angvel=[-0.02436, -0.00126, 0.01923] linvel=[0.0027, -0.00382, 0.00238] z=0.1061
[lowlevel-sim][GT] t=53.601 quat=[0.47443, -0.52574, 0.48942, 0.50891] angvel=[-0.01423, -0.06696, -0.02889] linvel=[0.00072, -0.00304, 0.00119] z=0.1061
[lowlevel-sim][GT] t=53.651 quat=[0.47435, -0.52578, 0.48945, 0.5089] angvel=[-0.04909, 0.03536, 0.00035] linvel=[0.00385, -0.00417, 0.00256] z=0.1061
[lowlevel-sim][GT] t=53.701 quat=[0.47426, -0.52569, 0.48933, 0.50921] angvel=[0.01323, 0.074, 0.04314] linvel=[0.00461, -0.00036, -0.00229] z=0.1061
[lowlevel-sim][GT] t=53.751 quat=[0.47431, -0.5257, 0.48928, 0.50918] angvel=[-0.01876, 0.01059, -0.00587] linvel=[0.00424, -0.00309, 0.00167] z=0.1062
[lowlevel-sim][GT] t=53.801 quat=[0.47417, -0.52566, 0.48926, 0.50938] angvel=[0.02549, 0.02615, 0.01192] linvel=[0.00263, 0.00325, -0.00077] z=0.1062
[lowlevel-sim][GT] t=53.851 quat=[0.47397, -0.52588, 0.4893, 0.5093] angvel=[-0.03075, -0.02075, 0.00173] linvel=[0.00326, -0.00231, 0.00414] z=0.1062
[lowlevel-sim][GT] t=53.901 quat=[0.47381, -0.52594, 0.48911, 0.50957] angvel=[0.01997, 0.04, 0.0126] linvel=[0.00416, 0.00279, 0.00148] z=0.1062
[lowlevel-sim][GT] t=53.951 quat=[0.47366, -0.52597, 0.48912, 0.50966] angvel=[-0.01647, -0.02201, -0.00121] linvel=[0.00412, -0.0046, -2e-05] z=0.1062
[lowlevel-sim] t=  54.00 mode=cmd        pd=31375 hold=9225 failclosed=179 rtf=0.267 base_z=+0.106 pitch=+1.539 roll=+3.136 |tau|max= 35.00 sat=2/29 knee_L=+0.271 hip_p_L=-0.106 torn=10798 cmd_age=34.6ms auth=162.9s rig_ign=654 fix_base=0 sat_j=left_ankle_roll_joint:+35.0,right_ankle_roll_joint:-35.0
[lowlevel-sim][GT] t=54.001 quat=[0.47366, -0.52604, 0.48904, 0.50967] angvel=[0.05827, -0.00757, 0.00318] linvel=[0.00378, -8e-05, -0.00374] z=0.1062
[lowlevel-sim][GT] t=54.051 quat=[0.47356, -0.52608, 0.48909, 0.50967] angvel=[-0.00433, -0.00978, 0.00331] linvel=[0.00505, -0.0027, 0.00126] z=0.1062
[lowlevel-sim][GT] t=54.101 quat=[0.47377, -0.52595, 0.48899, 0.50971] angvel=[0.01445, 0.01384, 0.01423] linvel=[0.00612, 0.00103, -0.00172] z=0.1062
[lowlevel-sim][GT] t=54.151 quat=[0.47364, -0.52598, 0.48912, 0.50968] angvel=[-0.02126, -0.02627, -0.05662] linvel=[0.00157, -0.00382, -0.00088] z=0.1062
[lowlevel-sim][GT] t=54.201 quat=[0.47387, -0.52586, 0.48905, 0.50965] angvel=[0.05111, -0.00394, 0.01302] linvel=[0.00401, 0.00332, -0.00565] z=0.1062
[lowlevel-sim][GT] t=54.251 quat=[0.47374, -0.52595, 0.48912, 0.50961] angvel=[-0.04475, -0.02413, 0.00458] linvel=[0.00374, -0.00384, 0.00273] z=0.1062
[lowlevel-sim][GT] t=54.301 quat=[0.47391, -0.52587, 0.48905, 0.50961] angvel=[0.07949, 0.0137, -0.0124] linvel=[-0.00072, 0.00336, -0.00529] z=0.1062
[lowlevel-sim][GT] t=54.351 quat=[0.47389, -0.52581, 0.48913, 0.50962] angvel=[-0.03372, -0.01864, -0.00301] linvel=[0.00162, -0.00195, 0.00373] z=0.1063
[lowlevel-sim][GT] t=54.401 quat=[0.47407, -0.52576, 0.48907, 0.50955] angvel=[0.01611, 0.05638, 0.01944] linvel=[0.00012, 1e-05, -0.00117] z=0.1063
[lowlevel-sim][GT] t=54.451 quat=[0.47403, -0.52579, 0.48905, 0.50957] angvel=[-0.03367, -0.01666, -0.00321] linvel=[0.00161, -0.00649, 0.00034] z=0.1063
[lowlevel-sim] t=  54.50 mode=cmd        pd=31625 hold=9225 failclosed=179 rtf=0.267 base_z=+0.106 pitch=+1.540 roll=-3.137 |tau|max= 35.00 sat=2/29 knee_L=+0.272 hip_p_L=-0.105 torn=10815 cmd_age=57.1ms auth=164.8s rig_ign=654 fix_base=0 sat_j=left_ankle_roll_joint:+35.0,right_ankle_roll_joint:-35.0
[lowlevel-sim][GT] t=54.501 quat=[0.47417, -0.52567, 0.48904, 0.50958] angvel=[0.02362, 0.04956, 0.00014] linvel=[-0.00111, -0.00055, -0.00337] z=0.1063
[lowlevel-sim][GT] t=54.551 quat=[0.47412, -0.52582, 0.489, 0.50952] angvel=[-0.02309, -0.01522, 0.01505] linvel=[0.00277, -0.00377, 0.00278] z=0.1063
[lowlevel-sim][GT] t=54.601 quat=[0.47411, -0.52585, 0.4889, 0.50959] angvel=[0.0625, 0.0375, 0.00056] linvel=[-0.00021, 0.00302, -0.0059] z=0.1063
[lowlevel-sim][GT] t=54.651 quat=[0.47396, -0.52586, 0.48892, 0.5097] angvel=[-0.01884, -0.01948, 0.00169] linvel=[0.0044, -0.00344, 0.0037] z=0.1063
[lowlevel-sim] FAIL-CLOSED engaged at t=54.660s, last command age 95.22 ms (deadline <= 100 ms) PASS
[lowlevel-sim] COMMANDED at t=54.680s (was fail-closed)
[lowlevel-sim][GT] t=54.701 quat=[0.47072, -0.52847, 0.49146, 0.50756] angvel=[0.0962, -0.0852, 0.03007] linvel=[-0.01633, 0.00237, 0.00362] z=0.1047
[lowlevel-sim] FAIL-CLOSED engaged at t=54.711s, last command age 86.84 ms (deadline <= 100 ms) PASS
[lowlevel-sim] COMMANDED at t=54.718s (was fail-closed)
[lowlevel-sim] FAIL-CLOSED engaged at t=54.736s, last command age 85.86 ms (deadline <= 100 ms) PASS
[lowlevel-sim] COMMANDED at t=54.738s (was fail-closed)
[lowlevel-sim][GT] t=54.751 quat=[0.4712, -0.52874, 0.49114, 0.50714] angvel=[0.06735, 0.04762, 0.0241] linvel=[-0.00163, -0.00156, 0.0071] z=0.1045
[lowlevel-sim][GT] t=54.801 quat=[0.47213, -0.52806, 0.49018, 0.50791] angvel=[0.01885, 0.00908, -0.00523] linvel=[0.01018, -0.00896, 0.00359] z=0.1050
[lowlevel-sim][GT] t=54.851 quat=[0.47242, -0.52731, 0.48996, 0.50863] angvel=[0.01962, 0.06343, 0.00049] linvel=[0.01324, -0.00167, 0.00386] z=0.1053
[lowlevel-sim][GT] t=54.901 quat=[0.47309, -0.52686, 0.49006, 0.50837] angvel=[-0.02002, -0.0462, -0.03901] linvel=[0.00907, -0.00312, 0.00476] z=0.1055
[lowlevel-sim][GT] t=54.951 quat=[0.47382, -0.52635, 0.49018, 0.50811] angvel=[0.02819, -0.01398, -0.04329] linvel=[0.00654, -0.00072, 0.00046] z=0.1056
[lowlevel-sim] t=  55.00 mode=cmd        pd=31890 hold=9225 failclosed=208 rtf=0.267 base_z=+0.106 pitch=+1.537 roll=-3.104 |tau|max=  8.31 sat=0/29 knee_L=+0.269 hip_p_L=-0.106 torn=10847 cmd_age=37.5ms auth=166.7s rig_ign=654 fix_base=0
[lowlevel-sim][GT] t=55.001 quat=[0.47445, -0.52604, 0.4903, 0.50772] angvel=[-0.00967, -0.01424, -0.00809] linvel=[0.00606, -0.00369, 0.00354] z=0.1057
[lowlevel-sim][GT] t=55.051 quat=[0.47487, -0.5258, 0.49032, 0.50756] angvel=[0.05088, 0.00476, -0.00883] linvel=[0.00543, -0.00018, -0.00321] z=0.1058
[lowlevel-sim][GT] t=55.101 quat=[0.47496, -0.52564, 0.49046, 0.5075] angvel=[-0.0244, 0.04807, 0.01801] linvel=[0.00605, -0.0027, 0.00381] z=0.1059
[lowlevel-sim][GT] t=55.151 quat=[0.47488, -0.52535, 0.49042, 0.50791] angvel=[0.08757, 0.00986, 0.00253] linvel=[0.00544, 0.00221, -0.00544] z=0.1060
[lowlevel-sim] FAIL-CLOSED engaged at t=55.151s, last command age 85.68 ms (deadline <= 100 ms) PASS
[lowlevel-sim] COMMANDED at t=55.154s (was fail-closed)
[lowlevel-sim][GT] t=55.201 quat=[0.47473, -0.5254, 0.49064, 0.5078] angvel=[-0.02578, -0.03291, -0.03271] linvel=[0.00896, -0.00041, 0.0041] z=0.1059
[lowlevel-sim][GT] t=55.251 quat=[0.47474, -0.52517, 0.49054, 0.50813] angvel=[0.04885, 0.04625, 0.00491] linvel=[0.00699, 0.00024, -0.00024] z=0.1060
[lowlevel-sim][GT] t=55.301 quat=[0.47463, -0.52505, 0.49051, 0.50838] angvel=[-0.02451, 0.03362, 0.00606] linvel=[0.00344, -0.00368, 0.00375] z=0.1061
[lowlevel-sim][GT] t=55.351 quat=[0.47457, -0.52485, 0.49047, 0.50868] angvel=[0.07414, 0.05079, -0.00256] linvel=[0.00176, 0.00258, -0.00599] z=0.1061
[lowlevel-sim][GT] t=55.401 quat=[0.47436, -0.52485, 0.49056, 0.5088] angvel=[-0.03943, 0.01756, 0.00312] linvel=[0.00086, -0.00105, 0.00363] z=0.1061
[lowlevel-sim][GT] t=55.451 quat=[0.47437, -0.52475, 0.49057, 0.50887] angvel=[-0.01741, 0.01362, 0.00189] linvel=[-0.00218, -0.00227, 0.00206] z=0.1061
[lowlevel-sim] t=  55.50 mode=cmd        pd=32142 hold=9225 failclosed=211 rtf=0.267 base_z=+0.106 pitch=+1.539 roll=+3.105 |tau|max=  9.70 sat=0/29 knee_L=+0.274 hip_p_L=-0.107 torn=10873 cmd_age=50.1ms auth=168.6s rig_ign=654 fix_base=0
[lowlevel-sim][GT] t=55.501 quat=[0.47447, -0.5248, 0.49064, 0.50867] angvel=[-0.03871, -0.051, -0.03864] linvel=[-0.00139, -0.00364, 0.00393] z=0.1062
[lowlevel-sim][GT] t=55.551 quat=[0.47481, -0.52465, 0.49071, 0.50844] angvel=[0.06319, -0.01847, -0.01553] linvel=[-0.00167, 0.00011, -0.00374] z=0.1061
[lowlevel-sim][GT] t=55.601 quat=[0.47479, -0.52464, 0.49081, 0.50836] angvel=[-0.00692, 0.01348, 0.01606] linvel=[-0.0006, -0.00734, 0.00058] z=0.1061
[lowlevel-sim][GT] t=55.651 quat=[0.47517, -0.52448, 0.49077, 0.50821] angvel=[0.03687, 0.0194, -0.01817] linvel=[-0.00497, -0.00044, -0.00303] z=0.1062
[lowlevel-sim][GT] t=55.701 quat=[0.47539, -0.52452, 0.49086, 0.50788] angvel=[-0.05139, -0.01532, -0.00646] linvel=[-0.00321, -0.00297, 0.00523] z=0.1062
[lowlevel-sim][GT] t=55.751 quat=[0.47555, -0.52444, 0.49089, 0.50778] angvel=[0.06173, 0.03956, -0.00376] linvel=[-0.00413, 0.00311, -0.00463] z=0.1062
[lowlevel-sim][GT] t=55.801 quat=[0.47553, -0.52438, 0.49099, 0.50776] angvel=[-0.03659, 0.00909, 0.01618] linvel=[0.00154, -0.0081, 0.00117] z=0.1062
[lowlevel-sim][GT] t=55.851 quat=[0.47558, -0.52437, 0.49094, 0.50777] angvel=[0.04873, 0.03923, 0.00931] linvel=[-0.00191, 0.00094, -0.00385] z=0.1062
[lowlevel-sim][GT] t=55.901 quat=[0.47544, -0.52445, 0.49099, 0.50778] angvel=[-0.04086, -0.00068, -0.01184] linvel=[-0.00207, -0.00708, 0.00231] z=0.1062
[lowlevel-sim][GT] t=55.951 quat=[0.47564, -0.52428, 0.49089, 0.50785] angvel=[0.07361, 0.03682, 0.00855] linvel=[-0.00177, 0.00266, -0.00689] z=0.1063
[lowlevel-sim] t=  56.00 mode=cmd        pd=32392 hold=9225 failclosed=211 rtf=0.267 base_z=+0.106 pitch=+1.539 roll=+3.142 |tau|max=  9.70 sat=0/29 knee_L=+0.273 hip_p_L=-0.106 torn=10891 cmd_age=32.0ms auth=170.1s rig_ign=654 fix_base=0
[lowlevel-sim][GT] t=56.001 quat=[0.47559, -0.52428, 0.49097, 0.50784] angvel=[-0.03451, -0.01635, -0.02217] linvel=[-0.0015, -0.00121, 0.00324] z=0.1063
[lowlevel-sim][GT] t=56.051 quat=[0.47562, -0.52421, 0.49094, 0.50791] angvel=[-0.00296, 0.08584, 0.02782] linvel=[0.00235, -0.00122, 0.00422] z=0.1063
[lowlevel-sim][GT] t=56.101 quat=[0.47561, -0.52422, 0.49095, 0.5079] angvel=[-0.02275, -0.03889, -0.00042] linvel=[-0.00097, -0.00277, 0.00389] z=0.1063
[lowlevel-sim][GT] t=56.151 quat=[0.47571, -0.5242, 0.49089, 0.50788] angvel=[0.0062, -0.02646, 0.00995] linvel=[0.00223, -0.0032, -0.00143] z=0.1063
[lowlevel-sim][GT] t=56.201 quat=[0.47577, -0.52415, 0.49091, 0.50785] angvel=[-0.02417, -0.02784, -0.00103] linvel=[0.00266, -0.00292, 0.00011] z=0.1063
[lowlevel-sim][GT] t=56.251 quat=[0.4758, -0.52408, 0.49083, 0.50798] angvel=[0.03202, -0.01736, -0.01823] linvel=[-0.00178, -0.00124, -0.00053] z=0.1063
[lowlevel-sim][GT] t=56.301 quat=[0.47558, -0.52422, 0.49083, 0.50804] angvel=[-0.04171, -0.02621, -0.00703] linvel=[0.00123, -0.00353, 0.00197] z=0.1063
[lowlevel-sim][GT] t=56.351 quat=[0.47571, -0.52416, 0.49078, 0.50803] angvel=[0.03929, 0.02954, 0.02653] linvel=[-0.00028, -0.00258, -0.00553] z=0.1063
[lowlevel-sim][GT] t=56.401 quat=[0.47547, -0.52427, 0.4908, 0.50811] angvel=[-0.02811, -0.0341, -0.0147] linvel=[-0.0005, -0.00117, 0.00389] z=0.1063
[lowlevel-sim][GT] t=56.451 quat=[0.47556, -0.52416, 0.49076, 0.50818] angvel=[0.03744, -0.01908, -0.00092] linvel=[-0.00595, -0.00108, -0.00408] z=0.1063
[lowlevel-sim] t=  56.50 mode=cmd        pd=32642 hold=9225 failclosed=211 rtf=0.267 base_z=+0.106 pitch=+1.540 roll=+3.129 |tau|max=  9.28 sat=0/29 knee_L=+0.273 hip_p_L=-0.106 torn=10912 cmd_age=30.2ms auth=171.7s rig_ign=654 fix_base=0
[lowlevel-sim][GT] t=56.501 quat=[0.47555, -0.52412, 0.49082, 0.50819] angvel=[-0.01429, -0.01825, -0.01502] linvel=[0.00125, -0.00158, 0.00056] z=0.1064
[lowlevel-sim][GT] t=56.551 quat=[0.47561, -0.52406, 0.49082, 0.50819] angvel=[0.07305, 0.02185, -0.0013] linvel=[-0.0027, 0.00303, -0.00693] z=0.1063
[lowlevel-sim][GT] t=56.601 quat=[0.47553, -0.52402, 0.49099, 0.50814] angvel=[-0.02366, -0.03432, -0.03422] linvel=[-0.00362, -0.00556, 0.00104] z=0.1064
[lowlevel-sim][GT] t=56.651 quat=[0.47566, -0.52385, 0.49104, 0.50814] angvel=[-0.00539, 0.06228, 0.01842] linvel=[-0.00321, 0.00064, 0.00219] z=0.1064
[lowlevel-sim][GT] t=56.701 quat=[0.47574, -0.52385, 0.49127, 0.50784] angvel=[-0.01948, -0.01548, -0.04144] linvel=[-0.00538, -0.00581, 0.00316] z=0.1063
[lowlevel-sim][GT] t=56.751 quat=[0.47591, -0.52375, 0.49119, 0.50787] angvel=[0.01659, 0.01976, 0.00116] linvel=[-0.00359, 0.00022, -0.00101] z=0.1064
[lowlevel-sim][GT] t=56.801 quat=[0.47591, -0.52398, 0.49118, 0.50764] angvel=[-0.03153, 0.02098, 0.00712] linvel=[-0.00327, -0.00361, 0.0042] z=0.1063
[lowlevel-sim][GT] t=56.851 quat=[0.47596, -0.5239, 0.49112, 0.50774] angvel=[0.07377, -0.01015, -0.01142] linvel=[-0.00177, -0.00105, -0.00649] z=0.1063
[lowlevel-sim][GT] t=56.901 quat=[0.47608, -0.52393, 0.49116, 0.50756] angvel=[-0.04696, -0.00278, 0.00279] linvel=[-0.00552, -0.00515, 0.00323] z=0.1064
[lowlevel-sim][GT] t=56.951 quat=[0.47626, -0.52385, 0.49113, 0.50749] angvel=[-0.01939, -0.06011, -0.00725] linvel=[-0.00172, -0.00389, 0.00204] z=0.1064
[lowlevel-sim] t=  57.00 mode=cmd        pd=32892 hold=9225 failclosed=211 rtf=0.268 base_z=+0.106 pitch=+1.539 roll=-3.125 |tau|max=  8.37 sat=0/29 knee_L=+0.273 hip_p_L=-0.106 torn=10936 cmd_age=29.1ms auth=173.4s rig_ign=654 fix_base=0
[lowlevel-sim][GT] t=57.001 quat=[0.47636, -0.52377, 0.49127, 0.50734] angvel=[-0.03737, -0.00645, -0.01064] linvel=[-0.0003, -0.00525, 0.0045] z=0.1064
[lowlevel-sim][GT] t=57.051 quat=[0.47651, -0.52358, 0.4912, 0.50747] angvel=[-0.00479, -0.01724, 0.00362] linvel=[0.00366, -0.00241, 0.00012] z=0.1064
[lowlevel-sim][GT] t=57.101 quat=[0.47652, -0.52353, 0.49128, 0.50743] angvel=[-0.02216, 0.01949, 0.01128] linvel=[-0.00232, -0.00235, 0.00312] z=0.1065
[lowlevel-sim][GT] t=57.151 quat=[0.47641, -0.52342, 0.49121, 0.50772] angvel=[-0.01275, 0.08373, 0.03] linvel=[0.005, 0.00118, 0.00307] z=0.1065
[lowlevel-sim][GT] t=57.201 quat=[0.47643, -0.52341, 0.49122, 0.5077] angvel=[-0.01203, 0.01003, 0.00913] linvel=[-0.0016, -0.0007, 0.00256] z=0.1065
[lowlevel-sim][GT] t=57.251 quat=[0.47626, -0.52339, 0.4911, 0.508] angvel=[0.01215, 0.10207, 0.0198] linvel=[0.00515, -0.00067, -0.00025] z=0.1066
[lowlevel-sim][GT] t=57.301 quat=[0.47623, -0.52343, 0.49112, 0.50797] angvel=[-0.03782, 0.02229, 0.00727] linvel=[-0.00417, -0.00356, 0.00184] z=0.1066
[lowlevel-sim][GT] t=57.351 quat=[0.47617, -0.52341, 0.49105, 0.50811] angvel=[-0.04061, 0.07, 0.02477] linvel=[0.00434, -0.00138, 0.00291] z=0.1066
[lowlevel-sim][GT] t=57.401 quat=[0.47612, -0.52344, 0.49112, 0.50806] angvel=[-0.01733, 0.01291, 0.00121] linvel=[-0.00424, -0.00186, 0.00203] z=0.1066
[lowlevel-sim][GT] t=57.451 quat=[0.476, -0.52356, 0.49112, 0.50805] angvel=[0.01457, 0.06872, 0.00972] linvel=[0.0032, -0.00076, 0.00039] z=0.1065
[lowlevel-sim] t=  57.50 mode=cmd        pd=33142 hold=9225 failclosed=211 rtf=0.268 base_z=+0.107 pitch=+1.540 roll=+3.126 |tau|max=  9.29 sat=0/29 knee_L=+0.275 hip_p_L=-0.106 torn=10959 cmd_age=30.0ms auth=175.2s rig_ign=654 fix_base=0
[lowlevel-sim][GT] t=57.501 quat=[0.47608, -0.52354, 0.49119, 0.50792] angvel=[-0.03691, 0.00674, 0.03278] linvel=[-0.00361, -0.00684, 0.0016] z=0.1066
[lowlevel-sim] FAIL-CLOSED engaged at t=57.539s, last command age 87.09 ms (deadline <= 100 ms) PASS
[lowlevel-sim] COMMANDED at t=57.540s (was fail-closed)
[lowlevel-sim][GT] t=57.551 quat=[0.47609, -0.52352, 0.4913, 0.50783] angvel=[0.00682, -0.03509, -0.03949] linvel=[-0.00408, -0.00335, -0.00106] z=0.1065
[lowlevel-sim][GT] t=57.601 quat=[0.47608, -0.52347, 0.49125, 0.50793] angvel=[-0.0279, 0.10743, 0.05206] linvel=[0.0018, -0.00403, 0.0016] z=0.1065
[lowlevel-sim][GT] t=57.651 quat=[0.47609, -0.52355, 0.49134, 0.50776] angvel=[-0.03711, -0.03178, -0.00416] linvel=[-0.00157, -0.00485, 0.00133] z=0.1065
[lowlevel-sim][GT] t=57.701 quat=[0.47616, -0.52356, 0.49132, 0.50771] angvel=[0.03857, 0.07102, 0.00789] linvel=[0.00423, -0.00067, -0.00057] z=0.1064
[lowlevel-sim][GT] t=57.751 quat=[0.47634, -0.52343, 0.49142, 0.50758] angvel=[-0.03004, 0.02723, 0.01204] linvel=[-0.00087, -0.00326, 0.00484] z=0.1065
[lowlevel-sim][GT] t=57.801 quat=[0.47635, -0.52342, 0.49136, 0.50763] angvel=[0.0105, 0.07868, 0.01158] linvel=[0.00559, -0.00096, -0.00046] z=0.1065
[lowlevel-sim][GT] t=57.851 quat=[0.47638, -0.52347, 0.49139, 0.50753] angvel=[-0.00508, -0.00255, 0.00217] linvel=[-0.00324, -0.00142, -0.00082] z=0.1065
[lowlevel-sim][GT] t=57.901 quat=[0.47634, -0.52349, 0.49147, 0.50746] angvel=[-0.04061, -0.02235, -0.01094] linvel=[-0.00095, -0.00388, 0.00038] z=0.1064
[lowlevel-sim][GT] t=57.951 quat=[0.4763, -0.52359, 0.49164, 0.50724] angvel=[-0.03211, -0.0032, -0.00253] linvel=[-0.00252, -0.00718, 0.00086] z=0.1064
[lowlevel-sim] t=  58.00 mode=cmd        pd=33393 hold=9225 failclosed=212 rtf=0.268 base_z=+0.106 pitch=+1.539 roll=-3.138 |tau|max= 35.00 sat=2/29 knee_L=+0.272 hip_p_L=-0.106 torn=10970 cmd_age=23.1ms auth=176.9s rig_ign=654 fix_base=0 sat_j=left_ankle_roll_joint:+35.0,right_ankle_roll_joint:-35.0
[lowlevel-sim][GT] t=58.001 quat=[0.47643, -0.52351, 0.49156, 0.50727] angvel=[-0.0066, -0.01688, 0.01872] linvel=[-0.00627, -0.00298, 0.00259] z=0.1064
[lowlevel-sim][GT] t=58.051 quat=[0.47632, -0.52355, 0.49161, 0.50729] angvel=[-0.02623, -0.00876, 0.01677] linvel=[-0.00111, -0.00326, 0.0016] z=0.1063
[lowlevel-sim][GT] t=58.101 quat=[0.47658, -0.52335, 0.49152, 0.50733] angvel=[0.07563, 0.03139, 0.00439] linvel=[-0.00189, 0.00313, -0.00499] z=0.1064
[lowlevel-sim][GT] t=58.151 quat=[0.47662, -0.5234, 0.49153, 0.50723] angvel=[-0.02307, -0.05752, -0.06461] linvel=[-0.00349, -0.005, 0.00225] z=0.1064
[lowlevel-sim][GT] t=58.201 quat=[0.47668, -0.52315, 0.49149, 0.50747] angvel=[0.04321, 0.06265, 0.01493] linvel=[-0.00011, 0.00095, -0.00169] z=0.1065
[lowlevel-sim][GT] t=58.251 quat=[0.47655, -0.52323, 0.49149, 0.5075] angvel=[-0.01164, -0.05651, -0.05423] linvel=[-0.00667, -0.00512, -0.0002] z=0.1065
[lowlevel-sim][GT] t=58.301 quat=[0.47658, -0.52321, 0.49145, 0.50754] angvel=[0.00016, 0.00294, 0.03245] linvel=[-0.00191, -0.00011, 0.00012] z=0.1065
[lowlevel-sim][GT] t=58.351 quat=[0.47648, -0.52328, 0.49156, 0.50746] angvel=[-0.01445, -0.03018, -0.04706] linvel=[-0.00655, -0.00725, 0.00089] z=0.1065
[lowlevel-sim][GT] t=58.401 quat=[0.47648, -0.5232, 0.49144, 0.50766] angvel=[0.06037, 0.02706, 0.01165] linvel=[-0.00694, 0.0032, -0.00235] z=0.1065
[lowlevel-sim][GT] t=58.451 quat=[0.47647, -0.52322, 0.49142, 0.50767] angvel=[-0.04349, -0.04113, -0.04482] linvel=[-0.01338, -0.00814, 0.00293] z=0.1065
[lowlevel-sim] t=  58.50 mode=cmd        pd=33643 hold=9225 failclosed=212 rtf=0.268 base_z=+0.107 pitch=+1.541 roll=+3.136 |tau|max= 35.00 sat=2/29 knee_L=+0.272 hip_p_L=-0.105 torn=10998 cmd_age=30.5ms auth=178.6s rig_ign=654 fix_base=0 sat_j=left_ankle_roll_joint:+35.0,right_ankle_roll_joint:-35.0
[lowlevel-sim][GT] t=58.501 quat=[0.47656, -0.5232, 0.4913, 0.50772] angvel=[0.02725, 0.04539, 0.02152] linvel=[-0.00526, 0.00181, 0.00029] z=0.1065
[lowlevel-sim][GT] t=58.551 quat=[0.47666, -0.52335, 0.49145, 0.50733] angvel=[-0.04158, -0.03102, -0.0485] linvel=[-0.00662, -0.00837, 0.00072] z=0.1065
[lowlevel-sim][GT] t=58.601 quat=[0.47689, -0.52338, 0.49154, 0.50699] angvel=[-0.02452, -0.00207, -0.00386] linvel=[0.00275, -0.00377, 0.00171] z=0.1064
[lowlevel-sim][GT] t=58.651 quat=[0.47699, -0.52342, 0.49165, 0.50675] angvel=[-0.01936, -0.03525, -0.04569] linvel=[-0.00124, -0.00636, 0.00079] z=0.1064
[lowlevel-sim][GT] t=58.701 quat=[0.47697, -0.52336, 0.49164, 0.50684] angvel=[0.04513, 0.01513, -0.00538] linvel=[0.00543, -0.00075, -0.00516] z=0.1064
[lowlevel-sim] FAIL-CLOSED engaged at t=58.748s, last command age 87.15 ms (deadline <= 100 ms) PASS
[lowlevel-sim][GT] t=58.751 quat=[0.47692, -0.52332, 0.49178, 0.50679] angvel=[-0.24732, -0.007, 0.01103] linvel=[0.00442, -0.00129, -0.00892] z=0.1064
[lowlevel-sim] COMMANDED at t=58.764s (was fail-closed)
[lowlevel-sim][GT] t=58.801 quat=[0.47483, -0.52492, 0.49341, 0.5055] angvel=[0.14943, 0.01786, 0.0161] linvel=[-0.0075, 0.00098, -0.00751] z=0.1053
[lowlevel-sim][GT] t=58.851 quat=[0.47531, -0.52431, 0.49273, 0.50635] angvel=[0.03289, 0.02372, 0.02877] linvel=[-0.00205, -0.00495, 0.00111] z=0.1056
[lowlevel-sim][GT] t=58.901 quat=[0.47559, -0.52396, 0.49234, 0.50684] angvel=[0.02388, -0.00516, -0.01846] linvel=[-0.0023, 8e-05, 0.00193] z=0.1058
[lowlevel-sim][GT] t=58.951 quat=[0.47592, -0.52388, 0.49232, 0.50663] angvel=[-0.01096, -0.01694, -0.01502] linvel=[0.00075, -0.00584, 0.00138] z=0.1059
[lowlevel-sim] t=  59.00 mode=cmd        pd=33900 hold=9225 failclosed=227 rtf=0.268 base_z=+0.106 pitch=+1.538 roll=-3.130 |tau|max= 35.00 sat=2/29 knee_L=+0.270 hip_p_L=-0.106 torn=11033 cmd_age=36.9ms auth=180.5s rig_ign=654 fix_base=0 sat_j=left_ankle_roll_joint:+35.0,right_ankle_roll_joint:-35.0
[lowlevel-sim][GT] t=59.001 quat=[0.47646, -0.52364, 0.49227, 0.50641] angvel=[0.06241, -0.01399, -0.03102] linvel=[0.00045, -0.0013, -0.0072] z=0.1059
[lowlevel-sim][GT] t=59.051 quat=[0.47663, -0.52356, 0.49236, 0.50624] angvel=[-0.03586, 0.01259, 0.00715] linvel=[0.00056, -0.00441, 0.0033] z=0.1060
[lowlevel-sim][GT] t=59.101 quat=[0.47672, -0.52338, 0.49231, 0.50639] angvel=[0.07329, 0.02449, -0.01179] linvel=[0.0008, -0.00061, -0.0054] z=0.1060
[lowlevel-sim] FAIL-CLOSED engaged at t=59.147s, last command age 86.48 ms (deadline <= 100 ms) PASS
[lowlevel-sim][GT] t=59.151 quat=[0.47655, -0.52357, 0.49247, 0.50621] angvel=[-0.22846, -0.01276, -0.00515] linvel=[-4e-05, -0.00344, -0.0185] z=0.1060
[lowlevel-sim] COMMANDED at t=59.154s (was fail-closed)
[lowlevel-sim][GT] t=59.201 quat=[0.47584, -0.52399, 0.49286, 0.50606] angvel=[0.01001, -0.02168, -0.02139] linvel=[-0.01084, -0.00832, 0.00406] z=0.1057
[lowlevel-sim][GT] t=59.251 quat=[0.47626, -0.52362, 0.49239, 0.50652] angvel=[0.01398, 0.03664, 0.0006] linvel=[0.00361, -0.00014, 0.00415] z=0.1060
[lowlevel-sim][GT] t=59.301 quat=[0.47642, -0.52357, 0.4923, 0.50649] angvel=[-0.01366, 0.01311, 0.00118] linvel=[0.00043, -0.00309, 0.00084] z=0.1060
[lowlevel-sim][GT] t=59.351 quat=[0.4766, -0.52349, 0.49211, 0.5066] angvel=[-0.0039, -0.03212, -0.02405] linvel=[0.00389, -0.00125, 0.00362] z=0.1061
[lowlevel-sim][GT] t=59.401 quat=[0.47669, -0.52347, 0.49205, 0.50659] angvel=[-0.02332, 0.01635, 0.03185] linvel=[0.00375, -0.0071, 0.0016] z=0.1062
[lowlevel-sim][GT] t=59.451 quat=[0.47666, -0.52339, 0.49204, 0.50671] angvel=[0.04323, 0.02837, 0.00872] linvel=[0.00574, 0.00271, 0.00012] z=0.1062
[lowlevel-sim] t=  59.50 mode=cmd        pd=34153 hold=9225 failclosed=233 rtf=0.268 base_z=+0.106 pitch=+1.539 roll=-3.139 |tau|max=  9.78 sat=0/29 knee_L=+0.273 hip_p_L=-0.107 torn=11067 cmd_age=38.5ms auth=182.4s rig_ign=654 fix_base=0
[lowlevel-sim][GT] t=59.501 quat=[0.47662, -0.52332, 0.49216, 0.50669] angvel=[-0.05295, -0.0092, -0.0285] linvel=[0.00212, -0.00822, 0.00315] z=0.1062
[lowlevel-sim][GT] t=59.551 quat=[0.47662, -0.52313, 0.49214, 0.50692] angvel=[0.07794, 0.0162, 0.02093] linvel=[0.00323, -0.00156, -0.00732] z=0.1063
[lowlevel-sim][GT] t=59.601 quat=[0.47672, -0.52296, 0.49226, 0.50688] angvel=[-0.01736, -0.0324, -0.00931] linvel=[0.00676, -0.00071, 0.00303] z=0.1063
[lowlevel-sim][GT] t=59.651 quat=[0.47689, -0.5228, 0.49231, 0.50684] angvel=[0.02547, 0.02842, -0.01265] linvel=[0.00477, 0.00126, -0.00025] z=0.1063
[lowlevel-sim][GT] t=59.701 quat=[0.4772, -0.5227, 0.49258, 0.50639] angvel=[0.00214, -0.01654, -0.01251] linvel=[0.00617, -0.00248, -0.00062] z=0.1063
[lowlevel-sim][GT] t=59.751 quat=[0.47745, -0.52242, 0.49271, 0.50632] angvel=[0.03985, 0.00825, -0.01192] linvel=[0.00662, 0.00236, -0.00191] z=0.1063
[lowlevel-sim][GT] t=59.801 quat=[0.47748, -0.5223, 0.49281, 0.50632] angvel=[-0.02037, 0.02933, 0.00926] linvel=[0.00401, -0.00289, 0.0012] z=0.1064
[lowlevel-sim][GT] t=59.851 quat=[0.4775, -0.52226, 0.49276, 0.50638] angvel=[0.05949, 0.00535, -0.00335] linvel=[0.00602, 0.00092, -0.00563] z=0.1064
[lowlevel-sim][GT] t=59.901 quat=[0.47743, -0.52231, 0.49278, 0.50638] angvel=[-0.03205, 0.04725, 0.06087] linvel=[0.00787, -0.00788, 0.00184] z=0.1064
[lowlevel-sim][GT] t=59.951 quat=[0.4772, -0.52228, 0.49263, 0.50677] angvel=[-0.00302, 0.01481, 0.00438] linvel=[0.00265, 0.00057, 0.00433] z=0.1064
[lowlevel-sim] t=  60.00 mode=cmd        pd=34403 hold=9225 failclosed=233 rtf=0.268 base_z=+0.106 pitch=+1.540 roll=+3.112 |tau|max=  9.92 sat=0/29 knee_L=+0.274 hip_p_L=-0.107 torn=11084 cmd_age=52.7ms auth=184.3s rig_ign=654 fix_base=0
[lowlevel-sim][GT] t=60.001 quat=[0.47706, -0.52237, 0.49261, 0.50684] angvel=[-0.0278, 0.04331, 0.05256] linvel=[0.0048, -0.00568, 0.0027] z=0.1065
[lowlevel-sim][GT] t=60.051 quat=[0.47694, -0.52234, 0.49256, 0.50702] angvel=[0.01781, 0.04318, 0.00905] linvel=[0.00334, 0.00224, 0.00325] z=0.1065
[lowlevel-sim][GT] t=60.101 quat=[0.47678, -0.52241, 0.49265, 0.50702] angvel=[-0.04677, 0.01016, 0.04197] linvel=[0.00824, -0.00833, 0.00485] z=0.1064
[lowlevel-sim][GT] t=60.151 quat=[0.4768, -0.52232, 0.49259, 0.50715] angvel=[0.03896, 0.05751, 0.00704] linvel=[-0.00057, 0.00192, -0.00275] z=0.1064
[lowlevel-sim][GT] t=60.201 quat=[0.4767, -0.52239, 0.49267, 0.50709] angvel=[-0.02219, -0.00382, -0.00298] linvel=[-0.0053, 0.0007, 0.00415] z=0.1064
[lowlevel-sim][GT] t=60.251 quat=[0.47699, -0.52234, 0.49263, 0.50691] angvel=[-0.01769, -0.05489, -0.00973] linvel=[-0.00917, -0.00371, 0.00509] z=0.1064
[lowlevel-sim][GT] t=60.301 quat=[0.47697, -0.52255, 0.49263, 0.50671] angvel=[-0.0148, -0.01675, -0.00848] linvel=[-0.00417, -0.00213, 0.00254] z=0.1064
[lowlevel-sim][GT] t=60.351 quat=[0.47721, -0.52247, 0.49252, 0.50668] angvel=[0.02047, 0.00306, -0.02131] linvel=[-0.00736, -0.00277, -0.00159] z=0.1065
[lowlevel-sim][GT] t=60.401 quat=[0.47716, -0.52249, 0.49258, 0.50663] angvel=[-0.02095, -0.00711, -0.01293] linvel=[-0.00484, -0.00141, 0.00214] z=0.1065
[lowlevel-sim][GT] t=60.451 quat=[0.47727, -0.52238, 0.49247, 0.50676] angvel=[-0.02639, 0.02464, -0.00434] linvel=[-0.0067, -0.00347, 0.00493] z=0.1065
[lowlevel-sim] t=  60.50 mode=cmd        pd=34653 hold=9225 failclosed=233 rtf=0.268 base_z=+0.107 pitch=+1.540 roll=+3.121 |tau|max=  9.41 sat=0/29 knee_L=+0.275 hip_p_L=-0.107 torn=11094 cmd_age=33.1ms auth=186.1s rig_ign=654 fix_base=0
[lowlevel-sim][GT] t=60.501 quat=[0.47717, -0.5224, 0.49252, 0.50679] angvel=[-0.03484, 0.01405, 0.00289] linvel=[-0.00672, -0.00265, 0.00418] z=0.1065
[lowlevel-sim][GT] t=60.551 quat=[0.47742, -0.52233, 0.49234, 0.50679] angvel=[-0.04867, -0.01179, -0.00529] linvel=[-0.00434, -0.00381, 0.00571] z=0.1066
[lowlevel-sim][GT] t=60.601 quat=[0.47745, -0.52249, 0.49238, 0.50656] angvel=[-0.02917, -0.01238, -0.00712] linvel=[-0.00414, -0.00824, 0.00451] z=0.1065
[lowlevel-sim][GT] t=60.651 quat=[0.47776, -0.52253, 0.49225, 0.50636] angvel=[-0.03823, -0.06137, -0.04306] linvel=[-0.00139, -0.00298, 0.00581] z=0.1065
[lowlevel-sim][GT] t=60.701 quat=[0.47797, -0.5226, 0.49228, 0.50606] angvel=[-0.04053, -0.02299, -0.00297] linvel=[0.00665, -0.00665, 0.00089] z=0.1065
[lowlevel-sim][GT] t=60.751 quat=[0.47792, -0.52247, 0.49229, 0.50622] angvel=[0.06135, 0.01751, 0.00226] linvel=[0.00062, -0.00037, -0.00469] z=0.1065
[lowlevel-sim][GT] t=60.801 quat=[0.4776, -0.52248, 0.49243, 0.5064] angvel=[-0.03197, -0.01675, -0.00152] linvel=[0.00446, -0.00254, 0.00418] z=0.1065
[lowlevel-sim][GT] t=60.851 quat=[0.4776, -0.52237, 0.49242, 0.50652] angvel=[0.07894, 0.04314, 0.00287] linvel=[0.0032, 0.00093, -0.00815] z=0.1065
[lowlevel-sim][GT] t=60.901 quat=[0.4773, -0.52244, 0.49249, 0.50665] angvel=[-0.02938, -0.03149, -0.03736] linvel=[-0.00198, -0.00654, -1e-05] z=0.1065
[lowlevel-sim][GT] t=60.951 quat=[0.47738, -0.52227, 0.49239, 0.50684] angvel=[0.04022, -0.01199, 0.00306] linvel=[0.00124, 0.00264, -0.00059] z=0.1065
[lowlevel-sim] t=  61.00 mode=cmd        pd=34903 hold=9225 failclosed=233 rtf=0.268 base_z=+0.107 pitch=+1.540 roll=+3.129 |tau|max=  9.92 sat=0/29 knee_L=+0.275 hip_p_L=-0.106 torn=11111 cmd_age=46.3ms auth=187.9s rig_ign=654 fix_base=0
[lowlevel-sim][GT] t=61.001 quat=[0.47744, -0.52228, 0.49254, 0.50663] angvel=[-0.00917, -0.04277, -0.06382] linvel=[-0.00097, -0.00759, -0.00068] z=0.1065
[lowlevel-sim][GT] t=61.051 quat=[0.47759, -0.52209, 0.49252, 0.50671] angvel=[-0.05734, 0.03583, 0.02059] linvel=[0.00795, -0.00167, 0.00783] z=0.1066
[lowlevel-sim][GT] t=61.101 quat=[0.47769, -0.52207, 0.49259, 0.50657] angvel=[-0.02921, -0.03323, -0.0634] linvel=[-0.00097, -0.006, -0.00014] z=0.1066
[lowlevel-sim][GT] t=61.151 quat=[0.47742, -0.5221, 0.49251, 0.50686] angvel=[0.01993, -0.03468, 0.02196] linvel=[0.00441, -0.00195, -0.00227] z=0.1066
[lowlevel-sim][GT] t=61.201 quat=[0.47732, -0.5223, 0.49254, 0.50673] angvel=[-0.02815, -0.04948, -0.02916] linvel=[-0.00237, -0.0074, 0.00062] z=0.1066
[lowlevel-sim][GT] t=61.251 quat=[0.47704, -0.52235, 0.49239, 0.50709] angvel=[0.06263, 0.06237, 0.03755] linvel=[-0.0013, 0.00148, -0.00255] z=0.1066
[lowlevel-sim][GT] t=61.301 quat=[0.47693, -0.52244, 0.49235, 0.50713] angvel=[-0.02405, -0.04388, -0.02917] linvel=[-0.00625, -0.00638, 0.00027] z=0.1066
[lowlevel-sim][GT] t=61.351 quat=[0.47714, -0.52231, 0.49234, 0.50708] angvel=[-0.01766, -0.02847, 0.01342] linvel=[0.00133, -0.00228, 0.00408] z=0.1066
[lowlevel-sim][GT] t=61.401 quat=[0.47729, -0.52236, 0.49241, 0.50682] angvel=[-0.01796, -0.04581, -0.03271] linvel=[-0.00228, -0.0055, -0.00049] z=0.1066
[lowlevel-sim][GT] t=61.451 quat=[0.47746, -0.52231, 0.4923, 0.50682] angvel=[-0.02556, 0.0203, 0.00695] linvel=[0.00716, 0.00028, 0.00492] z=0.1066
[lowlevel-sim] t=  61.50 mode=cmd        pd=35153 hold=9225 failclosed=233 rtf=0.268 base_z=+0.107 pitch=+1.540 roll=+3.128 |tau|max=  9.87 sat=0/29 knee_L=+0.275 hip_p_L=-0.107 torn=11137 cmd_age=37.6ms auth=189.8s rig_ign=654 fix_base=0
[lowlevel-sim][GT] t=61.501 quat=[0.47742, -0.52228, 0.49237, 0.50681] angvel=[-0.01111, -0.03776, -0.03912] linvel=[-0.00654, -0.0051, 0.001] z=0.1067
[lowlevel-sim][GT] t=61.551 quat=[0.47737, -0.52225, 0.4922, 0.50706] angvel=[-0.00661, 0.02245, 0.02798] linvel=[0.0026, -0.00168, 0.00095] z=0.1067
[lowlevel-sim][GT] t=61.601 quat=[0.47761, -0.52227, 0.4923, 0.50672] angvel=[-0.01711, -0.04406, -0.0415] linvel=[-0.0022, -0.00688, 0.00091] z=0.1067
[lowlevel-sim][GT] t=61.651 quat=[0.47764, -0.52221, 0.49231, 0.50674] angvel=[-0.05823, 0.03506, 0.02937] linvel=[0.00581, -0.00288, 0.00724] z=0.1067
[lowlevel-sim][GT] t=61.701 quat=[0.47758, -0.52231, 0.49232, 0.50668] angvel=[0.01098, -0.05097, -0.03795] linvel=[-0.00299, -0.00727, -0.0004] z=0.1067
[lowlevel-sim][GT] t=61.751 quat=[0.47759, -0.52232, 0.49219, 0.50679] angvel=[0.01397, 0.04859, 0.0318] linvel=[0.00769, -0.00088, -0.00087] z=0.1067
[lowlevel-sim][GT] t=61.801 quat=[0.47758, -0.52234, 0.49226, 0.50671] angvel=[-0.02969, -0.03602, -0.03671] linvel=[-0.00031, -0.00608, 0.00089] z=0.1067
[lowlevel-sim][GT] t=61.851 quat=[0.47744, -0.52232, 0.49221, 0.50691] angvel=[-0.00256, 0.07323, 0.04047] linvel=[0.00694, -0.00164, 0.00136] z=0.1067
[lowlevel-sim][GT] t=61.901 quat=[0.4774, -0.52226, 0.4923, 0.50692] angvel=[0.01668, -0.03915, -0.03404] linvel=[-0.00219, -0.00619, -0.00029] z=0.1067
[lowlevel-sim][GT] t=61.951 quat=[0.47738, -0.5222, 0.4922, 0.5071] angvel=[0.0022, 0.02159, 0.00416] linvel=[0.00323, 0.00023, -0.00052] z=0.1067
[lowlevel-sim] t=  62.00 mode=cmd        pd=35403 hold=9225 failclosed=233 rtf=0.268 base_z=+0.107 pitch=+1.541 roll=+3.122 |tau|max=  9.80 sat=0/29 knee_L=+0.275 hip_p_L=-0.107 torn=11152 cmd_age=31.6ms auth=191.7s rig_ign=654 fix_base=0
[lowlevel-sim][GT] t=62.001 quat=[0.47723, -0.52236, 0.49217, 0.50711] angvel=[-0.03734, -0.01118, -0.03619] linvel=[-0.00258, -0.00551, 0.00087] z=0.1067
[lowlevel-sim][GT] t=62.051 quat=[0.4771, -0.5224, 0.49212, 0.50724] angvel=[0.03805, 0.02171, 0.00445] linvel=[0.0024, 0.00078, -0.00262] z=0.1067
[lowlevel-sim][GT] t=62.101 quat=[0.47702, -0.52249, 0.49221, 0.50713] angvel=[-0.06468, -0.03465, -0.02955] linvel=[-0.00371, -0.0107, 0.00618] z=0.1067
[lowlevel-sim][GT] t=62.151 quat=[0.47701, -0.52255, 0.49209, 0.50719] angvel=[-0.00088, 0.04666, 0.00894] linvel=[0.00036, 0.00114, 0.00157] z=0.1066
[lowlevel-sim][GT] t=62.201 quat=[0.47711, -0.52267, 0.49215, 0.50693] angvel=[-0.0213, 0.02003, 0.03643] linvel=[0.00835, -0.00455, 0.00114] z=0.1066
[lowlevel-sim][GT] t=62.251 quat=[0.47726, -0.52257, 0.49212, 0.50692] angvel=[0.05413, 0.00334, -0.00637] linvel=[0.00217, 0.00281, -0.0049] z=0.1066
[lowlevel-sim][GT] t=62.301 quat=[0.47718, -0.52261, 0.4922, 0.50687] angvel=[-0.02977, 0.05248, 0.05838] linvel=[0.00546, -0.00538, 0.00097] z=0.1066
[lowlevel-sim][GT] t=62.351 quat=[0.47723, -0.52245, 0.49214, 0.50704] angvel=[0.00231, 0.04259, 0.02571] linvel=[0.00333, -0.00243, -0.00134] z=0.1066
[lowlevel-sim][GT] t=62.401 quat=[0.47725, -0.52253, 0.49228, 0.50682] angvel=[-0.0123, 0.0224, 0.03046] linvel=[0.00588, -0.00385, 0.00226] z=0.1066
[lowlevel-sim][GT] t=62.451 quat=[0.47697, -0.52236, 0.49222, 0.5073] angvel=[0.00287, 0.07439, 0.0236] linvel=[-0.00461, 0.00222, 0.00178] z=0.1066
[lowlevel-sim] t=  62.50 mode=cmd        pd=35653 hold=9225 failclosed=233 rtf=0.268 base_z=+0.107 pitch=+1.540 roll=+3.115 |tau|max=  9.14 sat=0/29 knee_L=+0.276 hip_p_L=-0.107 torn=11172 cmd_age=56.9ms auth=193.6s rig_ign=654 fix_base=0
[lowlevel-sim][GT] t=62.501 quat=[0.477, -0.52247, 0.49216, 0.50723] angvel=[-0.03712, 0.02257, 0.00353] linvel=[-0.00359, -0.00297, 0.00293] z=0.1067
[lowlevel-sim][GT] t=62.551 quat=[0.47718, -0.52238, 0.49213, 0.50717] angvel=[0.04513, -0.00729, -0.01452] linvel=[0.00129, -0.00079, -0.00463] z=0.1067
[lowlevel-sim][GT] t=62.601 quat=[0.47747, -0.52236, 0.49219, 0.50686] angvel=[-0.03887, -0.01379, -0.00105] linvel=[0.00561, -0.00605, 0.00225] z=0.1067
[lowlevel-sim][GT] t=62.651 quat=[0.47764, -0.52222, 0.49227, 0.50677] angvel=[-0.0433, -0.02621, -0.01575] linvel=[0.00644, 0.00039, 0.00321] z=0.1067
[lowlevel-sim][GT] t=62.701 quat=[0.47753, -0.52225, 0.49238, 0.50673] angvel=[-0.07052, 0.04093, 0.0173] linvel=[0.00285, -0.00294, 0.00758] z=0.1067
[lowlevel-sim][GT] t=62.751 quat=[0.47767, -0.52217, 0.49241, 0.50666] angvel=[0.00179, 0.03307, -0.00161] linvel=[0.00565, -0.00095, 0.00074] z=0.1067
[lowlevel-sim][GT] t=62.801 quat=[0.47763, -0.52231, 0.49247, 0.50649] angvel=[-0.02479, -0.00995, -0.00659] linvel=[0.00811, -0.0064, -0.00112] z=0.1066
[lowlevel-sim][GT] t=62.851 quat=[0.47757, -0.52226, 0.49254, 0.50653] angvel=[0.02309, 0.00158, -0.01957] linvel=[0.00619, -0.00064, 0.00142] z=0.1066
[lowlevel-sim][GT] t=62.901 quat=[0.4776, -0.52222, 0.49261, 0.50648] angvel=[-0.03333, 0.00525, -0.00253] linvel=[0.00465, -0.00184, 0.00276] z=0.1066
[lowlevel-sim][GT] t=62.951 quat=[0.47744, -0.52218, 0.49259, 0.50669] angvel=[0.05522, -0.04325, -0.01742] linvel=[0.00473, -0.00043, -0.00202] z=0.1066
[lowlevel-sim] t=  63.00 mode=cmd        pd=35903 hold=9225 failclosed=233 rtf=0.268 base_z=+0.107 pitch=+1.540 roll=+3.125 |tau|max=  9.69 sat=0/29 knee_L=+0.275 hip_p_L=-0.107 torn=11199 cmd_age=22.8ms auth=195.4s rig_ign=654 fix_base=0
[lowlevel-sim][GT] t=63.001 quat=[0.47747, -0.52217, 0.49258, 0.50667] angvel=[-0.05618, 0.00162, 0.01003] linvel=[0.00829, -0.00379, 0.00444] z=0.1066
[lowlevel-sim][GT] t=63.051 quat=[0.47734, -0.5221, 0.49261, 0.50684] angvel=[0.0077, 0.01069, 0.01724] linvel=[0.00455, -0.00074, -0.0008] z=0.1066
[lowlevel-sim][GT] t=63.101 quat=[0.47737, -0.52219, 0.49272, 0.50662] angvel=[-0.06566, 0.00472, -0.00757] linvel=[0.00519, -0.00472, 0.00477] z=0.1066
[lowlevel-sim][GT] t=63.151 quat=[0.47752, -0.52212, 0.49269, 0.50658] angvel=[0.04113, 0.05096, 0.00989] linvel=[0.00626, 0.00063, -0.00352] z=0.1066
[lowlevel-sim][GT] t=63.201 quat=[0.47739, -0.52215, 0.49269, 0.50668] angvel=[0.01447, -0.00113, 0.00515] linvel=[0.00703, -0.00419, -0.00145] z=0.1066
[lowlevel-sim][GT] t=63.251 quat=[0.47745, -0.52205, 0.49266, 0.50675] angvel=[0.06907, 0.02552, 0.02381] linvel=[0.00121, 0.00215, -0.00566] z=0.1066
[lowlevel-sim][GT] t=63.301 quat=[0.47732, -0.52204, 0.4928, 0.50674] angvel=[-0.03141, 0.00945, 0.03147] linvel=[0.00788, -0.00886, 0.00376] z=0.1066
[lowlevel-sim][GT] t=63.351 quat=[0.47727, -0.52201, 0.49283, 0.5068] angvel=[0.04521, 0.0384, 0.01097] linvel=[-0.00284, 0.00142, -0.004] z=0.1065
[lowlevel-sim][GT] t=63.401 quat=[0.47719, -0.52196, 0.49286, 0.50689] angvel=[-0.02984, -0.04683, 0.00856] linvel=[-0.00252, -0.00296, 0.00126] z=0.1066
[lowlevel-sim][GT] t=63.451 quat=[0.47733, -0.52202, 0.49275, 0.5068] angvel=[0.06476, 0.00802, 0.01632] linvel=[-0.00166, -0.00026, -0.00536] z=0.1066
[lowlevel-sim] t=  63.50 mode=cmd        pd=36153 hold=9225 failclosed=233 rtf=0.268 base_z=+0.107 pitch=+1.540 roll=+3.108 |tau|max=  9.66 sat=0/29 knee_L=+0.276 hip_p_L=-0.107 torn=11218 cmd_age=81.6ms auth=197.0s rig_ign=654 fix_base=0
[lowlevel-sim][GT] t=63.501 quat=[0.47728, -0.52212, 0.49273, 0.50677] angvel=[-0.01991, -0.03259, -0.01392] linvel=[-0.0011, -0.00188, 0.00452] z=0.1066
[lowlevel-sim][GT] t=63.551 quat=[0.47728, -0.5221, 0.49264, 0.50688] angvel=[0.02254, -0.02382, -0.00343] linvel=[-0.00402, -0.00371, -0.00216] z=0.1066
[lowlevel-sim] FAIL-CLOSED engaged at t=63.573s, last command age 88.54 ms (deadline <= 100 ms) PASS
[lowlevel-sim] COMMANDED at t=63.576s (was fail-closed)
[lowlevel-sim][GT] t=63.601 quat=[0.47705, -0.52247, 0.49294, 0.50642] angvel=[-0.01492, 0.01328, 0.00468] linvel=[0.00013, -0.00095, 0.0012] z=0.1065
[lowlevel-sim] FAIL-CLOSED engaged at t=63.611s, last command age 85.89 ms (deadline <= 100 ms) PASS
[lowlevel-sim] COMMANDED at t=63.620s (was fail-closed)
[lowlevel-sim] FAIL-CLOSED engaged at t=63.623s, last command age 86.91 ms (deadline <= 100 ms) PASS
[lowlevel-sim] COMMANDED at t=63.624s (was fail-closed)
[lowlevel-sim][GT] t=63.651 quat=[0.47616, -0.52329, 0.49379, 0.50558] angvel=[0.04069, 0.05772, 0.03091] linvel=[-0.00207, -0.00028, 0.00244] z=0.1059
[lowlevel-sim][GT] t=63.701 quat=[0.47632, -0.52295, 0.49336, 0.5062] angvel=[0.00292, -0.01045, -0.01099] linvel=[-0.00056, -0.00335, 0.00391] z=0.1061
[lowlevel-sim][GT] t=63.751 quat=[0.47684, -0.52256, 0.49303, 0.50644] angvel=[-0.00824, -0.0509, -0.02201] linvel=[-0.00654, -0.00315, 0.00515] z=0.1062
[lowlevel-sim][GT] t=63.801 quat=[0.4771, -0.52246, 0.49296, 0.50636] angvel=[-0.03987, -0.02196, -0.02433] linvel=[0.00559, -0.00504, 0.00351] z=0.1064
[lowlevel-sim][GT] t=63.851 quat=[0.47743, -0.52223, 0.49293, 0.50632] angvel=[-0.0214, -0.03811, -0.00428] linvel=[0.0019, -0.00173, 0.00318] z=0.1064
[lowlevel-sim][GT] t=63.901 quat=[0.47747, -0.52221, 0.49298, 0.50626] angvel=[-0.03049, -0.04298, -0.02513] linvel=[0.00488, -0.00374, 0.00403] z=0.1064
[lowlevel-sim][GT] t=63.951 quat=[0.47748, -0.52204, 0.49295, 0.50644] angvel=[-0.0219, -0.02857, -0.00964] linvel=[-0.0003, 0.00026, 0.00509] z=0.1065
[lowlevel-sim] t=  64.00 mode=cmd        pd=36411 hold=9225 failclosed=246 rtf=0.268 base_z=+0.107 pitch=+1.540 roll=+3.107 |tau|max=  8.97 sat=0/29 knee_L=+0.276 hip_p_L=-0.107 torn=11245 cmd_age=19.6ms auth=199.0s rig_ign=654 fix_base=0
[lowlevel-sim][GT] t=64.001 quat=[0.47735, -0.52202, 0.493, 0.50653] angvel=[-0.0371, -0.0192, -0.01252] linvel=[0.00045, -0.00556, 0.00449] z=0.1065
[lowlevel-sim][GT] t=64.051 quat=[0.47764, -0.52189, 0.49293, 0.50647] angvel=[-0.01454, -0.03324, -0.00286] linvel=[-0.00508, -0.00225, 0.00286] z=0.1066
[lowlevel-sim] FAIL-CLOSED engaged at t=64.080s, last command age 100.36 ms (deadline <= 100 ms) FAIL
[lowlevel-sim] COMMANDED at t=64.084s (was fail-closed)
[lowlevel-sim][GT] t=64.101 quat=[0.47703, -0.52227, 0.49341, 0.50619] angvel=[0.10949, 0.02053, 0.00733] linvel=[-0.00728, 0.00339, -0.00642] z=0.1063
[lowlevel-sim][GT] t=64.151 quat=[0.47673, -0.5222, 0.49311, 0.50683] angvel=[-0.04294, -0.0217, -0.00943] linvel=[-0.00301, -0.00642, 0.00515] z=0.1064
[lowlevel-sim][GT] t=64.201 quat=[0.47708, -0.52204, 0.49298, 0.50678] angvel=[0.06418, -0.00167, -0.02795] linvel=[-0.00493, 0.00226, -0.00192] z=0.1065
[lowlevel-sim][GT] t=64.251 quat=[0.4773, -0.52213, 0.49304, 0.50644] angvel=[-0.04262, -0.0597, -0.04533] linvel=[0.0019, -0.00514, 0.00314] z=0.1065
[lowlevel-sim][GT] t=64.301 quat=[0.47747, -0.52201, 0.49308, 0.50635] angvel=[0.06234, 0.01189, 0.00115] linvel=[-0.00366, 0.00226, -0.00541] z=0.1065
[lowlevel-sim][GT] t=64.351 quat=[0.47762, -0.52198, 0.49308, 0.50625] angvel=[-0.03132, -0.05221, -0.03306] linvel=[0.00132, -0.00502, 0.00417] z=0.1065
[lowlevel-sim][GT] t=64.401 quat=[0.47799, -0.52187, 0.49312, 0.50598] angvel=[-0.02572, -0.02525, -0.0138] linvel=[-0.0017, -0.00126, 0.00383] z=0.1065
[lowlevel-sim][GT] t=64.451 quat=[0.47806, -0.52176, 0.49329, 0.50586] angvel=[-0.04013, -0.04422, -0.01814] linvel=[0.00492, -0.0039, 0.00376] z=0.1065
[lowlevel-sim] t=  64.50 mode=cmd        pd=36662 hold=9225 failclosed=249 rtf=0.268 base_z=+0.107 pitch=+1.540 roll=+3.131 |tau|max= 35.00 sat=2/29 knee_L=+0.274 hip_p_L=-0.106 torn=11278 cmd_age=48.5ms auth=200.8s rig_ign=654 fix_base=0 sat_j=left_ankle_roll_joint:+35.0,right_ankle_roll_joint:-35.0
[lowlevel-sim][GT] t=64.501 quat=[0.47818, -0.52159, 0.49323, 0.50598] angvel=[0.00197, -0.0577, -0.01684] linvel=[-0.00019, -0.00142, 0.00245] z=0.1066
[lowlevel-sim][GT] t=64.551 quat=[0.47806, -0.52169, 0.49336, 0.50585] angvel=[-0.02027, -0.02624, 0.00318] linvel=[0.0035, -0.00276, 0.00273] z=0.1066
[lowlevel-sim][GT] t=64.601 quat=[0.47811, -0.52163, 0.49328, 0.50594] angvel=[0.04745, 0.00141, -0.00366] linvel=[-0.00059, 0.00056, -0.00367] z=0.1066
[lowlevel-sim][GT] t=64.651 quat=[0.47805, -0.5218, 0.49323, 0.50588] angvel=[-0.01011, -0.06573, -0.02939] linvel=[0.0045, -0.00564, 0.00344] z=0.1066
[lowlevel-sim][GT] t=64.701 quat=[0.47815, -0.52156, 0.49319, 0.50607] angvel=[0.06338, 0.03943, 0.00599] linvel=[0.00107, 0.00248, -0.00517] z=0.1066
[lowlevel-sim][GT] t=64.751 quat=[0.47797, -0.52159, 0.49313, 0.50627] angvel=[-0.01925, 0.00746, -0.01377] linvel=[0.00245, -0.0036, 0.00188] z=0.1067
[lowlevel-sim][GT] t=64.801 quat=[0.47782, -0.52166, 0.49299, 0.50648] angvel=[-0.02147, -0.02595, 0.00072] linvel=[0.00253, -0.00394, 0.002] z=0.1067
[lowlevel-sim][GT] t=64.851 quat=[0.4777, -0.52183, 0.49303, 0.50638] angvel=[-0.06884, -0.02796, -0.01394] linvel=[0.00371, -0.00403, 0.00516] z=0.1066
[lowlevel-sim][GT] t=64.901 quat=[0.47753, -0.52186, 0.49299, 0.50654] angvel=[0.07426, 0.01347, -0.00134] linvel=[-0.00328, 0.00124, -0.00871] z=0.1066
[lowlevel-sim][GT] t=64.951 quat=[0.47759, -0.52188, 0.49301, 0.50645] angvel=[-0.06977, 0.00535, -0.01129] linvel=[0.00174, -0.0064, 0.00654] z=0.1066
[lowlevel-sim] t=  65.00 mode=cmd        pd=36912 hold=9225 failclosed=249 rtf=0.268 base_z=+0.107 pitch=+1.540 roll=+3.115 |tau|max= 35.00 sat=2/29 knee_L=+0.275 hip_p_L=-0.107 torn=11300 cmd_age=33.6ms auth=202.8s rig_ign=654 fix_base=0 sat_j=left_ankle_roll_joint:+35.0,right_ankle_roll_joint:-35.0
[lowlevel-sim][GT] t=65.001 quat=[0.47755, -0.52194, 0.49289, 0.50655] angvel=[0.03521, 0.03367, 0.00669] linvel=[0.00207, 0.00041, -0.00366] z=0.1066
[lowlevel-sim][GT] t=65.051 quat=[0.47748, -0.52207, 0.49288, 0.50648] angvel=[-0.02935, -0.01411, -0.02667] linvel=[-0.00303, -0.00734, 0.00078] z=0.1066
[lowlevel-sim][GT] t=65.101 quat=[0.47743, -0.52202, 0.49286, 0.50659] angvel=[0.03063, 0.00357, -0.00019] linvel=[0.00332, 0.00163, 0.0] z=0.1066
[lowlevel-sim][GT] t=65.151 quat=[0.4773, -0.52216, 0.49282, 0.50662] angvel=[-0.0378, -0.01201, -0.01694] linvel=[-0.00334, -0.00735, 0.00187] z=0.1066
[lowlevel-sim][GT] t=65.201 quat=[0.47721, -0.52212, 0.49269, 0.50687] angvel=[0.0723, 0.01212, -0.0086] linvel=[-0.00253, 0.00202, -0.00637] z=0.1066
[lowlevel-sim][GT] t=65.251 quat=[0.47713, -0.52209, 0.49278, 0.50688] angvel=[-0.00307, -0.00443, -0.00278] linvel=[-0.00105, -0.00886, -0.0006] z=0.1066
[lowlevel-sim][GT] t=65.301 quat=[0.47728, -0.52206, 0.49275, 0.50682] angvel=[0.04175, -0.00976, -0.0037] linvel=[-0.00409, 0.00017, -0.00229] z=0.1066
[lowlevel-sim] FAIL-CLOSED engaged at t=65.316s, last command age 86.92 ms (deadline <= 100 ms) PASS
[lowlevel-sim] COMMANDED at t=65.336s (was fail-closed)
[lowlevel-sim][GT] t=65.351 quat=[0.47421, -0.52483, 0.49546, 0.50418] angvel=[0.06105, 0.02495, 0.03687] linvel=[-0.00937, -0.00156, 0.00017] z=0.1051
[lowlevel-sim][GT] t=65.401 quat=[0.47511, -0.52374, 0.49421, 0.50569] angvel=[0.12021, 0.02529, -0.00196] linvel=[-0.0052, 0.00016, 0.00042] z=0.1055
[lowlevel-sim][GT] t=65.451 quat=[0.47589, -0.52326, 0.49363, 0.50603] angvel=[-0.00274, -0.04146, -0.02529] linvel=[-0.00292, -0.00414, 0.00535] z=0.1058
[lowlevel-sim] t=  65.50 mode=cmd        pd=37171 hold=9225 failclosed=268 rtf=0.268 base_z=+0.106 pitch=+1.538 roll=+3.105 |tau|max= 35.00 sat=2/29 knee_L=+0.272 hip_p_L=-0.108 torn=11320 cmd_age=31.0ms auth=204.6s rig_ign=654 fix_base=0 sat_j=left_ankle_roll_joint:+35.0,right_ankle_roll_joint:-35.0
[lowlevel-sim][GT] t=65.501 quat=[0.4765, -0.52281, 0.49323, 0.50631] angvel=[0.03776, 0.01827, -0.0112] linvel=[-0.00351, -0.00053, 0.00072] z=0.1060
[lowlevel-sim][GT] t=65.551 quat=[0.47693, -0.52263, 0.49314, 0.50616] angvel=[-0.02064, -0.00993, -0.02829] linvel=[-0.00491, -0.00376, 0.00354] z=0.1061
[lowlevel-sim][GT] t=65.601 quat=[0.47731, -0.52246, 0.49298, 0.50614] angvel=[0.05238, -0.02956, -0.01641] linvel=[-0.00131, -0.0026, -0.00318] z=0.1062
[lowlevel-sim][GT] t=65.651 quat=[0.47732, -0.52243, 0.493, 0.50614] angvel=[-0.00886, -0.00457, 0.01041] linvel=[-0.00624, -0.00377, 0.00022] z=0.1063
[lowlevel-sim][GT] t=65.701 quat=[0.47748, -0.52236, 0.49282, 0.50623] angvel=[-0.01326, -0.00078, -0.00843] linvel=[-0.00233, -0.0035, 0.00261] z=0.1063
[lowlevel-sim][GT] t=65.751 quat=[0.4775, -0.52242, 0.49285, 0.50613] angvel=[-0.02862, -0.00926, 0.0119] linvel=[-0.00181, -0.00339, 0.00242] z=0.1064
[lowlevel-sim][GT] t=65.801 quat=[0.47771, -0.52236, 0.49276, 0.50609] angvel=[-0.01907, -0.03546, -0.02374] linvel=[-0.0022, -0.00385, 0.00464] z=0.1064
[lowlevel-sim] FAIL-CLOSED engaged at t=65.850s, last command age 87.41 ms (deadline <= 100 ms) PASS
[lowlevel-sim][GT] t=65.851 quat=[0.47761, -0.52243, 0.49277, 0.50611] angvel=[-0.12686, -0.00971, 0.00579] linvel=[0.00543, -0.00471, 0.00175] z=0.1065
[lowlevel-sim] COMMANDED at t=65.860s (was fail-closed)
[lowlevel-sim][GT] t=65.901 quat=[0.47654, -0.52319, 0.4936, 0.50551] angvel=[0.05646, -0.02739, -0.00867] linvel=[0.00539, -0.00301, 0.00105] z=0.1059
[lowlevel-sim][GT] t=65.951 quat=[0.47688, -0.52283, 0.49337, 0.50579] angvel=[-0.00807, 0.02254, -0.00433] linvel=[0.00112, -0.00181, 0.00221] z=0.1061
[lowlevel-sim] t=  66.00 mode=cmd        pd=37424 hold=9225 failclosed=276 rtf=0.268 base_z=+0.106 pitch=+1.538 roll=+3.131 |tau|max= 35.00 sat=2/29 knee_L=+0.272 hip_p_L=-0.107 torn=11346 cmd_age=62.8ms auth=206.4s rig_ign=654 fix_base=0 sat_j=left_ankle_roll_joint:+35.0,right_ankle_roll_joint:-35.0
[lowlevel-sim][GT] t=66.001 quat=[0.47717, -0.52256, 0.49319, 0.50598] angvel=[0.03573, 0.04318, 0.02342] linvel=[0.00673, -0.00056, -0.00064] z=0.1062
[lowlevel-sim][GT] t=66.051 quat=[0.4771, -0.52256, 0.49314, 0.50608] angvel=[0.00244, -0.01271, 0.006] linvel=[0.00607, -0.00344, 0.00257] z=0.1062
[lowlevel-sim] FAIL-CLOSED engaged at t=66.055s, last command age 85.16 ms (deadline <= 100 ms) PASS
[lowlevel-sim] COMMANDED at t=66.058s (was fail-closed)
[lowlevel-sim] FAIL-CLOSED engaged at t=66.092s, last command age 87.11 ms (deadline <= 100 ms) PASS
[lowlevel-sim] COMMANDED at t=66.100s (was fail-closed)
[lowlevel-sim][GT] t=66.101 quat=[0.47627, -0.52321, 0.49392, 0.50543] angvel=[-0.40302, 0.02512, 0.03623] linvel=[0.00509, 0.00488, -0.01674] z=0.1058
[lowlevel-sim][GT] t=66.151 quat=[0.47633, -0.5231, 0.49378, 0.50562] angvel=[0.01125, -0.04728, -0.06333] linvel=[-0.00298, -0.00611, 0.00199] z=0.1058
[lowlevel-sim][GT] t=66.201 quat=[0.47672, -0.52271, 0.49347, 0.50596] angvel=[0.03289, 0.01445, -0.00733] linvel=[0.00046, 0.00209, 0.00089] z=0.1060
[lowlevel-sim][GT] t=66.251 quat=[0.47693, -0.52252, 0.49342, 0.50601] angvel=[-0.02842, 0.00604, 0.00921] linvel=[-6e-05, -0.00523, 0.00299] z=0.1061
[lowlevel-sim][GT] t=66.301 quat=[0.47703, -0.52251, 0.49314, 0.50621] angvel=[0.07805, 0.00193, 0.00607] linvel=[0.00418, 0.00085, -0.00518] z=0.1061
[lowlevel-sim][GT] t=66.351 quat=[0.47698, -0.52255, 0.49308, 0.50626] angvel=[-0.04101, 0.00146, 0.03173] linvel=[0.00997, -0.00803, 0.00463] z=0.1062
[lowlevel-sim][GT] t=66.401 quat=[0.47703, -0.52239, 0.493, 0.50647] angvel=[-0.01462, -0.02012, 0.00255] linvel=[0.00024, 0.00072, 0.00703] z=0.1062
[lowlevel-sim][GT] t=66.451 quat=[0.47712, -0.52238, 0.4929, 0.50649] angvel=[-0.01185, 0.02822, 0.03018] linvel=[0.00557, -0.00548, 0.00029] z=0.1063
[lowlevel-sim] t=  66.50 mode=cmd        pd=37680 hold=9225 failclosed=287 rtf=0.268 base_z=+0.106 pitch=+1.539 roll=+3.128 |tau|max= 35.00 sat=2/29 knee_L=+0.273 hip_p_L=-0.106 torn=11377 cmd_age=42.8ms auth=208.3s rig_ign=654 fix_base=0 sat_j=left_ankle_roll_joint:+35.0,right_ankle_roll_joint:-35.0
[lowlevel-sim][GT] t=66.501 quat=[0.47738, -0.5223, 0.49277, 0.50644] angvel=[-0.0149, -0.02383, -0.015] linvel=[-0.00154, -0.00329, 0.00397] z=0.1063
[lowlevel-sim][GT] t=66.551 quat=[0.4774, -0.52224, 0.49275, 0.50651] angvel=[-0.00969, 0.02151, 0.03192] linvel=[0.00645, -0.00734, -0.00071] z=0.1064
[lowlevel-sim][GT] t=66.601 quat=[0.47745, -0.52222, 0.49273, 0.50651] angvel=[-0.00068, 0.00314, -0.02368] linvel=[0.00033, -0.00025, 0.00161] z=0.1064
[lowlevel-sim][GT] t=66.651 quat=[0.47746, -0.52211, 0.49266, 0.50667] angvel=[-0.00786, 0.01518, 0.02887] linvel=[0.00568, -0.00365, 0.00184] z=0.1065
[lowlevel-sim][GT] t=66.701 quat=[0.47761, -0.52194, 0.49264, 0.50672] angvel=[0.0366, 0.03392, -0.0068] linvel=[-0.0003, -0.00282, -0.0034] z=0.1066
[lowlevel-sim][GT] t=66.751 quat=[0.47751, -0.52194, 0.49281, 0.50665] angvel=[-0.01598, 0.00773, 0.00839] linvel=[0.003, -0.0033, 0.00364] z=0.1066
[lowlevel-sim] FAIL-CLOSED engaged at t=66.760s, last command age 85.66 ms (deadline <= 100 ms) PASS
[lowlevel-sim] COMMANDED at t=66.772s (was fail-closed)
[lowlevel-sim][GT] t=66.801 quat=[0.47594, -0.52317, 0.49402, 0.50568] angvel=[0.08195, 0.02038, 0.01099] linvel=[-0.00855, 0.00046, -0.00142] z=0.1058
[lowlevel-sim][GT] t=66.851 quat=[0.47613, -0.52273, 0.49364, 0.50634] angvel=[0.003, -0.00362, 0.00035] linvel=[-0.00601, -0.00025, 0.00106] z=0.1060
[lowlevel-sim][GT] t=66.901 quat=[0.47655, -0.52248, 0.49337, 0.50646] angvel=[0.02914, 0.04706, 0.00971] linvel=[-0.00487, -0.00213, -0.00024] z=0.1061
[lowlevel-sim][GT] t=66.951 quat=[0.47699, -0.52245, 0.49331, 0.50614] angvel=[-0.02762, -0.039, -0.0127] linvel=[-0.00186, -0.00593, 0.00383] z=0.1062
[lowlevel-sim] t=  67.00 mode=cmd        pd=37935 hold=9225 failclosed=298 rtf=0.268 base_z=+0.106 pitch=+1.539 roll=+3.123 |tau|max= 35.00 sat=2/29 knee_L=+0.273 hip_p_L=-0.107 torn=11398 cmd_age=22.5ms auth=210.1s rig_ign=654 fix_base=0 sat_j=left_ankle_roll_joint:+35.0,right_ankle_roll_joint:-35.0
[lowlevel-sim][GT] t=67.001 quat=[0.47727, -0.52234, 0.49323, 0.50606] angvel=[0.00846, 0.03794, -0.00449] linvel=[-0.00307, 0.00012, 5e-05] z=0.1062
[lowlevel-sim][GT] t=67.051 quat=[0.47733, -0.52241, 0.4931, 0.50606] angvel=[-0.00176, -0.00739, -0.00887] linvel=[-0.00357, -0.00675, -1e-05] z=0.1063
[lowlevel-sim][GT] t=67.101 quat=[0.47761, -0.5222, 0.49302, 0.50608] angvel=[-0.02475, 0.07037, 0.02834] linvel=[0.00392, -0.0032, 0.00238] z=0.1064
[lowlevel-sim][GT] t=67.151 quat=[0.47766, -0.52226, 0.49303, 0.50596] angvel=[-0.02177, 0.00111, -0.03918] linvel=[0.00094, -0.00202, 0.00233] z=0.1064
[lowlevel-sim][GT] t=67.201 quat=[0.47786, -0.52217, 0.493, 0.5059] angvel=[-0.01972, 0.01894, 0.01884] linvel=[0.00621, -0.00407, 0.00114] z=0.1064
[lowlevel-sim][GT] t=67.251 quat=[0.47776, -0.5221, 0.49312, 0.50596] angvel=[-0.01755, 0.00557, -0.0135] linvel=[0.00314, -0.00546, -0.00051] z=0.1064
[lowlevel-sim][GT] t=67.301 quat=[0.47759, -0.5221, 0.49312, 0.50612] angvel=[0.04179, 0.00503, 0.02174] linvel=[0.00116, -0.00165, -0.00364] z=0.1063
[lowlevel-sim][GT] t=67.351 quat=[0.47747, -0.52233, 0.493, 0.50611] angvel=[-0.0018, -0.03632, 0.0055] linvel=[0.0021, -0.0072, -0.00086] z=0.1063
[lowlevel-sim][GT] t=67.401 quat=[0.47738, -0.52227, 0.49296, 0.50629] angvel=[0.02413, 0.02824, 0.03105] linvel=[0.00022, -0.00264, -0.00073] z=0.1064
[lowlevel-sim][GT] t=67.451 quat=[0.47729, -0.52231, 0.49303, 0.50626] angvel=[-0.02415, -0.02212, -0.01735] linvel=[-0.00345, -0.00619, 0.00194] z=0.1064
[lowlevel-sim] t=  67.50 mode=cmd        pd=38185 hold=9225 failclosed=298 rtf=0.269 base_z=+0.106 pitch=+1.539 roll=+3.122 |tau|max= 35.00 sat=2/29 knee_L=+0.273 hip_p_L=-0.107 torn=11416 cmd_age=29.4ms auth=211.8s rig_ign=654 fix_base=0 sat_j=left_ankle_roll_joint:+35.0,right_ankle_roll_joint:-35.0
[lowlevel-sim][GT] t=67.501 quat=[0.47738, -0.52221, 0.4929, 0.50641] angvel=[0.00785, 0.00964, 0.02236] linvel=[-0.00159, -0.00233, -0.00126] z=0.1064
[lowlevel-sim][GT] t=67.551 quat=[0.47752, -0.52221, 0.4929, 0.50629] angvel=[-0.00718, -0.02796, -0.05983] linvel=[-0.00717, -0.005, 0.00171] z=0.1064
[lowlevel-sim][GT] t=67.601 quat=[0.4777, -0.52204, 0.49282, 0.50636] angvel=[0.05071, -0.00702, 0.01666] linvel=[0.0016, 0.00025, -0.00135] z=0.1065
[lowlevel-sim][GT] t=67.651 quat=[0.47787, -0.52209, 0.49292, 0.50605] angvel=[-0.03687, -0.02463, -0.04979] linvel=[-0.00321, -0.00696, 0.00195] z=0.1065
[lowlevel-sim][GT] t=67.701 quat=[0.47803, -0.52195, 0.4929, 0.50607] angvel=[0.00477, 0.00718, 0.00808] linvel=[0.00625, -0.00068, 0.00151] z=0.1065
[lowlevel-sim][GT] t=67.751 quat=[0.47796, -0.52192, 0.49298, 0.50608] angvel=[-0.03275, -0.00061, 0.00683] linvel=[0.00153, -0.00454, 0.00146] z=0.1065
[lowlevel-sim][GT] t=67.801 quat=[0.47786, -0.52195, 0.49296, 0.50617] angvel=[0.03651, 0.02044, 0.02789] linvel=[0.00756, -0.00328, -0.00373] z=0.1065
[lowlevel-sim][GT] t=67.851 quat=[0.47788, -0.52194, 0.49311, 0.50601] angvel=[-0.02322, -0.0036, 0.02876] linvel=[0.00445, -0.00589, 0.00043] z=0.1064
[lowlevel-sim][GT] t=67.901 quat=[0.47778, -0.5218, 0.49307, 0.50629] angvel=[-0.02433, 0.07469, 0.03854] linvel=[0.00775, -0.00091, 0.00345] z=0.1065
[lowlevel-sim][GT] t=67.951 quat=[0.47749, -0.52193, 0.49313, 0.50638] angvel=[-0.06751, 0.03096, 0.0099] linvel=[0.00087, -0.00391, 0.00637] z=0.1065
[lowlevel-sim] t=  68.00 mode=cmd        pd=38435 hold=9225 failclosed=298 rtf=0.269 base_z=+0.106 pitch=+1.540 roll=+3.108 |tau|max= 35.00 sat=2/29 knee_L=+0.274 hip_p_L=-0.107 torn=11446 cmd_age=29.4ms auth=213.3s rig_ign=654 fix_base=0 sat_j=left_ankle_roll_joint:+35.0,right_ankle_roll_joint:-35.0
[lowlevel-sim][GT] t=68.001 quat=[0.47757, -0.52183, 0.4931, 0.50644] angvel=[-0.01669, -0.06361, -0.02495] linvel=[-0.00488, -0.00146, 0.0029] z=0.1065
[lowlevel-sim][GT] t=68.051 quat=[0.47768, -0.52185, 0.49313, 0.50627] angvel=[-0.0522, -0.01363, 0.00275] linvel=[-0.00087, -0.00608, 0.0031] z=0.1065
[lowlevel-sim][GT] t=68.101 quat=[0.47779, -0.5217, 0.49331, 0.50615] angvel=[-0.0092, -0.05364, -0.02751] linvel=[-0.00477, -0.0017, 0.00235] z=0.1065
[lowlevel-sim][GT] t=68.151 quat=[0.47764, -0.52183, 0.49338, 0.50609] angvel=[-0.02454, -0.00095, 0.01285] linvel=[-0.00343, -0.00796, 0.00074] z=0.1064
[lowlevel-sim][GT] t=68.201 quat=[0.47771, -0.52174, 0.49333, 0.50616] angvel=[-0.00678, -0.05571, -0.02463] linvel=[-0.00675, -0.00125, 0.00251] z=0.1064
[lowlevel-sim][GT] t=68.251 quat=[0.47779, -0.52181, 0.49343, 0.50593] angvel=[-0.03992, 0.02173, 0.01285] linvel=[-0.00419, -0.00654, 0.00299] z=0.1064
[lowlevel-sim] FAIL-CLOSED engaged at t=68.270s, last command age 87.16 ms (deadline <= 100 ms) PASS
[lowlevel-sim] COMMANDED at t=68.272s (was fail-closed)
[lowlevel-sim][GT] t=68.301 quat=[0.47756, -0.52189, 0.49364, 0.50585] angvel=[0.05917, -0.07675, -0.00852] linvel=[-0.00943, -0.00093, -0.00329] z=0.1063
[lowlevel-sim][GT] t=68.351 quat=[0.47767, -0.52183, 0.49349, 0.50596] angvel=[-0.01034, -0.00203, 0.00193] linvel=[-0.00487, -0.00606, 0.00115] z=0.1064
[lowlevel-sim][GT] t=68.401 quat=[0.47785, -0.5218, 0.49344, 0.50586] angvel=[-0.02346, -0.05041, -0.00787] linvel=[-0.00745, -0.0032, 0.00144] z=0.1063
[lowlevel-sim][GT] t=68.451 quat=[0.47786, -0.52184, 0.49346, 0.50579] angvel=[-0.02465, -0.01331, -0.00119] linvel=[-0.00195, -0.00641, -0.00055] z=0.1064
[lowlevel-sim] t=  68.50 mode=cmd        pd=38685 hold=9225 failclosed=299 rtf=0.269 base_z=+0.106 pitch=+1.539 roll=-3.139 |tau|max= 35.00 sat=2/29 knee_L=+0.273 hip_p_L=-0.106 torn=11457 cmd_age=21.1ms auth=215.0s rig_ign=654 fix_base=0 sat_j=left_ankle_roll_joint:+35.0,right_ankle_roll_joint:-35.0
[lowlevel-sim][GT] t=68.501 quat=[0.47802, -0.52194, 0.49325, 0.50575] angvel=[-0.01518, -0.02634, -0.00807] linvel=[0.00404, -0.00185, 0.00272] z=0.1064
[lowlevel-sim][GT] t=68.551 quat=[0.47778, -0.52197, 0.49321, 0.50598] angvel=[-0.02078, -0.01616, 0.01159] linvel=[0.00091, -0.00591, 0.00194] z=0.1064
[lowlevel-sim][GT] t=68.601 quat=[0.47767, -0.52192, 0.49305, 0.5063] angvel=[0.06258, 0.02876, 0.01993] linvel=[-0.00547, 0.00146, -0.00439] z=0.1064
[lowlevel-sim][GT] t=68.651 quat=[0.47757, -0.5219, 0.49301, 0.50645] angvel=[-0.05145, -0.0436, -0.02651] linvel=[-0.00488, -0.00383, 0.00426] z=0.1065
[lowlevel-sim] FAIL-CLOSED engaged at t=68.680s, last command age 92.78 ms (deadline <= 100 ms) PASS
[lowlevel-sim] COMMANDED at t=68.688s (was fail-closed)
[lowlevel-sim][GT] t=68.701 quat=[0.47676, -0.52282, 0.49388, 0.50542] angvel=[0.01078, -0.05643, 0.00651] linvel=[-0.00487, 0.00072, -0.00068] z=0.1060
[lowlevel-sim][GT] t=68.751 quat=[0.47721, -0.52253, 0.49344, 0.50572] angvel=[-0.00355, 0.01543, 0.04555] linvel=[0.00409, -0.00416, 0.00244] z=0.1062
[lowlevel-sim][GT] t=68.801 quat=[0.47743, -0.5222, 0.49326, 0.50603] angvel=[0.02221, 0.02086, -0.0019] linvel=[-0.00167, 0.00293, 0.00151] z=0.1063
[lowlevel-sim][GT] t=68.851 quat=[0.4775, -0.52226, 0.49315, 0.50601] angvel=[-0.01587, -0.01924, -0.01991] linvel=[0.00118, -0.00882, 0.00051] z=0.1063
[lowlevel-sim][GT] t=68.901 quat=[0.47767, -0.52204, 0.49312, 0.5061] angvel=[0.01071, 0.01555, 0.0166] linvel=[0.0031, 0.00016, -0.00044] z=0.1064
[lowlevel-sim][GT] t=68.951 quat=[0.47758, -0.52207, 0.49321, 0.50607] angvel=[-0.0131, -0.03075, -0.04114] linvel=[0.00014, -0.00579, 0.00047] z=0.1064
[lowlevel-sim] FAIL-CLOSED engaged at t=68.960s, last command age 107.53 ms (deadline <= 100 ms) FAIL
[lowlevel-sim] COMMANDED at t=68.962s (was fail-closed)
[lowlevel-sim] t=  69.00 mode=cmd        pd=38938 hold=9225 failclosed=307 rtf=0.269 base_z=+0.106 pitch=+1.539 roll=+3.120 |tau|max=  8.32 sat=0/29 knee_L=+0.274 hip_p_L=-0.107 torn=11483 cmd_age=34.4ms auth=216.5s rig_ign=654 fix_base=0
[lowlevel-sim][GT] t=69.001 quat=[0.47744, -0.52215, 0.49322, 0.50611] angvel=[-0.00123, -0.01488, 0.00517] linvel=[0.00115, -0.00061, 0.00271] z=0.1064
[lowlevel-sim][GT] t=69.051 quat=[0.47741, -0.52201, 0.49305, 0.50645] angvel=[0.03912, 0.03828, -0.00743] linvel=[-0.00351, -0.00049, -0.00157] z=0.1064
[lowlevel-sim][GT] t=69.101 quat=[0.47729, -0.52217, 0.49304, 0.5064] angvel=[-0.02497, -0.02083, -0.0001] linvel=[-0.00156, -0.00269, 0.0027] z=0.1064
[lowlevel-sim][GT] t=69.151 quat=[0.47738, -0.5221, 0.49291, 0.50652] angvel=[0.0579, -0.00299, -0.00312] linvel=[-0.00246, 0.00112, -0.00483] z=0.1064
[lowlevel-sim][GT] t=69.201 quat=[0.47734, -0.52222, 0.49299, 0.50636] angvel=[-0.00321, 0.00319, -0.0016] linvel=[-0.00175, -0.00347, 0.00119] z=0.1064
[lowlevel-sim][GT] t=69.251 quat=[0.47757, -0.52212, 0.49293, 0.5063] angvel=[0.02554, 0.0253, -0.0004] linvel=[-0.0016, -0.00133, -0.00203] z=0.1064
[lowlevel-sim][GT] t=69.301 quat=[0.47755, -0.52203, 0.49308, 0.50626] angvel=[-0.02293, 0.04233, 0.03579] linvel=[0.00292, -0.00609, 0.00074] z=0.1064
[lowlevel-sim][GT] t=69.351 quat=[0.47772, -0.52197, 0.49297, 0.50627] angvel=[0.06079, 0.01488, -0.0129] linvel=[-0.00025, 0.00347, -0.00227] z=0.1064
[lowlevel-sim][GT] t=69.401 quat=[0.47779, -0.52196, 0.49307, 0.50612] angvel=[-0.04348, 0.04121, 0.04753] linvel=[0.00147, -0.00549, 0.00057] z=0.1065
[lowlevel-sim][GT] t=69.451 quat=[0.47799, -0.52182, 0.49298, 0.50616] angvel=[0.03107, 0.00082, -0.0116] linvel=[-0.00127, 0.00294, -3e-05] z=0.1065
[lowlevel-sim] t=  69.50 mode=cmd        pd=39188 hold=9225 failclosed=307 rtf=0.269 base_z=+0.107 pitch=+1.540 roll=-3.138 |tau|max=  9.91 sat=0/29 knee_L=+0.273 hip_p_L=-0.106 torn=11515 cmd_age=33.8ms auth=218.3s rig_ign=654 fix_base=0
[lowlevel-sim][GT] t=69.501 quat=[0.47805, -0.52189, 0.49303, 0.50598] angvel=[-0.02599, 0.0432, 0.04281] linvel=[0.00153, -0.00711, 0.0015] z=0.1065
[lowlevel-sim][GT] t=69.551 quat=[0.47816, -0.52187, 0.49292, 0.50601] angvel=[-0.00135, 0.0092, 0.00313] linvel=[0.00152, 0.00084, 0.0014] z=0.1065
[lowlevel-sim][GT] t=69.601 quat=[0.47802, -0.52192, 0.49292, 0.50609] angvel=[-0.02976, 0.02478, 0.0297] linvel=[0.00081, -0.00638, 0.00069] z=0.1065
[lowlevel-sim][GT] t=69.651 quat=[0.47797, -0.52187, 0.49288, 0.50622] angvel=[0.03126, -0.03411, -0.01392] linvel=[-0.00412, 0.00043, -0.00239] z=0.1065
[lowlevel-sim][GT] t=69.701 quat=[0.47779, -0.522, 0.49288, 0.50627] angvel=[-0.03853, 0.03055, 0.05075] linvel=[0.00016, -0.00457, 0.0025] z=0.1065
[lowlevel-sim][GT] t=69.751 quat=[0.4778, -0.52194, 0.49281, 0.50638] angvel=[0.04856, 0.01878, -8e-05] linvel=[-0.00315, 0.00281, -0.00079] z=0.1065
[lowlevel-sim] FAIL-CLOSED engaged at t=69.800s, last command age 87.76 ms (deadline <= 100 ms) PASS
[lowlevel-sim][GT] t=69.801 quat=[0.47771, -0.52198, 0.49288, 0.50635] angvel=[-0.13341, 0.04249, 0.04454] linvel=[0.00377, -0.00585, -0.00265] z=0.1065
[lowlevel-sim] COMMANDED at t=69.802s (was fail-closed)
[lowlevel-sim][GT] t=69.851 quat=[0.4777, -0.5221, 0.49306, 0.50607] angvel=[-0.01966, 0.05103, 0.04921] linvel=[0.003, -0.00512, 0.00164] z=0.1065
[lowlevel-sim][GT] t=69.901 quat=[0.47782, -0.52205, 0.49283, 0.50624] angvel=[0.05621, 0.00754, 0.01123] linvel=[0.00376, 0.00165, -0.00461] z=0.1065
[lowlevel-sim][GT] t=69.951 quat=[0.47788, -0.52203, 0.49284, 0.50619] angvel=[-0.02947, 0.03733, 0.00499] linvel=[0.00269, -0.00428, 0.00105] z=0.1065
[lowlevel-sim] t=  70.00 mode=cmd        pd=39439 hold=9225 failclosed=309 rtf=0.270 base_z=+0.107 pitch=+1.540 roll=+3.132 |tau|max= 35.00 sat=2/29 knee_L=+0.274 hip_p_L=-0.106 torn=11544 cmd_age=34.4ms auth=220.1s rig_ign=654 fix_base=0 sat_j=left_ankle_roll_joint:+35.0,right_ankle_roll_joint:-35.0
[lowlevel-sim][GT] t=70.001 quat=[0.4779, -0.52187, 0.49277, 0.5064] angvel=[0.05196, 0.01616, 0.01069] linvel=[0.00547, 0.00317, -0.00139] z=0.1066
[lowlevel-sim][GT] t=70.051 quat=[0.47775, -0.52197, 0.49267, 0.50653] angvel=[-0.01661, 0.02489, 0.03327] linvel=[0.00272, -0.00557, -0.00096] z=0.1066
[lowlevel-sim][GT] t=70.101 quat=[0.47758, -0.52206, 0.49259, 0.50668] angvel=[0.06882, -0.00164, 0.00326] linvel=[0.00278, -0.00121, -0.00553] z=0.1066
[lowlevel-sim][GT] t=70.151 quat=[0.47749, -0.52213, 0.49259, 0.5067] angvel=[-0.01425, 0.00744, 0.0351] linvel=[-0.00104, -0.0047, 0.00214] z=0.1066
[lowlevel-sim][GT] t=70.201 quat=[0.47736, -0.52205, 0.49248, 0.50701] angvel=[0.02567, 0.03645, 0.00216] linvel=[-5e-05, 0.0024, 0.00012] z=0.1066
[lowlevel-sim][GT] t=70.251 quat=[0.47723, -0.52218, 0.49247, 0.507] angvel=[-0.05515, 0.03394, 0.04364] linvel=[-0.00026, -0.00821, 0.00239] z=0.1066
[lowlevel-sim][GT] t=70.301 quat=[0.47739, -0.52218, 0.49243, 0.50689] angvel=[-0.02698, 0.0956, 0.02591] linvel=[0.0047, -0.00398, 0.00144] z=0.1066
[lowlevel-sim][GT] t=70.351 quat=[0.47749, -0.52225, 0.49255, 0.50662] angvel=[-0.01911, 0.01332, -0.00263] linvel=[-0.00099, -0.00199, 0.00383] z=0.1066
[lowlevel-sim][GT] t=70.401 quat=[0.47773, -0.52204, 0.49244, 0.50671] angvel=[0.02758, 0.00363, 0.0038] linvel=[0.00464, -0.00214, -0.00154] z=0.1067
[lowlevel-sim][GT] t=70.451 quat=[0.47784, -0.52207, 0.49257, 0.50644] angvel=[-0.0351, 0.02025, 0.00219] linvel=[0.00102, -0.00562, 0.00172] z=0.1067
[lowlevel-sim] t=  70.50 mode=cmd        pd=39689 hold=9225 failclosed=309 rtf=0.270 base_z=+0.107 pitch=+1.541 roll=+3.139 |tau|max= 35.00 sat=2/29 knee_L=+0.274 hip_p_L=-0.106 torn=11575 cmd_age=29.5ms auth=221.8s rig_ign=654 fix_base=0 sat_j=left_ankle_roll_joint:+35.0,right_ankle_roll_joint:-35.0
[lowlevel-sim][GT] t=70.501 quat=[0.47801, -0.52184, 0.49255, 0.50654] angvel=[-0.03791, 0.11595, 0.04613] linvel=[0.00667, -0.00063, 0.00523] z=0.1067
[lowlevel-sim][GT] t=70.551 quat=[0.47788, -0.52197, 0.49271, 0.50637] angvel=[-0.03887, 0.02229, -0.00881] linvel=[-0.0028, -0.0037, 0.00262] z=0.1067
[lowlevel-sim][GT] t=70.601 quat=[0.478, -0.52193, 0.49266, 0.50634] angvel=[-0.01612, -0.01811, -0.00063] linvel=[0.00513, -0.00365, 0.00035] z=0.1066
[lowlevel-sim][GT] t=70.651 quat=[0.47826, -0.52182, 0.49272, 0.50615] angvel=[-0.02953, 0.00231, 0.01662] linvel=[0.0033, -0.00693, 0.00023] z=0.1067
[lowlevel-sim][GT] t=70.701 quat=[0.47806, -0.52175, 0.49269, 0.50645] angvel=[0.0032, -0.01427, 0.0034] linvel=[0.00199, 0.00175, 0.00343] z=0.1067
[lowlevel-sim][GT] t=70.751 quat=[0.47782, -0.52194, 0.49271, 0.50646] angvel=[-0.02652, 0.0441, 0.05308] linvel=[0.00347, -0.00792, -0.00051] z=0.1067
[lowlevel-sim][GT] t=70.801 quat=[0.47765, -0.52196, 0.49261, 0.50669] angvel=[-0.05517, 0.06501, 0.02363] linvel=[0.00646, -0.00375, 0.00389] z=0.1066
[lowlevel-sim][GT] t=70.851 quat=[0.47761, -0.52216, 0.4927, 0.50645] angvel=[-0.02335, 0.01757, 0.005] linvel=[0.00019, -0.00165, 0.0008] z=0.1066
[lowlevel-sim][GT] t=70.901 quat=[0.47775, -0.52198, 0.49266, 0.50654] angvel=[-0.0351, 0.01371, 0.00465] linvel=[0.00649, -0.00459, 0.00338] z=0.1066
[lowlevel-sim][GT] t=70.951 quat=[0.4776, -0.52201, 0.49271, 0.5066] angvel=[-0.04063, 0.04254, 0.01858] linvel=[-0.00166, -0.00467, 0.00271] z=0.1066
[lowlevel-sim] t=  71.00 mode=cmd        pd=39939 hold=9225 failclosed=309 rtf=0.270 base_z=+0.107 pitch=+1.540 roll=+3.120 |tau|max= 35.00 sat=2/29 knee_L=+0.274 hip_p_L=-0.106 torn=11599 cmd_age=75.9ms auth=223.6s rig_ign=654 fix_base=0 sat_j=left_ankle_roll_joint:+35.0,right_ankle_roll_joint:-35.0
[lowlevel-sim][GT] t=71.001 quat=[0.4777, -0.52189, 0.49271, 0.50663] angvel=[0.06151, -0.0019, -0.00203] linvel=[0.00209, 0.00086, -0.00455] z=0.1066
[lowlevel-sim][GT] t=71.051 quat=[0.4777, -0.52199, 0.49269, 0.50654] angvel=[-0.01816, -0.00522, -0.01585] linvel=[0.00332, -0.00303, 0.00083] z=0.1066
[lowlevel-sim][GT] t=71.101 quat=[0.47768, -0.52202, 0.49266, 0.50656] angvel=[0.05597, 0.00775, -0.00161] linvel=[0.00322, 0.00077, -0.00496] z=0.1066
[lowlevel-sim][GT] t=71.151 quat=[0.47747, -0.52218, 0.49263, 0.50662] angvel=[0.00232, -0.00667, 0.00098] linvel=[0.00094, -0.00203, 0.0005] z=0.1065
[lowlevel-sim][GT] t=71.201 quat=[0.47733, -0.5221, 0.49257, 0.5069] angvel=[0.07072, 0.01929, 0.02012] linvel=[0.0011, 0.0026, -0.00488] z=0.1066
[lowlevel-sim][GT] t=71.251 quat=[0.47737, -0.52204, 0.49261, 0.50688] angvel=[-0.03924, 0.02748, 0.00945] linvel=[-0.00455, -0.00361, 0.00235] z=0.1066
[lowlevel-sim][GT] t=71.301 quat=[0.47751, -0.52199, 0.49253, 0.50688] angvel=[0.02323, 0.01661, -0.00398] linvel=[0.00306, 0.00014, -0.00044] z=0.1066
[lowlevel-sim][GT] t=71.351 quat=[0.47744, -0.52206, 0.49264, 0.50676] angvel=[-0.02574, 0.04379, 0.04551] linvel=[0.00138, -0.00567, 0.00076] z=0.1066
[lowlevel-sim][GT] t=71.401 quat=[0.47768, -0.52207, 0.49258, 0.50659] angvel=[-0.01068, 0.03584, 0.02331] linvel=[0.00469, -0.00207, 0.00099] z=0.1066
[lowlevel-sim][GT] t=71.451 quat=[0.47754, -0.52209, 0.49279, 0.5065] angvel=[-0.04299, 0.00242, 0.00519] linvel=[0.00124, -0.00864, 0.0043] z=0.1066
[lowlevel-sim] t=  71.50 mode=cmd        pd=40189 hold=9225 failclosed=309 rtf=0.270 base_z=+0.107 pitch=+1.540 roll=+3.118 |tau|max= 35.00 sat=2/29 knee_L=+0.274 hip_p_L=-0.106 torn=11611 cmd_age=32.2ms auth=225.3s rig_ign=654 fix_base=0 sat_j=left_ankle_roll_joint:+35.0,right_ankle_roll_joint:-35.0
[lowlevel-sim][GT] t=71.501 quat=[0.47756, -0.52201, 0.49271, 0.50663] angvel=[6e-05, -0.07298, -0.03537] linvel=[-0.00081, 9e-05, 0.00313] z=0.1066
[lowlevel-sim][GT] t=71.551 quat=[0.47754, -0.52195, 0.49284, 0.50659] angvel=[-0.01647, -0.0344, -0.04701] linvel=[-0.0044, -0.00728, 0.00154] z=0.1066
[lowlevel-sim][GT] t=71.601 quat=[0.47778, -0.52179, 0.49282, 0.50656] angvel=[0.0491, 0.04276, 0.00504] linvel=[-0.00081, 0.00447, -0.0019] z=0.1066
[lowlevel-sim][GT] t=71.651 quat=[0.47757, -0.52189, 0.49293, 0.50653] angvel=[-0.03754, -0.04762, -0.04791] linvel=[-0.00882, -0.00764, 0.00084] z=0.1066
[lowlevel-sim][GT] t=71.701 quat=[0.47774, -0.52177, 0.4929, 0.50653] angvel=[0.04353, 0.02987, 0.00138] linvel=[-0.00238, 0.00095, -0.00299] z=0.1066
[lowlevel-sim][GT] t=71.751 quat=[0.47779, -0.52196, 0.49285, 0.50633] angvel=[-0.02411, -0.03412, -0.02744] linvel=[-0.00727, -0.00741, -0.00062] z=0.1066
[lowlevel-sim][GT] t=71.801 quat=[0.47756, -0.52205, 0.49278, 0.50653] angvel=[0.04979, 0.04055, 0.00633] linvel=[-0.00332, 0.00022, -0.00192] z=0.1066
[lowlevel-sim][GT] t=71.851 quat=[0.47752, -0.52211, 0.49289, 0.50639] angvel=[-0.05136, -0.02589, -0.00789] linvel=[-0.00647, -0.00767, 0.00338] z=0.1065
[lowlevel-sim][GT] t=71.901 quat=[0.47762, -0.52197, 0.4927, 0.50662] angvel=[0.03741, 0.00681, -0.00421] linvel=[-0.00075, 0.00288, -0.00018] z=0.1066
[lowlevel-sim][GT] t=71.951 quat=[0.47786, -0.52185, 0.4928, 0.50643] angvel=[-0.01642, -7e-05, 0.01475] linvel=[-0.00183, -0.00335, 0.00159] z=0.1066
[lowlevel-sim] t=  72.00 mode=cmd        pd=40439 hold=9225 failclosed=309 rtf=0.270 base_z=+0.107 pitch=+1.540 roll=+3.125 |tau|max= 35.00 sat=2/29 knee_L=+0.274 hip_p_L=-0.106 torn=11633 cmd_age=26.2ms auth=226.8s rig_ign=654 fix_base=0 sat_j=left_ankle_roll_joint:+35.0,right_ankle_roll_joint:-35.0
[lowlevel-sim][GT] t=72.001 quat=[0.47787, -0.52181, 0.49278, 0.50648] angvel=[0.08778, -0.02326, -0.02259] linvel=[0.00213, 0.00065, -0.00521] z=0.1066
[lowlevel-sim][GT] t=72.051 quat=[0.4779, -0.52177, 0.49283, 0.50643] angvel=[-0.03725, 0.01619, 0.02667] linvel=[0.00823, -0.0071, 0.00091] z=0.1067
[lowlevel-sim][GT] t=72.101 quat=[0.4779, -0.52169, 0.49278, 0.50658] angvel=[0.02767, 0.04089, 0.02229] linvel=[-0.00092, -0.00198, -0.00218] z=0.1067
[lowlevel-sim][GT] t=72.151 quat=[0.47776, -0.52177, 0.49292, 0.50649] angvel=[-0.03322, -0.00503, -0.00364] linvel=[-0.00115, -0.00315, 0.00498] z=0.1067
[lowlevel-sim][GT] t=72.201 quat=[0.47795, -0.52169, 0.49285, 0.50647] angvel=[0.00967, -0.0056, -0.01605] linvel=[0.00118, -0.0017, -0.00099] z=0.1067
[lowlevel-sim][GT] t=72.251 quat=[0.47786, -0.52176, 0.49293, 0.50639] angvel=[-0.03491, -0.00088, 0.00778] linvel=[0.00305, -0.00154, 0.00238] z=0.1066
[lowlevel-sim][GT] t=72.301 quat=[0.47782, -0.52168, 0.49294, 0.5065] angvel=[0.04978, 0.00156, -0.00123] linvel=[-0.00328, -0.00098, -0.00352] z=0.1066
[lowlevel-sim][GT] t=72.351 quat=[0.47758, -0.52178, 0.49298, 0.5066] angvel=[-0.04411, 0.02555, 0.02168] linvel=[-0.00475, -0.00383, 0.0029] z=0.1066
[lowlevel-sim][GT] t=72.401 quat=[0.47752, -0.5218, 0.4929, 0.5067] angvel=[-0.04432, 0.03228, 0.0085] linvel=[0.00034, -0.00445, 0.00562] z=0.1066
[lowlevel-sim][GT] t=72.451 quat=[0.47757, -0.5218, 0.49302, 0.50654] angvel=[-0.0352, 0.03056, 0.01156] linvel=[-0.00212, 0.00081, 0.00371] z=0.1066
[lowlevel-sim] t=  72.50 mode=cmd        pd=40689 hold=9225 failclosed=309 rtf=0.270 base_z=+0.107 pitch=+1.540 roll=+3.096 |tau|max= 35.00 sat=2/29 knee_L=+0.275 hip_p_L=-0.107 torn=11649 cmd_age=54.6ms auth=228.8s rig_ign=654 fix_base=0 sat_j=left_ankle_roll_joint:+35.0,right_ankle_roll_joint:-35.0
[lowlevel-sim][GT] t=72.501 quat=[0.47744, -0.52174, 0.49299, 0.50676] angvel=[0.02766, 0.06162, 0.0293] linvel=[-0.00212, -0.00277, -0.0001] z=0.1066
[lowlevel-sim][GT] t=72.551 quat=[0.47751, -0.52183, 0.49292, 0.50667] angvel=[-0.02419, -0.03361, 0.00439] linvel=[-0.00465, -0.0039, 9e-05] z=0.1066
[lowlevel-sim][GT] t=72.601 quat=[0.47768, -0.52176, 0.49283, 0.50666] angvel=[-0.00368, 0.09425, 0.04077] linvel=[-0.00056, -0.00376, 0.00052] z=0.1066
[lowlevel-sim][GT] t=72.651 quat=[0.47761, -0.52195, 0.49283, 0.50653] angvel=[-0.03107, -0.0312, -0.00095] linvel=[-0.00323, -0.00569, 0.00109] z=0.1066
[lowlevel-sim][GT] t=72.701 quat=[0.47778, -0.52195, 0.49282, 0.50639] angvel=[0.02275, 0.05498, 0.01511] linvel=[-0.00156, -0.0009, 5e-05] z=0.1066
[lowlevel-sim][GT] t=72.751 quat=[0.47783, -0.52198, 0.49286, 0.50626] angvel=[-0.03995, -0.00661, -0.02173] linvel=[0.00246, -0.00471, 0.00191] z=0.1066
[lowlevel-sim][GT] t=72.801 quat=[0.47798, -0.52195, 0.49289, 0.50613] angvel=[0.02475, 0.04413, 0.01658] linvel=[0.00657, -0.00015, -0.0018] z=0.1066
[lowlevel-sim][GT] t=72.851 quat=[0.47801, -0.52204, 0.49284, 0.50605] angvel=[-0.046, -0.0146, 0.00162] linvel=[0.00672, -0.00405, 0.00358] z=0.1066
[lowlevel-sim][GT] t=72.901 quat=[0.47806, -0.52194, 0.49278, 0.50617] angvel=[-0.0124, 0.02788, 0.00945] linvel=[0.00605, -0.00181, 0.00306] z=0.1066
[lowlevel-sim][GT] t=72.951 quat=[0.47798, -0.52204, 0.49272, 0.5062] angvel=[-0.07561, 0.00171, -0.01227] linvel=[0.0057, -0.00321, 0.00922] z=0.1066
[lowlevel-sim] t=  73.00 mode=cmd        pd=40939 hold=9225 failclosed=309 rtf=0.270 base_z=+0.107 pitch=+1.540 roll=+3.141 |tau|max= 35.00 sat=2/29 knee_L=+0.274 hip_p_L=-0.106 torn=11659 cmd_age=48.0ms auth=230.6s rig_ign=654 fix_base=0 sat_j=left_ankle_roll_joint:+35.0,right_ankle_roll_joint:-35.0
[lowlevel-sim][GT] t=73.001 quat=[0.47797, -0.52193, 0.49275, 0.5063] angvel=[0.02174, 0.02218, 0.01192] linvel=[0.00458, -0.00138, -0.00271] z=0.1066
[lowlevel-sim][GT] t=73.051 quat=[0.47799, -0.52196, 0.49277, 0.50622] angvel=[-0.04318, -0.01964, -0.00868] linvel=[0.0051, -0.00411, 0.00443] z=0.1067
[lowlevel-sim][GT] t=73.101 quat=[0.47797, -0.52184, 0.49273, 0.5064] angvel=[0.04242, 0.0113, 0.00451] linvel=[0.00323, 0.00297, -0.00117] z=0.1067
[lowlevel-sim][GT] t=73.151 quat=[0.47783, -0.52185, 0.49271, 0.50654] angvel=[-0.01023, -0.01943, 0.00181] linvel=[0.0055, -0.00228, 0.0021] z=0.1067
[lowlevel-sim][GT] t=73.201 quat=[0.47783, -0.52195, 0.49268, 0.50648] angvel=[0.04701, 0.04102, 0.01046] linvel=[0.00469, -0.00117, -0.00554] z=0.1067
[lowlevel-sim][GT] t=73.251 quat=[0.4775, -0.52205, 0.49275, 0.50661] angvel=[-0.02075, -0.00474, -0.01297] linvel=[-0.00042, -0.0058, 0.00211] z=0.1066
[lowlevel-sim][GT] t=73.301 quat=[0.47745, -0.522, 0.49261, 0.50683] angvel=[0.02964, -0.00069, -0.00756] linvel=[-0.00436, -0.0011, -0.00151] z=0.1067
[lowlevel-sim][GT] t=73.351 quat=[0.47738, -0.52203, 0.49259, 0.5069] angvel=[-0.03347, -0.04102, 0.00151] linvel=[0.00039, -0.00542, 0.00143] z=0.1067
[lowlevel-sim][GT] t=73.401 quat=[0.47763, -0.5219, 0.49251, 0.50688] angvel=[-0.01787, 0.07222, 0.03244] linvel=[0.00748, -0.00101, 0.00441] z=0.1067
[lowlevel-sim][GT] t=73.451 quat=[0.47771, -0.52188, 0.49259, 0.50674] angvel=[-0.04323, -0.00642, 0.00845] linvel=[0.00264, -0.00464, 0.00291] z=0.1068
[lowlevel-sim] t=  73.50 mode=cmd        pd=41189 hold=9225 failclosed=309 rtf=0.270 base_z=+0.107 pitch=+1.541 roll=+3.131 |tau|max= 35.00 sat=2/29 knee_L=+0.275 hip_p_L=-0.106 torn=11669 cmd_age=27.7ms auth=232.6s rig_ign=654 fix_base=0 sat_j=left_ankle_roll_joint:+35.0,right_ankle_roll_joint:-35.0
[lowlevel-sim][GT] t=73.501 quat=[0.47781, -0.52192, 0.49253, 0.50666] angvel=[0.02924, 0.00671, -0.00452] linvel=[0.00314, 0.00084, -0.00061] z=0.1067
[lowlevel-sim][GT] t=73.551 quat=[0.47777, -0.522, 0.49271, 0.50645] angvel=[-0.02926, -0.03552, -0.00207] linvel=[0.00103, -0.00488, 0.00051] z=0.1067
[lowlevel-sim][GT] t=73.601 quat=[0.47792, -0.52197, 0.49274, 0.50631] angvel=[0.00886, 0.04421, -0.01882] linvel=[0.00568, -0.00245, -0.00055] z=0.1066
[lowlevel-sim][GT] t=73.651 quat=[0.47783, -0.52198, 0.49285, 0.50628] angvel=[-0.02285, -0.00486, -0.0068] linvel=[0.00293, -0.00169, 0.00349] z=0.1066
[lowlevel-sim][GT] t=73.701 quat=[0.4777, -0.52192, 0.49279, 0.50652] angvel=[0.00815, 0.0577, 0.01745] linvel=[-0.00015, -0.00096, 0.00154] z=0.1066
[lowlevel-sim][GT] t=73.751 quat=[0.47752, -0.522, 0.49283, 0.50657] angvel=[-0.03132, -0.00728, -0.01175] linvel=[-0.00139, -0.00216, 0.00365] z=0.1066
[lowlevel-sim][GT] t=73.801 quat=[0.47757, -0.52199, 0.49272, 0.50664] angvel=[0.06176, 0.0113, 0.00128] linvel=[-0.00164, 0.0006, -0.00519] z=0.1066
[lowlevel-sim][GT] t=73.851 quat=[0.47756, -0.52203, 0.49279, 0.50653] angvel=[-0.01342, -0.01046, 0.00586] linvel=[0.00114, -0.00593, 0.00167] z=0.1066
[lowlevel-sim][GT] t=73.901 quat=[0.47769, -0.52196, 0.49268, 0.50659] angvel=[0.04336, 0.0428, 0.03172] linvel=[0.00614, -0.00028, -0.00181] z=0.1066
[lowlevel-sim][GT] t=73.951 quat=[0.47777, -0.52176, 0.49273, 0.50668] angvel=[-0.02126, 0.02525, 0.00159] linvel=[-0.00465, -0.00092, 0.00331] z=0.1067
[lowlevel-sim] t=  74.00 mode=cmd        pd=41439 hold=9225 failclosed=309 rtf=0.270 base_z=+0.107 pitch=+1.541 roll=+3.120 |tau|max= 35.00 sat=2/29 knee_L=+0.275 hip_p_L=-0.106 torn=11679 cmd_age=29.8ms auth=234.5s rig_ign=654 fix_base=0 sat_j=left_ankle_roll_joint:+35.0,right_ankle_roll_joint:-35.0
[lowlevel-sim][GT] t=74.001 quat=[0.47795, -0.52165, 0.4928, 0.50656] angvel=[0.02366, 0.00509, -0.0173] linvel=[0.00205, -0.0018, -0.00064] z=0.1067
[lowlevel-sim][GT] t=74.051 quat=[0.47801, -0.52177, 0.49293, 0.50625] angvel=[-0.04222, 0.00801, 0.00638] linvel=[-0.00064, -0.0029, 0.00356] z=0.1067
[lowlevel-sim][GT] t=74.101 quat=[0.47812, -0.52166, 0.49298, 0.50621] angvel=[0.02875, 0.01412, 0.00536] linvel=[0.00359, 0.00021, -0.00254] z=0.1067
[lowlevel-sim][GT] t=74.151 quat=[0.47811, -0.52168, 0.493, 0.50617] angvel=[0.00332, 0.00987, 0.03351] linvel=[0.00069, -0.00367, 0.00058] z=0.1067
[lowlevel-sim][GT] t=74.201 quat=[0.47793, -0.52183, 0.49295, 0.50624] angvel=[0.02216, 0.02698, 0.00528] linvel=[-0.00024, -0.0023, 0.00212] z=0.1066
[lowlevel-sim][GT] t=74.251 quat=[0.47782, -0.52182, 0.49294, 0.50636] angvel=[-0.03114, 0.03244, 0.04638] linvel=[0.00095, -0.00703, 0.00186] z=0.1067
[lowlevel-sim][GT] t=74.301 quat=[0.47804, -0.52173, 0.49284, 0.50635] angvel=[0.00859, -0.00566, -0.00893] linvel=[-0.00227, -0.00246, -0.00087] z=0.1067
[lowlevel-sim][GT] t=74.351 quat=[0.47805, -0.52177, 0.49285, 0.50629] angvel=[-0.03203, -0.01995, -0.00543] linvel=[-0.00021, -0.00378, 0.00171] z=0.1067
[lowlevel-sim][GT] t=74.401 quat=[0.47819, -0.52176, 0.49271, 0.5063] angvel=[-0.06642, -0.06585, -0.03574] linvel=[-0.00298, -0.00489, 0.00491] z=0.1067
[lowlevel-sim][GT] t=74.451 quat=[0.47799, -0.52188, 0.49278, 0.5063] angvel=[-0.04967, -0.0381, -0.00979] linvel=[0.0039, -0.00387, 0.00282] z=0.1067
[lowlevel-sim] t=  74.50 mode=cmd        pd=41689 hold=9225 failclosed=309 rtf=0.270 base_z=+0.107 pitch=+1.541 roll=-3.137 |tau|max= 35.00 sat=2/29 knee_L=+0.274 hip_p_L=-0.106 torn=11698 cmd_age=22.9ms auth=236.0s rig_ign=654 fix_base=0 sat_j=left_ankle_roll_joint:+35.0,right_ankle_roll_joint:-35.0
[lowlevel-sim][GT] t=74.501 quat=[0.47816, -0.5218, 0.49268, 0.50631] angvel=[0.05522, 0.00729, -0.00338] linvel=[0.00202, 0.00101, -0.00522] z=0.1067
[lowlevel-sim][GT] t=74.551 quat=[0.47791, -0.5219, 0.49276, 0.50637] angvel=[-0.0274, 0.00509, -0.02202] linvel=[0.0023, -0.00441, 0.00173] z=0.1067
[lowlevel-sim][GT] t=74.601 quat=[0.4779, -0.52184, 0.49275, 0.50644] angvel=[-0.02045, 0.03841, 0.02902] linvel=[-0.00035, -0.00378, 0.00308] z=0.1067
[lowlevel-sim][GT] t=74.651 quat=[0.47759, -0.52193, 0.49275, 0.50665] angvel=[-0.06206, 0.0144, 0.01632] linvel=[-0.00504, -0.00383, 0.00735] z=0.1067
[lowlevel-sim][GT] t=74.701 quat=[0.47781, -0.52191, 0.4926, 0.5066] angvel=[0.09433, -0.0038, -0.0083] linvel=[-0.00153, 0.00221, -0.00727] z=0.1067
[lowlevel-sim][GT] t=74.751 quat=[0.47778, -0.52195, 0.4927, 0.5065] angvel=[-0.04234, 0.02306, -0.0383] linvel=[-0.00482, -0.0068, 0.00322] z=0.1067
[lowlevel-sim][GT] t=74.801 quat=[0.47789, -0.52195, 0.49261, 0.50648] angvel=[0.03191, 0.0159, 0.00828] linvel=[0.00353, 0.00078, -0.00255] z=0.1067
[lowlevel-sim][GT] t=74.851 quat=[0.47798, -0.52193, 0.49276, 0.50627] angvel=[-0.02196, 0.03398, 0.00857] linvel=[0.00151, -0.00357, 0.00108] z=0.1067
[lowlevel-sim][GT] t=74.901 quat=[0.47821, -0.52178, 0.4927, 0.50627] angvel=[-0.01814, -0.01642, -0.01013] linvel=[0.00013, -0.00135, 0.00249] z=0.1068
[lowlevel-sim][GT] t=74.951 quat=[0.47816, -0.52181, 0.4927, 0.50628] angvel=[-0.0144, -0.00741, -0.00905] linvel=[0.00629, -0.0053, -0.00028] z=0.1068
[lowlevel-sim] t=  75.00 mode=cmd        pd=41939 hold=9225 failclosed=309 rtf=0.271 base_z=+0.107 pitch=+1.541 roll=-3.141 |tau|max= 35.00 sat=2/29 knee_L=+0.274 hip_p_L=-0.106 torn=11721 cmd_age=28.6ms auth=237.5s rig_ign=654 fix_base=0 sat_j=left_ankle_roll_joint:+35.0,right_ankle_roll_joint:-35.0
[lowlevel-sim][GT] t=75.001 quat=[0.47813, -0.52179, 0.49269, 0.50634] angvel=[0.00549, -0.00474, 0.00156] linvel=[0.00433, -0.00367, -0.00086] z=0.1067
[lowlevel-sim][GT] t=75.051 quat=[0.47809, -0.52178, 0.49285, 0.50625] angvel=[-0.02672, -0.03501, -0.02582] linvel=[0.00242, -0.01071, 0.00141] z=0.1068
[lowlevel-sim][GT] t=75.101 quat=[0.47817, -0.52169, 0.49294, 0.50617] angvel=[-0.01006, 0.02938, 0.02124] linvel=[0.00351, -0.00158, 0.00019] z=0.1067
[lowlevel-sim][GT] t=75.151 quat=[0.47805, -0.52174, 0.4931, 0.50608] angvel=[-0.01615, -0.02508, -0.05617] linvel=[-0.00061, -0.0057, 0.00047] z=0.1067
[lowlevel-sim][GT] t=75.201 quat=[0.4783, -0.52149, 0.49312, 0.50607] angvel=[-0.02338, 0.00495, -0.01208] linvel=[0.0031, -0.00236, 0.00238] z=0.1067
[lowlevel-sim][GT] t=75.251 quat=[0.47827, -0.52155, 0.49321, 0.50596] angvel=[-0.02624, -0.04108, -0.0475] linvel=[-0.00241, -0.00768, -0.00019] z=0.1067
[lowlevel-sim][GT] t=75.301 quat=[0.4785, -0.52146, 0.49315, 0.50588] angvel=[-0.012, 0.00126, -0.00169] linvel=[0.00183, -0.00293, 0.00082] z=0.1067
[lowlevel-sim][GT] t=75.351 quat=[0.47839, -0.52154, 0.49329, 0.50576] angvel=[-0.03923, -0.03467, -0.04068] linvel=[-0.00109, -0.00792, 0.00103] z=0.1067
[lowlevel-sim][GT] t=75.401 quat=[0.4784, -0.52144, 0.49327, 0.50589] angvel=[-0.0186, -0.01749, -0.00625] linvel=[0.00067, -0.00426, 0.00175] z=0.1067
[lowlevel-sim][GT] t=75.451 quat=[0.47843, -0.52148, 0.49328, 0.5058] angvel=[-0.00619, -0.03981, -0.04027] linvel=[-0.00202, -0.00813, 0.00277] z=0.1067
[lowlevel-sim] t=  75.50 mode=cmd        pd=42189 hold=9225 failclosed=309 rtf=0.271 base_z=+0.107 pitch=+1.541 roll=+3.140 |tau|max= 35.00 sat=2/29 knee_L=+0.274 hip_p_L=-0.106 torn=11745 cmd_age=54.8ms auth=239.1s rig_ign=654 fix_base=0 sat_j=left_ankle_roll_joint:+35.0,right_ankle_roll_joint:-35.0
[lowlevel-sim][GT] t=75.501 quat=[0.47858, -0.52133, 0.49317, 0.50594] angvel=[0.0304, -0.03907, -0.00449] linvel=[0.00368, 0.00219, -0.00113] z=0.1068
[lowlevel-sim][GT] t=75.551 quat=[0.47858, -0.52127, 0.49338, 0.50579] angvel=[-0.02984, -0.05064, -0.04226] linvel=[-0.00013, -0.00893, 0.00187] z=0.1067
[lowlevel-sim][GT] t=75.601 quat=[0.47866, -0.52121, 0.49341, 0.50574] angvel=[0.02354, -0.0038, 0.01527] linvel=[0.00381, -7e-05, -0.00274] z=0.1067
[lowlevel-sim][GT] t=75.651 quat=[0.47845, -0.52122, 0.49358, 0.50576] angvel=[-0.04838, -0.03628, -0.05613] linvel=[-0.00109, -0.00854, 0.00272] z=0.1067
[lowlevel-sim][GT] t=75.701 quat=[0.47857, -0.52108, 0.49363, 0.50574] angvel=[-0.01595, -0.00203, 0.00946] linvel=[-0.00027, -0.00177, 0.00189] z=0.1067
[lowlevel-sim][GT] t=75.751 quat=[0.4784, -0.52115, 0.49367, 0.50579] angvel=[-0.00492, -0.04344, -0.04674] linvel=[-0.00638, -0.0089, 0.00222] z=0.1067
[lowlevel-sim][GT] t=75.801 quat=[0.47866, -0.5211, 0.49355, 0.50571] angvel=[0.01135, -0.04046, -0.00626] linvel=[-0.00212, -0.0019, -6e-05] z=0.1067
[lowlevel-sim][GT] t=75.851 quat=[0.47863, -0.52111, 0.49356, 0.50572] angvel=[-0.00685, -0.04177, -0.0552] linvel=[-0.00949, -0.0073, -0.00085] z=0.1068
[lowlevel-sim][GT] t=75.901 quat=[0.47838, -0.5211, 0.49346, 0.50607] angvel=[0.00298, 0.07396, 0.03999] linvel=[-0.00164, -0.00385, 0.00194] z=0.1068
[lowlevel-sim][GT] t=75.951 quat=[0.47826, -0.52115, 0.49348, 0.50611] angvel=[0.01354, 0.00418, 0.01321] linvel=[-0.00422, -0.00822, 0.00034] z=0.1068
[lowlevel-sim] t=  76.00 mode=cmd        pd=42439 hold=9225 failclosed=309 rtf=0.271 base_z=+0.107 pitch=+1.541 roll=+3.114 |tau|max= 35.00 sat=2/29 knee_L=+0.275 hip_p_L=-0.107 torn=11778 cmd_age=49.4ms auth=240.9s rig_ign=654 fix_base=0 sat_j=left_ankle_roll_joint:+35.0,right_ankle_roll_joint:-35.0
[lowlevel-sim][GT] t=76.001 quat=[0.47836, -0.52115, 0.49331, 0.50618] angvel=[-0.04294, -0.03641, -0.00205] linvel=[-0.00168, -0.00374, 0.00375] z=0.1068
[lowlevel-sim][GT] t=76.051 quat=[0.47823, -0.52131, 0.49338, 0.50608] angvel=[-0.03987, -0.00151, 0.00042] linvel=[-0.00651, -0.00489, 0.0021] z=0.1068
[lowlevel-sim][GT] t=76.101 quat=[0.47835, -0.52135, 0.49331, 0.50598] angvel=[0.079, 0.00022, -0.03769] linvel=[-0.00836, -0.00075, -0.00461] z=0.1067
[lowlevel-sim][GT] t=76.151 quat=[0.47842, -0.52138, 0.49333, 0.50587] angvel=[-0.00766, -0.0328, -0.01462] linvel=[0.00016, -0.00587, -0.0015] z=0.1068
[lowlevel-sim][GT] t=76.201 quat=[0.47849, -0.52123, 0.49338, 0.50591] angvel=[-0.05522, 0.01065, 0.02349] linvel=[-0.00738, -0.00444, 0.00254] z=0.1068
[lowlevel-sim][GT] t=76.251 quat=[0.47815, -0.52146, 0.49341, 0.50596] angvel=[-0.01851, -0.01518, -0.0108] linvel=[-0.00326, -0.00218, 0.00308] z=0.1067
[lowlevel-sim][GT] t=76.301 quat=[0.47831, -0.52139, 0.49327, 0.50602] angvel=[-0.00074, -0.05799, -0.02614] linvel=[-0.00381, -0.00263, 0.00247] z=0.1067
[lowlevel-sim][GT] t=76.351 quat=[0.47829, -0.52149, 0.49324, 0.50596] angvel=[-0.02018, -0.04635, -0.04828] linvel=[-0.00115, -0.00742, 0.00233] z=0.1068
[lowlevel-sim][GT] t=76.401 quat=[0.47832, -0.52142, 0.49312, 0.50612] angvel=[-0.0167, 0.02878, 0.0267] linvel=[0.00335, -0.00188, 0.00314] z=0.1068
[lowlevel-sim][GT] t=76.451 quat=[0.47826, -0.52148, 0.49318, 0.50607] angvel=[-0.03061, -0.00861, -0.00923] linvel=[0.00051, -2e-05, 0.00439] z=0.1068
[lowlevel-sim] t=  76.50 mode=cmd        pd=42689 hold=9225 failclosed=309 rtf=0.271 base_z=+0.107 pitch=+1.541 roll=+3.119 |tau|max= 35.00 sat=2/29 knee_L=+0.276 hip_p_L=-0.107 torn=11798 cmd_age=26.7ms auth=242.7s rig_ign=654 fix_base=0 sat_j=left_ankle_roll_joint:+35.0,right_ankle_roll_joint:-35.0
[lowlevel-sim][GT] t=76.501 quat=[0.47821, -0.52135, 0.49311, 0.50632] angvel=[0.02224, 0.05155, 0.01108] linvel=[-0.00408, 0.00242, 0.00229] z=0.1069
[lowlevel-sim][GT] t=76.551 quat=[0.47826, -0.52137, 0.49301, 0.50634] angvel=[-0.01235, -0.01148, 0.02186] linvel=[-0.00109, -0.00248, 0.00136] z=0.1069
[lowlevel-sim][GT] t=76.601 quat=[0.47832, -0.52139, 0.49301, 0.50627] angvel=[0.03987, 0.01774, 0.00619] linvel=[0.00428, 9e-05, -0.00167] z=0.1069
[lowlevel-sim][GT] t=76.651 quat=[0.47824, -0.52137, 0.49308, 0.5063] angvel=[-0.00113, -0.00961, -0.01248] linvel=[-0.00292, -0.0026, 0.00131] z=0.1069
[lowlevel-sim][GT] t=76.701 quat=[0.47835, -0.52125, 0.49305, 0.50634] angvel=[0.04517, -0.0196, 0.01344] linvel=[-0.00396, -0.00225, -0.00354] z=0.1069
[lowlevel-sim][GT] t=76.751 quat=[0.47838, -0.52131, 0.49309, 0.50622] angvel=[-0.01732, -0.00871, -0.00404] linvel=[-0.00156, -0.0071, -0.00182] z=0.1069
[lowlevel-sim][GT] t=76.801 quat=[0.47836, -0.52129, 0.49311, 0.50623] angvel=[0.00602, -0.01169, -0.02183] linvel=[-0.00447, -0.00335, -0.00124] z=0.1069
[lowlevel-sim][GT] t=76.851 quat=[0.47833, -0.52138, 0.49319, 0.50609] angvel=[-0.05008, 0.00629, 0.0385] linvel=[0.00494, -0.00754, 0.00468] z=0.1069
[lowlevel-sim][GT] t=76.901 quat=[0.47838, -0.52127, 0.49319, 0.50615] angvel=[0.00491, 0.00198, 0.01392] linvel=[-0.00296, -0.00359, -0.00032] z=0.1069
[lowlevel-sim][GT] t=76.951 quat=[0.47846, -0.52124, 0.49319, 0.50612] angvel=[-0.03828, 0.03938, 0.02427] linvel=[0.00367, -0.00393, 0.00189] z=0.1069
[lowlevel-sim] t=  77.00 mode=cmd        pd=42939 hold=9225 failclosed=309 rtf=0.271 base_z=+0.107 pitch=+1.541 roll=+3.134 |tau|max= 35.00 sat=2/29 knee_L=+0.276 hip_p_L=-0.106 torn=11817 cmd_age=23.0ms auth=244.3s rig_ign=654 fix_base=0 sat_j=left_ankle_roll_joint:+35.0,right_ankle_roll_joint:-35.0
[lowlevel-sim][GT] t=77.001 quat=[0.47864, -0.52116, 0.49309, 0.50612] angvel=[-0.01108, -0.04783, -0.01573] linvel=[-0.00571, -0.00169, 0.00191] z=0.1069
[lowlevel-sim][GT] t=77.051 quat=[0.47851, -0.52129, 0.49312, 0.50609] angvel=[-0.00724, 0.00228, 0.0214] linvel=[0.0077, -0.00788, -0.00192] z=0.1069
[lowlevel-sim][GT] t=77.101 quat=[0.47863, -0.52123, 0.49305, 0.5061] angvel=[-0.00886, -0.01616, 0.00687] linvel=[-0.00083, -0.00218, 0.00037] z=0.1069
[lowlevel-sim][GT] t=77.151 quat=[0.47863, -0.52125, 0.49323, 0.5059] angvel=[-0.00104, -0.00892, -0.00154] linvel=[0.00389, -0.00287, -0.00039] z=0.1069
[lowlevel-sim][GT] t=77.201 quat=[0.47871, -0.52117, 0.49327, 0.50587] angvel=[-0.04569, -0.01286, -0.01522] linvel=[0.00306, -0.00285, 0.00446] z=0.1069
[lowlevel-sim][GT] t=77.251 quat=[0.47866, -0.52129, 0.49327, 0.50579] angvel=[-0.05493, 0.03982, 0.05202] linvel=[0.01034, -0.00787, -0.00031] z=0.1069
