Authorization required, but no authorization protocol specified

Authorization required, but no authorization protocol specified

Authorization required, but no authorization protocol specified

Authorization required, but no authorization protocol specified

Authorization required, but no authorization protocol specified

cat: '/sys/devices/system/cpu/cpu*/cpufreq/scaling_governor': No such file or directory
Authorization required, but no authorization protocol specified

Authorization required, but no authorization protocol specified

[Info] [carb] Logging to file: /isaac-sim/kit/logs/Kit/Isaac-Sim Python/5.1/kit_20260822_124600.log
[0.141s] [ext: omni.kit.async_engine-0.0.3] startup
[1.068s] [ext: omni.metrics.core-0.0.3] startup
[1.069s] [ext: omni.client.lib-1.1.0] startup
[1.108s] [ext: omni.blobkey-1.1.2] startup
[1.108s] [ext: omni.stats-1.0.1] startup
[1.118s] [ext: omni.datastore-0.0.0] startup
[1.125s] [ext: omni.client-1.3.0] startup
[1.132s] [ext: omni.ujitso.default-1.0.0] startup
[1.135s] [ext: omni.hsscclient-1.1.2] startup
[1.157s] [ext: omni.gpu_foundation.shadercache.vulkan-1.0.0] startup
[1.192s] [ext: omni.assets.plugins-0.0.0] startup
[1.194s] [ext: omni.gpu_foundation-0.0.0] startup
[1.206s] [ext: carb.windowing.plugins-1.0.0] startup
2026-08-22T12:46:01Z [1,165ms] [Warning] [carb.windowing-glfw.plugin] GLFW initialization failed.
2026-08-22T12:46:01Z [1,165ms] [Warning] [carb] Failed to startup plugin carb.windowing-glfw.plugin (interfaces: [carb::windowing::IGLContext v1.0],[carb::windowing::IWindowing v1.5]) (impl: carb.windowing-glfw.plugin)
[1.208s] [ext: omni.kit.renderer.init-0.0.0] startup
2026-08-22T12:46:01Z [1,213ms] [Warning] [omni.platforminfo.plugin] failed to open the default display.  Can't verify X Server version.
2026-08-22T12:46:02Z [1,429ms] [Warning] [carb.windowing-glfw.plugin] GLFW initialization failed.
2026-08-22T12:46:02Z [1,429ms] [Warning] [carb] Failed to startup plugin carb.windowing-glfw.plugin (interfaces: [carb::windowing::IGLContext v1.0],[carb::windowing::IWindowing v1.5]) (impl: carb.windowing-glfw.plugin)

|---------------------------------------------------------------------------------------------|
| Driver Version: 580.105.08    | Graphics API: Vulkan
|=============================================================================================|
| GPU | Name                             | Active | LDA | GPU Memory | Vendor-ID | LUID       |
|     |                                  |        |     |            | Device-ID | UUID       |
|     |                                  |        |     |            | Bus-ID    |            |
|---------------------------------------------------------------------------------------------|
| 0   | NVIDIA GeForce RTX 4090          | Yes: 0 |     | 24810   MB | 10de      | 0          |
|     |                                  |        |     |            | 2684      | ea3ff652.. |
|     |                                  |        |     |            | 0         |            |
|=============================================================================================|
| OS: 24.04.2 LTS (Noble Numbat) ubuntu, Version: 24.04.2, Kernel: 6.8.0-87-generic
| Processor: AMD EPYC 7713 64-Core Processor
| Cores: 40 | Logical Cores: 40
|---------------------------------------------------------------------------------------------|
| Total Memory (MB): 135018 | Free Memory: 128545
| Total Page/Swap (MB): 0 | Free Page/Swap: 0
|---------------------------------------------------------------------------------------------|
[2.244s] [ext: omni.kit.pipapi-0.0.0] startup
[2.258s] [ext: omni.kit.pip_archive-0.0.0] startup
[2.266s] [ext: omni.pip.compute-1.6.3] startup
[2.273s] [ext: omni.materialx.libs-1.0.7] startup
[2.290s] [ext: omni.pip.cloud-1.4.3] startup
[2.321s] [ext: omni.isaac.core_archive-3.0.0] startup
[2.329s] [ext: omni.usd.config-1.0.6] startup
[2.344s] [ext: omni.gpucompute.plugins-0.0.0] startup
[2.345s] [ext: omni.usd.libs-1.0.1] startup
[2.447s] [ext: omni.kit.telemetry-0.5.2] startup
[2.563s] [ext: omni.mdl-56.0.3] startup
[3.152s] [ext: omni.iray.libs-0.0.0] startup
[3.160s] [ext: omni.mdl.neuraylib-0.2.12] startup
[3.178s] [ext: omni.kit.usd.mdl-1.1.5] startup
[3.398s] [ext: omni.isaac.ml_archive-3.0.4] startup
[3.407s] [ext: omni.kit.loop-isaac-1.3.7] startup
[3.422s] [ext: omni.kit.test-2.0.1] startup
[3.830s] [ext: omni.appwindow-1.1.10] startup
2026-08-22T12:46:04Z [3,789ms] [Warning] [carb.windowing-glfw.plugin] GLFW initialization failed.
2026-08-22T12:46:04Z [3,789ms] [Warning] [carb] Failed to startup plugin carb.windowing-glfw.plugin (interfaces: [carb::windowing::IGLContext v1.0],[carb::windowing::IWindowing v1.5]) (impl: carb.windowing-glfw.plugin)
Authorization required, but no authorization protocol specified

2026-08-22T12:46:04Z [3,791ms] [Warning] [carb.windowing-glfw.plugin] GLFW initialization failed.
2026-08-22T12:46:04Z [3,791ms] [Warning] [carb] Failed to startup plugin carb.windowing-glfw.plugin (interfaces: [carb::windowing::IGLContext v1.0],[carb::windowing::IWindowing v1.5]) (impl: carb.windowing-glfw.plugin)
2026-08-22T12:46:04Z [3,791ms] [Error] [omni.appwindow.plugin] Failed to acquire IWindowing interface
2026-08-22T12:46:04Z [3,791ms] [Error] [omni.appwindow.plugin] IAppWindow::startup failed
Authorization required, but no authorization protocol specified

Authorization required, but no authorization protocol specified

[3.840s] [ext: omni.kit.renderer.core-1.1.0] startup
2026-08-22T12:46:04Z [3,825ms] [Warning] [carb.windowing-glfw.plugin] GLFW initialization failed.
2026-08-22T12:46:04Z [3,825ms] [Warning] [carb] Failed to startup plugin carb.windowing-glfw.plugin (interfaces: [carb::windowing::IGLContext v1.0],[carb::windowing::IWindowing v1.5]) (impl: carb.windowing-glfw.plugin)
[3.877s] [ext: omni.kit.renderer.capture-0.0.0] startup
[3.892s] [ext: omni.kit.renderer.imgui-2.0.5] startup
2026-08-22T12:46:04Z [3,856ms] [Warning] [carb.windowing-glfw.plugin] GLFW initialization failed.
2026-08-22T12:46:04Z [3,856ms] [Warning] [carb] Failed to startup plugin carb.windowing-glfw.plugin (interfaces: [carb::windowing::IGLContext v1.0],[carb::windowing::IWindowing v1.5]) (impl: carb.windowing-glfw.plugin)
2026-08-22T12:46:04Z [3,856ms] [Warning] [omni.ui.windowmanager.plugin] Failed to set app window for default window set!
[3.908s] [ext: omni.ui-2.27.1] startup
[3.934s] [ext: omni.kit.mainwindow-1.0.3] startup
[3.944s] [ext: carb.audio-0.1.0] startup
[3.951s] [ext: omni.uiaudio-1.0.0] startup
[3.959s] [ext: omni.kit.uiapp-0.0.0] startup
[3.959s] [ext: omni.usd.schema.metrics.assembler-107.3.1] startup
[3.972s] [ext: omni.usd.schema.audio-0.0.0] startup
[3.984s] [ext: omni.anim.graph.schema-107.3.3] startup
[4.007s] [ext: omni.usd_resolver-1.0.0] startup
[4.018s] [ext: omni.usd.core-1.5.3] startup
[4.021s] [ext: omni.usd.schema.render_settings.rtx-0.0.0] startup
[4.093s] [ext: omni.usd.schema.semantics-0.0.0] startup
[4.103s] [ext: isaacsim.robot.schema-3.6.0] startup
[4.129s] [ext: omni.usd.schema.geospatial-0.0.0] startup
[4.140s] [ext: omni.usd.schema.anim-0.0.0] startup
[4.173s] [ext: omni.kit.window.popup_dialog-2.0.24] startup
[4.194s] [ext: usdrt.scenegraph-7.6.1] startup
[4.282s] [ext: omni.timeline-1.0.14] startup
[4.289s] [ext: omni.resourcemonitor-107.0.1] startup
[4.301s] [ext: omni.activity.core-1.0.3] startup
[4.309s] [ext: omni.kit.widget.nucleus_connector-2.0.1] startup
[4.329s] [ext: omni.hydra.usdrt_delegate-7.5.1] startup
[4.344s] [ext: omni.kit.actions.core-1.0.0] startup
[4.356s] [ext: omni.graph.exec-0.9.6] startup
[4.356s] [ext: omni.kit.commands-1.4.10] startup
[4.380s] [ext: omni.kit.usd_undo-0.1.8] startup
[4.387s] [ext: omni.kit.exec.core-0.13.4] startup
[4.400s] [ext: omni.kit.audiodeviceenum-1.0.2] startup
[4.409s] [ext: omni.hydra.scene_delegate-0.3.4] startup
[4.415s] [ext: omni.usd-1.13.10] startup
[4.510s] [ext: omni.kit.asset_converter-5.0.17] startup
[4.546s] [ext: omni.usd.schema.flow-107.1.1] startup
[4.555s] [ext: omni.usd.schema.omnigraph-1.0.0] startup
[4.575s] [ext: omni.usd.schema.omni_sensors-0.0.0] startup
[4.586s] [ext: omni.anim.navigation.schema-107.3.3] startup
[4.602s] [ext: omni.inspect-1.0.2] startup
[4.610s] [ext: omni.kit.notification_manager-1.0.10] startup
[4.625s] [ext: omni.graph.core-2.184.5] startup
[4.629s] [ext: isaacsim.core.deprecation_manager-0.2.7] startup
[4.639s] [ext: omni.usd.schema.physx-107.3.26] startup
[4.697s] [ext: omni.usd.schema.isaac-3.0.5] startup
[4.697s] [ext: omni.usd.schema.omniscripting-1.0.0] startup
[4.715s] [ext: omni.usd.schema.omni_lens_distortion-0.0.0] startup
[4.726s] [ext: omni.kvdb-107.3.26] startup
[4.737s] [ext: omni.usdphysics-107.3.26] startup
[4.747s] [ext: omni.physx.foundation-107.3.26] startup
[4.758s] [ext: omni.localcache-107.3.26] startup
[4.769s] [ext: omni.convexdecomposition-107.3.26] startup
[4.780s] [ext: omni.physx.cooking-107.3.26] startup
[4.793s] [ext: omni.physx-107.3.26] startup
[4.823s] [ext: omni.physics-107.3.26] startup
[4.838s] [ext: omni.kit.usd.layers-2.2.11] startup
[4.889s] [ext: omni.physics.physx-107.3.26] startup
2026-08-22T12:46:05Z [4,847ms] [Warning] [carb] Acquiring non optional plugin interface which is not listed as dependency: [omni::physx::IPhysxBenchmarks v1.0] (plugin: <default plugin>), by client: omni.physics.physx.plugin. Add it to CARB_PLUGIN_IMPL_DEPS() macro of a client.
[4.899s] [ext: omni.physics.stageupdate-107.3.26] startup
[4.913s] [ext: omni.kit.numpy.common-0.1.3] startup
[4.925s] [ext: isaacsim.core.version-2.0.6] startup
[4.937s] [ext: omni.isaac.dynamic_control-2.0.7] startup
2026-08-22T12:46:05Z [4,914ms] [Warning] [omni.isaac.dynamic_control] omni.isaac.dynamic_control is deprecated as of Isaac Sim 4.5. No action is needed from end-users.
[4.960s] [ext: isaacsim.storage.native-1.5.1] startup
[4.980s] [ext: omni.kit.menu.core-1.1.2] startup
[4.994s] [ext: omni.kit.helper.file_utils-0.1.9] startup
[5.008s] [ext: omni.usd.metrics.assembler-107.3.1] startup
[5.031s] [ext: omni.kit.widget.context_menu-1.2.5] startup
[5.045s] [ext: omni.warp.core-1.8.2] startup
[5.552s] [ext: omni.usd.metrics.assembler.physics-107.3.26] startup
[5.577s] [ext: omni.physics.tensors-107.3.26] startup
[5.630s] [ext: omni.kit.context_menu-1.8.6] startup
[5.667s] [ext: omni.kit.clipboard-1.0.5] startup
[5.678s] [ext: isaacsim.core.utils-3.5.1] startup
[5.708s] [ext: omni.kit.widget.filebrowser-2.12.3] startup
[5.794s] [ext: omni.kit.widget.options_menu-1.1.6] startup
[5.819s] [ext: omni.kit.widget.path_field-2.0.11] startup
[5.834s] [ext: omni.index.libs-380600.8087.0] startup
[5.834s] [ext: omni.ui.scene-1.11.5] startup
[5.846s] [ext: omni.kit.widget.options_button-1.0.3] startup
[5.863s] [ext: omni.kit.widget.browser_bar-2.0.10] startup
[5.885s] [ext: omni.index-1.0.1] startup
[5.887s] [ext: omni.hydra.rtx.shadercache.vulkan-1.0.0] startup
[5.904s] [ext: omni.kit.window.filepicker-2.13.4] startup
[6.080s] [ext: omni.volume-0.5.2] startup
[6.091s] [ext: omni.ujitso.client-0.0.0] startup
[6.091s] [ext: omni.graph.tools-1.79.2] startup
[6.286s] [ext: omni.graph.image.core-0.6.1] startup
[6.287s] [ext: omni.hydra.rtx-1.0.0] startup
2026-08-22T12:46:06Z [6,266ms] [Warning] [omni.log] Source: omni.hydra was already registered.
[6.335s] [ext: omni.kit.window.file_importer-1.1.18] startup
[6.353s] [ext: omni.kit.menu.utils-2.0.5] startup
[6.418s] [ext: omni.graph.image.nodes-1.3.1] startup
[6.420s] [ext: omni.kit.widget.searchable_combobox-1.0.6] startup
[6.435s] [ext: omni.kit.hydra_texture-1.4.6] startup
[6.451s] [ext: omni.kit.material.library-2.0.7] startup
[6.497s] [ext: omni.hydra.engine.stats-1.0.3] startup
[6.509s] [ext: omni.kit.viewport.scene_camera_model-1.0.6] startup
[6.524s] [ext: omni.kit.widget.settings-1.2.6] startup
[6.548s] [ext: omni.kit.viewport.legacy_gizmos-1.0.19] startup
[6.560s] [ext: omni.kit.widget.viewport-107.1.3] startup
[6.608s] [ext: omni.kit.viewport.registry-104.0.6] startup
[6.619s] [ext: omni.kit.raycast.query-1.1.0] startup
[6.637s] [ext: omni.physx.tensors-107.3.26] startup
[6.642s] [ext: omni.kit.window.drop_support-1.0.5] startup
[6.655s] [ext: omni.kit.primitive.mesh-1.0.17] startup
[6.713s] [ext: omni.kit.viewport.window-107.2.0] startup
2026-08-22T12:46:07Z [6,745ms] [Error] [omni.kit.window.drop_support.drop_support] Cannot setup ExternalDragDrop without a default window
2026-08-22T12:46:07Z [6,745ms] [Error] [omni.ui.python] AttributeError: 'NoneType' object has no attribute 'get_window_minimize_event_stream'

At:
  /isaac-sim/extscache/omni.kit.viewport.window-107.2.0+69cbf6ad/omni/kit/viewport/window/window.py(136): __init__
  /isaac-sim/extscache/omni.kit.viewport.window-107.2.0+69cbf6ad/omni/kit/viewport/window/menu_entry.py(203): __show_window
  /isaac-sim/extscache/omni.kit.viewport.window-107.2.0+69cbf6ad/omni/kit/viewport/window/menu_entry.py(139): <lambda>
  /isaac-sim/extscache/omni.kit.viewport.window-107.2.0+69cbf6ad/omni/kit/viewport/window/menu_entry.py(141): __init__
  /isaac-sim/extscache/omni.kit.viewport.window-107.2.0+69cbf6ad/omni/kit/viewport/window/menu_entry.py(250): <listcomp>
  /isaac-sim/extscache/omni.kit.viewport.window-107.2.0+69cbf6ad/omni/kit/viewport/window/menu_entry.py(249): create_viewport_window_menu
  /isaac-sim/extscache/omni.kit.viewport.window-107.2.0+69cbf6ad/omni/kit/viewport/window/extension.py(37): on_startup
  /isaac-sim/kit/kernel/py/omni/ext/_impl/_internal.py(173): _startup_ext
  /isaac-sim/kit/kernel/py/omni/ext/_impl/_internal.py(233): startup
  /isaac-sim/kit/kernel/py/omni/ext/_impl/_internal.py(337): startup_extension
  PythonExtension.cpp::startup()(2): <module>
  /isaac-sim/exts/isaacsim.simulation_app/isaacsim/simulation_app/simulation_app.py(534): _start_app
  /isaac-sim/exts/isaacsim.simulation_app/isaacsim/simulation_app/simulation_app.py(270): __init__
  /workspace/ferox_isaac/run.py(32): <module>

[6.875s] [ext: omni.kit.window.preferences-1.8.0] startup
[6.960s] [ext: isaacsim.core.simulation_manager-1.4.4] startup
[11.302s] [ext: omni.graph.action_core-1.1.7] startup
[11.312s] [ext: omni.graph-1.141.2] startup
[11.510s] [ext: omni.kit.viewport.utility-1.1.2] startup
[11.521s] [ext: omni.kit.viewport.menubar.core-107.2.1] startup
[11.600s] [ext: isaacsim.core.prims-0.6.1] startup
[11.757s] [ext: omni.graph.action_nodes-1.50.4] startup
[11.773s] [ext: omni.kit.stage_template.core-1.1.22] startup
[11.793s] [ext: omni.syntheticdata-0.6.13] startup
[11.931s] [ext: omni.graph.nodes-1.170.10] startup
[12.009s] [ext: omni.graph.action-1.130.0] startup
[12.132s] [ext: omni.kit.stage_templates-2.0.0] startup
[12.230s] [ext: omni.kit.widget.filter-1.1.4] startup
[12.254s] [ext: omni.kit.widget.graph-2.0.0] startup
[12.360s] [ext: omni.kit.property.adapter.core-1.0.2] startup
[12.377s] [ext: omni.kit.window.file_exporter-1.0.33] startup
[12.391s] [ext: omni.kit.widget.searchfield-1.1.8] startup
[12.408s] [ext: omni.kit.hotkeys.core-1.3.10] startup
[12.409s] [ext: omni.kit.graph.delegate.default-1.2.3] startup
[12.421s] [ext: omni.kit.property.adapter.fabric-1.0.3] startup
[12.439s] [ext: omni.kit.widget.stage-3.1.4] startup
[12.519s] [ext: omni.kit.property.adapter.usd-1.0.2] startup
[12.536s] [ext: omni.kit.graph.editor.core-1.5.3] startup
[12.565s] [ext: omni.kit.widget.material_preview-1.0.16] startup
[12.583s] [ext: omni.kit.widget.highlight_label-1.0.3] startup
[12.596s] [ext: omni.kit.window.file-2.0.5] startup
[12.625s] [ext: omni.kit.window.content_browser_registry-0.0.6] startup
[12.637s] [ext: omni.kit.window.property-1.12.1] startup
[12.661s] [ext: omni.kit.window.content_browser-3.1.3] startup
2026-08-22T12:46:13Z [12,656ms] [Error] [omni.kit.window.drop_support.drop_support] Cannot setup ExternalDragDrop without a default window
[12.699s] [ext: omni.kit.graph.usd.commands-1.3.1] startup
[12.714s] [ext: omni.kit.property.usd-4.5.12] startup
[12.826s] [ext: omni.graph.ui_nodes-1.50.5] startup
[12.841s] [ext: omni.videoencoding-0.1.2] startup
[12.855s] [ext: omni.kit.window.material_graph-1.9.1] startup
[12.941s] [ext: omni.warp-1.8.2] startup
[13.000s] [ext: isaacsim.core.api-4.8.0] startup
[13.217s] [ext: omni.graph.scriptnode-1.50.0] startup
[13.254s] [ext: isaacsim.test.docstring-1.1.0] startup
[13.391s] [ext: isaacsim.core.experimental.utils-0.3.0] startup
[13.442s] [ext: omni.replicator.core-1.12.27] startup
2026-08-22T12:46:14Z [13,557ms] [Warning] [pxr.Semantics] pxr.Semantics is deprecated - please use Semantics instead
2026-08-22T12:46:14Z [13,965ms] [Warning] [omni.graph.core.plugin] Found duplicate of category 'Replicator' - was 'Annotators', adding 'Fabric Reader'
2026-08-22T12:46:14Z [13,965ms] [Warning] [omni.graph.core.plugin] Category 'Replicator' not accepted on node type 'omni.replicator.core.FabricReader' in extension 'omni.replicator.core'
2026-08-22T12:46:14Z [13,967ms] [Warning] [omni.replicator.core.scripts.extension] No material configuration file, adding configuration to material settings directly.
[14.015s] [ext: isaacsim.core.experimental.prims-0.8.1] startup
[14.187s] [ext: omni.kit.window.extensions-1.4.27] startup
[14.306s] [ext: isaacsim.core.experimental.objects-0.4.0] startup
[14.425s] [ext: omni.ui_query-1.1.8] startup
[14.448s] [ext: omni.kit.manipulator.viewport-107.0.1] startup
[14.481s] [ext: isaacsim.robot.surface_gripper-3.3.1] startup
[14.513s] [ext: omni.kit.ui_test-1.3.7] startup
[14.562s] [ext: omni.graph.visualization.nodes-2.1.3] startup
[14.796s] [ext: isaacsim.robot_motion.lula-4.0.8] startup
[14.876s] [ext: isaacsim.core.nodes-3.4.3] startup
[14.994s] [ext: isaacsim.gui.components-1.2.1] startup
[15.159s] [ext: isaacsim.robot_motion.motion_generation-8.0.26] startup
[15.478s] [ext: isaacsim.robot.manipulators-3.3.6] startup
[15.575s] [ext: isaacsim.core.experimental.materials-0.4.0] startup
[15.847s] [ext: isaacsim.robot.manipulators.examples-1.1.2] startup
[15.993s] [ext: isaacsim.cortex.framework-1.0.12] startup
[16.023s] [ext: isaacsim.cortex.behaviors-2.0.14] startup
[16.048s] [ext: omni.isaac.cortex.sample_behaviors-2.0.5] startup
2026-08-22T12:46:16Z [16,029ms] [Warning] [omni.isaac.cortex] omni.isaac.cortex has been deprecated in favor of isaacsim.cortex.framework. Please update your code accordingly.
2026-08-22T12:46:16Z [16,041ms] [Warning] [omni.isaac.cortex.sample_behaviors] omni.isaac.cortex.sample_behaviors has been deprecated in favor of isaacsim.cortex.behaviors. Please update your code accordingly.
[16.085s] [ext: omni.kit.widget.zoombar-1.0.6] startup
[16.205s] [ext: isaacsim.gui.content_browser-0.1.11] startup
[16.369s] [ext: omni.kit.browser.core-2.3.13] startup
[16.689s] [ext: omni.kit.widget.stage_icons-1.0.8] startup
[16.707s] [ext: omni.kit.widget.prompt-1.0.7] startup
[16.723s] [ext: omni.kit.usd.collect-2.4.5] startup
[16.757s] [ext: omni.kit.browser.folder.core-1.10.9] startup
[16.814s] [ext: omni.kit.window.stage-2.6.1] startup
[16.837s] [ext: omni.kit.usdz_export-1.0.9] startup
[16.854s] [ext: omni.kit.tool.collect-2.2.18] startup
[16.882s] [ext: omni.kit.menu.stage-1.2.7] startup
[16.899s] [ext: omni.kit.tool.asset_importer-4.3.2] startup
[16.944s] [ext: isaacsim.robot.wheeled_robots-4.0.24] startup
[16.995s] [ext: isaacsim.examples.browser-0.2.1] startup
[17.026s] [ext: isaacsim.asset.importer.urdf-2.4.30] startup
[17.363s] [ext: omni.isaac.wheeled_robots-3.0.7] startup
2026-08-22T12:46:18Z [17,337ms] [Warning] [omni.isaac.wheeled_robots] omni.isaac.wheeled_robots has been deprecated in favor of isaacsim.robot.wheeled_robots. Please update your code accordingly.
2026-08-22T12:46:18Z [17,347ms] [Warning] [omni.isaac.wheeled_robots.controllers] omni.isaac.wheeled_robots has been deprecated in favor of isaacsim.robot.wheeled_robots. Please update your code accordingly.
2026-08-22T12:46:18Z [17,348ms] [Warning] [omni.isaac.wheeled_robots.controllers.ackermann_controller] omni.isaac.wheeled_robots has been deprecated in favor of isaacsim.robot.wheeled_robots. Please update your code accordingly.
2026-08-22T12:46:18Z [17,348ms] [Warning] [omni.isaac.wheeled_robots.controllers.differential_controller] omni.isaac.wheeled_robots has been deprecated in favor of isaacsim.robot.wheeled_robots. Please update your code accordingly.
2026-08-22T12:46:18Z [17,349ms] [Warning] [omni.isaac.wheeled_robots.controllers.holonomic_controller] omni.isaac.wheeled_robots has been deprecated in favor of isaacsim.robot.wheeled_robots. Please update your code accordingly.
2026-08-22T12:46:18Z [17,349ms] [Warning] [omni.isaac.wheeled_robots.controllers.quintic_path_planner] omni.isaac.wheeled_robots has been deprecated in favor of isaacsim.robot.wheeled_robots. Please update your code accordingly.
2026-08-22T12:46:18Z [17,350ms] [Warning] [omni.isaac.wheeled_robots.controllers.stanley_control] omni.isaac.wheeled_robots has been deprecated in favor of isaacsim.robot.wheeled_robots. Please update your code accordingly.
2026-08-22T12:46:18Z [17,350ms] [Warning] [omni.isaac.wheeled_robots.controllers.wheel_base_pose_controller] omni.isaac.wheeled_robots has been deprecated in favor of isaacsim.robot.wheeled_robots. Please update your code accordingly.
2026-08-22T12:46:18Z [17,353ms] [Warning] [omni.isaac.wheeled_robots.impl] omni.isaac.wheeled_robots has been deprecated in favor of isaacsim.robot.wheeled_robots. Please update your code accordingly.
2026-08-22T12:46:18Z [17,356ms] [Warning] [omni.isaac.wheeled_robots.robots] omni.isaac.wheeled_robots has been deprecated in favor of isaacsim.robot.wheeled_robots. Please update your code accordingly.
2026-08-22T12:46:18Z [17,356ms] [Warning] [omni.isaac.wheeled_robots.robots.holonomic_robot_usd_setup] omni.isaac.wheeled_robots has been deprecated in favor of isaacsim.robot.wheeled_robots. Please update your code accordingly.
2026-08-22T12:46:18Z [17,357ms] [Warning] [omni.isaac.wheeled_robots.robots.wheeled_robot] omni.isaac.wheeled_robots has been deprecated in favor of isaacsim.robot.wheeled_robots. Please update your code accordingly.
[17.403s] [ext: isaacsim.simulation_app-2.12.2] startup
[17.403s] [ext: omni.isaac.franka-1.0.7] startup
2026-08-22T12:46:18Z [17,374ms] [Warning] [omni.isaac.franka] omni.isaac.franka has been deprecated in favor of isaacsim.robot.manipulators.examples.franka. Please update your code accordingly.
2026-08-22T12:46:18Z [17,375ms] [Warning] [omni.isaac.franka.franka] omni.isaac.franka has been deprecated in favor of isaacsim.robot.manipulators.examples.franka. Please update your code accordingly.
2026-08-22T12:46:18Z [17,425ms] [Warning] [omni.isaac.franka.kinematics_solver] omni.isaac.franka has been deprecated in favor of isaacsim.robot.manipulators.examples.franka. Please update your code accordingly.
[17.468s] [ext: omni.isaac.kit-2.0.6] startup
2026-08-22T12:46:18Z [17,440ms] [Warning] [omni.isaac.kit] omni.isaac.kit has been deprecated in favor of isaacsim.simulation_app. Please update your code accordingly.
[17.483s] [ext: omni.kit.selection-0.1.6] startup
[17.498s] [ext: omni.isaac.lula-4.0.6] startup
2026-08-22T12:46:18Z [17,464ms] [Warning] [omni.isaac.lula] omni.isaac.lula has been deprecated in favor of isaacsim.robot_motion.lula. Please update your code accordingly.
[17.510s] [ext: isaacsim.robot_motion.lula_test_widget-1.0.12] startup
[17.533s] [ext: isaacsim.asset.browser-1.3.23] startup
[17.801s] [ext: omni.kit.viewport.actions-107.0.2] startup
[17.826s] [ext: isaacsim.gui.menu-2.4.4] startup
[17.865s] [ext: omni.isaac.manipulators-3.0.7] startup
2026-08-22T12:46:18Z [17,834ms] [Warning] [omni.isaac.manipulators] omni.isaac.manipulators has been deprecated in favor of isaacsim.robot.manipulators. Please update your code accordingly.
2026-08-22T12:46:18Z [17,836ms] [Warning] [omni.isaac.manipulators.controllers] omni.isaac.manipulators has been deprecated in favor of isaacsim.robot.manipulators. Please update your code accordingly.
2026-08-22T12:46:18Z [17,836ms] [Warning] [omni.isaac.manipulators.controllers.pick_place_controller] omni.isaac.manipulators has been deprecated in favor of isaacsim.robot.manipulators. Please update your code accordingly.
2026-08-22T12:46:18Z [17,841ms] [Warning] [omni.isaac.manipulators.controllers.stacking_controller] omni.isaac.manipulators has been deprecated in favor of isaacsim.robot.manipulators. Please update your code accordingly.
2026-08-22T12:46:18Z [17,844ms] [Warning] [omni.isaac.manipulators.grippers] omni.isaac.manipulators has been deprecated in favor of isaacsim.robot.manipulators. Please update your code accordingly.
2026-08-22T12:46:18Z [17,844ms] [Warning] [omni.isaac.manipulators.grippers.gripper] omni.isaac.manipulators has been deprecated in favor of isaacsim.robot.manipulators. Please update your code accordingly.
2026-08-22T12:46:18Z [17,844ms] [Warning] [omni.isaac.manipulators.grippers.parallel_gripper] omni.isaac.manipulators has been deprecated in favor of isaacsim.robot.manipulators. Please update your code accordingly.
2026-08-22T12:46:18Z [17,845ms] [Warning] [omni.isaac.manipulators.grippers.surface_gripper] omni.isaac.manipulators has been deprecated in favor of isaacsim.robot.manipulators. Please update your code accordingly.
2026-08-22T12:46:18Z [17,847ms] [Warning] [omni.isaac.manipulators.manipulators] omni.isaac.manipulators has been deprecated in favor of isaacsim.robot.manipulators. Please update your code accordingly.
2026-08-22T12:46:18Z [17,847ms] [Warning] [omni.isaac.manipulators.manipulators.single_manipulator] omni.isaac.manipulators has been deprecated in favor of isaacsim.robot.manipulators. Please update your code accordingly.
[17.893s] [ext: omni.isaac.lula_test_widget-1.0.6] startup
2026-08-22T12:46:18Z [17,856ms] [Warning] [omni.isaac.lula_test_widget] omni.isaac.lula_test_widget has been deprecated in favor of isaacsim.robot_motion.lula_test_widget. Please update your code accordingly.
[17.900s] [ext: omni.isaac.asset_browser-1.0.6] startup
2026-08-22T12:46:18Z [17,872ms] [Warning] [omni.isaac.asset_browser] omni.isaac.asset_browser has been deprecated in favor of isaacsim.asset.browser. Please update your code accordingly.
[17.918s] [ext: omni.kit.viewport.menubar.display-107.0.3] startup
[17.937s] [ext: omni.isaac.menu-1.0.6] startup
2026-08-22T12:46:18Z [17,903ms] [Warning] [omni.isaac.menu] omni.isaac.menu has been deprecated in favor of isaacsim.gui.menu. Please update your code accordingly.
[17.949s] [ext: omni.isaac.motion_generation-8.0.7] startup
2026-08-22T12:46:18Z [17,915ms] [Warning] [omni.isaac.motion_generation] omni.isaac.motion_generation has been deprecated in favor of isaacsim.robot_motion.motion_generation. Please update your code accordingly.
2026-08-22T12:46:18Z [17,916ms] [Warning] [omni.isaac.motion_generation.articulation_kinematics_solver] omni.isaac.motion_generation has been deprecated in favor of isaacsim.robot_motion.motion_generation. Please update your code accordingly.
2026-08-22T12:46:18Z [17,916ms] [Warning] [omni.isaac.motion_generation.articulation_motion_policy] omni.isaac.motion_generation has been deprecated in favor of isaacsim.robot_motion.motion_generation. Please update your code accordingly.
2026-08-22T12:46:18Z [17,916ms] [Warning] [omni.isaac.motion_generation.articulation_trajectory] omni.isaac.motion_generation has been deprecated in favor of isaacsim.robot_motion.motion_generation. Please update your code accordingly.
2026-08-22T12:46:18Z [17,917ms] [Warning] [omni.isaac.motion_generation.kinematics_interface] omni.isaac.motion_generation has been deprecated in favor of isaacsim.robot_motion.motion_generation. Please update your code accordingly.
2026-08-22T12:46:18Z [17,919ms] [Warning] [omni.isaac.motion_generation.lula] omni.isaac.motion_generation has been deprecated in favor of isaacsim.robot_motion.motion_generation. Please update your code accordingly.
2026-08-22T12:46:18Z [17,919ms] [Warning] [omni.isaac.motion_generation.lula.kinematics] omni.isaac.motion_generation has been deprecated in favor of isaacsim.robot_motion.motion_generation. Please update your code accordingly.
2026-08-22T12:46:18Z [17,920ms] [Warning] [omni.isaac.motion_generation.lula.motion_policies] omni.isaac.motion_generation has been deprecated in favor of isaacsim.robot_motion.motion_generation. Please update your code accordingly.
2026-08-22T12:46:18Z [17,920ms] [Warning] [omni.isaac.motion_generation.lula.path_planners] omni.isaac.motion_generation has been deprecated in favor of isaacsim.robot_motion.motion_generation. Please update your code accordingly.
2026-08-22T12:46:18Z [17,921ms] [Warning] [omni.isaac.motion_generation.lula.trajectory_generator] omni.isaac.motion_generation has been deprecated in favor of isaacsim.robot_motion.motion_generation. Please update your code accordingly.
2026-08-22T12:46:18Z [17,921ms] [Warning] [omni.isaac.motion_generation.motion_policy_controller] omni.isaac.motion_generation has been deprecated in favor of isaacsim.robot_motion.motion_generation. Please update your code accordingly.
2026-08-22T12:46:18Z [17,921ms] [Warning] [omni.isaac.motion_generation.motion_policy_interface] omni.isaac.motion_generation has been deprecated in favor of isaacsim.robot_motion.motion_generation. Please update your code accordingly.
2026-08-22T12:46:18Z [17,922ms] [Warning] [omni.isaac.motion_generation.path_planner_visualizer] omni.isaac.motion_generation has been deprecated in favor of isaacsim.robot_motion.motion_generation. Please update your code accordingly.
2026-08-22T12:46:18Z [17,922ms] [Warning] [omni.isaac.motion_generation.path_planning_interface] omni.isaac.motion_generation has been deprecated in favor of isaacsim.robot_motion.motion_generation. Please update your code accordingly.
2026-08-22T12:46:18Z [17,923ms] [Warning] [omni.isaac.motion_generation.trajectory] omni.isaac.motion_generation has been deprecated in favor of isaacsim.robot_motion.motion_generation. Please update your code accordingly.
2026-08-22T12:46:18Z [17,923ms] [Warning] [omni.isaac.motion_generation.world_interface] omni.isaac.motion_generation has been deprecated in favor of isaacsim.robot_motion.motion_generation. Please update your code accordingly.
[17.968s] [ext: omni.isaac.assets_check-0.3.13] startup
2026-08-22T12:46:18Z [17,937ms] [Warning] [omni.isaac.assets_check] omni.isaac.assets_check has been deprecated in favor of isaacsim.asset.browser. Please update your code accordingly.
[17.981s] [ext: isaacsim.gui.sensors.icon-2.0.3] startup
[18.091s] [ext: isaacsim.asset.importer.mjcf-2.5.13] startup
[18.125s] [ext: omni.sensors.nv.common-3.0.0] startup
[18.151s] [ext: isaacsim.sensors.physics-0.4.3] startup
[18.176s] [ext: omni.sensors.net-1.0.0] startup
[18.192s] [ext: omni.isaac.nucleus-1.0.6] startup
2026-08-22T12:46:18Z [18,159ms] [Warning] [omni.isaac.nucleus] omni.isaac.nucleus has been deprecated in favor of isaacsim.storage.native. Please update your code accordingly.
2026-08-22T12:46:18Z [18,159ms] [Warning] [omni.isaac.nucleus.nucleus] omni.isaac.nucleus.nucleus has been deprecated in favor of isaacsim.storage.native. Please update your code accordingly.
[18.202s] [ext: omni.sensors.nv.materials-2.0.0] startup
[18.228s] [ext: isaacsim.robot.policy.examples-4.1.11] startup
[18.247s] [ext: omni.sensors.nv.wpm-3.0.0] startup
[18.259s] [ext: omni.sensors.nv.lidar-3.0.0] startup
[18.292s] [ext: isaacsim.util.debug_draw-3.1.0] startup
[18.316s] [ext: omni.sensors.nv.radar-3.0.0] startup
[18.331s] [ext: omni.sensors.nv.ids-2.0.0] startup
[18.338s] [ext: isaacsim.core.cloner-1.4.10] startup
[18.365s] [ext: isaacsim.sensors.physx-2.3.2] startup
[18.404s] [ext: isaacsim.sensors.rtx-15.8.4] startup
[18.459s] [ext: isaacsim.sensors.camera-1.3.6] startup
[18.539s] [ext: omni.isaac.quadruped-3.0.7] startup
2026-08-22T12:46:19Z [18,511ms] [Warning] [omni.isaac.quadruped] omni.isaac.quadruped has been deprecated in favor of isaacsim.robot.policy.examples. Please update your code accordingly.
[18.557s] [ext: omni.isaac.cloner-1.0.7] startup
2026-08-22T12:46:19Z [18,530ms] [Warning] [omni.isaac.cloner] omni.isaac.cloner has been deprecated in favor of isaacsim.core.cloner. Please update your code accordingly.
[18.576s] [ext: omni.isaac.range_sensor-4.0.6] startup
2026-08-22T12:46:19Z [18,548ms] [Warning] [omni.isaac.range_sensor] omni.isaac.range_sensor has been deprecated in favor of isaacsim.sensors.physx. Please update your code accordingly.
2026-08-22T12:46:19Z [18,549ms] [Warning] [omni.isaac.range_sensor.commands] omni.isaac.range_sensor.commands has been deprecated in favor of isaacsim.sensors.physx.commands. Please update your code accordingly.
[18.595s] [ext: omni.isaac.sensor-13.0.7] startup
2026-08-22T12:46:19Z [18,565ms] [Warning] [omni.isaac.sensor] omni.isaac.sensor has been deprecated in favor of isaacsim.sensors.camera, isaacsim.sensors.physics, isaacsim.sensors.physx, and isaacsim.sensors.rtx. Please update your code accordingly.
2026-08-22T12:46:19Z [18,566ms] [Warning] [omni.isaac.sensor.camera] omni.isaac.sensor.camera has been deprecated in favor of isaacsim.sensors.camera.camera. Please update your code accordingly.
2026-08-22T12:46:19Z [18,567ms] [Warning] [omni.isaac.sensor.camera_view] omni.isaac.sensor.camera_view has been deprecated in favor of isaacsim.sensors.camera.camera_view. Please update your code accordingly.
2026-08-22T12:46:19Z [18,568ms] [Warning] [omni.isaac.sensor.commands] omni.isaac.sensor.commands has been deprecated in favor of isaacsim.sensors.physics.commands, isaacsim.sensors.physx.commands, and isaacsim.sensors.rtx.commands. Please update your code accordingly.
2026-08-22T12:46:19Z [18,569ms] [Warning] [omni.isaac.sensor.contact_sensor] omni.isaac.sensor.contact_sensor has been deprecated in favor of isaacsim.sensors.physics.contact_sensor. Please update your code accordingly.
2026-08-22T12:46:19Z [18,569ms] [Warning] [omni.isaac.sensor.imu_sensor] omni.isaac.sensor.imu_sensor has been deprecated in favor of isaacsim.sensors.physics.imu_sensor. Please update your code accordingly.
2026-08-22T12:46:19Z [18,570ms] [Warning] [omni.isaac.sensor.lidar_rtx] omni.isaac.sensor.lidar_rtx has been deprecated in favor of isaacsim.sensors.rtx.lidar_rtx. Please update your code accordingly.
2026-08-22T12:46:19Z [18,571ms] [Warning] [omni.isaac.sensor.rotating_lidar_physX] omni.isaac.sensor.imu_sensor has been deprecated in favor of isaacsim.sensors.physix.rotating_lidar_physX. Please update your code accordingly.
2026-08-22T12:46:19Z [18,577ms] [Warning] [omni.isaac.sensor.scripts.samples.contact_sensor] omni.isaac.sensor.scripts.samples.contact_sensor has been deprecated in favor of isaacsim.sensors.physics.scripts.samples.contact_sensor. Please update your code accordingly.
2026-08-22T12:46:19Z [18,578ms] [Warning] [omni.isaac.sensor.scripts.samples.imu_sensor] omni.isaac.sensor.scripts.samples.imu_sensor has been deprecated in favor of isaacsim.sensors.physics.scripts.samples.imu_sensor. Please update your code accordingly.
2026-08-22T12:46:19Z [18,579ms] [Warning] [omni.isaac.sensor.scripts.samples.lightbeam_sensor] omni.isaac.sensor.scripts.samples.lightbeam_sensor has been deprecated in favor of isaacsim.sensors.physx.scripts.samples.lightbeam_sensor. Please update your code accordingly.
[18.625s] [ext: omni.kit.menu.create-2.0.1] startup
[18.660s] [ext: omni.kit.widget.toolbar-2.0.1] startup
[18.731s] [ext: omni.kit.manipulator.transform-107.0.0] startup
[18.796s] [ext: omni.isaac.core-4.0.7] startup
2026-08-22T12:46:19Z [18,768ms] [Warning] [omni.isaac.core.physics_context.physics_context] omni.isaac.core.physics_context.physics_context has been deprecated in favor of isaacsim.core.api.physics_context.physics_context. Please update your code accordingly.
2026-08-22T12:46:19Z [18,771ms] [Warning] [omni.isaac.core.simulation_context.simulation_context] omni.isaac.core.simulation_context.simulation_context has been deprecated in favor of isaacsim.core.api.simulation_context.simulation_context. Please update your code accordingly.
2026-08-22T12:46:19Z [18,775ms] [Warning] [omni.isaac.core.world.world] omni.isaac.core.world.world has been deprecated in favor of isaacsim.core.api.world.world. Please update your code accordingly.
2026-08-22T12:46:19Z [18,775ms] [Warning] [omni.isaac.core] omni.isaac.core has been deprecated in favor of isaacsim.core.api. Please update your code accordingly.
[18.821s] [ext: omni.kit.scripting-107.3.2] startup
[18.884s] [ext: omni.kit.manipulator.tool.snap-1.5.13] startup
[18.934s] [ext: omni.kit.manipulator.selector-1.1.3] startup
[18.956s] [ext: isaacsim.app.about-2.0.11] startup
[18.992s] [ext: isaacsim.replicator.behavior-1.1.16] startup
[19.004s] [ext: omni.kit.viewport.manipulator.transform-107.0.4] startup
[19.032s] [ext: omni.isaac.window.about-2.0.7] startup
2026-08-22T12:46:19Z [19,006ms] [Warning] [omni.isaac.window.about] omni.isaac.window.about has been deprecated in favor of isaacsim.app.about. Please update your code accordingly.
2026-08-22T12:46:19Z [19,007ms] [Warning] [omni.isaac.window.about.about] omni.isaac.window.about.about has been deprecated in favor of isaacsim.app.about.about. Please update your code accordingly.
[19.053s] [ext: omni.fabric.commands-1.1.6] startup
[19.099s] [ext: omni.kit.manipulator.prim.core-107.0.8] startup
[19.172s] [ext: omni.kit.property.audio-1.0.16] startup
[19.198s] [ext: omni.kit.property.camera-1.0.10] startup
[19.222s] [ext: omni.kit.property.geometry-2.0.4] startup
[19.261s] [ext: omni.hydra.scene_api-0.1.2] startup
[19.284s] [ext: omni.kit.property.light-1.0.12] startup
[19.339s] [ext: omni.kit.manipulator.prim.fabric-107.0.4] startup
[19.370s] [ext: omni.kit.manipulator.prim.usd-107.0.3] startup
[19.395s] [ext: omni.kit.property.material-1.11.9] startup
[19.498s] [ext: omni.kit.property.render-1.2.1] startup
[19.516s] [ext: omni.kit.property.transform-1.5.13] startup
[19.598s] [ext: isaacsim.gui.property-1.1.3] startup
[19.625s] [ext: omni.kit.manipulator.camera-106.0.4] startup
[19.686s] [ext: omni.kit.manipulator.prim-107.0.0] startup
[19.688s] [ext: omni.isaac.surface_gripper-2.0.6] startup
2026-08-22T12:46:20Z [19,656ms] [Warning] [omni.isaac.surface_gripper] omni.isaac.surface_gripper has been deprecated in favor of isaacsim.robot.surface_gripper. Please update your code accordingly.
[19.703s] [ext: omni.kit.manipulator.selection-106.0.1] startup
[19.732s] [ext: omni.kit.property.bundle-1.4.1] startup
[19.752s] [ext: omni.kit.property.isaac-1.0.6] startup
2026-08-22T12:46:20Z [19,729ms] [Warning] [omni.kit.property.isaac] omni.kit.property.isaac has been deprecated in favor of isaacsim.gui.property. Please update your code accordingly.
2026-08-22T12:46:20Z [19,730ms] [Warning] [omni.kit.property.isaac.widgets] omni.kit.property.isaac.widgets has been deprecated in favor of isaacsim.gui.property.widgets. Please update your code accordingly.
[19.773s] [ext: omni.isaac.universal_robots-1.0.6] startup
2026-08-22T12:46:20Z [19,746ms] [Warning] [omni.isaac.universal_robots] omni.isaac.universal_robots has been deprecated in favor of isaacsim.robot.manipulators.examples.universal_robots. Please update your code accordingly.
2026-08-22T12:46:20Z [19,747ms] [Warning] [omni.isaac.universal_robots.kinematics_solver] omni.isaac.franka has been deprecated in favor of isaacsim.robot.manipulators.examples.universal_robots. Please update your code accordingly.
2026-08-22T12:46:20Z [19,761ms] [Warning] [omni.isaac.universal_robots.ur10] omni.isaac.franka has been deprecated in favor of isaacsim.robot.manipulators.examples.universal_robots. Please update your code accordingly.
[19.804s] [ext: omni.isaac.core_nodes-2.0.6] startup
2026-08-22T12:46:20Z [19,787ms] [Warning] [omni.isaac.core_nodes] omni.isaac.core_nodes has been deprecated in favor of isaacsim.core.nodes. Please update your code accordingly.
[19.836s] [ext: omni.kit.viewport.menubar.camera-107.0.6] startup
[19.913s] [ext: omni.kit.viewport.menubar.lighting-107.3.1] startup
[19.967s] [ext: isaacsim.replicator.writers-1.0.17] startup
[20.151s] [ext: omni.kit.viewport.menubar.render-107.0.10] startup
[20.269s] [ext: omni.kit.viewport.menubar.settings-107.0.3] startup
[20.352s] [ext: omni.kit.window.console-1.1.4] startup
[20.403s] [ext: isaacsim.replicator.domain_randomization-1.0.16] startup
[20.445s] [ext: isaacsim.replicator.examples-1.3.6] startup
[20.489s] [ext: omni.ocio-0.1.1] startup
[20.515s] [ext: omni.rtx.window.settings-0.6.19] startup
[20.664s] [ext: omni.kit.window.status_bar-0.1.9] startup
[20.686s] [ext: omni.kit.window.toolbar-2.0.0] startup
[20.710s] [ext: omni.replicator.isaac-2.0.8] startup
2026-08-22T12:46:21Z [20,680ms] [Warning] [omni.replicator.isaac] omni.replicator.isaac has been deprecated in favor of isaacsim.replicator.domain_randomization, isaacsim.replicator.examples, isaacsim.replicator.writers. Please update your code accordingly.
[20.729s] [ext: omni.replicator.replicator_yaml-2.0.11] startup
[20.875s] [ext: omni.rtx.settings.core-0.6.5] startup
[20.941s] [ext: omni.usd.metrics.assembler.ui-107.3.1] startup
[20.975s] [ext: omni.isaac.utils-2.0.6] startup
[20.989s] [ext: semantics.schema.editor-2.0.2] startup
[21.018s] [ext: omni.kit.ui.actions-1.0.5] startup
[21.033s] [ext: semantics.schema.property-2.0.1] startup
[21.049s] [ext: omni.isaac.version-2.0.7] startup
2026-08-22T12:46:21Z [21,014ms] [Warning] [omni.isaac.version] omni.isaac.version has been deprecated in favor of isaacsim.core.version. Please update your code accordingly.
[21.060s] [ext: omni.isaac.cortex-1.0.5] startup
[21.063s] [ext: omni.anim.curve.core-1.3.1] startup
[21.129s] [ext: isaacsim.core.throttling-2.2.2] startup
[21.146s] [ext: omni.kit.menu.common-2.0.1] startup
[21.163s] [ext: isaacsim.exp.base-5.1.0] startup
[21.165s] [ext: isaacsim.exp.base.python-5.1.0] startup
[21.169s] Simulation App Starting
2026-08-22T12:46:21Z [21,275ms] [Error] [omni.kit.window.drop_support.drop_support] Cannot setup ExternalDragDrop without a default window
2026-08-22T12:46:22Z [21,284ms] [Warning] [omni.fabric.plugin] Warning: attribute viewportHandle not found for bucket id 9

[21.348s] app ready
2026-08-22T12:46:22Z [21,677ms] [Error] [omni.kit.menu.utils.app_menu] Hotkeys cannot be setup without a default window
Starting kit application with the following args:  ['/isaac-sim/exts/isaacsim.simulation_app/isaacsim/simulation_app/simulation_app.py', '/isaac-sim/apps/isaacsim.exp.base.python.kit', '--/app/tokens/exe-path=/isaac-sim/kit', '--/persistent/app/viewport/displayOptions=3094', '--/rtx/materialDb/syncLoads=True', '--/rtx/hydra/materialSyncLoads=True', '--/omni.kit.plugin/syncUsdLoads=True', '--/app/renderer/resolution/width=1280', '--/app/renderer/resolution/height=720', '--/app/window/width=1440', '--/app/window/height=900', '--/renderer/multiGpu/enabled=True', '--/app/fastShutdown=True', '--/app/installSignalHandlers=0', '--ext-folder', '/isaac-sim/exts', '--ext-folder', '/isaac-sim/apps', '--/physics/cudaDevice=0', '--/plugins/carb.tasking.plugin/threadCount=32', '--/plugins/omni.tbb.globalcontrol/maxThreadCount=32', '--portable']
Passing the following args to the base kit application:  ['--robot_type', 'g1', '--cmd_vel_topic', '/ferox/g1_01/cmd_vel', '--ros_namespace', '/ferox/g1_01', '--no_keyboard', '--render_dt', '0.02']
Warp 1.8.2 initialized:
   CUDA Toolkit 12.8, Driver 13.0
   Devices:
     "cpu"      : "x86_64"
     "cuda:0"   : "NVIDIA GeForce RTX 4090" (24 GiB, sm_89, mempool enabled)
   Kernel cache:
     /isaac-sim/.cache/warp/1.8.2
Warp DeprecationWarning: The `warp.sim` module is deprecated and will be removed in v1.10. Please transition to using the forthcoming Newton library instead.
[PANTHERA-MARK] before RobotRosRunner()
[PANTHERA-MARK] camera ros_namespace = '/ferox/g1_01'
[World] SIM_WORLD=hospital -> https://omniverse-content-production.s3-us-west-2.amazonaws.com/Assets/Isaac/5.1/Isaac/Environments/Hospital/hospital.usd
[World] spawn pos=[7.800000190734863, 2.0, 0.800000011920929] yaw=1.570rad (robot=g1)
[PANTHERA-MARK] RobotRosRunner constructed, before reset
[PANTHERA-MARK] A: app.update done, calling _world.reset()
[PANTHERA-MARK] B: world.reset() done
[PANTHERA-MARK] C: app.update done, calling setup()
[PANTHERA-MARK] D: setup() done
[lowlevel-sim] hands: [] (none -- HAND=none)
[lowlevel-sim] TEST RIG ACTIVE: base pinned to spawn pose (C-30)
[lowlevel-sim] spawn base_z=0.7975 hold_pose=spawn q_hold[:6]=[-0.10000000149011612, 0.0, 0.0, 0.30000001192092896, -0.20000000298023224, 0.0]
[lowlevel-sim][trace] set_gains
[lowlevel-sim][trace] set_effort_modes
[lowlevel-sim][trace] switch_control_mode(effort)
[lowlevel-sim][trace] control mode set
[lowlevel-sim] physics 1000.0 Hz, PD every 2 step(s) -> 500.0 Hz, timeout 85 ms
[PANTHERA-MARK] low-level bridge attached (G1_CONTROL=lowcmd)
[lowlevel-sim][GT] t=0.001 quat=[0.70739, 0.0, 0.0, 0.70683] angvel=[0.0, 0.0, 0.0] linvel=[0.0, 0.0, 0.0] z=0.7975
[PANTHERA-MARK] E: app.update done, SKIPPING setup_ros() entirely
[PANTHERA-MARK] E1: entered setup_ros() body
[PANTHERA-MARK] E2: self._cmd_vel_topic = /ferox/g1_01/cmd_vel
[PANTHERA] executor spinning on dedicated thread
[PANTHERA] cmd_vel subscriber active on /ferox/g1_01/cmd_vel (rclpy bypass)
[PANTHERA] reset subscriber active on /twin/reset
[lowlevel-sim][GT] t=0.051 quat=[0.70739, 0.0, 0.0, 0.70683] angvel=[0.0, 0.0, 0.0] linvel=[0.0, 0.0, 0.0] z=0.7975
[lowlevel-sim][GT] t=0.101 quat=[0.70739, 0.0, 0.0, 0.70683] angvel=[0.0, 0.0, 0.0] linvel=[0.0, 0.0, 0.0] z=0.7975
[lowlevel-sim][GT] t=0.151 quat=[0.70739, 0.0, 0.0, 0.70683] angvel=[0.0, 0.0, 0.0] linvel=[0.0, 0.0, 0.0] z=0.7975
[lowlevel-sim][GT] t=0.201 quat=[0.70739, 0.0, 0.0, 0.70683] angvel=[0.0, 0.0, 0.0] linvel=[0.0, 0.0, 0.0] z=0.7975
[TWIN] contract /workspace/ferox_isaac/twin/g1_contract.yaml
[TWIN] namespace /ferox/g1_01  CAMERA_TF=0
[TWIN] Mid-360 SKIPPED (TWIN_LIDAR=0) -- device only, contract untouched
[TWIN] camera SKIPPED (TWIN_CAMERA=0) -- C-23, device only, contract untouched
[TWIN] 2 IMU device(s) SKIPPED (TWIN_IMU=0) -- device only, contract untouched
[lowlevel-sim][GT] t=0.251 quat=[0.70739, 0.0, 0.0, 0.70683] angvel=[0.0, 0.0, 0.0] linvel=[0.0, 0.0, 0.0] z=0.7975
[lowlevel-sim][GT] t=0.301 quat=[0.70739, 0.0, 0.0, 0.70683] angvel=[0.0, 0.0, 0.0] linvel=[0.0, 0.0, 0.0] z=0.7975
[TWIN] /tf_static: 6 edges (base_link->dog_imu_link, livox_frame->livox_imu, camera_link->camera_color_frame, camera_color_frame->camera_color_optical_frame, camera_link->camera_depth_frame, camera_depth_frame->camera_depth_optical_frame)
[TWIN] rendering_dt=0.020000s (50.00 Hz) requested 0.020000s
[TWIN] lidar cloud publisher SKIPPED (TWIN_LIDAR=0)
[TWIN] odom -> /ferox/g1_01/odom
[25.752s] Simulation App Startup Complete
[25.802s] [ext: isaacsim.ros2.bridge-4.12.4] startup
[25.895s] Attempting to load system rclpy
[25.896s] Could not import system rclpy: No module named 'rclpy'
[25.896s] Attempting to load internal rclpy for ROS Distro: humble
[25.967s] rclpy loaded
2026-08-22T12:46:27Z [26,994ms] [Warning] [__main__] G1_USD_OVERRIDE in effect -- NOT the twin asset: /workspace/ferox_isaac/assets/g1_ref_mjcf/g1_29dof_old.usd
2026-08-22T12:46:28Z [27,903ms] [Warning] [__main__] G1_ART_ROOT=/World/G1/pelvis/pelvis -- articulation root taken from the environment, not the referenced prim
2026-08-22T12:46:29Z [28,582ms] [Warning] [omni.fabric.plugin] getAttributeCount called on non-existent path /World/G1/pelvis/right_shoulder_roll_link/collisions/_geom_61
2026-08-22T12:46:29Z [28,582ms] [Warning] [omni.fabric.plugin] getTypes called on non-existent path /World/G1/pelvis/right_shoulder_roll_link/collisions/_geom_61
2026-08-22T12:47:15Z [74,764ms] [Warning] [omni.hydra] Material parameter 'ReflectionCubemap' (Type: '2D') was assigned an incompatible texture: 'https://omniverse-content-production.s3-us-west-2.amazonaws.com/Assets/Isaac/5.1/Isaac/Environments/Hospital/Materials/Textures/Desert_Outer_HDR.dds' (Type: 'Cube')
2026-08-22T12:47:15Z [74,769ms] [Warning] [omni.hydra] Material parameter 'ReflectionCubemap' (Type: '2D') was assigned an incompatible texture: 'https://omniverse-content-production.s3-us-west-2.amazonaws.com/Assets/Isaac/5.1/Isaac/Environments/Hospital/Materials/Textures/Desert_Outer_HDR.dds' (Type: 'Cube')
2026-08-22T12:47:17Z [77,224ms] [Warning] [omni.timeline.plugin] Deprecated: direct use of ITimeline callbacks is deprecated. Use ITimeline::getTimeline (Python: omni.timeline.get_timeline_interface) instead.
2026-08-22T12:47:18Z [77,531ms] [Error] [omni.graph.core.plugin] /JointStatesGraph/JointStatePub: [/JointStatesGraph] The prim /World/G1/torso_link is not valid. Please specify at least one valid chassis prim
[TWIN] interface up
[PANTHERA-MARK] F: setup_ros() done
[lowlevel-sim][GT] t=0.351 quat=[0.70739, 0.0, 0.0, 0.70683] angvel=[0.0, 0.0, 0.0] linvel=[0.0, 0.0, 0.0] z=0.7975
[PANTHERA-MARK] G: before runner.run() — entering main loop
[lowlevel-sim][GT] t=0.401 quat=[0.70739, 0.0, 0.0, 0.70683] angvel=[0.0, 0.0, 0.0] linvel=[0.0, 0.0, 0.0] z=0.7975
[lowlevel-sim][GT] t=0.451 quat=[0.70739, 0.0, 0.0, 0.70683] angvel=[0.0, 0.0, 0.0] linvel=[0.0, 0.0, 0.0] z=0.7975
[lowlevel-sim] t=   0.50 mode=hold       pd=499 hold=499 failclosed=0 rtf=0.204 base_z=+0.798 pitch=+0.000 roll=+0.000 |tau|max=  0.00 sat=0/29 knee_L=+0.300 hip_p_L=-0.100 torn=499 cmd_age=-1.0ms auth=-1.0s rig_ign=0 fix_base=1
[lowlevel-sim][GT] t=0.501 quat=[0.70739, 0.0, 0.0, 0.70683] angvel=[0.0, 0.0, 0.0] linvel=[0.0, 0.0, 0.0] z=0.7975
[lowlevel-sim][GT] t=0.551 quat=[0.70739, 0.0, 0.0, 0.70683] angvel=[0.0, 0.0, 0.0] linvel=[0.0, 0.0, 0.0] z=0.7975
[lowlevel-sim][GT] t=0.601 quat=[0.70739, 0.0, 0.0, 0.70683] angvel=[0.0, 0.0, 0.0] linvel=[0.0, 0.0, 0.0] z=0.7975
[lowlevel-sim][GT] t=0.651 quat=[0.70739, 0.0, 0.0, 0.70683] angvel=[0.0, 0.0, 0.0] linvel=[0.0, 0.0, 0.0] z=0.7975
[lowlevel-sim][GT] t=0.701 quat=[0.70739, 0.0, 0.0, 0.70683] angvel=[0.0, 0.0, 0.0] linvel=[0.0, 0.0, 0.0] z=0.7975
[lowlevel-sim][GT] t=0.751 quat=[0.70739, 0.0, 0.0, 0.70683] angvel=[0.0, 0.0, 0.0] linvel=[0.0, 0.0, 0.0] z=0.7975
[lowlevel-sim][GT] t=0.801 quat=[0.70739, 0.0, 0.0, 0.70683] angvel=[0.0, 0.0, 0.0] linvel=[0.0, 0.0, 0.0] z=0.7975
[lowlevel-sim][GT] t=0.851 quat=[0.70739, 0.0, 0.0, 0.70683] angvel=[0.0, 0.0, 0.0] linvel=[0.0, 0.0, 0.0] z=0.7975
[lowlevel-sim][GT] t=0.901 quat=[0.70739, 0.0, 0.0, 0.70683] angvel=[0.0, 0.0, 0.0] linvel=[0.0, 0.0, 0.0] z=0.7975
[lowlevel-sim][GT] t=0.951 quat=[0.70739, 0.0, 0.0, 0.70683] angvel=[0.0, 0.0, 0.0] linvel=[0.0, 0.0, 0.0] z=0.7975
[lowlevel-sim] t=   1.00 mode=hold       pd=999 hold=999 failclosed=0 rtf=0.238 base_z=+0.798 pitch=+0.000 roll=+0.000 |tau|max=  0.00 sat=0/29 knee_L=+0.300 hip_p_L=-0.100 torn=999 cmd_age=-1.0ms auth=-1.0s rig_ign=0 fix_base=1
[lowlevel-sim][GT] t=1.001 quat=[0.70739, 0.0, 0.0, 0.70683] angvel=[0.0, 0.0, 0.0] linvel=[0.0, 0.0, 0.0] z=0.7975
[lowlevel-sim][GT] t=1.051 quat=[0.70739, 0.0, 0.0, 0.70683] angvel=[0.0, 0.0, 0.0] linvel=[0.0, 0.0, 0.0] z=0.7975
[lowlevel-sim][GT] t=1.101 quat=[0.70739, 0.0, 0.0, 0.70683] angvel=[0.0, 0.0, 0.0] linvel=[0.0, 0.0, 0.0] z=0.7975
[lowlevel-sim][GT] t=1.151 quat=[0.70739, 0.0, 0.0, 0.70683] angvel=[0.0, 0.0, 0.0] linvel=[0.0, 0.0, 0.0] z=0.7975
[lowlevel-sim][GT] t=1.201 quat=[0.70739, 0.0, 0.0, 0.70683] angvel=[0.0, 0.0, 0.0] linvel=[0.0, 0.0, 0.0] z=0.7975
[lowlevel-sim][GT] t=1.251 quat=[0.70739, 0.0, 0.0, 0.70683] angvel=[0.0, 0.0, 0.0] linvel=[0.0, 0.0, 0.0] z=0.7975
[lowlevel-sim][GT] t=1.301 quat=[0.70739, 0.0, 0.0, 0.70683] angvel=[0.0, 0.0, 0.0] linvel=[0.0, 0.0, 0.0] z=0.7975
[lowlevel-sim][GT] t=1.351 quat=[0.70739, 0.0, 0.0, 0.70683] angvel=[0.0, 0.0, 0.0] linvel=[0.0, 0.0, 0.0] z=0.7975
[lowlevel-sim][GT] t=1.401 quat=[0.70739, 0.0, 0.0, 0.70683] angvel=[0.0, 0.0, 0.0] linvel=[0.0, 0.0, 0.0] z=0.7975
[lowlevel-sim][GT] t=1.451 quat=[0.70739, 0.0, 0.0, 0.70683] angvel=[0.0, 0.0, 0.0] linvel=[0.0, 0.0, 0.0] z=0.7975
[lowlevel-sim] t=   1.50 mode=hold       pd=1499 hold=1499 failclosed=0 rtf=0.249 base_z=+0.798 pitch=+0.000 roll=+0.000 |tau|max=  0.00 sat=0/29 knee_L=+0.300 hip_p_L=-0.100 torn=1499 cmd_age=-1.0ms auth=-1.0s rig_ign=0 fix_base=1
[lowlevel-sim][GT] t=1.501 quat=[0.70739, 0.0, 0.0, 0.70683] angvel=[0.0, 0.0, 0.0] linvel=[0.0, 0.0, 0.0] z=0.7975
[lowlevel-sim][GT] t=1.551 quat=[0.70739, 0.0, 0.0, 0.70683] angvel=[0.0, 0.0, 0.0] linvel=[0.0, 0.0, 0.0] z=0.7975
[lowlevel-sim][GT] t=1.601 quat=[0.70739, 0.0, 0.0, 0.70683] angvel=[0.0, 0.0, 0.0] linvel=[0.0, 0.0, 0.0] z=0.7975
[lowlevel-sim][GT] t=1.651 quat=[0.70739, 0.0, 0.0, 0.70683] angvel=[0.0, 0.0, 0.0] linvel=[0.0, 0.0, 0.0] z=0.7975
[lowlevel-sim][GT] t=1.701 quat=[0.70739, 0.0, 0.0, 0.70683] angvel=[0.0, 0.0, 0.0] linvel=[0.0, 0.0, 0.0] z=0.7975
[lowlevel-sim][GT] t=1.751 quat=[0.70739, 0.0, 0.0, 0.70683] angvel=[0.0, 0.0, 0.0] linvel=[0.0, 0.0, 0.0] z=0.7975
[lowlevel-sim][GT] t=1.801 quat=[0.70739, 0.0, 0.0, 0.70683] angvel=[0.0, 0.0, 0.0] linvel=[0.0, 0.0, 0.0] z=0.7975
[lowlevel-sim][GT] t=1.851 quat=[0.70739, 0.0, 0.0, 0.70683] angvel=[0.0, 0.0, 0.0] linvel=[0.0, 0.0, 0.0] z=0.7975
[lowlevel-sim][GT] t=1.901 quat=[0.70739, 0.0, 0.0, 0.70683] angvel=[0.0, 0.0, 0.0] linvel=[0.0, 0.0, 0.0] z=0.7975
[lowlevel-sim][GT] t=1.951 quat=[0.70739, 0.0, 0.0, 0.70683] angvel=[0.0, 0.0, 0.0] linvel=[0.0, 0.0, 0.0] z=0.7975
[lowlevel-sim] t=   2.00 mode=hold       pd=1999 hold=1999 failclosed=0 rtf=0.250 base_z=+0.798 pitch=+0.000 roll=+0.000 |tau|max=  0.00 sat=0/29 knee_L=+0.300 hip_p_L=-0.100 torn=1999 cmd_age=-1.0ms auth=-1.0s rig_ign=0 fix_base=1
[lowlevel-sim][GT] t=2.001 quat=[0.70739, 0.0, 0.0, 0.70683] angvel=[0.0, 0.0, 0.0] linvel=[0.0, 0.0, 0.0] z=0.7975
[lowlevel-sim][GT] t=2.051 quat=[0.70739, 0.0, 0.0, 0.70683] angvel=[0.0, 0.0, 0.0] linvel=[0.0, 0.0, 0.0] z=0.7975
[lowlevel-sim][GT] t=2.101 quat=[0.70739, 0.0, 0.0, 0.70683] angvel=[0.0, 0.0, 0.0] linvel=[0.0, 0.0, 0.0] z=0.7975
[lowlevel-sim][GT] t=2.151 quat=[0.70739, 0.0, 0.0, 0.70683] angvel=[0.0, 0.0, 0.0] linvel=[0.0, 0.0, 0.0] z=0.7975
[lowlevel-sim][GT] t=2.201 quat=[0.70739, 0.0, 0.0, 0.70683] angvel=[0.0, 0.0, 0.0] linvel=[0.0, 0.0, 0.0] z=0.7975
[lowlevel-sim][GT] t=2.251 quat=[0.70739, 0.0, 0.0, 0.70683] angvel=[0.0, 0.0, 0.0] linvel=[0.0, 0.0, 0.0] z=0.7975
[lowlevel-sim][GT] t=2.301 quat=[0.70739, 0.0, 0.0, 0.70683] angvel=[0.0, 0.0, 0.0] linvel=[0.0, 0.0, 0.0] z=0.7975
[lowlevel-sim][GT] t=2.351 quat=[0.70739, 0.0, 0.0, 0.70683] angvel=[0.0, 0.0, 0.0] linvel=[0.0, 0.0, 0.0] z=0.7975
[lowlevel-sim][GT] t=2.401 quat=[0.70739, 0.0, 0.0, 0.70683] angvel=[0.0, 0.0, 0.0] linvel=[0.0, 0.0, 0.0] z=0.7975
[lowlevel-sim][GT] t=2.451 quat=[0.70739, 0.0, 0.0, 0.70683] angvel=[0.0, 0.0, 0.0] linvel=[0.0, 0.0, 0.0] z=0.7975
[lowlevel-sim] t=   2.50 mode=hold       pd=2499 hold=2499 failclosed=0 rtf=0.248 base_z=+0.798 pitch=+0.000 roll=+0.000 |tau|max=  0.00 sat=0/29 knee_L=+0.300 hip_p_L=-0.100 torn=2499 cmd_age=-1.0ms auth=-1.0s rig_ign=0 fix_base=1
[lowlevel-sim][GT] t=2.501 quat=[0.70739, 0.0, 0.0, 0.70683] angvel=[0.0, 0.0, 0.0] linvel=[0.0, 0.0, 0.0] z=0.7975
[lowlevel-sim][GT] t=2.551 quat=[0.70739, 0.0, 0.0, 0.70683] angvel=[0.0, 0.0, 0.0] linvel=[0.0, 0.0, 0.0] z=0.7975
[lowlevel-sim][GT] t=2.601 quat=[0.70739, 0.0, 0.0, 0.70683] angvel=[0.0, 0.0, 0.0] linvel=[0.0, 0.0, 0.0] z=0.7975
[lowlevel-sim][GT] t=2.651 quat=[0.70739, 0.0, 0.0, 0.70683] angvel=[0.0, 0.0, 0.0] linvel=[0.0, 0.0, 0.0] z=0.7975
[lowlevel-sim][GT] t=2.701 quat=[0.70739, 0.0, 0.0, 0.70683] angvel=[0.0, 0.0, 0.0] linvel=[0.0, 0.0, 0.0] z=0.7975
[lowlevel-sim][GT] t=2.751 quat=[0.70739, 0.0, 0.0, 0.70683] angvel=[0.0, 0.0, 0.0] linvel=[0.0, 0.0, 0.0] z=0.7975
[lowlevel-sim][GT] t=2.801 quat=[0.70739, 0.0, 0.0, 0.70683] angvel=[0.0, 0.0, 0.0] linvel=[0.0, 0.0, 0.0] z=0.7975
[lowlevel-sim][GT] t=2.851 quat=[0.70739, 0.0, 0.0, 0.70683] angvel=[0.0, 0.0, 0.0] linvel=[0.0, 0.0, 0.0] z=0.7975
[lowlevel-sim][GT] t=2.901 quat=[0.70739, 0.0, 0.0, 0.70683] angvel=[0.0, 0.0, 0.0] linvel=[0.0, 0.0, 0.0] z=0.7975
[lowlevel-sim][GT] t=2.951 quat=[0.70739, 0.0, 0.0, 0.70683] angvel=[0.0, 0.0, 0.0] linvel=[0.0, 0.0, 0.0] z=0.7975
[lowlevel-sim] t=   3.00 mode=hold       pd=2999 hold=2999 failclosed=0 rtf=0.250 base_z=+0.798 pitch=+0.000 roll=+0.000 |tau|max=  0.00 sat=0/29 knee_L=+0.300 hip_p_L=-0.100 torn=2999 cmd_age=-1.0ms auth=-1.0s rig_ign=0 fix_base=1
[lowlevel-sim][GT] t=3.001 quat=[0.70739, 0.0, 0.0, 0.70683] angvel=[0.0, 0.0, 0.0] linvel=[0.0, 0.0, 0.0] z=0.7975
[lowlevel-sim][GT] t=3.051 quat=[0.70739, 0.0, 0.0, 0.70683] angvel=[0.0, 0.0, 0.0] linvel=[0.0, 0.0, 0.0] z=0.7975
[lowlevel-sim][GT] t=3.101 quat=[0.70739, 0.0, 0.0, 0.70683] angvel=[0.0, 0.0, 0.0] linvel=[0.0, 0.0, 0.0] z=0.7975
[lowlevel-sim][GT] t=3.151 quat=[0.70739, 0.0, 0.0, 0.70683] angvel=[0.0, 0.0, 0.0] linvel=[0.0, 0.0, 0.0] z=0.7975
[lowlevel-sim][GT] t=3.201 quat=[0.70739, 0.0, 0.0, 0.70683] angvel=[0.0, 0.0, 0.0] linvel=[0.0, 0.0, 0.0] z=0.7975
[lowlevel-sim][GT] t=3.251 quat=[0.70739, 0.0, 0.0, 0.70683] angvel=[0.0, 0.0, 0.0] linvel=[0.0, 0.0, 0.0] z=0.7975
[lowlevel-sim][GT] t=3.301 quat=[0.70739, 0.0, 0.0, 0.70683] angvel=[0.0, 0.0, 0.0] linvel=[0.0, 0.0, 0.0] z=0.7975
[lowlevel-sim][GT] t=3.351 quat=[0.70739, 0.0, 0.0, 0.70683] angvel=[0.0, 0.0, 0.0] linvel=[0.0, 0.0, 0.0] z=0.7975
[lowlevel-sim][GT] t=3.401 quat=[0.70739, 0.0, 0.0, 0.70683] angvel=[0.0, 0.0, 0.0] linvel=[0.0, 0.0, 0.0] z=0.7975
[lowlevel-sim][GT] t=3.451 quat=[0.70739, 0.0, 0.0, 0.70683] angvel=[0.0, 0.0, 0.0] linvel=[0.0, 0.0, 0.0] z=0.7975
[lowlevel-sim] t=   3.50 mode=hold       pd=3499 hold=3499 failclosed=0 rtf=0.249 base_z=+0.798 pitch=+0.000 roll=+0.000 |tau|max=  0.00 sat=0/29 knee_L=+0.300 hip_p_L=-0.100 torn=3499 cmd_age=-1.0ms auth=-1.0s rig_ign=0 fix_base=1
[lowlevel-sim][GT] t=3.501 quat=[0.70739, 0.0, 0.0, 0.70683] angvel=[0.0, 0.0, 0.0] linvel=[0.0, 0.0, 0.0] z=0.7975
[lowlevel-sim][GT] t=3.551 quat=[0.70739, 0.0, 0.0, 0.70683] angvel=[0.0, 0.0, 0.0] linvel=[0.0, 0.0, 0.0] z=0.7975
[lowlevel-sim][GT] t=3.601 quat=[0.70739, 0.0, 0.0, 0.70683] angvel=[0.0, 0.0, 0.0] linvel=[0.0, 0.0, 0.0] z=0.7975
[lowlevel-sim][GT] t=3.651 quat=[0.70739, 0.0, 0.0, 0.70683] angvel=[0.0, 0.0, 0.0] linvel=[0.0, 0.0, 0.0] z=0.7975
[lowlevel-sim][GT] t=3.701 quat=[0.70739, 0.0, 0.0, 0.70683] angvel=[0.0, 0.0, 0.0] linvel=[0.0, 0.0, 0.0] z=0.7975
[lowlevel-sim][GT] t=3.751 quat=[0.70739, 0.0, 0.0, 0.70683] angvel=[0.0, 0.0, 0.0] linvel=[0.0, 0.0, 0.0] z=0.7975
[lowlevel-sim][GT] t=3.801 quat=[0.70739, 0.0, 0.0, 0.70683] angvel=[0.0, 0.0, 0.0] linvel=[0.0, 0.0, 0.0] z=0.7975
[lowlevel-sim][GT] t=3.851 quat=[0.70739, 0.0, 0.0, 0.70683] angvel=[0.0, 0.0, 0.0] linvel=[0.0, 0.0, 0.0] z=0.7975
[lowlevel-sim][GT] t=3.901 quat=[0.70739, 0.0, 0.0, 0.70683] angvel=[0.0, 0.0, 0.0] linvel=[0.0, 0.0, 0.0] z=0.7975
[lowlevel-sim][GT] t=3.951 quat=[0.70739, 0.0, 0.0, 0.70683] angvel=[0.0, 0.0, 0.0] linvel=[0.0, 0.0, 0.0] z=0.7975
[lowlevel-sim] t=   4.00 mode=hold       pd=3999 hold=3999 failclosed=0 rtf=0.246 base_z=+0.798 pitch=+0.000 roll=+0.000 |tau|max=  0.00 sat=0/29 knee_L=+0.300 hip_p_L=-0.100 torn=3999 cmd_age=-1.0ms auth=-1.0s rig_ign=0 fix_base=1
[lowlevel-sim][GT] t=4.001 quat=[0.70739, 0.0, 0.0, 0.70683] angvel=[0.0, 0.0, 0.0] linvel=[0.0, 0.0, 0.0] z=0.7975
[lowlevel-sim][GT] t=4.051 quat=[0.70739, 0.0, 0.0, 0.70683] angvel=[0.0, 0.0, 0.0] linvel=[0.0, 0.0, 0.0] z=0.7975
[lowlevel-sim][GT] t=4.101 quat=[0.70739, 0.0, 0.0, 0.70683] angvel=[0.0, 0.0, 0.0] linvel=[0.0, 0.0, 0.0] z=0.7975
[lowlevel-sim][GT] t=4.151 quat=[0.70739, 0.0, 0.0, 0.70683] angvel=[0.0, 0.0, 0.0] linvel=[0.0, 0.0, 0.0] z=0.7975
[lowlevel-sim][GT] t=4.201 quat=[0.70739, 0.0, 0.0, 0.70683] angvel=[0.0, 0.0, 0.0] linvel=[0.0, 0.0, 0.0] z=0.7975
[lowlevel-sim][GT] t=4.251 quat=[0.70739, 0.0, 0.0, 0.70683] angvel=[0.0, 0.0, 0.0] linvel=[0.0, 0.0, 0.0] z=0.7975
[lowlevel-sim][GT] t=4.301 quat=[0.70739, 0.0, 0.0, 0.70683] angvel=[0.0, 0.0, 0.0] linvel=[0.0, 0.0, 0.0] z=0.7975
[lowlevel-sim][GT] t=4.351 quat=[0.70739, 0.0, 0.0, 0.70683] angvel=[0.0, 0.0, 0.0] linvel=[0.0, 0.0, 0.0] z=0.7975
[lowlevel-sim][GT] t=4.401 quat=[0.70739, 0.0, 0.0, 0.70683] angvel=[0.0, 0.0, 0.0] linvel=[0.0, 0.0, 0.0] z=0.7975
[lowlevel-sim][GT] t=4.451 quat=[0.70739, 0.0, 0.0, 0.70683] angvel=[0.0, 0.0, 0.0] linvel=[0.0, 0.0, 0.0] z=0.7975
[lowlevel-sim] t=   4.50 mode=hold       pd=4499 hold=4499 failclosed=0 rtf=0.245 base_z=+0.798 pitch=+0.000 roll=+0.000 |tau|max=  0.00 sat=0/29 knee_L=+0.300 hip_p_L=-0.100 torn=4499 cmd_age=-1.0ms auth=-1.0s rig_ign=0 fix_base=1
[lowlevel-sim][GT] t=4.501 quat=[0.70739, 0.0, 0.0, 0.70683] angvel=[0.0, 0.0, 0.0] linvel=[0.0, 0.0, 0.0] z=0.7975
[lowlevel-sim][GT] t=4.551 quat=[0.70739, 0.0, 0.0, 0.70683] angvel=[0.0, 0.0, 0.0] linvel=[0.0, 0.0, 0.0] z=0.7975
[lowlevel-sim][GT] t=4.601 quat=[0.70739, 0.0, 0.0, 0.70683] angvel=[0.0, 0.0, 0.0] linvel=[0.0, 0.0, 0.0] z=0.7975
[lowlevel-sim][GT] t=4.651 quat=[0.70739, 0.0, 0.0, 0.70683] angvel=[0.0, 0.0, 0.0] linvel=[0.0, 0.0, 0.0] z=0.7975
[lowlevel-sim][GT] t=4.701 quat=[0.70739, 0.0, 0.0, 0.70683] angvel=[0.0, 0.0, 0.0] linvel=[0.0, 0.0, 0.0] z=0.7975
[lowlevel-sim][GT] t=4.751 quat=[0.70739, 0.0, 0.0, 0.70683] angvel=[0.0, 0.0, 0.0] linvel=[0.0, 0.0, 0.0] z=0.7975
[lowlevel-sim][GT] t=4.801 quat=[0.70739, 0.0, 0.0, 0.70683] angvel=[0.0, 0.0, 0.0] linvel=[0.0, 0.0, 0.0] z=0.7975
[lowlevel-sim][GT] t=4.851 quat=[0.70739, 0.0, 0.0, 0.70683] angvel=[0.0, 0.0, 0.0] linvel=[0.0, 0.0, 0.0] z=0.7975
[lowlevel-sim][GT] t=4.901 quat=[0.70739, 0.0, 0.0, 0.70683] angvel=[0.0, 0.0, 0.0] linvel=[0.0, 0.0, 0.0] z=0.7975
[lowlevel-sim][GT] t=4.951 quat=[0.70739, 0.0, 0.0, 0.70683] angvel=[0.0, 0.0, 0.0] linvel=[0.0, 0.0, 0.0] z=0.7975
[lowlevel-sim] t=   5.00 mode=hold       pd=4999 hold=4999 failclosed=0 rtf=0.243 base_z=+0.798 pitch=+0.000 roll=+0.000 |tau|max=  0.00 sat=0/29 knee_L=+0.300 hip_p_L=-0.100 torn=4999 cmd_age=-1.0ms auth=-1.0s rig_ign=0 fix_base=1
[lowlevel-sim][GT] t=5.001 quat=[0.70739, 0.0, 0.0, 0.70683] angvel=[0.0, 0.0, 0.0] linvel=[0.0, 0.0, 0.0] z=0.7975
[lowlevel-sim][GT] t=5.051 quat=[0.70739, 0.0, 0.0, 0.70683] angvel=[0.0, 0.0, 0.0] linvel=[0.0, 0.0, 0.0] z=0.7975
[lowlevel-sim][GT] t=5.101 quat=[0.70739, 0.0, 0.0, 0.70683] angvel=[0.0, 0.0, 0.0] linvel=[0.0, 0.0, 0.0] z=0.7975
[lowlevel-sim][GT] t=5.151 quat=[0.70739, 0.0, 0.0, 0.70683] angvel=[0.0, 0.0, 0.0] linvel=[0.0, 0.0, 0.0] z=0.7975
[lowlevel-sim][GT] t=5.201 quat=[0.70739, 0.0, 0.0, 0.70683] angvel=[0.0, 0.0, 0.0] linvel=[0.0, 0.0, 0.0] z=0.7975
[lowlevel-sim][GT] t=5.251 quat=[0.70739, 0.0, 0.0, 0.70683] angvel=[0.0, 0.0, 0.0] linvel=[0.0, 0.0, 0.0] z=0.7975
[lowlevel-sim][GT] t=5.301 quat=[0.70739, 0.0, 0.0, 0.70683] angvel=[0.0, 0.0, 0.0] linvel=[0.0, 0.0, 0.0] z=0.7975
[lowlevel-sim][GT] t=5.351 quat=[0.70739, 0.0, 0.0, 0.70683] angvel=[0.0, 0.0, 0.0] linvel=[0.0, 0.0, 0.0] z=0.7975
[lowlevel-sim][GT] t=5.401 quat=[0.70739, 0.0, 0.0, 0.70683] angvel=[0.0, 0.0, 0.0] linvel=[0.0, 0.0, 0.0] z=0.7975
[lowlevel-sim][GT] t=5.451 quat=[0.70739, 0.0, 0.0, 0.70683] angvel=[0.0, 0.0, 0.0] linvel=[0.0, 0.0, 0.0] z=0.7975
[lowlevel-sim] t=   5.50 mode=hold       pd=5499 hold=5499 failclosed=0 rtf=0.242 base_z=+0.798 pitch=+0.000 roll=+0.000 |tau|max=  0.00 sat=0/29 knee_L=+0.300 hip_p_L=-0.100 torn=5499 cmd_age=-1.0ms auth=-1.0s rig_ign=0 fix_base=1
[lowlevel-sim][GT] t=5.501 quat=[0.70739, 0.0, 0.0, 0.70683] angvel=[0.0, 0.0, 0.0] linvel=[0.0, 0.0, 0.0] z=0.7975
[lowlevel-sim][GT] t=5.551 quat=[0.70739, 0.0, 0.0, 0.70683] angvel=[0.0, 0.0, 0.0] linvel=[0.0, 0.0, 0.0] z=0.7975
[lowlevel-sim][GT] t=5.601 quat=[0.70739, 0.0, 0.0, 0.70683] angvel=[0.0, 0.0, 0.0] linvel=[0.0, 0.0, 0.0] z=0.7975
[lowlevel-sim][GT] t=5.651 quat=[0.70739, 0.0, 0.0, 0.70683] angvel=[0.0, 0.0, 0.0] linvel=[0.0, 0.0, 0.0] z=0.7975
[lowlevel-sim][GT] t=5.701 quat=[0.70739, 0.0, 0.0, 0.70683] angvel=[0.0, 0.0, 0.0] linvel=[0.0, 0.0, 0.0] z=0.7975
[lowlevel-sim][GT] t=5.751 quat=[0.70739, 0.0, 0.0, 0.70683] angvel=[0.0, 0.0, 0.0] linvel=[0.0, 0.0, 0.0] z=0.7975
[lowlevel-sim][GT] t=5.801 quat=[0.70739, 0.0, 0.0, 0.70683] angvel=[0.0, 0.0, 0.0] linvel=[0.0, 0.0, 0.0] z=0.7975
[lowlevel-sim][GT] t=5.851 quat=[0.70739, 0.0, 0.0, 0.70683] angvel=[0.0, 0.0, 0.0] linvel=[0.0, 0.0, 0.0] z=0.7975
[lowlevel-sim][GT] t=5.901 quat=[0.70739, 0.0, 0.0, 0.70683] angvel=[0.0, 0.0, 0.0] linvel=[0.0, 0.0, 0.0] z=0.7975
[lowlevel-sim][GT] t=5.951 quat=[0.70739, 0.0, 0.0, 0.70683] angvel=[0.0, 0.0, 0.0] linvel=[0.0, 0.0, 0.0] z=0.7975
[lowlevel-sim] t=   6.00 mode=hold       pd=5999 hold=5999 failclosed=0 rtf=0.241 base_z=+0.798 pitch=+0.000 roll=+0.000 |tau|max=  0.00 sat=0/29 knee_L=+0.300 hip_p_L=-0.100 torn=5999 cmd_age=-1.0ms auth=-1.0s rig_ign=0 fix_base=1
[lowlevel-sim][GT] t=6.001 quat=[0.70739, 0.0, 0.0, 0.70683] angvel=[0.0, 0.0, 0.0] linvel=[0.0, 0.0, 0.0] z=0.7975
[lowlevel-sim][GT] t=6.051 quat=[0.70739, 0.0, 0.0, 0.70683] angvel=[0.0, 0.0, 0.0] linvel=[0.0, 0.0, 0.0] z=0.7975
[lowlevel-sim][GT] t=6.101 quat=[0.70739, 0.0, 0.0, 0.70683] angvel=[0.0, 0.0, 0.0] linvel=[0.0, 0.0, 0.0] z=0.7975
[lowlevel-sim][GT] t=6.151 quat=[0.70739, 0.0, 0.0, 0.70683] angvel=[0.0, 0.0, 0.0] linvel=[0.0, 0.0, 0.0] z=0.7975
[lowlevel-sim][GT] t=6.201 quat=[0.70739, 0.0, 0.0, 0.70683] angvel=[0.0, 0.0, 0.0] linvel=[0.0, 0.0, 0.0] z=0.7975
[lowlevel-sim][GT] t=6.251 quat=[0.70739, 0.0, 0.0, 0.70683] angvel=[0.0, 0.0, 0.0] linvel=[0.0, 0.0, 0.0] z=0.7975
[lowlevel-sim][GT] t=6.301 quat=[0.70739, 0.0, 0.0, 0.70683] angvel=[0.0, 0.0, 0.0] linvel=[0.0, 0.0, 0.0] z=0.7975
[lowlevel-sim][GT] t=6.351 quat=[0.70739, 0.0, 0.0, 0.70683] angvel=[0.0, 0.0, 0.0] linvel=[0.0, 0.0, 0.0] z=0.7975
[lowlevel-sim][GT] t=6.401 quat=[0.70739, 0.0, 0.0, 0.70683] angvel=[0.0, 0.0, 0.0] linvel=[0.0, 0.0, 0.0] z=0.7975
[lowlevel-sim][GT] t=6.451 quat=[0.70739, 0.0, 0.0, 0.70683] angvel=[0.0, 0.0, 0.0] linvel=[0.0, 0.0, 0.0] z=0.7975
[lowlevel-sim] t=   6.50 mode=hold       pd=6499 hold=6499 failclosed=0 rtf=0.241 base_z=+0.798 pitch=+0.000 roll=+0.000 |tau|max=  0.00 sat=0/29 knee_L=+0.300 hip_p_L=-0.100 torn=6499 cmd_age=-1.0ms auth=-1.0s rig_ign=0 fix_base=1
[lowlevel-sim][GT] t=6.501 quat=[0.70739, 0.0, 0.0, 0.70683] angvel=[0.0, 0.0, 0.0] linvel=[0.0, 0.0, 0.0] z=0.7975
[lowlevel-sim][GT] t=6.551 quat=[0.70739, 0.0, 0.0, 0.70683] angvel=[0.0, 0.0, 0.0] linvel=[0.0, 0.0, 0.0] z=0.7975
[lowlevel-sim][GT] t=6.601 quat=[0.70739, 0.0, 0.0, 0.70683] angvel=[0.0, 0.0, 0.0] linvel=[0.0, 0.0, 0.0] z=0.7975
[lowlevel-sim][GT] t=6.651 quat=[0.70739, 0.0, 0.0, 0.70683] angvel=[0.0, 0.0, 0.0] linvel=[0.0, 0.0, 0.0] z=0.7975
[lowlevel-sim][GT] t=6.701 quat=[0.70739, 0.0, 0.0, 0.70683] angvel=[0.0, 0.0, 0.0] linvel=[0.0, 0.0, 0.0] z=0.7975
[lowlevel-sim][GT] t=6.751 quat=[0.70739, 0.0, 0.0, 0.70683] angvel=[0.0, 0.0, 0.0] linvel=[0.0, 0.0, 0.0] z=0.7975
[lowlevel-sim][GT] t=6.801 quat=[0.70739, 0.0, 0.0, 0.70683] angvel=[0.0, 0.0, 0.0] linvel=[0.0, 0.0, 0.0] z=0.7975
[lowlevel-sim][GT] t=6.851 quat=[0.70739, 0.0, 0.0, 0.70683] angvel=[0.0, 0.0, 0.0] linvel=[0.0, 0.0, 0.0] z=0.7975
[lowlevel-sim][GT] t=6.901 quat=[0.70739, 0.0, 0.0, 0.70683] angvel=[0.0, 0.0, 0.0] linvel=[0.0, 0.0, 0.0] z=0.7975
[lowlevel-sim][GT] t=6.951 quat=[0.70739, 0.0, 0.0, 0.70683] angvel=[0.0, 0.0, 0.0] linvel=[0.0, 0.0, 0.0] z=0.7975
[lowlevel-sim] t=   7.00 mode=hold       pd=6999 hold=6999 failclosed=0 rtf=0.241 base_z=+0.798 pitch=+0.000 roll=+0.000 |tau|max=  0.00 sat=0/29 knee_L=+0.300 hip_p_L=-0.100 torn=6999 cmd_age=-1.0ms auth=-1.0s rig_ign=0 fix_base=1
[lowlevel-sim][GT] t=7.001 quat=[0.70739, 0.0, 0.0, 0.70683] angvel=[0.0, 0.0, 0.0] linvel=[0.0, 0.0, 0.0] z=0.7975
[lowlevel-sim][GT] t=7.051 quat=[0.70739, 0.0, 0.0, 0.70683] angvel=[0.0, 0.0, 0.0] linvel=[0.0, 0.0, 0.0] z=0.7975
[lowlevel-sim][GT] t=7.101 quat=[0.70739, 0.0, 0.0, 0.70683] angvel=[0.0, 0.0, 0.0] linvel=[0.0, 0.0, 0.0] z=0.7975
[lowlevel-sim][GT] t=7.151 quat=[0.70739, 0.0, 0.0, 0.70683] angvel=[0.0, 0.0, 0.0] linvel=[0.0, 0.0, 0.0] z=0.7975
[lowlevel-sim][GT] t=7.201 quat=[0.70739, 0.0, 0.0, 0.70683] angvel=[0.0, 0.0, 0.0] linvel=[0.0, 0.0, 0.0] z=0.7975
[lowlevel-sim][GT] t=7.251 quat=[0.70739, 0.0, 0.0, 0.70683] angvel=[0.0, 0.0, 0.0] linvel=[0.0, 0.0, 0.0] z=0.7975
[lowlevel-sim][GT] t=7.301 quat=[0.70739, 0.0, 0.0, 0.70683] angvel=[0.0, 0.0, 0.0] linvel=[0.0, 0.0, 0.0] z=0.7975
[lowlevel-sim][GT] t=7.351 quat=[0.70739, 0.0, 0.0, 0.70683] angvel=[0.0, 0.0, 0.0] linvel=[0.0, 0.0, 0.0] z=0.7975
[lowlevel-sim][GT] t=7.401 quat=[0.70739, 0.0, 0.0, 0.70683] angvel=[0.0, 0.0, 0.0] linvel=[0.0, 0.0, 0.0] z=0.7975
[lowlevel-sim][GT] t=7.451 quat=[0.70739, 0.0, 0.0, 0.70683] angvel=[0.0, 0.0, 0.0] linvel=[0.0, 0.0, 0.0] z=0.7975
[lowlevel-sim] t=   7.50 mode=hold       pd=7499 hold=7499 failclosed=0 rtf=0.241 base_z=+0.798 pitch=+0.000 roll=+0.000 |tau|max=  0.00 sat=0/29 knee_L=+0.300 hip_p_L=-0.100 torn=7499 cmd_age=-1.0ms auth=-1.0s rig_ign=0 fix_base=1
[lowlevel-sim][GT] t=7.501 quat=[0.70739, 0.0, 0.0, 0.70683] angvel=[0.0, 0.0, 0.0] linvel=[0.0, 0.0, 0.0] z=0.7975
[lowlevel-sim][GT] t=7.551 quat=[0.70739, 0.0, 0.0, 0.70683] angvel=[0.0, 0.0, 0.0] linvel=[0.0, 0.0, 0.0] z=0.7975
[lowlevel-sim][GT] t=7.601 quat=[0.70739, 0.0, 0.0, 0.70683] angvel=[0.0, 0.0, 0.0] linvel=[0.0, 0.0, 0.0] z=0.7975
[lowlevel-sim][GT] t=7.651 quat=[0.70739, 0.0, 0.0, 0.70683] angvel=[0.0, 0.0, 0.0] linvel=[0.0, 0.0, 0.0] z=0.7975
[lowlevel-sim][GT] t=7.701 quat=[0.70739, 0.0, 0.0, 0.70683] angvel=[0.0, 0.0, 0.0] linvel=[0.0, 0.0, 0.0] z=0.7975
[lowlevel-sim][GT] t=7.751 quat=[0.70739, 0.0, 0.0, 0.70683] angvel=[0.0, 0.0, 0.0] linvel=[0.0, 0.0, 0.0] z=0.7975
[lowlevel-sim][GT] t=7.801 quat=[0.70739, 0.0, 0.0, 0.70683] angvel=[0.0, 0.0, 0.0] linvel=[0.0, 0.0, 0.0] z=0.7975
[lowlevel-sim][GT] t=7.851 quat=[0.70739, 0.0, 0.0, 0.70683] angvel=[0.0, 0.0, 0.0] linvel=[0.0, 0.0, 0.0] z=0.7975
[lowlevel-sim][GT] t=7.901 quat=[0.70739, 0.0, 0.0, 0.70683] angvel=[0.0, 0.0, 0.0] linvel=[0.0, 0.0, 0.0] z=0.7975
[lowlevel-sim][GT] t=7.951 quat=[0.70739, 0.0, 0.0, 0.70683] angvel=[0.0, 0.0, 0.0] linvel=[0.0, 0.0, 0.0] z=0.7975
[lowlevel-sim] t=   8.00 mode=hold       pd=7999 hold=7999 failclosed=0 rtf=0.241 base_z=+0.798 pitch=+0.000 roll=+0.000 |tau|max=  0.00 sat=0/29 knee_L=+0.300 hip_p_L=-0.100 torn=7999 cmd_age=-1.0ms auth=-1.0s rig_ign=0 fix_base=1
[lowlevel-sim][GT] t=8.001 quat=[0.70739, 0.0, 0.0, 0.70683] angvel=[0.0, 0.0, 0.0] linvel=[0.0, 0.0, 0.0] z=0.7975
[lowlevel-sim][GT] t=8.051 quat=[0.70739, 0.0, 0.0, 0.70683] angvel=[0.0, 0.0, 0.0] linvel=[0.0, 0.0, 0.0] z=0.7975
[lowlevel-sim][GT] t=8.101 quat=[0.70739, 0.0, 0.0, 0.70683] angvel=[0.0, 0.0, 0.0] linvel=[0.0, 0.0, 0.0] z=0.7975
[lowlevel-sim][GT] t=8.151 quat=[0.70739, 0.0, 0.0, 0.70683] angvel=[0.0, 0.0, 0.0] linvel=[0.0, 0.0, 0.0] z=0.7975
[lowlevel-sim][GT] t=8.201 quat=[0.70739, 0.0, 0.0, 0.70683] angvel=[0.0, 0.0, 0.0] linvel=[0.0, 0.0, 0.0] z=0.7975
[lowlevel-sim][GT] t=8.251 quat=[0.70739, 0.0, 0.0, 0.70683] angvel=[0.0, 0.0, 0.0] linvel=[0.0, 0.0, 0.0] z=0.7975
[lowlevel-sim][GT] t=8.301 quat=[0.70739, 0.0, 0.0, 0.70683] angvel=[0.0, 0.0, 0.0] linvel=[0.0, 0.0, 0.0] z=0.7975
[lowlevel-sim][GT] t=8.351 quat=[0.70739, 0.0, 0.0, 0.70683] angvel=[0.0, 0.0, 0.0] linvel=[0.0, 0.0, 0.0] z=0.7975
[lowlevel-sim][GT] t=8.401 quat=[0.70739, 0.0, 0.0, 0.70683] angvel=[0.0, 0.0, 0.0] linvel=[0.0, 0.0, 0.0] z=0.7975
[lowlevel-sim][GT] t=8.451 quat=[0.70739, 0.0, 0.0, 0.70683] angvel=[0.0, 0.0, 0.0] linvel=[0.0, 0.0, 0.0] z=0.7975
[lowlevel-sim] t=   8.50 mode=hold       pd=8499 hold=8499 failclosed=0 rtf=0.241 base_z=+0.798 pitch=+0.000 roll=+0.000 |tau|max=  0.00 sat=0/29 knee_L=+0.300 hip_p_L=-0.100 torn=8499 cmd_age=-1.0ms auth=-1.0s rig_ign=0 fix_base=1
[lowlevel-sim][GT] t=8.501 quat=[0.70739, 0.0, 0.0, 0.70683] angvel=[0.0, 0.0, 0.0] linvel=[0.0, 0.0, 0.0] z=0.7975
[lowlevel-sim][GT] t=8.551 quat=[0.70739, 0.0, 0.0, 0.70683] angvel=[0.0, 0.0, 0.0] linvel=[0.0, 0.0, 0.0] z=0.7975
[lowlevel-sim][GT] t=8.601 quat=[0.70739, 0.0, 0.0, 0.70683] angvel=[0.0, 0.0, 0.0] linvel=[0.0, 0.0, 0.0] z=0.7975
[lowlevel-sim][GT] t=8.651 quat=[0.70739, 0.0, 0.0, 0.70683] angvel=[0.0, 0.0, 0.0] linvel=[0.0, 0.0, 0.0] z=0.7975
[lowlevel-sim][GT] t=8.701 quat=[0.70739, 0.0, 0.0, 0.70683] angvel=[0.0, 0.0, 0.0] linvel=[0.0, 0.0, 0.0] z=0.7975
[lowlevel-sim][GT] t=8.751 quat=[0.70739, 0.0, 0.0, 0.70683] angvel=[0.0, 0.0, 0.0] linvel=[0.0, 0.0, 0.0] z=0.7975
[lowlevel-sim][GT] t=8.801 quat=[0.70739, 0.0, 0.0, 0.70683] angvel=[0.0, 0.0, 0.0] linvel=[0.0, 0.0, 0.0] z=0.7975
[lowlevel-sim][GT] t=8.851 quat=[0.70739, 0.0, 0.0, 0.70683] angvel=[0.0, 0.0, 0.0] linvel=[0.0, 0.0, 0.0] z=0.7975
[lowlevel-sim][GT] t=8.901 quat=[0.70739, 0.0, 0.0, 0.70683] angvel=[0.0, 0.0, 0.0] linvel=[0.0, 0.0, 0.0] z=0.7975
[lowlevel-sim][GT] t=8.951 quat=[0.70739, 0.0, 0.0, 0.70683] angvel=[0.0, 0.0, 0.0] linvel=[0.0, 0.0, 0.0] z=0.7975
[lowlevel-sim] t=   9.00 mode=hold       pd=8999 hold=8999 failclosed=0 rtf=0.241 base_z=+0.798 pitch=+0.000 roll=+0.000 |tau|max=  0.00 sat=0/29 knee_L=+0.300 hip_p_L=-0.100 torn=8999 cmd_age=-1.0ms auth=-1.0s rig_ign=0 fix_base=1
[lowlevel-sim][GT] t=9.001 quat=[0.70739, 0.0, 0.0, 0.70683] angvel=[0.0, 0.0, 0.0] linvel=[0.0, 0.0, 0.0] z=0.7975
[lowlevel-sim][GT] t=9.051 quat=[0.70739, 0.0, 0.0, 0.70683] angvel=[0.0, 0.0, 0.0] linvel=[0.0, 0.0, 0.0] z=0.7975
[lowlevel-sim][GT] t=9.101 quat=[0.70739, 0.0, 0.0, 0.70683] angvel=[0.0, 0.0, 0.0] linvel=[0.0, 0.0, 0.0] z=0.7975
[lowlevel-sim][GT] t=9.151 quat=[0.70739, 0.0, 0.0, 0.70683] angvel=[0.0, 0.0, 0.0] linvel=[0.0, 0.0, 0.0] z=0.7975
[lowlevel-sim][GT] t=9.201 quat=[0.70739, 0.0, 0.0, 0.70683] angvel=[0.0, 0.0, 0.0] linvel=[0.0, 0.0, 0.0] z=0.7975
[lowlevel-sim][GT] t=9.251 quat=[0.70739, 0.0, 0.0, 0.70683] angvel=[0.0, 0.0, 0.0] linvel=[0.0, 0.0, 0.0] z=0.7975
[lowlevel-sim][GT] t=9.301 quat=[0.70739, 0.0, 0.0, 0.70683] angvel=[0.0, 0.0, 0.0] linvel=[0.0, 0.0, 0.0] z=0.7975
[lowlevel-sim][GT] t=9.351 quat=[0.70739, 0.0, 0.0, 0.70683] angvel=[0.0, 0.0, 0.0] linvel=[0.0, 0.0, 0.0] z=0.7975
[lowlevel-sim][GT] t=9.401 quat=[0.70739, 0.0, 0.0, 0.70683] angvel=[0.0, 0.0, 0.0] linvel=[0.0, 0.0, 0.0] z=0.7975
[lowlevel-sim][GT] t=9.451 quat=[0.70739, 0.0, 0.0, 0.70683] angvel=[0.0, 0.0, 0.0] linvel=[0.0, 0.0, 0.0] z=0.7975
[lowlevel-sim] t=   9.50 mode=hold       pd=9499 hold=9499 failclosed=0 rtf=0.242 base_z=+0.798 pitch=+0.000 roll=+0.000 |tau|max=  0.00 sat=0/29 knee_L=+0.300 hip_p_L=-0.100 torn=9499 cmd_age=-1.0ms auth=-1.0s rig_ign=0 fix_base=1
[lowlevel-sim][GT] t=9.501 quat=[0.70739, 0.0, 0.0, 0.70683] angvel=[0.0, 0.0, 0.0] linvel=[0.0, 0.0, 0.0] z=0.7975
[lowlevel-sim][GT] t=9.551 quat=[0.70739, 0.0, 0.0, 0.70683] angvel=[0.0, 0.0, 0.0] linvel=[0.0, 0.0, 0.0] z=0.7975
[lowlevel-sim][GT] t=9.601 quat=[0.70739, 0.0, 0.0, 0.70683] angvel=[0.0, 0.0, 0.0] linvel=[0.0, 0.0, 0.0] z=0.7975
[lowlevel-sim][GT] t=9.651 quat=[0.70739, 0.0, 0.0, 0.70683] angvel=[0.0, 0.0, 0.0] linvel=[0.0, 0.0, 0.0] z=0.7975
[lowlevel-sim][GT] t=9.701 quat=[0.70739, 0.0, 0.0, 0.70683] angvel=[0.0, 0.0, 0.0] linvel=[0.0, 0.0, 0.0] z=0.7975
[lowlevel-sim][GT] t=9.751 quat=[0.70739, 0.0, 0.0, 0.70683] angvel=[0.0, 0.0, 0.0] linvel=[0.0, 0.0, 0.0] z=0.7975
[lowlevel-sim][GT] t=9.801 quat=[0.70739, 0.0, 0.0, 0.70683] angvel=[0.0, 0.0, 0.0] linvel=[0.0, 0.0, 0.0] z=0.7975
[lowlevel-sim][GT] t=9.851 quat=[0.70739, 0.0, 0.0, 0.70683] angvel=[0.0, 0.0, 0.0] linvel=[0.0, 0.0, 0.0] z=0.7975
[lowlevel-sim][GT] t=9.901 quat=[0.70739, 0.0, 0.0, 0.70683] angvel=[0.0, 0.0, 0.0] linvel=[0.0, 0.0, 0.0] z=0.7975
[lowlevel-sim][GT] t=9.951 quat=[0.70739, 0.0, 0.0, 0.70683] angvel=[0.0, 0.0, 0.0] linvel=[0.0, 0.0, 0.0] z=0.7975
[lowlevel-sim] t=  10.00 mode=hold       pd=9999 hold=9999 failclosed=0 rtf=0.242 base_z=+0.798 pitch=+0.000 roll=+0.000 |tau|max=  0.00 sat=0/29 knee_L=+0.300 hip_p_L=-0.100 torn=9999 cmd_age=-1.0ms auth=-1.0s rig_ign=0 fix_base=1
[lowlevel-sim][GT] t=10.001 quat=[0.70739, 0.0, 0.0, 0.70683] angvel=[0.0, 0.0, 0.0] linvel=[0.0, 0.0, 0.0] z=0.7975
[lowlevel-sim][GT] t=10.051 quat=[0.70739, 0.0, 0.0, 0.70683] angvel=[0.0, 0.0, 0.0] linvel=[0.0, 0.0, 0.0] z=0.7975
[lowlevel-sim][GT] t=10.101 quat=[0.70739, 0.0, 0.0, 0.70683] angvel=[0.0, 0.0, 0.0] linvel=[0.0, 0.0, 0.0] z=0.7975
[lowlevel-sim][GT] t=10.151 quat=[0.70739, 0.0, 0.0, 0.70683] angvel=[0.0, 0.0, 0.0] linvel=[0.0, 0.0, 0.0] z=0.7975
[lowlevel-sim][GT] t=10.201 quat=[0.70739, 0.0, 0.0, 0.70683] angvel=[0.0, 0.0, 0.0] linvel=[0.0, 0.0, 0.0] z=0.7975
[lowlevel-sim][GT] t=10.251 quat=[0.70739, 0.0, 0.0, 0.70683] angvel=[0.0, 0.0, 0.0] linvel=[0.0, 0.0, 0.0] z=0.7975
[lowlevel-sim][GT] t=10.301 quat=[0.70739, 0.0, 0.0, 0.70683] angvel=[0.0, 0.0, 0.0] linvel=[0.0, 0.0, 0.0] z=0.7975
[lowlevel-sim][GT] t=10.351 quat=[0.70739, 0.0, 0.0, 0.70683] angvel=[0.0, 0.0, 0.0] linvel=[0.0, 0.0, 0.0] z=0.7975
[lowlevel-sim][GT] t=10.401 quat=[0.70739, 0.0, 0.0, 0.70683] angvel=[0.0, 0.0, 0.0] linvel=[0.0, 0.0, 0.0] z=0.7975
[lowlevel-sim][GT] t=10.451 quat=[0.70739, 0.0, 0.0, 0.70683] angvel=[0.0, 0.0, 0.0] linvel=[0.0, 0.0, 0.0] z=0.7975
[lowlevel-sim] t=  10.50 mode=hold       pd=10289 hold=10289 failclosed=0 rtf=0.242 base_z=+0.798 pitch=+0.000 roll=+0.000 |tau|max=  0.00 sat=0/29 knee_L=+0.300 hip_p_L=-0.100 torn=10091 cmd_age=6.2ms auth=1.2s rig_ign=210 fix_base=1
[lowlevel-sim][GT] t=10.501 quat=[0.70739, 0.0, 0.0, 0.70683] angvel=[0.0, 0.0, 0.0] linvel=[0.0, 0.0, 0.0] z=0.7975
[lowlevel-sim][GT] t=10.551 quat=[0.70739, 0.0, 0.0, 0.70683] angvel=[0.0, 0.0, 0.0] linvel=[0.0, 0.0, 0.0] z=0.7975
[lowlevel-sim][GT] t=10.601 quat=[0.70739, 0.0, 0.0, 0.70683] angvel=[0.0, 0.0, 0.0] linvel=[0.0, 0.0, 0.0] z=0.7975
[lowlevel-sim][GT] t=10.651 quat=[0.70739, 0.0, 0.0, 0.70683] angvel=[0.0, 0.0, 0.0] linvel=[0.0, 0.0, 0.0] z=0.7975
[lowlevel-sim][GT] t=10.701 quat=[0.70739, 0.0, 0.0, 0.70683] angvel=[0.0, 0.0, 0.0] linvel=[0.0, 0.0, 0.0] z=0.7975
[lowlevel-sim][GT] t=10.751 quat=[0.70739, 0.0, 0.0, 0.70683] angvel=[0.0, 0.0, 0.0] linvel=[0.0, 0.0, 0.0] z=0.7975
[lowlevel-sim][GT] t=10.801 quat=[0.70739, 0.0, 0.0, 0.70683] angvel=[0.0, 0.0, 0.0] linvel=[0.0, 0.0, 0.0] z=0.7975
[lowlevel-sim][GT] t=10.851 quat=[0.70739, 0.0, 0.0, 0.70683] angvel=[0.0, 0.0, 0.0] linvel=[0.0, 0.0, 0.0] z=0.7975
[lowlevel-sim][GT] t=10.901 quat=[0.70739, 0.0, 0.0, 0.70683] angvel=[0.0, 0.0, 0.0] linvel=[0.0, 0.0, 0.0] z=0.7975
[lowlevel-sim][GT] t=10.951 quat=[0.70739, 0.0, 0.0, 0.70683] angvel=[0.0, 0.0, 0.0] linvel=[0.0, 0.0, 0.0] z=0.7975
[lowlevel-sim] t=  11.00 mode=hold       pd=10539 hold=10539 failclosed=0 rtf=0.243 base_z=+0.798 pitch=+0.000 roll=+0.000 |tau|max=  0.00 sat=0/29 knee_L=+0.300 hip_p_L=-0.100 torn=10109 cmd_age=3.7ms auth=3.0s rig_ign=460 fix_base=1
[lowlevel-sim][GT] t=11.001 quat=[0.70739, 0.0, 0.0, 0.70683] angvel=[0.0, 0.0, 0.0] linvel=[0.0, 0.0, 0.0] z=0.7975
[lowlevel-sim][GT] t=11.051 quat=[0.70739, 0.0, 0.0, 0.70683] angvel=[0.0, 0.0, 0.0] linvel=[0.0, 0.0, 0.0] z=0.7975
[lowlevel-sim][GT] t=11.101 quat=[0.70739, 0.0, 0.0, 0.70683] angvel=[0.0, 0.0, 0.0] linvel=[0.0, 0.0, 0.0] z=0.7975
[lowlevel-sim][GT] t=11.151 quat=[0.70739, 0.0, 0.0, 0.70683] angvel=[0.0, 0.0, 0.0] linvel=[0.0, 0.0, 0.0] z=0.7975
[lowlevel-sim][GT] t=11.201 quat=[0.70739, 0.0, 0.0, 0.70683] angvel=[0.0, 0.0, 0.0] linvel=[0.0, 0.0, 0.0] z=0.7975
[lowlevel-sim][GT] t=11.251 quat=[0.70739, 0.0, 0.0, 0.70683] angvel=[0.0, 0.0, 0.0] linvel=[0.0, 0.0, 0.0] z=0.7975
[lowlevel-sim][GT] t=11.301 quat=[0.70739, 0.0, 0.0, 0.70683] angvel=[0.0, 0.0, 0.0] linvel=[0.0, 0.0, 0.0] z=0.7975
[lowlevel-sim][GT] t=11.351 quat=[0.70739, 0.0, 0.0, 0.70683] angvel=[0.0, 0.0, 0.0] linvel=[0.0, 0.0, 0.0] z=0.7975
[lowlevel-sim][GT] t=11.401 quat=[0.70739, 0.0, 0.0, 0.70683] angvel=[0.0, 0.0, 0.0] linvel=[0.0, 0.0, 0.0] z=0.7975
[lowlevel-sim][GT] t=11.451 quat=[0.70739, 0.0, 0.0, 0.70683] angvel=[0.0, 0.0, 0.0] linvel=[0.0, 0.0, 0.0] z=0.7975
[lowlevel-sim] t=  11.50 mode=hold       pd=10789 hold=10789 failclosed=0 rtf=0.245 base_z=+0.798 pitch=+0.000 roll=+0.000 |tau|max=  0.00 sat=0/29 knee_L=+0.300 hip_p_L=-0.100 torn=10124 cmd_age=4.2ms auth=4.7s rig_ign=710 fix_base=1
[lowlevel-sim][GT] t=11.501 quat=[0.70739, 0.0, 0.0, 0.70683] angvel=[0.0, 0.0, 0.0] linvel=[0.0, 0.0, 0.0] z=0.7975
[lowlevel-sim][GT] t=11.551 quat=[0.70739, 0.0, 0.0, 0.70683] angvel=[0.0, 0.0, 0.0] linvel=[0.0, 0.0, 0.0] z=0.7975
[lowlevel-sim] TEST RIG RELEASED at t=11.580s -- controller has had authority for 5.0s (C-30)
[lowlevel-sim] COMMANDED at t=11.580s (was idle hold)
[lowlevel-sim][GT] t=11.601 quat=[0.70739, 0.00176, -0.00176, 0.70682] angvel=[0.30533, -0.00032, -3e-05] linvel=[-9e-05, -0.07868, -0.23469] z=0.7949
[lowlevel-sim][GT] t=11.651 quat=[0.70727, 0.0134, -0.01341, 0.70669] angvel=[0.86651, 0.00097, -0.00143] linvel=[-0.00018, -0.12932, -0.06357] z=0.7819
[lowlevel-sim][GT] t=11.701 quat=[0.70711, 0.02045, -0.02047, 0.70651] angvel=[0.15012, -0.0094, -0.00034] linvel=[0.00042, -0.08449, -0.01039] z=0.7804
[lowlevel-sim][GT] t=11.751 quat=[0.70709, 0.02125, -0.02127, 0.70649] angvel=[-0.03834, -0.00169, 0.00187] linvel=[0.0007, -0.01536, 0.00057] z=0.7803
[lowlevel-sim][GT] t=11.801 quat=[0.70713, 0.01937, -0.01938, 0.70656] angvel=[-0.16385, 9e-05, 0.00316] linvel=[0.00127, 0.07414, 0.00401] z=0.7804
[lowlevel-sim][GT] t=11.851 quat=[0.70716, 0.01589, -0.0159, 0.70669] angvel=[-0.22303, 0.00274, 0.00884] linvel=[0.00172, 0.1535, -0.00079] z=0.7806
[lowlevel-sim][GT] t=11.901 quat=[0.70724, 0.01188, -0.0119, 0.70677] angvel=[-0.22946, 0.00848, 0.00085] linvel=[0.00149, 0.20373, -0.00812] z=0.7805
[lowlevel-sim][GT] t=11.951 quat=[0.7073, 0.00776, -0.00779, 0.70683] angvel=[-0.24097, 0.01046, 0.00127] linvel=[0.00132, 0.22656, -0.015] z=0.7800
[lowlevel-sim] t=  12.00 mode=cmd        pd=11039 hold=10829 failclosed=0 rtf=0.246 base_z=+0.779 pitch=-0.009 roll=-0.000 |tau|max=  7.55 sat=0/29 knee_L=+0.373 hip_p_L=-0.091 torn=10143 cmd_age=55.9ms auth=6.5s rig_ign=750 fix_base=0
[lowlevel-sim][GT] t=12.001 quat=[0.70734, 0.00323, -0.00328, 0.70686] angvel=[-0.27767, 0.00168, 0.00036] linvel=[0.0008, 0.23345, -0.02078] z=0.7791
[lowlevel-sim][GT] t=12.051 quat=[0.70736, -0.00219, 0.00217, 0.70685] angvel=[-0.33811, -0.00155, 0.00139] linvel=[0.00209, 0.23399, -0.02268] z=0.7781
[lowlevel-sim][GT] t=12.101 quat=[0.70729, -0.0088, 0.00878, 0.70682] angvel=[-0.40945, -0.0024, 0.00651] linvel=[0.00165, 0.23643, -0.02396] z=0.7769
[lowlevel-sim][GT] t=12.151 quat=[0.70714, -0.0167, 0.0167, 0.70668] angvel=[-0.48845, 0.00261, -0.00015] linvel=[0.00187, 0.2493, -0.0271] z=0.7756
[lowlevel-sim][GT] t=12.201 quat=[0.70688, -0.02611, 0.0261, 0.70637] angvel=[-0.57551, -0.00144, 0.00329] linvel=[0.00178, 0.27698, -0.03277] z=0.7740
[lowlevel-sim][GT] t=12.251 quat=[0.70637, -0.03715, 0.03715, 0.70589] angvel=[-0.67533, 0.0014, -0.00049] linvel=[0.00154, 0.324, -0.04567] z=0.7718
[lowlevel-sim][GT] t=12.301 quat=[0.70555, -0.05011, 0.05013, 0.7051] angvel=[-0.79393, -0.00607, 0.0029] linvel=[0.00147, 0.38971, -0.06774] z=0.7687
[lowlevel-sim][GT] t=12.351 quat=[0.70427, -0.06524, 0.06529, 0.7039] angvel=[-0.92731, 0.00539, 0.00493] linvel=[0.00172, 0.4715, -0.10002] z=0.7640
[lowlevel-sim][GT] t=12.401 quat=[0.7024, -0.08282, 0.08292, 0.70207] angvel=[-1.07937, -0.0014, -0.00159] linvel=[0.00091, 0.56554, -0.14536] z=0.7571
[lowlevel-sim][GT] t=12.451 quat=[0.69967, -0.1032, 0.10336, 0.69938] angvel=[-1.25541, 0.00766, -0.00011] linvel=[0.00025, 0.66811, -0.21033] z=0.7472
[lowlevel-sim] t=  12.50 mode=cmd        pd=11289 hold=10829 failclosed=0 rtf=0.249 base_z=+0.733 pitch=+0.359 roll=+0.000 |tau|max= 11.64 sat=0/29 knee_L=+0.305 hip_p_L=-0.125 torn=10167 cmd_age=35.2ms auth=8.0s rig_ign=750 fix_base=0
[lowlevel-sim][GT] t=12.501 quat=[0.69576, -0.12679, 0.12696, 0.6955] angvel=[-1.45601, 0.00745, -0.00433] linvel=[-0.00056, 0.77518, -0.29537] z=0.7330
[lowlevel-sim][GT] t=12.551 quat=[0.69027, -0.15392, 0.15413, 0.68999] angvel=[-1.68651, -0.00082, 0.00083] linvel=[-0.00031, 0.88348, -0.40912] z=0.7132
[lowlevel-sim][GT] t=12.601 quat=[0.68262, -0.18497, 0.18523, 0.68228] angvel=[-1.92991, 0.00117, 0.00532] linvel=[-0.00072, 0.99062, -0.55262] z=0.6860
[lowlevel-sim][GT] t=12.651 quat=[0.67226, -0.21952, 0.21968, 0.67203] angvel=[-2.14745, -0.0008, 0.00569] linvel=[-0.00126, 1.12562, -0.68252] z=0.6508
[lowlevel-sim][GT] t=12.701 quat=[0.65855, -0.2577, 0.2578, 0.65836] angvel=[-2.44785, -0.00028, 0.00106] linvel=[-0.00166, 1.30633, -0.82578] z=0.6076
[lowlevel-sim][GT] t=12.751 quat=[0.64011, -0.30056, 0.30067, 0.63994] angvel=[-2.86386, 0.00171, 0.00309] linvel=[-0.00211, 1.51001, -1.06309] z=0.5537
[lowlevel-sim][GT] t=12.801 quat=[0.61446, -0.34981, 0.34998, 0.61448] angvel=[-3.37515, 0.00745, 0.00313] linvel=[-0.00255, 1.63084, -1.49113] z=0.4807
[lowlevel-sim][GT] t=12.851 quat=[0.58212, -0.40102, 0.40131, 0.58247] angvel=[-3.41562, 0.00747, 0.0035] linvel=[-0.00303, 1.59613, -2.01872] z=0.3808
[lowlevel-sim][GT] t=12.901 quat=[0.54604, -0.44867, 0.44918, 0.54661] angvel=[-3.34381, 0.01264, 0.00228] linvel=[-0.00249, 1.54459, -2.48289] z=0.2555
[lowlevel-sim][GT] t=12.951 quat=[0.51466, -0.48478, 0.48446, 0.51517] angvel=[-7.6676, 0.00083, -0.00644] linvel=[-0.01434, 1.10692, -1.42436] z=0.1252
[lowlevel-sim] t=  13.00 mode=cmd        pd=11539 hold=10829 failclosed=0 rtf=0.250 base_z=+0.076 pitch=+1.440 roll=-3.000 |tau|max= 16.16 sat=0/29 knee_L=+0.253 hip_p_L=-0.054 torn=10192 cmd_age=90.0ms auth=9.7s rig_ign=750 fix_base=0
[lowlevel-sim][GT] t=13.001 quat=[0.47029, -0.53753, 0.52536, 0.46247] angvel=[-0.35822, -1.23428, 0.28252] linvel=[-0.0502, 0.32277, -0.098] z=0.0762
[lowlevel-sim] FAIL-CLOSED engaged at t=13.042s, last command age 85.23 ms (deadline <= 100 ms) PASS
[lowlevel-sim] COMMANDED at t=13.048s (was fail-closed)
[lowlevel-sim][GT] t=13.051 quat=[0.47398, -0.55306, 0.51602, 0.45076] angvel=[0.00617, -0.18156, 0.13098] linvel=[-0.0409, 0.35357, 0.11369] z=0.0774
[lowlevel-sim][GT] t=13.101 quat=[0.48006, -0.55001, 0.50935, 0.45563] angvel=[0.44027, -0.11254, 0.0404] linvel=[-0.03744, 0.34941, 0.11555] z=0.0882
[lowlevel-sim][GT] t=13.151 quat=[0.48415, -0.54132, 0.50259, 0.46902] angvel=[0.53633, 1.64233, 0.50564] linvel=[0.00117, 0.3013, 0.00341] z=0.0912
[lowlevel-sim][GT] t=13.201 quat=[0.47767, -0.52342, 0.50679, 0.49095] angvel=[0.57314, -0.25019, -0.26444] linvel=[-0.00298, 0.07235, 0.19849] z=0.0967
[lowlevel-sim][GT] t=13.251 quat=[0.48811, -0.51721, 0.4988, 0.49542] angvel=[0.5228, 0.05094, 0.01536] linvel=[0.03823, -0.01645, 0.1254] z=0.1077
[lowlevel-sim][GT] t=13.301 quat=[0.48944, -0.51302, 0.49684, 0.5004] angvel=[0.02006, 0.01206, -0.00755] linvel=[0.00671, -0.00495, 0.00765] z=0.1115
[lowlevel-sim][GT] t=13.351 quat=[0.48945, -0.51345, 0.49713, 0.49967] angvel=[-0.00438, -0.01727, -0.01319] linvel=[-0.00103, -0.00224, -0.00143] z=0.1114
[lowlevel-sim][GT] t=13.401 quat=[0.48977, -0.51362, 0.4972, 0.49911] angvel=[-0.00916, -0.02254, -0.01576] linvel=[-0.00755, 0.00273, 0.00016] z=0.1114
[lowlevel-sim][GT] t=13.451 quat=[0.49011, -0.51371, 0.49716, 0.49872] angvel=[-0.00558, -0.00444, -0.00619] linvel=[-0.00715, 0.00271, -0.00117] z=0.1113
[lowlevel-sim] t=  13.50 mode=cmd        pd=11791 hold=10829 failclosed=5 rtf=0.252 base_z=+0.111 pitch=+1.547 roll=-2.788 |tau|max=  7.63 sat=0/29 knee_L=+0.255 hip_p_L=-0.114 torn=10231 cmd_age=27.3ms auth=11.3s rig_ign=750 fix_base=0
[lowlevel-sim][GT] t=13.501 quat=[0.49032, -0.5138, 0.49716, 0.49842] angvel=[-0.01112, -0.00872, -0.00626] linvel=[-0.00693, 0.00286, 0.00047] z=0.1112
[lowlevel-sim][GT] t=13.551 quat=[0.49044, -0.51387, 0.49718, 0.49823] angvel=[0.00188, -0.01738, 0.00857] linvel=[-0.00557, 0.00147, -0.00083] z=0.1112
[lowlevel-sim][GT] t=13.601 quat=[0.49052, -0.51393, 0.49718, 0.49808] angvel=[-0.00134, 0.00538, -0.0078] linvel=[-0.00444, 0.00132, -0.00066] z=0.1111
[lowlevel-sim][GT] t=13.651 quat=[0.49055, -0.51399, 0.4972, 0.49796] angvel=[-0.00133, -0.01519, 0.00197] linvel=[-0.00105, 0.00024, -0.00073] z=0.1111
[lowlevel-sim][GT] t=13.701 quat=[0.49057, -0.51404, 0.49721, 0.49788] angvel=[-0.009, 0.01792, -0.00737] linvel=[0.00224, 4e-05, 0.00031] z=0.1110
[lowlevel-sim][GT] t=13.751 quat=[0.49055, -0.51411, 0.49722, 0.49782] angvel=[0.00969, 0.00566, 0.0029] linvel=[0.00499, -0.00024, -0.00208] z=0.1110
[lowlevel-sim][GT] t=13.801 quat=[0.49054, -0.51418, 0.49722, 0.49776] angvel=[-0.00107, -0.00396, 0.00162] linvel=[0.00416, 0.00013, -0.00014] z=0.1110
[lowlevel-sim][GT] t=13.851 quat=[0.49049, -0.51423, 0.49722, 0.49776] angvel=[-0.0007, -0.00066, 0.0017] linvel=[0.00268, 0.00089, -0.00085] z=0.1110
[lowlevel-sim][GT] t=13.901 quat=[0.49042, -0.51428, 0.49726, 0.49773] angvel=[-0.00386, -0.0118, 0.01683] linvel=[-3e-05, 0.00086, 0.00027] z=0.1109
[lowlevel-sim][GT] t=13.951 quat=[0.49038, -0.5143, 0.4973, 0.49771] angvel=[0.00012, -0.00032, 0.00087] linvel=[-0.00196, -3e-05, -0.0001] z=0.1109
[lowlevel-sim] t=  14.00 mode=cmd        pd=12041 hold=10829 failclosed=5 rtf=0.253 base_z=+0.111 pitch=+1.545 roll=-2.764 |tau|max=  7.63 sat=0/29 knee_L=+0.255 hip_p_L=-0.113 torn=10247 cmd_age=29.8ms auth=13.0s rig_ign=750 fix_base=0
[lowlevel-sim][GT] t=14.001 quat=[0.49037, -0.51431, 0.4973, 0.49771] angvel=[-0.0019, -0.00583, 0.0045] linvel=[-0.00385, 0.00092, -0.00018] z=0.1109
[lowlevel-sim][GT] t=14.051 quat=[0.49041, -0.51431, 0.49731, 0.49766] angvel=[0.00583, 0.00636, -0.00314] linvel=[-0.00402, 0.00151, -0.00116] z=0.1109
[lowlevel-sim][GT] t=14.101 quat=[0.49047, -0.51433, 0.49731, 0.49759] angvel=[0.00654, -0.01594, 0.00686] linvel=[-0.00287, -0.00027, -0.00146] z=0.1108
[lowlevel-sim][GT] t=14.151 quat=[0.49052, -0.51437, 0.49734, 0.49746] angvel=[-0.00678, -0.02187, 0.00296] linvel=[-0.00209, 0.00068, 0.00113] z=0.1108
[lowlevel-sim][GT] t=14.201 quat=[0.49059, -0.51439, 0.49732, 0.4974] angvel=[-0.00102, -0.01633, -0.00019] linvel=[0.00117, -0.00026, 0.00015] z=0.1108
[lowlevel-sim][GT] t=14.251 quat=[0.4906, -0.51442, 0.49732, 0.49734] angvel=[-0.00986, -0.00357, -0.00111] linvel=[0.00355, 0.00051, 4e-05] z=0.1108
[lowlevel-sim][GT] t=14.301 quat=[0.49057, -0.51449, 0.49733, 0.4973] angvel=[-0.00092, 0.00744, -0.00869] linvel=[0.00332, -0.0001, -0.0001] z=0.1107
[lowlevel-sim][GT] t=14.351 quat=[0.49052, -0.51454, 0.49736, 0.49726] angvel=[0.00735, -0.00877, 0.00329] linvel=[0.00125, 0.0003, -0.00013] z=0.1107
[lowlevel-sim][GT] t=14.401 quat=[0.49051, -0.51453, 0.49736, 0.49729] angvel=[-0.00294, -0.00839, 0.00694] linvel=[-0.00041, 0.00053, 0.00074] z=0.1107
[lowlevel-sim][GT] t=14.451 quat=[0.49047, -0.51457, 0.49743, 0.49721] angvel=[0.00437, 0.00184, -0.0007] linvel=[-0.00186, 0.00036, -0.00058] z=0.1107
[lowlevel-sim] t=  14.50 mode=cmd        pd=12291 hold=10829 failclosed=5 rtf=0.255 base_z=+0.111 pitch=+1.544 roll=-2.749 |tau|max=  7.66 sat=0/29 knee_L=+0.255 hip_p_L=-0.112 torn=10272 cmd_age=21.3ms auth=14.7s rig_ign=750 fix_base=0
[lowlevel-sim][GT] t=14.501 quat=[0.49049, -0.51456, 0.49743, 0.49721] angvel=[-0.00548, -0.0017, 0.00419] linvel=[-0.00232, 0.0015, -3e-05] z=0.1106
[lowlevel-sim][GT] t=14.551 quat=[0.49051, -0.51458, 0.49746, 0.49714] angvel=[0.00159, -0.00105, -0.00439] linvel=[-0.00386, -0.00057, -0.00058] z=0.1106
[lowlevel-sim][GT] t=14.601 quat=[0.49057, -0.5146, 0.49742, 0.49709] angvel=[-0.00742, 0.00346, -0.00933] linvel=[-0.00205, 0.00065, -0.00012] z=0.1106
[lowlevel-sim][GT] t=14.651 quat=[0.49058, -0.51465, 0.49745, 0.497] angvel=[-0.00037, -0.00511, -0.00228] linvel=[0.00082, 0.00187, 0.00049] z=0.1105
[lowlevel-sim][GT] t=14.701 quat=[0.49059, -0.51467, 0.49744, 0.49698] angvel=[0.0023, -0.00046, 0.00279] linvel=[0.00179, -0.00018, -0.00086] z=0.1105
[lowlevel-sim][GT] t=14.751 quat=[0.49055, -0.51474, 0.49747, 0.49691] angvel=[0.00011, -0.01402, 0.00119] linvel=[0.00224, 3e-05, -0.00062] z=0.1105
[lowlevel-sim][GT] t=14.801 quat=[0.49051, -0.51477, 0.49748, 0.49691] angvel=[-0.00366, 0.00156, -0.00563] linvel=[0.00053, 0.00071, 0.00095] z=0.1105
[lowlevel-sim][GT] t=14.851 quat=[0.4905, -0.51479, 0.49747, 0.49692] angvel=[-0.00081, 0.01445, -0.0196] linvel=[-0.00056, 0.00054, -4e-05] z=0.1105
[lowlevel-sim][GT] t=14.901 quat=[0.49048, -0.51481, 0.4975, 0.49688] angvel=[-0.00343, 0.00851, -0.00527] linvel=[-0.00181, 0.00042, -0.00071] z=0.1104
[lowlevel-sim][GT] t=14.951 quat=[0.49049, -0.51482, 0.49749, 0.49687] angvel=[0.00658, 0.01013, -0.00711] linvel=[-0.00112, -0.00058, -0.00139] z=0.1104
[lowlevel-sim] t=  15.00 mode=cmd        pd=12541 hold=10829 failclosed=5 rtf=0.256 base_z=+0.110 pitch=+1.543 roll=-2.741 |tau|max=  7.66 sat=0/29 knee_L=+0.255 hip_p_L=-0.112 torn=10298 cmd_age=46.1ms auth=16.5s rig_ign=750 fix_base=0
[lowlevel-sim][GT] t=15.001 quat=[0.49048, -0.51484, 0.49752, 0.49684] angvel=[-0.00411, 0.01073, -0.00861] linvel=[-0.00082, 0.0015, 0.00132] z=0.1104
[lowlevel-sim][GT] t=15.051 quat=[0.49049, -0.51487, 0.49754, 0.49678] angvel=[-0.00355, 0.00031, -0.00196] linvel=[-0.00153, 0.00069, 0.00033] z=0.1104
[lowlevel-sim][GT] t=15.101 quat=[0.49052, -0.51486, 0.49753, 0.49675] angvel=[0.00275, -0.00164, 0.00853] linvel=[-0.00057, -1e-05, -0.00082] z=0.1103
[lowlevel-sim] FAIL-CLOSED engaged at t=15.140s, last command age 102.38 ms (deadline <= 100 ms) FAIL
[lowlevel-sim] COMMANDED at t=15.142s (was fail-closed)
[lowlevel-sim][GT] t=15.151 quat=[0.49034, -0.51505, 0.4977, 0.49657] angvel=[-0.03146, 0.00655, 0.00209] linvel=[0.00024, 0.00283, -0.00387] z=0.1102
[lowlevel-sim][GT] t=15.201 quat=[0.49032, -0.51509, 0.4977, 0.49655] angvel=[0.00367, -0.00392, 0.0004] linvel=[0.00176, 0.00163, -0.00032] z=0.1102
[lowlevel-sim][GT] t=15.251 quat=[0.49045, -0.51509, 0.49763, 0.4965] angvel=[0.0017, 0.0051, -0.00629] linvel=[0.00113, 0.00117, -0.00156] z=0.1101
[lowlevel-sim][GT] t=15.301 quat=[0.49048, -0.51515, 0.49763, 0.4964] angvel=[0.00821, 0.01124, 0.00315] linvel=[-0.00037, -0.00067, -0.00132] z=0.1101
[lowlevel-sim][GT] t=15.351 quat=[0.49049, -0.51514, 0.49766, 0.49637] angvel=[0.0025, 0.0004, 0.00248] linvel=[-0.00187, -5e-05, -0.00025] z=0.1101
[lowlevel-sim][GT] t=15.401 quat=[0.49048, -0.51514, 0.49771, 0.49633] angvel=[-0.00252, 0.00945, -0.00933] linvel=[-0.0018, 0.00115, -0.00044] z=0.1101
[lowlevel-sim][GT] t=15.451 quat=[0.49053, -0.51513, 0.49768, 0.49633] angvel=[-0.00158, 0.00038, -0.00526] linvel=[-0.00143, 0.00101, 0.00071] z=0.1101
[lowlevel-sim] t=  15.50 mode=cmd        pd=12791 hold=10829 failclosed=6 rtf=0.257 base_z=+0.110 pitch=+1.542 roll=-2.729 |tau|max=  7.67 sat=0/29 knee_L=+0.255 hip_p_L=-0.111 torn=10319 cmd_age=40.7ms auth=18.2s rig_ign=750 fix_base=0
[lowlevel-sim][GT] t=15.501 quat=[0.49055, -0.51514, 0.49768, 0.49629] angvel=[0.0055, 0.00648, -0.00745] linvel=[-0.00025, 0.00099, -0.00114] z=0.1100
[lowlevel-sim][GT] t=15.551 quat=[0.49057, -0.51518, 0.49768, 0.49622] angvel=[-0.00324, 0.00125, -0.00149] linvel=[0.00031, -0.00066, 0.00084] z=0.1100
[lowlevel-sim][GT] t=15.601 quat=[0.49055, -0.51523, 0.49771, 0.49617] angvel=[-0.00103, 0.00091, -0.00058] linvel=[0.00078, 0.00067, 0.00039] z=0.1100
[lowlevel-sim][GT] t=15.651 quat=[0.49053, -0.51525, 0.49771, 0.49617] angvel=[0.00132, -0.01139, 0.00402] linvel=[0.00051, 0.00159, -0.00042] z=0.1100
[lowlevel-sim][GT] t=15.701 quat=[0.49048, -0.51529, 0.49777, 0.49612] angvel=[-0.00377, -6e-05, -0.00212] linvel=[-1e-05, 0.00083, 0.00023] z=0.1100
[lowlevel-sim][GT] t=15.751 quat=[0.49048, -0.5153, 0.49775, 0.49612] angvel=[0.00543, 0.00623, -0.00576] linvel=[0.00048, -0.00105, -0.00117] z=0.1099
[lowlevel-sim][GT] t=15.801 quat=[0.4905, -0.5153, 0.49775, 0.4961] angvel=[0.00583, -0.01575, 0.01192] linvel=[0.00022, -0.00049, -0.00057] z=0.1099
[lowlevel-sim][GT] t=15.851 quat=[0.49051, -0.51531, 0.49776, 0.49608] angvel=[-0.00639, 0.02233, -0.02212] linvel=[-0.00119, 0.00121, 0.00104] z=0.1099
[lowlevel-sim][GT] t=15.901 quat=[0.49051, -0.51532, 0.49777, 0.49606] angvel=[0.00613, -0.00774, 0.00529] linvel=[-0.00164, 0.00073, -0.00121] z=0.1099
[lowlevel-sim][GT] t=15.951 quat=[0.49053, -0.51532, 0.49775, 0.49605] angvel=[0.00399, 0.00414, 0.00194] linvel=[-0.00038, -0.00072, -0.00106] z=0.1098
[lowlevel-sim] t=  16.00 mode=cmd        pd=13041 hold=10829 failclosed=6 rtf=0.258 base_z=+0.110 pitch=+1.542 roll=-2.726 |tau|max=  7.69 sat=0/29 knee_L=+0.255 hip_p_L=-0.110 torn=10335 cmd_age=51.7ms auth=19.9s rig_ign=750 fix_base=0
[lowlevel-sim][GT] t=16.001 quat=[0.49052, -0.51537, 0.49778, 0.49599] angvel=[0.00653, 0.00672, -0.00892] linvel=[-0.00024, -0.00158, -0.00097] z=0.1098
[lowlevel-sim][GT] t=16.051 quat=[0.49055, -0.51536, 0.49776, 0.49598] angvel=[0.00731, -0.01264, 0.00512] linvel=[0.00144, 0.0007, -0.00223] z=0.1098
[lowlevel-sim][GT] t=16.101 quat=[0.49056, -0.51539, 0.49776, 0.49595] angvel=[-0.00911, 0.00793, 0.00221] linvel=[0.00091, 0.00111, 0.00146] z=0.1098
[lowlevel-sim][GT] t=16.151 quat=[0.49054, -0.51545, 0.49776, 0.4959] angvel=[0.00051, 0.00227, -0.00512] linvel=[0.00126, -0.0004, 3e-05] z=0.1098
[lowlevel-sim][GT] t=16.201 quat=[0.49049, -0.5155, 0.49779, 0.49586] angvel=[0.00767, -0.01074, -0.00546] linvel=[-7e-05, 0.00069, -0.00034] z=0.1098
[lowlevel-sim][GT] t=16.251 quat=[0.49049, -0.51551, 0.4978, 0.49585] angvel=[0.00543, -0.0124, 0.01159] linvel=[-0.00087, -0.00079, -0.00027] z=0.1097
[lowlevel-sim][GT] t=16.301 quat=[0.49047, -0.51551, 0.4978, 0.49586] angvel=[0.00362, 0.00783, -0.00014] linvel=[-0.00276, -0.00027, -0.00109] z=0.1097
[lowlevel-sim][GT] t=16.351 quat=[0.49047, -0.51554, 0.49784, 0.4958] angvel=[-0.00103, -0.00317, -0.00499] linvel=[-0.00178, -0.00063, 0.00027] z=0.1097
[lowlevel-sim][GT] t=16.401 quat=[0.49047, -0.51556, 0.49784, 0.49578] angvel=[0.00517, 0.00263, -0.00089] linvel=[0.00092, 0.00066, -0.00103] z=0.1097
[lowlevel-sim][GT] t=16.451 quat=[0.49046, -0.5156, 0.49782, 0.49577] angvel=[-0.00484, 0.01155, -0.01197] linvel=[0.00292, -0.00021, 0.00113] z=0.1096
[lowlevel-sim] t=  16.50 mode=cmd        pd=13291 hold=10829 failclosed=6 rtf=0.257 base_z=+0.110 pitch=+1.541 roll=-2.723 |tau|max=  7.71 sat=0/29 knee_L=+0.255 hip_p_L=-0.110 torn=10353 cmd_age=33.9ms auth=22.0s rig_ign=750 fix_base=0
[lowlevel-sim][GT] t=16.501 quat=[0.49043, -0.51566, 0.49782, 0.49574] angvel=[0.00023, -0.00874, 0.00364] linvel=[0.00293, -0.00058, -0.00048] z=0.1096
[lowlevel-sim][GT] t=16.551 quat=[0.49037, -0.51571, 0.49785, 0.49571] angvel=[0.00019, -0.0008, 0.00578] linvel=[0.00081, -0.00048, -0.00096] z=0.1096
[lowlevel-sim][GT] t=16.601 quat=[0.49034, -0.51572, 0.49785, 0.49572] angvel=[-0.00286, 0.00336, -0.00278] linvel=[-0.00073, 0.00138, 0.0013] z=0.1096
[lowlevel-sim][GT] t=16.651 quat=[0.49032, -0.51573, 0.49788, 0.49571] angvel=[0.00415, 0.00488, -0.00573] linvel=[-0.0023, -0.00063, -0.00069] z=0.1096
[lowlevel-sim][GT] t=16.701 quat=[0.49035, -0.51572, 0.49784, 0.49572] angvel=[0.00062, -0.00998, -0.00094] linvel=[-0.0026, -0.00085, -0.00013] z=0.1096
[lowlevel-sim][GT] t=16.751 quat=[0.49034, -0.51577, 0.49789, 0.49564] angvel=[-0.00399, -0.006, -0.00421] linvel=[-0.00209, 0.00128, 0.00112] z=0.1095
[lowlevel-sim][GT] t=16.801 quat=[0.49037, -0.51578, 0.49788, 0.4956] angvel=[-0.01225, 0.00063, -0.00496] linvel=[-0.00122, 0.00195, -9e-05] z=0.1095
[lowlevel-sim][GT] t=16.851 quat=[0.49041, -0.51578, 0.49784, 0.4956] angvel=[0.00268, -0.00174, -0.00054] linvel=[-5e-05, -8e-05, -0.00089] z=0.1095
[lowlevel-sim][GT] t=16.901 quat=[0.4904, -0.51585, 0.49788, 0.4955] angvel=[0.00397, -0.00549, -0.00188] linvel=[0.00083, -0.00038, -0.00065] z=0.1095
[lowlevel-sim][GT] t=16.951 quat=[0.49042, -0.51586, 0.49786, 0.49549] angvel=[-0.00199, -0.01015, 0.00106] linvel=[0.00264, 0.00099, 0.00051] z=0.1094
[lowlevel-sim] t=  17.00 mode=cmd        pd=13541 hold=10829 failclosed=6 rtf=0.258 base_z=+0.109 pitch=+1.540 roll=-2.717 |tau|max=  7.71 sat=0/29 knee_L=+0.255 hip_p_L=-0.110 torn=10366 cmd_age=68.2ms auth=23.7s rig_ign=750 fix_base=0
[lowlevel-sim][GT] t=17.001 quat=[0.49043, -0.51587, 0.49785, 0.49549] angvel=[-0.003, -0.00615, 0.00568] linvel=[0.00199, -0.00067, 0.0006] z=0.1094
[lowlevel-sim][GT] t=17.051 quat=[0.49036, -0.51593, 0.4979, 0.49544] angvel=[-0.00127, -0.00541, -0.00013] linvel=[0.00046, 0.0001, -0.00088] z=0.1094
[lowlevel-sim][GT] t=17.101 quat=[0.49034, -0.51595, 0.49793, 0.4954] angvel=[0.00733, -0.00162, 0.00407] linvel=[-0.00054, -0.00065, -6e-05] z=0.1094
[lowlevel-sim][GT] t=17.151 quat=[0.49037, -0.51593, 0.49789, 0.49543] angvel=[0.0004, 0.00785, -0.00695] linvel=[-0.00195, 0.00094, -0.00041] z=0.1094
[lowlevel-sim][GT] t=17.201 quat=[0.49035, -0.51597, 0.49793, 0.49538] angvel=[0.00574, -0.00574, 0.00399] linvel=[-0.00226, -0.00033, -0.00143] z=0.1094
[lowlevel-sim][GT] t=17.251 quat=[0.49036, -0.51597, 0.49793, 0.49537] angvel=[0.00328, -0.00068, -0.0015] linvel=[-0.00182, -7e-05, -0.00013] z=0.1093
[lowlevel-sim][GT] t=17.301 quat=[0.49037, -0.51601, 0.49795, 0.49529] angvel=[0.00247, 3e-05, -0.00478] linvel=[-0.00032, 0.00054, -0.00031] z=0.1093
[lowlevel-sim][GT] t=17.351 quat=[0.49044, -0.51598, 0.4979, 0.49531] angvel=[0.00451, -0.00673, 0.00139] linvel=[0.00104, 0.00012, -0.00046] z=0.1093
[lowlevel-sim][GT] t=17.401 quat=[0.49044, -0.51604, 0.4979, 0.49524] angvel=[-0.00021, -0.0083, 0.0012] linvel=[0.00263, -0.00057, 0.00071] z=0.1093
[lowlevel-sim][GT] t=17.451 quat=[0.49041, -0.51612, 0.49792, 0.49518] angvel=[-0.00321, -0.00433, 0.00488] linvel=[0.00182, 0.0, -0.0001] z=0.1093
[lowlevel-sim] t=  17.50 mode=cmd        pd=13791 hold=10829 failclosed=6 rtf=0.258 base_z=+0.109 pitch=+1.539 roll=-2.714 |tau|max=  7.72 sat=0/29 knee_L=+0.255 hip_p_L=-0.110 torn=10382 cmd_age=27.8ms auth=25.5s rig_ign=750 fix_base=0
[lowlevel-sim][GT] t=17.501 quat=[0.49035, -0.51618, 0.49796, 0.49512] angvel=[-0.00437, -0.00261, 0.00083] linvel=[-0.00022, 0.00093, -3e-05] z=0.1093
[lowlevel-sim][GT] t=17.551 quat=[0.49037, -0.51616, 0.49792, 0.49516] angvel=[0.00342, -0.01473, 0.00819] linvel=[-0.00062, 0.00064, -0.00127] z=0.1092
[lowlevel-sim][GT] t=17.601 quat=[0.49039, -0.51617, 0.4979, 0.49516] angvel=[0.00334, -0.00139, 0.0007] linvel=[-0.00118, -0.00077, -0.00014] z=0.1092
[lowlevel-sim][GT] t=17.651 quat=[0.49037, -0.51618, 0.49793, 0.49514] angvel=[-0.00706, -0.00764, 0.00613] linvel=[-0.00083, -0.00057, 0.0002] z=0.1092
[lowlevel-sim][GT] t=17.701 quat=[0.49035, -0.51621, 0.49797, 0.49508] angvel=[-0.00638, 0.00418, -0.00787] linvel=[-0.00022, 0.00111, 0.00022] z=0.1092
[lowlevel-sim][GT] t=17.751 quat=[0.49039, -0.51623, 0.49795, 0.49505] angvel=[0.0116, -0.00112, 0.0048] linvel=[0.00059, -0.00189, -0.0011] z=0.1092
[lowlevel-sim][GT] t=17.801 quat=[0.49039, -0.51623, 0.49795, 0.49505] angvel=[-0.00305, -0.00966, 0.01159] linvel=[0.00058, -0.001, -0.00158] z=0.1092
[lowlevel-sim][GT] t=17.851 quat=[0.49035, -0.51626, 0.49799, 0.49502] angvel=[0.00165, 0.00897, -0.01325] linvel=[-0.0003, -0.00077, -0.00028] z=0.1091
[lowlevel-sim][GT] t=17.901 quat=[0.49036, -0.51626, 0.49798, 0.49501] angvel=[-0.003, 0.01194, -0.00914] linvel=[-0.00097, 0.00335, 0.00149] z=0.1091
[lowlevel-sim][GT] t=17.951 quat=[0.49034, -0.51627, 0.49801, 0.49499] angvel=[0.01588, -0.00304, 0.0073] linvel=[-0.00114, -0.00049, -0.00027] z=0.1091
[lowlevel-sim] t=  18.00 mode=cmd        pd=14041 hold=10829 failclosed=6 rtf=0.259 base_z=+0.109 pitch=+1.539 roll=-2.712 |tau|max=  7.72 sat=0/29 knee_L=+0.255 hip_p_L=-0.109 torn=10400 cmd_age=40.2ms auth=27.3s rig_ign=750 fix_base=0
[lowlevel-sim][GT] t=18.001 quat=[0.49036, -0.51629, 0.49801, 0.49495] angvel=[-0.0058, -0.00279, -1e-05] linvel=[-0.00057, 0.00128, -0.00169] z=0.1091
[lowlevel-sim][GT] t=18.051 quat=[0.4904, -0.51627, 0.49798, 0.49496] angvel=[-0.00608, 0.00267, -0.00447] linvel=[0.00011, 0.00065, 0.00057] z=0.1091
[lowlevel-sim][GT] t=18.101 quat=[0.49039, -0.51631, 0.49802, 0.49489] angvel=[-0.0073, 0.00672, -0.0053] linvel=[0.00053, 0.00237, 0.00067] z=0.1091
[lowlevel-sim][GT] t=18.151 quat=[0.49038, -0.51633, 0.49802, 0.49487] angvel=[0.01541, -0.00896, 0.00073] linvel=[0.00042, 0.00026, -0.00157] z=0.1090
[lowlevel-sim][GT] t=18.201 quat=[0.49038, -0.51635, 0.49802, 0.49486] angvel=[-0.01456, 0.01001, -0.00397] linvel=[-0.00059, 0.00084, -0.00059] z=0.1090
[lowlevel-sim][GT] t=18.251 quat=[0.49037, -0.51638, 0.49803, 0.49483] angvel=[0.00594, 0.00663, -0.00684] linvel=[-0.00117, -0.0012, -0.00072] z=0.1090
[lowlevel-sim][GT] t=18.301 quat=[0.49036, -0.51638, 0.49805, 0.49481] angvel=[0.00193, 0.00366, 0.0005] linvel=[-0.00116, -0.00079, 7e-05] z=0.1090
[lowlevel-sim][GT] t=18.351 quat=[0.49036, -0.51639, 0.49807, 0.49479] angvel=[0.00239, -0.0055, 0.00251] linvel=[-0.00024, 0.00039, 0.00024] z=0.1090
[lowlevel-sim][GT] t=18.401 quat=[0.4904, -0.51638, 0.49804, 0.49478] angvel=[0.00234, 0.01224, -0.0016] linvel=[0.00034, -0.00026, -0.00023] z=0.1090
[lowlevel-sim][GT] t=18.451 quat=[0.49038, -0.51643, 0.49806, 0.49474] angvel=[0.0001, -0.01359, 0.01799] linvel=[0.00104, -0.00041, -0.00122] z=0.1090
[lowlevel-sim] t=  18.50 mode=cmd        pd=14291 hold=10829 failclosed=6 rtf=0.260 base_z=+0.109 pitch=+1.538 roll=-2.707 |tau|max=  7.73 sat=0/29 knee_L=+0.255 hip_p_L=-0.109 torn=10408 cmd_age=20.3ms auth=28.9s rig_ign=750 fix_base=0
[lowlevel-sim][GT] t=18.501 quat=[0.49037, -0.51646, 0.49806, 0.49471] angvel=[0.0049, 0.00264, -0.00137] linvel=[0.00055, 0.00131, 0.00053] z=0.1090
[lowlevel-sim][GT] t=18.551 quat=[0.49033, -0.51649, 0.4981, 0.49468] angvel=[0.00161, -0.01277, 0.00946] linvel=[0.00022, 6e-05, -0.00025] z=0.1089
[lowlevel-sim][GT] t=18.601 quat=[0.49034, -0.51649, 0.49809, 0.49469] angvel=[0.00111, -0.00375, 0.00047] linvel=[-0.00204, -0.00025, -0.0002] z=0.1089
[lowlevel-sim][GT] t=18.651 quat=[0.49033, -0.51648, 0.4981, 0.49469] angvel=[0.00918, -0.01007, 0.00661] linvel=[-0.00151, -0.00041, -0.00166] z=0.1089
[lowlevel-sim][GT] t=18.701 quat=[0.49035, -0.51648, 0.49811, 0.49467] angvel=[0.00257, -0.00745, -0.00126] linvel=[-0.00142, 0.00062, -0.00132] z=0.1089
[lowlevel-sim][GT] t=18.751 quat=[0.49039, -0.5165, 0.49811, 0.49461] angvel=[-0.00916, 0.00472, -0.01193] linvel=[0.00011, 0.00023, 0.00117] z=0.1089
[lowlevel-sim] FAIL-CLOSED engaged at t=18.780s, last command age 85.68 ms (deadline <= 100 ms) PASS
[lowlevel-sim] COMMANDED at t=18.782s (was fail-closed)
[lowlevel-sim][GT] t=18.801 quat=[0.49013, -0.51673, 0.49833, 0.4944] angvel=[0.00862, 0.01581, 0.00284] linvel=[0.00241, 0.00213, -0.00202] z=0.1087
[lowlevel-sim][GT] t=18.851 quat=[0.49021, -0.51666, 0.49822, 0.4945] angvel=[-0.00224, -0.01484, 0.00628] linvel=[0.0019, 0.00229, -1e-05] z=0.1087
[lowlevel-sim][GT] t=18.901 quat=[0.49028, -0.51669, 0.49819, 0.49443] angvel=[0.00547, -0.00635, 0.00474] linvel=[0.00036, 0.00081, -0.00016] z=0.1087
[lowlevel-sim][GT] t=18.951 quat=[0.49033, -0.51668, 0.49818, 0.49441] angvel=[-0.00646, 0.00137, -0.00715] linvel=[-0.00166, 1e-05, 0.00117] z=0.1087
[lowlevel-sim] t=  19.00 mode=cmd        pd=14542 hold=10829 failclosed=8 rtf=0.261 base_z=+0.109 pitch=+1.537 roll=-2.706 |tau|max=  7.73 sat=0/29 knee_L=+0.255 hip_p_L=-0.108 torn=10436 cmd_age=31.7ms auth=30.5s rig_ign=750 fix_base=0
[lowlevel-sim][GT] t=19.001 quat=[0.49033, -0.5167, 0.49821, 0.49435] angvel=[0.00033, 0.00068, -0.00304] linvel=[-0.0017, 0.001, -1e-05] z=0.1087
[lowlevel-sim] FAIL-CLOSED engaged at t=19.025s, last command age 86.40 ms (deadline <= 100 ms) PASS
[lowlevel-sim] COMMANDED at t=19.028s (was fail-closed)
[lowlevel-sim][GT] t=19.051 quat=[0.48993, -0.517, 0.49853, 0.49411] angvel=[-0.00463, 0.01338, 0.00201] linvel=[-0.00076, 0.00296, 0.00145] z=0.1085
[lowlevel-sim][GT] t=19.101 quat=[0.49008, -0.51692, 0.49839, 0.4942] angvel=[0.00476, -0.00386, -0.00412] linvel=[-0.00149, 0.00182, 0.00031] z=0.1084
[lowlevel-sim][GT] t=19.151 quat=[0.49022, -0.5169, 0.49834, 0.49412] angvel=[0.01299, 0.01538, -0.01166] linvel=[-0.00302, 0.00033, 0.00023] z=0.1084
[lowlevel-sim][GT] t=19.201 quat=[0.49031, -0.51693, 0.49834, 0.494] angvel=[-0.00842, -0.00546, -7e-05] linvel=[-0.00247, 0.00165, 0.00026] z=0.1084
[lowlevel-sim][GT] t=19.251 quat=[0.49036, -0.51693, 0.49833, 0.49396] angvel=[0.00961, 0.01474, -0.00243] linvel=[-0.00086, 0.00195, 0.00026] z=0.1084
[lowlevel-sim][GT] t=19.301 quat=[0.4904, -0.51694, 0.49832, 0.49392] angvel=[-0.00562, 0.00588, -0.00272] linvel=[-9e-05, 0.00065, 0.00208] z=0.1084
[lowlevel-sim][GT] t=19.351 quat=[0.49041, -0.517, 0.49833, 0.49384] angvel=[-0.01099, -0.00058, -0.00399] linvel=[0.00109, 0.0014, 0.0012] z=0.1084
[lowlevel-sim][GT] t=19.401 quat=[0.4904, -0.51703, 0.49831, 0.49384] angvel=[0.00284, 0.00186, -0.00146] linvel=[0.00174, 0.00024, -0.00092] z=0.1083
[lowlevel-sim][GT] t=19.451 quat=[0.49038, -0.51707, 0.4983, 0.49382] angvel=[-0.00349, -0.00575, 0.00446] linvel=[0.00084, 0.00085, -0.00091] z=0.1083
[lowlevel-sim] t=  19.50 mode=cmd        pd=14794 hold=10829 failclosed=11 rtf=0.262 base_z=+0.108 pitch=+1.536 roll=-2.697 |tau|max=  7.76 sat=0/29 knee_L=+0.255 hip_p_L=-0.108 torn=10457 cmd_age=51.9ms auth=32.1s rig_ign=750 fix_base=0
[lowlevel-sim][GT] t=19.501 quat=[0.49033, -0.51715, 0.49833, 0.49377] angvel=[-0.00819, 0.00059, -0.00121] linvel=[0.00107, 0.00158, -0.00025] z=0.1083
[lowlevel-sim][GT] t=19.551 quat=[0.49034, -0.51712, 0.49829, 0.49382] angvel=[-0.00041, 0.00715, -0.00313] linvel=[-0.00064, 0.00081, -0.00091] z=0.1083
[lowlevel-sim][GT] t=19.601 quat=[0.4903, -0.51714, 0.49831, 0.49381] angvel=[-0.0003, -0.00547, 0.00295] linvel=[-0.00268, 0.00111, -9e-05] z=0.1083
[lowlevel-sim][GT] t=19.651 quat=[0.49032, -0.51713, 0.49831, 0.49381] angvel=[-0.00378, -0.00606, 0.00177] linvel=[-0.0018, -5e-05, 0.0006] z=0.1083
[lowlevel-sim][GT] t=19.701 quat=[0.49032, -0.51715, 0.49836, 0.49375] angvel=[0.00646, -0.00298, -0.00576] linvel=[-0.00253, -0.00041, 0.00079] z=0.1083
[lowlevel-sim][GT] t=19.751 quat=[0.49034, -0.51715, 0.49835, 0.49373] angvel=[0.00447, -0.00701, -0.00167] linvel=[-0.00229, -0.0007, 0.00034] z=0.1082
[lowlevel-sim][GT] t=19.801 quat=[0.49041, -0.51714, 0.49832, 0.49369] angvel=[0.00155, -0.00258, -0.00568] linvel=[0.00017, -0.00038, 0.00011] z=0.1082
[lowlevel-sim][GT] t=19.851 quat=[0.49044, -0.51715, 0.49831, 0.49367] angvel=[0.00424, 0.02417, -0.00345] linvel=[0.00136, 0.00071, -0.00054] z=0.1082
[lowlevel-sim][GT] t=19.901 quat=[0.49042, -0.5172, 0.49831, 0.49364] angvel=[0.00388, -0.00238, -7e-05] linvel=[0.00219, 0.00095, -7e-05] z=0.1082
[lowlevel-sim][GT] t=19.951 quat=[0.4904, -0.51725, 0.4983, 0.49362] angvel=[0.00791, -0.00538, 0.01175] linvel=[0.00206, -0.00044, -0.00098] z=0.1082
[lowlevel-sim] t=  20.00 mode=cmd        pd=15044 hold=10829 failclosed=11 rtf=0.263 base_z=+0.108 pitch=+1.536 roll=-2.690 |tau|max=  7.77 sat=0/29 knee_L=+0.255 hip_p_L=-0.107 torn=10473 cmd_age=38.5ms auth=33.9s rig_ign=750 fix_base=0
[lowlevel-sim][GT] t=20.001 quat=[0.49038, -0.51726, 0.4983, 0.49363] angvel=[-0.00545, 6e-05, 0.00294] linvel=[0.00033, 0.00053, -0.00025] z=0.1082
[lowlevel-sim][GT] t=20.051 quat=[0.49033, -0.51728, 0.49834, 0.4936] angvel=[-0.00094, 0.00286, -0.00759] linvel=[-0.00076, 0.00075, 0.00071] z=0.1082
[lowlevel-sim][GT] t=20.101 quat=[0.49033, -0.51729, 0.49836, 0.49359] angvel=[0.0039, 0.01008, 0.00241] linvel=[-0.00249, -0.00155, -0.00091] z=0.1082
[lowlevel-sim][GT] t=20.151 quat=[0.49032, -0.51729, 0.4984, 0.49356] angvel=[0.00201, -0.00117, -0.00082] linvel=[-0.00239, -0.00082, 0.00021] z=0.1081
[lowlevel-sim][GT] t=20.201 quat=[0.49036, -0.51729, 0.49837, 0.49354] angvel=[0.00494, -0.0123, 0.00594] linvel=[-0.00031, -0.00109, -0.00084] z=0.1081
[lowlevel-sim][GT] t=20.251 quat=[0.49036, -0.51732, 0.49838, 0.4935] angvel=[0.0063, -0.00804, 0.00322] linvel=[0.00069, 0.00044, -6e-05] z=0.1081
[lowlevel-sim][GT] t=20.301 quat=[0.4904, -0.5173, 0.49834, 0.49352] angvel=[0.00765, 0.00918, -0.00493] linvel=[0.00225, 2e-05, -0.00143] z=0.1081
[lowlevel-sim][GT] t=20.351 quat=[0.49038, -0.51736, 0.49835, 0.49347] angvel=[0.00887, 0.00348, -0.00522] linvel=[0.001, -0.00125, -0.00158] z=0.1081
[lowlevel-sim][GT] t=20.401 quat=[0.49034, -0.51737, 0.49836, 0.49349] angvel=[0.00353, 0.00393, -0.00078] linvel=[-7e-05, -0.00115, -0.00045] z=0.1081
[lowlevel-sim][GT] t=20.451 quat=[0.49033, -0.51738, 0.49837, 0.49349] angvel=[-0.00044, -0.00157, 0.00232] linvel=[-0.00136, 0.00066, 0.00019] z=0.1081
[lowlevel-sim] t=  20.50 mode=cmd        pd=15294 hold=10829 failclosed=11 rtf=0.263 base_z=+0.108 pitch=+1.535 roll=-2.693 |tau|max=  7.77 sat=0/29 knee_L=+0.255 hip_p_L=-0.107 torn=10501 cmd_age=73.6ms auth=35.6s rig_ign=750 fix_base=0
[lowlevel-sim][GT] t=20.501 quat=[0.49033, -0.51737, 0.49837, 0.49349] angvel=[-0.00628, -0.00104, -0.00293] linvel=[-0.00227, 0.0009, 0.00013] z=0.1081
[lowlevel-sim][GT] t=20.551 quat=[0.49035, -0.51739, 0.49839, 0.49343] angvel=[0.0096, 0.01248, -0.00685] linvel=[-0.00115, -0.00129, -0.00156] z=0.1080
[lowlevel-sim][GT] t=20.601 quat=[0.49036, -0.51742, 0.49841, 0.49337] angvel=[0.00576, 0.0028, -0.00119] linvel=[-0.00017, 0.00023, -0.0002] z=0.1080
[lowlevel-sim][GT] t=20.651 quat=[0.4904, -0.5174, 0.49836, 0.4934] angvel=[-0.01312, 0.0011, -0.00251] linvel=[0.00029, 0.00021, -0.00031] z=0.1080
[lowlevel-sim][GT] t=20.701 quat=[0.49036, -0.51744, 0.4984, 0.49335] angvel=[0.01003, -0.0172, 0.01411] linvel=[2e-05, -0.00049, -0.00021] z=0.1080
[lowlevel-sim][GT] t=20.751 quat=[0.49033, -0.51747, 0.49843, 0.49333] angvel=[0.00571, -0.00193, -0.00501] linvel=[-0.00071, -0.00036, -0.00147] z=0.1080
[lowlevel-sim][GT] t=20.801 quat=[0.49036, -0.51745, 0.4984, 0.49335] angvel=[-0.0062, -0.00525, 0.00529] linvel=[-0.0007, 0.00012, 0.00024] z=0.1080
[lowlevel-sim][GT] t=20.851 quat=[0.49037, -0.51747, 0.49839, 0.49333] angvel=[-0.00049, -0.00067, -0.00336] linvel=[0.00067, 0.00067, 5e-05] z=0.1080
[lowlevel-sim][GT] t=20.901 quat=[0.49036, -0.51749, 0.49838, 0.49332] angvel=[-0.0004, 0.01076, -0.0001] linvel=[-0.00013, 0.00066, -0.00024] z=0.1080
[lowlevel-sim][GT] t=20.951 quat=[0.49035, -0.51753, 0.49841, 0.49327] angvel=[0.00012, 0.00443, -0.00661] linvel=[-0.00019, 0.00059, -0.00082] z=0.1080
[lowlevel-sim] t=  21.00 mode=cmd        pd=15544 hold=10829 failclosed=11 rtf=0.264 base_z=+0.108 pitch=+1.535 roll=-2.687 |tau|max=  7.77 sat=0/29 knee_L=+0.255 hip_p_L=-0.106 torn=10519 cmd_age=36.1ms auth=37.4s rig_ign=750 fix_base=0
[lowlevel-sim][GT] t=21.001 quat=[0.49037, -0.51752, 0.4984, 0.49326] angvel=[-0.00077, -0.00194, -0.00209] linvel=[-0.00055, -0.0002, 0.00109] z=0.1080
[lowlevel-sim][GT] t=21.051 quat=[0.49038, -0.51753, 0.49838, 0.49326] angvel=[0.0026, 0.00103, 0.00392] linvel=[-0.00017, 0.00083, 0.00029] z=0.1079
[lowlevel-sim][GT] t=21.101 quat=[0.49037, -0.51754, 0.49836, 0.49328] angvel=[-0.00504, 0.00315, -0.00262] linvel=[5e-05, 0.0007, -0.0001] z=0.1079
[lowlevel-sim][GT] t=21.151 quat=[0.49034, -0.51757, 0.4984, 0.49325] angvel=[0.00348, 0.00878, -0.00147] linvel=[-6e-05, 0.00017, -0.0004] z=0.1079
[lowlevel-sim][GT] t=21.201 quat=[0.49034, -0.51759, 0.49842, 0.4932] angvel=[-0.00606, 0.01928, -0.00408] linvel=[-0.00041, 0.00092, -0.00028] z=0.1079
[lowlevel-sim][GT] t=21.251 quat=[0.49033, -0.51758, 0.49843, 0.49321] angvel=[-0.00287, 0.00032, 0.00767] linvel=[-4e-05, 0.00155, 0.00111] z=0.1079
[lowlevel-sim][GT] t=21.301 quat=[0.49035, -0.51758, 0.4984, 0.49322] angvel=[-0.00636, 0.0118, -0.01246] linvel=[-0.00051, 0.00144, 0.00146] z=0.1079
[lowlevel-sim][GT] t=21.351 quat=[0.49032, -0.51761, 0.49843, 0.49319] angvel=[-0.00016, 0.0071, -0.00528] linvel=[-0.00089, -0.0005, 0.00041] z=0.1079
[lowlevel-sim][GT] t=21.401 quat=[0.49032, -0.51763, 0.49844, 0.49316] angvel=[0.00032, -0.00528, 0.00111] linvel=[-0.00011, -1e-05, -0.00069] z=0.1079
[lowlevel-sim][GT] t=21.451 quat=[0.49033, -0.51763, 0.49843, 0.49316] angvel=[-0.00746, 0.00173, -0.00502] linvel=[8e-05, 0.00181, -0.00033] z=0.1078
[lowlevel-sim] FAIL-CLOSED engaged at t=21.477s, last command age 85.46 ms (deadline <= 100 ms) PASS
[lowlevel-sim] COMMANDED at t=21.480s (was fail-closed)
[lowlevel-sim] t=  21.50 mode=cmd        pd=15795 hold=10829 failclosed=13 rtf=0.264 base_z=+0.108 pitch=+1.533 roll=-2.708 |tau|max=  7.79 sat=0/29 knee_L=+0.254 hip_p_L=-0.107 torn=10543 cmd_age=35.9ms auth=39.2s rig_ign=750 fix_base=0
[lowlevel-sim][GT] t=21.501 quat=[0.4899, -0.51793, 0.49879, 0.49291] angvel=[0.00902, 0.01353, 0.01382] linvel=[0.00155, 0.00153, -0.00123] z=0.1076
[lowlevel-sim][GT] t=21.551 quat=[0.48989, -0.51783, 0.49871, 0.49311] angvel=[0.02236, 0.00019, -0.00617] linvel=[0.00318, 0.00116, -0.00087] z=0.1076
[lowlevel-sim][GT] t=21.601 quat=[0.49002, -0.51778, 0.49861, 0.49312] angvel=[-0.00263, -0.00436, 0.00016] linvel=[0.00158, -0.00018, 0.00034] z=0.1076
[lowlevel-sim][GT] t=21.651 quat=[0.49004, -0.51781, 0.4986, 0.49309] angvel=[0.0034, 0.00497, 0.00459] linvel=[0.00041, 4e-05, -0.00175] z=0.1076
[lowlevel-sim][GT] t=21.701 quat=[0.49001, -0.51784, 0.49865, 0.49304] angvel=[0.00345, -0.01774, 0.0079] linvel=[-0.00113, -3e-05, -3e-05] z=0.1076
[lowlevel-sim][GT] t=21.751 quat=[0.49003, -0.51781, 0.49863, 0.49307] angvel=[0.00129, -0.01303, 0.0014] linvel=[-0.00192, 0.00047, 5e-05] z=0.1076
[lowlevel-sim][GT] t=21.801 quat=[0.49005, -0.5178, 0.49862, 0.49306] angvel=[0.00192, -0.00319, 0.00289] linvel=[-0.00173, -0.00101, -0.00047] z=0.1076
[lowlevel-sim][GT] t=21.851 quat=[0.49005, -0.51784, 0.49865, 0.49299] angvel=[0.00461, -0.00816, -0.00074] linvel=[-0.0016, 0.00128, -0.00022] z=0.1076
[lowlevel-sim][GT] t=21.901 quat=[0.49008, -0.51785, 0.49866, 0.49294] angvel=[0.00588, 0.00546, -0.00318] linvel=[-0.00131, -0.0005, -0.00052] z=0.1076
[lowlevel-sim][GT] t=21.951 quat=[0.49013, -0.51786, 0.49865, 0.49289] angvel=[-0.00273, -0.00175, -0.00664] linvel=[0.001, -0.00025, -0.00074] z=0.1075
[lowlevel-sim] t=  22.00 mode=cmd        pd=16045 hold=10829 failclosed=13 rtf=0.265 base_z=+0.108 pitch=+1.533 roll=-2.692 |tau|max=  7.79 sat=0/29 knee_L=+0.255 hip_p_L=-0.106 torn=10565 cmd_age=24.8ms auth=40.9s rig_ign=750 fix_base=0
[lowlevel-sim][GT] t=22.001 quat=[0.49018, -0.51788, 0.49861, 0.49287] angvel=[-0.00343, 0.0056, -0.00661] linvel=[0.00188, 0.0017, 0.00048] z=0.1075
[lowlevel-sim][GT] t=22.051 quat=[0.49016, -0.5179, 0.49859, 0.49287] angvel=[0.00237, -0.00545, 0.01886] linvel=[0.00187, -0.00042, -0.00025] z=0.1075
[lowlevel-sim][GT] t=22.101 quat=[0.49009, -0.51793, 0.49862, 0.49289] angvel=[-0.00025, 0.00061, -0.00096] linvel=[0.00165, 0.00045, 0.00097] z=0.1075
[lowlevel-sim][GT] t=22.151 quat=[0.49002, -0.51795, 0.49863, 0.49294] angvel=[0.00401, -0.00786, 0.01] linvel=[0.00046, 0.00022, -0.00063] z=0.1075
[lowlevel-sim][GT] t=22.201 quat=[0.49002, -0.51792, 0.4986, 0.49299] angvel=[0.00479, 0.00041, -0.00514] linvel=[-0.00084, -0.00067, -0.00119] z=0.1075
[lowlevel-sim][GT] t=22.251 quat=[0.49002, -0.51792, 0.49862, 0.49296] angvel=[0.00783, -0.00493, -0.00228] linvel=[-0.0025, -0.00286, -0.00138] z=0.1075
[lowlevel-sim][GT] t=22.301 quat=[0.49004, -0.51796, 0.49867, 0.49285] angvel=[0.00023, -0.00679, -0.00781] linvel=[-0.00294, 0.00096, -0.0008] z=0.1075
[lowlevel-sim][GT] t=22.351 quat=[0.49012, -0.51796, 0.49865, 0.4928] angvel=[0.00618, 0.00217, -0.00629] linvel=[-0.00276, -0.00027, -0.00073] z=0.1075
[lowlevel-sim][GT] t=22.401 quat=[0.49017, -0.51797, 0.49865, 0.49273] angvel=[0.00385, -0.00672, 0.0038] linvel=[-0.00196, 0.00041, -0.00129] z=0.1074
[lowlevel-sim][GT] t=22.451 quat=[0.49023, -0.518, 0.49866, 0.49263] angvel=[-0.0013, -0.00298, -0.00517] linvel=[-0.00034, -0.00038, 0.0001] z=0.1074
[lowlevel-sim] t=  22.50 mode=cmd        pd=16295 hold=10829 failclosed=13 rtf=0.265 base_z=+0.107 pitch=+1.533 roll=-2.684 |tau|max=  7.80 sat=0/29 knee_L=+0.255 hip_p_L=-0.105 torn=10588 cmd_age=41.7ms auth=42.7s rig_ign=750 fix_base=0
[lowlevel-sim][GT] t=22.501 quat=[0.4903, -0.51802, 0.49867, 0.49254] angvel=[0.00418, 0.00148, -0.00889] linvel=[0.00093, -0.00045, -0.00056] z=0.1074
[lowlevel-sim][GT] t=22.551 quat=[0.49028, -0.51807, 0.49868, 0.49249] angvel=[-0.00057, 0.0077, -0.01242] linvel=[0.00226, -8e-05, -0.00083] z=0.1074
[lowlevel-sim][GT] t=22.601 quat=[0.49025, -0.51808, 0.49867, 0.49252] angvel=[0.00238, 0.01049, -0.00646] linvel=[0.00161, 0.00101, 0.00045] z=0.1074
[lowlevel-sim][GT] t=22.651 quat=[0.49021, -0.51808, 0.49867, 0.49256] angvel=[0.0053, -0.00383, -0.00037] linvel=[0.00088, -0.00032, -0.00058] z=0.1074
[lowlevel-sim][GT] t=22.701 quat=[0.49018, -0.51806, 0.49867, 0.49261] angvel=[-0.00623, -0.00402, 0.00525] linvel=[-0.00056, -0.00032, 0.00054] z=0.1074
[lowlevel-sim][GT] t=22.751 quat=[0.49014, -0.51807, 0.49872, 0.4926] angvel=[-0.00366, -0.01295, 0.01048] linvel=[-0.00052, 0.00043, 0.00093] z=0.1074
[lowlevel-sim][GT] t=22.801 quat=[0.49014, -0.51806, 0.49871, 0.49261] angvel=[0.00836, -0.01274, -0.00608] linvel=[-0.00099, -0.00043, -0.0012] z=0.1074
[lowlevel-sim][GT] t=22.851 quat=[0.49014, -0.51808, 0.49873, 0.49257] angvel=[0.00866, -0.00395, 0.00279] linvel=[-0.00037, -0.00093, -0.00074] z=0.1073
[lowlevel-sim][GT] t=22.901 quat=[0.49017, -0.51808, 0.49872, 0.49254] angvel=[0.00245, 0.00679, -0.00069] linvel=[-0.00062, 0.0004, -0.00037] z=0.1073
[lowlevel-sim][GT] t=22.951 quat=[0.49018, -0.5181, 0.49872, 0.49252] angvel=[-0.00143, -0.00121, -0.00173] linvel=[0.00078, -0.00076, -0.00038] z=0.1073
[lowlevel-sim] t=  23.00 mode=cmd        pd=16545 hold=10829 failclosed=13 rtf=0.265 base_z=+0.107 pitch=+1.533 roll=-2.689 |tau|max=  7.79 sat=0/29 knee_L=+0.255 hip_p_L=-0.105 torn=10613 cmd_age=66.2ms auth=44.7s rig_ign=750 fix_base=0
[lowlevel-sim][GT] t=23.001 quat=[0.49018, -0.51813, 0.49871, 0.4925] angvel=[0.00302, -0.01289, 0.00887] linvel=[0.00062, 0.00089, 0.00021] z=0.1073
[lowlevel-sim][GT] t=23.051 quat=[0.49019, -0.51812, 0.4987, 0.4925] angvel=[-0.00401, -6e-05, -0.00035] linvel=[0.00053, 0.00024, -4e-05] z=0.1073
[lowlevel-sim][GT] t=23.101 quat=[0.49018, -0.51813, 0.49872, 0.49249] angvel=[0.0078, -0.01677, 0.00676] linvel=[0.00085, 0.00162, 0.0024] z=0.1073
[lowlevel-sim] FAIL-CLOSED engaged at t=23.120s, last command age 94.66 ms (deadline <= 100 ms) PASS
[lowlevel-sim] COMMANDED at t=23.124s (was fail-closed)
[lowlevel-sim] FAIL-CLOSED engaged at t=23.132s, last command age 85.11 ms (deadline <= 100 ms) PASS
[lowlevel-sim] COMMANDED at t=23.136s (was fail-closed)
[lowlevel-sim][GT] t=23.151 quat=[0.48908, -0.51909, 0.49971, 0.49156] angvel=[-0.02117, 0.03122, 0.00767] linvel=[0.00156, 0.00301, -0.00329] z=0.1067
[lowlevel-sim][GT] t=23.201 quat=[0.48913, -0.51874, 0.49947, 0.49213] angvel=[0.01731, 0.01974, -0.00845] linvel=[0.00226, 0.00273, -0.00041] z=0.1067
[lowlevel-sim][GT] t=23.251 quat=[0.48941, -0.51855, 0.49924, 0.49229] angvel=[0.0168, -0.01024, -0.0073] linvel=[0.0007, 0.00188, 0.00061] z=0.1067
[lowlevel-sim][GT] t=23.301 quat=[0.48959, -0.51851, 0.49914, 0.49224] angvel=[0.00585, -0.00702, 9e-05] linvel=[-0.00142, -0.00067, -0.00103] z=0.1067
[lowlevel-sim][GT] t=23.351 quat=[0.48967, -0.51851, 0.49915, 0.49217] angvel=[-0.00023, 0.00686, -0.01044] linvel=[-0.00234, -0.00099, 0.00054] z=0.1067
[lowlevel-sim][GT] t=23.401 quat=[0.48967, -0.51852, 0.49918, 0.49212] angvel=[-0.00671, -0.0104, 0.00418] linvel=[-0.002, 0.00114, 0.00132] z=0.1067
[lowlevel-sim][GT] t=23.451 quat=[0.48973, -0.51851, 0.49917, 0.49208] angvel=[0.00395, 0.00233, -0.00495] linvel=[-0.00117, 0.00029, -5e-05] z=0.1067
[lowlevel-sim] t=  23.50 mode=cmd        pd=16797 hold=10829 failclosed=19 rtf=0.265 base_z=+0.107 pitch=+1.531 roll=-2.708 |tau|max=  7.82 sat=0/29 knee_L=+0.255 hip_p_L=-0.105 torn=10635 cmd_age=26.6ms auth=46.5s rig_ign=750 fix_base=0
[lowlevel-sim][GT] t=23.501 quat=[0.48976, -0.51854, 0.49918, 0.492] angvel=[0.00804, 0.00764, -0.00613] linvel=[0.00035, 0.00074, -0.00079] z=0.1067
[lowlevel-sim][GT] t=23.551 quat=[0.48977, -0.51855, 0.49918, 0.49198] angvel=[0.0114, 0.00492, -0.01019] linvel=[0.002, -0.0012, -0.00111] z=0.1067
[lowlevel-sim][GT] t=23.601 quat=[0.48977, -0.51855, 0.49918, 0.49198] angvel=[0.00567, 0.00837, 0.00023] linvel=[0.00228, 0.00047, -0.00053] z=0.1067
[lowlevel-sim][GT] t=23.651 quat=[0.48974, -0.51858, 0.49918, 0.49199] angvel=[0.00205, -0.01571, 0.00409] linvel=[0.00107, -0.00036, -0.00045] z=0.1067
[lowlevel-sim][GT] t=23.701 quat=[0.48967, -0.51861, 0.49919, 0.49202] angvel=[0.00622, 0.0166, -0.00178] linvel=[0.00151, 0.00037, -0.00119] z=0.1067
[lowlevel-sim][GT] t=23.751 quat=[0.4896, -0.5186, 0.49921, 0.49206] angvel=[0.01411, 0.01034, 0.00122] linvel=[-0.00041, 0.00014, 0.00131] z=0.1067
[lowlevel-sim][GT] t=23.801 quat=[0.48957, -0.51859, 0.49922, 0.4921] angvel=[0.00176, 0.00179, 0.00409] linvel=[-0.00213, -0.00048, 0.00024] z=0.1066
[lowlevel-sim][GT] t=23.851 quat=[0.48959, -0.51856, 0.49922, 0.49211] angvel=[-0.00313, -0.01099, 0.00854] linvel=[-0.00136, 5e-05, 0.00095] z=0.1066
[lowlevel-sim][GT] t=23.901 quat=[0.48963, -0.51856, 0.49922, 0.49207] angvel=[5e-05, 0.00159, -0.00074] linvel=[-0.0021, -2e-05, 0.00011] z=0.1066
[lowlevel-sim] FAIL-CLOSED engaged at t=23.923s, last command age 86.47 ms (deadline <= 100 ms) PASS
[lowlevel-sim] COMMANDED at t=23.926s (was fail-closed)
[lowlevel-sim][GT] t=23.951 quat=[0.48936, -0.5189, 0.49955, 0.49164] angvel=[0.00538, -0.00241, 0.00684] linvel=[-0.00171, -0.0012, -0.0012] z=0.1065
[lowlevel-sim] t=  24.00 mode=cmd        pd=17049 hold=10829 failclosed=22 rtf=0.265 base_z=+0.106 pitch=+1.530 roll=-2.716 |tau|max=  7.83 sat=0/29 knee_L=+0.254 hip_p_L=-0.105 torn=10675 cmd_age=32.3ms auth=48.3s rig_ign=750 fix_base=0
[lowlevel-sim][GT] t=24.001 quat=[0.48956, -0.51879, 0.49939, 0.49173] angvel=[0.01612, 0.00749, -0.00741] linvel=[-8e-05, 0.00201, -0.00205] z=0.1064
[lowlevel-sim][GT] t=24.051 quat=[0.48967, -0.51873, 0.49929, 0.49177] angvel=[0.01284, 0.00118, 0.00156] linvel=[0.00037, -0.00196, -0.00129] z=0.1064
[lowlevel-sim][GT] t=24.101 quat=[0.48969, -0.51873, 0.49928, 0.49177] angvel=[0.006, 0.0022, 0.0077] linvel=[0.0009, -0.00123, -0.00044] z=0.1064
[lowlevel-sim][GT] t=24.151 quat=[0.48966, -0.51875, 0.4993, 0.49177] angvel=[0.00145, 0.00328, 0.00456] linvel=[0.00123, -0.00042, -0.0006] z=0.1064
[lowlevel-sim][GT] t=24.201 quat=[0.48959, -0.51877, 0.49934, 0.49178] angvel=[0.00392, -0.00119, 0.00112] linvel=[0.00066, -0.00094, -0.00031] z=0.1064
[lowlevel-sim][GT] t=24.251 quat=[0.48957, -0.51877, 0.49933, 0.49181] angvel=[0.00039, 0.00436, -0.00617] linvel=[-0.00048, -0.00116, 0.00022] z=0.1064
[lowlevel-sim][GT] t=24.301 quat=[0.48954, -0.51878, 0.49935, 0.4918] angvel=[0.00627, 0.01556, -0.00107] linvel=[0.00016, -0.00033, -0.00077] z=0.1064
[lowlevel-sim][GT] t=24.351 quat=[0.48956, -0.51876, 0.49933, 0.49183] angvel=[0.00228, 0.01743, -0.00949] linvel=[0.00022, 0.00019, -0.00031] z=0.1064
[lowlevel-sim][GT] t=24.401 quat=[0.48954, -0.51876, 0.49936, 0.49181] angvel=[-0.0024, 0.00043, 0.00078] linvel=[-0.00016, -0.0011, 0.00084] z=0.1064
[lowlevel-sim][GT] t=24.451 quat=[0.48952, -0.51878, 0.49938, 0.49178] angvel=[0.00349, 0.00751, -0.00236] linvel=[-0.00062, 0.00033, -0.00043] z=0.1064
[lowlevel-sim] t=  24.50 mode=cmd        pd=17299 hold=10829 failclosed=22 rtf=0.266 base_z=+0.106 pitch=+1.530 roll=-2.717 |tau|max=  7.84 sat=0/29 knee_L=+0.255 hip_p_L=-0.104 torn=10699 cmd_age=22.8ms auth=50.0s rig_ign=750 fix_base=0
[lowlevel-sim][GT] t=24.501 quat=[0.48953, -0.51878, 0.49937, 0.49178] angvel=[0.00638, -0.0162, 0.00273] linvel=[-0.00044, -0.00056, -0.00119] z=0.1064
[lowlevel-sim][GT] t=24.551 quat=[0.48955, -0.51879, 0.49939, 0.49174] angvel=[0.00207, -0.00366, -0.00082] linvel=[-0.00065, -0.00108, -0.00066] z=0.1064
[lowlevel-sim][GT] t=24.601 quat=[0.48959, -0.51878, 0.49936, 0.49174] angvel=[0.01187, -0.02892, 0.01496] linvel=[-0.00038, 0.00067, -0.00151] z=0.1063
[lowlevel-sim][GT] t=24.651 quat=[0.48955, -0.51882, 0.49938, 0.49172] angvel=[0.00124, -0.00098, 0.00568] linvel=[-0.00033, -0.00114, -0.00021] z=0.1063
[lowlevel-sim][GT] t=24.701 quat=[0.48956, -0.51881, 0.49938, 0.49171] angvel=[-0.00532, 0.00833, -0.00753] linvel=[5e-05, 0.0017, 0.0012] z=0.1063
[lowlevel-sim][GT] t=24.751 quat=[0.48957, -0.5188, 0.49937, 0.49172] angvel=[-0.0018, 0.00157, 0.00598] linvel=[-0.00025, 6e-05, 0.00124] z=0.1063
[lowlevel-sim][GT] t=24.801 quat=[0.48955, -0.51884, 0.4994, 0.49168] angvel=[0.00534, -0.01175, 0.00624] linvel=[0.00037, 0.00074, 0.00039] z=0.1063
[lowlevel-sim][GT] t=24.851 quat=[0.48956, -0.51885, 0.49937, 0.49169] angvel=[0.00218, -0.00117, 0.00126] linvel=[1e-05, 0.00049, -0.00052] z=0.1063
[lowlevel-sim][GT] t=24.901 quat=[0.48959, -0.5188, 0.49934, 0.49174] angvel=[0.00832, -0.01433, 0.00959] linvel=[0.0001, 0.00019, -0.0008] z=0.1063
[lowlevel-sim][GT] t=24.951 quat=[0.48954, -0.51885, 0.49938, 0.49169] angvel=[0.00864, 0.00345, -0.00741] linvel=[0.00092, -0.00099, -0.00092] z=0.1063
[lowlevel-sim] t=  25.00 mode=cmd        pd=17549 hold=10829 failclosed=22 rtf=0.266 base_z=+0.106 pitch=+1.530 roll=-2.714 |tau|max=  7.83 sat=0/29 knee_L=+0.255 hip_p_L=-0.104 torn=10720 cmd_age=20.7ms auth=51.7s rig_ign=750 fix_base=0
[lowlevel-sim][GT] t=25.001 quat=[0.48956, -0.51884, 0.49936, 0.49172] angvel=[0.00158, 0.00448, -0.00441] linvel=[0.00076, -0.00143, -0.0005] z=0.1063
[lowlevel-sim] FAIL-CLOSED engaged at t=25.037s, last command age 86.97 ms (deadline <= 100 ms) PASS
[lowlevel-sim][GT] t=25.051 quat=[0.48839, -0.52, 0.5005, 0.49048] angvel=[-0.53173, -0.01733, -0.01748] linvel=[0.0004, 0.01111, -0.03476] z=0.1057
[lowlevel-sim] COMMANDED at t=25.056s (was fail-closed)
[lowlevel-sim] FAIL-CLOSED engaged at t=25.057s, last command age 86.14 ms (deadline <= 100 ms) PASS
[lowlevel-sim] COMMANDED at t=25.060s (was fail-closed)
[lowlevel-sim][GT] t=25.101 quat=[0.48641, -0.52174, 0.50231, 0.48876] angvel=[0.12303, 0.01903, 0.0157] linvel=[0.00042, 0.00307, -0.00218] z=0.1041
[lowlevel-sim][GT] t=25.151 quat=[0.48738, -0.52071, 0.50127, 0.48996] angvel=[0.05895, -0.00326, 0.00084] linvel=[0.00127, 0.00293, -0.00184] z=0.1043
[lowlevel-sim][GT] t=25.201 quat=[0.48786, -0.52031, 0.50086, 0.49032] angvel=[0.01087, 0.00139, -0.00938] linvel=[0.00032, 0.00274, 6e-05] z=0.1044
[lowlevel-sim][GT] t=25.251 quat=[0.48808, -0.5202, 0.50073, 0.49034] angvel=[0.01585, -0.01142, 0.00051] linvel=[-0.00064, -0.0003, -0.00215] z=0.1044
[lowlevel-sim][GT] t=25.301 quat=[0.48817, -0.52014, 0.50067, 0.49039] angvel=[0.00505, 0.00698, -0.00501] linvel=[-0.00083, 0.00032, -0.00079] z=0.1044
[lowlevel-sim][GT] t=25.351 quat=[0.48815, -0.52017, 0.5007, 0.49034] angvel=[0.00207, 0.00279, -0.00129] linvel=[-0.00079, -0.00106, -0.00077] z=0.1044
[lowlevel-sim][GT] t=25.401 quat=[0.48812, -0.52018, 0.50072, 0.49033] angvel=[0.01219, -0.00341, -0.00409] linvel=[-0.00052, -0.00028, -0.00105] z=0.1044
[lowlevel-sim][GT] t=25.451 quat=[0.48811, -0.5202, 0.50072, 0.49033] angvel=[-0.0039, -0.00162, 0.00208] linvel=[0.00026, -0.00048, 0.00012] z=0.1043
[lowlevel-sim] t=  25.50 mode=cmd        pd=17810 hold=10829 failclosed=43 rtf=0.266 base_z=+0.104 pitch=+1.525 roll=-2.767 |tau|max=  7.92 sat=0/29 knee_L=+0.255 hip_p_L=-0.102 torn=10740 cmd_age=38.9ms auth=53.5s rig_ign=750 fix_base=0
[lowlevel-sim][GT] t=25.501 quat=[0.48809, -0.52021, 0.50074, 0.49031] angvel=[-0.00055, -0.00264, -0.00155] linvel=[7e-05, 7e-05, -0.00016] z=0.1043
[lowlevel-sim][GT] t=25.551 quat=[0.48812, -0.52017, 0.50074, 0.49033] angvel=[-0.00411, -0.00693, 0.00253] linvel=[-0.00021, 0.00304, 0.00094] z=0.1043
[lowlevel-sim][GT] t=25.601 quat=[0.48815, -0.52016, 0.50073, 0.49032] angvel=[0.00069, -0.00174, 0.00628] linvel=[-0.00048, -0.00158, -0.00136] z=0.1043
[lowlevel-sim][GT] t=25.651 quat=[0.48811, -0.52022, 0.50082, 0.4902] angvel=[0.00437, -0.00327, -0.00184] linvel=[1e-05, -0.00117, -0.00172] z=0.1043
[lowlevel-sim][GT] t=25.701 quat=[0.48817, -0.5202, 0.50079, 0.49019] angvel=[-0.00356, 0.00502, -0.00286] linvel=[0.00073, 0.00094, 0.00031] z=0.1043
[lowlevel-sim] FAIL-CLOSED engaged at t=25.715s, last command age 85.30 ms (deadline <= 100 ms) PASS
[lowlevel-sim] COMMANDED at t=25.718s (was fail-closed)
[lowlevel-sim][GT] t=25.751 quat=[0.48794, -0.52049, 0.50104, 0.48985] angvel=[0.00555, 0.01585, -3e-05] linvel=[0.00059, 0.00133, 0.00013] z=0.1042
[lowlevel-sim][GT] t=25.801 quat=[0.48806, -0.52041, 0.50092, 0.48995] angvel=[0.00566, 0.00015, 0.00124] linvel=[-0.00054, 0.00205, -0.00072] z=0.1042
[lowlevel-sim][GT] t=25.851 quat=[0.48812, -0.52034, 0.50084, 0.49004] angvel=[-0.00128, -0.00208, 0.00258] linvel=[-0.00027, 0.00164, 0.00127] z=0.1042
[lowlevel-sim][GT] t=25.901 quat=[0.48813, -0.52031, 0.50083, 0.49008] angvel=[0.00681, 0.00101, -0.00172] linvel=[-0.00078, -0.00085, -9e-05] z=0.1042
[lowlevel-sim][GT] t=25.951 quat=[0.48814, -0.52032, 0.50084, 0.49005] angvel=[0.00345, 0.00146, -0.0039] linvel=[0.00052, 0.00037, -0.00037] z=0.1041
[lowlevel-sim] t=  26.00 mode=cmd        pd=18062 hold=10829 failclosed=46 rtf=0.267 base_z=+0.104 pitch=+1.524 roll=-2.764 |tau|max=  7.92 sat=0/29 knee_L=+0.255 hip_p_L=-0.102 torn=10762 cmd_age=38.0ms auth=55.2s rig_ign=750 fix_base=0
[lowlevel-sim][GT] t=26.001 quat=[0.48812, -0.52037, 0.50086, 0.48999] angvel=[0.00508, -0.01212, -0.00219] linvel=[0.00045, -0.00069, 0.00037] z=0.1041
[lowlevel-sim][GT] t=26.051 quat=[0.48815, -0.52034, 0.50082, 0.49003] angvel=[-0.00097, 0.00402, -0.00044] linvel=[-8e-05, -0.0008, -0.00019] z=0.1041
[lowlevel-sim][GT] t=26.101 quat=[0.48814, -0.52034, 0.50084, 0.49002] angvel=[0.00402, 0.00196, -0.00786] linvel=[-1e-05, -0.00084, -0.00033] z=0.1041
[lowlevel-sim][GT] t=26.151 quat=[0.48815, -0.52036, 0.50084, 0.49] angvel=[0.00107, 0.0105, -0.00398] linvel=[0.00049, -0.00015, -7e-05] z=0.1041
[lowlevel-sim][GT] t=26.201 quat=[0.48814, -0.52037, 0.50084, 0.48999] angvel=[-0.00012, -0.00017, 0.00012] linvel=[0.0006, 0.0009, -0.00016] z=0.1041
[lowlevel-sim][GT] t=26.251 quat=[0.48814, -0.52038, 0.50082, 0.49] angvel=[0.01038, -0.00093, 0.00335] linvel=[-9e-05, -0.00193, -0.00117] z=0.1041
[lowlevel-sim][GT] t=26.301 quat=[0.48812, -0.52038, 0.50084, 0.49] angvel=[0.00324, -0.00581, 0.0041] linvel=[-0.00011, -0.0008, -0.00107] z=0.1041
[lowlevel-sim][GT] t=26.351 quat=[0.48814, -0.52038, 0.50082, 0.49] angvel=[-0.00688, -0.00693, 0.00283] linvel=[-1e-05, 5e-05, -0.00101] z=0.1041
[lowlevel-sim][GT] t=26.401 quat=[0.48811, -0.52041, 0.50085, 0.48996] angvel=[-0.00049, 0.00541, -0.00311] linvel=[-0.00012, 0.00108, 0.00022] z=0.1041
[lowlevel-sim][GT] t=26.451 quat=[0.48813, -0.52039, 0.50083, 0.49] angvel=[5e-05, -0.00858, 0.00588] linvel=[0.00024, 0.00025, -0.00014] z=0.1041
[lowlevel-sim] t=  26.50 mode=cmd        pd=18312 hold=10829 failclosed=46 rtf=0.267 base_z=+0.104 pitch=+1.524 roll=-2.761 |tau|max=  7.93 sat=0/29 knee_L=+0.255 hip_p_L=-0.102 torn=10790 cmd_age=29.5ms auth=57.0s rig_ign=750 fix_base=0
[lowlevel-sim][GT] t=26.501 quat=[0.48816, -0.52039, 0.50081, 0.48999] angvel=[0.00819, 0.00151, 0.00016] linvel=[-0.00031, -0.0012, -0.00075] z=0.1041
[lowlevel-sim][GT] t=26.551 quat=[0.48817, -0.52038, 0.50082, 0.48998] angvel=[0.00404, -0.0109, -0.00548] linvel=[0.0, -0.00038, -0.00123] z=0.1041
[lowlevel-sim][GT] t=26.601 quat=[0.48816, -0.5204, 0.50085, 0.48993] angvel=[0.00838, 0.01174, -0.00645] linvel=[8e-05, -5e-05, -0.0018] z=0.1041
[lowlevel-sim][GT] t=26.651 quat=[0.48816, -0.5204, 0.50084, 0.48994] angvel=[0.00599, 0.00093, -0.00137] linvel=[0.00042, -0.00081, 0.00019] z=0.1041
[lowlevel-sim][GT] t=26.701 quat=[0.48817, -0.52039, 0.50083, 0.48995] angvel=[-0.00988, -0.01253, 0.01151] linvel=[0.00078, 0.0001, 0.0013] z=0.1041
[lowlevel-sim][GT] t=26.751 quat=[0.48817, -0.52041, 0.50085, 0.48992] angvel=[-0.00471, 0.00815, -0.00872] linvel=[0.00064, 0.00216, 0.0002] z=0.1041
[lowlevel-sim][GT] t=26.801 quat=[0.48813, -0.5204, 0.50086, 0.48995] angvel=[0.00219, 0.00947, -0.0075] linvel=[-0.0, -0.0005, -0.00031] z=0.1041
[lowlevel-sim][GT] t=26.851 quat=[0.48814, -0.52038, 0.50085, 0.48998] angvel=[0.0061, -0.00025, -0.0047] linvel=[-0.00058, 9e-05, -0.0007] z=0.1041
[lowlevel-sim][GT] t=26.901 quat=[0.48814, -0.52037, 0.50087, 0.48996] angvel=[-0.00337, -0.01717, 0.0012] linvel=[-0.00039, -0.0012, 0.00146] z=0.1041
[lowlevel-sim][GT] t=26.951 quat=[0.48815, -0.52038, 0.50089, 0.48993] angvel=[0.00058, -0.0014, 0.00027] linvel=[-0.00102, -0.0001, -0.00018] z=0.1041
[lowlevel-sim] t=  27.00 mode=cmd        pd=18562 hold=10829 failclosed=46 rtf=0.267 base_z=+0.104 pitch=+1.524 roll=-2.762 |tau|max=  7.93 sat=0/29 knee_L=+0.255 hip_p_L=-0.102 torn=10830 cmd_age=27.1ms auth=59.0s rig_ign=750 fix_base=0
[lowlevel-sim][GT] t=27.001 quat=[0.48817, -0.52038, 0.50089, 0.4899] angvel=[0.01032, -0.00766, 0.00305] linvel=[-0.00021, -0.0003, 0.00085] z=0.1041
[lowlevel-sim][GT] t=27.051 quat=[0.48823, -0.52036, 0.50084, 0.48992] angvel=[-0.00447, 0.00312, 0.00101] linvel=[0.00027, 0.00035, 0.0] z=0.1041
[lowlevel-sim][GT] t=27.101 quat=[0.48822, -0.52039, 0.50086, 0.48988] angvel=[-0.00551, 0.00632, -0.00771] linvel=[0.00095, 0.0012, 0.0015] z=0.1041
[lowlevel-sim][GT] t=27.151 quat=[0.48819, -0.52042, 0.50088, 0.48986] angvel=[0.00542, 0.00803, -0.00251] linvel=[0.00053, 0.00012, 4e-05] z=0.1041
[lowlevel-sim][GT] t=27.201 quat=[0.48818, -0.52041, 0.50086, 0.48989] angvel=[0.00906, -0.00258, 0.00375] linvel=[8e-05, 0.00012, -0.00079] z=0.1041
[lowlevel-sim][GT] t=27.251 quat=[0.4881, -0.52043, 0.50092, 0.48989] angvel=[0.00782, -0.00188, 0.00147] linvel=[-0.00064, -0.00089, 0.00029] z=0.1041
[lowlevel-sim][GT] t=27.301 quat=[0.48812, -0.52039, 0.50091, 0.48992] angvel=[-0.00048, -0.00057, 0.00309] linvel=[-0.00034, 0.00056, 0.00067] z=0.1041
[lowlevel-sim][GT] t=27.351 quat=[0.48813, -0.5204, 0.5009, 0.4899] angvel=[0.00039, 0.00113, -0.00393] linvel=[-0.00062, 0.00133, -0.00024] z=0.1041
[lowlevel-sim][GT] t=27.401 quat=[0.48817, -0.52039, 0.5009, 0.48988] angvel=[-0.00076, 7e-05, -0.00191] linvel=[-0.0008, -3e-05, -0.00038] z=0.1041
[lowlevel-sim][GT] t=27.451 quat=[0.48822, -0.52039, 0.5009, 0.48983] angvel=[0.00147, -0.00957, 0.005] linvel=[-0.0003, -0.00059, -0.00017] z=0.1041
[lowlevel-sim] t=  27.50 mode=cmd        pd=18812 hold=10829 failclosed=46 rtf=0.267 base_z=+0.104 pitch=+1.524 roll=-2.759 |tau|max=  7.94 sat=0/29 knee_L=+0.255 hip_p_L=-0.102 torn=10848 cmd_age=21.5ms auth=60.8s rig_ign=750 fix_base=0
[lowlevel-sim][GT] t=27.501 quat=[0.48824, -0.52041, 0.5009, 0.48978] angvel=[0.00096, 0.01091, -0.00499] linvel=[0.00147, 0.00092, 0.00015] z=0.1041
[lowlevel-sim][GT] t=27.551 quat=[0.48825, -0.52042, 0.5009, 0.48976] angvel=[0.00324, 0.00096, -0.00118] linvel=[0.00152, -0.00101, -0.00011] z=0.1041
[lowlevel-sim][GT] t=27.601 quat=[0.48827, -0.5204, 0.50085, 0.48983] angvel=[0.00309, 0.00018, 0.00215] linvel=[0.00168, -0.00082, -0.00036] z=0.1041
[lowlevel-sim][GT] t=27.651 quat=[0.48821, -0.52042, 0.50088, 0.48984] angvel=[0.00084, -0.00222, 0.00658] linvel=[0.0009, -0.0001, -0.0004] z=0.1041
[lowlevel-sim][GT] t=27.701 quat=[0.48818, -0.52043, 0.50089, 0.48984] angvel=[-0.00042, 0.00265, -0.00015] linvel=[0.0001, -0.00051, 0.0012] z=0.1041
[lowlevel-sim][GT] t=27.751 quat=[0.48817, -0.52041, 0.50089, 0.48987] angvel=[0.00134, 0.00229, -0.00197] linvel=[-0.0002, 0.00064, -0.00058] z=0.1041
[lowlevel-sim][GT] t=27.801 quat=[0.48818, -0.52039, 0.50088, 0.48989] angvel=[0.00713, -0.00402, -0.01074] linvel=[-0.00062, -0.00126, -0.00041] z=0.1041
[lowlevel-sim][GT] t=27.851 quat=[0.48814, -0.52043, 0.50093, 0.48984] angvel=[0.00105, 0.00535, -0.00097] linvel=[-0.00055, 0.00112, 0.0007] z=0.1040
[lowlevel-sim][GT] t=27.901 quat=[0.48818, -0.52038, 0.50092, 0.48986] angvel=[0.0012, 0.00371, -0.00258] linvel=[-0.00226, -0.00117, -0.00106] z=0.1040
[lowlevel-sim][GT] t=27.951 quat=[0.48819, -0.52039, 0.50094, 0.48982] angvel=[-0.00249, -0.01291, 0.00728] linvel=[-0.00132, -0.00059, -0.00021] z=0.1040
[lowlevel-sim] t=  28.00 mode=cmd        pd=19062 hold=10829 failclosed=46 rtf=0.267 base_z=+0.104 pitch=+1.524 roll=-2.761 |tau|max=  7.93 sat=0/29 knee_L=+0.255 hip_p_L=-0.102 torn=10890 cmd_age=38.0ms auth=62.5s rig_ign=750 fix_base=0
[lowlevel-sim][GT] t=28.001 quat=[0.48821, -0.52041, 0.50096, 0.48976] angvel=[-0.00055, -0.00782, -0.0014] linvel=[0.00019, 0.00131, 6e-05] z=0.1040
[lowlevel-sim][GT] t=28.051 quat=[0.48826, -0.5204, 0.50093, 0.48975] angvel=[0.00975, 0.00509, -0.01004] linvel=[0.00064, -0.00114, -0.00095] z=0.1040
[lowlevel-sim][GT] t=28.101 quat=[0.48829, -0.52039, 0.50091, 0.48976] angvel=[0.00158, 0.00223, 0.00267] linvel=[0.00147, 0.00077, -0.00023] z=0.1040
[lowlevel-sim][GT] t=28.151 quat=[0.48826, -0.5204, 0.50093, 0.48975] angvel=[-0.00371, 0.00076, 0.00223] linvel=[0.0014, 0.00074, -0.00111] z=0.1040
[lowlevel-sim][GT] t=28.201 quat=[0.48824, -0.5204, 0.50092, 0.48978] angvel=[0.00692, -0.00643, -0.00098] linvel=[0.00027, 0.00062, -0.0012] z=0.1040
[lowlevel-sim][GT] t=28.251 quat=[0.48818, -0.52042, 0.50097, 0.48977] angvel=[0.00041, 0.0233, 0.00175] linvel=[-0.00029, -0.00033, -0.00125] z=0.1040
[lowlevel-sim] FAIL-CLOSED engaged at t=28.260s, last command age 87.73 ms (deadline <= 100 ms) PASS
[lowlevel-sim] COMMANDED at t=28.266s (was fail-closed)
[lowlevel-sim] FAIL-CLOSED engaged at t=28.271s, last command age 86.73 ms (deadline <= 100 ms) PASS
[lowlevel-sim] COMMANDED at t=28.278s (was fail-closed)
[lowlevel-sim][GT] t=28.301 quat=[0.48655, -0.52217, 0.50264, 0.48781] angvel=[0.04736, -0.01612, -0.01047] linvel=[-0.00176, 0.00209, -0.00257] z=0.1030
[lowlevel-sim][GT] t=28.351 quat=[0.4873, -0.52151, 0.50195, 0.48848] angvel=[0.04225, 0.00543, -0.00638] linvel=[-0.00259, 0.00416, -0.0013] z=0.1031
[lowlevel-sim][GT] t=28.401 quat=[0.48767, -0.52116, 0.5016, 0.48884] angvel=[0.01381, 0.00587, -0.00695] linvel=[-0.0029, 0.00259, -0.00078] z=0.1032
[lowlevel-sim][GT] t=28.451 quat=[0.48782, -0.52106, 0.50148, 0.48893] angvel=[0.01144, -0.00476, 0.00482] linvel=[-0.00129, 0.00134, -0.00087] z=0.1032
[lowlevel-sim] t=  28.50 mode=cmd        pd=19318 hold=10829 failclosed=58 rtf=0.268 base_z=+0.103 pitch=+1.522 roll=-2.767 |tau|max=  7.97 sat=0/29 knee_L=+0.255 hip_p_L=-0.100 torn=10913 cmd_age=29.4ms auth=64.3s rig_ign=750 fix_base=0
[lowlevel-sim][GT] t=28.501 quat=[0.48788, -0.52099, 0.50143, 0.48898] angvel=[0.00169, -0.00327, -0.00029] linvel=[0.00047, -7e-05, -7e-05] z=0.1032
[lowlevel-sim][GT] t=28.551 quat=[0.48787, -0.52105, 0.50145, 0.48892] angvel=[-0.00607, -0.02061, 0.00882] linvel=[0.0018, 0.00106, 0.00011] z=0.1032
[lowlevel-sim][GT] t=28.601 quat=[0.48787, -0.52105, 0.50144, 0.48893] angvel=[0.00872, 0.02465, -0.00792] linvel=[0.0019, 0.00064, -0.00025] z=0.1032
[lowlevel-sim][GT] t=28.651 quat=[0.48782, -0.52105, 0.50146, 0.48894] angvel=[-0.00343, -0.01312, 0.0131] linvel=[0.00154, 0.00071, 0.00033] z=0.1032
[lowlevel-sim][GT] t=28.701 quat=[0.48778, -0.52105, 0.50146, 0.48899] angvel=[-0.00223, -0.00269, 0.00011] linvel=[0.00094, 0.00011, 0.00039] z=0.1032
[lowlevel-sim][GT] t=28.751 quat=[0.48776, -0.52102, 0.50146, 0.48905] angvel=[0.00597, 0.00183, 0.00538] linvel=[0.0003, -0.00016, -0.00138] z=0.1032
[lowlevel-sim][GT] t=28.801 quat=[0.48772, -0.52102, 0.50148, 0.48908] angvel=[0.00355, -0.00181, -0.00122] linvel=[-0.00028, -0.0004, -0.0002] z=0.1032
[lowlevel-sim][GT] t=28.851 quat=[0.4877, -0.521, 0.5015, 0.48909] angvel=[0.00565, 0.00463, -7e-05] linvel=[-0.00135, 0.00017, 0.00036] z=0.1032
[lowlevel-sim][GT] t=28.901 quat=[0.48773, -0.52098, 0.50149, 0.48909] angvel=[0.00584, 0.01184, -0.00347] linvel=[-0.00182, -0.00076, 0.00032] z=0.1032
[lowlevel-sim] FAIL-CLOSED engaged at t=28.920s, last command age 90.10 ms (deadline <= 100 ms) PASS
[lowlevel-sim] COMMANDED at t=28.924s (was fail-closed)
[lowlevel-sim][GT] t=28.951 quat=[0.48731, -0.52144, 0.50194, 0.48855] angvel=[0.01372, -0.00082, -0.00351] linvel=[-0.00316, 0.00139, -0.00164] z=0.1029
[lowlevel-sim] t=  29.00 mode=cmd        pd=19569 hold=10829 failclosed=61 rtf=0.268 base_z=+0.103 pitch=+1.521 roll=-2.778 |tau|max=  7.97 sat=0/29 knee_L=+0.254 hip_p_L=-0.101 torn=10921 cmd_age=39.3ms auth=66.2s rig_ign=750 fix_base=0
[lowlevel-sim][GT] t=29.001 quat=[0.48755, -0.52127, 0.50174, 0.4887] angvel=[0.01878, -0.00506, -0.00679] linvel=[-0.00257, 0.00274, -0.00196] z=0.1029
[lowlevel-sim][GT] t=29.051 quat=[0.48768, -0.52118, 0.50165, 0.48875] angvel=[0.00274, 0.0066, -0.00148] linvel=[-0.00052, -0.00041, -0.00032] z=0.1029
[lowlevel-sim] FAIL-CLOSED engaged at t=29.095s, last command age 86.44 ms (deadline <= 100 ms) PASS
[lowlevel-sim] COMMANDED at t=29.098s (was fail-closed)
[lowlevel-sim][GT] t=29.101 quat=[0.48753, -0.52137, 0.5018, 0.48856] angvel=[-0.11718, -0.00033, -0.0046] linvel=[0.00141, 0.0032, -0.00591] z=0.1028
[lowlevel-sim][GT] t=29.151 quat=[0.48744, -0.52147, 0.5019, 0.48844] angvel=[0.0051, 0.00287, 0.0015] linvel=[0.00225, 0.00267, -0.00011] z=0.1028
[lowlevel-sim][GT] t=29.201 quat=[0.48754, -0.52135, 0.50176, 0.48861] angvel=[0.00425, 0.00527, -0.00231] linvel=[0.00392, 0.00143, -0.00123] z=0.1028
[lowlevel-sim][GT] t=29.251 quat=[0.48754, -0.52125, 0.5017, 0.48877] angvel=[0.00106, 0.00678, 0.00377] linvel=[0.00386, 0.00163, 0.00079] z=0.1028
[lowlevel-sim][GT] t=29.301 quat=[0.48743, -0.5213, 0.50172, 0.48881] angvel=[-0.00312, 0.00784, 0.00466] linvel=[0.00214, 0.00018, 0.00058] z=0.1028
[lowlevel-sim][GT] t=29.351 quat=[0.48734, -0.5213, 0.50173, 0.4889] angvel=[0.00175, 0.02098, -0.00459] linvel=[0.00232, -2e-05, -0.00027] z=0.1028
[lowlevel-sim][GT] t=29.401 quat=[0.48725, -0.52125, 0.50176, 0.489] angvel=[-0.00171, -0.00273, 0.00779] linvel=[-0.00081, -0.00058, -0.0001] z=0.1028
[lowlevel-sim][GT] t=29.451 quat=[0.48721, -0.52123, 0.50179, 0.48903] angvel=[0.00536, -0.02082, 0.00652] linvel=[-0.00193, -0.00069, -0.00097] z=0.1028
[lowlevel-sim] t=  29.50 mode=cmd        pd=19820 hold=10829 failclosed=63 rtf=0.268 base_z=+0.103 pitch=+1.521 roll=-2.791 |tau|max=  7.97 sat=0/29 knee_L=+0.255 hip_p_L=-0.101 torn=10936 cmd_age=40.3ms auth=67.9s rig_ign=750 fix_base=0
[lowlevel-sim][GT] t=29.501 quat=[0.48724, -0.52121, 0.50179, 0.48903] angvel=[0.00396, 0.00242, -0.00362] linvel=[-0.00269, -0.00025, -0.00137] z=0.1028
[lowlevel-sim][GT] t=29.551 quat=[0.48728, -0.52122, 0.50179, 0.48897] angvel=[0.00558, -0.00068, -0.00072] linvel=[-0.00305, 0.0005, 3e-05] z=0.1028
[lowlevel-sim][GT] t=29.601 quat=[0.48737, -0.52123, 0.50178, 0.48888] angvel=[0.00081, -0.00696, -0.00202] linvel=[-0.00118, -0.00168, -0.00044] z=0.1028
[lowlevel-sim][GT] t=29.651 quat=[0.48742, -0.52125, 0.5018, 0.48879] angvel=[-0.0018, -0.01661, 0.00062] linvel=[-0.00024, 0.00027, -0.00116] z=0.1028
[lowlevel-sim][GT] t=29.701 quat=[0.48751, -0.52124, 0.50175, 0.48876] angvel=[0.00691, -0.00083, 0.00056] linvel=[0.00134, -0.00113, -0.00119] z=0.1028
[lowlevel-sim][GT] t=29.751 quat=[0.48748, -0.5213, 0.50178, 0.4887] angvel=[0.00167, -0.00455, -0.0007] linvel=[0.00262, 0.0003, -0.00051] z=0.1028
[lowlevel-sim][GT] t=29.801 quat=[0.48749, -0.52129, 0.50173, 0.48875] angvel=[0.00513, 0.00748, -0.0005] linvel=[0.0017, -0.0005, -0.00111] z=0.1028
[lowlevel-sim][GT] t=29.851 quat=[0.48745, -0.52127, 0.50173, 0.48882] angvel=[0.00185, -0.00572, 0.00649] linvel=[0.00209, 0.00036, 0.00017] z=0.1028
[lowlevel-sim][GT] t=29.901 quat=[0.48737, -0.52128, 0.50176, 0.48884] angvel=[0.0036, 0.00919, 0.00258] linvel=[0.00115, -0.00122, -0.00142] z=0.1028
[lowlevel-sim][GT] t=29.951 quat=[0.48735, -0.52127, 0.50176, 0.48889] angvel=[0.00543, 0.00111, 0.00035] linvel=[-0.00053, 0.00097, 0.00038] z=0.1028
[lowlevel-sim] t=  30.00 mode=cmd        pd=20070 hold=10829 failclosed=63 rtf=0.268 base_z=+0.103 pitch=+1.521 roll=-2.787 |tau|max=  7.97 sat=0/29 knee_L=+0.255 hip_p_L=-0.100 torn=10961 cmd_age=28.7ms auth=69.8s rig_ign=750 fix_base=0
[lowlevel-sim][GT] t=30.001 quat=[0.48732, -0.52125, 0.50177, 0.48893] angvel=[0.00204, 0.00083, 0.00216] linvel=[-0.00116, -0.00132, -0.00086] z=0.1028
[lowlevel-sim][GT] t=30.051 quat=[0.48729, -0.52127, 0.50181, 0.48889] angvel=[0.00537, -0.00092, 0.01294] linvel=[-0.00167, -0.00064, -0.00145] z=0.1028
[lowlevel-sim][GT] t=30.101 quat=[0.48732, -0.52125, 0.5018, 0.48889] angvel=[0.00927, -0.00738, -0.00111] linvel=[-0.00197, 0.00045, -0.00133] z=0.1028
[lowlevel-sim][GT] t=30.151 quat=[0.48739, -0.52125, 0.50179, 0.48883] angvel=[0.00667, -0.00332, -0.00728] linvel=[0.00057, 0.00139, -0.00071] z=0.1028
[lowlevel-sim][GT] t=30.201 quat=[0.48747, -0.52124, 0.50174, 0.4888] angvel=[0.00821, -0.00321, 0.00075] linvel=[-3e-05, 0.00029, -0.00032] z=0.1028
[lowlevel-sim][GT] t=30.251 quat=[0.48748, -0.52127, 0.50175, 0.48877] angvel=[-0.00067, -0.00526, 0.00386] linvel=[0.00041, -0.00108, -0.00038] z=0.1028
[lowlevel-sim][GT] t=30.301 quat=[0.48744, -0.5213, 0.50178, 0.48874] angvel=[0.00576, 0.00079, 0.00126] linvel=[0.00022, -0.00062, -0.00058] z=0.1028
[lowlevel-sim][GT] t=30.351 quat=[0.48744, -0.5213, 0.50177, 0.48874] angvel=[-0.00885, 0.01102, -0.00357] linvel=[0.0002, 0.0007, -0.00159] z=0.1028
[lowlevel-sim][GT] t=30.401 quat=[0.48741, -0.52131, 0.50178, 0.48876] angvel=[0.00928, 0.00794, 0.00304] linvel=[0.00057, -0.00035, 0.0011] z=0.1028
[lowlevel-sim][GT] t=30.451 quat=[0.4874, -0.5213, 0.50177, 0.4888] angvel=[0.00134, 0.00464, 0.00388] linvel=[-0.00081, 0.00026, 0.00023] z=0.1028
[lowlevel-sim] t=  30.50 mode=cmd        pd=20320 hold=10829 failclosed=63 rtf=0.268 base_z=+0.103 pitch=+1.521 roll=-2.784 |tau|max=  7.96 sat=0/29 knee_L=+0.255 hip_p_L=-0.100 torn=10973 cmd_age=30.1ms auth=71.5s rig_ign=750 fix_base=0
[lowlevel-sim][GT] t=30.501 quat=[0.48737, -0.52129, 0.50178, 0.48882] angvel=[0.0065, 0.0019, -0.00416] linvel=[0.00016, -0.00052, -0.00067] z=0.1028
[lowlevel-sim][GT] t=30.551 quat=[0.48738, -0.52129, 0.50178, 0.48881] angvel=[-0.00283, 0.01085, -0.00581] linvel=[-0.00128, -0.00017, -0.00158] z=0.1028
[lowlevel-sim][GT] t=30.601 quat=[0.48737, -0.52129, 0.5018, 0.4888] angvel=[0.00689, -0.0048, -0.00265] linvel=[-0.00063, -0.00052, -0.00155] z=0.1028
[lowlevel-sim][GT] t=30.651 quat=[0.48742, -0.52128, 0.50178, 0.48878] angvel=[0.00823, 0.00081, 0.00217] linvel=[-0.00041, -0.00038, -0.0013] z=0.1028
[lowlevel-sim][GT] t=30.701 quat=[0.48743, -0.5213, 0.50179, 0.48874] angvel=[0.00749, -0.00269, 0.00118] linvel=[7e-05, -0.00101, -0.0019] z=0.1028
[lowlevel-sim][GT] t=30.751 quat=[0.48744, -0.52132, 0.50181, 0.48869] angvel=[0.00613, -0.00147, 0.00028] linvel=[0.00093, -0.00023, 0.00066] z=0.1028
[lowlevel-sim][GT] t=30.801 quat=[0.48745, -0.52131, 0.5018, 0.4887] angvel=[0.0004, 0.00253, -0.00144] linvel=[0.00148, 0.00014, 0.00051] z=0.1028
[lowlevel-sim][GT] t=30.851 quat=[0.48744, -0.5213, 0.50179, 0.48873] angvel=[0.00069, 0.0015, 0.00216] linvel=[0.00012, 0.00167, 0.00034] z=0.1028
[lowlevel-sim][GT] t=30.901 quat=[0.48743, -0.5213, 0.5018, 0.48874] angvel=[-0.00345, -0.00064, 0.00336] linvel=[-0.00017, 0.00051, 0.00124] z=0.1028
[lowlevel-sim][GT] t=30.951 quat=[0.48743, -0.52128, 0.50178, 0.48877] angvel=[0.00015, 0.00257, -0.004] linvel=[-0.00026, -6e-05, -0.00068] z=0.1028
[lowlevel-sim] t=  31.00 mode=cmd        pd=20570 hold=10829 failclosed=63 rtf=0.268 base_z=+0.103 pitch=+1.520 roll=-2.783 |tau|max=  7.98 sat=0/29 knee_L=+0.255 hip_p_L=-0.100 torn=10995 cmd_age=39.9ms auth=73.3s rig_ign=750 fix_base=0
[lowlevel-sim][GT] t=31.001 quat=[0.48741, -0.5213, 0.5018, 0.48874] angvel=[-0.01076, 0.00138, -0.00629] linvel=[-0.00016, 0.0018, 0.00216] z=0.1028
[lowlevel-sim][GT] t=31.051 quat=[0.48745, -0.52126, 0.50179, 0.48877] angvel=[0.00278, 0.01098, -0.00233] linvel=[-0.00139, -0.00025, -0.00056] z=0.1028
[lowlevel-sim][GT] t=31.101 quat=[0.48746, -0.52126, 0.50179, 0.48875] angvel=[0.00061, 0.00802, -0.01049] linvel=[-0.00131, 0.00013, 0.00018] z=0.1028
[lowlevel-sim][GT] t=31.151 quat=[0.48745, -0.52126, 0.50182, 0.48873] angvel=[0.00509, -0.00108, -0.00425] linvel=[-0.00137, 0.00039, 0.00055] z=0.1028
[lowlevel-sim][GT] t=31.201 quat=[0.4875, -0.52127, 0.50182, 0.48868] angvel=[-0.0104, 0.00346, -0.0007] linvel=[-0.00082, 0.00086, 0.00062] z=0.1028
[lowlevel-sim][GT] t=31.251 quat=[0.48752, -0.52128, 0.50182, 0.48864] angvel=[0.0118, -0.00081, 0.0035] linvel=[0.00136, -0.00126, -0.00175] z=0.1028
[lowlevel-sim][GT] t=31.301 quat=[0.48754, -0.52131, 0.5018, 0.48862] angvel=[-0.00869, 0.00529, -0.00798] linvel=[0.00168, 0.0014, 0.00119] z=0.1028
[lowlevel-sim][GT] t=31.351 quat=[0.48754, -0.5213, 0.50177, 0.48865] angvel=[0.00874, 0.02117, 0.00021] linvel=[0.00246, -0.00078, -0.00072] z=0.1028
[lowlevel-sim][GT] t=31.401 quat=[0.48748, -0.52131, 0.50178, 0.48869] angvel=[0.00761, 0.00317, 0.00739] linvel=[0.00088, -0.00131, -0.00106] z=0.1028
[lowlevel-sim][GT] t=31.451 quat=[0.48743, -0.52131, 0.50179, 0.48873] angvel=[0.00475, -0.01216, 0.00174] linvel=[0.00027, -0.00221, -0.00074] z=0.1028
[lowlevel-sim] t=  31.50 mode=cmd        pd=20820 hold=10829 failclosed=63 rtf=0.269 base_z=+0.103 pitch=+1.520 roll=-2.783 |tau|max=  7.96 sat=0/29 knee_L=+0.255 hip_p_L=-0.100 torn=11017 cmd_age=21.8ms auth=74.8s rig_ign=750 fix_base=0
[lowlevel-sim][GT] t=31.501 quat=[0.48741, -0.5213, 0.5018, 0.48875] angvel=[0.00397, 0.00205, 0.002] linvel=[-0.00073, 7e-05, 0.00027] z=0.1028
[lowlevel-sim][GT] t=31.551 quat=[0.48738, -0.52132, 0.50183, 0.48872] angvel=[0.00384, -0.00283, -0.00093] linvel=[-0.00135, -0.00011, -0.0003] z=0.1028
[lowlevel-sim][GT] t=31.601 quat=[0.48739, -0.52133, 0.50184, 0.48869] angvel=[0.00647, -0.01686, 0.00035] linvel=[-0.00059, 0.00066, -0.00057] z=0.1027
[lowlevel-sim][GT] t=31.651 quat=[0.48746, -0.52127, 0.5018, 0.48873] angvel=[-0.01021, 0.00555, -0.00081] linvel=[9e-05, 0.00067, -0.00078] z=0.1027
[lowlevel-sim][GT] t=31.701 quat=[0.48747, -0.52129, 0.50183, 0.48867] angvel=[0.00139, -0.00068, -0.00627] linvel=[-0.0004, 0.00086, -0.00091] z=0.1027
[lowlevel-sim][GT] t=31.751 quat=[0.4875, -0.5213, 0.50185, 0.48862] angvel=[-0.0017, -0.00707, 0.0068] linvel=[0.00094, 0.00034, 0.00045] z=0.1027
[lowlevel-sim][GT] t=31.801 quat=[0.48752, -0.52129, 0.50182, 0.48862] angvel=[0.00405, 0.00393, -0.00822] linvel=[0.00026, 0.00052, -0.00058] z=0.1027
[lowlevel-sim][GT] t=31.851 quat=[0.48751, -0.5213, 0.50181, 0.48864] angvel=[0.00504, 0.01602, -0.00644] linvel=[0.00073, -0.00086, -0.00119] z=0.1027
[lowlevel-sim][GT] t=31.901 quat=[0.4875, -0.5213, 0.50179, 0.48867] angvel=[-0.00659, -0.003, 0.01147] linvel=[-0.00056, 0.00217, -0.00065] z=0.1027
[lowlevel-sim][GT] t=31.951 quat=[0.48747, -0.52133, 0.50181, 0.48865] angvel=[3e-05, 0.01029, -0.00841] linvel=[9e-05, -0.0008, -0.00097] z=0.1028
[lowlevel-sim] t=  32.00 mode=cmd        pd=21070 hold=10829 failclosed=63 rtf=0.269 base_z=+0.103 pitch=+1.520 roll=-2.781 |tau|max=  7.96 sat=0/29 knee_L=+0.255 hip_p_L=-0.100 torn=11025 cmd_age=31.1ms auth=76.6s rig_ign=750 fix_base=0
[lowlevel-sim][GT] t=32.001 quat=[0.48745, -0.52134, 0.50183, 0.48864] angvel=[-0.00384, -0.0109, 0.01359] linvel=[-0.0003, -0.00068, 0.0001] z=0.1027
[lowlevel-sim][GT] t=32.051 quat=[0.48744, -0.52134, 0.50184, 0.48863] angvel=[-0.00194, 0.00067, -0.00292] linvel=[-0.00127, 0.00021, 0.00021] z=0.1027
[lowlevel-sim][GT] t=32.101 quat=[0.48747, -0.52132, 0.50182, 0.48865] angvel=[0.00956, -0.01297, -0.00086] linvel=[-0.00066, 0.00029, -0.00065] z=0.1027
[lowlevel-sim][GT] t=32.151 quat=[0.48753, -0.52129, 0.50177, 0.48867] angvel=[0.0106, 0.00181, 8e-05] linvel=[-0.00026, -0.00046, -0.00072] z=0.1027
[lowlevel-sim][GT] t=32.201 quat=[0.48748, -0.52134, 0.50181, 0.48863] angvel=[0.00768, 0.01444, 0.00183] linvel=[0.0001, -0.00032, -0.00115] z=0.1027
[lowlevel-sim][GT] t=32.251 quat=[0.48749, -0.52134, 0.50182, 0.48861] angvel=[0.00689, 0.00905, -0.0035] linvel=[-0.00053, -0.00078, -0.00085] z=0.1027
[lowlevel-sim][GT] t=32.301 quat=[0.48753, -0.52132, 0.50178, 0.48863] angvel=[0.00564, 0.00474, 1e-05] linvel=[0.00052, -0.001, -0.00016] z=0.1027
[lowlevel-sim] FAIL-CLOSED engaged at t=32.338s, last command age 85.23 ms (deadline <= 100 ms) PASS
[lowlevel-sim] COMMANDED at t=32.348s (was fail-closed)
[lowlevel-sim][GT] t=32.351 quat=[0.48664, -0.52224, 0.50266, 0.48763] angvel=[-0.30937, -0.02355, -0.01085] linvel=[-0.00096, 0.00832, -0.02184] z=0.1022
[lowlevel-sim] FAIL-CLOSED engaged at t=32.354s, last command age 85.12 ms (deadline <= 100 ms) PASS
[lowlevel-sim] COMMANDED at t=32.360s (was fail-closed)
[lowlevel-sim][GT] t=32.401 quat=[0.4858, -0.52327, 0.50358, 0.48641] angvel=[0.06067, 0.00182, -0.01025] linvel=[-0.00432, 0.00432, -0.00152] z=0.1014
[lowlevel-sim] FAIL-CLOSED engaged at t=32.423s, last command age 86.11 ms (deadline <= 100 ms) PASS
[lowlevel-sim] COMMANDED at t=32.440s (was fail-closed)
[lowlevel-sim][GT] t=32.451 quat=[0.48397, -0.52523, 0.50543, 0.4842] angvel=[-0.12868, -0.0262, -0.01033] linvel=[-0.00747, 0.01132, -0.0209] z=0.0999
[lowlevel-sim] t=  32.50 mode=cmd        pd=21336 hold=10829 failclosed=95 rtf=0.269 base_z=+0.100 pitch=+1.509 roll=-2.827 |tau|max=  8.10 sat=0/29 knee_L=+0.248 hip_p_L=-0.103 torn=11044 cmd_age=43.3ms auth=78.5s rig_ign=750 fix_base=0
[lowlevel-sim][GT] t=32.501 quat=[0.48502, -0.52433, 0.50452, 0.48508] angvel=[0.08338, 0.01, 0.01618] linvel=[-0.00114, 0.00291, 0.00079] z=0.1000
[lowlevel-sim][GT] t=32.551 quat=[0.48543, -0.52357, 0.50395, 0.48607] angvel=[0.0382, -0.00353, 0.019] linvel=[0.00667, 0.0043, -0.00026] z=0.1002
[lowlevel-sim][GT] t=32.601 quat=[0.48551, -0.52316, 0.50367, 0.48673] angvel=[0.01235, 0.00919, 0.00564] linvel=[0.00701, 0.00257, 0.00119] z=0.1003
[lowlevel-sim][GT] t=32.651 quat=[0.48543, -0.523, 0.50359, 0.48707] angvel=[-0.00066, 0.01271, -0.00667] linvel=[0.00652, 0.00239, 0.00085] z=0.1003
[lowlevel-sim][GT] t=32.701 quat=[0.48532, -0.52296, 0.50358, 0.48723] angvel=[0.01371, -0.00381, 0.00663] linvel=[0.00601, -0.00077, -0.00048] z=0.1004
[lowlevel-sim][GT] t=32.751 quat=[0.48523, -0.52295, 0.5036, 0.48731] angvel=[0.00187, -0.00184, 0.00261] linvel=[0.0062, -0.00026, 0.00015] z=0.1004
[lowlevel-sim][GT] t=32.801 quat=[0.48516, -0.52293, 0.50361, 0.48738] angvel=[-0.00012, 0.00121, 0.00412] linvel=[0.00454, 0.00027, -0.00057] z=0.1004
[lowlevel-sim][GT] t=32.851 quat=[0.48511, -0.52288, 0.50359, 0.4875] angvel=[-0.00332, 0.00703, -0.00521] linvel=[0.00116, 0.00112, 0.00052] z=0.1004
[lowlevel-sim][GT] t=32.901 quat=[0.48519, -0.52285, 0.50356, 0.48749] angvel=[0.00979, -0.00627, -0.00135] linvel=[-0.00603, 0.00023, -0.00129] z=0.1004
[lowlevel-sim][GT] t=32.951 quat=[0.48539, -0.52283, 0.50354, 0.48733] angvel=[0.00363, -0.00823, -0.00952] linvel=[-0.00741, -8e-05, -0.00106] z=0.1004
[lowlevel-sim] t=  33.00 mode=cmd        pd=21586 hold=10829 failclosed=95 rtf=0.269 base_z=+0.100 pitch=+1.514 roll=-2.830 |tau|max=  8.03 sat=0/29 knee_L=+0.255 hip_p_L=-0.098 torn=11058 cmd_age=34.2ms auth=80.4s rig_ign=750 fix_base=0
[lowlevel-sim][GT] t=33.001 quat=[0.48566, -0.52283, 0.5035, 0.4871] angvel=[-0.00142, 0.00609, -0.01612] linvel=[-0.00701, 0.00025, 0.00109] z=0.1004
[lowlevel-sim][GT] t=33.051 quat=[0.48587, -0.52286, 0.50351, 0.48686] angvel=[0.00036, -0.01874, -0.00795] linvel=[-0.00706, -0.00087, 9e-05] z=0.1004
[lowlevel-sim][GT] t=33.101 quat=[0.48605, -0.52288, 0.5035, 0.48667] angvel=[0.0071, -0.0082, -0.00504] linvel=[-0.00647, -0.00082, -0.00046] z=0.1004
[lowlevel-sim][GT] t=33.151 quat=[0.4862, -0.52286, 0.50347, 0.48657] angvel=[-0.00639, -0.01309, -0.00074] linvel=[-0.00424, 0.00259, 0.00065] z=0.1004
[lowlevel-sim][GT] t=33.201 quat=[0.48619, -0.52289, 0.50348, 0.48653] angvel=[0.00882, -0.00235, -0.00942] linvel=[0.00352, -0.00258, -0.00172] z=0.1004
[lowlevel-sim][GT] t=33.251 quat=[0.48607, -0.52295, 0.50352, 0.48654] angvel=[0.00275, 0.01472, -0.00517] linvel=[0.0066, -0.00014, 5e-05] z=0.1004
[lowlevel-sim][GT] t=33.301 quat=[0.48583, -0.52294, 0.50356, 0.48676] angvel=[0.00459, 0.01267, 0.01019] linvel=[0.00703, -0.00081, -0.00122] z=0.1004
[lowlevel-sim][GT] t=33.351 quat=[0.48567, -0.52292, 0.50357, 0.48693] angvel=[-0.00115, 0.01748, -0.0069] linvel=[0.00694, 0.00048, -0.00042] z=0.1004
[lowlevel-sim][GT] t=33.401 quat=[0.48554, -0.5229, 0.50357, 0.48707] angvel=[0.00849, 0.00121, 0.00571] linvel=[0.00561, 0.00165, -0.00026] z=0.1004
[lowlevel-sim][GT] t=33.451 quat=[0.48546, -0.52289, 0.50357, 0.48717] angvel=[0.00039, 0.00907, -0.00544] linvel=[0.00601, 6e-05, 0.00027] z=0.1004
[lowlevel-sim] t=  33.50 mode=cmd        pd=21836 hold=10829 failclosed=95 rtf=0.269 base_z=+0.100 pitch=+1.514 roll=-2.839 |tau|max=  8.03 sat=0/29 knee_L=+0.256 hip_p_L=-0.099 torn=11079 cmd_age=37.0ms auth=82.2s rig_ign=750 fix_base=0
[lowlevel-sim][GT] t=33.501 quat=[0.48539, -0.52286, 0.50358, 0.48726] angvel=[0.00532, 0.02144, -0.00312] linvel=[0.00397, -0.00016, -0.00036] z=0.1004
[lowlevel-sim][GT] t=33.551 quat=[0.48533, -0.52285, 0.5036, 0.4873] angvel=[0.00333, -0.0056, -0.00184] linvel=[0.00086, -0.00098, -0.00014] z=0.1004
[lowlevel-sim][GT] t=33.601 quat=[0.48544, -0.52278, 0.50355, 0.48732] angvel=[0.00581, -0.00491, 0.00082] linvel=[-0.00693, 0.00112, -0.00123] z=0.1005
[lowlevel-sim][GT] t=33.651 quat=[0.48562, -0.52278, 0.50357, 0.48713] angvel=[0.00864, -0.00638, -0.00927] linvel=[-0.00713, -0.00099, 0.00047] z=0.1005
[lowlevel-sim][GT] t=33.701 quat=[0.48588, -0.52279, 0.50357, 0.48686] angvel=[0.00374, -0.02791, -0.00106] linvel=[-0.00701, 0.00047, 0.00067] z=0.1005
[lowlevel-sim][GT] t=33.751 quat=[0.48614, -0.52281, 0.50355, 0.48659] angvel=[0.00932, 0.00696, -0.02474] linvel=[-0.00642, -0.00088, -0.00015] z=0.1005
[lowlevel-sim][GT] t=33.801 quat=[0.48637, -0.52281, 0.5035, 0.48642] angvel=[0.00953, 0.00193, -0.01024] linvel=[-0.00543, -0.00013, -0.00132] z=0.1004
[lowlevel-sim][GT] t=33.851 quat=[0.4865, -0.52279, 0.50346, 0.48635] angvel=[0.0006, 0.00257, 0.00117] linvel=[-0.00262, 4e-05, -0.00041] z=0.1004
[lowlevel-sim][GT] t=33.901 quat=[0.48653, -0.52281, 0.50346, 0.4863] angvel=[-0.00066, -0.0012, 7e-05] linvel=[0.00205, -0.00093, 8e-05] z=0.1004
[lowlevel-sim][GT] t=33.951 quat=[0.4864, -0.52289, 0.50353, 0.48627] angvel=[-0.00062, 0.00702, 0.00826] linvel=[0.00714, -0.00059, -0.00081] z=0.1004
[lowlevel-sim] t=  34.00 mode=cmd        pd=22086 hold=10829 failclosed=95 rtf=0.270 base_z=+0.100 pitch=+1.514 roll=-2.811 |tau|max=  8.04 sat=0/29 knee_L=+0.256 hip_p_L=-0.098 torn=11103 cmd_age=22.7ms auth=83.7s rig_ign=750 fix_base=0
[lowlevel-sim][GT] t=34.001 quat=[0.48621, -0.52286, 0.50354, 0.48649] angvel=[0.00217, 0.03805, -0.00084] linvel=[0.00766, 0.00072, 0.00079] z=0.1005
[lowlevel-sim][GT] t=34.051 quat=[0.48602, -0.52283, 0.50355, 0.48669] angvel=[-0.0092, 0.0206, 0.00404] linvel=[0.00633, 0.00017, 0.00225] z=0.1005
[lowlevel-sim][GT] t=34.101 quat=[0.48585, -0.52283, 0.50357, 0.48684] angvel=[0.00475, -0.0044, 0.01036] linvel=[0.00698, 8e-05, -0.00065] z=0.1005
[lowlevel-sim][GT] t=34.151 quat=[0.48572, -0.52281, 0.50358, 0.48698] angvel=[0.00786, -0.00193, 0.00447] linvel=[0.00642, -0.00149, -0.00106] z=0.1005
[lowlevel-sim][GT] t=34.201 quat=[0.48561, -0.52283, 0.50361, 0.48705] angvel=[0.00881, 0.01283, -0.00432] linvel=[0.00349, -3e-05, -0.00097] z=0.1005
[lowlevel-sim][GT] t=34.251 quat=[0.48554, -0.5228, 0.5036, 0.48715] angvel=[0.00715, 0.00419, 0.00235] linvel=[-0.00077, 0.00016, -0.00096] z=0.1005
[lowlevel-sim][GT] t=34.301 quat=[0.48558, -0.52274, 0.5036, 0.48718] angvel=[-0.00302, -0.00196, -0.0055] linvel=[-0.00738, -0.00087, 0.00061] z=0.1005
[lowlevel-sim][GT] t=34.351 quat=[0.48575, -0.52271, 0.50361, 0.48703] angvel=[0.00067, -0.00726, -0.01607] linvel=[-0.00695, 3e-05, -0.00045] z=0.1005
[lowlevel-sim][GT] t=34.401 quat=[0.48599, -0.5227, 0.50359, 0.48682] angvel=[-0.00366, 0.00218, -0.016] linvel=[-0.00708, 0.00052, -0.00067] z=0.1005
[lowlevel-sim][GT] t=34.451 quat=[0.48619, -0.52275, 0.5036, 0.48656] angvel=[0.00103, -0.00967, -0.00998] linvel=[-0.00621, 0.00075, 8e-05] z=0.1005
[lowlevel-sim] t=  34.50 mode=cmd        pd=22336 hold=10829 failclosed=95 rtf=0.271 base_z=+0.100 pitch=+1.514 roll=-2.808 |tau|max=  8.05 sat=0/29 knee_L=+0.255 hip_p_L=-0.098 torn=11118 cmd_age=25.1ms auth=85.2s rig_ign=750 fix_base=0
[lowlevel-sim][GT] t=34.501 quat=[0.48636, -0.52275, 0.50356, 0.48643] angvel=[-0.00959, -0.00337, -0.01027] linvel=[-0.00641, 0.00133, -0.00012] z=0.1005
[lowlevel-sim][GT] t=34.551 quat=[0.48649, -0.52279, 0.50355, 0.48627] angvel=[-3e-05, -0.01289, -0.00563] linvel=[-0.00219, 5e-05, 0.00023] z=0.1005
[lowlevel-sim][GT] t=34.601 quat=[0.4866, -0.52279, 0.50351, 0.48619] angvel=[-0.00083, -0.00186, -0.00188] linvel=[0.00284, 0.00011, 0.00013] z=0.1005
[lowlevel-sim][GT] t=34.651 quat=[0.48655, -0.52284, 0.50351, 0.48619] angvel=[-0.00326, -0.01421, 0.01792] linvel=[0.00665, 0.00096, 0.00052] z=0.1005
[lowlevel-sim][GT] t=34.701 quat=[0.48638, -0.52281, 0.50353, 0.48638] angvel=[0.00975, 0.00384, 0.0006] linvel=[0.00675, -0.00039, -0.00072] z=0.1005
[lowlevel-sim][GT] t=34.751 quat=[0.48613, -0.52283, 0.50357, 0.48656] angvel=[-0.00151, 0.00325, 0.01184] linvel=[0.00697, 0.00046, 0.00052] z=0.1005
[lowlevel-sim][GT] t=34.801 quat=[0.48599, -0.52282, 0.50357, 0.48671] angvel=[0.00268, 0.01014, 0.01047] linvel=[0.00711, -0.00062, -0.00043] z=0.1005
[lowlevel-sim][GT] t=34.851 quat=[0.48584, -0.52284, 0.50358, 0.48684] angvel=[0.0009, 0.02633, 0.00168] linvel=[0.0065, 0.00031, 0.0002] z=0.1005
[lowlevel-sim][GT] t=34.901 quat=[0.48572, -0.52284, 0.5036, 0.48693] angvel=[-0.00437, 0.01181, -0.00587] linvel=[0.00391, 0.00077, 2e-05] z=0.1005
[lowlevel-sim][GT] t=34.951 quat=[0.4857, -0.52276, 0.50359, 0.48704] angvel=[-0.00183, 0.00383, -0.00302] linvel=[-0.00047, 0.00081, 0.00044] z=0.1005
[lowlevel-sim] t=  35.00 mode=cmd        pd=22586 hold=10829 failclosed=95 rtf=0.271 base_z=+0.101 pitch=+1.514 roll=-2.830 |tau|max=  8.00 sat=0/29 knee_L=+0.255 hip_p_L=-0.099 torn=11143 cmd_age=33.9ms auth=86.8s rig_ign=750 fix_base=0
[lowlevel-sim][GT] t=35.001 quat=[0.48574, -0.52271, 0.50355, 0.48711] angvel=[0.00806, 0.00804, -0.00683] linvel=[-0.00706, -0.00012, -0.00106] z=0.1005
[lowlevel-sim][GT] t=35.051 quat=[0.48587, -0.5227, 0.50358, 0.48696] angvel=[0.00874, -0.00199, -0.00799] linvel=[-0.00692, 0.00124, -0.00169] z=0.1005
[lowlevel-sim][GT] t=35.101 quat=[0.4861, -0.52271, 0.50358, 0.48671] angvel=[-0.00284, -0.01679, -0.00472] linvel=[-0.00718, 0.0003, -3e-05] z=0.1005
[lowlevel-sim][GT] t=35.151 quat=[0.4863, -0.52274, 0.50357, 0.48649] angvel=[0.00887, -0.00186, -0.0014] linvel=[-0.00641, 0.00202, 0.00062] z=0.1005
[lowlevel-sim][GT] t=35.201 quat=[0.48646, -0.52274, 0.50354, 0.48636] angvel=[0.00734, -0.0105, -0.0066] linvel=[-0.00544, -6e-05, -0.00183] z=0.1005
[lowlevel-sim][GT] t=35.251 quat=[0.48659, -0.52277, 0.50351, 0.48623] angvel=[-0.00931, -0.01508, 0.00265] linvel=[-0.00435, 0.0017, 0.00126] z=0.1005
[lowlevel-sim][GT] t=35.301 quat=[0.48671, -0.52279, 0.50349, 0.48612] angvel=[0.00041, -0.0045, -0.00536] linvel=[0.00065, -0.00105, -0.00074] z=0.1005
[lowlevel-sim][GT] t=35.351 quat=[0.48675, -0.52283, 0.50347, 0.48605] angvel=[-0.00413, -0.00217, 0.0022] linvel=[0.00395, 0.00035, -0.00055] z=0.1005
[lowlevel-sim][GT] t=35.401 quat=[0.4867, -0.52285, 0.50346, 0.48609] angvel=[0.00424, 0.00146, 0.00881] linvel=[0.00715, -0.00098, 9e-05] z=0.1005
[lowlevel-sim][GT] t=35.451 quat=[0.48651, -0.52288, 0.50348, 0.48623] angvel=[0.00049, 0.01642, -0.00573] linvel=[0.00743, 0.00097, 3e-05] z=0.1005
[lowlevel-sim] t=  35.50 mode=cmd        pd=22836 hold=10829 failclosed=95 rtf=0.272 base_z=+0.101 pitch=+1.514 roll=-2.804 |tau|max=  8.01 sat=0/29 knee_L=+0.256 hip_p_L=-0.098 torn=11164 cmd_age=38.1ms auth=88.4s rig_ign=750 fix_base=0
[lowlevel-sim][GT] t=35.501 quat=[0.48634, -0.5229, 0.50349, 0.48636] angvel=[-0.00423, 0.00445, 0.00705] linvel=[0.00724, 0.0009, 0.0006] z=0.1005
[lowlevel-sim][GT] t=35.551 quat=[0.48621, -0.52285, 0.5035, 0.48654] angvel=[0.00302, 0.00626, 0.00198] linvel=[0.00639, 0.00115, -3e-05] z=0.1005
[lowlevel-sim][GT] t=35.601 quat=[0.48608, -0.52283, 0.50352, 0.48666] angvel=[0.00158, 0.00436, 0.00087] linvel=[0.00571, -0.00042, 0.00089] z=0.1006
[lowlevel-sim][GT] t=35.651 quat=[0.48598, -0.52283, 0.50354, 0.48674] angvel=[0.00864, -0.00089, 0.00723] linvel=[0.00316, 0.00049, -0.00088] z=0.1006
[lowlevel-sim][GT] t=35.701 quat=[0.48597, -0.52275, 0.50352, 0.48686] angvel=[0.00311, -0.00376, 0.00012] linvel=[-0.00337, -0.00079, -0.00041] z=0.1006
[lowlevel-sim][GT] t=35.751 quat=[0.48594, -0.52273, 0.50357, 0.48686] angvel=[0.00428, 0.00731, -0.00923] linvel=[-0.00659, -0.00022, -0.0005] z=0.1006
[lowlevel-sim][GT] t=35.801 quat=[0.48605, -0.52273, 0.5036, 0.48672] angvel=[0.00297, -0.01063, -0.0058] linvel=[-0.0075, -0.00047, -0.00165] z=0.1006
[lowlevel-sim][GT] t=35.851 quat=[0.48629, -0.52271, 0.50354, 0.48657] angvel=[-0.00259, -0.00191, -0.01734] linvel=[-0.00676, 0.00137, 0.0011] z=0.1006
[lowlevel-sim][GT] t=35.901 quat=[0.48648, -0.52273, 0.50349, 0.4864] angvel=[-0.00706, -0.0069, -0.00556] linvel=[-0.00627, 0.0011, 0.00123] z=0.1006
[lowlevel-sim][GT] t=35.951 quat=[0.4866, -0.52276, 0.50348, 0.48625] angvel=[0.0056, -0.00668, -0.0044] linvel=[-0.00504, -1e-05, -0.00056] z=0.1006
[lowlevel-sim] t=  36.00 mode=cmd        pd=23086 hold=10829 failclosed=95 rtf=0.272 base_z=+0.101 pitch=+1.514 roll=-2.794 |tau|max=  8.01 sat=0/29 knee_L=+0.255 hip_p_L=-0.097 torn=11192 cmd_age=29.4ms auth=90.1s rig_ign=750 fix_base=0
[lowlevel-sim][GT] t=36.001 quat=[0.48673, -0.52277, 0.50346, 0.48614] angvel=[-0.00114, -0.01798, 0.00783] linvel=[-0.00266, -0.00025, -3e-05] z=0.1006
[lowlevel-sim][GT] t=36.051 quat=[0.48681, -0.52281, 0.50347, 0.48601] angvel=[-0.00611, -0.0004, -0.00558] linvel=[0.00101, -0.00046, -0.00135] z=0.1006
[lowlevel-sim][GT] t=36.101 quat=[0.4869, -0.52283, 0.50343, 0.48594] angvel=[-0.00193, -0.00131, -0.00077] linvel=[0.00429, 0.00212, 0.00029] z=0.1006
[lowlevel-sim][GT] t=36.151 quat=[0.4869, -0.52285, 0.50341, 0.48594] angvel=[0.01315, 0.01043, 0.00155] linvel=[0.00617, -4e-05, 0.00078] z=0.1006
[lowlevel-sim][GT] t=36.201 quat=[0.48678, -0.52288, 0.50341, 0.48602] angvel=[0.00688, -0.00205, 0.01103] linvel=[0.00615, -0.0007, -0.0015] z=0.1006
[lowlevel-sim][GT] t=36.251 quat=[0.4866, -0.52287, 0.50341, 0.48621] angvel=[0.00709, 0.00232, 0.00678] linvel=[0.00673, 0.00026, -6e-05] z=0.1006
[lowlevel-sim][GT] t=36.301 quat=[0.48643, -0.5229, 0.50344, 0.48632] angvel=[0.0033, 0.00363, 0.00034] linvel=[0.00597, 0.00022, -0.00029] z=0.1006
[lowlevel-sim][GT] t=36.351 quat=[0.48629, -0.52287, 0.50344, 0.4865] angvel=[0.00671, 0.00805, -0.00277] linvel=[0.00411, -0.00045, -0.00111] z=0.1006
[lowlevel-sim][GT] t=36.401 quat=[0.48617, -0.52286, 0.50345, 0.48661] angvel=[0.00485, -0.00734, 0.01138] linvel=[0.00159, -0.00116, -0.0002] z=0.1006
[lowlevel-sim] FAIL-CLOSED engaged at t=36.427s, last command age 86.36 ms (deadline <= 100 ms) PASS
[lowlevel-sim] COMMANDED at t=36.428s (was fail-closed)
[lowlevel-sim][GT] t=36.451 quat=[0.48603, -0.52289, 0.50355, 0.48662] angvel=[-0.00205, 0.00848, 0.00567] linvel=[-0.00509, -0.00058, 0.00023] z=0.1006
[lowlevel-sim] t=  36.50 mode=cmd        pd=23337 hold=10829 failclosed=96 rtf=0.273 base_z=+0.101 pitch=+1.514 roll=-2.818 |tau|max=  7.99 sat=0/29 knee_L=+0.255 hip_p_L=-0.099 torn=11208 cmd_age=39.6ms auth=91.7s rig_ign=750 fix_base=0
[lowlevel-sim][GT] t=36.501 quat=[0.48604, -0.5228, 0.50355, 0.4867] angvel=[-0.0039, -0.02439, -0.00553] linvel=[-0.00762, 0.00135, -0.00093] z=0.1006
[lowlevel-sim][GT] t=36.551 quat=[0.48622, -0.52278, 0.50352, 0.48658] angvel=[-0.00301, -0.00951, -0.01657] linvel=[-0.00605, -0.00113, 0.00042] z=0.1006
[lowlevel-sim][GT] t=36.601 quat=[0.48643, -0.52278, 0.50349, 0.48641] angvel=[0.00159, -0.01251, -0.01026] linvel=[-0.00666, 0.00019, -0.00091] z=0.1006
[lowlevel-sim][GT] t=36.651 quat=[0.48661, -0.52281, 0.50347, 0.48621] angvel=[0.012, -0.01069, -0.01134] linvel=[-0.00463, -0.00182, -0.00038] z=0.1006
[lowlevel-sim][GT] t=36.701 quat=[0.48674, -0.52283, 0.50347, 0.48605] angvel=[-0.00157, -0.01843, 0.00586] linvel=[-0.00278, 0.00026, 0.00063] z=0.1006
[lowlevel-sim][GT] t=36.751 quat=[0.48687, -0.52284, 0.50343, 0.48596] angvel=[0.00838, -0.01803, 0.00171] linvel=[-0.0007, 0.00152, -0.00143] z=0.1006
[lowlevel-sim][GT] t=36.801 quat=[0.48692, -0.52285, 0.50341, 0.48592] angvel=[0.00334, 0.00567, -0.0022] linvel=[0.0031, -2e-05, -0.00071] z=0.1006
[lowlevel-sim][GT] t=36.851 quat=[0.48693, -0.52288, 0.50338, 0.4859] angvel=[0.00165, 0.0013, 0.00308] linvel=[0.00415, -0.00043, -0.00096] z=0.1006
[lowlevel-sim][GT] t=36.901 quat=[0.48686, -0.52293, 0.50339, 0.48591] angvel=[0.00217, 0.01066, -0.00617] linvel=[0.00391, -0.00023, -0.00014] z=0.1006
[lowlevel-sim][GT] t=36.951 quat=[0.48682, -0.52293, 0.50337, 0.48598] angvel=[0.00998, -0.00564, 0.00251] linvel=[0.00447, -0.00045, -0.00156] z=0.1006
[lowlevel-sim] t=  37.00 mode=cmd        pd=23587 hold=10829 failclosed=96 rtf=0.272 base_z=+0.101 pitch=+1.514 roll=-2.790 |tau|max=  8.00 sat=0/29 knee_L=+0.256 hip_p_L=-0.098 torn=11227 cmd_age=30.0ms auth=93.7s rig_ign=750 fix_base=0
[lowlevel-sim][GT] t=37.001 quat=[0.4867, -0.52295, 0.50338, 0.48606] angvel=[0.00017, 0.00251, -0.00213] linvel=[0.00494, 0.00019, 0.00017] z=0.1006
[lowlevel-sim][GT] t=37.051 quat=[0.48659, -0.52292, 0.50339, 0.4862] angvel=[0.00028, -0.00261, 0.00951] linvel=[0.00434, 0.00068, -0.00093] z=0.1006
[lowlevel-sim][GT] t=37.101 quat=[0.48651, -0.52291, 0.50338, 0.4863] angvel=[0.00246, 0.00389, 0.00101] linvel=[0.00085, 0.00048, -0.0004] z=0.1006
[lowlevel-sim][GT] t=37.151 quat=[0.48648, -0.52287, 0.50337, 0.48637] angvel=[0.00844, 0.02076, -0.01085] linvel=[-0.00061, 0.00112, 0.00132] z=0.1006
[lowlevel-sim][GT] t=37.201 quat=[0.48646, -0.52284, 0.50337, 0.48643] angvel=[0.01093, -0.00431, 0.0003] linvel=[-0.00364, -0.00054, -0.00102] z=0.1006
[lowlevel-sim][GT] t=37.251 quat=[0.48645, -0.52283, 0.50342, 0.4864] angvel=[0.00478, -0.00295, 0.00073] linvel=[-0.00598, 0.0001, -0.00124] z=0.1006
[lowlevel-sim][GT] t=37.301 quat=[0.48651, -0.52282, 0.50342, 0.48635] angvel=[0.00845, -0.00017, -0.00362] linvel=[-0.00693, -0.00115, -0.00165] z=0.1006
[lowlevel-sim] FAIL-CLOSED engaged at t=37.320s, last command age 91.56 ms (deadline <= 100 ms) PASS
[lowlevel-sim] COMMANDED at t=37.322s (was fail-closed)
[lowlevel-sim][GT] t=37.351 quat=[0.48645, -0.52303, 0.5036, 0.486] angvel=[-0.00436, -0.01061, 0.00087] linvel=[-0.00625, 0.0022, 0.00141] z=0.1005
[lowlevel-sim][GT] t=37.401 quat=[0.4867, -0.52295, 0.50346, 0.48598] angvel=[0.01425, -0.0061, -0.00846] linvel=[-0.00411, 0.00249, -0.00043] z=0.1005
[lowlevel-sim][GT] t=37.451 quat=[0.48686, -0.52293, 0.50337, 0.48593] angvel=[0.00201, -0.01752, 0.00329] linvel=[0.00014, 0.00206, 0.00021] z=0.1005
[lowlevel-sim] t=  37.50 mode=cmd        pd=23838 hold=10829 failclosed=98 rtf=0.273 base_z=+0.101 pitch=+1.513 roll=-2.782 |tau|max=  8.01 sat=0/29 knee_L=+0.255 hip_p_L=-0.096 torn=11244 cmd_age=37.2ms auth=95.4s rig_ign=750 fix_base=0
[lowlevel-sim][GT] t=37.501 quat=[0.48693, -0.52296, 0.50334, 0.48587] angvel=[-0.00775, -0.00619, 0.00049] linvel=[0.00489, 0.00169, 0.00024] z=0.1005
[lowlevel-sim][GT] t=37.551 quat=[0.4868, -0.523, 0.50336, 0.48593] angvel=[0.00806, 0.00502, 0.00714] linvel=[0.00652, 0.00053, 0.00103] z=0.1005
[lowlevel-sim][GT] t=37.601 quat=[0.48656, -0.52301, 0.5034, 0.48612] angvel=[0.00188, 0.01473, 0.00723] linvel=[0.00702, 0.0, -0.00032] z=0.1005
[lowlevel-sim][GT] t=37.651 quat=[0.48637, -0.52301, 0.50342, 0.48628] angvel=[0.00844, 0.00656, 0.00563] linvel=[0.00649, -0.00159, -0.00123] z=0.1005
[lowlevel-sim][GT] t=37.701 quat=[0.48621, -0.52299, 0.50343, 0.48646] angvel=[0.00555, 4e-05, 0.0062] linvel=[0.00604, 0.00291, 0.0014] z=0.1005
[lowlevel-sim][GT] t=37.751 quat=[0.48608, -0.523, 0.50345, 0.48655] angvel=[0.00627, 7e-05, -0.00287] linvel=[0.00384, -0.00041, -0.00088] z=0.1006
[lowlevel-sim][GT] t=37.801 quat=[0.48604, -0.52297, 0.50345, 0.48663] angvel=[0.00476, -0.00546, -0.00183] linvel=[-0.00205, 0.00118, -0.00033] z=0.1006
[lowlevel-sim][GT] t=37.851 quat=[0.48605, -0.52291, 0.50347, 0.48666] angvel=[-0.00264, -0.00093, -0.00486] linvel=[-0.00733, -0.00046, 0.00075] z=0.1006
[lowlevel-sim][GT] t=37.901 quat=[0.48618, -0.52286, 0.50348, 0.48657] angvel=[0.00113, -0.00965, -0.00494] linvel=[-0.00695, 0.00076, -3e-05] z=0.1006
[lowlevel-sim][GT] t=37.951 quat=[0.4864, -0.52285, 0.50345, 0.48639] angvel=[-0.00659, 0.00067, -0.00901] linvel=[-0.00701, 0.00069, 0.00189] z=0.1006
[lowlevel-sim] t=  38.00 mode=cmd        pd=24088 hold=10829 failclosed=98 rtf=0.273 base_z=+0.101 pitch=+1.514 roll=-2.799 |tau|max=  7.97 sat=0/29 knee_L=+0.255 hip_p_L=-0.098 torn=11277 cmd_age=28.6ms auth=97.0s rig_ign=750 fix_base=0
[lowlevel-sim][GT] t=38.001 quat=[0.48653, -0.52288, 0.50348, 0.4862] angvel=[0.01046, 0.00101, -0.00743] linvel=[-0.00699, -0.00201, -0.0013] z=0.1006
[lowlevel-sim][GT] t=38.051 quat=[0.48672, -0.52288, 0.50346, 0.48604] angvel=[0.00358, -0.01221, -0.00526] linvel=[-0.00535, 0.0008, -0.00089] z=0.1006
[lowlevel-sim][GT] t=38.101 quat=[0.48685, -0.52291, 0.50344, 0.48589] angvel=[0.01123, 0.01063, -0.00256] linvel=[-2e-05, -0.00039, -0.0019] z=0.1005
[lowlevel-sim][GT] t=38.151 quat=[0.48693, -0.52296, 0.5034, 0.48581] angvel=[0.00021, 0.00152, -0.00518] linvel=[0.00472, 0.00016, -0.00017] z=0.1005
[lowlevel-sim][GT] t=38.201 quat=[0.48689, -0.523, 0.5034, 0.4858] angvel=[-0.00562, 0.01545, -0.0041] linvel=[0.00696, 0.0005, 0.00105] z=0.1005
[lowlevel-sim][GT] t=38.251 quat=[0.48678, -0.52299, 0.50336, 0.48596] angvel=[0.00586, 0.01402, 0.006] linvel=[0.00798, 0.00082, -0.00069] z=0.1006
[lowlevel-sim][GT] t=38.301 quat=[0.48655, -0.52296, 0.50339, 0.48619] angvel=[0.00393, 0.01314, 0.00128] linvel=[0.00728, -0.0009, -0.0] z=0.1006
[lowlevel-sim][GT] t=38.351 quat=[0.48635, -0.52298, 0.50343, 0.48632] angvel=[0.00144, 0.01014, 0.00351] linvel=[0.00684, 5e-05, 0.00067] z=0.1006
[lowlevel-sim][GT] t=38.401 quat=[0.48622, -0.52301, 0.50345, 0.4864] angvel=[-0.00434, 0.00689, -0.0021] linvel=[0.003, 0.00169, -0.00019] z=0.1006
[lowlevel-sim][GT] t=38.451 quat=[0.48622, -0.52295, 0.50343, 0.48649] angvel=[-0.00224, 0.01623, -0.01048] linvel=[-0.0019, 0.00273, -0.00079] z=0.1006
[lowlevel-sim] t=  38.50 mode=cmd        pd=24338 hold=10829 failclosed=98 rtf=0.273 base_z=+0.101 pitch=+1.514 roll=-2.810 |tau|max=  7.95 sat=0/29 knee_L=+0.255 hip_p_L=-0.099 torn=11297 cmd_age=32.1ms auth=98.6s rig_ign=750 fix_base=0
[lowlevel-sim][GT] t=38.501 quat=[0.48618, -0.52292, 0.50347, 0.48653] angvel=[0.01002, 0.00146, 0.00112] linvel=[-0.00668, -0.00106, -0.00171] z=0.1006
[lowlevel-sim][GT] t=38.551 quat=[0.48623, -0.52288, 0.5035, 0.48648] angvel=[0.00959, 0.00094, -0.00741] linvel=[-0.00679, -0.00135, -0.00072] z=0.1006
[lowlevel-sim][GT] t=38.601 quat=[0.48645, -0.52284, 0.50345, 0.48636] angvel=[0.00391, 0.00188, -0.01448] linvel=[-0.00674, 0.0014, -0.00135] z=0.1006
[lowlevel-sim][GT] t=38.651 quat=[0.48659, -0.52286, 0.50347, 0.48617] angvel=[-0.00799, 0.00065, -0.01031] linvel=[-0.00615, 0.00064, 0.00063] z=0.1006
[lowlevel-sim][GT] t=38.701 quat=[0.48671, -0.5229, 0.50349, 0.48599] angvel=[-0.0063, -0.00561, -0.0035] linvel=[-0.00391, -0.00015, 0.0005] z=0.1006
[lowlevel-sim][GT] t=38.751 quat=[0.4869, -0.52287, 0.50342, 0.48591] angvel=[0.00063, -1e-05, -0.00577] linvel=[-0.00163, 0.00138, 0.00016] z=0.1006
[lowlevel-sim][GT] t=38.801 quat=[0.487, -0.52289, 0.5034, 0.48581] angvel=[0.00345, -0.00936, 0.00587] linvel=[0.00261, -0.00067, -0.00131] z=0.1006
[lowlevel-sim][GT] t=38.851 quat=[0.48696, -0.52297, 0.50342, 0.48574] angvel=[-0.00173, 0.00272, 0.00797] linvel=[0.0048, 0.00064, -0.00025] z=0.1006
[lowlevel-sim][GT] t=38.901 quat=[0.48693, -0.52297, 0.50338, 0.48581] angvel=[0.00145, 0.00917, -0.00355] linvel=[0.00697, 0.00041, 0.00067] z=0.1006
[lowlevel-sim][GT] t=38.951 quat=[0.48676, -0.52299, 0.50339, 0.48594] angvel=[5e-05, 0.01026, 0.00502] linvel=[0.0071, -0.00073, -0.00018] z=0.1006
[lowlevel-sim] t=  39.00 mode=cmd        pd=24588 hold=10829 failclosed=98 rtf=0.274 base_z=+0.101 pitch=+1.513 roll=-2.792 |tau|max=  7.96 sat=0/29 knee_L=+0.256 hip_p_L=-0.098 torn=11333 cmd_age=40.6ms auth=100.3s rig_ign=750 fix_base=0
[lowlevel-sim][GT] t=39.001 quat=[0.48661, -0.523, 0.5034, 0.48607] angvel=[0.00598, 0.00538, 0.0068] linvel=[0.00728, -0.00156, -0.00048] z=0.1006
[lowlevel-sim][GT] t=39.051 quat=[0.48644, -0.52302, 0.50342, 0.48621] angvel=[0.00013, 0.01682, -0.00181] linvel=[0.00553, 0.00161, 0.00051] z=0.1006
[lowlevel-sim][GT] t=39.101 quat=[0.48632, -0.523, 0.50343, 0.48634] angvel=[0.00609, 0.00136, 0.00448] linvel=[0.00296, -0.00124, -0.00067] z=0.1006
[lowlevel-sim][GT] t=39.151 quat=[0.4863, -0.52294, 0.50341, 0.48645] angvel=[0.00928, -0.00346, 0.00484] linvel=[-0.00085, -0.00036, -0.00153] z=0.1006
[lowlevel-sim][GT] t=39.201 quat=[0.48625, -0.52288, 0.50343, 0.48653] angvel=[0.00027, 0.0153, -0.00462] linvel=[-0.00641, 0.00038, -0.00031] z=0.1006
[lowlevel-sim][GT] t=39.251 quat=[0.48624, -0.52287, 0.50351, 0.48648] angvel=[-0.00117, 0.01528, -0.00997] linvel=[-0.0068, -0.00055, 0.00065] z=0.1006
[lowlevel-sim][GT] t=39.301 quat=[0.48643, -0.52284, 0.5035, 0.48633] angvel=[0.00982, -0.02273, -0.0085] linvel=[-0.00777, 0.00057, -0.00081] z=0.1006
[lowlevel-sim][GT] t=39.351 quat=[0.48662, -0.52285, 0.50349, 0.48614] angvel=[0.00092, 0.00194, -0.01017] linvel=[-0.00553, -0.00025, -0.00107] z=0.1006
[lowlevel-sim][GT] t=39.401 quat=[0.48678, -0.52286, 0.50346, 0.486] angvel=[0.00676, -0.00174, -0.00695] linvel=[-0.00505, -0.0003, -0.0002] z=0.1006
[lowlevel-sim][GT] t=39.451 quat=[0.48691, -0.52287, 0.50343, 0.48589] angvel=[-0.00237, -0.00577, -0.0077] linvel=[-0.00208, -0.00097, 0.0001] z=0.1006
[lowlevel-sim] t=  39.50 mode=cmd        pd=24838 hold=10829 failclosed=98 rtf=0.273 base_z=+0.101 pitch=+1.513 roll=-2.782 |tau|max=  7.97 sat=0/29 knee_L=+0.255 hip_p_L=-0.097 torn=11359 cmd_age=59.6ms auth=102.3s rig_ign=750 fix_base=0
[lowlevel-sim][GT] t=39.501 quat=[0.48699, -0.5229, 0.50344, 0.48576] angvel=[-0.00014, -0.00029, -0.0111] linvel=[0.00026, 0.00148, 0.00038] z=0.1006
[lowlevel-sim][GT] t=39.551 quat=[0.48704, -0.52293, 0.50342, 0.48571] angvel=[-0.0035, 0.0039, -0.0119] linvel=[0.00165, -0.00014, -3e-05] z=0.1006
[lowlevel-sim][GT] t=39.601 quat=[0.48707, -0.52293, 0.50338, 0.48571] angvel=[0.01126, -0.01038, 0.01336] linvel=[0.00302, -0.00029, -0.00122] z=0.1006
[lowlevel-sim][GT] t=39.651 quat=[0.48706, -0.52293, 0.50337, 0.48574] angvel=[-0.00175, 0.0021, 0.00087] linvel=[0.00371, 0.00033, -0.00042] z=0.1006
[lowlevel-sim][GT] t=39.701 quat=[0.48699, -0.52292, 0.50337, 0.48581] angvel=[0.00562, 0.00934, -0.00134] linvel=[0.0043, 0.00083, 0.00136] z=0.1006
[lowlevel-sim][GT] t=39.751 quat=[0.48692, -0.52296, 0.50338, 0.48583] angvel=[0.00196, 0.01198, -0.00878] linvel=[0.00496, -0.00079, -0.00046] z=0.1006
[lowlevel-sim][GT] t=39.801 quat=[0.48682, -0.52297, 0.50339, 0.48591] angvel=[0.00653, 0.00531, 0.00405] linvel=[0.0043, -0.00054, -0.00115] z=0.1006
[lowlevel-sim][GT] t=39.851 quat=[0.48672, -0.52295, 0.50341, 0.48601] angvel=[0.00299, 0.01388, -0.00184] linvel=[0.00351, 0.00069, -0.0016] z=0.1006
[lowlevel-sim][GT] t=39.901 quat=[0.48661, -0.52293, 0.50342, 0.48613] angvel=[0.00373, 0.0087, 0.00202] linvel=[0.00098, 0.00015, -0.00016] z=0.1006
[lowlevel-sim][GT] t=39.951 quat=[0.48653, -0.5229, 0.50345, 0.48621] angvel=[0.00076, -0.00534, 0.00351] linvel=[-0.00308, -0.00133, 9e-05] z=0.1006
[lowlevel-sim] t=  40.00 mode=cmd        pd=25088 hold=10829 failclosed=98 rtf=0.274 base_z=+0.101 pitch=+1.514 roll=-2.801 |tau|max=  7.93 sat=0/29 knee_L=+0.255 hip_p_L=-0.098 torn=11386 cmd_age=25.6ms auth=103.9s rig_ign=750 fix_base=0
[lowlevel-sim][GT] t=40.001 quat=[0.48646, -0.52288, 0.5035, 0.48625] angvel=[0.00261, -0.00528, 0.004] linvel=[-0.00546, -0.00032, 0.00067] z=0.1006
[lowlevel-sim][GT] t=40.051 quat=[0.4865, -0.52283, 0.50351, 0.48625] angvel=[0.00613, 0.0024, -0.0067] linvel=[-0.00622, -0.00081, -0.00014] z=0.1006
[lowlevel-sim][GT] t=40.101 quat=[0.48662, -0.52282, 0.50349, 0.48616] angvel=[-0.00118, 0.00462, -0.01363] linvel=[-0.00678, -0.00079, 0.00052] z=0.1006
[lowlevel-sim][GT] t=40.151 quat=[0.48676, -0.52285, 0.5035, 0.48598] angvel=[0.00741, -0.00581, -0.00517] linvel=[-0.00633, -0.00119, -7e-05] z=0.1006
[lowlevel-sim][GT] t=40.201 quat=[0.48691, -0.52287, 0.50347, 0.48585] angvel=[0.00954, -0.01146, 0.00246] linvel=[-0.00184, 0.00049, -0.00171] z=0.1006
[lowlevel-sim][GT] t=40.251 quat=[0.48699, -0.5229, 0.50343, 0.48577] angvel=[0.00256, -0.00558, 0.00237] linvel=[0.00341, -0.00075, -0.00101] z=0.1006
[lowlevel-sim][GT] t=40.301 quat=[0.48702, -0.52292, 0.5034, 0.48575] angvel=[0.00229, 0.00013, 0.00253] linvel=[0.00693, 0.00045, -0.00013] z=0.1006
[lowlevel-sim][GT] t=40.351 quat=[0.48692, -0.52296, 0.50339, 0.48581] angvel=[-0.00033, 0.00785, 0.0013] linvel=[0.00625, 0.00175, 0.00111] z=0.1006
[lowlevel-sim][GT] t=40.401 quat=[0.48678, -0.52293, 0.5034, 0.48598] angvel=[0.01277, 0.00777, 0.00075] linvel=[0.00714, -0.00164, -0.00095] z=0.1006
[lowlevel-sim][GT] t=40.451 quat=[0.48663, -0.52291, 0.50342, 0.48613] angvel=[0.0044, 0.00728, 0.01027] linvel=[0.00702, 0.0011, -0.00139] z=0.1006
[lowlevel-sim] t=  40.50 mode=cmd        pd=25338 hold=10829 failclosed=98 rtf=0.274 base_z=+0.101 pitch=+1.514 roll=-2.798 |tau|max=  7.93 sat=0/29 knee_L=+0.256 hip_p_L=-0.098 torn=11402 cmd_age=35.5ms auth=105.5s rig_ign=750 fix_base=0
[lowlevel-sim][GT] t=40.501 quat=[0.48652, -0.52288, 0.50344, 0.48625] angvel=[0.00946, 0.01293, -0.0088] linvel=[0.00416, -0.00063, -0.00173] z=0.1006
[lowlevel-sim][GT] t=40.551 quat=[0.48643, -0.52288, 0.50345, 0.48633] angvel=[0.00636, -0.00025, 0.01059] linvel=[-0.00093, 0.0015, -0.00022] z=0.1006
[lowlevel-sim][GT] t=40.601 quat=[0.48631, -0.52283, 0.50352, 0.48644] angvel=[0.00837, 0.01503, -0.01141] linvel=[-0.00656, -0.00194, -0.00066] z=0.1007
[lowlevel-sim][GT] t=40.651 quat=[0.48634, -0.52276, 0.50356, 0.48644] angvel=[0.00118, -0.01298, -0.00533] linvel=[-0.00658, 5e-05, -0.00041] z=0.1007
[lowlevel-sim][GT] t=40.701 quat=[0.48645, -0.52277, 0.50359, 0.48629] angvel=[0.00566, -0.01354, -0.00197] linvel=[-0.0075, -0.00062, 6e-05] z=0.1006
[lowlevel-sim][GT] t=40.751 quat=[0.48664, -0.52276, 0.50357, 0.48613] angvel=[0.00393, -0.00955, -0.00839] linvel=[-0.00679, 2e-05, 5e-05] z=0.1006
[lowlevel-sim][GT] t=40.801 quat=[0.4868, -0.52278, 0.50356, 0.48595] angvel=[8e-05, -0.0019, -0.01283] linvel=[-0.00483, 0.0009, -0.0003] z=0.1006
[lowlevel-sim][GT] t=40.851 quat=[0.48697, -0.52279, 0.50351, 0.48583] angvel=[0.00298, -0.00153, -0.00376] linvel=[-0.0014, 0.00195, 0.0003] z=0.1006
[lowlevel-sim] FAIL-CLOSED engaged at t=40.880s, last command age 85.27 ms (deadline <= 100 ms) PASS
[lowlevel-sim] COMMANDED at t=40.882s (was fail-closed)
[lowlevel-sim][GT] t=40.901 quat=[0.48687, -0.52301, 0.50367, 0.48552] angvel=[0.00127, -0.0111, 0.00239] linvel=[0.00458, -0.00119, -0.00071] z=0.1005
[lowlevel-sim][GT] t=40.951 quat=[0.48694, -0.52298, 0.50359, 0.48557] angvel=[0.01659, -0.00095, 0.00427] linvel=[0.0065, 0.00123, -0.00246] z=0.1006
[lowlevel-sim] t=  41.00 mode=cmd        pd=25588 hold=10829 failclosed=99 rtf=0.275 base_z=+0.101 pitch=+1.513 roll=-2.786 |tau|max=  7.92 sat=0/29 knee_L=+0.255 hip_p_L=-0.097 torn=11432 cmd_age=26.8ms auth=107.0s rig_ign=750 fix_base=0
[lowlevel-sim][GT] t=41.001 quat=[0.4869, -0.52288, 0.50351, 0.4858] angvel=[0.00324, 0.01467, 0.00156] linvel=[0.00678, 0.00141, -0.00022] z=0.1006
[lowlevel-sim][GT] t=41.051 quat=[0.48669, -0.52286, 0.50354, 0.486] angvel=[-0.0037, 0.01721, 0.00427] linvel=[0.00755, 0.00082, 0.00138] z=0.1006
[lowlevel-sim][GT] t=41.101 quat=[0.48647, -0.52289, 0.50357, 0.48616] angvel=[-0.00128, -0.00607, 0.01907] linvel=[0.00556, 0.00011, -0.0009] z=0.1006
[lowlevel-sim][GT] t=41.151 quat=[0.48633, -0.52287, 0.50359, 0.4863] angvel=[-0.00905, 0.00116, -0.00426] linvel=[0.00152, 0.00042, 0.00179] z=0.1006
[lowlevel-sim][GT] t=41.201 quat=[0.48625, -0.52284, 0.50361, 0.48639] angvel=[0.00656, -0.00568, 0.00342] linvel=[-0.00527, -0.00061, -0.00068] z=0.1006
[lowlevel-sim][GT] t=41.251 quat=[0.48626, -0.52277, 0.50362, 0.48645] angvel=[-0.00175, -0.00631, -0.00329] linvel=[-0.00653, 0.00046, 0.00022] z=0.1006
[lowlevel-sim][GT] t=41.301 quat=[0.48635, -0.52277, 0.50363, 0.48634] angvel=[-0.00028, 0.00375, -0.01513] linvel=[-0.00718, 0.00105, -0.00173] z=0.1006
[lowlevel-sim][GT] t=41.351 quat=[0.48652, -0.52278, 0.50363, 0.48616] angvel=[-0.00146, -0.01556, -0.01005] linvel=[-0.00739, 0.00075, -0.00046] z=0.1006
[lowlevel-sim][GT] t=41.401 quat=[0.4867, -0.5228, 0.50361, 0.486] angvel=[0.01189, -0.01299, -0.00893] linvel=[-0.00663, 0.00071, -0.00143] z=0.1006
[lowlevel-sim][GT] t=41.451 quat=[0.48683, -0.52281, 0.50361, 0.48585] angvel=[0.00232, -0.00379, 0.00308] linvel=[-0.00301, -0.00138, -0.00091] z=0.1006
[lowlevel-sim] t=  41.50 mode=cmd        pd=25838 hold=10829 failclosed=99 rtf=0.275 base_z=+0.101 pitch=+1.513 roll=-2.788 |tau|max=  7.94 sat=0/29 knee_L=+0.255 hip_p_L=-0.097 torn=11456 cmd_age=31.1ms auth=108.6s rig_ign=750 fix_base=0
[lowlevel-sim][GT] t=41.501 quat=[0.48691, -0.52283, 0.5036, 0.48575] angvel=[-0.00255, 0.00833, -0.00798] linvel=[0.00232, 0.00038, 0.00027] z=0.1006
[lowlevel-sim][GT] t=41.551 quat=[0.48693, -0.52288, 0.50357, 0.4857] angvel=[0.00017, 0.00547, -0.00613] linvel=[0.00742, -0.00051, -0.00035] z=0.1006
[lowlevel-sim] FAIL-CLOSED engaged at t=41.580s, last command age 93.85 ms (deadline <= 100 ms) PASS
[lowlevel-sim] COMMANDED at t=41.584s (was fail-closed)
[lowlevel-sim][GT] t=41.601 quat=[0.48638, -0.52337, 0.50403, 0.48525] angvel=[0.01284, -0.01274, 0.00898] linvel=[0.00681, -0.00224, -0.00102] z=0.1004
[lowlevel-sim][GT] t=41.651 quat=[0.48641, -0.52319, 0.50388, 0.48558] angvel=[0.01055, 0.01635, 0.00665] linvel=[0.00666, 0.00193, -0.00018] z=0.1004
[lowlevel-sim][GT] t=41.701 quat=[0.4863, -0.52304, 0.50379, 0.48594] angvel=[0.00433, 0.01547, 0.00696] linvel=[0.00713, 0.00062, -9e-05] z=0.1004
[lowlevel-sim][GT] t=41.751 quat=[0.48611, -0.52296, 0.50377, 0.48624] angvel=[0.0104, 0.00953, -0.00152] linvel=[0.00648, 0.00072, -0.00119] z=0.1004
[lowlevel-sim][GT] t=41.801 quat=[0.486, -0.52294, 0.50378, 0.48636] angvel=[0.00561, -0.00399, 0.00279] linvel=[0.00395, -0.00047, 0.00016] z=0.1005
[lowlevel-sim][GT] t=41.851 quat=[0.48591, -0.52298, 0.50379, 0.4864] angvel=[0.00117, -0.00036, 0.00183] linvel=[8e-05, -0.0002, 1e-05] z=0.1005
[lowlevel-sim][GT] t=41.901 quat=[0.48589, -0.52295, 0.5038, 0.48644] angvel=[0.00713, 0.00398, -0.0011] linvel=[-0.00506, 0.00021, -0.00147] z=0.1005
[lowlevel-sim][GT] t=41.951 quat=[0.48595, -0.52288, 0.50382, 0.48643] angvel=[-0.00378, -0.00327, -0.00145] linvel=[-0.00737, 0.00074, 0.00167] z=0.1005
[lowlevel-sim] t=  42.00 mode=cmd        pd=26089 hold=10829 failclosed=102 rtf=0.275 base_z=+0.100 pitch=+1.513 roll=-2.816 |tau|max=  7.92 sat=0/29 knee_L=+0.255 hip_p_L=-0.099 torn=11474 cmd_age=41.6ms auth=110.2s rig_ign=750 fix_base=0
[lowlevel-sim][GT] t=42.001 quat=[0.48613, -0.52285, 0.50382, 0.48627] angvel=[-0.00015, 0.00601, -0.01533] linvel=[-0.00636, -0.0013, -0.00036] z=0.1005
[lowlevel-sim][GT] t=42.051 quat=[0.48631, -0.52288, 0.50382, 0.48607] angvel=[0.00553, -0.01584, -0.0016] linvel=[-0.007, -0.00057, -0.0014] z=0.1005
[lowlevel-sim][GT] t=42.101 quat=[0.48648, -0.52287, 0.50381, 0.48593] angvel=[0.00491, -0.00083, -0.0106] linvel=[-0.00555, 0.00021, -0.001] z=0.1005
[lowlevel-sim][GT] t=42.151 quat=[0.48665, -0.52286, 0.50377, 0.4858] angvel=[-0.01938, -0.00829, -0.00995] linvel=[-0.00308, 0.00073, 5e-05] z=0.1005
[lowlevel-sim][GT] t=42.201 quat=[0.48678, -0.52289, 0.50375, 0.48567] angvel=[-0.00181, -0.02683, 0.00598] linvel=[2e-05, 0.00039, 0.0008] z=0.1004
[lowlevel-sim][GT] t=42.251 quat=[0.48683, -0.52292, 0.50373, 0.48559] angvel=[-0.00231, 0.00467, -0.00545] linvel=[0.00298, 0.00198, -0.00026] z=0.1004
[lowlevel-sim][GT] t=42.301 quat=[0.48685, -0.52296, 0.5037, 0.48558] angvel=[-0.00012, -0.00949, 0.01345] linvel=[0.00437, 0.00197, 0.00127] z=0.1004
[lowlevel-sim][GT] t=42.351 quat=[0.4868, -0.52298, 0.50368, 0.48562] angvel=[-0.0016, 0.01493, -0.00207] linvel=[0.00685, -0.0004, 0.00028] z=0.1004
[lowlevel-sim][GT] t=42.401 quat=[0.4866, -0.52304, 0.50374, 0.48569] angvel=[0.00726, 0.01028, -0.00282] linvel=[0.00634, -9e-05, -0.00151] z=0.1004
[lowlevel-sim][GT] t=42.451 quat=[0.48643, -0.52301, 0.50374, 0.48589] angvel=[0.00333, 0.01173, -0.00235] linvel=[0.00577, 0.0017, 0.00021] z=0.1005
[lowlevel-sim] t=  42.50 mode=cmd        pd=26339 hold=10829 failclosed=102 rtf=0.276 base_z=+0.100 pitch=+1.513 roll=-2.807 |tau|max=  7.90 sat=0/29 knee_L=+0.256 hip_p_L=-0.099 torn=11506 cmd_age=26.9ms auth=112.0s rig_ign=750 fix_base=0
[lowlevel-sim][GT] t=42.501 quat=[0.48631, -0.52298, 0.50375, 0.48604] angvel=[-0.00335, 0.0097, 0.00305] linvel=[0.00573, 0.0012, 0.00064] z=0.1005
[lowlevel-sim][GT] t=42.551 quat=[0.48618, -0.52298, 0.50375, 0.48616] angvel=[0.00391, 0.00734, 0.0021] linvel=[0.00251, 0.00066, -0.00026] z=0.1005
[lowlevel-sim][GT] t=42.601 quat=[0.48614, -0.52294, 0.50374, 0.48627] angvel=[0.0003, -0.0019, 0.00194] linvel=[-0.00039, 0.00055, -0.00089] z=0.1005
[lowlevel-sim][GT] t=42.651 quat=[0.4861, -0.52288, 0.50376, 0.48635] angvel=[0.00079, 0.00347, 0.00111] linvel=[-0.0061, -0.00033, 1e-05] z=0.1005
[lowlevel-sim][GT] t=42.701 quat=[0.4861, -0.52286, 0.50382, 0.4863] angvel=[0.00203, 0.00611, -0.00754] linvel=[-0.00705, -0.00139, -0.00063] z=0.1005
[lowlevel-sim][GT] t=42.751 quat=[0.48623, -0.52284, 0.50386, 0.48616] angvel=[0.00474, -0.0201, -0.00062] linvel=[-0.00716, 0.00151, -0.0001] z=0.1005
[lowlevel-sim][GT] t=42.801 quat=[0.4864, -0.52283, 0.50381, 0.48603] angvel=[0.00517, -0.01009, -0.00209] linvel=[-0.00644, 0.00226, -0.00098] z=0.1005
[lowlevel-sim][GT] t=42.851 quat=[0.48655, -0.52284, 0.5038, 0.48591] angvel=[0.00077, -0.01457, -0.00119] linvel=[-0.00676, -0.00088, -0.00019] z=0.1005
[lowlevel-sim][GT] t=42.901 quat=[0.48668, -0.52286, 0.50379, 0.48575] angvel=[0.00545, -0.00056, -0.01208] linvel=[-0.00285, -0.00049, -0.00031] z=0.1005
[lowlevel-sim][GT] t=42.951 quat=[0.48682, -0.5229, 0.50376, 0.48559] angvel=[0.00321, -0.00549, -0.00366] linvel=[0.0013, 6e-05, 0.0009] z=0.1005
[lowlevel-sim] t=  43.00 mode=cmd        pd=26589 hold=10829 failclosed=102 rtf=0.276 base_z=+0.100 pitch=+1.513 roll=-2.788 |tau|max=  7.92 sat=0/29 knee_L=+0.255 hip_p_L=-0.097 torn=11529 cmd_age=45.9ms auth=113.5s rig_ign=750 fix_base=0
[lowlevel-sim][GT] t=43.001 quat=[0.4869, -0.5229, 0.50373, 0.48555] angvel=[0.00151, -0.00321, -0.00018] linvel=[0.00505, 0.00147, -8e-05] z=0.1005
[lowlevel-sim][GT] t=43.051 quat=[0.48689, -0.52292, 0.50371, 0.48556] angvel=[0.00879, -0.00049, 0.00053] linvel=[0.00655, -0.0007, -0.00128] z=0.1005
[lowlevel-sim][GT] t=43.101 quat=[0.48675, -0.52297, 0.50374, 0.48562] angvel=[0.00932, 0.03515, -0.00243] linvel=[0.00708, -0.00053, -0.00152] z=0.1005
[lowlevel-sim][GT] t=43.151 quat=[0.48664, -0.52292, 0.50371, 0.48581] angvel=[0.00093, 0.00365, 0.00638] linvel=[0.00671, 0.00185, -6e-05] z=0.1005
[lowlevel-sim][GT] t=43.201 quat=[0.48649, -0.52293, 0.50373, 0.48593] angvel=[-0.00199, 0.0135, -0.00243] linvel=[0.00558, -0.00091, -0.00029] z=0.1005
[lowlevel-sim][GT] t=43.251 quat=[0.48638, -0.52292, 0.50375, 0.48604] angvel=[0.01709, 0.00585, 0.00767] linvel=[0.00255, -0.00086, -0.00037] z=0.1005
[lowlevel-sim][GT] t=43.301 quat=[0.48625, -0.52291, 0.5038, 0.48612] angvel=[0.00655, 0.01736, 0.00263] linvel=[-0.00171, -0.00184, -0.00168] z=0.1005
[lowlevel-sim][GT] t=43.351 quat=[0.4862, -0.52284, 0.50384, 0.48621] angvel=[0.00329, 0.00174, 0.00132] linvel=[-0.00571, 0.0008, -0.00045] z=0.1005
[lowlevel-sim][GT] t=43.401 quat=[0.48622, -0.5228, 0.50384, 0.48623] angvel=[0.00433, 0.01031, -0.01177] linvel=[-0.00566, -0.001, -0.0012] z=0.1005
[lowlevel-sim][GT] t=43.451 quat=[0.48634, -0.52278, 0.50383, 0.48613] angvel=[0.00616, 0.0087, -0.01117] linvel=[-0.00666, 0.00046, -0.00033] z=0.1005
[lowlevel-sim] FAIL-CLOSED engaged at t=43.460s, last command age 86.51 ms (deadline <= 100 ms) PASS
[lowlevel-sim] COMMANDED at t=43.476s (was fail-closed)
[lowlevel-sim] t=  43.50 mode=cmd        pd=26847 hold=10829 failclosed=118 rtf=0.276 base_z=+0.099 pitch=+1.505 roll=-2.865 |tau|max=  7.99 sat=0/29 knee_L=+0.247 hip_p_L=-0.106 torn=11553 cmd_age=50.6ms auth=115.2s rig_ign=750 fix_base=0
[lowlevel-sim][GT] t=43.501 quat=[0.48382, -0.52493, 0.50618, 0.48389] angvel=[0.06168, 0.01375, 0.00799] linvel=[-0.00491, 0.00354, 0.00045] z=0.0992
[lowlevel-sim][GT] t=43.551 quat=[0.48431, -0.52409, 0.50549, 0.48503] angvel=[0.05252, 0.01531, 0.02798] linvel=[0.00628, 0.00249, -0.00056] z=0.0994
[lowlevel-sim][GT] t=43.601 quat=[0.4844, -0.52355, 0.50512, 0.4859] angvel=[0.02182, 0.00447, 0.01325] linvel=[0.00503, 0.00339, 0.00041] z=0.0996
[lowlevel-sim][GT] t=43.651 quat=[0.48438, -0.52331, 0.50498, 0.48633] angvel=[0.00534, 0.00888, 0.00653] linvel=[0.00691, 0.00184, 0.00032] z=0.0996
[lowlevel-sim][GT] t=43.701 quat=[0.48434, -0.52322, 0.50495, 0.4865] angvel=[0.00262, -0.00716, 0.0036] linvel=[0.00651, 0.0, -0.00046] z=0.0996
[lowlevel-sim][GT] t=43.751 quat=[0.48428, -0.52321, 0.50495, 0.48656] angvel=[0.01163, 0.00044, -0.01003] linvel=[0.00567, 0.00155, -0.00102] z=0.0997
[lowlevel-sim][GT] t=43.801 quat=[0.48427, -0.52317, 0.50493, 0.48664] angvel=[0.00272, 0.00752, -0.00591] linvel=[0.00475, 0.00179, 0.00068] z=0.0997
[lowlevel-sim][GT] t=43.851 quat=[0.48423, -0.52316, 0.50494, 0.48668] angvel=[0.00453, 0.00215, -0.00279] linvel=[0.00295, -0.00019, 0.00024] z=0.0997
[lowlevel-sim][GT] t=43.901 quat=[0.48424, -0.5231, 0.50492, 0.48676] angvel=[-0.00162, -0.01219, 0.00214] linvel=[-0.00022, 0.00101, 0.00054] z=0.0997
[lowlevel-sim][GT] t=43.951 quat=[0.48432, -0.52308, 0.50489, 0.48673] angvel=[0.00195, -0.02229, 0.0068] linvel=[-0.00415, 0.00125, -0.00069] z=0.0997
[lowlevel-sim] t=  44.00 mode=cmd        pd=27097 hold=10829 failclosed=118 rtf=0.277 base_z=+0.100 pitch=+1.512 roll=-2.877 |tau|max=  7.88 sat=0/29 knee_L=+0.255 hip_p_L=-0.100 torn=11578 cmd_age=47.7ms auth=116.6s rig_ign=750 fix_base=0
[lowlevel-sim][GT] t=44.001 quat=[0.4845, -0.52303, 0.50485, 0.48665] angvel=[0.01425, -0.00732, -0.00869] linvel=[-0.00712, 0.00092, -0.00139] z=0.0997
[lowlevel-sim][GT] t=44.051 quat=[0.48471, -0.52303, 0.50484, 0.48645] angvel=[0.00808, -0.02632, -0.00853] linvel=[-0.00747, 0.00029, -0.0012] z=0.0997
[lowlevel-sim][GT] t=44.101 quat=[0.4849, -0.52306, 0.50486, 0.48621] angvel=[0.01019, -0.00537, -0.0096] linvel=[-0.00637, 0.00032, -0.00148] z=0.0997
[lowlevel-sim][GT] t=44.151 quat=[0.48507, -0.52305, 0.50483, 0.48608] angvel=[0.00534, -0.02798, 3e-05] linvel=[-0.00486, -0.00012, 4e-05] z=0.0997
[lowlevel-sim][GT] t=44.201 quat=[0.48517, -0.52307, 0.50483, 0.48596] angvel=[-0.00297, 0.00629, -0.01713] linvel=[-0.00378, -0.00026, 0.00059] z=0.0997
[lowlevel-sim][GT] t=44.251 quat=[0.48523, -0.52307, 0.50483, 0.4859] angvel=[-0.00738, -0.00593, -0.00212] linvel=[-0.00277, 0.00116, 0.00126] z=0.0997
[lowlevel-sim][GT] t=44.301 quat=[0.4853, -0.52307, 0.50481, 0.48585] angvel=[0.00098, -0.00488, 0.00376] linvel=[0.00154, 0.00037, -8e-05] z=0.0997
[lowlevel-sim][GT] t=44.351 quat=[0.48519, -0.52318, 0.50485, 0.4858] angvel=[-0.00728, 0.01131, 0.01045] linvel=[0.00731, -0.00167, -0.00132] z=0.0997
[lowlevel-sim][GT] t=44.401 quat=[0.48501, -0.52319, 0.50486, 0.48595] angvel=[-0.0043, 0.02596, -0.00467] linvel=[0.00648, 0.00248, 0.0005] z=0.0997
[lowlevel-sim][GT] t=44.451 quat=[0.48486, -0.52312, 0.50485, 0.48619] angvel=[-0.00745, 0.01536, 0.00976] linvel=[0.00676, 0.00159, 0.00083] z=0.0998
[lowlevel-sim] t=  44.50 mode=cmd        pd=27347 hold=10829 failclosed=118 rtf=0.277 base_z=+0.100 pitch=+1.511 roll=-2.867 |tau|max=  7.89 sat=0/29 knee_L=+0.256 hip_p_L=-0.101 torn=11607 cmd_age=25.4ms auth=118.2s rig_ign=750 fix_base=0
[lowlevel-sim][GT] t=44.501 quat=[0.48471, -0.52313, 0.50487, 0.48631] angvel=[0.01014, 0.01223, 0.00161] linvel=[0.00713, -0.00067, -0.00163] z=0.0998
[lowlevel-sim][GT] t=44.551 quat=[0.4846, -0.52309, 0.50487, 0.48646] angvel=[-0.00125, 0.01052, 0.00565] linvel=[0.00731, -1e-05, -9e-05] z=0.0998
[lowlevel-sim][GT] t=44.601 quat=[0.48451, -0.52307, 0.50488, 0.48656] angvel=[0.0055, 0.00528, 0.00421] linvel=[0.00673, 0.0004, -0.00054] z=0.0998
[lowlevel-sim][GT] t=44.651 quat=[0.48445, -0.52307, 0.50489, 0.48661] angvel=[0.00685, -0.0076, 0.00364] linvel=[0.00292, -0.00065, -0.00066] z=0.0998
[lowlevel-sim][GT] t=44.701 quat=[0.48448, -0.52301, 0.50488, 0.48666] angvel=[0.00333, -0.00084, -0.0016] linvel=[-0.00161, -0.00107, -0.00043] z=0.0998
[lowlevel-sim][GT] t=44.751 quat=[0.48466, -0.52295, 0.50483, 0.48659] angvel=[-0.00232, -0.00663, -0.00902] linvel=[-0.00679, 0.00015, 0.00016] z=0.0998
[lowlevel-sim][GT] t=44.801 quat=[0.48489, -0.52296, 0.50482, 0.48636] angvel=[0.01363, 0.01138, -0.00109] linvel=[-0.00644, -0.00125, -0.00239] z=0.0998
[lowlevel-sim][GT] t=44.851 quat=[0.48515, -0.52298, 0.50482, 0.48609] angvel=[0.00549, 0.00111, -0.01339] linvel=[-0.0075, 0.0004, -0.00038] z=0.0998
[lowlevel-sim][GT] t=44.901 quat=[0.48534, -0.52297, 0.50478, 0.48595] angvel=[-0.0053, -0.01607, 0.00503] linvel=[-0.00589, -0.00021, 0.00094] z=0.0998
[lowlevel-sim][GT] t=44.951 quat=[0.48549, -0.52299, 0.50477, 0.48579] angvel=[0.00113, 0.00384, -0.00363] linvel=[-0.00504, -0.00068, -0.00078] z=0.0998
[lowlevel-sim] t=  45.00 mode=cmd        pd=27597 hold=10829 failclosed=118 rtf=0.278 base_z=+0.100 pitch=+1.511 roll=-2.840 |tau|max=  7.91 sat=0/29 knee_L=+0.255 hip_p_L=-0.099 torn=11626 cmd_age=33.6ms auth=119.8s rig_ign=750 fix_base=0
[lowlevel-sim][GT] t=45.001 quat=[0.48559, -0.52298, 0.50476, 0.4857] angvel=[0.00994, 0.00351, -0.0122] linvel=[-0.00198, -0.0012, -0.0009] z=0.0998
[lowlevel-sim][GT] t=45.051 quat=[0.48556, -0.52305, 0.50481, 0.4856] angvel=[-0.00394, 0.00555, -0.00469] linvel=[0.00369, -0.00083, 0.00016] z=0.0998
[lowlevel-sim][GT] t=45.101 quat=[0.48543, -0.52306, 0.50483, 0.48571] angvel=[0.00525, -0.00158, 0.01415] linvel=[0.00663, 0.00163, 0.00179] z=0.0998
[lowlevel-sim][GT] t=45.151 quat=[0.48522, -0.52304, 0.50483, 0.48594] angvel=[-0.00067, 0.01508, 0.01124] linvel=[0.00586, 0.00149, 0.00213] z=0.0998
[lowlevel-sim][GT] t=45.201 quat=[0.48506, -0.52302, 0.50483, 0.48613] angvel=[-0.00364, 0.03503, -0.01571] linvel=[0.00727, 0.00048, 0.00135] z=0.0998
[lowlevel-sim][GT] t=45.251 quat=[0.48495, -0.52299, 0.50483, 0.48626] angvel=[-0.00227, -0.00273, 0.00742] linvel=[0.00666, 0.00148, 0.00054] z=0.0999
[lowlevel-sim][GT] t=45.301 quat=[0.48487, -0.52298, 0.50486, 0.48633] angvel=[0.00333, -0.00105, 0.00495] linvel=[0.00648, -0.00074, -0.00041] z=0.0999
[lowlevel-sim][GT] t=45.351 quat=[0.48481, -0.52296, 0.50486, 0.48641] angvel=[0.00459, -0.00547, 0.00171] linvel=[0.005, 0.00046, -0.00076] z=0.0999
[lowlevel-sim] FAIL-CLOSED engaged at t=45.364s, last command age 85.14 ms (deadline <= 100 ms) PASS
[lowlevel-sim] COMMANDED at t=45.370s (was fail-closed)
[lowlevel-sim][GT] t=45.401 quat=[0.484, -0.52356, 0.50554, 0.48586] angvel=[0.02942, 0.01003, -0.00402] linvel=[0.00276, 0.00177, 5e-05] z=0.0996
[lowlevel-sim][GT] t=45.451 quat=[0.48412, -0.52325, 0.50535, 0.48627] angvel=[0.01864, 0.00268, 0.00272] linvel=[0.00674, 0.00169, -0.00107] z=0.0997
[lowlevel-sim] t=  45.50 mode=cmd        pd=27850 hold=10829 failclosed=124 rtf=0.278 base_z=+0.100 pitch=+1.511 roll=-2.891 |tau|max=  7.83 sat=0/29 knee_L=+0.255 hip_p_L=-0.102 torn=11648 cmd_age=19.3ms auth=121.4s rig_ign=750 fix_base=0
[lowlevel-sim][GT] t=45.501 quat=[0.48414, -0.52305, 0.50526, 0.48656] angvel=[0.01524, 0.007, 0.00355] linvel=[0.00534, 0.00034, -0.00039] z=0.0997
[lowlevel-sim][GT] t=45.551 quat=[0.48415, -0.52294, 0.50522, 0.4867] angvel=[7e-05, -0.01156, 0.01152] linvel=[0.00283, 0.00195, 0.00029] z=0.0997
[lowlevel-sim][GT] t=45.601 quat=[0.48419, -0.52288, 0.50518, 0.48678] angvel=[1e-05, 0.00276, -0.00459] linvel=[-0.00466, 0.00153, -0.00013] z=0.0997
[lowlevel-sim][GT] t=45.651 quat=[0.48445, -0.52283, 0.50512, 0.48663] angvel=[0.0033, -0.00296, -0.01985] linvel=[-0.00735, 0.00106, -0.00077] z=0.0997
[lowlevel-sim][GT] t=45.701 quat=[0.48479, -0.52286, 0.50512, 0.48626] angvel=[-0.00865, -0.01866, -0.01409] linvel=[-0.00591, 0.00093, 0.00131] z=0.0997
[lowlevel-sim][GT] t=45.751 quat=[0.48502, -0.52284, 0.5051, 0.48607] angvel=[0.013, -0.00972, -0.00627] linvel=[-0.00652, -0.00121, -0.0016] z=0.0997
[lowlevel-sim][GT] t=45.801 quat=[0.48525, -0.52285, 0.50508, 0.48586] angvel=[0.00387, -0.00525, 0.00088] linvel=[-0.00719, -0.00093, -0.00067] z=0.0997
[lowlevel-sim][GT] t=45.851 quat=[0.48541, -0.52286, 0.50508, 0.48569] angvel=[0.00195, -0.01182, 0.00186] linvel=[-0.00607, 0.00288, 0.00013] z=0.0997
[lowlevel-sim][GT] t=45.901 quat=[0.48549, -0.52287, 0.50505, 0.48563] angvel=[0.00036, -0.00787, -0.00698] linvel=[-0.00292, -0.00026, -0.00062] z=0.0997
[lowlevel-sim][GT] t=45.951 quat=[0.48556, -0.52288, 0.50503, 0.48556] angvel=[0.00158, -0.00562, -0.0026] linvel=[0.00032, -0.00021, -0.00079] z=0.0997
[lowlevel-sim] t=  46.00 mode=cmd        pd=28100 hold=10829 failclosed=124 rtf=0.278 base_z=+0.100 pitch=+1.511 roll=-2.846 |tau|max=  7.88 sat=0/29 knee_L=+0.255 hip_p_L=-0.099 torn=11675 cmd_age=29.4ms auth=123.0s rig_ign=750 fix_base=0
[lowlevel-sim][GT] t=46.001 quat=[0.4855, -0.52296, 0.50507, 0.4855] angvel=[0.00012, 0.00359, 0.00755] linvel=[0.00611, -0.00099, 0.00012] z=0.0997
[lowlevel-sim][GT] t=46.051 quat=[0.48532, -0.52297, 0.50509, 0.48564] angvel=[0.00455, 0.00356, 0.01108] linvel=[0.00708, 0.00016, -0.00017] z=0.0997
[lowlevel-sim][GT] t=46.101 quat=[0.48509, -0.52294, 0.50509, 0.4859] angvel=[0.0039, 0.00669, 0.00364] linvel=[0.00647, 0.00115, -0.00091] z=0.0997
[lowlevel-sim][GT] t=46.151 quat=[0.48494, -0.52292, 0.50511, 0.48607] angvel=[-0.00056, 0.00229, 0.00156] linvel=[0.00682, -0.00063, 0.00022] z=0.0997
[lowlevel-sim][GT] t=46.201 quat=[0.48482, -0.52293, 0.50511, 0.48616] angvel=[0.00694, 0.00448, 0.00433] linvel=[0.00527, -0.00082, -0.00099] z=0.0998
[lowlevel-sim][GT] t=46.251 quat=[0.48473, -0.52288, 0.5051, 0.48632] angvel=[0.01415, 0.00073, 0.00446] linvel=[0.00658, -0.0003, -0.00128] z=0.0998
[lowlevel-sim][GT] t=46.301 quat=[0.48465, -0.5229, 0.50511, 0.48637] angvel=[0.00868, 0.00338, -0.00045] linvel=[0.0025, -0.00015, -0.00074] z=0.0998
[lowlevel-sim][GT] t=46.351 quat=[0.48466, -0.52287, 0.5051, 0.48641] angvel=[0.00265, -0.01054, 0.0094] linvel=[-0.00317, 0.00047, 6e-05] z=0.0998
[lowlevel-sim][GT] t=46.401 quat=[0.48486, -0.52281, 0.50504, 0.48633] angvel=[-0.00232, -0.0275, -0.00359] linvel=[-0.00698, 0.00106, 0.00071] z=0.0998
[lowlevel-sim][GT] t=46.451 quat=[0.48516, -0.52282, 0.50502, 0.48604] angvel=[0.00506, -0.0147, -0.01037] linvel=[-0.00729, -0.0018, -0.00041] z=0.0998
[lowlevel-sim] t=  46.50 mode=cmd        pd=28350 hold=10829 failclosed=124 rtf=0.279 base_z=+0.100 pitch=+1.511 roll=-2.850 |tau|max=  7.84 sat=0/29 knee_L=+0.255 hip_p_L=-0.099 torn=11699 cmd_age=21.3ms auth=124.5s rig_ign=750 fix_base=0
[lowlevel-sim][GT] t=46.501 quat=[0.48547, -0.52285, 0.505, 0.48571] angvel=[0.01573, -0.0008, -0.0138] linvel=[-0.0069, 0.00066, -0.0002] z=0.0998
[lowlevel-sim][GT] t=46.551 quat=[0.48565, -0.52284, 0.505, 0.48555] angvel=[-0.00532, -0.0101, -0.00389] linvel=[-0.00673, 0.00212, 0.00019] z=0.0998
[lowlevel-sim][GT] t=46.601 quat=[0.48578, -0.52283, 0.50499, 0.48544] angvel=[0.00074, 0.00547, -0.0025] linvel=[-0.00414, -0.00088, -0.00031] z=0.0998
[lowlevel-sim][GT] t=46.651 quat=[0.48586, -0.52282, 0.50496, 0.4854] angvel=[0.00099, -0.00877, 0.00787] linvel=[9e-05, 0.00118, -0.00033] z=0.0998
[lowlevel-sim][GT] t=46.701 quat=[0.48585, -0.52287, 0.505, 0.48532] angvel=[-0.00498, 0.01186, 0.00056] linvel=[0.00513, -0.00086, 0.00016] z=0.0998
[lowlevel-sim][GT] t=46.751 quat=[0.48562, -0.52292, 0.50506, 0.48544] angvel=[-0.00376, -0.00549, 0.00876] linvel=[0.00645, -0.00027, 0.00039] z=0.0998
[lowlevel-sim][GT] t=46.801 quat=[0.48543, -0.5229, 0.50506, 0.48564] angvel=[0.0115, 0.00876, 0.0077] linvel=[0.00695, 0.00029, -0.00078] z=0.0998
[lowlevel-sim][GT] t=46.851 quat=[0.48524, -0.52286, 0.50507, 0.48586] angvel=[-0.00554, 0.011, 0.00156] linvel=[0.00704, 0.00147, 0.00051] z=0.0998
[lowlevel-sim][GT] t=46.901 quat=[0.4851, -0.52287, 0.50508, 0.48598] angvel=[0.00625, 0.00415, 0.00082] linvel=[0.00794, -0.0002, -0.00078] z=0.0998
[lowlevel-sim][GT] t=46.951 quat=[0.48498, -0.52286, 0.50509, 0.48609] angvel=[-0.00182, 0.00367, 0.00335] linvel=[0.00525, -0.00084, 1e-05] z=0.0998
[lowlevel-sim] t=  47.00 mode=cmd        pd=28600 hold=10829 failclosed=124 rtf=0.279 base_z=+0.100 pitch=+1.512 roll=-2.868 |tau|max=  7.81 sat=0/29 knee_L=+0.255 hip_p_L=-0.101 torn=11714 cmd_age=58.6ms auth=126.2s rig_ign=750 fix_base=0
[lowlevel-sim][GT] t=47.001 quat=[0.48495, -0.52285, 0.50509, 0.48614] angvel=[0.00738, 0.00327, 0.0041] linvel=[0.00015, 0.00024, -0.00041] z=0.0998
[lowlevel-sim][GT] t=47.051 quat=[0.48501, -0.52282, 0.50507, 0.48614] angvel=[0.00593, 0.00282, -0.0029] linvel=[-0.00635, -0.00138, -0.00088] z=0.0998
[lowlevel-sim][GT] t=47.101 quat=[0.48519, -0.52277, 0.50505, 0.48603] angvel=[9e-05, -0.0007, -0.01362] linvel=[-0.00682, 0.00022, -0.0005] z=0.0998
[lowlevel-sim][GT] t=47.151 quat=[0.48545, -0.52278, 0.50502, 0.48579] angvel=[-0.00518, -0.01582, -0.0067] linvel=[-0.00641, 0.00052, 0.00098] z=0.0998
[lowlevel-sim][GT] t=47.201 quat=[0.4857, -0.52281, 0.50499, 0.48554] angvel=[0.00028, -0.00444, -0.00459] linvel=[-0.00675, -0.00046, -0.00011] z=0.0998
[lowlevel-sim][GT] t=47.251 quat=[0.48585, -0.52284, 0.505, 0.48535] angvel=[-8e-05, -0.02314, -0.00288] linvel=[-0.00569, 0.00108, 2e-05] z=0.0998
[lowlevel-sim][GT] t=47.301 quat=[0.48597, -0.52287, 0.50497, 0.48523] angvel=[0.00155, -0.0221, -0.00192] linvel=[-0.00043, -0.0007, 0.00071] z=0.0998
[lowlevel-sim][GT] t=47.351 quat=[0.48606, -0.52291, 0.50496, 0.48511] angvel=[0.00244, -0.01082, 0.00052] linvel=[0.00196, 0.0002, -0.00118] z=0.0998
[lowlevel-sim][GT] t=47.401 quat=[0.48589, -0.52296, 0.50501, 0.48516] angvel=[-0.00514, 0.02138, 0.00911] linvel=[0.00744, -0.00016, 0.00059] z=0.0998
[lowlevel-sim][GT] t=47.451 quat=[0.48571, -0.52295, 0.50502, 0.48535] angvel=[0.0031, 0.01357, 0.01319] linvel=[0.00766, 0.00098, -0.00032] z=0.0998
[lowlevel-sim] t=  47.50 mode=cmd        pd=28850 hold=10829 failclosed=124 rtf=0.279 base_z=+0.100 pitch=+1.511 roll=-2.847 |tau|max=  7.85 sat=0/29 knee_L=+0.256 hip_p_L=-0.100 torn=11733 cmd_age=52.6ms auth=128.0s rig_ign=750 fix_base=0
[lowlevel-sim][GT] t=47.501 quat=[0.4855, -0.52293, 0.50503, 0.48557] angvel=[0.00662, 0.0043, 0.00095] linvel=[0.00683, 0.00064, -0.00068] z=0.0998
[lowlevel-sim][GT] t=47.551 quat=[0.48531, -0.52293, 0.50504, 0.48574] angvel=[-0.00031, 0.00675, 0.01224] linvel=[0.00572, 0.00108, 0.0006] z=0.0998
[lowlevel-sim][GT] t=47.601 quat=[0.48518, -0.52289, 0.50504, 0.48592] angvel=[0.00367, -0.00204, 0.00074] linvel=[0.00511, 0.00028, 0.0006] z=0.0998
[lowlevel-sim][GT] t=47.651 quat=[0.48512, -0.52288, 0.50503, 0.486] angvel=[0.00655, 0.00032, 0.00189] linvel=[0.00093, 0.00064, -0.00037] z=0.0999
[lowlevel-sim][GT] t=47.701 quat=[0.48519, -0.52281, 0.505, 0.48604] angvel=[0.00666, -0.02631, 0.01131] linvel=[-0.00563, 0.00037, -0.00072] z=0.0999
[lowlevel-sim][GT] t=47.751 quat=[0.48527, -0.52281, 0.50505, 0.48591] angvel=[0.01176, -0.04424, -0.00233] linvel=[-0.00778, -0.00095, -0.00112] z=0.0999
[lowlevel-sim][GT] t=47.801 quat=[0.48544, -0.52283, 0.50506, 0.4857] angvel=[0.00047, -0.01964, 0.00551] linvel=[-0.00702, -0.00178, -0.00041] z=0.0998
[lowlevel-sim][GT] t=47.851 quat=[0.4857, -0.52283, 0.50503, 0.48548] angvel=[0.00224, -0.00569, -0.01741] linvel=[-0.00715, 0.00109, 0.00042] z=0.0998
[lowlevel-sim][GT] t=47.901 quat=[0.48589, -0.52283, 0.50498, 0.48534] angvel=[-0.00676, -0.00359, -0.00356] linvel=[-0.00695, 0.00065, 0.00082] z=0.0998
[lowlevel-sim][GT] t=47.951 quat=[0.48599, -0.52286, 0.50499, 0.48519] angvel=[-0.00047, -0.01875, 0.00202] linvel=[-0.00289, -0.00091, -0.00132] z=0.0998
[lowlevel-sim] t=  48.00 mode=cmd        pd=29100 hold=10829 failclosed=124 rtf=0.279 base_z=+0.100 pitch=+1.511 roll=-2.828 |tau|max=  7.85 sat=0/29 knee_L=+0.255 hip_p_L=-0.098 torn=11749 cmd_age=60.3ms auth=129.7s rig_ign=750 fix_base=0
[lowlevel-sim][GT] t=48.001 quat=[0.48609, -0.5229, 0.50497, 0.48507] angvel=[0.00358, -0.00293, -0.00098] linvel=[0.00228, 0.0012, -0.00027] z=0.0998
[lowlevel-sim][GT] t=48.051 quat=[0.48612, -0.52292, 0.50492, 0.48507] angvel=[-0.00449, -0.00604, 0.00881] linvel=[0.00699, 0.00209, -0.00078] z=0.0998
[lowlevel-sim][GT] t=48.101 quat=[0.48595, -0.52294, 0.50494, 0.4852] angvel=[-0.00058, -0.00546, 0.01849] linvel=[0.00749, -0.00045, -0.00019] z=0.0998
[lowlevel-sim][GT] t=48.151 quat=[0.48572, -0.52292, 0.50496, 0.48543] angvel=[-0.00697, 0.011, 0.00881] linvel=[0.00673, 0.00041, -0.00093] z=0.0998
[lowlevel-sim][GT] t=48.201 quat=[0.48554, -0.52289, 0.50498, 0.48562] angvel=[0.00086, 0.01569, 0.00305] linvel=[0.00711, -0.00056, -0.00026] z=0.0999
[lowlevel-sim][GT] t=48.251 quat=[0.48535, -0.52291, 0.505, 0.48577] angvel=[0.00815, 0.0152, -0.00526] linvel=[0.00654, -0.00141, -0.00108] z=0.0999
[lowlevel-sim][GT] t=48.301 quat=[0.48523, -0.52295, 0.50502, 0.48583] angvel=[0.00645, 0.00554, 0.00666] linvel=[0.00149, 3e-05, -7e-05] z=0.0999
[lowlevel-sim][GT] t=48.351 quat=[0.48523, -0.5229, 0.505, 0.4859] angvel=[0.00497, 0.00065, 0.0045] linvel=[-0.00432, -0.00109, -0.00077] z=0.0999
[lowlevel-sim][GT] t=48.401 quat=[0.48528, -0.52287, 0.50498, 0.48591] angvel=[-0.00281, -0.00665, -0.0024] linvel=[-0.00704, 0.00089, -0.00067] z=0.0999
[lowlevel-sim][GT] t=48.451 quat=[0.48547, -0.52283, 0.50496, 0.48579] angvel=[0.00133, -0.01322, -0.0077] linvel=[-0.0078, 0.00143, -0.00135] z=0.0999
[lowlevel-sim] t=  48.50 mode=cmd        pd=29350 hold=10829 failclosed=124 rtf=0.279 base_z=+0.100 pitch=+1.511 roll=-2.843 |tau|max=  7.84 sat=0/29 knee_L=+0.255 hip_p_L=-0.099 torn=11766 cmd_age=27.0ms auth=131.3s rig_ign=750 fix_base=0
[lowlevel-sim][GT] t=48.501 quat=[0.48565, -0.52286, 0.50497, 0.48556] angvel=[-0.00032, -0.02411, 0.00624] linvel=[-0.00705, -0.00112, 0.0001] z=0.0999
[lowlevel-sim][GT] t=48.551 quat=[0.48581, -0.52288, 0.50497, 0.48539] angvel=[0.00186, -0.00474, -0.00678] linvel=[-0.00721, -0.00089, -0.00019] z=0.0999
[lowlevel-sim][GT] t=48.601 quat=[0.48595, -0.52291, 0.50496, 0.48522] angvel=[0.00884, 0.00239, -0.00923] linvel=[-0.00443, -0.00048, -0.00102] z=0.0998
[lowlevel-sim][GT] t=48.651 quat=[0.48604, -0.52291, 0.50497, 0.48511] angvel=[0.00035, -0.00986, -0.00385] linvel=[-0.00039, -0.00128, -0.00067] z=0.0998
[lowlevel-sim][GT] t=48.701 quat=[0.48615, -0.52291, 0.50492, 0.48506] angvel=[-0.00155, -0.01252, 0.00157] linvel=[0.00382, -0.00035, 0.00022] z=0.0998
[lowlevel-sim][GT] t=48.751 quat=[0.48614, -0.52298, 0.50492, 0.48499] angvel=[0.00384, 0.00699, -0.00121] linvel=[0.00577, 5e-05, -0.00133] z=0.0998
[lowlevel-sim][GT] t=48.801 quat=[0.48598, -0.52303, 0.50494, 0.48507] angvel=[0.0018, 0.0176, 0.00233] linvel=[0.00726, -0.00032, -0.00037] z=0.0998
[lowlevel-sim][GT] t=48.851 quat=[0.48575, -0.52303, 0.50497, 0.48527] angvel=[0.00803, 0.02418, 0.00089] linvel=[0.00684, 0.00083, -0.00061] z=0.0998
[lowlevel-sim][GT] t=48.901 quat=[0.48556, -0.52298, 0.50497, 0.48551] angvel=[0.01027, -0.012, 0.01108] linvel=[0.00639, -0.00097, -0.00122] z=0.0999
[lowlevel-sim][GT] t=48.951 quat=[0.48549, -0.52292, 0.50496, 0.48567] angvel=[0.00485, 0.01899, -0.00874] linvel=[0.005, -0.00045, -0.00065] z=0.0999
[lowlevel-sim] t=  49.00 mode=cmd        pd=29600 hold=10829 failclosed=124 rtf=0.280 base_z=+0.100 pitch=+1.511 roll=-2.849 |tau|max=  7.82 sat=0/29 knee_L=+0.256 hip_p_L=-0.100 torn=11780 cmd_age=30.1ms auth=133.0s rig_ign=750 fix_base=0
[lowlevel-sim][GT] t=49.001 quat=[0.48539, -0.52295, 0.50497, 0.48572] angvel=[0.00421, -0.00592, 0.00209] linvel=[0.00177, -0.00085, 0.0006] z=0.0999
[lowlevel-sim][GT] t=49.051 quat=[0.48538, -0.5229, 0.50497, 0.48579] angvel=[0.0029, 0.01217, -0.0097] linvel=[-0.00343, -0.00142, -0.00098] z=0.0999
[lowlevel-sim][GT] t=49.101 quat=[0.48537, -0.52285, 0.50501, 0.4858] angvel=[0.00779, 0.0004, -0.00529] linvel=[-0.00635, -0.0007, -0.00046] z=0.0999
[lowlevel-sim][GT] t=49.151 quat=[0.4855, -0.52284, 0.50503, 0.48567] angvel=[0.00832, -0.01393, -0.00372] linvel=[-0.00719, 0.00021, -0.0003] z=0.0999
[lowlevel-sim][GT] t=49.201 quat=[0.48567, -0.52284, 0.50502, 0.48551] angvel=[0.00205, -0.01058, -0.00631] linvel=[-0.00664, 7e-05, -0.00062] z=0.0999
[lowlevel-sim][GT] t=49.251 quat=[0.48585, -0.52286, 0.50497, 0.48535] angvel=[0.01002, -0.01299, -0.00353] linvel=[-0.00545, -0.00022, -0.00137] z=0.0999
[lowlevel-sim][GT] t=49.301 quat=[0.48597, -0.52288, 0.50497, 0.48522] angvel=[0.00308, -0.00432, -0.00699] linvel=[-0.00318, -0.00127, 0.00033] z=0.0999
[lowlevel-sim][GT] t=49.351 quat=[0.48609, -0.52289, 0.50495, 0.48511] angvel=[-0.00204, -0.00332, -0.0084] linvel=[0.00052, 0.00256, 0.00051] z=0.0999
[lowlevel-sim][GT] t=49.401 quat=[0.48616, -0.52292, 0.50492, 0.48503] angvel=[0.0041, 0.01141, -0.01271] linvel=[0.00299, -0.00041, -0.00023] z=0.0998
[lowlevel-sim][GT] t=49.451 quat=[0.4861, -0.523, 0.50495, 0.48498] angvel=[-0.00385, 0.00133, 0.00012] linvel=[0.00516, 0.00143, -5e-05] z=0.0999
[lowlevel-sim] t=  49.50 mode=cmd        pd=29850 hold=10829 failclosed=124 rtf=0.280 base_z=+0.100 pitch=+1.511 roll=-2.827 |tau|max=  7.83 sat=0/29 knee_L=+0.256 hip_p_L=-0.099 torn=11802 cmd_age=30.9ms auth=134.9s rig_ign=750 fix_base=0
[lowlevel-sim][GT] t=49.501 quat=[0.48601, -0.52303, 0.50496, 0.48502] angvel=[0.00394, 0.00605, 0.00089] linvel=[0.00703, 0.00131, -0.0005] z=0.0999
[lowlevel-sim][GT] t=49.551 quat=[0.48587, -0.52298, 0.50496, 0.48522] angvel=[0.00184, 0.0071, 0.00533] linvel=[0.00649, 0.00075, -0.00073] z=0.0999
[lowlevel-sim][GT] t=49.601 quat=[0.48577, -0.52292, 0.50494, 0.4854] angvel=[-0.00816, 0.01571, -0.00151] linvel=[0.00689, 0.00169, 0.00137] z=0.0999
[lowlevel-sim][GT] t=49.651 quat=[0.48558, -0.52295, 0.50498, 0.48552] angvel=[0.00639, -0.00178, 0.00872] linvel=[0.00578, -0.00148, -0.00147] z=0.0999
[lowlevel-sim][GT] t=49.701 quat=[0.48549, -0.52296, 0.50499, 0.48559] angvel=[0.01044, 0.01271, 0.00162] linvel=[0.00305, -0.00175, -0.00132] z=0.0999
[lowlevel-sim][GT] t=49.751 quat=[0.48544, -0.52291, 0.50499, 0.48569] angvel=[-0.00209, 0.00424, -0.00654] linvel=[-0.00145, 0.00102, 0.00126] z=0.0999
[lowlevel-sim][GT] t=49.801 quat=[0.48533, -0.52287, 0.50506, 0.48577] angvel=[0.0028, 0.0134, -0.00576] linvel=[-0.00622, 0.00013, 0.00036] z=0.0999
[lowlevel-sim][GT] t=49.851 quat=[0.48537, -0.52284, 0.5051, 0.48572] angvel=[-0.00055, -0.00295, -0.01328] linvel=[-0.00668, 0.00128, -0.00029] z=0.0999
[lowlevel-sim][GT] t=49.901 quat=[0.48559, -0.52281, 0.50505, 0.48559] angvel=[0.00516, -0.00931, -0.0066] linvel=[-0.00753, 0.00029, 0.00052] z=0.0999
[lowlevel-sim][GT] t=49.951 quat=[0.48575, -0.52283, 0.50506, 0.4854] angvel=[-0.00542, -0.00741, -0.00578] linvel=[-0.00614, 0.00086, 0.00052] z=0.0999
[lowlevel-sim] t=  50.00 mode=cmd        pd=30100 hold=10829 failclosed=124 rtf=0.280 base_z=+0.100 pitch=+1.511 roll=-2.837 |tau|max=  7.82 sat=0/29 knee_L=+0.255 hip_p_L=-0.099 torn=11819 cmd_age=29.8ms auth=136.5s rig_ign=750 fix_base=0
[lowlevel-sim][GT] t=50.001 quat=[0.48589, -0.52282, 0.50505, 0.48527] angvel=[0.00543, -0.00579, -0.00466] linvel=[-0.00508, -0.00029, -0.00208] z=0.0999
[lowlevel-sim][GT] t=50.051 quat=[0.48605, -0.52282, 0.50501, 0.48516] angvel=[-0.00228, -0.00504, -0.00237] linvel=[-0.00164, 0.00161, -0.0016] z=0.0999
[lowlevel-sim][GT] t=50.101 quat=[0.48616, -0.52287, 0.50497, 0.48503] angvel=[-0.00844, -0.00592, -0.00442] linvel=[0.00181, 4e-05, 0.0003] z=0.0999
[lowlevel-sim][GT] t=50.151 quat=[0.48621, -0.52291, 0.50496, 0.48495] angvel=[-0.00072, 0.01043, -0.01332] linvel=[0.00526, -0.00137, -0.0002] z=0.0999
[lowlevel-sim][GT] t=50.201 quat=[0.48618, -0.52296, 0.50493, 0.48496] angvel=[0.01118, -0.01128, 0.0084] linvel=[0.00772, -0.00033, -0.00101] z=0.0999
[lowlevel-sim][GT] t=50.251 quat=[0.48605, -0.52297, 0.50491, 0.4851] angvel=[0.00489, 0.00497, 0.0052] linvel=[0.00663, 0.00026, -0.00076] z=0.0999
[lowlevel-sim][GT] t=50.301 quat=[0.48585, -0.52298, 0.50494, 0.48525] angvel=[0.0002, 0.02625, 0.00032] linvel=[0.00704, 0.00162, -0.00044] z=0.0999
[lowlevel-sim][GT] t=50.351 quat=[0.48573, -0.52296, 0.50494, 0.48541] angvel=[0.00951, 0.00504, 0.00562] linvel=[0.00582, -0.00126, -0.00113] z=0.0999
[lowlevel-sim][GT] t=50.401 quat=[0.48561, -0.52296, 0.50496, 0.4855] angvel=[0.01361, 0.00554, 0.00645] linvel=[0.00419, -0.00079, -0.00099] z=0.0999
[lowlevel-sim][GT] t=50.451 quat=[0.48551, -0.52295, 0.50497, 0.4856] angvel=[0.00384, 0.01767, -0.00052] linvel=[0.00023, -0.0005, -0.00164] z=0.0999
[lowlevel-sim] t=  50.50 mode=cmd        pd=30350 hold=10829 failclosed=124 rtf=0.280 base_z=+0.100 pitch=+1.511 roll=-2.848 |tau|max=  7.78 sat=0/29 knee_L=+0.255 hip_p_L=-0.100 torn=11837 cmd_age=45.3ms auth=138.3s rig_ign=750 fix_base=0
[lowlevel-sim][GT] t=50.501 quat=[0.48546, -0.5229, 0.50498, 0.4857] angvel=[-0.00236, -0.00053, 0.00887] linvel=[-0.00348, -0.0001, 0.00028] z=0.0999
[lowlevel-sim][GT] t=50.551 quat=[0.48542, -0.52285, 0.50502, 0.48574] angvel=[0.00231, -0.01444, -0.00293] linvel=[-0.0063, -0.00021, -7e-05] z=0.0999
[lowlevel-sim][GT] t=50.601 quat=[0.48548, -0.52286, 0.50506, 0.48564] angvel=[-0.00112, 0.01295, -0.00683] linvel=[-0.0066, 0.0004, -5e-05] z=0.0999
[lowlevel-sim][GT] t=50.651 quat=[0.48568, -0.52285, 0.50503, 0.48548] angvel=[0.00808, -0.01075, -0.00441] linvel=[-0.00716, -0.00128, -0.00065] z=0.0999
[lowlevel-sim][GT] t=50.701 quat=[0.48581, -0.52287, 0.50504, 0.48532] angvel=[0.00258, 0.00019, -0.00617] linvel=[-0.0061, 0.0009, -0.00037] z=0.0999
[lowlevel-sim][GT] t=50.751 quat=[0.48598, -0.52286, 0.50501, 0.4852] angvel=[0.00196, -0.00801, -0.0006] linvel=[-0.00386, 0.00023, -0.00034] z=0.0999
[lowlevel-sim][GT] t=50.801 quat=[0.48611, -0.52287, 0.50498, 0.48507] angvel=[-0.00607, -0.00609, -0.00633] linvel=[0.00013, 0.00156, 0.00115] z=0.0999
[lowlevel-sim][GT] t=50.851 quat=[0.48619, -0.52289, 0.50496, 0.485] angvel=[-0.00291, 0.00187, -0.00417] linvel=[0.00348, -0.00037, 0.00018] z=0.0999
[lowlevel-sim][GT] t=50.901 quat=[0.48615, -0.52298, 0.50496, 0.48494] angvel=[0.00569, -0.00922, 0.00315] linvel=[0.00688, 0.00023, -0.00077] z=0.0999
[lowlevel-sim][GT] t=50.951 quat=[0.48608, -0.52295, 0.50494, 0.48506] angvel=[0.00555, 0.00122, 0.00983] linvel=[0.00707, -0.00088, -0.00022] z=0.0999
[lowlevel-sim] t=  51.00 mode=cmd        pd=30600 hold=10829 failclosed=124 rtf=0.280 base_z=+0.100 pitch=+1.511 roll=-2.832 |tau|max=  7.79 sat=0/29 knee_L=+0.256 hip_p_L=-0.099 torn=11855 cmd_age=31.7ms auth=140.1s rig_ign=750 fix_base=0
[lowlevel-sim][GT] t=51.001 quat=[0.48589, -0.52298, 0.50499, 0.48517] angvel=[0.00698, 0.00947, 0.00393] linvel=[0.00552, -0.00092, -0.00171] z=0.0999
[lowlevel-sim][GT] t=51.051 quat=[0.48577, -0.52292, 0.50497, 0.48537] angvel=[0.00022, 0.01968, -0.00184] linvel=[0.00491, 0.00018, -0.00029] z=0.0999
[lowlevel-sim][GT] t=51.101 quat=[0.48562, -0.52292, 0.505, 0.48549] angvel=[-0.00031, 5e-05, 0.00962] linvel=[0.0042, -0.00096, -0.00045] z=0.0999
[lowlevel-sim][GT] t=51.151 quat=[0.48548, -0.52295, 0.50503, 0.48556] angvel=[-0.00027, 0.01328, 0.00312] linvel=[-0.00017, 0.00017, -0.00032] z=0.0999
[lowlevel-sim][GT] t=51.201 quat=[0.48541, -0.52289, 0.50504, 0.4857] angvel=[0.00483, 0.00903, -0.00428] linvel=[-0.00463, -0.00064, -0.00046] z=0.0999
[lowlevel-sim][GT] t=51.251 quat=[0.48544, -0.52282, 0.50505, 0.48573] angvel=[0.00525, -0.00038, -0.0021] linvel=[-0.00629, -0.00033, -0.00065] z=0.0999
[lowlevel-sim][GT] t=51.301 quat=[0.48549, -0.52283, 0.5051, 0.48561] angvel=[0.00633, -0.00357, -0.00121] linvel=[-0.00644, -0.00105, -0.00065] z=0.0999
[lowlevel-sim][GT] t=51.351 quat=[0.48567, -0.52286, 0.50507, 0.48543] angvel=[0.00434, -0.00955, -0.00678] linvel=[-0.00586, 9e-05, -0.00083] z=0.0999
[lowlevel-sim][GT] t=51.401 quat=[0.48583, -0.5229, 0.50506, 0.48525] angvel=[-0.005, -0.00464, -0.00733] linvel=[-0.00493, 0.00252, -0.00051] z=0.0999
[lowlevel-sim][GT] t=51.451 quat=[0.48603, -0.52288, 0.50498, 0.48515] angvel=[0.00988, -0.00987, -0.00542] linvel=[-0.00197, 0.00135, -0.0011] z=0.0999
[lowlevel-sim] t=  51.50 mode=cmd        pd=30850 hold=10829 failclosed=124 rtf=0.280 base_z=+0.100 pitch=+1.511 roll=-2.825 |tau|max=  7.81 sat=0/29 knee_L=+0.255 hip_p_L=-0.098 torn=11874 cmd_age=45.8ms auth=141.8s rig_ign=750 fix_base=0
[lowlevel-sim][GT] t=51.501 quat=[0.48615, -0.5229, 0.50495, 0.48504] angvel=[0.00038, -0.02202, 0.01286] linvel=[0.001, 0.00111, 0.00075] z=0.0999
[lowlevel-sim] FAIL-CLOSED engaged at t=51.517s, last command age 86.48 ms (deadline <= 100 ms) PASS
[lowlevel-sim] COMMANDED at t=51.518s (was fail-closed)
[lowlevel-sim][GT] t=51.551 quat=[0.48611, -0.52305, 0.50501, 0.48485] angvel=[-0.00535, 0.00739, -0.00669] linvel=[0.00469, -0.00025, 0.00035] z=0.0999
[lowlevel-sim][GT] t=51.601 quat=[0.48612, -0.52304, 0.50495, 0.48492] angvel=[0.00602, 0.00856, -0.00477] linvel=[0.00703, 0.00063, -0.00046] z=0.0999
[lowlevel-sim][GT] t=51.651 quat=[0.48604, -0.52302, 0.50491, 0.48505] angvel=[0.00897, 0.01037, 0.00559] linvel=[0.00592, -5e-05, -0.00075] z=0.0999
[lowlevel-sim][GT] t=51.701 quat=[0.4859, -0.52297, 0.50492, 0.48524] angvel=[0.00321, -0.00107, 0.00608] linvel=[0.00558, -5e-05, -0.00028] z=0.0999
[lowlevel-sim][GT] t=51.751 quat=[0.4857, -0.52299, 0.50496, 0.48537] angvel=[0.01282, 0.01076, 0.01263] linvel=[0.00448, 0.00012, -0.00102] z=0.0999
[lowlevel-sim][GT] t=51.801 quat=[0.48557, -0.52296, 0.50497, 0.48553] angvel=[-0.00017, -0.00658, 0.01098] linvel=[0.00097, 0.00153, 0.00061] z=0.0999
[lowlevel-sim][GT] t=51.851 quat=[0.48547, -0.52293, 0.505, 0.48563] angvel=[-0.00785, 0.01166, -0.00209] linvel=[-0.00245, 0.00134, 0.00063] z=0.0999
[lowlevel-sim][GT] t=51.901 quat=[0.48548, -0.52288, 0.50498, 0.4857] angvel=[0.00258, 0.00119, -0.00137] linvel=[-0.00616, 0.00127, -0.00057] z=0.0999
[lowlevel-sim][GT] t=51.951 quat=[0.48549, -0.5229, 0.50502, 0.48562] angvel=[-0.00295, -0.00082, -0.00014] linvel=[-0.00746, 0.00116, 0.0009] z=0.0999
[lowlevel-sim] t=  52.00 mode=cmd        pd=31101 hold=10829 failclosed=125 rtf=0.280 base_z=+0.100 pitch=+1.511 roll=-2.843 |tau|max=  7.79 sat=0/29 knee_L=+0.255 hip_p_L=-0.099 torn=11893 cmd_age=31.2ms auth=143.5s rig_ign=750 fix_base=0
[lowlevel-sim][GT] t=52.001 quat=[0.48567, -0.52287, 0.505, 0.4855] angvel=[0.00245, 0.00059, -0.01453] linvel=[-0.00727, 0.00097, 0.00029] z=0.0999
[lowlevel-sim][GT] t=52.051 quat=[0.48582, -0.5229, 0.50499, 0.48532] angvel=[0.00169, -0.01725, -0.00059] linvel=[-0.00662, 0.00093, 0.00047] z=0.0999
[lowlevel-sim][GT] t=52.101 quat=[0.48599, -0.52292, 0.50497, 0.48516] angvel=[0.01064, -0.01201, -0.00309] linvel=[-0.00407, -0.00142, -0.00032] z=0.0999
[lowlevel-sim][GT] t=52.151 quat=[0.48611, -0.52294, 0.50495, 0.48503] angvel=[0.00207, -0.00839, 0.00418] linvel=[0.00075, 0.00149, 0.00062] z=0.0999
[lowlevel-sim][GT] t=52.201 quat=[0.48619, -0.52299, 0.50492, 0.48493] angvel=[-0.00093, -0.00243, -0.00086] linvel=[0.00476, 0.00049, 0.00019] z=0.0999
[lowlevel-sim][GT] t=52.251 quat=[0.48618, -0.52305, 0.50489, 0.48491] angvel=[-0.005, 0.02411, -0.00528] linvel=[0.0073, 0.00117, -0.00031] z=0.0999
[lowlevel-sim][GT] t=52.301 quat=[0.48606, -0.52303, 0.50488, 0.48505] angvel=[-0.00506, -0.00326, 0.00296] linvel=[0.00718, 0.00109, 0.00107] z=0.0999
[lowlevel-sim][GT] t=52.351 quat=[0.48587, -0.52305, 0.50491, 0.4852] angvel=[0.00572, 0.00359, 0.0161] linvel=[0.00686, -0.0006, -0.00109] z=0.0999
[lowlevel-sim][GT] t=52.401 quat=[0.48572, -0.523, 0.5049, 0.4854] angvel=[0.00015, 0.00324, 0.01437] linvel=[0.00606, -0.00084, -0.00024] z=0.0999
[lowlevel-sim][GT] t=52.451 quat=[0.48555, -0.52304, 0.50496, 0.48548] angvel=[0.00024, 0.00292, 0.0046] linvel=[0.00229, -0.00032, -7e-05] z=0.0999
[lowlevel-sim] t=  52.50 mode=cmd        pd=31351 hold=10829 failclosed=125 rtf=0.280 base_z=+0.100 pitch=+1.511 roll=-2.848 |tau|max=  7.75 sat=0/29 knee_L=+0.255 hip_p_L=-0.100 torn=11917 cmd_age=20.2ms auth=145.2s rig_ign=750 fix_base=0
[lowlevel-sim][GT] t=52.501 quat=[0.48544, -0.52295, 0.50498, 0.48566] angvel=[0.00031, 0.00926, -0.0011] linvel=[-0.00468, 0.00043, -0.00016] z=0.0999
[lowlevel-sim][GT] t=52.551 quat=[0.48543, -0.5229, 0.50502, 0.48568] angvel=[0.00892, -0.00506, -0.0037] linvel=[-0.00698, -0.00094, 0.00039] z=0.0999
[lowlevel-sim][GT] t=52.601 quat=[0.48557, -0.52288, 0.50503, 0.48556] angvel=[0.00103, -0.02221, -0.00145] linvel=[-0.00798, 0.00081, -0.00013] z=0.0999
[lowlevel-sim][GT] t=52.651 quat=[0.48573, -0.52289, 0.50505, 0.48536] angvel=[0.00407, -0.00596, -0.00623] linvel=[-0.00703, 0.00018, -0.00186] z=0.0999
[lowlevel-sim][GT] t=52.701 quat=[0.48591, -0.52289, 0.50501, 0.48522] angvel=[-0.00101, -0.01006, 0.00157] linvel=[-0.00681, 3e-05, 7e-05] z=0.0999
[lowlevel-sim][GT] t=52.751 quat=[0.48607, -0.5229, 0.50499, 0.48507] angvel=[0.00546, 0.0029, -0.01347] linvel=[-0.00227, -5e-05, -0.00102] z=0.0999
[lowlevel-sim][GT] t=52.801 quat=[0.48617, -0.52295, 0.50499, 0.48493] angvel=[-0.00806, -0.00583, -0.0031] linvel=[0.0031, -0.00159, -0.00108] z=0.0999
[lowlevel-sim] FAIL-CLOSED engaged at t=52.818s, last command age 86.71 ms (deadline <= 100 ms) PASS
[lowlevel-sim] COMMANDED at t=52.820s (was fail-closed)
[lowlevel-sim][GT] t=52.851 quat=[0.48601, -0.52322, 0.50516, 0.48461] angvel=[0.00625, 0.00907, -0.0037] linvel=[0.00681, 0.00056, -0.00121] z=0.0998
[lowlevel-sim][GT] t=52.901 quat=[0.48603, -0.52313, 0.50503, 0.48482] angvel=[0.01297, 0.01095, 0.00824] linvel=[0.00608, 0.00165, -0.00102] z=0.0998
[lowlevel-sim][GT] t=52.951 quat=[0.48591, -0.52306, 0.505, 0.48505] angvel=[0.00804, 0.00689, 0.00633] linvel=[0.00715, -0.00098, -0.00137] z=0.0999
[lowlevel-sim] t=  53.00 mode=cmd        pd=31601 hold=10829 failclosed=126 rtf=0.280 base_z=+0.100 pitch=+1.511 roll=-2.838 |tau|max=  7.77 sat=0/29 knee_L=+0.256 hip_p_L=-0.100 torn=11931 cmd_age=48.5ms auth=147.2s rig_ign=750 fix_base=0
[lowlevel-sim][GT] t=53.001 quat=[0.4857, -0.52305, 0.50503, 0.48525] angvel=[0.00324, 0.00945, 0.00162] linvel=[0.00619, -0.00011, -0.00051] z=0.0999
[lowlevel-sim][GT] t=53.051 quat=[0.48552, -0.52302, 0.50505, 0.48543] angvel=[0.0081, 0.00704, 0.01194] linvel=[0.00515, -0.00076, -0.00056] z=0.0999
[lowlevel-sim][GT] t=53.101 quat=[0.48541, -0.52298, 0.50505, 0.48559] angvel=[0.00541, -0.00031, 0.00584] linvel=[-6e-05, 0.00077, -0.0006] z=0.0999
[lowlevel-sim][GT] t=53.151 quat=[0.48539, -0.52291, 0.50506, 0.48568] angvel=[-0.00198, -0.0009, -0.00065] linvel=[-0.00576, -0.00029, 0.00021] z=0.0999
[lowlevel-sim][GT] t=53.201 quat=[0.48539, -0.52288, 0.5051, 0.48567] angvel=[0.00777, -0.01186, -0.00672] linvel=[-0.00742, -0.00185, -0.0006] z=0.0999
[lowlevel-sim][GT] t=53.251 quat=[0.48555, -0.52288, 0.50511, 0.48549] angvel=[-0.00411, -0.0295, 0.01254] linvel=[-0.00734, -0.0004, 0.00045] z=0.0999
[lowlevel-sim][GT] t=53.301 quat=[0.48574, -0.52288, 0.50509, 0.48533] angvel=[0.00684, -0.0097, -0.00287] linvel=[-0.00755, 0.00048, -0.00047] z=0.0999
[lowlevel-sim][GT] t=53.351 quat=[0.48587, -0.5229, 0.5051, 0.48516] angvel=[-0.00349, -0.01671, -0.00235] linvel=[-0.00702, 0.00052, 0.00108] z=0.0999
[lowlevel-sim][GT] t=53.401 quat=[0.48605, -0.52291, 0.50505, 0.48503] angvel=[0.0033, -0.00383, -0.0036] linvel=[-0.00228, -0.00067, -0.00081] z=0.0999
[lowlevel-sim][GT] t=53.451 quat=[0.48616, -0.52294, 0.50503, 0.4849] angvel=[0.00409, -0.00902, -0.00276] linvel=[0.00468, -0.00138, -0.00101] z=0.0999
[lowlevel-sim] t=  53.50 mode=cmd        pd=31851 hold=10829 failclosed=126 rtf=0.280 base_z=+0.100 pitch=+1.511 roll=-2.823 |tau|max=  7.79 sat=0/29 knee_L=+0.256 hip_p_L=-0.099 torn=11947 cmd_age=25.3ms auth=148.9s rig_ign=750 fix_base=0
[lowlevel-sim][GT] t=53.501 quat=[0.48615, -0.52302, 0.50502, 0.48484] angvel=[-0.00997, -0.0187, 0.01231] linvel=[0.00651, 0.00119, 0.00146] z=0.0999
[lowlevel-sim][GT] t=53.551 quat=[0.48601, -0.52302, 0.505, 0.48499] angvel=[-0.00199, 0.01269, 0.00089] linvel=[0.00721, -0.0001, 0.00144] z=0.0999
[lowlevel-sim][GT] t=53.601 quat=[0.48583, -0.52302, 0.50501, 0.48517] angvel=[0.00978, 0.00309, 0.02226] linvel=[0.00677, 0.00146, -0.00155] z=0.0999
[lowlevel-sim][GT] t=53.651 quat=[0.48565, -0.52299, 0.50502, 0.48536] angvel=[0.00685, 0.00561, 0.00536] linvel=[0.00618, -0.00018, -0.00099] z=0.0999
[lowlevel-sim][GT] t=53.701 quat=[0.48548, -0.52303, 0.50507, 0.48545] angvel=[0.00088, 0.01893, -0.00056] linvel=[0.00298, 0.00034, 9e-05] z=0.0999
[lowlevel-sim][GT] t=53.751 quat=[0.48542, -0.52293, 0.50504, 0.48564] angvel=[0.00765, 0.00828, -0.00124] linvel=[-0.00318, -0.00057, -0.00093] z=0.0999
[lowlevel-sim] FAIL-CLOSED engaged at t=53.787s, last command age 86.12 ms (deadline <= 100 ms) PASS
[lowlevel-sim] COMMANDED at t=53.792s (was fail-closed)
[lowlevel-sim][GT] t=53.801 quat=[0.48488, -0.52343, 0.5056, 0.48506] angvel=[-0.07841, 0.00357, -0.00995] linvel=[-0.00654, 0.00241, -0.00217] z=0.0996
[lowlevel-sim][GT] t=53.851 quat=[0.4851, -0.52331, 0.5055, 0.48506] angvel=[0.01747, -0.01781, -0.00107] linvel=[-0.00704, 0.00269, 2e-05] z=0.0996
[lowlevel-sim][GT] t=53.901 quat=[0.48545, -0.52318, 0.50532, 0.48506] angvel=[0.01414, -0.00372, -0.00753] linvel=[-0.00723, 0.00188, 0.00044] z=0.0997
[lowlevel-sim][GT] t=53.951 quat=[0.48573, -0.52312, 0.50518, 0.48497] angvel=[0.01509, -0.00101, -0.00349] linvel=[-0.00606, 0.00091, -0.00079] z=0.0997
[lowlevel-sim] t=  54.00 mode=cmd        pd=32104 hold=10829 failclosed=131 rtf=0.280 base_z=+0.100 pitch=+1.510 roll=-2.832 |tau|max=  7.79 sat=0/29 knee_L=+0.255 hip_p_L=-0.099 torn=11970 cmd_age=41.1ms auth=150.5s rig_ign=750 fix_base=0
[lowlevel-sim][GT] t=54.001 quat=[0.48586, -0.52312, 0.50517, 0.48487] angvel=[0.00173, -0.00593, -0.00022] linvel=[-0.0048, -0.00046, -8e-05] z=0.0996
[lowlevel-sim][GT] t=54.051 quat=[0.48595, -0.52312, 0.50517, 0.48477] angvel=[0.00605, -0.01535, 0.00201] linvel=[0.00047, 0.00027, -0.00074] z=0.0996
[lowlevel-sim][GT] t=54.101 quat=[0.48597, -0.52318, 0.50515, 0.48469] angvel=[-0.00036, -0.0014, 0.00147] linvel=[0.00506, -0.00099, -0.00033] z=0.0996
[lowlevel-sim][GT] t=54.151 quat=[0.48577, -0.52321, 0.50519, 0.48483] angvel=[-0.0049, 0.01378, 0.00863] linvel=[0.00695, 0.00094, -0.00064] z=0.0997
[lowlevel-sim][GT] t=54.201 quat=[0.48557, -0.52315, 0.5052, 0.48509] angvel=[0.00377, 0.00952, 0.01171] linvel=[0.00783, 0.00199, 0.00027] z=0.0997
[lowlevel-sim][GT] t=54.251 quat=[0.4854, -0.52312, 0.5052, 0.48529] angvel=[-0.00124, 0.00457, 0.00284] linvel=[0.00728, 0.00055, 0.00078] z=0.0997
[lowlevel-sim][GT] t=54.301 quat=[0.48523, -0.52314, 0.50524, 0.4854] angvel=[-0.00341, 0.02406, 0.00769] linvel=[0.00613, -0.00086, 0.00056] z=0.0997
[lowlevel-sim][GT] t=54.351 quat=[0.48511, -0.52313, 0.50524, 0.48552] angvel=[0.0065, 0.0124, -0.00115] linvel=[0.00424, -0.00071, -0.00092] z=0.0997
[lowlevel-sim][GT] t=54.401 quat=[0.48503, -0.52314, 0.50526, 0.48557] angvel=[0.00466, -0.00228, 0.00223] linvel=[0.00105, 0.00036, -0.0004] z=0.0997
[lowlevel-sim][GT] t=54.451 quat=[0.48506, -0.52309, 0.50524, 0.48563] angvel=[0.00323, 0.01097, 0.00027] linvel=[-0.00602, 0.00011, -0.00028] z=0.0997
[lowlevel-sim] t=  54.50 mode=cmd        pd=32354 hold=10829 failclosed=131 rtf=0.281 base_z=+0.100 pitch=+1.511 roll=-2.858 |tau|max=  7.75 sat=0/29 knee_L=+0.255 hip_p_L=-0.100 torn=11992 cmd_age=24.9ms auth=152.0s rig_ign=750 fix_base=0
[lowlevel-sim][GT] t=54.501 quat=[0.48513, -0.52305, 0.50525, 0.48558] angvel=[-0.00264, -0.00325, -0.00955] linvel=[-0.00753, -0.00025, 0.00074] z=0.0997
[lowlevel-sim][GT] t=54.551 quat=[0.48534, -0.52304, 0.5052, 0.48543] angvel=[0.00176, -0.01297, 0.00592] linvel=[-0.00767, -0.0004, -0.00012] z=0.0997
[lowlevel-sim][GT] t=54.601 quat=[0.48545, -0.52309, 0.50524, 0.48523] angvel=[0.00508, -0.00475, -0.00259] linvel=[-0.00725, -7e-05, -0.00104] z=0.0997
[lowlevel-sim][GT] t=54.651 quat=[0.48565, -0.52308, 0.50516, 0.48512] angvel=[0.00418, -0.00664, -0.00456] linvel=[-0.00493, 0.00099, -0.00012] z=0.0997
[lowlevel-sim][GT] t=54.701 quat=[0.48578, -0.52311, 0.50515, 0.48496] angvel=[0.00216, 0.00854, -0.01533] linvel=[-0.00348, 2e-05, -0.00029] z=0.0997
[lowlevel-sim][GT] t=54.751 quat=[0.48587, -0.52315, 0.50516, 0.48482] angvel=[0.0053, -0.00029, 0.00062] linvel=[5e-05, 6e-05, -0.00138] z=0.0997
[lowlevel-sim][GT] t=54.801 quat=[0.48595, -0.52316, 0.50513, 0.48477] angvel=[-0.00521, 0.00049, -0.00031] linvel=[0.00355, 0.00078, -0.0001] z=0.0997
[lowlevel-sim][GT] t=54.851 quat=[0.48587, -0.5232, 0.50514, 0.48479] angvel=[-3e-05, -0.00275, 0.00559] linvel=[0.00685, -0.00098, -0.0] z=0.0997
[lowlevel-sim][GT] t=54.901 quat=[0.48568, -0.52318, 0.50516, 0.48498] angvel=[0.01097, 0.02695, 0.00479] linvel=[0.00735, -0.00056, -0.00131] z=0.0997
[lowlevel-sim][GT] t=54.951 quat=[0.4855, -0.52319, 0.50518, 0.48513] angvel=[0.0084, 0.0022, 0.01043] linvel=[0.00694, 0.0004, -0.0017] z=0.0997
[lowlevel-sim] t=  55.00 mode=cmd        pd=32604 hold=10829 failclosed=131 rtf=0.281 base_z=+0.100 pitch=+1.510 roll=-2.849 |tau|max=  7.75 sat=0/29 knee_L=+0.256 hip_p_L=-0.100 torn=12011 cmd_age=25.0ms auth=153.6s rig_ign=750 fix_base=0
[lowlevel-sim][GT] t=55.001 quat=[0.48532, -0.52317, 0.50519, 0.48532] angvel=[0.01508, 0.00864, 0.00171] linvel=[0.00618, 0.00118, -0.00225] z=0.0997
[lowlevel-sim][GT] t=55.051 quat=[0.48518, -0.5232, 0.5052, 0.48542] angvel=[0.01014, 0.01067, 0.00738] linvel=[0.00536, 0.00064, -0.00117] z=0.0997
[lowlevel-sim][GT] t=55.101 quat=[0.48511, -0.52317, 0.5052, 0.48553] angvel=[0.00055, 0.00167, 0.0014] linvel=[0.00182, 0.00124, 0.00061] z=0.0997
[lowlevel-sim][GT] t=55.151 quat=[0.48509, -0.52311, 0.5052, 0.48561] angvel=[0.00208, -0.00011, 0.00076] linvel=[-0.00284, -0.0004, -0.00089] z=0.0997
[lowlevel-sim][GT] t=55.201 quat=[0.48513, -0.52306, 0.50519, 0.48563] angvel=[0.01032, 0.01037, -0.01112] linvel=[-0.00707, -0.00087, -0.0011] z=0.0997
[lowlevel-sim][GT] t=55.251 quat=[0.48526, -0.52305, 0.5052, 0.48551] angvel=[-0.00822, -0.01617, -0.00091] linvel=[-0.00695, -0.00034, 0.00065] z=0.0997
[lowlevel-sim][GT] t=55.301 quat=[0.48543, -0.52305, 0.50517, 0.48536] angvel=[0.00277, 0.00799, -0.00563] linvel=[-0.00792, 0.00124, -0.00129] z=0.0997
[lowlevel-sim][GT] t=55.351 quat=[0.48558, -0.52307, 0.50518, 0.48518] angvel=[0.00677, -0.00838, -0.00649] linvel=[-0.00647, 0.00027, -0.00163] z=0.0997
[lowlevel-sim][GT] t=55.401 quat=[0.48574, -0.52312, 0.50518, 0.48497] angvel=[-0.00632, -0.00443, -0.01201] linvel=[-0.00442, 0.0004, 0.00069] z=0.0997
[lowlevel-sim][GT] t=55.451 quat=[0.48588, -0.52313, 0.50515, 0.48485] angvel=[0.00465, -0.0078, -0.00052] linvel=[-0.00043, 0.0015, -0.00075] z=0.0997
[lowlevel-sim] t=  55.50 mode=cmd        pd=32854 hold=10829 failclosed=131 rtf=0.281 base_z=+0.100 pitch=+1.510 roll=-2.826 |tau|max=  7.77 sat=0/29 knee_L=+0.255 hip_p_L=-0.098 torn=12029 cmd_age=24.9ms auth=155.3s rig_ign=750 fix_base=0
[lowlevel-sim][GT] t=55.501 quat=[0.48599, -0.52315, 0.50509, 0.48478] angvel=[0.0071, -0.00541, 0.00419] linvel=[0.00289, -0.00152, -0.00082] z=0.0997
[lowlevel-sim][GT] t=55.551 quat=[0.48596, -0.52321, 0.50508, 0.48476] angvel=[0.00731, 0.00452, 0.00135] linvel=[0.00672, -0.00184, -0.00087] z=0.0997
[lowlevel-sim][GT] t=55.601 quat=[0.48573, -0.52325, 0.50513, 0.4849] angvel=[0.00162, 0.01607, 0.00395] linvel=[0.00693, 0.00079, 0.00029] z=0.0997
[lowlevel-sim][GT] t=55.651 quat=[0.48559, -0.52323, 0.50513, 0.48505] angvel=[-0.00048, 0.00436, 0.00293] linvel=[0.00711, -0.00021, -2e-05] z=0.0997
[lowlevel-sim][GT] t=55.701 quat=[0.48542, -0.52324, 0.50514, 0.4852] angvel=[-0.00035, 0.01116, -0.00397] linvel=[0.0069, 0.00032, 0.00113] z=0.0997
[lowlevel-sim][GT] t=55.751 quat=[0.48528, -0.52323, 0.50515, 0.48534] angvel=[0.00586, 0.01646, -0.0047] linvel=[0.00693, 2e-05, -0.00063] z=0.0997
[lowlevel-sim][GT] t=55.801 quat=[0.48515, -0.52324, 0.50515, 0.48546] angvel=[0.00086, -0.00484, 0.01443] linvel=[0.00427, 0.00083, 0.0014] z=0.0997
[lowlevel-sim] FAIL-CLOSED engaged at t=55.827s, last command age 85.23 ms (deadline <= 100 ms) PASS
[lowlevel-sim] COMMANDED at t=55.832s (was fail-closed)
[lowlevel-sim] FAIL-CLOSED engaged at t=55.833s, last command age 86.29 ms (deadline <= 100 ms) PASS
[lowlevel-sim] COMMANDED at t=55.834s (was fail-closed)
[lowlevel-sim][GT] t=55.851 quat=[0.48423, -0.52389, 0.50587, 0.48493] angvel=[-0.00682, 0.01304, -0.00359] linvel=[0.00398, -0.00031, 0.00127] z=0.0994
[lowlevel-sim][GT] t=55.901 quat=[0.48434, -0.52359, 0.5057, 0.48532] angvel=[0.01157, 0.01592, 0.0048] linvel=[0.00452, 0.00353, 0.00059] z=0.0995
[lowlevel-sim][GT] t=55.951 quat=[0.48437, -0.52333, 0.50558, 0.4857] angvel=[0.01633, -0.0014, 0.00323] linvel=[0.00443, 2e-05, -0.00083] z=0.0995
[lowlevel-sim] t=  56.00 mode=cmd        pd=33108 hold=10829 failclosed=137 rtf=0.281 base_z=+0.100 pitch=+1.510 roll=-2.882 |tau|max=  7.71 sat=0/29 knee_L=+0.255 hip_p_L=-0.102 torn=12064 cmd_age=19.8ms auth=156.9s rig_ign=750 fix_base=0
[lowlevel-sim][GT] t=56.001 quat=[0.48437, -0.52319, 0.50552, 0.4859] angvel=[0.00961, -0.0018, 0.00102] linvel=[-0.00181, 0.00051, -0.00117] z=0.0995
[lowlevel-sim][GT] t=56.051 quat=[0.48453, -0.52312, 0.50548, 0.48587] angvel=[0.00743, -0.00531, -0.00634] linvel=[-0.00775, 0.00082, -0.00089] z=0.0995
[lowlevel-sim][GT] t=56.101 quat=[0.48485, -0.52312, 0.50544, 0.48558] angvel=[-0.00341, -0.05633, 0.01479] linvel=[-0.00746, -0.00078, 0.00027] z=0.0995
[lowlevel-sim][GT] t=56.151 quat=[0.48515, -0.52318, 0.50545, 0.48522] angvel=[0.00467, 0.00183, -0.01214] linvel=[-0.00651, -0.00016, -0.00069] z=0.0995
[lowlevel-sim] FAIL-CLOSED engaged at t=56.161s, last command age 88.21 ms (deadline <= 100 ms) PASS
[lowlevel-sim] COMMANDED at t=56.164s (was fail-closed)
[lowlevel-sim][GT] t=56.201 quat=[0.485, -0.52347, 0.50574, 0.48475] angvel=[0.02909, -0.01264, -0.00217] linvel=[-0.00693, 0.00053, -0.00117] z=0.0994
[lowlevel-sim][GT] t=56.251 quat=[0.48524, -0.52333, 0.50559, 0.48482] angvel=[-0.00575, 0.02813, -0.0059] linvel=[-0.0025, 0.00246, 0.00114] z=0.0994
[lowlevel-sim][GT] t=56.301 quat=[0.48525, -0.52327, 0.50556, 0.48489] angvel=[0.00413, -0.01329, 0.00099] linvel=[0.00335, 0.00083, 7e-05] z=0.0994
[lowlevel-sim][GT] t=56.351 quat=[0.48505, -0.5233, 0.5056, 0.48502] angvel=[-0.00037, 0.00417, 0.00942] linvel=[0.00684, 0.00067, -0.00029] z=0.0994
[lowlevel-sim][GT] t=56.401 quat=[0.48488, -0.52325, 0.50561, 0.48524] angvel=[0.00506, 0.01825, 0.00339] linvel=[0.00725, 0.00097, -0.00019] z=0.0994
[lowlevel-sim][GT] t=56.451 quat=[0.48468, -0.52321, 0.5056, 0.4855] angvel=[0.00401, -0.00093, 0.00374] linvel=[0.00693, 0.00027, 0.0] z=0.0994
[lowlevel-sim] t=  56.50 mode=cmd        pd=33360 hold=10829 failclosed=140 rtf=0.282 base_z=+0.099 pitch=+1.510 roll=-2.876 |tau|max=  7.73 sat=0/29 knee_L=+0.255 hip_p_L=-0.101 torn=12082 cmd_age=24.0ms auth=158.4s rig_ign=750 fix_base=0
[lowlevel-sim][GT] t=56.501 quat=[0.48454, -0.52322, 0.50561, 0.48561] angvel=[-0.00615, 0.00362, 0.00297] linvel=[0.00583, 0.0, -0.00012] z=0.0994
[lowlevel-sim][GT] t=56.551 quat=[0.48446, -0.52323, 0.50563, 0.48566] angvel=[0.00894, 0.00637, -0.00061] linvel=[0.00407, 0.00022, -0.00059] z=0.0995
[lowlevel-sim][GT] t=56.601 quat=[0.48437, -0.52322, 0.50564, 0.48576] angvel=[0.00272, 0.00257, -0.00257] linvel=[0.00478, 0.00066, -0.00025] z=0.0995
[lowlevel-sim][GT] t=56.651 quat=[0.48433, -0.52318, 0.50565, 0.48584] angvel=[-0.00123, 0.00568, 0.00021] linvel=[0.00113, 0.00094, -0.00023] z=0.0995
[lowlevel-sim][GT] t=56.701 quat=[0.48441, -0.52312, 0.50562, 0.48584] angvel=[-0.00073, -0.0041, -0.01086] linvel=[-0.00677, 0.00056, -0.00042] z=0.0995
[lowlevel-sim][GT] t=56.751 quat=[0.4847, -0.5231, 0.50559, 0.4856] angvel=[-0.00209, -0.0407, -0.00578] linvel=[-0.00733, -0.00107, 0.00044] z=0.0995
[lowlevel-sim][GT] t=56.801 quat=[0.48506, -0.52313, 0.50554, 0.48527] angvel=[0.00352, -0.0166, -0.00899] linvel=[-0.00725, -0.00114, -0.00065] z=0.0995
[lowlevel-sim][GT] t=56.851 quat=[0.48526, -0.52314, 0.50555, 0.48504] angvel=[-0.00397, -0.01367, -0.00713] linvel=[-0.00654, 0.00089, 0.00118] z=0.0995
[lowlevel-sim][GT] t=56.901 quat=[0.48543, -0.52313, 0.50554, 0.4849] angvel=[-0.00376, 0.00708, -0.01292] linvel=[-0.0059, 0.00238, -0.00081] z=0.0995
[lowlevel-sim][GT] t=56.951 quat=[0.48553, -0.52312, 0.50554, 0.48481] angvel=[0.0042, -0.01125, -0.00377] linvel=[-0.00483, 0.00179, -0.00072] z=0.0995
[lowlevel-sim] t=  57.00 mode=cmd        pd=33610 hold=10829 failclosed=140 rtf=0.282 base_z=+0.099 pitch=+1.510 roll=-2.842 |tau|max=  7.75 sat=0/29 knee_L=+0.255 hip_p_L=-0.099 torn=12102 cmd_age=69.8ms auth=160.0s rig_ign=750 fix_base=0
[lowlevel-sim][GT] t=57.001 quat=[0.48563, -0.52313, 0.50551, 0.48472] angvel=[0.00072, 0.00941, -0.00644] linvel=[-0.0002, -0.0009, 0.00047] z=0.0995
[lowlevel-sim][GT] t=57.051 quat=[0.48559, -0.52318, 0.50554, 0.48469] angvel=[0.00138, 0.00799, 0.00676] linvel=[0.00588, -0.00158, -0.00015] z=0.0995
[lowlevel-sim][GT] t=57.101 quat=[0.48537, -0.52321, 0.50557, 0.48483] angvel=[0.00713, 0.00816, 0.00532] linvel=[0.00625, -0.00201, -0.00086] z=0.0995
[lowlevel-sim] FAIL-CLOSED engaged at t=57.115s, last command age 86.55 ms (deadline <= 100 ms) PASS
[lowlevel-sim] COMMANDED at t=57.120s (was fail-closed)
[lowlevel-sim][GT] t=57.151 quat=[0.48455, -0.52367, 0.50612, 0.48459] angvel=[0.0099, 0.00728, 0.01452] linvel=[0.0069, 0.00491, 0.00098] z=0.0992
[lowlevel-sim][GT] t=57.201 quat=[0.48438, -0.52343, 0.50599, 0.48516] angvel=[0.01345, 0.02024, 0.01959] linvel=[0.00623, 0.00264, -0.00064] z=0.0993
[lowlevel-sim][GT] t=57.251 quat=[0.4843, -0.52323, 0.50591, 0.48552] angvel=[0.00289, -0.00415, 0.00025] linvel=[0.00692, 0.00217, 0.00063] z=0.0993
[lowlevel-sim][GT] t=57.301 quat=[0.48418, -0.52318, 0.50591, 0.48571] angvel=[0.0038, -0.00604, 0.01323] linvel=[0.00586, 0.00056, 0.00038] z=0.0993
[lowlevel-sim][GT] t=57.351 quat=[0.48412, -0.52314, 0.5059, 0.48582] angvel=[0.00367, -0.0015, 0.00014] linvel=[0.00393, -0.00043, -0.0004] z=0.0993
[lowlevel-sim][GT] t=57.401 quat=[0.48406, -0.52313, 0.50592, 0.48586] angvel=[0.00853, -0.00807, 0.00142] linvel=[-0.00046, -0.00137, -0.00024] z=0.0993
[lowlevel-sim][GT] t=57.451 quat=[0.4842, -0.52309, 0.50588, 0.48581] angvel=[0.00611, -0.01093, -0.00211] linvel=[-0.00797, -0.00056, -0.00132] z=0.0994
[lowlevel-sim] t=  57.50 mode=cmd        pd=33863 hold=10829 failclosed=145 rtf=0.282 base_z=+0.099 pitch=+1.510 roll=-2.884 |tau|max=  7.70 sat=0/29 knee_L=+0.255 hip_p_L=-0.101 torn=12135 cmd_age=20.6ms auth=161.7s rig_ign=750 fix_base=0
[lowlevel-sim][GT] t=57.501 quat=[0.48445, -0.52308, 0.50585, 0.4856] angvel=[0.00401, -0.01309, -0.01105] linvel=[-0.00626, -0.00098, 0.00064] z=0.0994
[lowlevel-sim][GT] t=57.551 quat=[0.48474, -0.52307, 0.50581, 0.48537] angvel=[0.00559, -0.01452, -0.00422] linvel=[-0.00724, -0.0011, -0.00144] z=0.0994
[lowlevel-sim][GT] t=57.601 quat=[0.48491, -0.52309, 0.50581, 0.48518] angvel=[0.00709, -0.00924, -0.00249] linvel=[-0.00627, -0.00018, -0.00197] z=0.0993
[lowlevel-sim][GT] t=57.651 quat=[0.48508, -0.52309, 0.50577, 0.48504] angvel=[0.00634, 0.00267, -0.01603] linvel=[-0.00684, 0.00064, -0.00131] z=0.0993
[lowlevel-sim][GT] t=57.701 quat=[0.48521, -0.52311, 0.50578, 0.48489] angvel=[0.00366, -3e-05, -0.0039] linvel=[-0.00534, -0.00062, -0.00198] z=0.0993
[lowlevel-sim][GT] t=57.751 quat=[0.48533, -0.5231, 0.50577, 0.48479] angvel=[0.00583, 0.00805, -0.00027] linvel=[-0.00148, -0.00035, -0.00101] z=0.0993
[lowlevel-sim][GT] t=57.801 quat=[0.48529, -0.52317, 0.5058, 0.48473] angvel=[-0.0021, 0.00035, -0.00112] linvel=[0.00387, -0.00056, -0.00049] z=0.0993
[lowlevel-sim][GT] t=57.851 quat=[0.48511, -0.5232, 0.50584, 0.48483] angvel=[-0.00366, 0.02199, 0.00014] linvel=[0.00748, 0.00048, -0.00174] z=0.0993
[lowlevel-sim][GT] t=57.901 quat=[0.48494, -0.52317, 0.50584, 0.48502] angvel=[-0.00207, 0.03006, -0.00536] linvel=[0.00741, 0.00079, 0.00039] z=0.0993
[lowlevel-sim][GT] t=57.951 quat=[0.48473, -0.52318, 0.50586, 0.4852] angvel=[0.00072, 0.00288, 0.00464] linvel=[0.00715, -4e-05, 0.00092] z=0.0993
[lowlevel-sim] t=  58.00 mode=cmd        pd=34113 hold=10829 failclosed=145 rtf=0.282 base_z=+0.099 pitch=+1.509 roll=-2.878 |tau|max=  7.72 sat=0/29 knee_L=+0.256 hip_p_L=-0.101 torn=12155 cmd_age=39.6ms auth=163.2s rig_ign=750 fix_base=0
[lowlevel-sim][GT] t=58.001 quat=[0.48457, -0.52317, 0.50587, 0.48537] angvel=[0.00397, 0.01733, -0.00968] linvel=[0.00726, 0.00044, 0.00065] z=0.0994
[lowlevel-sim][GT] t=58.051 quat=[0.48443, -0.52319, 0.50589, 0.48546] angvel=[-0.00147, 0.00563, 0.00652] linvel=[0.00749, 1e-05, -0.00067] z=0.0994
[lowlevel-sim][GT] t=58.101 quat=[0.48434, -0.52315, 0.50589, 0.4856] angvel=[-5e-05, 0.0041, 0.002] linvel=[0.00453, -8e-05, -0.00048] z=0.0994
[lowlevel-sim][GT] t=58.151 quat=[0.4843, -0.52312, 0.50588, 0.48568] angvel=[0.00889, -0.00393, 0.00349] linvel=[0.00049, -0.0005, -0.00147] z=0.0994
[lowlevel-sim][GT] t=58.201 quat=[0.48432, -0.52309, 0.50587, 0.4857] angvel=[0.00057, -0.00236, 0.00089] linvel=[-0.00216, 0.00051, -7e-05] z=0.0994
[lowlevel-sim][GT] t=58.251 quat=[0.48447, -0.52302, 0.50584, 0.48566] angvel=[0.00827, -0.01619, -0.00072] linvel=[-0.00679, 0.001, -0.00105] z=0.0994
[lowlevel-sim][GT] t=58.301 quat=[0.48472, -0.523, 0.50581, 0.48546] angvel=[-0.01025, -0.00388, -0.01344] linvel=[-0.00679, -0.00019, 0.00143] z=0.0994
[lowlevel-sim][GT] t=58.351 quat=[0.48495, -0.52303, 0.50581, 0.4852] angvel=[-0.00118, -0.00824, -0.01042] linvel=[-0.00723, -0.0004, -0.00071] z=0.0994
[lowlevel-sim][GT] t=58.401 quat=[0.48511, -0.52307, 0.50581, 0.485] angvel=[0.0015, -0.01358, -0.00459] linvel=[-0.00717, 0.0011, -0.00017] z=0.0994
[lowlevel-sim][GT] t=58.451 quat=[0.48529, -0.52308, 0.50577, 0.48486] angvel=[0.01357, -0.00436, -0.0098] linvel=[-0.0053, -0.00065, -0.00191] z=0.0994
[lowlevel-sim] t=  58.50 mode=cmd        pd=34363 hold=10829 failclosed=145 rtf=0.283 base_z=+0.099 pitch=+1.509 roll=-2.852 |tau|max=  7.73 sat=0/29 knee_L=+0.255 hip_p_L=-0.099 torn=12168 cmd_age=20.4ms auth=164.6s rig_ign=750 fix_base=0
[lowlevel-sim][GT] t=58.501 quat=[0.48541, -0.52308, 0.50573, 0.48477] angvel=[0.00184, 0.00951, -0.00908] linvel=[-0.00269, 0.00057, -0.00088] z=0.0994
[lowlevel-sim][GT] t=58.551 quat=[0.48546, -0.52312, 0.50575, 0.48466] angvel=[-0.00328, 0.00041, 0.00282] linvel=[0.00292, -0.00016, 0.00123] z=0.0994
[lowlevel-sim][GT] t=58.601 quat=[0.48529, -0.52316, 0.5058, 0.48473] angvel=[0.00897, 0.01352, -0.00273] linvel=[0.00645, -0.00039, -0.00114] z=0.0994
[lowlevel-sim][GT] t=58.651 quat=[0.48504, -0.52317, 0.50583, 0.48495] angvel=[0.00579, 0.01005, 0.01402] linvel=[0.0069, 0.00081, -0.00084] z=0.0994
[lowlevel-sim][GT] t=58.701 quat=[0.48486, -0.52313, 0.50583, 0.48515] angvel=[0.00103, 0.00742, -0.00237] linvel=[0.00724, 0.0013, 0.00026] z=0.0994
[lowlevel-sim][GT] t=58.751 quat=[0.4847, -0.52315, 0.50586, 0.48528] angvel=[0.00507, -0.00987, 0.01581] linvel=[0.00675, -0.00119, -0.00065] z=0.0994
[lowlevel-sim][GT] t=58.801 quat=[0.48458, -0.52314, 0.50587, 0.48539] angvel=[-0.0044, 0.01732, -0.00145] linvel=[0.0061, 0.00077, 0.001] z=0.0994
[lowlevel-sim][GT] t=58.851 quat=[0.4845, -0.52313, 0.50587, 0.48549] angvel=[0.01022, -0.00504, 0.00067] linvel=[0.00358, 0.00079, -0.0004] z=0.0994
[lowlevel-sim][GT] t=58.901 quat=[0.48446, -0.52307, 0.50587, 0.48559] angvel=[0.00513, 0.00259, -0.00308] linvel=[-0.00071, -0.00124, -0.00061] z=0.0994
[lowlevel-sim][GT] t=58.951 quat=[0.48451, -0.52303, 0.50586, 0.48559] angvel=[0.01189, -0.00947, -0.00035] linvel=[-0.00589, -0.00275, -0.00043] z=0.0994
[lowlevel-sim] t=  59.00 mode=cmd        pd=34613 hold=10829 failclosed=145 rtf=0.283 base_z=+0.099 pitch=+1.510 roll=-2.880 |tau|max=  7.68 sat=0/29 knee_L=+0.255 hip_p_L=-0.101 torn=12192 cmd_age=23.3ms auth=166.2s rig_ign=750 fix_base=0
[lowlevel-sim][GT] t=59.001 quat=[0.48463, -0.52301, 0.50586, 0.48548] angvel=[0.00832, -0.01494, -0.00123] linvel=[-0.00602, 0.00021, -0.00163] z=0.0994
[lowlevel-sim][GT] t=59.051 quat=[0.48489, -0.52299, 0.5058, 0.48532] angvel=[0.00071, -0.01211, -0.00931] linvel=[-0.00654, 0.00053, -0.00013] z=0.0994
[lowlevel-sim][GT] t=59.101 quat=[0.48505, -0.523, 0.5058, 0.48515] angvel=[0.00891, -0.00706, -0.00065] linvel=[-0.00601, 0.00039, -0.0017] z=0.0994
[lowlevel-sim][GT] t=59.151 quat=[0.48521, -0.52301, 0.50578, 0.48499] angvel=[0.00065, 0.00838, -0.00864] linvel=[-0.00546, -0.00033, 0.00031] z=0.0994
[lowlevel-sim][GT] t=59.201 quat=[0.48534, -0.52304, 0.50577, 0.48484] angvel=[-0.00095, -0.01433, -0.00016] linvel=[-0.00226, 0.00071, 0.0009] z=0.0994
[lowlevel-sim][GT] t=59.251 quat=[0.48543, -0.52309, 0.50576, 0.4847] angvel=[0.00326, -0.00411, -0.00342] linvel=[0.00125, -0.00119, -0.00165] z=0.0994
[lowlevel-sim][GT] t=59.301 quat=[0.48542, -0.52312, 0.50576, 0.48468] angvel=[-0.00694, -0.00118, 0.00908] linvel=[0.00466, -0.00085, 0.00063] z=0.0994
[lowlevel-sim][GT] t=59.351 quat=[0.48527, -0.52314, 0.5058, 0.48477] angvel=[0.00334, 0.00342, 0.02271] linvel=[0.00711, -0.00193, 0.00034] z=0.0994
[lowlevel-sim][GT] t=59.401 quat=[0.48506, -0.52314, 0.50581, 0.48496] angvel=[-3e-05, 0.01208, 0.01043] linvel=[0.00611, -0.00048, -0.00016] z=0.0994
[lowlevel-sim][GT] t=59.451 quat=[0.48489, -0.52313, 0.50583, 0.48513] angvel=[0.00708, 0.01504, -0.00084] linvel=[0.00583, -0.00012, -0.0001] z=0.0994
[lowlevel-sim] t=  59.50 mode=cmd        pd=34863 hold=10829 failclosed=145 rtf=0.283 base_z=+0.099 pitch=+1.510 roll=-2.873 |tau|max=  7.69 sat=0/29 knee_L=+0.256 hip_p_L=-0.101 torn=12221 cmd_age=34.7ms auth=167.9s rig_ign=750 fix_base=0
[lowlevel-sim][GT] t=59.501 quat=[0.48476, -0.52312, 0.50582, 0.48529] angvel=[0.0142, 0.00737, -0.0043] linvel=[0.00613, -0.00027, -0.00077] z=0.0994
[lowlevel-sim][GT] t=59.551 quat=[0.48467, -0.5231, 0.50583, 0.48538] angvel=[0.0013, -0.0084, 0.01171] linvel=[0.00418, 0.00101, 0.00027] z=0.0994
[lowlevel-sim][GT] t=59.601 quat=[0.4846, -0.52309, 0.50582, 0.48548] angvel=[0.00657, -0.00126, 0.00536] linvel=[0.00352, -0.00034, -0.00037] z=0.0995
[lowlevel-sim][GT] t=59.651 quat=[0.48454, -0.52307, 0.50583, 0.48555] angvel=[0.00121, -0.0072, 0.00341] linvel=[0.00078, -0.00049, -0.00014] z=0.0995
[lowlevel-sim][GT] t=59.701 quat=[0.48455, -0.52302, 0.50582, 0.4856] angvel=[0.00116, 0.0015, -0.00297] linvel=[-0.00476, 0.00166, -8e-05] z=0.0995
[lowlevel-sim][GT] t=59.751 quat=[0.48463, -0.52295, 0.50581, 0.4856] angvel=[0.00622, -0.02134, -0.00043] linvel=[-0.00717, -0.00014, -0.0008] z=0.0995
[lowlevel-sim][GT] t=59.801 quat=[0.48482, -0.52296, 0.50579, 0.48543] angvel=[0.00023, -0.0048, -0.01054] linvel=[-0.00746, 0.00022, 1e-05] z=0.0995
[lowlevel-sim][GT] t=59.851 quat=[0.48498, -0.52298, 0.5058, 0.48523] angvel=[-0.00485, -0.02024, 0.0012] linvel=[-0.00642, 0.00234, -0.00096] z=0.0995
[lowlevel-sim][GT] t=59.901 quat=[0.48513, -0.523, 0.50579, 0.48507] angvel=[-0.01061, -0.00646, -0.0039] linvel=[-0.00435, 0.00133, 0.0007] z=0.0994
[lowlevel-sim][GT] t=59.951 quat=[0.48525, -0.52302, 0.50579, 0.48494] angvel=[0.01321, -0.00532, 0.00046] linvel=[-0.00219, -0.00183, -0.00157] z=0.0994
[lowlevel-sim] t=  60.00 mode=cmd        pd=35113 hold=10829 failclosed=145 rtf=0.283 base_z=+0.099 pitch=+1.510 roll=-2.854 |tau|max=  7.70 sat=0/29 knee_L=+0.255 hip_p_L=-0.100 torn=12243 cmd_age=35.4ms auth=169.7s rig_ign=750 fix_base=0
[lowlevel-sim][GT] t=60.001 quat=[0.48539, -0.52304, 0.50575, 0.48481] angvel=[0.01114, -0.02126, 0.00162] linvel=[0.00168, 0.00044, -0.0015] z=0.0994
[lowlevel-sim][GT] t=60.051 quat=[0.48542, -0.52307, 0.50573, 0.48477] angvel=[-0.0056, 0.01246, -0.00451] linvel=[0.00338, 0.00079, 0.00037] z=0.0994
[lowlevel-sim][GT] t=60.101 quat=[0.48529, -0.52314, 0.50577, 0.48479] angvel=[0.00182, -0.00105, 0.0063] linvel=[0.00527, -0.00075, -0.0012] z=0.0994
[lowlevel-sim][GT] t=60.151 quat=[0.48514, -0.52313, 0.50579, 0.48492] angvel=[0.00228, 0.00787, 0.00032] linvel=[0.00605, 0.00227, 0.00022] z=0.0994
[lowlevel-sim][GT] t=60.201 quat=[0.48497, -0.52311, 0.50581, 0.48508] angvel=[0.00488, -0.00226, 0.01004] linvel=[0.0061, 0.00107, -0.0003] z=0.0994
[lowlevel-sim][GT] t=60.251 quat=[0.48483, -0.52308, 0.50582, 0.48525] angvel=[0.00344, -0.0026, 0.01298] linvel=[0.00583, -0.00017, 0.00031] z=0.0994
[lowlevel-sim][GT] t=60.301 quat=[0.48472, -0.52307, 0.50582, 0.48537] angvel=[0.00649, 0.00749, 0.01068] linvel=[0.00357, 0.00091, -0.00112] z=0.0995
[lowlevel-sim][GT] t=60.351 quat=[0.48467, -0.52304, 0.50581, 0.48547] angvel=[0.00233, 0.00063, 0.00362] linvel=[-0.00129, 0.00066, 5e-05] z=0.0995
[lowlevel-sim][GT] t=60.401 quat=[0.48463, -0.52302, 0.50582, 0.48552] angvel=[-0.00222, 0.00595, -0.00459] linvel=[-0.00644, 0.0005, -0.00018] z=0.0995
[lowlevel-sim][GT] t=60.451 quat=[0.4847, -0.52302, 0.50586, 0.48541] angvel=[0.00432, -0.01268, -0.00567] linvel=[-0.00743, -0.00106, -0.00077] z=0.0995
[lowlevel-sim] t=  60.50 mode=cmd        pd=35363 hold=10829 failclosed=145 rtf=0.283 base_z=+0.099 pitch=+1.510 roll=-2.870 |tau|max=  7.68 sat=0/29 knee_L=+0.255 hip_p_L=-0.101 torn=12262 cmd_age=28.8ms auth=171.4s rig_ign=750 fix_base=0
[lowlevel-sim][GT] t=60.501 quat=[0.48494, -0.52301, 0.50584, 0.48521] angvel=[-7e-05, -0.01983, 0.00393] linvel=[-0.00727, -0.0004, -0.00024] z=0.0995
[lowlevel-sim][GT] t=60.551 quat=[0.48515, -0.523, 0.50579, 0.48505] angvel=[0.00556, -0.00951, -0.00352] linvel=[-0.00638, -0.00094, -0.0015] z=0.0995
[lowlevel-sim][GT] t=60.601 quat=[0.48532, -0.52301, 0.50577, 0.48489] angvel=[0.00249, 0.00709, -0.01206] linvel=[-0.00528, -0.00042, -0.00048] z=0.0994
[lowlevel-sim][GT] t=60.651 quat=[0.48545, -0.52304, 0.50576, 0.48473] angvel=[0.01036, -0.00785, -0.00746] linvel=[-0.00178, -0.00122, -0.00188] z=0.0994
[lowlevel-sim][GT] t=60.701 quat=[0.48554, -0.52307, 0.50575, 0.48463] angvel=[0.00535, 0.00691, -0.00314] linvel=[0.0016, 0.0004, -0.00115] z=0.0994
[lowlevel-sim][GT] t=60.751 quat=[0.48556, -0.5231, 0.50574, 0.4846] angvel=[-0.00208, 0.00641, -0.00717] linvel=[0.00573, -0.00034, 0.00035] z=0.0994
[lowlevel-sim][GT] t=60.801 quat=[0.48546, -0.52313, 0.50575, 0.48464] angvel=[-0.01669, 0.00436, 0.00886] linvel=[0.00717, -0.00025, 0.00183] z=0.0994
[lowlevel-sim][GT] t=60.851 quat=[0.48529, -0.5231, 0.50576, 0.48485] angvel=[0.00697, -0.00884, 0.01433] linvel=[0.0071, 0.0019, -0.0009] z=0.0994
[lowlevel-sim][GT] t=60.901 quat=[0.48509, -0.52308, 0.50578, 0.48503] angvel=[-0.00318, 0.0026, 0.00775] linvel=[0.00666, 0.00095, 0.00104] z=0.0994
[lowlevel-sim][GT] t=60.951 quat=[0.48494, -0.52306, 0.5058, 0.48519] angvel=[0.0033, 0.00643, -0.00189] linvel=[0.00585, 0.00102, -0.00088] z=0.0995
[lowlevel-sim] t=  61.00 mode=cmd        pd=35613 hold=10829 failclosed=145 rtf=0.283 base_z=+0.099 pitch=+1.510 roll=-2.872 |tau|max=  7.67 sat=0/29 knee_L=+0.256 hip_p_L=-0.101 torn=12289 cmd_age=30.5ms auth=173.1s rig_ign=750 fix_base=0
[lowlevel-sim][GT] t=61.001 quat=[0.48482, -0.52309, 0.50582, 0.48526] angvel=[0.00655, -0.00035, 0.006] linvel=[0.0034, -0.00146, -0.00073] z=0.0995
[lowlevel-sim][GT] t=61.051 quat=[0.48475, -0.52309, 0.50583, 0.48533] angvel=[-0.0009, 0.00179, 0.0089] linvel=[0.00201, 7e-05, 0.00021] z=0.0995
[lowlevel-sim][GT] t=61.101 quat=[0.48472, -0.52304, 0.50583, 0.48541] angvel=[0.00048, -0.00165, 0.00196] linvel=[-0.00199, -0.00084, 0.00039] z=0.0995
[lowlevel-sim][GT] t=61.151 quat=[0.48472, -0.52295, 0.5058, 0.48552] angvel=[0.0007, -0.00241, 0.0056] linvel=[-0.00685, 0.00069, 7e-05] z=0.0995
[lowlevel-sim][GT] t=61.201 quat=[0.48474, -0.52296, 0.50587, 0.48543] angvel=[0.00531, 0.00964, -0.01114] linvel=[-0.00696, 0.00038, -0.00029] z=0.0995
[lowlevel-sim][GT] t=61.251 quat=[0.48491, -0.52296, 0.50583, 0.48528] angvel=[0.00181, 0.00208, -0.01232] linvel=[-0.00711, 0.00072, -0.0002] z=0.0995
[lowlevel-sim][GT] t=61.301 quat=[0.48508, -0.52301, 0.50583, 0.48508] angvel=[0.00131, -0.01989, -0.00035] linvel=[-0.00597, 0.00055, -0.00086] z=0.0995
[lowlevel-sim][GT] t=61.351 quat=[0.48521, -0.52305, 0.50585, 0.48488] angvel=[0.00105, -0.00625, -0.00262] linvel=[-0.00279, 0.00083, -7e-05] z=0.0994
[lowlevel-sim][GT] t=61.401 quat=[0.48535, -0.52304, 0.50582, 0.48478] angvel=[0.00163, -0.01781, 0.00969] linvel=[-0.00095, 0.00131, -0.00132] z=0.0994
[lowlevel-sim][GT] t=61.451 quat=[0.48547, -0.52304, 0.50576, 0.48472] angvel=[0.01381, -0.00797, 0.00786] linvel=[0.00165, -0.00176, -0.00087] z=0.0994
[lowlevel-sim] t=  61.50 mode=cmd        pd=35863 hold=10829 failclosed=145 rtf=0.283 base_z=+0.099 pitch=+1.509 roll=-2.850 |tau|max=  7.69 sat=0/29 knee_L=+0.256 hip_p_L=-0.100 torn=12310 cmd_age=53.3ms auth=175.0s rig_ign=750 fix_base=0
[lowlevel-sim][GT] t=61.501 quat=[0.48547, -0.52311, 0.50576, 0.48464] angvel=[-0.00481, -0.00037, -0.00057] linvel=[0.00333, -0.00066, -0.00019] z=0.0994
[lowlevel-sim] FAIL-CLOSED engaged at t=61.550s, last command age 85.73 ms (deadline <= 100 ms) PASS
[lowlevel-sim][GT] t=61.551 quat=[0.4854, -0.52316, 0.50578, 0.48465] angvel=[-0.06257, -0.00247, 0.00173] linvel=[0.00409, 0.00296, -0.00272] z=0.0994
[lowlevel-sim] COMMANDED at t=61.560s (was fail-closed)
[lowlevel-sim] FAIL-CLOSED engaged at t=61.586s, last command age 85.54 ms (deadline <= 100 ms) PASS
[lowlevel-sim] COMMANDED at t=61.598s (was fail-closed)
[lowlevel-sim][GT] t=61.601 quat=[0.48221, -0.52536, 0.50835, 0.48275] angvel=[-0.35779, 0.08542, 0.04818] linvel=[0.00602, 0.00374, -0.01407] z=0.0982
[lowlevel-sim][GT] t=61.651 quat=[0.4821, -0.52473, 0.50799, 0.48393] angvel=[0.08413, 0.04159, 0.01403] linvel=[0.00701, 0.00258, -0.00044] z=0.0983
[lowlevel-sim][GT] t=61.701 quat=[0.4824, -0.52386, 0.50735, 0.48524] angvel=[0.04058, 0.02257, 0.01033] linvel=[0.00743, 0.00258, -0.00056] z=0.0985
[lowlevel-sim][GT] t=61.751 quat=[0.48246, -0.52348, 0.50711, 0.48585] angvel=[0.01513, -0.00161, 0.00871] linvel=[0.00658, 0.00281, -0.00087] z=0.0986
[lowlevel-sim][GT] t=61.801 quat=[0.48242, -0.52334, 0.50703, 0.48611] angvel=[0.00325, 0.00385, -0.00105] linvel=[0.00611, 0.00114, -0.00018] z=0.0986
[lowlevel-sim][GT] t=61.851 quat=[0.48238, -0.52333, 0.50702, 0.48617] angvel=[0.00391, -0.00527, -0.00202] linvel=[0.00476, 1e-05, -0.00058] z=0.0986
[lowlevel-sim][GT] t=61.901 quat=[0.48237, -0.52335, 0.50701, 0.48618] angvel=[0.00978, -0.01113, 0.00075] linvel=[0.00169, -0.00041, -0.0004] z=0.0987
[lowlevel-sim][GT] t=61.951 quat=[0.48242, -0.52335, 0.50698, 0.48615] angvel=[0.00511, -0.00594, -0.0035] linvel=[-0.00269, 0.00115, 0.00052] z=0.0987
[lowlevel-sim] t=  62.00 mode=cmd        pd=36122 hold=10829 failclosed=165 rtf=0.283 base_z=+0.099 pitch=+1.508 roll=-2.946 |tau|max=  7.65 sat=0/29 knee_L=+0.255 hip_p_L=-0.104 torn=12335 cmd_age=38.1ms auth=176.6s rig_ign=750 fix_base=0
[lowlevel-sim][GT] t=62.001 quat=[0.48258, -0.52329, 0.50693, 0.48612] angvel=[-0.00286, -0.02222, 0.00227] linvel=[-0.00709, 0.00147, 0.00058] z=0.0987
[lowlevel-sim][GT] t=62.051 quat=[0.48284, -0.52327, 0.50691, 0.4859] angvel=[-0.00059, -0.03265, -0.01519] linvel=[-0.00711, 0.00149, -0.00022] z=0.0987
[lowlevel-sim][GT] t=62.101 quat=[0.48304, -0.52328, 0.5069, 0.4857] angvel=[0.00271, -0.01985, 0.00177] linvel=[-0.00726, 0.00154, -0.00057] z=0.0987
[lowlevel-sim][GT] t=62.151 quat=[0.48322, -0.52328, 0.50687, 0.48555] angvel=[0.00765, -0.00722, -0.01607] linvel=[-0.00651, 0.0003, -0.00192] z=0.0987
[lowlevel-sim][GT] t=62.201 quat=[0.48339, -0.52329, 0.50685, 0.48539] angvel=[0.00784, -0.00927, -0.01037] linvel=[-0.00479, -0.0004, 0.00017] z=0.0987
[lowlevel-sim][GT] t=62.251 quat=[0.48356, -0.52327, 0.50681, 0.48529] angvel=[0.00308, -0.02167, -0.00098] linvel=[-0.00392, 0.00038, -0.00077] z=0.0987
[lowlevel-sim][GT] t=62.301 quat=[0.48362, -0.52329, 0.50683, 0.48518] angvel=[-0.00593, -0.0111, 0.00495] linvel=[0.00039, 0.00054, 0.00118] z=0.0987
[lowlevel-sim][GT] t=62.351 quat=[0.48359, -0.52336, 0.50684, 0.48512] angvel=[0.00174, 0.01686, 0.0033] linvel=[0.00545, -0.00324, 0.0005] z=0.0987
[lowlevel-sim][GT] t=62.401 quat=[0.48347, -0.52338, 0.50687, 0.4852] angvel=[0.01324, -0.00487, 0.00962] linvel=[0.00595, 0.00042, -0.00055] z=0.0987
[lowlevel-sim][GT] t=62.451 quat=[0.4833, -0.52332, 0.50687, 0.48544] angvel=[-0.00533, 0.0075, 0.00598] linvel=[0.0068, 0.00166, 0.0011] z=0.0987
[lowlevel-sim] t=  62.50 mode=cmd        pd=36372 hold=10829 failclosed=165 rtf=0.283 base_z=+0.099 pitch=+1.508 roll=-2.927 |tau|max=  7.66 sat=0/29 knee_L=+0.256 hip_p_L=-0.103 torn=12350 cmd_age=42.5ms auth=178.3s rig_ign=750 fix_base=0
[lowlevel-sim][GT] t=62.501 quat=[0.48315, -0.5233, 0.50687, 0.4856] angvel=[0.0018, 0.0128, -0.00172] linvel=[0.00712, 0.00052, 0.0012] z=0.0987
[lowlevel-sim][GT] t=62.551 quat=[0.48306, -0.52329, 0.50686, 0.48572] angvel=[0.00042, 0.01228, 0.00761] linvel=[0.00683, 0.00023, -0.00054] z=0.0988
[lowlevel-sim][GT] t=62.601 quat=[0.48301, -0.52326, 0.50686, 0.4858] angvel=[0.00617, -0.01155, 0.00707] linvel=[0.00575, 0.0003, -0.00063] z=0.0988
[lowlevel-sim][GT] t=62.651 quat=[0.48297, -0.52325, 0.50687, 0.48583] angvel=[0.00579, -0.01614, -0.00038] linvel=[0.00388, -0.00022, -0.00145] z=0.0988
[lowlevel-sim][GT] t=62.701 quat=[0.48295, -0.52325, 0.50685, 0.48587] angvel=[0.00568, -0.005, 0.00171] linvel=[0.00087, 0.00019, -0.00014] z=0.0988
[lowlevel-sim][GT] t=62.751 quat=[0.48301, -0.52318, 0.50683, 0.48592] angvel=[0.01984, -0.00433, -0.00621] linvel=[-0.0037, -0.00026, -0.00134] z=0.0988
[lowlevel-sim][GT] t=62.801 quat=[0.48319, -0.52315, 0.50678, 0.4858] angvel=[0.00564, -0.00633, -0.01214] linvel=[-0.00647, -0.00043, -0.00128] z=0.0988
[lowlevel-sim][GT] t=62.851 quat=[0.48336, -0.52317, 0.50677, 0.48564] angvel=[0.01361, -0.00674, -0.01283] linvel=[-0.00722, -0.00117, -0.00214] z=0.0988
[lowlevel-sim][GT] t=62.901 quat=[0.48357, -0.52319, 0.50675, 0.48543] angvel=[0.00272, -0.0058, -0.0015] linvel=[-0.00687, 0.00018, 0.00153] z=0.0988
[lowlevel-sim][GT] t=62.951 quat=[0.48379, -0.52319, 0.50671, 0.48525] angvel=[0.00279, -0.01589, -0.00546] linvel=[-0.00668, 0.00086, -0.00068] z=0.0988
[lowlevel-sim] t=  63.00 mode=cmd        pd=36622 hold=10829 failclosed=165 rtf=0.284 base_z=+0.099 pitch=+1.508 roll=-2.904 |tau|max=  7.69 sat=0/29 knee_L=+0.255 hip_p_L=-0.101 torn=12388 cmd_age=22.1ms auth=179.8s rig_ign=750 fix_base=0
[lowlevel-sim][GT] t=63.001 quat=[0.48395, -0.52319, 0.50671, 0.4851] angvel=[-0.00723, -0.00114, -0.00025] linvel=[-0.00626, 0.00021, 0.00053] z=0.0988
[lowlevel-sim][GT] t=63.051 quat=[0.48408, -0.5232, 0.5067, 0.48496] angvel=[-0.00195, 0.00525, -0.00973] linvel=[-0.0038, 0.00042, -5e-05] z=0.0988
[lowlevel-sim][GT] t=63.101 quat=[0.48409, -0.52322, 0.50671, 0.48491] angvel=[-0.00232, 0.01746, -0.00255] linvel=[0.00309, -0.00215, -0.00053] z=0.0988
[lowlevel-sim][GT] t=63.151 quat=[0.48398, -0.52327, 0.50675, 0.48494] angvel=[0.00428, 0.0021, 0.00181] linvel=[0.0074, 0.00075, -0.0008] z=0.0988
[lowlevel-sim][GT] t=63.201 quat=[0.48381, -0.52322, 0.50674, 0.48517] angvel=[-0.00765, 0.0156, 0.00512] linvel=[0.00684, 0.00347, -0.00048] z=0.0988
[lowlevel-sim][GT] t=63.251 quat=[0.48366, -0.52317, 0.50673, 0.48538] angvel=[-0.00228, -3e-05, 0.00764] linvel=[0.00742, 0.00022, 0.00056] z=0.0988
[lowlevel-sim][GT] t=63.301 quat=[0.4835, -0.52318, 0.50675, 0.48549] angvel=[0.00293, 0.00862, 0.016] linvel=[0.00675, 0.00033, -0.00082] z=0.0989
[lowlevel-sim][GT] t=63.351 quat=[0.48339, -0.52318, 0.50677, 0.48559] angvel=[-0.00043, -0.00872, 0.00503] linvel=[0.00582, -0.00077, 0.00013] z=0.0989
[lowlevel-sim][GT] t=63.401 quat=[0.4833, -0.52318, 0.50677, 0.48568] angvel=[-0.00875, -0.00205, 0.00029] linvel=[0.00644, 0.00211, -0.00037] z=0.0989
[lowlevel-sim][GT] t=63.451 quat=[0.48319, -0.5232, 0.50679, 0.48574] angvel=[-0.00124, 0.00252, -0.00816] linvel=[0.0068, -0.0001, 0.00048] z=0.0989
[lowlevel-sim] t=  63.50 mode=cmd        pd=36872 hold=10829 failclosed=165 rtf=0.284 base_z=+0.099 pitch=+1.508 roll=-2.931 |tau|max=  7.62 sat=0/29 knee_L=+0.256 hip_p_L=-0.104 torn=12403 cmd_age=33.6ms auth=181.4s rig_ign=750 fix_base=0
[lowlevel-sim][GT] t=63.501 quat=[0.48312, -0.52318, 0.5068, 0.48584] angvel=[0.00464, 0.00901, -0.00728] linvel=[0.00223, 0.00206, -0.00176] z=0.0989
[lowlevel-sim][GT] t=63.551 quat=[0.4831, -0.52314, 0.50678, 0.48592] angvel=[0.00129, -0.00047, -0.00197] linvel=[0.00074, 0.00093, -0.00029] z=0.0989
[lowlevel-sim][GT] t=63.601 quat=[0.48317, -0.52308, 0.50676, 0.48593] angvel=[-0.01423, -0.01099, 0.00017] linvel=[-0.00646, 0.00262, 0.00089] z=0.0989
[lowlevel-sim][GT] t=63.651 quat=[0.48341, -0.52308, 0.50672, 0.48573] angvel=[-0.00094, -0.01612, -0.00894] linvel=[-0.00701, 0.00046, 0.00015] z=0.0989
[lowlevel-sim][GT] t=63.701 quat=[0.48371, -0.5231, 0.50669, 0.48544] angvel=[8e-05, -0.00692, -0.00644] linvel=[-0.0068, 0.00145, 0.00024] z=0.0989
[lowlevel-sim][GT] t=63.751 quat=[0.48397, -0.52311, 0.50667, 0.4852] angvel=[0.00326, -0.00539, -0.00973] linvel=[-0.00718, -0.00072, -0.00102] z=0.0989
[lowlevel-sim][GT] t=63.801 quat=[0.48418, -0.52311, 0.50666, 0.48499] angvel=[-0.0032, -0.017, 0.00129] linvel=[-0.00591, 0.00042, 0.00062] z=0.0989
[lowlevel-sim][GT] t=63.851 quat=[0.48435, -0.5231, 0.50663, 0.48487] angvel=[0.00533, -0.00998, 0.00193] linvel=[-0.00506, -0.00091, 0.00048] z=0.0989
[lowlevel-sim][GT] t=63.901 quat=[0.48447, -0.5231, 0.5066, 0.48478] angvel=[0.0033, -0.0134, 0.00524] linvel=[-0.00336, -9e-05, -0.00036] z=0.0989
[lowlevel-sim][GT] t=63.951 quat=[0.48456, -0.52314, 0.5066, 0.48465] angvel=[0.00083, 0.00282, -0.00476] linvel=[-0.00039, -0.00076, -0.00054] z=0.0989
[lowlevel-sim] t=  64.00 mode=cmd        pd=37122 hold=10829 failclosed=165 rtf=0.284 base_z=+0.099 pitch=+1.508 roll=-2.886 |tau|max=  7.66 sat=0/29 knee_L=+0.256 hip_p_L=-0.101 torn=12428 cmd_age=26.7ms auth=183.1s rig_ign=750 fix_base=0
[lowlevel-sim][GT] t=64.001 quat=[0.48448, -0.52319, 0.50663, 0.48463] angvel=[0.00623, 0.00518, -0.00178] linvel=[0.00602, -0.00172, -0.00138] z=0.0989
[lowlevel-sim][GT] t=64.051 quat=[0.48428, -0.52321, 0.50666, 0.48479] angvel=[-0.00253, -0.0009, 0.01877] linvel=[0.0068, 0.00171, 0.00099] z=0.0989
[lowlevel-sim][GT] t=64.101 quat=[0.48413, -0.52314, 0.50664, 0.48504] angvel=[0.00384, 0.02105, -0.00363] linvel=[0.00653, 0.00153, 0.00024] z=0.0989
[lowlevel-sim][GT] t=64.151 quat=[0.48394, -0.52313, 0.50666, 0.48522] angvel=[0.0027, 0.01652, 0.0096] linvel=[0.00649, 0.0001, -0.00095] z=0.0990
[lowlevel-sim][GT] t=64.201 quat=[0.4838, -0.52315, 0.50667, 0.48532] angvel=[0.00466, -0.0007, -0.00218] linvel=[0.006, 0.00109, -0.00066] z=0.0990
[lowlevel-sim][GT] t=64.251 quat=[0.48371, -0.52311, 0.50667, 0.48545] angvel=[-0.00125, 0.00879, 0.01125] linvel=[0.00483, 5e-05, 0.00043] z=0.0990
[lowlevel-sim][GT] t=64.301 quat=[0.48362, -0.5231, 0.50667, 0.48554] angvel=[0.0015, -0.00103, 0.00267] linvel=[0.00634, 0.00145, 1e-05] z=0.0990
[lowlevel-sim][GT] t=64.351 quat=[0.48357, -0.52309, 0.50668, 0.48561] angvel=[0.00278, -0.00192, -0.00145] linvel=[0.00109, -0.00093, 0.00011] z=0.0990
[lowlevel-sim][GT] t=64.401 quat=[0.48362, -0.52304, 0.50667, 0.48563] angvel=[0.00194, 0.0021, -0.00484] linvel=[-0.00636, -0.00034, -0.0003] z=0.0990
[lowlevel-sim][GT] t=64.451 quat=[0.4838, -0.52302, 0.50665, 0.48549] angvel=[0.00651, -0.00861, -0.00184] linvel=[-0.0069, 0.00043, 3e-05] z=0.0990
[lowlevel-sim] t=  64.50 mode=cmd        pd=37372 hold=10829 failclosed=165 rtf=0.284 base_z=+0.099 pitch=+1.509 roll=-2.901 |tau|max=  7.63 sat=0/29 knee_L=+0.255 hip_p_L=-0.102 torn=12453 cmd_age=36.1ms auth=184.6s rig_ign=750 fix_base=0
[lowlevel-sim][GT] t=64.501 quat=[0.48412, -0.52302, 0.5066, 0.48521] angvel=[0.00133, 0.00903, -0.02176] linvel=[-0.00702, 0.00026, -6e-05] z=0.0990
[lowlevel-sim][GT] t=64.551 quat=[0.48436, -0.52308, 0.50658, 0.48493] angvel=[0.0057, -0.01659, -0.00622] linvel=[-0.00706, -0.00023, -0.0007] z=0.0990
[lowlevel-sim][GT] t=64.601 quat=[0.48455, -0.52308, 0.50657, 0.48475] angvel=[-0.00201, -0.02814, 0.01178] linvel=[-0.00689, 0.00068, -0.0005] z=0.0990
[lowlevel-sim][GT] t=64.651 quat=[0.48466, -0.5231, 0.50658, 0.4846] angvel=[0.0087, -0.0023, -0.00935] linvel=[-0.00243, -0.00097, 0.00026] z=0.0990
[lowlevel-sim][GT] t=64.701 quat=[0.48476, -0.52309, 0.50653, 0.48459] angvel=[0.00057, -0.00475, -0.00027] linvel=[0.00178, 0.00067, -0.00017] z=0.0990
[lowlevel-sim][GT] t=64.751 quat=[0.48464, -0.52312, 0.50658, 0.4846] angvel=[-0.00723, 0.00275, 0.00016] linvel=[0.00746, -0.00072, -0.00132] z=0.0990
[lowlevel-sim] FAIL-CLOSED engaged at t=64.780s, last command age 99.27 ms (deadline <= 100 ms) PASS
[lowlevel-sim] COMMANDED at t=64.784s (was fail-closed)
[lowlevel-sim][GT] t=64.801 quat=[0.48391, -0.52354, 0.50706, 0.48438] angvel=[0.00297, 0.00865, 0.00398] linvel=[0.0073, -0.00256, -0.0015] z=0.0988
[lowlevel-sim][GT] t=64.851 quat=[0.48374, -0.52338, 0.50697, 0.48482] angvel=[0.02559, 0.00524, 0.01718] linvel=[0.00689, 0.00167, -0.0011] z=0.0988
[lowlevel-sim][GT] t=64.901 quat=[0.48361, -0.52319, 0.50689, 0.48524] angvel=[0.022, 0.01481, 0.00069] linvel=[0.00774, -0.00093, -0.00207] z=0.0989
[lowlevel-sim][GT] t=64.951 quat=[0.48345, -0.52313, 0.50689, 0.48546] angvel=[0.00286, 0.01895, 0.00039] linvel=[0.0067, -0.00035, -0.00073] z=0.0989
[lowlevel-sim] t=  65.00 mode=cmd        pd=37624 hold=10829 failclosed=169 rtf=0.284 base_z=+0.099 pitch=+1.508 roll=-2.926 |tau|max=  7.61 sat=0/29 knee_L=+0.256 hip_p_L=-0.104 torn=12481 cmd_age=48.8ms auth=186.4s rig_ign=750 fix_base=0
[lowlevel-sim][GT] t=65.001 quat=[0.48335, -0.52311, 0.5069, 0.48557] angvel=[-0.0023, -0.00126, -0.00367] linvel=[0.00425, 0.0015, 0.00016] z=0.0989
[lowlevel-sim][GT] t=65.051 quat=[0.4833, -0.52312, 0.50689, 0.48562] angvel=[0.00711, -0.01944, 0.00167] linvel=[0.00011, -0.00101, -0.00167] z=0.0989
[lowlevel-sim][GT] t=65.101 quat=[0.48344, -0.52305, 0.50683, 0.48562] angvel=[0.01, -0.01494, -0.00041] linvel=[-0.00696, 5e-05, -0.00044] z=0.0989
[lowlevel-sim][GT] t=65.151 quat=[0.4837, -0.52302, 0.50679, 0.48544] angvel=[0.00024, -0.00019, -0.00971] linvel=[-0.00675, -0.00278, -0.00023] z=0.0989
[lowlevel-sim][GT] t=65.201 quat=[0.48391, -0.52305, 0.50682, 0.48517] angvel=[0.01052, -0.00916, -0.01592] linvel=[-0.00735, -0.00018, -0.00105] z=0.0989
[lowlevel-sim][GT] t=65.251 quat=[0.48414, -0.52306, 0.50679, 0.48496] angvel=[0.00992, -0.01367, -0.00672] linvel=[-0.00704, -0.00145, -0.00061] z=0.0989
[lowlevel-sim][GT] t=65.301 quat=[0.48426, -0.52307, 0.5068, 0.48482] angvel=[0.01424, -0.02663, -0.00421] linvel=[-0.00618, -0.00077, -0.0025] z=0.0989
[lowlevel-sim][GT] t=65.351 quat=[0.48439, -0.52307, 0.50678, 0.4847] angvel=[0.00726, -0.00653, -0.00135] linvel=[-0.00413, -6e-05, -0.00217] z=0.0989
[lowlevel-sim][GT] t=65.401 quat=[0.48453, -0.52307, 0.50675, 0.48459] angvel=[0.00211, -0.01283, 0.00128] linvel=[-0.00077, -0.00151, -0.00103] z=0.0989
[lowlevel-sim][GT] t=65.451 quat=[0.4845, -0.52313, 0.50676, 0.48455] angvel=[0.00281, 0.00582, 0.00878] linvel=[0.00512, -0.00138, -0.00028] z=0.0989
[lowlevel-sim] t=  65.50 mode=cmd        pd=37874 hold=10829 failclosed=169 rtf=0.284 base_z=+0.099 pitch=+1.508 roll=-2.894 |tau|max=  7.64 sat=0/29 knee_L=+0.256 hip_p_L=-0.102 torn=12499 cmd_age=27.5ms auth=188.1s rig_ign=750 fix_base=0
[lowlevel-sim][GT] t=65.501 quat=[0.48428, -0.52317, 0.5068, 0.48468] angvel=[-0.0099, 0.00107, 0.01173] linvel=[0.00706, 0.00061, 0.0007] z=0.0989
[lowlevel-sim][GT] t=65.551 quat=[0.48408, -0.52313, 0.50681, 0.48491] angvel=[0.02873, 0.01045, 0.00289] linvel=[0.00777, 0.00093, 3e-05] z=0.0989
[lowlevel-sim][GT] t=65.601 quat=[0.48389, -0.52312, 0.50683, 0.4851] angvel=[0.00087, -0.00172, 0.00348] linvel=[0.00692, 0.0003, 0.00041] z=0.0989
[lowlevel-sim][GT] t=65.651 quat=[0.48373, -0.5231, 0.50685, 0.48526] angvel=[0.00193, 0.01225, 0.00162] linvel=[0.00633, 0.00061, -0.00027] z=0.0989
[lowlevel-sim][GT] t=65.701 quat=[0.48362, -0.52308, 0.50685, 0.48539] angvel=[-0.00462, 0.01117, -0.00825] linvel=[0.00461, 0.00136, 0.00079] z=0.0989
[lowlevel-sim][GT] t=65.751 quat=[0.48356, -0.5231, 0.50686, 0.48542] angvel=[0.00255, 0.00402, 0.00504] linvel=[0.00107, -0.00057, -0.00042] z=0.0989
[lowlevel-sim][GT] t=65.801 quat=[0.4836, -0.52304, 0.50682, 0.48548] angvel=[0.00261, -0.00107, 0.00028] linvel=[-0.00348, -0.00019, 0.00101] z=0.0989
[lowlevel-sim][GT] t=65.851 quat=[0.48372, -0.52298, 0.50679, 0.48547] angvel=[0.00565, -0.0093, -0.00392] linvel=[-0.0079, 0.00107, -0.00047] z=0.0989
[lowlevel-sim][GT] t=65.901 quat=[0.48393, -0.52299, 0.5068, 0.48523] angvel=[0.00879, -0.02155, -0.0048] linvel=[-0.0075, -0.00137, -0.00131] z=0.0989
[lowlevel-sim][GT] t=65.951 quat=[0.48418, -0.52302, 0.50677, 0.48499] angvel=[0.00954, -0.00375, -0.00863] linvel=[-0.00664, -0.0006, -0.00051] z=0.0989
[lowlevel-sim] t=  66.00 mode=cmd        pd=38124 hold=10829 failclosed=169 rtf=0.285 base_z=+0.099 pitch=+1.508 roll=-2.894 |tau|max=  7.63 sat=0/29 knee_L=+0.255 hip_p_L=-0.101 torn=12526 cmd_age=33.7ms auth=189.7s rig_ign=750 fix_base=0
[lowlevel-sim][GT] t=66.001 quat=[0.48438, -0.52303, 0.50674, 0.4848] angvel=[-0.00831, -0.02176, -0.00077] linvel=[-0.00602, 0.00246, 0.00135] z=0.0989
[lowlevel-sim][GT] t=66.051 quat=[0.48455, -0.52306, 0.5067, 0.48465] angvel=[0.00448, -0.00545, -0.00176] linvel=[-0.00443, 0.00073, -0.00111] z=0.0989
[lowlevel-sim][GT] t=66.101 quat=[0.48464, -0.52307, 0.50668, 0.48456] angvel=[-0.0011, 0.00279, -0.00381] linvel=[-0.00316, 8e-05, -0.00014] z=0.0989
[lowlevel-sim][GT] t=66.151 quat=[0.4847, -0.5231, 0.50666, 0.48449] angvel=[0.00161, -0.0007, 0.00995] linvel=[0.00311, -0.0009, 0.00016] z=0.0989
[lowlevel-sim][GT] t=66.201 quat=[0.48454, -0.52316, 0.50672, 0.48453] angvel=[-0.00348, 0.01852, 0.00462] linvel=[0.00785, -0.0001, -0.00043] z=0.0989
[lowlevel-sim][GT] t=66.251 quat=[0.48431, -0.52313, 0.50674, 0.48476] angvel=[0.00465, 0.02058, 0.01275] linvel=[0.00761, 6e-05, -0.00187] z=0.0989
[lowlevel-sim][GT] t=66.301 quat=[0.48405, -0.52311, 0.50675, 0.48503] angvel=[0.00025, 0.00104, 0.00623] linvel=[0.0075, 0.00143, -0.00013] z=0.0989
[lowlevel-sim][GT] t=66.351 quat=[0.48389, -0.52312, 0.50677, 0.48517] angvel=[0.00041, -0.00417, 0.00569] linvel=[0.00659, 0.00173, 0.00019] z=0.0989
[lowlevel-sim][GT] t=66.401 quat=[0.48377, -0.52312, 0.50679, 0.48525] angvel=[0.00502, -0.01501, 0.00465] linvel=[0.00538, -0.00112, 5e-05] z=0.0989
[lowlevel-sim][GT] t=66.451 quat=[0.48372, -0.52311, 0.50678, 0.48534] angvel=[0.00895, -0.00794, 0.00032] linvel=[0.00118, 0.00094, -0.00089] z=0.0989
[lowlevel-sim] t=  66.50 mode=cmd        pd=38374 hold=10829 failclosed=169 rtf=0.285 base_z=+0.099 pitch=+1.508 roll=-2.914 |tau|max=  7.58 sat=0/29 knee_L=+0.255 hip_p_L=-0.103 torn=12548 cmd_age=37.5ms auth=191.4s rig_ign=750 fix_base=0
[lowlevel-sim][GT] t=66.501 quat=[0.4837, -0.52309, 0.50678, 0.48538] angvel=[0.00277, -0.00405, 0.00606] linvel=[-0.00361, 0.00148, -3e-05] z=0.0990
[lowlevel-sim][GT] t=66.551 quat=[0.48377, -0.52305, 0.50675, 0.48538] angvel=[0.00639, 0.00297, -0.00591] linvel=[-0.00712, 0.00036, 0.00046] z=0.0989
[lowlevel-sim][GT] t=66.601 quat=[0.48395, -0.52304, 0.50674, 0.48522] angvel=[-0.00049, -0.02245, -0.00217] linvel=[-0.00702, -0.00149, 0.00063] z=0.0989
[lowlevel-sim][GT] t=66.651 quat=[0.48413, -0.52307, 0.50675, 0.48499] angvel=[9e-05, -0.00707, -0.00616] linvel=[-0.00697, -0.00099, -0.00066] z=0.0989
[lowlevel-sim][GT] t=66.701 quat=[0.4843, -0.52307, 0.50671, 0.48486] angvel=[0.00876, -0.005, -0.00631] linvel=[-0.00566, -0.00119, -0.00224] z=0.0989
[lowlevel-sim][GT] t=66.751 quat=[0.48444, -0.52309, 0.50671, 0.4847] angvel=[-0.00377, -0.00024, -0.00217] linvel=[-0.00408, -0.00043, 0.0004] z=0.0989
[lowlevel-sim][GT] t=66.801 quat=[0.48456, -0.52309, 0.5067, 0.4846] angvel=[0.01195, -0.01321, -0.00939] linvel=[-0.00287, 0.00054, 0.00054] z=0.0989
[lowlevel-sim][GT] t=66.851 quat=[0.48469, -0.5231, 0.50669, 0.48447] angvel=[0.00933, 0.01795, -0.01268] linvel=[5e-05, -0.00088, -0.00181] z=0.0989
[lowlevel-sim][GT] t=66.901 quat=[0.4847, -0.52315, 0.5067, 0.48439] angvel=[0.0009, 0.00846, -0.0097] linvel=[0.00304, -0.00155, -7e-05] z=0.0989
[lowlevel-sim][GT] t=66.951 quat=[0.48454, -0.5232, 0.50676, 0.48443] angvel=[-0.00066, -0.00249, 0.01397] linvel=[0.00734, -0.00033, 0.00071] z=0.0989
[lowlevel-sim] t=  67.00 mode=cmd        pd=38624 hold=10829 failclosed=169 rtf=0.285 base_z=+0.099 pitch=+1.508 roll=-2.892 |tau|max=  7.62 sat=0/29 knee_L=+0.256 hip_p_L=-0.102 torn=12577 cmd_age=26.8ms auth=193.1s rig_ign=750 fix_base=0
[lowlevel-sim][GT] t=67.001 quat=[0.48436, -0.52314, 0.50676, 0.48468] angvel=[-0.00259, 0.0124, 0.01054] linvel=[0.00664, 0.00211, 0.00165] z=0.0989
[lowlevel-sim][GT] t=67.051 quat=[0.48416, -0.52308, 0.50678, 0.48492] angvel=[0.0006, 0.00638, 0.0006] linvel=[0.00658, 0.00047, 0.00025] z=0.0989
[lowlevel-sim][GT] t=67.101 quat=[0.48402, -0.52309, 0.5068, 0.48504] angvel=[0.01094, -0.01387, 0.01778] linvel=[0.00708, -0.00028, -0.0004] z=0.0989
[lowlevel-sim][GT] t=67.151 quat=[0.48388, -0.52308, 0.5068, 0.48518] angvel=[0.00065, 0.0185, -0.00132] linvel=[0.00586, -0.0006, -0.00039] z=0.0990
[lowlevel-sim][GT] t=67.201 quat=[0.48375, -0.52311, 0.50683, 0.48525] angvel=[-0.00428, 0.01652, -0.00022] linvel=[0.00424, 0.00047, -8e-05] z=0.0990
[lowlevel-sim][GT] t=67.251 quat=[0.48367, -0.52308, 0.50682, 0.48536] angvel=[0.00934, 0.00643, 0.00065] linvel=[0.00312, -0.00114, -0.00089] z=0.0990
[lowlevel-sim][GT] t=67.301 quat=[0.48363, -0.52306, 0.50682, 0.48543] angvel=[0.00228, -0.00217, 0.00353] linvel=[0.00012, 0.00231, -0.00031] z=0.0990
[lowlevel-sim][GT] t=67.351 quat=[0.48364, -0.523, 0.50681, 0.48549] angvel=[0.00421, 0.00231, -0.00567] linvel=[-0.00474, 0.00108, 0.0012] z=0.0990
[lowlevel-sim][GT] t=67.401 quat=[0.48372, -0.52295, 0.50681, 0.48547] angvel=[0.0153, -0.01181, 0.00269] linvel=[-0.00691, 0.00042, -0.00157] z=0.0990
[lowlevel-sim][GT] t=67.451 quat=[0.48391, -0.52295, 0.50681, 0.48528] angvel=[0.00165, -0.00549, -0.00382] linvel=[-0.0072, -0.00052, 0.00013] z=0.0990
[lowlevel-sim] t=  67.50 mode=cmd        pd=38874 hold=10829 failclosed=169 rtf=0.285 base_z=+0.099 pitch=+1.508 roll=-2.904 |tau|max=  7.59 sat=0/29 knee_L=+0.255 hip_p_L=-0.102 torn=12592 cmd_age=45.8ms auth=194.8s rig_ign=750 fix_base=0
[lowlevel-sim][GT] t=67.501 quat=[0.4841, -0.52297, 0.50679, 0.48509] angvel=[-0.00065, -0.00261, -0.00543] linvel=[-0.0063, -0.00061, -0.00046] z=0.0990
[lowlevel-sim][GT] t=67.551 quat=[0.48427, -0.523, 0.50676, 0.48492] angvel=[0.00313, -0.00838, -0.00689] linvel=[-0.00543, 0.00053, -0.00055] z=0.0990
[lowlevel-sim][GT] t=67.601 quat=[0.48438, -0.52301, 0.50677, 0.48479] angvel=[-0.00045, -0.01352, 0.0076] linvel=[-0.00528, 4e-05, -0.00011] z=0.0990
[lowlevel-sim][GT] t=67.651 quat=[0.48452, -0.52301, 0.50673, 0.48469] angvel=[0.01012, -0.01277, 0.00122] linvel=[-0.00258, -0.00082, -0.00081] z=0.0990
[lowlevel-sim][GT] t=67.701 quat=[0.48459, -0.52308, 0.50675, 0.48453] angvel=[-0.00409, -0.00523, -0.00472] linvel=[0.00087, 0.00067, 7e-05] z=0.0990
[lowlevel-sim][GT] t=67.751 quat=[0.48465, -0.52309, 0.50673, 0.48448] angvel=[0.00784, 0.01199, -0.0048] linvel=[0.00272, -0.00115, -0.00035] z=0.0990
[lowlevel-sim][GT] t=67.801 quat=[0.48466, -0.52308, 0.50669, 0.48452] angvel=[-0.00099, 0.00569, 0.00714] linvel=[0.00396, 0.00085, 0.00021] z=0.0990
[lowlevel-sim][GT] t=67.851 quat=[0.48447, -0.52313, 0.50675, 0.48459] angvel=[0.00435, 0.00037, 0.00853] linvel=[0.00698, -0.00034, 0.00189] z=0.0990
[lowlevel-sim][GT] t=67.901 quat=[0.48431, -0.52309, 0.50675, 0.4848] angvel=[-0.00395, 0.0176, -0.00653] linvel=[0.00723, 0.00283, 0.00087] z=0.0990
[lowlevel-sim][GT] t=67.951 quat=[0.48412, -0.52306, 0.50678, 0.48499] angvel=[0.00016, 0.00627, 0.00013] linvel=[0.00654, 0.00105, 0.00013] z=0.0990
[lowlevel-sim] t=  68.00 mode=cmd        pd=39124 hold=10829 failclosed=169 rtf=0.285 base_z=+0.099 pitch=+1.508 roll=-2.905 |tau|max=  7.59 sat=0/29 knee_L=+0.255 hip_p_L=-0.103 torn=12625 cmd_age=72.2ms auth=196.6s rig_ign=750 fix_base=0
[lowlevel-sim][GT] t=68.001 quat=[0.48401, -0.52306, 0.50679, 0.48509] angvel=[-0.00698, 0.01666, 0.00137] linvel=[0.00655, 0.00085, 0.0] z=0.0990
[lowlevel-sim][GT] t=68.051 quat=[0.48388, -0.52308, 0.5068, 0.48518] angvel=[0.00521, -0.00411, 0.00739] linvel=[0.00549, -0.00073, -0.00058] z=0.0990
[lowlevel-sim][GT] t=68.101 quat=[0.48374, -0.52308, 0.50681, 0.48531] angvel=[-0.00076, 0.00442, 0.00551] linvel=[0.00359, 0.00074, 0.00031] z=0.0990
[lowlevel-sim][GT] t=68.151 quat=[0.4837, -0.52301, 0.50679, 0.48546] angvel=[0.0129, -0.00544, 0.00243] linvel=[0.00148, -0.0012, -0.0012] z=0.0990
[lowlevel-sim][GT] t=68.201 quat=[0.48367, -0.52297, 0.50679, 0.48552] angvel=[-0.00028, 0.00773, -0.00138] linvel=[-0.00474, 0.00115, -0.0004] z=0.0990
[lowlevel-sim][GT] t=68.251 quat=[0.48367, -0.52294, 0.50682, 0.48551] angvel=[0.00341, -0.01396, -0.00062] linvel=[-0.00704, 0.00114, -0.00046] z=0.0990
[lowlevel-sim][GT] t=68.301 quat=[0.48385, -0.52293, 0.50682, 0.48535] angvel=[0.00299, -0.00806, -0.00441] linvel=[-0.00722, 0.00055, -0.00052] z=0.0990
[lowlevel-sim][GT] t=68.351 quat=[0.48406, -0.52293, 0.50682, 0.48515] angvel=[0.00458, -0.0098, -0.01188] linvel=[-0.00652, 0.00033, -0.00097] z=0.0990
[lowlevel-sim][GT] t=68.401 quat=[0.48422, -0.52294, 0.50682, 0.48497] angvel=[0.00973, 0.0051, -0.01493] linvel=[-0.00644, -1e-05, -0.00171] z=0.0990
[lowlevel-sim][GT] t=68.451 quat=[0.48437, -0.52295, 0.5068, 0.48484] angvel=[0.0007, -0.00927, -0.00216] linvel=[-0.00563, 0.00033, -0.00048] z=0.0990
[lowlevel-sim] t=  68.50 mode=cmd        pd=39374 hold=10829 failclosed=169 rtf=0.285 base_z=+0.099 pitch=+1.508 roll=-2.892 |tau|max=  7.61 sat=0/29 knee_L=+0.255 hip_p_L=-0.101 torn=12647 cmd_age=28.2ms auth=198.2s rig_ign=750 fix_base=0
[lowlevel-sim][GT] t=68.501 quat=[0.4845, -0.52297, 0.5068, 0.48469] angvel=[-0.00189, 0.00442, -0.00826] linvel=[-0.00164, 0.00102, 0.00117] z=0.0990
[lowlevel-sim][GT] t=68.551 quat=[0.48461, -0.52301, 0.50676, 0.48456] angvel=[-0.00073, -0.01107, -0.00171] linvel=[0.00214, -0.00029, -0.00126] z=0.0990
[lowlevel-sim][GT] t=68.601 quat=[0.48465, -0.52303, 0.50676, 0.4845] angvel=[0.00586, -0.00241, 0.00136] linvel=[0.00301, 0.00079, -0.00014] z=0.0990
[lowlevel-sim][GT] t=68.651 quat=[0.48465, -0.52305, 0.50674, 0.48451] angvel=[-0.00965, -0.00258, 0.00962] linvel=[0.00533, 0.00103, 9e-05] z=0.0990
[lowlevel-sim][GT] t=68.701 quat=[0.48452, -0.52308, 0.50676, 0.48459] angvel=[0.01117, 0.00701, 0.01077] linvel=[0.00695, -0.00206, -0.00138] z=0.0990
[lowlevel-sim][GT] t=68.751 quat=[0.48435, -0.52304, 0.50676, 0.4848] angvel=[-0.00343, 0.00376, 0.01046] linvel=[0.00699, 0.00167, -0.00113] z=0.0990
[lowlevel-sim][GT] t=68.801 quat=[0.4842, -0.52301, 0.50677, 0.48497] angvel=[-0.00112, 0.01648, -0.00411] linvel=[0.00701, 0.00061, 0.00089] z=0.0990
[lowlevel-sim][GT] t=68.851 quat=[0.48408, -0.52299, 0.50676, 0.48511] angvel=[0.00739, 0.00662, 0.00805] linvel=[0.00698, 0.00147, -0.00111] z=0.0990
[lowlevel-sim][GT] t=68.901 quat=[0.48392, -0.52298, 0.50678, 0.48527] angvel=[-0.00201, 0.00404, 0.00383] linvel=[0.00669, -0.0004, -0.00116] z=0.0990
[lowlevel-sim][GT] t=68.951 quat=[0.48381, -0.52299, 0.50678, 0.48536] angvel=[-0.00139, -0.00559, 0.00447] linvel=[0.00247, -0.00036, -0.00053] z=0.0990
[lowlevel-sim] t=  69.00 mode=cmd        pd=39624 hold=10829 failclosed=169 rtf=0.285 base_z=+0.099 pitch=+1.508 roll=-2.916 |tau|max=  7.56 sat=0/29 knee_L=+0.255 hip_p_L=-0.103 torn=12669 cmd_age=17.7ms auth=199.6s rig_ign=750 fix_base=0
[lowlevel-sim][GT] t=69.001 quat=[0.48372, -0.52298, 0.50681, 0.48544] angvel=[0.02171, 0.00311, -0.00375] linvel=[-0.00422, -0.00031, -0.00271] z=0.0990
[lowlevel-sim][GT] t=69.051 quat=[0.4837, -0.52293, 0.50685, 0.48547] angvel=[0.00965, -0.00459, 0.00491] linvel=[-0.00657, -0.00224, -0.00124] z=0.0990
[lowlevel-sim][GT] t=69.101 quat=[0.48388, -0.52292, 0.50686, 0.48529] angvel=[0.00411, -0.00924, -0.00603] linvel=[-0.0065, -8e-05, 7e-05] z=0.0990
[lowlevel-sim][GT] t=69.151 quat=[0.48409, -0.52297, 0.50688, 0.485] angvel=[-0.00706, -0.00297, -0.01208] linvel=[-0.00635, 0.0009, -5e-05] z=0.0990
[lowlevel-sim][GT] t=69.201 quat=[0.48434, -0.52297, 0.50683, 0.4848] angvel=[-0.00352, -0.0028, -0.01455] linvel=[-0.00626, -0.00065, 0.00037] z=0.0990
[lowlevel-sim] FAIL-CLOSED engaged at t=69.226s, last command age 85.98 ms (deadline <= 100 ms) PASS
[lowlevel-sim] COMMANDED at t=69.240s (was fail-closed)
[lowlevel-sim][GT] t=69.251 quat=[0.48213, -0.52482, 0.50886, 0.48288] angvel=[-0.11852, 0.06045, 0.03273] linvel=[-0.00298, -0.00017, -0.00414] z=0.0979
[lowlevel-sim][GT] t=69.301 quat=[0.48247, -0.52423, 0.50838, 0.48369] angvel=[0.05716, 0.02055, 0.01082] linvel=[0.00763, 0.00246, 0.00121] z=0.0981
[lowlevel-sim][GT] t=69.351 quat=[0.4826, -0.52364, 0.50796, 0.48464] angvel=[0.03336, 0.02941, 0.00534] linvel=[0.00706, 0.00178, -0.00093] z=0.0982
[lowlevel-sim][GT] t=69.401 quat=[0.48256, -0.52335, 0.50779, 0.48517] angvel=[0.00754, 0.00429, 0.00595] linvel=[0.00625, 0.00203, -0.00045] z=0.0983
[lowlevel-sim][GT] t=69.451 quat=[0.48245, -0.52323, 0.50774, 0.48546] angvel=[0.00476, 0.00465, 0.00313] linvel=[0.00658, 0.00013, 0.00055] z=0.0983
[lowlevel-sim] t=  69.50 mode=cmd        pd=39881 hold=10829 failclosed=183 rtf=0.286 base_z=+0.098 pitch=+1.507 roll=-2.959 |tau|max=  7.57 sat=0/29 knee_L=+0.256 hip_p_L=-0.105 torn=12689 cmd_age=24.5ms auth=201.1s rig_ign=750 fix_base=0
[lowlevel-sim][GT] t=69.501 quat=[0.48237, -0.52321, 0.50773, 0.48558] angvel=[0.00362, 0.00882, 0.00383] linvel=[0.00602, -0.00046, -0.00044] z=0.0983
[lowlevel-sim][GT] t=69.551 quat=[0.48228, -0.52318, 0.50773, 0.4857] angvel=[0.00551, -0.00043, 0.01105] linvel=[0.00457, -0.00064, 0.00018] z=0.0984
[lowlevel-sim][GT] t=69.601 quat=[0.48226, -0.5232, 0.50772, 0.4857] angvel=[-0.00478, 0.0096, -0.00622] linvel=[0.00216, -0.00053, 0.00034] z=0.0984
[lowlevel-sim][GT] t=69.651 quat=[0.48229, -0.52319, 0.50771, 0.48569] angvel=[0.00306, -0.00826, -0.0008] linvel=[-0.0022, -0.00079, -0.00092] z=0.0984
[lowlevel-sim][GT] t=69.701 quat=[0.48244, -0.52312, 0.50766, 0.48567] angvel=[0.00016, 0.00347, -0.0048] linvel=[-0.00685, 0.00062, -0.0006] z=0.0984
[lowlevel-sim][GT] t=69.751 quat=[0.48271, -0.52313, 0.50764, 0.48542] angvel=[0.00052, -0.03985, -0.00502] linvel=[-0.00737, 0.00165, 0.00057] z=0.0984
[lowlevel-sim][GT] t=69.801 quat=[0.48297, -0.52315, 0.50759, 0.48519] angvel=[0.00435, -0.01014, -0.011] linvel=[-0.00774, 7e-05, -0.00096] z=0.0984
[lowlevel-sim][GT] t=69.851 quat=[0.48317, -0.52316, 0.50757, 0.485] angvel=[-0.00289, 0.0067, -0.00676] linvel=[-0.0067, -0.00114, -0.00045] z=0.0984
[lowlevel-sim][GT] t=69.901 quat=[0.48336, -0.52318, 0.50754, 0.48482] angvel=[0.00701, -0.00195, -0.00732] linvel=[-0.00547, -0.001, -0.00169] z=0.0984
[lowlevel-sim][GT] t=69.951 quat=[0.4835, -0.52317, 0.50754, 0.4847] angvel=[-0.00411, 0.00785, 0.00673] linvel=[-0.00327, 0.00017, 6e-05] z=0.0984
[lowlevel-sim] t=  70.00 mode=cmd        pd=40131 hold=10829 failclosed=183 rtf=0.286 base_z=+0.098 pitch=+1.507 roll=-2.921 |tau|max=  7.59 sat=0/29 knee_L=+0.255 hip_p_L=-0.102 torn=12714 cmd_age=29.4ms auth=202.6s rig_ign=750 fix_base=0
[lowlevel-sim][GT] t=70.001 quat=[0.48357, -0.52319, 0.50754, 0.48461] angvel=[0.00628, -0.01042, 0.004] linvel=[0.0031, -0.00166, -0.00105] z=0.0984
[lowlevel-sim][GT] t=70.051 quat=[0.4834, -0.52327, 0.50759, 0.48463] angvel=[-0.0062, 0.01632, 0.00482] linvel=[0.00715, 0.00054, 0.00081] z=0.0984
[lowlevel-sim][GT] t=70.101 quat=[0.48325, -0.52321, 0.50758, 0.48485] angvel=[-0.00501, 0.02978, 0.002] linvel=[0.00671, -0.00058, 0.00088] z=0.0985
[lowlevel-sim][GT] t=70.151 quat=[0.48308, -0.52317, 0.50758, 0.48507] angvel=[0.00764, 0.00607, 0.00579] linvel=[0.00671, 0.00102, -0.00071] z=0.0985
[lowlevel-sim] FAIL-CLOSED engaged at t=70.176s, last command age 87.06 ms (deadline <= 100 ms) PASS
[lowlevel-sim] COMMANDED at t=70.180s (was fail-closed)
[lowlevel-sim][GT] t=70.201 quat=[0.48245, -0.52356, 0.50803, 0.48481] angvel=[0.0021, 0.00847, -0.01377] linvel=[0.00664, 0.00098, -0.00033] z=0.0983
[lowlevel-sim][GT] t=70.251 quat=[0.48248, -0.52332, 0.50789, 0.48518] angvel=[0.01499, 0.0084, 0.00537] linvel=[0.00651, 0.00134, -0.0001] z=0.0984
[lowlevel-sim][GT] t=70.301 quat=[0.4824, -0.52317, 0.50783, 0.48547] angvel=[0.00246, 0.00445, 0.00519] linvel=[0.00715, 0.00238, 0.00018] z=0.0984
[lowlevel-sim][GT] t=70.351 quat=[0.48234, -0.52308, 0.5078, 0.48566] angvel=[0.00834, 0.00697, 0.00278] linvel=[0.00564, -0.00025, -0.00112] z=0.0984
[lowlevel-sim][GT] t=70.401 quat=[0.48231, -0.52307, 0.5078, 0.4857] angvel=[0.01171, -0.0024, 0.00728] linvel=[0.00197, -0.00117, -0.00103] z=0.0984
[lowlevel-sim][GT] t=70.451 quat=[0.48228, -0.52306, 0.5078, 0.48575] angvel=[-0.00347, -0.01362, 0.00666] linvel=[0.00109, 0.00031, 0.00181] z=0.0984
[lowlevel-sim] t=  70.50 mode=cmd        pd=40382 hold=10829 failclosed=186 rtf=0.286 base_z=+0.098 pitch=+1.507 roll=-2.964 |tau|max=  7.54 sat=0/29 knee_L=+0.255 hip_p_L=-0.105 torn=12746 cmd_age=30.5ms auth=204.4s rig_ign=750 fix_base=0
[lowlevel-sim][GT] t=70.501 quat=[0.48239, -0.52298, 0.50777, 0.48577] angvel=[0.00127, -0.00987, -0.00609] linvel=[-0.00673, 0.00173, -0.00034] z=0.0984
[lowlevel-sim] FAIL-CLOSED engaged at t=70.545s, last command age 86.77 ms (deadline <= 100 ms) PASS
[lowlevel-sim] COMMANDED at t=70.548s (was fail-closed)
[lowlevel-sim][GT] t=70.551 quat=[0.48248, -0.52315, 0.50788, 0.48538] angvel=[-0.10527, -0.00245, 0.00405] linvel=[-0.00601, -0.00089, -0.00542] z=0.0984
[lowlevel-sim][GT] t=70.601 quat=[0.48263, -0.52325, 0.50794, 0.48505] angvel=[0.00772, 0.00306, -0.00752] linvel=[-0.0062, 0.00083, -0.00062] z=0.0983
[lowlevel-sim][GT] t=70.651 quat=[0.48281, -0.52316, 0.50784, 0.48508] angvel=[0.00281, 0.01382, -0.00228] linvel=[-0.00737, 0.00219, 6e-05] z=0.0984
[lowlevel-sim][GT] t=70.701 quat=[0.48298, -0.5231, 0.50778, 0.48502] angvel=[0.0065, -0.01332, -0.01037] linvel=[-0.00572, 0.00066, 0.00034] z=0.0984
[lowlevel-sim][GT] t=70.751 quat=[0.48311, -0.52305, 0.50773, 0.48501] angvel=[0.00329, -0.01294, 0.00248] linvel=[-0.00446, 0.00074, -0.00052] z=0.0984
[lowlevel-sim][GT] t=70.801 quat=[0.48319, -0.52305, 0.50772, 0.48494] angvel=[-0.00773, -0.00369, -0.00352] linvel=[-0.00167, -0.00039, 0.00161] z=0.0984
[lowlevel-sim][GT] t=70.851 quat=[0.48327, -0.52308, 0.50774, 0.48481] angvel=[0.00011, -0.00495, -0.00766] linvel=[-0.00036, 0.00042, 0.0002] z=0.0984
[lowlevel-sim][GT] t=70.901 quat=[0.48323, -0.52314, 0.50777, 0.48475] angvel=[9e-05, 0.00032, 0.00654] linvel=[0.00612, -0.00253, -0.00048] z=0.0984
[lowlevel-sim][GT] t=70.951 quat=[0.48313, -0.52314, 0.50778, 0.48484] angvel=[0.01054, 0.0216, 0.00382] linvel=[0.00743, -0.00032, -0.0005] z=0.0984
[lowlevel-sim] t=  71.00 mode=cmd        pd=40634 hold=10829 failclosed=189 rtf=0.286 base_z=+0.098 pitch=+1.507 roll=-2.944 |tau|max=  7.56 sat=0/29 knee_L=+0.256 hip_p_L=-0.104 torn=12756 cmd_age=37.5ms auth=206.1s rig_ign=750 fix_base=0
[lowlevel-sim][GT] t=71.001 quat=[0.48293, -0.5231, 0.50779, 0.48508] angvel=[-0.00679, 0.03561, -0.00943] linvel=[0.00671, 0.00229, 0.0007] z=0.0984
[lowlevel-sim][GT] t=71.051 quat=[0.48279, -0.52306, 0.50778, 0.48526] angvel=[0.00524, 0.00705, 0.00869] linvel=[0.00726, 0.00031, -0.00043] z=0.0984
[lowlevel-sim][GT] t=71.101 quat=[0.48263, -0.52305, 0.50779, 0.48542] angvel=[0.01353, 0.01073, -0.0001] linvel=[0.00706, -0.00124, -0.00186] z=0.0984
[lowlevel-sim][GT] t=71.151 quat=[0.48251, -0.52302, 0.5078, 0.48556] angvel=[-0.00326, 0.00687, 0.00207] linvel=[0.00694, 0.00038, -0.00013] z=0.0985
[lowlevel-sim][GT] t=71.201 quat=[0.48239, -0.52302, 0.50782, 0.48566] angvel=[0.00616, 0.0205, 0.00795] linvel=[0.00467, 2e-05, -0.00118] z=0.0985
[lowlevel-sim][GT] t=71.251 quat=[0.48237, -0.52297, 0.50779, 0.48577] angvel=[0.00455, -0.01358, -0.00537] linvel=[-0.00027, 0.00084, -0.00077] z=0.0985
[lowlevel-sim][GT] t=71.301 quat=[0.48251, -0.5229, 0.50774, 0.48576] angvel=[0.00687, -0.02019, -0.00741] linvel=[-0.00738, 0.00103, -0.0006] z=0.0985
[lowlevel-sim][GT] t=71.351 quat=[0.48279, -0.52293, 0.50773, 0.48546] angvel=[0.00276, 0.00138, -0.01241] linvel=[-0.0068, -0.00034, -0.00017] z=0.0985
[lowlevel-sim][GT] t=71.401 quat=[0.483, -0.52298, 0.50772, 0.48521] angvel=[-0.00869, -0.01319, -0.0085] linvel=[-0.00752, 0.00292, 0.0009] z=0.0985
[lowlevel-sim][GT] t=71.451 quat=[0.48329, -0.52296, 0.50767, 0.48499] angvel=[-0.00088, -0.00552, 0.00274] linvel=[-0.00633, -0.00049, 2e-05] z=0.0985
[lowlevel-sim] t=  71.50 mode=cmd        pd=40884 hold=10829 failclosed=189 rtf=0.286 base_z=+0.098 pitch=+1.507 roll=-2.930 |tau|max=  7.58 sat=0/29 knee_L=+0.255 hip_p_L=-0.103 torn=12785 cmd_age=26.3ms auth=207.6s rig_ign=750 fix_base=0
[lowlevel-sim][GT] t=71.501 quat=[0.48344, -0.52298, 0.50766, 0.48483] angvel=[0.00061, -0.00526, -0.00666] linvel=[-0.00718, 0.00064, 0.00219] z=0.0985
[lowlevel-sim][GT] t=71.551 quat=[0.48362, -0.52297, 0.50761, 0.48471] angvel=[-0.00617, 0.0029, -0.00533] linvel=[-0.00463, 0.00123, 0.00144] z=0.0985
[lowlevel-sim][GT] t=71.601 quat=[0.4837, -0.52297, 0.50762, 0.48462] angvel=[-0.00102, -0.00141, -0.01021] linvel=[-0.00158, 0.00122, 0.00136] z=0.0985
[lowlevel-sim][GT] t=71.651 quat=[0.48368, -0.52299, 0.50764, 0.48459] angvel=[-0.00908, -0.00358, 0.01071] linvel=[0.00702, -0.00213, 0.00179] z=0.0985
[lowlevel-sim][GT] t=71.701 quat=[0.48346, -0.52302, 0.50767, 0.48476] angvel=[-0.00513, 0.02212, -0.00444] linvel=[0.00595, -0.00046, 0.00167] z=0.0985
[lowlevel-sim][GT] t=71.751 quat=[0.48328, -0.52297, 0.50767, 0.48499] angvel=[0.00542, 0.00379, 0.01002] linvel=[0.00754, 0.00291, -0.00069] z=0.0985
[lowlevel-sim][GT] t=71.801 quat=[0.48311, -0.52292, 0.50767, 0.4852] angvel=[-0.00233, 0.01435, -0.00231] linvel=[0.00666, 5e-05, -0.0005] z=0.0985
[lowlevel-sim][GT] t=71.851 quat=[0.48294, -0.52295, 0.50771, 0.4853] angvel=[0.00053, 0.00586, 0.00362] linvel=[0.0068, 0.00071, -8e-05] z=0.0985
[lowlevel-sim][GT] t=71.901 quat=[0.48279, -0.52293, 0.50773, 0.48546] angvel=[-0.00573, -0.0009, 0.00214] linvel=[0.00666, 0.00186, -8e-05] z=0.0986
[lowlevel-sim][GT] t=71.951 quat=[0.48265, -0.52295, 0.50776, 0.48555] angvel=[0.00424, -0.00048, 0.00151] linvel=[0.00558, -0.00019, -0.00135] z=0.0986
[lowlevel-sim] t=  72.00 mode=cmd        pd=41134 hold=10829 failclosed=189 rtf=0.286 base_z=+0.099 pitch=+1.507 roll=-2.959 |tau|max=  7.51 sat=0/29 knee_L=+0.256 hip_p_L=-0.105 torn=12803 cmd_age=42.3ms auth=209.5s rig_ign=750 fix_base=0
[lowlevel-sim][GT] t=72.001 quat=[0.4826, -0.52291, 0.50774, 0.48565] angvel=[0.0062, 0.0008, 0.00573] linvel=[0.0008, 0.00038, -0.00034] z=0.0986
[lowlevel-sim][GT] t=72.051 quat=[0.48265, -0.52286, 0.5077, 0.4857] angvel=[0.00085, -0.00115, -0.00374] linvel=[-0.00698, 0.00068, 0.0003] z=0.0986
[lowlevel-sim][GT] t=72.101 quat=[0.48288, -0.52282, 0.50767, 0.48554] angvel=[-0.00156, 0.0004, -0.00676] linvel=[-0.0066, 0.0001, -0.00013] z=0.0986
[lowlevel-sim][GT] t=72.151 quat=[0.48326, -0.52287, 0.50763, 0.48517] angvel=[0.00756, -0.01495, -0.01176] linvel=[-0.00808, -0.00141, -0.00092] z=0.0986
[lowlevel-sim][GT] t=72.201 quat=[0.48352, -0.52291, 0.50762, 0.48487] angvel=[0.00824, -0.00519, -0.01401] linvel=[-0.00734, -0.00069, -0.00109] z=0.0986
[lowlevel-sim][GT] t=72.251 quat=[0.48373, -0.5229, 0.50758, 0.48471] angvel=[0.00765, -0.00757, -0.00628] linvel=[-0.00636, -0.00033, -0.00038] z=0.0986
[lowlevel-sim][GT] t=72.301 quat=[0.48386, -0.52289, 0.50757, 0.48459] angvel=[-0.00211, -0.02078, 0.00076] linvel=[-0.00348, 0.0008, 0.0011] z=0.0986
[lowlevel-sim][GT] t=72.351 quat=[0.48393, -0.52289, 0.50757, 0.48453] angvel=[-0.00091, 0.02484, -0.00645] linvel=[0.00117, 0.0003, -0.00034] z=0.0986
[lowlevel-sim][GT] t=72.401 quat=[0.48383, -0.52293, 0.5076, 0.48456] angvel=[-0.00439, -0.01158, 0.00793] linvel=[0.00683, 0.00052, 0.00119] z=0.0986
[lowlevel-sim][GT] t=72.451 quat=[0.48364, -0.52292, 0.50762, 0.48474] angvel=[0.00518, 0.00892, 0.0043] linvel=[0.00729, 0.00022, -0.00124] z=0.0986
[lowlevel-sim] t=  72.50 mode=cmd        pd=41384 hold=10829 failclosed=189 rtf=0.286 base_z=+0.099 pitch=+1.507 roll=-2.930 |tau|max=  7.54 sat=0/29 knee_L=+0.256 hip_p_L=-0.103 torn=12822 cmd_age=32.1ms auth=211.0s rig_ign=750 fix_base=0
[lowlevel-sim][GT] t=72.501 quat=[0.48348, -0.5229, 0.50763, 0.48491] angvel=[-0.00534, 0.01281, 0.01309] linvel=[0.00615, 0.00033, -0.00032] z=0.0986
[lowlevel-sim][GT] t=72.551 quat=[0.48329, -0.52289, 0.50765, 0.48509] angvel=[0.00841, 0.00817, 0.00468] linvel=[0.00647, 0.00088, -0.00114] z=0.0986
[lowlevel-sim][GT] t=72.601 quat=[0.48313, -0.52289, 0.50767, 0.48522] angvel=[0.00239, 0.01202, -0.0015] linvel=[0.00666, 0.00199, -0.00064] z=0.0986
[lowlevel-sim][GT] t=72.651 quat=[0.483, -0.52288, 0.50769, 0.48535] angvel=[0.00661, 0.00131, 0.00485] linvel=[0.00658, -0.00023, -0.00134] z=0.0986
[lowlevel-sim][GT] t=72.701 quat=[0.48292, -0.52284, 0.50768, 0.48548] angvel=[0.00226, 0.00895, -0.00202] linvel=[0.00374, 0.0005, -0.00052] z=0.0986
[lowlevel-sim][GT] t=72.751 quat=[0.48283, -0.52284, 0.50767, 0.48557] angvel=[0.0033, 0.00252, 0.00458] linvel=[0.00135, -0.00068, 0.00022] z=0.0986
[lowlevel-sim][GT] t=72.801 quat=[0.48283, -0.52282, 0.50767, 0.4856] angvel=[-0.00061, 0.00404, -0.0034] linvel=[-0.00445, 0.00077, 0.00115] z=0.0986
[lowlevel-sim][GT] t=72.851 quat=[0.48295, -0.52276, 0.50763, 0.48558] angvel=[0.01169, -0.01125, -0.00215] linvel=[-0.00732, -0.00145, -0.00217] z=0.0987
[lowlevel-sim][GT] t=72.901 quat=[0.4832, -0.52278, 0.50762, 0.48533] angvel=[0.00752, 0.00269, -0.00199] linvel=[-0.00675, -0.00183, -0.00125] z=0.0987
[lowlevel-sim][GT] t=72.951 quat=[0.48348, -0.52282, 0.50759, 0.48504] angvel=[0.00386, -0.01851, -0.00445] linvel=[-0.00662, -0.00093, -0.00127] z=0.0986
[lowlevel-sim] t=  73.00 mode=cmd        pd=41634 hold=10829 failclosed=189 rtf=0.287 base_z=+0.099 pitch=+1.507 roll=-2.925 |tau|max=  7.55 sat=0/29 knee_L=+0.255 hip_p_L=-0.103 torn=12841 cmd_age=31.3ms auth=212.5s rig_ign=750 fix_base=0
[lowlevel-sim][GT] t=73.001 quat=[0.48372, -0.52283, 0.50756, 0.48482] angvel=[-0.00628, 0.00566, -0.00987] linvel=[-0.00654, -0.00016, 0.00048] z=0.0987
[lowlevel-sim][GT] t=73.051 quat=[0.48389, -0.52285, 0.50754, 0.48465] angvel=[0.00052, 0.00454, -0.00875] linvel=[-0.00488, -0.00015, 0.0009] z=0.0987
[lowlevel-sim][GT] t=73.101 quat=[0.48406, -0.52283, 0.5075, 0.48454] angvel=[0.00996, -0.01131, 0.0024] linvel=[-0.00237, -0.00179, -0.0011] z=0.0987
[lowlevel-sim][GT] t=73.151 quat=[0.48416, -0.52285, 0.50748, 0.48444] angvel=[0.00615, -0.01275, -0.00094] linvel=[0.00061, 0.00033, -0.00018] z=0.0987
[lowlevel-sim][GT] t=73.201 quat=[0.48407, -0.52291, 0.5075, 0.48445] angvel=[0.01173, -0.00791, 0.00436] linvel=[0.00666, -0.00094, -0.0014] z=0.0987
[lowlevel-sim][GT] t=73.251 quat=[0.48386, -0.52292, 0.50753, 0.48461] angvel=[0.00115, 0.00163, 0.01303] linvel=[0.00711, -0.00074, 0.00084] z=0.0987
[lowlevel-sim][GT] t=73.301 quat=[0.48367, -0.5229, 0.50754, 0.4848] angvel=[0.01527, 0.0064, 0.00424] linvel=[0.00741, -1e-05, -0.00021] z=0.0987
[lowlevel-sim][GT] t=73.351 quat=[0.48349, -0.52283, 0.50753, 0.48508] angvel=[0.01179, 0.01461, 0.01164] linvel=[0.00706, -0.00189, -0.00018] z=0.0987
[lowlevel-sim][GT] t=73.401 quat=[0.48333, -0.52284, 0.50754, 0.48522] angvel=[-0.00544, 0.01414, -0.00553] linvel=[0.00547, 0.00124, 0.00067] z=0.0987
[lowlevel-sim][GT] t=73.451 quat=[0.48323, -0.52284, 0.50755, 0.48531] angvel=[0.00089, 0.00622, 0.00772] linvel=[0.00455, 0.00055, -0.00091] z=0.0987
[lowlevel-sim] t=  73.50 mode=cmd        pd=41884 hold=10829 failclosed=189 rtf=0.287 base_z=+0.099 pitch=+1.508 roll=-2.942 |tau|max=  7.49 sat=0/29 knee_L=+0.255 hip_p_L=-0.105 torn=12872 cmd_age=57.7ms auth=214.1s rig_ign=750 fix_base=0
[lowlevel-sim][GT] t=73.501 quat=[0.48318, -0.52282, 0.50756, 0.48537] angvel=[0.01849, -0.00237, 0.00787] linvel=[8e-05, -0.00091, -0.00041] z=0.0987
[lowlevel-sim][GT] t=73.551 quat=[0.48319, -0.52275, 0.50752, 0.48547] angvel=[0.00333, -0.0176, 0.00868] linvel=[-0.0028, -0.00012, -0.00079] z=0.0987
[lowlevel-sim][GT] t=73.601 quat=[0.4832, -0.52273, 0.50754, 0.48547] angvel=[-0.00025, -0.00017, 0.00266] linvel=[-0.00597, 0.0005, 0.0007] z=0.0987
[lowlevel-sim][GT] t=73.651 quat=[0.48326, -0.52275, 0.50756, 0.48537] angvel=[0.00481, 0.003, -0.00382] linvel=[-0.00645, 0.00062, -0.00068] z=0.0987
[lowlevel-sim][GT] t=73.701 quat=[0.48344, -0.52275, 0.50756, 0.48519] angvel=[0.00052, -0.00326, -0.00799] linvel=[-0.00692, -0.00029, 0.00054] z=0.0987
[lowlevel-sim][GT] t=73.751 quat=[0.48364, -0.52279, 0.50752, 0.48499] angvel=[-0.01588, -0.01896, -0.00725] linvel=[-0.00515, 0.00164, 0.0014] z=0.0987
[lowlevel-sim][GT] t=73.801 quat=[0.48383, -0.5228, 0.50747, 0.48483] angvel=[-0.00218, -0.00726, -0.0046] linvel=[-0.00409, 0.00085, 0.0] z=0.0987
[lowlevel-sim][GT] t=73.851 quat=[0.48398, -0.5228, 0.50745, 0.48471] angvel=[0.00897, -0.02055, -0.00251] linvel=[-0.00132, -0.00096, -0.00164] z=0.0987
[lowlevel-sim][GT] t=73.901 quat=[0.48409, -0.52283, 0.50743, 0.48458] angvel=[0.0011, -0.02007, 0.00521] linvel=[0.0022, 0.0003, 0.00012] z=0.0987
[lowlevel-sim][GT] t=73.951 quat=[0.48406, -0.52284, 0.50743, 0.4846] angvel=[-0.0065, 0.02057, -0.01915] linvel=[0.00434, 0.00048, 0.00046] z=0.0987
[lowlevel-sim] t=  74.00 mode=cmd        pd=42134 hold=10829 failclosed=189 rtf=0.287 base_z=+0.099 pitch=+1.507 roll=-2.918 |tau|max=  7.53 sat=0/29 knee_L=+0.256 hip_p_L=-0.103 torn=12903 cmd_age=20.5ms auth=215.8s rig_ign=750 fix_base=0
[lowlevel-sim][GT] t=74.001 quat=[0.48389, -0.52286, 0.50747, 0.48471] angvel=[-0.00408, -0.00412, 0.01996] linvel=[0.00681, 0.00029, 0.00055] z=0.0987
[lowlevel-sim][GT] t=74.051 quat=[0.48369, -0.52285, 0.5075, 0.48489] angvel=[0.0078, 0.01786, -0.00091] linvel=[0.00716, -0.00076, 0.00043] z=0.0987
[lowlevel-sim][GT] t=74.101 quat=[0.48352, -0.52281, 0.50752, 0.48509] angvel=[0.00595, -0.00032, 0.00773] linvel=[0.00575, -0.00062, 0.00048] z=0.0988
[lowlevel-sim][GT] t=74.151 quat=[0.48335, -0.5228, 0.50755, 0.48523] angvel=[0.00209, 0.01022, -0.00385] linvel=[0.00472, -0.00041, -0.00032] z=0.0988
[lowlevel-sim][GT] t=74.201 quat=[0.48327, -0.52276, 0.50753, 0.48536] angvel=[-0.00378, 0.00609, 0.0014] linvel=[0.00315, 0.00062, 0.00064] z=0.0988
[lowlevel-sim][GT] t=74.251 quat=[0.48316, -0.52276, 0.50758, 0.48544] angvel=[0.00872, -0.00443, 0.01362] linvel=[-0.00106, -0.00014, -0.00018] z=0.0988
[lowlevel-sim][GT] t=74.301 quat=[0.48316, -0.52269, 0.50755, 0.48554] angvel=[0.00426, 0.00071, -0.00277] linvel=[-0.00404, -0.00017, -0.00044] z=0.0988
[lowlevel-sim][GT] t=74.351 quat=[0.48316, -0.5227, 0.50759, 0.48548] angvel=[-0.00212, 0.00388, -0.00987] linvel=[-0.00653, -0.00034, 0.0005] z=0.0988
[lowlevel-sim][GT] t=74.401 quat=[0.4833, -0.52268, 0.50757, 0.48538] angvel=[0.00815, -0.01969, 0.00066] linvel=[-0.00675, -0.00143, -0.00157] z=0.0988
[lowlevel-sim][GT] t=74.451 quat=[0.48351, -0.52272, 0.50754, 0.48516] angvel=[0.00287, 8e-05, -0.01319] linvel=[-0.00607, -0.0019, -0.00046] z=0.0988
[lowlevel-sim] t=  74.50 mode=cmd        pd=42384 hold=10829 failclosed=189 rtf=0.287 base_z=+0.099 pitch=+1.508 roll=-2.928 |tau|max=  7.53 sat=0/29 knee_L=+0.255 hip_p_L=-0.103 torn=12928 cmd_age=51.6ms auth=217.4s rig_ign=750 fix_base=0
[lowlevel-sim][GT] t=74.501 quat=[0.48368, -0.52275, 0.50752, 0.48498] angvel=[-0.01252, -0.00745, -0.00253] linvel=[-0.00377, 0.00177, 0.00123] z=0.0988
[lowlevel-sim][GT] t=74.551 quat=[0.48385, -0.52274, 0.50749, 0.48487] angvel=[0.0036, -0.01089, 0.0004] linvel=[-0.00263, 0.00031, -0.00061] z=0.0988
[lowlevel-sim][GT] t=74.601 quat=[0.48396, -0.52276, 0.50749, 0.48472] angvel=[0.00771, 0.00695, -0.00672] linvel=[-0.00026, -0.0014, -0.00131] z=0.0988
[lowlevel-sim][GT] t=74.651 quat=[0.48401, -0.52281, 0.50747, 0.48464] angvel=[-0.00056, 0.00971, 0.00332] linvel=[0.0016, -0.00023, 0.00052] z=0.0988
[lowlevel-sim][GT] t=74.701 quat=[0.48402, -0.5228, 0.50744, 0.48467] angvel=[0.00711, -0.00361, -0.00033] linvel=[0.00447, 0.00033, -0.0004] z=0.0988
[lowlevel-sim][GT] t=74.751 quat=[0.48395, -0.52281, 0.50744, 0.48473] angvel=[-0.00675, 0.00277, 0.00107] linvel=[0.00517, 0.00208, 6e-05] z=0.0988
[lowlevel-sim][GT] t=74.801 quat=[0.48379, -0.52279, 0.50746, 0.48489] angvel=[0.00363, 0.00769, 0.00458] linvel=[0.0068, -0.00026, -0.0008] z=0.0988
[lowlevel-sim][GT] t=74.851 quat=[0.48365, -0.52276, 0.50747, 0.48505] angvel=[-0.00643, 0.00603, 0.00343] linvel=[0.00604, 0.00169, 0.00151] z=0.0988
[lowlevel-sim][GT] t=74.901 quat=[0.48348, -0.52274, 0.5075, 0.48522] angvel=[0.00794, 0.00198, 0.00499] linvel=[0.00469, -0.00011, -0.00139] z=0.0988
[lowlevel-sim] FAIL-CLOSED engaged at t=74.950s, last command age 86.73 ms (deadline <= 100 ms) PASS
[lowlevel-sim][GT] t=74.951 quat=[0.48335, -0.52272, 0.50751, 0.48535] angvel=[-0.06226, -0.00036, 0.00536] linvel=[0.00083, 0.00172, -0.00295] z=0.0988
[lowlevel-sim] COMMANDED at t=74.958s (was fail-closed)
[lowlevel-sim] t=  75.00 mode=cmd        pd=42637 hold=10829 failclosed=196 rtf=0.287 base_z=+0.098 pitch=+1.505 roll=-2.964 |tau|max=  7.49 sat=0/29 knee_L=+0.252 hip_p_L=-0.108 torn=12958 cmd_age=56.6ms auth=219.1s rig_ign=750 fix_base=0
[lowlevel-sim][GT] t=75.001 quat=[0.4821, -0.52345, 0.50844, 0.48483] angvel=[0.04245, 0.01206, 0.00041] linvel=[0.00032, 0.00139, 0.0007] z=0.0983
[lowlevel-sim][GT] t=75.051 quat=[0.48237, -0.52307, 0.50814, 0.48529] angvel=[0.01111, 0.02061, 0.00422] linvel=[-9e-05, 0.00358, -0.00088] z=0.0984
[lowlevel-sim][GT] t=75.101 quat=[0.48241, -0.5229, 0.50806, 0.48553] angvel=[0.00496, 0.00663, -0.00181] linvel=[0.001, 0.00149, -0.00133] z=0.0984
[lowlevel-sim][GT] t=75.151 quat=[0.48238, -0.52285, 0.50805, 0.48561] angvel=[0.00587, -0.01626, 0.00165] linvel=[-0.00114, -0.00031, -0.00104] z=0.0984
[lowlevel-sim][GT] t=75.201 quat=[0.4825, -0.52276, 0.50799, 0.48565] angvel=[-0.00504, 0.01632, -0.01329] linvel=[-0.00573, 0.00123, 0.00044] z=0.0984
[lowlevel-sim][GT] t=75.251 quat=[0.48273, -0.52274, 0.50792, 0.48551] angvel=[-0.01578, -0.00205, -0.00671] linvel=[-0.0065, 0.00026, 0.00013] z=0.0985
[lowlevel-sim][GT] t=75.301 quat=[0.48298, -0.52279, 0.5079, 0.48524] angvel=[0.00189, -0.00648, -0.0163] linvel=[-0.00729, 0.00033, -1e-05] z=0.0985
[lowlevel-sim] FAIL-CLOSED engaged at t=75.325s, last command age 86.95 ms (deadline <= 100 ms) PASS
[lowlevel-sim] COMMANDED at t=75.336s (was fail-closed)
[lowlevel-sim] FAIL-CLOSED engaged at t=75.342s, last command age 87.12 ms (deadline <= 100 ms) PASS
[lowlevel-sim] COMMANDED at t=75.346s (was fail-closed)
[lowlevel-sim][GT] t=75.351 quat=[0.48076, -0.5246, 0.50988, 0.48341] angvel=[-0.17853, 0.01612, 0.00854] linvel=[-0.00363, 0.00307, -0.0073] z=0.0975
[lowlevel-sim][GT] t=75.401 quat=[0.48107, -0.52408, 0.5095, 0.48406] angvel=[0.0597, -0.001, 0.01265] linvel=[0.00673, 0.00268, -0.00057] z=0.0977
[lowlevel-sim][GT] t=75.451 quat=[0.48133, -0.52343, 0.509, 0.48503] angvel=[0.03426, 0.01711, 0.01383] linvel=[0.00699, 0.00275, 0.00111] z=0.0978
[lowlevel-sim] t=  75.50 mode=cmd        pd=42894 hold=10829 failclosed=210 rtf=0.287 base_z=+0.098 pitch=+1.505 roll=-2.997 |tau|max=  7.51 sat=0/29 knee_L=+0.255 hip_p_L=-0.107 torn=12994 cmd_age=21.0ms auth=220.8s rig_ign=750 fix_base=0
[lowlevel-sim][GT] t=75.501 quat=[0.48134, -0.5231, 0.50879, 0.48561] angvel=[0.00199, -0.00116, 0.0068] linvel=[0.00679, 0.00322, 0.00022] z=0.0979
[lowlevel-sim][GT] t=75.551 quat=[0.48128, -0.52297, 0.50872, 0.48587] angvel=[0.01048, 0.00189, 0.00488] linvel=[0.00655, 0.00056, 0.00036] z=0.0980
[lowlevel-sim][GT] t=75.601 quat=[0.48125, -0.52292, 0.50869, 0.486] angvel=[0.01018, -0.00385, 0.00216] linvel=[0.00708, -0.0007, -1e-05] z=0.0980
[lowlevel-sim][GT] t=75.651 quat=[0.48116, -0.52295, 0.50872, 0.48603] angvel=[0.01917, 0.00194, -0.00188] linvel=[0.00629, -0.00066, -0.00091] z=0.0980
[lowlevel-sim][GT] t=75.701 quat=[0.48111, -0.52293, 0.50871, 0.48609] angvel=[0.0159, -0.01328, 0.00372] linvel=[0.00268, -0.00021, -0.00241] z=0.0980
[lowlevel-sim][GT] t=75.751 quat=[0.4811, -0.52294, 0.50871, 0.4861] angvel=[-0.00313, -0.01915, 0.00641] linvel=[0.00304, 0.00027, 0.0009] z=0.0980
[lowlevel-sim][GT] t=75.801 quat=[0.48114, -0.5229, 0.50867, 0.48614] angvel=[0.00371, 0.00631, -0.00875] linvel=[-0.00152, 0.00093, -0.00079] z=0.0981
[lowlevel-sim][GT] t=75.851 quat=[0.48126, -0.52286, 0.50862, 0.48612] angvel=[-0.00996, -0.00616, -0.00833] linvel=[-0.00592, 0.00168, -0.00102] z=0.0981
[lowlevel-sim] FAIL-CLOSED engaged at t=75.887s, last command age 85.43 ms (deadline <= 100 ms) PASS
[lowlevel-sim] COMMANDED at t=75.892s (was fail-closed)
[lowlevel-sim][GT] t=75.901 quat=[0.4808, -0.52338, 0.50915, 0.48547] angvel=[-0.05998, 0.00747, -0.00621] linvel=[-0.00646, -0.00172, -0.00209] z=0.0978
[lowlevel-sim][GT] t=75.951 quat=[0.48105, -0.5233, 0.50907, 0.48538] angvel=[0.01287, -0.00662, 0.00022] linvel=[-0.00427, 0.00147, 0.00068] z=0.0978
[lowlevel-sim] t=  76.00 mode=cmd        pd=43146 hold=10829 failclosed=214 rtf=0.287 base_z=+0.098 pitch=+1.505 roll=-3.000 |tau|max=  7.52 sat=0/29 knee_L=+0.255 hip_p_L=-0.107 torn=13033 cmd_age=35.7ms auth=222.4s rig_ign=750 fix_base=0
[lowlevel-sim][GT] t=76.001 quat=[0.48128, -0.52308, 0.50889, 0.48558] angvel=[0.0229, 0.00495, -0.00981] linvel=[-0.00288, 0.00063, -0.00166] z=0.0979
[lowlevel-sim][GT] t=76.051 quat=[0.48136, -0.52301, 0.50883, 0.48565] angvel=[0.00817, -0.00991, 0.01769] linvel=[-0.00037, -0.0008, -0.00059] z=0.0979
[lowlevel-sim][GT] t=76.101 quat=[0.48144, -0.52296, 0.50879, 0.48566] angvel=[0.00367, -0.00348, -0.00303] linvel=[-2e-05, -0.00063, -0.00098] z=0.0979
[lowlevel-sim][GT] t=76.151 quat=[0.48146, -0.52297, 0.50877, 0.48564] angvel=[0.00216, 0.00045, -0.00178] linvel=[0.00273, -0.00078, -0.00063] z=0.0979
[lowlevel-sim][GT] t=76.201 quat=[0.4814, -0.52298, 0.50879, 0.48567] angvel=[0.0158, -0.00179, 0.00325] linvel=[0.00679, -0.00072, -0.00117] z=0.0980
[lowlevel-sim][GT] t=76.251 quat=[0.48131, -0.52296, 0.50879, 0.48578] angvel=[0.00606, -0.00407, 0.01021] linvel=[0.00429, 5e-05, -0.00056] z=0.0980
[lowlevel-sim][GT] t=76.301 quat=[0.48127, -0.52294, 0.50878, 0.48585] angvel=[0.00497, -0.01726, 0.00953] linvel=[0.0057, -0.00094, 0.00021] z=0.0980
[lowlevel-sim][GT] t=76.351 quat=[0.48127, -0.52289, 0.50877, 0.48592] angvel=[0.00647, -0.0044, 0.0003] linvel=[0.0038, -0.00118, -0.00119] z=0.0980
[lowlevel-sim] FAIL-CLOSED engaged at t=76.351s, last command age 87.27 ms (deadline <= 100 ms) PASS
[lowlevel-sim] COMMANDED at t=76.352s (was fail-closed)
[lowlevel-sim][GT] t=76.401 quat=[0.48124, -0.52294, 0.50881, 0.48585] angvel=[0.00713, -0.0019, -0.00563] linvel=[-0.00135, 0.00064, 0.00012] z=0.0980
[lowlevel-sim][GT] t=76.451 quat=[0.48135, -0.52284, 0.50875, 0.48591] angvel=[0.00667, -0.01209, 0.00092] linvel=[-0.00396, -0.00082, -0.00048] z=0.0980
[lowlevel-sim] t=  76.50 mode=cmd        pd=43397 hold=10829 failclosed=215 rtf=0.287 base_z=+0.098 pitch=+1.506 roll=-2.998 |tau|max=  7.49 sat=0/29 knee_L=+0.255 hip_p_L=-0.106 torn=13070 cmd_age=34.8ms auth=224.0s rig_ign=750 fix_base=0
[lowlevel-sim][GT] t=76.501 quat=[0.48156, -0.52283, 0.50868, 0.48579] angvel=[-0.00336, -0.02015, -0.00783] linvel=[-0.00696, 0.00111, 0.0009] z=0.0980
[lowlevel-sim][GT] t=76.551 quat=[0.48177, -0.52284, 0.50866, 0.48559] angvel=[-0.00243, -0.0116, 0.00195] linvel=[-0.00701, -0.00076, 0.00051] z=0.0981
[lowlevel-sim][GT] t=76.601 quat=[0.482, -0.52284, 0.50861, 0.48542] angvel=[0.00444, -0.02029, -0.00211] linvel=[-0.00735, 0.00117, -0.00062] z=0.0981
[lowlevel-sim][GT] t=76.651 quat=[0.48221, -0.52283, 0.50857, 0.48526] angvel=[-0.00316, -0.00341, -0.01056] linvel=[-0.0062, -0.00054, 0.00041] z=0.0981
[lowlevel-sim][GT] t=76.701 quat=[0.48234, -0.52286, 0.50855, 0.48512] angvel=[0.01191, -0.01025, -0.00713] linvel=[-0.00362, 0.00034, -0.00014] z=0.0981
[lowlevel-sim][GT] t=76.751 quat=[0.48236, -0.52292, 0.50855, 0.48504] angvel=[-0.00738, 0.00156, -0.00508] linvel=[0.00164, 0.00059, 0.00042] z=0.0981
