Authorization required, but no authorization protocol specified

Authorization required, but no authorization protocol specified

Authorization required, but no authorization protocol specified

Authorization required, but no authorization protocol specified

Authorization required, but no authorization protocol specified

cat: '/sys/devices/system/cpu/cpu*/cpufreq/scaling_governor': No such file or directory
Authorization required, but no authorization protocol specified

Authorization required, but no authorization protocol specified

[Info] [carb] Logging to file: /isaac-sim/kit/logs/Kit/Isaac-Sim Python/5.1/kit_20260822_130503.log
[0.155s] [ext: omni.kit.async_engine-0.0.3] startup
[1.075s] [ext: omni.metrics.core-0.0.3] startup
[1.075s] [ext: omni.client.lib-1.1.0] startup
[1.115s] [ext: omni.blobkey-1.1.2] startup
[1.115s] [ext: omni.stats-1.0.1] startup
[1.123s] [ext: omni.datastore-0.0.0] startup
[1.131s] [ext: omni.client-1.3.0] startup
[1.138s] [ext: omni.ujitso.default-1.0.0] startup
[1.140s] [ext: omni.hsscclient-1.1.2] startup
[1.161s] [ext: omni.gpu_foundation.shadercache.vulkan-1.0.0] startup
[1.193s] [ext: omni.assets.plugins-0.0.0] startup
[1.195s] [ext: omni.gpu_foundation-0.0.0] startup
[1.207s] [ext: carb.windowing.plugins-1.0.0] startup
2026-08-22T13:05:04Z [1,160ms] [Warning] [carb.windowing-glfw.plugin] GLFW initialization failed.
2026-08-22T13:05:04Z [1,160ms] [Warning] [carb] Failed to startup plugin carb.windowing-glfw.plugin (interfaces: [carb::windowing::IGLContext v1.0],[carb::windowing::IWindowing v1.5]) (impl: carb.windowing-glfw.plugin)
[1.209s] [ext: omni.kit.renderer.init-0.0.0] startup
2026-08-22T13:05:04Z [1,234ms] [Warning] [omni.platforminfo.plugin] failed to open the default display.  Can't verify X Server version.
2026-08-22T13:05:05Z [1,469ms] [Warning] [carb.windowing-glfw.plugin] GLFW initialization failed.
2026-08-22T13:05:05Z [1,469ms] [Warning] [carb] Failed to startup plugin carb.windowing-glfw.plugin (interfaces: [carb::windowing::IGLContext v1.0],[carb::windowing::IWindowing v1.5]) (impl: carb.windowing-glfw.plugin)

|---------------------------------------------------------------------------------------------|
| Driver Version: 580.105.08    | Graphics API: Vulkan
|=============================================================================================|
| GPU | Name                             | Active | LDA | GPU Memory | Vendor-ID | LUID       |
|     |                                  |        |     |            | Device-ID | UUID       |
|     |                                  |        |     |            | Bus-ID    |            |
|---------------------------------------------------------------------------------------------|
| 0   | NVIDIA GeForce RTX 4090          | Yes: 0 |     | 24810   MB | 10de      | 0          |
|     |                                  |        |     |            | 2684      | ea3ff652.. |
|     |                                  |        |     |            | 0         |            |
|=============================================================================================|
| OS: 24.04.2 LTS (Noble Numbat) ubuntu, Version: 24.04.2, Kernel: 6.8.0-87-generic
| Processor: AMD EPYC 7713 64-Core Processor
| Cores: 40 | Logical Cores: 40
|---------------------------------------------------------------------------------------------|
| Total Memory (MB): 135018 | Free Memory: 128557
| Total Page/Swap (MB): 0 | Free Page/Swap: 0
|---------------------------------------------------------------------------------------------|
[2.287s] [ext: omni.kit.pipapi-0.0.0] startup
[2.301s] [ext: omni.kit.pip_archive-0.0.0] startup
[2.310s] [ext: omni.pip.compute-1.6.3] startup
[2.319s] [ext: omni.materialx.libs-1.0.7] startup
[2.338s] [ext: omni.pip.cloud-1.4.3] startup
[2.371s] [ext: omni.isaac.core_archive-3.0.0] startup
[2.380s] [ext: omni.usd.config-1.0.6] startup
[2.395s] [ext: omni.gpucompute.plugins-0.0.0] startup
[2.396s] [ext: omni.usd.libs-1.0.1] startup
[2.499s] [ext: omni.kit.telemetry-0.5.2] startup
[2.589s] [ext: omni.mdl-56.0.3] startup
[3.161s] [ext: omni.iray.libs-0.0.0] startup
[3.169s] [ext: omni.mdl.neuraylib-0.2.12] startup
[3.188s] [ext: omni.kit.usd.mdl-1.1.5] startup
[3.363s] [ext: omni.isaac.ml_archive-3.0.4] startup
[3.371s] [ext: omni.kit.loop-isaac-1.3.7] startup
[3.384s] [ext: omni.kit.test-2.0.1] startup
[3.754s] [ext: omni.appwindow-1.1.10] startup
2026-08-22T13:05:07Z [3,708ms] [Warning] [carb.windowing-glfw.plugin] GLFW initialization failed.
2026-08-22T13:05:07Z [3,708ms] [Warning] [carb] Failed to startup plugin carb.windowing-glfw.plugin (interfaces: [carb::windowing::IGLContext v1.0],[carb::windowing::IWindowing v1.5]) (impl: carb.windowing-glfw.plugin)
Authorization required, but no authorization protocol specified

2026-08-22T13:05:07Z [3,709ms] [Warning] [carb.windowing-glfw.plugin] GLFW initialization failed.
2026-08-22T13:05:07Z [3,709ms] [Warning] [carb] Failed to startup plugin carb.windowing-glfw.plugin (interfaces: [carb::windowing::IGLContext v1.0],[carb::windowing::IWindowing v1.5]) (impl: carb.windowing-glfw.plugin)
2026-08-22T13:05:07Z [3,709ms] [Error] [omni.appwindow.plugin] Failed to acquire IWindowing interface
2026-08-22T13:05:07Z [3,709ms] [Error] [omni.appwindow.plugin] IAppWindow::startup failed
Authorization required, but no authorization protocol specified

Authorization required, but no authorization protocol specified

[3.767s] [ext: omni.kit.renderer.core-1.1.0] startup
2026-08-22T13:05:07Z [3,745ms] [Warning] [carb.windowing-glfw.plugin] GLFW initialization failed.
2026-08-22T13:05:07Z [3,745ms] [Warning] [carb] Failed to startup plugin carb.windowing-glfw.plugin (interfaces: [carb::windowing::IGLContext v1.0],[carb::windowing::IWindowing v1.5]) (impl: carb.windowing-glfw.plugin)
[3.809s] [ext: omni.kit.renderer.capture-0.0.0] startup
[3.827s] [ext: omni.kit.renderer.imgui-2.0.5] startup
2026-08-22T13:05:07Z [3,785ms] [Warning] [carb.windowing-glfw.plugin] GLFW initialization failed.
2026-08-22T13:05:07Z [3,785ms] [Warning] [carb] Failed to startup plugin carb.windowing-glfw.plugin (interfaces: [carb::windowing::IGLContext v1.0],[carb::windowing::IWindowing v1.5]) (impl: carb.windowing-glfw.plugin)
2026-08-22T13:05:07Z [3,786ms] [Warning] [omni.ui.windowmanager.plugin] Failed to set app window for default window set!
[3.846s] [ext: omni.ui-2.27.1] startup
[3.873s] [ext: omni.kit.mainwindow-1.0.3] startup
[3.886s] [ext: carb.audio-0.1.0] startup
[3.892s] [ext: omni.uiaudio-1.0.0] startup
[3.902s] [ext: omni.kit.uiapp-0.0.0] startup
[3.902s] [ext: omni.usd.schema.metrics.assembler-107.3.1] startup
[3.919s] [ext: omni.usd.schema.audio-0.0.0] startup
[3.934s] [ext: omni.anim.graph.schema-107.3.3] startup
[3.961s] [ext: omni.usd_resolver-1.0.0] startup
[3.974s] [ext: omni.usd.core-1.5.3] startup
[3.977s] [ext: omni.usd.schema.render_settings.rtx-0.0.0] startup
[4.055s] [ext: omni.usd.schema.semantics-0.0.0] startup
[4.068s] [ext: isaacsim.robot.schema-3.6.0] startup
[4.099s] [ext: omni.usd.schema.geospatial-0.0.0] startup
[4.113s] [ext: omni.usd.schema.anim-0.0.0] startup
[4.151s] [ext: omni.kit.window.popup_dialog-2.0.24] startup
[4.175s] [ext: usdrt.scenegraph-7.6.1] startup
[4.276s] [ext: omni.timeline-1.0.14] startup
[4.285s] [ext: omni.resourcemonitor-107.0.1] startup
[4.300s] [ext: omni.activity.core-1.0.3] startup
[4.309s] [ext: omni.kit.widget.nucleus_connector-2.0.1] startup
[4.331s] [ext: omni.hydra.usdrt_delegate-7.5.1] startup
[4.348s] [ext: omni.kit.actions.core-1.0.0] startup
[4.363s] [ext: omni.graph.exec-0.9.6] startup
[4.364s] [ext: omni.kit.commands-1.4.10] startup
[4.390s] [ext: omni.kit.usd_undo-0.1.8] startup
[4.401s] [ext: omni.kit.exec.core-0.13.4] startup
[4.417s] [ext: omni.kit.audiodeviceenum-1.0.2] startup
[4.428s] [ext: omni.hydra.scene_delegate-0.3.4] startup
[4.433s] [ext: omni.usd-1.13.10] startup
[4.524s] [ext: omni.kit.asset_converter-5.0.17] startup
[4.560s] [ext: omni.usd.schema.flow-107.1.1] startup
[4.569s] [ext: omni.usd.schema.omnigraph-1.0.0] startup
[4.589s] [ext: omni.usd.schema.omni_sensors-0.0.0] startup
[4.600s] [ext: omni.anim.navigation.schema-107.3.3] startup
[4.616s] [ext: omni.inspect-1.0.2] startup
[4.624s] [ext: omni.kit.notification_manager-1.0.10] startup
[4.639s] [ext: omni.graph.core-2.184.5] startup
[4.642s] [ext: isaacsim.core.deprecation_manager-0.2.7] startup
[4.652s] [ext: omni.usd.schema.physx-107.3.26] startup
[4.711s] [ext: omni.usd.schema.isaac-3.0.5] startup
[4.711s] [ext: omni.usd.schema.omniscripting-1.0.0] startup
[4.729s] [ext: omni.usd.schema.omni_lens_distortion-0.0.0] startup
[4.740s] [ext: omni.kvdb-107.3.26] startup
[4.751s] [ext: omni.usdphysics-107.3.26] startup
[4.766s] [ext: omni.physx.foundation-107.3.26] startup
[4.780s] [ext: omni.localcache-107.3.26] startup
[4.791s] [ext: omni.convexdecomposition-107.3.26] startup
[4.811s] [ext: omni.physx.cooking-107.3.26] startup
[4.824s] [ext: omni.physx-107.3.26] startup
[4.850s] [ext: omni.physics-107.3.26] startup
[4.863s] [ext: omni.kit.usd.layers-2.2.11] startup
[4.913s] [ext: omni.physics.physx-107.3.26] startup
2026-08-22T13:05:08Z [4,866ms] [Warning] [carb] Acquiring non optional plugin interface which is not listed as dependency: [omni::physx::IPhysxBenchmarks v1.0] (plugin: <default plugin>), by client: omni.physics.physx.plugin. Add it to CARB_PLUGIN_IMPL_DEPS() macro of a client.
[4.923s] [ext: omni.physics.stageupdate-107.3.26] startup
[4.935s] [ext: omni.kit.numpy.common-0.1.3] startup
[4.946s] [ext: isaacsim.core.version-2.0.6] startup
[4.957s] [ext: omni.isaac.dynamic_control-2.0.7] startup
2026-08-22T13:05:08Z [4,926ms] [Warning] [omni.isaac.dynamic_control] omni.isaac.dynamic_control is deprecated as of Isaac Sim 4.5. No action is needed from end-users.
[4.978s] [ext: isaacsim.storage.native-1.5.1] startup
[4.997s] [ext: omni.kit.menu.core-1.1.2] startup
[5.010s] [ext: omni.kit.helper.file_utils-0.1.9] startup
[5.024s] [ext: omni.usd.metrics.assembler-107.3.1] startup
[5.047s] [ext: omni.kit.widget.context_menu-1.2.5] startup
[5.062s] [ext: omni.warp.core-1.8.2] startup
[5.566s] [ext: omni.usd.metrics.assembler.physics-107.3.26] startup
[5.592s] [ext: omni.physics.tensors-107.3.26] startup
[5.626s] [ext: omni.kit.context_menu-1.8.6] startup
[5.647s] [ext: omni.kit.clipboard-1.0.5] startup
[5.656s] [ext: isaacsim.core.utils-3.5.1] startup
[5.675s] [ext: omni.kit.widget.filebrowser-2.12.3] startup
[5.722s] [ext: omni.kit.widget.options_menu-1.1.6] startup
[5.745s] [ext: omni.kit.widget.path_field-2.0.11] startup
[5.760s] [ext: omni.index.libs-380600.8087.0] startup
[5.760s] [ext: omni.ui.scene-1.11.5] startup
[5.771s] [ext: omni.kit.widget.options_button-1.0.3] startup
[5.782s] [ext: omni.kit.widget.browser_bar-2.0.10] startup
[5.796s] [ext: omni.index-1.0.1] startup
[5.797s] [ext: omni.hydra.rtx.shadercache.vulkan-1.0.0] startup
[5.809s] [ext: omni.kit.window.filepicker-2.13.4] startup
[5.946s] [ext: omni.volume-0.5.2] startup
[5.956s] [ext: omni.ujitso.client-0.0.0] startup
[5.957s] [ext: omni.graph.tools-1.79.2] startup
[6.150s] [ext: omni.graph.image.core-0.6.1] startup
[6.151s] [ext: omni.hydra.rtx-1.0.0] startup
2026-08-22T13:05:09Z [6,124ms] [Warning] [omni.log] Source: omni.hydra was already registered.
[6.199s] [ext: omni.kit.window.file_importer-1.1.18] startup
[6.215s] [ext: omni.kit.menu.utils-2.0.5] startup
[6.280s] [ext: omni.graph.image.nodes-1.3.1] startup
[6.282s] [ext: omni.kit.widget.searchable_combobox-1.0.6] startup
[6.297s] [ext: omni.kit.hydra_texture-1.4.6] startup
[6.313s] [ext: omni.kit.material.library-2.0.7] startup
[6.359s] [ext: omni.hydra.engine.stats-1.0.3] startup
[6.370s] [ext: omni.kit.viewport.scene_camera_model-1.0.6] startup
[6.385s] [ext: omni.kit.widget.settings-1.2.6] startup
[6.408s] [ext: omni.kit.viewport.legacy_gizmos-1.0.19] startup
[6.420s] [ext: omni.kit.widget.viewport-107.1.3] startup
[6.459s] [ext: omni.kit.viewport.registry-104.0.6] startup
[6.469s] [ext: omni.kit.raycast.query-1.1.0] startup
[6.487s] [ext: omni.physx.tensors-107.3.26] startup
[6.492s] [ext: omni.kit.window.drop_support-1.0.5] startup
[6.503s] [ext: omni.kit.primitive.mesh-1.0.17] startup
[6.536s] [ext: omni.kit.viewport.window-107.2.0] startup
2026-08-22T13:05:10Z [6,528ms] [Error] [omni.kit.window.drop_support.drop_support] Cannot setup ExternalDragDrop without a default window
2026-08-22T13:05:10Z [6,528ms] [Error] [omni.ui.python] AttributeError: 'NoneType' object has no attribute 'get_window_minimize_event_stream'

At:
  /isaac-sim/extscache/omni.kit.viewport.window-107.2.0+69cbf6ad/omni/kit/viewport/window/window.py(136): __init__
  /isaac-sim/extscache/omni.kit.viewport.window-107.2.0+69cbf6ad/omni/kit/viewport/window/menu_entry.py(203): __show_window
  /isaac-sim/extscache/omni.kit.viewport.window-107.2.0+69cbf6ad/omni/kit/viewport/window/menu_entry.py(139): <lambda>
  /isaac-sim/extscache/omni.kit.viewport.window-107.2.0+69cbf6ad/omni/kit/viewport/window/menu_entry.py(141): __init__
  /isaac-sim/extscache/omni.kit.viewport.window-107.2.0+69cbf6ad/omni/kit/viewport/window/menu_entry.py(250): <listcomp>
  /isaac-sim/extscache/omni.kit.viewport.window-107.2.0+69cbf6ad/omni/kit/viewport/window/menu_entry.py(249): create_viewport_window_menu
  /isaac-sim/extscache/omni.kit.viewport.window-107.2.0+69cbf6ad/omni/kit/viewport/window/extension.py(37): on_startup
  /isaac-sim/kit/kernel/py/omni/ext/_impl/_internal.py(173): _startup_ext
  /isaac-sim/kit/kernel/py/omni/ext/_impl/_internal.py(233): startup
  /isaac-sim/kit/kernel/py/omni/ext/_impl/_internal.py(337): startup_extension
  PythonExtension.cpp::startup()(2): <module>
  /isaac-sim/exts/isaacsim.simulation_app/isaacsim/simulation_app/simulation_app.py(534): _start_app
  /isaac-sim/exts/isaacsim.simulation_app/isaacsim/simulation_app/simulation_app.py(270): __init__
  /workspace/ferox_isaac/run.py(32): <module>

[6.625s] [ext: omni.kit.window.preferences-1.8.0] startup
[6.671s] [ext: isaacsim.core.simulation_manager-1.4.4] startup
[10.861s] [ext: omni.graph.action_core-1.1.7] startup
[10.871s] [ext: omni.graph-1.141.2] startup
[11.069s] [ext: omni.kit.viewport.utility-1.1.2] startup
[11.081s] [ext: omni.kit.viewport.menubar.core-107.2.1] startup
[11.165s] [ext: isaacsim.core.prims-0.6.1] startup
[11.321s] [ext: omni.graph.action_nodes-1.50.4] startup
[11.337s] [ext: omni.kit.stage_template.core-1.1.22] startup
[11.351s] [ext: omni.syntheticdata-0.6.13] startup
[11.491s] [ext: omni.graph.nodes-1.170.10] startup
[11.520s] [ext: omni.graph.action-1.130.0] startup
[11.527s] [ext: omni.kit.stage_templates-2.0.0] startup
[11.767s] [ext: omni.kit.widget.filter-1.1.4] startup
[11.799s] [ext: omni.kit.widget.graph-2.0.0] startup
[11.940s] [ext: omni.kit.property.adapter.core-1.0.2] startup
[11.966s] [ext: omni.kit.window.file_exporter-1.0.33] startup
[11.987s] [ext: omni.kit.widget.searchfield-1.1.8] startup
[12.013s] [ext: omni.kit.hotkeys.core-1.3.10] startup
[12.017s] [ext: omni.kit.graph.delegate.default-1.2.3] startup
[12.033s] [ext: omni.kit.property.adapter.fabric-1.0.3] startup
[12.062s] [ext: omni.kit.widget.stage-3.1.4] startup
[12.203s] [ext: omni.kit.property.adapter.usd-1.0.2] startup
[12.228s] [ext: omni.kit.graph.editor.core-1.5.3] startup
[12.276s] [ext: omni.kit.widget.material_preview-1.0.16] startup
[12.306s] [ext: omni.kit.widget.highlight_label-1.0.3] startup
[12.324s] [ext: omni.kit.window.file-2.0.5] startup
[12.372s] [ext: omni.kit.window.content_browser_registry-0.0.6] startup
[12.388s] [ext: omni.kit.window.property-1.12.1] startup
[12.428s] [ext: omni.kit.window.content_browser-3.1.3] startup
2026-08-22T13:05:16Z [12,446ms] [Error] [omni.kit.window.drop_support.drop_support] Cannot setup ExternalDragDrop without a default window
[12.495s] [ext: omni.kit.graph.usd.commands-1.3.1] startup
[12.516s] [ext: omni.kit.property.usd-4.5.12] startup
[12.659s] [ext: omni.graph.ui_nodes-1.50.5] startup
[12.673s] [ext: omni.videoencoding-0.1.2] startup
[12.686s] [ext: omni.kit.window.material_graph-1.9.1] startup
[12.788s] [ext: omni.warp-1.8.2] startup
[12.840s] [ext: isaacsim.core.api-4.8.0] startup
[13.063s] [ext: omni.graph.scriptnode-1.50.0] startup
[13.100s] [ext: isaacsim.test.docstring-1.1.0] startup
[13.146s] [ext: isaacsim.core.experimental.utils-0.3.0] startup
[13.183s] [ext: omni.replicator.core-1.12.27] startup
2026-08-22T13:05:16Z [13,400ms] [Warning] [pxr.Semantics] pxr.Semantics is deprecated - please use Semantics instead
2026-08-22T13:05:17Z [13,821ms] [Warning] [omni.graph.core.plugin] Found duplicate of category 'Replicator' - was 'Annotators', adding 'Fabric Reader'
2026-08-22T13:05:17Z [13,821ms] [Warning] [omni.graph.core.plugin] Category 'Replicator' not accepted on node type 'omni.replicator.core.FabricReader' in extension 'omni.replicator.core'
2026-08-22T13:05:17Z [13,822ms] [Warning] [omni.replicator.core.scripts.extension] No material configuration file, adding configuration to material settings directly.
[13.877s] [ext: isaacsim.core.experimental.prims-0.8.1] startup
[14.041s] [ext: omni.kit.window.extensions-1.4.27] startup
[14.169s] [ext: isaacsim.core.experimental.objects-0.4.0] startup
[14.426s] [ext: omni.ui_query-1.1.8] startup
[14.463s] [ext: omni.kit.manipulator.viewport-107.0.1] startup
[14.508s] [ext: isaacsim.robot.surface_gripper-3.3.1] startup
[14.563s] [ext: omni.kit.ui_test-1.3.7] startup
[14.631s] [ext: omni.graph.visualization.nodes-2.1.3] startup
[14.800s] [ext: isaacsim.robot_motion.lula-4.0.8] startup
[14.867s] [ext: isaacsim.core.nodes-3.4.3] startup
[14.996s] [ext: isaacsim.gui.components-1.2.1] startup
[15.156s] [ext: isaacsim.robot_motion.motion_generation-8.0.26] startup
[15.474s] [ext: isaacsim.robot.manipulators-3.3.6] startup
[15.582s] [ext: isaacsim.core.experimental.materials-0.4.0] startup
[15.688s] [ext: isaacsim.robot.manipulators.examples-1.1.2] startup
[15.722s] [ext: isaacsim.cortex.framework-1.0.12] startup
[15.743s] [ext: isaacsim.cortex.behaviors-2.0.14] startup
[15.771s] [ext: omni.isaac.cortex.sample_behaviors-2.0.5] startup
2026-08-22T13:05:19Z [15,740ms] [Warning] [omni.isaac.cortex] omni.isaac.cortex has been deprecated in favor of isaacsim.cortex.framework. Please update your code accordingly.
2026-08-22T13:05:19Z [15,753ms] [Warning] [omni.isaac.cortex.sample_behaviors] omni.isaac.cortex.sample_behaviors has been deprecated in favor of isaacsim.cortex.behaviors. Please update your code accordingly.
[15.816s] [ext: omni.kit.widget.zoombar-1.0.6] startup
[15.846s] [ext: isaacsim.gui.content_browser-0.1.11] startup
[15.883s] [ext: omni.kit.browser.core-2.3.13] startup
[16.080s] [ext: omni.kit.widget.stage_icons-1.0.8] startup
[16.115s] [ext: omni.kit.widget.prompt-1.0.7] startup
[16.203s] [ext: omni.kit.usd.collect-2.4.5] startup
[16.296s] [ext: omni.kit.browser.folder.core-1.10.9] startup
[16.718s] [ext: omni.kit.window.stage-2.6.1] startup
[16.892s] [ext: omni.kit.usdz_export-1.0.9] startup
[16.921s] [ext: omni.kit.tool.collect-2.2.18] startup
[16.953s] [ext: omni.kit.menu.stage-1.2.7] startup
[16.971s] [ext: omni.kit.tool.asset_importer-4.3.2] startup
[17.025s] [ext: isaacsim.robot.wheeled_robots-4.0.24] startup
[17.099s] [ext: isaacsim.examples.browser-0.2.1] startup
[17.140s] [ext: isaacsim.asset.importer.urdf-2.4.30] startup
[17.594s] [ext: omni.isaac.wheeled_robots-3.0.7] startup
2026-08-22T13:05:21Z [17,565ms] [Warning] [omni.isaac.wheeled_robots] omni.isaac.wheeled_robots has been deprecated in favor of isaacsim.robot.wheeled_robots. Please update your code accordingly.
2026-08-22T13:05:21Z [17,575ms] [Warning] [omni.isaac.wheeled_robots.controllers] omni.isaac.wheeled_robots has been deprecated in favor of isaacsim.robot.wheeled_robots. Please update your code accordingly.
2026-08-22T13:05:21Z [17,576ms] [Warning] [omni.isaac.wheeled_robots.controllers.ackermann_controller] omni.isaac.wheeled_robots has been deprecated in favor of isaacsim.robot.wheeled_robots. Please update your code accordingly.
2026-08-22T13:05:21Z [17,577ms] [Warning] [omni.isaac.wheeled_robots.controllers.differential_controller] omni.isaac.wheeled_robots has been deprecated in favor of isaacsim.robot.wheeled_robots. Please update your code accordingly.
2026-08-22T13:05:21Z [17,578ms] [Warning] [omni.isaac.wheeled_robots.controllers.holonomic_controller] omni.isaac.wheeled_robots has been deprecated in favor of isaacsim.robot.wheeled_robots. Please update your code accordingly.
2026-08-22T13:05:21Z [17,578ms] [Warning] [omni.isaac.wheeled_robots.controllers.quintic_path_planner] omni.isaac.wheeled_robots has been deprecated in favor of isaacsim.robot.wheeled_robots. Please update your code accordingly.
2026-08-22T13:05:21Z [17,579ms] [Warning] [omni.isaac.wheeled_robots.controllers.stanley_control] omni.isaac.wheeled_robots has been deprecated in favor of isaacsim.robot.wheeled_robots. Please update your code accordingly.
2026-08-22T13:05:21Z [17,580ms] [Warning] [omni.isaac.wheeled_robots.controllers.wheel_base_pose_controller] omni.isaac.wheeled_robots has been deprecated in favor of isaacsim.robot.wheeled_robots. Please update your code accordingly.
2026-08-22T13:05:21Z [17,583ms] [Warning] [omni.isaac.wheeled_robots.impl] omni.isaac.wheeled_robots has been deprecated in favor of isaacsim.robot.wheeled_robots. Please update your code accordingly.
2026-08-22T13:05:21Z [17,586ms] [Warning] [omni.isaac.wheeled_robots.robots] omni.isaac.wheeled_robots has been deprecated in favor of isaacsim.robot.wheeled_robots. Please update your code accordingly.
2026-08-22T13:05:21Z [17,587ms] [Warning] [omni.isaac.wheeled_robots.robots.holonomic_robot_usd_setup] omni.isaac.wheeled_robots has been deprecated in favor of isaacsim.robot.wheeled_robots. Please update your code accordingly.
2026-08-22T13:05:21Z [17,588ms] [Warning] [omni.isaac.wheeled_robots.robots.wheeled_robot] omni.isaac.wheeled_robots has been deprecated in favor of isaacsim.robot.wheeled_robots. Please update your code accordingly.
[17.641s] [ext: isaacsim.simulation_app-2.12.2] startup
[17.647s] [ext: omni.isaac.franka-1.0.7] startup
2026-08-22T13:05:21Z [17,610ms] [Warning] [omni.isaac.franka] omni.isaac.franka has been deprecated in favor of isaacsim.robot.manipulators.examples.franka. Please update your code accordingly.
2026-08-22T13:05:21Z [17,611ms] [Warning] [omni.isaac.franka.franka] omni.isaac.franka has been deprecated in favor of isaacsim.robot.manipulators.examples.franka. Please update your code accordingly.
2026-08-22T13:05:21Z [17,692ms] [Warning] [omni.isaac.franka.kinematics_solver] omni.isaac.franka has been deprecated in favor of isaacsim.robot.manipulators.examples.franka. Please update your code accordingly.
[17.742s] [ext: omni.isaac.kit-2.0.6] startup
2026-08-22T13:05:21Z [17,709ms] [Warning] [omni.isaac.kit] omni.isaac.kit has been deprecated in favor of isaacsim.simulation_app. Please update your code accordingly.
[17.758s] [ext: omni.kit.selection-0.1.6] startup
[17.777s] [ext: omni.isaac.lula-4.0.6] startup
2026-08-22T13:05:21Z [17,739ms] [Warning] [omni.isaac.lula] omni.isaac.lula has been deprecated in favor of isaacsim.robot_motion.lula. Please update your code accordingly.
[17.791s] [ext: isaacsim.robot_motion.lula_test_widget-1.0.12] startup
[17.823s] [ext: isaacsim.asset.browser-1.3.23] startup
[18.127s] [ext: omni.kit.viewport.actions-107.0.2] startup
[18.154s] [ext: isaacsim.gui.menu-2.4.4] startup
[18.199s] [ext: omni.isaac.manipulators-3.0.7] startup
2026-08-22T13:05:21Z [18,163ms] [Warning] [omni.isaac.manipulators] omni.isaac.manipulators has been deprecated in favor of isaacsim.robot.manipulators. Please update your code accordingly.
2026-08-22T13:05:21Z [18,166ms] [Warning] [omni.isaac.manipulators.controllers] omni.isaac.manipulators has been deprecated in favor of isaacsim.robot.manipulators. Please update your code accordingly.
2026-08-22T13:05:21Z [18,167ms] [Warning] [omni.isaac.manipulators.controllers.pick_place_controller] omni.isaac.manipulators has been deprecated in favor of isaacsim.robot.manipulators. Please update your code accordingly.
2026-08-22T13:05:21Z [18,175ms] [Warning] [omni.isaac.manipulators.controllers.stacking_controller] omni.isaac.manipulators has been deprecated in favor of isaacsim.robot.manipulators. Please update your code accordingly.
2026-08-22T13:05:21Z [18,178ms] [Warning] [omni.isaac.manipulators.grippers] omni.isaac.manipulators has been deprecated in favor of isaacsim.robot.manipulators. Please update your code accordingly.
2026-08-22T13:05:21Z [18,179ms] [Warning] [omni.isaac.manipulators.grippers.gripper] omni.isaac.manipulators has been deprecated in favor of isaacsim.robot.manipulators. Please update your code accordingly.
2026-08-22T13:05:21Z [18,180ms] [Warning] [omni.isaac.manipulators.grippers.parallel_gripper] omni.isaac.manipulators has been deprecated in favor of isaacsim.robot.manipulators. Please update your code accordingly.
2026-08-22T13:05:21Z [18,181ms] [Warning] [omni.isaac.manipulators.grippers.surface_gripper] omni.isaac.manipulators has been deprecated in favor of isaacsim.robot.manipulators. Please update your code accordingly.
2026-08-22T13:05:21Z [18,183ms] [Warning] [omni.isaac.manipulators.manipulators] omni.isaac.manipulators has been deprecated in favor of isaacsim.robot.manipulators. Please update your code accordingly.
2026-08-22T13:05:21Z [18,184ms] [Warning] [omni.isaac.manipulators.manipulators.single_manipulator] omni.isaac.manipulators has been deprecated in favor of isaacsim.robot.manipulators. Please update your code accordingly.
[18.236s] [ext: omni.isaac.lula_test_widget-1.0.6] startup
2026-08-22T13:05:21Z [18,201ms] [Warning] [omni.isaac.lula_test_widget] omni.isaac.lula_test_widget has been deprecated in favor of isaacsim.robot_motion.lula_test_widget. Please update your code accordingly.
[18.250s] [ext: omni.isaac.asset_browser-1.0.6] startup
2026-08-22T13:05:21Z [18,215ms] [Warning] [omni.isaac.asset_browser] omni.isaac.asset_browser has been deprecated in favor of isaacsim.asset.browser. Please update your code accordingly.
[18.267s] [ext: omni.kit.viewport.menubar.display-107.0.3] startup
[18.296s] [ext: omni.isaac.menu-1.0.6] startup
2026-08-22T13:05:21Z [18,257ms] [Warning] [omni.isaac.menu] omni.isaac.menu has been deprecated in favor of isaacsim.gui.menu. Please update your code accordingly.
[18.309s] [ext: omni.isaac.motion_generation-8.0.7] startup
2026-08-22T13:05:21Z [18,273ms] [Warning] [omni.isaac.motion_generation] omni.isaac.motion_generation has been deprecated in favor of isaacsim.robot_motion.motion_generation. Please update your code accordingly.
2026-08-22T13:05:21Z [18,274ms] [Warning] [omni.isaac.motion_generation.articulation_kinematics_solver] omni.isaac.motion_generation has been deprecated in favor of isaacsim.robot_motion.motion_generation. Please update your code accordingly.
2026-08-22T13:05:21Z [18,275ms] [Warning] [omni.isaac.motion_generation.articulation_motion_policy] omni.isaac.motion_generation has been deprecated in favor of isaacsim.robot_motion.motion_generation. Please update your code accordingly.
2026-08-22T13:05:21Z [18,276ms] [Warning] [omni.isaac.motion_generation.articulation_trajectory] omni.isaac.motion_generation has been deprecated in favor of isaacsim.robot_motion.motion_generation. Please update your code accordingly.
2026-08-22T13:05:21Z [18,276ms] [Warning] [omni.isaac.motion_generation.kinematics_interface] omni.isaac.motion_generation has been deprecated in favor of isaacsim.robot_motion.motion_generation. Please update your code accordingly.
2026-08-22T13:05:21Z [18,279ms] [Warning] [omni.isaac.motion_generation.lula] omni.isaac.motion_generation has been deprecated in favor of isaacsim.robot_motion.motion_generation. Please update your code accordingly.
2026-08-22T13:05:21Z [18,280ms] [Warning] [omni.isaac.motion_generation.lula.kinematics] omni.isaac.motion_generation has been deprecated in favor of isaacsim.robot_motion.motion_generation. Please update your code accordingly.
2026-08-22T13:05:21Z [18,281ms] [Warning] [omni.isaac.motion_generation.lula.motion_policies] omni.isaac.motion_generation has been deprecated in favor of isaacsim.robot_motion.motion_generation. Please update your code accordingly.
2026-08-22T13:05:21Z [18,282ms] [Warning] [omni.isaac.motion_generation.lula.path_planners] omni.isaac.motion_generation has been deprecated in favor of isaacsim.robot_motion.motion_generation. Please update your code accordingly.
2026-08-22T13:05:21Z [18,283ms] [Warning] [omni.isaac.motion_generation.lula.trajectory_generator] omni.isaac.motion_generation has been deprecated in favor of isaacsim.robot_motion.motion_generation. Please update your code accordingly.
2026-08-22T13:05:21Z [18,283ms] [Warning] [omni.isaac.motion_generation.motion_policy_controller] omni.isaac.motion_generation has been deprecated in favor of isaacsim.robot_motion.motion_generation. Please update your code accordingly.
2026-08-22T13:05:21Z [18,284ms] [Warning] [omni.isaac.motion_generation.motion_policy_interface] omni.isaac.motion_generation has been deprecated in favor of isaacsim.robot_motion.motion_generation. Please update your code accordingly.
2026-08-22T13:05:21Z [18,285ms] [Warning] [omni.isaac.motion_generation.path_planner_visualizer] omni.isaac.motion_generation has been deprecated in favor of isaacsim.robot_motion.motion_generation. Please update your code accordingly.
2026-08-22T13:05:21Z [18,286ms] [Warning] [omni.isaac.motion_generation.path_planning_interface] omni.isaac.motion_generation has been deprecated in favor of isaacsim.robot_motion.motion_generation. Please update your code accordingly.
2026-08-22T13:05:21Z [18,287ms] [Warning] [omni.isaac.motion_generation.trajectory] omni.isaac.motion_generation has been deprecated in favor of isaacsim.robot_motion.motion_generation. Please update your code accordingly.
2026-08-22T13:05:21Z [18,287ms] [Warning] [omni.isaac.motion_generation.world_interface] omni.isaac.motion_generation has been deprecated in favor of isaacsim.robot_motion.motion_generation. Please update your code accordingly.
[18.340s] [ext: omni.isaac.assets_check-0.3.13] startup
2026-08-22T13:05:21Z [18,304ms] [Warning] [omni.isaac.assets_check] omni.isaac.assets_check has been deprecated in favor of isaacsim.asset.browser. Please update your code accordingly.
[18.353s] [ext: isaacsim.gui.sensors.icon-2.0.3] startup
[18.507s] [ext: isaacsim.asset.importer.mjcf-2.5.13] startup
[18.545s] [ext: omni.sensors.nv.common-3.0.0] startup
[18.572s] [ext: isaacsim.sensors.physics-0.4.3] startup
[18.599s] [ext: omni.sensors.net-1.0.0] startup
[18.616s] [ext: omni.isaac.nucleus-1.0.6] startup
2026-08-22T13:05:22Z [18,577ms] [Warning] [omni.isaac.nucleus] omni.isaac.nucleus has been deprecated in favor of isaacsim.storage.native. Please update your code accordingly.
2026-08-22T13:05:22Z [18,577ms] [Warning] [omni.isaac.nucleus.nucleus] omni.isaac.nucleus.nucleus has been deprecated in favor of isaacsim.storage.native. Please update your code accordingly.
[18.627s] [ext: omni.sensors.nv.materials-2.0.0] startup
[18.649s] [ext: isaacsim.robot.policy.examples-4.1.11] startup
[18.671s] [ext: omni.sensors.nv.wpm-3.0.0] startup
[18.676s] [ext: omni.sensors.nv.lidar-3.0.0] startup
[18.698s] [ext: isaacsim.util.debug_draw-3.1.0] startup
[18.715s] [ext: omni.sensors.nv.radar-3.0.0] startup
[18.722s] [ext: omni.sensors.nv.ids-2.0.0] startup
[18.726s] [ext: isaacsim.core.cloner-1.4.10] startup
[18.745s] [ext: isaacsim.sensors.physx-2.3.2] startup
[18.770s] [ext: isaacsim.sensors.rtx-15.8.4] startup
[18.806s] [ext: isaacsim.sensors.camera-1.3.6] startup
[18.849s] [ext: omni.isaac.quadruped-3.0.7] startup
2026-08-22T13:05:22Z [18,815ms] [Warning] [omni.isaac.quadruped] omni.isaac.quadruped has been deprecated in favor of isaacsim.robot.policy.examples. Please update your code accordingly.
[18.866s] [ext: omni.isaac.cloner-1.0.7] startup
2026-08-22T13:05:22Z [18,831ms] [Warning] [omni.isaac.cloner] omni.isaac.cloner has been deprecated in favor of isaacsim.core.cloner. Please update your code accordingly.
[18.882s] [ext: omni.isaac.range_sensor-4.0.6] startup
2026-08-22T13:05:22Z [18,844ms] [Warning] [omni.isaac.range_sensor] omni.isaac.range_sensor has been deprecated in favor of isaacsim.sensors.physx. Please update your code accordingly.
2026-08-22T13:05:22Z [18,845ms] [Warning] [omni.isaac.range_sensor.commands] omni.isaac.range_sensor.commands has been deprecated in favor of isaacsim.sensors.physx.commands. Please update your code accordingly.
[18.896s] [ext: omni.isaac.sensor-13.0.7] startup
2026-08-22T13:05:22Z [18,859ms] [Warning] [omni.isaac.sensor] omni.isaac.sensor has been deprecated in favor of isaacsim.sensors.camera, isaacsim.sensors.physics, isaacsim.sensors.physx, and isaacsim.sensors.rtx. Please update your code accordingly.
2026-08-22T13:05:22Z [18,859ms] [Warning] [omni.isaac.sensor.camera] omni.isaac.sensor.camera has been deprecated in favor of isaacsim.sensors.camera.camera. Please update your code accordingly.
2026-08-22T13:05:22Z [18,860ms] [Warning] [omni.isaac.sensor.camera_view] omni.isaac.sensor.camera_view has been deprecated in favor of isaacsim.sensors.camera.camera_view. Please update your code accordingly.
2026-08-22T13:05:22Z [18,860ms] [Warning] [omni.isaac.sensor.commands] omni.isaac.sensor.commands has been deprecated in favor of isaacsim.sensors.physics.commands, isaacsim.sensors.physx.commands, and isaacsim.sensors.rtx.commands. Please update your code accordingly.
2026-08-22T13:05:22Z [18,860ms] [Warning] [omni.isaac.sensor.contact_sensor] omni.isaac.sensor.contact_sensor has been deprecated in favor of isaacsim.sensors.physics.contact_sensor. Please update your code accordingly.
2026-08-22T13:05:22Z [18,861ms] [Warning] [omni.isaac.sensor.imu_sensor] omni.isaac.sensor.imu_sensor has been deprecated in favor of isaacsim.sensors.physics.imu_sensor. Please update your code accordingly.
2026-08-22T13:05:22Z [18,861ms] [Warning] [omni.isaac.sensor.lidar_rtx] omni.isaac.sensor.lidar_rtx has been deprecated in favor of isaacsim.sensors.rtx.lidar_rtx. Please update your code accordingly.
2026-08-22T13:05:22Z [18,862ms] [Warning] [omni.isaac.sensor.rotating_lidar_physX] omni.isaac.sensor.imu_sensor has been deprecated in favor of isaacsim.sensors.physix.rotating_lidar_physX. Please update your code accordingly.
2026-08-22T13:05:22Z [18,866ms] [Warning] [omni.isaac.sensor.scripts.samples.contact_sensor] omni.isaac.sensor.scripts.samples.contact_sensor has been deprecated in favor of isaacsim.sensors.physics.scripts.samples.contact_sensor. Please update your code accordingly.
2026-08-22T13:05:22Z [18,866ms] [Warning] [omni.isaac.sensor.scripts.samples.imu_sensor] omni.isaac.sensor.scripts.samples.imu_sensor has been deprecated in favor of isaacsim.sensors.physics.scripts.samples.imu_sensor. Please update your code accordingly.
2026-08-22T13:05:22Z [18,867ms] [Warning] [omni.isaac.sensor.scripts.samples.lightbeam_sensor] omni.isaac.sensor.scripts.samples.lightbeam_sensor has been deprecated in favor of isaacsim.sensors.physx.scripts.samples.lightbeam_sensor. Please update your code accordingly.
[18.918s] [ext: omni.kit.menu.create-2.0.1] startup
[18.948s] [ext: omni.kit.widget.toolbar-2.0.1] startup
[18.992s] [ext: omni.kit.manipulator.transform-107.0.0] startup
[19.044s] [ext: omni.isaac.core-4.0.7] startup
2026-08-22T13:05:22Z [19,006ms] [Warning] [omni.isaac.core.physics_context.physics_context] omni.isaac.core.physics_context.physics_context has been deprecated in favor of isaacsim.core.api.physics_context.physics_context. Please update your code accordingly.
2026-08-22T13:05:22Z [19,009ms] [Warning] [omni.isaac.core.simulation_context.simulation_context] omni.isaac.core.simulation_context.simulation_context has been deprecated in favor of isaacsim.core.api.simulation_context.simulation_context. Please update your code accordingly.
2026-08-22T13:05:22Z [19,011ms] [Warning] [omni.isaac.core.world.world] omni.isaac.core.world.world has been deprecated in favor of isaacsim.core.api.world.world. Please update your code accordingly.
2026-08-22T13:05:22Z [19,011ms] [Warning] [omni.isaac.core] omni.isaac.core has been deprecated in favor of isaacsim.core.api. Please update your code accordingly.
[19.062s] [ext: omni.kit.scripting-107.3.2] startup
[19.101s] [ext: omni.kit.manipulator.tool.snap-1.5.13] startup
[19.132s] [ext: omni.kit.manipulator.selector-1.1.3] startup
[19.147s] [ext: isaacsim.app.about-2.0.11] startup
[19.171s] [ext: isaacsim.replicator.behavior-1.1.16] startup
[19.181s] [ext: omni.kit.viewport.manipulator.transform-107.0.4] startup
[19.200s] [ext: omni.isaac.window.about-2.0.7] startup
2026-08-22T13:05:22Z [19,164ms] [Warning] [omni.isaac.window.about] omni.isaac.window.about has been deprecated in favor of isaacsim.app.about. Please update your code accordingly.
2026-08-22T13:05:22Z [19,165ms] [Warning] [omni.isaac.window.about.about] omni.isaac.window.about.about has been deprecated in favor of isaacsim.app.about.about. Please update your code accordingly.
[19.216s] [ext: omni.fabric.commands-1.1.6] startup
[19.244s] [ext: omni.kit.manipulator.prim.core-107.0.8] startup
[19.288s] [ext: omni.kit.property.audio-1.0.16] startup
[19.307s] [ext: omni.kit.property.camera-1.0.10] startup
[19.323s] [ext: omni.kit.property.geometry-2.0.4] startup
[19.348s] [ext: omni.hydra.scene_api-0.1.2] startup
[19.361s] [ext: omni.kit.property.light-1.0.12] startup
[19.407s] [ext: omni.kit.manipulator.prim.fabric-107.0.4] startup
[19.427s] [ext: omni.kit.manipulator.prim.usd-107.0.3] startup
[19.443s] [ext: omni.kit.property.material-1.11.9] startup
[19.516s] [ext: omni.kit.property.render-1.2.1] startup
[19.536s] [ext: omni.kit.property.transform-1.5.13] startup
[19.622s] [ext: isaacsim.gui.property-1.1.3] startup
[19.652s] [ext: omni.kit.manipulator.camera-106.0.4] startup
[19.717s] [ext: omni.kit.manipulator.prim-107.0.0] startup
[19.719s] [ext: omni.isaac.surface_gripper-2.0.6] startup
2026-08-22T13:05:23Z [19,679ms] [Warning] [omni.isaac.surface_gripper] omni.isaac.surface_gripper has been deprecated in favor of isaacsim.robot.surface_gripper. Please update your code accordingly.
[19.731s] [ext: omni.kit.manipulator.selection-106.0.1] startup
[19.759s] [ext: omni.kit.property.bundle-1.4.1] startup
[19.783s] [ext: omni.kit.property.isaac-1.0.6] startup
2026-08-22T13:05:23Z [19,748ms] [Warning] [omni.kit.property.isaac] omni.kit.property.isaac has been deprecated in favor of isaacsim.gui.property. Please update your code accordingly.
2026-08-22T13:05:23Z [19,750ms] [Warning] [omni.kit.property.isaac.widgets] omni.kit.property.isaac.widgets has been deprecated in favor of isaacsim.gui.property.widgets. Please update your code accordingly.
[19.799s] [ext: omni.isaac.universal_robots-1.0.6] startup
2026-08-22T13:05:23Z [19,763ms] [Warning] [omni.isaac.universal_robots] omni.isaac.universal_robots has been deprecated in favor of isaacsim.robot.manipulators.examples.universal_robots. Please update your code accordingly.
2026-08-22T13:05:23Z [19,764ms] [Warning] [omni.isaac.universal_robots.kinematics_solver] omni.isaac.franka has been deprecated in favor of isaacsim.robot.manipulators.examples.universal_robots. Please update your code accordingly.
2026-08-22T13:05:23Z [19,780ms] [Warning] [omni.isaac.universal_robots.ur10] omni.isaac.franka has been deprecated in favor of isaacsim.robot.manipulators.examples.universal_robots. Please update your code accordingly.
[19.830s] [ext: omni.isaac.core_nodes-2.0.6] startup
2026-08-22T13:05:23Z [19,801ms] [Warning] [omni.isaac.core_nodes] omni.isaac.core_nodes has been deprecated in favor of isaacsim.core.nodes. Please update your code accordingly.
[19.853s] [ext: omni.kit.viewport.menubar.camera-107.0.6] startup
[19.929s] [ext: omni.kit.viewport.menubar.lighting-107.3.1] startup
[19.977s] [ext: isaacsim.replicator.writers-1.0.17] startup
[20.147s] [ext: omni.kit.viewport.menubar.render-107.0.10] startup
[20.214s] [ext: omni.kit.viewport.menubar.settings-107.0.3] startup
[20.288s] [ext: omni.kit.window.console-1.1.4] startup
[20.331s] [ext: isaacsim.replicator.domain_randomization-1.0.16] startup
[20.366s] [ext: isaacsim.replicator.examples-1.3.6] startup
[20.389s] [ext: omni.ocio-0.1.1] startup
[20.416s] [ext: omni.rtx.window.settings-0.6.19] startup
[20.560s] [ext: omni.kit.window.status_bar-0.1.9] startup
[20.595s] [ext: omni.kit.window.toolbar-2.0.0] startup
[20.616s] [ext: omni.replicator.isaac-2.0.8] startup
2026-08-22T13:05:24Z [20,580ms] [Warning] [omni.replicator.isaac] omni.replicator.isaac has been deprecated in favor of isaacsim.replicator.domain_randomization, isaacsim.replicator.examples, isaacsim.replicator.writers. Please update your code accordingly.
[20.632s] [ext: omni.replicator.replicator_yaml-2.0.11] startup
[20.788s] [ext: omni.rtx.settings.core-0.6.5] startup
[20.844s] [ext: omni.usd.metrics.assembler.ui-107.3.1] startup
[20.880s] [ext: omni.isaac.utils-2.0.6] startup
[20.895s] [ext: semantics.schema.editor-2.0.2] startup
[20.922s] [ext: omni.kit.ui.actions-1.0.5] startup
[20.938s] [ext: semantics.schema.property-2.0.1] startup
[20.952s] [ext: omni.isaac.version-2.0.7] startup
2026-08-22T13:05:24Z [20,913ms] [Warning] [omni.isaac.version] omni.isaac.version has been deprecated in favor of isaacsim.core.version. Please update your code accordingly.
[20.965s] [ext: omni.isaac.cortex-1.0.5] startup
[20.968s] [ext: omni.anim.curve.core-1.3.1] startup
[21.023s] [ext: isaacsim.core.throttling-2.2.2] startup
[21.038s] [ext: omni.kit.menu.common-2.0.1] startup
[21.052s] [ext: isaacsim.exp.base-5.1.0] startup
[21.055s] [ext: isaacsim.exp.base.python-5.1.0] startup
[21.058s] Simulation App Starting
2026-08-22T13:05:24Z [21,156ms] [Error] [omni.kit.window.drop_support.drop_support] Cannot setup ExternalDragDrop without a default window
2026-08-22T13:05:24Z [21,168ms] [Warning] [omni.fabric.plugin] Warning: attribute viewportHandle not found for bucket id 9

2026-08-22T13:05:24Z [21,200ms] [Warning] [usdrt.population.plugin] [UsdNoticeHandler] Unhandled attribute type VtArray<std::string> (prim attribute: omni:rtx:material:db:flattener:reflection_roughness_constant)
2026-08-22T13:05:24Z [21,201ms] [Warning] [usdrt.population.plugin] [UsdNoticeHandler] Unhandled attribute type VtArray<std::string> (prim attribute: omni:rtx:material:db:flattener:ior_constant)
2026-08-22T13:05:24Z [21,201ms] [Warning] [usdrt.population.plugin] [UsdNoticeHandler] Unhandled attribute type VtArray<std::string> (prim attribute: omni:rtx:material:db:flattener:transmittance_color)
[21.275s] app ready
2026-08-22T13:05:25Z [21,633ms] [Error] [omni.kit.menu.utils.app_menu] Hotkeys cannot be setup without a default window
Starting kit application with the following args:  ['/isaac-sim/exts/isaacsim.simulation_app/isaacsim/simulation_app/simulation_app.py', '/isaac-sim/apps/isaacsim.exp.base.python.kit', '--/app/tokens/exe-path=/isaac-sim/kit', '--/persistent/app/viewport/displayOptions=3094', '--/rtx/materialDb/syncLoads=True', '--/rtx/hydra/materialSyncLoads=True', '--/omni.kit.plugin/syncUsdLoads=True', '--/app/renderer/resolution/width=1280', '--/app/renderer/resolution/height=720', '--/app/window/width=1440', '--/app/window/height=900', '--/renderer/multiGpu/enabled=True', '--/app/fastShutdown=True', '--/app/installSignalHandlers=0', '--ext-folder', '/isaac-sim/exts', '--ext-folder', '/isaac-sim/apps', '--/physics/cudaDevice=0', '--/plugins/carb.tasking.plugin/threadCount=32', '--/plugins/omni.tbb.globalcontrol/maxThreadCount=32', '--portable']
Passing the following args to the base kit application:  ['--robot_type', 'g1', '--cmd_vel_topic', '/ferox/g1_01/cmd_vel', '--ros_namespace', '/ferox/g1_01', '--no_keyboard', '--render_dt', '0.02']
Warp 1.8.2 initialized:
   CUDA Toolkit 12.8, Driver 13.0
   Devices:
     "cpu"      : "x86_64"
     "cuda:0"   : "NVIDIA GeForce RTX 4090" (24 GiB, sm_89, mempool enabled)
   Kernel cache:
     /isaac-sim/.cache/warp/1.8.2
Warp DeprecationWarning: The `warp.sim` module is deprecated and will be removed in v1.10. Please transition to using the forthcoming Newton library instead.
[PANTHERA-MARK] before RobotRosRunner()
[PANTHERA-MARK] camera ros_namespace = '/ferox/g1_01'
[World] SIM_WORLD=hospital -> https://omniverse-content-production.s3-us-west-2.amazonaws.com/Assets/Isaac/5.1/Isaac/Environments/Hospital/hospital.usd
[World] spawn pos=[7.800000190734863, 2.0, 0.800000011920929] yaw=1.570rad (robot=g1)
[25.272s] Simulation App Startup Complete
[25.308s] [ext: isaacsim.ros2.bridge-4.12.4] startup
[25.407s] Attempting to load system rclpy
[25.407s] Could not import system rclpy: No module named 'rclpy'
[25.407s] Attempting to load internal rclpy for ROS Distro: humble
[25.479s] rclpy loaded
2026-08-22T13:05:30Z [27,387ms] [Error] [__main__] G1_PHYSX_TWEAKS contact_offset=0.002 matched ZERO prims -- the run is NOT testing what it claims
2026-08-22T13:05:30Z [27,388ms] [Error] [__main__] G1_PHYSX_TWEAKS rest_offset=0.0 matched ZERO prims -- the run is NOT testing what it claims
[PANTHERA-MARK] RobotRosRunner constructed, before reset
[PANTHERA-MARK] A: app.update done, calling _world.reset()
[PANTHERA-MARK] B: world.reset() done
[PANTHERA-MARK] C: app.update done, calling setup()
[PANTHERA-MARK] D: setup() done
[lowlevel-sim] hands: [] (none -- HAND=none)
[lowlevel-sim] TEST RIG ACTIVE: base pinned to spawn pose (C-30)
[lowlevel-sim] spawn base_z=0.7975 hold_pose=spawn q_hold[:6]=[-0.10000000149011612, 0.0, 0.0, 0.30000001192092896, -0.20000000298023224, 0.0]
[lowlevel-sim][trace] set_gains
[lowlevel-sim][trace] set_effort_modes
[lowlevel-sim][trace] switch_control_mode(effort)
[lowlevel-sim][trace] control mode set
[lowlevel-sim] physics 1000.0 Hz, PD every 2 step(s) -> 500.0 Hz, timeout 85 ms
[PANTHERA-MARK] low-level bridge attached (G1_CONTROL=lowcmd)
[lowlevel-sim][GT] t=0.001 quat=[0.70739, 0.0, 0.0, 0.70683] angvel=[0.0, 0.0, 0.0] linvel=[0.0, 0.0, 0.0] z=0.7975
[PANTHERA-MARK] E: app.update done, SKIPPING setup_ros() entirely
[PANTHERA-MARK] E1: entered setup_ros() body
[PANTHERA-MARK] E2: self._cmd_vel_topic = /ferox/g1_01/cmd_vel
[PANTHERA] executor spinning on dedicated thread
[PANTHERA] cmd_vel subscriber active on /ferox/g1_01/cmd_vel (rclpy bypass)
[PANTHERA] reset subscriber active on /twin/reset
[lowlevel-sim][GT] t=0.051 quat=[0.70739, 0.0, 0.0, 0.70683] angvel=[0.0, 0.0, 0.0] linvel=[0.0, 0.0, 0.0] z=0.7975
[lowlevel-sim][GT] t=0.101 quat=[0.70739, 0.0, 0.0, 0.70683] angvel=[0.0, 0.0, 0.0] linvel=[0.0, 0.0, 0.0] z=0.7975
[lowlevel-sim][GT] t=0.151 quat=[0.70739, 0.0, 0.0, 0.70683] angvel=[0.0, 0.0, 0.0] linvel=[0.0, 0.0, 0.0] z=0.7975
[lowlevel-sim][GT] t=0.201 quat=[0.70739, 0.0, 0.0, 0.70683] angvel=[0.0, 0.0, 0.0] linvel=[0.0, 0.0, 0.0] z=0.7975
[TWIN] contract /workspace/ferox_isaac/twin/g1_contract.yaml
[TWIN] namespace /ferox/g1_01  CAMERA_TF=0
[TWIN] Mid-360 SKIPPED (TWIN_LIDAR=0) -- device only, contract untouched
[TWIN] camera SKIPPED (TWIN_CAMERA=0) -- C-23, device only, contract untouched
[TWIN] 2 IMU device(s) SKIPPED (TWIN_IMU=0) -- device only, contract untouched
[lowlevel-sim][GT] t=0.251 quat=[0.70739, 0.0, 0.0, 0.70683] angvel=[0.0, 0.0, 0.0] linvel=[0.0, 0.0, 0.0] z=0.7975
[lowlevel-sim][GT] t=0.301 quat=[0.70739, 0.0, 0.0, 0.70683] angvel=[0.0, 0.0, 0.0] linvel=[0.0, 0.0, 0.0] z=0.7975
[TWIN] /tf_static: 6 edges (base_link->dog_imu_link, livox_frame->livox_imu, camera_link->camera_color_frame, camera_color_frame->camera_color_optical_frame, camera_link->camera_depth_frame, camera_depth_frame->camera_depth_optical_frame)
[TWIN] rendering_dt=0.020000s (50.00 Hz) requested 0.020000s
[TWIN] lidar cloud publisher SKIPPED (TWIN_LIDAR=0)
[TWIN] odom -> /ferox/g1_01/odom
[TWIN] interface up
[PANTHERA-MARK] F: setup_ros() done
[lowlevel-sim][GT] t=0.351 quat=[0.70739, 0.0, 0.0, 0.70683] angvel=[0.0, 0.0, 0.0] linvel=[0.0, 0.0, 0.0] z=0.7975
[PANTHERA-MARK] G: before runner.run() — entering main loop
[lowlevel-sim][GT] t=0.401 quat=[0.70739, 0.0, 0.0, 0.70683] angvel=[0.0, 0.0, 0.0] linvel=[0.0, 0.0, 0.0] z=0.7975
[lowlevel-sim][GT] t=0.451 quat=[0.70739, 0.0, 0.0, 0.70683] angvel=[0.0, 0.0, 0.0] linvel=[0.0, 0.0, 0.0] z=0.7975
[lowlevel-sim] t=   0.50 mode=hold       pd=499 hold=499 failclosed=0 rtf=0.187 base_z=+0.798 pitch=+0.000 roll=+0.000 |tau|max= 35.00 sat=5/29 knee_L=+0.300 hip_p_L=-0.100 torn=499 cmd_age=-1.0ms auth=-1.0s rig_ign=0 fix_base=1 sat_j=left_ankle_roll_joint:+35.0,right_ankle_roll_joint:+35.0,left_wrist_roll_joint:+25.0,right_wrist_roll_joint:+25.0,right_wrist_yaw_joint:-5.0
[lowlevel-sim][GT] t=0.501 quat=[0.70739, 0.0, 0.0, 0.70683] angvel=[0.0, 0.0, 0.0] linvel=[0.0, 0.0, 0.0] z=0.7975
[lowlevel-sim][GT] t=0.551 quat=[0.70739, 0.0, 0.0, 0.70683] angvel=[0.0, 0.0, 0.0] linvel=[0.0, 0.0, 0.0] z=0.7975
[lowlevel-sim][GT] t=0.601 quat=[0.70739, 0.0, 0.0, 0.70683] angvel=[0.0, 0.0, 0.0] linvel=[0.0, 0.0, 0.0] z=0.7975
[lowlevel-sim][GT] t=0.651 quat=[0.70739, 0.0, 0.0, 0.70683] angvel=[0.0, 0.0, 0.0] linvel=[0.0, 0.0, 0.0] z=0.7975
[lowlevel-sim][GT] t=0.701 quat=[0.70739, 0.0, 0.0, 0.70683] angvel=[0.0, 0.0, 0.0] linvel=[0.0, 0.0, 0.0] z=0.7975
[lowlevel-sim][GT] t=0.751 quat=[0.70739, 0.0, 0.0, 0.70683] angvel=[0.0, 0.0, 0.0] linvel=[0.0, 0.0, 0.0] z=0.7975
[lowlevel-sim][GT] t=0.801 quat=[0.70739, 0.0, 0.0, 0.70683] angvel=[0.0, 0.0, 0.0] linvel=[0.0, 0.0, 0.0] z=0.7975
[lowlevel-sim][GT] t=0.851 quat=[0.70739, 0.0, 0.0, 0.70683] angvel=[0.0, 0.0, 0.0] linvel=[0.0, 0.0, 0.0] z=0.7975
[lowlevel-sim][GT] t=0.901 quat=[0.70739, 0.0, 0.0, 0.70683] angvel=[0.0, 0.0, 0.0] linvel=[0.0, 0.0, 0.0] z=0.7975
[lowlevel-sim][GT] t=0.951 quat=[0.70739, 0.0, 0.0, 0.70683] angvel=[0.0, 0.0, 0.0] linvel=[0.0, 0.0, 0.0] z=0.7975
[lowlevel-sim] t=   1.00 mode=hold       pd=999 hold=999 failclosed=0 rtf=0.228 base_z=+0.798 pitch=+0.000 roll=+0.000 |tau|max= 35.00 sat=5/29 knee_L=+0.300 hip_p_L=-0.100 torn=999 cmd_age=-1.0ms auth=-1.0s rig_ign=0 fix_base=1 sat_j=left_ankle_roll_joint:+35.0,right_ankle_roll_joint:+35.0,left_wrist_roll_joint:+25.0,right_wrist_roll_joint:+25.0,right_wrist_yaw_joint:-5.0
[lowlevel-sim][GT] t=1.001 quat=[0.70739, 0.0, 0.0, 0.70683] angvel=[0.0, 0.0, 0.0] linvel=[0.0, 0.0, 0.0] z=0.7975
[lowlevel-sim][GT] t=1.051 quat=[0.70739, 0.0, 0.0, 0.70683] angvel=[0.0, 0.0, 0.0] linvel=[0.0, 0.0, 0.0] z=0.7975
[lowlevel-sim][GT] t=1.101 quat=[0.70739, 0.0, 0.0, 0.70683] angvel=[0.0, 0.0, 0.0] linvel=[0.0, 0.0, 0.0] z=0.7975
[lowlevel-sim][GT] t=1.151 quat=[0.70739, 0.0, 0.0, 0.70683] angvel=[0.0, 0.0, 0.0] linvel=[0.0, 0.0, 0.0] z=0.7975
[lowlevel-sim][GT] t=1.201 quat=[0.70739, 0.0, 0.0, 0.70683] angvel=[0.0, 0.0, 0.0] linvel=[0.0, 0.0, 0.0] z=0.7975
[lowlevel-sim][GT] t=1.251 quat=[0.70739, 0.0, 0.0, 0.70683] angvel=[0.0, 0.0, 0.0] linvel=[0.0, 0.0, 0.0] z=0.7975
[lowlevel-sim][GT] t=1.301 quat=[0.70739, 0.0, 0.0, 0.70683] angvel=[0.0, 0.0, 0.0] linvel=[0.0, 0.0, 0.0] z=0.7975
[lowlevel-sim][GT] t=1.351 quat=[0.70739, 0.0, 0.0, 0.70683] angvel=[0.0, 0.0, 0.0] linvel=[0.0, 0.0, 0.0] z=0.7975
[lowlevel-sim][GT] t=1.401 quat=[0.70739, 0.0, 0.0, 0.70683] angvel=[0.0, 0.0, 0.0] linvel=[0.0, 0.0, 0.0] z=0.7975
[lowlevel-sim][GT] t=1.451 quat=[0.70739, 0.0, 0.0, 0.70683] angvel=[0.0, 0.0, 0.0] linvel=[0.0, 0.0, 0.0] z=0.7975
[lowlevel-sim] t=   1.50 mode=hold       pd=1499 hold=1499 failclosed=0 rtf=0.238 base_z=+0.798 pitch=+0.000 roll=+0.000 |tau|max= 35.00 sat=5/29 knee_L=+0.300 hip_p_L=-0.100 torn=1499 cmd_age=-1.0ms auth=-1.0s rig_ign=0 fix_base=1 sat_j=left_ankle_roll_joint:+35.0,right_ankle_roll_joint:+35.0,left_wrist_roll_joint:+25.0,right_wrist_roll_joint:+25.0,right_wrist_yaw_joint:-5.0
[lowlevel-sim][GT] t=1.501 quat=[0.70739, 0.0, 0.0, 0.70683] angvel=[0.0, 0.0, 0.0] linvel=[0.0, 0.0, 0.0] z=0.7975
[lowlevel-sim][GT] t=1.551 quat=[0.70739, 0.0, 0.0, 0.70683] angvel=[0.0, 0.0, 0.0] linvel=[0.0, 0.0, 0.0] z=0.7975
[lowlevel-sim][GT] t=1.601 quat=[0.70739, 0.0, 0.0, 0.70683] angvel=[0.0, 0.0, 0.0] linvel=[0.0, 0.0, 0.0] z=0.7975
[lowlevel-sim][GT] t=1.651 quat=[0.70739, 0.0, 0.0, 0.70683] angvel=[0.0, 0.0, 0.0] linvel=[0.0, 0.0, 0.0] z=0.7975
[lowlevel-sim][GT] t=1.701 quat=[0.70739, 0.0, 0.0, 0.70683] angvel=[0.0, 0.0, 0.0] linvel=[0.0, 0.0, 0.0] z=0.7975
[lowlevel-sim][GT] t=1.751 quat=[0.70739, 0.0, 0.0, 0.70683] angvel=[0.0, 0.0, 0.0] linvel=[0.0, 0.0, 0.0] z=0.7975
[lowlevel-sim][GT] t=1.801 quat=[0.70739, 0.0, 0.0, 0.70683] angvel=[0.0, 0.0, 0.0] linvel=[0.0, 0.0, 0.0] z=0.7975
[lowlevel-sim][GT] t=1.851 quat=[0.70739, 0.0, 0.0, 0.70683] angvel=[0.0, 0.0, 0.0] linvel=[0.0, 0.0, 0.0] z=0.7975
[lowlevel-sim][GT] t=1.901 quat=[0.70739, 0.0, 0.0, 0.70683] angvel=[0.0, 0.0, 0.0] linvel=[0.0, 0.0, 0.0] z=0.7975
[lowlevel-sim][GT] t=1.951 quat=[0.70739, 0.0, 0.0, 0.70683] angvel=[0.0, 0.0, 0.0] linvel=[0.0, 0.0, 0.0] z=0.7975
[lowlevel-sim] t=   2.00 mode=hold       pd=1999 hold=1999 failclosed=0 rtf=0.246 base_z=+0.798 pitch=+0.000 roll=+0.000 |tau|max= 35.00 sat=5/29 knee_L=+0.300 hip_p_L=-0.100 torn=1999 cmd_age=-1.0ms auth=-1.0s rig_ign=0 fix_base=1 sat_j=left_ankle_roll_joint:+35.0,right_ankle_roll_joint:+35.0,left_wrist_roll_joint:+25.0,right_wrist_roll_joint:+25.0,right_wrist_yaw_joint:-5.0
[lowlevel-sim][GT] t=2.001 quat=[0.70739, 0.0, 0.0, 0.70683] angvel=[0.0, 0.0, 0.0] linvel=[0.0, 0.0, 0.0] z=0.7975
[lowlevel-sim][GT] t=2.051 quat=[0.70739, 0.0, 0.0, 0.70683] angvel=[0.0, 0.0, 0.0] linvel=[0.0, 0.0, 0.0] z=0.7975
[lowlevel-sim][GT] t=2.101 quat=[0.70739, 0.0, 0.0, 0.70683] angvel=[0.0, 0.0, 0.0] linvel=[0.0, 0.0, 0.0] z=0.7975
[lowlevel-sim][GT] t=2.151 quat=[0.70739, 0.0, 0.0, 0.70683] angvel=[0.0, 0.0, 0.0] linvel=[0.0, 0.0, 0.0] z=0.7975
[lowlevel-sim][GT] t=2.201 quat=[0.70739, 0.0, 0.0, 0.70683] angvel=[0.0, 0.0, 0.0] linvel=[0.0, 0.0, 0.0] z=0.7975
[lowlevel-sim][GT] t=2.251 quat=[0.70739, 0.0, 0.0, 0.70683] angvel=[0.0, 0.0, 0.0] linvel=[0.0, 0.0, 0.0] z=0.7975
[lowlevel-sim][GT] t=2.301 quat=[0.70739, 0.0, 0.0, 0.70683] angvel=[0.0, 0.0, 0.0] linvel=[0.0, 0.0, 0.0] z=0.7975
[lowlevel-sim][GT] t=2.351 quat=[0.70739, 0.0, 0.0, 0.70683] angvel=[0.0, 0.0, 0.0] linvel=[0.0, 0.0, 0.0] z=0.7975
[lowlevel-sim][GT] t=2.401 quat=[0.70739, 0.0, 0.0, 0.70683] angvel=[0.0, 0.0, 0.0] linvel=[0.0, 0.0, 0.0] z=0.7975
[lowlevel-sim][GT] t=2.451 quat=[0.70739, 0.0, 0.0, 0.70683] angvel=[0.0, 0.0, 0.0] linvel=[0.0, 0.0, 0.0] z=0.7975
[lowlevel-sim] t=   2.50 mode=hold       pd=2499 hold=2499 failclosed=0 rtf=0.247 base_z=+0.798 pitch=+0.000 roll=+0.000 |tau|max= 35.00 sat=5/29 knee_L=+0.300 hip_p_L=-0.100 torn=2499 cmd_age=-1.0ms auth=-1.0s rig_ign=0 fix_base=1 sat_j=left_ankle_roll_joint:+35.0,right_ankle_roll_joint:+35.0,left_wrist_roll_joint:+25.0,right_wrist_roll_joint:+25.0,right_wrist_yaw_joint:-5.0
[lowlevel-sim][GT] t=2.501 quat=[0.70739, 0.0, 0.0, 0.70683] angvel=[0.0, 0.0, 0.0] linvel=[0.0, 0.0, 0.0] z=0.7975
[lowlevel-sim][GT] t=2.551 quat=[0.70739, 0.0, 0.0, 0.70683] angvel=[0.0, 0.0, 0.0] linvel=[0.0, 0.0, 0.0] z=0.7975
[lowlevel-sim][GT] t=2.601 quat=[0.70739, 0.0, 0.0, 0.70683] angvel=[0.0, 0.0, 0.0] linvel=[0.0, 0.0, 0.0] z=0.7975
[lowlevel-sim][GT] t=2.651 quat=[0.70739, 0.0, 0.0, 0.70683] angvel=[0.0, 0.0, 0.0] linvel=[0.0, 0.0, 0.0] z=0.7975
[lowlevel-sim][GT] t=2.701 quat=[0.70739, 0.0, 0.0, 0.70683] angvel=[0.0, 0.0, 0.0] linvel=[0.0, 0.0, 0.0] z=0.7975
[lowlevel-sim][GT] t=2.751 quat=[0.70739, 0.0, 0.0, 0.70683] angvel=[0.0, 0.0, 0.0] linvel=[0.0, 0.0, 0.0] z=0.7975
[lowlevel-sim][GT] t=2.801 quat=[0.70739, 0.0, 0.0, 0.70683] angvel=[0.0, 0.0, 0.0] linvel=[0.0, 0.0, 0.0] z=0.7975
[lowlevel-sim][GT] t=2.851 quat=[0.70739, 0.0, 0.0, 0.70683] angvel=[0.0, 0.0, 0.0] linvel=[0.0, 0.0, 0.0] z=0.7975
[lowlevel-sim][GT] t=2.901 quat=[0.70739, 0.0, 0.0, 0.70683] angvel=[0.0, 0.0, 0.0] linvel=[0.0, 0.0, 0.0] z=0.7975
[lowlevel-sim][GT] t=2.951 quat=[0.70739, 0.0, 0.0, 0.70683] angvel=[0.0, 0.0, 0.0] linvel=[0.0, 0.0, 0.0] z=0.7975
[lowlevel-sim] t=   3.00 mode=hold       pd=2999 hold=2999 failclosed=0 rtf=0.242 base_z=+0.798 pitch=+0.000 roll=+0.000 |tau|max= 35.00 sat=5/29 knee_L=+0.300 hip_p_L=-0.100 torn=2999 cmd_age=-1.0ms auth=-1.0s rig_ign=0 fix_base=1 sat_j=left_ankle_roll_joint:+35.0,right_ankle_roll_joint:+35.0,left_wrist_roll_joint:+25.0,right_wrist_roll_joint:+25.0,right_wrist_yaw_joint:-5.0
[lowlevel-sim][GT] t=3.001 quat=[0.70739, 0.0, 0.0, 0.70683] angvel=[0.0, 0.0, 0.0] linvel=[0.0, 0.0, 0.0] z=0.7975
[lowlevel-sim][GT] t=3.051 quat=[0.70739, 0.0, 0.0, 0.70683] angvel=[0.0, 0.0, 0.0] linvel=[0.0, 0.0, 0.0] z=0.7975
[lowlevel-sim][GT] t=3.101 quat=[0.70739, 0.0, 0.0, 0.70683] angvel=[0.0, 0.0, 0.0] linvel=[0.0, 0.0, 0.0] z=0.7975
[lowlevel-sim][GT] t=3.151 quat=[0.70739, 0.0, 0.0, 0.70683] angvel=[0.0, 0.0, 0.0] linvel=[0.0, 0.0, 0.0] z=0.7975
[lowlevel-sim][GT] t=3.201 quat=[0.70739, 0.0, 0.0, 0.70683] angvel=[0.0, 0.0, 0.0] linvel=[0.0, 0.0, 0.0] z=0.7975
[lowlevel-sim][GT] t=3.251 quat=[0.70739, 0.0, 0.0, 0.70683] angvel=[0.0, 0.0, 0.0] linvel=[0.0, 0.0, 0.0] z=0.7975
[lowlevel-sim][GT] t=3.301 quat=[0.70739, 0.0, 0.0, 0.70683] angvel=[0.0, 0.0, 0.0] linvel=[0.0, 0.0, 0.0] z=0.7975
[lowlevel-sim][GT] t=3.351 quat=[0.70739, 0.0, 0.0, 0.70683] angvel=[0.0, 0.0, 0.0] linvel=[0.0, 0.0, 0.0] z=0.7975
[lowlevel-sim][GT] t=3.401 quat=[0.70739, 0.0, 0.0, 0.70683] angvel=[0.0, 0.0, 0.0] linvel=[0.0, 0.0, 0.0] z=0.7975
[lowlevel-sim][GT] t=3.451 quat=[0.70739, 0.0, 0.0, 0.70683] angvel=[0.0, 0.0, 0.0] linvel=[0.0, 0.0, 0.0] z=0.7975
[lowlevel-sim] t=   3.50 mode=hold       pd=3499 hold=3499 failclosed=0 rtf=0.243 base_z=+0.798 pitch=+0.000 roll=+0.000 |tau|max= 35.00 sat=5/29 knee_L=+0.300 hip_p_L=-0.100 torn=3499 cmd_age=-1.0ms auth=-1.0s rig_ign=0 fix_base=1 sat_j=left_ankle_roll_joint:+35.0,right_ankle_roll_joint:+35.0,left_wrist_roll_joint:+25.0,right_wrist_roll_joint:+25.0,right_wrist_yaw_joint:-5.0
[lowlevel-sim][GT] t=3.501 quat=[0.70739, 0.0, 0.0, 0.70683] angvel=[0.0, 0.0, 0.0] linvel=[0.0, 0.0, 0.0] z=0.7975
[lowlevel-sim][GT] t=3.551 quat=[0.70739, 0.0, 0.0, 0.70683] angvel=[0.0, 0.0, 0.0] linvel=[0.0, 0.0, 0.0] z=0.7975
[lowlevel-sim][GT] t=3.601 quat=[0.70739, 0.0, 0.0, 0.70683] angvel=[0.0, 0.0, 0.0] linvel=[0.0, 0.0, 0.0] z=0.7975
[lowlevel-sim][GT] t=3.651 quat=[0.70739, 0.0, 0.0, 0.70683] angvel=[0.0, 0.0, 0.0] linvel=[0.0, 0.0, 0.0] z=0.7975
[lowlevel-sim][GT] t=3.701 quat=[0.70739, 0.0, 0.0, 0.70683] angvel=[0.0, 0.0, 0.0] linvel=[0.0, 0.0, 0.0] z=0.7975
[lowlevel-sim][GT] t=3.751 quat=[0.70739, 0.0, 0.0, 0.70683] angvel=[0.0, 0.0, 0.0] linvel=[0.0, 0.0, 0.0] z=0.7975
[lowlevel-sim][GT] t=3.801 quat=[0.70739, 0.0, 0.0, 0.70683] angvel=[0.0, 0.0, 0.0] linvel=[0.0, 0.0, 0.0] z=0.7975
[lowlevel-sim][GT] t=3.851 quat=[0.70739, 0.0, 0.0, 0.70683] angvel=[0.0, 0.0, 0.0] linvel=[0.0, 0.0, 0.0] z=0.7975
[lowlevel-sim][GT] t=3.901 quat=[0.70739, 0.0, 0.0, 0.70683] angvel=[0.0, 0.0, 0.0] linvel=[0.0, 0.0, 0.0] z=0.7975
[lowlevel-sim][GT] t=3.951 quat=[0.70739, 0.0, 0.0, 0.70683] angvel=[0.0, 0.0, 0.0] linvel=[0.0, 0.0, 0.0] z=0.7975
[lowlevel-sim] t=   4.00 mode=hold       pd=3999 hold=3999 failclosed=0 rtf=0.246 base_z=+0.798 pitch=+0.000 roll=+0.000 |tau|max= 35.00 sat=5/29 knee_L=+0.300 hip_p_L=-0.100 torn=3999 cmd_age=-1.0ms auth=-1.0s rig_ign=0 fix_base=1 sat_j=left_ankle_roll_joint:+35.0,right_ankle_roll_joint:+35.0,left_wrist_roll_joint:+25.0,right_wrist_roll_joint:+25.0,right_wrist_yaw_joint:-5.0
[lowlevel-sim][GT] t=4.001 quat=[0.70739, 0.0, 0.0, 0.70683] angvel=[0.0, 0.0, 0.0] linvel=[0.0, 0.0, 0.0] z=0.7975
[lowlevel-sim][GT] t=4.051 quat=[0.70739, 0.0, 0.0, 0.70683] angvel=[0.0, 0.0, 0.0] linvel=[0.0, 0.0, 0.0] z=0.7975
[lowlevel-sim][GT] t=4.101 quat=[0.70739, 0.0, 0.0, 0.70683] angvel=[0.0, 0.0, 0.0] linvel=[0.0, 0.0, 0.0] z=0.7975
[lowlevel-sim][GT] t=4.151 quat=[0.70739, 0.0, 0.0, 0.70683] angvel=[0.0, 0.0, 0.0] linvel=[0.0, 0.0, 0.0] z=0.7975
[lowlevel-sim][GT] t=4.201 quat=[0.70739, 0.0, 0.0, 0.70683] angvel=[0.0, 0.0, 0.0] linvel=[0.0, 0.0, 0.0] z=0.7975
[lowlevel-sim][GT] t=4.251 quat=[0.70739, 0.0, 0.0, 0.70683] angvel=[0.0, 0.0, 0.0] linvel=[0.0, 0.0, 0.0] z=0.7975
[lowlevel-sim][GT] t=4.301 quat=[0.70739, 0.0, 0.0, 0.70683] angvel=[0.0, 0.0, 0.0] linvel=[0.0, 0.0, 0.0] z=0.7975
[lowlevel-sim][GT] t=4.351 quat=[0.70739, 0.0, 0.0, 0.70683] angvel=[0.0, 0.0, 0.0] linvel=[0.0, 0.0, 0.0] z=0.7975
[lowlevel-sim][GT] t=4.401 quat=[0.70739, 0.0, 0.0, 0.70683] angvel=[0.0, 0.0, 0.0] linvel=[0.0, 0.0, 0.0] z=0.7975
[lowlevel-sim][GT] t=4.451 quat=[0.70739, 0.0, 0.0, 0.70683] angvel=[0.0, 0.0, 0.0] linvel=[0.0, 0.0, 0.0] z=0.7975
[lowlevel-sim] t=   4.50 mode=hold       pd=4499 hold=4499 failclosed=0 rtf=0.248 base_z=+0.798 pitch=+0.000 roll=+0.000 |tau|max= 35.00 sat=5/29 knee_L=+0.300 hip_p_L=-0.100 torn=4499 cmd_age=-1.0ms auth=-1.0s rig_ign=0 fix_base=1 sat_j=left_ankle_roll_joint:+35.0,right_ankle_roll_joint:+35.0,left_wrist_roll_joint:+25.0,right_wrist_roll_joint:+25.0,right_wrist_yaw_joint:-5.0
[lowlevel-sim][GT] t=4.501 quat=[0.70739, 0.0, 0.0, 0.70683] angvel=[0.0, 0.0, 0.0] linvel=[0.0, 0.0, 0.0] z=0.7975
[lowlevel-sim][GT] t=4.551 quat=[0.70739, 0.0, 0.0, 0.70683] angvel=[0.0, 0.0, 0.0] linvel=[0.0, 0.0, 0.0] z=0.7975
[lowlevel-sim][GT] t=4.601 quat=[0.70739, 0.0, 0.0, 0.70683] angvel=[0.0, 0.0, 0.0] linvel=[0.0, 0.0, 0.0] z=0.7975
[lowlevel-sim][GT] t=4.651 quat=[0.70739, 0.0, 0.0, 0.70683] angvel=[0.0, 0.0, 0.0] linvel=[0.0, 0.0, 0.0] z=0.7975
[lowlevel-sim][GT] t=4.701 quat=[0.70739, 0.0, 0.0, 0.70683] angvel=[0.0, 0.0, 0.0] linvel=[0.0, 0.0, 0.0] z=0.7975
[lowlevel-sim][GT] t=4.751 quat=[0.70739, 0.0, 0.0, 0.70683] angvel=[0.0, 0.0, 0.0] linvel=[0.0, 0.0, 0.0] z=0.7975
[lowlevel-sim][GT] t=4.801 quat=[0.70739, 0.0, 0.0, 0.70683] angvel=[0.0, 0.0, 0.0] linvel=[0.0, 0.0, 0.0] z=0.7975
[lowlevel-sim][GT] t=4.851 quat=[0.70739, 0.0, 0.0, 0.70683] angvel=[0.0, 0.0, 0.0] linvel=[0.0, 0.0, 0.0] z=0.7975
[lowlevel-sim][GT] t=4.901 quat=[0.70739, 0.0, 0.0, 0.70683] angvel=[0.0, 0.0, 0.0] linvel=[0.0, 0.0, 0.0] z=0.7975
[lowlevel-sim][GT] t=4.951 quat=[0.70739, 0.0, 0.0, 0.70683] angvel=[0.0, 0.0, 0.0] linvel=[0.0, 0.0, 0.0] z=0.7975
[lowlevel-sim] t=   5.00 mode=hold       pd=4999 hold=4999 failclosed=0 rtf=0.250 base_z=+0.798 pitch=+0.000 roll=+0.000 |tau|max= 35.00 sat=5/29 knee_L=+0.300 hip_p_L=-0.100 torn=4999 cmd_age=-1.0ms auth=-1.0s rig_ign=0 fix_base=1 sat_j=left_ankle_roll_joint:+35.0,right_ankle_roll_joint:+35.0,left_wrist_roll_joint:+25.0,right_wrist_roll_joint:+25.0,right_wrist_yaw_joint:-5.0
[lowlevel-sim][GT] t=5.001 quat=[0.70739, 0.0, 0.0, 0.70683] angvel=[0.0, 0.0, 0.0] linvel=[0.0, 0.0, 0.0] z=0.7975
[lowlevel-sim][GT] t=5.051 quat=[0.70739, 0.0, 0.0, 0.70683] angvel=[0.0, 0.0, 0.0] linvel=[0.0, 0.0, 0.0] z=0.7975
[lowlevel-sim][GT] t=5.101 quat=[0.70739, 0.0, 0.0, 0.70683] angvel=[0.0, 0.0, 0.0] linvel=[0.0, 0.0, 0.0] z=0.7975
[lowlevel-sim][GT] t=5.151 quat=[0.70739, 0.0, 0.0, 0.70683] angvel=[0.0, 0.0, 0.0] linvel=[0.0, 0.0, 0.0] z=0.7975
[lowlevel-sim][GT] t=5.201 quat=[0.70739, 0.0, 0.0, 0.70683] angvel=[0.0, 0.0, 0.0] linvel=[0.0, 0.0, 0.0] z=0.7975
[lowlevel-sim][GT] t=5.251 quat=[0.70739, 0.0, 0.0, 0.70683] angvel=[0.0, 0.0, 0.0] linvel=[0.0, 0.0, 0.0] z=0.7975
[lowlevel-sim][GT] t=5.301 quat=[0.70739, 0.0, 0.0, 0.70683] angvel=[0.0, 0.0, 0.0] linvel=[0.0, 0.0, 0.0] z=0.7975
[lowlevel-sim][GT] t=5.351 quat=[0.70739, 0.0, 0.0, 0.70683] angvel=[0.0, 0.0, 0.0] linvel=[0.0, 0.0, 0.0] z=0.7975
[lowlevel-sim][GT] t=5.401 quat=[0.70739, 0.0, 0.0, 0.70683] angvel=[0.0, 0.0, 0.0] linvel=[0.0, 0.0, 0.0] z=0.7975
[lowlevel-sim][GT] t=5.451 quat=[0.70739, 0.0, 0.0, 0.70683] angvel=[0.0, 0.0, 0.0] linvel=[0.0, 0.0, 0.0] z=0.7975
[lowlevel-sim] t=   5.50 mode=hold       pd=5499 hold=5499 failclosed=0 rtf=0.250 base_z=+0.798 pitch=+0.000 roll=+0.000 |tau|max= 35.00 sat=5/29 knee_L=+0.300 hip_p_L=-0.100 torn=5499 cmd_age=-1.0ms auth=-1.0s rig_ign=0 fix_base=1 sat_j=left_ankle_roll_joint:+35.0,right_ankle_roll_joint:+35.0,left_wrist_roll_joint:+25.0,right_wrist_roll_joint:+25.0,right_wrist_yaw_joint:-5.0
[lowlevel-sim][GT] t=5.501 quat=[0.70739, 0.0, 0.0, 0.70683] angvel=[0.0, 0.0, 0.0] linvel=[0.0, 0.0, 0.0] z=0.7975
[lowlevel-sim][GT] t=5.551 quat=[0.70739, 0.0, 0.0, 0.70683] angvel=[0.0, 0.0, 0.0] linvel=[0.0, 0.0, 0.0] z=0.7975
[lowlevel-sim][GT] t=5.601 quat=[0.70739, 0.0, 0.0, 0.70683] angvel=[0.0, 0.0, 0.0] linvel=[0.0, 0.0, 0.0] z=0.7975
[lowlevel-sim][GT] t=5.651 quat=[0.70739, 0.0, 0.0, 0.70683] angvel=[0.0, 0.0, 0.0] linvel=[0.0, 0.0, 0.0] z=0.7975
[lowlevel-sim][GT] t=5.701 quat=[0.70739, 0.0, 0.0, 0.70683] angvel=[0.0, 0.0, 0.0] linvel=[0.0, 0.0, 0.0] z=0.7975
[lowlevel-sim][GT] t=5.751 quat=[0.70739, 0.0, 0.0, 0.70683] angvel=[0.0, 0.0, 0.0] linvel=[0.0, 0.0, 0.0] z=0.7975
[lowlevel-sim][GT] t=5.801 quat=[0.70739, 0.0, 0.0, 0.70683] angvel=[0.0, 0.0, 0.0] linvel=[0.0, 0.0, 0.0] z=0.7975
[lowlevel-sim][GT] t=5.851 quat=[0.70739, 0.0, 0.0, 0.70683] angvel=[0.0, 0.0, 0.0] linvel=[0.0, 0.0, 0.0] z=0.7975
[lowlevel-sim][GT] t=5.901 quat=[0.70739, 0.0, 0.0, 0.70683] angvel=[0.0, 0.0, 0.0] linvel=[0.0, 0.0, 0.0] z=0.7975
[lowlevel-sim][GT] t=5.951 quat=[0.70739, 0.0, 0.0, 0.70683] angvel=[0.0, 0.0, 0.0] linvel=[0.0, 0.0, 0.0] z=0.7975
[lowlevel-sim] t=   6.00 mode=hold       pd=5999 hold=5999 failclosed=0 rtf=0.248 base_z=+0.798 pitch=+0.000 roll=+0.000 |tau|max= 35.00 sat=5/29 knee_L=+0.300 hip_p_L=-0.100 torn=5999 cmd_age=-1.0ms auth=-1.0s rig_ign=0 fix_base=1 sat_j=left_ankle_roll_joint:+35.0,right_ankle_roll_joint:+35.0,left_wrist_roll_joint:+25.0,right_wrist_roll_joint:+25.0,right_wrist_yaw_joint:-5.0
[lowlevel-sim][GT] t=6.001 quat=[0.70739, 0.0, 0.0, 0.70683] angvel=[0.0, 0.0, 0.0] linvel=[0.0, 0.0, 0.0] z=0.7975
[lowlevel-sim][GT] t=6.051 quat=[0.70739, 0.0, 0.0, 0.70683] angvel=[0.0, 0.0, 0.0] linvel=[0.0, 0.0, 0.0] z=0.7975
[lowlevel-sim][GT] t=6.101 quat=[0.70739, 0.0, 0.0, 0.70683] angvel=[0.0, 0.0, 0.0] linvel=[0.0, 0.0, 0.0] z=0.7975
[lowlevel-sim][GT] t=6.151 quat=[0.70739, 0.0, 0.0, 0.70683] angvel=[0.0, 0.0, 0.0] linvel=[0.0, 0.0, 0.0] z=0.7975
[lowlevel-sim][GT] t=6.201 quat=[0.70739, 0.0, 0.0, 0.70683] angvel=[0.0, 0.0, 0.0] linvel=[0.0, 0.0, 0.0] z=0.7975
[lowlevel-sim][GT] t=6.251 quat=[0.70739, 0.0, 0.0, 0.70683] angvel=[0.0, 0.0, 0.0] linvel=[0.0, 0.0, 0.0] z=0.7975
[lowlevel-sim][GT] t=6.301 quat=[0.70739, 0.0, 0.0, 0.70683] angvel=[0.0, 0.0, 0.0] linvel=[0.0, 0.0, 0.0] z=0.7975
[lowlevel-sim][GT] t=6.351 quat=[0.70739, 0.0, 0.0, 0.70683] angvel=[0.0, 0.0, 0.0] linvel=[0.0, 0.0, 0.0] z=0.7975
[lowlevel-sim][GT] t=6.401 quat=[0.70739, 0.0, 0.0, 0.70683] angvel=[0.0, 0.0, 0.0] linvel=[0.0, 0.0, 0.0] z=0.7975
[lowlevel-sim][GT] t=6.451 quat=[0.70739, 0.0, 0.0, 0.70683] angvel=[0.0, 0.0, 0.0] linvel=[0.0, 0.0, 0.0] z=0.7975
[lowlevel-sim] t=   6.50 mode=hold       pd=6499 hold=6499 failclosed=0 rtf=0.247 base_z=+0.798 pitch=+0.000 roll=+0.000 |tau|max= 35.00 sat=5/29 knee_L=+0.300 hip_p_L=-0.100 torn=6499 cmd_age=-1.0ms auth=-1.0s rig_ign=0 fix_base=1 sat_j=left_ankle_roll_joint:+35.0,right_ankle_roll_joint:+35.0,left_wrist_roll_joint:+25.0,right_wrist_roll_joint:+25.0,right_wrist_yaw_joint:-5.0
[lowlevel-sim][GT] t=6.501 quat=[0.70739, 0.0, 0.0, 0.70683] angvel=[0.0, 0.0, 0.0] linvel=[0.0, 0.0, 0.0] z=0.7975
[lowlevel-sim][GT] t=6.551 quat=[0.70739, 0.0, 0.0, 0.70683] angvel=[0.0, 0.0, 0.0] linvel=[0.0, 0.0, 0.0] z=0.7975
[lowlevel-sim][GT] t=6.601 quat=[0.70739, 0.0, 0.0, 0.70683] angvel=[0.0, 0.0, 0.0] linvel=[0.0, 0.0, 0.0] z=0.7975
[lowlevel-sim][GT] t=6.651 quat=[0.70739, 0.0, 0.0, 0.70683] angvel=[0.0, 0.0, 0.0] linvel=[0.0, 0.0, 0.0] z=0.7975
[lowlevel-sim][GT] t=6.701 quat=[0.70739, 0.0, 0.0, 0.70683] angvel=[0.0, 0.0, 0.0] linvel=[0.0, 0.0, 0.0] z=0.7975
[lowlevel-sim][GT] t=6.751 quat=[0.70739, 0.0, 0.0, 0.70683] angvel=[0.0, 0.0, 0.0] linvel=[0.0, 0.0, 0.0] z=0.7975
[lowlevel-sim][GT] t=6.801 quat=[0.70739, 0.0, 0.0, 0.70683] angvel=[0.0, 0.0, 0.0] linvel=[0.0, 0.0, 0.0] z=0.7975
[lowlevel-sim][GT] t=6.851 quat=[0.70739, 0.0, 0.0, 0.70683] angvel=[0.0, 0.0, 0.0] linvel=[0.0, 0.0, 0.0] z=0.7975
[lowlevel-sim][GT] t=6.901 quat=[0.70739, 0.0, 0.0, 0.70683] angvel=[0.0, 0.0, 0.0] linvel=[0.0, 0.0, 0.0] z=0.7975
[lowlevel-sim][GT] t=6.951 quat=[0.70739, 0.0, 0.0, 0.70683] angvel=[0.0, 0.0, 0.0] linvel=[0.0, 0.0, 0.0] z=0.7975
[lowlevel-sim] t=   7.00 mode=hold       pd=6999 hold=6999 failclosed=0 rtf=0.245 base_z=+0.798 pitch=+0.000 roll=+0.000 |tau|max= 35.00 sat=5/29 knee_L=+0.300 hip_p_L=-0.100 torn=6999 cmd_age=-1.0ms auth=-1.0s rig_ign=0 fix_base=1 sat_j=left_ankle_roll_joint:+35.0,right_ankle_roll_joint:+35.0,left_wrist_roll_joint:+25.0,right_wrist_roll_joint:+25.0,right_wrist_yaw_joint:-5.0
[lowlevel-sim][GT] t=7.001 quat=[0.70739, 0.0, 0.0, 0.70683] angvel=[0.0, 0.0, 0.0] linvel=[0.0, 0.0, 0.0] z=0.7975
[lowlevel-sim][GT] t=7.051 quat=[0.70739, 0.0, 0.0, 0.70683] angvel=[0.0, 0.0, 0.0] linvel=[0.0, 0.0, 0.0] z=0.7975
[lowlevel-sim][GT] t=7.101 quat=[0.70739, 0.0, 0.0, 0.70683] angvel=[0.0, 0.0, 0.0] linvel=[0.0, 0.0, 0.0] z=0.7975
[lowlevel-sim][GT] t=7.151 quat=[0.70739, 0.0, 0.0, 0.70683] angvel=[0.0, 0.0, 0.0] linvel=[0.0, 0.0, 0.0] z=0.7975
[lowlevel-sim][GT] t=7.201 quat=[0.70739, 0.0, 0.0, 0.70683] angvel=[0.0, 0.0, 0.0] linvel=[0.0, 0.0, 0.0] z=0.7975
[lowlevel-sim][GT] t=7.251 quat=[0.70739, 0.0, 0.0, 0.70683] angvel=[0.0, 0.0, 0.0] linvel=[0.0, 0.0, 0.0] z=0.7975
[lowlevel-sim][GT] t=7.301 quat=[0.70739, 0.0, 0.0, 0.70683] angvel=[0.0, 0.0, 0.0] linvel=[0.0, 0.0, 0.0] z=0.7975
[lowlevel-sim][GT] t=7.351 quat=[0.70739, 0.0, 0.0, 0.70683] angvel=[0.0, 0.0, 0.0] linvel=[0.0, 0.0, 0.0] z=0.7975
[lowlevel-sim][GT] t=7.401 quat=[0.70739, 0.0, 0.0, 0.70683] angvel=[0.0, 0.0, 0.0] linvel=[0.0, 0.0, 0.0] z=0.7975
[lowlevel-sim][GT] t=7.451 quat=[0.70739, 0.0, 0.0, 0.70683] angvel=[0.0, 0.0, 0.0] linvel=[0.0, 0.0, 0.0] z=0.7975
[lowlevel-sim] t=   7.50 mode=hold       pd=7499 hold=7499 failclosed=0 rtf=0.243 base_z=+0.798 pitch=+0.000 roll=+0.000 |tau|max= 35.00 sat=5/29 knee_L=+0.300 hip_p_L=-0.100 torn=7499 cmd_age=-1.0ms auth=-1.0s rig_ign=0 fix_base=1 sat_j=left_ankle_roll_joint:+35.0,right_ankle_roll_joint:+35.0,left_wrist_roll_joint:+25.0,right_wrist_roll_joint:+25.0,right_wrist_yaw_joint:-5.0
[lowlevel-sim][GT] t=7.501 quat=[0.70739, 0.0, 0.0, 0.70683] angvel=[0.0, 0.0, 0.0] linvel=[0.0, 0.0, 0.0] z=0.7975
[lowlevel-sim][GT] t=7.551 quat=[0.70739, 0.0, 0.0, 0.70683] angvel=[0.0, 0.0, 0.0] linvel=[0.0, 0.0, 0.0] z=0.7975
[lowlevel-sim][GT] t=7.601 quat=[0.70739, 0.0, 0.0, 0.70683] angvel=[0.0, 0.0, 0.0] linvel=[0.0, 0.0, 0.0] z=0.7975
[lowlevel-sim][GT] t=7.651 quat=[0.70739, 0.0, 0.0, 0.70683] angvel=[0.0, 0.0, 0.0] linvel=[0.0, 0.0, 0.0] z=0.7975
[lowlevel-sim][GT] t=7.701 quat=[0.70739, 0.0, 0.0, 0.70683] angvel=[0.0, 0.0, 0.0] linvel=[0.0, 0.0, 0.0] z=0.7975
[lowlevel-sim][GT] t=7.751 quat=[0.70739, 0.0, 0.0, 0.70683] angvel=[0.0, 0.0, 0.0] linvel=[0.0, 0.0, 0.0] z=0.7975
[lowlevel-sim][GT] t=7.801 quat=[0.70739, 0.0, 0.0, 0.70683] angvel=[0.0, 0.0, 0.0] linvel=[0.0, 0.0, 0.0] z=0.7975
[lowlevel-sim][GT] t=7.851 quat=[0.70739, 0.0, 0.0, 0.70683] angvel=[0.0, 0.0, 0.0] linvel=[0.0, 0.0, 0.0] z=0.7975
[lowlevel-sim][GT] t=7.901 quat=[0.70739, 0.0, 0.0, 0.70683] angvel=[0.0, 0.0, 0.0] linvel=[0.0, 0.0, 0.0] z=0.7975
[lowlevel-sim][GT] t=7.951 quat=[0.70739, 0.0, 0.0, 0.70683] angvel=[0.0, 0.0, 0.0] linvel=[0.0, 0.0, 0.0] z=0.7975
[lowlevel-sim] t=   8.00 mode=hold       pd=7999 hold=7999 failclosed=0 rtf=0.241 base_z=+0.798 pitch=+0.000 roll=+0.000 |tau|max= 35.00 sat=5/29 knee_L=+0.300 hip_p_L=-0.100 torn=7999 cmd_age=-1.0ms auth=-1.0s rig_ign=0 fix_base=1 sat_j=left_ankle_roll_joint:+35.0,right_ankle_roll_joint:+35.0,left_wrist_roll_joint:+25.0,right_wrist_roll_joint:+25.0,right_wrist_yaw_joint:-5.0
[lowlevel-sim][GT] t=8.001 quat=[0.70739, 0.0, 0.0, 0.70683] angvel=[0.0, 0.0, 0.0] linvel=[0.0, 0.0, 0.0] z=0.7975
[lowlevel-sim][GT] t=8.051 quat=[0.70739, 0.0, 0.0, 0.70683] angvel=[0.0, 0.0, 0.0] linvel=[0.0, 0.0, 0.0] z=0.7975
[lowlevel-sim][GT] t=8.101 quat=[0.70739, 0.0, 0.0, 0.70683] angvel=[0.0, 0.0, 0.0] linvel=[0.0, 0.0, 0.0] z=0.7975
[lowlevel-sim][GT] t=8.151 quat=[0.70739, 0.0, 0.0, 0.70683] angvel=[0.0, 0.0, 0.0] linvel=[0.0, 0.0, 0.0] z=0.7975
[lowlevel-sim][GT] t=8.201 quat=[0.70739, 0.0, 0.0, 0.70683] angvel=[0.0, 0.0, 0.0] linvel=[0.0, 0.0, 0.0] z=0.7975
[lowlevel-sim][GT] t=8.251 quat=[0.70739, 0.0, 0.0, 0.70683] angvel=[0.0, 0.0, 0.0] linvel=[0.0, 0.0, 0.0] z=0.7975
[lowlevel-sim][GT] t=8.301 quat=[0.70739, 0.0, 0.0, 0.70683] angvel=[0.0, 0.0, 0.0] linvel=[0.0, 0.0, 0.0] z=0.7975
[lowlevel-sim][GT] t=8.351 quat=[0.70739, 0.0, 0.0, 0.70683] angvel=[0.0, 0.0, 0.0] linvel=[0.0, 0.0, 0.0] z=0.7975
[lowlevel-sim][GT] t=8.401 quat=[0.70739, 0.0, 0.0, 0.70683] angvel=[0.0, 0.0, 0.0] linvel=[0.0, 0.0, 0.0] z=0.7975
[lowlevel-sim][GT] t=8.451 quat=[0.70739, 0.0, 0.0, 0.70683] angvel=[0.0, 0.0, 0.0] linvel=[0.0, 0.0, 0.0] z=0.7975
[lowlevel-sim] t=   8.50 mode=hold       pd=8499 hold=8499 failclosed=0 rtf=0.239 base_z=+0.798 pitch=+0.000 roll=+0.000 |tau|max= 35.00 sat=5/29 knee_L=+0.300 hip_p_L=-0.100 torn=8499 cmd_age=-1.0ms auth=-1.0s rig_ign=0 fix_base=1 sat_j=left_ankle_roll_joint:+35.0,right_ankle_roll_joint:+35.0,left_wrist_roll_joint:+25.0,right_wrist_roll_joint:+25.0,right_wrist_yaw_joint:-5.0
[lowlevel-sim][GT] t=8.501 quat=[0.70739, 0.0, 0.0, 0.70683] angvel=[0.0, 0.0, 0.0] linvel=[0.0, 0.0, 0.0] z=0.7975
[lowlevel-sim][GT] t=8.551 quat=[0.70739, 0.0, 0.0, 0.70683] angvel=[0.0, 0.0, 0.0] linvel=[0.0, 0.0, 0.0] z=0.7975
[lowlevel-sim][GT] t=8.601 quat=[0.70739, 0.0, 0.0, 0.70683] angvel=[0.0, 0.0, 0.0] linvel=[0.0, 0.0, 0.0] z=0.7975
[lowlevel-sim][GT] t=8.651 quat=[0.70739, 0.0, 0.0, 0.70683] angvel=[0.0, 0.0, 0.0] linvel=[0.0, 0.0, 0.0] z=0.7975
[lowlevel-sim][GT] t=8.701 quat=[0.70739, 0.0, 0.0, 0.70683] angvel=[0.0, 0.0, 0.0] linvel=[0.0, 0.0, 0.0] z=0.7975
[lowlevel-sim][GT] t=8.751 quat=[0.70739, 0.0, 0.0, 0.70683] angvel=[0.0, 0.0, 0.0] linvel=[0.0, 0.0, 0.0] z=0.7975
[lowlevel-sim][GT] t=8.801 quat=[0.70739, 0.0, 0.0, 0.70683] angvel=[0.0, 0.0, 0.0] linvel=[0.0, 0.0, 0.0] z=0.7975
[lowlevel-sim][GT] t=8.851 quat=[0.70739, 0.0, 0.0, 0.70683] angvel=[0.0, 0.0, 0.0] linvel=[0.0, 0.0, 0.0] z=0.7975
[lowlevel-sim][GT] t=8.901 quat=[0.70739, 0.0, 0.0, 0.70683] angvel=[0.0, 0.0, 0.0] linvel=[0.0, 0.0, 0.0] z=0.7975
[lowlevel-sim][GT] t=8.951 quat=[0.70739, 0.0, 0.0, 0.70683] angvel=[0.0, 0.0, 0.0] linvel=[0.0, 0.0, 0.0] z=0.7975
[lowlevel-sim] t=   9.00 mode=hold       pd=8999 hold=8999 failclosed=0 rtf=0.238 base_z=+0.798 pitch=+0.000 roll=+0.000 |tau|max= 35.00 sat=5/29 knee_L=+0.300 hip_p_L=-0.100 torn=8999 cmd_age=-1.0ms auth=-1.0s rig_ign=0 fix_base=1 sat_j=left_ankle_roll_joint:+35.0,right_ankle_roll_joint:+35.0,left_wrist_roll_joint:+25.0,right_wrist_roll_joint:+25.0,right_wrist_yaw_joint:-5.0
[lowlevel-sim][GT] t=9.001 quat=[0.70739, 0.0, 0.0, 0.70683] angvel=[0.0, 0.0, 0.0] linvel=[0.0, 0.0, 0.0] z=0.7975
[lowlevel-sim][GT] t=9.051 quat=[0.70739, 0.0, 0.0, 0.70683] angvel=[0.0, 0.0, 0.0] linvel=[0.0, 0.0, 0.0] z=0.7975
[lowlevel-sim][GT] t=9.101 quat=[0.70739, 0.0, 0.0, 0.70683] angvel=[0.0, 0.0, 0.0] linvel=[0.0, 0.0, 0.0] z=0.7975
[lowlevel-sim][GT] t=9.151 quat=[0.70739, 0.0, 0.0, 0.70683] angvel=[0.0, 0.0, 0.0] linvel=[0.0, 0.0, 0.0] z=0.7975
[lowlevel-sim][GT] t=9.201 quat=[0.70739, 0.0, 0.0, 0.70683] angvel=[0.0, 0.0, 0.0] linvel=[0.0, 0.0, 0.0] z=0.7975
[lowlevel-sim][GT] t=9.251 quat=[0.70739, 0.0, 0.0, 0.70683] angvel=[0.0, 0.0, 0.0] linvel=[0.0, 0.0, 0.0] z=0.7975
[lowlevel-sim][GT] t=9.301 quat=[0.70739, 0.0, 0.0, 0.70683] angvel=[0.0, 0.0, 0.0] linvel=[0.0, 0.0, 0.0] z=0.7975
[lowlevel-sim][GT] t=9.351 quat=[0.70739, 0.0, 0.0, 0.70683] angvel=[0.0, 0.0, 0.0] linvel=[0.0, 0.0, 0.0] z=0.7975
[lowlevel-sim][GT] t=9.401 quat=[0.70739, 0.0, 0.0, 0.70683] angvel=[0.0, 0.0, 0.0] linvel=[0.0, 0.0, 0.0] z=0.7975
[lowlevel-sim][GT] t=9.451 quat=[0.70739, 0.0, 0.0, 0.70683] angvel=[0.0, 0.0, 0.0] linvel=[0.0, 0.0, 0.0] z=0.7975
[lowlevel-sim] t=   9.50 mode=hold       pd=9499 hold=9499 failclosed=0 rtf=0.237 base_z=+0.798 pitch=+0.000 roll=+0.000 |tau|max= 35.00 sat=5/29 knee_L=+0.300 hip_p_L=-0.100 torn=9499 cmd_age=-1.0ms auth=-1.0s rig_ign=0 fix_base=1 sat_j=left_ankle_roll_joint:+35.0,right_ankle_roll_joint:+35.0,left_wrist_roll_joint:+25.0,right_wrist_roll_joint:+25.0,right_wrist_yaw_joint:-5.0
[lowlevel-sim][GT] t=9.501 quat=[0.70739, 0.0, 0.0, 0.70683] angvel=[0.0, 0.0, 0.0] linvel=[0.0, 0.0, 0.0] z=0.7975
[lowlevel-sim][GT] t=9.551 quat=[0.70739, 0.0, 0.0, 0.70683] angvel=[0.0, 0.0, 0.0] linvel=[0.0, 0.0, 0.0] z=0.7975
[lowlevel-sim][GT] t=9.601 quat=[0.70739, 0.0, 0.0, 0.70683] angvel=[0.0, 0.0, 0.0] linvel=[0.0, 0.0, 0.0] z=0.7975
[lowlevel-sim][GT] t=9.651 quat=[0.70739, 0.0, 0.0, 0.70683] angvel=[0.0, 0.0, 0.0] linvel=[0.0, 0.0, 0.0] z=0.7975
[lowlevel-sim][GT] t=9.701 quat=[0.70739, 0.0, 0.0, 0.70683] angvel=[0.0, 0.0, 0.0] linvel=[0.0, 0.0, 0.0] z=0.7975
[lowlevel-sim][GT] t=9.751 quat=[0.70739, 0.0, 0.0, 0.70683] angvel=[0.0, 0.0, 0.0] linvel=[0.0, 0.0, 0.0] z=0.7975
[lowlevel-sim][GT] t=9.801 quat=[0.70739, 0.0, 0.0, 0.70683] angvel=[0.0, 0.0, 0.0] linvel=[0.0, 0.0, 0.0] z=0.7975
[lowlevel-sim][GT] t=9.851 quat=[0.70739, 0.0, 0.0, 0.70683] angvel=[0.0, 0.0, 0.0] linvel=[0.0, 0.0, 0.0] z=0.7975
[lowlevel-sim][GT] t=9.901 quat=[0.70739, 0.0, 0.0, 0.70683] angvel=[0.0, 0.0, 0.0] linvel=[0.0, 0.0, 0.0] z=0.7975
[lowlevel-sim][GT] t=9.951 quat=[0.70739, 0.0, 0.0, 0.70683] angvel=[0.0, 0.0, 0.0] linvel=[0.0, 0.0, 0.0] z=0.7975
[lowlevel-sim] t=  10.00 mode=hold       pd=9999 hold=9999 failclosed=0 rtf=0.237 base_z=+0.798 pitch=+0.000 roll=+0.000 |tau|max= 35.00 sat=5/29 knee_L=+0.300 hip_p_L=-0.100 torn=9999 cmd_age=-1.0ms auth=-1.0s rig_ign=0 fix_base=1 sat_j=left_ankle_roll_joint:+35.0,right_ankle_roll_joint:+35.0,left_wrist_roll_joint:+25.0,right_wrist_roll_joint:+25.0,right_wrist_yaw_joint:-5.0
[lowlevel-sim][GT] t=10.001 quat=[0.70739, 0.0, 0.0, 0.70683] angvel=[0.0, 0.0, 0.0] linvel=[0.0, 0.0, 0.0] z=0.7975
[lowlevel-sim][GT] t=10.051 quat=[0.70739, 0.0, 0.0, 0.70683] angvel=[0.0, 0.0, 0.0] linvel=[0.0, 0.0, 0.0] z=0.7975
[lowlevel-sim][GT] t=10.101 quat=[0.70739, 0.0, 0.0, 0.70683] angvel=[0.0, 0.0, 0.0] linvel=[0.0, 0.0, 0.0] z=0.7975
[lowlevel-sim][GT] t=10.151 quat=[0.70739, 0.0, 0.0, 0.70683] angvel=[0.0, 0.0, 0.0] linvel=[0.0, 0.0, 0.0] z=0.7975
[lowlevel-sim][GT] t=10.201 quat=[0.70739, 0.0, 0.0, 0.70683] angvel=[0.0, 0.0, 0.0] linvel=[0.0, 0.0, 0.0] z=0.7975
[lowlevel-sim][GT] t=10.251 quat=[0.70739, 0.0, 0.0, 0.70683] angvel=[0.0, 0.0, 0.0] linvel=[0.0, 0.0, 0.0] z=0.7975
[lowlevel-sim][GT] t=10.301 quat=[0.70739, 0.0, 0.0, 0.70683] angvel=[0.0, 0.0, 0.0] linvel=[0.0, 0.0, 0.0] z=0.7975
[lowlevel-sim][GT] t=10.351 quat=[0.70739, 0.0, 0.0, 0.70683] angvel=[0.0, 0.0, 0.0] linvel=[0.0, 0.0, 0.0] z=0.7975
[lowlevel-sim][GT] t=10.401 quat=[0.70739, 0.0, 0.0, 0.70683] angvel=[0.0, 0.0, 0.0] linvel=[0.0, 0.0, 0.0] z=0.7975
[lowlevel-sim][GT] t=10.451 quat=[0.70739, 0.0, 0.0, 0.70683] angvel=[0.0, 0.0, 0.0] linvel=[0.0, 0.0, 0.0] z=0.7975
[lowlevel-sim] t=  10.50 mode=hold       pd=10290 hold=10290 failclosed=0 rtf=0.238 base_z=+0.798 pitch=+0.000 roll=+0.000 |tau|max= 35.00 sat=6/29 knee_L=+0.300 hip_p_L=-0.100 torn=10102 cmd_age=6.6ms auth=1.6s rig_ign=208 fix_base=1 sat_j=left_ankle_roll_joint:-35.0,right_ankle_roll_joint:-35.0,left_wrist_roll_joint:-25.0,left_wrist_pitch_joint:-5.0,right_wrist_roll_joint:-25.0,right_wrist_pitch_joint:-5.0
[lowlevel-sim][GT] t=10.501 quat=[0.70739, 0.0, 0.0, 0.70683] angvel=[0.0, 0.0, 0.0] linvel=[0.0, 0.0, 0.0] z=0.7975
[lowlevel-sim][GT] t=10.551 quat=[0.70739, 0.0, 0.0, 0.70683] angvel=[0.0, 0.0, 0.0] linvel=[0.0, 0.0, 0.0] z=0.7975
[lowlevel-sim][GT] t=10.601 quat=[0.70739, 0.0, 0.0, 0.70683] angvel=[0.0, 0.0, 0.0] linvel=[0.0, 0.0, 0.0] z=0.7975
[lowlevel-sim][GT] t=10.651 quat=[0.70739, 0.0, 0.0, 0.70683] angvel=[0.0, 0.0, 0.0] linvel=[0.0, 0.0, 0.0] z=0.7975
[lowlevel-sim][GT] t=10.701 quat=[0.70739, 0.0, 0.0, 0.70683] angvel=[0.0, 0.0, 0.0] linvel=[0.0, 0.0, 0.0] z=0.7975
[lowlevel-sim][GT] t=10.751 quat=[0.70739, 0.0, 0.0, 0.70683] angvel=[0.0, 0.0, 0.0] linvel=[0.0, 0.0, 0.0] z=0.7975
[lowlevel-sim][GT] t=10.801 quat=[0.70739, 0.0, 0.0, 0.70683] angvel=[0.0, 0.0, 0.0] linvel=[0.0, 0.0, 0.0] z=0.7975
[lowlevel-sim][GT] t=10.851 quat=[0.70739, 0.0, 0.0, 0.70683] angvel=[0.0, 0.0, 0.0] linvel=[0.0, 0.0, 0.0] z=0.7975
[lowlevel-sim][GT] t=10.901 quat=[0.70739, 0.0, 0.0, 0.70683] angvel=[0.0, 0.0, 0.0] linvel=[0.0, 0.0, 0.0] z=0.7975
[lowlevel-sim][GT] t=10.951 quat=[0.70739, 0.0, 0.0, 0.70683] angvel=[0.0, 0.0, 0.0] linvel=[0.0, 0.0, 0.0] z=0.7975
[lowlevel-sim] t=  11.00 mode=hold       pd=10550 hold=10550 failclosed=0 rtf=0.237 base_z=+0.798 pitch=+0.000 roll=+0.000 |tau|max= 35.00 sat=6/29 knee_L=+0.300 hip_p_L=-0.100 torn=10132 cmd_age=12.5ms auth=1.7s rig_ign=448 fix_base=1 sat_j=left_ankle_roll_joint:-35.0,right_ankle_roll_joint:-35.0,left_wrist_roll_joint:-25.0,left_wrist_yaw_joint:+5.0,right_wrist_roll_joint:-25.0,right_wrist_yaw_joint:+5.0
[lowlevel-sim][GT] t=11.001 quat=[0.70739, 0.0, 0.0, 0.70683] angvel=[0.0, 0.0, 0.0] linvel=[0.0, 0.0, 0.0] z=0.7975
[lowlevel-sim][GT] t=11.051 quat=[0.70739, 0.0, 0.0, 0.70683] angvel=[0.0, 0.0, 0.0] linvel=[0.0, 0.0, 0.0] z=0.7975
[lowlevel-sim][GT] t=11.101 quat=[0.70739, 0.0, 0.0, 0.70683] angvel=[0.0, 0.0, 0.0] linvel=[0.0, 0.0, 0.0] z=0.7975
[lowlevel-sim][GT] t=11.151 quat=[0.70739, 0.0, 0.0, 0.70683] angvel=[0.0, 0.0, 0.0] linvel=[0.0, 0.0, 0.0] z=0.7975
[lowlevel-sim][GT] t=11.201 quat=[0.70739, 0.0, 0.0, 0.70683] angvel=[0.0, 0.0, 0.0] linvel=[0.0, 0.0, 0.0] z=0.7975
[lowlevel-sim][GT] t=11.251 quat=[0.70739, 0.0, 0.0, 0.70683] angvel=[0.0, 0.0, 0.0] linvel=[0.0, 0.0, 0.0] z=0.7975
[lowlevel-sim][GT] t=11.301 quat=[0.70739, 0.0, 0.0, 0.70683] angvel=[0.0, 0.0, 0.0] linvel=[0.0, 0.0, 0.0] z=0.7975
[lowlevel-sim][GT] t=11.351 quat=[0.70739, 0.0, 0.0, 0.70683] angvel=[0.0, 0.0, 0.0] linvel=[0.0, 0.0, 0.0] z=0.7975
[lowlevel-sim][GT] t=11.401 quat=[0.70739, 0.0, 0.0, 0.70683] angvel=[0.0, 0.0, 0.0] linvel=[0.0, 0.0, 0.0] z=0.7975
[lowlevel-sim][GT] t=11.451 quat=[0.70739, 0.0, 0.0, 0.70683] angvel=[0.0, 0.0, 0.0] linvel=[0.0, 0.0, 0.0] z=0.7975
[lowlevel-sim] t=  11.50 mode=hold       pd=10800 hold=10800 failclosed=0 rtf=0.239 base_z=+0.798 pitch=+0.000 roll=+0.000 |tau|max= 35.00 sat=6/29 knee_L=+0.300 hip_p_L=-0.100 torn=10156 cmd_age=23.1ms auth=3.3s rig_ign=698 fix_base=1 sat_j=left_ankle_roll_joint:-35.0,right_ankle_roll_joint:-35.0,left_wrist_roll_joint:-25.0,left_wrist_yaw_joint:+5.0,right_wrist_roll_joint:-25.0,right_wrist_yaw_joint:+5.0
[lowlevel-sim][GT] t=11.501 quat=[0.70739, 0.0, 0.0, 0.70683] angvel=[0.0, 0.0, 0.0] linvel=[0.0, 0.0, 0.0] z=0.7975
[lowlevel-sim][GT] t=11.551 quat=[0.70739, 0.0, 0.0, 0.70683] angvel=[0.0, 0.0, 0.0] linvel=[0.0, 0.0, 0.0] z=0.7975
[lowlevel-sim][GT] t=11.601 quat=[0.70739, 0.0, 0.0, 0.70683] angvel=[0.0, 0.0, 0.0] linvel=[0.0, 0.0, 0.0] z=0.7975
[lowlevel-sim][GT] t=11.651 quat=[0.70739, 0.0, 0.0, 0.70683] angvel=[0.0, 0.0, 0.0] linvel=[0.0, 0.0, 0.0] z=0.7975
[lowlevel-sim][GT] t=11.701 quat=[0.70739, 0.0, 0.0, 0.70683] angvel=[0.0, 0.0, 0.0] linvel=[0.0, 0.0, 0.0] z=0.7975
[lowlevel-sim][GT] t=11.751 quat=[0.70739, 0.0, 0.0, 0.70683] angvel=[0.0, 0.0, 0.0] linvel=[0.0, 0.0, 0.0] z=0.7975
[lowlevel-sim][GT] t=11.801 quat=[0.70739, 0.0, 0.0, 0.70683] angvel=[0.0, 0.0, 0.0] linvel=[0.0, 0.0, 0.0] z=0.7975
[lowlevel-sim][GT] t=11.851 quat=[0.70739, 0.0, 0.0, 0.70683] angvel=[0.0, 0.0, 0.0] linvel=[0.0, 0.0, 0.0] z=0.7975
[lowlevel-sim][GT] t=11.901 quat=[0.70739, 0.0, 0.0, 0.70683] angvel=[0.0, 0.0, 0.0] linvel=[0.0, 0.0, 0.0] z=0.7975
[lowlevel-sim][GT] t=11.951 quat=[0.70739, 0.0, 0.0, 0.70683] angvel=[0.0, 0.0, 0.0] linvel=[0.0, 0.0, 0.0] z=0.7975
[lowlevel-sim] TEST RIG RELEASED at t=11.963s -- controller has had authority for 5.0s (C-30)
[lowlevel-sim] COMMANDED at t=11.964s (was idle hold)
[lowlevel-sim] t=  12.00 mode=cmd        pd=11050 hold=11032 failclosed=0 rtf=0.241 base_z=+0.789 pitch=-0.010 roll=+0.002 |tau|max= 35.00 sat=6/29 knee_L=+0.304 hip_p_L=-0.097 torn=10184 cmd_age=30.4ms auth=5.1s rig_ign=930 fix_base=0 sat_j=left_ankle_roll_joint:-35.0,right_ankle_roll_joint:-35.0,left_wrist_roll_joint:-25.0,left_wrist_yaw_joint:+5.0,right_wrist_roll_joint:-25.0,right_wrist_yaw_joint:+5.0
[lowlevel-sim][GT] t=12.001 quat=[0.70648, 0.00436, -0.00312, 0.70771] angvel=[0.30042, 0.0908, 0.1388] linvel=[-0.07506, -0.13602, -0.41009] z=0.7890
[lowlevel-sim][GT] t=12.051 quat=[0.70561, 0.01754, -0.01691, 0.70818] angvel=[0.36291, -0.00049, -0.01826] linvel=[-0.03913, -0.10868, -0.02391] z=0.7811
[lowlevel-sim][GT] t=12.101 quat=[0.70592, 0.02028, -0.02011, 0.70772] angvel=[0.05151, -0.02265, -0.01643] linvel=[-0.03416, -0.05819, -0.00355] z=0.7806
[lowlevel-sim][GT] t=12.151 quat=[0.70576, 0.01956, -0.01976, 0.70791] angvel=[-0.10375, -0.00973, 0.01017] linvel=[-0.0212, 0.02704, 0.00299] z=0.7806
[lowlevel-sim][GT] t=12.201 quat=[0.70559, 0.01594, -0.01647, 0.70825] angvel=[-0.20048, -0.00784, 0.02738] linvel=[-0.0308, 0.13885, 0.00264] z=0.7809
[lowlevel-sim][GT] t=12.251 quat=[0.70568, 0.01225, -0.01296, 0.7083] angvel=[-0.21597, -0.0025, -0.04345] linvel=[-0.02077, 0.19291, -0.00624] z=0.7809
[lowlevel-sim][GT] t=12.301 quat=[0.70657, 0.0081, -0.00908, 0.70754] angvel=[-0.23248, -0.0169, -0.0502] linvel=[-0.01973, 0.22593, -0.01372] z=0.7804
[lowlevel-sim][GT] t=12.351 quat=[0.70719, 0.00352, -0.00486, 0.707] angvel=[-0.26654, -0.00499, -0.03021] linvel=[-0.01192, 0.23803, -0.01954] z=0.7796
[lowlevel-sim][GT] t=12.401 quat=[0.7075, -0.0017, 0.00014, 0.70671] angvel=[-0.31529, -0.00917, -0.00654] linvel=[-0.01416, 0.23902, -0.02283] z=0.7786
[lowlevel-sim][GT] t=12.451 quat=[0.70776, -0.00798, 0.00621, 0.70638] angvel=[-0.38899, 0.00479, -0.02236] linvel=[-0.0058, 0.23932, -0.02404] z=0.7774
[lowlevel-sim] FAIL-CLOSED engaged at t=12.458s, last command age 86.39 ms (deadline <= 100 ms) PASS
[lowlevel-sim] COMMANDED at t=12.480s (was fail-closed)
[lowlevel-sim] t=  12.50 mode=cmd        pd=11310 hold=11032 failclosed=21 rtf=0.242 base_z=+0.775 pitch=+0.033 roll=-0.003 |tau|max= 25.00 sat=4/29 knee_L=+0.390 hip_p_L=-0.089 torn=10201 cmd_age=40.6ms auth=6.9s rig_ign=930 fix_base=0 sat_j=left_wrist_roll_joint:-25.0,left_wrist_yaw_joint:+5.0,right_wrist_roll_joint:-25.0,right_wrist_yaw_joint:+5.0
[lowlevel-sim][GT] t=12.501 quat=[0.70812, -0.01278, 0.0106, 0.7059] angvel=[-0.42103, -0.01509, -0.01921] linvel=[-0.0152, 0.28543, -0.03468] z=0.7749
[lowlevel-sim][GT] t=12.551 quat=[0.70846, -0.02288, 0.02036, 0.70509] angvel=[-0.63201, -0.003, -0.03271] linvel=[-0.00923, 0.293, -0.02792] z=0.7734
[lowlevel-sim][GT] t=12.601 quat=[0.7086, -0.03475, 0.03196, 0.70403] angvel=[-0.69814, -0.02073, -0.02871] linvel=[-0.01043, 0.31558, -0.0396] z=0.7716
[lowlevel-sim][GT] t=12.651 quat=[0.7082, -0.04796, 0.04496, 0.70295] angvel=[-0.78739, 0.00612, -0.01806] linvel=[-0.00238, 0.36652, -0.0598] z=0.7688
[lowlevel-sim][GT] t=12.701 quat=[0.7072, -0.06287, 0.05975, 0.70167] angvel=[-0.89838, -0.00902, -0.00217] linvel=[-0.00522, 0.44254, -0.08948] z=0.7646
[lowlevel-sim][GT] t=12.751 quat=[0.70564, -0.07999, 0.07677, 0.69984] angvel=[-1.03902, 0.01988, -0.00882] linvel=[0.00297, 0.53696, -0.13247] z=0.7583
[lowlevel-sim][GT] t=12.801 quat=[0.70308, -0.09971, 0.09649, 0.69744] angvel=[-1.211, -0.00911, 0.01032] linvel=[-0.00021, 0.64438, -0.19529] z=0.7491
[lowlevel-sim][GT] t=12.851 quat=[0.69967, -0.12251, 0.11917, 0.69372] angvel=[-1.39496, 0.02241, -0.04262] linvel=[0.00424, 0.75585, -0.27948] z=0.7358
[lowlevel-sim][GT] t=12.901 quat=[0.69491, -0.14866, 0.14506, 0.68844] angvel=[-1.60383, -0.01488, 0.01375] linvel=[0.00636, 0.85914, -0.38593] z=0.7172
[lowlevel-sim][GT] t=12.951 quat=[0.6876, -0.17892, 0.17409, 0.68182] angvel=[-1.8466, -0.06218, 0.05087] linvel=[0.01527, 0.95874, -0.5105] z=0.6919
[lowlevel-sim] t=  13.00 mode=cmd        pd=11560 hold=11032 failclosed=21 rtf=0.245 base_z=+0.660 pitch=+0.600 roll=-0.015 |tau|max= 25.00 sat=5/29 knee_L=+0.269 hip_p_L=-0.126 torn=10215 cmd_age=32.2ms auth=8.4s rig_ign=930 fix_base=0 sat_j=left_wrist_roll_joint:-25.0,left_wrist_yaw_joint:+5.0,right_wrist_roll_joint:-25.0,right_wrist_pitch_joint:-5.0,right_wrist_yaw_joint:+5.0
[lowlevel-sim][GT] t=13.001 quat=[0.67666, -0.21392, 0.2057, 0.67384] angvel=[-2.07189, -0.04962, 0.10414] linvel=[0.0068, 1.08153, -0.62978] z=0.6593
[lowlevel-sim][GT] t=13.051 quat=[0.6626, -0.25162, 0.24204, 0.66262] angvel=[-2.36188, 0.02283, 0.04435] linvel=[0.00572, 1.2547, -0.75806] z=0.6196
[lowlevel-sim][GT] t=13.101 quat=[0.64511, -0.29488, 0.28474, 0.64482] angvel=[-2.92569, 0.0669, -0.01875] linvel=[-0.04251, 1.45011, -0.98025] z=0.5698
[lowlevel-sim][GT] t=13.151 quat=[0.61978, -0.3469, 0.33512, 0.61906] angvel=[-3.53859, -0.20256, -0.00711] linvel=[0.03033, 1.5671, -1.39618] z=0.5011
[lowlevel-sim][GT] t=13.201 quat=[0.58643, -0.40267, 0.38826, 0.58584] angvel=[-3.59604, 0.06101, 0.00772] linvel=[-0.03993, 1.51815, -1.9072] z=0.4059
[lowlevel-sim][GT] t=13.251 quat=[0.54823, -0.45369, 0.43785, 0.54946] angvel=[-3.37596, -0.11597, 0.08645] linvel=[0.03572, 1.48892, -2.35148] z=0.2860
[lowlevel-sim][GT] t=13.301 quat=[0.51686, -0.49541, 0.47415, 0.51245] angvel=[-2.60796, -0.28593, -0.12387] linvel=[-0.02235, 1.44064, -2.50814] z=0.1530
[lowlevel-sim][GT] t=13.351 quat=[0.4638, -0.5347, 0.52299, 0.47484] angvel=[-0.28031, -0.3726, 0.02996] linvel=[0.03888, 0.29091, -0.06413] z=0.0819
[lowlevel-sim][GT] t=13.401 quat=[0.46546, -0.53888, 0.52042, 0.4713] angvel=[-0.45532, -0.11218, 0.0442] linvel=[0.00482, 0.1633, 0.08583] z=0.0855
[lowlevel-sim][GT] t=13.451 quat=[0.46673, -0.54159, 0.51618, 0.47159] angvel=[0.55511, -0.24394, 0.26595] linvel=[0.05013, 0.06718, -0.06576] z=0.0852
[lowlevel-sim] t=  13.50 mode=cmd        pd=11810 hold=11032 failclosed=21 rtf=0.247 base_z=+0.085 pitch=+1.478 roll=+3.104 |tau|max= 35.00 sat=6/29 knee_L=+0.293 hip_p_L=-0.078 torn=10237 cmd_age=32.3ms auth=10.0s rig_ign=930 fix_base=0 sat_j=left_ankle_roll_joint:-35.0,right_ankle_roll_joint:-35.0,left_wrist_pitch_joint:+5.0,left_wrist_yaw_joint:+5.0,right_wrist_pitch_joint:-5.0,right_wrist_yaw_joint:-5.0
[lowlevel-sim][GT] t=13.501 quat=[0.46506, -0.53294, 0.51234, 0.48704] angvel=[-0.10965, -0.1697, -0.16726] linvel=[-0.01713, -0.0629, 0.12375] z=0.0847
[lowlevel-sim][GT] t=13.551 quat=[0.47298, -0.52773, 0.50594, 0.49174] angvel=[0.62707, -0.03351, 0.08185] linvel=[0.03281, -0.08778, 0.21091] z=0.0954
[lowlevel-sim][GT] t=13.601 quat=[0.48049, -0.5198, 0.49838, 0.50055] angvel=[0.32193, 0.08674, -0.04264] linvel=[-0.03067, -0.04108, 0.05996] z=0.1054
[lowlevel-sim][GT] t=13.651 quat=[0.4815, -0.5188, 0.49713, 0.50186] angvel=[0.01481, -0.07205, 0.06468] linvel=[0.03291, 0.01562, -0.00145] z=0.1065
[lowlevel-sim][GT] t=13.701 quat=[0.48226, -0.51852, 0.49705, 0.5015] angvel=[-0.0156, 0.01312, -0.11253] linvel=[-0.02636, 0.01933, 9e-05] z=0.1064
[lowlevel-sim][GT] t=13.751 quat=[0.48235, -0.51895, 0.49791, 0.50012] angvel=[-0.10981, -0.06229, 0.04051] linvel=[0.04993, 0.00699, -0.00773] z=0.1060
[lowlevel-sim][GT] t=13.801 quat=[0.48169, -0.52051, 0.49918, 0.49786] angvel=[-0.1062, -0.01472, -0.09216] linvel=[-0.03575, 0.0022, -0.00337] z=0.1051
[lowlevel-sim][GT] t=13.851 quat=[0.48097, -0.52134, 0.5, 0.49687] angvel=[-0.04489, -0.00267, 0.08174] linvel=[0.02886, 0.00224, 0.00091] z=0.1047
[lowlevel-sim][GT] t=13.901 quat=[0.4802, -0.52099, 0.50028, 0.49769] angvel=[-0.00079, 0.07248, -0.02476] linvel=[-0.04303, 0.00392, 0.00339] z=0.1048
[lowlevel-sim][GT] t=13.951 quat=[0.47998, -0.52072, 0.50028, 0.49818] angvel=[0.00447, -0.04752, 0.06557] linvel=[0.02505, 0.00651, -0.00017] z=0.1047
[lowlevel-sim] t=  14.00 mode=cmd        pd=12060 hold=11032 failclosed=21 rtf=0.249 base_z=+0.105 pitch=+1.529 roll=-3.008 |tau|max= 35.00 sat=5/29 knee_L=+0.274 hip_p_L=-0.113 torn=10258 cmd_age=32.9ms auth=11.6s rig_ign=930 fix_base=0 sat_j=left_ankle_roll_joint:-35.0,right_ankle_roll_joint:-35.0,left_wrist_roll_joint:-25.0,left_wrist_pitch_joint:+5.0,left_wrist_yaw_joint:+5.0
[lowlevel-sim][GT] t=14.001 quat=[0.48172, -0.52105, 0.49922, 0.49723] angvel=[0.00961, -0.00427, -0.06393] linvel=[-0.04824, 0.00402, 0.01215] z=0.1054
[lowlevel-sim][GT] t=14.051 quat=[0.48217, -0.52116, 0.49792, 0.49798] angvel=[0.02899, -0.06855, 0.1377] linvel=[0.03366, 0.00388, 0.0202] z=0.1063
[lowlevel-sim][GT] t=14.101 quat=[0.48106, -0.52072, 0.49687, 0.50055] angvel=[0.01442, 0.06487, -0.00847] linvel=[-0.02367, 0.00099, 0.0191] z=0.1072
[lowlevel-sim][GT] t=14.151 quat=[0.48141, -0.52077, 0.49546, 0.50156] angvel=[0.0283, -0.16226, 0.12599] linvel=[0.02362, 0.00397, 0.01421] z=0.1081
[lowlevel-sim][GT] t=14.201 quat=[0.4815, -0.52091, 0.49407, 0.5027] angvel=[0.02491, 0.0825, -0.00025] linvel=[-0.03684, 0.00398, 0.01656] z=0.1090
[lowlevel-sim][GT] t=14.251 quat=[0.48213, -0.52097, 0.49282, 0.50326] angvel=[-0.00381, -0.11626, 0.04365] linvel=[0.02267, -0.00097, 0.01079] z=0.1098
[lowlevel-sim][GT] t=14.301 quat=[0.48226, -0.52067, 0.49294, 0.50333] angvel=[0.01341, 0.12312, -0.05646] linvel=[-0.02387, -0.00069, 0.00289] z=0.1100
[lowlevel-sim][GT] t=14.351 quat=[0.48243, -0.52064, 0.49307, 0.50307] angvel=[-0.05199, 0.00613, 0.07156] linvel=[0.03301, -0.00458, 0.00825] z=0.1101
[lowlevel-sim][GT] t=14.401 quat=[0.48226, -0.52057, 0.49314, 0.50323] angvel=[-0.02497, 0.08932, -0.07379] linvel=[-0.02739, -0.00081, 0.00724] z=0.1102
[lowlevel-sim][GT] t=14.451 quat=[0.48237, -0.5205, 0.4926, 0.50373] angvel=[-0.038, -0.05024, 0.05892] linvel=[0.03889, -0.00486, 0.00416] z=0.1104
[lowlevel-sim] t=  14.50 mode=cmd        pd=12310 hold=11032 failclosed=21 rtf=0.250 base_z=+0.110 pitch=+1.543 roll=-2.950 |tau|max= 35.00 sat=2/29 knee_L=+0.301 hip_p_L=-0.117 torn=10275 cmd_age=34.4ms auth=13.4s rig_ign=930 fix_base=0 sat_j=left_ankle_roll_joint:-35.0,right_ankle_roll_joint:-35.0
[lowlevel-sim][GT] t=14.501 quat=[0.48183, -0.5206, 0.49229, 0.50444] angvel=[0.05827, 0.17636, -0.03038] linvel=[-0.01646, -0.0022, -0.00024] z=0.1104
[lowlevel-sim][GT] t=14.551 quat=[0.48164, -0.52099, 0.49136, 0.50513] angvel=[-0.02471, 0.00886, 0.10953] linvel=[0.02139, -0.00477, 0.00838] z=0.1107
[lowlevel-sim][GT] t=14.601 quat=[0.48156, -0.52131, 0.49037, 0.50585] angvel=[0.04554, 0.0646, 0.00033] linvel=[-0.03125, -0.00589, 0.00156] z=0.1111
[lowlevel-sim][GT] t=14.651 quat=[0.48167, -0.52152, 0.48948, 0.50638] angvel=[-0.03711, 0.06665, 0.05484] linvel=[0.01456, -0.00492, 0.01342] z=0.1114
[lowlevel-sim][GT] t=14.701 quat=[0.48118, -0.52172, 0.48873, 0.50736] angvel=[-0.0901, -0.08225, 0.00834] linvel=[-0.01437, -0.00894, 0.0176] z=0.1118
[lowlevel-sim][GT] t=14.751 quat=[0.48084, -0.52191, 0.488, 0.50819] angvel=[0.0081, -0.08598, 0.12772] linvel=[0.01849, 0.0014, 0.00596] z=0.1120
[lowlevel-sim][GT] t=14.801 quat=[0.48028, -0.52196, 0.48742, 0.50922] angvel=[0.08091, 0.08647, 0.01934] linvel=[-0.02355, -0.00645, -0.00545] z=0.1122
[lowlevel-sim][GT] t=14.851 quat=[0.48022, -0.52154, 0.48739, 0.50974] angvel=[-0.08826, 0.07547, 0.05625] linvel=[0.00987, -0.00591, 0.01853] z=0.1126
[lowlevel-sim][GT] t=14.901 quat=[0.48039, -0.52097, 0.48728, 0.51027] angvel=[-0.02932, 0.00457, -0.09123] linvel=[-0.0182, -0.00472, 0.01567] z=0.1130
[lowlevel-sim][GT] t=14.951 quat=[0.48091, -0.52055, 0.48717, 0.51031] angvel=[-0.05099, 0.01967, 0.03453] linvel=[0.02111, -0.01062, 0.01272] z=0.1133
[lowlevel-sim] t=  15.00 mode=cmd        pd=12560 hold=11032 failclosed=21 rtf=0.250 base_z=+0.113 pitch=+1.554 roll=-2.917 |tau|max= 35.00 sat=1/29 knee_L=+0.310 hip_p_L=-0.118 torn=10290 cmd_age=53.1ms auth=15.3s rig_ign=930 fix_base=0 sat_j=right_ankle_roll_joint:-35.0
[lowlevel-sim][GT] t=15.001 quat=[0.48124, -0.52029, 0.48709, 0.51035] angvel=[0.07431, 0.07104, -0.0242] linvel=[-0.03098, -0.00918, -0.00667] z=0.1135
[lowlevel-sim][GT] t=15.051 quat=[0.48162, -0.52021, 0.48684, 0.51031] angvel=[-0.07818, 0.03665, 0.05041] linvel=[0.01639, -0.01248, 0.01325] z=0.1137
[lowlevel-sim][GT] t=15.101 quat=[0.48174, -0.52009, 0.4865, 0.51064] angvel=[0.0127, 0.1125, -0.05293] linvel=[-0.02489, -0.00879, 0.00142] z=0.1138
[lowlevel-sim][GT] t=15.151 quat=[0.48155, -0.52001, 0.48656, 0.51084] angvel=[0.03299, -0.06454, 0.02033] linvel=[0.0067, -0.0043, -0.00386] z=0.1138
[lowlevel-sim][GT] t=15.201 quat=[0.48111, -0.52016, 0.48675, 0.51093] angvel=[-0.01559, -0.03574, -0.04186] linvel=[-0.02703, -0.00861, 9e-05] z=0.1138
[lowlevel-sim][GT] t=15.251 quat=[0.48112, -0.52005, 0.48691, 0.51087] angvel=[-0.09596, 0.13057, 0.06996] linvel=[0.00978, -0.00566, 0.01014] z=0.1138
[lowlevel-sim][GT] t=15.301 quat=[0.48124, -0.51967, 0.48716, 0.51091] angvel=[0.04595, 0.04431, -0.07177] linvel=[-0.0352, -0.00262, 0.00066] z=0.1139
[lowlevel-sim][GT] t=15.351 quat=[0.48157, -0.51927, 0.48732, 0.51086] angvel=[0.0754, -0.12283, 0.00188] linvel=[0.01713, -0.00478, -0.00443] z=0.1141
[lowlevel-sim][GT] t=15.401 quat=[0.4817, -0.5189, 0.48745, 0.51099] angvel=[0.02122, -0.06788, -0.05954] linvel=[-0.0329, -0.00493, -0.00106] z=0.1141
[lowlevel-sim][GT] t=15.451 quat=[0.48198, -0.51888, 0.48749, 0.51071] angvel=[-0.08873, 0.11731, 0.03162] linvel=[0.01176, -0.00401, 0.01115] z=0.1141
[lowlevel-sim] t=  15.50 mode=cmd        pd=12810 hold=11032 failclosed=21 rtf=0.251 base_z=+0.114 pitch=+1.557 roll=-2.991 |tau|max= 35.00 sat=1/29 knee_L=+0.315 hip_p_L=-0.120 torn=10300 cmd_age=43.8ms auth=17.1s rig_ign=930 fix_base=0 sat_j=right_ankle_roll_joint:-35.0
[lowlevel-sim][GT] t=15.501 quat=[0.48218, -0.51856, 0.48774, 0.51059] angvel=[-0.0506, -0.01381, -0.08084] linvel=[-0.02364, -0.00971, 0.00398] z=0.1141
[lowlevel-sim][GT] t=15.551 quat=[0.48234, -0.51839, 0.48796, 0.51041] angvel=[0.05116, -0.06329, -0.00025] linvel=[0.01739, -0.00507, -0.00733] z=0.1140
[lowlevel-sim][GT] t=15.601 quat=[0.4823, -0.51824, 0.48814, 0.51042] angvel=[-0.07081, 0.02164, -0.03361] linvel=[-0.02241, -0.00821, 0.00624] z=0.1139
[lowlevel-sim][GT] t=15.651 quat=[0.48249, -0.5184, 0.48812, 0.5101] angvel=[-0.15879, 0.0862, 0.08833] linvel=[0.01965, -0.00465, 0.01727] z=0.1139
[lowlevel-sim][GT] t=15.701 quat=[0.48246, -0.51818, 0.4882, 0.51027] angvel=[-0.06409, 0.0855, -0.04821] linvel=[-0.03354, -0.00517, 0.00557] z=0.1139
[lowlevel-sim][GT] t=15.751 quat=[0.48278, -0.51816, 0.48827, 0.50993] angvel=[-0.08483, -0.0673, 0.02744] linvel=[0.01537, -0.00358, 0.0082] z=0.1138
[lowlevel-sim][GT] t=15.801 quat=[0.48283, -0.51801, 0.48834, 0.50996] angvel=[-0.03553, -0.02121, -0.05321] linvel=[-0.02488, -0.00686, 0.00236] z=0.1138
[lowlevel-sim][GT] t=15.851 quat=[0.48324, -0.51782, 0.4884, 0.50972] angvel=[-0.05306, 0.0001, 0.02955] linvel=[0.02538, 0.00307, 0.00703] z=0.1138
[lowlevel-sim][GT] t=15.901 quat=[0.48362, -0.51707, 0.48869, 0.50984] angvel=[-0.05644, 0.00247, -0.11784] linvel=[-0.0195, -0.00328, 0.008] z=0.1140
[lowlevel-sim][GT] t=15.951 quat=[0.48432, -0.5164, 0.48906, 0.5095] angvel=[0.08734, -0.08114, 0.01378] linvel=[0.02958, 0.00016, -0.00801] z=0.1141
[lowlevel-sim] t=  16.00 mode=cmd        pd=13060 hold=11032 failclosed=21 rtf=0.252 base_z=+0.114 pitch=+1.559 roll=-3.062 |tau|max= 35.00 sat=1/29 knee_L=+0.315 hip_p_L=-0.118 torn=10326 cmd_age=35.9ms auth=18.9s rig_ign=930 fix_base=0 sat_j=right_ankle_roll_joint:-35.0
[lowlevel-sim][GT] t=16.001 quat=[0.48458, -0.51564, 0.48996, 0.50916] angvel=[-0.06788, 0.05785, -0.05672] linvel=[-0.02883, -0.00458, 0.00535] z=0.1141
[lowlevel-sim][GT] t=16.051 quat=[0.48538, -0.51478, 0.49071, 0.50855] angvel=[-0.18928, 0.0862, 0.0016] linvel=[0.0006, -0.00815, 0.01415] z=0.1138
[lowlevel-sim][GT] t=16.101 quat=[0.48583, -0.51424, 0.49161, 0.50779] angvel=[-0.06616, 0.10267, -0.1024] linvel=[-0.03578, -0.00434, 0.0042] z=0.1136
[lowlevel-sim][GT] t=16.151 quat=[0.48673, -0.5138, 0.49207, 0.50692] angvel=[0.05466, -0.12639, 0.02507] linvel=[0.02038, 0.00136, -0.00367] z=0.1136
[lowlevel-sim][GT] t=16.201 quat=[0.48717, -0.5134, 0.49241, 0.50657] angvel=[0.02077, -0.02522, -0.05318] linvel=[-0.02229, -0.00442, -0.00868] z=0.1136
[lowlevel-sim][GT] t=16.251 quat=[0.48772, -0.5131, 0.49283, 0.50595] angvel=[-0.05163, -0.05814, -0.00675] linvel=[0.01791, -0.00034, 0.00086] z=0.1135
[lowlevel-sim][GT] t=16.301 quat=[0.48786, -0.51282, 0.49321, 0.50572] angvel=[-0.04686, 0.08317, -0.08973] linvel=[-0.03363, -0.00333, 0.00512] z=0.1135
[lowlevel-sim][GT] t=16.351 quat=[0.48844, -0.51248, 0.49356, 0.50516] angvel=[-0.04723, -0.09114, 0.04155] linvel=[0.02376, 0.00334, 0.00747] z=0.1134
[lowlevel-sim][GT] t=16.401 quat=[0.48845, -0.5123, 0.49375, 0.50515] angvel=[-0.01316, -0.07727, -0.03937] linvel=[-0.02024, -0.00439, -0.00305] z=0.1135
[lowlevel-sim][GT] t=16.451 quat=[0.48889, -0.51209, 0.49414, 0.50457] angvel=[-0.2282, 0.08201, 0.01669] linvel=[0.01052, -0.00603, 0.02522] z=0.1136
[lowlevel-sim] t=  16.50 mode=cmd        pd=13310 hold=11032 failclosed=21 rtf=0.252 base_z=+0.114 pitch=+1.558 roll=-3.012 |tau|max= 35.00 sat=1/29 knee_L=+0.312 hip_p_L=-0.117 torn=10351 cmd_age=33.1ms auth=20.7s rig_ign=930 fix_base=0 sat_j=right_ankle_roll_joint:-35.0
[lowlevel-sim][GT] t=16.501 quat=[0.48897, -0.51177, 0.49445, 0.50449] angvel=[-0.04216, 0.03199, -0.08806] linvel=[-0.0235, -0.00161, 0.011] z=0.1137
[lowlevel-sim][GT] t=16.551 quat=[0.48892, -0.51162, 0.4947, 0.50446] angvel=[-0.10863, 0.17272, 0.08663] linvel=[0.0187, -0.00583, 0.01722] z=0.1139
[lowlevel-sim][GT] t=16.601 quat=[0.48916, -0.51107, 0.49497, 0.50451] angvel=[-0.06662, 0.08065, -0.0988] linvel=[-0.01987, -0.00383, 0.00502] z=0.1139
[lowlevel-sim][GT] t=16.651 quat=[0.48961, -0.51053, 0.49548, 0.50412] angvel=[-0.15572, 0.11266, 0.02128] linvel=[0.00833, -0.00766, 0.01252] z=0.1139
[lowlevel-sim][GT] t=16.701 quat=[0.48978, -0.51022, 0.49598, 0.50378] angvel=[-0.05308, 0.04637, -0.06983] linvel=[-0.01774, -0.00573, 0.00465] z=0.1139
[lowlevel-sim][GT] t=16.751 quat=[0.4902, -0.50968, 0.4965, 0.5034] angvel=[-0.12962, 0.13778, 0.0578] linvel=[0.01363, -0.00495, 0.0086] z=0.1138
[lowlevel-sim][GT] t=16.801 quat=[0.49068, -0.50896, 0.49721, 0.50297] angvel=[-0.0574, 0.15795, -0.09466] linvel=[-0.0348, -0.00424, 0.00463] z=0.1137
[lowlevel-sim][GT] t=16.851 quat=[0.49163, -0.50839, 0.49784, 0.50199] angvel=[0.03413, -0.08387, -0.05819] linvel=[0.01286, -0.00413, -0.00631] z=0.1135
[lowlevel-sim][GT] t=16.901 quat=[0.49252, -0.50803, 0.49818, 0.50114] angvel=[-0.0419, -0.01826, -0.06253] linvel=[-0.02621, -0.00353, 0.00828] z=0.1136
[lowlevel-sim][GT] t=16.951 quat=[0.49318, -0.50773, 0.49843, 0.50055] angvel=[-0.02186, 0.05297, 0.04361] linvel=[0.01797, -0.0018, 0.00887] z=0.1137
[lowlevel-sim] t=  17.00 mode=cmd        pd=13560 hold=11032 failclosed=21 rtf=0.253 base_z=+0.114 pitch=+1.559 roll=-2.959 |tau|max= 35.00 sat=1/29 knee_L=+0.313 hip_p_L=-0.116 torn=10370 cmd_age=42.4ms auth=22.4s rig_ign=930 fix_base=0 sat_j=right_ankle_roll_joint:-35.0
[lowlevel-sim][GT] t=17.001 quat=[0.49372, -0.50731, 0.49854, 0.50034] angvel=[-0.08266, 0.03709, -0.08164] linvel=[-0.01777, -0.00111, 0.01087] z=0.1139
[lowlevel-sim][GT] t=17.051 quat=[0.4941, -0.50713, 0.49845, 0.50023] angvel=[0.03322, -0.04842, 0.0165] linvel=[0.0143, 8e-05, 0.00038] z=0.1141
[lowlevel-sim][GT] t=17.101 quat=[0.49407, -0.50694, 0.49855, 0.50035] angvel=[0.02339, -0.02469, -0.04147] linvel=[-0.0199, -0.0051, -0.00168] z=0.1141
[lowlevel-sim][GT] t=17.151 quat=[0.494, -0.50682, 0.49865, 0.50045] angvel=[-0.08455, 0.1134, 0.07199] linvel=[0.01912, -0.00245, 0.00809] z=0.1143
[lowlevel-sim][GT] t=17.201 quat=[0.49388, -0.5066, 0.49882, 0.50062] angvel=[-0.10004, 0.02725, -0.07675] linvel=[-0.02344, -0.00422, 0.00982] z=0.1143
[lowlevel-sim][GT] t=17.251 quat=[0.49406, -0.50644, 0.49913, 0.5003] angvel=[0.03941, -0.18982, 0.07192] linvel=[0.02179, -0.00015, -0.00208] z=0.1143
[lowlevel-sim][GT] t=17.301 quat=[0.49435, -0.50637, 0.49904, 0.50017] angvel=[-0.04237, -0.12522, -0.03363] linvel=[-0.01928, -0.0046, 0.0038] z=0.1143
[lowlevel-sim][GT] t=17.351 quat=[0.49471, -0.50601, 0.49942, 0.49979] angvel=[-0.16508, 0.14099, 0.03522] linvel=[0.00705, -0.00869, 0.01368] z=0.1143
[lowlevel-sim][GT] t=17.401 quat=[0.49489, -0.50554, 0.49987, 0.49964] angvel=[-0.08256, -0.01044, -0.09472] linvel=[-0.02487, -0.0036, 0.01171] z=0.1142
[lowlevel-sim][GT] t=17.451 quat=[0.49547, -0.5051, 0.50021, 0.49917] angvel=[-0.03214, -0.0474, 0.02136] linvel=[0.01807, 0.00117, 0.00221] z=0.1141
[lowlevel-sim] t=  17.50 mode=cmd        pd=13810 hold=11032 failclosed=21 rtf=0.254 base_z=+0.114 pitch=+1.560 roll=-3.054 |tau|max= 35.00 sat=1/29 knee_L=+0.314 hip_p_L=-0.117 torn=10394 cmd_age=51.8ms auth=24.1s rig_ign=930 fix_base=0 sat_j=right_ankle_roll_joint:-35.0
[lowlevel-sim][GT] t=17.501 quat=[0.4957, -0.50481, 0.50069, 0.49875] angvel=[0.01148, -0.09418, -0.05337] linvel=[-0.02537, -0.00473, -0.0075] z=0.1140
[lowlevel-sim][GT] t=17.551 quat=[0.49612, -0.50478, 0.50095, 0.49811] angvel=[-0.13553, 0.09957, 0.01733] linvel=[0.01138, -0.007, 0.01261] z=0.1139
[lowlevel-sim][GT] t=17.601 quat=[0.49612, -0.50468, 0.50107, 0.49809] angvel=[-0.10694, 0.03589, -0.06426] linvel=[-0.02683, -0.00381, 0.01493] z=0.1140
[lowlevel-sim][GT] t=17.651 quat=[0.49646, -0.50472, 0.50094, 0.49783] angvel=[0.0894, -0.09242, 0.06169] linvel=[0.0209, -0.00048, -0.00452] z=0.1141
[lowlevel-sim][GT] t=17.701 quat=[0.49633, -0.50484, 0.50075, 0.49804] angvel=[-0.06653, -0.1975, -0.01865] linvel=[-0.01335, -0.0048, 0.00458] z=0.1142
[lowlevel-sim][GT] t=17.751 quat=[0.49645, -0.50477, 0.50079, 0.49796] angvel=[-0.04363, 0.01158, 0.00418] linvel=[0.02343, -0.00393, 0.00324] z=0.1142
[lowlevel-sim][GT] t=17.801 quat=[0.49631, -0.5043, 0.50126, 0.49809] angvel=[-0.0973, 0.05317, -0.07873] linvel=[-0.02463, -0.00531, 0.01375] z=0.1142
[lowlevel-sim][GT] t=17.851 quat=[0.49674, -0.50389, 0.50141, 0.49793] angvel=[-0.15216, 0.15267, 0.01882] linvel=[0.02014, -0.00135, 0.01426] z=0.1143
[lowlevel-sim][GT] t=17.901 quat=[0.49675, -0.5035, 0.50162, 0.4981] angvel=[0.01091, 0.00122, -0.03872] linvel=[-0.027, -0.00404, 0.00397] z=0.1144
[lowlevel-sim][GT] t=17.951 quat=[0.49708, -0.5035, 0.50163, 0.49776] angvel=[-0.02603, -0.02508, 0.00198] linvel=[0.01058, -0.00421, 0.00384] z=0.1145
[lowlevel-sim] t=  18.00 mode=cmd        pd=14060 hold=11032 failclosed=21 rtf=0.256 base_z=+0.115 pitch=+1.560 roll=-2.983 |tau|max= 35.00 sat=1/29 knee_L=+0.317 hip_p_L=-0.118 torn=10416 cmd_age=28.9ms auth=25.7s rig_ign=930 fix_base=0 sat_j=right_ankle_roll_joint:-35.0
[lowlevel-sim][GT] t=18.001 quat=[0.49719, -0.50359, 0.50154, 0.49765] angvel=[-0.08789, -0.00958, -0.05889] linvel=[-0.02562, -0.00375, 0.01386] z=0.1145
[lowlevel-sim][GT] t=18.051 quat=[0.49722, -0.50388, 0.50126, 0.49761] angvel=[0.05839, -0.1594, 0.08974] linvel=[0.02473, -0.0013, -0.00452] z=0.1146
[lowlevel-sim][GT] t=18.101 quat=[0.49706, -0.50384, 0.50123, 0.49784] angvel=[-0.03961, 0.04199, -0.01301] linvel=[-0.01995, -0.00406, 0.00449] z=0.1146
[lowlevel-sim][GT] t=18.151 quat=[0.49711, -0.50384, 0.50106, 0.49796] angvel=[-0.16134, 0.15632, 0.05645] linvel=[0.00913, -0.00724, 0.01377] z=0.1146
[lowlevel-sim][GT] t=18.201 quat=[0.49684, -0.50383, 0.50117, 0.49813] angvel=[-0.04869, 0.10615, -0.03928] linvel=[-0.02492, -0.00367, 0.00617] z=0.1147
[lowlevel-sim][GT] t=18.251 quat=[0.49684, -0.50404, 0.50084, 0.49825] angvel=[-0.01679, 0.07214, 0.06317] linvel=[0.01684, -0.00292, 0.00394] z=0.1147
[lowlevel-sim][GT] t=18.301 quat=[0.49665, -0.50418, 0.50064, 0.4985] angvel=[-0.01681, -0.08647, 0.00159] linvel=[-0.02314, -0.00035, 0.00179] z=0.1146
[lowlevel-sim][GT] t=18.351 quat=[0.49661, -0.50449, 0.50014, 0.49873] angvel=[-0.18245, 0.12539, 0.06688] linvel=[0.00916, -0.00664, 0.01572] z=0.1147
[lowlevel-sim][GT] t=18.401 quat=[0.49613, -0.50492, 0.49982, 0.49909] angvel=[-0.02435, 0.12276, -0.03472] linvel=[-0.02615, -0.00384, 0.00378] z=0.1147
[lowlevel-sim][GT] t=18.451 quat=[0.49584, -0.5053, 0.49952, 0.49929] angvel=[-0.05029, 0.10209, 0.07181] linvel=[0.02265, -0.00129, 0.00534] z=0.1147
[lowlevel-sim] t=  18.50 mode=cmd        pd=14310 hold=11032 failclosed=21 rtf=0.257 base_z=+0.115 pitch=+1.561 roll=-2.975 |tau|max= 35.00 sat=1/29 knee_L=+0.317 hip_p_L=-0.118 torn=10438 cmd_age=40.9ms auth=27.3s rig_ign=930 fix_base=0 sat_j=right_ankle_roll_joint:-35.0
[lowlevel-sim][GT] t=18.501 quat=[0.49565, -0.50511, 0.49956, 0.49963] angvel=[-0.08011, -0.05554, -0.01748] linvel=[-0.0137, -0.00557, 0.00759] z=0.1147
[lowlevel-sim][GT] t=18.551 quat=[0.49565, -0.50521, 0.49964, 0.49945] angvel=[-0.13258, 0.0389, 0.02168] linvel=[0.0104, -0.00657, 0.01161] z=0.1146
[lowlevel-sim][GT] t=18.601 quat=[0.49562, -0.50491, 0.4997, 0.49972] angvel=[-0.06801, 0.06101, -0.0571] linvel=[-0.03114, -0.00306, 0.01016] z=0.1147
[lowlevel-sim][GT] t=18.651 quat=[0.49592, -0.50492, 0.49961, 0.49951] angvel=[-0.03147, -0.03797, 0.03196] linvel=[0.02063, -0.00091, 0.00327] z=0.1147
[lowlevel-sim][GT] t=18.701 quat=[0.49576, -0.50463, 0.50015, 0.49943] angvel=[-0.01865, 0.164, -0.02266] linvel=[-0.02638, -0.00467, 9e-05] z=0.1146
[lowlevel-sim][GT] t=18.751 quat=[0.49597, -0.50456, 0.50045, 0.49898] angvel=[-0.14234, 0.03824, -0.00961] linvel=[0.01466, -0.00436, 0.00954] z=0.1145
[lowlevel-sim][GT] t=18.801 quat=[0.4961, -0.50436, 0.50053, 0.49897] angvel=[-0.06166, -0.00435, -0.06222] linvel=[-0.02958, -0.00182, 0.01113] z=0.1145
[lowlevel-sim][GT] t=18.851 quat=[0.49654, -0.50434, 0.50015, 0.49894] angvel=[0.08694, -0.0417, 0.06681] linvel=[0.02573, 0.0021, -0.00683] z=0.1147
[lowlevel-sim][GT] t=18.901 quat=[0.49641, -0.50437, 0.50033, 0.49885] angvel=[-0.01409, 0.13876, -0.00544] linvel=[-0.01576, -0.00265, 0.00439] z=0.1146
[lowlevel-sim] FAIL-CLOSED engaged at t=18.950s, last command age 85.19 ms (deadline <= 100 ms) PASS
[lowlevel-sim][GT] t=18.951 quat=[0.4964, -0.50433, 0.50033, 0.4989] angvel=[-0.07546, -0.03187, 0.01825] linvel=[0.00726, -0.00524, -0.00676] z=0.1146
[lowlevel-sim] COMMANDED at t=18.960s (was fail-closed)
[lowlevel-sim] t=  19.00 mode=cmd        pd=14564 hold=11032 failclosed=30 rtf=0.257 base_z=+0.114 pitch=+1.557 roll=-3.034 |tau|max= 35.00 sat=2/29 knee_L=+0.313 hip_p_L=-0.119 torn=10461 cmd_age=26.7ms auth=29.1s rig_ign=930 fix_base=0 sat_j=left_ankle_roll_joint:+35.0,right_ankle_roll_joint:-35.0
[lowlevel-sim][GT] t=19.001 quat=[0.4954, -0.50536, 0.50155, 0.49762] angvel=[-0.01234, -0.10239, -0.01595] linvel=[-0.00865, -0.0017, 0.0029] z=0.1138
[lowlevel-sim][GT] t=19.051 quat=[0.49579, -0.50528, 0.50127, 0.49761] angvel=[-0.01206, -0.00362, 0.02083] linvel=[0.00741, -0.00587, -0.00391] z=0.1138
[lowlevel-sim][GT] t=19.101 quat=[0.49598, -0.50508, 0.50129, 0.49761] angvel=[-0.07652, 0.02521, 0.01637] linvel=[0.0051, -0.00265, 0.01] z=0.1137
[lowlevel-sim][GT] t=19.151 quat=[0.49596, -0.50528, 0.50092, 0.49778] angvel=[-0.01448, 0.00667, -0.04242] linvel=[-0.00677, -0.00528, 0.00133] z=0.1137
[lowlevel-sim][GT] t=19.201 quat=[0.49599, -0.5053, 0.50077, 0.49789] angvel=[-0.05571, -0.0876, 0.00014] linvel=[-0.00051, -0.00347, 0.00487] z=0.1136
[lowlevel-sim][GT] t=19.251 quat=[0.49584, -0.50556, 0.50093, 0.49762] angvel=[0.00283, -0.00686, 0.03131] linvel=[0.00115, -0.00434, -0.00732] z=0.1134
[lowlevel-sim][GT] t=19.301 quat=[0.49588, -0.50555, 0.50089, 0.49764] angvel=[-0.02442, -0.0076, 0.00687] linvel=[-0.00246, -0.00398, 0.00145] z=0.1133
[lowlevel-sim][GT] t=19.351 quat=[0.49592, -0.50557, 0.50088, 0.49758] angvel=[-0.04762, -0.05062, -0.04263] linvel=[-0.00214, -0.00439, 0.00262] z=0.1133
[lowlevel-sim][GT] t=19.401 quat=[0.49589, -0.50588, 0.50074, 0.49743] angvel=[-0.02365, -0.01672, -0.01798] linvel=[-0.00552, -0.00225, 0.00263] z=0.1132
[lowlevel-sim][GT] t=19.451 quat=[0.49591, -0.50586, 0.50084, 0.49733] angvel=[0.01088, 0.0652, 0.03811] linvel=[0.009, -0.00151, -0.00335] z=0.1130
[lowlevel-sim] t=  19.50 mode=cmd        pd=14814 hold=11032 failclosed=30 rtf=0.259 base_z=+0.113 pitch=+1.557 roll=-2.883 |tau|max= 35.00 sat=2/29 knee_L=+0.305 hip_p_L=-0.112 torn=10489 cmd_age=51.9ms auth=30.7s rig_ign=930 fix_base=0 sat_j=left_ankle_roll_joint:+35.0,right_ankle_roll_joint:-35.0
[lowlevel-sim][GT] t=19.501 quat=[0.49576, -0.50602, 0.50069, 0.49747] angvel=[-0.02215, -0.01077, 0.01538] linvel=[-0.0017, -0.00351, -0.00051] z=0.1130
[lowlevel-sim][GT] t=19.551 quat=[0.49536, -0.50638, 0.5007, 0.49749] angvel=[-0.06029, 0.02546, -0.00341] linvel=[-0.00618, -0.00588, 0.00074] z=0.1128
[lowlevel-sim][GT] t=19.601 quat=[0.49516, -0.5066, 0.50077, 0.49739] angvel=[-0.05145, -0.01756, 0.01388] linvel=[-0.00364, -0.00333, 0.00426] z=0.1127
[lowlevel-sim][GT] t=19.651 quat=[0.49507, -0.50682, 0.50061, 0.49742] angvel=[0.01219, -0.02117, 0.02565] linvel=[0.00364, -0.00434, -0.0023] z=0.1127
[lowlevel-sim][GT] t=19.701 quat=[0.49491, -0.50697, 0.50052, 0.49753] angvel=[-0.06764, 0.05061, 0.00091] linvel=[0.00562, -0.00384, 0.00568] z=0.1126
[lowlevel-sim][GT] t=19.751 quat=[0.49482, -0.5071, 0.50036, 0.49763] angvel=[0.01962, -0.02201, -0.03126] linvel=[-0.00323, -0.00152, -0.00064] z=0.1126
[lowlevel-sim][GT] t=19.801 quat=[0.49445, -0.50729, 0.50036, 0.4978] angvel=[-0.10108, 0.00275, 0.00141] linvel=[0.00476, -0.00397, 0.00987] z=0.1125
[lowlevel-sim][GT] t=19.851 quat=[0.49435, -0.50732, 0.5002, 0.49804] angvel=[-0.04293, -0.00347, 0.03666] linvel=[0.007, -0.00389, 0.00057] z=0.1125
[lowlevel-sim][GT] t=19.901 quat=[0.49404, -0.50747, 0.50029, 0.4981] angvel=[-0.05676, 0.06125, 0.01639] linvel=[0.00353, -0.00378, 0.0045] z=0.1124
[lowlevel-sim][GT] t=19.951 quat=[0.49375, -0.50754, 0.50023, 0.49838] angvel=[-0.03725, 0.00096, -1e-05] linvel=[-0.00287, -0.00495, 0.00328] z=0.1124
[lowlevel-sim] t=  20.00 mode=cmd        pd=15064 hold=11032 failclosed=30 rtf=0.259 base_z=+0.112 pitch=+1.555 roll=-2.991 |tau|max= 35.00 sat=2/29 knee_L=+0.303 hip_p_L=-0.113 torn=10511 cmd_age=22.0ms auth=32.4s rig_ign=930 fix_base=0 sat_j=left_ankle_roll_joint:+35.0,right_ankle_roll_joint:-35.0
[lowlevel-sim][GT] t=20.001 quat=[0.49356, -0.50761, 0.50017, 0.49855] angvel=[-0.03493, 0.00298, -0.00285] linvel=[0.0029, -0.00106, 0.0048] z=0.1124
[lowlevel-sim][GT] t=20.051 quat=[0.49335, -0.50771, 0.5001, 0.49872] angvel=[-0.00268, 0.01998, 0.08141] linvel=[0.00972, -0.00404, -0.0045] z=0.1124
[lowlevel-sim][GT] t=20.101 quat=[0.49326, -0.50783, 0.50003, 0.49878] angvel=[-0.04228, 0.05047, 0.01631] linvel=[0.00157, -0.00298, 0.00572] z=0.1123
[lowlevel-sim][GT] t=20.151 quat=[0.49322, -0.50789, 0.50002, 0.49877] angvel=[-0.01704, -0.03179, -0.03374] linvel=[0.00098, -0.00417, 0.00173] z=0.1123
[lowlevel-sim][GT] t=20.201 quat=[0.49326, -0.50793, 0.4999, 0.49881] angvel=[-0.10128, -0.0158, -0.02303] linvel=[-0.00132, -0.00373, 0.00861] z=0.1123
[lowlevel-sim][GT] t=20.251 quat=[0.49324, -0.50808, 0.49981, 0.49875] angvel=[-0.00389, 0.00911, 0.03809] linvel=[0.00245, -0.00361, -0.0003] z=0.1123
[lowlevel-sim][GT] t=20.301 quat=[0.49319, -0.50822, 0.49981, 0.49866] angvel=[-0.03007, -0.01456, 0.02012] linvel=[0.0067, -0.00296, 0.00127] z=0.1122
[lowlevel-sim][GT] t=20.351 quat=[0.49306, -0.50823, 0.49997, 0.49862] angvel=[-0.02328, -0.04681, -0.0434] linvel=[0.00446, -0.00394, 0.00132] z=0.1121
[lowlevel-sim][GT] t=20.401 quat=[0.49306, -0.50825, 0.50001, 0.49857] angvel=[-0.07306, -0.04943, -0.01747] linvel=[0.00625, -0.00353, 0.00577] z=0.1121
[lowlevel-sim][GT] t=20.451 quat=[0.49297, -0.50825, 0.50014, 0.49853] angvel=[-0.0017, -0.00241, 0.0359] linvel=[0.00792, -0.00371, -0.00107] z=0.1121
[lowlevel-sim] t=  20.50 mode=cmd        pd=15314 hold=11032 failclosed=30 rtf=0.260 base_z=+0.112 pitch=+1.554 roll=-3.002 |tau|max= 35.00 sat=2/29 knee_L=+0.303 hip_p_L=-0.114 torn=10530 cmd_age=26.3ms auth=34.1s rig_ign=930 fix_base=0 sat_j=left_ankle_roll_joint:+35.0,right_ankle_roll_joint:-35.0
[lowlevel-sim][GT] t=20.501 quat=[0.49297, -0.50818, 0.50014, 0.49859] angvel=[-0.02434, 0.05475, -0.00067] linvel=[0.007, 0.00076, 0.00351] z=0.1120
[lowlevel-sim][GT] t=20.551 quat=[0.49295, -0.50807, 0.50035, 0.49851] angvel=[-0.02758, -0.03657, -0.05025] linvel=[0.00394, -0.00416, 0.00206] z=0.1120
[lowlevel-sim][GT] t=20.601 quat=[0.49305, -0.50799, 0.50031, 0.49854] angvel=[-0.0567, -0.01107, -0.0218] linvel=[0.00365, -0.00322, 0.00586] z=0.1120
[lowlevel-sim][GT] t=20.651 quat=[0.49301, -0.50816, 0.50024, 0.49847] angvel=[-0.00313, -0.02007, 0.03247] linvel=[0.00434, -0.00387, -0.00205] z=0.1120
[lowlevel-sim][GT] t=20.701 quat=[0.49302, -0.50813, 0.50027, 0.49846] angvel=[-0.00404, -0.02513, 0.0363] linvel=[0.00563, -0.00198, 0.00172] z=0.1120
[lowlevel-sim][GT] t=20.751 quat=[0.49296, -0.50808, 0.50027, 0.49857] angvel=[-0.03575, -0.06916, -0.01963] linvel=[0.00316, -0.00654, 0.00129] z=0.1120
[lowlevel-sim][GT] t=20.801 quat=[0.49284, -0.50816, 0.50038, 0.49849] angvel=[-0.09571, -0.01355, -0.01976] linvel=[0.00431, -0.00343, 0.00877] z=0.1120
[lowlevel-sim][GT] t=20.851 quat=[0.49271, -0.50827, 0.50029, 0.4986] angvel=[-0.01221, 0.03637, 0.06632] linvel=[0.00552, -0.00387, 0.00192] z=0.1120
[lowlevel-sim][GT] t=20.901 quat=[0.49263, -0.50823, 0.50026, 0.49876] angvel=[-0.03061, -0.03454, 0.02451] linvel=[0.0075, -0.00247, 0.00371] z=0.1120
[lowlevel-sim][GT] t=20.951 quat=[0.49251, -0.50825, 0.50037, 0.49875] angvel=[-0.01548, -0.04533, -0.03815] linvel=[0.0032, -0.00386, 0.00066] z=0.1120
[lowlevel-sim] t=  21.00 mode=cmd        pd=15564 hold=11032 failclosed=30 rtf=0.260 base_z=+0.112 pitch=+1.554 roll=-3.053 |tau|max= 35.00 sat=2/29 knee_L=+0.303 hip_p_L=-0.115 torn=10546 cmd_age=38.2ms auth=35.9s rig_ign=930 fix_base=0 sat_j=left_ankle_roll_joint:+35.0,right_ankle_roll_joint:-35.0
[lowlevel-sim][GT] t=21.001 quat=[0.49257, -0.50821, 0.50035, 0.49875] angvel=[-0.05627, -0.0354, -0.02005] linvel=[0.00378, -0.00384, 0.00543] z=0.1120
[lowlevel-sim][GT] t=21.051 quat=[0.49253, -0.50813, 0.50036, 0.49886] angvel=[0.0038, 0.01934, 0.04154] linvel=[0.0021, -0.00335, 0.00034] z=0.1120
[lowlevel-sim][GT] t=21.101 quat=[0.4926, -0.50819, 0.50022, 0.49887] angvel=[-0.0479, -0.04281, 0.00159] linvel=[0.0047, -0.00279, 0.00847] z=0.1120
[lowlevel-sim][GT] t=21.151 quat=[0.49272, -0.50814, 0.50036, 0.49866] angvel=[-0.02058, -0.04053, -0.05396] linvel=[0.00223, -0.00462, 0.00155] z=0.1120
[lowlevel-sim][GT] t=21.201 quat=[0.49281, -0.50817, 0.50032, 0.49858] angvel=[-0.0557, -0.02709, -0.01629] linvel=[0.00391, -0.00296, 0.00527] z=0.1120
[lowlevel-sim][GT] t=21.251 quat=[0.49269, -0.50829, 0.50022, 0.49868] angvel=[0.03723, 0.00912, 0.06782] linvel=[0.01019, -0.00392, -0.00198] z=0.1120
[lowlevel-sim][GT] t=21.301 quat=[0.49261, -0.50829, 0.50025, 0.49873] angvel=[-0.02101, 0.05355, 0.01716] linvel=[0.00664, -0.00062, 0.00459] z=0.1120
[lowlevel-sim][GT] t=21.351 quat=[0.49249, -0.50819, 0.50026, 0.49894] angvel=[-0.01073, -0.03744, -0.03898] linvel=[0.00425, -0.00347, 0.00167] z=0.1120
[lowlevel-sim] FAIL-CLOSED engaged at t=21.385s, last command age 86.28 ms (deadline <= 100 ms) PASS
[lowlevel-sim] COMMANDED at t=21.400s (was fail-closed)
[lowlevel-sim][GT] t=21.401 quat=[0.49093, -0.50982, 0.50182, 0.49724] angvel=[-0.59731, 0.014, 0.00667] linvel=[0.00698, 0.01049, -0.02094] z=0.1112
[lowlevel-sim][GT] t=21.451 quat=[0.49114, -0.50947, 0.50131, 0.4979] angvel=[0.07034, -0.02659, 0.0067] linvel=[0.00486, -0.0072, -0.00021] z=0.1113
[lowlevel-sim] t=  21.50 mode=cmd        pd=15822 hold=11032 failclosed=45 rtf=0.261 base_z=+0.112 pitch=+1.551 roll=-3.067 |tau|max= 35.00 sat=2/29 knee_L=+0.301 hip_p_L=-0.116 torn=10567 cmd_age=34.6ms auth=37.8s rig_ign=930 fix_base=0 sat_j=left_ankle_roll_joint:+35.0,right_ankle_roll_joint:-35.0
[lowlevel-sim][GT] t=21.501 quat=[0.49179, -0.50892, 0.50066, 0.49848] angvel=[-0.04493, -0.01265, -0.00684] linvel=[0.00499, -0.00374, 0.00976] z=0.1115
[lowlevel-sim][GT] t=21.551 quat=[0.49199, -0.50866, 0.50047, 0.49874] angvel=[0.05782, -0.00272, -0.00469] linvel=[0.00652, -0.00019, -0.00115] z=0.1117
[lowlevel-sim][GT] t=21.601 quat=[0.49206, -0.50838, 0.50041, 0.49902] angvel=[0.01229, -0.02473, -0.00654] linvel=[0.00555, 0.00023, 0.00077] z=0.1117
[lowlevel-sim][GT] t=21.651 quat=[0.49203, -0.50815, 0.50047, 0.49922] angvel=[-0.00368, 0.00435, -0.00823] linvel=[0.00533, -0.00744, 0.00113] z=0.1117
[lowlevel-sim][GT] t=21.701 quat=[0.49216, -0.50799, 0.50051, 0.49921] angvel=[-0.0558, -0.01377, -0.00809] linvel=[0.00524, -0.00304, 0.00744] z=0.1118
[lowlevel-sim][GT] t=21.751 quat=[0.49216, -0.50765, 0.50053, 0.49953] angvel=[0.01777, -0.00498, -0.01221] linvel=[-0.00435, 0.00049, -0.00289] z=0.1118
[lowlevel-sim][GT] t=21.801 quat=[0.49232, -0.50768, 0.50055, 0.49934] angvel=[-0.02054, -0.01862, -0.01508] linvel=[-0.00723, 0.00136, 0.00288] z=0.1118
[lowlevel-sim][GT] t=21.851 quat=[0.4926, -0.50792, 0.50039, 0.49897] angvel=[-0.00591, -0.0038, 0.01273] linvel=[-0.00578, -0.00743, -0.00498] z=0.1117
[lowlevel-sim][GT] t=21.901 quat=[0.49281, -0.50825, 0.5001, 0.49872] angvel=[-0.06244, -0.05343, 0.01243] linvel=[-0.00817, -0.00361, 0.003] z=0.1116
[lowlevel-sim][GT] t=21.951 quat=[0.49269, -0.50875, 0.49976, 0.49867] angvel=[0.049, 0.00865, 0.02074] linvel=[-0.00633, 0.00136, -0.00434] z=0.1115
[lowlevel-sim] t=  22.00 mode=cmd        pd=16072 hold=11032 failclosed=45 rtf=0.261 base_z=+0.111 pitch=+1.553 roll=-2.944 |tau|max= 35.00 sat=2/29 knee_L=+0.298 hip_p_L=-0.110 torn=10588 cmd_age=41.1ms auth=39.7s rig_ign=930 fix_base=0 sat_j=left_ankle_roll_joint:+35.0,right_ankle_roll_joint:-35.0
[lowlevel-sim][GT] t=22.001 quat=[0.49273, -0.50899, 0.49949, 0.49865] angvel=[-0.0231, 0.00432, 0.01057] linvel=[-0.00329, -0.00079, 0.00205] z=0.1115
[lowlevel-sim][GT] t=22.051 quat=[0.49256, -0.50937, 0.49929, 0.49864] angvel=[-0.0064, -0.0087, -0.01035] linvel=[0.00297, -0.0036, -0.0033] z=0.1114
[lowlevel-sim][GT] t=22.101 quat=[0.49246, -0.50959, 0.49906, 0.49873] angvel=[-0.11752, -0.01337, -0.00109] linvel=[0.0038, -0.00381, 0.00825] z=0.1113
[lowlevel-sim][GT] t=22.151 quat=[0.49195, -0.50998, 0.49903, 0.49887] angvel=[-0.01189, 0.06059, 0.05016] linvel=[0.00679, -0.00036, 0.00057] z=0.1112
[lowlevel-sim][GT] t=22.201 quat=[0.49122, -0.51038, 0.49894, 0.49927] angvel=[-0.03543, 0.00153, 0.00914] linvel=[0.00834, -0.00364, 0.00198] z=0.1110
[lowlevel-sim][GT] t=22.251 quat=[0.49053, -0.51061, 0.49896, 0.4997] angvel=[0.01531, 0.05219, 0.02809] linvel=[0.00864, -0.00724, -0.00647] z=0.1108
[lowlevel-sim][GT] t=22.301 quat=[0.49021, -0.51076, 0.49892, 0.49989] angvel=[-0.0909, 0.0185, -0.00145] linvel=[0.00077, -0.00713, 0.00317] z=0.1108
[lowlevel-sim][GT] t=22.351 quat=[0.48954, -0.5112, 0.49928, 0.49975] angvel=[-0.02538, 0.01253, -0.03005] linvel=[0.00409, -0.00565, -0.00294] z=0.1105
[lowlevel-sim] FAIL-CLOSED engaged at t=22.360s, last command age 86.59 ms (deadline <= 100 ms) PASS
[lowlevel-sim] COMMANDED at t=22.374s (was fail-closed)
[lowlevel-sim][GT] t=22.401 quat=[0.48786, -0.5128, 0.5008, 0.49821] angvel=[0.09316, -0.01285, -0.00143] linvel=[0.00629, -0.00014, 0.00051] z=0.1095
[lowlevel-sim] FAIL-CLOSED engaged at t=22.403s, last command age 87.53 ms (deadline <= 100 ms) PASS
[lowlevel-sim] COMMANDED at t=22.408s (was fail-closed)
[lowlevel-sim][GT] t=22.451 quat=[0.48826, -0.51266, 0.50068, 0.49809] angvel=[0.03508, -0.01135, -0.03662] linvel=[0.0011, -0.00742, -0.00452] z=0.1094
[lowlevel-sim] t=  22.50 mode=cmd        pd=16330 hold=11032 failclosed=62 rtf=0.262 base_z=+0.109 pitch=+1.545 roll=-3.073 |tau|max= 35.00 sat=2/29 knee_L=+0.290 hip_p_L=-0.113 torn=10603 cmd_age=70.7ms auth=41.3s rig_ign=930 fix_base=0 sat_j=left_ankle_roll_joint:+35.0,right_ankle_roll_joint:-35.0
[lowlevel-sim][GT] t=22.501 quat=[0.48845, -0.51245, 0.50029, 0.49852] angvel=[-0.02446, -0.00731, 0.00302] linvel=[0.00295, -0.00377, 0.00497] z=0.1094
[lowlevel-sim][GT] t=22.551 quat=[0.48841, -0.51245, 0.50021, 0.49865] angvel=[0.0379, 0.01696, 0.00923] linvel=[0.00054, -0.00533, -0.00446] z=0.1093
[lowlevel-sim][GT] t=22.601 quat=[0.4884, -0.51233, 0.50019, 0.49879] angvel=[-0.06855, 0.02828, 0.00355] linvel=[-0.00613, -0.00465, 0.00406] z=0.1092
[lowlevel-sim][GT] t=22.651 quat=[0.48841, -0.51245, 0.5002, 0.49864] angvel=[-0.0275, 0.01185, -0.01831] linvel=[-0.0081, -0.00987, 2e-05] z=0.1092
[lowlevel-sim][GT] t=22.701 quat=[0.48856, -0.51246, 0.50022, 0.49847] angvel=[-0.04614, 0.02162, 0.00027] linvel=[-0.00562, -0.00644, 0.00479] z=0.1091
[lowlevel-sim][GT] t=22.751 quat=[0.48883, -0.5125, 0.50013, 0.49826] angvel=[0.00198, 0.01203, -0.00449] linvel=[-0.00652, -0.00367, -0.00013] z=0.1091
[lowlevel-sim][GT] t=22.801 quat=[0.48895, -0.51266, 0.50003, 0.49807] angvel=[-0.05123, 0.0114, -0.00336] linvel=[0.00058, -0.00408, 0.00429] z=0.1090
[lowlevel-sim][GT] t=22.851 quat=[0.48899, -0.51271, 0.50016, 0.49785] angvel=[0.02331, -0.00632, -0.00825] linvel=[0.00427, -0.00946, -0.00188] z=0.1089
[lowlevel-sim][GT] t=22.901 quat=[0.48919, -0.5126, 0.49999, 0.49794] angvel=[-0.04234, -0.00375, -0.01896] linvel=[0.00162, -0.00451, 0.00342] z=0.1089
[lowlevel-sim][GT] t=22.951 quat=[0.48897, -0.51268, 0.50008, 0.49798] angvel=[-0.00758, 0.02217, 0.02147] linvel=[0.00489, -0.00602, 0.00017] z=0.1088
[lowlevel-sim] t=  23.00 mode=cmd        pd=16580 hold=11032 failclosed=62 rtf=0.262 base_z=+0.109 pitch=+1.545 roll=-3.028 |tau|max= 35.00 sat=2/29 knee_L=+0.285 hip_p_L=-0.109 torn=10622 cmd_age=27.6ms auth=43.1s rig_ign=930 fix_base=0 sat_j=left_ankle_roll_joint:+35.0,right_ankle_roll_joint:-35.0
[lowlevel-sim][GT] t=23.001 quat=[0.48894, -0.5125, 0.50015, 0.49812] angvel=[-0.01179, 0.00314, 0.00835] linvel=[0.00531, -0.00351, 0.00154] z=0.1088
[lowlevel-sim][GT] t=23.051 quat=[0.48872, -0.51256, 0.50035, 0.49808] angvel=[0.02603, 0.03329, 0.0019] linvel=[0.00799, -0.00549, -0.00355] z=0.1087
[lowlevel-sim] FAIL-CLOSED engaged at t=23.094s, last command age 85.98 ms (deadline <= 100 ms) PASS
[lowlevel-sim][GT] t=23.101 quat=[0.48822, -0.51296, 0.50078, 0.49772] angvel=[-0.37133, -0.03103, -0.01137] linvel=[0.00393, -0.00539, -0.03016] z=0.1084
[lowlevel-sim] COMMANDED at t=23.102s (was fail-closed)
[lowlevel-sim][GT] t=23.151 quat=[0.48795, -0.51332, 0.50106, 0.49734] angvel=[-0.02156, 0.00507, -0.00784] linvel=[0.0037, -0.00322, 0.00694] z=0.1081
[lowlevel-sim] FAIL-CLOSED engaged at t=23.154s, last command age 85.28 ms (deadline <= 100 ms) PASS
[lowlevel-sim] COMMANDED at t=23.156s (was fail-closed)
[lowlevel-sim][GT] t=23.201 quat=[0.48816, -0.51309, 0.50069, 0.49774] angvel=[0.00952, 0.01507, 0.0034] linvel=[0.00672, -0.00381, 0.00187] z=0.1082
[lowlevel-sim][GT] t=23.251 quat=[0.48809, -0.51305, 0.5006, 0.49794] angvel=[0.00622, 0.02186, 0.01974] linvel=[0.00687, -0.00411, -0.00103] z=0.1082
[lowlevel-sim][GT] t=23.301 quat=[0.48809, -0.51292, 0.50051, 0.49816] angvel=[0.01122, -0.03595, -0.00762] linvel=[0.00763, 0.00045, -0.0012] z=0.1082
[lowlevel-sim][GT] t=23.351 quat=[0.48792, -0.51289, 0.50059, 0.49829] angvel=[0.00546, 0.02055, 0.0204] linvel=[0.00306, -0.00732, -0.00252] z=0.1082
[lowlevel-sim] FAIL-CLOSED engaged at t=23.390s, last command age 85.19 ms (deadline <= 100 ms) PASS
[lowlevel-sim] COMMANDED at t=23.394s (was fail-closed)
[lowlevel-sim][GT] t=23.401 quat=[0.48728, -0.51347, 0.50111, 0.49779] angvel=[-0.06933, 0.04896, 0.02292] linvel=[0.00348, -0.01163, -0.00748] z=0.1079
[lowlevel-sim] FAIL-CLOSED engaged at t=23.402s, last command age 86.94 ms (deadline <= 100 ms) PASS
[lowlevel-sim] COMMANDED at t=23.404s (was fail-closed)
[lowlevel-sim][GT] t=23.451 quat=[0.48732, -0.51344, 0.501, 0.49789] angvel=[0.01823, -0.00019, 0.00523] linvel=[0.00298, -0.00548, 0.0013] z=0.1079
[lowlevel-sim] FAIL-CLOSED engaged at t=23.472s, last command age 85.00 ms (deadline <= 100 ms) PASS
[lowlevel-sim] COMMANDED at t=23.494s (was fail-closed)
[lowlevel-sim] t=  23.50 mode=cmd        pd=16844 hold=11032 failclosed=95 rtf=0.262 base_z=+0.106 pitch=+1.530 roll=-3.086 |tau|max=  7.84 sat=0/29 knee_L=+0.277 hip_p_L=-0.119 torn=10658 cmd_age=32.1ms auth=44.9s rig_ign=930 fix_base=0
[lowlevel-sim][GT] t=23.501 quat=[0.48459, -0.51646, 0.50379, 0.4946] angvel=[-0.11808, 0.05601, -0.02654] linvel=[0.01772, 0.00284, -0.01678] z=0.1062
[lowlevel-sim][GT] t=23.551 quat=[0.48615, -0.51504, 0.50291, 0.49545] angvel=[0.05688, -0.0101, 0.0072] linvel=[0.00745, -0.00496, 0.00785] z=0.1065
[lowlevel-sim][GT] t=23.601 quat=[0.48659, -0.51428, 0.50239, 0.49633] angvel=[0.02695, 0.00825, 0.00903] linvel=[0.00944, -0.00706, 0.00216] z=0.1068
[lowlevel-sim][GT] t=23.651 quat=[0.48691, -0.51378, 0.50212, 0.49681] angvel=[0.01081, -0.01979, -0.02276] linvel=[0.00765, -0.00376, 0.00086] z=0.1070
[lowlevel-sim][GT] t=23.701 quat=[0.48709, -0.51354, 0.50204, 0.49697] angvel=[-0.00167, -0.03357, -0.05844] linvel=[0.00097, -0.00815, 0.00395] z=0.1071
[lowlevel-sim][GT] t=23.751 quat=[0.48721, -0.51337, 0.50198, 0.49708] angvel=[-0.08403, -0.02137, -0.02197] linvel=[-0.0002, -0.00361, 0.00795] z=0.1071
[lowlevel-sim] FAIL-CLOSED engaged at t=23.755s, last command age 87.80 ms (deadline <= 100 ms) PASS
[lowlevel-sim] COMMANDED at t=23.764s (was fail-closed)
[lowlevel-sim] FAIL-CLOSED engaged at t=23.800s, last command age 108.86 ms (deadline <= 100 ms) FAIL
[lowlevel-sim][GT] t=23.801 quat=[0.48643, -0.51409, 0.50268, 0.49639] angvel=[0.05632, -0.04308, -0.00442] linvel=[0.00345, -0.00108, -0.00945] z=0.1067
[lowlevel-sim] COMMANDED at t=23.802s (was fail-closed)
[lowlevel-sim][GT] t=23.851 quat=[0.48677, -0.51382, 0.50249, 0.49653] angvel=[0.04271, -0.08545, -0.0161] linvel=[0.0044, -0.00257, 0.00256] z=0.1068
[lowlevel-sim] FAIL-CLOSED engaged at t=23.885s, last command age 87.64 ms (deadline <= 100 ms) PASS
[lowlevel-sim] COMMANDED at t=23.888s (was fail-closed)
[lowlevel-sim][GT] t=23.901 quat=[0.4865, -0.51388, 0.5026, 0.49663] angvel=[-0.01266, 0.0299, 0.01511] linvel=[-0.0038, -0.00342, 0.00338] z=0.1068
[lowlevel-sim][GT] t=23.951 quat=[0.48681, -0.51355, 0.50228, 0.49699] angvel=[0.05369, -0.02131, -0.02667] linvel=[-0.00154, -0.00293, 0.00187] z=0.1070
[lowlevel-sim] t=  24.00 mode=cmd        pd=17101 hold=11032 failclosed=108 rtf=0.263 base_z=+0.107 pitch=+1.539 roll=-3.122 |tau|max=  9.69 sat=0/29 knee_L=+0.278 hip_p_L=-0.110 torn=10675 cmd_age=32.6ms auth=46.7s rig_ign=930 fix_base=0
[lowlevel-sim][GT] t=24.001 quat=[0.48687, -0.51342, 0.50214, 0.4972] angvel=[-0.0205, -0.00549, 0.04929] linvel=[0.00046, -0.00893, 0.00203] z=0.1071
[lowlevel-sim][GT] t=24.051 quat=[0.48704, -0.51321, 0.50203, 0.49737] angvel=[-0.03294, 0.06311, 0.02537] linvel=[0.00011, -0.00443, 0.00345] z=0.1071
[lowlevel-sim][GT] t=24.101 quat=[0.48714, -0.51321, 0.50216, 0.49713] angvel=[-0.02252, -0.03392, -0.05439] linvel=[-0.00524, -0.00829, 0.00191] z=0.1071
[lowlevel-sim][GT] t=24.151 quat=[0.48745, -0.51306, 0.50201, 0.49715] angvel=[0.00813, 0.00144, -0.02471] linvel=[-0.00495, -0.00403, 0.00355] z=0.1072
[lowlevel-sim][GT] t=24.201 quat=[0.48755, -0.51303, 0.5021, 0.49698] angvel=[-0.02174, -0.02426, -0.00928] linvel=[-0.00664, -0.00393, 0.00219] z=0.1072
[lowlevel-sim][GT] t=24.251 quat=[0.48762, -0.51301, 0.50209, 0.49693] angvel=[0.02971, -0.04177, -0.01213] linvel=[-0.0062, -0.00238, 0.00023] z=0.1072
[lowlevel-sim][GT] t=24.301 quat=[0.48786, -0.51298, 0.50204, 0.49679] angvel=[-0.00655, -0.04382, 0.00038] linvel=[0.00137, -0.00129, -5e-05] z=0.1072
[lowlevel-sim][GT] t=24.351 quat=[0.48784, -0.51295, 0.50197, 0.49691] angvel=[0.03968, -0.08806, 0.01205] linvel=[-0.00119, -0.00254, -0.00208] z=0.1073
[lowlevel-sim][GT] t=24.401 quat=[0.4879, -0.51298, 0.50203, 0.49676] angvel=[-0.02833, 0.02554, 0.02776] linvel=[0.00566, -0.00799, 0.00065] z=0.1072
[lowlevel-sim][GT] t=24.451 quat=[0.48776, -0.51299, 0.50186, 0.49707] angvel=[-0.04018, 0.02268, -0.00668] linvel=[-0.00521, -0.00508, 0.00393] z=0.1072
[lowlevel-sim] t=  24.50 mode=cmd        pd=17351 hold=11032 failclosed=108 rtf=0.263 base_z=+0.107 pitch=+1.541 roll=-3.084 |tau|max=  9.36 sat=0/29 knee_L=+0.277 hip_p_L=-0.108 torn=10692 cmd_age=60.2ms auth=48.3s rig_ign=930 fix_base=0
[lowlevel-sim][GT] t=24.501 quat=[0.48783, -0.51306, 0.50185, 0.49694] angvel=[-0.02946, -0.04911, -0.02318] linvel=[0.00491, -0.00346, 0.00284] z=0.1072
[lowlevel-sim][GT] t=24.551 quat=[0.48786, -0.51319, 0.5017, 0.49692] angvel=[0.04121, 0.03536, 0.0195] linvel=[0.00363, -0.00113, 0.00106] z=0.1072
[lowlevel-sim][GT] t=24.601 quat=[0.48769, -0.5132, 0.50162, 0.49715] angvel=[-0.01199, -0.00255, -0.02895] linvel=[-0.00173, -0.00735, -0.00033] z=0.1073
[lowlevel-sim][GT] t=24.651 quat=[0.48761, -0.51318, 0.50146, 0.49741] angvel=[-0.01943, 0.07224, -0.01837] linvel=[-0.00272, -0.00424, 0.00257] z=0.1073
[lowlevel-sim][GT] t=24.701 quat=[0.48733, -0.51329, 0.50145, 0.49758] angvel=[-0.00605, -0.01032, -1e-05] linvel=[0.00294, -0.00224, -0.00028] z=0.1073
[lowlevel-sim][GT] t=24.751 quat=[0.48741, -0.51321, 0.5014, 0.49764] angvel=[-0.04143, -0.0297, 0.00939] linvel=[0.0061, -0.0023, 0.00465] z=0.1072
[lowlevel-sim][GT] t=24.801 quat=[0.48714, -0.51324, 0.50143, 0.49784] angvel=[-0.02512, 0.02593, 0.02305] linvel=[0.00861, -0.00767, 0.00023] z=0.1072
[lowlevel-sim][GT] t=24.851 quat=[0.48702, -0.51318, 0.50138, 0.49807] angvel=[-0.0179, 0.03003, 0.0139] linvel=[0.00835, -0.00197, 0.00172] z=0.1071
[lowlevel-sim][GT] t=24.901 quat=[0.4868, -0.5134, 0.5014, 0.49804] angvel=[-0.01576, -0.01042, 0.00051] linvel=[0.00357, -0.00333, 0.00104] z=0.1071
[lowlevel-sim][GT] t=24.951 quat=[0.48667, -0.51346, 0.50134, 0.49817] angvel=[0.01453, -0.05147, 0.00809] linvel=[0.00142, -0.00331, -0.00349] z=0.1070
[lowlevel-sim] t=  25.00 mode=cmd        pd=17601 hold=11032 failclosed=108 rtf=0.263 base_z=+0.107 pitch=+1.540 roll=-3.117 |tau|max=  9.79 sat=0/29 knee_L=+0.277 hip_p_L=-0.108 torn=10728 cmd_age=34.6ms auth=50.3s rig_ign=930 fix_base=0
[lowlevel-sim][GT] t=25.001 quat=[0.48673, -0.51364, 0.50139, 0.49787] angvel=[-0.03744, -0.03487, -0.03687] linvel=[-0.00121, -0.01004, 0.00155] z=0.1070
[lowlevel-sim][GT] t=25.051 quat=[0.48662, -0.51364, 0.50135, 0.49802] angvel=[0.01228, 0.04581, 0.00374] linvel=[0.00877, -0.00242, -0.00051] z=0.1069
[lowlevel-sim][GT] t=25.101 quat=[0.48655, -0.51363, 0.5014, 0.49804] angvel=[-0.04141, 0.015, -0.00269] linvel=[0.00019, -0.00398, 0.00249] z=0.1069
[lowlevel-sim][GT] t=25.151 quat=[0.48656, -0.51352, 0.50131, 0.49824] angvel=[0.00186, -0.00527, -0.0087] linvel=[-0.00137, -0.00275, 0.00086] z=0.1068
[lowlevel-sim][GT] t=25.201 quat=[0.48649, -0.51356, 0.5014, 0.49818] angvel=[-0.04909, -0.00812, 0.00651] linvel=[-0.00124, -0.00496, 0.00325] z=0.1068
[lowlevel-sim][GT] t=25.251 quat=[0.48653, -0.51362, 0.50135, 0.49814] angvel=[-0.02085, -0.01928, 0.00395] linvel=[-0.00052, -0.00164, 0.00262] z=0.1068
[lowlevel-sim][GT] t=25.301 quat=[0.4864, -0.51376, 0.50143, 0.49803] angvel=[-0.0413, -0.01199, -0.01391] linvel=[-0.01, -0.00821, 0.0023] z=0.1067
[lowlevel-sim][GT] t=25.351 quat=[0.48648, -0.51384, 0.50127, 0.49803] angvel=[-0.0059, -0.00847, -0.00244] linvel=[-0.00159, -0.00156, 0.00088] z=0.1067
[lowlevel-sim][GT] t=25.401 quat=[0.48652, -0.51394, 0.50135, 0.49781] angvel=[-0.04174, 0.04088, 0.02378] linvel=[-0.00151, -0.00349, 0.00417] z=0.1066
[lowlevel-sim][GT] t=25.451 quat=[0.48667, -0.51388, 0.50125, 0.49783] angvel=[-0.01198, -0.03637, -0.01969] linvel=[-0.00441, 0.00018, 0.00263] z=0.1066
[lowlevel-sim] t=  25.50 mode=cmd        pd=17851 hold=11032 failclosed=108 rtf=0.263 base_z=+0.107 pitch=+1.540 roll=-3.109 |tau|max=  9.65 sat=0/29 knee_L=+0.273 hip_p_L=-0.106 torn=10751 cmd_age=54.7ms auth=52.3s rig_ign=930 fix_base=0
[lowlevel-sim][GT] t=25.501 quat=[0.48665, -0.51384, 0.50133, 0.49781] angvel=[-0.03614, 0.00866, 0.00943] linvel=[-0.0021, -0.00204, 0.00394] z=0.1066
[lowlevel-sim][GT] t=25.551 quat=[0.48682, -0.51378, 0.50127, 0.49777] angvel=[-0.02065, -0.04421, -0.01365] linvel=[-0.00556, 0.00038, 0.00237] z=0.1066
[lowlevel-sim][GT] t=25.601 quat=[0.48668, -0.51387, 0.50135, 0.49773] angvel=[-0.02728, 0.03116, 0.03343] linvel=[0.00359, -0.00612, -0.00152] z=0.1065
[lowlevel-sim][GT] t=25.651 quat=[0.48665, -0.51389, 0.50139, 0.49769] angvel=[0.00975, 0.01991, -0.01284] linvel=[-0.00436, -0.00293, -0.00092] z=0.1065
[lowlevel-sim][GT] t=25.701 quat=[0.48646, -0.51396, 0.50138, 0.49782] angvel=[-0.02961, 0.0396, 0.04792] linvel=[0.00474, -0.00605, -7e-05] z=0.1065
[lowlevel-sim][GT] t=25.751 quat=[0.48646, -0.51399, 0.50137, 0.49779] angvel=[0.02169, 0.02789, -0.01153] linvel=[-0.00266, -0.00334, -0.00192] z=0.1064
[lowlevel-sim][GT] t=25.801 quat=[0.48615, -0.51411, 0.50134, 0.498] angvel=[-0.02667, 0.01785, 0.03187] linvel=[0.00409, -0.0051, 0.001] z=0.1064
[lowlevel-sim][GT] t=25.851 quat=[0.4862, -0.51414, 0.50126, 0.49799] angvel=[-0.03456, -0.02411, -0.00982] linvel=[-0.00571, -0.00138, 0.00485] z=0.1064
[lowlevel-sim][GT] t=25.901 quat=[0.48623, -0.51415, 0.50128, 0.49794] angvel=[-0.02058, -0.00226, -0.02929] linvel=[-0.00335, -0.00561, -9e-05] z=0.1065
[lowlevel-sim][GT] t=25.951 quat=[0.48643, -0.51404, 0.50134, 0.49781] angvel=[-0.00852, -0.00568, -0.02764] linvel=[-0.00422, -0.00374, -0.00134] z=0.1064
[lowlevel-sim] t=  26.00 mode=cmd        pd=18101 hold=11032 failclosed=108 rtf=0.263 base_z=+0.106 pitch=+1.539 roll=-3.113 |tau|max=  9.59 sat=0/29 knee_L=+0.273 hip_p_L=-0.106 torn=10765 cmd_age=61.9ms auth=54.1s rig_ign=930 fix_base=0
[lowlevel-sim][GT] t=26.001 quat=[0.48639, -0.51406, 0.50146, 0.4977] angvel=[-0.02389, -0.00841, -0.00767] linvel=[-0.00324, -0.00627, 0.00244] z=0.1064
[lowlevel-sim][GT] t=26.051 quat=[0.48662, -0.51395, 0.50149, 0.49756] angvel=[-0.01263, -0.01867, -0.01756] linvel=[-0.00298, -0.00017, 0.00156] z=0.1064
[lowlevel-sim][GT] t=26.101 quat=[0.48672, -0.51398, 0.50156, 0.49736] angvel=[-0.0585, -0.00551, -0.0065] linvel=[0.00023, -0.00591, 0.00329] z=0.1064
[lowlevel-sim][GT] t=26.151 quat=[0.48682, -0.51389, 0.50149, 0.49742] angvel=[0.02179, -0.0727, -0.01147] linvel=[-0.00679, -0.00099, -0.00049] z=0.1064
[lowlevel-sim][GT] t=26.201 quat=[0.48685, -0.51399, 0.50143, 0.49735] angvel=[-0.04066, 0.01514, 0.01201] linvel=[0.00044, -0.00697, 0.00309] z=0.1064
[lowlevel-sim][GT] t=26.251 quat=[0.48682, -0.51399, 0.50138, 0.49743] angvel=[-0.01393, -0.03219, -0.00926] linvel=[-0.00504, -0.00367, 0.00082] z=0.1064
[lowlevel-sim][GT] t=26.301 quat=[0.48655, -0.5141, 0.50148, 0.49748] angvel=[-0.04521, 0.00218, 0.00026] linvel=[0.00091, -0.00678, 0.00301] z=0.1063
[lowlevel-sim][GT] t=26.351 quat=[0.48663, -0.514, 0.50143, 0.49756] angvel=[-0.01398, -0.05742, -0.0257] linvel=[-0.00077, -0.00235, 4e-05] z=0.1063
[lowlevel-sim][GT] t=26.401 quat=[0.48649, -0.51403, 0.50158, 0.49751] angvel=[-0.02768, 0.02289, 0.02444] linvel=[0.00118, -0.00217, 0.00394] z=0.1063
[lowlevel-sim][GT] t=26.451 quat=[0.48638, -0.51397, 0.50155, 0.49771] angvel=[-0.02348, 0.07095, 0.03323] linvel=[0.00313, 0.00093, 0.0047] z=0.1063
[lowlevel-sim] t=  26.50 mode=cmd        pd=18351 hold=11032 failclosed=108 rtf=0.263 base_z=+0.106 pitch=+1.539 roll=-3.116 |tau|max=  9.76 sat=0/29 knee_L=+0.272 hip_p_L=-0.105 torn=10791 cmd_age=40.3ms auth=55.9s rig_ign=930 fix_base=0
[lowlevel-sim][GT] t=26.501 quat=[0.48641, -0.51401, 0.50162, 0.49756] angvel=[-0.0362, -0.03692, -0.03889] linvel=[-0.00455, -0.00388, 0.00049] z=0.1062
[lowlevel-sim][GT] t=26.551 quat=[0.48649, -0.51396, 0.50162, 0.49754] angvel=[0.02255, -0.03376, 0.00422] linvel=[-0.00177, 0.00196, 0.0006] z=0.1062
[lowlevel-sim][GT] t=26.601 quat=[0.48634, -0.51413, 0.5018, 0.49733] angvel=[-0.04275, -0.02343, -0.00959] linvel=[-0.00172, -0.00666, 0.00119] z=0.1061
[lowlevel-sim][GT] t=26.651 quat=[0.48648, -0.5141, 0.50179, 0.49723] angvel=[0.03166, 0.02308, -0.00054] linvel=[-0.00444, -0.0025, -0.00386] z=0.1061
[lowlevel-sim][GT] t=26.701 quat=[0.48638, -0.51415, 0.5018, 0.49727] angvel=[-0.05335, 0.00152, 0.00925] linvel=[-0.00233, -0.00055, 0.00477] z=0.1061
[lowlevel-sim][GT] t=26.751 quat=[0.48646, -0.51407, 0.50165, 0.49742] angvel=[0.02588, 0.01722, -0.00285] linvel=[-0.00057, 0.00135, -0.00296] z=0.1061
[lowlevel-sim][GT] t=26.801 quat=[0.48628, -0.5142, 0.50168, 0.49745] angvel=[-0.02653, 0.0239, 0.05621] linvel=[0.00052, -0.00295, 0.00177] z=0.1061
[lowlevel-sim][GT] t=26.851 quat=[0.48641, -0.51413, 0.50164, 0.49743] angvel=[-0.00276, 0.04719, 0.00972] linvel=[0.00533, -0.00039, 0.00106] z=0.1061
[lowlevel-sim][GT] t=26.901 quat=[0.48632, -0.5142, 0.50172, 0.49737] angvel=[-0.012, -0.00062, -0.0017] linvel=[0.00044, -0.0036, -0.00121] z=0.1061
[lowlevel-sim][GT] t=26.951 quat=[0.48627, -0.51426, 0.50167, 0.49739] angvel=[0.01725, -0.04589, -0.02812] linvel=[0.00411, -0.00032, -0.00161] z=0.1060
[lowlevel-sim] t=  27.00 mode=cmd        pd=18601 hold=11032 failclosed=108 rtf=0.264 base_z=+0.106 pitch=+1.539 roll=-3.107 |tau|max=  9.78 sat=0/29 knee_L=+0.271 hip_p_L=-0.105 torn=10819 cmd_age=38.8ms auth=57.7s rig_ign=930 fix_base=0
[lowlevel-sim][GT] t=27.001 quat=[0.48636, -0.5142, 0.50165, 0.49739] angvel=[-0.01577, -0.02377, -0.03514] linvel=[-0.00489, -0.004, 0.00143] z=0.1061
[lowlevel-sim][GT] t=27.051 quat=[0.48636, -0.51416, 0.50152, 0.49757] angvel=[0.00242, -0.00793, 0.00649] linvel=[-0.00199, 0.00107, -0.00063] z=0.1061
[lowlevel-sim][GT] t=27.101 quat=[0.48627, -0.51429, 0.50152, 0.49752] angvel=[-0.03228, 0.02533, 0.01606] linvel=[-0.00243, -0.00416, 0.00144] z=0.1061
[lowlevel-sim][GT] t=27.151 quat=[0.48632, -0.51424, 0.50141, 0.49762] angvel=[0.07385, 0.02401, 0.02032] linvel=[0.00078, 0.00317, -0.00512] z=0.1061
[lowlevel-sim][GT] t=27.201 quat=[0.48615, -0.51433, 0.50138, 0.49774] angvel=[-0.04064, 0.00143, 0.01106] linvel=[0.0006, -0.00904, 0.00152] z=0.1061
[lowlevel-sim][GT] t=27.251 quat=[0.48604, -0.51443, 0.50123, 0.49789] angvel=[-0.03174, -0.00014, 0.00133] linvel=[0.00134, -0.00036, 0.00313] z=0.1061
[lowlevel-sim][GT] t=27.301 quat=[0.48586, -0.51454, 0.50121, 0.49798] angvel=[-0.01683, -0.01474, -0.00789] linvel=[0.00365, -0.0024, 0.00043] z=0.1061
[lowlevel-sim][GT] t=27.351 quat=[0.48574, -0.51456, 0.50104, 0.49824] angvel=[0.03604, -0.10198, -0.01763] linvel=[-0.00285, 0.0017, -0.00283] z=0.1061
[lowlevel-sim][GT] t=27.401 quat=[0.48556, -0.5147, 0.50097, 0.49834] angvel=[-0.03646, 0.01133, 0.01844] linvel=[-0.00149, -0.0021, 0.00381] z=0.1061
[lowlevel-sim][GT] t=27.451 quat=[0.48544, -0.51476, 0.50085, 0.49851] angvel=[0.03753, -0.02394, 0.00048] linvel=[0.00029, 0.0029, -0.0016] z=0.1061
[lowlevel-sim] t=  27.50 mode=cmd        pd=18851 hold=11032 failclosed=108 rtf=0.264 base_z=+0.106 pitch=+1.539 roll=-3.130 |tau|max=  9.65 sat=0/29 knee_L=+0.271 hip_p_L=-0.105 torn=10848 cmd_age=24.5ms auth=59.4s rig_ign=930 fix_base=0
[lowlevel-sim][GT] t=27.501 quat=[0.4853, -0.51488, 0.5009, 0.49848] angvel=[-0.01626, -0.00374, -0.02089] linvel=[-0.001, -0.003, 0.0025] z=0.1060
[lowlevel-sim][GT] t=27.551 quat=[0.48537, -0.51488, 0.50081, 0.4985] angvel=[0.02865, -0.00887, 0.00361] linvel=[-0.00014, 0.00142, -0.00342] z=0.1060
[lowlevel-sim][GT] t=27.601 quat=[0.48537, -0.51505, 0.50081, 0.49833] angvel=[-0.03605, -0.0299, -0.03276] linvel=[-0.00644, -0.00725, 0.00098] z=0.1060
[lowlevel-sim][GT] t=27.651 quat=[0.48556, -0.51502, 0.50081, 0.49818] angvel=[0.04595, -0.02373, -0.0095] linvel=[-0.00376, 0.00201, -0.00384] z=0.1060
[lowlevel-sim][GT] t=27.701 quat=[0.48551, -0.51504, 0.50091, 0.4981] angvel=[-0.02684, 0.0171, 0.01048] linvel=[0.00588, -0.0062, 0.00055] z=0.1060
[lowlevel-sim][GT] t=27.751 quat=[0.48569, -0.51494, 0.50093, 0.49801] angvel=[0.01493, 0.07225, 0.01357] linvel=[0.00261, 0.00083, -0.00069] z=0.1059
[lowlevel-sim][GT] t=27.801 quat=[0.4858, -0.51497, 0.5009, 0.4979] angvel=[-0.05929, -0.00713, 0.00215] linvel=[0.00035, -0.00632, 0.00164] z=0.1060
[lowlevel-sim][GT] t=27.851 quat=[0.48579, -0.51495, 0.50086, 0.49796] angvel=[0.01758, -0.06386, -0.02887] linvel=[-0.0055, -0.00049, -8e-05] z=0.1059
[lowlevel-sim][GT] t=27.901 quat=[0.48577, -0.51501, 0.50091, 0.49788] angvel=[-0.03472, -0.0248, -0.00417] linvel=[0.00236, -0.00172, 0.002] z=0.1059
[lowlevel-sim][GT] t=27.951 quat=[0.48581, -0.51496, 0.50085, 0.49795] angvel=[0.02335, 0.01077, -0.0072] linvel=[0.00353, -0.00135, -0.00308] z=0.1059
[lowlevel-sim] t=  28.00 mode=cmd        pd=19101 hold=11032 failclosed=108 rtf=0.266 base_z=+0.106 pitch=+1.538 roll=-3.100 |tau|max=  9.82 sat=0/29 knee_L=+0.269 hip_p_L=-0.104 torn=10864 cmd_age=16.8ms auth=60.7s rig_ign=930 fix_base=0
[lowlevel-sim][GT] t=28.001 quat=[0.48571, -0.51495, 0.50104, 0.49786] angvel=[-0.03464, -0.00072, -0.01657] linvel=[0.00047, -0.00566, -0.00063] z=0.1059
[lowlevel-sim][GT] t=28.051 quat=[0.48577, -0.51485, 0.50098, 0.49797] angvel=[-0.0046, -0.00196, 0.00844] linvel=[-0.00139, 3e-05, 0.00242] z=0.1059
[lowlevel-sim][GT] t=28.101 quat=[0.48576, -0.51488, 0.50103, 0.49791] angvel=[-0.04641, -0.01276, -0.01198] linvel=[-0.00382, -0.00156, 0.00441] z=0.1059
[lowlevel-sim][GT] t=28.151 quat=[0.48595, -0.51477, 0.50104, 0.49782] angvel=[0.06393, -0.02144, -0.00225] linvel=[-0.00386, 0.00418, -0.0018] z=0.1059
[lowlevel-sim][GT] t=28.201 quat=[0.48616, -0.51477, 0.50109, 0.49756] angvel=[-0.0373, 0.03723, 0.04086] linvel=[-0.00091, -0.00425, 0.00328] z=0.1059
[lowlevel-sim][GT] t=28.251 quat=[0.48631, -0.51471, 0.50101, 0.49755] angvel=[0.02225, -0.0148, -0.00696] linvel=[-0.00204, 0.00117, -0.00431] z=0.1060
[lowlevel-sim][GT] t=28.301 quat=[0.48623, -0.51487, 0.50108, 0.4974] angvel=[-0.05276, 0.02462, 0.01286] linvel=[-0.00171, -0.00485, 0.00276] z=0.1059
[lowlevel-sim][GT] t=28.351 quat=[0.48619, -0.51475, 0.50094, 0.49769] angvel=[0.06534, -0.02265, 0.00866] linvel=[0.0008, 0.00274, -0.00277] z=0.1060
[lowlevel-sim][GT] t=28.401 quat=[0.48612, -0.51482, 0.501, 0.49764] angvel=[-0.01212, -0.01509, -0.01668] linvel=[-0.00196, -0.00555, 0.00049] z=0.1060
[lowlevel-sim][GT] t=28.451 quat=[0.48598, -0.51479, 0.50093, 0.49788] angvel=[0.06815, 0.00812, 0.0097] linvel=[0.00024, 0.00264, -0.00609] z=0.1060
[lowlevel-sim] t=  28.50 mode=cmd        pd=19351 hold=11032 failclosed=108 rtf=0.266 base_z=+0.106 pitch=+1.539 roll=-3.099 |tau|max=  9.71 sat=0/29 knee_L=+0.269 hip_p_L=-0.104 torn=10890 cmd_age=18.8ms auth=62.3s rig_ign=930 fix_base=0
[lowlevel-sim][GT] t=28.501 quat=[0.48581, -0.51485, 0.50087, 0.49804] angvel=[-0.02802, 0.04738, 0.0152] linvel=[0.00148, -0.00186, 0.00303] z=0.1060
[lowlevel-sim][GT] t=28.551 quat=[0.48577, -0.51472, 0.50074, 0.49834] angvel=[0.03013, 0.03985, 0.02819] linvel=[0.00181, 0.00228, 0.00053] z=0.1061
[lowlevel-sim][GT] t=28.601 quat=[0.48553, -0.51478, 0.50078, 0.49848] angvel=[-0.03191, -0.03604, -0.00787] linvel=[0.00169, -0.00275, 0.00606] z=0.1061
[lowlevel-sim][GT] t=28.651 quat=[0.48549, -0.51482, 0.50069, 0.49857] angvel=[0.02019, 0.03123, 0.01978] linvel=[-0.00055, 0.00189, -0.00085] z=0.1061
[lowlevel-sim][GT] t=28.701 quat=[0.48545, -0.51495, 0.50079, 0.49837] angvel=[-0.03877, -0.01496, 0.00491] linvel=[-0.00271, -0.0021, 0.003] z=0.1060
[lowlevel-sim][GT] t=28.751 quat=[0.48553, -0.51495, 0.50074, 0.49834] angvel=[0.04215, -0.06806, -0.025] linvel=[-0.00027, 0.00222, -0.0028] z=0.1060
[lowlevel-sim][GT] t=28.801 quat=[0.48554, -0.51506, 0.50084, 0.49812] angvel=[-0.03002, -0.03439, 0.00154] linvel=[0.0037, -0.00299, 0.00373] z=0.1060
[lowlevel-sim][GT] t=28.851 quat=[0.48567, -0.51499, 0.50075, 0.49816] angvel=[0.01771, -0.08352, -0.02216] linvel=[-0.00495, 0.00165, 0.00092] z=0.1059
[lowlevel-sim][GT] t=28.901 quat=[0.48563, -0.5151, 0.50074, 0.4981] angvel=[-0.02077, 0.00138, 0.00549] linvel=[0.0009, -0.00344, 0.00251] z=0.1059
[lowlevel-sim][GT] t=28.951 quat=[0.48555, -0.51507, 0.50074, 0.49821] angvel=[-0.01797, 0.0508, 0.02171] linvel=[0.00076, -0.00146, 0.00258] z=0.1059
[lowlevel-sim] t=  29.00 mode=cmd        pd=19601 hold=11032 failclosed=108 rtf=0.267 base_z=+0.106 pitch=+1.538 roll=-3.100 |tau|max= 10.32 sat=0/29 knee_L=+0.268 hip_p_L=-0.104 torn=10919 cmd_age=24.1ms auth=63.9s rig_ign=930 fix_base=0
[lowlevel-sim][GT] t=29.001 quat=[0.48545, -0.5152, 0.50077, 0.49813] angvel=[-0.01311, 0.05615, 0.06121] linvel=[0.00352, -0.00338, 0.00151] z=0.1059
[lowlevel-sim][GT] t=29.051 quat=[0.48551, -0.51515, 0.50056, 0.49833] angvel=[0.02364, -0.02292, 0.01316] linvel=[0.0004, 0.00124, -0.00235] z=0.1059
[lowlevel-sim][GT] t=29.101 quat=[0.48524, -0.51528, 0.50064, 0.49838] angvel=[-0.03436, 0.02732, 0.01643] linvel=[0.00462, -0.00553, -0.00042] z=0.1059
[lowlevel-sim][GT] t=29.151 quat=[0.48539, -0.51525, 0.50054, 0.49837] angvel=[-0.0283, -0.03673, -0.01373] linvel=[-0.00051, 0.00195, 0.00385] z=0.1059
[lowlevel-sim][GT] t=29.201 quat=[0.48523, -0.51536, 0.50062, 0.49834] angvel=[-0.03641, 0.03053, 0.0472] linvel=[0.00461, -0.00345, 0.00187] z=0.1059
[lowlevel-sim][GT] t=29.251 quat=[0.48525, -0.51539, 0.50059, 0.49831] angvel=[0.07013, 0.03251, 0.00651] linvel=[0.00016, 0.00238, -0.00662] z=0.1058
[lowlevel-sim][GT] t=29.301 quat=[0.48511, -0.51543, 0.50053, 0.49846] angvel=[-0.02717, 0.02629, 0.05272] linvel=[0.00565, -0.00199, 0.00271] z=0.1059
[lowlevel-sim][GT] t=29.351 quat=[0.48514, -0.51538, 0.50033, 0.49869] angvel=[-0.00089, 0.11756, 0.02637] linvel=[0.00553, 0.00205, 0.00097] z=0.1059
[lowlevel-sim][GT] t=29.401 quat=[0.4849, -0.51552, 0.50031, 0.4988] angvel=[-0.01257, 0.00625, 0.01006] linvel=[0.00106, -0.00348, 0.00047] z=0.1059
[lowlevel-sim][GT] t=29.451 quat=[0.48483, -0.51555, 0.50018, 0.49897] angvel=[0.07681, -0.00588, 0.00788] linvel=[-0.00037, 0.00291, -0.00563] z=0.1059
[lowlevel-sim] t=  29.50 mode=cmd        pd=19851 hold=11032 failclosed=108 rtf=0.268 base_z=+0.106 pitch=+1.538 roll=-3.128 |tau|max=  9.31 sat=0/29 knee_L=+0.270 hip_p_L=-0.104 torn=10935 cmd_age=46.2ms auth=65.5s rig_ign=930 fix_base=0
[lowlevel-sim][GT] t=29.501 quat=[0.48453, -0.5157, 0.50027, 0.49902] angvel=[-0.02583, -0.00627, 0.00714] linvel=[-0.00107, -0.00265, 0.00299] z=0.1059
[lowlevel-sim][GT] t=29.551 quat=[0.48462, -0.51567, 0.50021, 0.49902] angvel=[0.02369, 0.0282, 0.00838] linvel=[-0.00194, 0.00339, -0.00015] z=0.1058
[lowlevel-sim][GT] t=29.601 quat=[0.48466, -0.51576, 0.50026, 0.49883] angvel=[-0.01337, -0.0077, 0.00149] linvel=[-5e-05, -0.00245, 0.00269] z=0.1058
[lowlevel-sim][GT] t=29.651 quat=[0.48487, -0.51573, 0.50015, 0.49878] angvel=[0.02882, 0.02032, -0.00241] linvel=[0.00372, 0.00222, -0.00215] z=0.1058
[lowlevel-sim][GT] t=29.701 quat=[0.48488, -0.51573, 0.50029, 0.49862] angvel=[-0.01619, -0.00427, -0.02821] linvel=[0.00209, -0.00323, 0.00164] z=0.1058
[lowlevel-sim][GT] t=29.751 quat=[0.48498, -0.51566, 0.50029, 0.49859] angvel=[0.01121, -0.10606, -0.03957] linvel=[-0.00463, 0.00108, -0.00065] z=0.1058
[lowlevel-sim][GT] t=29.801 quat=[0.48486, -0.51573, 0.50038, 0.49855] angvel=[-0.03386, 0.01825, 0.03277] linvel=[0.00216, -0.00405, 0.00179] z=0.1058
[lowlevel-sim][GT] t=29.851 quat=[0.48513, -0.51568, 0.50028, 0.49844] angvel=[0.06052, 0.02908, 0.01987] linvel=[-0.00029, 0.00213, -0.00555] z=0.1058
[lowlevel-sim][GT] t=29.901 quat=[0.48503, -0.51572, 0.50028, 0.4985] angvel=[-0.01875, 0.01021, 0.0094] linvel=[0.00134, -0.00121, 0.00266] z=0.1058
[lowlevel-sim][GT] t=29.951 quat=[0.48488, -0.51576, 0.50005, 0.49883] angvel=[0.01043, 0.03595, 0.01917] linvel=[0.00071, 0.00094, -0.00035] z=0.1058
[lowlevel-sim] t=  30.00 mode=cmd        pd=20101 hold=11032 failclosed=108 rtf=0.268 base_z=+0.106 pitch=+1.538 roll=-3.105 |tau|max=  9.39 sat=0/29 knee_L=+0.269 hip_p_L=-0.104 torn=10953 cmd_age=37.0ms auth=67.2s rig_ign=930 fix_base=0
[lowlevel-sim][GT] t=30.001 quat=[0.48472, -0.51589, 0.50002, 0.49888] angvel=[-0.02332, -0.04163, -0.01032] linvel=[0.0005, -0.00194, 0.00266] z=0.1058
[lowlevel-sim][GT] t=30.051 quat=[0.48466, -0.5159, 0.49994, 0.49901] angvel=[0.02753, 0.00042, 0.00097] linvel=[0.0027, 0.00332, -0.00224] z=0.1059
[lowlevel-sim][GT] t=30.101 quat=[0.48462, -0.51597, 0.49995, 0.49896] angvel=[-0.03395, -0.04745, -0.04939] linvel=[-0.00366, -0.0041, 0.00431] z=0.1059
[lowlevel-sim][GT] t=30.151 quat=[0.48457, -0.51595, 0.49982, 0.49917] angvel=[0.0452, -0.00518, 0.02969] linvel=[0.00363, 0.00189, -0.00478] z=0.1059
[lowlevel-sim][GT] t=30.201 quat=[0.48448, -0.51595, 0.49982, 0.49925] angvel=[-0.04485, -0.00046, 0.02499] linvel=[0.00192, -0.00513, 0.00284] z=0.1059
[lowlevel-sim][GT] t=30.251 quat=[0.48448, -0.51595, 0.49969, 0.49938] angvel=[0.04002, -0.00223, 0.00643] linvel=[0.0013, 0.00213, -0.00454] z=0.1059
[lowlevel-sim][GT] t=30.301 quat=[0.48437, -0.51609, 0.4997, 0.49934] angvel=[-0.03918, -0.01303, 0.00014] linvel=[0.00221, -0.00964, 0.00065] z=0.1059
[lowlevel-sim][GT] t=30.351 quat=[0.48429, -0.5161, 0.49976, 0.49934] angvel=[0.02699, -0.07631, -0.00845] linvel=[-0.00749, -0.00213, -0.00235] z=0.1058
[lowlevel-sim][GT] t=30.401 quat=[0.48412, -0.51621, 0.49977, 0.49938] angvel=[-0.05673, 0.02964, 0.01468] linvel=[-0.00343, -0.00369, 0.00278] z=0.1058
[lowlevel-sim] FAIL-CLOSED engaged at t=30.401s, last command age 87.34 ms (deadline <= 100 ms) PASS
[lowlevel-sim] COMMANDED at t=30.406s (was fail-closed)
[lowlevel-sim] FAIL-CLOSED engaged at t=30.428s, last command age 86.03 ms (deadline <= 100 ms) PASS
[lowlevel-sim] COMMANDED at t=30.432s (was fail-closed)
[lowlevel-sim][GT] t=30.451 quat=[0.48343, -0.51719, 0.50054, 0.49826] angvel=[0.01442, 0.04077, 0.00593] linvel=[0.0057, 0.0021, 0.00073] z=0.1052
[lowlevel-sim] FAIL-CLOSED engaged at t=30.464s, last command age 86.42 ms (deadline <= 100 ms) PASS
[lowlevel-sim] COMMANDED at t=30.468s (was fail-closed)
[lowlevel-sim] t=  30.50 mode=cmd        pd=20356 hold=11032 failclosed=119 rtf=0.268 base_z=+0.105 pitch=+1.534 roll=-3.102 |tau|max= 35.00 sat=2/29 knee_L=+0.266 hip_p_L=-0.106 torn=10974 cmd_age=49.1ms auth=69.0s rig_ign=930 fix_base=0 sat_j=left_ankle_roll_joint:+35.0,right_ankle_roll_joint:-35.0
[lowlevel-sim][GT] t=30.501 quat=[0.48331, -0.51743, 0.50055, 0.49812] angvel=[0.04486, -0.03402, 0.00491] linvel=[0.00257, 0.00258, -0.00252] z=0.1051
[lowlevel-sim][GT] t=30.551 quat=[0.48344, -0.51722, 0.50035, 0.49842] angvel=[-0.02557, 0.02557, 0.01982] linvel=[0.00402, -0.00662, 0.00177] z=0.1052
[lowlevel-sim][GT] t=30.601 quat=[0.48367, -0.51699, 0.50007, 0.49871] angvel=[0.05629, -0.00589, 0.022] linvel=[0.00134, 0.00349, -0.0029] z=0.1053
[lowlevel-sim][GT] t=30.651 quat=[0.48347, -0.517, 0.49993, 0.49904] angvel=[-0.02336, -0.02954, -0.02345] linvel=[-0.00035, -0.00568, 0.00212] z=0.1054
[lowlevel-sim][GT] t=30.701 quat=[0.48336, -0.51693, 0.49974, 0.4994] angvel=[0.04027, 0.00139, 0.00617] linvel=[0.00536, -0.00029, -0.00404] z=0.1055
[lowlevel-sim][GT] t=30.751 quat=[0.4833, -0.51702, 0.49964, 0.49948] angvel=[-0.02783, 0.01732, -9e-05] linvel=[0.00187, -0.00257, 0.00442] z=0.1055
[lowlevel-sim][GT] t=30.801 quat=[0.48327, -0.51699, 0.49941, 0.49976] angvel=[0.02791, 0.03033, 0.01317] linvel=[0.00277, 0.00092, -0.00336] z=0.1056
[lowlevel-sim][GT] t=30.851 quat=[0.48308, -0.51708, 0.49946, 0.49979] angvel=[-0.04033, 0.00671, 0.00744] linvel=[-3e-05, -0.0011, 0.00332] z=0.1056
[lowlevel-sim][GT] t=30.901 quat=[0.48318, -0.51706, 0.49924, 0.49995] angvel=[0.02732, 0.09304, 0.03069] linvel=[0.00725, 0.00367, -0.00064] z=0.1057
[lowlevel-sim][GT] t=30.951 quat=[0.48308, -0.51717, 0.49918, 0.5] angvel=[-0.05692, 0.00317, 0.00996] linvel=[0.00345, -0.00605, 0.00445] z=0.1057
[lowlevel-sim] t=  31.00 mode=cmd        pd=20606 hold=11032 failclosed=119 rtf=0.268 base_z=+0.106 pitch=+1.538 roll=-3.126 |tau|max= 35.00 sat=2/29 knee_L=+0.268 hip_p_L=-0.104 torn=10990 cmd_age=54.1ms auth=70.9s rig_ign=930 fix_base=0 sat_j=left_ankle_roll_joint:+35.0,right_ankle_roll_joint:-35.0
[lowlevel-sim][GT] t=31.001 quat=[0.48311, -0.51714, 0.49908, 0.50008] angvel=[0.02415, 0.02479, 0.00609] linvel=[0.00048, 0.00128, -0.00333] z=0.1057
[lowlevel-sim][GT] t=31.051 quat=[0.48296, -0.51725, 0.49905, 0.50015] angvel=[-0.04169, -0.00124, 0.01849] linvel=[0.00423, -0.00724, 0.00074] z=0.1057
[lowlevel-sim][GT] t=31.101 quat=[0.483, -0.51732, 0.49889, 0.5002] angvel=[0.03567, -0.02628, 0.00511] linvel=[0.00363, -0.0026, -0.00368] z=0.1057
[lowlevel-sim][GT] t=31.151 quat=[0.48285, -0.51737, 0.49895, 0.50023] angvel=[-0.01819, -0.03723, -0.03426] linvel=[-0.00332, -0.00553, 0.00069] z=0.1057
[lowlevel-sim][GT] t=31.201 quat=[0.48303, -0.51729, 0.49882, 0.50027] angvel=[-0.04479, 0.01519, 0.00473] linvel=[-0.00158, -0.00356, 0.00436] z=0.1057
[lowlevel-sim][GT] t=31.251 quat=[0.48301, -0.51743, 0.49886, 0.5001] angvel=[-0.05696, 0.00787, 0.00776] linvel=[-0.00104, -0.00287, 0.00342] z=0.1057
[lowlevel-sim][GT] t=31.301 quat=[0.48304, -0.51737, 0.4987, 0.50029] angvel=[0.06492, -0.00046, 0.00589] linvel=[0.00022, 0.00305, -0.002] z=0.1057
[lowlevel-sim][GT] t=31.351 quat=[0.48312, -0.51739, 0.49872, 0.50018] angvel=[-0.00671, -0.01307, -0.01553] linvel=[-0.00168, -0.00481, 0.00269] z=0.1057
[lowlevel-sim][GT] t=31.401 quat=[0.48331, -0.51734, 0.49865, 0.50012] angvel=[0.02488, -0.00536, 0.00401] linvel=[0.00126, 0.00233, -0.00025] z=0.1057
[lowlevel-sim][GT] t=31.451 quat=[0.48322, -0.5174, 0.4987, 0.50009] angvel=[-0.05468, -0.02801, -0.04032] linvel=[-0.00051, -0.00657, 0.00143] z=0.1057
[lowlevel-sim] t=  31.50 mode=cmd        pd=20856 hold=11032 failclosed=119 rtf=0.268 base_z=+0.106 pitch=+1.538 roll=-3.103 |tau|max= 35.00 sat=2/29 knee_L=+0.267 hip_p_L=-0.104 torn=11005 cmd_age=30.4ms auth=72.8s rig_ign=930 fix_base=0 sat_j=left_ankle_roll_joint:+35.0,right_ankle_roll_joint:-35.0
[lowlevel-sim][GT] t=31.501 quat=[0.4832, -0.5174, 0.49868, 0.50013] angvel=[-0.05459, 0.01441, 0.01132] linvel=[0.00248, -0.00259, 0.00448] z=0.1057
[lowlevel-sim][GT] t=31.551 quat=[0.48305, -0.51745, 0.49874, 0.50017] angvel=[-0.02921, 0.00012, 0.01514] linvel=[0.00104, -0.00317, 0.0002] z=0.1057
[lowlevel-sim][GT] t=31.601 quat=[0.48311, -0.51737, 0.49871, 0.50022] angvel=[0.01912, 0.04212, 0.01274] linvel=[0.00219, 0.00134, -0.00308] z=0.1057
[lowlevel-sim][GT] t=31.651 quat=[0.48295, -0.51752, 0.49872, 0.5002] angvel=[-0.02342, 0.03445, 0.05377] linvel=[0.00489, -0.00388, 0.00221] z=0.1057
[lowlevel-sim][GT] t=31.701 quat=[0.48293, -0.51751, 0.49855, 0.50041] angvel=[0.07007, 0.01475, 0.02551] linvel=[0.00175, 0.00306, -0.00514] z=0.1057
[lowlevel-sim][GT] t=31.751 quat=[0.48272, -0.51757, 0.49855, 0.50054] angvel=[-0.04281, 0.00828, 0.02155] linvel=[0.00126, -0.00276, 0.00508] z=0.1058
[lowlevel-sim][GT] t=31.801 quat=[0.48286, -0.51743, 0.49849, 0.50062] angvel=[0.03968, 0.00716, -0.01864] linvel=[-0.00096, 0.00215, -0.00433] z=0.1058
[lowlevel-sim][GT] t=31.851 quat=[0.48287, -0.51751, 0.49851, 0.50051] angvel=[-0.02733, -0.04386, -0.02549] linvel=[0.00023, -0.00326, 0.00278] z=0.1058
[lowlevel-sim][GT] t=31.901 quat=[0.48315, -0.51738, 0.49845, 0.50043] angvel=[0.06288, -0.04048, -0.02463] linvel=[0.00211, 0.00309, -0.0027] z=0.1058
[lowlevel-sim][GT] t=31.951 quat=[0.48314, -0.51738, 0.49854, 0.50035] angvel=[-0.01337, 0.00148, 0.00217] linvel=[0.00285, -0.00343, -0.00103] z=0.1058
[lowlevel-sim] t=  32.00 mode=cmd        pd=21106 hold=11032 failclosed=119 rtf=0.268 base_z=+0.106 pitch=+1.538 roll=-3.111 |tau|max= 35.00 sat=2/29 knee_L=+0.268 hip_p_L=-0.104 torn=11032 cmd_age=37.3ms auth=74.7s rig_ign=930 fix_base=0 sat_j=left_ankle_roll_joint:+35.0,right_ankle_roll_joint:-35.0
[lowlevel-sim][GT] t=32.001 quat=[0.48315, -0.51734, 0.49853, 0.5004] angvel=[0.0319, 0.10788, 0.02807] linvel=[0.00474, 0.00274, -0.00147] z=0.1058
[lowlevel-sim][GT] t=32.051 quat=[0.48313, -0.51745, 0.49861, 0.50022] angvel=[-0.02881, 0.00843, 0.01851] linvel=[0.00171, -0.00119, 0.00253] z=0.1058
[lowlevel-sim][GT] t=32.101 quat=[0.48322, -0.5173, 0.49853, 0.50038] angvel=[0.07403, 0.00675, 0.00418] linvel=[0.00058, 0.00342, -0.00447] z=0.1058
[lowlevel-sim][GT] t=32.151 quat=[0.48297, -0.5174, 0.49852, 0.50052] angvel=[-0.05382, 0.00871, 0.02353] linvel=[0.00271, -0.00521, 0.00327] z=0.1059
[lowlevel-sim][GT] t=32.201 quat=[0.48305, -0.51739, 0.49846, 0.50051] angvel=[0.09586, 0.00026, -0.0047] linvel=[0.00075, 0.00358, -0.00366] z=0.1058
[lowlevel-sim][GT] t=32.251 quat=[0.4829, -0.51758, 0.49845, 0.50046] angvel=[-0.04305, -0.01663, -0.00258] linvel=[0.00428, -0.00211, 0.00539] z=0.1058
[lowlevel-sim][GT] t=32.301 quat=[0.48306, -0.51748, 0.49837, 0.5005] angvel=[0.01442, 0.0254, 0.02346] linvel=[0.00468, 0.00065, -0.00071] z=0.1058
[lowlevel-sim][GT] t=32.351 quat=[0.48283, -0.51761, 0.49836, 0.5006] angvel=[-0.03481, -0.02722, -0.01036] linvel=[0.00366, -0.00386, 0.00213] z=0.1058
[lowlevel-sim][GT] t=32.401 quat=[0.48287, -0.51767, 0.49824, 0.50061] angvel=[-0.00779, -0.05262, -0.004] linvel=[-0.00017, -0.00382, 0.00192] z=0.1058
[lowlevel-sim][GT] t=32.451 quat=[0.48267, -0.51768, 0.49824, 0.50079] angvel=[-0.02772, 0.02291, 0.01204] linvel=[0.00164, -0.0035, 0.00381] z=0.1059
[lowlevel-sim] t=  32.50 mode=cmd        pd=21356 hold=11032 failclosed=119 rtf=0.268 base_z=+0.106 pitch=+1.539 roll=-3.127 |tau|max= 35.00 sat=2/29 knee_L=+0.269 hip_p_L=-0.104 torn=11054 cmd_age=33.0ms auth=76.4s rig_ign=930 fix_base=0 sat_j=left_ankle_roll_joint:+35.0,right_ankle_roll_joint:-35.0
[lowlevel-sim][GT] t=32.501 quat=[0.48263, -0.51761, 0.49805, 0.50109] angvel=[0.02526, 0.00017, 0.00361] linvel=[0.00299, 0.00067, -0.00138] z=0.1060
[lowlevel-sim][GT] t=32.551 quat=[0.4825, -0.51778, 0.49808, 0.50101] angvel=[-0.04617, -0.02465, -0.03143] linvel=[-0.00054, -0.00781, 0.0019] z=0.1059
[lowlevel-sim][GT] t=32.601 quat=[0.48255, -0.51772, 0.49801, 0.50109] angvel=[0.05616, 0.02868, 0.01508] linvel=[0.00051, 0.0004, -0.0069] z=0.1059
[lowlevel-sim][GT] t=32.651 quat=[0.48241, -0.51777, 0.49809, 0.5011] angvel=[-0.02635, 0.04135, 0.05145] linvel=[0.00437, -0.00285, 0.00206] z=0.1059
[lowlevel-sim][GT] t=32.701 quat=[0.48247, -0.51768, 0.49797, 0.50125] angvel=[0.02916, 0.00693, 0.00471] linvel=[0.00269, 0.00144, -0.00317] z=0.1060
[lowlevel-sim][GT] t=32.751 quat=[0.48235, -0.51783, 0.49803, 0.50116] angvel=[-0.02721, -0.01375, 0.0051] linvel=[0.0025, 0.00031, 0.00573] z=0.1059
[lowlevel-sim][GT] t=32.801 quat=[0.48246, -0.51779, 0.49791, 0.50121] angvel=[0.02964, -0.00274, 0.0025] linvel=[0.00166, 0.00216, -0.00309] z=0.1059
[lowlevel-sim][GT] t=32.851 quat=[0.48244, -0.51789, 0.49791, 0.50113] angvel=[-0.03958, -0.00452, -0.0348] linvel=[-0.00615, -0.00535, 0.00207] z=0.1060
[lowlevel-sim][GT] t=32.901 quat=[0.48262, -0.51778, 0.49784, 0.50114] angvel=[0.00324, 0.03068, -0.0064] linvel=[-0.00377, -0.00239, -0.00227] z=0.1060
[lowlevel-sim][GT] t=32.951 quat=[0.48252, -0.51792, 0.49788, 0.50104] angvel=[-0.05059, 0.04148, 0.04483] linvel=[0.00245, -0.00578, 0.00085] z=0.1060
[lowlevel-sim] t=  33.00 mode=cmd        pd=21606 hold=11032 failclosed=119 rtf=0.269 base_z=+0.106 pitch=+1.539 roll=-3.108 |tau|max= 35.00 sat=2/29 knee_L=+0.269 hip_p_L=-0.104 torn=11072 cmd_age=44.4ms auth=78.0s rig_ign=930 fix_base=0 sat_j=left_ankle_roll_joint:+35.0,right_ankle_roll_joint:-35.0
[lowlevel-sim][GT] t=33.001 quat=[0.48263, -0.51789, 0.49776, 0.50109] angvel=[0.01487, 0.12145, 0.03437] linvel=[0.00344, -0.00028, -0.00298] z=0.1060
[lowlevel-sim][GT] t=33.051 quat=[0.48251, -0.51801, 0.49787, 0.50097] angvel=[0.00012, 0.03587, 0.05114] linvel=[0.00329, -0.0034, 0.00155] z=0.1059
[lowlevel-sim][GT] t=33.101 quat=[0.48268, -0.51791, 0.49782, 0.50096] angvel=[0.05986, 0.01663, 0.00773] linvel=[-0.00268, 0.00255, -0.00511] z=0.1059
[lowlevel-sim][GT] t=33.151 quat=[0.48272, -0.51786, 0.49787, 0.50093] angvel=[-0.02966, 0.00088, -0.00303] linvel=[0.00018, -0.00411, 0.00247] z=0.1059
[lowlevel-sim][GT] t=33.201 quat=[0.48276, -0.51787, 0.49783, 0.50092] angvel=[0.02298, 0.01499, -0.01384] linvel=[-0.00136, 0.00214, -0.00204] z=0.1059
[lowlevel-sim][GT] t=33.251 quat=[0.48279, -0.51794, 0.49787, 0.50078] angvel=[-0.03457, -0.04825, -0.02595] linvel=[-0.00143, -0.00579, 1e-05] z=0.1059
[lowlevel-sim][GT] t=33.301 quat=[0.48275, -0.51787, 0.49783, 0.50093] angvel=[0.07792, 0.02143, -0.00562] linvel=[0.0002, 0.00315, -0.00568] z=0.1059
[lowlevel-sim][GT] t=33.351 quat=[0.48266, -0.51788, 0.49786, 0.50098] angvel=[-0.04374, 0.0079, 0.01676] linvel=[0.00242, -0.002, 0.00516] z=0.1059
[lowlevel-sim][GT] t=33.401 quat=[0.48274, -0.51785, 0.49776, 0.50103] angvel=[0.01205, 0.02188, 0.01256] linvel=[0.00221, -0.00114, -0.00109] z=0.1060
[lowlevel-sim][GT] t=33.451 quat=[0.48252, -0.51801, 0.4978, 0.50104] angvel=[-0.05452, -0.01916, -0.01928] linvel=[-0.00223, -0.00916, 0.00374] z=0.1059
[lowlevel-sim] t=  33.50 mode=cmd        pd=21856 hold=11032 failclosed=119 rtf=0.270 base_z=+0.106 pitch=+1.539 roll=-3.104 |tau|max= 35.00 sat=2/29 knee_L=+0.268 hip_p_L=-0.104 torn=11091 cmd_age=23.2ms auth=79.5s rig_ign=930 fix_base=0 sat_j=left_ankle_roll_joint:+35.0,right_ankle_roll_joint:-35.0
[lowlevel-sim][GT] t=33.501 quat=[0.48265, -0.51794, 0.49765, 0.50114] angvel=[-0.00533, -0.03912, -0.02439] linvel=[-0.00036, -0.00214, 0.00254] z=0.1060
[lowlevel-sim][GT] t=33.551 quat=[0.48243, -0.51804, 0.49776, 0.50113] angvel=[-0.04816, 0.02158, 0.03714] linvel=[0.00361, -0.00613, 0.00241] z=0.1059
[lowlevel-sim][GT] t=33.601 quat=[0.48232, -0.51807, 0.4976, 0.50136] angvel=[0.04765, 0.06544, 0.03306] linvel=[0.00958, 0.00292, -0.00213] z=0.1059
[lowlevel-sim][GT] t=33.651 quat=[0.48211, -0.51815, 0.49763, 0.50145] angvel=[-0.02243, -0.02088, -0.03994] linvel=[0.00043, -0.0058, 0.00026] z=0.1060
[lowlevel-sim] FAIL-CLOSED engaged at t=33.680s, last command age 93.73 ms (deadline <= 100 ms) PASS
[lowlevel-sim] COMMANDED at t=33.682s (was fail-closed)
[lowlevel-sim][GT] t=33.701 quat=[0.4818, -0.51834, 0.49783, 0.50136] angvel=[-0.01644, 0.01355, 0.00049] linvel=[0.00108, -0.00234, 0.00331] z=0.1058
[lowlevel-sim][GT] t=33.751 quat=[0.48182, -0.51822, 0.4977, 0.50159] angvel=[0.07112, 0.01044, 0.00645] linvel=[-0.0002, 0.00289, -0.00443] z=0.1059
[lowlevel-sim][GT] t=33.801 quat=[0.48193, -0.51817, 0.49767, 0.50156] angvel=[-0.02886, -0.00853, 0.01122] linvel=[0.00368, -0.00519, -0.00045] z=0.1059
[lowlevel-sim][GT] t=33.851 quat=[0.48207, -0.51803, 0.49774, 0.50151] angvel=[-0.03766, 0.00327, -0.0161] linvel=[-0.00058, -0.00203, 0.00274] z=0.1059
[lowlevel-sim][GT] t=33.901 quat=[0.48209, -0.51804, 0.49793, 0.5013] angvel=[-0.03125, -0.04966, -0.05701] linvel=[-0.00419, -0.00463, 0.00041] z=0.1059
[lowlevel-sim][GT] t=33.951 quat=[0.48231, -0.51791, 0.49795, 0.5012] angvel=[0.03594, 0.02739, 0.00357] linvel=[-0.0044, 0.00093, -0.00378] z=0.1059
[lowlevel-sim] t=  34.00 mode=cmd        pd=22107 hold=11032 failclosed=121 rtf=0.270 base_z=+0.106 pitch=+1.538 roll=-3.125 |tau|max=  8.20 sat=0/29 knee_L=+0.270 hip_p_L=-0.105 torn=11113 cmd_age=19.9ms auth=81.1s rig_ign=930 fix_base=0
[lowlevel-sim][GT] t=34.001 quat=[0.4824, -0.51786, 0.49802, 0.50108] angvel=[-0.00471, -0.00663, 0.00166] linvel=[-0.00421, -0.00347, -0.0008] z=0.1059
[lowlevel-sim][GT] t=34.051 quat=[0.48264, -0.51778, 0.49791, 0.50104] angvel=[0.01561, 0.06444, 0.00698] linvel=[-0.00113, 0.00332, -0.00078] z=0.1059
[lowlevel-sim][GT] t=34.101 quat=[0.48269, -0.5179, 0.49797, 0.50082] angvel=[-0.03991, 0.02201, 0.03862] linvel=[-0.0022, -0.00575, 0.00152] z=0.1059
[lowlevel-sim][GT] t=34.151 quat=[0.48279, -0.51794, 0.49787, 0.50078] angvel=[0.03152, 0.02946, 0.01501] linvel=[-0.0063, -0.00183, -0.00387] z=0.1059
[lowlevel-sim][GT] t=34.201 quat=[0.48256, -0.51809, 0.49786, 0.50085] angvel=[-0.05076, -0.02332, -0.01224] linvel=[-0.01014, -0.00813, 0.00345] z=0.1059
[lowlevel-sim][GT] t=34.251 quat=[0.48267, -0.51808, 0.49771, 0.5009] angvel=[0.06415, 0.00931, 0.00626] linvel=[-0.0044, 0.00316, -0.00518] z=0.1059
[lowlevel-sim][GT] t=34.301 quat=[0.48241, -0.51826, 0.49773, 0.50095] angvel=[-0.05356, -0.01475, -0.00123] linvel=[-0.00525, -0.00375, 0.00444] z=0.1058
[lowlevel-sim][GT] t=34.351 quat=[0.48243, -0.51817, 0.49765, 0.50109] angvel=[-0.00535, 0.09751, 0.02856] linvel=[-2e-05, -0.00015, -0.00082] z=0.1058
[lowlevel-sim][GT] t=34.401 quat=[0.48251, -0.51829, 0.49759, 0.50097] angvel=[-0.0354, 0.03035, 0.00219] linvel=[-0.00427, -0.00202, 0.00437] z=0.1059
[lowlevel-sim][GT] t=34.451 quat=[0.48259, -0.51823, 0.49754, 0.501] angvel=[0.05327, 0.01021, -0.01143] linvel=[-0.0044, 0.0034, -0.00608] z=0.1059
[lowlevel-sim] t=  34.50 mode=cmd        pd=22357 hold=11032 failclosed=121 rtf=0.271 base_z=+0.106 pitch=+1.538 roll=-3.088 |tau|max=  8.92 sat=0/29 knee_L=+0.268 hip_p_L=-0.104 torn=11131 cmd_age=26.9ms auth=82.7s rig_ign=930 fix_base=0
[lowlevel-sim][GT] t=34.501 quat=[0.4826, -0.51829, 0.49765, 0.50082] angvel=[-0.01404, -0.04312, -0.02686] linvel=[-0.00106, -0.0037, 0.00051] z=0.1058
[lowlevel-sim][GT] t=34.551 quat=[0.48286, -0.5182, 0.49763, 0.50068] angvel=[-0.01567, -0.06517, -0.01737] linvel=[-0.00441, -0.00058, 0.00368] z=0.1058
[lowlevel-sim][GT] t=34.601 quat=[0.48289, -0.51825, 0.4977, 0.50053] angvel=[-0.04427, -0.01102, 0.00028] linvel=[-0.00018, -0.00116, 0.00564] z=0.1059
[lowlevel-sim][GT] t=34.651 quat=[0.48303, -0.51817, 0.49765, 0.50053] angvel=[-0.01434, -0.04134, -0.00879] linvel=[-0.00369, -0.00369, -0.00034] z=0.1059
[lowlevel-sim][GT] t=34.701 quat=[0.48279, -0.51828, 0.49767, 0.50062] angvel=[-0.02977, 0.03312, 0.05644] linvel=[0.00524, -0.00214, 0.00328] z=0.1059
[lowlevel-sim][GT] t=34.751 quat=[0.48285, -0.51818, 0.49767, 0.50066] angvel=[0.06681, 0.02316, 0.01814] linvel=[0.0023, 0.0032, -0.00478] z=0.1058
[lowlevel-sim][GT] t=34.801 quat=[0.48276, -0.51823, 0.49761, 0.50076] angvel=[-0.01718, -0.0151, -0.02234] linvel=[0.00131, -0.00502, 0.00125] z=0.1059
[lowlevel-sim][GT] t=34.851 quat=[0.48258, -0.51817, 0.49766, 0.50096] angvel=[0.06143, 0.02597, 0.01582] linvel=[0.00088, 0.00198, -0.00662] z=0.1058
[lowlevel-sim][GT] t=34.901 quat=[0.48241, -0.51822, 0.49773, 0.501] angvel=[-0.04425, 0.02025, 0.01031] linvel=[0.0007, -0.00132, 0.00339] z=0.1058
[lowlevel-sim][GT] t=34.951 quat=[0.48245, -0.51816, 0.49769, 0.50106] angvel=[0.04695, 0.04977, 0.03232] linvel=[0.00464, 0.00205, -0.00125] z=0.1058
[lowlevel-sim] t=  35.00 mode=cmd        pd=22607 hold=11032 failclosed=121 rtf=0.271 base_z=+0.106 pitch=+1.538 roll=-3.108 |tau|max=  9.73 sat=0/29 knee_L=+0.269 hip_p_L=-0.104 torn=11156 cmd_age=40.3ms auth=84.6s rig_ign=930 fix_base=0
[lowlevel-sim][GT] t=35.001 quat=[0.48228, -0.51826, 0.49768, 0.50113] angvel=[-0.05072, -0.00525, 0.00113] linvel=[0.00194, -0.00507, 0.00303] z=0.1058
[lowlevel-sim][GT] t=35.051 quat=[0.48227, -0.5183, 0.49753, 0.50124] angvel=[-0.02695, -0.04609, 0.01383] linvel=[-0.00119, -0.00336, 0.00397] z=0.1059
[lowlevel-sim][GT] t=35.101 quat=[0.48201, -0.51846, 0.49759, 0.50127] angvel=[-0.0526, -0.02852, -0.02661] linvel=[-0.0027, -0.00848, 0.0024] z=0.1058
[lowlevel-sim][GT] t=35.151 quat=[0.48203, -0.51848, 0.49746, 0.50136] angvel=[0.00383, -0.04954, -0.01384] linvel=[-0.00423, -0.00324, 0.00069] z=0.1058
[lowlevel-sim][GT] t=35.201 quat=[0.48187, -0.51855, 0.49754, 0.50136] angvel=[-0.04713, 0.02757, 0.0072] linvel=[-0.00213, -0.00584, 0.00191] z=0.1058
[lowlevel-sim][GT] t=35.251 quat=[0.48212, -0.51842, 0.49741, 0.50138] angvel=[0.06347, 0.00455, 0.00142] linvel=[-0.00085, 0.00359, -0.00484] z=0.1059
[lowlevel-sim][GT] t=35.301 quat=[0.48216, -0.51847, 0.49742, 0.50128] angvel=[-0.04239, 0.00339, 0.0172] linvel=[0.00256, -0.00178, 0.00361] z=0.1059
[lowlevel-sim][GT] t=35.351 quat=[0.48211, -0.51841, 0.49732, 0.50149] angvel=[0.00734, 0.09404, 0.0109] linvel=[0.00476, 0.00114, 0.00177] z=0.1059
[lowlevel-sim][GT] t=35.401 quat=[0.48225, -0.51839, 0.49735, 0.50134] angvel=[-0.05808, 0.02084, 0.00148] linvel=[-0.00116, -0.00346, 0.00507] z=0.1060
[lowlevel-sim][GT] t=35.451 quat=[0.48234, -0.51828, 0.4973, 0.50142] angvel=[0.06108, 0.01663, 0.00982] linvel=[0.00077, 0.00301, -0.00619] z=0.1060
[lowlevel-sim] t=  35.50 mode=cmd        pd=22857 hold=11032 failclosed=121 rtf=0.271 base_z=+0.106 pitch=+1.539 roll=-3.101 |tau|max=  9.94 sat=0/29 knee_L=+0.269 hip_p_L=-0.104 torn=11188 cmd_age=34.7ms auth=86.3s rig_ign=930 fix_base=0
[lowlevel-sim][GT] t=35.501 quat=[0.48224, -0.5184, 0.49733, 0.50136] angvel=[-0.03064, 0.00513, 0.0128] linvel=[0.0088, -0.00638, 0.00152] z=0.1060
[lowlevel-sim][GT] t=35.551 quat=[0.48233, -0.51835, 0.49729, 0.50138] angvel=[0.01747, -0.04885, -0.01264] linvel=[-0.00293, -0.00136, 0.00149] z=0.1060
[lowlevel-sim][GT] t=35.601 quat=[0.48222, -0.5184, 0.49738, 0.50134] angvel=[-0.02049, 0.02256, 0.0353] linvel=[0.00555, -0.00413, 0.00147] z=0.1059
[lowlevel-sim][GT] t=35.651 quat=[0.48205, -0.51842, 0.49735, 0.50151] angvel=[0.03204, 0.11645, 0.03102] linvel=[0.00588, 0.00193, -0.0023] z=0.1059
[lowlevel-sim][GT] t=35.701 quat=[0.48187, -0.51862, 0.4973, 0.50152] angvel=[0.00156, 0.00167, 0.0098] linvel=[0.00499, -0.00314, -0.00077] z=0.1059
[lowlevel-sim][GT] t=35.751 quat=[0.48197, -0.51862, 0.49713, 0.50159] angvel=[0.07178, -0.00493, 0.00196] linvel=[0.00583, 0.00291, -0.00351] z=0.1059
[lowlevel-sim][GT] t=35.801 quat=[0.48183, -0.5187, 0.49717, 0.50161] angvel=[-0.02189, -0.02746, -0.00389] linvel=[0.00502, -0.00223, 0.00314] z=0.1059
[lowlevel-sim][GT] t=35.851 quat=[0.48176, -0.51868, 0.49718, 0.50168] angvel=[0.04751, -0.00608, -0.01387] linvel=[0.0031, 0.00159, -0.00405] z=0.1059
[lowlevel-sim][GT] t=35.901 quat=[0.48165, -0.51871, 0.49727, 0.50168] angvel=[-0.03423, -0.03956, -0.05062] linvel=[0.00036, -0.00531, 0.00238] z=0.1059
[lowlevel-sim][GT] t=35.951 quat=[0.48179, -0.51858, 0.49718, 0.50176] angvel=[0.0705, 0.01642, 0.01275] linvel=[0.00397, 0.00231, -0.00387] z=0.1059
[lowlevel-sim] t=  36.00 mode=cmd        pd=23107 hold=11032 failclosed=121 rtf=0.271 base_z=+0.106 pitch=+1.538 roll=-3.116 |tau|max=  9.70 sat=0/29 knee_L=+0.270 hip_p_L=-0.105 torn=11215 cmd_age=51.3ms auth=88.2s rig_ign=930 fix_base=0
[lowlevel-sim][GT] t=36.001 quat=[0.48172, -0.51868, 0.4972, 0.50171] angvel=[-0.0265, 0.00445, 0.01738] linvel=[0.00327, -0.00226, 0.00184] z=0.1059
[lowlevel-sim][GT] t=36.051 quat=[0.48163, -0.5186, 0.49713, 0.50195] angvel=[0.07075, 0.03208, 0.01999] linvel=[0.00074, 4e-05, -0.00487] z=0.1060
[lowlevel-sim][GT] t=36.101 quat=[0.48144, -0.51873, 0.49709, 0.50203] angvel=[-0.02264, 0.03213, 0.03867] linvel=[0.00551, -0.00581, -7e-05] z=0.1060
[lowlevel-sim][GT] t=36.151 quat=[0.48138, -0.51866, 0.497, 0.50225] angvel=[0.0077, 0.1035, 0.02083] linvel=[0.00176, -0.00176, -0.00193] z=0.1060
[lowlevel-sim][GT] t=36.201 quat=[0.48137, -0.51873, 0.49703, 0.50216] angvel=[0.00201, 0.00205, 0.01263] linvel=[-0.00297, -0.00308, -4e-05] z=0.1060
[lowlevel-sim][GT] t=36.251 quat=[0.48149, -0.51875, 0.49692, 0.50213] angvel=[0.01703, 0.02749, 0.01409] linvel=[-0.0023, 3e-05, -0.00153] z=0.1060
[lowlevel-sim][GT] t=36.301 quat=[0.48158, -0.5188, 0.49702, 0.5019] angvel=[-0.01629, -0.02658, -0.01319] linvel=[-0.00385, -0.00195, 0.00296] z=0.1059
[lowlevel-sim][GT] t=36.351 quat=[0.48181, -0.51871, 0.49699, 0.50179] angvel=[0.00747, 0.02439, 0.00677] linvel=[-0.00295, 0.00045, 0.00046] z=0.1059
[lowlevel-sim][GT] t=36.401 quat=[0.48197, -0.51872, 0.49713, 0.5015] angvel=[-0.05133, 0.00869, 0.00131] linvel=[-0.00374, -0.00515, 0.00212] z=0.1059
[lowlevel-sim][GT] t=36.451 quat=[0.48205, -0.51868, 0.49702, 0.50157] angvel=[0.05414, -0.00255, -0.00128] linvel=[-0.00385, 0.00225, -0.00487] z=0.1059
[lowlevel-sim] t=  36.50 mode=cmd        pd=23357 hold=11032 failclosed=121 rtf=0.271 base_z=+0.106 pitch=+1.539 roll=-3.097 |tau|max=  9.58 sat=0/29 knee_L=+0.269 hip_p_L=-0.104 torn=11233 cmd_age=49.5ms auth=90.0s rig_ign=930 fix_base=0
[lowlevel-sim][GT] t=36.501 quat=[0.48199, -0.51873, 0.49703, 0.50156] angvel=[-0.03326, -0.03384, -0.01932] linvel=[-0.00201, -0.00368, 0.00394] z=0.1059
[lowlevel-sim][GT] t=36.551 quat=[0.48215, -0.51868, 0.49691, 0.50159] angvel=[0.0527, -0.00826, 0.00031] linvel=[-0.0053, 0.00199, -0.00591] z=0.1059
[lowlevel-sim][GT] t=36.601 quat=[0.48211, -0.51872, 0.49693, 0.50156] angvel=[-0.01574, -0.04283, -0.00928] linvel=[-0.00365, -0.00304, 0.00242] z=0.1059
[lowlevel-sim][GT] t=36.651 quat=[0.48234, -0.51875, 0.49693, 0.5013] angvel=[0.03231, 0.01808, 0.00107] linvel=[-0.00079, 0.00145, -0.00438] z=0.1059
[lowlevel-sim][GT] t=36.701 quat=[0.48229, -0.5188, 0.4971, 0.50113] angvel=[-0.01984, 0.02213, 0.02224] linvel=[0.00423, -0.00402, 0.00222] z=0.1059
[lowlevel-sim][GT] t=36.751 quat=[0.48254, -0.51874, 0.49699, 0.50107] angvel=[0.07575, 0.02083, 0.00963] linvel=[-4e-05, 0.00162, -0.00601] z=0.1059
[lowlevel-sim][GT] t=36.801 quat=[0.48239, -0.51872, 0.49701, 0.50121] angvel=[-0.04909, -0.01902, 0.01717] linvel=[0.00387, -0.00526, 0.00296] z=0.1060
[lowlevel-sim][GT] t=36.851 quat=[0.48237, -0.51872, 0.49689, 0.50136] angvel=[0.07463, 0.01126, 0.00817] linvel=[0.0029, 0.00314, -0.00599] z=0.1060
[lowlevel-sim][GT] t=36.901 quat=[0.48211, -0.51876, 0.49694, 0.5015] angvel=[-0.02958, 0.01563, -0.00846] linvel=[0.00119, -0.00478, 0.0003] z=0.1060
[lowlevel-sim][GT] t=36.951 quat=[0.48202, -0.51876, 0.49682, 0.5017] angvel=[0.01531, 0.00418, 0.01426] linvel=[0.00275, 0.00072, -0.00113] z=0.1060
[lowlevel-sim] t=  37.00 mode=cmd        pd=23607 hold=11032 failclosed=121 rtf=0.271 base_z=+0.106 pitch=+1.539 roll=-3.102 |tau|max=  8.20 sat=0/29 knee_L=+0.270 hip_p_L=-0.104 torn=11245 cmd_age=32.4ms auth=91.6s rig_ign=930 fix_base=0
[lowlevel-sim][GT] t=37.001 quat=[0.48178, -0.51885, 0.49693, 0.50174] angvel=[-0.01949, 0.00521, 0.01731] linvel=[0.00109, -0.00363, 0.00431] z=0.1060
[lowlevel-sim][GT] t=37.051 quat=[0.48176, -0.5189, 0.49681, 0.50181] angvel=[0.03223, 0.01316, 0.00726] linvel=[0.00307, 0.00298, -0.00261] z=0.1059
[lowlevel-sim][GT] t=37.101 quat=[0.48163, -0.519, 0.49686, 0.50181] angvel=[-0.03901, -0.01083, -0.01181] linvel=[0.00147, -0.00294, 0.00269] z=0.1059
[lowlevel-sim][GT] t=37.151 quat=[0.48166, -0.5189, 0.49677, 0.50196] angvel=[0.02305, 0.00598, 0.00428] linvel=[-2e-05, 0.00363, 0.00104] z=0.1060
[lowlevel-sim][GT] t=37.201 quat=[0.48166, -0.51895, 0.49681, 0.50187] angvel=[-0.03085, 0.02801, 0.00066] linvel=[-0.00225, -0.00282, 0.00326] z=0.1060
[lowlevel-sim][GT] t=37.251 quat=[0.48175, -0.51889, 0.49672, 0.50194] angvel=[0.06525, 0.01953, 0.0106] linvel=[-6e-05, 0.00421, -0.00402] z=0.1060
[lowlevel-sim][GT] t=37.301 quat=[0.48174, -0.51891, 0.49669, 0.50195] angvel=[-0.0169, -0.01246, -0.0146] linvel=[-0.00091, -0.00555, 0.00052] z=0.1060
[lowlevel-sim][GT] t=37.351 quat=[0.48186, -0.51891, 0.49663, 0.5019] angvel=[0.02949, 0.10407, 0.03236] linvel=[0.0063, 0.00258, -0.00247] z=0.1060
[lowlevel-sim][GT] t=37.401 quat=[0.48174, -0.51897, 0.4967, 0.50188] angvel=[-0.03081, -0.04996, -0.00846] linvel=[0.00467, -0.00305, 0.00522] z=0.1060
[lowlevel-sim][GT] t=37.451 quat=[0.48181, -0.5189, 0.4966, 0.50199] angvel=[0.02295, 0.03323, 0.01672] linvel=[0.00121, 0.00049, -0.00282] z=0.1060
[lowlevel-sim] t=  37.50 mode=cmd        pd=23857 hold=11032 failclosed=121 rtf=0.272 base_z=+0.106 pitch=+1.539 roll=-3.103 |tau|max=  9.35 sat=0/29 knee_L=+0.270 hip_p_L=-0.104 torn=11266 cmd_age=35.4ms auth=93.2s rig_ign=930 fix_base=0
[lowlevel-sim][GT] t=37.501 quat=[0.48159, -0.51901, 0.49658, 0.50209] angvel=[-0.02099, -0.02234, 0.00361] linvel=[0.00326, -0.00292, 0.00089] z=0.1060
[lowlevel-sim][GT] t=37.551 quat=[0.48159, -0.51897, 0.49653, 0.50219] angvel=[0.05133, 0.00397, 0.00795] linvel=[0.00117, 0.0033, -0.00245] z=0.1060
[lowlevel-sim][GT] t=37.601 quat=[0.48154, -0.519, 0.49659, 0.50215] angvel=[-0.02049, -0.04792, 0.00139] linvel=[0.00521, -0.00337, 0.00208] z=0.1060
[lowlevel-sim][GT] t=37.651 quat=[0.48163, -0.51897, 0.49652, 0.50217] angvel=[0.01353, -0.04896, -0.02928] linvel=[-0.00224, -0.00032, 0.00079] z=0.1060
[lowlevel-sim][GT] t=37.701 quat=[0.48154, -0.51902, 0.49657, 0.50215] angvel=[-0.03055, -0.01299, 0.00105] linvel=[0.00361, -0.00357, 0.00379] z=0.1060
[lowlevel-sim][GT] t=37.751 quat=[0.48159, -0.51906, 0.49651, 0.50213] angvel=[0.04711, 0.01868, 0.00843] linvel=[0.00493, 0.00279, -0.00177] z=0.1060
[lowlevel-sim][GT] t=37.801 quat=[0.48142, -0.51918, 0.49659, 0.50208] angvel=[-0.01992, -0.03144, -0.03873] linvel=[-0.00129, -0.00394, 0.00089] z=0.1060
[lowlevel-sim][GT] t=37.851 quat=[0.4814, -0.5191, 0.49658, 0.5022] angvel=[0.01963, 0.02483, -0.01655] linvel=[-0.0016, -0.00335, -0.00334] z=0.1060
[lowlevel-sim][GT] t=37.901 quat=[0.48127, -0.51918, 0.49664, 0.50218] angvel=[-0.04, 0.02022, 0.01851] linvel=[0.00295, -0.00242, 0.00349] z=0.1060
[lowlevel-sim][GT] t=37.951 quat=[0.48128, -0.51911, 0.49661, 0.50226] angvel=[0.04706, 0.02908, 0.0053] linvel=[-0.00046, 0.00197, -0.00659] z=0.1060
[lowlevel-sim] t=  38.00 mode=cmd        pd=24107 hold=11032 failclosed=121 rtf=0.272 base_z=+0.106 pitch=+1.539 roll=-3.117 |tau|max=  9.85 sat=0/29 knee_L=+0.269 hip_p_L=-0.105 torn=11290 cmd_age=31.9ms auth=94.9s rig_ign=930 fix_base=0
[lowlevel-sim][GT] t=38.001 quat=[0.48125, -0.51912, 0.49663, 0.50227] angvel=[-0.03148, 0.02343, 0.04615] linvel=[0.00694, -0.00418, -0.00039] z=0.1060
[lowlevel-sim][GT] t=38.051 quat=[0.48117, -0.51909, 0.49652, 0.50248] angvel=[-0.01463, 0.10192, 0.03221] linvel=[0.00728, 0.00075, 0.00071] z=0.1060
[lowlevel-sim][GT] t=38.101 quat=[0.48111, -0.51918, 0.49658, 0.50238] angvel=[-0.02248, -0.02251, 0.00752] linvel=[0.00236, -0.00439, 0.0012] z=0.1060
[lowlevel-sim][GT] t=38.151 quat=[0.48102, -0.51915, 0.49651, 0.50257] angvel=[-0.00963, -0.07544, -0.01841] linvel=[-0.00424, -0.00209, 0.00042] z=0.1060
[lowlevel-sim][GT] t=38.201 quat=[0.48091, -0.51937, 0.49644, 0.50252] angvel=[-0.03297, -0.00197, 0.00547] linvel=[0.00012, -0.00185, 0.00359] z=0.1060
[lowlevel-sim][GT] t=38.251 quat=[0.48088, -0.51942, 0.49628, 0.50265] angvel=[0.00433, 0.03262, 0.01847] linvel=[0.00108, 0.00122, -0.00031] z=0.1060
[lowlevel-sim][GT] t=38.301 quat=[0.48071, -0.51947, 0.49631, 0.50274] angvel=[-0.03787, -0.02514, -0.01522] linvel=[-0.00023, -0.00015, 0.00411] z=0.1060
[lowlevel-sim][GT] t=38.351 quat=[0.48082, -0.51935, 0.4962, 0.50287] angvel=[0.06341, 0.00117, 0.01052] linvel=[-0.00516, 0.0035, -0.00325] z=0.1060
[lowlevel-sim][GT] t=38.401 quat=[0.48086, -0.51941, 0.49615, 0.50281] angvel=[-0.02112, -0.01796, 0.00098] linvel=[-0.00296, -0.00439, 0.00162] z=0.1061
[lowlevel-sim][GT] t=38.451 quat=[0.48095, -0.51944, 0.49606, 0.50279] angvel=[0.04308, 0.02253, 0.00038] linvel=[-0.00342, 0.00229, -0.00252] z=0.1060
[lowlevel-sim] t=  38.50 mode=cmd        pd=24357 hold=11032 failclosed=121 rtf=0.272 base_z=+0.106 pitch=+1.539 roll=-3.114 |tau|max=  8.33 sat=0/29 knee_L=+0.270 hip_p_L=-0.105 torn=11306 cmd_age=42.4ms auth=96.7s rig_ign=930 fix_base=0
[lowlevel-sim][GT] t=38.501 quat=[0.48086, -0.51957, 0.49614, 0.50266] angvel=[-0.0156, -0.0107, -0.00652] linvel=[-0.00398, -0.00189, 0.00278] z=0.1060
[lowlevel-sim][GT] t=38.551 quat=[0.481, -0.51961, 0.49605, 0.50257] angvel=[0.062, -0.02483, -0.00584] linvel=[-0.00418, 0.0027, -0.00255] z=0.1060
[lowlevel-sim][GT] t=38.601 quat=[0.48111, -0.51961, 0.49616, 0.50235] angvel=[-0.03413, -0.04278, -0.04393] linvel=[-0.00793, -0.0048, 0.00048] z=0.1059
[lowlevel-sim][GT] t=38.651 quat=[0.48136, -0.51956, 0.49602, 0.5023] angvel=[0.00496, -0.01325, 0.0064] linvel=[-0.00051, 0.0017, -0.00046] z=0.1060
[lowlevel-sim][GT] t=38.701 quat=[0.4815, -0.51956, 0.4962, 0.502] angvel=[-0.02829, -0.02159, -0.02086] linvel=[-0.00065, -0.00249, 0.00259] z=0.1060
[lowlevel-sim][GT] t=38.751 quat=[0.48165, -0.51945, 0.49609, 0.50208] angvel=[0.02744, -0.02782, -0.00679] linvel=[0.00439, 0.00093, -0.00166] z=0.1060
[lowlevel-sim][GT] t=38.801 quat=[0.48145, -0.51954, 0.49618, 0.50208] angvel=[-0.02932, 0.0304, 0.04786] linvel=[0.00524, -0.00638, 0.00048] z=0.1060
[lowlevel-sim][GT] t=38.851 quat=[0.48138, -0.51946, 0.4961, 0.50232] angvel=[0.0273, 0.09983, 0.02272] linvel=[0.00896, 0.00338, -0.00127] z=0.1060
[lowlevel-sim][GT] t=38.901 quat=[0.48126, -0.5195, 0.49621, 0.50229] angvel=[-0.01655, -0.02842, 4e-05] linvel=[0.00592, -0.00327, 0.00282] z=0.1060
[lowlevel-sim][GT] t=38.951 quat=[0.48126, -0.51949, 0.496, 0.50249] angvel=[0.03472, 0.01686, 0.02321] linvel=[0.00577, 0.00015, -0.00396] z=0.1060
[lowlevel-sim] t=  39.00 mode=cmd        pd=24607 hold=11032 failclosed=121 rtf=0.273 base_z=+0.106 pitch=+1.539 roll=-3.104 |tau|max=  9.71 sat=0/29 knee_L=+0.270 hip_p_L=-0.104 torn=11333 cmd_age=36.5ms auth=98.3s rig_ign=930 fix_base=0
[lowlevel-sim][GT] t=39.001 quat=[0.48095, -0.51965, 0.49601, 0.50262] angvel=[-0.03532, -0.02987, -0.02557] linvel=[0.00078, -0.00467, 0.00203] z=0.1060
[lowlevel-sim][GT] t=39.051 quat=[0.48074, -0.51971, 0.49588, 0.50288] angvel=[0.04503, 0.01576, 0.01139] linvel=[0.00445, 0.00262, -0.00325] z=0.1060
[lowlevel-sim][GT] t=39.101 quat=[0.48057, -0.51983, 0.49585, 0.50296] angvel=[-0.06065, -0.03213, -0.00925] linvel=[0.00218, -0.00384, 0.00458] z=0.1060
[lowlevel-sim][GT] t=39.151 quat=[0.48063, -0.51976, 0.4958, 0.50302] angvel=[-0.02991, -0.02786, -0.01374] linvel=[-0.00075, -0.00274, 0.00408] z=0.1060
[lowlevel-sim][GT] t=39.201 quat=[0.48047, -0.51979, 0.49581, 0.50313] angvel=[-0.01925, -0.00434, 0.00296] linvel=[0.00515, -0.00257, 0.00123] z=0.1060
[lowlevel-sim][GT] t=39.251 quat=[0.48056, -0.51977, 0.49573, 0.50315] angvel=[0.03238, -0.01459, -0.00517] linvel=[0.00323, -0.00181, -0.00375] z=0.1060
[lowlevel-sim][GT] t=39.301 quat=[0.48044, -0.51982, 0.49579, 0.50314] angvel=[-0.02868, -0.01377, -0.0169] linvel=[0.00441, -0.00268, 0.00283] z=0.1060
[lowlevel-sim][GT] t=39.351 quat=[0.48048, -0.51982, 0.49574, 0.50316] angvel=[0.04584, 0.04707, 0.00439] linvel=[0.00189, 0.00129, -0.00325] z=0.1060
[lowlevel-sim][GT] t=39.401 quat=[0.48042, -0.51984, 0.49577, 0.50317] angvel=[-0.03567, -0.00744, -0.00425] linvel=[0.00309, -0.00045, 0.00404] z=0.1061
[lowlevel-sim][GT] t=39.451 quat=[0.48052, -0.51985, 0.4957, 0.50313] angvel=[-0.03271, -0.0077, -0.01427] linvel=[-0.00137, -0.00292, 0.00396] z=0.1061
[lowlevel-sim] t=  39.50 mode=cmd        pd=24857 hold=11032 failclosed=121 rtf=0.273 base_z=+0.106 pitch=+1.539 roll=-3.121 |tau|max=  9.64 sat=0/29 knee_L=+0.271 hip_p_L=-0.105 torn=11377 cmd_age=41.4ms auth=100.0s rig_ign=930 fix_base=0
[lowlevel-sim][GT] t=39.501 quat=[0.48037, -0.51991, 0.49572, 0.50319] angvel=[-0.0282, 0.02631, 0.02787] linvel=[0.0016, -0.00435, 0.00113] z=0.1061
[lowlevel-sim][GT] t=39.551 quat=[0.48055, -0.51984, 0.49563, 0.50318] angvel=[0.05989, 0.00776, -0.00848] linvel=[0.00408, 0.00314, -0.00479] z=0.1061
[lowlevel-sim][GT] t=39.601 quat=[0.48057, -0.51989, 0.49568, 0.50306] angvel=[-0.04776, 0.00244, 0.01035] linvel=[0.00718, -0.00498, 0.00087] z=0.1061
[lowlevel-sim][GT] t=39.651 quat=[0.48046, -0.51999, 0.49561, 0.50313] angvel=[0.00197, 0.00984, 0.01528] linvel=[0.00719, -0.00327, -0.0015] z=0.1060
[lowlevel-sim][GT] t=39.701 quat=[0.48028, -0.52004, 0.49561, 0.50325] angvel=[-0.02978, 0.04512, 0.04619] linvel=[0.00894, -0.00308, 0.00354] z=0.1061
[lowlevel-sim][GT] t=39.751 quat=[0.48018, -0.51997, 0.49549, 0.50353] angvel=[-0.02068, 0.00358, 0.02226] linvel=[0.00249, -0.00072, 0.00449] z=0.1061
[lowlevel-sim][GT] t=39.801 quat=[0.48001, -0.52013, 0.49546, 0.50356] angvel=[9e-05, -0.0054, 0.00726] linvel=[0.00375, -0.00249, -0.00034] z=0.1061
[lowlevel-sim][GT] t=39.851 quat=[0.47984, -0.5202, 0.49537, 0.50374] angvel=[0.04018, 0.02182, 0.0116] linvel=[0.00428, 0.00136, -0.00209] z=0.1060
[lowlevel-sim][GT] t=39.901 quat=[0.47973, -0.52034, 0.49529, 0.50378] angvel=[-0.01481, -0.01863, -0.03182] linvel=[-5e-05, -0.00277, 0.00361] z=0.1061
[lowlevel-sim][GT] t=39.951 quat=[0.47976, -0.52027, 0.49517, 0.50395] angvel=[0.02174, 0.04822, 0.01171] linvel=[-0.00039, 0.0032, -0.00021] z=0.1061
[lowlevel-sim] t=  40.00 mode=cmd        pd=25107 hold=11032 failclosed=121 rtf=0.274 base_z=+0.106 pitch=+1.539 roll=-3.129 |tau|max=  8.15 sat=0/29 knee_L=+0.272 hip_p_L=-0.105 torn=11392 cmd_age=26.6ms auth=101.5s rig_ign=930 fix_base=0
[lowlevel-sim][GT] t=40.001 quat=[0.47977, -0.5204, 0.49512, 0.50384] angvel=[-0.01553, 1e-05, 0.00889] linvel=[0.00392, -0.00343, 0.00048] z=0.1061
[lowlevel-sim][GT] t=40.051 quat=[0.47961, -0.52045, 0.49501, 0.50406] angvel=[0.04806, 0.02915, 0.01876] linvel=[0.00111, 0.0014, -0.00342] z=0.1061
[lowlevel-sim][GT] t=40.101 quat=[0.47971, -0.5205, 0.49491, 0.50399] angvel=[-0.02761, -0.03002, -0.04621] linvel=[0.00318, -0.00345, 0.00276] z=0.1061
[lowlevel-sim][GT] t=40.151 quat=[0.47974, -0.52047, 0.49478, 0.50413] angvel=[0.03568, -0.00184, -0.00669] linvel=[0.00549, 0.00316, -0.00184] z=0.1062
[lowlevel-sim][GT] t=40.201 quat=[0.47957, -0.52049, 0.49498, 0.50408] angvel=[-0.0372, 0.02388, 0.00022] linvel=[-0.0004, -0.0037, 0.00216] z=0.1062
[lowlevel-sim][GT] t=40.251 quat=[0.47954, -0.52038, 0.49494, 0.50426] angvel=[0.01789, 0.07938, 0.02797] linvel=[0.00834, 0.00156, -0.00193] z=0.1062
[lowlevel-sim][GT] t=40.301 quat=[0.47968, -0.52038, 0.49502, 0.50404] angvel=[-0.02514, -0.03444, -0.06207] linvel=[-0.00232, -0.00583, 0.00168] z=0.1062
[lowlevel-sim][GT] t=40.351 quat=[0.47968, -0.52037, 0.49504, 0.50404] angvel=[0.07678, 0.0052, -0.00855] linvel=[0.00039, 0.00291, -0.00532] z=0.1062
[lowlevel-sim][GT] t=40.401 quat=[0.47967, -0.52038, 0.49514, 0.50394] angvel=[-0.02284, -0.0416, -0.05135] linvel=[-0.0018, -0.00363, 0.00229] z=0.1062
[lowlevel-sim][GT] t=40.451 quat=[0.47973, -0.52039, 0.49503, 0.50398] angvel=[0.04327, -0.00489, -0.00124] linvel=[-4e-05, 0.003, -0.00258] z=0.1062
[lowlevel-sim] t=  40.50 mode=cmd        pd=25357 hold=11032 failclosed=121 rtf=0.274 base_z=+0.106 pitch=+1.539 roll=-3.130 |tau|max=  9.09 sat=0/29 knee_L=+0.272 hip_p_L=-0.106 torn=11419 cmd_age=19.0ms auth=103.2s rig_ign=930 fix_base=0
[lowlevel-sim][GT] t=40.501 quat=[0.47959, -0.52055, 0.49502, 0.50396] angvel=[-0.02236, 0.01161, 0.00262] linvel=[-0.00189, -0.00349, 0.00128] z=0.1062
[lowlevel-sim][GT] t=40.551 quat=[0.47966, -0.52043, 0.49486, 0.50417] angvel=[0.0114, 0.06681, 0.02826] linvel=[0.00548, 0.0023, 0.0] z=0.1062
[lowlevel-sim][GT] t=40.601 quat=[0.47975, -0.52045, 0.49492, 0.50401] angvel=[-0.04108, 0.0175, 0.02559] linvel=[-0.00094, -0.00284, 0.00153] z=0.1062
[lowlevel-sim][GT] t=40.651 quat=[0.47988, -0.52036, 0.49478, 0.50412] angvel=[0.07531, -0.0205, -0.01075] linvel=[-0.00115, 0.00339, -0.00229] z=0.1063
[lowlevel-sim][GT] t=40.701 quat=[0.47998, -0.52031, 0.49487, 0.50398] angvel=[-0.02674, -0.01026, 0.00895] linvel=[-0.00274, -0.00144, 0.00208] z=0.1063
[lowlevel-sim][GT] t=40.751 quat=[0.48007, -0.52028, 0.49481, 0.50399] angvel=[0.03915, -0.00096, -0.00895] linvel=[-0.00122, -0.00049, -0.00419] z=0.1063
[lowlevel-sim][GT] t=40.801 quat=[0.47995, -0.52039, 0.49489, 0.50392] angvel=[-0.03301, 0.03618, 0.04909] linvel=[0.0017, -0.00459, 0.00011] z=0.1063
[lowlevel-sim][GT] t=40.851 quat=[0.48003, -0.52031, 0.4948, 0.504] angvel=[0.04218, -0.01117, -0.01367] linvel=[-0.00656, 0.00309, -0.001] z=0.1063
[lowlevel-sim][GT] t=40.901 quat=[0.48001, -0.5204, 0.49482, 0.50391] angvel=[-0.03642, -0.01484, 0.00191] linvel=[-0.00388, -0.00204, 0.0027] z=0.1063
[lowlevel-sim][GT] t=40.951 quat=[0.4801, -0.52039, 0.49476, 0.5039] angvel=[0.03496, -0.01784, -0.02243] linvel=[-0.00466, 0.00195, -0.00255] z=0.1062
[lowlevel-sim] t=  41.00 mode=cmd        pd=25607 hold=11032 failclosed=121 rtf=0.274 base_z=+0.106 pitch=+1.539 roll=-3.111 |tau|max=  9.14 sat=0/29 knee_L=+0.271 hip_p_L=-0.105 torn=11432 cmd_age=26.6ms auth=104.9s rig_ign=930 fix_base=0
[lowlevel-sim][GT] t=41.001 quat=[0.48004, -0.5204, 0.49492, 0.50379] angvel=[-0.05084, 0.00611, -0.00379] linvel=[-0.00591, -0.00179, 0.00405] z=0.1062
[lowlevel-sim][GT] t=41.051 quat=[0.48012, -0.52038, 0.49485, 0.5038] angvel=[0.0184, -0.00952, -0.00919] linvel=[-0.00441, 0.00063, -0.00331] z=0.1062
[lowlevel-sim][GT] t=41.101 quat=[0.48016, -0.52048, 0.49489, 0.50361] angvel=[-0.0083, -0.00133, 0.00297] linvel=[-0.0039, -0.0037, 0.00282] z=0.1061
[lowlevel-sim][GT] t=41.151 quat=[0.48024, -0.52052, 0.49484, 0.50355] angvel=[0.06738, -0.01662, -0.00398] linvel=[-0.00276, 0.00348, -0.00469] z=0.1061
[lowlevel-sim][GT] t=41.201 quat=[0.4801, -0.52056, 0.495, 0.50348] angvel=[-0.03686, 0.008, 0.01208] linvel=[-0.00564, -0.00242, 0.00333] z=0.1061
[lowlevel-sim][GT] t=41.251 quat=[0.48022, -0.52049, 0.4949, 0.50354] angvel=[0.04711, -0.01926, -0.01189] linvel=[-0.00527, 0.00324, -0.00376] z=0.1061
[lowlevel-sim][GT] t=41.301 quat=[0.48017, -0.5206, 0.4949, 0.50347] angvel=[-0.02471, 0.02651, 0.0369] linvel=[6e-05, -0.00264, 0.00116] z=0.1061
[lowlevel-sim][GT] t=41.351 quat=[0.48022, -0.52058, 0.49481, 0.50354] angvel=[-0.01534, 0.08621, 0.02922] linvel=[0.00232, -0.00288, 0.00039] z=0.1061
[lowlevel-sim] FAIL-CLOSED engaged at t=41.383s, last command age 86.38 ms (deadline <= 100 ms) PASS
[lowlevel-sim] COMMANDED at t=41.388s (was fail-closed)
[lowlevel-sim][GT] t=41.401 quat=[0.47961, -0.52106, 0.49536, 0.50308] angvel=[-0.04681, 0.03889, 0.03242] linvel=[-0.00468, 0.00175, 0.00451] z=0.1058
[lowlevel-sim][GT] t=41.451 quat=[0.47978, -0.52104, 0.49517, 0.50312] angvel=[-0.02388, 0.02693, 0.04643] linvel=[0.00011, -0.00289, 0.00183] z=0.1058
[lowlevel-sim] t=  41.50 mode=cmd        pd=25859 hold=11032 failclosed=125 rtf=0.274 base_z=+0.106 pitch=+1.538 roll=-3.087 |tau|max= 35.00 sat=2/29 knee_L=+0.267 hip_p_L=-0.104 torn=11445 cmd_age=21.2ms auth=106.5s rig_ign=930 fix_base=0 sat_j=left_ankle_roll_joint:+35.0,right_ankle_roll_joint:-35.0
[lowlevel-sim][GT] t=41.501 quat=[0.47991, -0.52096, 0.49504, 0.50321] angvel=[0.04722, -0.01297, -0.00215] linvel=[-0.00498, 0.00032, -0.00352] z=0.1058
[lowlevel-sim][GT] t=41.551 quat=[0.48003, -0.52101, 0.49515, 0.50294] angvel=[-0.02028, 0.00929, 0.01068] linvel=[-0.00237, -0.00334, 0.00348] z=0.1058
[lowlevel-sim][GT] t=41.601 quat=[0.48035, -0.52087, 0.49492, 0.50299] angvel=[0.06654, 0.00403, -0.00174] linvel=[0.0007, 0.00268, -0.00505] z=0.1059
[lowlevel-sim][GT] t=41.651 quat=[0.48023, -0.52089, 0.49498, 0.50305] angvel=[-0.03506, -0.03688, -0.03663] linvel=[-0.00319, -0.00768, 0.00086] z=0.1059
[lowlevel-sim][GT] t=41.701 quat=[0.48024, -0.52082, 0.49492, 0.50316] angvel=[0.0552, -0.00085, 0.00937] linvel=[0.00181, 0.00047, -0.00351] z=0.1059
[lowlevel-sim][GT] t=41.751 quat=[0.4802, -0.52082, 0.49487, 0.50324] angvel=[-0.01368, -0.05445, -0.03686] linvel=[7e-05, -0.00357, 0.00133] z=0.1060
[lowlevel-sim][GT] t=41.801 quat=[0.48022, -0.52071, 0.49488, 0.50333] angvel=[0.02396, -0.06563, -0.02915] linvel=[-0.00133, 0.00089, -0.00071] z=0.1060
[lowlevel-sim][GT] t=41.851 quat=[0.47994, -0.52084, 0.495, 0.50335] angvel=[-0.02927, 0.04054, 0.0506] linvel=[0.00618, -0.00366, 0.00195] z=0.1059
[lowlevel-sim][GT] t=41.901 quat=[0.48001, -0.52083, 0.49492, 0.50338] angvel=[0.07288, -0.00507, 0.01007] linvel=[0.00184, 0.0033, -0.00367] z=0.1059
[lowlevel-sim][GT] t=41.951 quat=[0.47982, -0.52087, 0.49501, 0.50342] angvel=[-0.02864, 0.0303, 0.00874] linvel=[0.00024, -0.00319, 0.00363] z=0.1059
[lowlevel-sim] t=  42.00 mode=cmd        pd=26109 hold=11032 failclosed=125 rtf=0.275 base_z=+0.106 pitch=+1.538 roll=-3.097 |tau|max= 35.00 sat=2/29 knee_L=+0.268 hip_p_L=-0.104 torn=11481 cmd_age=35.8ms auth=108.2s rig_ign=930 fix_base=0 sat_j=left_ankle_roll_joint:+35.0,right_ankle_roll_joint:-35.0
[lowlevel-sim][GT] t=42.001 quat=[0.47989, -0.52078, 0.49497, 0.50349] angvel=[0.04087, 0.04975, 0.01367] linvel=[-7e-05, 0.00166, -0.00422] z=0.1059
[lowlevel-sim][GT] t=42.051 quat=[0.47982, -0.52079, 0.495, 0.50351] angvel=[0.00174, -0.02641, -0.00857] linvel=[0.00486, -0.0019, 0.00089] z=0.1059
[lowlevel-sim][GT] t=42.101 quat=[0.47989, -0.5207, 0.49503, 0.50351] angvel=[-0.00076, -0.05139, -0.02635] linvel=[-0.00191, -6e-05, 0.00232] z=0.1060
[lowlevel-sim][GT] t=42.151 quat=[0.47981, -0.52081, 0.49492, 0.50357] angvel=[-0.03687, -0.01302, 0.00055] linvel=[0.0055, -0.00209, 0.00209] z=0.1060
[lowlevel-sim][GT] t=42.201 quat=[0.47986, -0.52075, 0.49476, 0.50375] angvel=[-0.00044, -0.06335, -0.02418] linvel=[-0.00036, 0.00091, 0.00203] z=0.1060
[lowlevel-sim][GT] t=42.251 quat=[0.47961, -0.5208, 0.49478, 0.50392] angvel=[-0.04631, -0.00735, 0.01417] linvel=[0.00512, -0.00089, 0.00584] z=0.1061
[lowlevel-sim][GT] t=42.301 quat=[0.47963, -0.52083, 0.49464, 0.504] angvel=[-0.01347, -0.03695, -0.00894] linvel=[0.00065, -0.00158, 0.00244] z=0.1061
[lowlevel-sim][GT] t=42.351 quat=[0.47931, -0.521, 0.49474, 0.50404] angvel=[-0.03499, 0.00846, 0.00774] linvel=[0.00419, -0.00178, 0.00078] z=0.1060
[lowlevel-sim][GT] t=42.401 quat=[0.47946, -0.52082, 0.49473, 0.5041] angvel=[0.0665, 0.01118, -0.01189] linvel=[0.00345, 0.00302, -0.00586] z=0.1060
[lowlevel-sim][GT] t=42.451 quat=[0.47932, -0.52087, 0.49482, 0.50409] angvel=[-0.02149, 0.00414, -0.00117] linvel=[0.00892, -0.00383, -0.00012] z=0.1060
[lowlevel-sim] t=  42.50 mode=cmd        pd=26359 hold=11032 failclosed=125 rtf=0.275 base_z=+0.106 pitch=+1.539 roll=-3.122 |tau|max= 35.00 sat=2/29 knee_L=+0.271 hip_p_L=-0.105 torn=11504 cmd_age=30.0ms auth=110.0s rig_ign=930 fix_base=0 sat_j=left_ankle_roll_joint:+35.0,right_ankle_roll_joint:-35.0
[lowlevel-sim][GT] t=42.501 quat=[0.47955, -0.52072, 0.49477, 0.50406] angvel=[0.02196, -0.01447, -0.01628] linvel=[-0.0019, -0.00326, -0.00201] z=0.1061
[lowlevel-sim][GT] t=42.551 quat=[0.47947, -0.52078, 0.49483, 0.50403] angvel=[-0.03107, -0.02271, -0.00371] linvel=[0.00264, -0.00329, 0.00246] z=0.1061
[lowlevel-sim][GT] t=42.601 quat=[0.47954, -0.52069, 0.49482, 0.50405] angvel=[0.04961, 0.03953, 0.00012] linvel=[0.00304, 0.00122, -0.00186] z=0.1061
[lowlevel-sim][GT] t=42.651 quat=[0.47941, -0.5208, 0.49482, 0.50407] angvel=[-0.03644, -0.01415, 0.01541] linvel=[0.00467, -0.00323, 0.00402] z=0.1061
[lowlevel-sim][GT] t=42.701 quat=[0.47933, -0.52084, 0.49474, 0.50418] angvel=[0.0471, -0.00116, -0.00744] linvel=[-0.0012, 0.00023, -0.0044] z=0.1061
[lowlevel-sim][GT] t=42.751 quat=[0.47923, -0.52096, 0.49473, 0.50416] angvel=[-0.05453, -0.03748, -0.0361] linvel=[-0.00511, -0.00831, 0.0023] z=0.1061
[lowlevel-sim][GT] t=42.801 quat=[0.47925, -0.52095, 0.49468, 0.5042] angvel=[0.06654, 0.01106, -0.01785] linvel=[-0.00693, -0.00215, -0.00736] z=0.1060
[lowlevel-sim][GT] t=42.851 quat=[0.47928, -0.52098, 0.49464, 0.50418] angvel=[-0.02295, 0.01945, 0.02398] linvel=[-0.00084, -0.00319, 0.00308] z=0.1061
[lowlevel-sim][GT] t=42.901 quat=[0.47942, -0.52089, 0.49454, 0.50424] angvel=[0.00516, 0.02085, 0.01262] linvel=[-0.00258, -0.00047, -0.00049] z=0.1061
[lowlevel-sim][GT] t=42.951 quat=[0.47935, -0.521, 0.49453, 0.50421] angvel=[-0.0222, 0.02888, 0.04825] linvel=[0.00189, -0.00314, 0.00233] z=0.1061
[lowlevel-sim] t=  43.00 mode=cmd        pd=26609 hold=11032 failclosed=125 rtf=0.275 base_z=+0.106 pitch=+1.539 roll=-3.114 |tau|max= 35.00 sat=2/29 knee_L=+0.270 hip_p_L=-0.104 torn=11519 cmd_age=36.9ms auth=111.8s rig_ign=930 fix_base=0 sat_j=left_ankle_roll_joint:+35.0,right_ankle_roll_joint:-35.0
[lowlevel-sim][GT] t=43.001 quat=[0.47946, -0.52091, 0.49441, 0.50431] angvel=[-0.00069, 0.0816, 0.01233] linvel=[0.00168, -0.0008, -0.00092] z=0.1061
[lowlevel-sim][GT] t=43.051 quat=[0.47954, -0.5209, 0.49449, 0.50417] angvel=[-0.01138, 0.00434, -0.00953] linvel=[-0.00244, -0.00229, -0.00051] z=0.1061
[lowlevel-sim][GT] t=43.101 quat=[0.47962, -0.52089, 0.49444, 0.50415] angvel=[0.02508, -0.00394, 0.00383] linvel=[-0.00222, 0.00057, -0.00183] z=0.1061
[lowlevel-sim][GT] t=43.151 quat=[0.47961, -0.52098, 0.49452, 0.50398] angvel=[-0.03147, -0.0035, -0.00392] linvel=[-0.00469, -0.00261, 0.00296] z=0.1061
[lowlevel-sim][GT] t=43.201 quat=[0.47974, -0.52094, 0.49451, 0.50392] angvel=[0.03222, -0.01241, -0.01738] linvel=[-0.00454, -0.00143, -0.00308] z=0.1060
[lowlevel-sim][GT] t=43.251 quat=[0.4798, -0.52097, 0.49451, 0.50382] angvel=[-0.01741, -0.00995, 0.01081] linvel=[-0.00387, -0.00286, 0.00158] z=0.1061
[lowlevel-sim][GT] t=43.301 quat=[0.47987, -0.52095, 0.4944, 0.50388] angvel=[0.02895, -0.00091, -0.00354] linvel=[-0.00109, 0.00342, -0.00104] z=0.1061
[lowlevel-sim][GT] t=43.351 quat=[0.47983, -0.52103, 0.49447, 0.50378] angvel=[-0.00657, -0.00257, -0.00205] linvel=[-0.00365, -0.0035, 0.00141] z=0.1060
[lowlevel-sim][GT] t=43.401 quat=[0.47996, -0.52092, 0.49444, 0.50378] angvel=[0.02206, -0.00718, -0.00368] linvel=[-0.00475, -0.0009, -0.00209] z=0.1060
[lowlevel-sim][GT] t=43.451 quat=[0.47993, -0.52101, 0.49462, 0.50355] angvel=[-0.04515, 0.01778, 0.00457] linvel=[-0.00487, -0.0048, 0.0001] z=0.1060
[lowlevel-sim] t=  43.50 mode=cmd        pd=26859 hold=11032 failclosed=125 rtf=0.275 base_z=+0.106 pitch=+1.538 roll=-3.078 |tau|max= 35.00 sat=2/29 knee_L=+0.267 hip_p_L=-0.103 torn=11532 cmd_age=18.7ms auth=113.4s rig_ign=930 fix_base=0 sat_j=left_ankle_roll_joint:+35.0,right_ankle_roll_joint:-35.0
[lowlevel-sim][GT] t=43.501 quat=[0.47999, -0.521, 0.49463, 0.50349] angvel=[0.0538, 0.00946, 0.01508] linvel=[-0.00342, 0.00229, -0.00352] z=0.1059
[lowlevel-sim][GT] t=43.551 quat=[0.48012, -0.52099, 0.49467, 0.50334] angvel=[-0.01539, -0.03408, -0.04788] linvel=[-0.00567, -0.00634, -0.00117] z=0.1059
[lowlevel-sim][GT] t=43.601 quat=[0.48021, -0.52089, 0.49467, 0.50337] angvel=[0.01535, -0.0139, 0.00082] linvel=[0.00036, 0.00155, -0.0003] z=0.1059
[lowlevel-sim][GT] t=43.651 quat=[0.48021, -0.5209, 0.49472, 0.5033] angvel=[-0.04932, -0.04792, -0.03121] linvel=[0.0009, -0.00211, 0.00532] z=0.1060
[lowlevel-sim][GT] t=43.701 quat=[0.48027, -0.52074, 0.4947, 0.50342] angvel=[0.04648, -0.00524, -0.00376] linvel=[0.00418, 0.00197, -0.00164] z=0.1060
[lowlevel-sim][GT] t=43.751 quat=[0.48017, -0.52075, 0.49471, 0.5035] angvel=[-0.0298, 0.02823, 0.03457] linvel=[0.00952, -0.00284, 0.00312] z=0.1061
[lowlevel-sim][GT] t=43.801 quat=[0.48009, -0.52071, 0.49466, 0.50367] angvel=[-0.03783, 0.00554, 0.01462] linvel=[0.0037, -0.0001, 0.00381] z=0.1061
[lowlevel-sim][GT] t=43.851 quat=[0.47986, -0.52079, 0.49465, 0.50382] angvel=[-0.0122, 0.00363, 0.0207] linvel=[0.00592, -0.00143, 0.00123] z=0.1061
[lowlevel-sim][GT] t=43.901 quat=[0.47982, -0.52075, 0.49449, 0.50405] angvel=[-0.01703, -0.04504, -0.01983] linvel=[-0.00176, -0.00136, 0.00163] z=0.1062
[lowlevel-sim][GT] t=43.951 quat=[0.4796, -0.52087, 0.49449, 0.50414] angvel=[-0.02941, 0.00881, 0.00483] linvel=[0.00402, -0.00322, 0.00401] z=0.1062
[lowlevel-sim] t=  44.00 mode=cmd        pd=27109 hold=11032 failclosed=125 rtf=0.275 base_z=+0.106 pitch=+1.539 roll=-3.111 |tau|max= 35.00 sat=2/29 knee_L=+0.270 hip_p_L=-0.104 torn=11553 cmd_age=34.3ms auth=115.0s rig_ign=930 fix_base=0 sat_j=left_ankle_roll_joint:+35.0,right_ankle_roll_joint:-35.0
[lowlevel-sim][GT] t=44.001 quat=[0.47947, -0.52096, 0.49436, 0.50429] angvel=[0.03398, 0.02602, 0.01865] linvel=[0.00232, 0.00135, -0.00199] z=0.1061
[lowlevel-sim][GT] t=44.051 quat=[0.47917, -0.52111, 0.49442, 0.50436] angvel=[-0.03115, -0.00191, 0.01386] linvel=[0.00353, -0.00669, 0.00101] z=0.1061
[lowlevel-sim][GT] t=44.101 quat=[0.47922, -0.5211, 0.49439, 0.50437] angvel=[0.05657, 0.01963, -0.01615] linvel=[-0.00064, -0.00043, -0.00613] z=0.1061
[lowlevel-sim][GT] t=44.151 quat=[0.47901, -0.52128, 0.49436, 0.5044] angvel=[-0.0241, 0.02167, 0.05128] linvel=[0.00846, -0.00455, 0.00042] z=0.1060
[lowlevel-sim][GT] t=44.201 quat=[0.47905, -0.52121, 0.49431, 0.50449] angvel=[0.01913, 0.03851, 0.00743] linvel=[0.0048, 0.00151, -0.00145] z=0.1060
[lowlevel-sim][GT] t=44.251 quat=[0.47904, -0.52125, 0.49429, 0.50448] angvel=[-0.02752, 0.01376, -0.014] linvel=[0.00326, -0.00267, 0.0034] z=0.1061
[lowlevel-sim][GT] t=44.301 quat=[0.47907, -0.52123, 0.49427, 0.50449] angvel=[0.04815, 0.0123, 0.01715] linvel=[0.00322, 0.00217, -0.00152] z=0.1061
[lowlevel-sim][GT] t=44.351 quat=[0.47902, -0.52132, 0.49426, 0.50446] angvel=[-0.02635, -0.00151, -0.00751] linvel=[0.00667, -0.00278, 0.00377] z=0.1060
[lowlevel-sim][GT] t=44.401 quat=[0.47899, -0.52133, 0.49417, 0.50455] angvel=[0.05854, 0.00211, 0.02157] linvel=[0.00427, 0.00145, -0.00634] z=0.1060
[lowlevel-sim][GT] t=44.451 quat=[0.47882, -0.52148, 0.49413, 0.50459] angvel=[-0.02929, -0.02591, 0.01988] linvel=[0.00584, -0.00284, 0.00334] z=0.1060
[lowlevel-sim] t=  44.50 mode=cmd        pd=27359 hold=11032 failclosed=125 rtf=0.276 base_z=+0.106 pitch=+1.539 roll=-3.120 |tau|max= 35.00 sat=2/29 knee_L=+0.270 hip_p_L=-0.105 torn=11573 cmd_age=39.1ms auth=116.8s rig_ign=930 fix_base=0 sat_j=left_ankle_roll_joint:+35.0,right_ankle_roll_joint:-35.0
[lowlevel-sim][GT] t=44.501 quat=[0.47882, -0.52145, 0.49402, 0.50473] angvel=[0.00613, -0.04001, -0.0253] linvel=[-0.00115, -0.0031, 0.00255] z=0.1061
[lowlevel-sim][GT] t=44.551 quat=[0.47863, -0.52154, 0.49395, 0.5049] angvel=[-0.01972, -0.00514, -0.00027] linvel=[0.00862, -0.00439, -0.00045] z=0.1061
[lowlevel-sim][GT] t=44.601 quat=[0.4786, -0.52156, 0.49384, 0.505] angvel=[0.04009, 0.0865, 0.03122] linvel=[0.00907, -0.00028, -0.0024] z=0.1061
[lowlevel-sim][GT] t=44.651 quat=[0.47843, -0.52168, 0.49383, 0.50506] angvel=[-0.0031, 0.00765, -0.00194] linvel=[0.00512, -0.00315, -2e-05] z=0.1061
[lowlevel-sim][GT] t=44.701 quat=[0.47829, -0.52168, 0.49379, 0.50523] angvel=[0.03369, 0.03703, 0.02249] linvel=[0.00473, 0.00101, -0.00345] z=0.1061
[lowlevel-sim][GT] t=44.751 quat=[0.47816, -0.52185, 0.49377, 0.50521] angvel=[-0.02886, -0.02232, 0.00381] linvel=[0.00443, -0.00366, 0.00399] z=0.1061
[lowlevel-sim][GT] t=44.801 quat=[0.47825, -0.52183, 0.49365, 0.50525] angvel=[0.0023, 0.02595, 0.00692] linvel=[0.0027, -0.00184, 0.0008] z=0.1061
[lowlevel-sim][GT] t=44.851 quat=[0.47826, -0.52186, 0.49369, 0.50518] angvel=[-0.03914, 0.01742, -0.00285] linvel=[0.00036, -0.00172, 0.0038] z=0.1061
[lowlevel-sim][GT] t=44.901 quat=[0.47832, -0.52181, 0.49362, 0.50523] angvel=[0.03545, 0.00123, -0.01484] linvel=[-0.00104, -0.00197, -0.00487] z=0.1061
[lowlevel-sim][GT] t=44.951 quat=[0.47837, -0.52191, 0.49368, 0.50503] angvel=[-0.0079, -0.00435, 0.02044] linvel=[0.00079, -0.00549, -0.00105] z=0.1061
[lowlevel-sim] t=  45.00 mode=cmd        pd=27609 hold=11032 failclosed=125 rtf=0.276 base_z=+0.106 pitch=+1.539 roll=-3.123 |tau|max= 35.00 sat=2/29 knee_L=+0.271 hip_p_L=-0.105 torn=11590 cmd_age=34.8ms auth=118.4s rig_ign=930 fix_base=0 sat_j=left_ankle_roll_joint:+35.0,right_ankle_roll_joint:-35.0
[lowlevel-sim][GT] t=45.001 quat=[0.47834, -0.52187, 0.49356, 0.50521] angvel=[0.0435, 0.01345, 0.00911] linvel=[-0.00063, 0.00343, 0.00039] z=0.1061
[lowlevel-sim][GT] t=45.051 quat=[0.47827, -0.52203, 0.4935, 0.50517] angvel=[-0.05098, 0.03957, 0.01636] linvel=[-0.00027, -0.00491, 0.00468] z=0.1061
[lowlevel-sim][GT] t=45.101 quat=[0.47822, -0.52201, 0.49343, 0.50531] angvel=[-0.01113, 0.04966, 0.03088] linvel=[0.00372, -0.00065, -0.0001] z=0.1061
[lowlevel-sim][GT] t=45.151 quat=[0.47796, -0.5222, 0.49342, 0.50537] angvel=[-0.03705, 0.01604, 0.01712] linvel=[0.00169, -0.00229, 0.00392] z=0.1061
[lowlevel-sim][GT] t=45.201 quat=[0.47803, -0.52203, 0.49335, 0.50555] angvel=[0.03022, 0.10787, 0.01485] linvel=[0.00423, 0.0031, -0.00172] z=0.1061
[lowlevel-sim][GT] t=45.251 quat=[0.47803, -0.52205, 0.49351, 0.50538] angvel=[-0.04108, 0.02936, 0.02371] linvel=[0.00818, -0.00765, 0.00109] z=0.1061
[lowlevel-sim][GT] t=45.301 quat=[0.47823, -0.52189, 0.49358, 0.50527] angvel=[0.04712, 0.0256, -0.00528] linvel=[0.00135, 0.00211, -0.00317] z=0.1061
[lowlevel-sim][GT] t=45.351 quat=[0.47818, -0.52202, 0.49356, 0.50522] angvel=[-0.01644, -0.03072, 0.01279] linvel=[0.00452, -0.00315, 0.00139] z=0.1061
[lowlevel-sim][GT] t=45.401 quat=[0.47837, -0.52198, 0.4935, 0.50513] angvel=[-0.0039, 0.04874, -0.00019] linvel=[0.00196, -0.00364, -0.0006] z=0.1061
[lowlevel-sim][GT] t=45.451 quat=[0.47828, -0.52199, 0.49356, 0.50514] angvel=[-0.03124, 0.00613, -0.00265] linvel=[0.00318, -0.00077, 0.0019] z=0.1061
[lowlevel-sim] t=  45.50 mode=cmd        pd=27859 hold=11032 failclosed=125 rtf=0.276 base_z=+0.106 pitch=+1.539 roll=-3.121 |tau|max= 35.00 sat=2/29 knee_L=+0.270 hip_p_L=-0.105 torn=11610 cmd_age=49.9ms auth=120.2s rig_ign=930 fix_base=0 sat_j=left_ankle_roll_joint:+35.0,right_ankle_roll_joint:-35.0
[lowlevel-sim][GT] t=45.501 quat=[0.47832, -0.52192, 0.49353, 0.50521] angvel=[0.01948, 0.03015, 0.00174] linvel=[0.00557, -0.00237, -0.0022] z=0.1061
[lowlevel-sim][GT] t=45.551 quat=[0.4783, -0.522, 0.49354, 0.50514] angvel=[-0.03567, 0.01885, 0.01298] linvel=[0.00353, -0.0031, 0.00263] z=0.1061
[lowlevel-sim][GT] t=45.601 quat=[0.47827, -0.5219, 0.49346, 0.50534] angvel=[0.07212, 0.02798, -0.00132] linvel=[0.00164, 0.00263, -0.00533] z=0.1061
[lowlevel-sim][GT] t=45.651 quat=[0.4782, -0.52185, 0.49351, 0.50542] angvel=[0.00326, -0.00569, -0.01729] linvel=[0.00572, -0.00357, -0.00068] z=0.1061
[lowlevel-sim][GT] t=45.701 quat=[0.47831, -0.52177, 0.49347, 0.50544] angvel=[0.03934, 0.049, 0.01299] linvel=[0.00206, 0.0008, -0.00411] z=0.1062
[lowlevel-sim][GT] t=45.751 quat=[0.47818, -0.52188, 0.49356, 0.50535] angvel=[-0.01922, -0.00565, -0.00387] linvel=[0.00337, -0.0035, 0.00442] z=0.1061
[lowlevel-sim][GT] t=45.801 quat=[0.47824, -0.52182, 0.49351, 0.50541] angvel=[0.03013, 0.0301, 0.01025] linvel=[0.00409, 0.0024, 0.00057] z=0.1061
[lowlevel-sim][GT] t=45.851 quat=[0.47808, -0.52196, 0.49354, 0.5054] angvel=[-0.04326, 0.00439, 0.02388] linvel=[0.0036, -0.0053, 0.00215] z=0.1061
[lowlevel-sim][GT] t=45.901 quat=[0.47809, -0.52193, 0.49339, 0.50555] angvel=[-0.00291, 0.04779, 0.02018] linvel=[0.00466, -0.0014, 0.00167] z=0.1061
[lowlevel-sim][GT] t=45.951 quat=[0.47799, -0.522, 0.49341, 0.50556] angvel=[-0.02493, 0.02881, 0.03584] linvel=[0.00597, -0.00394, 0.00065] z=0.1062
[lowlevel-sim] t=  46.00 mode=cmd        pd=28109 hold=11032 failclosed=125 rtf=0.276 base_z=+0.106 pitch=+1.539 roll=-3.137 |tau|max= 35.00 sat=2/29 knee_L=+0.271 hip_p_L=-0.105 torn=11624 cmd_age=20.0ms auth=121.9s rig_ign=930 fix_base=0 sat_j=left_ankle_roll_joint:+35.0,right_ankle_roll_joint:-35.0
[lowlevel-sim][GT] t=46.001 quat=[0.47791, -0.52208, 0.49331, 0.50565] angvel=[0.02617, 0.10927, 0.02224] linvel=[0.00516, 0.00068, -0.00288] z=0.1061
[lowlevel-sim][GT] t=46.051 quat=[0.47785, -0.52215, 0.49334, 0.50561] angvel=[-0.03043, 0.00441, 0.01557] linvel=[0.00307, -0.00355, 0.00024] z=0.1061
[lowlevel-sim][GT] t=46.101 quat=[0.47792, -0.52211, 0.49326, 0.50566] angvel=[0.02246, 0.03659, 0.01818] linvel=[0.00294, 0.00025, -0.00249] z=0.1061
[lowlevel-sim][GT] t=46.151 quat=[0.47786, -0.52217, 0.49328, 0.50563] angvel=[-0.0395, -0.00835, 0.01105] linvel=[0.00487, -0.00534, 0.00264] z=0.1061
[lowlevel-sim][GT] t=46.201 quat=[0.47794, -0.52216, 0.49323, 0.50561] angvel=[-0.02097, -0.00881, -0.01643] linvel=[-0.00085, -0.00371, 0.00241] z=0.1061
[lowlevel-sim][GT] t=46.251 quat=[0.47785, -0.52225, 0.49327, 0.50556] angvel=[-0.03582, 0.03541, 0.01575] linvel=[0.0026, -0.00558, 0.0024] z=0.1061
[lowlevel-sim][GT] t=46.301 quat=[0.47784, -0.52217, 0.49323, 0.5057] angvel=[0.00803, 0.04527, 0.01134] linvel=[0.00436, -0.00244, -0.00067] z=0.1061
[lowlevel-sim][GT] t=46.351 quat=[0.47782, -0.52207, 0.49337, 0.50568] angvel=[-0.025, -0.04386, -0.04158] linvel=[-0.00094, -0.00432, 0.00117] z=0.1061
[lowlevel-sim][GT] t=46.401 quat=[0.4779, -0.52194, 0.4933, 0.50581] angvel=[0.06329, 0.00659, 0.00435] linvel=[0.00266, 0.00295, -0.00359] z=0.1062
[lowlevel-sim][GT] t=46.451 quat=[0.47782, -0.52201, 0.4933, 0.50581] angvel=[-0.02106, -0.02119, -0.0104] linvel=[0.00385, -0.00222, 0.00318] z=0.1062
[lowlevel-sim] t=  46.50 mode=cmd        pd=28359 hold=11032 failclosed=125 rtf=0.277 base_z=+0.106 pitch=+1.539 roll=+3.135 |tau|max= 35.00 sat=2/29 knee_L=+0.272 hip_p_L=-0.106 torn=11650 cmd_age=38.5ms auth=123.4s rig_ign=930 fix_base=0 sat_j=left_ankle_roll_joint:+35.0,right_ankle_roll_joint:-35.0
[lowlevel-sim][GT] t=46.501 quat=[0.47793, -0.52188, 0.49331, 0.50583] angvel=[0.07643, 0.02139, -0.0148] linvel=[-0.00206, 0.00356, -0.00344] z=0.1062
[lowlevel-sim][GT] t=46.551 quat=[0.47793, -0.52196, 0.49325, 0.50581] angvel=[-0.01714, -0.02249, -0.004] linvel=[0.00148, -0.00397, 0.00192] z=0.1063
[lowlevel-sim][GT] t=46.601 quat=[0.47782, -0.52199, 0.49322, 0.50591] angvel=[0.01989, 0.05093, 0.01984] linvel=[-0.00025, 0.00124, -0.00297] z=0.1062
[lowlevel-sim][GT] t=46.651 quat=[0.47767, -0.52215, 0.49316, 0.50595] angvel=[-0.01476, -0.02721, 0.00273] linvel=[0.00292, -0.00389, -0.00049] z=0.1062
[lowlevel-sim][GT] t=46.701 quat=[0.47768, -0.52215, 0.49311, 0.506] angvel=[0.01027, 0.03698, 0.01798] linvel=[0.00165, 0.00084, -0.00218] z=0.1062
[lowlevel-sim][GT] t=46.751 quat=[0.47777, -0.52212, 0.49319, 0.50585] angvel=[-0.01482, -0.00192, -0.01449] linvel=[-0.00028, -0.00072, 0.00308] z=0.1062
[lowlevel-sim][GT] t=46.801 quat=[0.47778, -0.52204, 0.49324, 0.50588] angvel=[-0.0004, 0.05455, 0.01029] linvel=[0.00014, 0.00087, -0.00037] z=0.1062
[lowlevel-sim][GT] t=46.851 quat=[0.47781, -0.52211, 0.49327, 0.50575] angvel=[-0.02666, -0.01484, 0.00846] linvel=[0.00199, -0.00696, 2e-05] z=0.1062
[lowlevel-sim][GT] t=46.901 quat=[0.47778, -0.52205, 0.49323, 0.50589] angvel=[0.06163, 0.03699, 0.0007] linvel=[-0.00492, 0.00116, -0.00696] z=0.1062
[lowlevel-sim][GT] t=46.951 quat=[0.47783, -0.52201, 0.49319, 0.50591] angvel=[-0.01984, 0.01937, 0.03049] linvel=[0.00473, -0.00246, 0.00275] z=0.1063
[lowlevel-sim] t=  47.00 mode=cmd        pd=28609 hold=11032 failclosed=125 rtf=0.277 base_z=+0.106 pitch=+1.540 roll=-3.141 |tau|max= 35.00 sat=2/29 knee_L=+0.272 hip_p_L=-0.105 torn=11669 cmd_age=26.9ms auth=124.9s rig_ign=930 fix_base=0 sat_j=left_ankle_roll_joint:+35.0,right_ankle_roll_joint:-35.0
[lowlevel-sim][GT] t=47.001 quat=[0.47796, -0.52197, 0.49312, 0.5059] angvel=[-0.00128, -0.05954, -0.02292] linvel=[-0.00699, -0.00083, 0.00087] z=0.1063
[lowlevel-sim][GT] t=47.051 quat=[0.47798, -0.52196, 0.49306, 0.50594] angvel=[-0.03391, 0.04616, 0.0463] linvel=[0.00182, -0.00375, 0.00198] z=0.1063
[lowlevel-sim][GT] t=47.101 quat=[0.47811, -0.52188, 0.49305, 0.50592] angvel=[-0.05915, 0.00743, 0.00944] linvel=[-0.00559, -0.00254, 0.00596] z=0.1063
[lowlevel-sim][GT] t=47.151 quat=[0.47818, -0.52192, 0.49308, 0.50579] angvel=[-0.04679, -0.01197, 0.00378] linvel=[-0.00622, -0.00032, 0.00512] z=0.1063
[lowlevel-sim][GT] t=47.201 quat=[0.47854, -0.52182, 0.49299, 0.50563] angvel=[0.03418, -0.05349, -0.02049] linvel=[-0.01143, -0.00283, -0.00267] z=0.1063
[lowlevel-sim][GT] t=47.251 quat=[0.47843, -0.52195, 0.49309, 0.50551] angvel=[-0.02528, -0.00247, 0.02682] linvel=[-0.00176, -0.00577, -0.00142] z=0.1063
[lowlevel-sim][GT] t=47.301 quat=[0.4786, -0.52185, 0.49305, 0.50549] angvel=[-0.02137, -0.02589, -0.02895] linvel=[-0.00917, -0.00313, 0.00257] z=0.1063
[lowlevel-sim][GT] t=47.351 quat=[0.47854, -0.52185, 0.49313, 0.50546] angvel=[-0.0395, 0.01911, -0.01351] linvel=[-0.00677, -0.00376, 0.00295] z=0.1063
[lowlevel-sim][GT] t=47.401 quat=[0.47869, -0.52177, 0.49309, 0.50544] angvel=[-0.06648, 0.01448, 0.00761] linvel=[-0.00471, -0.00227, 0.00555] z=0.1063
[lowlevel-sim][GT] t=47.451 quat=[0.47869, -0.5218, 0.49314, 0.50536] angvel=[0.00101, -0.01821, -0.01246] linvel=[-0.00199, -0.00289, -0.00026] z=0.1063
[lowlevel-sim] t=  47.50 mode=cmd        pd=28859 hold=11032 failclosed=125 rtf=0.277 base_z=+0.106 pitch=+1.540 roll=-3.108 |tau|max= 35.00 sat=2/29 knee_L=+0.270 hip_p_L=-0.104 torn=11681 cmd_age=34.1ms auth=126.5s rig_ign=930 fix_base=0 sat_j=left_ankle_roll_joint:+35.0,right_ankle_roll_joint:-35.0
[lowlevel-sim][GT] t=47.501 quat=[0.47868, -0.52176, 0.4932, 0.50536] angvel=[0.02932, -0.08777, -0.02619] linvel=[-0.00814, -0.00056, -0.00247] z=0.1063
[lowlevel-sim][GT] t=47.551 quat=[0.47862, -0.52186, 0.49321, 0.5053] angvel=[-0.02443, -0.00378, -9e-05] linvel=[0.00036, -0.00321, 0.00274] z=0.1062
[lowlevel-sim][GT] t=47.601 quat=[0.47863, -0.52188, 0.49319, 0.5053] angvel=[-0.01447, -0.05535, -0.02203] linvel=[-0.00427, -0.00212, 0.00207] z=0.1062
[lowlevel-sim][GT] t=47.651 quat=[0.47843, -0.522, 0.49325, 0.5053] angvel=[-0.03798, 0.01528, -0.00848] linvel=[0.00073, -0.00208, 0.00413] z=0.1062
[lowlevel-sim][GT] t=47.701 quat=[0.47843, -0.52199, 0.49314, 0.50541] angvel=[-0.01151, -0.06234, -0.01139] linvel=[-0.00332, -0.0024, 0.00276] z=0.1062
[lowlevel-sim][GT] t=47.751 quat=[0.47827, -0.5221, 0.49307, 0.50552] angvel=[-0.0348, -0.01196, 0.00448] linvel=[0.0043, -0.00615, 0.00109] z=0.1062
[lowlevel-sim][GT] t=47.801 quat=[0.4783, -0.52206, 0.49301, 0.50559] angvel=[0.05779, 0.0317, -0.0001] linvel=[0.00159, 0.00226, -0.00606] z=0.1062
[lowlevel-sim][GT] t=47.851 quat=[0.47824, -0.52205, 0.49303, 0.50564] angvel=[-0.02645, -0.01879, -0.00776] linvel=[0.00615, -0.00095, 0.00225] z=0.1062
[lowlevel-sim][GT] t=47.901 quat=[0.47821, -0.52206, 0.493, 0.50569] angvel=[0.03702, 0.03468, 0.01748] linvel=[0.00454, 0.00064, -0.00316] z=0.1062
[lowlevel-sim][GT] t=47.951 quat=[0.47811, -0.52211, 0.49307, 0.50566] angvel=[-0.0157, -0.00833, -0.00725] linvel=[0.00535, 0.00033, 0.00207] z=0.1062
[lowlevel-sim] FAIL-CLOSED engaged at t=47.960s, last command age 88.94 ms (deadline <= 100 ms) PASS
[lowlevel-sim] COMMANDED at t=47.962s (was fail-closed)
[lowlevel-sim] t=  48.00 mode=cmd        pd=29109 hold=11032 failclosed=126 rtf=0.278 base_z=+0.106 pitch=+1.539 roll=-3.134 |tau|max=  8.91 sat=0/29 knee_L=+0.272 hip_p_L=-0.106 torn=11708 cmd_age=54.1ms auth=128.2s rig_ign=930 fix_base=0
[lowlevel-sim][GT] t=48.001 quat=[0.47785, -0.52219, 0.49321, 0.50569] angvel=[-0.02931, -0.01773, 0.00154] linvel=[0.00539, -0.00216, 0.00074] z=0.1062
[lowlevel-sim][GT] t=48.051 quat=[0.47789, -0.52222, 0.49307, 0.50576] angvel=[0.03619, -0.01831, -0.00255] linvel=[0.00763, 0.00241, -0.00302] z=0.1062
[lowlevel-sim] FAIL-CLOSED engaged at t=48.057s, last command age 86.38 ms (deadline <= 100 ms) PASS
[lowlevel-sim] COMMANDED at t=48.060s (was fail-closed)
[lowlevel-sim][GT] t=48.101 quat=[0.47739, -0.52241, 0.49346, 0.50565] angvel=[-0.04364, 0.01165, 0.01289] linvel=[0.00273, -0.0056, 0.0036] z=0.1060
[lowlevel-sim][GT] t=48.151 quat=[0.47754, -0.52234, 0.49337, 0.50567] angvel=[0.04794, 0.02725, 0.0182] linvel=[0.00267, -0.00083, -0.00579] z=0.1060
[lowlevel-sim][GT] t=48.201 quat=[0.47747, -0.52237, 0.4933, 0.50577] angvel=[-0.01592, 0.03158, 0.04441] linvel=[0.00818, -0.00702, 0.00025] z=0.1061
[lowlevel-sim][GT] t=48.251 quat=[0.47744, -0.52227, 0.4933, 0.5059] angvel=[-0.01935, -0.03409, -0.02967] linvel=[-0.00017, -0.00253, 0.00431] z=0.1061
[lowlevel-sim][GT] t=48.301 quat=[0.47745, -0.52236, 0.49325, 0.50586] angvel=[-0.01438, -0.01306, 0.02059] linvel=[0.00572, -0.00405, 0.00045] z=0.1061
[lowlevel-sim][GT] t=48.351 quat=[0.47738, -0.52233, 0.49317, 0.50603] angvel=[0.01452, 0.05086, 0.00352] linvel=[0.00173, 0.00285, 1e-05] z=0.1061
[lowlevel-sim][GT] t=48.401 quat=[0.47742, -0.52229, 0.49319, 0.50601] angvel=[-0.03365, -0.03618, -0.0443] linvel=[-0.00394, -0.0087, 0.00231] z=0.1061
[lowlevel-sim][GT] t=48.451 quat=[0.47764, -0.52217, 0.4932, 0.50591] angvel=[-0.01316, -0.03454, -0.03715] linvel=[-0.00429, -0.00182, 0.00383] z=0.1061
[lowlevel-sim] t=  48.50 mode=cmd        pd=29361 hold=11032 failclosed=129 rtf=0.278 base_z=+0.106 pitch=+1.539 roll=-3.139 |tau|max=  9.93 sat=0/29 knee_L=+0.271 hip_p_L=-0.106 torn=11718 cmd_age=31.2ms auth=129.8s rig_ign=930 fix_base=0
[lowlevel-sim][GT] t=48.501 quat=[0.47769, -0.52226, 0.4932, 0.50578] angvel=[-0.01387, 0.02948, 0.03357] linvel=[0.00623, -0.00655, -0.00102] z=0.1061
[lowlevel-sim][GT] t=48.551 quat=[0.47786, -0.52216, 0.49315, 0.50576] angvel=[-0.00737, -0.06884, -0.02341] linvel=[-0.00286, -0.00145, 0.00246] z=0.1061
[lowlevel-sim][GT] t=48.601 quat=[0.47777, -0.52223, 0.49326, 0.50568] angvel=[-0.03172, 0.00041, 0.00271] linvel=[-0.0002, -0.00193, 0.00352] z=0.1061
[lowlevel-sim][GT] t=48.651 quat=[0.47778, -0.52215, 0.49319, 0.50582] angvel=[0.0368, 0.01093, -0.0082] linvel=[-0.00071, 0.00291, -0.0013] z=0.1061
[lowlevel-sim][GT] t=48.701 quat=[0.47783, -0.52218, 0.49313, 0.5058] angvel=[-0.03352, 0.00409, 9e-05] linvel=[-0.00176, -0.00267, 0.00247] z=0.1062
[lowlevel-sim][GT] t=48.751 quat=[0.47781, -0.52215, 0.49307, 0.50591] angvel=[-0.04089, 0.01166, 0.01518] linvel=[-0.00242, -0.00282, 0.00596] z=0.1062
[lowlevel-sim][GT] t=48.801 quat=[0.47786, -0.5221, 0.49313, 0.50585] angvel=[-0.02971, -0.00429, -0.00671] linvel=[-0.00365, 0.00025, 0.00514] z=0.1062
[lowlevel-sim][GT] t=48.851 quat=[0.47807, -0.52199, 0.49312, 0.50577] angvel=[-0.00753, -0.08136, -0.01316] linvel=[-0.0083, -0.00327, 0.00081] z=0.1062
[lowlevel-sim][GT] t=48.901 quat=[0.47804, -0.52208, 0.49319, 0.50564] angvel=[-0.02091, 0.01681, 0.03338] linvel=[0.00045, -0.00374, 0.00205] z=0.1062
[lowlevel-sim][GT] t=48.951 quat=[0.47813, -0.52212, 0.49303, 0.50567] angvel=[0.05483, 0.05686, 0.02736] linvel=[-0.00104, -0.00021, -0.00347] z=0.1062
[lowlevel-sim] t=  49.00 mode=cmd        pd=29611 hold=11032 failclosed=129 rtf=0.278 base_z=+0.106 pitch=+1.539 roll=-3.118 |tau|max=  9.37 sat=0/29 knee_L=+0.271 hip_p_L=-0.105 torn=11746 cmd_age=91.2ms auth=131.4s rig_ign=930 fix_base=0
[lowlevel-sim][GT] t=49.001 quat=[0.47816, -0.52215, 0.49305, 0.50559] angvel=[-0.04487, -0.03315, -0.01584] linvel=[-0.00337, -0.00293, 0.005] z=0.1062
[lowlevel-sim][GT] t=49.051 quat=[0.47821, -0.52212, 0.49304, 0.50559] angvel=[0.07026, -0.00122, -0.01196] linvel=[-0.00393, 0.00239, -0.00629] z=0.1062
[lowlevel-sim][GT] t=49.101 quat=[0.47813, -0.52213, 0.49309, 0.5056] angvel=[-0.03624, -0.001, -0.00402] linvel=[-0.00351, -0.0002, 0.00513] z=0.1062
[lowlevel-sim][GT] t=49.151 quat=[0.47841, -0.52198, 0.49306, 0.50553] angvel=[0.05884, 0.00954, -0.00162] linvel=[-0.00434, 0.00288, -0.0039] z=0.1062
[lowlevel-sim][GT] t=49.201 quat=[0.47839, -0.52195, 0.49314, 0.5055] angvel=[-0.04503, 0.0273, 0.0291] linvel=[0.00346, -0.00816, 0.00128] z=0.1062
[lowlevel-sim][GT] t=49.251 quat=[0.47844, -0.52195, 0.49316, 0.50543] angvel=[0.00342, 0.06257, 0.00284] linvel=[-0.00031, 0.00024, -0.00087] z=0.1062
[lowlevel-sim][GT] t=49.301 quat=[0.47845, -0.52194, 0.49329, 0.5053] angvel=[-0.00309, -0.02109, -0.0112] linvel=[-0.00233, -0.00231, 0.00179] z=0.1062
[lowlevel-sim][GT] t=49.351 quat=[0.47851, -0.52185, 0.49332, 0.50531] angvel=[0.01044, 0.04748, 0.02183] linvel=[-0.00515, -0.00029, -0.00261] z=0.1062
[lowlevel-sim][GT] t=49.401 quat=[0.47852, -0.52186, 0.49339, 0.50522] angvel=[-0.0278, -0.02447, 0.00155] linvel=[-0.00207, -0.00218, 0.00314] z=0.1062
[lowlevel-sim][GT] t=49.451 quat=[0.47863, -0.52185, 0.49331, 0.5052] angvel=[-0.01512, -0.03523, -0.00679] linvel=[-0.00785, -0.00194, 0.00241] z=0.1061
[lowlevel-sim] t=  49.50 mode=cmd        pd=29861 hold=11032 failclosed=129 rtf=0.279 base_z=+0.106 pitch=+1.539 roll=-3.115 |tau|max=  9.22 sat=0/29 knee_L=+0.271 hip_p_L=-0.105 torn=11769 cmd_age=33.6ms auth=133.0s rig_ign=930 fix_base=0
[lowlevel-sim][GT] t=49.501 quat=[0.47839, -0.52197, 0.49336, 0.50526] angvel=[-0.09115, -0.01368, -0.00055] linvel=[-0.00485, -0.00166, 0.00373] z=0.1061
[lowlevel-sim][GT] t=49.551 quat=[0.47841, -0.52202, 0.49328, 0.50527] angvel=[0.06263, 0.01764, 0.00086] linvel=[-0.00397, 0.00057, -0.00698] z=0.1061
[lowlevel-sim][GT] t=49.601 quat=[0.47826, -0.5221, 0.49331, 0.5053] angvel=[-0.04862, 0.00641, 0.00481] linvel=[-0.00385, -0.00536, 0.00274] z=0.1061
[lowlevel-sim][GT] t=49.651 quat=[0.47838, -0.52211, 0.49321, 0.50527] angvel=[0.00814, 0.00077, 0.00043] linvel=[-0.00123, -0.00032, -0.00113] z=0.1060
[lowlevel-sim][GT] t=49.701 quat=[0.47844, -0.52213, 0.49329, 0.50512] angvel=[-0.03122, 0.01003, 0.00703] linvel=[-0.00239, -0.004, 0.00344] z=0.1060
[lowlevel-sim][GT] t=49.751 quat=[0.47853, -0.52201, 0.49324, 0.5052] angvel=[-0.01819, 0.03451, 0.01028] linvel=[-0.00044, -0.00356, 0.00013] z=0.1060
[lowlevel-sim][GT] t=49.801 quat=[0.47842, -0.52211, 0.4933, 0.50514] angvel=[-0.03589, 0.02794, 0.03972] linvel=[0.00421, -0.00311, 0.00161] z=0.1060
[lowlevel-sim][GT] t=49.851 quat=[0.47852, -0.52199, 0.49326, 0.50522] angvel=[0.00906, 0.09008, 0.03467] linvel=[0.0059, 0.00267, 0.00078] z=0.1061
[lowlevel-sim][GT] t=49.901 quat=[0.47854, -0.522, 0.49339, 0.50505] angvel=[-0.01201, 0.00051, -0.0076] linvel=[0.00025, -0.00322, -0.00017] z=0.1061
[lowlevel-sim][GT] t=49.951 quat=[0.47853, -0.52198, 0.49329, 0.50518] angvel=[0.03078, 0.02624, 0.00513] linvel=[0.00163, 0.00281, -0.00154] z=0.1061
[lowlevel-sim] t=  50.00 mode=cmd        pd=30111 hold=11032 failclosed=129 rtf=0.279 base_z=+0.106 pitch=+1.539 roll=-3.098 |tau|max=  8.99 sat=0/29 knee_L=+0.270 hip_p_L=-0.104 torn=11803 cmd_age=22.0ms auth=134.5s rig_ign=930 fix_base=0
[lowlevel-sim][GT] t=50.001 quat=[0.47847, -0.52215, 0.49326, 0.50509] angvel=[-0.04227, -0.00493, 0.00428] linvel=[0.00292, -0.00304, 0.0007] z=0.1061
[lowlevel-sim][GT] t=50.051 quat=[0.47833, -0.52208, 0.49314, 0.50542] angvel=[0.03992, 0.01435, 0.01677] linvel=[0.00532, 0.00317, -0.00294] z=0.1061
[lowlevel-sim][GT] t=50.101 quat=[0.47826, -0.52212, 0.49316, 0.50542] angvel=[-0.01778, -0.05158, -0.01801] linvel=[0.00315, -0.00466, 0.00265] z=0.1061
[lowlevel-sim][GT] t=50.151 quat=[0.4782, -0.5221, 0.49307, 0.50559] angvel=[0.04254, -0.01176, -0.01065] linvel=[0.00607, 0.00212, -0.00421] z=0.1061
[lowlevel-sim][GT] t=50.201 quat=[0.47801, -0.52221, 0.49309, 0.50563] angvel=[-0.03271, 0.02388, 0.01846] linvel=[0.00342, -0.0031, 0.00465] z=0.1061
[lowlevel-sim][GT] t=50.251 quat=[0.47802, -0.52208, 0.49301, 0.50584] angvel=[0.02471, 0.02596, 0.00894] linvel=[0.00605, -0.00136, -0.00223] z=0.1062
[lowlevel-sim][GT] t=50.301 quat=[0.47791, -0.52213, 0.49317, 0.50572] angvel=[-0.02874, -0.03961, -0.04995] linvel=[0.00034, -0.00732, 0.00122] z=0.1062
[lowlevel-sim][GT] t=50.351 quat=[0.47795, -0.52214, 0.49322, 0.50563] angvel=[0.00921, 0.04645, -0.00867] linvel=[0.00312, -0.00357, -0.00294] z=0.1061
[lowlevel-sim] FAIL-CLOSED engaged at t=50.400s, last command age 85.12 ms (deadline <= 100 ms) PASS
[lowlevel-sim][GT] t=50.401 quat=[0.47781, -0.52223, 0.49339, 0.50551] angvel=[-0.12793, 0.00858, -0.00713] linvel=[0.00242, -0.00535, -0.00143] z=0.1061
[lowlevel-sim] COMMANDED at t=50.402s (was fail-closed)
[lowlevel-sim][GT] t=50.451 quat=[0.47766, -0.52224, 0.49357, 0.50547] angvel=[0.04215, 0.0443, 0.00767] linvel=[0.00229, 0.00286, -0.00193] z=0.1059
[lowlevel-sim] t=  50.50 mode=cmd        pd=30361 hold=11032 failclosed=130 rtf=0.279 base_z=+0.106 pitch=+1.538 roll=-3.138 |tau|max=  9.50 sat=0/29 knee_L=+0.271 hip_p_L=-0.106 torn=11820 cmd_age=20.2ms auth=136.2s rig_ign=930 fix_base=0
[lowlevel-sim][GT] t=50.501 quat=[0.47773, -0.52226, 0.49351, 0.50543] angvel=[-0.00602, -0.00535, -0.01628] linvel=[0.00307, -0.00466, -0.00136] z=0.1059
[lowlevel-sim][GT] t=50.551 quat=[0.47771, -0.52221, 0.49352, 0.5055] angvel=[0.05688, 0.02276, -0.00653] linvel=[0.00235, 0.00122, -0.00378] z=0.1060
[lowlevel-sim][GT] t=50.601 quat=[0.47777, -0.52223, 0.49354, 0.5054] angvel=[-0.05541, -0.0222, 0.0045] linvel=[0.00226, -0.00584, 0.00471] z=0.1060
[lowlevel-sim][GT] t=50.651 quat=[0.47787, -0.52208, 0.49353, 0.50547] angvel=[0.04962, 0.00666, -0.00854] linvel=[-0.00193, -0.00091, -0.00438] z=0.1060
[lowlevel-sim][GT] t=50.701 quat=[0.47789, -0.52209, 0.49359, 0.50539] angvel=[-0.03442, 0.00264, -0.00054] linvel=[0.00108, -0.00889, 0.00097] z=0.1060
[lowlevel-sim][GT] t=50.751 quat=[0.47802, -0.52197, 0.49348, 0.50548] angvel=[0.0003, 0.10082, 0.04003] linvel=[0.00389, 0.00299, 0.00075] z=0.1060
[lowlevel-sim][GT] t=50.801 quat=[0.47794, -0.52209, 0.49354, 0.50539] angvel=[-0.01261, 0.00688, 0.0023] linvel=[0.00012, -0.00062, 0.00282] z=0.1060
[lowlevel-sim][GT] t=50.851 quat=[0.47805, -0.522, 0.49339, 0.50551] angvel=[0.01489, 0.00143, -0.01737] linvel=[-0.00392, -0.00067, 0.00047] z=0.1061
[lowlevel-sim][GT] t=50.901 quat=[0.47804, -0.52202, 0.49336, 0.50555] angvel=[-0.03733, 0.02128, 0.02638] linvel=[-0.00036, -0.00236, 0.00512] z=0.1061
[lowlevel-sim][GT] t=50.951 quat=[0.47822, -0.52188, 0.4932, 0.50567] angvel=[0.03377, 0.01071, -0.00556] linvel=[-0.00396, 0.00257, -0.00396] z=0.1062
[lowlevel-sim] t=  51.00 mode=cmd        pd=30611 hold=11032 failclosed=130 rtf=0.280 base_z=+0.106 pitch=+1.540 roll=-3.129 |tau|max= 10.01 sat=0/29 knee_L=+0.271 hip_p_L=-0.105 torn=11845 cmd_age=26.0ms auth=137.6s rig_ign=930 fix_base=0
[lowlevel-sim][GT] t=51.001 quat=[0.47827, -0.52184, 0.49329, 0.50558] angvel=[-0.00852, 0.03034, 0.04877] linvel=[0.00108, -0.00299, 0.00334] z=0.1062
[lowlevel-sim][GT] t=51.051 quat=[0.47845, -0.52176, 0.49326, 0.50552] angvel=[-0.00987, 0.04087, 0.00778] linvel=[-0.00199, 0.00025, 0.00033] z=0.1062
[lowlevel-sim][GT] t=51.101 quat=[0.47844, -0.52189, 0.49344, 0.50522] angvel=[-0.0474, -0.0058, 0.00875] linvel=[0.00025, -0.00296, 0.00243] z=0.1061
[lowlevel-sim][GT] t=51.151 quat=[0.47847, -0.52184, 0.4934, 0.50528] angvel=[0.06335, 0.00952, 0.00068] linvel=[-0.00313, 0.00315, -0.00467] z=0.1061
[lowlevel-sim][GT] t=51.201 quat=[0.47848, -0.52183, 0.49342, 0.50527] angvel=[-0.04054, -0.03742, -0.03119] linvel=[-0.00646, -0.00776, 0.00062] z=0.1062
[lowlevel-sim][GT] t=51.251 quat=[0.47852, -0.52181, 0.49331, 0.50535] angvel=[0.06264, -0.00766, -0.02438] linvel=[-0.00433, 0.00299, -0.00425] z=0.1062
[lowlevel-sim][GT] t=51.301 quat=[0.47846, -0.52186, 0.49334, 0.50533] angvel=[-0.05695, 0.02423, 0.01568] linvel=[-0.00423, -0.00202, 0.00402] z=0.1062
[lowlevel-sim][GT] t=51.351 quat=[0.47846, -0.5218, 0.49329, 0.50543] angvel=[0.00394, 0.00564, 0.02172] linvel=[-0.0039, 0.00257, 8e-05] z=0.1062
[lowlevel-sim][GT] t=51.401 quat=[0.4784, -0.52188, 0.49329, 0.5054] angvel=[-0.04072, 0.03392, 0.04756] linvel=[0.00025, -0.00534, 0.00175] z=0.1062
[lowlevel-sim][GT] t=51.451 quat=[0.4785, -0.52181, 0.49317, 0.50551] angvel=[0.04886, -0.00852, -0.00839] linvel=[-0.00187, 0.00328, -0.00439] z=0.1062
[lowlevel-sim] t=  51.50 mode=cmd        pd=30861 hold=11032 failclosed=130 rtf=0.280 base_z=+0.106 pitch=+1.540 roll=-3.116 |tau|max=  9.85 sat=0/29 knee_L=+0.270 hip_p_L=-0.104 torn=11868 cmd_age=35.0ms auth=139.2s rig_ign=930 fix_base=0
[lowlevel-sim][GT] t=51.501 quat=[0.47849, -0.52183, 0.4933, 0.50537] angvel=[-0.03497, 0.02251, 0.0364] linvel=[-0.00169, -0.00471, 0.00153] z=0.1062
[lowlevel-sim][GT] t=51.551 quat=[0.4787, -0.52167, 0.49334, 0.5053] angvel=[0.0408, 0.02066, -0.01022] linvel=[-0.00508, 0.00329, -0.0023] z=0.1062
[lowlevel-sim][GT] t=51.601 quat=[0.47861, -0.52185, 0.49337, 0.50516] angvel=[-0.02167, -0.01899, -0.03701] linvel=[-0.00805, -0.00774, -0.00217] z=0.1061
[lowlevel-sim][GT] t=51.651 quat=[0.47867, -0.5218, 0.49337, 0.50517] angvel=[0.0245, 0.02607, 0.01494] linvel=[-0.00215, 0.00215, -0.00073] z=0.1061
[lowlevel-sim][GT] t=51.701 quat=[0.47856, -0.522, 0.4934, 0.50502] angvel=[-0.03531, -0.04149, -0.00949] linvel=[-0.00138, -0.00852, 0.00069] z=0.1061
[lowlevel-sim] FAIL-CLOSED engaged at t=51.702s, last command age 86.85 ms (deadline <= 100 ms) PASS
[lowlevel-sim] COMMANDED at t=51.712s (was fail-closed)
[lowlevel-sim] FAIL-CLOSED engaged at t=51.714s, last command age 85.01 ms (deadline <= 100 ms) PASS
[lowlevel-sim] COMMANDED at t=51.716s (was fail-closed)
[lowlevel-sim][GT] t=51.751 quat=[0.47696, -0.52347, 0.49438, 0.50406] angvel=[0.02583, -0.06938, 0.01079] linvel=[-0.00806, -0.00632, 0.00761] z=0.1052
[lowlevel-sim][GT] t=51.801 quat=[0.47766, -0.52324, 0.49354, 0.50446] angvel=[0.0954, 0.02881, 0.02201] linvel=[-0.00108, 0.00462, -0.00116] z=0.1055
[lowlevel-sim][GT] t=51.851 quat=[0.47762, -0.52308, 0.49333, 0.50487] angvel=[-0.01723, -0.01332, -0.0115] linvel=[0.00712, -0.00359, 0.00683] z=0.1057
[lowlevel-sim][GT] t=51.901 quat=[0.4776, -0.52264, 0.49338, 0.5053] angvel=[0.00112, -0.03862, -0.00613] linvel=[0.00433, -0.00018, 0.00421] z=0.1058
[lowlevel-sim][GT] t=51.951 quat=[0.47745, -0.5224, 0.49365, 0.50543] angvel=[-0.04188, 0.03668, 0.00115] linvel=[0.00849, -0.00189, 0.00476] z=0.1059
[lowlevel-sim] t=  52.00 mode=cmd        pd=31115 hold=11032 failclosed=140 rtf=0.280 base_z=+0.106 pitch=+1.538 roll=-3.137 |tau|max= 35.00 sat=2/29 knee_L=+0.270 hip_p_L=-0.106 torn=11896 cmd_age=25.4ms auth=141.1s rig_ign=930 fix_base=0 sat_j=left_ankle_roll_joint:+35.0,right_ankle_roll_joint:-35.0
[lowlevel-sim][GT] t=52.001 quat=[0.47792, -0.52206, 0.49385, 0.50513] angvel=[-0.01714, 0.06225, -0.00522] linvel=[0.0081, -0.00332, 0.00109] z=0.1059
[lowlevel-sim][GT] t=52.051 quat=[0.47833, -0.52194, 0.49403, 0.50469] angvel=[-0.01173, -0.0567, -0.07206] linvel=[0.00092, -0.00712, 0.00143] z=0.1060
[lowlevel-sim][GT] t=52.101 quat=[0.47879, -0.5217, 0.49408, 0.50446] angvel=[0.05418, -0.02386, -0.01037] linvel=[0.00413, 0.00297, -0.00115] z=0.1061
[lowlevel-sim][GT] t=52.151 quat=[0.47892, -0.52168, 0.49414, 0.50429] angvel=[-0.02539, -0.01909, -0.01004] linvel=[0.00215, -0.0082, 0.00417] z=0.1061
[lowlevel-sim][GT] t=52.201 quat=[0.47902, -0.52148, 0.49406, 0.50448] angvel=[0.00803, 0.04824, 0.02914] linvel=[0.00811, 0.00196, 0.00405] z=0.1062
[lowlevel-sim][GT] t=52.251 quat=[0.47901, -0.52138, 0.49419, 0.50447] angvel=[-0.01236, -0.02276, -0.04928] linvel=[0.00074, -0.00337, 0.00171] z=0.1062
[lowlevel-sim][GT] t=52.301 quat=[0.47914, -0.52113, 0.49414, 0.50465] angvel=[0.00907, 0.06825, 0.01307] linvel=[0.00852, -0.00101, -0.00151] z=0.1063
[lowlevel-sim][GT] t=52.351 quat=[0.47897, -0.52119, 0.49432, 0.50458] angvel=[-0.03289, -0.01234, -0.03042] linvel=[0.00243, -0.00795, 0.00294] z=0.1063
[lowlevel-sim][GT] t=52.401 quat=[0.47899, -0.52093, 0.49432, 0.50483] angvel=[0.01344, 0.06211, 0.02156] linvel=[0.00817, -0.00232, 0.00117] z=0.1064
[lowlevel-sim][GT] t=52.451 quat=[0.47894, -0.52083, 0.49431, 0.50499] angvel=[0.00287, -0.04328, -0.0315] linvel=[0.00139, -0.00576, -0.00027] z=0.1064
[lowlevel-sim] t=  52.50 mode=cmd        pd=31365 hold=11032 failclosed=140 rtf=0.280 base_z=+0.106 pitch=+1.540 roll=+3.128 |tau|max= 35.00 sat=2/29 knee_L=+0.274 hip_p_L=-0.106 torn=11922 cmd_age=30.6ms auth=142.7s rig_ign=930 fix_base=0 sat_j=left_ankle_roll_joint:+35.0,right_ankle_roll_joint:-35.0
[lowlevel-sim][GT] t=52.501 quat=[0.47904, -0.52067, 0.49436, 0.50501] angvel=[0.02742, 0.03609, 0.00015] linvel=[0.00652, 0.00025, -0.00157] z=0.1065
[lowlevel-sim][GT] t=52.551 quat=[0.47904, -0.52066, 0.49445, 0.50493] angvel=[-0.04403, 0.04646, 0.04916] linvel=[0.00854, -0.00597, 0.00102] z=0.1065
[lowlevel-sim][GT] t=52.601 quat=[0.47906, -0.52064, 0.49428, 0.50509] angvel=[-0.00012, 0.03082, 0.02013] linvel=[0.00723, -0.00188, -0.00047] z=0.1065
[lowlevel-sim][GT] t=52.651 quat=[0.47881, -0.52071, 0.49439, 0.50515] angvel=[-0.03174, 0.05956, 0.05963] linvel=[0.00373, -0.0074, 0.00156] z=0.1064
[lowlevel-sim][GT] t=52.701 quat=[0.4786, -0.52075, 0.49426, 0.50544] angvel=[0.02645, 0.05429, 0.01814] linvel=[-0.00156, 0.00199, -6e-05] z=0.1064
[lowlevel-sim][GT] t=52.751 quat=[0.47841, -0.52086, 0.49436, 0.50541] angvel=[-0.00114, -0.0087, -0.00827] linvel=[-0.00305, -0.00761, -0.0004] z=0.1064
[lowlevel-sim][GT] t=52.801 quat=[0.47856, -0.52084, 0.49437, 0.50528] angvel=[-0.02739, -0.06322, -0.02703] linvel=[-0.00527, -0.00282, 0.00146] z=0.1064
[lowlevel-sim][GT] t=52.851 quat=[0.47844, -0.52085, 0.49437, 0.50537] angvel=[-0.03415, -0.01724, -0.00209] linvel=[0.00037, -0.00586, 0.00383] z=0.1064
[lowlevel-sim][GT] t=52.901 quat=[0.47894, -0.52065, 0.4943, 0.50518] angvel=[0.08037, 0.02296, -0.0146] linvel=[-0.00419, 0.0032, -0.00541] z=0.1064
[lowlevel-sim][GT] t=52.951 quat=[0.47918, -0.52052, 0.49444, 0.50495] angvel=[-0.0276, -0.04198, -0.02974] linvel=[0.0018, -0.00401, 0.0028] z=0.1065
[lowlevel-sim] t=  53.00 mode=cmd        pd=31615 hold=11032 failclosed=140 rtf=0.280 base_z=+0.106 pitch=+1.540 roll=+3.136 |tau|max= 35.00 sat=2/29 knee_L=+0.273 hip_p_L=-0.105 torn=11940 cmd_age=37.4ms auth=144.5s rig_ign=930 fix_base=0 sat_j=left_ankle_roll_joint:+35.0,right_ankle_roll_joint:-35.0
[lowlevel-sim][GT] t=53.001 quat=[0.47943, -0.5204, 0.49447, 0.5048] angvel=[0.01506, 0.04163, 0.02723] linvel=[-0.00059, -0.00217, -0.00271] z=0.1064
[lowlevel-sim][GT] t=53.051 quat=[0.47942, -0.52044, 0.49457, 0.50467] angvel=[-0.0228, -0.04193, -0.02383] linvel=[-0.00386, -0.00777, -0.00082] z=0.1064
[lowlevel-sim][GT] t=53.101 quat=[0.47918, -0.52056, 0.49458, 0.50477] angvel=[0.02511, -0.01684, -0.0053] linvel=[-0.00191, -0.001, -0.00416] z=0.1064
[lowlevel-sim][GT] t=53.151 quat=[0.47916, -0.52067, 0.49467, 0.5046] angvel=[-0.04419, -0.03197, -0.02915] linvel=[-0.00685, -0.011, 0.00355] z=0.1063
[lowlevel-sim][GT] t=53.201 quat=[0.47933, -0.5206, 0.49465, 0.50451] angvel=[0.05581, 0.03656, 0.01501] linvel=[-0.00293, 0.00134, -0.00413] z=0.1063
[lowlevel-sim][GT] t=53.251 quat=[0.47944, -0.52063, 0.49471, 0.50433] angvel=[-0.00531, -0.02596, -0.02871] linvel=[-0.0052, -0.00623, -0.00086] z=0.1063
[lowlevel-sim][GT] t=53.301 quat=[0.47946, -0.52058, 0.49459, 0.50447] angvel=[0.04181, 0.02222, 0.01412] linvel=[0.00034, 0.00178, -0.00246] z=0.1063
[lowlevel-sim][GT] t=53.351 quat=[0.47947, -0.52058, 0.49467, 0.50438] angvel=[-0.02333, -0.01848, -0.02956] linvel=[-0.00871, -0.00574, 0.00182] z=0.1063
[lowlevel-sim][GT] t=53.401 quat=[0.47951, -0.52048, 0.49474, 0.50439] angvel=[0.03075, 0.03116, 0.02109] linvel=[-0.0035, 0.00233, -0.00261] z=0.1063
[lowlevel-sim][GT] t=53.451 quat=[0.47951, -0.52056, 0.49483, 0.5042] angvel=[-0.00739, -0.00445, -0.01491] linvel=[-0.00248, -0.00681, 0.00066] z=0.1063
[lowlevel-sim] t=  53.50 mode=cmd        pd=31865 hold=11032 failclosed=140 rtf=0.280 base_z=+0.106 pitch=+1.539 roll=-3.126 |tau|max= 35.00 sat=2/29 knee_L=+0.272 hip_p_L=-0.105 torn=11958 cmd_age=35.3ms auth=146.0s rig_ign=930 fix_base=0 sat_j=left_ankle_roll_joint:+35.0,right_ankle_roll_joint:-35.0
[lowlevel-sim][GT] t=53.501 quat=[0.47979, -0.52041, 0.49485, 0.50408] angvel=[0.01056, 0.0251, -0.0161] linvel=[-0.00061, -0.00088, -0.00164] z=0.1063
[lowlevel-sim][GT] t=53.551 quat=[0.47978, -0.52042, 0.49491, 0.50403] angvel=[-0.0386, 0.02413, 0.03812] linvel=[0.00969, -0.00515, 0.00274] z=0.1063
[lowlevel-sim][GT] t=53.601 quat=[0.47993, -0.52027, 0.49482, 0.50412] angvel=[-0.01221, -0.03992, -0.01641] linvel=[-0.00201, -0.00192, 0.0031] z=0.1063
[lowlevel-sim][GT] t=53.651 quat=[0.47974, -0.52013, 0.4949, 0.50436] angvel=[-0.02232, 0.04767, 0.04291] linvel=[0.00825, -0.00304, 0.00144] z=0.1064
[lowlevel-sim][GT] t=53.701 quat=[0.47954, -0.52009, 0.49482, 0.50467] angvel=[-0.00351, 0.03526, 0.01615] linvel=[0.00207, -0.00032, 0.00081] z=0.1064
[lowlevel-sim][GT] t=53.751 quat=[0.47944, -0.52009, 0.49477, 0.50482] angvel=[-0.00436, 0.01676, 0.03828] linvel=[0.00835, -0.00382, -0.00053] z=0.1064
[lowlevel-sim][GT] t=53.801 quat=[0.47934, -0.52009, 0.49463, 0.50505] angvel=[-0.04379, -0.06662, 0.0012] linvel=[-0.00134, -0.00279, 0.00245] z=0.1064
[lowlevel-sim][GT] t=53.851 quat=[0.47911, -0.52025, 0.49473, 0.50501] angvel=[-0.03532, 0.03176, 0.04485] linvel=[0.00156, -0.00343, 0.00097] z=0.1064
[lowlevel-sim][GT] t=53.901 quat=[0.47917, -0.52032, 0.49467, 0.50495] angvel=[0.01657, 0.01523, 0.00519] linvel=[-0.00172, 0.00029, -0.00153] z=0.1064
[lowlevel-sim] FAIL-CLOSED engaged at t=53.933s, last command age 87.69 ms (deadline <= 100 ms) PASS
[lowlevel-sim] COMMANDED at t=53.936s (was fail-closed)
[lowlevel-sim][GT] t=53.951 quat=[0.47886, -0.52065, 0.49493, 0.50464] angvel=[-0.01889, -0.00049, -0.00346] linvel=[-0.00203, -0.00183, -0.00011] z=0.1063
[lowlevel-sim] t=  54.00 mode=cmd        pd=32117 hold=11032 failclosed=143 rtf=0.280 base_z=+0.106 pitch=+1.539 roll=+3.112 |tau|max= 35.00 sat=2/29 knee_L=+0.273 hip_p_L=-0.107 torn=11977 cmd_age=20.9ms auth=147.8s rig_ign=930 fix_base=0 sat_j=left_ankle_roll_joint:+35.0,right_ankle_roll_joint:-35.0
[lowlevel-sim][GT] t=54.001 quat=[0.47899, -0.52049, 0.49481, 0.5048] angvel=[0.06799, 0.00589, -0.00308] linvel=[-0.00795, -0.0011, -0.00555] z=0.1063
[lowlevel-sim][GT] t=54.051 quat=[0.47917, -0.52054, 0.49487, 0.50451] angvel=[-0.01492, 0.00195, -0.00921] linvel=[-0.00359, -0.00365, 0.00023] z=0.1063
[lowlevel-sim][GT] t=54.101 quat=[0.4793, -0.52056, 0.4948, 0.50444] angvel=[0.03288, 0.02286, 0.01579] linvel=[-0.00201, 0.00071, -0.00223] z=0.1063
[lowlevel-sim][GT] t=54.151 quat=[0.47954, -0.5205, 0.49477, 0.5043] angvel=[-0.03388, 0.01084, -0.00524] linvel=[-0.00547, -0.00421, 0.00235] z=0.1064
[lowlevel-sim] FAIL-CLOSED engaged at t=54.175s, last command age 86.01 ms (deadline <= 100 ms) PASS
[lowlevel-sim] COMMANDED at t=54.178s (was fail-closed)
[lowlevel-sim] FAIL-CLOSED engaged at t=54.188s, last command age 85.28 ms (deadline <= 100 ms) PASS
[lowlevel-sim] COMMANDED at t=54.190s (was fail-closed)
[lowlevel-sim][GT] t=54.201 quat=[0.4791, -0.52093, 0.49524, 0.50381] angvel=[-0.05099, 0.01025, 0.00061] linvel=[-0.00532, 0.00025, 0.007] z=0.1061
[lowlevel-sim][GT] t=54.251 quat=[0.4794, -0.52072, 0.49507, 0.50392] angvel=[-0.03033, -0.01193, -0.02216] linvel=[-0.00492, -0.00358, 0.0025] z=0.1062
[lowlevel-sim][GT] t=54.301 quat=[0.47979, -0.52064, 0.49493, 0.50377] angvel=[0.05784, -0.0096, 0.01293] linvel=[0.00243, 0.00321, -0.00386] z=0.1062
[lowlevel-sim][GT] t=54.351 quat=[0.47988, -0.52055, 0.495, 0.5037] angvel=[-0.04708, 0.01537, -0.0061] linvel=[0.00282, -0.00869, 0.00343] z=0.1062
[lowlevel-sim][GT] t=54.401 quat=[0.48004, -0.52043, 0.49494, 0.50374] angvel=[-0.00233, 0.07756, 0.00793] linvel=[0.00942, -0.00101, -0.00054] z=0.1063
[lowlevel-sim][GT] t=54.451 quat=[0.4799, -0.52045, 0.49506, 0.50374] angvel=[-0.01586, -0.0342, -0.03879] linvel=[0.00144, -0.00439, 0.00155] z=0.1063
[lowlevel-sim] t=  54.50 mode=cmd        pd=32369 hold=11032 failclosed=147 rtf=0.280 base_z=+0.106 pitch=+1.540 roll=-3.130 |tau|max= 35.00 sat=2/29 knee_L=+0.271 hip_p_L=-0.105 torn=12004 cmd_age=54.2ms auth=149.7s rig_ign=930 fix_base=0 sat_j=left_ankle_roll_joint:+35.0,right_ankle_roll_joint:-35.0
[lowlevel-sim][GT] t=54.501 quat=[0.4799, -0.52022, 0.49496, 0.50407] angvel=[-0.00014, 0.05085, 0.02934] linvel=[0.00372, -0.00073, 0.00151] z=0.1063
[lowlevel-sim][GT] t=54.551 quat=[0.4796, -0.52025, 0.49506, 0.50422] angvel=[-0.01001, 0.00852, 0.00042] linvel=[0.00217, -0.00341, 0.00103] z=0.1063
[lowlevel-sim] FAIL-CLOSED engaged at t=54.560s, last command age 87.92 ms (deadline <= 100 ms) PASS
[lowlevel-sim] COMMANDED at t=54.568s (was fail-closed)
[lowlevel-sim][GT] t=54.601 quat=[0.47854, -0.52092, 0.4957, 0.50391] angvel=[0.07926, 0.02681, 0.03014] linvel=[-0.00227, 0.00289, -0.00376] z=0.1059
[lowlevel-sim][GT] t=54.651 quat=[0.47864, -0.52072, 0.4954, 0.50432] angvel=[-0.02587, -0.02013, 0.00537] linvel=[-0.00325, -0.00121, 0.00589] z=0.1060
[lowlevel-sim][GT] t=54.701 quat=[0.47894, -0.52062, 0.49511, 0.50442] angvel=[-0.00418, 0.0152, 0.00619] linvel=[-0.00142, -0.00394, 0.00125] z=0.1061
[lowlevel-sim][GT] t=54.751 quat=[0.47906, -0.52068, 0.49515, 0.5042] angvel=[-0.00946, -0.02004, -0.01962] linvel=[-0.00593, -0.00771, 0.0018] z=0.1061
[lowlevel-sim][GT] t=54.801 quat=[0.47934, -0.52063, 0.49494, 0.50419] angvel=[0.03689, 0.01135, 0.00889] linvel=[0.00266, 0.00181, -0.0024] z=0.1061
[lowlevel-sim][GT] t=54.851 quat=[0.47935, -0.52071, 0.49498, 0.50406] angvel=[-0.01597, -0.02584, -0.02764] linvel=[0.00045, -0.00542, 0.00063] z=0.1061
[lowlevel-sim][GT] t=54.901 quat=[0.47956, -0.5206, 0.49494, 0.50401] angvel=[-0.03321, -0.03078, -0.01186] linvel=[0.00722, -0.00314, 0.00505] z=0.1062
[lowlevel-sim][GT] t=54.951 quat=[0.47965, -0.5204, 0.49506, 0.50401] angvel=[-0.03897, -0.00547, 0.00184] linvel=[0.00613, -0.0006, 0.0037] z=0.1062
[lowlevel-sim] t=  55.00 mode=cmd        pd=32622 hold=11032 failclosed=154 rtf=0.280 base_z=+0.106 pitch=+1.539 roll=+3.131 |tau|max= 35.00 sat=2/29 knee_L=+0.272 hip_p_L=-0.106 torn=12023 cmd_age=35.2ms auth=151.4s rig_ign=930 fix_base=0 sat_j=left_ankle_roll_joint:+35.0,right_ankle_roll_joint:-35.0
[lowlevel-sim][GT] t=55.001 quat=[0.47946, -0.52033, 0.49503, 0.5043] angvel=[0.07266, -0.00326, -0.00621] linvel=[0.00307, 0.00157, -0.00592] z=0.1062
[lowlevel-sim][GT] t=55.051 quat=[0.47924, -0.52046, 0.49504, 0.50436] angvel=[-0.05519, 0.0063, -0.00223] linvel=[0.00634, -0.00716, 0.00285] z=0.1062
[lowlevel-sim] FAIL-CLOSED engaged at t=55.051s, last command age 87.43 ms (deadline <= 100 ms) PASS
[lowlevel-sim] COMMANDED at t=55.054s (was fail-closed)
[lowlevel-sim][GT] t=55.101 quat=[0.47885, -0.52068, 0.49533, 0.50422] angvel=[-0.02745, -0.01114, -0.03918] linvel=[0.0001, -0.00752, 0.00136] z=0.1061
[lowlevel-sim][GT] t=55.151 quat=[0.47918, -0.52038, 0.49516, 0.50439] angvel=[0.02567, -0.03033, -0.00815] linvel=[-0.00633, -0.00294, 0.00129] z=0.1062
[lowlevel-sim][GT] t=55.201 quat=[0.47904, -0.52041, 0.49515, 0.5045] angvel=[-0.02856, 0.01259, -0.01767] linvel=[-0.00208, -0.00229, 0.00259] z=0.1062
[lowlevel-sim][GT] t=55.251 quat=[0.47941, -0.52031, 0.49507, 0.50433] angvel=[0.01889, -0.03249, -0.01153] linvel=[0.00496, 0.00088, 0.00251] z=0.1062
[lowlevel-sim][GT] t=55.301 quat=[0.47945, -0.52031, 0.49513, 0.50424] angvel=[-0.01689, -0.02412, -0.02427] linvel=[-0.00183, -0.00423, 0.00119] z=0.1063
[lowlevel-sim][GT] t=55.351 quat=[0.4795, -0.52017, 0.49504, 0.50442] angvel=[-0.00539, 0.08962, 0.0298] linvel=[0.00631, -0.00359, 0.0002] z=0.1063
[lowlevel-sim][GT] t=55.401 quat=[0.4795, -0.5202, 0.49501, 0.50443] angvel=[-0.01482, -0.02398, -0.01238] linvel=[0.00048, -0.00522, 0.00264] z=0.1064
[lowlevel-sim][GT] t=55.451 quat=[0.47952, -0.52014, 0.49489, 0.50459] angvel=[-0.03899, 0.00446, -0.00479] linvel=[0.0079, -0.00065, 0.00624] z=0.1064
[lowlevel-sim] t=  55.50 mode=cmd        pd=32873 hold=11032 failclosed=156 rtf=0.280 base_z=+0.106 pitch=+1.540 roll=+3.121 |tau|max=  9.79 sat=0/29 knee_L=+0.274 hip_p_L=-0.106 torn=12046 cmd_age=24.4ms auth=153.2s rig_ign=930 fix_base=0
[lowlevel-sim][GT] t=55.501 quat=[0.4795, -0.52015, 0.49487, 0.5046] angvel=[-0.00893, -0.02336, -0.03052] linvel=[-0.00069, -0.00618, 0.00081] z=0.1065
[lowlevel-sim][GT] t=55.551 quat=[0.47934, -0.52007, 0.49481, 0.5049] angvel=[-0.04361, 0.02204, 0.01423] linvel=[0.00313, -0.00353, 0.00456] z=0.1065
[lowlevel-sim][GT] t=55.601 quat=[0.47947, -0.52007, 0.4948, 0.50479] angvel=[-0.01905, -0.04948, -0.04247] linvel=[-0.00386, -0.0075, -0.00245] z=0.1065
[lowlevel-sim][GT] t=55.651 quat=[0.4793, -0.52009, 0.49478, 0.50496] angvel=[-0.05254, 0.03946, 0.02043] linvel=[0.00266, -0.00356, 0.00566] z=0.1065
[lowlevel-sim][GT] t=55.701 quat=[0.47942, -0.52014, 0.49491, 0.50465] angvel=[-0.0277, 0.01493, 0.01745] linvel=[0.00056, -0.00278, 0.00296] z=0.1064
[lowlevel-sim][GT] t=55.751 quat=[0.47948, -0.52002, 0.49498, 0.50465] angvel=[-0.07755, 0.05729, 0.01676] linvel=[0.00452, -0.00352, 0.00436] z=0.1064
[lowlevel-sim][GT] t=55.801 quat=[0.47946, -0.52009, 0.49504, 0.50454] angvel=[-0.02218, -0.00985, -0.00622] linvel=[-0.00372, -0.00531, 0.00078] z=0.1064
[lowlevel-sim] FAIL-CLOSED engaged at t=55.820s, last command age 99.35 ms (deadline <= 100 ms) PASS
[lowlevel-sim] COMMANDED at t=55.822s (was fail-closed)
[lowlevel-sim][GT] t=55.851 quat=[0.47939, -0.5203, 0.49526, 0.50418] angvel=[-0.01719, 0.03355, 0.00642] linvel=[0.00155, -0.00023, 0.00467] z=0.1062
[lowlevel-sim][GT] t=55.901 quat=[0.47966, -0.52021, 0.49526, 0.50401] angvel=[-0.03407, 5e-05, -0.01771] linvel=[-0.00408, -0.0028, 0.00173] z=0.1063
[lowlevel-sim][GT] t=55.951 quat=[0.47986, -0.52009, 0.49531, 0.50389] angvel=[-0.02636, -0.05326, -0.00963] linvel=[-0.00304, -0.00293, 0.00285] z=0.1063
[lowlevel-sim] t=  56.00 mode=cmd        pd=33123 hold=11032 failclosed=157 rtf=0.281 base_z=+0.106 pitch=+1.539 roll=+3.138 |tau|max=  9.58 sat=0/29 knee_L=+0.273 hip_p_L=-0.106 torn=12068 cmd_age=45.2ms auth=154.8s rig_ign=930 fix_base=0
[lowlevel-sim][GT] t=56.001 quat=[0.47983, -0.52007, 0.4953, 0.50396] angvel=[-0.02194, 0.02208, 0.01635] linvel=[-0.00016, -0.00137, 0.00257] z=0.1063
[lowlevel-sim][GT] t=56.051 quat=[0.47979, -0.52001, 0.49508, 0.50427] angvel=[0.00358, 0.06915, 0.02526] linvel=[0.00393, 0.00229, 0.00222] z=0.1063
[lowlevel-sim][GT] t=56.101 quat=[0.47971, -0.5201, 0.49513, 0.5042] angvel=[-0.02165, -0.02527, -0.03623] linvel=[-0.00497, -0.00529, 0.00033] z=0.1063
[lowlevel-sim][GT] t=56.151 quat=[0.47962, -0.52011, 0.49497, 0.50443] angvel=[-0.04072, 0.0586, 0.03134] linvel=[0.00241, -0.00241, 0.00481] z=0.1063
[lowlevel-sim][GT] t=56.201 quat=[0.47959, -0.52016, 0.49499, 0.50439] angvel=[-0.04864, -0.01586, -0.01407] linvel=[-0.00043, -0.00986, 0.0022] z=0.1064
[lowlevel-sim][GT] t=56.251 quat=[0.47957, -0.52017, 0.49499, 0.50439] angvel=[0.0256, 0.04919, -0.01241] linvel=[-0.0039, -0.00322, -0.00228] z=0.1063
[lowlevel-sim][GT] t=56.301 quat=[0.47951, -0.52021, 0.49495, 0.50445] angvel=[-0.03407, -0.00243, -0.03974] linvel=[-0.00899, -0.00773, 0.00037] z=0.1063
[lowlevel-sim][GT] t=56.351 quat=[0.47963, -0.52011, 0.49494, 0.50445] angvel=[-0.01539, -0.05322, -0.02879] linvel=[-0.00481, -0.00163, 0.00309] z=0.1063
[lowlevel-sim][GT] t=56.401 quat=[0.47965, -0.52009, 0.49502, 0.50437] angvel=[-0.03041, -0.02371, -0.00857] linvel=[-0.00236, -0.00443, 0.00193] z=0.1063
[lowlevel-sim][GT] t=56.451 quat=[0.4799, -0.51999, 0.49515, 0.50412] angvel=[-0.0004, -0.06724, -0.03425] linvel=[-0.00442, -0.00265, 0.00212] z=0.1063
[lowlevel-sim] t=  56.50 mode=cmd        pd=33373 hold=11032 failclosed=157 rtf=0.281 base_z=+0.106 pitch=+1.540 roll=+3.126 |tau|max=  9.79 sat=0/29 knee_L=+0.273 hip_p_L=-0.106 torn=12085 cmd_age=29.1ms auth=156.6s rig_ign=930 fix_base=0
[lowlevel-sim][GT] t=56.501 quat=[0.47982, -0.5199, 0.49524, 0.5042] angvel=[-0.00456, -0.01023, 0.02918] linvel=[-0.00086, -0.00188, 0.00215] z=0.1064
[lowlevel-sim][GT] t=56.551 quat=[0.47992, -0.51981, 0.49514, 0.50429] angvel=[-0.00302, -0.05147, -0.01315] linvel=[-0.00396, -0.00266, 0.00128] z=0.1064
[lowlevel-sim][GT] t=56.601 quat=[0.47981, -0.51987, 0.49526, 0.50422] angvel=[-0.05105, -0.01658, 0.00851] linvel=[-0.00053, -0.00575, 0.00195] z=0.1064
[lowlevel-sim][GT] t=56.651 quat=[0.48002, -0.51976, 0.49519, 0.5042] angvel=[0.00771, -0.06582, -0.02221] linvel=[-0.00674, -5e-05, 0.00301] z=0.1064
[lowlevel-sim][GT] t=56.701 quat=[0.47977, -0.51999, 0.49511, 0.50428] angvel=[-0.04669, -0.00309, 0.00528] linvel=[-0.0003, -0.00288, 0.00237] z=0.1064
[lowlevel-sim][GT] t=56.751 quat=[0.47968, -0.52007, 0.49503, 0.50435] angvel=[0.02088, -0.03174, -0.00305] linvel=[-0.00934, -0.00335, -0.00044] z=0.1063
[lowlevel-sim][GT] t=56.801 quat=[0.47959, -0.52012, 0.49498, 0.50443] angvel=[-0.02972, 0.0066, -0.01982] linvel=[-0.00707, -0.00344, 0.00371] z=0.1063
[lowlevel-sim][GT] t=56.851 quat=[0.47961, -0.52006, 0.49482, 0.50464] angvel=[0.00668, 0.05646, 0.03488] linvel=[-0.00517, -0.00071, -0.00083] z=0.1063
[lowlevel-sim][GT] t=56.901 quat=[0.47965, -0.52028, 0.49496, 0.50424] angvel=[-0.02053, -0.01046, 0.00346] linvel=[-0.00077, -0.00252, -0.00028] z=0.1063
[lowlevel-sim][GT] t=56.951 quat=[0.47976, -0.52027, 0.4949, 0.5042] angvel=[0.05684, -0.01411, 0.0004] linvel=[-0.00127, 0.00162, -0.00559] z=0.1063
[lowlevel-sim] t=  57.00 mode=cmd        pd=33623 hold=11032 failclosed=157 rtf=0.281 base_z=+0.106 pitch=+1.539 roll=-3.131 |tau|max=  9.64 sat=0/29 knee_L=+0.272 hip_p_L=-0.106 torn=12103 cmd_age=37.3ms auth=158.4s rig_ign=930 fix_base=0
[lowlevel-sim][GT] t=57.001 quat=[0.47974, -0.52037, 0.49496, 0.50406] angvel=[-0.04625, 0.00483, 0.0056] linvel=[-0.00297, -0.00698, 0.00568] z=0.1063
[lowlevel-sim][GT] t=57.051 quat=[0.48003, -0.52024, 0.49491, 0.50396] angvel=[0.02674, 0.00899, 0.0059] linvel=[0.00699, -0.00135, -0.00136] z=0.1064
[lowlevel-sim][GT] t=57.101 quat=[0.48002, -0.52023, 0.49505, 0.50385] angvel=[-0.0123, 0.02307, -0.00189] linvel=[0.00216, -0.0014, 0.00182] z=0.1064
[lowlevel-sim][GT] t=57.151 quat=[0.47997, -0.52022, 0.49497, 0.50399] angvel=[-0.00237, 0.04089, 0.02379] linvel=[0.00344, -0.00091, 7e-05] z=0.1063
[lowlevel-sim][GT] t=57.201 quat=[0.47977, -0.52026, 0.49505, 0.50406] angvel=[-0.02826, 0.03007, 0.00041] linvel=[0.00214, -0.00344, 0.00221] z=0.1063
[lowlevel-sim][GT] t=57.251 quat=[0.47976, -0.52018, 0.49497, 0.50424] angvel=[0.02285, 0.03682, 0.00762] linvel=[0.00411, -0.0007, -0.00103] z=0.1064
[lowlevel-sim][GT] t=57.301 quat=[0.47959, -0.5202, 0.49504, 0.5043] angvel=[-0.02716, 0.03111, -0.00076] linvel=[0.00356, -0.00328, 0.00118] z=0.1063
[lowlevel-sim][GT] t=57.351 quat=[0.47959, -0.52005, 0.49499, 0.5045] angvel=[-0.04757, 0.01423, 0.02354] linvel=[0.00911, -0.00134, 0.00749] z=0.1063
[lowlevel-sim][GT] t=57.401 quat=[0.47951, -0.52012, 0.49516, 0.50434] angvel=[-0.03134, 0.02724, -0.00557] linvel=[-0.00065, -0.00361, 0.0012] z=0.1063
[lowlevel-sim][GT] t=57.451 quat=[0.47954, -0.52007, 0.49519, 0.50433] angvel=[-0.03584, -0.02181, 0.00816] linvel=[0.0049, -0.00392, 0.00448] z=0.1063
[lowlevel-sim] t=  57.50 mode=cmd        pd=33873 hold=11032 failclosed=157 rtf=0.281 base_z=+0.106 pitch=+1.539 roll=+3.125 |tau|max=  9.53 sat=0/29 knee_L=+0.274 hip_p_L=-0.106 torn=12129 cmd_age=27.6ms auth=160.1s rig_ign=930 fix_base=0
[lowlevel-sim][GT] t=57.501 quat=[0.4796, -0.5201, 0.49523, 0.50421] angvel=[-0.02544, -0.00157, -0.00039] linvel=[0.00331, -0.00406, 0.002] z=0.1063
[lowlevel-sim][GT] t=57.551 quat=[0.47955, -0.52005, 0.4952, 0.50435] angvel=[-0.02294, 0.03533, 0.01615] linvel=[-0.00263, -0.00342, 0.00319] z=0.1063
[lowlevel-sim][GT] t=57.601 quat=[0.47955, -0.52011, 0.49524, 0.50424] angvel=[-0.04678, 0.02098, 0.00527] linvel=[0.00123, -0.00088, 0.00483] z=0.1063
[lowlevel-sim][GT] t=57.651 quat=[0.4797, -0.52008, 0.49515, 0.50422] angvel=[0.02822, 0.08417, 0.01111] linvel=[0.00586, -0.00017, -0.00054] z=0.1063
[lowlevel-sim][GT] t=57.701 quat=[0.47987, -0.52009, 0.49515, 0.50404] angvel=[-0.03591, 0.02684, 0.01398] linvel=[0.00321, -0.00057, 0.00383] z=0.1063
[lowlevel-sim][GT] t=57.751 quat=[0.47994, -0.51995, 0.49506, 0.50421] angvel=[-0.02102, 0.05692, 0.02404] linvel=[0.00972, -0.00263, 0.00179] z=0.1064
[lowlevel-sim][GT] t=57.801 quat=[0.47988, -0.51998, 0.4952, 0.5041] angvel=[-0.04713, 0.01821, 0.01971] linvel=[0.00418, -0.00238, 0.00442] z=0.1064
[lowlevel-sim][GT] t=57.851 quat=[0.47976, -0.51996, 0.49512, 0.50431] angvel=[0.0401, 0.01923, 0.01149] linvel=[0.0029, 0.00129, -0.00296] z=0.1063
[lowlevel-sim][GT] t=57.901 quat=[0.47968, -0.52001, 0.49515, 0.50431] angvel=[-0.03283, -0.0118, -0.00709] linvel=[0.00594, -0.00194, 0.00456] z=0.1063
[lowlevel-sim][GT] t=57.951 quat=[0.47974, -0.51989, 0.49515, 0.50438] angvel=[0.04379, -0.00266, -0.01725] linvel=[0.00497, -0.00115, -0.0051] z=0.1063
[lowlevel-sim] t=  58.00 mode=cmd        pd=34123 hold=11032 failclosed=157 rtf=0.281 base_z=+0.106 pitch=+1.540 roll=+3.119 |tau|max=  9.92 sat=0/29 knee_L=+0.273 hip_p_L=-0.106 torn=12153 cmd_age=31.4ms auth=161.9s rig_ign=930 fix_base=0
[lowlevel-sim][GT] t=58.001 quat=[0.47971, -0.51991, 0.49522, 0.50431] angvel=[-0.00848, -0.03815, -0.02691] linvel=[-0.00207, -0.00607, 0.00073] z=0.1063
[lowlevel-sim][GT] t=58.051 quat=[0.47948, -0.51994, 0.49524, 0.50447] angvel=[0.04505, 0.03092, 0.01427] linvel=[-0.00241, 0.00112, -0.00551] z=0.1063
[lowlevel-sim][GT] t=58.101 quat=[0.4793, -0.52005, 0.49519, 0.50458] angvel=[-0.02921, -0.00271, 0.0235] linvel=[-0.00218, -0.00796, 0.00107] z=0.1063
[lowlevel-sim][GT] t=58.151 quat=[0.47944, -0.52012, 0.49512, 0.50444] angvel=[-0.04709, -0.04818, -0.01659] linvel=[-0.00186, -0.00423, 0.00517] z=0.1063
[lowlevel-sim][GT] t=58.201 quat=[0.4794, -0.52021, 0.49513, 0.50439] angvel=[-0.0284, -0.0503, -0.03096] linvel=[-0.00726, -0.00388, 0.00291] z=0.1063
[lowlevel-sim][GT] t=58.251 quat=[0.47938, -0.52023, 0.49507, 0.50443] angvel=[0.03387, 0.02126, 0.00144] linvel=[-0.00142, 0.00014, -0.00341] z=0.1063
[lowlevel-sim][GT] t=58.301 quat=[0.4794, -0.52037, 0.49505, 0.5043] angvel=[-0.04062, -0.02249, -0.018] linvel=[-0.00539, -0.00779, 0.00177] z=0.1063
[lowlevel-sim][GT] t=58.351 quat=[0.4795, -0.52032, 0.49501, 0.50429] angvel=[0.01008, 0.0057, -0.00087] linvel=[0.00249, 0.0017, 0.00192] z=0.1064
[lowlevel-sim][GT] t=58.401 quat=[0.47959, -0.52019, 0.49504, 0.50431] angvel=[-0.01129, 0.02246, 0.01377] linvel=[-0.00014, -0.00223, 0.00309] z=0.1064
[lowlevel-sim][GT] t=58.451 quat=[0.47958, -0.52018, 0.49495, 0.50442] angvel=[0.00049, -0.00379, 0.00107] linvel=[0.00213, -0.0042, -0.00188] z=0.1064
[lowlevel-sim] t=  58.50 mode=cmd        pd=34373 hold=11032 failclosed=157 rtf=0.280 base_z=+0.106 pitch=+1.540 roll=+3.128 |tau|max=  8.47 sat=0/29 knee_L=+0.274 hip_p_L=-0.106 torn=12171 cmd_age=34.0ms auth=163.9s rig_ign=930 fix_base=0
[lowlevel-sim][GT] t=58.501 quat=[0.47948, -0.52026, 0.49495, 0.50443] angvel=[-0.02628, -0.00117, -0.01546] linvel=[-0.00053, -0.00159, 0.00269] z=0.1064
[lowlevel-sim][GT] t=58.551 quat=[0.47948, -0.52023, 0.49491, 0.5045] angvel=[-0.02896, 0.00364, 0.01912] linvel=[0.00601, -0.00461, 0.00386] z=0.1064
[lowlevel-sim][GT] t=58.601 quat=[0.47951, -0.5202, 0.49498, 0.50444] angvel=[-0.02855, 0.00151, 0.01897] linvel=[0.00401, -0.00285, 0.00139] z=0.1064
[lowlevel-sim][GT] t=58.651 quat=[0.47941, -0.52015, 0.49479, 0.50476] angvel=[0.00465, 0.06691, 0.04181] linvel=[0.00516, 0.00109, 0.00195] z=0.1064
[lowlevel-sim][GT] t=58.701 quat=[0.47923, -0.52014, 0.49491, 0.50483] angvel=[-0.01955, -0.00548, 0.01188] linvel=[-0.00085, -0.00335, 0.00142] z=0.1064
[lowlevel-sim][GT] t=58.751 quat=[0.47946, -0.52006, 0.49486, 0.50475] angvel=[-0.0028, 0.04571, 0.00914] linvel=[0.00593, -0.00416, -0.00126] z=0.1064
[lowlevel-sim][GT] t=58.801 quat=[0.47954, -0.5201, 0.49496, 0.50452] angvel=[-0.03468, 0.023, 0.01277] linvel=[0.00259, -0.00243, 0.00477] z=0.1064
[lowlevel-sim][GT] t=58.851 quat=[0.47952, -0.51996, 0.49485, 0.50481] angvel=[0.02094, 0.01476, 0.01057] linvel=[0.00583, -0.0017, -0.00053] z=0.1065
[lowlevel-sim][GT] t=58.901 quat=[0.47969, -0.51996, 0.49498, 0.50451] angvel=[-0.04429, 0.02529, -0.00439] linvel=[0.00194, -0.00228, 0.00322] z=0.1064
[lowlevel-sim][GT] t=58.951 quat=[0.47979, -0.51977, 0.49494, 0.50465] angvel=[0.02819, 0.02299, 0.00247] linvel=[0.00374, 0.00211, -0.00231] z=0.1065
[lowlevel-sim] t=  59.00 mode=cmd        pd=34623 hold=11032 failclosed=157 rtf=0.280 base_z=+0.106 pitch=+1.540 roll=+3.111 |tau|max=  9.64 sat=0/29 knee_L=+0.274 hip_p_L=-0.106 torn=12188 cmd_age=36.1ms auth=165.9s rig_ign=930 fix_base=0
[lowlevel-sim][GT] t=59.001 quat=[0.4796, -0.51986, 0.49504, 0.50465] angvel=[-0.06888, 0.0578, 0.0153] linvel=[-0.00152, -0.0037, 0.0036] z=0.1065
[lowlevel-sim][GT] t=59.051 quat=[0.47949, -0.51988, 0.49496, 0.50481] angvel=[0.02836, 0.03478, 0.0095] linvel=[0.00266, 0.00259, -0.00105] z=0.1065
[lowlevel-sim][GT] t=59.101 quat=[0.47916, -0.52004, 0.49507, 0.50485] angvel=[-0.04288, 0.01981, 0.01808] linvel=[-0.00156, -0.00392, 0.00293] z=0.1064
[lowlevel-sim][GT] t=59.151 quat=[0.4791, -0.52007, 0.49496, 0.50499] angvel=[0.04463, 0.04514, 0.01009] linvel=[-0.00317, 0.00298, -0.00149] z=0.1064
[lowlevel-sim][GT] t=59.201 quat=[0.47905, -0.52018, 0.49486, 0.505] angvel=[-0.025, -0.04812, -0.03608] linvel=[-0.0107, -0.00574, 0.00175] z=0.1064
[lowlevel-sim][GT] t=59.251 quat=[0.47919, -0.5201, 0.49471, 0.50511] angvel=[0.03037, -0.01287, -0.01464] linvel=[-0.00659, 0.00173, -0.00273] z=0.1065
[lowlevel-sim][GT] t=59.301 quat=[0.47932, -0.52018, 0.49481, 0.5048] angvel=[-0.02236, -0.02838, -0.03388] linvel=[-0.00567, -0.00477, 0.00094] z=0.1065
[lowlevel-sim][GT] t=59.351 quat=[0.47952, -0.52011, 0.49479, 0.50471] angvel=[0.00775, 0.04136, 0.00705] linvel=[-0.00091, 3e-05, 0.00092] z=0.1065
[lowlevel-sim][GT] t=59.401 quat=[0.47967, -0.52031, 0.49479, 0.50436] angvel=[-0.03046, -0.05665, -0.04506] linvel=[-0.00336, -0.00753, 0.00287] z=0.1065
[lowlevel-sim][GT] t=59.451 quat=[0.4799, -0.52014, 0.49467, 0.50443] angvel=[0.02028, 0.03806, 0.01376] linvel=[0.0043, 0.00169, -6e-05] z=0.1066
[lowlevel-sim] t=  59.50 mode=cmd        pd=34873 hold=11032 failclosed=157 rtf=0.280 base_z=+0.107 pitch=+1.540 roll=-3.136 |tau|max=  9.93 sat=0/29 knee_L=+0.274 hip_p_L=-0.106 torn=12202 cmd_age=36.2ms auth=167.6s rig_ign=930 fix_base=0
[lowlevel-sim][GT] t=59.501 quat=[0.47988, -0.52017, 0.49474, 0.50434] angvel=[-0.02142, -0.02346, -0.03112] linvel=[-0.00306, -0.00531, 0.00188] z=0.1066
[lowlevel-sim][GT] t=59.551 quat=[0.47993, -0.52014, 0.49474, 0.50433] angvel=[-0.015, -0.00933, 0.00438] linvel=[0.00701, -0.00178, 0.00515] z=0.1065
[lowlevel-sim][GT] t=59.601 quat=[0.47976, -0.52016, 0.49493, 0.50429] angvel=[-0.06115, -0.03287, -0.02308] linvel=[0.00119, -0.01017, 0.00538] z=0.1065
[lowlevel-sim][GT] t=59.651 quat=[0.47972, -0.52019, 0.49489, 0.50434] angvel=[-0.03011, 0.00331, 0.01578] linvel=[0.00737, -0.0012, 0.00483] z=0.1065
[lowlevel-sim][GT] t=59.701 quat=[0.47944, -0.52025, 0.49492, 0.5045] angvel=[-0.04225, -0.00707, 0.00078] linvel=[-0.00301, -0.00781, 0.00171] z=0.1065
[lowlevel-sim][GT] t=59.751 quat=[0.47931, -0.52031, 0.49485, 0.50464] angvel=[0.04169, 0.0243, 0.00308] linvel=[0.0066, 0.00133, -0.00358] z=0.1064
[lowlevel-sim][GT] t=59.801 quat=[0.47928, -0.52043, 0.49484, 0.50456] angvel=[-0.02333, 0.00464, -0.01602] linvel=[0.00051, -0.00708, 0.00217] z=0.1064
[lowlevel-sim][GT] t=59.851 quat=[0.47924, -0.52028, 0.49468, 0.50491] angvel=[0.07157, 0.01406, 0.00941] linvel=[0.00482, 0.00286, -0.00539] z=0.1065
[lowlevel-sim][GT] t=59.901 quat=[0.47912, -0.52036, 0.49474, 0.50488] angvel=[-0.02996, -0.01553, -0.01815] linvel=[-0.00111, -0.00833, 0.00055] z=0.1064
[lowlevel-sim][GT] t=59.951 quat=[0.47914, -0.52035, 0.4947, 0.50491] angvel=[0.00275, 0.03852, 0.00426] linvel=[0.00582, -0.00014, 0.00074] z=0.1064
[lowlevel-sim] t=  60.00 mode=cmd        pd=35123 hold=11032 failclosed=157 rtf=0.280 base_z=+0.106 pitch=+1.540 roll=+3.109 |tau|max=  9.87 sat=0/29 knee_L=+0.274 hip_p_L=-0.107 torn=12213 cmd_age=34.4ms auth=169.4s rig_ign=930 fix_base=0
[lowlevel-sim][GT] t=60.001 quat=[0.47904, -0.5204, 0.49472, 0.50493] angvel=[-0.03634, -0.00042, -0.03453] linvel=[-0.00329, -0.00703, 0.00146] z=0.1064
[lowlevel-sim][GT] t=60.051 quat=[0.47917, -0.52035, 0.49469, 0.50489] angvel=[0.07723, -0.00976, -0.01938] linvel=[0.005, 0.00271, -0.00464] z=0.1064
[lowlevel-sim][GT] t=60.101 quat=[0.47904, -0.5204, 0.4948, 0.50485] angvel=[-0.04218, -0.01474, -0.00441] linvel=[1e-05, -0.00826, 0.00319] z=0.1064
[lowlevel-sim][GT] t=60.151 quat=[0.47922, -0.5202, 0.49486, 0.50483] angvel=[0.00017, -0.03627, -0.02043] linvel=[0.00262, 0.00126, 0.00145] z=0.1064
[lowlevel-sim][GT] t=60.201 quat=[0.47943, -0.52008, 0.49496, 0.50466] angvel=[-0.02264, -0.02552, -0.02362] linvel=[0.00271, -0.00359, 0.00298] z=0.1065
[lowlevel-sim][GT] t=60.251 quat=[0.47948, -0.51999, 0.49494, 0.50472] angvel=[-0.00944, -0.06071, -0.02966] linvel=[-0.00353, 0.00099, 0.00233] z=0.1065
[lowlevel-sim][GT] t=60.301 quat=[0.47928, -0.52014, 0.49506, 0.50464] angvel=[-0.07018, -0.02985, 0.01368] linvel=[0.00046, -0.00671, 0.00676] z=0.1064
[lowlevel-sim][GT] t=60.351 quat=[0.47919, -0.52013, 0.4949, 0.50488] angvel=[0.01909, 0.06508, 0.01682] linvel=[-0.00247, 0.00038, -0.00129] z=0.1064
[lowlevel-sim][GT] t=60.401 quat=[0.47911, -0.52026, 0.49484, 0.50489] angvel=[-0.03173, -0.0009, 0.00256] linvel=[-0.00313, -0.00649, 0.00106] z=0.1064
[lowlevel-sim][GT] t=60.451 quat=[0.47915, -0.52017, 0.49482, 0.50497] angvel=[-0.01261, 0.01772, -0.0091] linvel=[-0.0036, -0.00065, 0.00121] z=0.1064
[lowlevel-sim] t=  60.50 mode=cmd        pd=35373 hold=11032 failclosed=157 rtf=0.280 base_z=+0.106 pitch=+1.540 roll=+3.109 |tau|max=  9.61 sat=0/29 knee_L=+0.275 hip_p_L=-0.107 torn=12226 cmd_age=26.2ms auth=171.2s rig_ign=930 fix_base=0
[lowlevel-sim][GT] t=60.501 quat=[0.47927, -0.52017, 0.49478, 0.50489] angvel=[-0.02602, -0.00686, 0.00904] linvel=[1e-05, -0.00585, 0.0001] z=0.1065
[lowlevel-sim][GT] t=60.551 quat=[0.47937, -0.52026, 0.49469, 0.50479] angvel=[-0.03214, 0.03679, 0.00713] linvel=[0.00148, -0.00157, 0.00318] z=0.1064
[lowlevel-sim][GT] t=60.601 quat=[0.47945, -0.52026, 0.49478, 0.50464] angvel=[-0.04171, 0.00815, 0.00877] linvel=[0.00451, -0.00333, 0.00019] z=0.1065
[lowlevel-sim][GT] t=60.651 quat=[0.4794, -0.52016, 0.49475, 0.50481] angvel=[0.06451, -0.02775, -0.0187] linvel=[0.00258, -0.00069, -0.00503] z=0.1064
[lowlevel-sim][GT] t=60.701 quat=[0.47946, -0.52019, 0.49482, 0.50465] angvel=[-0.0202, 0.01588, 0.01138] linvel=[0.00379, -0.00313, 0.00362] z=0.1064
[lowlevel-sim][GT] t=60.751 quat=[0.47934, -0.52015, 0.49485, 0.50478] angvel=[-0.03574, -0.02308, -0.00253] linvel=[-0.00223, -0.00279, 0.00321] z=0.1064
[lowlevel-sim][GT] t=60.801 quat=[0.47918, -0.52013, 0.49479, 0.50501] angvel=[-0.01961, 0.02015, 0.02026] linvel=[0.00299, -0.00286, 0.00278] z=0.1065
[lowlevel-sim][GT] t=60.851 quat=[0.47906, -0.52012, 0.49475, 0.50517] angvel=[-0.0743, 0.03345, -0.00181] linvel=[-0.00214, -0.00377, 0.00564] z=0.1064
[lowlevel-sim][GT] t=60.901 quat=[0.47907, -0.52021, 0.49496, 0.50486] angvel=[-0.03832, -0.01724, 0.0049] linvel=[-0.00658, -0.00653, 0.00037] z=0.1064
[lowlevel-sim][GT] t=60.951 quat=[0.47925, -0.52017, 0.49497, 0.50472] angvel=[0.05707, -0.00362, 0.02546] linvel=[-0.00379, -0.00026, -0.00471] z=0.1064
[lowlevel-sim] t=  61.00 mode=cmd        pd=35623 hold=11032 failclosed=157 rtf=0.280 base_z=+0.106 pitch=+1.539 roll=+3.109 |tau|max=  9.82 sat=0/29 knee_L=+0.275 hip_p_L=-0.107 torn=12245 cmd_age=27.2ms auth=172.9s rig_ign=930 fix_base=0
[lowlevel-sim][GT] t=61.001 quat=[0.47917, -0.52028, 0.49496, 0.5047] angvel=[-0.00752, -0.03062, -0.02708] linvel=[-0.01039, -0.00506, 0.00023] z=0.1064
[lowlevel-sim][GT] t=61.051 quat=[0.4795, -0.52015, 0.49489, 0.50458] angvel=[0.01232, 0.06452, 0.04211] linvel=[-0.00297, 0.00219, 0.00019] z=0.1064
[lowlevel-sim][GT] t=61.101 quat=[0.47966, -0.52008, 0.49493, 0.50446] angvel=[-0.02063, -0.05196, -0.04387] linvel=[-0.00693, -0.00661, 0.00031] z=0.1065
[lowlevel-sim] FAIL-CLOSED engaged at t=61.108s, last command age 87.45 ms (deadline <= 100 ms) PASS
[lowlevel-sim] COMMANDED at t=61.110s (was fail-closed)
[lowlevel-sim][GT] t=61.151 quat=[0.47961, -0.52021, 0.49499, 0.50433] angvel=[0.08172, -0.00162, -0.0034] linvel=[-0.00556, 0.00353, -0.006] z=0.1064
[lowlevel-sim] FAIL-CLOSED engaged at t=61.198s, last command age 85.57 ms (deadline <= 100 ms) PASS
[lowlevel-sim][GT] t=61.201 quat=[0.47951, -0.52014, 0.49497, 0.50451] angvel=[-0.23036, 0.00551, 0.00255] linvel=[-0.00528, -0.00025, -0.00754] z=0.1064
[lowlevel-sim] COMMANDED at t=61.216s (was fail-closed)
[lowlevel-sim][GT] t=61.251 quat=[0.47733, -0.52211, 0.49678, 0.50276] angvel=[0.06047, -0.00552, 0.0005] linvel=[-0.00893, -0.00316, 0.00451] z=0.1052
[lowlevel-sim][GT] t=61.301 quat=[0.47803, -0.5215, 0.49595, 0.50354] angvel=[0.07801, 0.05373, 0.00329] linvel=[-0.00553, 0.00082, -0.00014] z=0.1055
[lowlevel-sim][GT] t=61.351 quat=[0.47805, -0.52134, 0.49562, 0.50402] angvel=[0.00343, -0.04035, -0.01681] linvel=[0.00021, -0.00132, 0.0038] z=0.1056
[lowlevel-sim] FAIL-CLOSED engaged at t=61.375s, last command age 85.61 ms (deadline <= 100 ms) PASS
[lowlevel-sim] COMMANDED at t=61.376s (was fail-closed)
[lowlevel-sim][GT] t=61.401 quat=[0.4784, -0.52128, 0.49541, 0.50396] angvel=[0.01161, 0.02233, -0.00971] linvel=[0.00065, -0.00181, 0.0051] z=0.1058
[lowlevel-sim][GT] t=61.451 quat=[0.47875, -0.5211, 0.49512, 0.50409] angvel=[0.00096, 0.05638, 0.02046] linvel=[0.00904, -0.00231, 0.00105] z=0.1059
[lowlevel-sim] t=  61.50 mode=cmd        pd=35882 hold=11032 failclosed=176 rtf=0.280 base_z=+0.106 pitch=+1.538 roll=-3.141 |tau|max=  9.55 sat=0/29 knee_L=+0.272 hip_p_L=-0.107 torn=12272 cmd_age=62.4ms auth=174.8s rig_ign=930 fix_base=0
[lowlevel-sim][GT] t=61.501 quat=[0.47891, -0.52107, 0.49508, 0.50401] angvel=[-0.023, -0.02973, -0.00737] linvel=[0.00547, -0.00138, 0.00311] z=0.1060
[lowlevel-sim][GT] t=61.551 quat=[0.47908, -0.5209, 0.49502, 0.50409] angvel=[0.03864, 0.03488, 0.01502] linvel=[0.0048, -0.00102, -0.00175] z=0.1060
[lowlevel-sim][GT] t=61.601 quat=[0.47905, -0.52081, 0.49505, 0.50418] angvel=[-0.03019, 0.0259, 0.00711] linvel=[0.0063, -0.00051, 0.00439] z=0.1061
[lowlevel-sim][GT] t=61.651 quat=[0.47923, -0.52055, 0.495, 0.50433] angvel=[0.04531, 0.0233, -6e-05] linvel=[0.00814, 0.00071, -0.00102] z=0.1062
[lowlevel-sim][GT] t=61.701 quat=[0.47928, -0.5204, 0.49518, 0.50425] angvel=[-0.0223, 0.02482, 0.02056] linvel=[0.00984, -0.00152, 0.00079] z=0.1062
[lowlevel-sim][GT] t=61.751 quat=[0.47939, -0.52021, 0.49514, 0.50439] angvel=[0.02782, 0.01629, -0.01358] linvel=[0.00465, 0.00029, -0.00197] z=0.1063
[lowlevel-sim][GT] t=61.801 quat=[0.47942, -0.52022, 0.49518, 0.5043] angvel=[-0.03831, -0.00777, 0.00536] linvel=[0.00353, -0.00438, 0.00338] z=0.1063
[lowlevel-sim][GT] t=61.851 quat=[0.47942, -0.5202, 0.49512, 0.50438] angvel=[0.06862, -0.00452, -0.00646] linvel=[0.00602, 0.00436, -0.00251] z=0.1063
[lowlevel-sim][GT] t=61.901 quat=[0.47943, -0.52022, 0.49524, 0.50424] angvel=[-0.01187, -0.01244, -0.00333] linvel=[0.00372, -0.00347, -0.00045] z=0.1063
[lowlevel-sim][GT] t=61.951 quat=[0.47943, -0.52019, 0.49527, 0.50424] angvel=[-0.01699, 0.03466, 0.01983] linvel=[0.00556, -0.00044, 0.0026] z=0.1063
[lowlevel-sim] t=  62.00 mode=cmd        pd=36132 hold=11032 failclosed=176 rtf=0.280 base_z=+0.106 pitch=+1.539 roll=+3.109 |tau|max=  9.52 sat=0/29 knee_L=+0.275 hip_p_L=-0.107 torn=12286 cmd_age=40.3ms auth=176.5s rig_ign=930 fix_base=0
[lowlevel-sim][GT] t=62.001 quat=[0.47937, -0.52007, 0.49541, 0.50429] angvel=[-0.02423, -0.00306, -0.00701] linvel=[0.00334, -0.0064, 0.00318] z=0.1063
[lowlevel-sim][GT] t=62.051 quat=[0.47963, -0.51994, 0.49532, 0.50425] angvel=[-0.03373, -0.06618, -0.01024] linvel=[-0.00052, -0.00336, 0.00347] z=0.1063
[lowlevel-sim][GT] t=62.101 quat=[0.47955, -0.52, 0.49542, 0.50418] angvel=[-0.04697, -0.00766, -0.00835] linvel=[0.0057, -0.0049, 0.00371] z=0.1064
[lowlevel-sim][GT] t=62.151 quat=[0.47975, -0.51979, 0.4954, 0.50421] angvel=[0.06778, 0.02423, -0.00935] linvel=[0.00253, 0.00302, -0.00435] z=0.1064
[lowlevel-sim][GT] t=62.201 quat=[0.47985, -0.51978, 0.49544, 0.50409] angvel=[-0.01962, -0.04361, -0.01968] linvel=[0.00637, -0.0018, 0.0021] z=0.1064
[lowlevel-sim][GT] t=62.251 quat=[0.48009, -0.51962, 0.49543, 0.50405] angvel=[0.08027, 0.01572, 0.01117] linvel=[0.00577, 0.00247, -0.00514] z=0.1065
[lowlevel-sim][GT] t=62.301 quat=[0.47976, -0.51975, 0.49551, 0.50414] angvel=[-0.03312, 0.01098, 0.04068] linvel=[0.00909, -0.00745, 0.00157] z=0.1064
[lowlevel-sim][GT] t=62.351 quat=[0.47971, -0.51981, 0.49548, 0.50416] angvel=[-0.05104, -0.00201, -0.01078] linvel=[-0.00343, -0.00439, 0.00162] z=0.1063
[lowlevel-sim][GT] t=62.401 quat=[0.47957, -0.51984, 0.49546, 0.50428] angvel=[-0.01492, 0.02424, 0.0396] linvel=[0.00197, -0.00363, 0.00126] z=0.1064
[lowlevel-sim][GT] t=62.451 quat=[0.47959, -0.51975, 0.49554, 0.50427] angvel=[0.0378, 0.02337, 0.02115] linvel=[0.00091, 0.00188, -0.00343] z=0.1064
[lowlevel-sim] t=  62.50 mode=cmd        pd=36382 hold=11032 failclosed=176 rtf=0.280 base_z=+0.106 pitch=+1.539 roll=+3.106 |tau|max= 10.08 sat=0/29 knee_L=+0.274 hip_p_L=-0.107 torn=12308 cmd_age=26.6ms auth=178.3s rig_ign=930 fix_base=0
[lowlevel-sim][GT] t=62.501 quat=[0.47955, -0.51984, 0.49556, 0.50421] angvel=[-0.02519, 0.01446, 0.03099] linvel=[0.00432, -0.00702, 4e-05] z=0.1063
[lowlevel-sim][GT] t=62.551 quat=[0.47978, -0.5197, 0.49557, 0.50412] angvel=[0.01034, 0.04705, 0.00831] linvel=[0.00052, 0.00034, 0.00119] z=0.1063
[lowlevel-sim][GT] t=62.601 quat=[0.47995, -0.51969, 0.49559, 0.50394] angvel=[-0.03175, 0.03746, 0.04629] linvel=[0.00398, -0.00317, 0.00173] z=0.1064
[lowlevel-sim][GT] t=62.651 quat=[0.48009, -0.51961, 0.49557, 0.50391] angvel=[0.01822, 0.03076, 0.00104] linvel=[-0.0001, 0.0024, -0.00023] z=0.1064
[lowlevel-sim][GT] t=62.701 quat=[0.47997, -0.51948, 0.49552, 0.50421] angvel=[-0.01501, 0.03624, 0.05156] linvel=[0.00049, -0.00243, 0.00319] z=0.1065
[lowlevel-sim][GT] t=62.751 quat=[0.48017, -0.51935, 0.49536, 0.50431] angvel=[-0.01025, 0.04679, 0.01457] linvel=[-0.0023, -0.00165, 0.00044] z=0.1066
[lowlevel-sim][GT] t=62.801 quat=[0.48021, -0.51946, 0.49549, 0.50403] angvel=[-0.03793, 0.03066, 0.04229] linvel=[0.00227, -0.00388, 0.00086] z=0.1065
[lowlevel-sim][GT] t=62.851 quat=[0.48037, -0.51935, 0.49544, 0.50404] angvel=[0.06634, -0.02486, -0.00426] linvel=[0.00171, -0.00052, -0.00577] z=0.1066
[lowlevel-sim] FAIL-CLOSED engaged at t=62.867s, last command age 86.15 ms (deadline <= 100 ms) PASS
[lowlevel-sim] COMMANDED at t=62.882s (was fail-closed)
[lowlevel-sim][GT] t=62.901 quat=[0.47821, -0.52119, 0.49734, 0.50232] angvel=[0.02062, 0.04452, 0.05091] linvel=[-0.00205, -0.00493, 0.00077] z=0.1055
[lowlevel-sim] FAIL-CLOSED engaged at t=62.947s, last command age 86.51 ms (deadline <= 100 ms) PASS
[lowlevel-sim][GT] t=62.951 quat=[0.47852, -0.52078, 0.49683, 0.50296] angvel=[-0.28231, 0.00443, 0.01675] linvel=[0.00073, -0.00045, -0.01193] z=0.1056
[lowlevel-sim] COMMANDED at t=62.952s (was fail-closed)
[lowlevel-sim] FAIL-CLOSED engaged at t=62.974s, last command age 86.18 ms (deadline <= 100 ms) PASS
[lowlevel-sim] COMMANDED at t=62.984s (was fail-closed)
[lowlevel-sim] t=  63.00 mode=cmd        pd=36647 hold=11032 failclosed=205 rtf=0.280 base_z=+0.105 pitch=+1.529 roll=+3.100 |tau|max= 35.00 sat=2/29 knee_L=+0.269 hip_p_L=-0.114 torn=12328 cmd_age=58.8ms auth=179.9s rig_ign=930 fix_base=0 sat_j=left_ankle_roll_joint:+35.0,right_ankle_roll_joint:-35.0
[lowlevel-sim][GT] t=63.001 quat=[0.47708, -0.522, 0.4981, 0.5018] angvel=[0.07991, 0.08591, 0.0133] linvel=[-0.00717, 0.00229, -0.00108] z=0.1047
[lowlevel-sim][GT] t=63.051 quat=[0.47773, -0.52135, 0.49725, 0.50271] angvel=[0.04245, 0.00054, 0.00841] linvel=[-0.00578, -0.00494, 0.00415] z=0.1051
[lowlevel-sim][GT] t=63.101 quat=[0.47855, -0.52076, 0.49659, 0.50319] angvel=[0.06431, -0.00104, -0.01698] linvel=[-0.00331, 0.00055, 0.00035] z=0.1054
[lowlevel-sim][GT] t=63.151 quat=[0.47902, -0.52051, 0.49641, 0.50318] angvel=[-0.01156, -0.00165, -0.0005] linvel=[-0.00535, -0.00486, 0.0044] z=0.1056
[lowlevel-sim][GT] t=63.201 quat=[0.4794, -0.52021, 0.49624, 0.50329] angvel=[0.01884, 0.02966, 0.01506] linvel=[-0.00091, 0.00027, 0.00108] z=0.1058
[lowlevel-sim][GT] t=63.251 quat=[0.47983, -0.52003, 0.49609, 0.50322] angvel=[-0.01026, 0.00358, -0.00807] linvel=[0.00016, -0.00651, 0.00017] z=0.1060
[lowlevel-sim][GT] t=63.301 quat=[0.48008, -0.51979, 0.49604, 0.50328] angvel=[0.00353, 0.012, -0.01541] linvel=[0.00074, -0.00083, 0.00136] z=0.1061
[lowlevel-sim][GT] t=63.351 quat=[0.4802, -0.51968, 0.49613, 0.50318] angvel=[-0.01522, -0.00644, -0.00151] linvel=[0.00182, -0.00085, 0.00221] z=0.1061
[lowlevel-sim][GT] t=63.401 quat=[0.48026, -0.51945, 0.49613, 0.50337] angvel=[0.02015, 0.06113, -0.00852] linvel=[-0.00067, -0.0034, -0.00139] z=0.1062
[lowlevel-sim][GT] t=63.451 quat=[0.48029, -0.51944, 0.49625, 0.50323] angvel=[-0.01131, -0.04976, -0.06684] linvel=[-0.00347, -0.0082, 0.00159] z=0.1062
[lowlevel-sim] t=  63.50 mode=cmd        pd=36897 hold=11032 failclosed=205 rtf=0.280 base_z=+0.106 pitch=+1.539 roll=+3.128 |tau|max= 35.00 sat=2/29 knee_L=+0.272 hip_p_L=-0.106 torn=12351 cmd_age=30.5ms auth=181.7s rig_ign=930 fix_base=0 sat_j=left_ankle_roll_joint:+35.0,right_ankle_roll_joint:-35.0
[lowlevel-sim][GT] t=63.501 quat=[0.48051, -0.51924, 0.49621, 0.50326] angvel=[0.02628, 0.02155, 0.00925] linvel=[0.00106, 0.00124, -0.00029] z=0.1063
[lowlevel-sim][GT] t=63.551 quat=[0.48051, -0.51932, 0.4963, 0.5031] angvel=[-0.01466, -0.03552, -0.03936] linvel=[-0.00211, -0.0054, 0.00151] z=0.1063
[lowlevel-sim][GT] t=63.601 quat=[0.48062, -0.51915, 0.4962, 0.50327] angvel=[0.0251, 0.03604, 0.03868] linvel=[0.00339, 0.00153, -6e-05] z=0.1064
[lowlevel-sim][GT] t=63.651 quat=[0.48044, -0.51917, 0.4962, 0.50343] angvel=[-0.00299, -0.02051, -0.04026] linvel=[-0.00516, -0.00494, 0.00209] z=0.1064
[lowlevel-sim][GT] t=63.701 quat=[0.48051, -0.51906, 0.49603, 0.50364] angvel=[-0.00781, -0.01677, 0.01396] linvel=[0.00067, -0.00092, 0.00158] z=0.1065
[lowlevel-sim][GT] t=63.751 quat=[0.48056, -0.51914, 0.49618, 0.50336] angvel=[0.01455, -0.03846, -0.05564] linvel=[-0.00312, -0.00743, -0.00148] z=0.1065
[lowlevel-sim] FAIL-CLOSED engaged at t=63.755s, last command age 87.86 ms (deadline <= 100 ms) PASS
[lowlevel-sim] COMMANDED at t=63.780s (was fail-closed)
[lowlevel-sim] FAIL-CLOSED engaged at t=63.783s, last command age 90.27 ms (deadline <= 100 ms) PASS
[lowlevel-sim] COMMANDED at t=63.786s (was fail-closed)
[lowlevel-sim][GT] t=63.801 quat=[0.47598, -0.52314, 0.50015, 0.49961] angvel=[0.11755, 0.01932, 0.02387] linvel=[-0.01034, -0.00037, -0.003] z=0.1039
[lowlevel-sim][GT] t=63.851 quat=[0.47726, -0.52164, 0.49848, 0.50164] angvel=[0.12543, 0.0051, 0.00744] linvel=[-0.00236, 0.00064, 0.0017] z=0.1045
[lowlevel-sim][GT] t=63.901 quat=[0.47795, -0.52097, 0.49771, 0.50243] angvel=[0.03714, -0.02887, -0.01656] linvel=[-0.00226, -0.00647, 0.00307] z=0.1049
[lowlevel-sim][GT] t=63.951 quat=[0.47882, -0.52047, 0.49705, 0.50277] angvel=[0.06176, 0.00796, 0.00483] linvel=[0.00045, -0.00138, 0.00229] z=0.1053
[lowlevel-sim] t=  64.00 mode=cmd        pd=37161 hold=11032 failclosed=232 rtf=0.280 base_z=+0.105 pitch=+1.536 roll=+3.114 |tau|max=  9.27 sat=0/29 knee_L=+0.271 hip_p_L=-0.108 torn=12382 cmd_age=27.0ms auth=183.6s rig_ign=930 fix_base=0
[lowlevel-sim][GT] t=64.001 quat=[0.47929, -0.52021, 0.49681, 0.50284] angvel=[0.01188, -0.01691, -0.00759] linvel=[0.00036, -0.00671, 0.00083] z=0.1055
[lowlevel-sim][GT] t=64.051 quat=[0.47964, -0.51988, 0.49666, 0.50299] angvel=[0.07754, 0.00102, -0.00915] linvel=[-0.00018, 0.00071, -0.00262] z=0.1057
[lowlevel-sim][GT] t=64.101 quat=[0.47979, -0.51988, 0.49662, 0.50288] angvel=[-0.0408, 0.02827, 0.00732] linvel=[-0.00139, -0.00351, 0.00487] z=0.1057
[lowlevel-sim][GT] t=64.151 quat=[0.48006, -0.51962, 0.49643, 0.50309] angvel=[0.01439, -0.00347, 0.003] linvel=[0.00052, 0.00188, 0.00087] z=0.1059
[lowlevel-sim][GT] t=64.201 quat=[0.48008, -0.51961, 0.49651, 0.503] angvel=[-0.02563, -0.01786, -0.00858] linvel=[-0.00211, -0.00032, 0.00399] z=0.1059
[lowlevel-sim][GT] t=64.251 quat=[0.48019, -0.51951, 0.49633, 0.50318] angvel=[0.0482, 0.04049, -0.00183] linvel=[-0.00086, 0.00323, -0.00164] z=0.1060
[lowlevel-sim][GT] t=64.301 quat=[0.48024, -0.5195, 0.49635, 0.50311] angvel=[-0.00213, -0.01466, -0.01538] linvel=[-0.00309, -0.00508, 0.00217] z=0.1061
[lowlevel-sim][GT] t=64.351 quat=[0.4804, -0.51944, 0.49625, 0.50313] angvel=[0.06725, -0.01316, -0.01429] linvel=[-0.00458, 1e-05, -0.00518] z=0.1061
[lowlevel-sim][GT] t=64.401 quat=[0.4803, -0.51949, 0.49621, 0.50321] angvel=[-0.02845, 0.00404, 0.00908] linvel=[0.00146, -0.00352, 0.00563] z=0.1062
[lowlevel-sim][GT] t=64.451 quat=[0.48051, -0.51925, 0.49611, 0.50335] angvel=[0.00949, 0.0062, -0.02689] linvel=[0.00078, -0.00161, -5e-05] z=0.1063
[lowlevel-sim] t=  64.50 mode=cmd        pd=37411 hold=11032 failclosed=232 rtf=0.280 base_z=+0.106 pitch=+1.539 roll=+3.130 |tau|max=  8.42 sat=0/29 knee_L=+0.273 hip_p_L=-0.106 torn=12407 cmd_age=52.2ms auth=185.3s rig_ign=930 fix_base=0
[lowlevel-sim][GT] t=64.501 quat=[0.48052, -0.51926, 0.49622, 0.50323] angvel=[-0.032, 0.01883, -0.01327] linvel=[-0.00011, -0.00248, 0.00068] z=0.1063
[lowlevel-sim][GT] t=64.551 quat=[0.48063, -0.51915, 0.49622, 0.50323] angvel=[0.02828, 0.02591, 0.00199] linvel=[0.00152, 0.00076, -0.00306] z=0.1063
[lowlevel-sim][GT] t=64.601 quat=[0.48055, -0.51922, 0.49632, 0.50314] angvel=[-0.03785, 0.00469, -0.00984] linvel=[0.00372, -0.00146, 0.00369] z=0.1063
[lowlevel-sim][GT] t=64.651 quat=[0.48069, -0.51901, 0.4962, 0.50334] angvel=[0.03628, 0.07683, 0.01747] linvel=[0.00918, -0.0002, -0.00049] z=0.1064
[lowlevel-sim][GT] t=64.701 quat=[0.48045, -0.51902, 0.49615, 0.50362] angvel=[-0.0227, -0.00238, 0.02281] linvel=[0.00247, -0.00364, 0.00256] z=0.1064
[lowlevel-sim][GT] t=64.751 quat=[0.48036, -0.5191, 0.49599, 0.50376] angvel=[0.01808, 0.04443, 0.02197] linvel=[0.00712, -0.00311, -0.00258] z=0.1064
[lowlevel-sim][GT] t=64.801 quat=[0.4803, -0.51913, 0.49615, 0.50364] angvel=[-0.01737, 0.02659, 0.00388] linvel=[-0.00443, -0.0038, 0.00166] z=0.1064
[lowlevel-sim][GT] t=64.851 quat=[0.48028, -0.51906, 0.49618, 0.5037] angvel=[0.03607, 0.0328, 0.01723] linvel=[-0.0009, -0.00201, -0.00428] z=0.1063
[lowlevel-sim][GT] t=64.901 quat=[0.48038, -0.51907, 0.49626, 0.50352] angvel=[-0.02474, -0.03014, 0.0003] linvel=[-0.00267, -0.00298, 0.0011] z=0.1063
[lowlevel-sim][GT] t=64.951 quat=[0.48051, -0.51902, 0.49615, 0.50354] angvel=[-0.0077, -0.00251, 0.02216] linvel=[0.00061, -0.00234, 0.00157] z=0.1064
[lowlevel-sim] t=  65.00 mode=cmd        pd=37661 hold=11032 failclosed=232 rtf=0.281 base_z=+0.106 pitch=+1.540 roll=+3.122 |tau|max=  9.81 sat=0/29 knee_L=+0.274 hip_p_L=-0.106 torn=12437 cmd_age=35.1ms auth=186.9s rig_ign=930 fix_base=0
[lowlevel-sim][GT] t=65.001 quat=[0.48067, -0.51903, 0.49611, 0.50343] angvel=[-0.01894, -0.0403, -0.02552] linvel=[-0.00298, -0.00761, 0.00045] z=0.1064
[lowlevel-sim][GT] t=65.051 quat=[0.48065, -0.51888, 0.49606, 0.50365] angvel=[0.01189, 0.07797, 0.01274] linvel=[0.00386, 0.00139, 0.00082] z=0.1064
[lowlevel-sim][GT] t=65.101 quat=[0.4806, -0.51895, 0.49612, 0.50356] angvel=[-0.02051, 0.01535, 0.02264] linvel=[-0.00614, -0.00573, 0.0007] z=0.1065
[lowlevel-sim][GT] t=65.151 quat=[0.48059, -0.5189, 0.49597, 0.50377] angvel=[-0.00319, 0.07225, 0.02888] linvel=[0.00128, -0.0037, 0.00163] z=0.1065
[lowlevel-sim][GT] t=65.201 quat=[0.48069, -0.51898, 0.49605, 0.50352] angvel=[-0.04289, 0.00471, -0.00625] linvel=[-0.00541, -0.00422, 0.00173] z=0.1065
[lowlevel-sim][GT] t=65.251 quat=[0.48073, -0.51884, 0.49607, 0.5036] angvel=[0.01042, 0.03713, -0.00123] linvel=[-0.00315, 0.00056, -0.00025] z=0.1065
[lowlevel-sim][GT] t=65.301 quat=[0.48076, -0.51892, 0.49607, 0.5035] angvel=[-0.01935, 0.0236, -0.00599] linvel=[-0.0059, -0.00359, 0.00182] z=0.1065
[lowlevel-sim][GT] t=65.351 quat=[0.48103, -0.51871, 0.49593, 0.50359] angvel=[0.02233, 0.00714, -0.00198] linvel=[-0.00216, 0.00248, 0.00015] z=0.1066
[lowlevel-sim][GT] t=65.401 quat=[0.48109, -0.51879, 0.49606, 0.50332] angvel=[-0.02659, 0.01807, -0.00761] linvel=[-0.00656, -0.00353, 0.00413] z=0.1066
[lowlevel-sim] FAIL-CLOSED engaged at t=65.440s, last command age 92.13 ms (deadline <= 100 ms) PASS
[lowlevel-sim] COMMANDED at t=65.446s (was fail-closed)
[lowlevel-sim][GT] t=65.451 quat=[0.48044, -0.51937, 0.49656, 0.50284] angvel=[-0.1612, 0.02766, 0.02807] linvel=[-0.00699, -0.00423, -0.00053] z=0.1063
[lowlevel-sim] t=  65.50 mode=cmd        pd=37913 hold=11032 failclosed=237 rtf=0.281 base_z=+0.106 pitch=+1.538 roll=+3.130 |tau|max=  9.68 sat=0/29 knee_L=+0.274 hip_p_L=-0.107 torn=12460 cmd_age=40.3ms auth=188.7s rig_ign=930 fix_base=0
[lowlevel-sim][GT] t=65.501 quat=[0.48039, -0.51939, 0.49641, 0.50303] angvel=[-0.0459, 0.02919, 0.0089] linvel=[-0.00863, -0.00615, 0.004] z=0.1063
[lowlevel-sim][GT] t=65.551 quat=[0.48062, -0.5192, 0.49612, 0.5033] angvel=[0.03706, 0.00487, -0.0095] linvel=[-0.00493, -0.00054, -0.00178] z=0.1064
[lowlevel-sim][GT] t=65.601 quat=[0.48082, -0.51926, 0.49611, 0.50305] angvel=[-0.03524, -0.00625, -0.00836] linvel=[-0.00061, -0.00454, 0.00334] z=0.1064
[lowlevel-sim][GT] t=65.651 quat=[0.48107, -0.51919, 0.49609, 0.5029] angvel=[-0.05366, 0.05259, 0.0278] linvel=[0.00263, -0.00371, 0.0049] z=0.1064
[lowlevel-sim][GT] t=65.701 quat=[0.48109, -0.51926, 0.49603, 0.50287] angvel=[-0.02312, -0.02054, -0.01237] linvel=[0.00313, -0.00542, 0.00143] z=0.1064
[lowlevel-sim][GT] t=65.751 quat=[0.48129, -0.5192, 0.49596, 0.50281] angvel=[-0.0109, -0.01954, -0.01974] linvel=[0.00762, 0.00055, 0.00211] z=0.1064
[lowlevel-sim][GT] t=65.801 quat=[0.48113, -0.51917, 0.49591, 0.50304] angvel=[-0.01185, 0.00067, 0.00453] linvel=[0.00607, -0.00515, -0.00043] z=0.1065
[lowlevel-sim][GT] t=65.851 quat=[0.48083, -0.51915, 0.496, 0.50327] angvel=[0.01935, 0.05818, 0.03744] linvel=[0.00643, -0.00335, -0.00224] z=0.1064
[lowlevel-sim][GT] t=65.901 quat=[0.48061, -0.51915, 0.49601, 0.50346] angvel=[-0.01318, -0.02668, -0.02963] linvel=[-0.00012, -0.00616, -0.00137] z=0.1064
[lowlevel-sim][GT] t=65.951 quat=[0.48064, -0.51907, 0.49586, 0.50365] angvel=[-0.00264, 0.06715, 0.02077] linvel=[0.00717, 0.00081, 2e-05] z=0.1065
[lowlevel-sim] t=  66.00 mode=cmd        pd=38163 hold=11032 failclosed=237 rtf=0.281 base_z=+0.106 pitch=+1.540 roll=+3.124 |tau|max=  9.79 sat=0/29 knee_L=+0.274 hip_p_L=-0.106 torn=12483 cmd_age=42.8ms auth=190.4s rig_ign=930 fix_base=0
[lowlevel-sim][GT] t=66.001 quat=[0.48059, -0.51912, 0.49588, 0.50364] angvel=[-0.01818, -0.01837, -0.02563] linvel=[-0.00193, -0.00756, 0.00116] z=0.1065
[lowlevel-sim][GT] t=66.051 quat=[0.48053, -0.51902, 0.49581, 0.50386] angvel=[0.03293, -0.06516, -0.00424] linvel=[0.00346, -0.00029, -0.00059] z=0.1065
[lowlevel-sim][GT] t=66.101 quat=[0.4806, -0.51909, 0.49579, 0.50374] angvel=[-0.019, -0.03762, -0.03816] linvel=[-0.00156, -0.00526, -0.00065] z=0.1066
[lowlevel-sim][GT] t=66.151 quat=[0.48054, -0.51912, 0.49575, 0.50381] angvel=[-0.04189, 0.07226, 0.02716] linvel=[0.00673, -0.00239, 0.00128] z=0.1065
[lowlevel-sim][GT] t=66.201 quat=[0.48042, -0.5192, 0.4958, 0.5038] angvel=[-0.01938, -0.00517, -0.01288] linvel=[0.00343, -0.0047, 0.00215] z=0.1065
[lowlevel-sim][GT] t=66.251 quat=[0.48043, -0.51915, 0.49571, 0.50393] angvel=[0.0125, 0.01775, 0.02559] linvel=[0.00686, -0.00087, -0.00095] z=0.1065
[lowlevel-sim][GT] t=66.301 quat=[0.48033, -0.51927, 0.49573, 0.50388] angvel=[-0.02259, 0.00396, -0.02304] linvel=[0.00412, 0.00032, 0.00522] z=0.1065
[lowlevel-sim][GT] t=66.351 quat=[0.48041, -0.51922, 0.49555, 0.50403] angvel=[-0.0398, -0.00155, 0.01938] linvel=[0.00552, -0.00433, 0.00069] z=0.1065
[lowlevel-sim][GT] t=66.401 quat=[0.48006, -0.51943, 0.49556, 0.50414] angvel=[-0.02293, -0.04924, 0.02597] linvel=[0.00139, -0.00626, 0.00113] z=0.1065
[lowlevel-sim][GT] t=66.451 quat=[0.47984, -0.51942, 0.49546, 0.50446] angvel=[0.03766, 0.03563, 0.03211] linvel=[-0.00093, -0.00038, -0.00077] z=0.1065
[lowlevel-sim] t=  66.50 mode=cmd        pd=38413 hold=11032 failclosed=237 rtf=0.281 base_z=+0.107 pitch=+1.540 roll=+3.102 |tau|max=  9.74 sat=0/29 knee_L=+0.276 hip_p_L=-0.107 torn=12506 cmd_age=26.0ms auth=192.0s rig_ign=930 fix_base=0
[lowlevel-sim][GT] t=66.501 quat=[0.4798, -0.51954, 0.49547, 0.50435] angvel=[-0.03708, 0.00468, 0.01961] linvel=[1e-05, -0.00686, 0.00111] z=0.1065
[lowlevel-sim][GT] t=66.551 quat=[0.47986, -0.51952, 0.49536, 0.50443] angvel=[0.02188, 0.00323, 0.00013] linvel=[0.00073, 0.00143, -0.00038] z=0.1065
[lowlevel-sim][GT] t=66.601 quat=[0.47998, -0.51953, 0.49552, 0.50415] angvel=[-0.01973, -0.01192, 0.02924] linvel=[0.0081, -0.00566, -0.00055] z=0.1065
[lowlevel-sim][GT] t=66.651 quat=[0.4802, -0.51937, 0.49552, 0.50411] angvel=[0.04171, 0.06415, -0.00148] linvel=[-2e-05, 0.00213, -0.00405] z=0.1065
[lowlevel-sim][GT] t=66.701 quat=[0.4802, -0.51949, 0.49555, 0.50395] angvel=[-0.03291, -0.00943, -0.00571] linvel=[0.00552, -0.00591, 0.00099] z=0.1065
[lowlevel-sim][GT] t=66.751 quat=[0.48033, -0.51939, 0.49549, 0.50399] angvel=[0.05092, 0.05009, 0.00769] linvel=[0.00168, 0.00295, -0.00441] z=0.1065
[lowlevel-sim][GT] t=66.801 quat=[0.48027, -0.51944, 0.49563, 0.50386] angvel=[-0.0089, -0.05264, -0.01359] linvel=[0.00495, -0.00277, 0.00193] z=0.1065
[lowlevel-sim][GT] t=66.851 quat=[0.48044, -0.5192, 0.49552, 0.50406] angvel=[0.11664, 0.03551, -0.00752] linvel=[0.00126, 0.00307, -0.00569] z=0.1065
[lowlevel-sim][GT] t=66.901 quat=[0.48035, -0.51929, 0.49567, 0.50391] angvel=[-0.0538, -0.0142, -0.00716] linvel=[0.00552, -0.0053, 0.00286] z=0.1065
[lowlevel-sim][GT] t=66.951 quat=[0.48057, -0.51915, 0.49567, 0.50383] angvel=[0.07832, 0.02878, -0.00638] linvel=[0.00079, 0.00287, -0.00518] z=0.1065
[lowlevel-sim] t=  67.00 mode=cmd        pd=38663 hold=11032 failclosed=237 rtf=0.281 base_z=+0.107 pitch=+1.540 roll=+3.129 |tau|max=  9.46 sat=0/29 knee_L=+0.275 hip_p_L=-0.106 torn=12540 cmd_age=30.3ms auth=193.6s rig_ign=930 fix_base=0
[lowlevel-sim][GT] t=67.001 quat=[0.48064, -0.51916, 0.49571, 0.50372] angvel=[-0.03556, -0.04407, -0.02067] linvel=[0.00403, -0.00288, 0.00316] z=0.1065
[lowlevel-sim][GT] t=67.051 quat=[0.48046, -0.51911, 0.49578, 0.50387] angvel=[0.03731, 0.04484, -0.00732] linvel=[-0.00168, 0.00059, -0.00368] z=0.1065
[lowlevel-sim][GT] t=67.101 quat=[0.48015, -0.51931, 0.49591, 0.50383] angvel=[-0.03064, -0.00424, 0.00565] linvel=[0.00418, -0.0058, 0.00422] z=0.1065
[lowlevel-sim][GT] t=67.151 quat=[0.48027, -0.51921, 0.49581, 0.50392] angvel=[0.01094, 0.0118, -0.00773] linvel=[-0.00029, 0.00087, -0.00038] z=0.1065
[lowlevel-sim][GT] t=67.201 quat=[0.48001, -0.51941, 0.49587, 0.5039] angvel=[-0.03659, -0.03306, -0.01877] linvel=[0.0009, -0.00539, 0.00165] z=0.1064
[lowlevel-sim] FAIL-CLOSED engaged at t=67.220s, last command age 98.44 ms (deadline <= 100 ms) PASS
[lowlevel-sim] COMMANDED at t=67.229s (was fail-closed)
[lowlevel-sim][GT] t=67.251 quat=[0.47867, -0.52049, 0.49683, 0.50312] angvel=[0.00847, -0.00965, -0.00156] linvel=[-0.00706, 0.00045, 0.001] z=0.1058
[lowlevel-sim][GT] t=67.301 quat=[0.479, -0.52008, 0.49622, 0.50383] angvel=[0.05868, 0.02218, 0.00815] linvel=[-0.00588, 0.001, -0.00192] z=0.1060
[lowlevel-sim][GT] t=67.351 quat=[0.47889, -0.52011, 0.49601, 0.50411] angvel=[-0.00507, -0.05279, -0.0306] linvel=[-0.00842, -0.00758, 0.00125] z=0.1060
[lowlevel-sim][GT] t=67.401 quat=[0.47923, -0.51994, 0.49583, 0.50414] angvel=[0.0691, 0.01073, 0.00114] linvel=[-0.00518, 0.00081, -0.00462] z=0.1061
[lowlevel-sim][GT] t=67.451 quat=[0.47953, -0.51987, 0.4958, 0.50395] angvel=[-0.01283, -0.01182, -0.00464] linvel=[-0.00135, -0.00487, 0.00043] z=0.1062
[lowlevel-sim] t=  67.50 mode=cmd        pd=38918 hold=11032 failclosed=246 rtf=0.281 base_z=+0.106 pitch=+1.539 roll=+3.125 |tau|max= 35.00 sat=2/29 knee_L=+0.273 hip_p_L=-0.106 torn=12572 cmd_age=42.9ms auth=195.5s rig_ign=930 fix_base=0 sat_j=left_ankle_roll_joint:+35.0,right_ankle_roll_joint:-35.0
[lowlevel-sim][GT] t=67.501 quat=[0.47991, -0.5198, 0.49576, 0.50371] angvel=[0.02438, 0.00987, -0.0139] linvel=[-0.00083, -0.00151, 0.0003] z=0.1062
[lowlevel-sim][GT] t=67.551 quat=[0.48029, -0.51974, 0.4959, 0.50326] angvel=[-0.00944, -0.00604, -0.02233] linvel=[-0.00366, -0.00229, 0.00154] z=0.1062
[lowlevel-sim][GT] t=67.601 quat=[0.48041, -0.51966, 0.49595, 0.50319] angvel=[0.03781, 0.01912, -0.01657] linvel=[-0.00193, -0.00049, -0.0034] z=0.1062
[lowlevel-sim][GT] t=67.651 quat=[0.48041, -0.51983, 0.49596, 0.503] angvel=[-0.02467, 0.02114, 0.00599] linvel=[0.00069, -0.00437, 0.00212] z=0.1062
[lowlevel-sim][GT] t=67.701 quat=[0.48072, -0.5196, 0.49586, 0.50303] angvel=[-0.02193, 0.0591, 0.02054] linvel=[0.0094, -0.00227, 0.00155] z=0.1062
[lowlevel-sim][GT] t=67.751 quat=[0.48077, -0.51938, 0.49591, 0.50317] angvel=[-0.03051, 0.03219, 0.00412] linvel=[0.0034, -0.00107, 0.00478] z=0.1063
[lowlevel-sim][GT] t=67.801 quat=[0.48061, -0.5192, 0.49582, 0.5036] angvel=[0.00433, 0.01905, 0.01612] linvel=[0.00569, -0.00091, 5e-05] z=0.1064
[lowlevel-sim][GT] t=67.851 quat=[0.48048, -0.5192, 0.49578, 0.50376] angvel=[-0.01689, 0.00103, -0.00416] linvel=[0.00202, -0.00405, 0.00191] z=0.1065
[lowlevel-sim][GT] t=67.901 quat=[0.48043, -0.51917, 0.49579, 0.50382] angvel=[-0.05032, -0.0098, 0.00982] linvel=[-0.00277, -0.00312, 0.00422] z=0.1064
[lowlevel-sim][GT] t=67.951 quat=[0.4804, -0.51933, 0.49584, 0.50364] angvel=[-0.05492, -0.00579, -0.00517] linvel=[0.00292, -0.00242, 0.00297] z=0.1064
[lowlevel-sim] t=  68.00 mode=cmd        pd=39168 hold=11032 failclosed=246 rtf=0.281 base_z=+0.106 pitch=+1.540 roll=+3.118 |tau|max= 35.00 sat=2/29 knee_L=+0.274 hip_p_L=-0.106 torn=12592 cmd_age=31.5ms auth=197.2s rig_ign=930 fix_base=0 sat_j=left_ankle_roll_joint:+35.0,right_ankle_roll_joint:-35.0
[lowlevel-sim][GT] t=68.001 quat=[0.48042, -0.51919, 0.49584, 0.50377] angvel=[-0.03882, -0.01156, -0.00088] linvel=[-1e-05, -0.00318, 0.00392] z=0.1064
[lowlevel-sim][GT] t=68.051 quat=[0.48044, -0.51917, 0.4959, 0.50371] angvel=[-0.02162, -0.00013, -0.00876] linvel=[0.00274, -0.00101, 0.00197] z=0.1065
[lowlevel-sim][GT] t=68.101 quat=[0.48042, -0.51908, 0.49589, 0.50383] angvel=[-0.02788, -0.00677, -0.00592] linvel=[0.00045, -0.00056, 0.00335] z=0.1065
[lowlevel-sim][GT] t=68.151 quat=[0.48032, -0.51912, 0.496, 0.50378] angvel=[-0.03465, -0.00217, 0.00339] linvel=[-0.00025, -0.004, 0.00259] z=0.1065
[lowlevel-sim][GT] t=68.201 quat=[0.48046, -0.51906, 0.49598, 0.50373] angvel=[0.01794, 0.04533, 0.02158] linvel=[0.00389, -0.00033, -0.00057] z=0.1065
[lowlevel-sim][GT] t=68.251 quat=[0.48029, -0.51922, 0.496, 0.5037] angvel=[-0.05274, 0.01341, -0.00283] linvel=[0.00028, -0.00366, 0.00551] z=0.1064
[lowlevel-sim][GT] t=68.301 quat=[0.48039, -0.51914, 0.49594, 0.50375] angvel=[0.03065, 0.03342, -0.00669] linvel=[-0.00078, 0.0014, -0.00189] z=0.1065
[lowlevel-sim][GT] t=68.351 quat=[0.48047, -0.51912, 0.49595, 0.50368] angvel=[-0.03249, -0.01793, -0.00695] linvel=[0.00338, -0.00424, 0.00277] z=0.1065
[lowlevel-sim][GT] t=68.401 quat=[0.48055, -0.51914, 0.49594, 0.50361] angvel=[0.01646, -0.00891, 0.00677] linvel=[-0.00159, -0.00069, -0.0012] z=0.1065
[lowlevel-sim][GT] t=68.451 quat=[0.48036, -0.51918, 0.49591, 0.50377] angvel=[-0.03931, -0.01693, 0.01651] linvel=[-0.0, -0.00474, 0.00271] z=0.1065
[lowlevel-sim] t=  68.50 mode=cmd        pd=39418 hold=11032 failclosed=246 rtf=0.281 base_z=+0.107 pitch=+1.540 roll=+3.117 |tau|max= 35.00 sat=2/29 knee_L=+0.274 hip_p_L=-0.106 torn=12607 cmd_age=30.4ms auth=199.1s rig_ign=930 fix_base=0 sat_j=left_ankle_roll_joint:+35.0,right_ankle_roll_joint:-35.0
[lowlevel-sim][GT] t=68.501 quat=[0.48044, -0.51913, 0.49577, 0.50387] angvel=[0.01134, 0.04045, 0.04034] linvel=[0.00159, -0.00297, -0.00247] z=0.1065
[lowlevel-sim][GT] t=68.551 quat=[0.48025, -0.5193, 0.49574, 0.50391] angvel=[-0.02174, -0.03453, -0.01075] linvel=[-0.00242, -0.00399, 0.00277] z=0.1065
[lowlevel-sim][GT] t=68.601 quat=[0.4802, -0.51948, 0.49567, 0.50384] angvel=[0.0139, -0.03358, 0.02221] linvel=[0.00104, -0.00264, -0.0049] z=0.1064
[lowlevel-sim][GT] t=68.651 quat=[0.47994, -0.51959, 0.49572, 0.50393] angvel=[-0.0462, -0.01425, 0.01836] linvel=[-0.00298, -0.00495, 0.00376] z=0.1064
[lowlevel-sim][GT] t=68.701 quat=[0.48017, -0.5195, 0.49564, 0.50388] angvel=[-0.00461, 0.06761, -0.00017] linvel=[0.00471, -0.00278, 0.00123] z=0.1064
[lowlevel-sim][GT] t=68.751 quat=[0.48023, -0.51962, 0.49572, 0.50362] angvel=[-0.02053, -0.01554, 0.01075] linvel=[0.00213, -0.00475, -9e-05] z=0.1064
[lowlevel-sim][GT] t=68.801 quat=[0.48023, -0.51957, 0.49582, 0.50358] angvel=[0.06427, 0.00652, -0.02392] linvel=[0.00199, -0.00141, -0.00481] z=0.1063
[lowlevel-sim][GT] t=68.851 quat=[0.48022, -0.51944, 0.49584, 0.50371] angvel=[-0.02013, 0.00394, -0.00537] linvel=[-0.00125, -0.00219, 0.00042] z=0.1064
[lowlevel-sim][GT] t=68.901 quat=[0.48016, -0.51942, 0.49583, 0.50378] angvel=[0.0231, 0.04269, 0.03423] linvel=[-0.00124, -0.00233, -0.00117] z=0.1064
[lowlevel-sim][GT] t=68.951 quat=[0.47999, -0.51949, 0.49585, 0.50386] angvel=[-0.03078, 0.01105, 0.00767] linvel=[-0.00558, -0.00126, 0.0047] z=0.1063
[lowlevel-sim] t=  69.00 mode=cmd        pd=39668 hold=11032 failclosed=246 rtf=0.281 base_z=+0.106 pitch=+1.540 roll=+3.114 |tau|max= 35.00 sat=2/29 knee_L=+0.273 hip_p_L=-0.106 torn=12627 cmd_age=62.7ms auth=200.6s rig_ign=930 fix_base=0 sat_j=left_ankle_roll_joint:+35.0,right_ankle_roll_joint:-35.0
[lowlevel-sim][GT] t=69.001 quat=[0.48012, -0.51941, 0.49577, 0.5039] angvel=[0.06383, 0.00785, -0.00711] linvel=[-0.00534, 0.00121, -0.00379] z=0.1064
[lowlevel-sim][GT] t=69.051 quat=[0.48014, -0.51943, 0.4958, 0.50382] angvel=[-0.02522, 0.00403, -0.00553] linvel=[-0.00483, -0.00335, 0.00537] z=0.1064
[lowlevel-sim][GT] t=69.101 quat=[0.48041, -0.51945, 0.49564, 0.5037] angvel=[0.01705, -0.08748, -0.03664] linvel=[-0.00168, -0.0025, -0.00139] z=0.1064
[lowlevel-sim][GT] t=69.151 quat=[0.48048, -0.51949, 0.49576, 0.50347] angvel=[-0.03205, -0.01879, -0.01732] linvel=[-0.00313, -0.0014, 0.00274] z=0.1064
[lowlevel-sim][GT] t=69.201 quat=[0.48056, -0.51946, 0.49574, 0.50345] angvel=[0.0556, -0.01407, 0.00124] linvel=[-0.00128, 0.00115, -0.0037] z=0.1064
[lowlevel-sim][GT] t=69.251 quat=[0.48057, -0.51954, 0.49584, 0.50325] angvel=[-0.03425, 0.0028, -0.00289] linvel=[0.00535, -0.00381, 0.00339] z=0.1064
[lowlevel-sim][GT] t=69.301 quat=[0.48054, -0.51937, 0.49577, 0.50353] angvel=[0.0442, 0.05176, -0.01389] linvel=[-0.001, 0.00319, 0.00193] z=0.1064
[lowlevel-sim][GT] t=69.351 quat=[0.48047, -0.5193, 0.49578, 0.50365] angvel=[-0.02972, -0.01893, -0.01004] linvel=[-5e-05, -0.00305, 0.00517] z=0.1065
[lowlevel-sim][GT] t=69.401 quat=[0.48044, -0.5193, 0.49578, 0.5037] angvel=[0.02033, 0.05046, 0.00495] linvel=[-0.00267, -0.00079, -0.00026] z=0.1065
[lowlevel-sim][GT] t=69.451 quat=[0.48033, -0.51933, 0.49582, 0.50373] angvel=[-0.02584, 0.01487, -0.00529] linvel=[-0.00348, -0.0029, 0.00454] z=0.1065
[lowlevel-sim] t=  69.50 mode=cmd        pd=39918 hold=11032 failclosed=246 rtf=0.281 base_z=+0.106 pitch=+1.540 roll=+3.130 |tau|max= 35.00 sat=2/29 knee_L=+0.273 hip_p_L=-0.106 torn=12637 cmd_age=27.4ms auth=202.2s rig_ign=930 fix_base=0 sat_j=left_ankle_roll_joint:+35.0,right_ankle_roll_joint:-35.0
[lowlevel-sim][GT] t=69.501 quat=[0.48052, -0.51927, 0.49581, 0.50362] angvel=[0.0243, 0.02602, -0.0025] linvel=[0.00085, -0.00092, -0.00183] z=0.1065
[lowlevel-sim][GT] t=69.551 quat=[0.48051, -0.51925, 0.49592, 0.50355] angvel=[-0.05819, -0.00276, -0.01596] linvel=[-0.00111, -0.00299, 0.00557] z=0.1065
[lowlevel-sim][GT] t=69.601 quat=[0.48061, -0.51924, 0.49591, 0.50346] angvel=[0.00571, -0.00049, 0.00926] linvel=[0.00185, -0.00221, -0.00022] z=0.1064
[lowlevel-sim][GT] t=69.651 quat=[0.48065, -0.51933, 0.49601, 0.50323] angvel=[-0.03516, -0.02587, 0.00105] linvel=[0.00413, -0.00383, 0.0021] z=0.1064
[lowlevel-sim][GT] t=69.701 quat=[0.48084, -0.5193, 0.49587, 0.50322] angvel=[0.05902, -0.01172, 0.02737] linvel=[0.00667, -0.00079, -0.00346] z=0.1064
[lowlevel-sim][GT] t=69.751 quat=[0.48051, -0.51938, 0.49579, 0.50353] angvel=[-0.0426, 0.03469, 0.05864] linvel=[0.00832, -0.00722, 0.00311] z=0.1064
[lowlevel-sim][GT] t=69.801 quat=[0.48032, -0.51935, 0.49568, 0.50387] angvel=[0.06199, 0.01278, 0.00803] linvel=[0.003, 0.0029, -0.00248] z=0.1064
[lowlevel-sim][GT] t=69.851 quat=[0.48019, -0.51944, 0.49566, 0.5039] angvel=[-0.03141, -0.0151, -0.00701] linvel=[0.00323, -0.00632, 0.00111] z=0.1065
[lowlevel-sim][GT] t=69.901 quat=[0.4803, -0.51943, 0.49556, 0.50391] angvel=[0.0108, 0.01594, -0.01602] linvel=[0.00608, -0.00121, -0.002] z=0.1064
[lowlevel-sim][GT] t=69.951 quat=[0.48011, -0.51944, 0.49565, 0.504] angvel=[-0.04477, 0.00085, 0.00222] linvel=[0.00536, -0.00339, 0.00076] z=0.1064
[lowlevel-sim] t=  70.00 mode=cmd        pd=40168 hold=11032 failclosed=246 rtf=0.282 base_z=+0.106 pitch=+1.540 roll=+3.105 |tau|max= 35.00 sat=2/29 knee_L=+0.273 hip_p_L=-0.106 torn=12659 cmd_age=28.6ms auth=203.8s rig_ign=930 fix_base=0 sat_j=left_ankle_roll_joint:+35.0,right_ankle_roll_joint:-35.0
[lowlevel-sim][GT] t=70.001 quat=[0.47993, -0.51945, 0.49556, 0.50424] angvel=[0.05075, 0.0361, -0.0066] linvel=[0.0009, -0.0003, -0.00402] z=0.1064
[lowlevel-sim][GT] t=70.051 quat=[0.47962, -0.5196, 0.49555, 0.5044] angvel=[-0.03602, 0.01387, 0.0048] linvel=[-0.00097, -0.00289, 0.00136] z=0.1064
[lowlevel-sim][GT] t=70.101 quat=[0.47973, -0.51951, 0.49543, 0.5045] angvel=[0.01189, -0.08286, -0.01739] linvel=[-0.00902, -0.0015, 0.00119] z=0.1065
[lowlevel-sim][GT] t=70.151 quat=[0.47972, -0.51956, 0.49542, 0.50447] angvel=[-0.04231, -0.00011, 0.01201] linvel=[-0.0014, -0.00341, 0.00307] z=0.1065
[lowlevel-sim] FAIL-CLOSED engaged at t=70.192s, last command age 85.56 ms (deadline <= 100 ms) PASS
[lowlevel-sim] COMMANDED at t=70.200s (was fail-closed)
[lowlevel-sim][GT] t=70.201 quat=[0.4791, -0.52018, 0.49605, 0.50379] angvel=[-0.39586, -0.00144, 0.00323] linvel=[-0.00526, 0.00455, -0.01532] z=0.1061
[lowlevel-sim][GT] t=70.251 quat=[0.47905, -0.52017, 0.49613, 0.50378] angvel=[-0.00013, -0.00291, 0.03216] linvel=[-0.00554, -0.00586, 0.00102] z=0.1060
[lowlevel-sim][GT] t=70.301 quat=[0.47931, -0.52008, 0.49581, 0.50394] angvel=[-0.00164, -0.00685, 0.01461] linvel=[4e-05, -0.00397, 0.00107] z=0.1061
[lowlevel-sim][GT] t=70.351 quat=[0.47976, -0.51998, 0.49568, 0.50374] angvel=[-0.03572, -0.03398, -0.05593] linvel=[-0.00793, -0.0078, 0.00374] z=0.1062
[lowlevel-sim][GT] t=70.401 quat=[0.48007, -0.5198, 0.49556, 0.50375] angvel=[0.0131, 0.01356, -0.00279] linvel=[0.00013, 0.00164, -9e-05] z=0.1063
[lowlevel-sim][GT] t=70.451 quat=[0.48019, -0.51978, 0.4956, 0.50361] angvel=[-0.04725, -0.0149, -0.0312] linvel=[-0.00694, -0.00855, 0.00328] z=0.1064
[lowlevel-sim] t=  70.50 mode=cmd        pd=40422 hold=11032 failclosed=254 rtf=0.282 base_z=+0.106 pitch=+1.540 roll=-3.141 |tau|max= 35.00 sat=2/29 knee_L=+0.273 hip_p_L=-0.106 torn=12678 cmd_age=27.7ms auth=205.5s rig_ign=930 fix_base=0 sat_j=left_ankle_roll_joint:+35.0,right_ankle_roll_joint:-35.0
[lowlevel-sim][GT] t=70.501 quat=[0.48035, -0.51964, 0.49553, 0.50367] angvel=[0.00178, -0.01688, -0.00844] linvel=[0.00027, 0.00189, 0.00147] z=0.1064
[lowlevel-sim][GT] t=70.551 quat=[0.48035, -0.51973, 0.49556, 0.50356] angvel=[-0.03865, 0.02647, 0.02273] linvel=[0.0007, -0.00361, 0.00444] z=0.1064
[lowlevel-sim][GT] t=70.601 quat=[0.48049, -0.51964, 0.4955, 0.50356] angvel=[-0.01375, 0.02761, 0.01043] linvel=[0.00523, -0.00165, 0.00111] z=0.1064
[lowlevel-sim][GT] t=70.651 quat=[0.48044, -0.51961, 0.49556, 0.50359] angvel=[-0.04178, 0.00405, 0.03305] linvel=[0.00863, -0.00691, 0.00315] z=0.1065
[lowlevel-sim][GT] t=70.701 quat=[0.48041, -0.51945, 0.49551, 0.50383] angvel=[0.0501, 0.04995, 0.01336] linvel=[0.00296, 3e-05, -0.00289] z=0.1065
[lowlevel-sim][GT] t=70.751 quat=[0.48032, -0.51955, 0.49549, 0.50383] angvel=[-0.0579, -0.00912, 0.00465] linvel=[0.0048, -0.00526, 0.00733] z=0.1065
[lowlevel-sim][GT] t=70.801 quat=[0.4803, -0.51934, 0.49545, 0.50412] angvel=[-0.00772, -0.03797, -0.01657] linvel=[-0.00457, 0.00101, 0.0033] z=0.1065
[lowlevel-sim][GT] t=70.851 quat=[0.48002, -0.51943, 0.49552, 0.50421] angvel=[-0.03528, -0.02607, 0.00679] linvel=[-3e-05, -0.00064, 0.0052] z=0.1065
[lowlevel-sim][GT] t=70.901 quat=[0.48024, -0.51936, 0.49542, 0.50417] angvel=[0.00244, 0.01392, 0.0172] linvel=[0.00585, -0.00423, -0.00271] z=0.1065
[lowlevel-sim][GT] t=70.951 quat=[0.48002, -0.51955, 0.49555, 0.50406] angvel=[-0.03122, -0.03859, -0.03447] linvel=[-0.0014, -0.00763, 0.00258] z=0.1065
[lowlevel-sim] t=  71.00 mode=cmd        pd=40672 hold=11032 failclosed=254 rtf=0.282 base_z=+0.106 pitch=+1.540 roll=+3.109 |tau|max= 35.00 sat=2/29 knee_L=+0.274 hip_p_L=-0.107 torn=12701 cmd_age=28.5ms auth=207.2s rig_ign=930 fix_base=0 sat_j=left_ankle_roll_joint:+35.0,right_ankle_roll_joint:-35.0
[lowlevel-sim][GT] t=71.001 quat=[0.47991, -0.51954, 0.49547, 0.50426] angvel=[0.02974, 0.01208, 0.02267] linvel=[0.00178, -0.00101, -0.00255] z=0.1065
[lowlevel-sim][GT] t=71.051 quat=[0.48002, -0.51945, 0.49537, 0.50434] angvel=[-0.01897, 0.01533, 0.02676] linvel=[-0.00344, -0.00664, 0.00162] z=0.1066
[lowlevel-sim][GT] t=71.101 quat=[0.48007, -0.51953, 0.49537, 0.50421] angvel=[-0.06665, 0.06171, 0.02422] linvel=[0.00409, -0.00405, 0.00636] z=0.1065
[lowlevel-sim][GT] t=71.151 quat=[0.48012, -0.51958, 0.49548, 0.504] angvel=[-0.03002, 0.02281, -0.0033] linvel=[-0.0039, -0.0035, 0.00296] z=0.1065
[lowlevel-sim][GT] t=71.201 quat=[0.48021, -0.51943, 0.49537, 0.50418] angvel=[-0.08713, 0.07408, 0.01667] linvel=[0.00498, -0.00505, 0.00784] z=0.1066
[lowlevel-sim][GT] t=71.251 quat=[0.48038, -0.5195, 0.49552, 0.5038] angvel=[-0.02373, 0.01288, -0.01168] linvel=[-0.00042, -0.0004, 0.0018] z=0.1065
[lowlevel-sim][GT] t=71.301 quat=[0.48057, -0.51939, 0.49554, 0.50371] angvel=[0.01256, 0.07102, 0.00967] linvel=[0.0065, -0.00263, -0.00084] z=0.1065
[lowlevel-sim][GT] t=71.351 quat=[0.48053, -0.51941, 0.49565, 0.50362] angvel=[-0.03253, 0.02716, 0.00078] linvel=[0.00194, -0.00257, 0.0033] z=0.1065
[lowlevel-sim][GT] t=71.401 quat=[0.48046, -0.51931, 0.49557, 0.50387] angvel=[0.04786, 0.02934, 0.02078] linvel=[0.00559, -0.00158, -0.00555] z=0.1065
[lowlevel-sim][GT] t=71.451 quat=[0.4803, -0.5194, 0.49565, 0.50386] angvel=[-0.0348, 0.0176, 0.01177] linvel=[-0.00055, -0.00388, 0.00308] z=0.1065
[lowlevel-sim] t=  71.50 mode=cmd        pd=40922 hold=11032 failclosed=254 rtf=0.282 base_z=+0.106 pitch=+1.540 roll=+3.105 |tau|max= 35.00 sat=2/29 knee_L=+0.274 hip_p_L=-0.107 torn=12728 cmd_age=19.1ms auth=208.9s rig_ign=930 fix_base=0 sat_j=left_ankle_roll_joint:+35.0,right_ankle_roll_joint:-35.0
[lowlevel-sim][GT] t=71.501 quat=[0.48007, -0.51931, 0.49568, 0.50413] angvel=[-0.00987, 0.06183, 0.03051] linvel=[0.00097, -0.0042, 0.00093] z=0.1065
[lowlevel-sim][GT] t=71.551 quat=[0.48009, -0.51934, 0.49572, 0.50405] angvel=[-0.00224, 0.01196, 0.00059] linvel=[0.00151, -0.00214, 0.00053] z=0.1065
[lowlevel-sim][GT] t=71.601 quat=[0.48012, -0.51938, 0.49553, 0.50415] angvel=[0.02426, 0.02819, 0.00423] linvel=[0.00166, 0.00058, 9e-05] z=0.1065
[lowlevel-sim] FAIL-CLOSED engaged at t=71.607s, last command age 86.01 ms (deadline <= 100 ms) PASS
[lowlevel-sim] COMMANDED at t=71.612s (was fail-closed)
[lowlevel-sim][GT] t=71.651 quat=[0.47954, -0.5198, 0.49597, 0.50384] angvel=[0.05492, 0.03931, 0.02608] linvel=[-0.00175, 0.00152, -0.00198] z=0.1062
[lowlevel-sim][GT] t=71.701 quat=[0.47952, -0.51982, 0.49589, 0.50392] angvel=[-0.00784, -0.01932, -0.03314] linvel=[-0.00597, -0.00869, 0.00029] z=0.1063
[lowlevel-sim][GT] t=71.751 quat=[0.47987, -0.51964, 0.49576, 0.50391] angvel=[0.0327, 0.04408, 0.01744] linvel=[-0.00429, 0.00203, -0.00053] z=0.1063
[lowlevel-sim][GT] t=71.801 quat=[0.47981, -0.51973, 0.49569, 0.50393] angvel=[-0.04411, 0.02259, 0.03911] linvel=[-0.00014, -0.00824, 0.00243] z=0.1064
[lowlevel-sim][GT] t=71.851 quat=[0.47999, -0.51964, 0.49557, 0.50398] angvel=[-0.00317, 0.00421, -0.02324] linvel=[-0.00507, -9e-05, 0.00248] z=0.1064
[lowlevel-sim][GT] t=71.901 quat=[0.48007, -0.51967, 0.49557, 0.50387] angvel=[-0.01848, 0.02979, 0.04438] linvel=[-0.00101, -0.00656, 0.00154] z=0.1064
[lowlevel-sim][GT] t=71.951 quat=[0.48015, -0.5196, 0.49541, 0.50402] angvel=[-0.00283, 0.00175, -0.01684] linvel=[-0.00255, 0.00093, -5e-05] z=0.1065
[lowlevel-sim] t=  72.00 mode=cmd        pd=41175 hold=11032 failclosed=259 rtf=0.282 base_z=+0.106 pitch=+1.540 roll=+3.132 |tau|max= 10.10 sat=0/29 knee_L=+0.274 hip_p_L=-0.107 torn=12747 cmd_age=22.4ms auth=210.5s rig_ign=930 fix_base=0
[lowlevel-sim][GT] t=72.001 quat=[0.48021, -0.5196, 0.49557, 0.5038] angvel=[-0.00929, -0.00831, -0.02631] linvel=[-0.00603, -0.00813, 0.00073] z=0.1065
[lowlevel-sim][GT] t=72.051 quat=[0.48032, -0.51956, 0.49541, 0.5039] angvel=[-0.01467, 0.03484, 0.02389] linvel=[-0.00104, 0.00165, 0.00462] z=0.1065
[lowlevel-sim][GT] t=72.101 quat=[0.48024, -0.51964, 0.49534, 0.50397] angvel=[-0.03578, 0.02677, 0.04925] linvel=[0.00229, -0.00664, 0.00107] z=0.1066
[lowlevel-sim][GT] t=72.151 quat=[0.48058, -0.51953, 0.49532, 0.50377] angvel=[-0.01023, -0.05016, -0.02698] linvel=[-0.00425, -0.00344, 0.00186] z=0.1066
[lowlevel-sim][GT] t=72.201 quat=[0.48054, -0.5194, 0.49546, 0.50382] angvel=[-0.0051, -0.01222, 0.02293] linvel=[0.0026, -0.00338, -0.0001] z=0.1066
[lowlevel-sim][GT] t=72.251 quat=[0.48066, -0.51919, 0.49543, 0.50394] angvel=[-0.00076, 0.00796, -0.00922] linvel=[0.00225, 0.00172, 0.00096] z=0.1066
[lowlevel-sim][GT] t=72.301 quat=[0.48056, -0.51929, 0.49548, 0.50388] angvel=[-0.03326, -0.00571, 0.01286] linvel=[0.0033, -0.00429, 0.00129] z=0.1066
[lowlevel-sim][GT] t=72.351 quat=[0.4805, -0.51927, 0.49545, 0.50399] angvel=[-0.04155, 0.01876, 0.01434] linvel=[-0.00257, -0.00038, 0.00517] z=0.1066
[lowlevel-sim][GT] t=72.401 quat=[0.48043, -0.51923, 0.4955, 0.50406] angvel=[-0.0093, 0.00205, 0.0071] linvel=[-0.00138, -0.00451, 1e-05] z=0.1066
[lowlevel-sim][GT] t=72.451 quat=[0.48056, -0.51913, 0.49554, 0.50399] angvel=[0.00373, -0.06362, -0.0301] linvel=[-0.00681, -0.00123, 0.00255] z=0.1067
[lowlevel-sim] t=  72.50 mode=cmd        pd=41425 hold=11032 failclosed=259 rtf=0.282 base_z=+0.107 pitch=+1.540 roll=+3.117 |tau|max= 10.02 sat=0/29 knee_L=+0.275 hip_p_L=-0.107 torn=12765 cmd_age=34.4ms auth=212.0s rig_ign=930 fix_base=0
[lowlevel-sim][GT] t=72.501 quat=[0.48031, -0.51926, 0.49555, 0.50409] angvel=[-0.02983, 0.03472, 0.0702] linvel=[0.00053, -0.0077, 0.00037] z=0.1067
[lowlevel-sim][GT] t=72.551 quat=[0.48035, -0.51932, 0.49548, 0.50405] angvel=[0.04464, 0.01126, -0.01083] linvel=[-0.0071, -0.00248, -0.00609] z=0.1066
[lowlevel-sim][GT] t=72.601 quat=[0.48036, -0.51945, 0.49551, 0.50389] angvel=[-0.0369, 0.02338, 0.02148] linvel=[0.00278, -0.00851, 0.0039] z=0.1066
[lowlevel-sim][GT] t=72.651 quat=[0.48065, -0.51943, 0.49542, 0.50372] angvel=[-0.00294, -0.00026, -0.01342] linvel=[0.00027, -0.00365, 0.00047] z=0.1066
[lowlevel-sim][GT] t=72.701 quat=[0.48076, -0.51943, 0.49547, 0.50357] angvel=[-0.02927, 0.0082, 0.02067] linvel=[0.01136, -0.00716, 0.0005] z=0.1066
[lowlevel-sim][GT] t=72.751 quat=[0.48074, -0.51929, 0.4955, 0.50369] angvel=[-0.00109, -0.05018, -0.01274] linvel=[-0.00401, -0.00063, 0.003] z=0.1066
[lowlevel-sim][GT] t=72.801 quat=[0.48063, -0.5193, 0.49558, 0.50371] angvel=[-0.03628, -0.01238, -0.02374] linvel=[0.00404, -0.0058, 0.00293] z=0.1067
[lowlevel-sim][GT] t=72.851 quat=[0.48081, -0.51914, 0.49563, 0.50365] angvel=[-0.01662, -0.03628, -0.0318] linvel=[-0.00291, -0.00335, 0.00374] z=0.1067
[lowlevel-sim][GT] t=72.901 quat=[0.48082, -0.51911, 0.49567, 0.50364] angvel=[-0.0101, -0.00397, -0.00458] linvel=[0.00389, -0.00404, 0.00181] z=0.1067
[lowlevel-sim][GT] t=72.951 quat=[0.48095, -0.519, 0.49564, 0.50365] angvel=[0.07155, 0.01372, 0.00158] linvel=[0.00535, 0.00151, -0.00683] z=0.1067
[lowlevel-sim] t=  73.00 mode=cmd        pd=41675 hold=11032 failclosed=259 rtf=0.283 base_z=+0.107 pitch=+1.541 roll=+3.137 |tau|max=  9.58 sat=0/29 knee_L=+0.275 hip_p_L=-0.106 torn=12781 cmd_age=25.1ms auth=213.7s rig_ign=930 fix_base=0
[lowlevel-sim][GT] t=73.001 quat=[0.48088, -0.51904, 0.49569, 0.50364] angvel=[-0.00521, -0.03105, -0.00056] linvel=[0.00521, -0.00115, 0.00097] z=0.1067
[lowlevel-sim][GT] t=73.051 quat=[0.4809, -0.519, 0.49563, 0.50371] angvel=[-0.00627, 0.05064, 0.02496] linvel=[0.00675, -0.00093, 0.00085] z=0.1067
[lowlevel-sim][GT] t=73.101 quat=[0.48051, -0.51918, 0.49572, 0.50381] angvel=[-0.03336, -0.04134, -0.0436] linvel=[-0.00295, -0.00866, 0.00235] z=0.1066
[lowlevel-sim][GT] t=73.151 quat=[0.48046, -0.51917, 0.4958, 0.5038] angvel=[-0.03072, 0.01005, 0.00756] linvel=[0.0006, -0.00302, 0.00326] z=0.1066
[lowlevel-sim][GT] t=73.201 quat=[0.48036, -0.51922, 0.49583, 0.50381] angvel=[-0.01425, -0.01935, -0.01116] linvel=[-0.00025, -0.00868, 0.00141] z=0.1066
[lowlevel-sim][GT] t=73.251 quat=[0.4804, -0.51922, 0.49566, 0.50393] angvel=[-0.01681, 0.03598, 0.02488] linvel=[0.00141, -0.00325, -0.00026] z=0.1066
[lowlevel-sim][GT] t=73.301 quat=[0.48022, -0.51932, 0.49574, 0.50393] angvel=[-0.02252, -0.02725, -0.04855] linvel=[-0.00565, -0.00675, 0.0017] z=0.1066
[lowlevel-sim][GT] t=73.351 quat=[0.48037, -0.51921, 0.49574, 0.5039] angvel=[-0.00405, 0.0033, 0.01287] linvel=[0.00025, -0.00133, 0.00049] z=0.1066
[lowlevel-sim][GT] t=73.401 quat=[0.48038, -0.51916, 0.49586, 0.50382] angvel=[-0.01134, -0.03761, -0.05496] linvel=[-0.00201, -0.00419, 0.00114] z=0.1066
[lowlevel-sim][GT] t=73.451 quat=[0.48047, -0.5191, 0.49585, 0.50381] angvel=[0.04905, -0.00456, -0.00645] linvel=[0.00112, 0.00234, -0.00311] z=0.1066
[lowlevel-sim] t=  73.50 mode=cmd        pd=41925 hold=11032 failclosed=259 rtf=0.282 base_z=+0.107 pitch=+1.540 roll=+3.113 |tau|max= 10.01 sat=0/29 knee_L=+0.275 hip_p_L=-0.107 torn=12793 cmd_age=54.1ms auth=215.6s rig_ign=930 fix_base=0
[lowlevel-sim][GT] t=73.501 quat=[0.48031, -0.51921, 0.49589, 0.50379] angvel=[-0.02654, -0.00311, 0.00905] linvel=[-0.00019, -0.0107, 0.00361] z=0.1065
[lowlevel-sim][GT] t=73.551 quat=[0.48018, -0.51927, 0.49576, 0.50399] angvel=[0.02215, 0.02694, 0.02118] linvel=[0.00032, -0.00051, -0.00282] z=0.1065
[lowlevel-sim][GT] t=73.601 quat=[0.48001, -0.51942, 0.49567, 0.50408] angvel=[-0.01137, -0.0286, -0.01369] linvel=[0.00031, -0.00024, 0.0025] z=0.1065
[lowlevel-sim][GT] t=73.651 quat=[0.4801, -0.51937, 0.49549, 0.50423] angvel=[-0.01774, 0.02556, 0.02826] linvel=[-0.00158, -0.00425, -0.00014] z=0.1066
[lowlevel-sim] FAIL-CLOSED engaged at t=73.676s, last command age 85.26 ms (deadline <= 100 ms) PASS
[lowlevel-sim] COMMANDED at t=73.692s (was fail-closed)
[lowlevel-sim][GT] t=73.701 quat=[0.47767, -0.52163, 0.49768, 0.50204] angvel=[-0.04137, -0.05658, 0.00982] linvel=[-0.00778, 0.00016, -0.01248] z=0.1053
[lowlevel-sim][GT] t=73.751 quat=[0.47829, -0.52099, 0.49689, 0.5029] angvel=[0.05126, -0.0011, -0.00185] linvel=[-0.00617, -0.00119, 0.00468] z=0.1055
[lowlevel-sim][GT] t=73.801 quat=[0.47867, -0.52053, 0.4963, 0.5036] angvel=[0.01349, 0.0264, 0.00659] linvel=[-0.00232, -0.00331, 0.00091] z=0.1058
[lowlevel-sim][GT] t=73.851 quat=[0.47905, -0.52023, 0.49617, 0.50367] angvel=[-0.01906, -0.03774, -0.02275] linvel=[-0.00016, -0.00583, 0.00336] z=0.1059
[lowlevel-sim][GT] t=73.901 quat=[0.4797, -0.51993, 0.49604, 0.50349] angvel=[0.0153, 0.03256, 0.00593] linvel=[0.00326, -0.00102, 0.00108] z=0.1061
[lowlevel-sim][GT] t=73.951 quat=[0.47997, -0.51978, 0.49607, 0.50336] angvel=[-0.00473, -0.00209, -0.0001] linvel=[0.00632, -0.00202, 0.00456] z=0.1062
[lowlevel-sim] t=  74.00 mode=cmd        pd=42182 hold=11032 failclosed=274 rtf=0.282 base_z=+0.106 pitch=+1.539 roll=+3.135 |tau|max= 35.00 sat=2/29 knee_L=+0.273 hip_p_L=-0.106 torn=12819 cmd_age=33.6ms auth=217.5s rig_ign=930 fix_base=0 sat_j=left_ankle_roll_joint:+35.0,right_ankle_roll_joint:-35.0
[lowlevel-sim][GT] t=74.001 quat=[0.4804, -0.51946, 0.49603, 0.50332] angvel=[0.00317, -0.06014, -0.02581] linvel=[-0.00185, -7e-05, 0.00267] z=0.1063
[lowlevel-sim][GT] t=74.051 quat=[0.48034, -0.51941, 0.49606, 0.5034] angvel=[-0.00936, 0.00432, -0.00279] linvel=[0.00638, -0.00261, 0.00402] z=0.1064
[lowlevel-sim][GT] t=74.101 quat=[0.48056, -0.51929, 0.49598, 0.50339] angvel=[-0.02166, -0.03769, -0.00935] linvel=[0.00089, -0.00257, 0.00265] z=0.1064
[lowlevel-sim][GT] t=74.151 quat=[0.48046, -0.51919, 0.49601, 0.50356] angvel=[-0.02846, -0.00578, -0.00041] linvel=[0.00282, -0.00562, 0.00467] z=0.1065
[lowlevel-sim][GT] t=74.201 quat=[0.48032, -0.51914, 0.49589, 0.50386] angvel=[0.041, -0.03695, -0.01914] linvel=[-0.01038, -0.0034, -0.00143] z=0.1065
[lowlevel-sim][GT] t=74.251 quat=[0.4803, -0.5193, 0.49587, 0.50373] angvel=[-0.0292, -0.0203, -0.00066] linvel=[-0.00078, -0.00898, -8e-05] z=0.1065
[lowlevel-sim][GT] t=74.301 quat=[0.48027, -0.51926, 0.49586, 0.50382] angvel=[0.03358, 0.04419, 0.01489] linvel=[-0.00252, 0.00296, -0.00113] z=0.1065
[lowlevel-sim][GT] t=74.351 quat=[0.48017, -0.51941, 0.49592, 0.50369] angvel=[-0.03463, -0.02598, -0.04289] linvel=[-0.0085, -0.00784, 0.00565] z=0.1065
[lowlevel-sim][GT] t=74.401 quat=[0.48033, -0.51925, 0.49576, 0.50387] angvel=[0.07212, 0.01211, 0.00316] linvel=[-0.00257, 0.00035, -0.00433] z=0.1065
[lowlevel-sim][GT] t=74.451 quat=[0.48034, -0.51936, 0.49582, 0.50369] angvel=[-0.0327, -0.04773, -0.04028] linvel=[-0.0054, -0.0085, 0.00174] z=0.1065
[lowlevel-sim] t=  74.50 mode=cmd        pd=42432 hold=11032 failclosed=274 rtf=0.282 base_z=+0.107 pitch=+1.540 roll=+3.133 |tau|max= 35.00 sat=2/29 knee_L=+0.274 hip_p_L=-0.107 torn=12832 cmd_age=21.3ms auth=219.3s rig_ign=930 fix_base=0 sat_j=left_ankle_roll_joint:+35.0,right_ankle_roll_joint:-35.0
[lowlevel-sim][GT] t=74.501 quat=[0.48055, -0.51929, 0.49571, 0.50366] angvel=[0.03627, 0.00994, -0.00117] linvel=[0.00238, -0.00113, -0.00119] z=0.1066
[lowlevel-sim][GT] t=74.551 quat=[0.48077, -0.51921, 0.49582, 0.50343] angvel=[-0.01559, 0.0054, -0.00841] linvel=[0.00381, -0.0056, 0.0005] z=0.1066
[lowlevel-sim][GT] t=74.601 quat=[0.48093, -0.51908, 0.49589, 0.50334] angvel=[-0.00893, -0.00568, -0.01298] linvel=[0.00371, 0.00065, 0.00122] z=0.1066
[lowlevel-sim][GT] t=74.651 quat=[0.48099, -0.51915, 0.49594, 0.50317] angvel=[-0.0394, -0.02845, 0.00414] linvel=[0.00563, -0.0067, 0.00678] z=0.1066
[lowlevel-sim] FAIL-CLOSED engaged at t=74.677s, last command age 87.27 ms (deadline <= 100 ms) PASS
[lowlevel-sim] COMMANDED at t=74.680s (was fail-closed)
[lowlevel-sim][GT] t=74.701 quat=[0.48079, -0.51913, 0.49618, 0.50314] angvel=[0.0286, 0.04238, 0.01798] linvel=[0.00688, 0.00186, -0.00091] z=0.1065
[lowlevel-sim][GT] t=74.751 quat=[0.48064, -0.51919, 0.49611, 0.50329] angvel=[-0.02974, 0.0403, 0.02321] linvel=[0.00109, -0.00307, 0.00281] z=0.1065
[lowlevel-sim][GT] t=74.801 quat=[0.48066, -0.51902, 0.4959, 0.50365] angvel=[0.04177, 0.02622, 0.00072] linvel=[0.00598, 0.00163, -0.00093] z=0.1066
[lowlevel-sim][GT] t=74.851 quat=[0.48043, -0.51904, 0.49587, 0.50388] angvel=[-0.02523, 0.00981, 0.0172] linvel=[-0.00202, -0.00381, 2e-05] z=0.1066
[lowlevel-sim][GT] t=74.901 quat=[0.48007, -0.51911, 0.49575, 0.50427] angvel=[0.01861, 0.06112, 0.02343] linvel=[-0.006, 0.00059, 0.00152] z=0.1066
[lowlevel-sim][GT] t=74.951 quat=[0.48011, -0.51922, 0.49577, 0.50409] angvel=[-0.04584, 0.0478, -0.00912] linvel=[-0.0061, -0.004, 0.00343] z=0.1066
[lowlevel-sim] t=  75.00 mode=cmd        pd=42684 hold=11032 failclosed=277 rtf=0.282 base_z=+0.107 pitch=+1.541 roll=+3.104 |tau|max= 35.00 sat=2/29 knee_L=+0.276 hip_p_L=-0.107 torn=12847 cmd_age=55.8ms auth=221.1s rig_ign=930 fix_base=0 sat_j=left_ankle_roll_joint:+35.0,right_ankle_roll_joint:-35.0
[lowlevel-sim][GT] t=75.001 quat=[0.4804, -0.519, 0.49557, 0.50424] angvel=[0.0196, 0.01444, -0.00052] linvel=[-0.00075, 0.00107, -0.00134] z=0.1068
[lowlevel-sim][GT] t=75.051 quat=[0.48058, -0.51894, 0.49574, 0.50396] angvel=[-0.05672, 0.00021, -0.01035] linvel=[-0.0039, -0.00399, 0.00443] z=0.1068
[lowlevel-sim][GT] t=75.101 quat=[0.48072, -0.51892, 0.49571, 0.50389] angvel=[0.05568, 0.0265, 0.00545] linvel=[-0.0019, 0.00155, -0.00523] z=0.1068
[lowlevel-sim][GT] t=75.151 quat=[0.48089, -0.51886, 0.49575, 0.50374] angvel=[-0.00047, -0.03171, -0.04842] linvel=[-0.00703, -0.00569, 0.00162] z=0.1068
[lowlevel-sim][GT] t=75.201 quat=[0.48109, -0.51868, 0.49575, 0.50374] angvel=[-0.00574, 0.04021, 0.00376] linvel=[0.00248, -0.00282, 0.00027] z=0.1069
[lowlevel-sim][GT] t=75.251 quat=[0.48109, -0.51874, 0.49588, 0.50355] angvel=[-0.01839, -0.00071, -0.00631] linvel=[-0.00342, -0.003, 0.00191] z=0.1069
[lowlevel-sim][GT] t=75.301 quat=[0.4811, -0.51862, 0.49582, 0.50373] angvel=[0.02484, 0.01649, 0.01762] linvel=[-0.00211, -0.00024, -0.00063] z=0.1069
[lowlevel-sim][GT] t=75.351 quat=[0.48123, -0.51859, 0.49592, 0.50353] angvel=[-0.01304, 0.00407, 0.0173] linvel=[-0.00102, -0.00273, 0.00107] z=0.1069
[lowlevel-sim][GT] t=75.401 quat=[0.48114, -0.51857, 0.49587, 0.5037] angvel=[0.06684, -0.00483, -0.01216] linvel=[-0.00424, -1e-05, -0.0051] z=0.1069
[lowlevel-sim][GT] t=75.451 quat=[0.48103, -0.51862, 0.49586, 0.50375] angvel=[-0.02285, -0.05119, -0.01552] linvel=[-0.00325, -0.00253, 0.00341] z=0.1069
[lowlevel-sim] t=  75.50 mode=cmd        pd=42934 hold=11032 failclosed=277 rtf=0.282 base_z=+0.107 pitch=+1.541 roll=+3.128 |tau|max= 35.00 sat=2/29 knee_L=+0.275 hip_p_L=-0.107 torn=12866 cmd_age=23.7ms auth=222.7s rig_ign=930 fix_base=0 sat_j=left_ankle_roll_joint:+35.0,right_ankle_roll_joint:-35.0
[lowlevel-sim][GT] t=75.501 quat=[0.48115, -0.51862, 0.49592, 0.50358] angvel=[0.06986, 3e-05, -0.01507] linvel=[-0.00188, 0.00192, -0.00251] z=0.1068
[lowlevel-sim] FAIL-CLOSED engaged at t=75.547s, last command age 85.29 ms (deadline <= 100 ms) PASS
[lowlevel-sim][GT] t=75.551 quat=[0.48068, -0.51902, 0.49617, 0.50337] angvel=[-0.2454, -0.00055, 0.03735] linvel=[-0.00041, -0.00544, -0.02248] z=0.1067
[lowlevel-sim] COMMANDED at t=75.558s (was fail-closed)
