Authorization required, but no authorization protocol specified

Authorization required, but no authorization protocol specified

Authorization required, but no authorization protocol specified

Authorization required, but no authorization protocol specified

Authorization required, but no authorization protocol specified

cat: '/sys/devices/system/cpu/cpu*/cpufreq/scaling_governor': No such file or directory
Authorization required, but no authorization protocol specified

Authorization required, but no authorization protocol specified

[Info] [carb] Logging to file: /isaac-sim/kit/logs/Kit/Isaac-Sim Python/5.1/kit_20260822_131053.log
[0.117s] [ext: omni.kit.async_engine-0.0.3] startup
[1.044s] [ext: omni.metrics.core-0.0.3] startup
[1.045s] [ext: omni.client.lib-1.1.0] startup
[1.084s] [ext: omni.blobkey-1.1.2] startup
[1.085s] [ext: omni.stats-1.0.1] startup
[1.094s] [ext: omni.datastore-0.0.0] startup
[1.101s] [ext: omni.client-1.3.0] startup
[1.109s] [ext: omni.ujitso.default-1.0.0] startup
[1.111s] [ext: omni.hsscclient-1.1.2] startup
[1.133s] [ext: omni.gpu_foundation.shadercache.vulkan-1.0.0] startup
[1.167s] [ext: omni.assets.plugins-0.0.0] startup
[1.169s] [ext: omni.gpu_foundation-0.0.0] startup
[1.181s] [ext: carb.windowing.plugins-1.0.0] startup
2026-08-22T13:10:55Z [1,135ms] [Warning] [carb.windowing-glfw.plugin] GLFW initialization failed.
2026-08-22T13:10:55Z [1,135ms] [Warning] [carb] Failed to startup plugin carb.windowing-glfw.plugin (interfaces: [carb::windowing::IGLContext v1.0],[carb::windowing::IWindowing v1.5]) (impl: carb.windowing-glfw.plugin)
[1.183s] [ext: omni.kit.renderer.init-0.0.0] startup
2026-08-22T13:10:55Z [1,211ms] [Warning] [omni.platforminfo.plugin] failed to open the default display.  Can't verify X Server version.
2026-08-22T13:10:55Z [1,422ms] [Warning] [carb.windowing-glfw.plugin] GLFW initialization failed.
2026-08-22T13:10:55Z [1,422ms] [Warning] [carb] Failed to startup plugin carb.windowing-glfw.plugin (interfaces: [carb::windowing::IGLContext v1.0],[carb::windowing::IWindowing v1.5]) (impl: carb.windowing-glfw.plugin)

|---------------------------------------------------------------------------------------------|
| Driver Version: 580.105.08    | Graphics API: Vulkan
|=============================================================================================|
| GPU | Name                             | Active | LDA | GPU Memory | Vendor-ID | LUID       |
|     |                                  |        |     |            | Device-ID | UUID       |
|     |                                  |        |     |            | Bus-ID    |            |
|---------------------------------------------------------------------------------------------|
| 0   | NVIDIA GeForce RTX 4090          | Yes: 0 |     | 24810   MB | 10de      | 0          |
|     |                                  |        |     |            | 2684      | ea3ff652.. |
|     |                                  |        |     |            | 0         |            |
|=============================================================================================|
| OS: 24.04.2 LTS (Noble Numbat) ubuntu, Version: 24.04.2, Kernel: 6.8.0-87-generic
| Processor: AMD EPYC 7713 64-Core Processor
| Cores: 40 | Logical Cores: 40
|---------------------------------------------------------------------------------------------|
| Total Memory (MB): 135018 | Free Memory: 128632
| Total Page/Swap (MB): 0 | Free Page/Swap: 0
|---------------------------------------------------------------------------------------------|
[2.245s] [ext: omni.kit.pipapi-0.0.0] startup
[2.259s] [ext: omni.kit.pip_archive-0.0.0] startup
[2.268s] [ext: omni.pip.compute-1.6.3] startup
[2.278s] [ext: omni.materialx.libs-1.0.7] startup
[2.296s] [ext: omni.pip.cloud-1.4.3] startup
[2.329s] [ext: omni.isaac.core_archive-3.0.0] startup
[2.339s] [ext: omni.usd.config-1.0.6] startup
[2.355s] [ext: omni.gpucompute.plugins-0.0.0] startup
[2.356s] [ext: omni.usd.libs-1.0.1] startup
[2.459s] [ext: omni.kit.telemetry-0.5.2] startup
[2.575s] [ext: omni.mdl-56.0.3] startup
[3.155s] [ext: omni.iray.libs-0.0.0] startup
[3.164s] [ext: omni.mdl.neuraylib-0.2.12] startup
[3.182s] [ext: omni.kit.usd.mdl-1.1.5] startup
[3.347s] [ext: omni.isaac.ml_archive-3.0.4] startup
[3.354s] [ext: omni.kit.loop-isaac-1.3.7] startup
[3.365s] [ext: omni.kit.test-2.0.1] startup
[3.730s] [ext: omni.appwindow-1.1.10] startup
2026-08-22T13:10:57Z [3,685ms] [Warning] [carb.windowing-glfw.plugin] GLFW initialization failed.
2026-08-22T13:10:57Z [3,685ms] [Warning] [carb] Failed to startup plugin carb.windowing-glfw.plugin (interfaces: [carb::windowing::IGLContext v1.0],[carb::windowing::IWindowing v1.5]) (impl: carb.windowing-glfw.plugin)
Authorization required, but no authorization protocol specified

2026-08-22T13:10:57Z [3,686ms] [Warning] [carb.windowing-glfw.plugin] GLFW initialization failed.
2026-08-22T13:10:57Z [3,686ms] [Warning] [carb] Failed to startup plugin carb.windowing-glfw.plugin (interfaces: [carb::windowing::IGLContext v1.0],[carb::windowing::IWindowing v1.5]) (impl: carb.windowing-glfw.plugin)
2026-08-22T13:10:57Z [3,686ms] [Error] [omni.appwindow.plugin] Failed to acquire IWindowing interface
2026-08-22T13:10:57Z [3,686ms] [Error] [omni.appwindow.plugin] IAppWindow::startup failed
Authorization required, but no authorization protocol specified

Authorization required, but no authorization protocol specified

[3.746s] [ext: omni.kit.renderer.core-1.1.0] startup
2026-08-22T13:10:57Z [3,724ms] [Warning] [carb.windowing-glfw.plugin] GLFW initialization failed.
2026-08-22T13:10:57Z [3,724ms] [Warning] [carb] Failed to startup plugin carb.windowing-glfw.plugin (interfaces: [carb::windowing::IGLContext v1.0],[carb::windowing::IWindowing v1.5]) (impl: carb.windowing-glfw.plugin)
[3.783s] [ext: omni.kit.renderer.capture-0.0.0] startup
[3.799s] [ext: omni.kit.renderer.imgui-2.0.5] startup
2026-08-22T13:10:57Z [3,758ms] [Warning] [carb.windowing-glfw.plugin] GLFW initialization failed.
2026-08-22T13:10:57Z [3,758ms] [Warning] [carb] Failed to startup plugin carb.windowing-glfw.plugin (interfaces: [carb::windowing::IGLContext v1.0],[carb::windowing::IWindowing v1.5]) (impl: carb.windowing-glfw.plugin)
2026-08-22T13:10:57Z [3,759ms] [Warning] [omni.ui.windowmanager.plugin] Failed to set app window for default window set!
[3.816s] [ext: omni.ui-2.27.1] startup
[3.843s] [ext: omni.kit.mainwindow-1.0.3] startup
[3.854s] [ext: carb.audio-0.1.0] startup
[3.861s] [ext: omni.uiaudio-1.0.0] startup
[3.869s] [ext: omni.kit.uiapp-0.0.0] startup
[3.869s] [ext: omni.usd.schema.metrics.assembler-107.3.1] startup
[3.883s] [ext: omni.usd.schema.audio-0.0.0] startup
[3.896s] [ext: omni.anim.graph.schema-107.3.3] startup
[3.921s] [ext: omni.usd_resolver-1.0.0] startup
[3.933s] [ext: omni.usd.core-1.5.3] startup
[3.936s] [ext: omni.usd.schema.render_settings.rtx-0.0.0] startup
[4.008s] [ext: omni.usd.schema.semantics-0.0.0] startup
[4.020s] [ext: isaacsim.robot.schema-3.6.0] startup
[4.048s] [ext: omni.usd.schema.geospatial-0.0.0] startup
[4.060s] [ext: omni.usd.schema.anim-0.0.0] startup
[4.096s] [ext: omni.kit.window.popup_dialog-2.0.24] startup
[4.119s] [ext: usdrt.scenegraph-7.6.1] startup
[4.212s] [ext: omni.timeline-1.0.14] startup
[4.219s] [ext: omni.resourcemonitor-107.0.1] startup
[4.232s] [ext: omni.activity.core-1.0.3] startup
[4.241s] [ext: omni.kit.widget.nucleus_connector-2.0.1] startup
[4.267s] [ext: omni.hydra.usdrt_delegate-7.5.1] startup
[4.288s] [ext: omni.kit.actions.core-1.0.0] startup
[4.301s] [ext: omni.graph.exec-0.9.6] startup
[4.301s] [ext: omni.kit.commands-1.4.10] startup
[4.330s] [ext: omni.kit.usd_undo-0.1.8] startup
[4.338s] [ext: omni.kit.exec.core-0.13.4] startup
[4.351s] [ext: omni.kit.audiodeviceenum-1.0.2] startup
[4.361s] [ext: omni.hydra.scene_delegate-0.3.4] startup
[4.368s] [ext: omni.usd-1.13.10] startup
[4.517s] [ext: omni.kit.asset_converter-5.0.17] startup
[4.550s] [ext: omni.usd.schema.flow-107.1.1] startup
[4.557s] [ext: omni.usd.schema.omnigraph-1.0.0] startup
[4.574s] [ext: omni.usd.schema.omni_sensors-0.0.0] startup
[4.582s] [ext: omni.anim.navigation.schema-107.3.3] startup
[4.596s] [ext: omni.inspect-1.0.2] startup
[4.602s] [ext: omni.kit.notification_manager-1.0.10] startup
[4.615s] [ext: omni.graph.core-2.184.5] startup
[4.619s] [ext: isaacsim.core.deprecation_manager-0.2.7] startup
[4.627s] [ext: omni.usd.schema.physx-107.3.26] startup
[4.681s] [ext: omni.usd.schema.isaac-3.0.5] startup
[4.681s] [ext: omni.usd.schema.omniscripting-1.0.0] startup
[4.696s] [ext: omni.usd.schema.omni_lens_distortion-0.0.0] startup
[4.704s] [ext: omni.kvdb-107.3.26] startup
[4.713s] [ext: omni.usdphysics-107.3.26] startup
[4.722s] [ext: omni.physx.foundation-107.3.26] startup
[4.731s] [ext: omni.localcache-107.3.26] startup
[4.739s] [ext: omni.convexdecomposition-107.3.26] startup
[4.752s] [ext: omni.physx.cooking-107.3.26] startup
[4.767s] [ext: omni.physx-107.3.26] startup
[4.791s] [ext: omni.physics-107.3.26] startup
[4.803s] [ext: omni.kit.usd.layers-2.2.11] startup
[4.851s] [ext: omni.physics.physx-107.3.26] startup
2026-08-22T13:10:58Z [4,805ms] [Warning] [carb] Acquiring non optional plugin interface which is not listed as dependency: [omni::physx::IPhysxBenchmarks v1.0] (plugin: <default plugin>), by client: omni.physics.physx.plugin. Add it to CARB_PLUGIN_IMPL_DEPS() macro of a client.
[4.860s] [ext: omni.physics.stageupdate-107.3.26] startup
[4.871s] [ext: omni.kit.numpy.common-0.1.3] startup
[4.880s] [ext: isaacsim.core.version-2.0.6] startup
[4.890s] [ext: omni.isaac.dynamic_control-2.0.7] startup
2026-08-22T13:10:58Z [4,858ms] [Warning] [omni.isaac.dynamic_control] omni.isaac.dynamic_control is deprecated as of Isaac Sim 4.5. No action is needed from end-users.
[4.908s] [ext: isaacsim.storage.native-1.5.1] startup
[4.926s] [ext: omni.kit.menu.core-1.1.2] startup
[4.938s] [ext: omni.kit.helper.file_utils-0.1.9] startup
[4.952s] [ext: omni.usd.metrics.assembler-107.3.1] startup
[4.972s] [ext: omni.kit.widget.context_menu-1.2.5] startup
[4.987s] [ext: omni.warp.core-1.8.2] startup
[5.490s] [ext: omni.usd.metrics.assembler.physics-107.3.26] startup
[5.516s] [ext: omni.physics.tensors-107.3.26] startup
[5.551s] [ext: omni.kit.context_menu-1.8.6] startup
[5.572s] [ext: omni.kit.clipboard-1.0.5] startup
[5.580s] [ext: isaacsim.core.utils-3.5.1] startup
[5.599s] [ext: omni.kit.widget.filebrowser-2.12.3] startup
[5.645s] [ext: omni.kit.widget.options_menu-1.1.6] startup
[5.669s] [ext: omni.kit.widget.path_field-2.0.11] startup
[5.684s] [ext: omni.index.libs-380600.8087.0] startup
[5.684s] [ext: omni.ui.scene-1.11.5] startup
[5.696s] [ext: omni.kit.widget.options_button-1.0.3] startup
[5.708s] [ext: omni.kit.widget.browser_bar-2.0.10] startup
[5.722s] [ext: omni.index-1.0.1] startup
[5.723s] [ext: omni.hydra.rtx.shadercache.vulkan-1.0.0] startup
[5.736s] [ext: omni.kit.window.filepicker-2.13.4] startup
[5.869s] [ext: omni.volume-0.5.2] startup
[5.879s] [ext: omni.ujitso.client-0.0.0] startup
[5.879s] [ext: omni.graph.tools-1.79.2] startup
[6.073s] [ext: omni.graph.image.core-0.6.1] startup
[6.074s] [ext: omni.hydra.rtx-1.0.0] startup
2026-08-22T13:10:59Z [6,049ms] [Warning] [omni.log] Source: omni.hydra was already registered.
[6.123s] [ext: omni.kit.window.file_importer-1.1.18] startup
[6.140s] [ext: omni.kit.menu.utils-2.0.5] startup
[6.206s] [ext: omni.graph.image.nodes-1.3.1] startup
[6.207s] [ext: omni.kit.widget.searchable_combobox-1.0.6] startup
[6.222s] [ext: omni.kit.hydra_texture-1.4.6] startup
[6.238s] [ext: omni.kit.material.library-2.0.7] startup
[6.284s] [ext: omni.hydra.engine.stats-1.0.3] startup
[6.296s] [ext: omni.kit.viewport.scene_camera_model-1.0.6] startup
[6.311s] [ext: omni.kit.widget.settings-1.2.6] startup
[6.335s] [ext: omni.kit.viewport.legacy_gizmos-1.0.19] startup
[6.347s] [ext: omni.kit.widget.viewport-107.1.3] startup
[6.386s] [ext: omni.kit.viewport.registry-104.0.6] startup
[6.398s] [ext: omni.kit.raycast.query-1.1.0] startup
[6.415s] [ext: omni.physx.tensors-107.3.26] startup
[6.420s] [ext: omni.kit.window.drop_support-1.0.5] startup
[6.432s] [ext: omni.kit.primitive.mesh-1.0.17] startup
[6.465s] [ext: omni.kit.viewport.window-107.2.0] startup
2026-08-22T13:11:00Z [6,458ms] [Error] [omni.kit.window.drop_support.drop_support] Cannot setup ExternalDragDrop without a default window
2026-08-22T13:11:00Z [6,459ms] [Error] [omni.ui.python] AttributeError: 'NoneType' object has no attribute 'get_window_minimize_event_stream'

At:
  /isaac-sim/extscache/omni.kit.viewport.window-107.2.0+69cbf6ad/omni/kit/viewport/window/window.py(136): __init__
  /isaac-sim/extscache/omni.kit.viewport.window-107.2.0+69cbf6ad/omni/kit/viewport/window/menu_entry.py(203): __show_window
  /isaac-sim/extscache/omni.kit.viewport.window-107.2.0+69cbf6ad/omni/kit/viewport/window/menu_entry.py(139): <lambda>
  /isaac-sim/extscache/omni.kit.viewport.window-107.2.0+69cbf6ad/omni/kit/viewport/window/menu_entry.py(141): __init__
  /isaac-sim/extscache/omni.kit.viewport.window-107.2.0+69cbf6ad/omni/kit/viewport/window/menu_entry.py(250): <listcomp>
  /isaac-sim/extscache/omni.kit.viewport.window-107.2.0+69cbf6ad/omni/kit/viewport/window/menu_entry.py(249): create_viewport_window_menu
  /isaac-sim/extscache/omni.kit.viewport.window-107.2.0+69cbf6ad/omni/kit/viewport/window/extension.py(37): on_startup
  /isaac-sim/kit/kernel/py/omni/ext/_impl/_internal.py(173): _startup_ext
  /isaac-sim/kit/kernel/py/omni/ext/_impl/_internal.py(233): startup
  /isaac-sim/kit/kernel/py/omni/ext/_impl/_internal.py(337): startup_extension
  PythonExtension.cpp::startup()(2): <module>
  /isaac-sim/exts/isaacsim.simulation_app/isaacsim/simulation_app/simulation_app.py(534): _start_app
  /isaac-sim/exts/isaacsim.simulation_app/isaacsim/simulation_app/simulation_app.py(270): __init__
  /workspace/ferox_isaac/run.py(32): <module>

[6.553s] [ext: omni.kit.window.preferences-1.8.0] startup
[6.599s] [ext: isaacsim.core.simulation_manager-1.4.4] startup
[10.931s] [ext: omni.graph.action_core-1.1.7] startup
[10.947s] [ext: omni.graph-1.141.2] startup
[11.148s] [ext: omni.kit.viewport.utility-1.1.2] startup
[11.164s] [ext: omni.kit.viewport.menubar.core-107.2.1] startup
[11.250s] [ext: isaacsim.core.prims-0.6.1] startup
[11.409s] [ext: omni.graph.action_nodes-1.50.4] startup
[11.427s] [ext: omni.kit.stage_template.core-1.1.22] startup
[11.448s] [ext: omni.syntheticdata-0.6.13] startup
[11.769s] [ext: omni.graph.nodes-1.170.10] startup
[11.862s] [ext: omni.graph.action-1.130.0] startup
[11.879s] [ext: omni.kit.stage_templates-2.0.0] startup
[11.932s] [ext: omni.kit.widget.filter-1.1.4] startup
[11.955s] [ext: omni.kit.widget.graph-2.0.0] startup
[12.057s] [ext: omni.kit.property.adapter.core-1.0.2] startup
[12.080s] [ext: omni.kit.window.file_exporter-1.0.33] startup
[12.095s] [ext: omni.kit.widget.searchfield-1.1.8] startup
[12.113s] [ext: omni.kit.hotkeys.core-1.3.10] startup
[12.115s] [ext: omni.kit.graph.delegate.default-1.2.3] startup
[12.129s] [ext: omni.kit.property.adapter.fabric-1.0.3] startup
[12.151s] [ext: omni.kit.widget.stage-3.1.4] startup
[12.234s] [ext: omni.kit.property.adapter.usd-1.0.2] startup
[12.255s] [ext: omni.kit.graph.editor.core-1.5.3] startup
[12.284s] [ext: omni.kit.widget.material_preview-1.0.16] startup
[12.304s] [ext: omni.kit.widget.highlight_label-1.0.3] startup
[12.318s] [ext: omni.kit.window.file-2.0.5] startup
[12.348s] [ext: omni.kit.window.content_browser_registry-0.0.6] startup
[12.360s] [ext: omni.kit.window.property-1.12.1] startup
[12.388s] [ext: omni.kit.window.content_browser-3.1.3] startup
2026-08-22T13:11:06Z [12,381ms] [Error] [omni.kit.window.drop_support.drop_support] Cannot setup ExternalDragDrop without a default window
[12.429s] [ext: omni.kit.graph.usd.commands-1.3.1] startup
[12.445s] [ext: omni.kit.property.usd-4.5.12] startup
[12.557s] [ext: omni.graph.ui_nodes-1.50.5] startup
[12.574s] [ext: omni.videoencoding-0.1.2] startup
[12.589s] [ext: omni.kit.window.material_graph-1.9.1] startup
[12.708s] [ext: omni.warp-1.8.2] startup
[12.798s] [ext: isaacsim.core.api-4.8.0] startup
[13.216s] [ext: omni.graph.scriptnode-1.50.0] startup
[13.239s] [ext: isaacsim.test.docstring-1.1.0] startup
[13.309s] [ext: isaacsim.core.experimental.utils-0.3.0] startup
[13.336s] [ext: omni.replicator.core-1.12.27] startup
2026-08-22T13:11:07Z [13,423ms] [Warning] [pxr.Semantics] pxr.Semantics is deprecated - please use Semantics instead
2026-08-22T13:11:07Z [13,737ms] [Warning] [omni.graph.core.plugin] Found duplicate of category 'Replicator' - was 'Annotators', adding 'Fabric Reader'
2026-08-22T13:11:07Z [13,737ms] [Warning] [omni.graph.core.plugin] Category 'Replicator' not accepted on node type 'omni.replicator.core.FabricReader' in extension 'omni.replicator.core'
2026-08-22T13:11:07Z [13,738ms] [Warning] [omni.replicator.core.scripts.extension] No material configuration file, adding configuration to material settings directly.
[13.791s] [ext: isaacsim.core.experimental.prims-0.8.1] startup
[13.957s] [ext: omni.kit.window.extensions-1.4.27] startup
[14.081s] [ext: isaacsim.core.experimental.objects-0.4.0] startup
[14.218s] [ext: omni.ui_query-1.1.8] startup
[14.241s] [ext: omni.kit.manipulator.viewport-107.0.1] startup
[14.275s] [ext: isaacsim.robot.surface_gripper-3.3.1] startup
[14.314s] [ext: omni.kit.ui_test-1.3.7] startup
[14.369s] [ext: omni.graph.visualization.nodes-2.1.3] startup
[14.614s] [ext: isaacsim.robot_motion.lula-4.0.8] startup
[14.697s] [ext: isaacsim.core.nodes-3.4.3] startup
[14.813s] [ext: isaacsim.gui.components-1.2.1] startup
[14.929s] [ext: isaacsim.robot_motion.motion_generation-8.0.26] startup
[15.113s] [ext: isaacsim.robot.manipulators-3.3.6] startup
[15.194s] [ext: isaacsim.core.experimental.materials-0.4.0] startup
[15.377s] [ext: isaacsim.robot.manipulators.examples-1.1.2] startup
[15.409s] [ext: isaacsim.cortex.framework-1.0.12] startup
[15.436s] [ext: isaacsim.cortex.behaviors-2.0.14] startup
[15.455s] [ext: omni.isaac.cortex.sample_behaviors-2.0.5] startup
2026-08-22T13:11:09Z [15,423ms] [Warning] [omni.isaac.cortex] omni.isaac.cortex has been deprecated in favor of isaacsim.cortex.framework. Please update your code accordingly.
2026-08-22T13:11:09Z [15,443ms] [Warning] [omni.isaac.cortex.sample_behaviors] omni.isaac.cortex.sample_behaviors has been deprecated in favor of isaacsim.cortex.behaviors. Please update your code accordingly.
[15.491s] [ext: omni.kit.widget.zoombar-1.0.6] startup
[15.533s] [ext: isaacsim.gui.content_browser-0.1.11] startup
[15.590s] [ext: omni.kit.browser.core-2.3.13] startup
[15.736s] [ext: omni.kit.widget.stage_icons-1.0.8] startup
[15.780s] [ext: omni.kit.widget.prompt-1.0.7] startup
[15.807s] [ext: omni.kit.usd.collect-2.4.5] startup
[15.899s] [ext: omni.kit.browser.folder.core-1.10.9] startup
[16.494s] [ext: omni.kit.window.stage-2.6.1] startup
[16.596s] [ext: omni.kit.usdz_export-1.0.9] startup
[16.692s] [ext: omni.kit.tool.collect-2.2.18] startup
[16.933s] [ext: omni.kit.menu.stage-1.2.7] startup
[17.018s] [ext: omni.kit.tool.asset_importer-4.3.2] startup
[17.368s] [ext: isaacsim.robot.wheeled_robots-4.0.24] startup
[17.874s] [ext: isaacsim.examples.browser-0.2.1] startup
[17.936s] [ext: isaacsim.asset.importer.urdf-2.4.30] startup
[18.356s] [ext: omni.isaac.wheeled_robots-3.0.7] startup
2026-08-22T13:11:12Z [18,325ms] [Warning] [omni.isaac.wheeled_robots] omni.isaac.wheeled_robots has been deprecated in favor of isaacsim.robot.wheeled_robots. Please update your code accordingly.
2026-08-22T13:11:12Z [18,338ms] [Warning] [omni.isaac.wheeled_robots.controllers] omni.isaac.wheeled_robots has been deprecated in favor of isaacsim.robot.wheeled_robots. Please update your code accordingly.
2026-08-22T13:11:12Z [18,338ms] [Warning] [omni.isaac.wheeled_robots.controllers.ackermann_controller] omni.isaac.wheeled_robots has been deprecated in favor of isaacsim.robot.wheeled_robots. Please update your code accordingly.
2026-08-22T13:11:12Z [18,339ms] [Warning] [omni.isaac.wheeled_robots.controllers.differential_controller] omni.isaac.wheeled_robots has been deprecated in favor of isaacsim.robot.wheeled_robots. Please update your code accordingly.
2026-08-22T13:11:12Z [18,340ms] [Warning] [omni.isaac.wheeled_robots.controllers.holonomic_controller] omni.isaac.wheeled_robots has been deprecated in favor of isaacsim.robot.wheeled_robots. Please update your code accordingly.
2026-08-22T13:11:12Z [18,341ms] [Warning] [omni.isaac.wheeled_robots.controllers.quintic_path_planner] omni.isaac.wheeled_robots has been deprecated in favor of isaacsim.robot.wheeled_robots. Please update your code accordingly.
2026-08-22T13:11:12Z [18,342ms] [Warning] [omni.isaac.wheeled_robots.controllers.stanley_control] omni.isaac.wheeled_robots has been deprecated in favor of isaacsim.robot.wheeled_robots. Please update your code accordingly.
2026-08-22T13:11:12Z [18,343ms] [Warning] [omni.isaac.wheeled_robots.controllers.wheel_base_pose_controller] omni.isaac.wheeled_robots has been deprecated in favor of isaacsim.robot.wheeled_robots. Please update your code accordingly.
2026-08-22T13:11:12Z [18,346ms] [Warning] [omni.isaac.wheeled_robots.impl] omni.isaac.wheeled_robots has been deprecated in favor of isaacsim.robot.wheeled_robots. Please update your code accordingly.
2026-08-22T13:11:12Z [18,349ms] [Warning] [omni.isaac.wheeled_robots.robots] omni.isaac.wheeled_robots has been deprecated in favor of isaacsim.robot.wheeled_robots. Please update your code accordingly.
2026-08-22T13:11:12Z [18,350ms] [Warning] [omni.isaac.wheeled_robots.robots.holonomic_robot_usd_setup] omni.isaac.wheeled_robots has been deprecated in favor of isaacsim.robot.wheeled_robots. Please update your code accordingly.
2026-08-22T13:11:12Z [18,351ms] [Warning] [omni.isaac.wheeled_robots.robots.wheeled_robot] omni.isaac.wheeled_robots has been deprecated in favor of isaacsim.robot.wheeled_robots. Please update your code accordingly.
[18.402s] [ext: isaacsim.simulation_app-2.12.2] startup
[18.408s] [ext: omni.isaac.franka-1.0.7] startup
2026-08-22T13:11:12Z [18,371ms] [Warning] [omni.isaac.franka] omni.isaac.franka has been deprecated in favor of isaacsim.robot.manipulators.examples.franka. Please update your code accordingly.
2026-08-22T13:11:12Z [18,372ms] [Warning] [omni.isaac.franka.franka] omni.isaac.franka has been deprecated in favor of isaacsim.robot.manipulators.examples.franka. Please update your code accordingly.
2026-08-22T13:11:12Z [18,453ms] [Warning] [omni.isaac.franka.kinematics_solver] omni.isaac.franka has been deprecated in favor of isaacsim.robot.manipulators.examples.franka. Please update your code accordingly.
[18.502s] [ext: omni.isaac.kit-2.0.6] startup
2026-08-22T13:11:12Z [18,469ms] [Warning] [omni.isaac.kit] omni.isaac.kit has been deprecated in favor of isaacsim.simulation_app. Please update your code accordingly.
[18.517s] [ext: omni.kit.selection-0.1.6] startup
[18.536s] [ext: omni.isaac.lula-4.0.6] startup
2026-08-22T13:11:12Z [18,498ms] [Warning] [omni.isaac.lula] omni.isaac.lula has been deprecated in favor of isaacsim.robot_motion.lula. Please update your code accordingly.
[18.549s] [ext: isaacsim.robot_motion.lula_test_widget-1.0.12] startup
[18.580s] [ext: isaacsim.asset.browser-1.3.23] startup
[18.880s] [ext: omni.kit.viewport.actions-107.0.2] startup
[18.906s] [ext: isaacsim.gui.menu-2.4.4] startup
[18.946s] [ext: omni.isaac.manipulators-3.0.7] startup
2026-08-22T13:11:12Z [18,908ms] [Warning] [omni.isaac.manipulators] omni.isaac.manipulators has been deprecated in favor of isaacsim.robot.manipulators. Please update your code accordingly.
2026-08-22T13:11:12Z [18,911ms] [Warning] [omni.isaac.manipulators.controllers] omni.isaac.manipulators has been deprecated in favor of isaacsim.robot.manipulators. Please update your code accordingly.
2026-08-22T13:11:12Z [18,911ms] [Warning] [omni.isaac.manipulators.controllers.pick_place_controller] omni.isaac.manipulators has been deprecated in favor of isaacsim.robot.manipulators. Please update your code accordingly.
2026-08-22T13:11:12Z [18,916ms] [Warning] [omni.isaac.manipulators.controllers.stacking_controller] omni.isaac.manipulators has been deprecated in favor of isaacsim.robot.manipulators. Please update your code accordingly.
2026-08-22T13:11:12Z [18,918ms] [Warning] [omni.isaac.manipulators.grippers] omni.isaac.manipulators has been deprecated in favor of isaacsim.robot.manipulators. Please update your code accordingly.
2026-08-22T13:11:12Z [18,919ms] [Warning] [omni.isaac.manipulators.grippers.gripper] omni.isaac.manipulators has been deprecated in favor of isaacsim.robot.manipulators. Please update your code accordingly.
2026-08-22T13:11:12Z [18,919ms] [Warning] [omni.isaac.manipulators.grippers.parallel_gripper] omni.isaac.manipulators has been deprecated in favor of isaacsim.robot.manipulators. Please update your code accordingly.
2026-08-22T13:11:12Z [18,919ms] [Warning] [omni.isaac.manipulators.grippers.surface_gripper] omni.isaac.manipulators has been deprecated in favor of isaacsim.robot.manipulators. Please update your code accordingly.
2026-08-22T13:11:12Z [18,921ms] [Warning] [omni.isaac.manipulators.manipulators] omni.isaac.manipulators has been deprecated in favor of isaacsim.robot.manipulators. Please update your code accordingly.
2026-08-22T13:11:12Z [18,922ms] [Warning] [omni.isaac.manipulators.manipulators.single_manipulator] omni.isaac.manipulators has been deprecated in favor of isaacsim.robot.manipulators. Please update your code accordingly.
[18.972s] [ext: omni.isaac.lula_test_widget-1.0.6] startup
2026-08-22T13:11:12Z [18,934ms] [Warning] [omni.isaac.lula_test_widget] omni.isaac.lula_test_widget has been deprecated in favor of isaacsim.robot_motion.lula_test_widget. Please update your code accordingly.
[18.982s] [ext: omni.isaac.asset_browser-1.0.6] startup
2026-08-22T13:11:12Z [18,941ms] [Warning] [omni.isaac.asset_browser] omni.isaac.asset_browser has been deprecated in favor of isaacsim.asset.browser. Please update your code accordingly.
[18.991s] [ext: omni.kit.viewport.menubar.display-107.0.3] startup
[19.010s] [ext: omni.isaac.menu-1.0.6] startup
2026-08-22T13:11:12Z [18,971ms] [Warning] [omni.isaac.menu] omni.isaac.menu has been deprecated in favor of isaacsim.gui.menu. Please update your code accordingly.
[19.021s] [ext: omni.isaac.motion_generation-8.0.7] startup
2026-08-22T13:11:12Z [18,983ms] [Warning] [omni.isaac.motion_generation] omni.isaac.motion_generation has been deprecated in favor of isaacsim.robot_motion.motion_generation. Please update your code accordingly.
2026-08-22T13:11:12Z [18,983ms] [Warning] [omni.isaac.motion_generation.articulation_kinematics_solver] omni.isaac.motion_generation has been deprecated in favor of isaacsim.robot_motion.motion_generation. Please update your code accordingly.
2026-08-22T13:11:12Z [18,983ms] [Warning] [omni.isaac.motion_generation.articulation_motion_policy] omni.isaac.motion_generation has been deprecated in favor of isaacsim.robot_motion.motion_generation. Please update your code accordingly.
2026-08-22T13:11:12Z [18,984ms] [Warning] [omni.isaac.motion_generation.articulation_trajectory] omni.isaac.motion_generation has been deprecated in favor of isaacsim.robot_motion.motion_generation. Please update your code accordingly.
2026-08-22T13:11:12Z [18,984ms] [Warning] [omni.isaac.motion_generation.kinematics_interface] omni.isaac.motion_generation has been deprecated in favor of isaacsim.robot_motion.motion_generation. Please update your code accordingly.
2026-08-22T13:11:12Z [18,986ms] [Warning] [omni.isaac.motion_generation.lula] omni.isaac.motion_generation has been deprecated in favor of isaacsim.robot_motion.motion_generation. Please update your code accordingly.
2026-08-22T13:11:12Z [18,987ms] [Warning] [omni.isaac.motion_generation.lula.kinematics] omni.isaac.motion_generation has been deprecated in favor of isaacsim.robot_motion.motion_generation. Please update your code accordingly.
2026-08-22T13:11:12Z [18,987ms] [Warning] [omni.isaac.motion_generation.lula.motion_policies] omni.isaac.motion_generation has been deprecated in favor of isaacsim.robot_motion.motion_generation. Please update your code accordingly.
2026-08-22T13:11:12Z [18,987ms] [Warning] [omni.isaac.motion_generation.lula.path_planners] omni.isaac.motion_generation has been deprecated in favor of isaacsim.robot_motion.motion_generation. Please update your code accordingly.
2026-08-22T13:11:12Z [18,988ms] [Warning] [omni.isaac.motion_generation.lula.trajectory_generator] omni.isaac.motion_generation has been deprecated in favor of isaacsim.robot_motion.motion_generation. Please update your code accordingly.
2026-08-22T13:11:12Z [18,988ms] [Warning] [omni.isaac.motion_generation.motion_policy_controller] omni.isaac.motion_generation has been deprecated in favor of isaacsim.robot_motion.motion_generation. Please update your code accordingly.
2026-08-22T13:11:12Z [18,989ms] [Warning] [omni.isaac.motion_generation.motion_policy_interface] omni.isaac.motion_generation has been deprecated in favor of isaacsim.robot_motion.motion_generation. Please update your code accordingly.
2026-08-22T13:11:12Z [18,989ms] [Warning] [omni.isaac.motion_generation.path_planner_visualizer] omni.isaac.motion_generation has been deprecated in favor of isaacsim.robot_motion.motion_generation. Please update your code accordingly.
2026-08-22T13:11:12Z [18,990ms] [Warning] [omni.isaac.motion_generation.path_planning_interface] omni.isaac.motion_generation has been deprecated in favor of isaacsim.robot_motion.motion_generation. Please update your code accordingly.
2026-08-22T13:11:12Z [18,990ms] [Warning] [omni.isaac.motion_generation.trajectory] omni.isaac.motion_generation has been deprecated in favor of isaacsim.robot_motion.motion_generation. Please update your code accordingly.
2026-08-22T13:11:12Z [18,990ms] [Warning] [omni.isaac.motion_generation.world_interface] omni.isaac.motion_generation has been deprecated in favor of isaacsim.robot_motion.motion_generation. Please update your code accordingly.
[19.040s] [ext: omni.isaac.assets_check-0.3.13] startup
2026-08-22T13:11:12Z [19,002ms] [Warning] [omni.isaac.assets_check] omni.isaac.assets_check has been deprecated in favor of isaacsim.asset.browser. Please update your code accordingly.
[19.051s] [ext: isaacsim.gui.sensors.icon-2.0.3] startup
[19.160s] [ext: isaacsim.asset.importer.mjcf-2.5.13] startup
[19.195s] [ext: omni.sensors.nv.common-3.0.0] startup
[19.220s] [ext: isaacsim.sensors.physics-0.4.3] startup
[19.245s] [ext: omni.sensors.net-1.0.0] startup
[19.259s] [ext: omni.isaac.nucleus-1.0.6] startup
2026-08-22T13:11:13Z [19,220ms] [Warning] [omni.isaac.nucleus] omni.isaac.nucleus has been deprecated in favor of isaacsim.storage.native. Please update your code accordingly.
2026-08-22T13:11:13Z [19,220ms] [Warning] [omni.isaac.nucleus.nucleus] omni.isaac.nucleus.nucleus has been deprecated in favor of isaacsim.storage.native. Please update your code accordingly.
[19.268s] [ext: omni.sensors.nv.materials-2.0.0] startup
[19.289s] [ext: isaacsim.robot.policy.examples-4.1.11] startup
[19.306s] [ext: omni.sensors.nv.wpm-3.0.0] startup
[19.312s] [ext: omni.sensors.nv.lidar-3.0.0] startup
[19.331s] [ext: isaacsim.util.debug_draw-3.1.0] startup
[19.346s] [ext: omni.sensors.nv.radar-3.0.0] startup
[19.356s] [ext: omni.sensors.nv.ids-2.0.0] startup
[19.360s] [ext: isaacsim.core.cloner-1.4.10] startup
[19.377s] [ext: isaacsim.sensors.physx-2.3.2] startup
[19.399s] [ext: isaacsim.sensors.rtx-15.8.4] startup
[19.434s] [ext: isaacsim.sensors.camera-1.3.6] startup
[19.476s] [ext: omni.isaac.quadruped-3.0.7] startup
2026-08-22T13:11:13Z [19,435ms] [Warning] [omni.isaac.quadruped] omni.isaac.quadruped has been deprecated in favor of isaacsim.robot.policy.examples. Please update your code accordingly.
[19.489s] [ext: omni.isaac.cloner-1.0.7] startup
2026-08-22T13:11:13Z [19,452ms] [Warning] [omni.isaac.cloner] omni.isaac.cloner has been deprecated in favor of isaacsim.core.cloner. Please update your code accordingly.
[19.502s] [ext: omni.isaac.range_sensor-4.0.6] startup
2026-08-22T13:11:13Z [19,461ms] [Warning] [omni.isaac.range_sensor] omni.isaac.range_sensor has been deprecated in favor of isaacsim.sensors.physx. Please update your code accordingly.
2026-08-22T13:11:13Z [19,462ms] [Warning] [omni.isaac.range_sensor.commands] omni.isaac.range_sensor.commands has been deprecated in favor of isaacsim.sensors.physx.commands. Please update your code accordingly.
[19.512s] [ext: omni.isaac.sensor-13.0.7] startup
2026-08-22T13:11:13Z [19,473ms] [Warning] [omni.isaac.sensor] omni.isaac.sensor has been deprecated in favor of isaacsim.sensors.camera, isaacsim.sensors.physics, isaacsim.sensors.physx, and isaacsim.sensors.rtx. Please update your code accordingly.
2026-08-22T13:11:13Z [19,474ms] [Warning] [omni.isaac.sensor.camera] omni.isaac.sensor.camera has been deprecated in favor of isaacsim.sensors.camera.camera. Please update your code accordingly.
2026-08-22T13:11:13Z [19,474ms] [Warning] [omni.isaac.sensor.camera_view] omni.isaac.sensor.camera_view has been deprecated in favor of isaacsim.sensors.camera.camera_view. Please update your code accordingly.
2026-08-22T13:11:13Z [19,475ms] [Warning] [omni.isaac.sensor.commands] omni.isaac.sensor.commands has been deprecated in favor of isaacsim.sensors.physics.commands, isaacsim.sensors.physx.commands, and isaacsim.sensors.rtx.commands. Please update your code accordingly.
2026-08-22T13:11:13Z [19,475ms] [Warning] [omni.isaac.sensor.contact_sensor] omni.isaac.sensor.contact_sensor has been deprecated in favor of isaacsim.sensors.physics.contact_sensor. Please update your code accordingly.
2026-08-22T13:11:13Z [19,476ms] [Warning] [omni.isaac.sensor.imu_sensor] omni.isaac.sensor.imu_sensor has been deprecated in favor of isaacsim.sensors.physics.imu_sensor. Please update your code accordingly.
2026-08-22T13:11:13Z [19,476ms] [Warning] [omni.isaac.sensor.lidar_rtx] omni.isaac.sensor.lidar_rtx has been deprecated in favor of isaacsim.sensors.rtx.lidar_rtx. Please update your code accordingly.
2026-08-22T13:11:13Z [19,476ms] [Warning] [omni.isaac.sensor.rotating_lidar_physX] omni.isaac.sensor.imu_sensor has been deprecated in favor of isaacsim.sensors.physix.rotating_lidar_physX. Please update your code accordingly.
2026-08-22T13:11:13Z [19,481ms] [Warning] [omni.isaac.sensor.scripts.samples.contact_sensor] omni.isaac.sensor.scripts.samples.contact_sensor has been deprecated in favor of isaacsim.sensors.physics.scripts.samples.contact_sensor. Please update your code accordingly.
2026-08-22T13:11:13Z [19,481ms] [Warning] [omni.isaac.sensor.scripts.samples.imu_sensor] omni.isaac.sensor.scripts.samples.imu_sensor has been deprecated in favor of isaacsim.sensors.physics.scripts.samples.imu_sensor. Please update your code accordingly.
2026-08-22T13:11:13Z [19,481ms] [Warning] [omni.isaac.sensor.scripts.samples.lightbeam_sensor] omni.isaac.sensor.scripts.samples.lightbeam_sensor has been deprecated in favor of isaacsim.sensors.physx.scripts.samples.lightbeam_sensor. Please update your code accordingly.
[19.531s] [ext: omni.kit.menu.create-2.0.1] startup
[19.563s] [ext: omni.kit.widget.toolbar-2.0.1] startup
[19.607s] [ext: omni.kit.manipulator.transform-107.0.0] startup
[19.645s] [ext: omni.isaac.core-4.0.7] startup
2026-08-22T13:11:13Z [19,607ms] [Warning] [omni.isaac.core.physics_context.physics_context] omni.isaac.core.physics_context.physics_context has been deprecated in favor of isaacsim.core.api.physics_context.physics_context. Please update your code accordingly.
2026-08-22T13:11:13Z [19,610ms] [Warning] [omni.isaac.core.simulation_context.simulation_context] omni.isaac.core.simulation_context.simulation_context has been deprecated in favor of isaacsim.core.api.simulation_context.simulation_context. Please update your code accordingly.
2026-08-22T13:11:13Z [19,613ms] [Warning] [omni.isaac.core.world.world] omni.isaac.core.world.world has been deprecated in favor of isaacsim.core.api.world.world. Please update your code accordingly.
2026-08-22T13:11:13Z [19,613ms] [Warning] [omni.isaac.core] omni.isaac.core has been deprecated in favor of isaacsim.core.api. Please update your code accordingly.
[19.663s] [ext: omni.kit.scripting-107.3.2] startup
[19.701s] [ext: omni.kit.manipulator.tool.snap-1.5.13] startup
[19.730s] [ext: omni.kit.manipulator.selector-1.1.3] startup
[19.744s] [ext: isaacsim.app.about-2.0.11] startup
[19.766s] [ext: isaacsim.replicator.behavior-1.1.16] startup
[19.775s] [ext: omni.kit.viewport.manipulator.transform-107.0.4] startup
[19.793s] [ext: omni.isaac.window.about-2.0.7] startup
2026-08-22T13:11:13Z [19,757ms] [Warning] [omni.isaac.window.about] omni.isaac.window.about has been deprecated in favor of isaacsim.app.about. Please update your code accordingly.
2026-08-22T13:11:13Z [19,758ms] [Warning] [omni.isaac.window.about.about] omni.isaac.window.about.about has been deprecated in favor of isaacsim.app.about.about. Please update your code accordingly.
[19.808s] [ext: omni.fabric.commands-1.1.6] startup
[19.836s] [ext: omni.kit.manipulator.prim.core-107.0.8] startup
[19.878s] [ext: omni.kit.property.audio-1.0.16] startup
[19.895s] [ext: omni.kit.property.camera-1.0.10] startup
[19.910s] [ext: omni.kit.property.geometry-2.0.4] startup
[19.934s] [ext: omni.hydra.scene_api-0.1.2] startup
[19.947s] [ext: omni.kit.property.light-1.0.12] startup
[19.988s] [ext: omni.kit.manipulator.prim.fabric-107.0.4] startup
[20.006s] [ext: omni.kit.manipulator.prim.usd-107.0.3] startup
[20.021s] [ext: omni.kit.property.material-1.11.9] startup
[20.077s] [ext: omni.kit.property.render-1.2.1] startup
[20.089s] [ext: omni.kit.property.transform-1.5.13] startup
[20.134s] [ext: isaacsim.gui.property-1.1.3] startup
[20.153s] [ext: omni.kit.manipulator.camera-106.0.4] startup
[20.188s] [ext: omni.kit.manipulator.prim-107.0.0] startup
[20.190s] [ext: omni.isaac.surface_gripper-2.0.6] startup
2026-08-22T13:11:14Z [20,149ms] [Warning] [omni.isaac.surface_gripper] omni.isaac.surface_gripper has been deprecated in favor of isaacsim.robot.surface_gripper. Please update your code accordingly.
[20.199s] [ext: omni.kit.manipulator.selection-106.0.1] startup
[20.214s] [ext: omni.kit.property.bundle-1.4.1] startup
[20.226s] [ext: omni.kit.property.isaac-1.0.6] startup
2026-08-22T13:11:14Z [20,188ms] [Warning] [omni.kit.property.isaac] omni.kit.property.isaac has been deprecated in favor of isaacsim.gui.property. Please update your code accordingly.
2026-08-22T13:11:14Z [20,188ms] [Warning] [omni.kit.property.isaac.widgets] omni.kit.property.isaac.widgets has been deprecated in favor of isaacsim.gui.property.widgets. Please update your code accordingly.
[20.237s] [ext: omni.isaac.universal_robots-1.0.6] startup
2026-08-22T13:11:14Z [20,197ms] [Warning] [omni.isaac.universal_robots] omni.isaac.universal_robots has been deprecated in favor of isaacsim.robot.manipulators.examples.universal_robots. Please update your code accordingly.
2026-08-22T13:11:14Z [20,198ms] [Warning] [omni.isaac.universal_robots.kinematics_solver] omni.isaac.franka has been deprecated in favor of isaacsim.robot.manipulators.examples.universal_robots. Please update your code accordingly.
2026-08-22T13:11:14Z [20,205ms] [Warning] [omni.isaac.universal_robots.ur10] omni.isaac.franka has been deprecated in favor of isaacsim.robot.manipulators.examples.universal_robots. Please update your code accordingly.
[20.253s] [ext: omni.isaac.core_nodes-2.0.6] startup
2026-08-22T13:11:14Z [20,218ms] [Warning] [omni.isaac.core_nodes] omni.isaac.core_nodes has been deprecated in favor of isaacsim.core.nodes. Please update your code accordingly.
[20.268s] [ext: omni.kit.viewport.menubar.camera-107.0.6] startup
[20.346s] [ext: omni.kit.viewport.menubar.lighting-107.3.1] startup
[20.390s] [ext: isaacsim.replicator.writers-1.0.17] startup
[20.551s] [ext: omni.kit.viewport.menubar.render-107.0.10] startup
[20.601s] [ext: omni.kit.viewport.menubar.settings-107.0.3] startup
[20.671s] [ext: omni.kit.window.console-1.1.4] startup
[20.703s] [ext: isaacsim.replicator.domain_randomization-1.0.16] startup
[20.735s] [ext: isaacsim.replicator.examples-1.3.6] startup
[20.754s] [ext: omni.ocio-0.1.1] startup
[20.774s] [ext: omni.rtx.window.settings-0.6.19] startup
[20.869s] [ext: omni.kit.window.status_bar-0.1.9] startup
[20.897s] [ext: omni.kit.window.toolbar-2.0.0] startup
[20.930s] [ext: omni.replicator.isaac-2.0.8] startup
2026-08-22T13:11:14Z [20,892ms] [Warning] [omni.replicator.isaac] omni.replicator.isaac has been deprecated in favor of isaacsim.replicator.domain_randomization, isaacsim.replicator.examples, isaacsim.replicator.writers. Please update your code accordingly.
[20.943s] [ext: omni.replicator.replicator_yaml-2.0.11] startup
[21.077s] [ext: omni.rtx.settings.core-0.6.5] startup
[21.131s] [ext: omni.usd.metrics.assembler.ui-107.3.1] startup
[21.166s] [ext: omni.isaac.utils-2.0.6] startup
[21.183s] [ext: semantics.schema.editor-2.0.2] startup
[21.207s] [ext: omni.kit.ui.actions-1.0.5] startup
[21.222s] [ext: semantics.schema.property-2.0.1] startup
[21.236s] [ext: omni.isaac.version-2.0.7] startup
2026-08-22T13:11:15Z [21,196ms] [Warning] [omni.isaac.version] omni.isaac.version has been deprecated in favor of isaacsim.core.version. Please update your code accordingly.
[21.246s] [ext: omni.isaac.cortex-1.0.5] startup
[21.248s] [ext: omni.anim.curve.core-1.3.1] startup
[21.302s] [ext: isaacsim.core.throttling-2.2.2] startup
[21.316s] [ext: omni.kit.menu.common-2.0.1] startup
[21.329s] [ext: isaacsim.exp.base-5.1.0] startup
[21.331s] [ext: isaacsim.exp.base.python-5.1.0] startup
[21.334s] Simulation App Starting
2026-08-22T13:11:15Z [21,412ms] [Error] [omni.kit.window.drop_support.drop_support] Cannot setup ExternalDragDrop without a default window
2026-08-22T13:11:15Z [21,422ms] [Warning] [omni.fabric.plugin] Warning: attribute viewportHandle not found for bucket id 9

[21.491s] app ready
2026-08-22T13:11:15Z [21,817ms] [Error] [omni.kit.menu.utils.app_menu] Hotkeys cannot be setup without a default window
Starting kit application with the following args:  ['/isaac-sim/exts/isaacsim.simulation_app/isaacsim/simulation_app/simulation_app.py', '/isaac-sim/apps/isaacsim.exp.base.python.kit', '--/app/tokens/exe-path=/isaac-sim/kit', '--/persistent/app/viewport/displayOptions=3094', '--/rtx/materialDb/syncLoads=True', '--/rtx/hydra/materialSyncLoads=True', '--/omni.kit.plugin/syncUsdLoads=True', '--/app/renderer/resolution/width=1280', '--/app/renderer/resolution/height=720', '--/app/window/width=1440', '--/app/window/height=900', '--/renderer/multiGpu/enabled=True', '--/app/fastShutdown=True', '--/app/installSignalHandlers=0', '--ext-folder', '/isaac-sim/exts', '--ext-folder', '/isaac-sim/apps', '--/physics/cudaDevice=0', '--/plugins/carb.tasking.plugin/threadCount=32', '--/plugins/omni.tbb.globalcontrol/maxThreadCount=32', '--portable']
Passing the following args to the base kit application:  ['--robot_type', 'g1', '--cmd_vel_topic', '/ferox/g1_01/cmd_vel', '--ros_namespace', '/ferox/g1_01', '--no_keyboard', '--render_dt', '0.02']
Warp 1.8.2 initialized:
   CUDA Toolkit 12.8, Driver 13.0
   Devices:
     "cpu"      : "x86_64"
     "cuda:0"   : "NVIDIA GeForce RTX 4090" (24 GiB, sm_89, mempool enabled)
   Kernel cache:
     /isaac-sim/.cache/warp/1.8.2
Warp DeprecationWarning: The `warp.sim` module is deprecated and will be removed in v1.10. Please transition to using the forthcoming Newton library instead.
[PANTHERA-MARK] before RobotRosRunner()
[PANTHERA-MARK] camera ros_namespace = '/ferox/g1_01'
[World] SIM_WORLD=hospital -> https://omniverse-content-production.s3-us-west-2.amazonaws.com/Assets/Isaac/5.1/Isaac/Environments/Hospital/hospital.usd
[World] spawn pos=[7.800000190734863, 2.0, 0.800000011920929] yaw=1.570rad (robot=g1)
[PANTHERA-MARK] RobotRosRunner constructed, before reset
[PANTHERA-MARK] A: app.update done, calling _world.reset()
[PANTHERA-MARK] B: world.reset() done
[PANTHERA-MARK] C: app.update done, calling setup()
[PANTHERA-MARK] D: setup() done
[lowlevel-sim] hands: [] (none -- HAND=none)
[lowlevel-sim] TEST RIG ACTIVE: base pinned to spawn pose (C-30)
[lowlevel-sim] spawn base_z=0.7975 hold_pose=spawn q_hold[:6]=[-0.10000000149011612, 0.0, 0.0, 0.30000001192092896, -0.20000000298023224, 0.0]
[lowlevel-sim][trace] set_gains
[lowlevel-sim][trace] set_effort_modes
[lowlevel-sim][trace] switch_control_mode(effort)
[lowlevel-sim][trace] control mode set
[lowlevel-sim] physics 1000.0 Hz, PD every 2 step(s) -> 500.0 Hz, timeout 85 ms
[PANTHERA-MARK] low-level bridge attached (G1_CONTROL=lowcmd)
[lowlevel-sim][GT] t=0.001 quat=[0.70739, 0.0, 0.0, 0.70683] angvel=[0.0, 0.0, 0.0] linvel=[0.0, 0.0, 0.0] z=0.7975
[PANTHERA-MARK] E: app.update done, SKIPPING setup_ros() entirely
[PANTHERA-MARK] E1: entered setup_ros() body
[PANTHERA-MARK] E2: self._cmd_vel_topic = /ferox/g1_01/cmd_vel
[PANTHERA] executor spinning on dedicated thread
[PANTHERA] cmd_vel subscriber active on /ferox/g1_01/cmd_vel (rclpy bypass)
[PANTHERA] reset subscriber active on /twin/reset
[lowlevel-sim][GT] t=0.051 quat=[0.70739, 0.0, 0.0, 0.70683] angvel=[0.0, 0.0, 0.0] linvel=[0.0, 0.0, 0.0] z=0.7975
[lowlevel-sim][GT] t=0.101 quat=[0.70739, 0.0, 0.0, 0.70683] angvel=[0.0, 0.0, 0.0] linvel=[0.0, 0.0, 0.0] z=0.7975
[lowlevel-sim][GT] t=0.151 quat=[0.70739, 0.0, 0.0, 0.70683] angvel=[0.0, 0.0, 0.0] linvel=[0.0, 0.0, 0.0] z=0.7975
[lowlevel-sim][GT] t=0.201 quat=[0.70739, 0.0, 0.0, 0.70683] angvel=[0.0, 0.0, 0.0] linvel=[0.0, 0.0, 0.0] z=0.7975
[TWIN] contract /workspace/ferox_isaac/twin/g1_contract.yaml
[TWIN] namespace /ferox/g1_01  CAMERA_TF=0
[TWIN] Mid-360 SKIPPED (TWIN_LIDAR=0) -- device only, contract untouched
[TWIN] camera SKIPPED (TWIN_CAMERA=0) -- C-23, device only, contract untouched
[TWIN] 2 IMU device(s) SKIPPED (TWIN_IMU=0) -- device only, contract untouched
[lowlevel-sim][GT] t=0.251 quat=[0.70739, 0.0, 0.0, 0.70683] angvel=[0.0, 0.0, 0.0] linvel=[0.0, 0.0, 0.0] z=0.7975
[lowlevel-sim][GT] t=0.301 quat=[0.70739, 0.0, 0.0, 0.70683] angvel=[0.0, 0.0, 0.0] linvel=[0.0, 0.0, 0.0] z=0.7975
[TWIN] /tf_static: 6 edges (base_link->dog_imu_link, livox_frame->livox_imu, camera_link->camera_color_frame, camera_color_frame->camera_color_optical_frame, camera_link->camera_depth_frame, camera_depth_frame->camera_depth_optical_frame)
[TWIN] rendering_dt=0.020000s (50.00 Hz) requested 0.020000s
[TWIN] lidar cloud publisher SKIPPED (TWIN_LIDAR=0)
[TWIN] odom -> /ferox/g1_01/odom
[TWIN] interface up
[PANTHERA-MARK] F: setup_ros() done
[lowlevel-sim][GT] t=0.351 quat=[0.70739, 0.0, 0.0, 0.70683] angvel=[0.0, 0.0, 0.0] linvel=[0.0, 0.0, 0.0] z=0.7975
[PANTHERA-MARK] G: before runner.run() — entering main loop
[lowlevel-sim][GT] t=0.401 quat=[0.70739, 0.0, 0.0, 0.70683] angvel=[0.0, 0.0, 0.0] linvel=[0.0, 0.0, 0.0] z=0.7975
[lowlevel-sim][GT] t=0.451 quat=[0.70739, 0.0, 0.0, 0.70683] angvel=[0.0, 0.0, 0.0] linvel=[0.0, 0.0, 0.0] z=0.7975
[lowlevel-sim] t=   0.50 mode=hold       pd=499 hold=499 failclosed=0 rtf=0.190 base_z=+0.798 pitch=+0.000 roll=+0.000 |tau|max= 35.00 sat=5/29 knee_L=+0.300 hip_p_L=-0.100 torn=499 cmd_age=-1.0ms auth=-1.0s rig_ign=0 fix_base=1 sat_j=left_ankle_roll_joint:+35.0,right_ankle_roll_joint:+35.0,left_wrist_roll_joint:+25.0,right_wrist_roll_joint:+25.0,right_wrist_yaw_joint:-5.0
[lowlevel-sim][GT] t=0.501 quat=[0.70739, 0.0, 0.0, 0.70683] angvel=[0.0, 0.0, 0.0] linvel=[0.0, 0.0, 0.0] z=0.7975
[lowlevel-sim][GT] t=0.551 quat=[0.70739, 0.0, 0.0, 0.70683] angvel=[0.0, 0.0, 0.0] linvel=[0.0, 0.0, 0.0] z=0.7975
[lowlevel-sim][GT] t=0.601 quat=[0.70739, 0.0, 0.0, 0.70683] angvel=[0.0, 0.0, 0.0] linvel=[0.0, 0.0, 0.0] z=0.7975
[lowlevel-sim][GT] t=0.651 quat=[0.70739, 0.0, 0.0, 0.70683] angvel=[0.0, 0.0, 0.0] linvel=[0.0, 0.0, 0.0] z=0.7975
[lowlevel-sim][GT] t=0.701 quat=[0.70739, 0.0, 0.0, 0.70683] angvel=[0.0, 0.0, 0.0] linvel=[0.0, 0.0, 0.0] z=0.7975
[lowlevel-sim][GT] t=0.751 quat=[0.70739, 0.0, 0.0, 0.70683] angvel=[0.0, 0.0, 0.0] linvel=[0.0, 0.0, 0.0] z=0.7975
[lowlevel-sim][GT] t=0.801 quat=[0.70739, 0.0, 0.0, 0.70683] angvel=[0.0, 0.0, 0.0] linvel=[0.0, 0.0, 0.0] z=0.7975
[lowlevel-sim][GT] t=0.851 quat=[0.70739, 0.0, 0.0, 0.70683] angvel=[0.0, 0.0, 0.0] linvel=[0.0, 0.0, 0.0] z=0.7975
[lowlevel-sim][GT] t=0.901 quat=[0.70739, 0.0, 0.0, 0.70683] angvel=[0.0, 0.0, 0.0] linvel=[0.0, 0.0, 0.0] z=0.7975
[lowlevel-sim][GT] t=0.951 quat=[0.70739, 0.0, 0.0, 0.70683] angvel=[0.0, 0.0, 0.0] linvel=[0.0, 0.0, 0.0] z=0.7975
[lowlevel-sim] t=   1.00 mode=hold       pd=999 hold=999 failclosed=0 rtf=0.216 base_z=+0.798 pitch=+0.000 roll=+0.000 |tau|max= 35.00 sat=5/29 knee_L=+0.300 hip_p_L=-0.100 torn=999 cmd_age=-1.0ms auth=-1.0s rig_ign=0 fix_base=1 sat_j=left_ankle_roll_joint:+35.0,right_ankle_roll_joint:+35.0,left_wrist_roll_joint:+25.0,right_wrist_roll_joint:+25.0,right_wrist_yaw_joint:-5.0
[lowlevel-sim][GT] t=1.001 quat=[0.70739, 0.0, 0.0, 0.70683] angvel=[0.0, 0.0, 0.0] linvel=[0.0, 0.0, 0.0] z=0.7975
[lowlevel-sim][GT] t=1.051 quat=[0.70739, 0.0, 0.0, 0.70683] angvel=[0.0, 0.0, 0.0] linvel=[0.0, 0.0, 0.0] z=0.7975
[lowlevel-sim][GT] t=1.101 quat=[0.70739, 0.0, 0.0, 0.70683] angvel=[0.0, 0.0, 0.0] linvel=[0.0, 0.0, 0.0] z=0.7975
[lowlevel-sim][GT] t=1.151 quat=[0.70739, 0.0, 0.0, 0.70683] angvel=[0.0, 0.0, 0.0] linvel=[0.0, 0.0, 0.0] z=0.7975
[lowlevel-sim][GT] t=1.201 quat=[0.70739, 0.0, 0.0, 0.70683] angvel=[0.0, 0.0, 0.0] linvel=[0.0, 0.0, 0.0] z=0.7975
[lowlevel-sim][GT] t=1.251 quat=[0.70739, 0.0, 0.0, 0.70683] angvel=[0.0, 0.0, 0.0] linvel=[0.0, 0.0, 0.0] z=0.7975
[lowlevel-sim][GT] t=1.301 quat=[0.70739, 0.0, 0.0, 0.70683] angvel=[0.0, 0.0, 0.0] linvel=[0.0, 0.0, 0.0] z=0.7975
[lowlevel-sim][GT] t=1.351 quat=[0.70739, 0.0, 0.0, 0.70683] angvel=[0.0, 0.0, 0.0] linvel=[0.0, 0.0, 0.0] z=0.7975
[lowlevel-sim][GT] t=1.401 quat=[0.70739, 0.0, 0.0, 0.70683] angvel=[0.0, 0.0, 0.0] linvel=[0.0, 0.0, 0.0] z=0.7975
[lowlevel-sim][GT] t=1.451 quat=[0.70739, 0.0, 0.0, 0.70683] angvel=[0.0, 0.0, 0.0] linvel=[0.0, 0.0, 0.0] z=0.7975
[lowlevel-sim] t=   1.50 mode=hold       pd=1499 hold=1499 failclosed=0 rtf=0.227 base_z=+0.798 pitch=+0.000 roll=+0.000 |tau|max= 35.00 sat=5/29 knee_L=+0.300 hip_p_L=-0.100 torn=1499 cmd_age=-1.0ms auth=-1.0s rig_ign=0 fix_base=1 sat_j=left_ankle_roll_joint:+35.0,right_ankle_roll_joint:+35.0,left_wrist_roll_joint:+25.0,right_wrist_roll_joint:+25.0,right_wrist_yaw_joint:-5.0
[lowlevel-sim][GT] t=1.501 quat=[0.70739, 0.0, 0.0, 0.70683] angvel=[0.0, 0.0, 0.0] linvel=[0.0, 0.0, 0.0] z=0.7975
[lowlevel-sim][GT] t=1.551 quat=[0.70739, 0.0, 0.0, 0.70683] angvel=[0.0, 0.0, 0.0] linvel=[0.0, 0.0, 0.0] z=0.7975
[lowlevel-sim][GT] t=1.601 quat=[0.70739, 0.0, 0.0, 0.70683] angvel=[0.0, 0.0, 0.0] linvel=[0.0, 0.0, 0.0] z=0.7975
[lowlevel-sim][GT] t=1.651 quat=[0.70739, 0.0, 0.0, 0.70683] angvel=[0.0, 0.0, 0.0] linvel=[0.0, 0.0, 0.0] z=0.7975
[lowlevel-sim][GT] t=1.701 quat=[0.70739, 0.0, 0.0, 0.70683] angvel=[0.0, 0.0, 0.0] linvel=[0.0, 0.0, 0.0] z=0.7975
[lowlevel-sim][GT] t=1.751 quat=[0.70739, 0.0, 0.0, 0.70683] angvel=[0.0, 0.0, 0.0] linvel=[0.0, 0.0, 0.0] z=0.7975
[lowlevel-sim][GT] t=1.801 quat=[0.70739, 0.0, 0.0, 0.70683] angvel=[0.0, 0.0, 0.0] linvel=[0.0, 0.0, 0.0] z=0.7975
[lowlevel-sim][GT] t=1.851 quat=[0.70739, 0.0, 0.0, 0.70683] angvel=[0.0, 0.0, 0.0] linvel=[0.0, 0.0, 0.0] z=0.7975
[lowlevel-sim][GT] t=1.901 quat=[0.70739, 0.0, 0.0, 0.70683] angvel=[0.0, 0.0, 0.0] linvel=[0.0, 0.0, 0.0] z=0.7975
[lowlevel-sim][GT] t=1.951 quat=[0.70739, 0.0, 0.0, 0.70683] angvel=[0.0, 0.0, 0.0] linvel=[0.0, 0.0, 0.0] z=0.7975
[lowlevel-sim] t=   2.00 mode=hold       pd=1999 hold=1999 failclosed=0 rtf=0.228 base_z=+0.798 pitch=+0.000 roll=+0.000 |tau|max= 35.00 sat=5/29 knee_L=+0.300 hip_p_L=-0.100 torn=1999 cmd_age=-1.0ms auth=-1.0s rig_ign=0 fix_base=1 sat_j=left_ankle_roll_joint:+35.0,right_ankle_roll_joint:+35.0,left_wrist_roll_joint:+25.0,right_wrist_roll_joint:+25.0,right_wrist_yaw_joint:-5.0
[lowlevel-sim][GT] t=2.001 quat=[0.70739, 0.0, 0.0, 0.70683] angvel=[0.0, 0.0, 0.0] linvel=[0.0, 0.0, 0.0] z=0.7975
[lowlevel-sim][GT] t=2.051 quat=[0.70739, 0.0, 0.0, 0.70683] angvel=[0.0, 0.0, 0.0] linvel=[0.0, 0.0, 0.0] z=0.7975
[lowlevel-sim][GT] t=2.101 quat=[0.70739, 0.0, 0.0, 0.70683] angvel=[0.0, 0.0, 0.0] linvel=[0.0, 0.0, 0.0] z=0.7975
[lowlevel-sim][GT] t=2.151 quat=[0.70739, 0.0, 0.0, 0.70683] angvel=[0.0, 0.0, 0.0] linvel=[0.0, 0.0, 0.0] z=0.7975
[lowlevel-sim][GT] t=2.201 quat=[0.70739, 0.0, 0.0, 0.70683] angvel=[0.0, 0.0, 0.0] linvel=[0.0, 0.0, 0.0] z=0.7975
[lowlevel-sim][GT] t=2.251 quat=[0.70739, 0.0, 0.0, 0.70683] angvel=[0.0, 0.0, 0.0] linvel=[0.0, 0.0, 0.0] z=0.7975
[lowlevel-sim][GT] t=2.301 quat=[0.70739, 0.0, 0.0, 0.70683] angvel=[0.0, 0.0, 0.0] linvel=[0.0, 0.0, 0.0] z=0.7975
[lowlevel-sim][GT] t=2.351 quat=[0.70739, 0.0, 0.0, 0.70683] angvel=[0.0, 0.0, 0.0] linvel=[0.0, 0.0, 0.0] z=0.7975
[lowlevel-sim][GT] t=2.401 quat=[0.70739, 0.0, 0.0, 0.70683] angvel=[0.0, 0.0, 0.0] linvel=[0.0, 0.0, 0.0] z=0.7975
[lowlevel-sim][GT] t=2.451 quat=[0.70739, 0.0, 0.0, 0.70683] angvel=[0.0, 0.0, 0.0] linvel=[0.0, 0.0, 0.0] z=0.7975
[lowlevel-sim] t=   2.50 mode=hold       pd=2499 hold=2499 failclosed=0 rtf=0.225 base_z=+0.798 pitch=+0.000 roll=+0.000 |tau|max= 35.00 sat=5/29 knee_L=+0.300 hip_p_L=-0.100 torn=2499 cmd_age=-1.0ms auth=-1.0s rig_ign=0 fix_base=1 sat_j=left_ankle_roll_joint:+35.0,right_ankle_roll_joint:+35.0,left_wrist_roll_joint:+25.0,right_wrist_roll_joint:+25.0,right_wrist_yaw_joint:-5.0
[lowlevel-sim][GT] t=2.501 quat=[0.70739, 0.0, 0.0, 0.70683] angvel=[0.0, 0.0, 0.0] linvel=[0.0, 0.0, 0.0] z=0.7975
[lowlevel-sim][GT] t=2.551 quat=[0.70739, 0.0, 0.0, 0.70683] angvel=[0.0, 0.0, 0.0] linvel=[0.0, 0.0, 0.0] z=0.7975
[lowlevel-sim][GT] t=2.601 quat=[0.70739, 0.0, 0.0, 0.70683] angvel=[0.0, 0.0, 0.0] linvel=[0.0, 0.0, 0.0] z=0.7975
[lowlevel-sim][GT] t=2.651 quat=[0.70739, 0.0, 0.0, 0.70683] angvel=[0.0, 0.0, 0.0] linvel=[0.0, 0.0, 0.0] z=0.7975
[lowlevel-sim][GT] t=2.701 quat=[0.70739, 0.0, 0.0, 0.70683] angvel=[0.0, 0.0, 0.0] linvel=[0.0, 0.0, 0.0] z=0.7975
[lowlevel-sim][GT] t=2.751 quat=[0.70739, 0.0, 0.0, 0.70683] angvel=[0.0, 0.0, 0.0] linvel=[0.0, 0.0, 0.0] z=0.7975
[lowlevel-sim][GT] t=2.801 quat=[0.70739, 0.0, 0.0, 0.70683] angvel=[0.0, 0.0, 0.0] linvel=[0.0, 0.0, 0.0] z=0.7975
[lowlevel-sim][GT] t=2.851 quat=[0.70739, 0.0, 0.0, 0.70683] angvel=[0.0, 0.0, 0.0] linvel=[0.0, 0.0, 0.0] z=0.7975
[lowlevel-sim][GT] t=2.901 quat=[0.70739, 0.0, 0.0, 0.70683] angvel=[0.0, 0.0, 0.0] linvel=[0.0, 0.0, 0.0] z=0.7975
[lowlevel-sim][GT] t=2.951 quat=[0.70739, 0.0, 0.0, 0.70683] angvel=[0.0, 0.0, 0.0] linvel=[0.0, 0.0, 0.0] z=0.7975
[lowlevel-sim] t=   3.00 mode=hold       pd=2999 hold=2999 failclosed=0 rtf=0.229 base_z=+0.798 pitch=+0.000 roll=+0.000 |tau|max= 35.00 sat=5/29 knee_L=+0.300 hip_p_L=-0.100 torn=2999 cmd_age=-1.0ms auth=-1.0s rig_ign=0 fix_base=1 sat_j=left_ankle_roll_joint:+35.0,right_ankle_roll_joint:+35.0,left_wrist_roll_joint:+25.0,right_wrist_roll_joint:+25.0,right_wrist_yaw_joint:-5.0
[lowlevel-sim][GT] t=3.001 quat=[0.70739, 0.0, 0.0, 0.70683] angvel=[0.0, 0.0, 0.0] linvel=[0.0, 0.0, 0.0] z=0.7975
[lowlevel-sim][GT] t=3.051 quat=[0.70739, 0.0, 0.0, 0.70683] angvel=[0.0, 0.0, 0.0] linvel=[0.0, 0.0, 0.0] z=0.7975
[lowlevel-sim][GT] t=3.101 quat=[0.70739, 0.0, 0.0, 0.70683] angvel=[0.0, 0.0, 0.0] linvel=[0.0, 0.0, 0.0] z=0.7975
[lowlevel-sim][GT] t=3.151 quat=[0.70739, 0.0, 0.0, 0.70683] angvel=[0.0, 0.0, 0.0] linvel=[0.0, 0.0, 0.0] z=0.7975
[lowlevel-sim][GT] t=3.201 quat=[0.70739, 0.0, 0.0, 0.70683] angvel=[0.0, 0.0, 0.0] linvel=[0.0, 0.0, 0.0] z=0.7975
[lowlevel-sim][GT] t=3.251 quat=[0.70739, 0.0, 0.0, 0.70683] angvel=[0.0, 0.0, 0.0] linvel=[0.0, 0.0, 0.0] z=0.7975
[lowlevel-sim][GT] t=3.301 quat=[0.70739, 0.0, 0.0, 0.70683] angvel=[0.0, 0.0, 0.0] linvel=[0.0, 0.0, 0.0] z=0.7975
[lowlevel-sim][GT] t=3.351 quat=[0.70739, 0.0, 0.0, 0.70683] angvel=[0.0, 0.0, 0.0] linvel=[0.0, 0.0, 0.0] z=0.7975
[lowlevel-sim][GT] t=3.401 quat=[0.70739, 0.0, 0.0, 0.70683] angvel=[0.0, 0.0, 0.0] linvel=[0.0, 0.0, 0.0] z=0.7975
[lowlevel-sim][GT] t=3.451 quat=[0.70739, 0.0, 0.0, 0.70683] angvel=[0.0, 0.0, 0.0] linvel=[0.0, 0.0, 0.0] z=0.7975
[lowlevel-sim] t=   3.50 mode=hold       pd=3499 hold=3499 failclosed=0 rtf=0.242 base_z=+0.798 pitch=+0.000 roll=+0.000 |tau|max= 35.00 sat=5/29 knee_L=+0.300 hip_p_L=-0.100 torn=3499 cmd_age=-1.0ms auth=-1.0s rig_ign=0 fix_base=1 sat_j=left_ankle_roll_joint:+35.0,right_ankle_roll_joint:+35.0,left_wrist_roll_joint:+25.0,right_wrist_roll_joint:+25.0,right_wrist_yaw_joint:-5.0
[lowlevel-sim][GT] t=3.501 quat=[0.70739, 0.0, 0.0, 0.70683] angvel=[0.0, 0.0, 0.0] linvel=[0.0, 0.0, 0.0] z=0.7975
[lowlevel-sim][GT] t=3.551 quat=[0.70739, 0.0, 0.0, 0.70683] angvel=[0.0, 0.0, 0.0] linvel=[0.0, 0.0, 0.0] z=0.7975
[lowlevel-sim][GT] t=3.601 quat=[0.70739, 0.0, 0.0, 0.70683] angvel=[0.0, 0.0, 0.0] linvel=[0.0, 0.0, 0.0] z=0.7975
[lowlevel-sim][GT] t=3.651 quat=[0.70739, 0.0, 0.0, 0.70683] angvel=[0.0, 0.0, 0.0] linvel=[0.0, 0.0, 0.0] z=0.7975
[lowlevel-sim][GT] t=3.701 quat=[0.70739, 0.0, 0.0, 0.70683] angvel=[0.0, 0.0, 0.0] linvel=[0.0, 0.0, 0.0] z=0.7975
[lowlevel-sim][GT] t=3.751 quat=[0.70739, 0.0, 0.0, 0.70683] angvel=[0.0, 0.0, 0.0] linvel=[0.0, 0.0, 0.0] z=0.7975
[lowlevel-sim][GT] t=3.801 quat=[0.70739, 0.0, 0.0, 0.70683] angvel=[0.0, 0.0, 0.0] linvel=[0.0, 0.0, 0.0] z=0.7975
[lowlevel-sim][GT] t=3.851 quat=[0.70739, 0.0, 0.0, 0.70683] angvel=[0.0, 0.0, 0.0] linvel=[0.0, 0.0, 0.0] z=0.7975
[lowlevel-sim][GT] t=3.901 quat=[0.70739, 0.0, 0.0, 0.70683] angvel=[0.0, 0.0, 0.0] linvel=[0.0, 0.0, 0.0] z=0.7975
[lowlevel-sim][GT] t=3.951 quat=[0.70739, 0.0, 0.0, 0.70683] angvel=[0.0, 0.0, 0.0] linvel=[0.0, 0.0, 0.0] z=0.7975
[lowlevel-sim] t=   4.00 mode=hold       pd=3999 hold=3999 failclosed=0 rtf=0.252 base_z=+0.798 pitch=+0.000 roll=+0.000 |tau|max= 35.00 sat=5/29 knee_L=+0.300 hip_p_L=-0.100 torn=3999 cmd_age=-1.0ms auth=-1.0s rig_ign=0 fix_base=1 sat_j=left_ankle_roll_joint:+35.0,right_ankle_roll_joint:+35.0,left_wrist_roll_joint:+25.0,right_wrist_roll_joint:+25.0,right_wrist_yaw_joint:-5.0
[lowlevel-sim][GT] t=4.001 quat=[0.70739, 0.0, 0.0, 0.70683] angvel=[0.0, 0.0, 0.0] linvel=[0.0, 0.0, 0.0] z=0.7975
[lowlevel-sim][GT] t=4.051 quat=[0.70739, 0.0, 0.0, 0.70683] angvel=[0.0, 0.0, 0.0] linvel=[0.0, 0.0, 0.0] z=0.7975
[lowlevel-sim][GT] t=4.101 quat=[0.70739, 0.0, 0.0, 0.70683] angvel=[0.0, 0.0, 0.0] linvel=[0.0, 0.0, 0.0] z=0.7975
[lowlevel-sim][GT] t=4.151 quat=[0.70739, 0.0, 0.0, 0.70683] angvel=[0.0, 0.0, 0.0] linvel=[0.0, 0.0, 0.0] z=0.7975
[lowlevel-sim][GT] t=4.201 quat=[0.70739, 0.0, 0.0, 0.70683] angvel=[0.0, 0.0, 0.0] linvel=[0.0, 0.0, 0.0] z=0.7975
[lowlevel-sim][GT] t=4.251 quat=[0.70739, 0.0, 0.0, 0.70683] angvel=[0.0, 0.0, 0.0] linvel=[0.0, 0.0, 0.0] z=0.7975
[lowlevel-sim][GT] t=4.301 quat=[0.70739, 0.0, 0.0, 0.70683] angvel=[0.0, 0.0, 0.0] linvel=[0.0, 0.0, 0.0] z=0.7975
[lowlevel-sim][GT] t=4.351 quat=[0.70739, 0.0, 0.0, 0.70683] angvel=[0.0, 0.0, 0.0] linvel=[0.0, 0.0, 0.0] z=0.7975
[lowlevel-sim][GT] t=4.401 quat=[0.70739, 0.0, 0.0, 0.70683] angvel=[0.0, 0.0, 0.0] linvel=[0.0, 0.0, 0.0] z=0.7975
[lowlevel-sim][GT] t=4.451 quat=[0.70739, 0.0, 0.0, 0.70683] angvel=[0.0, 0.0, 0.0] linvel=[0.0, 0.0, 0.0] z=0.7975
[lowlevel-sim] t=   4.50 mode=hold       pd=4499 hold=4499 failclosed=0 rtf=0.261 base_z=+0.798 pitch=+0.000 roll=+0.000 |tau|max= 35.00 sat=5/29 knee_L=+0.300 hip_p_L=-0.100 torn=4499 cmd_age=-1.0ms auth=-1.0s rig_ign=0 fix_base=1 sat_j=left_ankle_roll_joint:+35.0,right_ankle_roll_joint:+35.0,left_wrist_roll_joint:+25.0,right_wrist_roll_joint:+25.0,right_wrist_yaw_joint:-5.0
[lowlevel-sim][GT] t=4.501 quat=[0.70739, 0.0, 0.0, 0.70683] angvel=[0.0, 0.0, 0.0] linvel=[0.0, 0.0, 0.0] z=0.7975
[lowlevel-sim][GT] t=4.551 quat=[0.70739, 0.0, 0.0, 0.70683] angvel=[0.0, 0.0, 0.0] linvel=[0.0, 0.0, 0.0] z=0.7975
[lowlevel-sim][GT] t=4.601 quat=[0.70739, 0.0, 0.0, 0.70683] angvel=[0.0, 0.0, 0.0] linvel=[0.0, 0.0, 0.0] z=0.7975
[lowlevel-sim][GT] t=4.651 quat=[0.70739, 0.0, 0.0, 0.70683] angvel=[0.0, 0.0, 0.0] linvel=[0.0, 0.0, 0.0] z=0.7975
[lowlevel-sim][GT] t=4.701 quat=[0.70739, 0.0, 0.0, 0.70683] angvel=[0.0, 0.0, 0.0] linvel=[0.0, 0.0, 0.0] z=0.7975
[lowlevel-sim][GT] t=4.751 quat=[0.70739, 0.0, 0.0, 0.70683] angvel=[0.0, 0.0, 0.0] linvel=[0.0, 0.0, 0.0] z=0.7975
[lowlevel-sim][GT] t=4.801 quat=[0.70739, 0.0, 0.0, 0.70683] angvel=[0.0, 0.0, 0.0] linvel=[0.0, 0.0, 0.0] z=0.7975
[lowlevel-sim][GT] t=4.851 quat=[0.70739, 0.0, 0.0, 0.70683] angvel=[0.0, 0.0, 0.0] linvel=[0.0, 0.0, 0.0] z=0.7975
[lowlevel-sim][GT] t=4.901 quat=[0.70739, 0.0, 0.0, 0.70683] angvel=[0.0, 0.0, 0.0] linvel=[0.0, 0.0, 0.0] z=0.7975
[lowlevel-sim][GT] t=4.951 quat=[0.70739, 0.0, 0.0, 0.70683] angvel=[0.0, 0.0, 0.0] linvel=[0.0, 0.0, 0.0] z=0.7975
[lowlevel-sim] t=   5.00 mode=hold       pd=4999 hold=4999 failclosed=0 rtf=0.269 base_z=+0.798 pitch=+0.000 roll=+0.000 |tau|max= 35.00 sat=5/29 knee_L=+0.300 hip_p_L=-0.100 torn=4999 cmd_age=-1.0ms auth=-1.0s rig_ign=0 fix_base=1 sat_j=left_ankle_roll_joint:+35.0,right_ankle_roll_joint:+35.0,left_wrist_roll_joint:+25.0,right_wrist_roll_joint:+25.0,right_wrist_yaw_joint:-5.0
[lowlevel-sim][GT] t=5.001 quat=[0.70739, 0.0, 0.0, 0.70683] angvel=[0.0, 0.0, 0.0] linvel=[0.0, 0.0, 0.0] z=0.7975
[lowlevel-sim][GT] t=5.051 quat=[0.70739, 0.0, 0.0, 0.70683] angvel=[0.0, 0.0, 0.0] linvel=[0.0, 0.0, 0.0] z=0.7975
[lowlevel-sim][GT] t=5.101 quat=[0.70739, 0.0, 0.0, 0.70683] angvel=[0.0, 0.0, 0.0] linvel=[0.0, 0.0, 0.0] z=0.7975
[lowlevel-sim][GT] t=5.151 quat=[0.70739, 0.0, 0.0, 0.70683] angvel=[0.0, 0.0, 0.0] linvel=[0.0, 0.0, 0.0] z=0.7975
[lowlevel-sim][GT] t=5.201 quat=[0.70739, 0.0, 0.0, 0.70683] angvel=[0.0, 0.0, 0.0] linvel=[0.0, 0.0, 0.0] z=0.7975
[lowlevel-sim][GT] t=5.251 quat=[0.70739, 0.0, 0.0, 0.70683] angvel=[0.0, 0.0, 0.0] linvel=[0.0, 0.0, 0.0] z=0.7975
[lowlevel-sim][GT] t=5.301 quat=[0.70739, 0.0, 0.0, 0.70683] angvel=[0.0, 0.0, 0.0] linvel=[0.0, 0.0, 0.0] z=0.7975
[lowlevel-sim][GT] t=5.351 quat=[0.70739, 0.0, 0.0, 0.70683] angvel=[0.0, 0.0, 0.0] linvel=[0.0, 0.0, 0.0] z=0.7975
[lowlevel-sim][GT] t=5.401 quat=[0.70739, 0.0, 0.0, 0.70683] angvel=[0.0, 0.0, 0.0] linvel=[0.0, 0.0, 0.0] z=0.7975
[lowlevel-sim][GT] t=5.451 quat=[0.70739, 0.0, 0.0, 0.70683] angvel=[0.0, 0.0, 0.0] linvel=[0.0, 0.0, 0.0] z=0.7975
[lowlevel-sim] t=   5.50 mode=hold       pd=5499 hold=5499 failclosed=0 rtf=0.276 base_z=+0.798 pitch=+0.000 roll=+0.000 |tau|max= 35.00 sat=5/29 knee_L=+0.300 hip_p_L=-0.100 torn=5499 cmd_age=-1.0ms auth=-1.0s rig_ign=0 fix_base=1 sat_j=left_ankle_roll_joint:+35.0,right_ankle_roll_joint:+35.0,left_wrist_roll_joint:+25.0,right_wrist_roll_joint:+25.0,right_wrist_yaw_joint:-5.0
[lowlevel-sim][GT] t=5.501 quat=[0.70739, 0.0, 0.0, 0.70683] angvel=[0.0, 0.0, 0.0] linvel=[0.0, 0.0, 0.0] z=0.7975
[lowlevel-sim][GT] t=5.551 quat=[0.70739, 0.0, 0.0, 0.70683] angvel=[0.0, 0.0, 0.0] linvel=[0.0, 0.0, 0.0] z=0.7975
[lowlevel-sim][GT] t=5.601 quat=[0.70739, 0.0, 0.0, 0.70683] angvel=[0.0, 0.0, 0.0] linvel=[0.0, 0.0, 0.0] z=0.7975
[lowlevel-sim][GT] t=5.651 quat=[0.70739, 0.0, 0.0, 0.70683] angvel=[0.0, 0.0, 0.0] linvel=[0.0, 0.0, 0.0] z=0.7975
[lowlevel-sim][GT] t=5.701 quat=[0.70739, 0.0, 0.0, 0.70683] angvel=[0.0, 0.0, 0.0] linvel=[0.0, 0.0, 0.0] z=0.7975
[lowlevel-sim][GT] t=5.751 quat=[0.70739, 0.0, 0.0, 0.70683] angvel=[0.0, 0.0, 0.0] linvel=[0.0, 0.0, 0.0] z=0.7975
[lowlevel-sim][GT] t=5.801 quat=[0.70739, 0.0, 0.0, 0.70683] angvel=[0.0, 0.0, 0.0] linvel=[0.0, 0.0, 0.0] z=0.7975
[lowlevel-sim][GT] t=5.851 quat=[0.70739, 0.0, 0.0, 0.70683] angvel=[0.0, 0.0, 0.0] linvel=[0.0, 0.0, 0.0] z=0.7975
[lowlevel-sim][GT] t=5.901 quat=[0.70739, 0.0, 0.0, 0.70683] angvel=[0.0, 0.0, 0.0] linvel=[0.0, 0.0, 0.0] z=0.7975
[lowlevel-sim][GT] t=5.951 quat=[0.70739, 0.0, 0.0, 0.70683] angvel=[0.0, 0.0, 0.0] linvel=[0.0, 0.0, 0.0] z=0.7975
[lowlevel-sim] t=   6.00 mode=hold       pd=5999 hold=5999 failclosed=0 rtf=0.282 base_z=+0.798 pitch=+0.000 roll=+0.000 |tau|max= 35.00 sat=5/29 knee_L=+0.300 hip_p_L=-0.100 torn=5999 cmd_age=-1.0ms auth=-1.0s rig_ign=0 fix_base=1 sat_j=left_ankle_roll_joint:+35.0,right_ankle_roll_joint:+35.0,left_wrist_roll_joint:+25.0,right_wrist_roll_joint:+25.0,right_wrist_yaw_joint:-5.0
[lowlevel-sim][GT] t=6.001 quat=[0.70739, 0.0, 0.0, 0.70683] angvel=[0.0, 0.0, 0.0] linvel=[0.0, 0.0, 0.0] z=0.7975
[lowlevel-sim][GT] t=6.051 quat=[0.70739, 0.0, 0.0, 0.70683] angvel=[0.0, 0.0, 0.0] linvel=[0.0, 0.0, 0.0] z=0.7975
[lowlevel-sim][GT] t=6.101 quat=[0.70739, 0.0, 0.0, 0.70683] angvel=[0.0, 0.0, 0.0] linvel=[0.0, 0.0, 0.0] z=0.7975
[lowlevel-sim][GT] t=6.151 quat=[0.70739, 0.0, 0.0, 0.70683] angvel=[0.0, 0.0, 0.0] linvel=[0.0, 0.0, 0.0] z=0.7975
[lowlevel-sim][GT] t=6.201 quat=[0.70739, 0.0, 0.0, 0.70683] angvel=[0.0, 0.0, 0.0] linvel=[0.0, 0.0, 0.0] z=0.7975
[lowlevel-sim][GT] t=6.251 quat=[0.70739, 0.0, 0.0, 0.70683] angvel=[0.0, 0.0, 0.0] linvel=[0.0, 0.0, 0.0] z=0.7975
[lowlevel-sim][GT] t=6.301 quat=[0.70739, 0.0, 0.0, 0.70683] angvel=[0.0, 0.0, 0.0] linvel=[0.0, 0.0, 0.0] z=0.7975
[lowlevel-sim][GT] t=6.351 quat=[0.70739, 0.0, 0.0, 0.70683] angvel=[0.0, 0.0, 0.0] linvel=[0.0, 0.0, 0.0] z=0.7975
[lowlevel-sim][GT] t=6.401 quat=[0.70739, 0.0, 0.0, 0.70683] angvel=[0.0, 0.0, 0.0] linvel=[0.0, 0.0, 0.0] z=0.7975
[lowlevel-sim][GT] t=6.451 quat=[0.70739, 0.0, 0.0, 0.70683] angvel=[0.0, 0.0, 0.0] linvel=[0.0, 0.0, 0.0] z=0.7975
[lowlevel-sim] t=   6.50 mode=hold       pd=6499 hold=6499 failclosed=0 rtf=0.287 base_z=+0.798 pitch=+0.000 roll=+0.000 |tau|max= 35.00 sat=5/29 knee_L=+0.300 hip_p_L=-0.100 torn=6499 cmd_age=-1.0ms auth=-1.0s rig_ign=0 fix_base=1 sat_j=left_ankle_roll_joint:+35.0,right_ankle_roll_joint:+35.0,left_wrist_roll_joint:+25.0,right_wrist_roll_joint:+25.0,right_wrist_yaw_joint:-5.0
[lowlevel-sim][GT] t=6.501 quat=[0.70739, 0.0, 0.0, 0.70683] angvel=[0.0, 0.0, 0.0] linvel=[0.0, 0.0, 0.0] z=0.7975
[lowlevel-sim][GT] t=6.551 quat=[0.70739, 0.0, 0.0, 0.70683] angvel=[0.0, 0.0, 0.0] linvel=[0.0, 0.0, 0.0] z=0.7975
[lowlevel-sim][GT] t=6.601 quat=[0.70739, 0.0, 0.0, 0.70683] angvel=[0.0, 0.0, 0.0] linvel=[0.0, 0.0, 0.0] z=0.7975
[lowlevel-sim][GT] t=6.651 quat=[0.70739, 0.0, 0.0, 0.70683] angvel=[0.0, 0.0, 0.0] linvel=[0.0, 0.0, 0.0] z=0.7975
[lowlevel-sim][GT] t=6.701 quat=[0.70739, 0.0, 0.0, 0.70683] angvel=[0.0, 0.0, 0.0] linvel=[0.0, 0.0, 0.0] z=0.7975
[lowlevel-sim][GT] t=6.751 quat=[0.70739, 0.0, 0.0, 0.70683] angvel=[0.0, 0.0, 0.0] linvel=[0.0, 0.0, 0.0] z=0.7975
[lowlevel-sim][GT] t=6.801 quat=[0.70739, 0.0, 0.0, 0.70683] angvel=[0.0, 0.0, 0.0] linvel=[0.0, 0.0, 0.0] z=0.7975
[lowlevel-sim][GT] t=6.851 quat=[0.70739, 0.0, 0.0, 0.70683] angvel=[0.0, 0.0, 0.0] linvel=[0.0, 0.0, 0.0] z=0.7975
[lowlevel-sim][GT] t=6.901 quat=[0.70739, 0.0, 0.0, 0.70683] angvel=[0.0, 0.0, 0.0] linvel=[0.0, 0.0, 0.0] z=0.7975
[lowlevel-sim][GT] t=6.951 quat=[0.70739, 0.0, 0.0, 0.70683] angvel=[0.0, 0.0, 0.0] linvel=[0.0, 0.0, 0.0] z=0.7975
[lowlevel-sim] t=   7.00 mode=hold       pd=6999 hold=6999 failclosed=0 rtf=0.290 base_z=+0.798 pitch=+0.000 roll=+0.000 |tau|max= 35.00 sat=5/29 knee_L=+0.300 hip_p_L=-0.100 torn=6999 cmd_age=-1.0ms auth=-1.0s rig_ign=0 fix_base=1 sat_j=left_ankle_roll_joint:+35.0,right_ankle_roll_joint:+35.0,left_wrist_roll_joint:+25.0,right_wrist_roll_joint:+25.0,right_wrist_yaw_joint:-5.0
[lowlevel-sim][GT] t=7.001 quat=[0.70739, 0.0, 0.0, 0.70683] angvel=[0.0, 0.0, 0.0] linvel=[0.0, 0.0, 0.0] z=0.7975
[lowlevel-sim][GT] t=7.051 quat=[0.70739, 0.0, 0.0, 0.70683] angvel=[0.0, 0.0, 0.0] linvel=[0.0, 0.0, 0.0] z=0.7975
[lowlevel-sim][GT] t=7.101 quat=[0.70739, 0.0, 0.0, 0.70683] angvel=[0.0, 0.0, 0.0] linvel=[0.0, 0.0, 0.0] z=0.7975
[lowlevel-sim][GT] t=7.151 quat=[0.70739, 0.0, 0.0, 0.70683] angvel=[0.0, 0.0, 0.0] linvel=[0.0, 0.0, 0.0] z=0.7975
[lowlevel-sim][GT] t=7.201 quat=[0.70739, 0.0, 0.0, 0.70683] angvel=[0.0, 0.0, 0.0] linvel=[0.0, 0.0, 0.0] z=0.7975
[lowlevel-sim][GT] t=7.251 quat=[0.70739, 0.0, 0.0, 0.70683] angvel=[0.0, 0.0, 0.0] linvel=[0.0, 0.0, 0.0] z=0.7975
[lowlevel-sim][GT] t=7.301 quat=[0.70739, 0.0, 0.0, 0.70683] angvel=[0.0, 0.0, 0.0] linvel=[0.0, 0.0, 0.0] z=0.7975
[lowlevel-sim][GT] t=7.351 quat=[0.70739, 0.0, 0.0, 0.70683] angvel=[0.0, 0.0, 0.0] linvel=[0.0, 0.0, 0.0] z=0.7975
[lowlevel-sim][GT] t=7.401 quat=[0.70739, 0.0, 0.0, 0.70683] angvel=[0.0, 0.0, 0.0] linvel=[0.0, 0.0, 0.0] z=0.7975
[lowlevel-sim][GT] t=7.451 quat=[0.70739, 0.0, 0.0, 0.70683] angvel=[0.0, 0.0, 0.0] linvel=[0.0, 0.0, 0.0] z=0.7975
[lowlevel-sim] t=   7.50 mode=hold       pd=7499 hold=7499 failclosed=0 rtf=0.284 base_z=+0.798 pitch=+0.000 roll=+0.000 |tau|max= 35.00 sat=5/29 knee_L=+0.300 hip_p_L=-0.100 torn=7499 cmd_age=-1.0ms auth=-1.0s rig_ign=0 fix_base=1 sat_j=left_ankle_roll_joint:+35.0,right_ankle_roll_joint:+35.0,left_wrist_roll_joint:+25.0,right_wrist_roll_joint:+25.0,right_wrist_yaw_joint:-5.0
[lowlevel-sim][GT] t=7.501 quat=[0.70739, 0.0, 0.0, 0.70683] angvel=[0.0, 0.0, 0.0] linvel=[0.0, 0.0, 0.0] z=0.7975
[lowlevel-sim][GT] t=7.551 quat=[0.70739, 0.0, 0.0, 0.70683] angvel=[0.0, 0.0, 0.0] linvel=[0.0, 0.0, 0.0] z=0.7975
[lowlevel-sim][GT] t=7.601 quat=[0.70739, 0.0, 0.0, 0.70683] angvel=[0.0, 0.0, 0.0] linvel=[0.0, 0.0, 0.0] z=0.7975
[lowlevel-sim][GT] t=7.651 quat=[0.70739, 0.0, 0.0, 0.70683] angvel=[0.0, 0.0, 0.0] linvel=[0.0, 0.0, 0.0] z=0.7975
[lowlevel-sim][GT] t=7.701 quat=[0.70739, 0.0, 0.0, 0.70683] angvel=[0.0, 0.0, 0.0] linvel=[0.0, 0.0, 0.0] z=0.7975
[lowlevel-sim][GT] t=7.751 quat=[0.70739, 0.0, 0.0, 0.70683] angvel=[0.0, 0.0, 0.0] linvel=[0.0, 0.0, 0.0] z=0.7975
[lowlevel-sim][GT] t=7.801 quat=[0.70739, 0.0, 0.0, 0.70683] angvel=[0.0, 0.0, 0.0] linvel=[0.0, 0.0, 0.0] z=0.7975
[lowlevel-sim][GT] t=7.851 quat=[0.70739, 0.0, 0.0, 0.70683] angvel=[0.0, 0.0, 0.0] linvel=[0.0, 0.0, 0.0] z=0.7975
[lowlevel-sim][GT] t=7.901 quat=[0.70739, 0.0, 0.0, 0.70683] angvel=[0.0, 0.0, 0.0] linvel=[0.0, 0.0, 0.0] z=0.7975
[lowlevel-sim][GT] t=7.951 quat=[0.70739, 0.0, 0.0, 0.70683] angvel=[0.0, 0.0, 0.0] linvel=[0.0, 0.0, 0.0] z=0.7975
[lowlevel-sim] t=   8.00 mode=hold       pd=7999 hold=7999 failclosed=0 rtf=0.279 base_z=+0.798 pitch=+0.000 roll=+0.000 |tau|max= 35.00 sat=5/29 knee_L=+0.300 hip_p_L=-0.100 torn=7999 cmd_age=-1.0ms auth=-1.0s rig_ign=0 fix_base=1 sat_j=left_ankle_roll_joint:+35.0,right_ankle_roll_joint:+35.0,left_wrist_roll_joint:+25.0,right_wrist_roll_joint:+25.0,right_wrist_yaw_joint:-5.0
[lowlevel-sim][GT] t=8.001 quat=[0.70739, 0.0, 0.0, 0.70683] angvel=[0.0, 0.0, 0.0] linvel=[0.0, 0.0, 0.0] z=0.7975
[lowlevel-sim][GT] t=8.051 quat=[0.70739, 0.0, 0.0, 0.70683] angvel=[0.0, 0.0, 0.0] linvel=[0.0, 0.0, 0.0] z=0.7975
[lowlevel-sim][GT] t=8.101 quat=[0.70739, 0.0, 0.0, 0.70683] angvel=[0.0, 0.0, 0.0] linvel=[0.0, 0.0, 0.0] z=0.7975
[lowlevel-sim][GT] t=8.151 quat=[0.70739, 0.0, 0.0, 0.70683] angvel=[0.0, 0.0, 0.0] linvel=[0.0, 0.0, 0.0] z=0.7975
[lowlevel-sim][GT] t=8.201 quat=[0.70739, 0.0, 0.0, 0.70683] angvel=[0.0, 0.0, 0.0] linvel=[0.0, 0.0, 0.0] z=0.7975
[lowlevel-sim][GT] t=8.251 quat=[0.70739, 0.0, 0.0, 0.70683] angvel=[0.0, 0.0, 0.0] linvel=[0.0, 0.0, 0.0] z=0.7975
[lowlevel-sim][GT] t=8.301 quat=[0.70739, 0.0, 0.0, 0.70683] angvel=[0.0, 0.0, 0.0] linvel=[0.0, 0.0, 0.0] z=0.7975
[lowlevel-sim][GT] t=8.351 quat=[0.70739, 0.0, 0.0, 0.70683] angvel=[0.0, 0.0, 0.0] linvel=[0.0, 0.0, 0.0] z=0.7975
[lowlevel-sim][GT] t=8.401 quat=[0.70739, 0.0, 0.0, 0.70683] angvel=[0.0, 0.0, 0.0] linvel=[0.0, 0.0, 0.0] z=0.7975
[lowlevel-sim][GT] t=8.451 quat=[0.70739, 0.0, 0.0, 0.70683] angvel=[0.0, 0.0, 0.0] linvel=[0.0, 0.0, 0.0] z=0.7975
[lowlevel-sim] t=   8.50 mode=hold       pd=8499 hold=8499 failclosed=0 rtf=0.273 base_z=+0.798 pitch=+0.000 roll=+0.000 |tau|max= 35.00 sat=5/29 knee_L=+0.300 hip_p_L=-0.100 torn=8499 cmd_age=-1.0ms auth=-1.0s rig_ign=0 fix_base=1 sat_j=left_ankle_roll_joint:+35.0,right_ankle_roll_joint:+35.0,left_wrist_roll_joint:+25.0,right_wrist_roll_joint:+25.0,right_wrist_yaw_joint:-5.0
[lowlevel-sim][GT] t=8.501 quat=[0.70739, 0.0, 0.0, 0.70683] angvel=[0.0, 0.0, 0.0] linvel=[0.0, 0.0, 0.0] z=0.7975
[lowlevel-sim][GT] t=8.551 quat=[0.70739, 0.0, 0.0, 0.70683] angvel=[0.0, 0.0, 0.0] linvel=[0.0, 0.0, 0.0] z=0.7975
[lowlevel-sim][GT] t=8.601 quat=[0.70739, 0.0, 0.0, 0.70683] angvel=[0.0, 0.0, 0.0] linvel=[0.0, 0.0, 0.0] z=0.7975
[lowlevel-sim][GT] t=8.651 quat=[0.70739, 0.0, 0.0, 0.70683] angvel=[0.0, 0.0, 0.0] linvel=[0.0, 0.0, 0.0] z=0.7975
[lowlevel-sim][GT] t=8.701 quat=[0.70739, 0.0, 0.0, 0.70683] angvel=[0.0, 0.0, 0.0] linvel=[0.0, 0.0, 0.0] z=0.7975
[lowlevel-sim][GT] t=8.751 quat=[0.70739, 0.0, 0.0, 0.70683] angvel=[0.0, 0.0, 0.0] linvel=[0.0, 0.0, 0.0] z=0.7975
[lowlevel-sim][GT] t=8.801 quat=[0.70739, 0.0, 0.0, 0.70683] angvel=[0.0, 0.0, 0.0] linvel=[0.0, 0.0, 0.0] z=0.7975
[lowlevel-sim][GT] t=8.851 quat=[0.70739, 0.0, 0.0, 0.70683] angvel=[0.0, 0.0, 0.0] linvel=[0.0, 0.0, 0.0] z=0.7975
[lowlevel-sim][GT] t=8.901 quat=[0.70739, 0.0, 0.0, 0.70683] angvel=[0.0, 0.0, 0.0] linvel=[0.0, 0.0, 0.0] z=0.7975
[lowlevel-sim][GT] t=8.951 quat=[0.70739, 0.0, 0.0, 0.70683] angvel=[0.0, 0.0, 0.0] linvel=[0.0, 0.0, 0.0] z=0.7975
[lowlevel-sim] t=   9.00 mode=hold       pd=8999 hold=8999 failclosed=0 rtf=0.270 base_z=+0.798 pitch=+0.000 roll=+0.000 |tau|max= 35.00 sat=5/29 knee_L=+0.300 hip_p_L=-0.100 torn=8999 cmd_age=-1.0ms auth=-1.0s rig_ign=0 fix_base=1 sat_j=left_ankle_roll_joint:+35.0,right_ankle_roll_joint:+35.0,left_wrist_roll_joint:+25.0,right_wrist_roll_joint:+25.0,right_wrist_yaw_joint:-5.0
[lowlevel-sim][GT] t=9.001 quat=[0.70739, 0.0, 0.0, 0.70683] angvel=[0.0, 0.0, 0.0] linvel=[0.0, 0.0, 0.0] z=0.7975
[lowlevel-sim][GT] t=9.051 quat=[0.70739, 0.0, 0.0, 0.70683] angvel=[0.0, 0.0, 0.0] linvel=[0.0, 0.0, 0.0] z=0.7975
[lowlevel-sim][GT] t=9.101 quat=[0.70739, 0.0, 0.0, 0.70683] angvel=[0.0, 0.0, 0.0] linvel=[0.0, 0.0, 0.0] z=0.7975
[lowlevel-sim][GT] t=9.151 quat=[0.70739, 0.0, 0.0, 0.70683] angvel=[0.0, 0.0, 0.0] linvel=[0.0, 0.0, 0.0] z=0.7975
[lowlevel-sim][GT] t=9.201 quat=[0.70739, 0.0, 0.0, 0.70683] angvel=[0.0, 0.0, 0.0] linvel=[0.0, 0.0, 0.0] z=0.7975
[lowlevel-sim][GT] t=9.251 quat=[0.70739, 0.0, 0.0, 0.70683] angvel=[0.0, 0.0, 0.0] linvel=[0.0, 0.0, 0.0] z=0.7975
[lowlevel-sim][GT] t=9.301 quat=[0.70739, 0.0, 0.0, 0.70683] angvel=[0.0, 0.0, 0.0] linvel=[0.0, 0.0, 0.0] z=0.7975
[lowlevel-sim][GT] t=9.351 quat=[0.70739, 0.0, 0.0, 0.70683] angvel=[0.0, 0.0, 0.0] linvel=[0.0, 0.0, 0.0] z=0.7975
[lowlevel-sim][GT] t=9.401 quat=[0.70739, 0.0, 0.0, 0.70683] angvel=[0.0, 0.0, 0.0] linvel=[0.0, 0.0, 0.0] z=0.7975
[lowlevel-sim][GT] t=9.451 quat=[0.70739, 0.0, 0.0, 0.70683] angvel=[0.0, 0.0, 0.0] linvel=[0.0, 0.0, 0.0] z=0.7975
[lowlevel-sim] t=   9.50 mode=hold       pd=9499 hold=9499 failclosed=0 rtf=0.266 base_z=+0.798 pitch=+0.000 roll=+0.000 |tau|max= 35.00 sat=5/29 knee_L=+0.300 hip_p_L=-0.100 torn=9499 cmd_age=-1.0ms auth=-1.0s rig_ign=0 fix_base=1 sat_j=left_ankle_roll_joint:+35.0,right_ankle_roll_joint:+35.0,left_wrist_roll_joint:+25.0,right_wrist_roll_joint:+25.0,right_wrist_yaw_joint:-5.0
[lowlevel-sim][GT] t=9.501 quat=[0.70739, 0.0, 0.0, 0.70683] angvel=[0.0, 0.0, 0.0] linvel=[0.0, 0.0, 0.0] z=0.7975
[lowlevel-sim][GT] t=9.551 quat=[0.70739, 0.0, 0.0, 0.70683] angvel=[0.0, 0.0, 0.0] linvel=[0.0, 0.0, 0.0] z=0.7975
[lowlevel-sim][GT] t=9.601 quat=[0.70739, 0.0, 0.0, 0.70683] angvel=[0.0, 0.0, 0.0] linvel=[0.0, 0.0, 0.0] z=0.7975
[lowlevel-sim][GT] t=9.651 quat=[0.70739, 0.0, 0.0, 0.70683] angvel=[0.0, 0.0, 0.0] linvel=[0.0, 0.0, 0.0] z=0.7975
[lowlevel-sim][GT] t=9.701 quat=[0.70739, 0.0, 0.0, 0.70683] angvel=[0.0, 0.0, 0.0] linvel=[0.0, 0.0, 0.0] z=0.7975
[lowlevel-sim][GT] t=9.751 quat=[0.70739, 0.0, 0.0, 0.70683] angvel=[0.0, 0.0, 0.0] linvel=[0.0, 0.0, 0.0] z=0.7975
[lowlevel-sim][GT] t=9.801 quat=[0.70739, 0.0, 0.0, 0.70683] angvel=[0.0, 0.0, 0.0] linvel=[0.0, 0.0, 0.0] z=0.7975
[lowlevel-sim][GT] t=9.851 quat=[0.70739, 0.0, 0.0, 0.70683] angvel=[0.0, 0.0, 0.0] linvel=[0.0, 0.0, 0.0] z=0.7975
[lowlevel-sim][GT] t=9.901 quat=[0.70739, 0.0, 0.0, 0.70683] angvel=[0.0, 0.0, 0.0] linvel=[0.0, 0.0, 0.0] z=0.7975
[lowlevel-sim][GT] t=9.951 quat=[0.70739, 0.0, 0.0, 0.70683] angvel=[0.0, 0.0, 0.0] linvel=[0.0, 0.0, 0.0] z=0.7975
[lowlevel-sim] t=  10.00 mode=hold       pd=9999 hold=9999 failclosed=0 rtf=0.264 base_z=+0.798 pitch=+0.000 roll=+0.000 |tau|max= 35.00 sat=5/29 knee_L=+0.300 hip_p_L=-0.100 torn=9999 cmd_age=-1.0ms auth=-1.0s rig_ign=0 fix_base=1 sat_j=left_ankle_roll_joint:+35.0,right_ankle_roll_joint:+35.0,left_wrist_roll_joint:+25.0,right_wrist_roll_joint:+25.0,right_wrist_yaw_joint:-5.0
[lowlevel-sim][GT] t=10.001 quat=[0.70739, 0.0, 0.0, 0.70683] angvel=[0.0, 0.0, 0.0] linvel=[0.0, 0.0, 0.0] z=0.7975
[lowlevel-sim][GT] t=10.051 quat=[0.70739, 0.0, 0.0, 0.70683] angvel=[0.0, 0.0, 0.0] linvel=[0.0, 0.0, 0.0] z=0.7975
[lowlevel-sim][GT] t=10.101 quat=[0.70739, 0.0, 0.0, 0.70683] angvel=[0.0, 0.0, 0.0] linvel=[0.0, 0.0, 0.0] z=0.7975
[lowlevel-sim][GT] t=10.151 quat=[0.70739, 0.0, 0.0, 0.70683] angvel=[0.0, 0.0, 0.0] linvel=[0.0, 0.0, 0.0] z=0.7975
[lowlevel-sim][GT] t=10.201 quat=[0.70739, 0.0, 0.0, 0.70683] angvel=[0.0, 0.0, 0.0] linvel=[0.0, 0.0, 0.0] z=0.7975
[lowlevel-sim][GT] t=10.251 quat=[0.70739, 0.0, 0.0, 0.70683] angvel=[0.0, 0.0, 0.0] linvel=[0.0, 0.0, 0.0] z=0.7975
[lowlevel-sim][GT] t=10.301 quat=[0.70739, 0.0, 0.0, 0.70683] angvel=[0.0, 0.0, 0.0] linvel=[0.0, 0.0, 0.0] z=0.7975
[lowlevel-sim][GT] t=10.351 quat=[0.70739, 0.0, 0.0, 0.70683] angvel=[0.0, 0.0, 0.0] linvel=[0.0, 0.0, 0.0] z=0.7975
[lowlevel-sim][GT] t=10.401 quat=[0.70739, 0.0, 0.0, 0.70683] angvel=[0.0, 0.0, 0.0] linvel=[0.0, 0.0, 0.0] z=0.7975
[lowlevel-sim][GT] t=10.451 quat=[0.70739, 0.0, 0.0, 0.70683] angvel=[0.0, 0.0, 0.0] linvel=[0.0, 0.0, 0.0] z=0.7975
[lowlevel-sim] t=  10.50 mode=hold       pd=10499 hold=10499 failclosed=0 rtf=0.261 base_z=+0.798 pitch=+0.000 roll=+0.000 |tau|max= 35.00 sat=5/29 knee_L=+0.300 hip_p_L=-0.100 torn=10499 cmd_age=-1.0ms auth=-1.0s rig_ign=0 fix_base=1 sat_j=left_ankle_roll_joint:+35.0,right_ankle_roll_joint:+35.0,left_wrist_roll_joint:+25.0,right_wrist_roll_joint:+25.0,right_wrist_yaw_joint:-5.0
[lowlevel-sim][GT] t=10.501 quat=[0.70739, 0.0, 0.0, 0.70683] angvel=[0.0, 0.0, 0.0] linvel=[0.0, 0.0, 0.0] z=0.7975
[lowlevel-sim][GT] t=10.551 quat=[0.70739, 0.0, 0.0, 0.70683] angvel=[0.0, 0.0, 0.0] linvel=[0.0, 0.0, 0.0] z=0.7975
[lowlevel-sim][GT] t=10.601 quat=[0.70739, 0.0, 0.0, 0.70683] angvel=[0.0, 0.0, 0.0] linvel=[0.0, 0.0, 0.0] z=0.7975
[lowlevel-sim][GT] t=10.651 quat=[0.70739, 0.0, 0.0, 0.70683] angvel=[0.0, 0.0, 0.0] linvel=[0.0, 0.0, 0.0] z=0.7975
[lowlevel-sim][GT] t=10.701 quat=[0.70739, 0.0, 0.0, 0.70683] angvel=[0.0, 0.0, 0.0] linvel=[0.0, 0.0, 0.0] z=0.7975
[lowlevel-sim][GT] t=10.751 quat=[0.70739, 0.0, 0.0, 0.70683] angvel=[0.0, 0.0, 0.0] linvel=[0.0, 0.0, 0.0] z=0.7975
[lowlevel-sim][GT] t=10.801 quat=[0.70739, 0.0, 0.0, 0.70683] angvel=[0.0, 0.0, 0.0] linvel=[0.0, 0.0, 0.0] z=0.7975
[lowlevel-sim][GT] t=10.851 quat=[0.70739, 0.0, 0.0, 0.70683] angvel=[0.0, 0.0, 0.0] linvel=[0.0, 0.0, 0.0] z=0.7975
[lowlevel-sim][GT] t=10.901 quat=[0.70739, 0.0, 0.0, 0.70683] angvel=[0.0, 0.0, 0.0] linvel=[0.0, 0.0, 0.0] z=0.7975
[lowlevel-sim][GT] t=10.951 quat=[0.70739, 0.0, 0.0, 0.70683] angvel=[0.0, 0.0, 0.0] linvel=[0.0, 0.0, 0.0] z=0.7975
[lowlevel-sim] t=  11.00 mode=hold       pd=10914 hold=10914 failclosed=0 rtf=0.260 base_z=+0.798 pitch=+0.000 roll=+0.000 |tau|max= 35.00 sat=7/29 knee_L=+0.300 hip_p_L=-0.100 torn=10840 cmd_age=5.9ms auth=0.5s rig_ign=85 fix_base=1 sat_j=left_ankle_roll_joint:-35.0,right_ankle_roll_joint:-35.0,left_wrist_roll_joint:-25.0,left_wrist_pitch_joint:-5.0,left_wrist_yaw_joint:+5.0,right_wrist_roll_joint:-25.0
[lowlevel-sim][GT] t=11.001 quat=[0.70739, 0.0, 0.0, 0.70683] angvel=[0.0, 0.0, 0.0] linvel=[0.0, 0.0, 0.0] z=0.7975
[lowlevel-sim][GT] t=11.051 quat=[0.70739, 0.0, 0.0, 0.70683] angvel=[0.0, 0.0, 0.0] linvel=[0.0, 0.0, 0.0] z=0.7975
[lowlevel-sim][GT] t=11.101 quat=[0.70739, 0.0, 0.0, 0.70683] angvel=[0.0, 0.0, 0.0] linvel=[0.0, 0.0, 0.0] z=0.7975
[lowlevel-sim][GT] t=11.151 quat=[0.70739, 0.0, 0.0, 0.70683] angvel=[0.0, 0.0, 0.0] linvel=[0.0, 0.0, 0.0] z=0.7975
[lowlevel-sim][GT] t=11.201 quat=[0.70739, 0.0, 0.0, 0.70683] angvel=[0.0, 0.0, 0.0] linvel=[0.0, 0.0, 0.0] z=0.7975
[lowlevel-sim][GT] t=11.251 quat=[0.70739, 0.0, 0.0, 0.70683] angvel=[0.0, 0.0, 0.0] linvel=[0.0, 0.0, 0.0] z=0.7975
[lowlevel-sim][GT] t=11.301 quat=[0.70739, 0.0, 0.0, 0.70683] angvel=[0.0, 0.0, 0.0] linvel=[0.0, 0.0, 0.0] z=0.7975
[lowlevel-sim][GT] t=11.351 quat=[0.70739, 0.0, 0.0, 0.70683] angvel=[0.0, 0.0, 0.0] linvel=[0.0, 0.0, 0.0] z=0.7975
[lowlevel-sim][GT] t=11.401 quat=[0.70739, 0.0, 0.0, 0.70683] angvel=[0.0, 0.0, 0.0] linvel=[0.0, 0.0, 0.0] z=0.7975
[lowlevel-sim][GT] t=11.451 quat=[0.70739, 0.0, 0.0, 0.70683] angvel=[0.0, 0.0, 0.0] linvel=[0.0, 0.0, 0.0] z=0.7975
[lowlevel-sim] t=  11.50 mode=hold       pd=11164 hold=11164 failclosed=0 rtf=0.262 base_z=+0.798 pitch=+0.000 roll=+0.000 |tau|max= 35.00 sat=6/29 knee_L=+0.300 hip_p_L=-0.100 torn=10851 cmd_age=12.2ms auth=2.2s rig_ign=335 fix_base=1 sat_j=left_ankle_roll_joint:-35.0,right_ankle_roll_joint:-35.0,left_wrist_roll_joint:-25.0,left_wrist_pitch_joint:-5.0,right_wrist_roll_joint:-25.0,right_wrist_pitch_joint:-5.0
[lowlevel-sim][GT] t=11.501 quat=[0.70739, 0.0, 0.0, 0.70683] angvel=[0.0, 0.0, 0.0] linvel=[0.0, 0.0, 0.0] z=0.7975
[lowlevel-sim][GT] t=11.551 quat=[0.70739, 0.0, 0.0, 0.70683] angvel=[0.0, 0.0, 0.0] linvel=[0.0, 0.0, 0.0] z=0.7975
[lowlevel-sim][GT] t=11.601 quat=[0.70739, 0.0, 0.0, 0.70683] angvel=[0.0, 0.0, 0.0] linvel=[0.0, 0.0, 0.0] z=0.7975
[lowlevel-sim][GT] t=11.651 quat=[0.70739, 0.0, 0.0, 0.70683] angvel=[0.0, 0.0, 0.0] linvel=[0.0, 0.0, 0.0] z=0.7975
[lowlevel-sim][GT] t=11.701 quat=[0.70739, 0.0, 0.0, 0.70683] angvel=[0.0, 0.0, 0.0] linvel=[0.0, 0.0, 0.0] z=0.7975
[lowlevel-sim][GT] t=11.751 quat=[0.70739, 0.0, 0.0, 0.70683] angvel=[0.0, 0.0, 0.0] linvel=[0.0, 0.0, 0.0] z=0.7975
[lowlevel-sim][GT] t=11.801 quat=[0.70739, 0.0, 0.0, 0.70683] angvel=[0.0, 0.0, 0.0] linvel=[0.0, 0.0, 0.0] z=0.7975
[lowlevel-sim][GT] t=11.851 quat=[0.70739, 0.0, 0.0, 0.70683] angvel=[0.0, 0.0, 0.0] linvel=[0.0, 0.0, 0.0] z=0.7975
[lowlevel-sim][GT] t=11.901 quat=[0.70739, 0.0, 0.0, 0.70683] angvel=[0.0, 0.0, 0.0] linvel=[0.0, 0.0, 0.0] z=0.7975
[lowlevel-sim][GT] t=11.951 quat=[0.70739, 0.0, 0.0, 0.70683] angvel=[0.0, 0.0, 0.0] linvel=[0.0, 0.0, 0.0] z=0.7975
[lowlevel-sim] t=  12.00 mode=hold       pd=11427 hold=11427 failclosed=0 rtf=0.263 base_z=+0.798 pitch=+0.000 roll=+0.000 |tau|max= 35.00 sat=8/29 knee_L=+0.301 hip_p_L=-0.100 torn=10870 cmd_age=24.0ms auth=0.3s rig_ign=573 fix_base=1 sat_j=left_ankle_roll_joint:+35.0,right_ankle_roll_joint:+35.0,left_wrist_roll_joint:+25.0,left_wrist_pitch_joint:+5.0,left_wrist_yaw_joint:-5.0,right_wrist_roll_joint:+25.0
[lowlevel-sim][GT] t=12.001 quat=[0.70739, 0.0, 0.0, 0.70683] angvel=[0.0, 0.0, 0.0] linvel=[0.0, 0.0, 0.0] z=0.7975
[lowlevel-sim][GT] t=12.051 quat=[0.70739, 0.0, 0.0, 0.70683] angvel=[0.0, 0.0, 0.0] linvel=[0.0, 0.0, 0.0] z=0.7975
[lowlevel-sim][GT] t=12.101 quat=[0.70739, 0.0, 0.0, 0.70683] angvel=[0.0, 0.0, 0.0] linvel=[0.0, 0.0, 0.0] z=0.7975
[lowlevel-sim][GT] t=12.151 quat=[0.70739, 0.0, 0.0, 0.70683] angvel=[0.0, 0.0, 0.0] linvel=[0.0, 0.0, 0.0] z=0.7975
[lowlevel-sim][GT] t=12.201 quat=[0.70739, 0.0, 0.0, 0.70683] angvel=[0.0, 0.0, 0.0] linvel=[0.0, 0.0, 0.0] z=0.7975
[lowlevel-sim][GT] t=12.251 quat=[0.70739, 0.0, 0.0, 0.70683] angvel=[0.0, 0.0, 0.0] linvel=[0.0, 0.0, 0.0] z=0.7975
[lowlevel-sim][GT] t=12.301 quat=[0.70739, 0.0, 0.0, 0.70683] angvel=[0.0, 0.0, 0.0] linvel=[0.0, 0.0, 0.0] z=0.7975
[lowlevel-sim][GT] t=12.351 quat=[0.70739, 0.0, 0.0, 0.70683] angvel=[0.0, 0.0, 0.0] linvel=[0.0, 0.0, 0.0] z=0.7975
[lowlevel-sim][GT] t=12.401 quat=[0.70739, 0.0, 0.0, 0.70683] angvel=[0.0, 0.0, 0.0] linvel=[0.0, 0.0, 0.0] z=0.7975
[lowlevel-sim][GT] t=12.451 quat=[0.70739, 0.0, 0.0, 0.70683] angvel=[0.0, 0.0, 0.0] linvel=[0.0, 0.0, 0.0] z=0.7975
[lowlevel-sim] t=  12.50 mode=hold       pd=11677 hold=11677 failclosed=0 rtf=0.262 base_z=+0.798 pitch=+0.000 roll=+0.000 |tau|max= 35.00 sat=6/29 knee_L=+0.301 hip_p_L=-0.100 torn=10904 cmd_age=9.4ms auth=2.3s rig_ign=823 fix_base=1 sat_j=left_ankle_roll_joint:+35.0,right_ankle_roll_joint:+35.0,left_wrist_roll_joint:+25.0,left_wrist_yaw_joint:-5.0,right_wrist_roll_joint:+25.0,right_wrist_yaw_joint:-5.0
[lowlevel-sim][GT] t=12.501 quat=[0.70739, 0.0, 0.0, 0.70683] angvel=[0.0, 0.0, 0.0] linvel=[0.0, 0.0, 0.0] z=0.7975
[lowlevel-sim][GT] t=12.551 quat=[0.70739, 0.0, 0.0, 0.70683] angvel=[0.0, 0.0, 0.0] linvel=[0.0, 0.0, 0.0] z=0.7975
[lowlevel-sim][GT] t=12.601 quat=[0.70739, 0.0, 0.0, 0.70683] angvel=[0.0, 0.0, 0.0] linvel=[0.0, 0.0, 0.0] z=0.7975
[lowlevel-sim][GT] t=12.651 quat=[0.70739, 0.0, 0.0, 0.70683] angvel=[0.0, 0.0, 0.0] linvel=[0.0, 0.0, 0.0] z=0.7975
[lowlevel-sim][GT] t=12.701 quat=[0.70739, 0.0, 0.0, 0.70683] angvel=[0.0, 0.0, 0.0] linvel=[0.0, 0.0, 0.0] z=0.7975
[lowlevel-sim][GT] t=12.751 quat=[0.70739, 0.0, 0.0, 0.70683] angvel=[0.0, 0.0, 0.0] linvel=[0.0, 0.0, 0.0] z=0.7975
[lowlevel-sim][GT] t=12.801 quat=[0.70739, 0.0, 0.0, 0.70683] angvel=[0.0, 0.0, 0.0] linvel=[0.0, 0.0, 0.0] z=0.7975
[lowlevel-sim][GT] t=12.851 quat=[0.70739, 0.0, 0.0, 0.70683] angvel=[0.0, 0.0, 0.0] linvel=[0.0, 0.0, 0.0] z=0.7975
[lowlevel-sim][GT] t=12.901 quat=[0.70739, 0.0, 0.0, 0.70683] angvel=[0.0, 0.0, 0.0] linvel=[0.0, 0.0, 0.0] z=0.7975
[lowlevel-sim][GT] t=12.951 quat=[0.70739, 0.0, 0.0, 0.70683] angvel=[0.0, 0.0, 0.0] linvel=[0.0, 0.0, 0.0] z=0.7975
[lowlevel-sim] t=  13.00 mode=hold       pd=11927 hold=11927 failclosed=0 rtf=0.262 base_z=+0.798 pitch=+0.000 roll=+0.000 |tau|max= 35.00 sat=6/29 knee_L=+0.301 hip_p_L=-0.100 torn=10920 cmd_age=56.2ms auth=4.2s rig_ign=1073 fix_base=1 sat_j=left_ankle_roll_joint:+35.0,right_ankle_roll_joint:+35.0,left_wrist_roll_joint:+25.0,left_wrist_yaw_joint:-5.0,right_wrist_roll_joint:+25.0,right_wrist_yaw_joint:-5.0
[lowlevel-sim][GT] t=13.001 quat=[0.70739, 0.0, 0.0, 0.70683] angvel=[0.0, 0.0, 0.0] linvel=[0.0, 0.0, 0.0] z=0.7975
[lowlevel-sim][GT] t=13.051 quat=[0.70739, 0.0, 0.0, 0.70683] angvel=[0.0, 0.0, 0.0] linvel=[0.0, 0.0, 0.0] z=0.7975
[lowlevel-sim][GT] t=13.101 quat=[0.70739, 0.0, 0.0, 0.70683] angvel=[0.0, 0.0, 0.0] linvel=[0.0, 0.0, 0.0] z=0.7975
[lowlevel-sim][GT] t=13.151 quat=[0.70739, 0.0, 0.0, 0.70683] angvel=[0.0, 0.0, 0.0] linvel=[0.0, 0.0, 0.0] z=0.7975
[lowlevel-sim][GT] t=13.201 quat=[0.70739, 0.0, 0.0, 0.70683] angvel=[0.0, 0.0, 0.0] linvel=[0.0, 0.0, 0.0] z=0.7975
[lowlevel-sim][GT] t=13.251 quat=[0.70739, 0.0, 0.0, 0.70683] angvel=[0.0, 0.0, 0.0] linvel=[0.0, 0.0, 0.0] z=0.7975
[lowlevel-sim][GT] t=13.301 quat=[0.70739, 0.0, 0.0, 0.70683] angvel=[0.0, 0.0, 0.0] linvel=[0.0, 0.0, 0.0] z=0.7975
[lowlevel-sim][GT] t=13.351 quat=[0.70739, 0.0, 0.0, 0.70683] angvel=[0.0, 0.0, 0.0] linvel=[0.0, 0.0, 0.0] z=0.7975
[lowlevel-sim][GT] t=13.401 quat=[0.70739, 0.0, 0.0, 0.70683] angvel=[0.0, 0.0, 0.0] linvel=[0.0, 0.0, 0.0] z=0.7975
[lowlevel-sim][GT] t=13.451 quat=[0.70739, 0.0, 0.0, 0.70683] angvel=[0.0, 0.0, 0.0] linvel=[0.0, 0.0, 0.0] z=0.7975
[lowlevel-sim] t=  13.50 mode=hold       pd=12179 hold=12179 failclosed=0 rtf=0.261 base_z=+0.798 pitch=+0.000 roll=+0.000 |tau|max= 35.00 sat=6/29 knee_L=+0.300 hip_p_L=-0.101 torn=10949 cmd_age=36.4ms auth=0.4s rig_ign=1320 fix_base=1 sat_j=left_ankle_roll_joint:+35.0,right_ankle_roll_joint:+35.0,left_wrist_roll_joint:+25.0,left_wrist_pitch_joint:-5.0,right_wrist_roll_joint:+25.0,right_wrist_yaw_joint:-5.0
[lowlevel-sim][GT] t=13.501 quat=[0.70739, 0.0, 0.0, 0.70683] angvel=[0.0, 0.0, 0.0] linvel=[0.0, 0.0, 0.0] z=0.7975
[lowlevel-sim][GT] t=13.551 quat=[0.70739, 0.0, 0.0, 0.70683] angvel=[0.0, 0.0, 0.0] linvel=[0.0, 0.0, 0.0] z=0.7975
[lowlevel-sim][GT] t=13.601 quat=[0.70739, 0.0, 0.0, 0.70683] angvel=[0.0, 0.0, 0.0] linvel=[0.0, 0.0, 0.0] z=0.7975
[lowlevel-sim][GT] t=13.651 quat=[0.70739, 0.0, 0.0, 0.70683] angvel=[0.0, 0.0, 0.0] linvel=[0.0, 0.0, 0.0] z=0.7975
[lowlevel-sim][GT] t=13.701 quat=[0.70739, 0.0, 0.0, 0.70683] angvel=[0.0, 0.0, 0.0] linvel=[0.0, 0.0, 0.0] z=0.7975
[lowlevel-sim][GT] t=13.751 quat=[0.70739, 0.0, 0.0, 0.70683] angvel=[0.0, 0.0, 0.0] linvel=[0.0, 0.0, 0.0] z=0.7975
[lowlevel-sim][GT] t=13.801 quat=[0.70739, 0.0, 0.0, 0.70683] angvel=[0.0, 0.0, 0.0] linvel=[0.0, 0.0, 0.0] z=0.7975
[lowlevel-sim][GT] t=13.851 quat=[0.70739, 0.0, 0.0, 0.70683] angvel=[0.0, 0.0, 0.0] linvel=[0.0, 0.0, 0.0] z=0.7975
[lowlevel-sim][GT] t=13.901 quat=[0.70739, 0.0, 0.0, 0.70683] angvel=[0.0, 0.0, 0.0] linvel=[0.0, 0.0, 0.0] z=0.7975
[lowlevel-sim][GT] t=13.951 quat=[0.70739, 0.0, 0.0, 0.70683] angvel=[0.0, 0.0, 0.0] linvel=[0.0, 0.0, 0.0] z=0.7975
[lowlevel-sim] t=  14.00 mode=hold       pd=12429 hold=12429 failclosed=0 rtf=0.262 base_z=+0.798 pitch=+0.000 roll=+0.000 |tau|max= 35.00 sat=6/29 knee_L=+0.301 hip_p_L=-0.100 torn=10961 cmd_age=21.5ms auth=2.2s rig_ign=1570 fix_base=1 sat_j=left_ankle_roll_joint:+35.0,right_ankle_roll_joint:+35.0,left_wrist_roll_joint:+25.0,left_wrist_pitch_joint:-5.0,right_wrist_roll_joint:+25.0,right_wrist_yaw_joint:-5.0
[lowlevel-sim][GT] t=14.001 quat=[0.70739, 0.0, 0.0, 0.70683] angvel=[0.0, 0.0, 0.0] linvel=[0.0, 0.0, 0.0] z=0.7975
[lowlevel-sim][GT] t=14.051 quat=[0.70739, 0.0, 0.0, 0.70683] angvel=[0.0, 0.0, 0.0] linvel=[0.0, 0.0, 0.0] z=0.7975
[lowlevel-sim][GT] t=14.101 quat=[0.70739, 0.0, 0.0, 0.70683] angvel=[0.0, 0.0, 0.0] linvel=[0.0, 0.0, 0.0] z=0.7975
[lowlevel-sim][GT] t=14.151 quat=[0.70739, 0.0, 0.0, 0.70683] angvel=[0.0, 0.0, 0.0] linvel=[0.0, 0.0, 0.0] z=0.7975
[lowlevel-sim][GT] t=14.201 quat=[0.70739, 0.0, 0.0, 0.70683] angvel=[0.0, 0.0, 0.0] linvel=[0.0, 0.0, 0.0] z=0.7975
[lowlevel-sim][GT] t=14.251 quat=[0.70739, 0.0, 0.0, 0.70683] angvel=[0.0, 0.0, 0.0] linvel=[0.0, 0.0, 0.0] z=0.7975
[lowlevel-sim][GT] t=14.301 quat=[0.70739, 0.0, 0.0, 0.70683] angvel=[0.0, 0.0, 0.0] linvel=[0.0, 0.0, 0.0] z=0.7975
[lowlevel-sim][GT] t=14.351 quat=[0.70739, 0.0, 0.0, 0.70683] angvel=[0.0, 0.0, 0.0] linvel=[0.0, 0.0, 0.0] z=0.7975
[lowlevel-sim][GT] t=14.401 quat=[0.70739, 0.0, 0.0, 0.70683] angvel=[0.0, 0.0, 0.0] linvel=[0.0, 0.0, 0.0] z=0.7975
[lowlevel-sim][GT] t=14.451 quat=[0.70739, 0.0, 0.0, 0.70683] angvel=[0.0, 0.0, 0.0] linvel=[0.0, 0.0, 0.0] z=0.7975
[lowlevel-sim] t=  14.50 mode=hold       pd=12680 hold=12680 failclosed=0 rtf=0.261 base_z=+0.798 pitch=+0.000 roll=+0.000 |tau|max= 35.00 sat=6/29 knee_L=+0.301 hip_p_L=-0.100 torn=10983 cmd_age=18.9ms auth=0.9s rig_ign=1820 fix_base=1 sat_j=left_ankle_roll_joint:-35.0,right_ankle_roll_joint:-35.0,left_wrist_roll_joint:-25.0,left_wrist_yaw_joint:+5.0,right_wrist_roll_joint:-25.0,right_wrist_yaw_joint:+5.0
[lowlevel-sim][GT] t=14.501 quat=[0.70739, 0.0, 0.0, 0.70683] angvel=[0.0, 0.0, 0.0] linvel=[0.0, 0.0, 0.0] z=0.7975
[lowlevel-sim][GT] t=14.551 quat=[0.70739, 0.0, 0.0, 0.70683] angvel=[0.0, 0.0, 0.0] linvel=[0.0, 0.0, 0.0] z=0.7975
[lowlevel-sim][GT] t=14.601 quat=[0.70739, 0.0, 0.0, 0.70683] angvel=[0.0, 0.0, 0.0] linvel=[0.0, 0.0, 0.0] z=0.7975
[lowlevel-sim][GT] t=14.651 quat=[0.70739, 0.0, 0.0, 0.70683] angvel=[0.0, 0.0, 0.0] linvel=[0.0, 0.0, 0.0] z=0.7975
[lowlevel-sim][GT] t=14.701 quat=[0.70739, 0.0, 0.0, 0.70683] angvel=[0.0, 0.0, 0.0] linvel=[0.0, 0.0, 0.0] z=0.7975
[lowlevel-sim][GT] t=14.751 quat=[0.70739, 0.0, 0.0, 0.70683] angvel=[0.0, 0.0, 0.0] linvel=[0.0, 0.0, 0.0] z=0.7975
[lowlevel-sim][GT] t=14.801 quat=[0.70739, 0.0, 0.0, 0.70683] angvel=[0.0, 0.0, 0.0] linvel=[0.0, 0.0, 0.0] z=0.7975
[lowlevel-sim][GT] t=14.851 quat=[0.70739, 0.0, 0.0, 0.70683] angvel=[0.0, 0.0, 0.0] linvel=[0.0, 0.0, 0.0] z=0.7975
[lowlevel-sim][GT] t=14.901 quat=[0.70739, 0.0, 0.0, 0.70683] angvel=[0.0, 0.0, 0.0] linvel=[0.0, 0.0, 0.0] z=0.7975
[lowlevel-sim][GT] t=14.951 quat=[0.70739, 0.0, 0.0, 0.70683] angvel=[0.0, 0.0, 0.0] linvel=[0.0, 0.0, 0.0] z=0.7975
[lowlevel-sim] t=  15.00 mode=hold       pd=12930 hold=12930 failclosed=0 rtf=0.262 base_z=+0.798 pitch=+0.000 roll=+0.000 |tau|max= 35.00 sat=6/29 knee_L=+0.300 hip_p_L=-0.100 torn=11002 cmd_age=50.0ms auth=2.6s rig_ign=2070 fix_base=1 sat_j=left_ankle_roll_joint:-35.0,right_ankle_roll_joint:-35.0,left_wrist_roll_joint:-25.0,left_wrist_yaw_joint:+5.0,right_wrist_roll_joint:-25.0,right_wrist_yaw_joint:+5.0
[lowlevel-sim][GT] t=15.001 quat=[0.70739, 0.0, 0.0, 0.70683] angvel=[0.0, 0.0, 0.0] linvel=[0.0, 0.0, 0.0] z=0.7975
[lowlevel-sim][GT] t=15.051 quat=[0.70739, 0.0, 0.0, 0.70683] angvel=[0.0, 0.0, 0.0] linvel=[0.0, 0.0, 0.0] z=0.7975
[lowlevel-sim][GT] t=15.101 quat=[0.70739, 0.0, 0.0, 0.70683] angvel=[0.0, 0.0, 0.0] linvel=[0.0, 0.0, 0.0] z=0.7975
[lowlevel-sim][GT] t=15.151 quat=[0.70739, 0.0, 0.0, 0.70683] angvel=[0.0, 0.0, 0.0] linvel=[0.0, 0.0, 0.0] z=0.7975
[lowlevel-sim][GT] t=15.201 quat=[0.70739, 0.0, 0.0, 0.70683] angvel=[0.0, 0.0, 0.0] linvel=[0.0, 0.0, 0.0] z=0.7975
[lowlevel-sim][GT] t=15.251 quat=[0.70739, 0.0, 0.0, 0.70683] angvel=[0.0, 0.0, 0.0] linvel=[0.0, 0.0, 0.0] z=0.7975
[lowlevel-sim][GT] t=15.301 quat=[0.70739, 0.0, 0.0, 0.70683] angvel=[0.0, 0.0, 0.0] linvel=[0.0, 0.0, 0.0] z=0.7975
[lowlevel-sim][GT] t=15.351 quat=[0.70739, 0.0, 0.0, 0.70683] angvel=[0.0, 0.0, 0.0] linvel=[0.0, 0.0, 0.0] z=0.7975
[lowlevel-sim][GT] t=15.401 quat=[0.70739, 0.0, 0.0, 0.70683] angvel=[0.0, 0.0, 0.0] linvel=[0.0, 0.0, 0.0] z=0.7975
[lowlevel-sim][GT] t=15.451 quat=[0.70739, 0.0, 0.0, 0.70683] angvel=[0.0, 0.0, 0.0] linvel=[0.0, 0.0, 0.0] z=0.7975
[lowlevel-sim] t=  15.50 mode=hold       pd=13180 hold=13180 failclosed=0 rtf=0.263 base_z=+0.798 pitch=+0.000 roll=+0.000 |tau|max= 35.00 sat=6/29 knee_L=+0.300 hip_p_L=-0.100 torn=11021 cmd_age=1.8ms auth=4.4s rig_ign=2320 fix_base=1 sat_j=left_ankle_roll_joint:-35.0,right_ankle_roll_joint:-35.0,left_wrist_roll_joint:-25.0,left_wrist_yaw_joint:+5.0,right_wrist_roll_joint:-25.0,right_wrist_yaw_joint:+5.0
[lowlevel-sim][GT] t=15.501 quat=[0.70739, 0.0, 0.0, 0.70683] angvel=[0.0, 0.0, 0.0] linvel=[0.0, 0.0, 0.0] z=0.7975
[lowlevel-sim][GT] t=15.551 quat=[0.70739, 0.0, 0.0, 0.70683] angvel=[0.0, 0.0, 0.0] linvel=[0.0, 0.0, 0.0] z=0.7975
[lowlevel-sim][GT] t=15.601 quat=[0.70739, 0.0, 0.0, 0.70683] angvel=[0.0, 0.0, 0.0] linvel=[0.0, 0.0, 0.0] z=0.7975
[lowlevel-sim][GT] t=15.651 quat=[0.70739, 0.0, 0.0, 0.70683] angvel=[0.0, 0.0, 0.0] linvel=[0.0, 0.0, 0.0] z=0.7975
[lowlevel-sim] TEST RIG RELEASED at t=15.664s -- controller has had authority for 5.0s (C-30)
[lowlevel-sim] COMMANDED at t=15.664s (was idle hold)
[lowlevel-sim][GT] t=15.701 quat=[0.70584, 0.0046, -0.00255, 0.70835] angvel=[0.28812, 0.12093, 0.18568] linvel=[-0.07602, -0.13832, -0.39843] z=0.7894
[lowlevel-sim][GT] t=15.751 quat=[0.70509, 0.01686, -0.0169, 0.70871] angvel=[0.36858, 0.0054, -0.05506] linvel=[-0.03231, -0.11671, -0.02775] z=0.7814
[lowlevel-sim][GT] t=15.801 quat=[0.70579, 0.01999, -0.0202, 0.70785] angvel=[0.07149, -0.00699, -0.02414] linvel=[-0.03093, -0.06406, -0.00453] z=0.7808
[lowlevel-sim][GT] t=15.851 quat=[0.70596, 0.01957, -0.02001, 0.7077] angvel=[-0.09625, 0.00195, 0.00856] linvel=[-0.01813, 0.02376, 0.00168] z=0.7807
[lowlevel-sim][GT] t=15.901 quat=[0.70598, 0.01624, -0.0169, 0.70785] angvel=[-0.19457, -0.02653, 0.01522] linvel=[-0.0276, 0.13664, 0.00272] z=0.7810
[lowlevel-sim][GT] t=15.951 quat=[0.70613, 0.0126, -0.01344, 0.70785] angvel=[-0.21567, 0.00125, -0.05038] linvel=[-0.01898, 0.19076, -0.0046] z=0.7809
[lowlevel-sim] t=  16.00 mode=cmd        pd=13430 hold=13262 failclosed=0 rtf=0.262 base_z=+0.781 pitch=-0.026 roll=-0.002 |tau|max= 25.00 sat=5/29 knee_L=+0.367 hip_p_L=-0.096 torn=11039 cmd_age=26.7ms auth=6.4s rig_ign=2402 fix_base=0 sat_j=left_wrist_roll_joint:-25.0,left_wrist_yaw_joint:+5.0,right_wrist_roll_joint:-25.0,right_wrist_pitch_joint:-5.0,right_wrist_yaw_joint:-5.0
[lowlevel-sim][GT] t=16.001 quat=[0.70705, 0.00852, -0.00966, 0.70705] angvel=[-0.23232, -0.01083, -0.04116] linvel=[-0.01785, 0.2248, -0.01258] z=0.7805
[lowlevel-sim][GT] t=16.051 quat=[0.70762, 0.00403, -0.00548, 0.70656] angvel=[-0.25952, -0.00108, -0.03949] linvel=[-0.01218, 0.23739, -0.01912] z=0.7797
[lowlevel-sim][GT] t=16.101 quat=[0.70807, -0.00118, -0.00061, 0.70615] angvel=[-0.31454, -0.00676, -0.01385] linvel=[-0.01371, 0.23763, -0.02244] z=0.7787
[lowlevel-sim][GT] t=16.151 quat=[0.70833, -0.00746, 0.0054, 0.70582] angvel=[-0.38108, -0.0039, -0.01772] linvel=[-0.00525, 0.23706, -0.0249] z=0.7776
[lowlevel-sim][GT] t=16.201 quat=[0.70861, -0.01502, 0.0127, 0.70533] angvel=[-0.45884, -0.01881, -0.02822] linvel=[-0.01041, 0.24373, -0.02612] z=0.7763
[lowlevel-sim][GT] t=16.251 quat=[0.70884, -0.02406, 0.02142, 0.70463] angvel=[-0.54676, 0.00557, -0.03281] linvel=[-0.00344, 0.26597, -0.03106] z=0.7749
[lowlevel-sim][GT] t=16.301 quat=[0.70878, -0.03469, 0.03175, 0.70386] angvel=[-0.63957, -0.00968, -0.01183] linvel=[-0.00625, 0.30701, -0.04103] z=0.7729
[lowlevel-sim][GT] t=16.351 quat=[0.70822, -0.04707, 0.04382, 0.70306] angvel=[-0.74822, -0.00134, -0.0052] linvel=[0.00152, 0.36766, -0.06002] z=0.7701
[lowlevel-sim][GT] t=16.401 quat=[0.70698, -0.06146, 0.05801, 0.70216] angvel=[-0.86843, -0.00861, 0.02067] linvel=[-0.00185, 0.44594, -0.08745] z=0.7660
[lowlevel-sim][GT] t=16.451 quat=[0.70509, -0.07816, 0.07453, 0.70084] angvel=[-1.02023, 0.01655, 0.00882] linvel=[0.00294, 0.53906, -0.13174] z=0.7598
[lowlevel-sim] t=  16.50 mode=cmd        pd=13680 hold=13262 failclosed=0 rtf=0.263 base_z=+0.751 pitch=+0.270 roll=-0.006 |tau|max= 25.00 sat=5/29 knee_L=+0.324 hip_p_L=-0.116 torn=11065 cmd_age=48.6ms auth=8.1s rig_ign=2402 fix_base=0 sat_j=left_wrist_roll_joint:-25.0,left_wrist_yaw_joint:+5.0,right_wrist_roll_joint:-25.0,right_wrist_pitch_joint:-5.0,right_wrist_yaw_joint:+5.0
[lowlevel-sim][GT] t=16.501 quat=[0.70241, -0.09756, 0.09378, 0.69879] angvel=[-1.18722, 0.00474, 0.01402] linvel=[-0.0015, 0.64172, -0.18902] z=0.7509
[lowlevel-sim][GT] t=16.551 quat=[0.69858, -0.11998, 0.11603, 0.6958] angvel=[-1.36864, 0.01732, 0.01621] linvel=[0.00183, 0.74742, -0.26992] z=0.7380
[lowlevel-sim][GT] t=16.601 quat=[0.69399, -0.14574, 0.14135, 0.69076] angvel=[-1.58509, -0.05056, -0.03348] linvel=[-0.00249, 0.84706, -0.3726] z=0.7201
[lowlevel-sim][GT] t=16.651 quat=[0.68781, -0.17561, 0.17014, 0.68347] angvel=[-1.82676, -0.04815, -0.00945] linvel=[0.00274, 0.9433, -0.49707] z=0.6956
[lowlevel-sim][GT] t=16.701 quat=[0.67836, -0.20983, 0.20179, 0.67459] angvel=[-2.04518, -0.07533, 0.04566] linvel=[-0.0033, 1.06321, -0.61662] z=0.6639
[lowlevel-sim][GT] t=16.751 quat=[0.66562, -0.24742, 0.23733, 0.66288] angvel=[-2.32421, -0.02421, 0.00868] linvel=[-0.0002, 1.23351, -0.74162] z=0.6250
[lowlevel-sim][GT] t=16.801 quat=[0.64852, -0.28981, 0.27874, 0.64632] angvel=[-2.87439, 0.10077, -0.00637] linvel=[-0.04405, 1.4365, -0.94404] z=0.5767
[lowlevel-sim][GT] t=16.851 quat=[0.62394, -0.34073, 0.32831, 0.62194] angvel=[-3.47729, -0.19581, -0.00252] linvel=[0.02781, 1.57115, -1.33963] z=0.5107
[lowlevel-sim][GT] t=16.901 quat=[0.59127, -0.39663, 0.3817, 0.58939] angvel=[-3.60283, 0.06627, 0.00346] linvel=[-0.04374, 1.53461, -1.85205] z=0.4187
[lowlevel-sim][GT] t=16.951 quat=[0.55347, -0.44828, 0.43179, 0.55342] angvel=[-3.50734, -0.11651, 0.07637] linvel=[0.02961, 1.46864, -2.30946] z=0.3014
[lowlevel-sim] t=  17.00 mode=cmd        pd=13930 hold=13262 failclosed=0 rtf=0.264 base_z=+0.173 pitch=+1.487 roll=-0.173 |tau|max= 35.00 sat=6/29 knee_L=+0.309 hip_p_L=-0.075 torn=11087 cmd_age=39.5ms auth=9.9s rig_ign=2402 fix_base=0 sat_j=left_ankle_roll_joint:-35.0,right_ankle_roll_joint:-35.0,left_wrist_pitch_joint:+5.0,left_wrist_yaw_joint:+5.0,right_wrist_pitch_joint:-5.0,right_wrist_yaw_joint:-5.0
[lowlevel-sim][GT] t=17.001 quat=[0.51809, -0.48774, 0.47153, 0.52092] angvel=[-2.57434, 0.20775, -0.06791] linvel=[-0.03546, 1.46272, -2.45602] z=0.1703
[lowlevel-sim][GT] t=17.051 quat=[0.46596, -0.53225, 0.52249, 0.47602] angvel=[-0.58449, -0.69122, 0.17518] linvel=[0.02945, 0.26359, -0.10901] z=0.0823
[lowlevel-sim][GT] t=17.101 quat=[0.46838, -0.53652, 0.52174, 0.46963] angvel=[0.18041, 0.11991, -0.18735] linvel=[0.01229, 0.13255, 0.1548] z=0.0843
[lowlevel-sim][GT] t=17.151 quat=[0.46943, -0.53461, 0.5233, 0.46903] angvel=[0.40448, -0.20271, -0.01245] linvel=[0.04424, 0.03429, -0.05125] z=0.0853
[lowlevel-sim][GT] t=17.201 quat=[0.47035, -0.52308, 0.52156, 0.48283] angvel=[-0.24603, 0.31128, -0.32357] linvel=[-0.02076, -0.07831, 0.06355] z=0.0843
[lowlevel-sim][GT] t=17.251 quat=[0.47763, -0.51831, 0.51707, 0.48565] angvel=[0.55735, -0.2008, 0.0482] linvel=[0.04884, -0.09458, 0.21176] z=0.0942
[lowlevel-sim][GT] t=17.301 quat=[0.48751, -0.51076, 0.50809, 0.49325] angvel=[0.41607, 0.09078, -0.04106] linvel=[-0.02275, -0.04527, 0.07198] z=0.1052
[lowlevel-sim][GT] t=17.351 quat=[0.48829, -0.5093, 0.50665, 0.49547] angvel=[0.01429, -0.00291, 0.10552] linvel=[0.0316, 0.01145, 0.00234] z=0.1067
[lowlevel-sim][GT] t=17.401 quat=[0.48727, -0.50926, 0.50694, 0.49622] angvel=[-0.06973, 0.07906, -0.02753] linvel=[-0.0617, 0.01094, -0.00171] z=0.1066
[lowlevel-sim][GT] t=17.451 quat=[0.48596, -0.50986, 0.50644, 0.4974] angvel=[0.03035, 0.0428, 0.18071] linvel=[-0.01609, 0.00966, 0.00586] z=0.1066
[lowlevel-sim] t=  17.50 mode=cmd        pd=14180 hold=13262 failclosed=0 rtf=0.264 base_z=+0.107 pitch=+1.538 roll=+2.831 |tau|max= 35.00 sat=6/29 knee_L=+0.290 hip_p_L=-0.114 torn=11110 cmd_age=36.9ms auth=11.7s rig_ign=2402 fix_base=0 sat_j=left_ankle_roll_joint:-35.0,right_ankle_roll_joint:-35.0,left_wrist_roll_joint:-25.0,left_wrist_pitch_joint:+5.0,right_wrist_roll_joint:+25.0,right_wrist_pitch_joint:+5.0
[lowlevel-sim][GT] t=17.501 quat=[0.48478, -0.51016, 0.50527, 0.49944] angvel=[0.03454, 0.09548, -0.03387] linvel=[-0.07337, 0.00993, 0.00726] z=0.1070
[lowlevel-sim][GT] t=17.551 quat=[0.48401, -0.51076, 0.50449, 0.50034] angvel=[0.03204, -0.1597, 0.11662] linvel=[0.00949, 0.00876, -0.00672] z=0.1070
[lowlevel-sim][GT] t=17.601 quat=[0.48354, -0.5117, 0.50428, 0.50005] angvel=[-0.05535, 0.04179, -0.06591] linvel=[-0.03819, 0.00711, -0.0006] z=0.1068
[lowlevel-sim][GT] t=17.651 quat=[0.48435, -0.51273, 0.50398, 0.49851] angvel=[-0.03298, -0.11679, 0.0342] linvel=[0.03323, 0.00682, -0.00161] z=0.1067
[lowlevel-sim][GT] t=17.701 quat=[0.48538, -0.51389, 0.50312, 0.49719] angvel=[-0.04536, -0.01485, -0.0399] linvel=[-0.02409, 0.00377, 0.01352] z=0.1067
[lowlevel-sim][GT] t=17.751 quat=[0.48663, -0.51478, 0.50179, 0.49638] angvel=[0.02832, -0.10266, 0.0766] linvel=[0.03179, 0.00439, 0.00929] z=0.1071
[lowlevel-sim][GT] t=17.801 quat=[0.48714, -0.51526, 0.49998, 0.49721] angvel=[0.18775, 0.06757, 0.02469] linvel=[-0.05497, 0.00844, 0.02337] z=0.1080
[lowlevel-sim][GT] t=17.851 quat=[0.48608, -0.51532, 0.49785, 0.50031] angvel=[0.01203, -0.04904, 0.20111] linvel=[0.02077, 0.00396, 0.00747] z=0.1089
[lowlevel-sim][GT] t=17.901 quat=[0.48402, -0.51671, 0.49734, 0.50139] angvel=[-0.0625, 0.16232, 0.03209] linvel=[-0.01847, -0.00369, 0.01142] z=0.1091
[lowlevel-sim][GT] t=17.951 quat=[0.48348, -0.51788, 0.49603, 0.502] angvel=[0.06935, -0.07137, 0.12658] linvel=[0.01503, -0.00443, 0.00929] z=0.1097
[lowlevel-sim] t=  18.00 mode=cmd        pd=14430 hold=13262 failclosed=0 rtf=0.265 base_z=+0.110 pitch=+1.543 roll=-2.998 |tau|max= 35.00 sat=2/29 knee_L=+0.302 hip_p_L=-0.119 torn=11134 cmd_age=28.6ms auth=13.4s rig_ign=2402 fix_base=0 sat_j=left_ankle_roll_joint:-35.0,right_ankle_roll_joint:-35.0
[lowlevel-sim][GT] t=18.001 quat=[0.48356, -0.51823, 0.4949, 0.50267] angvel=[0.05588, 0.24981, -0.05645] linvel=[-0.04769, -0.00091, 0.00608] z=0.1105
[lowlevel-sim][GT] t=18.051 quat=[0.48359, -0.51833, 0.49425, 0.50318] angvel=[-0.00079, -0.11103, -0.00194] linvel=[-0.0021, -0.01045, 0.00615] z=0.1109
[lowlevel-sim][GT] t=18.101 quat=[0.48362, -0.51816, 0.4942, 0.50338] angvel=[0.02692, 0.0291, -0.05117] linvel=[-0.04485, -0.01073, 0.00133] z=0.1109
[lowlevel-sim][GT] t=18.151 quat=[0.48357, -0.51773, 0.49431, 0.50376] angvel=[-0.06501, -0.09255, -0.01392] linvel=[-0.00158, -0.01009, 0.0106] z=0.1111
[lowlevel-sim][GT] t=18.201 quat=[0.48339, -0.51755, 0.49401, 0.50441] angvel=[-0.00655, -0.0141, -0.04072] linvel=[-0.03288, -0.00248, 0.00325] z=0.1111
[lowlevel-sim][GT] t=18.251 quat=[0.48398, -0.51713, 0.49376, 0.50452] angvel=[-0.01752, -0.01303, 0.05863] linvel=[0.0124, 0.00369, 0.01334] z=0.1114
[lowlevel-sim][GT] t=18.301 quat=[0.48451, -0.51656, 0.49339, 0.50496] angvel=[0.04759, -0.02199, -0.01516] linvel=[-0.02753, 0.00013, 0.0016] z=0.1118
[lowlevel-sim][GT] t=18.351 quat=[0.48503, -0.51622, 0.49313, 0.50507] angvel=[-0.02477, 0.08477, 0.01167] linvel=[0.00897, -0.00033, 0.00406] z=0.1120
[lowlevel-sim][GT] t=18.401 quat=[0.48522, -0.51602, 0.49301, 0.5052] angvel=[-0.03437, -0.00462, -0.08073] linvel=[-0.02877, -0.0006, 0.00686] z=0.1122
[lowlevel-sim][GT] t=18.451 quat=[0.48544, -0.51589, 0.49272, 0.5054] angvel=[-0.08061, -0.04475, 0.05821] linvel=[0.01147, 0.00055, 0.0104] z=0.1123
[lowlevel-sim] t=  18.50 mode=cmd        pd=14680 hold=13262 failclosed=0 rtf=0.265 base_z=+0.112 pitch=+1.553 roll=-2.963 |tau|max= 35.00 sat=1/29 knee_L=+0.303 hip_p_L=-0.115 torn=11160 cmd_age=25.1ms auth=15.1s rig_ign=2402 fix_base=0 sat_j=right_ankle_roll_joint:-35.0
[lowlevel-sim][GT] t=18.501 quat=[0.48552, -0.51596, 0.49252, 0.50546] angvel=[0.02894, 0.03207, 0.0017] linvel=[-0.0309, -0.00389, -0.00349] z=0.1123
[lowlevel-sim][GT] t=18.551 quat=[0.48562, -0.51609, 0.49223, 0.50551] angvel=[0.01061, 0.07319, 0.04489] linvel=[0.0118, 0.00038, -0.0027] z=0.1123
[lowlevel-sim][GT] t=18.601 quat=[0.48534, -0.51626, 0.49206, 0.50576] angvel=[-0.04615, -0.02012, -0.04687] linvel=[-0.02874, -0.00337, 0.00757] z=0.1123
[lowlevel-sim][GT] t=18.651 quat=[0.48526, -0.51645, 0.49181, 0.50589] angvel=[-0.05233, -0.03429, 0.08947] linvel=[0.01267, 0.00074, 0.00649] z=0.1123
[lowlevel-sim][GT] t=18.701 quat=[0.48498, -0.5165, 0.49161, 0.5063] angvel=[0.01548, -0.00308, 0.00441] linvel=[-0.02705, -0.00375, -0.00271] z=0.1123
[lowlevel-sim][GT] t=18.751 quat=[0.48494, -0.51662, 0.49149, 0.50633] angvel=[0.0002, 0.04737, 0.03898] linvel=[0.01125, -0.00218, -0.00147] z=0.1123
[lowlevel-sim][GT] t=18.801 quat=[0.48476, -0.51683, 0.49138, 0.50641] angvel=[-0.06847, -0.07299, -0.0699] linvel=[-0.0267, -0.00385, 0.00844] z=0.1123
[lowlevel-sim][GT] t=18.851 quat=[0.48476, -0.51705, 0.49095, 0.50659] angvel=[0.00917, -0.11434, 0.07971] linvel=[0.01396, 0.00159, -0.00015] z=0.1123
[lowlevel-sim][GT] t=18.901 quat=[0.4845, -0.51743, 0.49079, 0.50661] angvel=[-0.04564, 0.08861, -0.01238] linvel=[-0.02488, -0.00411, 0.00275] z=0.1121
[lowlevel-sim][GT] t=18.951 quat=[0.48444, -0.51765, 0.49062, 0.50661] angvel=[-0.01692, 0.00542, 0.04471] linvel=[0.01351, -0.00369, -0.00152] z=0.1120
[lowlevel-sim] t=  19.00 mode=cmd        pd=14930 hold=13262 failclosed=0 rtf=0.265 base_z=+0.112 pitch=+1.553 roll=-2.899 |tau|max= 35.00 sat=1/29 knee_L=+0.302 hip_p_L=-0.113 torn=11180 cmd_age=35.3ms auth=17.0s rig_ign=2402 fix_base=0 sat_j=right_ankle_roll_joint:-35.0
[lowlevel-sim][GT] t=19.001 quat=[0.48407, -0.51797, 0.4905, 0.50675] angvel=[-0.04543, -0.02088, -0.04723] linvel=[-0.0275, -0.00328, 0.00191] z=0.1119
[lowlevel-sim][GT] t=19.051 quat=[0.48397, -0.51831, 0.4903, 0.50669] angvel=[-0.03945, -0.07803, 0.07959] linvel=[0.01425, 0.00089, 0.00229] z=0.1118
[lowlevel-sim][GT] t=19.101 quat=[0.48357, -0.51862, 0.49023, 0.50682] angvel=[-0.0055, 0.08318, 0.00704] linvel=[-0.02297, -0.00262, -0.00077] z=0.1117
[lowlevel-sim][GT] t=19.151 quat=[0.48351, -0.5188, 0.49002, 0.50689] angvel=[-0.06441, 0.08125, 0.02427] linvel=[0.01338, -0.00186, 0.00574] z=0.1116
[lowlevel-sim][GT] t=19.201 quat=[0.48331, -0.51892, 0.49002, 0.50696] angvel=[-0.0382, 0.00234, -0.04735] linvel=[-0.02655, -0.00247, 0.00549] z=0.1116
[lowlevel-sim][GT] t=19.251 quat=[0.48347, -0.51894, 0.48989, 0.50691] angvel=[0.04279, -0.16531, 0.06297] linvel=[0.01984, 0.0029, -0.00381] z=0.1116
[lowlevel-sim][GT] t=19.301 quat=[0.48339, -0.5189, 0.48996, 0.50696] angvel=[-0.00253, 0.10255, -0.05492] linvel=[-0.02505, -0.00129, -0.00016] z=0.1115
[lowlevel-sim][GT] t=19.351 quat=[0.48329, -0.51912, 0.48984, 0.50694] angvel=[0.04395, -0.07621, 0.02752] linvel=[0.01752, 0.00018, -0.00332] z=0.1115
[lowlevel-sim][GT] t=19.401 quat=[0.48301, -0.51932, 0.48975, 0.50711] angvel=[-0.03074, 0.00613, -0.0656] linvel=[-0.02664, -0.00286, 0.00366] z=0.1115
[lowlevel-sim][GT] t=19.451 quat=[0.4831, -0.51944, 0.48958, 0.50706] angvel=[-0.04506, -0.06883, 0.05552] linvel=[0.01729, 0.00079, 0.00665] z=0.1116
[lowlevel-sim] t=  19.50 mode=cmd        pd=15180 hold=13262 failclosed=0 rtf=0.266 base_z=+0.112 pitch=+1.551 roll=-2.865 |tau|max= 35.00 sat=1/29 knee_L=+0.300 hip_p_L=-0.113 torn=11204 cmd_age=38.6ms auth=18.7s rig_ign=2402 fix_base=0 sat_j=right_ankle_roll_joint:-35.0
[lowlevel-sim][GT] t=19.501 quat=[0.48306, -0.51943, 0.48958, 0.50711] angvel=[-0.01667, 0.07922, -0.01993] linvel=[-0.01854, -0.00104, 0.00339] z=0.1117
[lowlevel-sim][GT] t=19.551 quat=[0.48329, -0.51932, 0.4894, 0.50717] angvel=[-0.02546, -0.00543, 0.02396] linvel=[0.01888, -0.00067, 0.00209] z=0.1118
[lowlevel-sim][GT] t=19.601 quat=[0.48317, -0.51928, 0.48937, 0.50735] angvel=[-0.01882, 0.01203, -0.05953] linvel=[-0.02446, -0.00209, 0.00327] z=0.1118
[lowlevel-sim][GT] t=19.651 quat=[0.48332, -0.5193, 0.48916, 0.50739] angvel=[0.05163, -0.16608, 0.06989] linvel=[0.01969, 0.00359, -0.00394] z=0.1118
[lowlevel-sim][GT] t=19.701 quat=[0.4832, -0.51942, 0.48911, 0.50744] angvel=[-0.02925, 0.05632, -0.01571] linvel=[-0.01802, -0.0017, 0.00169] z=0.1118
[lowlevel-sim][GT] t=19.751 quat=[0.48317, -0.51958, 0.48913, 0.50728] angvel=[-0.03484, 0.01349, 0.0257] linvel=[0.0172, -0.00285, 0.00313] z=0.1117
[lowlevel-sim][GT] t=19.801 quat=[0.48292, -0.51964, 0.4892, 0.50739] angvel=[0.01644, 0.09151, -0.06913] linvel=[-0.02577, -0.00363, 0.00024] z=0.1117
[lowlevel-sim][GT] t=19.851 quat=[0.48307, -0.51968, 0.48895, 0.50745] angvel=[-0.01379, -0.07311, 0.06436] linvel=[0.01716, 0.00271, 0.00392] z=0.1118
[lowlevel-sim][GT] t=19.901 quat=[0.48292, -0.51971, 0.48899, 0.50752] angvel=[-0.03599, 0.06155, -0.02286] linvel=[-0.02042, -0.00157, 0.00469] z=0.1118
[lowlevel-sim][GT] t=19.951 quat=[0.4831, -0.51959, 0.48887, 0.50759] angvel=[-0.02978, 0.04276, 0.02252] linvel=[0.01433, -0.00259, 0.00485] z=0.1119
[lowlevel-sim] t=  20.00 mode=cmd        pd=15430 hold=13262 failclosed=0 rtf=0.265 base_z=+0.112 pitch=+1.552 roll=-2.845 |tau|max= 35.00 sat=1/29 knee_L=+0.301 hip_p_L=-0.113 torn=11227 cmd_age=39.2ms auth=20.8s rig_ign=2402 fix_base=0 sat_j=right_ankle_roll_joint:-35.0
[lowlevel-sim][GT] t=20.001 quat=[0.48303, -0.51948, 0.48896, 0.50768] angvel=[-0.04398, -0.00869, -0.06487] linvel=[-0.02638, -0.00233, 0.0054] z=0.1120
[lowlevel-sim][GT] t=20.051 quat=[0.48325, -0.51948, 0.48887, 0.50755] angvel=[-0.05831, -0.03365, 0.05384] linvel=[0.01491, 0.00196, 0.00736] z=0.1120
[lowlevel-sim][GT] t=20.101 quat=[0.48315, -0.51937, 0.48891, 0.50773] angvel=[-0.00111, 0.07464, -0.01559] linvel=[-0.02097, -0.00126, -4e-05] z=0.1120
[lowlevel-sim][GT] t=20.151 quat=[0.48324, -0.51935, 0.48894, 0.50764] angvel=[-0.05283, 0.04961, 0.02254] linvel=[0.01376, -0.00338, 0.00657] z=0.1120
[lowlevel-sim][GT] t=20.201 quat=[0.48319, -0.5192, 0.48902, 0.50775] angvel=[-0.0014, 0.06593, -0.08406] linvel=[-0.02575, -0.00316, 0.0007] z=0.1121
[lowlevel-sim][GT] t=20.251 quat=[0.48355, -0.51913, 0.48896, 0.50754] angvel=[-0.05593, -0.02389, 0.04615] linvel=[0.01309, 0.00047, 0.00827] z=0.1121
[lowlevel-sim][GT] t=20.301 quat=[0.4835, -0.5191, 0.48911, 0.50748] angvel=[-0.02266, 0.10473, -0.01595] linvel=[-0.02318, -0.00202, 0.00228] z=0.1121
[lowlevel-sim][GT] t=20.351 quat=[0.4837, -0.519, 0.48914, 0.50736] angvel=[-0.03442, 0.02811, 0.01992] linvel=[0.01361, -0.00216, 0.00424] z=0.1121
[lowlevel-sim][GT] t=20.401 quat=[0.48372, -0.51891, 0.48927, 0.50731] angvel=[-0.03647, 0.01068, -0.06971] linvel=[-0.0268, -0.00264, 0.00422] z=0.1121
[lowlevel-sim][GT] t=20.451 quat=[0.48392, -0.51885, 0.48925, 0.50719] angvel=[0.08682, -0.17665, 0.06146] linvel=[0.02261, 0.00272, -0.00679] z=0.1121
[lowlevel-sim] t=  20.50 mode=cmd        pd=15680 hold=13262 failclosed=0 rtf=0.265 base_z=+0.112 pitch=+1.553 roll=-2.824 |tau|max= 35.00 sat=1/29 knee_L=+0.301 hip_p_L=-0.112 torn=11251 cmd_age=39.4ms auth=22.9s rig_ign=2402 fix_base=0 sat_j=right_ankle_roll_joint:-35.0
[lowlevel-sim][GT] t=20.501 quat=[0.48383, -0.51881, 0.48937, 0.50721] angvel=[-0.03539, 0.04038, -0.02113] linvel=[-0.01994, -0.00197, 0.00376] z=0.1121
[lowlevel-sim][GT] t=20.551 quat=[0.48404, -0.5187, 0.48941, 0.50709] angvel=[-0.04115, 0.0466, 0.02046] linvel=[0.01358, -0.00344, 0.00476] z=0.1121
[lowlevel-sim][GT] t=20.601 quat=[0.48411, -0.51866, 0.48939, 0.50707] angvel=[-0.00812, -0.08438, -0.04463] linvel=[-0.02862, -0.00294, -0.00061] z=0.1120
[lowlevel-sim][GT] t=20.651 quat=[0.48397, -0.51885, 0.48935, 0.50705] angvel=[-0.02972, -0.06687, 0.06713] linvel=[0.01765, 0.00205, 0.00498] z=0.1120
[lowlevel-sim][GT] t=20.701 quat=[0.48379, -0.51889, 0.48936, 0.50718] angvel=[-0.0356, 0.07732, -0.01622] linvel=[-0.02323, -0.00268, 0.00366] z=0.1120
[lowlevel-sim][GT] t=20.751 quat=[0.48405, -0.51876, 0.48933, 0.50709] angvel=[-0.0452, 0.03231, 0.03191] linvel=[0.01213, -0.00397, 0.00424] z=0.1120
[lowlevel-sim][GT] t=20.801 quat=[0.48402, -0.51866, 0.48943, 0.50712] angvel=[-0.00468, 0.07209, -0.08415] linvel=[-0.02565, -0.00365, 0.00143] z=0.1120
[lowlevel-sim][GT] t=20.851 quat=[0.48423, -0.5187, 0.48942, 0.5069] angvel=[0.05089, -0.17272, 0.06324] linvel=[0.02082, 0.00331, -0.00316] z=0.1121
[lowlevel-sim][GT] t=20.901 quat=[0.48428, -0.51854, 0.48955, 0.50688] angvel=[-0.01948, 0.09698, -0.02067] linvel=[-0.02325, -0.00229, 0.00131] z=0.1121
[lowlevel-sim] FAIL-CLOSED engaged at t=20.910s, last command age 85.80 ms (deadline <= 100 ms) PASS
[lowlevel-sim] COMMANDED at t=20.942s (was fail-closed)
[lowlevel-sim][GT] t=20.951 quat=[0.48044, -0.5239, 0.49422, 0.50044] angvel=[-0.07842, 0.04009, -0.04801] linvel=[0.02207, -0.00386, -0.01343] z=0.1089
[lowlevel-sim] t=  21.00 mode=cmd        pd=15946 hold=13262 failclosed=32 rtf=0.264 base_z=+0.109 pitch=+1.537 roll=-2.869 |tau|max= 35.00 sat=1/29 knee_L=+0.290 hip_p_L=-0.119 torn=11261 cmd_age=73.2ms auth=24.9s rig_ign=2402 fix_base=0 sat_j=right_ankle_roll_joint:-35.0
[lowlevel-sim][GT] t=21.001 quat=[0.48192, -0.52261, 0.4933, 0.50128] angvel=[0.05836, 0.05013, -0.04805] linvel=[-0.02118, -0.00172, 0.01004] z=0.1094
[lowlevel-sim][GT] t=21.051 quat=[0.48249, -0.52171, 0.49197, 0.50298] angvel=[0.12475, -0.08426, 0.05069] linvel=[0.02457, 0.00256, -0.00213] z=0.1100
[lowlevel-sim] FAIL-CLOSED engaged at t=21.060s, last command age 85.07 ms (deadline <= 100 ms) PASS
[lowlevel-sim] COMMANDED at t=21.064s (was fail-closed)
[lowlevel-sim][GT] t=21.101 quat=[0.48221, -0.52149, 0.49153, 0.50391] angvel=[0.00938, 0.0652, 0.05368] linvel=[0.00714, -0.00171, 0.00541] z=0.1101
[lowlevel-sim][GT] t=21.151 quat=[0.48242, -0.52105, 0.49097, 0.5047] angvel=[0.04582, -0.00238, 0.02951] linvel=[0.00716, -0.00666, -0.00354] z=0.1104
[lowlevel-sim][GT] t=21.201 quat=[0.48251, -0.52088, 0.4906, 0.50515] angvel=[-0.05166, -0.0276, -0.0152] linvel=[0.004, -0.00428, 0.00327] z=0.1105
[lowlevel-sim][GT] t=21.251 quat=[0.48248, -0.52082, 0.49052, 0.50532] angvel=[0.03055, -0.01923, -0.0093] linvel=[0.00787, -0.00052, -0.0005] z=0.1105
[lowlevel-sim][GT] t=21.301 quat=[0.48242, -0.52054, 0.49068, 0.50552] angvel=[0.00248, 0.02048, -0.00667] linvel=[0.0053, 0.00123, 0.00348] z=0.1106
[lowlevel-sim][GT] t=21.351 quat=[0.48249, -0.52039, 0.49072, 0.50555] angvel=[-0.01932, 0.04426, -0.01506] linvel=[-0.00267, -0.00722, -0.00227] z=0.1107
[lowlevel-sim][GT] t=21.401 quat=[0.48268, -0.52013, 0.49075, 0.50562] angvel=[-0.01741, 0.01393, -0.01798] linvel=[0.003, -0.00068, 0.00541] z=0.1108
[lowlevel-sim][GT] t=21.451 quat=[0.48292, -0.51992, 0.49084, 0.50551] angvel=[0.05384, -0.04426, -0.01542] linvel=[0.0067, -0.00074, -0.00245] z=0.1109
[lowlevel-sim] t=  21.50 mode=cmd        pd=16197 hold=13262 failclosed=35 rtf=0.264 base_z=+0.111 pitch=+1.548 roll=-2.879 |tau|max= 35.00 sat=2/29 knee_L=+0.294 hip_p_L=-0.113 torn=11279 cmd_age=44.8ms auth=26.7s rig_ign=2402 fix_base=0 sat_j=left_ankle_roll_joint:+35.0,right_ankle_roll_joint:-35.0
[lowlevel-sim][GT] t=21.501 quat=[0.48311, -0.51972, 0.49082, 0.50557] angvel=[-0.02502, 0.04025, 0.01404] linvel=[0.00354, -0.00013, 0.00411] z=0.1109
[lowlevel-sim][GT] t=21.551 quat=[0.48313, -0.51956, 0.49104, 0.50549] angvel=[-0.01559, 0.03742, -0.0167] linvel=[0.00017, -0.00611, -0.00057] z=0.1110
[lowlevel-sim][GT] t=21.601 quat=[0.48316, -0.51947, 0.49107, 0.50552] angvel=[-0.03655, 0.03007, -0.01508] linvel=[0.00619, -0.00161, 0.00417] z=0.1110
[lowlevel-sim][GT] t=21.651 quat=[0.48322, -0.51932, 0.49121, 0.50549] angvel=[0.04609, -0.02369, -0.00506] linvel=[0.00663, -0.00053, -0.00039] z=0.1110
[lowlevel-sim][GT] t=21.701 quat=[0.48335, -0.51904, 0.49134, 0.50553] angvel=[-0.0083, 0.00442, 0.00434] linvel=[0.00518, -0.00045, 0.00188] z=0.1111
[lowlevel-sim][GT] t=21.751 quat=[0.48335, -0.51894, 0.4915, 0.50547] angvel=[0.02232, 0.03856, 0.00281] linvel=[0.00124, -0.00462, -0.00312] z=0.1111
[lowlevel-sim][GT] t=21.801 quat=[0.48346, -0.51873, 0.49152, 0.50557] angvel=[-0.06319, -0.00668, -0.00056] linvel=[0.00109, -0.00358, 0.00783] z=0.1111
[lowlevel-sim][GT] t=21.851 quat=[0.48356, -0.51862, 0.49168, 0.50542] angvel=[0.03647, -0.02994, 0.00105] linvel=[0.00309, 8e-05, -0.0039] z=0.1112
[lowlevel-sim][GT] t=21.901 quat=[0.4837, -0.51847, 0.49172, 0.5054] angvel=[0.00811, 0.00567, -0.01001] linvel=[0.0008, 0.0021, 0.00247] z=0.1112
[lowlevel-sim][GT] t=21.951 quat=[0.48385, -0.51832, 0.49183, 0.50531] angvel=[-0.00883, 0.02787, -0.00764] linvel=[-0.00072, -0.00328, 0.00045] z=0.1112
[lowlevel-sim] t=  22.00 mode=cmd        pd=16447 hold=13262 failclosed=35 rtf=0.264 base_z=+0.111 pitch=+1.549 roll=-2.927 |tau|max= 35.00 sat=2/29 knee_L=+0.297 hip_p_L=-0.114 torn=11294 cmd_age=45.2ms auth=28.6s rig_ign=2402 fix_base=0 sat_j=left_ankle_roll_joint:+35.0,right_ankle_roll_joint:-35.0
[lowlevel-sim][GT] t=22.001 quat=[0.48405, -0.51814, 0.49199, 0.50514] angvel=[-0.06475, 0.00231, -0.02372] linvel=[0.00328, 0.00092, 0.00816] z=0.1112
[lowlevel-sim][GT] t=22.051 quat=[0.48414, -0.51801, 0.49211, 0.50508] angvel=[0.04829, -0.03642, -0.01497] linvel=[0.00086, 0.0013, -0.00268] z=0.1112
[lowlevel-sim][GT] t=22.101 quat=[0.48428, -0.51786, 0.49225, 0.50496] angvel=[-0.01827, -0.00074, 0.00262] linvel=[-8e-05, -0.0001, 0.00295] z=0.1112
[lowlevel-sim][GT] t=22.151 quat=[0.48439, -0.51776, 0.49236, 0.50486] angvel=[-0.01661, 0.04372, -0.00769] linvel=[0.00024, -0.00518, -0.00188] z=0.1112
[lowlevel-sim][GT] t=22.201 quat=[0.48445, -0.51759, 0.49246, 0.50487] angvel=[-0.04185, -0.00943, 0.00901] linvel=[0.00197, -0.0027, 0.00605] z=0.1112
[lowlevel-sim][GT] t=22.251 quat=[0.48452, -0.51759, 0.49254, 0.50473] angvel=[0.04681, -0.03607, -0.01607] linvel=[0.00597, 0.00149, -0.00414] z=0.1112
[lowlevel-sim][GT] t=22.301 quat=[0.48463, -0.51749, 0.49257, 0.50469] angvel=[0.01291, 0.00457, -0.00535] linvel=[0.00199, 0.00026, 0.00124] z=0.1112
[lowlevel-sim] FAIL-CLOSED engaged at t=22.344s, last command age 87.30 ms (deadline <= 100 ms) PASS
[lowlevel-sim] COMMANDED at t=22.346s (was fail-closed)
[lowlevel-sim][GT] t=22.351 quat=[0.48461, -0.51753, 0.49269, 0.50456] angvel=[-0.05857, -0.03254, -0.0299] linvel=[-0.00316, -0.00263, 0.00268] z=0.1111
[lowlevel-sim] FAIL-CLOSED engaged at t=22.359s, last command age 87.81 ms (deadline <= 100 ms) PASS
[lowlevel-sim] COMMANDED at t=22.360s (was fail-closed)
[lowlevel-sim][GT] t=22.401 quat=[0.48453, -0.51775, 0.49262, 0.50447] angvel=[-0.02121, -0.01676, 0.03453] linvel=[0.0014, -0.00082, 0.00129] z=0.1111
[lowlevel-sim][GT] t=22.451 quat=[0.48459, -0.51785, 0.49247, 0.50446] angvel=[0.00628, 0.01578, -0.0179] linvel=[-0.00248, -0.00413, -0.00341] z=0.1111
[lowlevel-sim] t=  22.50 mode=cmd        pd=16699 hold=13262 failclosed=38 rtf=0.265 base_z=+0.111 pitch=+1.549 roll=-2.913 |tau|max= 35.00 sat=2/29 knee_L=+0.295 hip_p_L=-0.113 torn=11319 cmd_age=37.0ms auth=30.4s rig_ign=2402 fix_base=0 sat_j=left_ankle_roll_joint:+35.0,right_ankle_roll_joint:-35.0
[lowlevel-sim][GT] t=22.501 quat=[0.48441, -0.51805, 0.49242, 0.50448] angvel=[-0.08304, -0.06909, 0.02177] linvel=[-9e-05, -0.00469, 0.00397] z=0.1110
[lowlevel-sim][GT] t=22.551 quat=[0.4843, -0.51818, 0.4923, 0.50457] angvel=[0.01871, -0.01124, 0.00606] linvel=[0.00475, -0.00015, -0.00268] z=0.1110
[lowlevel-sim][GT] t=22.601 quat=[0.48422, -0.51807, 0.4923, 0.50475] angvel=[-0.00763, 0.00021, 0.01105] linvel=[0.00287, 0.00119, 0.00085] z=0.1110
[lowlevel-sim][GT] t=22.651 quat=[0.48424, -0.51793, 0.49238, 0.50481] angvel=[-0.02467, -0.04747, 0.00169] linvel=[0.00454, -0.00535, 0.00089] z=0.1110
[lowlevel-sim][GT] t=22.701 quat=[0.48432, -0.51792, 0.49235, 0.50476] angvel=[-0.04959, -0.00923, -0.01772] linvel=[0.00022, -0.00221, 0.00537] z=0.1110
[lowlevel-sim][GT] t=22.751 quat=[0.48436, -0.51796, 0.49237, 0.50465] angvel=[0.03901, -0.01532, 0.00453] linvel=[0.00135, -0.00083, -0.00382] z=0.1109
[lowlevel-sim][GT] t=22.801 quat=[0.48429, -0.51802, 0.49239, 0.50465] angvel=[-0.00915, -0.00235, -1e-05] linvel=[-0.00033, -0.00155, 0.00397] z=0.1108
[lowlevel-sim][GT] t=22.851 quat=[0.48423, -0.51803, 0.49246, 0.50463] angvel=[0.04018, 0.02139, -0.02011] linvel=[3e-05, -0.00413, -0.00851] z=0.1108
[lowlevel-sim] FAIL-CLOSED engaged at t=22.860s, last command age 105.57 ms (deadline <= 100 ms) FAIL
[lowlevel-sim] COMMANDED at t=22.862s (was fail-closed)
[lowlevel-sim][GT] t=22.901 quat=[0.484, -0.5184, 0.49249, 0.50444] angvel=[0.01398, -0.0054, 0.02501] linvel=[0.0003, -0.00656, -0.00456] z=0.1106
[lowlevel-sim][GT] t=22.951 quat=[0.48377, -0.51853, 0.49238, 0.50463] angvel=[-0.02901, -0.03072, 0.02359] linvel=[0.00046, -0.0035, 0.00295] z=0.1106
[lowlevel-sim] t=  23.00 mode=cmd        pd=16950 hold=13262 failclosed=40 rtf=0.264 base_z=+0.111 pitch=+1.547 roll=-2.923 |tau|max=  8.22 sat=0/29 knee_L=+0.294 hip_p_L=-0.113 torn=11334 cmd_age=33.8ms auth=32.5s rig_ign=2402 fix_base=0
[lowlevel-sim][GT] t=23.001 quat=[0.48365, -0.51879, 0.49217, 0.50469] angvel=[-0.03028, 0.04216, 0.0221] linvel=[-2e-05, -0.00306, 0.00063] z=0.1106
[lowlevel-sim][GT] t=23.051 quat=[0.48361, -0.51881, 0.49202, 0.50485] angvel=[-0.00657, 0.0592, 0.00985] linvel=[0.0006, 0.00132, 0.00152] z=0.1106
[lowlevel-sim][GT] t=23.101 quat=[0.48333, -0.51885, 0.49207, 0.50503] angvel=[-0.03535, 0.0202, -0.02385] linvel=[-0.00404, -0.00811, -0.00065] z=0.1105
[lowlevel-sim][GT] t=23.151 quat=[0.48319, -0.51887, 0.49205, 0.50517] angvel=[-0.03494, 0.03151, -0.01251] linvel=[-0.00189, -0.00336, 0.00182] z=0.1104
[lowlevel-sim][GT] t=23.201 quat=[0.48302, -0.51899, 0.49198, 0.50528] angvel=[0.02611, -0.02717, 0.01206] linvel=[0.00424, -0.00203, -0.00385] z=0.1104
[lowlevel-sim][GT] t=23.251 quat=[0.48297, -0.51912, 0.49196, 0.50521] angvel=[-0.00204, 0.02693, 0.00521] linvel=[-0.00214, 0.00011, 0.00146] z=0.1103
[lowlevel-sim][GT] t=23.301 quat=[0.48297, -0.51921, 0.49194, 0.50513] angvel=[-0.0542, -0.03048, -0.02188] linvel=[0.00381, -0.00757, -0.00487] z=0.1103
[lowlevel-sim][GT] t=23.351 quat=[0.4829, -0.51936, 0.49188, 0.50509] angvel=[-0.02681, 0.01669, -0.02834] linvel=[-0.00072, -0.00438, -0.0018] z=0.1102
[lowlevel-sim][GT] t=23.401 quat=[0.48266, -0.51955, 0.49184, 0.50517] angvel=[0.01067, 0.00398, 0.01131] linvel=[0.0023, -0.00159, -0.00149] z=0.1101
[lowlevel-sim][GT] t=23.451 quat=[0.48247, -0.51953, 0.49171, 0.50551] angvel=[-0.01338, 0.02686, 0.01915] linvel=[0.00363, -0.00179, 0.00093] z=0.1101
[lowlevel-sim] t=  23.50 mode=cmd        pd=17200 hold=13262 failclosed=40 rtf=0.263 base_z=+0.110 pitch=+1.547 roll=-2.970 |tau|max=  7.96 sat=0/29 knee_L=+0.292 hip_p_L=-0.112 torn=11356 cmd_age=56.2ms auth=34.7s rig_ign=2402 fix_base=0
[lowlevel-sim][GT] t=23.501 quat=[0.4822, -0.51975, 0.49164, 0.5056] angvel=[0.00154, -0.01737, -0.03878] linvel=[0.00232, -0.00567, -0.00509] z=0.1100
[lowlevel-sim][GT] t=23.551 quat=[0.48222, -0.51972, 0.49167, 0.50559] angvel=[-0.04133, -0.06513, -0.02034] linvel=[0.0024, -0.00263, 0.00643] z=0.1100
[lowlevel-sim][GT] t=23.601 quat=[0.48214, -0.51977, 0.49169, 0.50559] angvel=[0.01632, 0.01549, 0.03772] linvel=[0.0063, -0.00286, -0.00079] z=0.1099
[lowlevel-sim][GT] t=23.651 quat=[0.48212, -0.51978, 0.4917, 0.50559] angvel=[-0.00471, 0.02022, 0.00164] linvel=[0.00277, -0.0052, -0.00245] z=0.1099
[lowlevel-sim][GT] t=23.701 quat=[0.48186, -0.51999, 0.49178, 0.50554] angvel=[-0.00369, -0.04807, 0.00581] linvel=[0.00572, -0.00661, -0.00514] z=0.1097
[lowlevel-sim][GT] t=23.751 quat=[0.48161, -0.52016, 0.49199, 0.50541] angvel=[-0.0084, -0.00429, -0.01078] linvel=[0.0015, -0.00422, -0.00176] z=0.1095
[lowlevel-sim][GT] t=23.801 quat=[0.48169, -0.52014, 0.49198, 0.50537] angvel=[-0.00225, 0.00079, 0.00351] linvel=[0.00197, -0.00439, -0.00063] z=0.1095
[lowlevel-sim][GT] t=23.851 quat=[0.48185, -0.52024, 0.49194, 0.50514] angvel=[-0.01548, 0.0017, 0.00167] linvel=[-0.00183, -0.00277, 0.00367] z=0.1094
[lowlevel-sim][GT] t=23.901 quat=[0.48194, -0.52022, 0.49194, 0.50508] angvel=[0.02448, -0.04143, -0.01709] linvel=[-0.00244, -0.00869, -0.00336] z=0.1094
[lowlevel-sim][GT] t=23.951 quat=[0.48203, -0.5202, 0.49191, 0.50504] angvel=[-0.0825, 0.01703, 0.02294] linvel=[-0.0009, -0.00426, 0.00367] z=0.1093
[lowlevel-sim] t=  24.00 mode=cmd        pd=17450 hold=13262 failclosed=40 rtf=0.263 base_z=+0.109 pitch=+1.544 roll=-2.958 |tau|max=  7.57 sat=0/29 knee_L=+0.287 hip_p_L=-0.110 torn=11372 cmd_age=42.4ms auth=36.7s rig_ign=2402 fix_base=0
[lowlevel-sim][GT] t=24.001 quat=[0.48198, -0.52039, 0.49215, 0.50466] angvel=[0.02712, -0.03686, 0.01476] linvel=[0.00174, -0.00235, -0.0019] z=0.1092
[lowlevel-sim][GT] t=24.051 quat=[0.48202, -0.52035, 0.49218, 0.50462] angvel=[-0.04878, -0.04966, -0.01597] linvel=[-0.00096, -0.00173, 0.00732] z=0.1092
[lowlevel-sim][GT] t=24.101 quat=[0.48195, -0.52041, 0.49218, 0.50464] angvel=[-0.00102, 0.00963, -0.00668] linvel=[0.00821, -0.00404, -0.0003] z=0.1091
[lowlevel-sim][GT] t=24.151 quat=[0.48183, -0.52042, 0.49226, 0.50466] angvel=[-0.03185, 0.00325, -0.00076] linvel=[0.00434, -0.00304, 0.00485] z=0.1090
[lowlevel-sim][GT] t=24.201 quat=[0.48183, -0.5203, 0.49249, 0.50456] angvel=[0.02309, 0.0184, 0.02136] linvel=[0.01002, -0.00591, -0.00291] z=0.1089
[lowlevel-sim][GT] t=24.251 quat=[0.4818, -0.52024, 0.49255, 0.50459] angvel=[-0.01355, -0.00714, -0.01081] linvel=[0.0029, -0.00502, -0.00081] z=0.1089
[lowlevel-sim][GT] t=24.301 quat=[0.48165, -0.52033, 0.49268, 0.50452] angvel=[0.00648, -0.01498, 0.00371] linvel=[-0.00242, -0.00441, -0.00066] z=0.1088
[lowlevel-sim][GT] t=24.351 quat=[0.48185, -0.52034, 0.49274, 0.50425] angvel=[-0.0687, 0.0085, -0.00431] linvel=[0.00095, -0.0034, 0.00316] z=0.1087
[lowlevel-sim][GT] t=24.401 quat=[0.48202, -0.52019, 0.49294, 0.50405] angvel=[0.00875, -0.01063, 0.02495] linvel=[0.00489, -0.00277, -0.00135] z=0.1086
[lowlevel-sim][GT] t=24.451 quat=[0.48207, -0.52033, 0.49318, 0.50364] angvel=[-0.06743, -0.03608, 0.00821] linvel=[0.00436, -0.00461, 0.00178] z=0.1084
[lowlevel-sim] t=  24.50 mode=cmd        pd=17700 hold=13262 failclosed=40 rtf=0.263 base_z=+0.108 pitch=+1.542 roll=-2.977 |tau|max=  8.10 sat=0/29 knee_L=+0.282 hip_p_L=-0.110 torn=11390 cmd_age=28.5ms auth=38.5s rig_ign=2402 fix_base=0
[lowlevel-sim][GT] t=24.501 quat=[0.48186, -0.52049, 0.49344, 0.50341] angvel=[0.0055, -0.02096, -0.00256] linvel=[0.00706, -0.00522, -0.00425] z=0.1083
[lowlevel-sim][GT] t=24.551 quat=[0.48176, -0.52047, 0.49352, 0.50345] angvel=[-0.06394, 0.01326, 0.00084] linvel=[0.00396, -0.00237, 0.00498] z=0.1082
[lowlevel-sim][GT] t=24.601 quat=[0.48147, -0.52062, 0.49357, 0.50352] angvel=[0.01249, -0.06345, -0.01451] linvel=[-0.00045, -0.00897, -0.00495] z=0.1081
[lowlevel-sim][GT] t=24.651 quat=[0.48118, -0.52072, 0.49351, 0.50375] angvel=[-0.00023, 0.03877, -0.00447] linvel=[7e-05, -0.00437, -0.00179] z=0.1081
[lowlevel-sim][GT] t=24.701 quat=[0.48085, -0.52087, 0.49349, 0.50393] angvel=[-0.02532, 0.02682, 0.05304] linvel=[0.0121, -0.00384, -9e-05] z=0.1080
[lowlevel-sim][GT] t=24.751 quat=[0.48069, -0.52082, 0.49348, 0.50414] angvel=[0.03483, 0.05783, 0.02723] linvel=[0.00438, -0.00208, -0.0022] z=0.1080
[lowlevel-sim][GT] t=24.801 quat=[0.48058, -0.52087, 0.49336, 0.50432] angvel=[-0.01567, 0.00911, 0.02395] linvel=[0.00622, -0.00116, 0.00056] z=0.1080
[lowlevel-sim][GT] t=24.851 quat=[0.4804, -0.52095, 0.49325, 0.50451] angvel=[-0.02457, 0.01502, 0.00408] linvel=[0.00188, -0.00358, 0.00326] z=0.1080
[lowlevel-sim][GT] t=24.901 quat=[0.48031, -0.52109, 0.49327, 0.50443] angvel=[-0.00358, -0.02799, -0.0573] linvel=[-0.00018, -0.00809, -0.00184] z=0.1079
[lowlevel-sim][GT] t=24.951 quat=[0.48024, -0.52114, 0.49328, 0.50443] angvel=[-0.0289, 0.04515, 0.01016] linvel=[-0.00099, -0.00281, 0.00408] z=0.1078
[lowlevel-sim] t=  25.00 mode=cmd        pd=17950 hold=13262 failclosed=40 rtf=0.264 base_z=+0.108 pitch=+1.541 roll=-3.037 |tau|max=  9.04 sat=0/29 knee_L=+0.280 hip_p_L=-0.110 torn=11410 cmd_age=27.1ms auth=40.3s rig_ign=2402 fix_base=0
[lowlevel-sim][GT] t=25.001 quat=[0.48023, -0.5213, 0.49313, 0.50444] angvel=[0.02479, -0.03657, -0.01964] linvel=[-0.00309, -0.00627, -0.00469] z=0.1078
[lowlevel-sim][GT] t=25.051 quat=[0.48024, -0.52136, 0.49308, 0.50441] angvel=[-0.01495, -0.00856, 0.00113] linvel=[-0.00075, -0.00158, 0.00302] z=0.1078
[lowlevel-sim][GT] t=25.101 quat=[0.48041, -0.52143, 0.49299, 0.50426] angvel=[-0.01895, 0.0026, 0.02168] linvel=[0.00988, -0.00711, 0.00175] z=0.1077
[lowlevel-sim][GT] t=25.151 quat=[0.48019, -0.52158, 0.49293, 0.50438] angvel=[-0.00932, 0.02424, 0.03065] linvel=[0.00288, -0.00344, -0.00082] z=0.1077
[lowlevel-sim][GT] t=25.201 quat=[0.47995, -0.52174, 0.4929, 0.50447] angvel=[0.00068, -0.0173, 0.02008] linvel=[0.00432, -0.00163, 7e-05] z=0.1076
[lowlevel-sim][GT] t=25.251 quat=[0.47986, -0.52183, 0.49271, 0.50464] angvel=[0.00999, 0.03393, 0.00421] linvel=[0.00193, -0.00044, 0.00092] z=0.1076
[lowlevel-sim][GT] t=25.301 quat=[0.47951, -0.52197, 0.49276, 0.50478] angvel=[-0.02191, 0.00433, 0.01661] linvel=[-0.00476, -0.00406, 0.00048] z=0.1075
[lowlevel-sim][GT] t=25.351 quat=[0.47942, -0.52218, 0.49249, 0.50491] angvel=[0.00693, -0.02421, -0.00634] linvel=[-0.00088, -0.00399, -0.00222] z=0.1075
[lowlevel-sim][GT] t=25.401 quat=[0.47912, -0.52249, 0.49246, 0.5049] angvel=[-0.01254, -0.0464, -0.05145] linvel=[-0.00103, -0.00547, -0.00092] z=0.1074
[lowlevel-sim][GT] t=25.451 quat=[0.47913, -0.5225, 0.49244, 0.50491] angvel=[-0.00979, 0.02714, -0.01023] linvel=[-0.00254, -0.00454, -0.00364] z=0.1073
[lowlevel-sim] t=  25.50 mode=cmd        pd=18200 hold=13262 failclosed=40 rtf=0.264 base_z=+0.107 pitch=+1.539 roll=-3.035 |tau|max=  9.90 sat=0/29 knee_L=+0.277 hip_p_L=-0.109 torn=11426 cmd_age=30.8ms auth=41.9s rig_ign=2402 fix_base=0
[lowlevel-sim][GT] t=25.501 quat=[0.47886, -0.52272, 0.49235, 0.50502] angvel=[-0.01327, 0.00164, 0.01418] linvel=[0.00902, -0.00596, -0.00358] z=0.1073
[lowlevel-sim][GT] t=25.551 quat=[0.47894, -0.52275, 0.4922, 0.50506] angvel=[-0.04767, 0.12565, 0.04826] linvel=[0.00124, -0.00209, 0.00348] z=0.1073
[lowlevel-sim][GT] t=25.601 quat=[0.47864, -0.52294, 0.4922, 0.50516] angvel=[0.00463, -0.03628, -0.00649] linvel=[0.00433, -0.00312, -0.00189] z=0.1072
[lowlevel-sim][GT] t=25.651 quat=[0.47862, -0.52304, 0.49199, 0.50527] angvel=[-0.02619, 0.08271, 0.02376] linvel=[-0.00251, -0.00091, 0.00414] z=0.1072
[lowlevel-sim][GT] t=25.701 quat=[0.47827, -0.52323, 0.49204, 0.50535] angvel=[-0.01268, 0.0014, 0.01879] linvel=[0.00797, -0.00763, -0.00298] z=0.1071
[lowlevel-sim][GT] t=25.751 quat=[0.47822, -0.52332, 0.492, 0.50535] angvel=[0.01281, 0.02026, -0.00069] linvel=[0.00153, 0.00269, 0.00114] z=0.1070
[lowlevel-sim][GT] t=25.801 quat=[0.47856, -0.52343, 0.49188, 0.50503] angvel=[-0.01519, -0.01128, -0.00494] linvel=[0.00617, -0.00377, -0.00151] z=0.1070
[lowlevel-sim][GT] t=25.851 quat=[0.47847, -0.52339, 0.49188, 0.50516] angvel=[0.03611, 0.01015, 0.02596] linvel=[0.0013, -0.00184, -0.00537] z=0.1069
[lowlevel-sim][GT] t=25.901 quat=[0.47819, -0.52351, 0.49184, 0.50534] angvel=[-0.02056, -0.01277, 0.00377] linvel=[0.0024, -0.00577, -0.00046] z=0.1069
[lowlevel-sim][GT] t=25.951 quat=[0.47811, -0.52345, 0.49185, 0.50546] angvel=[-0.06221, 0.0839, 0.00947] linvel=[0.00043, -0.00226, 0.00693] z=0.1069
[lowlevel-sim] t=  26.00 mode=cmd        pd=18450 hold=13262 failclosed=40 rtf=0.265 base_z=+0.107 pitch=+1.539 roll=-3.040 |tau|max=  9.93 sat=0/29 knee_L=+0.274 hip_p_L=-0.108 torn=11444 cmd_age=40.3ms auth=43.7s rig_ign=2402 fix_base=0
[lowlevel-sim][GT] t=26.001 quat=[0.4779, -0.52364, 0.49179, 0.50553] angvel=[-0.01404, 0.00992, 0.0192] linvel=[0.00521, -0.00852, 0.0002] z=0.1069
[lowlevel-sim][GT] t=26.051 quat=[0.4778, -0.52371, 0.49171, 0.50563] angvel=[-0.06656, 0.08239, 0.00011] linvel=[-0.00448, -0.00422, 0.00239] z=0.1068
[lowlevel-sim][GT] t=26.101 quat=[0.47773, -0.52371, 0.4917, 0.50569] angvel=[-0.00841, -0.00938, 0.03336] linvel=[0.00858, -0.00287, 0.00015] z=0.1068
[lowlevel-sim][GT] t=26.151 quat=[0.47758, -0.52386, 0.49157, 0.50582] angvel=[0.00117, 0.07853, 0.0236] linvel=[0.00554, -0.00039, -0.00267] z=0.1068
[lowlevel-sim][GT] t=26.201 quat=[0.47746, -0.52404, 0.49154, 0.50577] angvel=[-0.02507, -0.00684, 0.00736] linvel=[0.00125, -0.00101, 0.00292] z=0.1068
[lowlevel-sim][GT] t=26.251 quat=[0.47746, -0.52401, 0.49148, 0.50586] angvel=[-0.03765, 0.11944, 0.0232] linvel=[0.00612, -0.00215, 0.00164] z=0.1068
[lowlevel-sim][GT] t=26.301 quat=[0.47725, -0.5242, 0.49153, 0.50581] angvel=[-0.03249, -0.03358, 0.00132] linvel=[0.00037, -0.00479, 0.00147] z=0.1067
[lowlevel-sim][GT] t=26.351 quat=[0.47732, -0.52418, 0.49142, 0.50587] angvel=[0.00609, 0.04477, 0.02089] linvel=[-0.00045, 0.00086, 0.00564] z=0.1067
[lowlevel-sim][GT] t=26.401 quat=[0.47731, -0.52422, 0.49142, 0.50583] angvel=[-0.02775, -0.01698, -0.00196] linvel=[1e-05, -0.00955, 0.00255] z=0.1067
[lowlevel-sim][GT] t=26.451 quat=[0.47742, -0.5242, 0.49139, 0.50579] angvel=[0.05918, -0.02418, -0.02078] linvel=[0.00024, -0.00162, -0.00686] z=0.1067
[lowlevel-sim] t=  26.50 mode=cmd        pd=18700 hold=13262 failclosed=40 rtf=0.265 base_z=+0.107 pitch=+1.538 roll=-3.039 |tau|max=  9.95 sat=0/29 knee_L=+0.273 hip_p_L=-0.108 torn=11462 cmd_age=48.2ms auth=45.6s rig_ign=2402 fix_base=0
[lowlevel-sim][GT] t=26.501 quat=[0.4773, -0.52429, 0.49146, 0.50574] angvel=[-0.00944, -0.01249, 0.01636] linvel=[0.01015, -0.00248, 0.00053] z=0.1066
[lowlevel-sim][GT] t=26.551 quat=[0.47735, -0.52418, 0.49129, 0.50597] angvel=[-0.01656, 0.07535, 0.00711] linvel=[-0.00061, -0.00159, 0.00318] z=0.1067
[lowlevel-sim][GT] t=26.601 quat=[0.47711, -0.52435, 0.49124, 0.50607] angvel=[-0.02802, 0.03262, 0.03009] linvel=[0.00544, -0.00693, 0.001] z=0.1067
[lowlevel-sim][GT] t=26.651 quat=[0.47708, -0.52435, 0.49113, 0.5062] angvel=[0.01719, 0.02453, 0.0119] linvel=[0.0006, 8e-05, 0.00017] z=0.1067
[lowlevel-sim][GT] t=26.701 quat=[0.47698, -0.52438, 0.49113, 0.50628] angvel=[-0.00504, 0.00024, 0.01527] linvel=[0.00856, -0.00374, -0.00133] z=0.1067
[lowlevel-sim][GT] t=26.751 quat=[0.47727, -0.52441, 0.49109, 0.506] angvel=[-0.01181, 0.0258, 0.02166] linvel=[0.0032, -0.00171, 0.00344] z=0.1066
[lowlevel-sim][GT] t=26.801 quat=[0.47707, -0.52457, 0.49115, 0.50597] angvel=[-0.04754, -0.02057, -0.04009] linvel=[-0.00411, -0.0082, 0.00326] z=0.1066
[lowlevel-sim][GT] t=26.851 quat=[0.47698, -0.5246, 0.49107, 0.50609] angvel=[-0.01798, 0.06254, -0.01177] linvel=[-5e-05, -0.00376, 0.00215] z=0.1065
[lowlevel-sim][GT] t=26.901 quat=[0.47668, -0.52476, 0.49107, 0.50622] angvel=[-0.03002, 0.0012, 0.00799] linvel=[-0.00065, -0.00437, 0.00295] z=0.1065
[lowlevel-sim][GT] t=26.951 quat=[0.47674, -0.52477, 0.4909, 0.50632] angvel=[-0.03433, 0.09924, 0.01439] linvel=[0.00184, -0.00085, 0.0051] z=0.1065
[lowlevel-sim] t=  27.00 mode=cmd        pd=18950 hold=13262 failclosed=40 rtf=0.264 base_z=+0.107 pitch=+1.538 roll=-3.044 |tau|max= 10.21 sat=0/29 knee_L=+0.273 hip_p_L=-0.107 torn=11491 cmd_age=39.5ms auth=47.6s rig_ign=2402 fix_base=0
[lowlevel-sim][GT] t=27.001 quat=[0.4766, -0.52488, 0.4909, 0.50633] angvel=[-0.04309, 0.01913, 0.05003] linvel=[0.01007, -0.00597, 0.00206] z=0.1065
[lowlevel-sim][GT] t=27.051 quat=[0.47646, -0.52486, 0.4908, 0.50658] angvel=[0.02814, 0.01486, 0.02479] linvel=[0.00421, 0.00143, -0.00024] z=0.1065
[lowlevel-sim][GT] t=27.101 quat=[0.47632, -0.52493, 0.49082, 0.50662] angvel=[-0.01707, 0.00786, 0.02873] linvel=[0.00889, -0.00799, 0.00095] z=0.1065
[lowlevel-sim][GT] t=27.151 quat=[0.47631, -0.52498, 0.49075, 0.50664] angvel=[0.01821, 0.04391, 0.01518] linvel=[-0.0005, -0.00038, -0.00018] z=0.1065
[lowlevel-sim][GT] t=27.201 quat=[0.47616, -0.52512, 0.49071, 0.50668] angvel=[-0.01554, -0.0006, 0.04904] linvel=[0.00947, -0.0017, -0.00079] z=0.1065
[lowlevel-sim][GT] t=27.251 quat=[0.47616, -0.52521, 0.49055, 0.50675] angvel=[0.07549, -0.04893, 0.00679] linvel=[0.00126, 0.00037, -0.00627] z=0.1065
[lowlevel-sim][GT] t=27.301 quat=[0.4759, -0.52532, 0.49071, 0.50672] angvel=[-0.02112, -0.01352, -0.00983] linvel=[-0.00154, -0.00528, -0.00013] z=0.1065
[lowlevel-sim][GT] t=27.351 quat=[0.47605, -0.52535, 0.49048, 0.50676] angvel=[0.00292, 0.02334, 0.01268] linvel=[-0.00173, -0.00276, -0.00066] z=0.1065
[lowlevel-sim][GT] t=27.401 quat=[0.47602, -0.52548, 0.49036, 0.50676] angvel=[-0.00173, -0.04015, -0.02421] linvel=[-0.00129, -0.00776, -0.00064] z=0.1065
[lowlevel-sim][GT] t=27.451 quat=[0.47604, -0.52549, 0.49021, 0.50689] angvel=[0.02892, 0.03888, 0.01905] linvel=[0.0023, -0.00322, -0.00341] z=0.1065
[lowlevel-sim] t=  27.50 mode=cmd        pd=19200 hold=13262 failclosed=40 rtf=0.264 base_z=+0.107 pitch=+1.538 roll=-3.045 |tau|max=  9.03 sat=0/29 knee_L=+0.273 hip_p_L=-0.107 torn=11516 cmd_age=36.5ms auth=49.5s rig_ign=2402 fix_base=0
[lowlevel-sim][GT] t=27.501 quat=[0.47592, -0.52552, 0.49012, 0.50706] angvel=[-0.02495, -0.00711, -0.00106] linvel=[0.00311, -0.00668, 0.00055] z=0.1065
[lowlevel-sim][GT] t=27.551 quat=[0.47601, -0.52547, 0.48994, 0.5072] angvel=[0.04869, -0.0358, -0.00927] linvel=[0.00192, 0.00028, -0.00487] z=0.1066
[lowlevel-sim][GT] t=27.601 quat=[0.4758, -0.52552, 0.49005, 0.50725] angvel=[-0.0004, -0.02832, -0.01015] linvel=[-0.00134, -0.0071, 8e-05] z=0.1066
[lowlevel-sim][GT] t=27.651 quat=[0.47579, -0.52553, 0.48988, 0.50741] angvel=[-0.01498, -0.07945, -0.00905] linvel=[0.00035, -0.00409, 0.00057] z=0.1066
[lowlevel-sim][GT] t=27.701 quat=[0.47562, -0.52578, 0.48982, 0.50736] angvel=[-0.03153, -0.07897, -0.01002] linvel=[-0.00462, -0.00751, 0.00915] z=0.1066
[lowlevel-sim][GT] t=27.751 quat=[0.47614, -0.52583, 0.48942, 0.50722] angvel=[-0.0057, 0.04497, -0.00687] linvel=[-0.00233, -0.00404, 0.00136] z=0.1067
[lowlevel-sim][GT] t=27.801 quat=[0.47625, -0.52602, 0.48935, 0.50698] angvel=[-0.01492, -0.03017, -0.01753] linvel=[0.0109, -0.00193, -0.0024] z=0.1066
[lowlevel-sim][GT] t=27.851 quat=[0.47599, -0.52599, 0.48948, 0.50713] angvel=[0.05428, 0.00636, 0.02808] linvel=[0.00452, -7e-05, -0.00743] z=0.1065
[lowlevel-sim][GT] t=27.901 quat=[0.47557, -0.52607, 0.48953, 0.50738] angvel=[-0.03598, -0.00936, -0.03444] linvel=[-0.00129, -0.00762, 0.00308] z=0.1065
[lowlevel-sim][GT] t=27.951 quat=[0.47553, -0.52602, 0.48947, 0.50754] angvel=[0.06289, -0.00772, -0.01858] linvel=[0.00293, -0.00113, -0.00789] z=0.1065
[lowlevel-sim] t=  28.00 mode=cmd        pd=19450 hold=13262 failclosed=40 rtf=0.265 base_z=+0.107 pitch=+1.538 roll=-3.054 |tau|max=  8.51 sat=0/29 knee_L=+0.273 hip_p_L=-0.107 torn=11535 cmd_age=45.3ms auth=51.1s rig_ign=2402 fix_base=0
[lowlevel-sim][GT] t=28.001 quat=[0.47518, -0.52608, 0.48953, 0.50774] angvel=[-0.04577, 0.00797, 0.01161] linvel=[0.00134, -0.00586, 0.0033] z=0.1065
[lowlevel-sim][GT] t=28.051 quat=[0.47497, -0.52616, 0.4894, 0.50799] angvel=[0.02468, 0.05762, 0.02369] linvel=[0.00872, 0.00226, -0.00273] z=0.1065
[lowlevel-sim][GT] t=28.101 quat=[0.47487, -0.52627, 0.48945, 0.50791] angvel=[-0.01761, -0.02793, -0.0035] linvel=[0.00344, -0.00228, 0.00263] z=0.1064
[lowlevel-sim][GT] t=28.151 quat=[0.47506, -0.52622, 0.48937, 0.50787] angvel=[0.02216, 0.01723, -0.02092] linvel=[0.00724, -0.00021, -0.00306] z=0.1065
[lowlevel-sim][GT] t=28.201 quat=[0.47506, -0.5263, 0.48935, 0.5078] angvel=[0.00294, -0.01752, -0.01141] linvel=[0.00249, -0.0026, 0.00162] z=0.1064
[lowlevel-sim][GT] t=28.251 quat=[0.47503, -0.52628, 0.48924, 0.50796] angvel=[-0.04251, 0.13385, 0.04427] linvel=[0.00359, -0.00315, 0.00229] z=0.1064
[lowlevel-sim][GT] t=28.301 quat=[0.4749, -0.52641, 0.48923, 0.50795] angvel=[-0.00292, -0.02665, 0.01999] linvel=[0.00103, -0.00374, 0.00024] z=0.1064
[lowlevel-sim][GT] t=28.351 quat=[0.47466, -0.52652, 0.48912, 0.50817] angvel=[0.0656, -0.03184, 0.0102] linvel=[-0.00492, 0.00024, -0.00443] z=0.1065
[lowlevel-sim][GT] t=28.401 quat=[0.47449, -0.52668, 0.48906, 0.50822] angvel=[-0.02416, -0.02625, 0.01177] linvel=[0.00278, -0.00296, 0.00281] z=0.1065
[lowlevel-sim][GT] t=28.451 quat=[0.47441, -0.52678, 0.48886, 0.50839] angvel=[-0.00029, 0.0265, 0.00708] linvel=[0.00041, -0.00267, -0.00087] z=0.1065
[lowlevel-sim] t=  28.50 mode=cmd        pd=19700 hold=13262 failclosed=40 rtf=0.265 base_z=+0.106 pitch=+1.537 roll=-3.061 |tau|max=  9.49 sat=0/29 knee_L=+0.273 hip_p_L=-0.108 torn=11546 cmd_age=30.6ms auth=53.0s rig_ign=2402 fix_base=0
[lowlevel-sim][GT] t=28.501 quat=[0.47428, -0.52688, 0.48889, 0.50837] angvel=[0.00344, -0.0229, -0.03964] linvel=[0.00112, -0.00387, -0.00218] z=0.1064
[lowlevel-sim][GT] t=28.551 quat=[0.47436, -0.52694, 0.48873, 0.50839] angvel=[-0.04247, 0.08279, 0.00852] linvel=[-0.00237, -0.00019, 0.00563] z=0.1064
[lowlevel-sim][GT] t=28.601 quat=[0.47417, -0.52707, 0.48874, 0.50842] angvel=[-0.02048, 0.01556, 0.02983] linvel=[0.00396, -0.00681, -0.00042] z=0.1064
[lowlevel-sim][GT] t=28.651 quat=[0.47422, -0.5271, 0.48854, 0.50853] angvel=[-0.01985, 0.06437, 0.01525] linvel=[0.00084, -0.00028, 0.00506] z=0.1064
[lowlevel-sim][GT] t=28.701 quat=[0.47414, -0.52719, 0.4885, 0.50855] angvel=[-0.00606, -0.01333, -0.02961] linvel=[-0.00226, -0.00702, -0.00104] z=0.1064
[lowlevel-sim][GT] t=28.751 quat=[0.47417, -0.52715, 0.48831, 0.50876] angvel=[-0.02304, 0.05551, -0.00058] linvel=[-0.00191, -0.00331, 0.00013] z=0.1064
[lowlevel-sim][GT] t=28.801 quat=[0.47393, -0.5273, 0.48825, 0.50888] angvel=[-0.01152, -0.00233, 0.00045] linvel=[0.00068, -0.00182, 0.00263] z=0.1065
[lowlevel-sim][GT] t=28.851 quat=[0.47387, -0.52734, 0.48815, 0.50899] angvel=[-0.00985, 0.03883, 0.02554] linvel=[0.00136, -0.00346, -0.00053] z=0.1064
[lowlevel-sim][GT] t=28.901 quat=[0.47386, -0.52748, 0.48805, 0.50895] angvel=[-0.01381, -0.03055, -0.02411] linvel=[0.00964, -0.00316, 0.0002] z=0.1064
[lowlevel-sim][GT] t=28.951 quat=[0.47447, -0.52728, 0.48811, 0.50853] angvel=[-0.03679, 0.07735, 0.01653] linvel=[0.00396, -0.0002, 0.00544] z=0.1063
[lowlevel-sim] t=  29.00 mode=cmd        pd=19950 hold=13262 failclosed=40 rtf=0.266 base_z=+0.106 pitch=+1.538 roll=-3.038 |tau|max=  8.93 sat=0/29 knee_L=+0.271 hip_p_L=-0.106 torn=11563 cmd_age=26.6ms auth=54.6s rig_ign=2402 fix_base=0
[lowlevel-sim][GT] t=29.001 quat=[0.47423, -0.52728, 0.48833, 0.50854] angvel=[0.02254, -0.02173, 0.00183] linvel=[0.00563, -0.00219, 0.00039] z=0.1063
[lowlevel-sim][GT] t=29.051 quat=[0.47429, -0.52724, 0.48823, 0.50861] angvel=[0.012, -0.00097, 0.01698] linvel=[0.00291, 0.00063, -0.00273] z=0.1063
[lowlevel-sim][GT] t=29.101 quat=[0.47412, -0.52742, 0.4884, 0.50844] angvel=[-0.0334, -0.00634, 0.00229] linvel=[0.00472, -0.00297, 0.00355] z=0.1062
[lowlevel-sim][GT] t=29.151 quat=[0.47404, -0.52745, 0.48827, 0.50861] angvel=[-0.02168, 0.07078, 0.016] linvel=[0.00041, 0.00049, 0.00389] z=0.1062
[lowlevel-sim][GT] t=29.201 quat=[0.47377, -0.52762, 0.48826, 0.50868] angvel=[-0.0403, -0.01574, -0.00409] linvel=[0.00545, -0.00235, 0.00457] z=0.1062
[lowlevel-sim][GT] t=29.251 quat=[0.47352, -0.52769, 0.48815, 0.50896] angvel=[0.061, -0.02029, 0.0] linvel=[0.00248, -4e-05, -0.00605] z=0.1062
[lowlevel-sim][GT] t=29.301 quat=[0.47338, -0.5277, 0.48799, 0.50922] angvel=[-0.02013, 0.01031, 0.01912] linvel=[0.00247, -0.00665, 0.0028] z=0.1063
[lowlevel-sim][GT] t=29.351 quat=[0.47337, -0.52773, 0.48782, 0.50936] angvel=[-0.03302, 0.14691, 0.04778] linvel=[0.00399, -0.0024, 0.00284] z=0.1063
[lowlevel-sim][GT] t=29.401 quat=[0.47294, -0.52793, 0.48795, 0.50944] angvel=[-0.00066, -0.02804, 0.00092] linvel=[-0.00646, -0.00277, 0.00135] z=0.1063
[lowlevel-sim][GT] t=29.451 quat=[0.47284, -0.52807, 0.4876, 0.50972] angvel=[0.07567, -0.03141, 0.01175] linvel=[-0.00577, 0.00069, -0.00587] z=0.1064
[lowlevel-sim] t=  29.50 mode=cmd        pd=20200 hold=13262 failclosed=40 rtf=0.265 base_z=+0.106 pitch=+1.537 roll=-3.070 |tau|max= 10.06 sat=0/29 knee_L=+0.272 hip_p_L=-0.107 torn=11586 cmd_age=35.0ms auth=56.5s rig_ign=2402 fix_base=0
[lowlevel-sim][GT] t=29.501 quat=[0.47293, -0.52804, 0.48769, 0.50958] angvel=[-0.03932, -0.02217, 0.03746] linvel=[0.00499, -0.00798, 0.00195] z=0.1064
[lowlevel-sim][GT] t=29.551 quat=[0.47314, -0.528, 0.48756, 0.50955] angvel=[0.04514, -0.03741, 7e-05] linvel=[0.00276, -0.00063, -0.00509] z=0.1064
[lowlevel-sim][GT] t=29.601 quat=[0.47323, -0.52797, 0.48758, 0.50948] angvel=[0.02289, -0.02905, -0.04934] linvel=[-0.00139, -0.00793, 0.00257] z=0.1064
[lowlevel-sim][GT] t=29.651 quat=[0.47323, -0.52797, 0.48748, 0.50957] angvel=[0.04233, 0.07262, 0.00322] linvel=[0.00436, 0.0003, -0.0035] z=0.1064
[lowlevel-sim][GT] t=29.701 quat=[0.47322, -0.528, 0.48739, 0.50963] angvel=[-0.0217, -0.00751, 0.01631] linvel=[-0.00076, -0.00429, 0.00115] z=0.1065
[lowlevel-sim][GT] t=29.751 quat=[0.4731, -0.52806, 0.4873, 0.50976] angvel=[-0.02057, 0.07004, 0.02261] linvel=[0.00022, 0.00171, 0.00276] z=0.1064
[lowlevel-sim][GT] t=29.801 quat=[0.47304, -0.52819, 0.48731, 0.50969] angvel=[-0.01305, -0.00971, 0.02241] linvel=[0.00175, -0.00456, 0.00114] z=0.1064
[lowlevel-sim][GT] t=29.851 quat=[0.47298, -0.52813, 0.48722, 0.50989] angvel=[-0.04091, 0.07423, 0.02433] linvel=[-0.00208, -0.00305, 0.00316] z=0.1064
[lowlevel-sim][GT] t=29.901 quat=[0.47276, -0.52823, 0.48722, 0.50999] angvel=[-0.01698, 0.008, 0.03134] linvel=[0.00731, -0.00378, -0.00094] z=0.1064
[lowlevel-sim][GT] t=29.951 quat=[0.47272, -0.5283, 0.48716, 0.51001] angvel=[-0.00626, 0.03778, 0.00686] linvel=[-6e-05, -0.00323, 0.00177] z=0.1064
[lowlevel-sim] t=  30.00 mode=cmd        pd=20450 hold=13262 failclosed=40 rtf=0.266 base_z=+0.106 pitch=+1.538 roll=-3.064 |tau|max=  9.44 sat=0/29 knee_L=+0.272 hip_p_L=-0.107 torn=11596 cmd_age=58.9ms auth=58.3s rig_ign=2402 fix_base=0
[lowlevel-sim][GT] t=30.001 quat=[0.47278, -0.52827, 0.48726, 0.50989] angvel=[0.0019, -0.03784, -0.06312] linvel=[-0.0016, -0.00524, 0.00114] z=0.1064
[lowlevel-sim][GT] t=30.051 quat=[0.47287, -0.52818, 0.48719, 0.50997] angvel=[0.01426, -0.07532, 0.00168] linvel=[-0.0006, 0.0007, -0.00064] z=0.1064
[lowlevel-sim][GT] t=30.101 quat=[0.47286, -0.52824, 0.48724, 0.50986] angvel=[-0.00289, -0.01107, 0.01145] linvel=[0.00148, -0.00225, 0.00295] z=0.1064
[lowlevel-sim][GT] t=30.151 quat=[0.47297, -0.52827, 0.48716, 0.50981] angvel=[-0.02711, 0.03332, 0.01706] linvel=[0.00221, -0.00225, 0.00293] z=0.1063
[lowlevel-sim][GT] t=30.201 quat=[0.47288, -0.52825, 0.4873, 0.50978] angvel=[0.0146, -0.00359, 0.00862] linvel=[0.0037, -0.00121, 0.00124] z=0.1063
[lowlevel-sim][GT] t=30.251 quat=[0.47306, -0.52813, 0.48707, 0.50995] angvel=[-0.01546, 0.06832, 0.01774] linvel=[-0.00202, -0.0025, 0.0031] z=0.1064
[lowlevel-sim][GT] t=30.301 quat=[0.47289, -0.52832, 0.48704, 0.50995] angvel=[-0.02087, -0.00312, -0.00638] linvel=[0.00149, -0.00416, 0.00039] z=0.1064
[lowlevel-sim][GT] t=30.351 quat=[0.47274, -0.52835, 0.48702, 0.51008] angvel=[0.07051, -0.00219, 0.01444] linvel=[0.00131, -0.00071, -0.00711] z=0.1064
[lowlevel-sim][GT] t=30.401 quat=[0.47258, -0.52845, 0.48696, 0.51017] angvel=[-0.00989, 0.02806, 0.04544] linvel=[0.00851, -0.00604, 0.00049] z=0.1064
[lowlevel-sim][GT] t=30.451 quat=[0.47251, -0.52842, 0.48687, 0.51037] angvel=[0.05566, -0.00024, 0.00487] linvel=[-0.00043, 0.00079, -0.00486] z=0.1064
[lowlevel-sim] t=  30.50 mode=cmd        pd=20700 hold=13262 failclosed=40 rtf=0.266 base_z=+0.106 pitch=+1.538 roll=-3.069 |tau|max=  9.73 sat=0/29 knee_L=+0.272 hip_p_L=-0.107 torn=11613 cmd_age=28.4ms auth=60.0s rig_ign=2402 fix_base=0
[lowlevel-sim][GT] t=30.501 quat=[0.47243, -0.52848, 0.48693, 0.51031] angvel=[-0.09044, -0.01013, 0.01764] linvel=[0.00348, -0.00656, 0.00788] z=0.1064
[lowlevel-sim][GT] t=30.551 quat=[0.47246, -0.52847, 0.48681, 0.51042] angvel=[-0.01704, 0.11254, 0.03528] linvel=[0.00509, -2e-05, 0.00377] z=0.1064
[lowlevel-sim][GT] t=30.601 quat=[0.47252, -0.52841, 0.48684, 0.51039] angvel=[-0.03619, -0.00226, -0.00214] linvel=[0.00282, -0.00622, -7e-05] z=0.1064
[lowlevel-sim][GT] t=30.651 quat=[0.47263, -0.52837, 0.48676, 0.5104] angvel=[-0.02233, 0.09344, -0.00681] linvel=[0.00396, -0.00308, 0.0002] z=0.1064
[lowlevel-sim][GT] t=30.701 quat=[0.47266, -0.52836, 0.48681, 0.51034] angvel=[0.00558, -0.03058, -0.02135] linvel=[0.00194, -0.00761, -0.00175] z=0.1065
[lowlevel-sim][GT] t=30.751 quat=[0.47281, -0.52827, 0.48679, 0.51031] angvel=[-0.01413, 0.06604, 0.01008] linvel=[8e-05, 0.00038, 0.00236] z=0.1065
[lowlevel-sim][GT] t=30.801 quat=[0.47268, -0.52835, 0.48681, 0.51032] angvel=[-0.02704, -0.00649, -0.01198] linvel=[0.00036, -0.00626, 0.00202] z=0.1065
[lowlevel-sim][GT] t=30.851 quat=[0.47292, -0.52828, 0.48681, 0.51017] angvel=[-0.03717, 0.0755, 0.00482] linvel=[0.00034, -0.0001, 0.00501] z=0.1065
[lowlevel-sim][GT] t=30.901 quat=[0.47267, -0.52835, 0.48697, 0.51018] angvel=[-0.00906, -0.03443, -0.02304] linvel=[-0.00604, -0.00767, 0.00068] z=0.1064
[lowlevel-sim][GT] t=30.951 quat=[0.47274, -0.52833, 0.48683, 0.51028] angvel=[0.01623, 0.04963, 0.00386] linvel=[0.00254, 0.0028, -0.00048] z=0.1064
[lowlevel-sim] t=  31.00 mode=cmd        pd=20950 hold=13262 failclosed=40 rtf=0.267 base_z=+0.106 pitch=+1.538 roll=-3.058 |tau|max= 10.21 sat=0/29 knee_L=+0.271 hip_p_L=-0.106 torn=11632 cmd_age=33.3ms auth=61.5s rig_ign=2402 fix_base=0
[lowlevel-sim][GT] t=31.001 quat=[0.47265, -0.52843, 0.48682, 0.51026] angvel=[-0.03121, 0.00387, 0.03719] linvel=[0.00811, -0.00448, -0.00059] z=0.1064
[lowlevel-sim][GT] t=31.051 quat=[0.47263, -0.52849, 0.48668, 0.51035] angvel=[-0.00421, 0.10243, 0.01903] linvel=[0.00713, -0.00104, -0.00112] z=0.1064
[lowlevel-sim][GT] t=31.101 quat=[0.47241, -0.52867, 0.48658, 0.51046] angvel=[-0.04593, 0.02077, 0.01373] linvel=[7e-05, -0.00382, 0.00248] z=0.1064
[lowlevel-sim][GT] t=31.151 quat=[0.47267, -0.52881, 0.48627, 0.51038] angvel=[0.04609, -0.0043, -0.0001] linvel=[-0.00485, -0.00282, 0.00328] z=0.1064
[lowlevel-sim][GT] t=31.201 quat=[0.47282, -0.52896, 0.48601, 0.51033] angvel=[-0.02343, -0.01382, 0.01185] linvel=[0.00433, -0.00179, 0.00457] z=0.1065
[lowlevel-sim][GT] t=31.251 quat=[0.4725, -0.52894, 0.48592, 0.51074] angvel=[-0.034, 0.15578, 0.04977] linvel=[0.00812, -0.00011, 0.00604] z=0.1066
[lowlevel-sim][GT] t=31.301 quat=[0.47207, -0.52908, 0.48598, 0.51093] angvel=[-0.02367, -0.00152, 0.03506] linvel=[0.01046, -0.00394, 0.00182] z=0.1066
[lowlevel-sim][GT] t=31.351 quat=[0.4722, -0.52902, 0.48592, 0.51093] angvel=[0.0707, -0.02558, 0.01819] linvel=[0.00262, 0.00038, -0.00699] z=0.1066
[lowlevel-sim][GT] t=31.401 quat=[0.47202, -0.52907, 0.48591, 0.51105] angvel=[-0.02672, 0.01005, 0.04282] linvel=[0.01029, -0.00373, 0.00069] z=0.1066
[lowlevel-sim][GT] t=31.451 quat=[0.47195, -0.52893, 0.48592, 0.51125] angvel=[0.05153, -0.02657, 0.00319] linvel=[0.00407, -0.00236, -0.00624] z=0.1066
[lowlevel-sim] t=  31.50 mode=cmd        pd=21200 hold=13262 failclosed=40 rtf=0.267 base_z=+0.107 pitch=+1.539 roll=-3.066 |tau|max=  9.83 sat=0/29 knee_L=+0.273 hip_p_L=-0.107 torn=11652 cmd_age=29.8ms auth=63.4s rig_ign=2402 fix_base=0
[lowlevel-sim][GT] t=31.501 quat=[0.47197, -0.52892, 0.48604, 0.51112] angvel=[-0.00473, 0.00993, 0.02286] linvel=[0.00943, -0.00469, -0.00165] z=0.1066
[lowlevel-sim][GT] t=31.551 quat=[0.47196, -0.52887, 0.48603, 0.5112] angvel=[-0.05669, 0.03787, -0.0181] linvel=[-0.00354, -0.00464, 0.00633] z=0.1066
[lowlevel-sim][GT] t=31.601 quat=[0.47194, -0.52894, 0.48601, 0.51118] angvel=[-0.00197, -0.00173, 0.03407] linvel=[0.00813, -0.0033, -0.00015] z=0.1066
[lowlevel-sim][GT] t=31.651 quat=[0.47196, -0.52891, 0.48584, 0.51133] angvel=[0.07795, -0.01057, 0.00394] linvel=[3e-05, 0.0027, -0.00803] z=0.1066
[lowlevel-sim][GT] t=31.701 quat=[0.47172, -0.52913, 0.48586, 0.51132] angvel=[-0.01682, 0.01326, 0.04845] linvel=[0.00791, -0.00507, -0.00111] z=0.1065
[lowlevel-sim][GT] t=31.751 quat=[0.47175, -0.52913, 0.48578, 0.51136] angvel=[-0.03763, 0.07478, 0.01939] linvel=[0.00186, -0.0023, 0.00339] z=0.1065
[lowlevel-sim][GT] t=31.801 quat=[0.47173, -0.52916, 0.48584, 0.51129] angvel=[-0.03592, -0.02898, -0.04336] linvel=[0.00086, -0.00695, -0.00011] z=0.1065
[lowlevel-sim][GT] t=31.851 quat=[0.47169, -0.52908, 0.48577, 0.51148] angvel=[0.00566, 0.06343, -0.00962] linvel=[-0.00292, -0.00216, 0.00152] z=0.1065
[lowlevel-sim][GT] t=31.901 quat=[0.47165, -0.52914, 0.4857, 0.51152] angvel=[-0.03006, 0.0071, 0.03969] linvel=[0.00262, -0.00302, 0.00257] z=0.1065
[lowlevel-sim][GT] t=31.951 quat=[0.47168, -0.52905, 0.48569, 0.5116] angvel=[-0.07137, 0.07356, -0.02227] linvel=[-0.00325, -0.00475, 0.00444] z=0.1065
[lowlevel-sim] t=  32.00 mode=cmd        pd=21450 hold=13262 failclosed=40 rtf=0.267 base_z=+0.106 pitch=+1.539 roll=-3.074 |tau|max=  9.71 sat=0/29 knee_L=+0.273 hip_p_L=-0.106 torn=11671 cmd_age=49.2ms auth=65.1s rig_ign=2402 fix_base=0
[lowlevel-sim][GT] t=32.001 quat=[0.47161, -0.52915, 0.48575, 0.5115] angvel=[-0.02419, -0.02003, -0.04421] linvel=[-0.00356, -0.005, 0.00127] z=0.1065
[lowlevel-sim][GT] t=32.051 quat=[0.4716, -0.52907, 0.48567, 0.51167] angvel=[-0.03967, 0.12122, 0.04285] linvel=[0.00504, -0.00041, 0.00439] z=0.1065
[lowlevel-sim][GT] t=32.101 quat=[0.47158, -0.5291, 0.48579, 0.51154] angvel=[-0.00635, -0.00785, -0.00357] linvel=[0.00201, -0.00341, 0.00171] z=0.1065
[lowlevel-sim][GT] t=32.151 quat=[0.47166, -0.52908, 0.48577, 0.51151] angvel=[-0.09147, 0.0251, 0.01318] linvel=[0.00014, -0.00179, 0.00556] z=0.1065
[lowlevel-sim][GT] t=32.201 quat=[0.47173, -0.52918, 0.48582, 0.51128] angvel=[0.01982, -0.04918, -0.01291] linvel=[0.00326, -0.00681, -0.0007] z=0.1064
[lowlevel-sim][GT] t=32.251 quat=[0.47187, -0.52917, 0.48574, 0.51125] angvel=[-0.0392, 0.06834, 0.01985] linvel=[-0.00044, 4e-05, 0.00357] z=0.1064
[lowlevel-sim][GT] t=32.301 quat=[0.4717, -0.52929, 0.48584, 0.51118] angvel=[-0.02691, 0.01188, 0.03742] linvel=[0.00887, -0.00511, -3e-05] z=0.1064
[lowlevel-sim][GT] t=32.351 quat=[0.4717, -0.52926, 0.48575, 0.51131] angvel=[-0.00566, 0.06214, -0.0004] linvel=[-0.00113, -0.00142, 0.0011] z=0.1063
[lowlevel-sim][GT] t=32.401 quat=[0.47151, -0.52932, 0.48575, 0.51142] angvel=[0.01362, -0.02483, -0.00548] linvel=[-0.00219, -0.00472, -0.00125] z=0.1064
[lowlevel-sim][GT] t=32.451 quat=[0.47156, -0.52929, 0.48557, 0.51157] angvel=[0.04877, 0.01782, 0.02247] linvel=[-0.00019, 0.00191, -0.00344] z=0.1064
[lowlevel-sim] t=  32.50 mode=cmd        pd=21700 hold=13262 failclosed=40 rtf=0.267 base_z=+0.106 pitch=+1.539 roll=-3.065 |tau|max=  9.47 sat=0/29 knee_L=+0.272 hip_p_L=-0.106 torn=11700 cmd_age=36.0ms auth=66.9s rig_ign=2402 fix_base=0
[lowlevel-sim][GT] t=32.501 quat=[0.47147, -0.52946, 0.48551, 0.51154] angvel=[-0.0063, -0.08162, 0.01348] linvel=[0.00412, -0.00193, 0.00298] z=0.1064
[lowlevel-sim][GT] t=32.551 quat=[0.47145, -0.52946, 0.48536, 0.5117] angvel=[-0.03169, 0.05387, 0.00093] linvel=[0.00238, -0.00088, 0.00214] z=0.1064
[lowlevel-sim][GT] t=32.601 quat=[0.47136, -0.52947, 0.48543, 0.51171] angvel=[0.01686, -0.02986, -0.00727] linvel=[0.00475, -0.0032, -0.00155] z=0.1064
[lowlevel-sim][GT] t=32.651 quat=[0.47135, -0.52943, 0.4854, 0.51179] angvel=[-0.05464, 0.09133, 0.00307] linvel=[0.00074, -0.00283, 0.00501] z=0.1064
[lowlevel-sim][GT] t=32.701 quat=[0.47119, -0.52957, 0.48559, 0.51161] angvel=[-0.03713, -0.0157, 0.00319] linvel=[0.00307, -0.00536, 0.00313] z=0.1063
[lowlevel-sim][GT] t=32.751 quat=[0.47146, -0.52939, 0.48545, 0.51168] angvel=[0.04797, 0.0249, 0.01063] linvel=[0.00321, 0.00034, -0.00286] z=0.1064
[lowlevel-sim][GT] t=32.801 quat=[0.47128, -0.52947, 0.48546, 0.51174] angvel=[-0.0416, 0.00122, 0.00749] linvel=[-0.00055, -0.0034, 0.00534] z=0.1064
[lowlevel-sim][GT] t=32.851 quat=[0.47133, -0.52942, 0.48533, 0.51187] angvel=[0.07716, -0.01049, 0.00743] linvel=[-0.0003, 0.00218, -0.00733] z=0.1064
[lowlevel-sim][GT] t=32.901 quat=[0.47124, -0.52954, 0.48539, 0.51178] angvel=[-0.04455, 0.03596, 0.04311] linvel=[0.0063, -0.0077, 0.0014] z=0.1064
[lowlevel-sim][GT] t=32.951 quat=[0.4712, -0.52956, 0.48534, 0.51184] angvel=[0.04604, 0.02993, 0.01249] linvel=[0.00013, 0.00038, -0.00459] z=0.1064
[lowlevel-sim] t=  33.00 mode=cmd        pd=21950 hold=13262 failclosed=40 rtf=0.268 base_z=+0.106 pitch=+1.538 roll=-3.073 |tau|max=  9.56 sat=0/29 knee_L=+0.271 hip_p_L=-0.106 torn=11727 cmd_age=37.9ms auth=68.6s rig_ign=2402 fix_base=0
[lowlevel-sim][GT] t=33.001 quat=[0.47108, -0.52971, 0.48542, 0.51172] angvel=[-0.04217, -0.04576, -0.01924] linvel=[0.00418, -0.00331, 0.00309] z=0.1063
[lowlevel-sim][GT] t=33.051 quat=[0.47105, -0.52973, 0.48535, 0.5118] angvel=[0.071, -0.0036, 0.01415] linvel=[1e-05, -0.00013, -0.00666] z=0.1063
[lowlevel-sim][GT] t=33.101 quat=[0.47107, -0.52974, 0.48539, 0.51173] angvel=[-0.01511, 0.00529, 0.04102] linvel=[0.006, -0.00318, 0.00083] z=0.1063
[lowlevel-sim][GT] t=33.151 quat=[0.47098, -0.5297, 0.48533, 0.51191] angvel=[-0.06045, 0.076, 0.01774] linvel=[0.00328, -0.00226, 0.00515] z=0.1063
[lowlevel-sim][GT] t=33.201 quat=[0.47086, -0.52979, 0.48551, 0.51176] angvel=[-0.03571, -0.00837, 0.01032] linvel=[-0.0001, -0.00691, 0.00192] z=0.1062
[lowlevel-sim][GT] t=33.251 quat=[0.47101, -0.52976, 0.48537, 0.51178] angvel=[0.05914, -0.0047, -0.01582] linvel=[-0.00028, 0.00119, -0.00487] z=0.1062
[lowlevel-sim][GT] t=33.301 quat=[0.47118, -0.52966, 0.48556, 0.51155] angvel=[-0.03848, 0.02671, 0.02152] linvel=[-0.00192, -0.00738, 0.00399] z=0.1062
[lowlevel-sim][GT] t=33.351 quat=[0.47129, -0.52963, 0.48548, 0.51155] angvel=[-0.01322, 0.07037, 0.01667] linvel=[0.00301, 0.00233, 0.00564] z=0.1062
[lowlevel-sim][GT] t=33.401 quat=[0.47125, -0.52965, 0.48559, 0.51148] angvel=[-0.03973, -0.00864, -0.00148] linvel=[0.00167, -0.00281, 0.00011] z=0.1062
[lowlevel-sim][GT] t=33.451 quat=[0.47127, -0.5296, 0.48551, 0.51158] angvel=[-0.01513, 0.04928, 0.02877] linvel=[0.00117, -2e-05, 0.00367] z=0.1062
[lowlevel-sim] t=  33.50 mode=cmd        pd=22200 hold=13262 failclosed=40 rtf=0.268 base_z=+0.106 pitch=+1.538 roll=-3.062 |tau|max=  9.05 sat=0/29 knee_L=+0.270 hip_p_L=-0.105 torn=11753 cmd_age=42.7ms auth=70.3s rig_ign=2402 fix_base=0
[lowlevel-sim][GT] t=33.501 quat=[0.47129, -0.52967, 0.48551, 0.51148] angvel=[-0.01874, 0.00404, -0.00114] linvel=[0.00016, -0.00291, 0.0027] z=0.1062
[lowlevel-sim][GT] t=33.551 quat=[0.47129, -0.52953, 0.48548, 0.51166] angvel=[-0.02866, 0.07392, 0.00878] linvel=[0.00206, -0.00291, 0.00162] z=0.1062
[lowlevel-sim][GT] t=33.601 quat=[0.47113, -0.52976, 0.48547, 0.51157] angvel=[-0.02593, 0.01339, 0.00624] linvel=[0.00234, -0.00511, 0.00245] z=0.1061
[lowlevel-sim][GT] t=33.651 quat=[0.47115, -0.52961, 0.48538, 0.5118] angvel=[0.04368, 0.00556, -0.0004] linvel=[0.00186, 0.00082, -0.00524] z=0.1062
[lowlevel-sim][GT] t=33.701 quat=[0.47104, -0.5297, 0.48552, 0.51167] angvel=[-0.04872, 0.0026, 0.00453] linvel=[0.00049, -0.00383, 0.0023] z=0.1061
[lowlevel-sim][GT] t=33.751 quat=[0.47103, -0.52974, 0.48538, 0.51178] angvel=[0.03717, 0.01669, 0.00535] linvel=[0.0041, 0.00205, -0.00122] z=0.1061
[lowlevel-sim][GT] t=33.801 quat=[0.4708, -0.52987, 0.48545, 0.51178] angvel=[-0.00051, -0.01862, 0.00143] linvel=[0.00344, -0.00298, -0.00017] z=0.1061
[lowlevel-sim][GT] t=33.851 quat=[0.47063, -0.52994, 0.48531, 0.512] angvel=[0.05091, -0.01845, 0.0175] linvel=[0.00396, -0.00105, -0.00254] z=0.1061
[lowlevel-sim][GT] t=33.901 quat=[0.47042, -0.53006, 0.48526, 0.51211] angvel=[-0.0166, 0.01144, 0.03156] linvel=[0.00837, -0.00204, 0.00148] z=0.1061
[lowlevel-sim][GT] t=33.951 quat=[0.47033, -0.53012, 0.48509, 0.5123] angvel=[-0.01732, 0.08839, 0.02863] linvel=[0.0068, -0.00102, 0.00069] z=0.1061
[lowlevel-sim] t=  34.00 mode=cmd        pd=22450 hold=13262 failclosed=40 rtf=0.268 base_z=+0.106 pitch=+1.538 roll=-3.087 |tau|max=  8.11 sat=0/29 knee_L=+0.271 hip_p_L=-0.105 torn=11766 cmd_age=33.6ms auth=72.0s rig_ign=2402 fix_base=0
[lowlevel-sim][GT] t=34.001 quat=[0.47031, -0.53021, 0.48497, 0.51233] angvel=[-0.01236, -0.01299, 0.00269] linvel=[0.00412, -0.00221, 0.00038] z=0.1061
[lowlevel-sim][GT] t=34.051 quat=[0.47024, -0.53023, 0.48489, 0.51246] angvel=[-0.01302, 0.04001, 0.01529] linvel=[0.00324, 0.00072, 0.00288] z=0.1061
[lowlevel-sim][GT] t=34.101 quat=[0.47, -0.5304, 0.48488, 0.5125] angvel=[-0.04702, -0.01227, 0.01017] linvel=[0.00196, -0.00347, 0.00241] z=0.1061
[lowlevel-sim][GT] t=34.151 quat=[0.47009, -0.53039, 0.48477, 0.51253] angvel=[-0.02373, 0.05839, 0.00326] linvel=[0.00369, -0.00069, 0.00391] z=0.1061
[lowlevel-sim][GT] t=34.201 quat=[0.47024, -0.53059, 0.4846, 0.51235] angvel=[-0.03159, -0.0208, -0.00527] linvel=[-0.0003, -0.0052, 0.00469] z=0.1062
[lowlevel-sim][GT] t=34.251 quat=[0.4704, -0.53059, 0.48436, 0.51243] angvel=[0.01042, 0.06278, 0.01878] linvel=[0.0065, 0.00269, 0.0017] z=0.1062
[lowlevel-sim][GT] t=34.301 quat=[0.46997, -0.53069, 0.48452, 0.51258] angvel=[-0.0514, -0.00245, 0.0074] linvel=[0.00568, -0.00538, 0.003] z=0.1062
[lowlevel-sim][GT] t=34.351 quat=[0.47027, -0.53054, 0.48454, 0.51243] angvel=[-0.00872, 0.0184, -0.00542] linvel=[0.00505, -0.00369, 0.00139] z=0.1063
[lowlevel-sim][GT] t=34.401 quat=[0.47053, -0.53051, 0.48475, 0.51203] angvel=[-0.05145, 0.01619, 0.00799] linvel=[0.00299, -0.00459, 0.00534] z=0.1063
[lowlevel-sim][GT] t=34.451 quat=[0.47091, -0.53035, 0.48474, 0.51187] angvel=[0.08414, -0.02728, -0.00164] linvel=[0.00605, -0.00101, -0.00653] z=0.1063
[lowlevel-sim] t=  34.50 mode=cmd        pd=22700 hold=13262 failclosed=40 rtf=0.269 base_z=+0.106 pitch=+1.538 roll=-3.055 |tau|max=  9.91 sat=0/29 knee_L=+0.271 hip_p_L=-0.106 torn=11781 cmd_age=40.6ms auth=73.8s rig_ign=2402 fix_base=0
[lowlevel-sim][GT] t=34.501 quat=[0.47073, -0.53031, 0.48494, 0.51187] angvel=[-0.06623, 0.03431, 0.02854] linvel=[0.00306, -0.00551, 0.00676] z=0.1063
[lowlevel-sim][GT] t=34.551 quat=[0.47089, -0.53012, 0.48489, 0.51198] angvel=[0.06759, -0.01535, 0.00065] linvel=[0.00312, 0.00217, -0.00366] z=0.1063
[lowlevel-sim][GT] t=34.601 quat=[0.47091, -0.53009, 0.485, 0.51188] angvel=[-0.02449, -0.02502, -0.04168] linvel=[0.00222, -0.00693, -0.00051] z=0.1063
[lowlevel-sim][GT] t=34.651 quat=[0.47094, -0.52999, 0.48501, 0.51195] angvel=[-0.02383, 0.07376, 0.01289] linvel=[0.00366, -1e-05, 0.00533] z=0.1063
[lowlevel-sim][GT] t=34.701 quat=[0.47084, -0.53003, 0.4851, 0.51192] angvel=[-0.05721, 0.00274, 0.01532] linvel=[-2e-05, -0.00774, 0.00412] z=0.1063
[lowlevel-sim][GT] t=34.751 quat=[0.47087, -0.52991, 0.48502, 0.51209] angvel=[-0.0491, 0.00748, 0.00028] linvel=[-0.00597, -0.00443, 0.00912] z=0.1064
[lowlevel-sim][GT] t=34.801 quat=[0.47065, -0.52996, 0.48497, 0.51227] angvel=[-0.0148, -0.00161, 0.00628] linvel=[0.00279, -0.00786, -0.00047] z=0.1064
[lowlevel-sim][GT] t=34.851 quat=[0.47053, -0.52999, 0.48492, 0.51242] angvel=[-0.00854, 0.04034, 0.01433] linvel=[0.00425, -0.00125, 0.00245] z=0.1064
[lowlevel-sim][GT] t=34.901 quat=[0.47042, -0.53008, 0.48483, 0.5125] angvel=[0.00358, -0.00963, -0.00696] linvel=[-0.00504, -0.00133, -0.0004] z=0.1064
[lowlevel-sim][GT] t=34.951 quat=[0.47045, -0.53009, 0.48469, 0.5126] angvel=[0.0949, -0.02013, 0.00297] linvel=[-0.00945, -0.00245, -0.00934] z=0.1064
[lowlevel-sim] t=  35.00 mode=cmd        pd=22950 hold=13262 failclosed=40 rtf=0.269 base_z=+0.106 pitch=+1.539 roll=-3.081 |tau|max= 10.11 sat=0/29 knee_L=+0.271 hip_p_L=-0.106 torn=11795 cmd_age=33.0ms auth=75.6s rig_ign=2402 fix_base=0
[lowlevel-sim][GT] t=35.001 quat=[0.4704, -0.53015, 0.48462, 0.51265] angvel=[-0.00826, 0.01921, 0.0452] linvel=[0.00337, -0.00213, 0.0022] z=0.1064
[lowlevel-sim][GT] t=35.051 quat=[0.47065, -0.53014, 0.48454, 0.51251] angvel=[0.08836, -0.01986, -0.04307] linvel=[-0.00365, -0.00068, -0.00839] z=0.1064
[lowlevel-sim][GT] t=35.101 quat=[0.47068, -0.53021, 0.48463, 0.51233] angvel=[-0.00514, -0.04325, -0.04349] linvel=[-0.00223, -0.00613, 0.00149] z=0.1064
[lowlevel-sim][GT] t=35.151 quat=[0.47085, -0.53008, 0.4846, 0.51232] angvel=[-0.03117, 0.06208, 0.00454] linvel=[0.00853, -0.00347, 0.00462] z=0.1064
[lowlevel-sim][GT] t=35.201 quat=[0.47064, -0.53021, 0.48471, 0.51228] angvel=[-0.05818, 0.01552, 0.00612] linvel=[0.00493, -0.00477, 0.00264] z=0.1064
[lowlevel-sim][GT] t=35.251 quat=[0.47072, -0.53013, 0.48459, 0.51241] angvel=[-0.0376, 0.08539, -0.00043] linvel=[-7e-05, -0.00491, 0.00253] z=0.1064
[lowlevel-sim][GT] t=35.301 quat=[0.47057, -0.5302, 0.48459, 0.51247] angvel=[-0.05337, 0.0005, 0.00958] linvel=[0.00628, -0.00689, 0.00495] z=0.1065
[lowlevel-sim][GT] t=35.351 quat=[0.4704, -0.5302, 0.4845, 0.5127] angvel=[-0.07082, 0.0383, -0.00045] linvel=[-0.00396, -0.0046, 0.00431] z=0.1065
[lowlevel-sim][GT] t=35.401 quat=[0.47015, -0.53033, 0.48449, 0.51281] angvel=[-0.05862, 0.01716, 0.01738] linvel=[-0.00113, -0.00603, 0.00426] z=0.1065
[lowlevel-sim][GT] t=35.451 quat=[0.47028, -0.53032, 0.48439, 0.5128] angvel=[-0.03908, 0.1022, 0.00928] linvel=[-0.00209, -0.00436, 0.00305] z=0.1065
[lowlevel-sim] t=  35.50 mode=cmd        pd=23200 hold=13262 failclosed=40 rtf=0.269 base_z=+0.106 pitch=+1.539 roll=-3.086 |tau|max=  9.33 sat=0/29 knee_L=+0.273 hip_p_L=-0.106 torn=11814 cmd_age=33.5ms auth=77.3s rig_ign=2402 fix_base=0
[lowlevel-sim][GT] t=35.501 quat=[0.47014, -0.53035, 0.48448, 0.51281] angvel=[-0.02763, -0.0216, -0.00018] linvel=[0.00144, -0.00264, 0.00251] z=0.1065
[lowlevel-sim][GT] t=35.551 quat=[0.47047, -0.53025, 0.48436, 0.51272] angvel=[0.09132, -0.00335, 0.00105] linvel=[0.00538, 0.00287, -0.00681] z=0.1065
[lowlevel-sim][GT] t=35.601 quat=[0.47064, -0.53021, 0.48436, 0.51262] angvel=[-0.01875, 0.01759, 0.03744] linvel=[0.00648, -0.00741, -0.00062] z=0.1065
[lowlevel-sim][GT] t=35.651 quat=[0.4708, -0.53008, 0.48433, 0.51262] angvel=[0.0778, -0.01847, -0.00094] linvel=[0.00588, 0.00313, -0.00688] z=0.1065
[lowlevel-sim][GT] t=35.701 quat=[0.4707, -0.53006, 0.48463, 0.51246] angvel=[-0.04302, -0.03451, -0.03643] linvel=[0.00212, -0.00872, 0.00218] z=0.1065
[lowlevel-sim][GT] t=35.751 quat=[0.47065, -0.53002, 0.48462, 0.51255] angvel=[-0.04148, 0.04557, 0.00742] linvel=[0.00443, 3e-05, 0.00568] z=0.1064
[lowlevel-sim][GT] t=35.801 quat=[0.4705, -0.53014, 0.48479, 0.51241] angvel=[-0.0574, 0.03084, 0.03737] linvel=[-0.00121, -0.00764, 0.00327] z=0.1064
[lowlevel-sim][GT] t=35.851 quat=[0.47041, -0.5301, 0.4847, 0.51261] angvel=[0.06161, 0.00309, -0.0152] linvel=[-0.00117, -3e-05, -0.00559] z=0.1064
[lowlevel-sim][GT] t=35.901 quat=[0.47037, -0.53015, 0.48467, 0.51263] angvel=[-0.02503, 0.0179, 0.0598] linvel=[0.00864, -0.00495, 0.00159] z=0.1064
[lowlevel-sim][GT] t=35.951 quat=[0.47053, -0.53004, 0.48458, 0.51268] angvel=[-0.02607, 0.06673, -0.0005] linvel=[-8e-05, -0.00139, 0.00439] z=0.1064
[lowlevel-sim] t=  36.00 mode=cmd        pd=23450 hold=13262 failclosed=40 rtf=0.270 base_z=+0.106 pitch=+1.539 roll=-3.081 |tau|max=  9.61 sat=0/29 knee_L=+0.272 hip_p_L=-0.105 torn=11836 cmd_age=25.7ms auth=78.9s rig_ign=2402 fix_base=0
[lowlevel-sim][GT] t=36.001 quat=[0.4705, -0.53007, 0.48452, 0.51274] angvel=[-0.02941, -0.02217, 0.00137] linvel=[0.00538, -0.00583, -0.00025] z=0.1065
[lowlevel-sim][GT] t=36.051 quat=[0.47046, -0.53011, 0.48453, 0.51272] angvel=[0.06787, 0.02336, 0.03197] linvel=[0.00069, -0.00137, -0.00732] z=0.1064
[lowlevel-sim][GT] t=36.101 quat=[0.47032, -0.53018, 0.48463, 0.51268] angvel=[-0.05888, -0.00859, -0.00141] linvel=[0.01002, -0.0075, 0.00525] z=0.1064
[lowlevel-sim][GT] t=36.151 quat=[0.47025, -0.53012, 0.48456, 0.51287] angvel=[-0.06137, 0.06808, 0.03454] linvel=[0.00647, -0.00318, 0.00607] z=0.1064
[lowlevel-sim][GT] t=36.201 quat=[0.47017, -0.53017, 0.48471, 0.51275] angvel=[-0.01784, 0.01818, 0.03858] linvel=[0.00187, -0.00456, 0.00116] z=0.1064
[lowlevel-sim][GT] t=36.251 quat=[0.47014, -0.53019, 0.48456, 0.5129] angvel=[-0.03023, 0.05579, 0.00539] linvel=[0.00016, -0.00196, 0.00366] z=0.1064
[lowlevel-sim][GT] t=36.301 quat=[0.47002, -0.53027, 0.48465, 0.51284] angvel=[-0.0283, 0.00194, 0.02083] linvel=[-0.00363, -0.00621, 0.00375] z=0.1063
[lowlevel-sim][GT] t=36.351 quat=[0.47019, -0.53015, 0.48445, 0.513] angvel=[0.0838, -0.00206, 0.01918] linvel=[-0.00776, 0.00099, -0.00621] z=0.1064
[lowlevel-sim][GT] t=36.401 quat=[0.47008, -0.53027, 0.4844, 0.51302] angvel=[-0.01322, -0.01556, 0.02021] linvel=[0.00107, -0.00364, 0.00201] z=0.1064
[lowlevel-sim][GT] t=36.451 quat=[0.47008, -0.53031, 0.4843, 0.51309] angvel=[0.03001, 0.08134, 0.01792] linvel=[8e-05, 0.00104, -0.00401] z=0.1064
[lowlevel-sim] t=  36.50 mode=cmd        pd=23700 hold=13262 failclosed=40 rtf=0.270 base_z=+0.106 pitch=+1.539 roll=-3.075 |tau|max= 10.22 sat=0/29 knee_L=+0.271 hip_p_L=-0.105 torn=11855 cmd_age=24.4ms auth=80.5s rig_ign=2402 fix_base=0
[lowlevel-sim][GT] t=36.501 quat=[0.47021, -0.53047, 0.48429, 0.5128] angvel=[-0.00778, -0.04904, -0.04997] linvel=[-0.00087, -0.00425, 0.0025] z=0.1063
[lowlevel-sim][GT] t=36.551 quat=[0.47035, -0.53048, 0.48417, 0.51278] angvel=[-0.02482, -0.0075, -0.00432] linvel=[0.00475, -0.0002, 0.00303] z=0.1063
[lowlevel-sim][GT] t=36.601 quat=[0.47028, -0.53055, 0.48424, 0.51269] angvel=[-0.02386, -0.02885, -0.01584] linvel=[0.00589, -0.00199, 0.00041] z=0.1063
[lowlevel-sim][GT] t=36.651 quat=[0.4702, -0.53051, 0.48432, 0.51274] angvel=[0.0785, -0.00757, 0.00088] linvel=[0.00115, 6e-05, -0.00638] z=0.1063
[lowlevel-sim][GT] t=36.701 quat=[0.47011, -0.53058, 0.48447, 0.51261] angvel=[-0.06684, 0.00169, 0.01168] linvel=[0.00337, -0.00687, 0.00577] z=0.1062
[lowlevel-sim][GT] t=36.751 quat=[0.47008, -0.53052, 0.48445, 0.51272] angvel=[0.07187, 0.01288, 0.02489] linvel=[0.00164, -0.0003, -0.00772] z=0.1062
[lowlevel-sim][GT] t=36.801 quat=[0.47013, -0.53055, 0.48448, 0.51261] angvel=[-0.02197, -0.03141, -0.00877] linvel=[0.00511, -0.00279, 0.00313] z=0.1062
[lowlevel-sim][GT] t=36.851 quat=[0.47011, -0.53046, 0.48434, 0.51285] angvel=[0.09061, 0.01737, 0.01998] linvel=[-0.0014, 9e-05, -0.00519] z=0.1063
[lowlevel-sim][GT] t=36.901 quat=[0.47017, -0.53047, 0.48429, 0.51284] angvel=[-0.01624, 0.01155, 0.00926] linvel=[0.00378, 0.00024, 0.0005] z=0.1063
[lowlevel-sim][GT] t=36.951 quat=[0.47005, -0.53037, 0.48442, 0.51294] angvel=[-0.04338, 0.07427, 0.01824] linvel=[0.00471, -0.00274, 0.00421] z=0.1063
[lowlevel-sim] t=  37.00 mode=cmd        pd=23950 hold=13262 failclosed=40 rtf=0.271 base_z=+0.106 pitch=+1.539 roll=-3.087 |tau|max=  8.10 sat=0/29 knee_L=+0.272 hip_p_L=-0.106 torn=11877 cmd_age=20.9ms auth=81.9s rig_ign=2402 fix_base=0
[lowlevel-sim][GT] t=37.001 quat=[0.47003, -0.53044, 0.48451, 0.51279] angvel=[-0.03391, 0.00124, 0.00552] linvel=[0.00049, -0.00661, 0.00266] z=0.1063
[lowlevel-sim][GT] t=37.051 quat=[0.47003, -0.53037, 0.48441, 0.51296] angvel=[0.03915, 0.03028, -0.01864] linvel=[-0.00064, 0.00064, -0.00293] z=0.1063
[lowlevel-sim][GT] t=37.101 quat=[0.46982, -0.53041, 0.48449, 0.51303] angvel=[-0.02516, 0.01141, 0.00364] linvel=[-0.00045, -0.00726, 0.00048] z=0.1063
[lowlevel-sim][GT] t=37.151 quat=[0.47001, -0.5304, 0.48439, 0.51297] angvel=[-0.05887, -0.0258, -0.0182] linvel=[-0.00355, -0.00418, 0.0088] z=0.1063
[lowlevel-sim][GT] t=37.201 quat=[0.47026, -0.5304, 0.48436, 0.51276] angvel=[-0.03598, -0.05113, -0.06524] linvel=[0.00018, -0.0055, 0.00065] z=0.1063
[lowlevel-sim][GT] t=37.251 quat=[0.47052, -0.53021, 0.48431, 0.51277] angvel=[0.09591, 0.00393, 0.00659] linvel=[0.00354, 0.00361, -0.00576] z=0.1063
[lowlevel-sim][GT] t=37.301 quat=[0.47055, -0.53029, 0.48446, 0.51252] angvel=[-0.03885, -0.03134, -0.0423] linvel=[0.00119, -0.00737, 0.00138] z=0.1063
[lowlevel-sim][GT] t=37.351 quat=[0.47044, -0.53015, 0.48454, 0.51268] angvel=[0.02491, -0.0258, 0.00539] linvel=[0.00192, 0.00023, -0.00103] z=0.1063
[lowlevel-sim][GT] t=37.401 quat=[0.47036, -0.53018, 0.48467, 0.51261] angvel=[-0.05104, 0.04376, 0.02694] linvel=[0.00242, -0.00715, 0.00424] z=0.1063
[lowlevel-sim][GT] t=37.451 quat=[0.47039, -0.53001, 0.48458, 0.51284] angvel=[0.06094, -0.00214, -0.00779] linvel=[-1e-05, -0.00066, -0.00679] z=0.1063
[lowlevel-sim] FAIL-CLOSED engaged at t=37.453s, last command age 87.22 ms (deadline <= 100 ms) PASS
[lowlevel-sim] COMMANDED at t=37.456s (was fail-closed)
[lowlevel-sim] t=  37.50 mode=cmd        pd=24202 hold=13262 failclosed=43 rtf=0.271 base_z=+0.106 pitch=+1.538 roll=-3.099 |tau|max=  8.16 sat=0/29 knee_L=+0.272 hip_p_L=-0.106 torn=11899 cmd_age=66.1ms auth=83.6s rig_ign=2402 fix_base=0
[lowlevel-sim][GT] t=37.501 quat=[0.47007, -0.53021, 0.48481, 0.5127] angvel=[-0.01714, 0.01675, 0.01238] linvel=[-0.00169, -0.0032, 0.0032] z=0.1063
[lowlevel-sim][GT] t=37.551 quat=[0.47021, -0.53009, 0.48465, 0.51286] angvel=[0.03481, 0.02688, 0.01259] linvel=[0.00017, 0.00199, 0.00036] z=0.1063
[lowlevel-sim][GT] t=37.601 quat=[0.47009, -0.53009, 0.48467, 0.51295] angvel=[-0.00676, 0.03209, 0.03957] linvel=[0.00492, -0.0018, 0.00091] z=0.1063
[lowlevel-sim][GT] t=37.651 quat=[0.47029, -0.52998, 0.48464, 0.5129] angvel=[-0.06585, 0.01695, 0.00233] linvel=[0.00199, -0.00197, 0.00626] z=0.1063
[lowlevel-sim][GT] t=37.701 quat=[0.47005, -0.53005, 0.48477, 0.51293] angvel=[-0.04367, 0.01253, -0.00564] linvel=[-0.00157, -0.00681, 0.00235] z=0.1063
[lowlevel-sim][GT] t=37.751 quat=[0.47011, -0.52994, 0.48462, 0.51312] angvel=[0.02312, 0.05648, 0.00484] linvel=[0.0048, -0.00025, -8e-05] z=0.1064
[lowlevel-sim][GT] t=37.801 quat=[0.47016, -0.52999, 0.48472, 0.51294] angvel=[-0.03568, 0.00344, -0.00836] linvel=[-0.00118, -0.00651, 0.00334] z=0.1064
[lowlevel-sim][GT] t=37.851 quat=[0.47031, -0.5299, 0.4847, 0.51291] angvel=[0.05506, 0.03843, -0.00039] linvel=[-0.00463, 0.0018, -0.00362] z=0.1064
[lowlevel-sim][GT] t=37.901 quat=[0.47036, -0.52994, 0.48488, 0.51265] angvel=[-0.02906, -0.02803, -0.01297] linvel=[-0.0042, -0.00309, 0.00382] z=0.1064
[lowlevel-sim][GT] t=37.951 quat=[0.47048, -0.52988, 0.48474, 0.51275] angvel=[0.08887, -0.0073, 0.01068] linvel=[-0.0063, 0.00208, -0.00796] z=0.1064
[lowlevel-sim] t=  38.00 mode=cmd        pd=24452 hold=13262 failclosed=43 rtf=0.272 base_z=+0.106 pitch=+1.539 roll=-3.087 |tau|max=  9.64 sat=0/29 knee_L=+0.272 hip_p_L=-0.106 torn=11914 cmd_age=33.2ms auth=85.2s rig_ign=2402 fix_base=0
[lowlevel-sim][GT] t=38.001 quat=[0.47039, -0.53008, 0.48473, 0.51262] angvel=[-0.06389, 0.00078, -0.00238] linvel=[-0.00412, -0.00782, 0.00592] z=0.1064
[lowlevel-sim][GT] t=38.051 quat=[0.47055, -0.53001, 0.48468, 0.5126] angvel=[0.0749, 0.00501, 0.00918] linvel=[-0.00674, 0.00078, -0.00828] z=0.1064
[lowlevel-sim][GT] t=38.101 quat=[0.47042, -0.5301, 0.48471, 0.5126] angvel=[-0.0352, -0.03738, -0.01415] linvel=[-0.00162, -0.00339, 0.00505] z=0.1064
[lowlevel-sim][GT] t=38.151 quat=[0.4705, -0.52998, 0.48465, 0.5127] angvel=[-0.05848, 0.04653, 0.00832] linvel=[-0.00633, -0.0023, 0.00702] z=0.1064
[lowlevel-sim][GT] t=38.201 quat=[0.47034, -0.53012, 0.4846, 0.51276] angvel=[-0.04532, -0.09585, -0.04881] linvel=[-0.0034, -0.00679, 0.00407] z=0.1064
[lowlevel-sim][GT] t=38.251 quat=[0.47043, -0.53016, 0.4843, 0.51292] angvel=[0.03875, 0.02254, 0.03139] linvel=[-0.00274, -0.00098, -0.00406] z=0.1065
[lowlevel-sim][GT] t=38.301 quat=[0.47036, -0.53025, 0.48434, 0.51285] angvel=[-0.03755, 0.02612, 0.0275] linvel=[-0.0043, -0.00211, 0.00372] z=0.1065
[lowlevel-sim][GT] t=38.351 quat=[0.47033, -0.53023, 0.48425, 0.51298] angvel=[0.08242, -0.00082, 0.00628] linvel=[-0.0045, 0.00235, -0.00841] z=0.1065
[lowlevel-sim][GT] t=38.401 quat=[0.47028, -0.53033, 0.48429, 0.51289] angvel=[-0.02024, -0.03476, -0.03339] linvel=[-0.01181, -0.00773, 0.00198] z=0.1065
[lowlevel-sim][GT] t=38.451 quat=[0.47073, -0.53017, 0.4842, 0.51272] angvel=[-0.00265, 0.00413, -0.01314] linvel=[0.00708, 0.00065, 0.00518] z=0.1066
[lowlevel-sim] t=  38.50 mode=cmd        pd=24702 hold=13262 failclosed=43 rtf=0.273 base_z=+0.107 pitch=+1.540 roll=-3.062 |tau|max=  8.36 sat=0/29 knee_L=+0.272 hip_p_L=-0.105 torn=11930 cmd_age=27.7ms auth=86.7s rig_ign=2402 fix_base=0
[lowlevel-sim][GT] t=38.501 quat=[0.47071, -0.53012, 0.48434, 0.51265] angvel=[-0.04191, 0.00406, -0.00564] linvel=[0.00119, -0.00893, 0.00249] z=0.1066
[lowlevel-sim][GT] t=38.551 quat=[0.4709, -0.53006, 0.48425, 0.51263] angvel=[0.07347, -0.01986, -0.00952] linvel=[0.00323, 0.00109, -0.00756] z=0.1066
[lowlevel-sim][GT] t=38.601 quat=[0.47062, -0.53028, 0.4844, 0.51252] angvel=[-0.04355, -0.04802, -0.03151] linvel=[0.00081, -0.00905, 0.00481] z=0.1065
[lowlevel-sim][GT] t=38.651 quat=[0.47064, -0.53025, 0.48435, 0.51258] angvel=[-0.04474, 0.07004, 0.00465] linvel=[0.00207, -0.00327, 0.00589] z=0.1065
[lowlevel-sim][GT] t=38.701 quat=[0.47039, -0.53036, 0.4843, 0.51274] angvel=[-0.02761, 0.05028, 0.04232] linvel=[-0.00102, -0.00701, 0.00351] z=0.1065
[lowlevel-sim][GT] t=38.751 quat=[0.47038, -0.53034, 0.48419, 0.51288] angvel=[-0.03487, 0.10772, -0.01156] linvel=[0.00085, -0.00437, 0.00402] z=0.1065
[lowlevel-sim][GT] t=38.801 quat=[0.47017, -0.53039, 0.48423, 0.51298] angvel=[-0.02874, 0.01089, 0.03103] linvel=[0.0011, -0.00428, 0.00238] z=0.1066
[lowlevel-sim][GT] t=38.851 quat=[0.4701, -0.53027, 0.48414, 0.51326] angvel=[-0.03393, 0.03545, 0.0017] linvel=[0.00703, -0.00226, 0.00441] z=0.1066
[lowlevel-sim][GT] t=38.901 quat=[0.47022, -0.5303, 0.48417, 0.51309] angvel=[-0.03758, -0.02252, -0.00119] linvel=[0.00109, -0.00191, 0.00251] z=0.1066
[lowlevel-sim][GT] t=38.951 quat=[0.4702, -0.53024, 0.4841, 0.51322] angvel=[0.07207, -0.0224, -0.00743] linvel=[0.00384, -0.00155, -0.00626] z=0.1067
[lowlevel-sim] t=  39.00 mode=cmd        pd=24952 hold=13262 failclosed=43 rtf=0.273 base_z=+0.107 pitch=+1.540 roll=-3.084 |tau|max=  9.82 sat=0/29 knee_L=+0.274 hip_p_L=-0.106 torn=11960 cmd_age=47.3ms auth=88.3s rig_ign=2402 fix_base=0
[lowlevel-sim][GT] t=39.001 quat=[0.47017, -0.53029, 0.48414, 0.51316] angvel=[-0.01296, 0.00343, -0.00511] linvel=[0.00154, -0.00183, 0.00218] z=0.1067
[lowlevel-sim][GT] t=39.051 quat=[0.47005, -0.53017, 0.48411, 0.51342] angvel=[0.05545, 0.02417, 0.0078] linvel=[-0.0009, -0.00099, -0.00472] z=0.1067
[lowlevel-sim][GT] t=39.101 quat=[0.47013, -0.53007, 0.48417, 0.51341] angvel=[-0.02528, 0.01535, 0.01521] linvel=[-0.00252, -0.00011, 0.00325] z=0.1068
[lowlevel-sim][GT] t=39.151 quat=[0.47014, -0.53009, 0.48402, 0.51351] angvel=[-0.10377, 0.00803, 0.0051] linvel=[-0.00227, -0.00425, 0.01084] z=0.1068
[lowlevel-sim][GT] t=39.201 quat=[0.4701, -0.53014, 0.48409, 0.51344] angvel=[-0.02712, 0.02138, 0.01854] linvel=[-0.00278, -0.00259, 0.00343] z=0.1068
[lowlevel-sim][GT] t=39.251 quat=[0.4701, -0.53005, 0.48407, 0.51354] angvel=[0.01055, 0.06266, 0.01926] linvel=[-0.00494, -0.00223, -0.00197] z=0.1068
[lowlevel-sim][GT] t=39.301 quat=[0.47011, -0.53018, 0.48413, 0.51335] angvel=[-0.01262, 0.00603, -0.00425] linvel=[-0.00635, -0.0016, 0.00295] z=0.1068
[lowlevel-sim][GT] t=39.351 quat=[0.47013, -0.5301, 0.48403, 0.5135] angvel=[0.08324, -0.0093, 0.01393] linvel=[-0.00785, 0.00045, -0.00869] z=0.1068
[lowlevel-sim][GT] t=39.401 quat=[0.47027, -0.5302, 0.48406, 0.51325] angvel=[-0.04004, -0.03048, -0.01469] linvel=[-0.0033, -0.00461, 0.00326] z=0.1068
[lowlevel-sim][GT] t=39.451 quat=[0.47026, -0.53018, 0.48412, 0.51322] angvel=[0.07418, 0.02673, 0.01226] linvel=[-0.0064, 0.00016, -0.00732] z=0.1067
[lowlevel-sim] t=  39.50 mode=cmd        pd=25202 hold=13262 failclosed=43 rtf=0.273 base_z=+0.107 pitch=+1.540 roll=-3.078 |tau|max=  8.50 sat=0/29 knee_L=+0.274 hip_p_L=-0.106 torn=11979 cmd_age=22.5ms auth=89.9s rig_ign=2402 fix_base=0
[lowlevel-sim][GT] t=39.501 quat=[0.47025, -0.5303, 0.48413, 0.51309] angvel=[-0.04212, 0.01269, 0.02118] linvel=[-0.00514, -0.00643, 0.00249] z=0.1067
[lowlevel-sim][GT] t=39.551 quat=[0.47044, -0.53011, 0.48407, 0.51317] angvel=[0.04662, -0.01742, -0.01226] linvel=[-0.00167, 0.00139, -0.00169] z=0.1067
[lowlevel-sim][GT] t=39.601 quat=[0.47033, -0.53018, 0.48416, 0.51312] angvel=[-0.0081, -0.02679, -0.02731] linvel=[-0.00559, -0.00169, 0.00083] z=0.1067
[lowlevel-sim][GT] t=39.651 quat=[0.47036, -0.53022, 0.48409, 0.51311] angvel=[0.05672, -0.00113, -0.00225] linvel=[-0.00327, -0.00133, -0.00699] z=0.1067
[lowlevel-sim][GT] t=39.701 quat=[0.47035, -0.53032, 0.48413, 0.51298] angvel=[-0.00956, -0.02475, -0.009] linvel=[-0.00256, -0.00052, 0.0014] z=0.1067
[lowlevel-sim][GT] t=39.751 quat=[0.47042, -0.5303, 0.48402, 0.51304] angvel=[-0.09764, 0.00885, -0.00945] linvel=[-0.00536, -0.00302, 0.01219] z=0.1067
[lowlevel-sim][GT] t=39.801 quat=[0.47016, -0.53036, 0.48409, 0.51315] angvel=[-0.05156, 0.01807, 0.01923] linvel=[-0.00546, -0.00443, 0.00232] z=0.1067
[lowlevel-sim][GT] t=39.851 quat=[0.47026, -0.5303, 0.48405, 0.51317] angvel=[0.0407, -0.00778, 0.00075] linvel=[-0.00213, 0.00151, -0.00318] z=0.1067
[lowlevel-sim][GT] t=39.901 quat=[0.47019, -0.53033, 0.48415, 0.5131] angvel=[0.01394, -0.01208, -0.01569] linvel=[-0.00234, -0.00221, -0.00135] z=0.1066
[lowlevel-sim][GT] t=39.951 quat=[0.47035, -0.53021, 0.48412, 0.5131] angvel=[-0.06237, 0.05193, -0.00553] linvel=[-0.00526, -0.00147, 0.00771] z=0.1066
[lowlevel-sim] t=  40.00 mode=cmd        pd=25452 hold=13262 failclosed=43 rtf=0.273 base_z=+0.107 pitch=+1.539 roll=-3.076 |tau|max=  8.24 sat=0/29 knee_L=+0.273 hip_p_L=-0.106 torn=11990 cmd_age=49.4ms auth=91.7s rig_ign=2402 fix_base=0
[lowlevel-sim][GT] t=40.001 quat=[0.47034, -0.53029, 0.4842, 0.51295] angvel=[-0.01582, -0.03392, -0.00024] linvel=[-0.00099, -0.00256, 0.00173] z=0.1066
[lowlevel-sim][GT] t=40.051 quat=[0.47038, -0.53025, 0.48415, 0.51301] angvel=[0.08195, -0.01258, -0.01025] linvel=[-0.0043, 0.00287, -0.00632] z=0.1067
[lowlevel-sim][GT] t=40.101 quat=[0.4702, -0.53031, 0.48425, 0.51302] angvel=[-0.05268, -0.00726, -0.0159] linvel=[-0.00148, -0.00758, 0.00556] z=0.1067
[lowlevel-sim][GT] t=40.151 quat=[0.47036, -0.53023, 0.48415, 0.51305] angvel=[0.0958, -0.00487, 0.00812] linvel=[-0.0066, -0.00109, -0.00757] z=0.1066
[lowlevel-sim][GT] t=40.201 quat=[0.47038, -0.53032, 0.48411, 0.51297] angvel=[-0.01468, -0.04678, -0.01148] linvel=[-0.00017, -0.00234, 0.00122] z=0.1066
[lowlevel-sim][GT] t=40.251 quat=[0.47058, -0.53026, 0.48398, 0.51297] angvel=[0.02527, -0.06675, -0.00923] linvel=[-0.0002, 0.00258, 0.00024] z=0.1067
[lowlevel-sim][GT] t=40.301 quat=[0.47084, -0.53021, 0.48411, 0.51266] angvel=[-0.04391, -0.01519, 0.0055] linvel=[0.00196, -0.00678, 0.00206] z=0.1067
[lowlevel-sim][GT] t=40.351 quat=[0.47082, -0.53013, 0.48406, 0.51281] angvel=[-0.06659, 0.01783, -0.00298] linvel=[0.00228, -0.00318, 0.00868] z=0.1067
[lowlevel-sim][GT] t=40.401 quat=[0.47058, -0.53031, 0.48414, 0.51277] angvel=[-0.04407, 0.02681, 0.01986] linvel=[0.00348, -0.00628, 0.00335] z=0.1067
[lowlevel-sim][GT] t=40.451 quat=[0.47057, -0.5301, 0.48405, 0.51309] angvel=[-0.03895, 0.13852, 0.04608] linvel=[0.00639, -0.00147, 0.00423] z=0.1067
[lowlevel-sim] t=  40.50 mode=cmd        pd=25702 hold=13262 failclosed=43 rtf=0.273 base_z=+0.107 pitch=+1.540 roll=-3.073 |tau|max=  9.99 sat=0/29 knee_L=+0.274 hip_p_L=-0.106 torn=12010 cmd_age=47.3ms auth=93.7s rig_ign=2402 fix_base=0
[lowlevel-sim][GT] t=40.501 quat=[0.47044, -0.5302, 0.48409, 0.51305] angvel=[-0.01816, 0.00051, 0.01499] linvel=[0.00424, -0.00321, 0.00268] z=0.1067
[lowlevel-sim][GT] t=40.551 quat=[0.47048, -0.53015, 0.48401, 0.51315] angvel=[-0.0188, 0.08072, 0.02128] linvel=[0.00463, -0.00179, 0.00442] z=0.1068
[lowlevel-sim][GT] t=40.601 quat=[0.47052, -0.53012, 0.48408, 0.51307] angvel=[-0.02859, -0.01013, 0.0031] linvel=[0.00845, -0.00282, 0.00251] z=0.1068
[lowlevel-sim][GT] t=40.651 quat=[0.47045, -0.53004, 0.48409, 0.51321] angvel=[0.01664, -0.05127, -0.00393] linvel=[0.00502, -0.00064, -0.00142] z=0.1068
[lowlevel-sim][GT] t=40.701 quat=[0.47049, -0.52998, 0.48419, 0.51314] angvel=[-0.00251, -0.01443, -0.02174] linvel=[0.00691, -0.00332, 0.00114] z=0.1068
[lowlevel-sim][GT] t=40.751 quat=[0.47069, -0.52981, 0.48426, 0.51307] angvel=[-0.08537, 0.00933, -0.01765] linvel=[0.00593, -0.00113, 0.00951] z=0.1068
[lowlevel-sim][GT] t=40.801 quat=[0.47064, -0.52982, 0.48446, 0.51293] angvel=[-0.04803, 0.04954, 0.05152] linvel=[0.00678, -0.00899, 0.00145] z=0.1068
[lowlevel-sim][GT] t=40.851 quat=[0.47062, -0.52973, 0.48443, 0.51307] angvel=[0.08511, 0.02208, -0.00164] linvel=[0.00022, -0.00182, -0.00777] z=0.1068
[lowlevel-sim][GT] t=40.901 quat=[0.47044, -0.52969, 0.48446, 0.51324] angvel=[-0.01078, -0.04131, -0.01525] linvel=[0.00439, -0.00195, 0.00126] z=0.1068
[lowlevel-sim][GT] t=40.951 quat=[0.47052, -0.52961, 0.48436, 0.51334] angvel=[-0.07497, 0.00582, 0.01453] linvel=[-0.0076, -0.00379, 0.01215] z=0.1069
[lowlevel-sim] t=  41.00 mode=cmd        pd=25952 hold=13262 failclosed=43 rtf=0.273 base_z=+0.107 pitch=+1.541 roll=-3.111 |tau|max=  9.03 sat=0/29 knee_L=+0.276 hip_p_L=-0.107 torn=12035 cmd_age=36.0ms auth=95.5s rig_ign=2402 fix_base=0
[lowlevel-sim][GT] t=41.001 quat=[0.47043, -0.52964, 0.48435, 0.51341] angvel=[-0.02117, -0.06352, -0.03529] linvel=[0.00199, -0.00262, 0.00307] z=0.1069
[lowlevel-sim][GT] t=41.051 quat=[0.47045, -0.52963, 0.48429, 0.51346] angvel=[-0.02334, 0.0003, -0.01238] linvel=[-0.00418, -0.00384, 0.0006] z=0.1069
[lowlevel-sim][GT] t=41.101 quat=[0.47047, -0.52966, 0.48438, 0.51332] angvel=[-0.03338, -0.05778, -0.06529] linvel=[-0.00016, -0.00738, 0.00015] z=0.1069
[lowlevel-sim][GT] t=41.151 quat=[0.47049, -0.5296, 0.48442, 0.51332] angvel=[0.03588, -0.05108, -0.00391] linvel=[-0.00074, 0.00059, -0.00246] z=0.1069
[lowlevel-sim][GT] t=41.201 quat=[0.47068, -0.52957, 0.48467, 0.51294] angvel=[-0.03209, -0.04816, -0.05844] linvel=[0.00096, -0.00641, 0.00014] z=0.1069
[lowlevel-sim][GT] t=41.251 quat=[0.47084, -0.52939, 0.48476, 0.51289] angvel=[-0.04947, 0.02102, -0.0035] linvel=[-0.002, -0.00028, 0.00836] z=0.1069
[lowlevel-sim][GT] t=41.301 quat=[0.47081, -0.52934, 0.4849, 0.51285] angvel=[-0.01517, -0.05069, -0.02701] linvel=[-0.0006, -0.00285, 0.00187] z=0.1069
[lowlevel-sim][GT] t=41.351 quat=[0.47103, -0.52914, 0.48492, 0.51282] angvel=[-0.05985, 0.08211, 0.01438] linvel=[-0.00514, -0.0024, 0.00663] z=0.1069
[lowlevel-sim][GT] t=41.401 quat=[0.47101, -0.52918, 0.48484, 0.51288] angvel=[-0.0291, 0.00808, 0.00957] linvel=[-0.00721, -0.00815, 0.00172] z=0.1069
[lowlevel-sim][GT] t=41.451 quat=[0.47121, -0.52922, 0.48471, 0.51278] angvel=[0.08484, -0.04405, -0.00981] linvel=[-0.00878, -0.00177, -0.00664] z=0.1069
[lowlevel-sim] t=  41.50 mode=cmd        pd=26202 hold=13262 failclosed=43 rtf=0.273 base_z=+0.107 pitch=+1.540 roll=-3.083 |tau|max=  8.29 sat=0/29 knee_L=+0.275 hip_p_L=-0.106 torn=12059 cmd_age=33.1ms auth=97.3s rig_ign=2402 fix_base=0
[lowlevel-sim][GT] t=41.501 quat=[0.47117, -0.52931, 0.48477, 0.51266] angvel=[-0.03663, 0.01793, 0.02272] linvel=[-0.00459, -0.00633, 0.00128] z=0.1069
[lowlevel-sim][GT] t=41.551 quat=[0.4712, -0.52932, 0.48467, 0.51273] angvel=[-0.04032, 0.11397, 0.03496] linvel=[-0.00223, -0.00217, 0.00364] z=0.1069
[lowlevel-sim][GT] t=41.601 quat=[0.47106, -0.52946, 0.48479, 0.5126] angvel=[-0.03968, 0.02255, 0.02495] linvel=[-0.00459, -0.00492, 0.00188] z=0.1068
[lowlevel-sim][GT] t=41.651 quat=[0.47093, -0.52943, 0.48462, 0.5129] angvel=[-0.05815, -0.00554, -0.00247] linvel=[0.00367, -0.00317, 0.00592] z=0.1068
[lowlevel-sim][GT] t=41.701 quat=[0.47087, -0.52956, 0.48462, 0.51282] angvel=[-0.00929, 0.02233, 0.00138] linvel=[-0.00369, -0.00165, 0.00201] z=0.1069
[lowlevel-sim][GT] t=41.751 quat=[0.471, -0.52962, 0.48458, 0.51268] angvel=[0.07211, 0.01147, 0.00402] linvel=[0.00163, -0.00014, -0.00662] z=0.1068
[lowlevel-sim][GT] t=41.801 quat=[0.47101, -0.52955, 0.48462, 0.51272] angvel=[-0.0062, -0.02442, 0.00791] linvel=[0.00803, -0.00636, -0.00013] z=0.1069
[lowlevel-sim][GT] t=41.851 quat=[0.47105, -0.52942, 0.4846, 0.51283] angvel=[-0.0098, 0.08943, 0.02808] linvel=[-0.00035, 0.00112, 0.00365] z=0.1069
[lowlevel-sim][GT] t=41.901 quat=[0.47091, -0.52947, 0.48462, 0.51288] angvel=[0.00699, -0.03806, -0.01292] linvel=[0.00507, -0.00316, 0.00088] z=0.1069
[lowlevel-sim][GT] t=41.951 quat=[0.47096, -0.52952, 0.48455, 0.51285] angvel=[0.07417, -0.02581, -0.00066] linvel=[0.00424, -0.00182, -0.00684] z=0.1069
[lowlevel-sim] t=  42.00 mode=cmd        pd=26452 hold=13262 failclosed=43 rtf=0.273 base_z=+0.107 pitch=+1.540 roll=-3.089 |tau|max=  9.88 sat=0/29 knee_L=+0.276 hip_p_L=-0.107 torn=12084 cmd_age=25.5ms auth=99.0s rig_ign=2402 fix_base=0
[lowlevel-sim][GT] t=42.001 quat=[0.47091, -0.52952, 0.48471, 0.51275] angvel=[-0.03917, -0.02931, -0.03559] linvel=[-0.00226, -0.00946, 0.00414] z=0.1069
[lowlevel-sim][GT] t=42.051 quat=[0.47101, -0.52941, 0.48467, 0.5128] angvel=[0.01349, 0.08558, -0.01839] linvel=[0.00501, -0.00172, -0.00184] z=0.1069
[lowlevel-sim][GT] t=42.101 quat=[0.47111, -0.52944, 0.48475, 0.5126] angvel=[-0.02091, -0.00823, 0.00756] linvel=[0.0072, -0.00748, 0.00074] z=0.1069
[lowlevel-sim][GT] t=42.151 quat=[0.47108, -0.52943, 0.48472, 0.51268] angvel=[0.06394, 0.01545, 0.00055] linvel=[0.00281, 0.00202, -0.00427] z=0.1069
[lowlevel-sim] FAIL-CLOSED engaged at t=42.168s, last command age 85.38 ms (deadline <= 100 ms) PASS
[lowlevel-sim] COMMANDED at t=42.178s (was fail-closed)
[lowlevel-sim][GT] t=42.201 quat=[0.46969, -0.53074, 0.48602, 0.51136] angvel=[0.00101, 0.00288, 0.00298] linvel=[-0.00051, -0.0081, 0.00407] z=0.1061
[lowlevel-sim][GT] t=42.251 quat=[0.47037, -0.53013, 0.48532, 0.51203] angvel=[0.02274, -0.01771, -0.00425] linvel=[-0.00433, -0.00449, 0.00445] z=0.1064
[lowlevel-sim][GT] t=42.301 quat=[0.47069, -0.52994, 0.48514, 0.51211] angvel=[0.00646, -0.00579, -0.00656] linvel=[-3e-05, -0.00057, -0.00111] z=0.1066
[lowlevel-sim][GT] t=42.351 quat=[0.47082, -0.52977, 0.48492, 0.51237] angvel=[0.06072, -0.08776, -0.02082] linvel=[-0.00566, 0.00046, -0.00306] z=0.1066
[lowlevel-sim][GT] t=42.401 quat=[0.47082, -0.52976, 0.485, 0.51231] angvel=[-0.04365, 0.00711, -0.00841] linvel=[0.0016, -0.00542, 0.00333] z=0.1067
[lowlevel-sim][GT] t=42.451 quat=[0.47096, -0.52957, 0.48498, 0.51239] angvel=[0.00738, -0.07645, -0.0148] linvel=[0.00011, -0.00379, 0.00088] z=0.1067
[lowlevel-sim] t=  42.50 mode=cmd        pd=26706 hold=13262 failclosed=52 rtf=0.274 base_z=+0.107 pitch=+1.540 roll=-3.077 |tau|max= 10.40 sat=0/29 knee_L=+0.274 hip_p_L=-0.107 torn=12104 cmd_age=50.5ms auth=100.8s rig_ign=2402 fix_base=0
[lowlevel-sim][GT] t=42.501 quat=[0.47117, -0.52949, 0.48498, 0.51229] angvel=[-0.01914, -0.05079, -0.0458] linvel=[0.00308, -0.00903, 0.00284] z=0.1068
[lowlevel-sim][GT] t=42.551 quat=[0.47125, -0.52927, 0.48495, 0.51247] angvel=[0.08899, -0.03103, 0.0004] linvel=[0.00722, -0.00082, -0.00744] z=0.1068
[lowlevel-sim][GT] t=42.601 quat=[0.47127, -0.5292, 0.48501, 0.51246] angvel=[-0.00941, -0.03712, -0.01533] linvel=[0.0063, -0.00635, -2e-05] z=0.1068
[lowlevel-sim][GT] t=42.651 quat=[0.47108, -0.52917, 0.48504, 0.51264] angvel=[-0.05934, -0.04009, 0.00428] linvel=[-0.00256, -0.00331, 0.00612] z=0.1068
[lowlevel-sim][GT] t=42.701 quat=[0.47094, -0.52928, 0.48494, 0.51275] angvel=[-0.04029, 0.03125, 0.04157] linvel=[-0.00239, -0.00682, 0.00311] z=0.1069
[lowlevel-sim][GT] t=42.751 quat=[0.471, -0.52929, 0.48475, 0.51287] angvel=[0.02082, -0.12357, -0.03291] linvel=[-0.00047, -0.00199, 0.0011] z=0.1069
[lowlevel-sim][GT] t=42.801 quat=[0.47083, -0.52934, 0.48476, 0.51296] angvel=[-0.01677, -0.00181, 0.03301] linvel=[0.01206, -0.00165, 0.00295] z=0.1069
[lowlevel-sim][GT] t=42.851 quat=[0.47091, -0.52916, 0.48477, 0.51306] angvel=[-0.01898, 0.02546, -0.00992] linvel=[0.00771, -0.00158, 0.00245] z=0.1069
[lowlevel-sim][GT] t=42.901 quat=[0.47095, -0.52915, 0.48483, 0.51298] angvel=[-0.02401, 0.00809, 0.03393] linvel=[0.00835, -0.00323, 0.00088] z=0.1070
[lowlevel-sim][GT] t=42.951 quat=[0.47098, -0.529, 0.48493, 0.51302] angvel=[-0.02949, 0.04453, -0.00244] linvel=[-9e-05, -0.00358, 0.00364] z=0.1070
[lowlevel-sim] t=  43.00 mode=cmd        pd=26956 hold=13262 failclosed=52 rtf=0.273 base_z=+0.107 pitch=+1.541 roll=-3.107 |tau|max=  9.99 sat=0/29 knee_L=+0.276 hip_p_L=-0.107 torn=12129 cmd_age=30.7ms auth=102.7s rig_ign=2402 fix_base=0
[lowlevel-sim][GT] t=43.001 quat=[0.47113, -0.52901, 0.48505, 0.51276] angvel=[0.01004, 0.0084, 0.0283] linvel=[0.00114, -0.00198, -0.0009] z=0.1069
[lowlevel-sim][GT] t=43.051 quat=[0.47131, -0.52892, 0.48498, 0.51274] angvel=[-0.09905, 0.02684, -0.00039] linvel=[0.00252, -0.00559, 0.01077] z=0.1070
[lowlevel-sim][GT] t=43.101 quat=[0.47132, -0.52899, 0.48501, 0.51264] angvel=[-0.02275, -0.01536, 0.00789] linvel=[0.0013, -0.00747, -0.00065] z=0.1070
[lowlevel-sim][GT] t=43.151 quat=[0.47143, -0.52884, 0.48507, 0.51263] angvel=[-0.08154, 0.05081, -0.00859] linvel=[-0.00053, -0.00455, 0.0074] z=0.1070
[lowlevel-sim][GT] t=43.201 quat=[0.47144, -0.52889, 0.48514, 0.51251] angvel=[-0.04902, -0.04531, -0.04756] linvel=[-0.00725, -0.01026, 0.00528] z=0.1070
[lowlevel-sim][GT] t=43.251 quat=[0.47127, -0.52891, 0.48514, 0.51263] angvel=[-0.11546, -0.03656, -0.00094] linvel=[-0.00339, -0.00508, 0.00943] z=0.1070
[lowlevel-sim][GT] t=43.301 quat=[0.47115, -0.52899, 0.48514, 0.51266] angvel=[-0.03312, 0.0344, 0.01192] linvel=[-0.00424, -0.00266, 0.00325] z=0.1070
[lowlevel-sim][GT] t=43.351 quat=[0.47116, -0.52899, 0.48505, 0.51273] angvel=[-0.0462, 0.02944, 0.00846] linvel=[0.00077, -0.00318, 0.0036] z=0.1069
[lowlevel-sim][GT] t=43.401 quat=[0.47102, -0.52902, 0.48513, 0.51276] angvel=[-0.02726, 0.02725, 0.03146] linvel=[0.00073, -0.00718, -0.00129] z=0.1069
[lowlevel-sim][GT] t=43.451 quat=[0.47132, -0.52899, 0.48502, 0.51263] angvel=[-0.06304, -0.0055, -0.0039] linvel=[-0.00886, -0.00501, 0.00856] z=0.1069
[lowlevel-sim] t=  43.50 mode=cmd        pd=27206 hold=13262 failclosed=52 rtf=0.274 base_z=+0.107 pitch=+1.540 roll=-3.103 |tau|max=  8.15 sat=0/29 knee_L=+0.276 hip_p_L=-0.107 torn=12153 cmd_age=72.0ms auth=104.4s rig_ign=2402 fix_base=0
[lowlevel-sim][GT] t=43.501 quat=[0.47108, -0.52913, 0.48513, 0.5126] angvel=[-0.00434, -0.00926, -0.00131] linvel=[-0.00482, -0.00272, -0.00014] z=0.1069
[lowlevel-sim][GT] t=43.551 quat=[0.47128, -0.52899, 0.48505, 0.51262] angvel=[-0.01799, 0.08826, 0.00758] linvel=[-0.00636, -0.00022, 0.00346] z=0.1069
[lowlevel-sim][GT] t=43.601 quat=[0.47113, -0.529, 0.48518, 0.51263] angvel=[-0.05957, 0.02581, 0.01305] linvel=[-0.00569, -0.00748, 0.00374] z=0.1069
[lowlevel-sim][GT] t=43.651 quat=[0.47128, -0.52893, 0.48508, 0.51266] angvel=[-0.0096, 0.06829, 0.00966] linvel=[-0.00451, 5e-05, 0.00292] z=0.1069
[lowlevel-sim][GT] t=43.701 quat=[0.47129, -0.52906, 0.48518, 0.51243] angvel=[-0.03222, 0.01573, 0.03425] linvel=[0.00202, -0.00724, -0.00041] z=0.1068
[lowlevel-sim][GT] t=43.751 quat=[0.47147, -0.52906, 0.48504, 0.51239] angvel=[0.08215, -0.0023, 0.00485] linvel=[-0.00114, -0.00073, -0.00859] z=0.1068
[lowlevel-sim][GT] t=43.801 quat=[0.47125, -0.52918, 0.4851, 0.51242] angvel=[-0.00067, 0.01745, 0.04529] linvel=[0.00042, -0.00273, 0.00233] z=0.1068
[lowlevel-sim][GT] t=43.851 quat=[0.47126, -0.52917, 0.48496, 0.51256] angvel=[0.04913, -0.02101, 0.00353] linvel=[-0.00618, 0.00183, -0.00437] z=0.1068
[lowlevel-sim] FAIL-CLOSED engaged at t=43.889s, last command age 85.74 ms (deadline <= 100 ms) PASS
[lowlevel-sim] COMMANDED at t=43.894s (was fail-closed)
[lowlevel-sim][GT] t=43.901 quat=[0.47084, -0.5297, 0.48544, 0.51193] angvel=[-0.11903, -0.01875, -0.01224] linvel=[-0.004, -0.00344, 0.00538] z=0.1066
[lowlevel-sim][GT] t=43.951 quat=[0.47102, -0.5296, 0.48533, 0.51198] angvel=[-0.03248, -0.00755, -0.01331] linvel=[-0.01212, -0.00847, 0.00372] z=0.1066
[lowlevel-sim] t=  44.00 mode=cmd        pd=27459 hold=13262 failclosed=57 rtf=0.274 base_z=+0.107 pitch=+1.540 roll=-3.085 |tau|max= 35.00 sat=2/29 knee_L=+0.273 hip_p_L=-0.106 torn=12180 cmd_age=36.2ms auth=106.0s rig_ign=2402 fix_base=0 sat_j=left_ankle_roll_joint:+35.0,right_ankle_roll_joint:-35.0
[lowlevel-sim][GT] t=44.001 quat=[0.47106, -0.52945, 0.48497, 0.51244] angvel=[0.00777, 0.03875, 0.01581] linvel=[-0.00687, 0.0012, 0.00137] z=0.1067
[lowlevel-sim][GT] t=44.051 quat=[0.47103, -0.52964, 0.48485, 0.51238] angvel=[-0.03238, 0.00526, 0.01798] linvel=[-0.00333, -0.00569, 0.00225] z=0.1067
[lowlevel-sim][GT] t=44.101 quat=[0.47116, -0.52963, 0.48474, 0.51238] angvel=[-0.00519, 0.01492, -0.00075] linvel=[0.00766, -0.00063, 0.00342] z=0.1067
[lowlevel-sim][GT] t=44.151 quat=[0.47102, -0.52972, 0.48475, 0.5124] angvel=[-0.03709, 0.00062, 0.01622] linvel=[0.00234, -0.00352, 0.00425] z=0.1067
[lowlevel-sim][GT] t=44.201 quat=[0.47099, -0.52968, 0.48454, 0.51266] angvel=[-0.05436, 0.07108, 0.01111] linvel=[0.0037, -0.00032, 0.00883] z=0.1068
[lowlevel-sim][GT] t=44.251 quat=[0.47099, -0.52965, 0.48459, 0.51265] angvel=[-0.02175, -0.02284, -0.01499] linvel=[0.00223, -0.00889, -0.0002] z=0.1068
[lowlevel-sim][GT] t=44.301 quat=[0.47094, -0.52958, 0.48461, 0.51275] angvel=[-0.0733, 0.06057, -0.01756] linvel=[-0.00089, -0.00329, 0.00609] z=0.1068
[lowlevel-sim][GT] t=44.351 quat=[0.47074, -0.52959, 0.48475, 0.51279] angvel=[-0.05123, 0.00606, 0.01434] linvel=[0.00305, -0.00828, 0.00453] z=0.1068
[lowlevel-sim][GT] t=44.401 quat=[0.47086, -0.52954, 0.48458, 0.5129] angvel=[-0.00712, 0.0608, -0.00881] linvel=[-0.00372, -0.0048, 0.00168] z=0.1068
[lowlevel-sim][GT] t=44.451 quat=[0.47084, -0.52965, 0.48461, 0.51277] angvel=[-0.0492, 0.02429, 0.03331] linvel=[0.00858, -0.00559, 0.00408] z=0.1068
[lowlevel-sim] t=  44.50 mode=cmd        pd=27709 hold=13262 failclosed=57 rtf=0.274 base_z=+0.107 pitch=+1.540 roll=-3.091 |tau|max= 35.00 sat=2/29 knee_L=+0.274 hip_p_L=-0.106 torn=12197 cmd_age=28.7ms auth=107.8s rig_ign=2402 fix_base=0 sat_j=left_ankle_roll_joint:+35.0,right_ankle_roll_joint:-35.0
[lowlevel-sim][GT] t=44.501 quat=[0.47086, -0.52952, 0.48464, 0.51286] angvel=[0.0658, -0.01653, 0.00533] linvel=[-0.00041, -0.00205, -0.00648] z=0.1068
[lowlevel-sim][GT] t=44.551 quat=[0.47077, -0.52956, 0.48472, 0.51281] angvel=[-0.02649, 0.04317, 0.05492] linvel=[0.00509, -0.00513, 0.0011] z=0.1068
[lowlevel-sim][GT] t=44.601 quat=[0.47088, -0.5295, 0.48472, 0.51278] angvel=[0.05737, -0.07875, -0.02628] linvel=[-0.00147, -0.00039, -0.00363] z=0.1068
[lowlevel-sim][GT] t=44.651 quat=[0.47076, -0.5296, 0.48477, 0.51274] angvel=[-0.04013, 0.06448, 0.06121] linvel=[0.00559, -0.00882, 0.00188] z=0.1068
[lowlevel-sim][GT] t=44.701 quat=[0.4709, -0.52942, 0.48476, 0.5128] angvel=[-0.07755, 0.03867, -0.02153] linvel=[-0.00142, -0.00532, 0.00418] z=0.1068
[lowlevel-sim][GT] t=44.751 quat=[0.47094, -0.52942, 0.48482, 0.51272] angvel=[-0.05317, -0.00123, -0.00699] linvel=[0.0024, -0.0079, 0.0043] z=0.1068
[lowlevel-sim][GT] t=44.801 quat=[0.47107, -0.52932, 0.48476, 0.51276] angvel=[-0.06055, 0.07542, 0.02443] linvel=[0.0075, -0.00134, 0.006] z=0.1068
[lowlevel-sim][GT] t=44.851 quat=[0.47091, -0.52943, 0.48495, 0.51261] angvel=[-0.04244, 0.02499, 0.01496] linvel=[0.00038, -0.00483, 0.00382] z=0.1068
[lowlevel-sim][GT] t=44.901 quat=[0.47092, -0.52931, 0.48488, 0.51279] angvel=[0.03536, 0.03915, 0.01086] linvel=[0.0, -0.00016, -0.00266] z=0.1068
[lowlevel-sim][GT] t=44.951 quat=[0.4709, -0.52933, 0.48495, 0.51272] angvel=[-0.03022, 0.03481, 0.05231] linvel=[0.00469, -0.00416, 0.0013] z=0.1068
[lowlevel-sim] t=  45.00 mode=cmd        pd=27959 hold=13262 failclosed=57 rtf=0.274 base_z=+0.107 pitch=+1.540 roll=-3.105 |tau|max= 35.00 sat=2/29 knee_L=+0.274 hip_p_L=-0.106 torn=12206 cmd_age=38.7ms auth=109.6s rig_ign=2402 fix_base=0 sat_j=left_ankle_roll_joint:+35.0,right_ankle_roll_joint:-35.0
[lowlevel-sim][GT] t=45.001 quat=[0.47089, -0.52928, 0.48487, 0.51286] angvel=[0.0537, -0.02067, -0.00418] linvel=[0.00062, 0.0006, -0.00427] z=0.1068
[lowlevel-sim][GT] t=45.051 quat=[0.47076, -0.52926, 0.48494, 0.51294] angvel=[-0.02401, 0.00072, 0.04068] linvel=[0.00438, -0.00438, 0.00167] z=0.1068
[lowlevel-sim][GT] t=45.101 quat=[0.47086, -0.52921, 0.48491, 0.51292] angvel=[-0.03579, 0.10976, 0.01852] linvel=[-0.00136, -0.00023, 0.00551] z=0.1068
[lowlevel-sim][GT] t=45.151 quat=[0.47085, -0.52922, 0.48488, 0.51296] angvel=[-0.02291, 0.00354, 0.01581] linvel=[0.00543, -0.00549, 0.00019] z=0.1069
[lowlevel-sim][GT] t=45.201 quat=[0.47089, -0.52913, 0.4849, 0.51299] angvel=[-0.03309, 0.01645, 0.0185] linvel=[-0.00198, -0.00294, 0.00516] z=0.1069
[lowlevel-sim][GT] t=45.251 quat=[0.47084, -0.52911, 0.48493, 0.51303] angvel=[-0.05182, -0.00526, 0.0018] linvel=[0.00159, -0.0064, 0.004] z=0.1069
[lowlevel-sim][GT] t=45.301 quat=[0.47095, -0.52899, 0.48499, 0.51299] angvel=[0.04981, -0.0317, -0.01837] linvel=[-0.00268, 0.00105, -0.00282] z=0.1069
[lowlevel-sim][GT] t=45.351 quat=[0.47099, -0.52911, 0.48502, 0.5128] angvel=[-0.03103, -0.03762, -0.01499] linvel=[0.0008, -0.00205, 0.00245] z=0.1069
[lowlevel-sim][GT] t=45.401 quat=[0.47127, -0.52904, 0.48499, 0.51264] angvel=[-0.04899, 0.07886, 0.00966] linvel=[-0.00249, -0.00119, 0.00626] z=0.1069
[lowlevel-sim][GT] t=45.451 quat=[0.47119, -0.52906, 0.48503, 0.51266] angvel=[-0.00624, -0.01888, -0.05004] linvel=[-0.00929, -0.0068, -0.00102] z=0.1069
[lowlevel-sim] t=  45.50 mode=cmd        pd=28209 hold=13262 failclosed=57 rtf=0.274 base_z=+0.107 pitch=+1.541 roll=-3.096 |tau|max= 35.00 sat=2/29 knee_L=+0.274 hip_p_L=-0.106 torn=12225 cmd_age=31.1ms auth=111.4s rig_ign=2402 fix_base=0 sat_j=left_ankle_roll_joint:+35.0,right_ankle_roll_joint:-35.0
[lowlevel-sim][GT] t=45.501 quat=[0.47131, -0.529, 0.48492, 0.51272] angvel=[-0.08229, 0.03493, -0.00684] linvel=[-0.00741, -0.00377, 0.0085] z=0.1069
[lowlevel-sim][GT] t=45.551 quat=[0.47139, -0.52909, 0.48502, 0.51245] angvel=[-0.02931, -0.01101, -0.01297] linvel=[-0.00331, -0.00347, 0.00259] z=0.1069
[lowlevel-sim][GT] t=45.601 quat=[0.47143, -0.52908, 0.48489, 0.51255] angvel=[-0.02656, 0.02665, 0.00663] linvel=[-0.00185, -0.00135, 0.00353] z=0.1069
[lowlevel-sim][GT] t=45.651 quat=[0.47126, -0.52916, 0.4849, 0.51262] angvel=[-0.02615, 0.00964, 0.00728] linvel=[-0.00715, -0.00686, 0.00199] z=0.1069
[lowlevel-sim][GT] t=45.701 quat=[0.47125, -0.52917, 0.48478, 0.51272] angvel=[-0.07734, 0.11706, -0.00589] linvel=[-0.00269, -0.00343, 0.00715] z=0.1069
[lowlevel-sim][GT] t=45.751 quat=[0.47106, -0.52929, 0.48493, 0.51264] angvel=[-0.06032, 0.03762, 0.05605] linvel=[0.00157, -0.00826, 0.00382] z=0.1069
[lowlevel-sim][GT] t=45.801 quat=[0.47119, -0.52922, 0.48489, 0.51263] angvel=[-0.05422, 0.0705, 0.00117] linvel=[-0.00058, -0.00103, 0.00635] z=0.1069
[lowlevel-sim][GT] t=45.851 quat=[0.47115, -0.52929, 0.48501, 0.51248] angvel=[-0.01526, 0.04065, 0.04621] linvel=[0.00651, -0.0065, -0.00028] z=0.1068
[lowlevel-sim][GT] t=45.901 quat=[0.47127, -0.52918, 0.485, 0.5125] angvel=[0.0736, -0.01694, -0.01275] linvel=[-0.00059, 0.00032, -0.00641] z=0.1068
[lowlevel-sim][GT] t=45.951 quat=[0.47128, -0.52924, 0.48499, 0.51244] angvel=[-0.03468, -0.02279, -0.01005] linvel=[0.0032, -0.00883, 0.00293] z=0.1069
[lowlevel-sim] t=  46.00 mode=cmd        pd=28459 hold=13262 failclosed=57 rtf=0.274 base_z=+0.107 pitch=+1.540 roll=-3.089 |tau|max= 35.00 sat=2/29 knee_L=+0.274 hip_p_L=-0.106 torn=12242 cmd_age=86.6ms auth=113.1s rig_ign=2402 fix_base=0 sat_j=left_ankle_roll_joint:+35.0,right_ankle_roll_joint:-35.0
[lowlevel-sim][GT] t=46.001 quat=[0.47128, -0.52916, 0.48496, 0.51254] angvel=[0.02219, -0.08883, -0.03061] linvel=[-0.00578, -0.00217, -0.00258] z=0.1068
[lowlevel-sim][GT] t=46.051 quat=[0.47125, -0.52916, 0.48507, 0.51246] angvel=[0.00497, -0.00813, -0.00237] linvel=[0.00022, -0.00278, -0.00109] z=0.1068
[lowlevel-sim][GT] t=46.101 quat=[0.47125, -0.52912, 0.485, 0.51257] angvel=[0.00185, 0.00623, -0.00913] linvel=[0.00702, -0.0002, 0.00311] z=0.1068
[lowlevel-sim][GT] t=46.151 quat=[0.47127, -0.52908, 0.48511, 0.5125] angvel=[-0.00583, -0.01134, -0.04165] linvel=[-0.00414, -0.00703, 0.00015] z=0.1069
[lowlevel-sim][GT] t=46.201 quat=[0.47127, -0.52902, 0.4851, 0.51256] angvel=[-0.01984, -0.01477, -0.00235] linvel=[0.00143, -0.00026, 0.00261] z=0.1069
[lowlevel-sim][GT] t=46.251 quat=[0.47107, -0.52914, 0.48514, 0.51259] angvel=[-0.03073, -0.03687, -0.01884] linvel=[-0.00253, -0.00442, 0.00206] z=0.1068
[lowlevel-sim][GT] t=46.301 quat=[0.47117, -0.52912, 0.48503, 0.51261] angvel=[-0.01439, 0.0186, -0.00069] linvel=[0.00514, -0.00112, 0.00181] z=0.1068
[lowlevel-sim][GT] t=46.351 quat=[0.47124, -0.52912, 0.48515, 0.51244] angvel=[-0.01567, -0.01649, -0.00313] linvel=[0.00095, -0.00109, 0.00184] z=0.1068
[lowlevel-sim][GT] t=46.401 quat=[0.47132, -0.52904, 0.48507, 0.51252] angvel=[-0.07289, 0.05111, 0.01189] linvel=[0.00444, -0.00304, 0.0082] z=0.1069
[lowlevel-sim][GT] t=46.451 quat=[0.47126, -0.52902, 0.48515, 0.51253] angvel=[-0.02159, -0.01035, -0.00112] linvel=[-0.00049, -0.00155, 0.00542] z=0.1069
[lowlevel-sim] t=  46.50 mode=cmd        pd=28709 hold=13262 failclosed=57 rtf=0.274 base_z=+0.107 pitch=+1.541 roll=-3.102 |tau|max= 35.00 sat=2/29 knee_L=+0.274 hip_p_L=-0.106 torn=12263 cmd_age=23.1ms auth=114.9s rig_ign=2402 fix_base=0 sat_j=left_ankle_roll_joint:+35.0,right_ankle_roll_joint:-35.0
[lowlevel-sim][GT] t=46.501 quat=[0.47131, -0.52889, 0.4851, 0.51266] angvel=[-0.00532, 0.01355, -0.00528] linvel=[0.00036, -0.00173, 0.00237] z=0.1069
[lowlevel-sim][GT] t=46.551 quat=[0.47131, -0.52902, 0.48512, 0.51251] angvel=[-0.02614, -0.01662, -0.03118] linvel=[-0.00353, -0.0061, 0.00048] z=0.1069
[lowlevel-sim][GT] t=46.601 quat=[0.47134, -0.52895, 0.48511, 0.51256] angvel=[-0.03832, 0.07778, 0.01747] linvel=[0.00188, -0.00439, 0.00461] z=0.1069
[lowlevel-sim][GT] t=46.651 quat=[0.47133, -0.52899, 0.48512, 0.51252] angvel=[-0.02062, -0.04655, -0.015] linvel=[0.0043, -0.00102, 0.0009] z=0.1069
[lowlevel-sim][GT] t=46.701 quat=[0.47139, -0.52882, 0.48519, 0.51257] angvel=[-0.02759, 0.0398, 0.01471] linvel=[-0.00099, -0.00362, 0.00219] z=0.1069
[lowlevel-sim][GT] t=46.751 quat=[0.47143, -0.52886, 0.48522, 0.51247] angvel=[-0.02558, -0.04977, -0.05519] linvel=[-2e-05, -0.00438, 0.00083] z=0.1069
[lowlevel-sim][GT] t=46.801 quat=[0.47158, -0.52884, 0.48519, 0.51238] angvel=[0.05797, -0.09556, -0.0185] linvel=[-0.00084, -0.00055, -0.00463] z=0.1069
[lowlevel-sim][GT] t=46.851 quat=[0.47143, -0.52884, 0.48538, 0.51233] angvel=[-0.0195, -0.04767, -0.0108] linvel=[0.00449, -0.00379, 0.00165] z=0.1068
[lowlevel-sim][GT] t=46.901 quat=[0.4715, -0.52878, 0.48533, 0.51238] angvel=[0.0112, 0.00797, 0.0093] linvel=[-0.00289, 0.00062, 0.00354] z=0.1069
[lowlevel-sim][GT] t=46.951 quat=[0.47159, -0.52874, 0.48543, 0.51225] angvel=[0.00519, -0.02328, -0.01232] linvel=[-0.00257, -0.00199, 0.00031] z=0.1069
[lowlevel-sim] t=  47.00 mode=cmd        pd=28959 hold=13262 failclosed=57 rtf=0.275 base_z=+0.107 pitch=+1.541 roll=-3.100 |tau|max= 35.00 sat=2/29 knee_L=+0.275 hip_p_L=-0.106 torn=12270 cmd_age=28.2ms auth=116.5s rig_ign=2402 fix_base=0 sat_j=left_ankle_roll_joint:+35.0,right_ankle_roll_joint:-35.0
[lowlevel-sim][GT] t=47.001 quat=[0.47162, -0.52865, 0.4854, 0.51234] angvel=[-0.09292, 0.07872, 0.0291] linvel=[-0.00032, -0.00399, 0.00949] z=0.1069
[lowlevel-sim][GT] t=47.051 quat=[0.47162, -0.52873, 0.48542, 0.51224] angvel=[-0.05399, 0.03694, 0.02254] linvel=[-0.00258, -0.00579, 0.00322] z=0.1069
[lowlevel-sim][GT] t=47.101 quat=[0.47163, -0.52867, 0.48536, 0.51235] angvel=[-0.05318, 0.10288, 0.02501] linvel=[-0.00497, -0.00016, 0.00685] z=0.1069
[lowlevel-sim][GT] t=47.151 quat=[0.47154, -0.52871, 0.48548, 0.51227] angvel=[-0.07674, 0.04313, 0.05806] linvel=[-8e-05, -0.00765, 0.00302] z=0.1069
[lowlevel-sim][GT] t=47.201 quat=[0.47161, -0.52871, 0.48536, 0.51233] angvel=[-0.03466, 0.02182, 0.00235] linvel=[-0.00301, -0.00157, 0.00554] z=0.1069
[lowlevel-sim][GT] t=47.251 quat=[0.47157, -0.52883, 0.48547, 0.51213] angvel=[0.00322, -0.02277, -0.00014] linvel=[0.00028, -0.00178, -0.00024] z=0.1068
[lowlevel-sim][GT] t=47.301 quat=[0.47171, -0.5288, 0.48542, 0.51208] angvel=[-0.00836, 0.01067, 0.00674] linvel=[-0.00477, -0.00017, 0.00467] z=0.1068
[lowlevel-sim][GT] t=47.351 quat=[0.47161, -0.52879, 0.48544, 0.51216] angvel=[-0.01266, -0.04076, -0.05805] linvel=[-0.00542, -0.00364, 0.00111] z=0.1068
[lowlevel-sim][GT] t=47.401 quat=[0.4719, -0.52873, 0.48543, 0.51197] angvel=[-0.06733, -0.04363, -0.02307] linvel=[0.00092, -0.00329, 0.00882] z=0.1069
[lowlevel-sim][GT] t=47.451 quat=[0.472, -0.5287, 0.48552, 0.51182] angvel=[-0.0442, -0.00971, -0.0154] linvel=[0.00224, -0.00556, 0.00195] z=0.1069
[lowlevel-sim] t=  47.50 mode=cmd        pd=29209 hold=13262 failclosed=57 rtf=0.275 base_z=+0.107 pitch=+1.541 roll=-3.075 |tau|max= 35.00 sat=2/29 knee_L=+0.274 hip_p_L=-0.106 torn=12289 cmd_age=31.5ms auth=118.1s rig_ign=2402 fix_base=0 sat_j=left_ankle_roll_joint:+35.0,right_ankle_roll_joint:-35.0
[lowlevel-sim][GT] t=47.501 quat=[0.47208, -0.52858, 0.48539, 0.512] angvel=[-0.02167, 0.00604, 0.00158] linvel=[0.00667, -0.00107, 0.0038] z=0.1069
[lowlevel-sim][GT] t=47.551 quat=[0.47196, -0.52853, 0.48534, 0.5122] angvel=[-0.0043, -0.01957, -0.00708] linvel=[0.00083, -0.00161, 0.00056] z=0.1070
[lowlevel-sim][GT] t=47.601 quat=[0.4721, -0.52843, 0.48535, 0.51217] angvel=[0.0478, -0.00992, -0.00978] linvel=[0.00031, -0.00126, -0.00462] z=0.1070
[lowlevel-sim][GT] t=47.651 quat=[0.47184, -0.5286, 0.48559, 0.512] angvel=[-0.05057, 0.014, 0.01544] linvel=[-0.0041, -0.00649, 0.00616] z=0.1070
[lowlevel-sim][GT] t=47.701 quat=[0.47199, -0.52855, 0.48543, 0.51207] angvel=[0.00127, 0.0397, 0.0101] linvel=[0.00805, -0.00151, 6e-05] z=0.1070
[lowlevel-sim][GT] t=47.751 quat=[0.47191, -0.52864, 0.48546, 0.51202] angvel=[-0.02483, -0.006, 0.00636] linvel=[0.00503, -0.0029, 0.00276] z=0.1070
[lowlevel-sim][GT] t=47.801 quat=[0.47189, -0.52857, 0.48543, 0.51214] angvel=[0.03711, -0.05334, -0.02128] linvel=[0.00415, -0.0031, -0.0021] z=0.1070
[lowlevel-sim][GT] t=47.851 quat=[0.47181, -0.5285, 0.48557, 0.51216] angvel=[-0.01841, -0.0018, 0.02237] linvel=[0.00162, -0.00193, 0.00261] z=0.1071
[lowlevel-sim][GT] t=47.901 quat=[0.47177, -0.5285, 0.48545, 0.51231] angvel=[-0.06061, 0.01845, 0.00774] linvel=[0.00396, -0.00272, 0.00871] z=0.1071
[lowlevel-sim][GT] t=47.951 quat=[0.47174, -0.52854, 0.48552, 0.51224] angvel=[-0.02425, -0.01863, -0.00074] linvel=[0.00194, -0.00077, 0.00356] z=0.1071
[lowlevel-sim] t=  48.00 mode=cmd        pd=29459 hold=13262 failclosed=57 rtf=0.275 base_z=+0.107 pitch=+1.541 roll=-3.102 |tau|max= 35.00 sat=2/29 knee_L=+0.276 hip_p_L=-0.107 torn=12306 cmd_age=25.6ms auth=119.8s rig_ign=2402 fix_base=0 sat_j=left_ankle_roll_joint:+35.0,right_ankle_roll_joint:-35.0
[lowlevel-sim][GT] t=48.001 quat=[0.47171, -0.52849, 0.48533, 0.51248] angvel=[-0.08235, 0.05182, 0.01681] linvel=[0.00642, -0.00512, 0.00749] z=0.1071
[lowlevel-sim][GT] t=48.051 quat=[0.47164, -0.52842, 0.48539, 0.51257] angvel=[-0.00176, 0.00415, -0.0274] linvel=[-0.0032, -0.00717, -0.00309] z=0.1071
[lowlevel-sim][GT] t=48.101 quat=[0.47162, -0.52846, 0.4853, 0.51263] angvel=[-0.02177, 0.11108, 0.00358] linvel=[-0.00266, -0.00452, 0.00247] z=0.1071
[lowlevel-sim][GT] t=48.151 quat=[0.4715, -0.52862, 0.48534, 0.51254] angvel=[-0.05886, 0.02928, 0.01027] linvel=[0.0001, -0.00705, 0.00518] z=0.1071
[lowlevel-sim][GT] t=48.201 quat=[0.47197, -0.52843, 0.48511, 0.51252] angvel=[0.03166, 0.03312, -0.00511] linvel=[0.00638, -0.00028, -0.00446] z=0.1072
[lowlevel-sim][GT] t=48.251 quat=[0.47202, -0.52845, 0.48535, 0.51223] angvel=[-0.0384, 0.0127, 0.01214] linvel=[0.01044, -0.00724, 0.00016] z=0.1071
[lowlevel-sim][GT] t=48.301 quat=[0.47218, -0.52831, 0.48537, 0.51219] angvel=[-0.04524, -0.02712, -0.01344] linvel=[0.00692, -0.0053, 0.00337] z=0.1071
[lowlevel-sim][GT] t=48.351 quat=[0.4721, -0.5283, 0.48561, 0.51206] angvel=[-0.03336, -0.00887, -0.02677] linvel=[0.0053, -0.0058, 0.00067] z=0.1071
[lowlevel-sim][GT] t=48.401 quat=[0.47227, -0.52811, 0.48577, 0.51194] angvel=[0.01256, -0.05431, -0.01495] linvel=[0.0072, 0.00093, 0.00283] z=0.1070
[lowlevel-sim][GT] t=48.451 quat=[0.47255, -0.5279, 0.486, 0.51169] angvel=[-0.02461, 0.01086, -0.00847] linvel=[0.01131, -0.00589, 0.00097] z=0.1071
[lowlevel-sim] t=  48.50 mode=cmd        pd=29709 hold=13262 failclosed=57 rtf=0.275 base_z=+0.107 pitch=+1.541 roll=-3.090 |tau|max= 35.00 sat=2/29 knee_L=+0.275 hip_p_L=-0.106 torn=12321 cmd_age=33.5ms auth=121.5s rig_ign=2402 fix_base=0 sat_j=left_ankle_roll_joint:+35.0,right_ankle_roll_joint:-35.0
[lowlevel-sim][GT] t=48.501 quat=[0.47279, -0.52767, 0.48619, 0.51152] angvel=[0.08399, -0.00459, -0.00969] linvel=[0.00545, -0.00072, -0.00557] z=0.1071
[lowlevel-sim][GT] t=48.551 quat=[0.4727, -0.52764, 0.48635, 0.51148] angvel=[-0.02272, -0.0207, -0.03284] linvel=[0.0006, -0.00562, -0.00075] z=0.1071
[lowlevel-sim][GT] t=48.601 quat=[0.47285, -0.52759, 0.48635, 0.5114] angvel=[0.05254, 0.03039, -0.01536] linvel=[0.0031, -0.00168, -0.00467] z=0.1070
[lowlevel-sim][GT] t=48.651 quat=[0.47286, -0.5276, 0.48642, 0.51131] angvel=[-0.03597, -0.00371, 0.00587] linvel=[0.00713, -0.00493, 0.00408] z=0.1071
[lowlevel-sim][GT] t=48.701 quat=[0.4729, -0.5274, 0.48639, 0.5115] angvel=[0.00886, 0.06534, 0.03614] linvel=[0.00278, -0.00303, -0.0003] z=0.1071
[lowlevel-sim][GT] t=48.751 quat=[0.47275, -0.52741, 0.48642, 0.51161] angvel=[-0.02668, -0.02573, 0.00071] linvel=[0.00507, -0.00321, 0.00257] z=0.1071
[lowlevel-sim][GT] t=48.801 quat=[0.47262, -0.52742, 0.48638, 0.51176] angvel=[0.01393, -0.01907, 0.00413] linvel=[0.00293, -0.00032, -0.00024] z=0.1071
[lowlevel-sim][GT] t=48.851 quat=[0.4723, -0.52746, 0.48649, 0.5119] angvel=[-0.06358, 0.01857, 0.05131] linvel=[0.00627, -0.00784, 0.00421] z=0.1071
[lowlevel-sim][GT] t=48.901 quat=[0.47243, -0.52747, 0.48643, 0.51183] angvel=[0.01041, -0.0539, -0.00023] linvel=[0.00283, -0.0012, -0.0005] z=0.1071
[lowlevel-sim][GT] t=48.951 quat=[0.47231, -0.52747, 0.48669, 0.51168] angvel=[-0.04564, -0.03081, -0.04235] linvel=[0.0014, -0.00787, 0.00509] z=0.1070
[lowlevel-sim] t=  49.00 mode=cmd        pd=29959 hold=13262 failclosed=57 rtf=0.276 base_z=+0.107 pitch=+1.541 roll=-3.133 |tau|max= 35.00 sat=2/29 knee_L=+0.276 hip_p_L=-0.107 torn=12339 cmd_age=25.2ms auth=123.1s rig_ign=2402 fix_base=0 sat_j=left_ankle_roll_joint:+35.0,right_ankle_roll_joint:-35.0
[lowlevel-sim][GT] t=49.001 quat=[0.4725, -0.52731, 0.48663, 0.51174] angvel=[-0.01212, -0.01393, 0.00555] linvel=[0.00499, -0.00127, 0.00231] z=0.1070
[lowlevel-sim][GT] t=49.051 quat=[0.47257, -0.52738, 0.48669, 0.51154] angvel=[-0.02661, -0.04581, -0.01581] linvel=[0.00564, -0.00666, 0.00029] z=0.1070
[lowlevel-sim][GT] t=49.101 quat=[0.47267, -0.52734, 0.48671, 0.51147] angvel=[0.06184, -0.02186, -0.0366] linvel=[-0.00201, -0.00087, -0.00479] z=0.1070
[lowlevel-sim][GT] t=49.151 quat=[0.47252, -0.52737, 0.48666, 0.51163] angvel=[-0.0307, -0.03429, -0.02794] linvel=[-0.0033, -0.00852, 0.0045] z=0.1070
[lowlevel-sim][GT] t=49.201 quat=[0.4724, -0.52725, 0.48649, 0.51203] angvel=[0.02789, -0.00981, -0.01518] linvel=[-0.00216, -0.00274, -0.0032] z=0.1070
[lowlevel-sim][GT] t=49.251 quat=[0.47233, -0.5274, 0.48647, 0.51195] angvel=[-0.02533, -0.02513, -0.00822] linvel=[-0.00372, -0.00052, 0.00319] z=0.1070
[lowlevel-sim][GT] t=49.301 quat=[0.47234, -0.52748, 0.48635, 0.51198] angvel=[-0.01497, -0.01601, 0.01153] linvel=[-0.00165, -0.00392, -0.00161] z=0.1070
[lowlevel-sim][GT] t=49.351 quat=[0.47232, -0.52758, 0.48639, 0.51185] angvel=[-0.02175, 0.01634, -0.00075] linvel=[-0.00397, -0.00661, 0.00032] z=0.1070
[lowlevel-sim][GT] t=49.401 quat=[0.4722, -0.52766, 0.48623, 0.51204] angvel=[-0.0091, -0.03257, 0.00433] linvel=[0.0022, -0.00383, 0.00174] z=0.1070
[lowlevel-sim][GT] t=49.451 quat=[0.47221, -0.52784, 0.48624, 0.51184] angvel=[-0.03042, -0.06182, -0.01239] linvel=[0.00525, -0.00664, 0.00133] z=0.1069
[lowlevel-sim] t=  49.50 mode=cmd        pd=30209 hold=13262 failclosed=57 rtf=0.276 base_z=+0.107 pitch=+1.541 roll=-3.109 |tau|max= 35.00 sat=2/29 knee_L=+0.275 hip_p_L=-0.106 torn=12360 cmd_age=30.7ms auth=124.6s rig_ign=2402 fix_base=0 sat_j=left_ankle_roll_joint:+35.0,right_ankle_roll_joint:-35.0
[lowlevel-sim][GT] t=49.501 quat=[0.47235, -0.52781, 0.48611, 0.51186] angvel=[-0.00084, 0.01775, -0.0111] linvel=[0.00188, -0.00091, 0.00189] z=0.1069
[lowlevel-sim][GT] t=49.551 quat=[0.47223, -0.52792, 0.48614, 0.51182] angvel=[-0.03309, 0.00297, 0.00438] linvel=[0.00587, -0.00847, 0.00167] z=0.1069
[lowlevel-sim][GT] t=49.601 quat=[0.47226, -0.5278, 0.48622, 0.51185] angvel=[0.04146, 0.02809, 0.00298] linvel=[0.00576, -0.00022, -0.00316] z=0.1069
[lowlevel-sim][GT] t=49.651 quat=[0.47221, -0.52772, 0.48634, 0.51187] angvel=[-0.04798, 0.02865, -0.0421] linvel=[0.00061, -0.00775, 0.00416] z=0.1069
[lowlevel-sim][GT] t=49.701 quat=[0.47234, -0.52756, 0.4863, 0.51195] angvel=[0.05365, -0.0047, -0.0094] linvel=[0.00248, 0.00065, -0.00526] z=0.1069
[lowlevel-sim][GT] t=49.751 quat=[0.4724, -0.52755, 0.48637, 0.51183] angvel=[-0.00974, -0.01396, -0.00102] linvel=[0.00613, -0.00257, 0.00021] z=0.1069
[lowlevel-sim][GT] t=49.801 quat=[0.47252, -0.52743, 0.48637, 0.51185] angvel=[0.02164, 0.01272, -0.01517] linvel=[0.00145, -0.00413, -0.0008] z=0.1069
[lowlevel-sim][GT] t=49.851 quat=[0.47248, -0.52748, 0.48645, 0.51177] angvel=[-0.02113, -0.01473, -0.03338] linvel=[0.00533, -0.00435, 0.00113] z=0.1069
[lowlevel-sim][GT] t=49.901 quat=[0.47253, -0.52744, 0.48648, 0.51173] angvel=[-0.01929, 0.0131, 0.01844] linvel=[0.0043, -0.00249, 0.00103] z=0.1069
[lowlevel-sim][GT] t=49.951 quat=[0.47241, -0.52745, 0.48662, 0.51169] angvel=[-0.01127, 0.01647, -0.01186] linvel=[0.0006, -0.00364, 0.00307] z=0.1069
[lowlevel-sim] t=  50.00 mode=cmd        pd=30459 hold=13262 failclosed=57 rtf=0.276 base_z=+0.107 pitch=+1.541 roll=-3.126 |tau|max= 35.00 sat=2/29 knee_L=+0.274 hip_p_L=-0.106 torn=12384 cmd_age=37.5ms auth=126.4s rig_ign=2402 fix_base=0 sat_j=left_ankle_roll_joint:+35.0,right_ankle_roll_joint:-35.0
[lowlevel-sim][GT] t=50.001 quat=[0.47254, -0.52738, 0.4866, 0.51166] angvel=[0.00595, -0.00427, 0.01711] linvel=[0.00509, -0.00231, -0.00143] z=0.1068
[lowlevel-sim][GT] t=50.051 quat=[0.47257, -0.52748, 0.48678, 0.51136] angvel=[-0.02418, 0.00548, -0.00698] linvel=[0.00198, -0.00202, 0.00291] z=0.1068
[lowlevel-sim][GT] t=50.101 quat=[0.47268, -0.52735, 0.4868, 0.51137] angvel=[0.01637, 0.00626, -0.02957] linvel=[0.00061, -0.00378, -0.0003] z=0.1068
[lowlevel-sim][GT] t=50.151 quat=[0.47263, -0.5274, 0.4868, 0.51137] angvel=[-0.01558, -0.01493, -0.00987] linvel=[0.00627, -0.0075, 0.00105] z=0.1068
[lowlevel-sim][GT] t=50.201 quat=[0.4727, -0.52737, 0.48662, 0.51151] angvel=[0.01637, 0.05679, 0.0168] linvel=[0.00087, -0.00315, -0.00236] z=0.1068
[lowlevel-sim][GT] t=50.251 quat=[0.47236, -0.52756, 0.48668, 0.51157] angvel=[-0.02548, -0.0006, 0.02665] linvel=[0.00234, -0.00686, -0.0009] z=0.1068
[lowlevel-sim][GT] t=50.301 quat=[0.47217, -0.52756, 0.48661, 0.51181] angvel=[-0.00561, -0.03895, 0.00602] linvel=[0.00553, -0.00401, -0.00056] z=0.1067
[lowlevel-sim][GT] t=50.351 quat=[0.4721, -0.52757, 0.48672, 0.51177] angvel=[-0.04052, 0.0331, 0.02847] linvel=[-0.00351, -0.0049, 0.00276] z=0.1067
[lowlevel-sim][GT] t=50.401 quat=[0.47218, -0.52763, 0.48657, 0.51176] angvel=[0.0648, -0.02009, 0.00235] linvel=[0.00301, 0.00135, -0.00646] z=0.1067
[lowlevel-sim][GT] t=50.451 quat=[0.4722, -0.52769, 0.48653, 0.51173] angvel=[-0.04868, 0.04033, 0.02063] linvel=[0.00254, -0.00465, 0.00523] z=0.1067
[lowlevel-sim] t=  50.50 mode=cmd        pd=30709 hold=13262 failclosed=57 rtf=0.277 base_z=+0.107 pitch=+1.541 roll=-3.135 |tau|max= 35.00 sat=2/29 knee_L=+0.274 hip_p_L=-0.106 torn=12398 cmd_age=31.6ms auth=127.9s rig_ign=2402 fix_base=0 sat_j=left_ankle_roll_joint:+35.0,right_ankle_roll_joint:-35.0
[lowlevel-sim][GT] t=50.501 quat=[0.47214, -0.52765, 0.48642, 0.51193] angvel=[0.06592, 0.00407, 0.01397] linvel=[0.00339, 0.00256, -0.00273] z=0.1067
[lowlevel-sim][GT] t=50.551 quat=[0.472, -0.52771, 0.48632, 0.51209] angvel=[-0.02267, 0.01745, 0.04072] linvel=[0.0099, -0.00535, 0.00078] z=0.1068
[lowlevel-sim][GT] t=50.601 quat=[0.47209, -0.52765, 0.48634, 0.51205] angvel=[0.04984, 0.04494, 0.00279] linvel=[0.00305, 0.00341, -0.00133] z=0.1068
[lowlevel-sim][GT] t=50.651 quat=[0.47205, -0.52768, 0.48644, 0.51195] angvel=[-0.03536, -0.03665, 0.00224] linvel=[0.00611, -0.00296, 0.00325] z=0.1068
[lowlevel-sim][GT] t=50.701 quat=[0.4723, -0.52755, 0.48637, 0.51191] angvel=[0.07838, 0.01508, 0.02127] linvel=[0.00264, -0.00094, -0.00748] z=0.1068
[lowlevel-sim][GT] t=50.751 quat=[0.47233, -0.52756, 0.48649, 0.51178] angvel=[-0.04897, -0.02297, -0.01547] linvel=[0.00619, -0.00591, 0.00159] z=0.1068
[lowlevel-sim][GT] t=50.801 quat=[0.47235, -0.52743, 0.48653, 0.51185] angvel=[0.07509, 0.0299, -0.00152] linvel=[0.00137, 0.00036, -0.00718] z=0.1068
[lowlevel-sim][GT] t=50.851 quat=[0.47243, -0.5274, 0.48666, 0.51169] angvel=[-0.03967, -0.03816, -0.01054] linvel=[0.00583, -0.00421, 0.00272] z=0.1068
[lowlevel-sim][GT] t=50.901 quat=[0.47243, -0.52731, 0.48657, 0.51186] angvel=[0.03942, -0.00244, 0.02199] linvel=[0.00067, -7e-05, -0.00424] z=0.1068
[lowlevel-sim][GT] t=50.951 quat=[0.47216, -0.52738, 0.48663, 0.51198] angvel=[-0.03879, 0.03669, 0.00957] linvel=[-0.00102, -0.00599, 0.00359] z=0.1068
[lowlevel-sim] t=  51.00 mode=cmd        pd=30959 hold=13262 failclosed=57 rtf=0.276 base_z=+0.107 pitch=+1.541 roll=+3.129 |tau|max= 35.00 sat=2/29 knee_L=+0.275 hip_p_L=-0.106 torn=12409 cmd_age=32.4ms auth=129.9s rig_ign=2402 fix_base=0 sat_j=left_ankle_roll_joint:+35.0,right_ankle_roll_joint:-35.0
[lowlevel-sim][GT] t=51.001 quat=[0.47205, -0.52744, 0.48657, 0.51208] angvel=[-0.01259, -0.0002, 0.00039] linvel=[-0.00154, 0.00095, 0.00393] z=0.1068
[lowlevel-sim][GT] t=51.051 quat=[0.47205, -0.5276, 0.48659, 0.5119] angvel=[-0.02357, 0.0003, -0.00557] linvel=[-0.00206, -0.00087, 0.00246] z=0.1067
[lowlevel-sim][GT] t=51.101 quat=[0.47198, -0.52754, 0.48648, 0.51213] angvel=[-0.06096, 0.04569, 0.02077] linvel=[0.0024, -0.00417, 0.00393] z=0.1068
[lowlevel-sim][GT] t=51.151 quat=[0.47168, -0.52775, 0.4864, 0.51226] angvel=[-0.0493, 0.03165, 0.03287] linvel=[-0.00443, -0.00609, 0.00524] z=0.1068
[lowlevel-sim][GT] t=51.201 quat=[0.4717, -0.52775, 0.48617, 0.51246] angvel=[-0.0032, 0.06604, 0.04521] linvel=[0.0003, -0.00478, 0.00056] z=0.1068
[lowlevel-sim][GT] t=51.251 quat=[0.47142, -0.52785, 0.48625, 0.51254] angvel=[-0.04622, -0.00607, 0.00753] linvel=[-0.00666, -0.0051, 0.00253] z=0.1068
[lowlevel-sim][GT] t=51.301 quat=[0.47148, -0.52779, 0.48612, 0.51267] angvel=[-0.06058, -0.01191, -0.00383] linvel=[-0.00605, -0.00266, 0.00787] z=0.1068
[lowlevel-sim][GT] t=51.351 quat=[0.47141, -0.52793, 0.48613, 0.51257] angvel=[-0.02575, -0.02548, 0.0039] linvel=[-0.00713, -0.00563, 0.00172] z=0.1067
[lowlevel-sim][GT] t=51.401 quat=[0.47152, -0.52787, 0.48628, 0.51241] angvel=[-0.06749, -0.01797, 0.01128] linvel=[-0.00701, -0.00469, 0.00661] z=0.1067
[lowlevel-sim][GT] t=51.451 quat=[0.47161, -0.52787, 0.48646, 0.51215] angvel=[-0.02419, -0.02294, -0.01856] linvel=[-0.00564, -0.00211, 0.00271] z=0.1066
[lowlevel-sim] t=  51.50 mode=cmd        pd=31209 hold=13262 failclosed=57 rtf=0.276 base_z=+0.107 pitch=+1.540 roll=-3.136 |tau|max= 35.00 sat=2/29 knee_L=+0.274 hip_p_L=-0.106 torn=12429 cmd_age=27.2ms auth=131.8s rig_ign=2402 fix_base=0 sat_j=left_ankle_roll_joint:+35.0,right_ankle_roll_joint:-35.0
[lowlevel-sim][GT] t=51.501 quat=[0.47198, -0.5278, 0.48652, 0.51182] angvel=[-0.05816, -0.0259, -0.01851] linvel=[-0.00525, -0.0016, 0.00418] z=0.1066
[lowlevel-sim][GT] t=51.551 quat=[0.47212, -0.52787, 0.48667, 0.51148] angvel=[-0.03876, -0.04416, -0.02956] linvel=[-0.00548, -0.0044, 0.00198] z=0.1066
[lowlevel-sim][GT] t=51.601 quat=[0.47238, -0.52774, 0.48667, 0.51137] angvel=[0.08926, 0.00098, -0.02791] linvel=[-0.00785, -0.00104, -0.00811] z=0.1066
[lowlevel-sim][GT] t=51.651 quat=[0.47231, -0.52782, 0.48667, 0.51136] angvel=[-0.04645, 0.02521, -0.01071] linvel=[-0.00204, -0.00539, 0.0013] z=0.1066
[lowlevel-sim][GT] t=51.701 quat=[0.47243, -0.52785, 0.48653, 0.51134] angvel=[-0.03436, -0.02688, -0.00397] linvel=[-0.00613, -0.00301, 0.00424] z=0.1066
[lowlevel-sim][GT] t=51.751 quat=[0.47235, -0.52796, 0.48649, 0.51134] angvel=[-0.0221, -0.02625, -0.03656] linvel=[-0.00415, -0.00769, 0.00093] z=0.1066
[lowlevel-sim][GT] t=51.801 quat=[0.4724, -0.5279, 0.48642, 0.51143] angvel=[0.08841, 0.04384, 0.01661] linvel=[0.00159, 0.00018, -0.00697] z=0.1066
[lowlevel-sim][GT] t=51.851 quat=[0.47228, -0.52796, 0.48641, 0.51147] angvel=[0.00182, 0.02159, -0.01768] linvel=[0.00265, -0.00245, -8e-05] z=0.1066
[lowlevel-sim][GT] t=51.901 quat=[0.47231, -0.52785, 0.48639, 0.51158] angvel=[-0.01557, 0.07368, 0.00715] linvel=[0.00517, -0.00388, 0.00022] z=0.1066
[lowlevel-sim][GT] t=51.951 quat=[0.472, -0.52788, 0.48654, 0.5117] angvel=[-0.01716, 0.02036, 0.01043] linvel=[0.00536, -0.00168, 0.00214] z=0.1066
[lowlevel-sim] t=  52.00 mode=cmd        pd=31459 hold=13262 failclosed=57 rtf=0.276 base_z=+0.107 pitch=+1.540 roll=-3.138 |tau|max= 35.00 sat=2/29 knee_L=+0.273 hip_p_L=-0.106 torn=12454 cmd_age=50.6ms auth=133.5s rig_ign=2402 fix_base=0 sat_j=left_ankle_roll_joint:+35.0,right_ankle_roll_joint:-35.0
[lowlevel-sim][GT] t=52.001 quat=[0.47192, -0.5278, 0.48656, 0.51183] angvel=[-0.02147, -0.01294, -0.0055] linvel=[0.00647, -0.00474, 0.00091] z=0.1066
[lowlevel-sim][GT] t=52.051 quat=[0.47189, -0.5279, 0.48656, 0.51176] angvel=[-0.00289, -0.03744, 0.01183] linvel=[0.00669, -0.00532, 0.00271] z=0.1066
[lowlevel-sim][GT] t=52.101 quat=[0.47198, -0.52777, 0.48655, 0.51182] angvel=[0.07677, 0.01565, -0.00866] linvel=[0.00533, 0.00042, -0.00411] z=0.1066
[lowlevel-sim][GT] t=52.151 quat=[0.47192, -0.52774, 0.48658, 0.51188] angvel=[-0.01239, -0.03126, -0.05757] linvel=[-0.00161, -0.00581, 0.00198] z=0.1067
[lowlevel-sim][GT] t=52.201 quat=[0.47202, -0.52768, 0.4865, 0.51192] angvel=[0.03926, -0.01184, 0.00101] linvel=[0.00355, 0.00071, -0.0004] z=0.1067
[lowlevel-sim][GT] t=52.251 quat=[0.47191, -0.52777, 0.48652, 0.51191] angvel=[-0.0237, -0.01977, -0.03567] linvel=[-0.00084, -0.00713, -0.00018] z=0.1067
[lowlevel-sim][GT] t=52.301 quat=[0.47203, -0.52775, 0.48647, 0.51187] angvel=[0.03051, -0.00666, -0.00153] linvel=[0.00667, 0.002, 0.00081] z=0.1067
[lowlevel-sim][GT] t=52.351 quat=[0.47197, -0.52777, 0.48656, 0.51183] angvel=[-0.03387, -0.01222, 0.00033] linvel=[0.00685, -0.00145, 0.00478] z=0.1067
[lowlevel-sim][GT] t=52.401 quat=[0.47216, -0.52745, 0.48658, 0.51196] angvel=[0.00638, -0.03755, -0.01783] linvel=[0.00546, -0.00232, -0.00014] z=0.1067
[lowlevel-sim][GT] t=52.451 quat=[0.47209, -0.52751, 0.48675, 0.5118] angvel=[-0.05996, -0.02134, -0.00278] linvel=[0.00589, -0.00583, 0.0046] z=0.1067
[lowlevel-sim] t=  52.50 mode=cmd        pd=31709 hold=13262 failclosed=57 rtf=0.276 base_z=+0.107 pitch=+1.541 roll=+3.137 |tau|max= 35.00 sat=2/29 knee_L=+0.274 hip_p_L=-0.106 torn=12468 cmd_age=29.0ms auth=135.3s rig_ign=2402 fix_base=0 sat_j=left_ankle_roll_joint:+35.0,right_ankle_roll_joint:-35.0
[lowlevel-sim][GT] t=52.501 quat=[0.47224, -0.5274, 0.48679, 0.51174] angvel=[0.0088, -0.09001, -0.03327] linvel=[0.00186, -0.00154, 0.00206] z=0.1067
[lowlevel-sim][GT] t=52.551 quat=[0.47225, -0.52745, 0.48684, 0.51163] angvel=[-0.03458, -0.00672, -0.01578] linvel=[0.00651, -0.00664, 0.00245] z=0.1067
[lowlevel-sim][GT] t=52.601 quat=[0.47234, -0.52742, 0.4868, 0.51161] angvel=[0.0327, 0.03895, 0.0083] linvel=[0.00118, -0.0044, -0.00445] z=0.1066
[lowlevel-sim][GT] t=52.651 quat=[0.47223, -0.52754, 0.48681, 0.51158] angvel=[-0.02733, -0.0063, 0.0045] linvel=[0.00517, -0.00624, -8e-05] z=0.1066
[lowlevel-sim][GT] t=52.701 quat=[0.47202, -0.52755, 0.48675, 0.51182] angvel=[-0.10099, 0.03759, 0.01976] linvel=[-0.00079, -0.00567, 0.00978] z=0.1066
[lowlevel-sim][GT] t=52.751 quat=[0.47183, -0.52766, 0.48677, 0.51188] angvel=[-0.02368, 0.00139, -0.00334] linvel=[-0.00161, 0.0008, 0.00269] z=0.1066
[lowlevel-sim][GT] t=52.801 quat=[0.47187, -0.52756, 0.48669, 0.512] angvel=[-0.03249, 0.00731, -0.00293] linvel=[0.00642, -0.00317, 0.00438] z=0.1067
[lowlevel-sim][GT] t=52.851 quat=[0.47198, -0.52759, 0.48662, 0.51194] angvel=[-0.02063, 0.01176, 0.01578] linvel=[0.00186, -0.00087, 0.00127] z=0.1067
[lowlevel-sim][GT] t=52.901 quat=[0.47185, -0.52758, 0.48661, 0.51208] angvel=[0.01691, 0.02315, 0.01065] linvel=[0.00018, -0.00383, -0.00203] z=0.1067
[lowlevel-sim][GT] t=52.951 quat=[0.47195, -0.5276, 0.48668, 0.51191] angvel=[-0.02281, -0.03953, -0.02146] linvel=[-0.00628, -0.00449, 0.00123] z=0.1067
[lowlevel-sim] t=  53.00 mode=cmd        pd=31959 hold=13262 failclosed=57 rtf=0.277 base_z=+0.107 pitch=+1.541 roll=+3.127 |tau|max= 35.00 sat=2/29 knee_L=+0.275 hip_p_L=-0.107 torn=12486 cmd_age=21.9ms auth=137.0s rig_ign=2402 fix_base=0 sat_j=left_ankle_roll_joint:+35.0,right_ankle_roll_joint:-35.0
[lowlevel-sim][GT] t=53.001 quat=[0.4719, -0.52755, 0.48657, 0.5121] angvel=[0.00138, 0.01468, 0.01174] linvel=[-0.00391, -0.00108, 0.00036] z=0.1067
[lowlevel-sim][GT] t=53.051 quat=[0.47194, -0.52758, 0.48662, 0.51199] angvel=[-0.00637, 0.00796, -0.00576] linvel=[-0.0023, -0.00828, -0.001] z=0.1067
[lowlevel-sim][GT] t=53.101 quat=[0.47227, -0.52754, 0.48661, 0.51175] angvel=[-0.03622, 0.04018, 0.00278] linvel=[0.00046, -0.00232, 0.00374] z=0.1067
[lowlevel-sim][GT] t=53.151 quat=[0.47224, -0.52755, 0.48667, 0.51169] angvel=[-0.04824, -0.00013, -0.04688] linvel=[-0.00135, -0.00676, 0.00447] z=0.1068
[lowlevel-sim][GT] t=53.201 quat=[0.47236, -0.52748, 0.48661, 0.51171] angvel=[-0.02908, 0.03839, 0.02669] linvel=[0.00412, -0.00397, 0.00362] z=0.1067
[lowlevel-sim][GT] t=53.251 quat=[0.4722, -0.52754, 0.48671, 0.5117] angvel=[-0.04094, 0.04099, 0.01504] linvel=[0.00112, -0.00384, 0.00306] z=0.1067
[lowlevel-sim][GT] t=53.301 quat=[0.47221, -0.52756, 0.48664, 0.51175] angvel=[-0.03698, 0.01843, 0.01637] linvel=[0.00648, -0.00386, 0.00439] z=0.1067
[lowlevel-sim][GT] t=53.351 quat=[0.47205, -0.52761, 0.48668, 0.5118] angvel=[-0.0284, 0.02641, 0.00483] linvel=[0.00152, -0.00149, 0.00383] z=0.1067
[lowlevel-sim][GT] t=53.401 quat=[0.47189, -0.5276, 0.48661, 0.51203] angvel=[0.01619, 0.01157, 0.01295] linvel=[-0.00083, 0.00158, 0.00223] z=0.1067
[lowlevel-sim][GT] t=53.451 quat=[0.47173, -0.52767, 0.48662, 0.51209] angvel=[-0.03319, 0.02922, 0.00445] linvel=[-0.00426, -0.00357, 0.00193] z=0.1067
[lowlevel-sim] t=  53.50 mode=cmd        pd=32209 hold=13262 failclosed=57 rtf=0.277 base_z=+0.107 pitch=+1.541 roll=+3.118 |tau|max= 35.00 sat=2/29 knee_L=+0.274 hip_p_L=-0.107 torn=12503 cmd_age=26.2ms auth=138.6s rig_ign=2402 fix_base=0 sat_j=left_ankle_roll_joint:+35.0,right_ankle_roll_joint:-35.0
[lowlevel-sim][GT] t=53.501 quat=[0.47174, -0.52758, 0.48646, 0.51233] angvel=[0.04324, -0.00163, 0.00476] linvel=[-0.00515, 0.00233, 0.00059] z=0.1067
[lowlevel-sim][GT] t=53.551 quat=[0.47169, -0.52772, 0.48646, 0.51222] angvel=[-0.05018, 0.03556, 0.01828] linvel=[-0.00647, -0.00378, 0.00357] z=0.1067
[lowlevel-sim][GT] t=53.601 quat=[0.47179, -0.5276, 0.48634, 0.51237] angvel=[0.01272, 0.02046, 0.0118] linvel=[0.00023, 0.00026, 0.00165] z=0.1068
[lowlevel-sim][GT] t=53.651 quat=[0.4718, -0.52772, 0.4865, 0.51209] angvel=[-0.06751, 0.03402, 0.0055] linvel=[-0.00234, -0.00431, 0.00564] z=0.1067
[lowlevel-sim][GT] t=53.701 quat=[0.47197, -0.5277, 0.48632, 0.51212] angvel=[0.01243, 0.02831, 0.01546] linvel=[0.00158, -0.00012, -0.00082] z=0.1068
[lowlevel-sim][GT] t=53.751 quat=[0.47198, -0.52773, 0.48637, 0.51204] angvel=[-0.03736, 0.00924, -0.0175] linvel=[0.00302, -0.00427, 0.00177] z=0.1068
[lowlevel-sim][GT] t=53.801 quat=[0.47212, -0.52762, 0.48645, 0.51194] angvel=[-0.01401, -0.04638, -0.006] linvel=[-0.00176, -0.00231, 0.00214] z=0.1067
[lowlevel-sim][GT] t=53.851 quat=[0.47199, -0.52772, 0.4866, 0.51182] angvel=[-0.04249, 0.02258, -0.01604] linvel=[0.00198, -0.00502, 0.00221] z=0.1067
[lowlevel-sim][GT] t=53.901 quat=[0.47207, -0.52765, 0.48659, 0.51183] angvel=[-0.00288, 0.05177, -0.00338] linvel=[0.00145, -0.00283, 0.00022] z=0.1067
[lowlevel-sim][GT] t=53.951 quat=[0.47208, -0.52769, 0.48664, 0.51173] angvel=[-0.0226, 0.02038, 0.00161] linvel=[0.00356, -0.00452, 0.00128] z=0.1067
[lowlevel-sim] FAIL-CLOSED engaged at t=53.956s, last command age 85.98 ms (deadline <= 100 ms) PASS
[lowlevel-sim] COMMANDED at t=53.958s (was fail-closed)
[lowlevel-sim] t=  54.00 mode=cmd        pd=32460 hold=13262 failclosed=59 rtf=0.277 base_z=+0.107 pitch=+1.540 roll=+3.139 |tau|max=  9.14 sat=0/29 knee_L=+0.275 hip_p_L=-0.107 torn=12513 cmd_age=75.6ms auth=140.5s rig_ign=2402 fix_base=0
[lowlevel-sim][GT] t=54.001 quat=[0.47182, -0.5278, 0.4868, 0.5117] angvel=[-0.06531, 0.05433, -0.00156] linvel=[0.00045, -0.00505, 0.00316] z=0.1066
[lowlevel-sim] FAIL-CLOSED engaged at t=54.003s, last command age 86.03 ms (deadline <= 100 ms) PASS
[lowlevel-sim] COMMANDED at t=54.006s (was fail-closed)
[lowlevel-sim][GT] t=54.051 quat=[0.47161, -0.52779, 0.48691, 0.51181] angvel=[0.01665, -0.03247, -0.03066] linvel=[-0.00236, -0.00148, -0.00109] z=0.1066
[lowlevel-sim][GT] t=54.101 quat=[0.47157, -0.52776, 0.48692, 0.51186] angvel=[-0.01995, 0.01655, 0.0044] linvel=[-0.00519, -0.00338, 0.00302] z=0.1066
[lowlevel-sim][GT] t=54.151 quat=[0.47172, -0.52764, 0.48671, 0.51205] angvel=[0.02593, 0.07511, 0.01546] linvel=[-0.00534, 0.0025, 0.00152] z=0.1067
[lowlevel-sim][GT] t=54.201 quat=[0.47173, -0.52757, 0.48664, 0.51218] angvel=[-0.0093, -0.00485, -0.00481] linvel=[-0.00645, -0.00623, -0.00089] z=0.1067
[lowlevel-sim][GT] t=54.251 quat=[0.47195, -0.52757, 0.48647, 0.51212] angvel=[0.03344, -0.05128, 0.00817] linvel=[-0.00058, -0.00184, -0.00291] z=0.1068
[lowlevel-sim][GT] t=54.301 quat=[0.47222, -0.52764, 0.48642, 0.51187] angvel=[-0.01399, -0.05731, -0.04007] linvel=[-0.00259, -0.00497, 0.00055] z=0.1068
[lowlevel-sim][GT] t=54.351 quat=[0.47241, -0.52762, 0.48635, 0.51177] angvel=[0.01524, -0.00738, -0.0045] linvel=[0.00439, 0.00056, 0.00121] z=0.1068
[lowlevel-sim][GT] t=54.401 quat=[0.47219, -0.52778, 0.48639, 0.51178] angvel=[-0.0516, -0.02622, -0.01561] linvel=[-0.00042, -0.01104, 0.00133] z=0.1067
[lowlevel-sim][GT] t=54.451 quat=[0.47179, -0.52788, 0.48629, 0.51214] angvel=[0.00241, -0.03522, 0.01573] linvel=[0.00242, -0.00093, 0.0008] z=0.1067
[lowlevel-sim] t=  54.50 mode=cmd        pd=32712 hold=13262 failclosed=62 rtf=0.276 base_z=+0.107 pitch=+1.540 roll=-3.138 |tau|max=  9.88 sat=0/29 knee_L=+0.275 hip_p_L=-0.106 torn=12542 cmd_age=32.6ms auth=142.6s rig_ign=2402 fix_base=0
[lowlevel-sim][GT] t=54.501 quat=[0.47169, -0.52804, 0.48618, 0.51217] angvel=[-0.03667, -0.03021, -0.02968] linvel=[-0.00149, -0.00788, 0.0015] z=0.1067
[lowlevel-sim][GT] t=54.551 quat=[0.47157, -0.52797, 0.48609, 0.51244] angvel=[-0.01983, 0.07939, 0.01818] linvel=[0.00624, -0.00029, 0.0028] z=0.1067
[lowlevel-sim][GT] t=54.601 quat=[0.47126, -0.52798, 0.48615, 0.51264] angvel=[-0.04112, 0.00567, 0.01324] linvel=[-0.00286, -0.00878, 0.00262] z=0.1067
[lowlevel-sim][GT] t=54.651 quat=[0.4712, -0.52803, 0.48599, 0.51281] angvel=[-0.00873, -0.03603, -0.00492] linvel=[-0.00249, -0.00401, 0.00178] z=0.1067
[lowlevel-sim][GT] t=54.701 quat=[0.47125, -0.52812, 0.48607, 0.51258] angvel=[-0.04191, -0.0236, -0.00436] linvel=[0.00069, -0.01075, 0.00463] z=0.1068
[lowlevel-sim][GT] t=54.751 quat=[0.47148, -0.52805, 0.48599, 0.51253] angvel=[0.00453, 0.00158, -0.01296] linvel=[0.00378, 0.00107, 0.00375] z=0.1068
[lowlevel-sim][GT] t=54.801 quat=[0.47159, -0.52808, 0.48606, 0.51232] angvel=[-0.0069, -0.03514, 0.00868] linvel=[0.00548, -0.00261, 0.00116] z=0.1067
[lowlevel-sim][GT] t=54.851 quat=[0.47159, -0.52807, 0.48602, 0.51238] angvel=[0.03139, 0.00764, 0.0071] linvel=[0.00488, -0.00094, -0.00249] z=0.1067
[lowlevel-sim][GT] t=54.901 quat=[0.47152, -0.52808, 0.48608, 0.51238] angvel=[-0.0035, -0.01167, -0.02717] linvel=[-0.00141, -0.00537, 0.00297] z=0.1068
[lowlevel-sim][GT] t=54.951 quat=[0.4717, -0.52803, 0.48593, 0.5124] angvel=[-0.05206, -0.0215, 0.00111] linvel=[-0.00375, -0.00384, 0.00355] z=0.1067
[lowlevel-sim] t=  55.00 mode=cmd        pd=32962 hold=13262 failclosed=62 rtf=0.276 base_z=+0.107 pitch=+1.540 roll=+3.135 |tau|max=  9.14 sat=0/29 knee_L=+0.276 hip_p_L=-0.107 torn=12562 cmd_age=36.0ms auth=144.7s rig_ign=2402 fix_base=0
[lowlevel-sim][GT] t=55.001 quat=[0.47139, -0.52818, 0.48601, 0.51246] angvel=[-0.05931, -0.0307, 0.00195] linvel=[-0.00072, -0.00684, 0.0042] z=0.1067
[lowlevel-sim][GT] t=55.051 quat=[0.47141, -0.5282, 0.4859, 0.51252] angvel=[-0.03695, -0.05571, -0.01613] linvel=[-0.00303, -0.00405, 0.00475] z=0.1067
[lowlevel-sim][GT] t=55.101 quat=[0.47126, -0.52827, 0.48592, 0.51256] angvel=[-0.00985, -0.03947, -0.01451] linvel=[0.00349, -0.00344, 0.00296] z=0.1067
[lowlevel-sim][GT] t=55.151 quat=[0.47132, -0.52818, 0.48584, 0.51267] angvel=[0.05959, 0.00381, 0.00406] linvel=[-0.00319, 0.00033, -0.00569] z=0.1067
[lowlevel-sim][GT] t=55.201 quat=[0.47103, -0.52831, 0.48592, 0.51274] angvel=[-0.03858, 0.03357, 0.02179] linvel=[-0.00494, -0.00425, 0.00253] z=0.1067
[lowlevel-sim][GT] t=55.251 quat=[0.47119, -0.52828, 0.48585, 0.51269] angvel=[0.00714, -0.04214, -0.01122] linvel=[-0.00119, 0.00011, -7e-05] z=0.1067
[lowlevel-sim][GT] t=55.301 quat=[0.47128, -0.52835, 0.48587, 0.51252] angvel=[-0.04901, -0.01998, 0.00089] linvel=[0.00259, -0.00221, 0.00477] z=0.1067
[lowlevel-sim][GT] t=55.351 quat=[0.47138, -0.52827, 0.48588, 0.5125] angvel=[-0.01542, 0.02139, 0.00274] linvel=[0.00154, -0.00176, 0.00334] z=0.1067
[lowlevel-sim][GT] t=55.401 quat=[0.47135, -0.52834, 0.48599, 0.51235] angvel=[-0.02554, 0.00849, -0.0166] linvel=[0.00479, -0.0034, -0.00119] z=0.1067
[lowlevel-sim][GT] t=55.451 quat=[0.47149, -0.52826, 0.48587, 0.51242] angvel=[-0.02386, 0.03283, 0.01262] linvel=[0.00524, -0.00466, 0.00204] z=0.1067
[lowlevel-sim] t=  55.50 mode=cmd        pd=33212 hold=13262 failclosed=62 rtf=0.276 base_z=+0.107 pitch=+1.540 roll=-3.133 |tau|max=  8.36 sat=0/29 knee_L=+0.275 hip_p_L=-0.106 torn=12585 cmd_age=37.6ms auth=146.5s rig_ign=2402 fix_base=0
[lowlevel-sim][GT] t=55.501 quat=[0.47145, -0.52834, 0.48592, 0.51232] angvel=[-0.02828, -0.01979, 0.00202] linvel=[0.00579, -0.00391, 0.0003] z=0.1067
[lowlevel-sim][GT] t=55.551 quat=[0.47159, -0.52825, 0.48581, 0.51239] angvel=[0.00272, -0.01767, -0.01242] linvel=[0.00706, -0.00095, 0.00058] z=0.1067
[lowlevel-sim][GT] t=55.601 quat=[0.47162, -0.52829, 0.48587, 0.51226] angvel=[-0.02108, -0.00381, -0.00626] linvel=[0.0048, -0.00116, 0.00287] z=0.1067
[lowlevel-sim][GT] t=55.651 quat=[0.47156, -0.52818, 0.48589, 0.51242] angvel=[-0.04944, 0.02898, 0.00939] linvel=[0.00222, -0.00558, 0.00194] z=0.1067
[lowlevel-sim][GT] t=55.701 quat=[0.47153, -0.52826, 0.48586, 0.51239] angvel=[-0.03689, -0.00904, 0.00122] linvel=[0.00294, -0.00199, 0.00308] z=0.1067
[lowlevel-sim][GT] t=55.751 quat=[0.47158, -0.52838, 0.48565, 0.51241] angvel=[0.04614, 0.03275, -0.0158] linvel=[0.01174, 0.00108, -0.0055] z=0.1067
[lowlevel-sim][GT] t=55.801 quat=[0.47166, -0.52832, 0.4858, 0.51226] angvel=[-0.04437, -0.00473, 0.01856] linvel=[0.00808, -0.00383, 0.00376] z=0.1067
[lowlevel-sim][GT] t=55.851 quat=[0.47177, -0.52824, 0.48582, 0.51223] angvel=[0.01503, -0.03967, -0.01605] linvel=[0.00644, 0.00066, 0.00118] z=0.1067
[lowlevel-sim][GT] t=55.901 quat=[0.47159, -0.52832, 0.48598, 0.51216] angvel=[-0.05278, -0.01036, 0.01273] linvel=[0.00694, -0.00386, 0.00401] z=0.1067
[lowlevel-sim][GT] t=55.951 quat=[0.47159, -0.52822, 0.486, 0.51224] angvel=[0.03832, 0.01368, 0.00303] linvel=[0.00739, 0.00081, -0.00379] z=0.1066
[lowlevel-sim] t=  56.00 mode=cmd        pd=33462 hold=13262 failclosed=62 rtf=0.276 base_z=+0.107 pitch=+1.540 roll=-3.138 |tau|max=  8.40 sat=0/29 knee_L=+0.275 hip_p_L=-0.107 torn=12601 cmd_age=28.5ms auth=148.2s rig_ign=2402 fix_base=0
[lowlevel-sim][GT] t=56.001 quat=[0.47156, -0.52817, 0.48621, 0.51213] angvel=[-0.04219, -0.01086, -0.00455] linvel=[0.00563, -0.00141, 0.00388] z=0.1066
[lowlevel-sim][GT] t=56.051 quat=[0.47166, -0.52801, 0.48608, 0.51232] angvel=[0.01519, -0.01487, -0.01628] linvel=[0.00427, -0.00101, -0.00134] z=0.1067
[lowlevel-sim][GT] t=56.101 quat=[0.47162, -0.52796, 0.48614, 0.51235] angvel=[-0.00364, -0.0113, -0.0068] linvel=[0.00419, -0.0024, 0.00078] z=0.1067
[lowlevel-sim][GT] t=56.151 quat=[0.47149, -0.52792, 0.48619, 0.51246] angvel=[0.01961, 0.04177, 0.00432] linvel=[-0.00051, -1e-05, -0.00154] z=0.1067
[lowlevel-sim][GT] t=56.201 quat=[0.47122, -0.52809, 0.48632, 0.51242] angvel=[-0.04441, 0.00795, -0.00313] linvel=[-0.00337, -0.00745, 0.00481] z=0.1067
[lowlevel-sim][GT] t=56.251 quat=[0.47124, -0.52804, 0.48627, 0.5125] angvel=[0.05065, 0.03047, 0.00624] linvel=[-0.00443, 0.00068, -0.00461] z=0.1066
[lowlevel-sim][GT] t=56.301 quat=[0.47113, -0.52818, 0.48619, 0.51253] angvel=[-0.0203, -0.00616, 0.00642] linvel=[-0.00864, -0.00667, -0.00106] z=0.1067
[lowlevel-sim][GT] t=56.351 quat=[0.47122, -0.5283, 0.48608, 0.51242] angvel=[0.01443, -0.00807, -0.00702] linvel=[-0.00069, -4e-05, 0.00112] z=0.1066
[lowlevel-sim][GT] t=56.401 quat=[0.47119, -0.52832, 0.48598, 0.51252] angvel=[-0.03489, -0.01617, -0.01054] linvel=[-0.00872, -0.0096, 0.00197] z=0.1067
[lowlevel-sim][GT] t=56.451 quat=[0.47101, -0.52826, 0.48588, 0.51284] angvel=[-0.02397, 0.04712, 0.03341] linvel=[-0.00337, -0.00268, 0.0032] z=0.1067
[lowlevel-sim] t=  56.50 mode=cmd        pd=33712 hold=13262 failclosed=62 rtf=0.276 base_z=+0.107 pitch=+1.540 roll=+3.127 |tau|max=  8.66 sat=0/29 knee_L=+0.276 hip_p_L=-0.107 torn=12619 cmd_age=35.1ms auth=149.8s rig_ign=2402 fix_base=0
[lowlevel-sim][GT] t=56.501 quat=[0.47102, -0.52839, 0.48581, 0.51277] angvel=[-0.01978, 0.00694, -0.00163] linvel=[-0.00417, -0.00315, 0.0037] z=0.1068
[lowlevel-sim][GT] t=56.551 quat=[0.47114, -0.52834, 0.48569, 0.51282] angvel=[0.00688, -0.06277, -0.01786] linvel=[-0.00615, -0.00069, 0.00179] z=0.1068
[lowlevel-sim][GT] t=56.601 quat=[0.47107, -0.52836, 0.48572, 0.51283] angvel=[-0.02878, -0.05301, 0.01591] linvel=[-0.00456, -0.00417, 0.00386] z=0.1068
[lowlevel-sim][GT] t=56.651 quat=[0.47108, -0.52842, 0.48559, 0.51289] angvel=[0.03739, 0.04012, 0.0189] linvel=[-0.0011, -0.00028, -0.00425] z=0.1068
[lowlevel-sim][GT] t=56.701 quat=[0.47085, -0.52851, 0.48559, 0.513] angvel=[-0.04167, 0.02591, 0.03579] linvel=[0.00092, -0.00656, 0.00265] z=0.1068
[lowlevel-sim][GT] t=56.751 quat=[0.47085, -0.52857, 0.48541, 0.51312] angvel=[0.02979, 0.03014, 0.01226] linvel=[-0.00579, -0.00345, -0.00283] z=0.1068
[lowlevel-sim][GT] t=56.801 quat=[0.47077, -0.52861, 0.48535, 0.5132] angvel=[-0.01391, 0.01271, -0.00172] linvel=[-0.00591, -0.00638, -0.00342] z=0.1068
[lowlevel-sim][GT] t=56.851 quat=[0.47079, -0.52854, 0.48529, 0.51332] angvel=[0.03654, 0.01015, -0.0039] linvel=[-0.00352, 0.00302, -0.00092] z=0.1068
[lowlevel-sim][GT] t=56.901 quat=[0.47103, -0.52866, 0.48531, 0.51296] angvel=[-0.00622, -0.02864, -0.02022] linvel=[0.00532, -0.00097, 0.00207] z=0.1068
[lowlevel-sim][GT] t=56.951 quat=[0.47117, -0.52862, 0.48526, 0.51291] angvel=[-0.02367, -0.04069, -0.0211] linvel=[0.00692, -0.00116, 0.00331] z=0.1068
[lowlevel-sim] t=  57.00 mode=cmd        pd=33962 hold=13262 failclosed=62 rtf=0.276 base_z=+0.107 pitch=+1.541 roll=-3.137 |tau|max=  9.51 sat=0/29 knee_L=+0.275 hip_p_L=-0.106 torn=12639 cmd_age=44.0ms auth=151.9s rig_ign=2402 fix_base=0
[lowlevel-sim][GT] t=57.001 quat=[0.47108, -0.52863, 0.48537, 0.51289] angvel=[-0.02715, -0.04723, -0.02066] linvel=[0.00624, -0.00317, 0.00303] z=0.1068
[lowlevel-sim][GT] t=57.051 quat=[0.47123, -0.52857, 0.48533, 0.51284] angvel=[-0.01132, 0.0246, 0.00232] linvel=[0.00342, -0.00246, 0.00177] z=0.1068
[lowlevel-sim][GT] t=57.101 quat=[0.47087, -0.52878, 0.48538, 0.51291] angvel=[-0.01943, -0.01115, -0.00278] linvel=[0.00548, -0.00251, 0.00206] z=0.1067
[lowlevel-sim][GT] t=57.151 quat=[0.47082, -0.52886, 0.48529, 0.51297] angvel=[-0.02927, 0.01044, 0.00365] linvel=[0.00099, -0.00357, 0.00348] z=0.1067
[lowlevel-sim][GT] t=57.201 quat=[0.47067, -0.52884, 0.4853, 0.51312] angvel=[0.00226, -0.03646, -0.06799] linvel=[-0.0007, -0.00755, 0.00163] z=0.1067
[lowlevel-sim][GT] t=57.251 quat=[0.47066, -0.52872, 0.48521, 0.51332] angvel=[-0.01295, 0.07956, 0.03532] linvel=[0.00237, -0.00384, 6e-05] z=0.1068
[lowlevel-sim][GT] t=57.301 quat=[0.47054, -0.52877, 0.48533, 0.51327] angvel=[-0.01441, -0.05201, -0.06774] linvel=[-0.00364, -0.00606, 0.00187] z=0.1068
[lowlevel-sim][GT] t=57.351 quat=[0.4707, -0.52867, 0.48525, 0.5133] angvel=[0.03057, 0.02162, 0.00766] linvel=[-0.00078, 0.00186, -0.00224] z=0.1068
[lowlevel-sim][GT] t=57.401 quat=[0.47087, -0.5286, 0.48537, 0.51311] angvel=[-0.02757, 0.04407, 0.04866] linvel=[0.00377, -0.00508, 0.00257] z=0.1068
[lowlevel-sim][GT] t=57.451 quat=[0.47098, -0.52852, 0.48541, 0.51306] angvel=[-0.03254, -0.04648, -0.0065] linvel=[3e-05, -0.00421, 0.00072] z=0.1068
[lowlevel-sim] t=  57.50 mode=cmd        pd=34212 hold=13262 failclosed=62 rtf=0.276 base_z=+0.107 pitch=+1.540 roll=-3.139 |tau|max=  8.73 sat=0/29 knee_L=+0.276 hip_p_L=-0.107 torn=12658 cmd_age=46.0ms auth=154.0s rig_ign=2402 fix_base=0
[lowlevel-sim][GT] t=57.501 quat=[0.47104, -0.52863, 0.48553, 0.51278] angvel=[-0.03891, 0.00027, -0.00019] linvel=[0.0032, -0.00096, 0.00499] z=0.1068
[lowlevel-sim][GT] t=57.551 quat=[0.47126, -0.52847, 0.48542, 0.51283] angvel=[0.01985, 0.04259, 0.00971] linvel=[0.00522, -9e-05, -0.00028] z=0.1069
[lowlevel-sim][GT] t=57.601 quat=[0.4713, -0.52847, 0.48548, 0.51274] angvel=[-0.01623, -0.00337, 0.01948] linvel=[0.00225, -0.0055, 0.00087] z=0.1069
[lowlevel-sim][GT] t=57.651 quat=[0.47115, -0.52837, 0.48544, 0.51302] angvel=[-0.01646, 0.05739, 0.01185] linvel=[-0.00039, -0.00379, 0.00111] z=0.1069
[lowlevel-sim][GT] t=57.701 quat=[0.47109, -0.52847, 0.48546, 0.51296] angvel=[-0.02992, -0.01666, 0.00403] linvel=[-0.00307, -0.00622, 0.00034] z=0.1069
[lowlevel-sim][GT] t=57.751 quat=[0.47119, -0.52854, 0.48541, 0.51284] angvel=[0.02504, -0.02433, 0.00038] linvel=[0.00375, -0.00029, 0.00048] z=0.1068
[lowlevel-sim][GT] t=57.801 quat=[0.47118, -0.52859, 0.48547, 0.51274] angvel=[-0.00038, 0.00187, 0.00199] linvel=[0.00564, -0.00646, -0.00223] z=0.1068
[lowlevel-sim][GT] t=57.851 quat=[0.47122, -0.52858, 0.48548, 0.51271] angvel=[0.02013, 0.05675, -0.00775] linvel=[-0.00233, -0.00142, -0.00361] z=0.1068
[lowlevel-sim][GT] t=57.901 quat=[0.47099, -0.52865, 0.48547, 0.51285] angvel=[-0.02036, -0.00134, -0.00293] linvel=[0.00163, -0.00023, 0.00433] z=0.1068
[lowlevel-sim][GT] t=57.951 quat=[0.47104, -0.52858, 0.48536, 0.51298] angvel=[0.02626, 0.03207, -0.00101] linvel=[0.00242, -0.00166, -0.00286] z=0.1068
[lowlevel-sim] t=  58.00 mode=cmd        pd=34462 hold=13262 failclosed=62 rtf=0.276 base_z=+0.107 pitch=+1.541 roll=-3.132 |tau|max=  9.84 sat=0/29 knee_L=+0.275 hip_p_L=-0.106 torn=12680 cmd_age=25.4ms auth=155.8s rig_ign=2402 fix_base=0
[lowlevel-sim][GT] t=58.001 quat=[0.47103, -0.52873, 0.48534, 0.51285] angvel=[-0.01135, 0.02133, 0.04299] linvel=[0.00969, -0.00706, -0.00125] z=0.1068
[lowlevel-sim][GT] t=58.051 quat=[0.471, -0.52867, 0.48531, 0.51297] angvel=[-0.0147, -0.00707, -0.0073] linvel=[0.00333, -0.0012, 0.00349] z=0.1068
[lowlevel-sim][GT] t=58.101 quat=[0.4709, -0.52875, 0.48539, 0.5129] angvel=[-0.03699, -0.01981, -0.03319] linvel=[0.00182, -0.00754, 0.00084] z=0.1068
[lowlevel-sim][GT] t=58.151 quat=[0.47076, -0.52865, 0.48535, 0.51318] angvel=[-0.03406, 0.01929, 0.00802] linvel=[0.00164, -0.00437, 0.0038] z=0.1068
[lowlevel-sim][GT] t=58.201 quat=[0.47061, -0.52865, 0.48537, 0.51329] angvel=[-0.00551, -0.02917, -0.0532] linvel=[-0.00232, -0.00587, -0.00079] z=0.1068
[lowlevel-sim][GT] t=58.251 quat=[0.47071, -0.5286, 0.4854, 0.51322] angvel=[0.03301, 0.02762, 0.00434] linvel=[0.00398, 0.00154, -0.00115] z=0.1068
[lowlevel-sim][GT] t=58.301 quat=[0.47085, -0.5286, 0.48545, 0.51305] angvel=[-0.01394, -0.01479, -0.01988] linvel=[0.00259, -0.00262, 0.00063] z=0.1068
[lowlevel-sim][GT] t=58.351 quat=[0.47089, -0.52851, 0.48543, 0.51312] angvel=[0.03821, -0.03336, -0.00747] linvel=[-0.00408, -0.001, 0.00013] z=0.1068
[lowlevel-sim][GT] t=58.401 quat=[0.47091, -0.52855, 0.48546, 0.51304] angvel=[-0.0328, -0.04404, 0.02834] linvel=[0.00054, -0.00681, 0.00374] z=0.1069
[lowlevel-sim][GT] t=58.451 quat=[0.47106, -0.52854, 0.48537, 0.513] angvel=[0.00379, -0.01381, -0.00741] linvel=[0.00541, -0.00087, 0.00139] z=0.1069
[lowlevel-sim] t=  58.50 mode=cmd        pd=34712 hold=13262 failclosed=62 rtf=0.276 base_z=+0.107 pitch=+1.541 roll=+3.128 |tau|max=  9.56 sat=0/29 knee_L=+0.277 hip_p_L=-0.107 torn=12693 cmd_age=56.2ms auth=157.7s rig_ign=2402 fix_base=0
[lowlevel-sim][GT] t=58.501 quat=[0.47093, -0.52852, 0.48553, 0.51298] angvel=[-0.03048, -0.05762, -0.05429] linvel=[-0.00073, -0.00816, 0.00261] z=0.1069
[lowlevel-sim][GT] t=58.551 quat=[0.47094, -0.52857, 0.48542, 0.51303] angvel=[0.02058, 0.04506, 0.01023] linvel=[0.00436, -0.00113, -0.00289] z=0.1068
[lowlevel-sim][GT] t=58.601 quat=[0.4706, -0.52864, 0.48548, 0.51321] angvel=[-0.01086, 0.01067, -0.00039] linvel=[-0.00449, -0.00224, 0.00203] z=0.1068
[lowlevel-sim][GT] t=58.651 quat=[0.47066, -0.52863, 0.48532, 0.51331] angvel=[-0.00305, -0.05294, -0.02019] linvel=[0.00219, -0.00069, 0.00393] z=0.1069
[lowlevel-sim][GT] t=58.701 quat=[0.47078, -0.52864, 0.48541, 0.51311] angvel=[-0.04677, 0.05247, 0.02151] linvel=[0.00439, -0.00599, 0.00278] z=0.1069
[lowlevel-sim][GT] t=58.751 quat=[0.47096, -0.52852, 0.48529, 0.51319] angvel=[0.01807, 0.03581, -0.00476] linvel=[0.00247, 0.00049, -0.00137] z=0.1069
[lowlevel-sim][GT] t=58.801 quat=[0.47077, -0.52866, 0.48531, 0.5132] angvel=[-0.04753, -0.00088, 0.04576] linvel=[0.00547, -0.00697, 0.00107] z=0.1069
[lowlevel-sim][GT] t=58.851 quat=[0.47083, -0.52868, 0.48533, 0.5131] angvel=[0.00368, -0.00968, -0.01338] linvel=[-0.00297, -0.00316, -0.00075] z=0.1068
[lowlevel-sim][GT] t=58.901 quat=[0.47059, -0.52867, 0.48534, 0.51332] angvel=[-0.01693, 0.02352, 0.01303] linvel=[-0.00624, -0.00043, 0.004] z=0.1069
[lowlevel-sim][GT] t=58.951 quat=[0.47074, -0.52858, 0.48517, 0.51344] angvel=[0.03328, 0.02642, -0.00453] linvel=[-0.00224, 0.00035, -0.00079] z=0.1069
[lowlevel-sim] t=  59.00 mode=cmd        pd=34962 hold=13262 failclosed=62 rtf=0.276 base_z=+0.107 pitch=+1.541 roll=+3.103 |tau|max=  9.74 sat=0/29 knee_L=+0.278 hip_p_L=-0.107 torn=12710 cmd_age=38.7ms auth=159.3s rig_ign=2402 fix_base=0
[lowlevel-sim][GT] t=59.001 quat=[0.47045, -0.5286, 0.48519, 0.51366] angvel=[-0.03605, -0.05704, -0.0412] linvel=[-0.01103, -0.00829, 0.00182] z=0.1069
[lowlevel-sim][GT] t=59.051 quat=[0.4705, -0.52868, 0.485, 0.51372] angvel=[-0.01027, 0.05356, 0.04047] linvel=[-0.00517, -0.0038, 0.00111] z=0.1069
[lowlevel-sim][GT] t=59.101 quat=[0.47031, -0.52882, 0.48498, 0.51376] angvel=[-0.05427, 0.03559, 0.01223] linvel=[-0.00559, -0.00325, 0.00322] z=0.1069
[lowlevel-sim][GT] t=59.151 quat=[0.47022, -0.52895, 0.4849, 0.51379] angvel=[-0.04182, -0.04702, 0.00454] linvel=[-0.00916, -0.00258, 0.00247] z=0.1069
[lowlevel-sim][GT] t=59.201 quat=[0.47015, -0.52907, 0.4849, 0.51374] angvel=[-0.03761, -0.01929, -0.0151] linvel=[-0.00228, -0.0038, 0.00295] z=0.1069
[lowlevel-sim][GT] t=59.251 quat=[0.47031, -0.52906, 0.48488, 0.51361] angvel=[-0.00428, -0.05994, -0.02206] linvel=[-0.0045, -0.0014, 0.00152] z=0.1068
[lowlevel-sim][GT] t=59.301 quat=[0.47033, -0.52905, 0.48496, 0.51353] angvel=[-0.03058, -0.02933, -0.02517] linvel=[0.00139, -0.00557, 0.00216] z=0.1069
[lowlevel-sim][GT] t=59.351 quat=[0.47059, -0.52888, 0.48495, 0.51347] angvel=[-0.02858, -0.02904, -0.01646] linvel=[-0.00378, -0.00368, 0.00266] z=0.1069
[lowlevel-sim][GT] t=59.401 quat=[0.47059, -0.5289, 0.48508, 0.51333] angvel=[-0.01837, 0.00278, -0.00491] linvel=[-0.00472, -0.0066, 0.00158] z=0.1069
[lowlevel-sim][GT] t=59.451 quat=[0.47057, -0.52893, 0.48496, 0.51344] angvel=[0.01844, -0.03185, 0.01333] linvel=[-0.0003, -0.00338, -0.00256] z=0.1069
[lowlevel-sim] t=  59.50 mode=cmd        pd=35212 hold=13262 failclosed=62 rtf=0.276 base_z=+0.107 pitch=+1.540 roll=+3.139 |tau|max= 10.01 sat=0/29 knee_L=+0.276 hip_p_L=-0.107 torn=12737 cmd_age=35.0ms auth=161.0s rig_ign=2402 fix_base=0
[lowlevel-sim][GT] t=59.501 quat=[0.47047, -0.52911, 0.48502, 0.51328] angvel=[-0.01514, -0.04091, -0.03012] linvel=[-0.00851, -0.00802, -0.00117] z=0.1068
[lowlevel-sim][GT] t=59.551 quat=[0.47036, -0.52911, 0.48496, 0.51344] angvel=[0.03543, 0.03025, 0.02468] linvel=[-0.00159, -0.0013, -0.00114] z=0.1068
[lowlevel-sim][GT] t=59.601 quat=[0.47026, -0.52919, 0.48488, 0.51352] angvel=[-0.03495, -0.00658, 0.01262] linvel=[-0.00147, -0.00885, 8e-05] z=0.1068
[lowlevel-sim][GT] t=59.651 quat=[0.47028, -0.52913, 0.48479, 0.51364] angvel=[0.02152, 0.03531, 0.02705] linvel=[-0.00395, -0.00022, -0.00182] z=0.1068
[lowlevel-sim][GT] t=59.701 quat=[0.47026, -0.52917, 0.48487, 0.51356] angvel=[-0.02299, -0.04758, -0.06552] linvel=[-0.00558, -0.00759, 0.00217] z=0.1068
[lowlevel-sim][GT] t=59.751 quat=[0.47056, -0.52903, 0.48487, 0.51342] angvel=[0.00337, 0.03663, 0.01719] linvel=[0.00172, -0.00196, -0.00045] z=0.1068
[lowlevel-sim][GT] t=59.801 quat=[0.47063, -0.52896, 0.48499, 0.51333] angvel=[-0.02007, -0.03155, -0.04249] linvel=[-0.00458, -0.00635, 0.0027] z=0.1069
[lowlevel-sim][GT] t=59.851 quat=[0.47085, -0.52882, 0.48499, 0.51326] angvel=[0.0194, -0.01205, -0.00545] linvel=[0.00562, 0.0006, -0.00097] z=0.1069
[lowlevel-sim][GT] t=59.901 quat=[0.47085, -0.52885, 0.48514, 0.51309] angvel=[-0.0221, -0.01046, 0.01233] linvel=[0.00501, -0.00453, 0.00122] z=0.1068
[lowlevel-sim][GT] t=59.951 quat=[0.47079, -0.52883, 0.48515, 0.51316] angvel=[0.01456, -0.00906, -0.00751] linvel=[-0.00039, 0.00025, 0.00064] z=0.1068
[lowlevel-sim] t=  60.00 mode=cmd        pd=35462 hold=13262 failclosed=62 rtf=0.276 base_z=+0.107 pitch=+1.541 roll=-3.138 |tau|max=  9.76 sat=0/29 knee_L=+0.275 hip_p_L=-0.107 torn=12750 cmd_age=38.6ms auth=162.7s rig_ign=2402 fix_base=0
[lowlevel-sim][GT] t=60.001 quat=[0.47073, -0.52893, 0.48506, 0.51319] angvel=[-0.05434, 0.0174, 0.01414] linvel=[0.00141, -0.00526, 0.00292] z=0.1068
[lowlevel-sim][GT] t=60.051 quat=[0.47061, -0.52901, 0.48504, 0.51324] angvel=[0.002, 0.0205, 0.00628] linvel=[0.00254, -0.00259, -0.00084] z=0.1068
[lowlevel-sim][GT] t=60.101 quat=[0.47057, -0.52907, 0.48511, 0.51315] angvel=[-0.01448, 0.01871, -0.0005] linvel=[0.00025, -0.00269, 0.00161] z=0.1068
[lowlevel-sim] FAIL-CLOSED engaged at t=60.120s, last command age 86.50 ms (deadline <= 100 ms) PASS
[lowlevel-sim] COMMANDED at t=60.122s (was fail-closed)
[lowlevel-sim][GT] t=60.151 quat=[0.47048, -0.52909, 0.48531, 0.51302] angvel=[0.04041, 0.07423, 0.01935] linvel=[0.00741, -0.00324, -0.00162] z=0.1067
[lowlevel-sim][GT] t=60.201 quat=[0.47053, -0.52904, 0.48516, 0.51317] angvel=[0.00459, -0.00733, 0.00058] linvel=[0.00392, -0.00285, 0.00294] z=0.1068
[lowlevel-sim][GT] t=60.251 quat=[0.47086, -0.52889, 0.48513, 0.51304] angvel=[-0.01468, 0.02409, 0.00553] linvel=[0.00824, -0.00089, 0.00245] z=0.1068
[lowlevel-sim][GT] t=60.301 quat=[0.47081, -0.52887, 0.48525, 0.51299] angvel=[0.0026, -0.00152, 0.02663] linvel=[0.0056, -0.00692, -0.00164] z=0.1068
[lowlevel-sim][GT] t=60.351 quat=[0.47092, -0.52875, 0.48514, 0.51313] angvel=[-0.03857, -0.02845, 0.01604] linvel=[0.00348, -0.00372, 0.00562] z=0.1068
[lowlevel-sim][GT] t=60.401 quat=[0.47069, -0.52882, 0.48515, 0.51325] angvel=[-0.02651, -0.02242, -0.03207] linvel=[-0.00367, -0.00759, 0.00099] z=0.1068
[lowlevel-sim][GT] t=60.451 quat=[0.47051, -0.5289, 0.48511, 0.51338] angvel=[0.01885, 0.00465, 0.01452] linvel=[-0.00136, -0.00283, 0.00013] z=0.1068
[lowlevel-sim] t=  60.50 mode=cmd        pd=35712 hold=13262 failclosed=63 rtf=0.276 base_z=+0.107 pitch=+1.541 roll=+3.127 |tau|max= 10.13 sat=0/29 knee_L=+0.277 hip_p_L=-0.107 torn=12780 cmd_age=68.2ms auth=164.3s rig_ign=2402 fix_base=0
[lowlevel-sim][GT] t=60.501 quat=[0.47046, -0.52895, 0.48509, 0.51339] angvel=[-0.0052, -0.03749, -0.04283] linvel=[-0.0026, -0.00738, 0.0033] z=0.1068
[lowlevel-sim][GT] t=60.551 quat=[0.47048, -0.52889, 0.48504, 0.51348] angvel=[0.013, 0.07303, 0.03065] linvel=[0.00229, -0.00278, -0.00088] z=0.1068
[lowlevel-sim][GT] t=60.601 quat=[0.47044, -0.529, 0.4851, 0.51334] angvel=[-0.05796, -0.00141, -0.00748] linvel=[0.00081, -0.00327, 0.00182] z=0.1068
[lowlevel-sim][GT] t=60.651 quat=[0.47042, -0.52903, 0.48506, 0.51338] angvel=[0.02611, 0.03422, 0.01819] linvel=[0.00344, -0.0015, 0.00022] z=0.1067
[lowlevel-sim][GT] t=60.701 quat=[0.47016, -0.52916, 0.48507, 0.51346] angvel=[-0.03531, 0.05079, 0.06689] linvel=[0.00308, -0.00744, 0.00136] z=0.1067
[lowlevel-sim][GT] t=60.751 quat=[0.47002, -0.52916, 0.48494, 0.51372] angvel=[0.06999, -0.01489, -0.00884] linvel=[-0.00076, 0.00213, -0.00429] z=0.1067
[lowlevel-sim][GT] t=60.801 quat=[0.46999, -0.52911, 0.48492, 0.51381] angvel=[-0.00774, 0.00971, -0.01445] linvel=[-0.00378, -0.00163, 0.0026] z=0.1068
[lowlevel-sim][GT] t=60.851 quat=[0.47017, -0.52906, 0.48486, 0.51375] angvel=[0.00279, 0.01172, 0.00579] linvel=[0.00508, -0.00352, -7e-05] z=0.1068
[lowlevel-sim][GT] t=60.901 quat=[0.47023, -0.52913, 0.48496, 0.51354] angvel=[-0.03509, 0.02294, -0.00969] linvel=[0.00208, -0.00366, 0.00164] z=0.1068
[lowlevel-sim][GT] t=60.951 quat=[0.47017, -0.52907, 0.48489, 0.51372] angvel=[0.00281, 0.01326, 0.00573] linvel=[0.00024, -0.00396, -0.00103] z=0.1068
[lowlevel-sim] t=  61.00 mode=cmd        pd=35962 hold=13262 failclosed=63 rtf=0.276 base_z=+0.107 pitch=+1.540 roll=+3.124 |tau|max=  9.29 sat=0/29 knee_L=+0.276 hip_p_L=-0.107 torn=12796 cmd_age=43.3ms auth=166.2s rig_ign=2402 fix_base=0
[lowlevel-sim][GT] t=61.001 quat=[0.47016, -0.52916, 0.48494, 0.51358] angvel=[-0.00867, -0.00412, 0.02077] linvel=[-0.00349, -0.00648, 0.00092] z=0.1068
[lowlevel-sim][GT] t=61.051 quat=[0.47011, -0.52913, 0.48482, 0.51378] angvel=[-0.00669, -0.00318, 0.01361] linvel=[0.00291, -0.00293, 0.00382] z=0.1068
[lowlevel-sim][GT] t=61.101 quat=[0.47001, -0.52924, 0.48481, 0.51377] angvel=[-0.03271, 0.03049, -0.00245] linvel=[-0.00583, -0.00377, 0.00113] z=0.1068
[lowlevel-sim][GT] t=61.151 quat=[0.47004, -0.52931, 0.48458, 0.51389] angvel=[-0.03608, 0.04885, 0.01257] linvel=[0.00427, -0.00334, 0.00456] z=0.1068
[lowlevel-sim][GT] t=61.201 quat=[0.47011, -0.52932, 0.4847, 0.5137] angvel=[-0.02409, -0.02671, 0.01616] linvel=[-0.00114, -0.00482, 0.00108] z=0.1068
[lowlevel-sim][GT] t=61.251 quat=[0.47013, -0.52932, 0.48472, 0.51365] angvel=[-0.01083, 0.05052, 0.04334] linvel=[0.00566, -0.00167, 0.00028] z=0.1068
[lowlevel-sim][GT] t=61.301 quat=[0.47029, -0.52932, 0.48481, 0.51344] angvel=[-0.02274, -0.00333, 0.01851] linvel=[0.00195, -0.00533, 0.00105] z=0.1068
[lowlevel-sim][GT] t=61.351 quat=[0.47027, -0.5293, 0.48475, 0.51352] angvel=[-0.00073, -0.06563, -0.01856] linvel=[-0.00016, -0.00212, 5e-05] z=0.1068
[lowlevel-sim][GT] t=61.401 quat=[0.47015, -0.5293, 0.48477, 0.51361] angvel=[-0.00898, -0.00604, 0.00753] linvel=[0.004, -0.00881, 0.00182] z=0.1068
[lowlevel-sim][GT] t=61.451 quat=[0.47016, -0.52916, 0.48474, 0.51378] angvel=[0.03378, 0.06036, 0.02226] linvel=[-0.00145, -0.0016, -0.00184] z=0.1068
[lowlevel-sim] t=  61.50 mode=cmd        pd=36212 hold=13262 failclosed=63 rtf=0.276 base_z=+0.107 pitch=+1.541 roll=+3.121 |tau|max=  9.87 sat=0/29 knee_L=+0.277 hip_p_L=-0.107 torn=12815 cmd_age=17.7ms auth=168.0s rig_ign=2402 fix_base=0
[lowlevel-sim][GT] t=61.501 quat=[0.47014, -0.52916, 0.48484, 0.51371] angvel=[-0.00809, -0.04771, -0.05297] linvel=[-0.00219, -0.00341, 0.00212] z=0.1068
[lowlevel-sim][GT] t=61.551 quat=[0.47017, -0.52906, 0.48488, 0.51374] angvel=[-0.02877, 0.05021, 0.02578] linvel=[0.0051, -0.00288, 0.0031] z=0.1068
[lowlevel-sim] FAIL-CLOSED engaged at t=61.575s, last command age 85.71 ms (deadline <= 100 ms) PASS
[lowlevel-sim] COMMANDED at t=61.600s (was fail-closed)
[lowlevel-sim][GT] t=61.601 quat=[0.46704, -0.53251, 0.48804, 0.51003] angvel=[-0.73448, 0.08062, 0.06149] linvel=[-0.00812, 0.00596, -0.0251] z=0.1050
[lowlevel-sim][GT] t=61.651 quat=[0.46738, -0.53161, 0.48705, 0.5116] angvel=[0.10293, 0.00272, 0.02678] linvel=[-0.00579, -0.00607, 0.00458] z=0.1053
[lowlevel-sim][GT] t=61.701 quat=[0.4684, -0.53076, 0.48601, 0.51254] angvel=[0.09104, 0.01377, -0.01187] linvel=[-0.0048, -0.00185, 0.00196] z=0.1057
[lowlevel-sim][GT] t=61.751 quat=[0.46905, -0.53034, 0.48544, 0.51292] angvel=[0.00879, 0.0251, 0.02778] linvel=[0.00603, -0.00807, 0.00139] z=0.1061
[lowlevel-sim][GT] t=61.801 quat=[0.46941, -0.53003, 0.4852, 0.51313] angvel=[0.0519, 0.01941, 0.00216] linvel=[0.00509, -0.00171, 0.00114] z=0.1062
[lowlevel-sim][GT] t=61.851 quat=[0.46977, -0.52988, 0.48517, 0.51298] angvel=[-0.03296, 0.01193, 0.0177] linvel=[0.0087, -0.0075, 0.0032] z=0.1063
[lowlevel-sim] FAIL-CLOSED engaged at t=61.860s, last command age 91.11 ms (deadline <= 100 ms) PASS
[lowlevel-sim] COMMANDED at t=61.864s (was fail-closed)
[lowlevel-sim][GT] t=61.901 quat=[0.46978, -0.52994, 0.48529, 0.5128] angvel=[0.04524, 0.01093, 0.00115] linvel=[0.00522, 0.00164, 0.00279] z=0.1063
[lowlevel-sim][GT] t=61.951 quat=[0.47014, -0.52959, 0.48524, 0.51288] angvel=[-0.00288, 0.00339, 0.01092] linvel=[0.00694, -0.00835, 0.00241] z=0.1065
[lowlevel-sim] t=  62.00 mode=cmd        pd=36477 hold=13262 failclosed=92 rtf=0.276 base_z=+0.107 pitch=+1.540 roll=-3.141 |tau|max= 35.00 sat=2/29 knee_L=+0.273 hip_p_L=-0.107 torn=12825 cmd_age=59.6ms auth=169.7s rig_ign=2402 fix_base=0 sat_j=left_ankle_roll_joint:+35.0,right_ankle_roll_joint:-35.0
[lowlevel-sim][GT] t=62.001 quat=[0.47023, -0.52938, 0.4851, 0.51315] angvel=[-0.02083, 0.04393, 0.01557] linvel=[0.00381, -0.00515, 0.002] z=0.1065
[lowlevel-sim][GT] t=62.051 quat=[0.47035, -0.52929, 0.48516, 0.51307] angvel=[-0.01953, -0.04745, -0.06457] linvel=[0.00102, -0.00527, -0.00013] z=0.1066
[lowlevel-sim][GT] t=62.101 quat=[0.47047, -0.52912, 0.48512, 0.51318] angvel=[-0.02855, -0.01909, -0.01479] linvel=[0.00315, -0.00363, 0.00339] z=0.1066
[lowlevel-sim][GT] t=62.151 quat=[0.47045, -0.52915, 0.48521, 0.51308] angvel=[-0.02242, 0.02611, 0.00203] linvel=[0.00363, -0.00279, -0.00071] z=0.1066
[lowlevel-sim][GT] t=62.201 quat=[0.47047, -0.52915, 0.48502, 0.51323] angvel=[-0.00284, 0.04785, 0.0472] linvel=[0.00367, -0.00378, 0.00069] z=0.1067
[lowlevel-sim][GT] t=62.251 quat=[0.47017, -0.52922, 0.48505, 0.51342] angvel=[-0.04299, -0.00866, -0.00908] linvel=[-0.00158, -0.0043, 0.00241] z=0.1067
[lowlevel-sim][GT] t=62.301 quat=[0.47014, -0.52921, 0.48492, 0.51358] angvel=[-0.01034, 0.02027, 0.04886] linvel=[0.0042, -0.00424, 0.00269] z=0.1067
[lowlevel-sim][GT] t=62.351 quat=[0.47005, -0.52931, 0.48497, 0.51351] angvel=[-0.0427, 0.01449, 0.00736] linvel=[-0.00488, -0.00556, 0.0012] z=0.1067
[lowlevel-sim][GT] t=62.401 quat=[0.46989, -0.5293, 0.48491, 0.51372] angvel=[0.00542, 0.05313, 0.00809] linvel=[-0.00527, -0.00247, 0.00168] z=0.1067
[lowlevel-sim][GT] t=62.451 quat=[0.46989, -0.5293, 0.48487, 0.51375] angvel=[-0.03062, 0.00026, -0.01494] linvel=[-0.00512, -0.00376, 0.00267] z=0.1067
[lowlevel-sim] t=  62.50 mode=cmd        pd=36727 hold=13262 failclosed=92 rtf=0.276 base_z=+0.107 pitch=+1.540 roll=+3.115 |tau|max= 35.00 sat=2/29 knee_L=+0.275 hip_p_L=-0.107 torn=12848 cmd_age=40.0ms auth=171.6s rig_ign=2402 fix_base=0 sat_j=left_ankle_roll_joint:+35.0,right_ankle_roll_joint:-35.0
[lowlevel-sim][GT] t=62.501 quat=[0.46994, -0.52925, 0.48483, 0.5138] angvel=[0.00089, -0.04849, 0.00606] linvel=[7e-05, -0.00453, 0.001] z=0.1067
[lowlevel-sim][GT] t=62.551 quat=[0.47021, -0.52932, 0.48496, 0.51337] angvel=[-0.01525, 0.01786, -0.00779] linvel=[-0.00102, -0.00358, 0.00206] z=0.1067
[lowlevel-sim][GT] t=62.601 quat=[0.47053, -0.5291, 0.48495, 0.51331] angvel=[0.01064, 0.03724, 0.00783] linvel=[0.00509, -0.00178, -0.0007] z=0.1067
[lowlevel-sim][GT] t=62.651 quat=[0.47063, -0.52917, 0.485, 0.51309] angvel=[-0.03908, 0.03739, 0.00183] linvel=[0.00605, -0.00474, 0.00469] z=0.1067
[lowlevel-sim][GT] t=62.701 quat=[0.47074, -0.52907, 0.485, 0.5131] angvel=[-0.01718, -0.05764, -0.02526] linvel=[0.00042, -0.0031, 0.00121] z=0.1067
[lowlevel-sim][GT] t=62.751 quat=[0.47069, -0.52912, 0.48505, 0.51304] angvel=[-0.05554, 0.04099, 0.01981] linvel=[0.00898, -0.00998, 0.00437] z=0.1068
[lowlevel-sim][GT] t=62.801 quat=[0.47059, -0.52902, 0.48494, 0.51335] angvel=[-0.0194, 0.0303, 0.02091] linvel=[0.00019, -0.00374, 0.00352] z=0.1068
[lowlevel-sim][GT] t=62.851 quat=[0.4704, -0.52914, 0.48495, 0.51338] angvel=[-0.02348, -0.01206, -0.0021] linvel=[0.00258, -0.0088, 0.00223] z=0.1068
[lowlevel-sim][GT] t=62.901 quat=[0.47029, -0.529, 0.48486, 0.5137] angvel=[0.0196, -0.00831, 0.02825] linvel=[0.00272, -0.00043, 0.00061] z=0.1068
[lowlevel-sim][GT] t=62.951 quat=[0.47021, -0.52916, 0.48494, 0.51354] angvel=[-0.02683, -0.03483, -0.01703] linvel=[-0.00286, -0.00796, 0.00131] z=0.1068
[lowlevel-sim] t=  63.00 mode=cmd        pd=36977 hold=13262 failclosed=92 rtf=0.276 base_z=+0.107 pitch=+1.541 roll=+3.125 |tau|max= 35.00 sat=2/29 knee_L=+0.276 hip_p_L=-0.107 torn=12867 cmd_age=26.6ms auth=173.4s rig_ign=2402 fix_base=0 sat_j=left_ankle_roll_joint:+35.0,right_ankle_roll_joint:-35.0
[lowlevel-sim][GT] t=63.001 quat=[0.47023, -0.5291, 0.48484, 0.51368] angvel=[-0.03201, -0.03699, -0.02223] linvel=[0.0008, -0.00342, 0.00324] z=0.1068
[lowlevel-sim][GT] t=63.051 quat=[0.4702, -0.52913, 0.48482, 0.5137] angvel=[-0.0165, -0.00399, 0.01168] linvel=[0.00612, -0.00242, 0.00226] z=0.1068
[lowlevel-sim][GT] t=63.101 quat=[0.47011, -0.52914, 0.48468, 0.5139] angvel=[-0.01226, 0.03011, 0.02899] linvel=[0.00059, -0.00465, 0.00116] z=0.1068
[lowlevel-sim][GT] t=63.151 quat=[0.46986, -0.52934, 0.48469, 0.51391] angvel=[-0.03799, -0.01285, -0.03599] linvel=[-0.00639, -0.00711, 0.00414] z=0.1068
[lowlevel-sim][GT] t=63.201 quat=[0.46984, -0.52926, 0.48456, 0.51413] angvel=[0.0271, 0.0566, 0.01178] linvel=[-0.00147, 0.00206, 0.00152] z=0.1069
[lowlevel-sim][GT] t=63.251 quat=[0.47008, -0.52929, 0.48463, 0.51382] angvel=[-0.02063, -0.03216, -0.00442] linvel=[0.00438, -0.00388, 0.00209] z=0.1069
[lowlevel-sim][GT] t=63.301 quat=[0.47011, -0.52917, 0.48467, 0.51388] angvel=[0.0183, -0.01548, -0.01865] linvel=[-0.00251, 0.00123, 0.00161] z=0.1069
[lowlevel-sim][GT] t=63.351 quat=[0.4703, -0.52917, 0.48472, 0.51366] angvel=[-0.01694, -0.04893, -0.03742] linvel=[-0.0031, -0.00497, 0.00113] z=0.1069
[lowlevel-sim][GT] t=63.401 quat=[0.47037, -0.52911, 0.48469, 0.51368] angvel=[-0.00142, -0.01641, -0.01675] linvel=[0.00449, -0.0006, 0.00101] z=0.1069
[lowlevel-sim][GT] t=63.451 quat=[0.47044, -0.52913, 0.48475, 0.51355] angvel=[-0.02098, -0.0109, 0.01903] linvel=[0.00881, -0.0054, 0.00236] z=0.1069
[lowlevel-sim] t=  63.50 mode=cmd        pd=37227 hold=13262 failclosed=92 rtf=0.277 base_z=+0.107 pitch=+1.541 roll=+3.136 |tau|max= 35.00 sat=2/29 knee_L=+0.275 hip_p_L=-0.106 torn=12885 cmd_age=27.4ms auth=175.0s rig_ign=2402 fix_base=0 sat_j=left_ankle_roll_joint:+35.0,right_ankle_roll_joint:-35.0
[lowlevel-sim][GT] t=63.501 quat=[0.47047, -0.52902, 0.48468, 0.51369] angvel=[-0.00041, 0.00594, 0.00483] linvel=[8e-05, 0.00046, 0.00259] z=0.1069
[lowlevel-sim][GT] t=63.551 quat=[0.47027, -0.52919, 0.4848, 0.51359] angvel=[-0.03821, -0.03806, -0.03107] linvel=[-0.00318, -0.00594, 0.00338] z=0.1069
[lowlevel-sim][GT] t=63.601 quat=[0.47014, -0.52911, 0.48475, 0.51384] angvel=[0.04359, 0.03474, 0.00711] linvel=[0.00014, -0.00258, -0.00513] z=0.1069
[lowlevel-sim][GT] t=63.651 quat=[0.47016, -0.52911, 0.48487, 0.51371] angvel=[-0.01917, 0.0251, -0.0085] linvel=[-0.00158, -0.00288, 0.00249] z=0.1069
[lowlevel-sim][GT] t=63.701 quat=[0.47029, -0.52901, 0.48477, 0.51379] angvel=[0.05217, 0.01137, 0.00143] linvel=[-0.00044, 0.00224, -0.00265] z=0.1070
[lowlevel-sim][GT] t=63.751 quat=[0.47034, -0.52893, 0.48479, 0.5138] angvel=[-0.00742, 0.0019, -0.01803] linvel=[-0.00411, -0.0012, 0.00308] z=0.1070
[lowlevel-sim][GT] t=63.801 quat=[0.47063, -0.52886, 0.4848, 0.51359] angvel=[-0.02338, -0.03213, -0.01804] linvel=[-3e-05, 0.00088, 0.00624] z=0.1070
[lowlevel-sim][GT] t=63.851 quat=[0.47067, -0.52896, 0.48485, 0.51341] angvel=[-0.02749, 0.03587, 0.02334] linvel=[0.00444, -0.00663, 0.00039] z=0.1070
[lowlevel-sim][GT] t=63.901 quat=[0.47058, -0.529, 0.4848, 0.5135] angvel=[-0.02128, -0.02288, -0.00788] linvel=[-0.00314, -0.00363, 0.00048] z=0.1070
[lowlevel-sim][GT] t=63.951 quat=[0.47038, -0.52904, 0.48472, 0.51371] angvel=[-0.02539, -0.01902, 0.01709] linvel=[-0.00512, -0.0039, -0.00024] z=0.1070
[lowlevel-sim] t=  64.00 mode=cmd        pd=37477 hold=13262 failclosed=92 rtf=0.277 base_z=+0.107 pitch=+1.541 roll=+3.132 |tau|max= 35.00 sat=2/29 knee_L=+0.277 hip_p_L=-0.107 torn=12913 cmd_age=40.1ms auth=176.8s rig_ign=2402 fix_base=0 sat_j=left_ankle_roll_joint:+35.0,right_ankle_roll_joint:-35.0
[lowlevel-sim][GT] t=64.001 quat=[0.47044, -0.52897, 0.48459, 0.51386] angvel=[0.02279, 0.01679, 0.02448] linvel=[-0.00162, -0.00126, -0.00161] z=0.1070
[lowlevel-sim][GT] t=64.051 quat=[0.47012, -0.52918, 0.48457, 0.51395] angvel=[-0.01833, -0.01926, -0.00592] linvel=[-0.00589, -0.00367, 0.00308] z=0.1070
[lowlevel-sim][GT] t=64.101 quat=[0.47026, -0.52922, 0.48445, 0.5139] angvel=[0.01601, 0.03481, 0.02949] linvel=[-0.00096, -0.00293, -0.00205] z=0.1070
[lowlevel-sim][GT] t=64.151 quat=[0.47036, -0.52919, 0.48455, 0.51374] angvel=[-0.01261, -0.00423, -0.01705] linvel=[-0.00192, -0.00389, -0.00049] z=0.1070
[lowlevel-sim][GT] t=64.201 quat=[0.47048, -0.52915, 0.4847, 0.51354] angvel=[0.02669, 0.01185, -0.0139] linvel=[0.00302, -0.00013, -0.00082] z=0.1070
[lowlevel-sim][GT] t=64.251 quat=[0.47056, -0.52908, 0.48479, 0.51344] angvel=[0.00511, -0.02275, -0.06337] linvel=[-0.00217, -0.00539, 0.00012] z=0.1070
[lowlevel-sim][GT] t=64.301 quat=[0.47076, -0.52904, 0.48482, 0.51327] angvel=[-0.01392, -0.03192, -0.03076] linvel=[0.00338, -0.00459, 0.00284] z=0.1070
[lowlevel-sim][GT] t=64.351 quat=[0.47073, -0.52901, 0.48491, 0.51326] angvel=[-0.02379, 0.00935, -0.00064] linvel=[-0.00017, -0.00345, 0.00117] z=0.1070
[lowlevel-sim][GT] t=64.401 quat=[0.47074, -0.52894, 0.48481, 0.51341] angvel=[0.02117, 0.03579, -0.01382] linvel=[-0.00057, 0.00128, -0.00143] z=0.1070
[lowlevel-sim][GT] t=64.451 quat=[0.47077, -0.52892, 0.48481, 0.5134] angvel=[0.00683, -0.03734, -0.0449] linvel=[-0.001, -0.00566, 0.00242] z=0.1071
[lowlevel-sim] t=  64.50 mode=cmd        pd=37727 hold=13262 failclosed=92 rtf=0.277 base_z=+0.107 pitch=+1.542 roll=-3.140 |tau|max= 35.00 sat=2/29 knee_L=+0.277 hip_p_L=-0.107 torn=12925 cmd_age=21.5ms auth=178.5s rig_ign=2402 fix_base=0 sat_j=left_ankle_roll_joint:+35.0,right_ankle_roll_joint:-35.0
[lowlevel-sim][GT] t=64.501 quat=[0.4709, -0.52871, 0.48475, 0.51356] angvel=[-0.00165, -0.05563, -0.01934] linvel=[-0.00083, 0.00112, 0.00291] z=0.1071
[lowlevel-sim][GT] t=64.551 quat=[0.47076, -0.52871, 0.48487, 0.51357] angvel=[-0.02404, 0.00493, 0.00376] linvel=[0.0025, -0.00426, 3e-05] z=0.1071
[lowlevel-sim][GT] t=64.601 quat=[0.47084, -0.5286, 0.48486, 0.51361] angvel=[-0.00927, 0.06799, 0.03156] linvel=[0.00296, -0.00179, 0.00155] z=0.1072
[lowlevel-sim][GT] t=64.651 quat=[0.47077, -0.52862, 0.48496, 0.51357] angvel=[-0.00445, 0.01471, 0.02403] linvel=[0.00406, -0.00602, -0.00115] z=0.1071
[lowlevel-sim][GT] t=64.701 quat=[0.47087, -0.52861, 0.48498, 0.51347] angvel=[0.00881, 0.08533, 0.02692] linvel=[0.00743, -0.00295, 0.00117] z=0.1071
[lowlevel-sim][GT] t=64.751 quat=[0.47097, -0.52862, 0.48506, 0.51329] angvel=[-0.01328, -0.03347, -0.04834] linvel=[-0.00164, -0.00629, -0.0002] z=0.1071
[lowlevel-sim][GT] t=64.801 quat=[0.47079, -0.52853, 0.48509, 0.51351] angvel=[0.02683, -0.0247, -0.00104] linvel=[-0.00329, 0.00204, -0.00151] z=0.1071
[lowlevel-sim] FAIL-CLOSED engaged at t=64.820s, last command age 98.39 ms (deadline <= 100 ms) PASS
[lowlevel-sim] COMMANDED at t=64.828s (was fail-closed)
[lowlevel-sim][GT] t=64.851 quat=[0.46989, -0.52944, 0.48585, 0.51268] angvel=[0.02011, -0.01869, -0.01226] linvel=[0.00144, -0.00205, 0.00452] z=0.1067
[lowlevel-sim][GT] t=64.901 quat=[0.47043, -0.52903, 0.48538, 0.51306] angvel=[0.03035, 0.00736, 0.01157] linvel=[0.00331, -0.00051, 0.00059] z=0.1069
[lowlevel-sim][GT] t=64.951 quat=[0.47065, -0.52897, 0.48528, 0.51301] angvel=[-0.01166, -0.00599, 0.01081] linvel=[0.00229, -0.01007, 0.00052] z=0.1069
[lowlevel-sim] t=  65.00 mode=cmd        pd=37980 hold=13262 failclosed=99 rtf=0.277 base_z=+0.107 pitch=+1.541 roll=+3.136 |tau|max= 35.00 sat=2/29 knee_L=+0.277 hip_p_L=-0.108 torn=12946 cmd_age=34.3ms auth=180.2s rig_ign=2402 fix_base=0 sat_j=left_ankle_roll_joint:+35.0,right_ankle_roll_joint:-35.0
[lowlevel-sim][GT] t=65.001 quat=[0.47066, -0.52886, 0.48515, 0.51325] angvel=[0.04238, 0.02588, 0.0105] linvel=[0.00432, -0.00186, -0.00246] z=0.1070
[lowlevel-sim][GT] t=65.051 quat=[0.47053, -0.52888, 0.48507, 0.51343] angvel=[-0.03112, 0.03011, -0.01819] linvel=[-0.00483, -0.00527, -0.00024] z=0.1070
[lowlevel-sim][GT] t=65.101 quat=[0.47063, -0.52871, 0.48501, 0.51356] angvel=[0.02779, 0.04751, 0.01036] linvel=[-0.00671, -0.00334, -0.00201] z=0.1071
[lowlevel-sim][GT] t=65.151 quat=[0.4704, -0.5288, 0.48508, 0.51361] angvel=[-0.02267, 0.02511, 0.0215] linvel=[0.00034, -0.00975, 0.00061] z=0.1071
[lowlevel-sim][GT] t=65.201 quat=[0.47068, -0.52872, 0.48497, 0.51354] angvel=[0.0268, 0.00106, 0.02477] linvel=[-0.00225, -0.00154, -0.00295] z=0.1071
[lowlevel-sim][GT] t=65.251 quat=[0.47047, -0.52891, 0.485, 0.51351] angvel=[0.00857, 0.04994, 0.04537] linvel=[-0.00135, -0.00714, -0.00255] z=0.1070
[lowlevel-sim][GT] t=65.301 quat=[0.47041, -0.52895, 0.48479, 0.51372] angvel=[-0.01966, 0.0988, 0.0274] linvel=[0.00039, -0.00361, 0.00355] z=0.1071
[lowlevel-sim][GT] t=65.351 quat=[0.47045, -0.52903, 0.4847, 0.51368] angvel=[-0.04657, 0.01858, 0.01928] linvel=[-0.00413, -0.00448, 0.00437] z=0.1071
[lowlevel-sim][GT] t=65.401 quat=[0.47038, -0.52909, 0.48468, 0.5137] angvel=[0.02991, -0.03092, -0.00561] linvel=[-0.00318, 0.00251, -0.0018] z=0.1070
[lowlevel-sim][GT] t=65.451 quat=[0.47042, -0.52913, 0.48465, 0.51366] angvel=[0.01363, -0.03248, 0.02572] linvel=[-0.00252, -0.00283, -0.00095] z=0.1071
[lowlevel-sim] t=  65.50 mode=cmd        pd=38230 hold=13262 failclosed=99 rtf=0.277 base_z=+0.107 pitch=+1.541 roll=+3.138 |tau|max= 35.00 sat=2/29 knee_L=+0.277 hip_p_L=-0.107 torn=12957 cmd_age=49.3ms auth=181.8s rig_ign=2402 fix_base=0 sat_j=left_ankle_roll_joint:+35.0,right_ankle_roll_joint:-35.0
[lowlevel-sim][GT] t=65.501 quat=[0.47045, -0.52906, 0.48458, 0.51376] angvel=[0.0138, 0.01583, 0.00971] linvel=[-0.0006, -0.00077, 0.00115] z=0.1071
[lowlevel-sim][GT] t=65.551 quat=[0.47044, -0.52906, 0.48458, 0.51377] angvel=[0.01557, -0.03267, -0.01035] linvel=[-0.00181, -0.00517, -0.0028] z=0.1071
[lowlevel-sim][GT] t=65.601 quat=[0.47073, -0.52892, 0.48457, 0.51366] angvel=[0.01753, 0.04034, -0.00754] linvel=[0.00339, 0.0014, -0.00152] z=0.1072
[lowlevel-sim][GT] t=65.651 quat=[0.47062, -0.52897, 0.48466, 0.51362] angvel=[-0.02565, -0.01884, 0.00452] linvel=[0.00496, -0.00134, 0.00161] z=0.1071
[lowlevel-sim][GT] t=65.701 quat=[0.47056, -0.5289, 0.4847, 0.51371] angvel=[-0.04055, -0.03938, 0.00247] linvel=[-0.00585, -0.00355, 0.00388] z=0.1071
[lowlevel-sim][GT] t=65.751 quat=[0.47047, -0.52903, 0.4848, 0.51358] angvel=[-0.03738, 0.01803, 0.00935] linvel=[0.00577, -0.00783, 0.00166] z=0.1071
[lowlevel-sim][GT] t=65.801 quat=[0.47067, -0.529, 0.48462, 0.51358] angvel=[-0.00952, 0.01117, 0.01563] linvel=[0.00441, -0.00451, 0.00076] z=0.1071
[lowlevel-sim][GT] t=65.851 quat=[0.47056, -0.52911, 0.4846, 0.51359] angvel=[-0.02473, 0.01294, -0.02594] linvel=[-0.00174, -0.00546, 0.00046] z=0.1071
[lowlevel-sim][GT] t=65.901 quat=[0.47055, -0.52912, 0.48446, 0.51373] angvel=[-0.02007, -0.06953, -0.01637] linvel=[0.00101, -0.00444, 0.0028] z=0.1071
[lowlevel-sim][GT] t=65.951 quat=[0.47041, -0.5293, 0.48444, 0.51369] angvel=[-0.02271, 0.06279, 0.02469] linvel=[0.00501, -0.00364, 0.00306] z=0.1071
[lowlevel-sim] t=  66.00 mode=cmd        pd=38480 hold=13262 failclosed=99 rtf=0.277 base_z=+0.107 pitch=+1.541 roll=-3.130 |tau|max= 35.00 sat=2/29 knee_L=+0.277 hip_p_L=-0.107 torn=12977 cmd_age=56.6ms auth=183.7s rig_ign=2402 fix_base=0 sat_j=left_ankle_roll_joint:+35.0,right_ankle_roll_joint:-35.0
[lowlevel-sim][GT] t=66.001 quat=[0.47049, -0.52923, 0.48442, 0.5137] angvel=[0.01885, -0.00524, 0.00302] linvel=[0.00401, -0.00085, -8e-05] z=0.1071
[lowlevel-sim][GT] t=66.051 quat=[0.47038, -0.52926, 0.48438, 0.51381] angvel=[-0.0145, 0.03816, 0.07317] linvel=[0.00524, -0.00677, 0.00297] z=0.1071
[lowlevel-sim][GT] t=66.101 quat=[0.47023, -0.52939, 0.48421, 0.51398] angvel=[-0.05044, -0.06272, -0.0217] linvel=[0.00142, -0.0052, 0.00747] z=0.1071
[lowlevel-sim][GT] t=66.151 quat=[0.47003, -0.52946, 0.48431, 0.51399] angvel=[-0.02393, -0.02283, -0.04875] linvel=[0.00098, -0.00781, 0.00147] z=0.1071
[lowlevel-sim][GT] t=66.201 quat=[0.46999, -0.52952, 0.48428, 0.514] angvel=[-0.06927, -0.05027, -0.00407] linvel=[0.00048, -0.00677, 0.00162] z=0.1070
[lowlevel-sim][GT] t=66.251 quat=[0.46988, -0.52955, 0.48432, 0.51403] angvel=[-0.03334, -0.01057, -0.00092] linvel=[0.0016, -0.00387, 0.00307] z=0.1070
[lowlevel-sim][GT] t=66.301 quat=[0.47012, -0.52937, 0.48421, 0.5141] angvel=[-0.0091, -0.0058, -0.01153] linvel=[0.00031, -0.00422, 0.00386] z=0.1071
[lowlevel-sim][GT] t=66.351 quat=[0.4703, -0.52933, 0.48424, 0.51394] angvel=[-0.03001, -0.0052, -0.01685] linvel=[0.00587, -0.0038, 0.00151] z=0.1071
[lowlevel-sim][GT] t=66.401 quat=[0.47047, -0.52911, 0.4844, 0.51386] angvel=[-0.04353, -0.09673, -0.05158] linvel=[0.00209, -0.00396, 0.00592] z=0.1071
[lowlevel-sim][GT] t=66.451 quat=[0.47056, -0.52907, 0.48461, 0.51363] angvel=[-0.00742, 0.0293, 0.00198] linvel=[0.00089, -0.00277, 0.00152] z=0.1071
[lowlevel-sim] t=  66.50 mode=cmd        pd=38730 hold=13262 failclosed=99 rtf=0.277 base_z=+0.107 pitch=+1.541 roll=+3.137 |tau|max= 35.00 sat=2/29 knee_L=+0.277 hip_p_L=-0.107 torn=13006 cmd_age=34.4ms auth=185.8s rig_ign=2402 fix_base=0 sat_j=left_ankle_roll_joint:+35.0,right_ankle_roll_joint:-35.0
[lowlevel-sim][GT] t=66.501 quat=[0.47054, -0.52897, 0.48469, 0.51367] angvel=[-0.00095, 0.01198, -0.02154] linvel=[0.00014, -0.00238, 0.00118] z=0.1071
[lowlevel-sim][GT] t=66.551 quat=[0.47054, -0.52906, 0.48475, 0.51353] angvel=[-0.04067, 0.01483, -0.02173] linvel=[0.00127, -0.0045, 0.00547] z=0.1071
[lowlevel-sim][GT] t=66.601 quat=[0.47061, -0.52903, 0.4847, 0.51354] angvel=[-0.00653, 0.01054, -0.00218] linvel=[0.00178, -0.0008, 0.00175] z=0.1071
[lowlevel-sim][GT] t=66.651 quat=[0.47042, -0.52912, 0.48462, 0.51369] angvel=[-0.02372, 0.01414, 0.00385] linvel=[-0.00037, -0.00043, 0.00458] z=0.1071
[lowlevel-sim][GT] t=66.701 quat=[0.47058, -0.5291, 0.48457, 0.51362] angvel=[0.0149, -0.00647, 0.00241] linvel=[0.00357, 0.00136, 0.00084] z=0.1071
[lowlevel-sim][GT] t=66.751 quat=[0.47043, -0.52924, 0.48459, 0.51358] angvel=[-0.01786, -0.01436, 0.05058] linvel=[0.00104, -0.00689, 0.00178] z=0.1071
[lowlevel-sim][GT] t=66.801 quat=[0.47036, -0.52918, 0.48452, 0.51379] angvel=[-0.00104, 0.00864, -0.01974] linvel=[-0.00136, -0.00286, 0.00199] z=0.1071
[lowlevel-sim][GT] t=66.851 quat=[0.47027, -0.52925, 0.48452, 0.51379] angvel=[-0.04792, -0.01687, -0.04378] linvel=[-0.00273, -0.00902, 0.00516] z=0.1071
[lowlevel-sim][GT] t=66.901 quat=[0.47048, -0.52908, 0.48448, 0.51381] angvel=[-0.01182, -0.03842, -0.01003] linvel=[-0.00093, -0.00294, 0.00176] z=0.1071
[lowlevel-sim][GT] t=66.951 quat=[0.47031, -0.52912, 0.48451, 0.51389] angvel=[0.00371, 0.03868, 0.06416] linvel=[0.00721, -0.00609, -0.00222] z=0.1072
[lowlevel-sim] t=  67.00 mode=cmd        pd=38980 hold=13262 failclosed=99 rtf=0.277 base_z=+0.107 pitch=+1.542 roll=+3.138 |tau|max= 35.00 sat=2/29 knee_L=+0.278 hip_p_L=-0.107 torn=13030 cmd_age=30.6ms auth=187.6s rig_ign=2402 fix_base=0 sat_j=left_ankle_roll_joint:+35.0,right_ankle_roll_joint:-35.0
[lowlevel-sim][GT] t=67.001 quat=[0.4705, -0.52901, 0.48439, 0.51394] angvel=[-0.01658, 0.0499, -0.01091] linvel=[0.00779, -0.00244, 0.00089] z=0.1072
[lowlevel-sim][GT] t=67.051 quat=[0.47045, -0.52903, 0.48456, 0.51381] angvel=[-0.01005, -0.01525, -0.03746] linvel=[-0.00114, -0.00623, 0.00134] z=0.1072
[lowlevel-sim][GT] t=67.101 quat=[0.47059, -0.5289, 0.48465, 0.51374] angvel=[0.05432, 0.03361, -0.0246] linvel=[0.00101, -0.00177, -0.00451] z=0.1072
[lowlevel-sim][GT] t=67.151 quat=[0.47072, -0.52894, 0.48466, 0.51357] angvel=[-0.03953, -0.01614, -0.00801] linvel=[0.00245, -0.00252, 0.00055] z=0.1072
[lowlevel-sim][GT] t=67.201 quat=[0.4706, -0.52893, 0.48463, 0.51372] angvel=[-0.02526, -0.04946, -0.00982] linvel=[-0.00418, -0.00347, 6e-05] z=0.1072
[lowlevel-sim][GT] t=67.251 quat=[0.47032, -0.52911, 0.48461, 0.5138] angvel=[-0.04349, -0.04008, 0.02866] linvel=[0.00052, -0.0052, 0.00753] z=0.1072
[lowlevel-sim][GT] t=67.301 quat=[0.47025, -0.52918, 0.48439, 0.51401] angvel=[-0.04539, 0.00922, 0.03152] linvel=[-0.00258, -0.00557, 0.00367] z=0.1072
[lowlevel-sim][GT] t=67.351 quat=[0.46991, -0.52925, 0.4843, 0.51432] angvel=[-0.00416, 0.04187, 0.03023] linvel=[0.00338, -0.00766, -0.00104] z=0.1072
[lowlevel-sim][GT] t=67.401 quat=[0.46997, -0.52914, 0.48422, 0.51446] angvel=[-0.02661, 0.00699, 0.03198] linvel=[-0.00134, -0.00403, 0.00052] z=0.1072
[lowlevel-sim] FAIL-CLOSED engaged at t=67.425s, last command age 88.09 ms (deadline <= 100 ms) PASS
[lowlevel-sim] COMMANDED at t=67.432s (was fail-closed)
[lowlevel-sim][GT] t=67.451 quat=[0.46932, -0.52996, 0.48505, 0.51342] angvel=[0.01355, -0.0552, -0.03273] linvel=[0.00146, -0.00706, 0.00294] z=0.1069
[lowlevel-sim] t=  67.50 mode=cmd        pd=39234 hold=13262 failclosed=106 rtf=0.276 base_z=+0.107 pitch=+1.540 roll=+3.125 |tau|max= 35.00 sat=2/29 knee_L=+0.278 hip_p_L=-0.109 torn=13051 cmd_age=36.7ms auth=189.6s rig_ign=2402 fix_base=0 sat_j=left_ankle_roll_joint:+35.0,right_ankle_roll_joint:-35.0
[lowlevel-sim][GT] t=67.501 quat=[0.46988, -0.52946, 0.48481, 0.51367] angvel=[0.00572, -0.0419, -0.01907] linvel=[0.00453, -0.00111, 0.0036] z=0.1070
[lowlevel-sim][GT] t=67.551 quat=[0.47003, -0.52937, 0.48467, 0.51374] angvel=[0.01734, -0.002, -0.00493] linvel=[-0.00246, -0.00285, 0.00043] z=0.1071
[lowlevel-sim][GT] t=67.601 quat=[0.47032, -0.52913, 0.48454, 0.51385] angvel=[0.01579, -0.04214, -0.00616] linvel=[0.00322, -0.004, 0.00107] z=0.1071
[lowlevel-sim][GT] t=67.651 quat=[0.47037, -0.52913, 0.48452, 0.51382] angvel=[-0.00908, 0.01428, 0.00816] linvel=[0.00156, -0.00144, 0.00401] z=0.1072
[lowlevel-sim][GT] t=67.701 quat=[0.47037, -0.52906, 0.48449, 0.51392] angvel=[0.05955, 0.0226, 0.00653] linvel=[0.00141, 0.00127, -0.00454] z=0.1072
[lowlevel-sim][GT] t=67.751 quat=[0.47047, -0.529, 0.48442, 0.51396] angvel=[-0.02075, 0.00899, -0.00927] linvel=[0.00254, -0.00194, 0.00415] z=0.1073
[lowlevel-sim][GT] t=67.801 quat=[0.47058, -0.52895, 0.48441, 0.51391] angvel=[0.03598, 0.03441, 0.00758] linvel=[0.00579, 0.00226, 0.00053] z=0.1073
[lowlevel-sim][GT] t=67.851 quat=[0.47052, -0.52913, 0.48437, 0.51383] angvel=[-0.04623, -0.00771, -0.04426] linvel=[-0.00131, -0.00673, 0.00325] z=0.1073
[lowlevel-sim][GT] t=67.901 quat=[0.47053, -0.52905, 0.48436, 0.51391] angvel=[-0.01013, -0.06204, -0.01171] linvel=[0.00353, -0.00536, 0.00332] z=0.1073
[lowlevel-sim][GT] t=67.951 quat=[0.47052, -0.52914, 0.48432, 0.51387] angvel=[-0.0159, -0.02151, -0.00645] linvel=[0.00106, -0.00613, 0.0027] z=0.1073
[lowlevel-sim] t=  68.00 mode=cmd        pd=39484 hold=13262 failclosed=106 rtf=0.277 base_z=+0.107 pitch=+1.542 roll=+3.126 |tau|max= 35.00 sat=2/29 knee_L=+0.279 hip_p_L=-0.108 torn=13059 cmd_age=21.4ms auth=191.2s rig_ign=2402 fix_base=0 sat_j=left_ankle_roll_joint:+35.0,right_ankle_roll_joint:-35.0
[lowlevel-sim][GT] t=68.001 quat=[0.4702, -0.52911, 0.48421, 0.51429] angvel=[0.00832, 0.02903, 0.00608] linvel=[-0.00618, -0.00193, -2e-05] z=0.1073
[lowlevel-sim][GT] t=68.051 quat=[0.46994, -0.52936, 0.48414, 0.51434] angvel=[-0.01261, -0.01738, -0.0526] linvel=[-0.00908, -0.00442, -0.00036] z=0.1073
[lowlevel-sim][GT] t=68.101 quat=[0.47004, -0.5292, 0.48432, 0.51424] angvel=[0.03993, 0.04782, -0.01836] linvel=[-0.00228, -0.00159, -0.00437] z=0.1073
[lowlevel-sim][GT] t=68.151 quat=[0.47006, -0.52925, 0.48451, 0.51399] angvel=[-0.0311, 0.02302, 0.0066] linvel=[0.00052, -0.005, 0.00207] z=0.1072
[lowlevel-sim][GT] t=68.201 quat=[0.47033, -0.52911, 0.48442, 0.51398] angvel=[0.00149, 0.00528, 0.00111] linvel=[0.00094, 0.00056, 0.00246] z=0.1073
[lowlevel-sim][GT] t=68.251 quat=[0.47033, -0.52905, 0.48457, 0.51389] angvel=[0.00301, 0.03322, 0.02862] linvel=[0.00721, -0.0066, -0.00568] z=0.1072
[lowlevel-sim] FAIL-CLOSED engaged at t=68.296s, last command age 87.19 ms (deadline <= 100 ms) PASS
[lowlevel-sim] COMMANDED at t=68.298s (was fail-closed)
[lowlevel-sim][GT] t=68.301 quat=[0.47026, -0.52904, 0.48475, 0.5138] angvel=[-0.0242, 0.00474, 0.01705] linvel=[0.0042, -0.00549, -0.00967] z=0.1072
[lowlevel-sim] FAIL-CLOSED engaged at t=68.320s, last command age 96.36 ms (deadline <= 100 ms) PASS
[lowlevel-sim] COMMANDED at t=68.322s (was fail-closed)
[lowlevel-sim][GT] t=68.351 quat=[0.46999, -0.52929, 0.4848, 0.51374] angvel=[0.06088, 0.03124, 0.03065] linvel=[0.00062, -0.00216, -0.00234] z=0.1071
[lowlevel-sim][GT] t=68.401 quat=[0.47008, -0.52922, 0.48477, 0.51376] angvel=[-0.01677, -0.05215, -0.02391] linvel=[-0.00248, -0.00356, 0.00133] z=0.1071
[lowlevel-sim][GT] t=68.451 quat=[0.47029, -0.52904, 0.48466, 0.51386] angvel=[0.06701, 0.00936, 0.00835] linvel=[0.00089, -0.00026, -0.00228] z=0.1072
[lowlevel-sim] t=  68.50 mode=cmd        pd=39734 hold=13262 failclosed=108 rtf=0.277 base_z=+0.107 pitch=+1.541 roll=+3.130 |tau|max=  8.34 sat=0/29 knee_L=+0.279 hip_p_L=-0.108 torn=13078 cmd_age=27.8ms auth=193.0s rig_ign=2402 fix_base=0
[lowlevel-sim][GT] t=68.501 quat=[0.47035, -0.52904, 0.4847, 0.51375] angvel=[-0.01582, -0.00071, -0.01986] linvel=[-0.00429, -0.00283, 0.00293] z=0.1072
[lowlevel-sim][GT] t=68.551 quat=[0.47048, -0.52893, 0.48465, 0.5138] angvel=[0.03124, 0.00197, -0.00525] linvel=[-0.00151, 1e-05, 0.00037] z=0.1072
[lowlevel-sim][GT] t=68.601 quat=[0.47061, -0.52899, 0.48462, 0.51365] angvel=[0.00421, -0.01754, -0.00898] linvel=[-0.00126, -0.0022, 0.00212] z=0.1072
[lowlevel-sim][GT] t=68.651 quat=[0.47064, -0.52888, 0.48467, 0.51369] angvel=[-0.00762, 0.09357, 0.03695] linvel=[0.00043, -0.0029, 0.0023] z=0.1072
[lowlevel-sim][GT] t=68.701 quat=[0.47042, -0.529, 0.48458, 0.51385] angvel=[0.00287, -0.03757, 0.01061] linvel=[-0.00277, -0.00654, -0.00267] z=0.1072
[lowlevel-sim][GT] t=68.751 quat=[0.47035, -0.52902, 0.48448, 0.514] angvel=[-0.01523, -0.001, -0.00509] linvel=[-0.00582, -0.00194, 0.00209] z=0.1072
[lowlevel-sim][GT] t=68.801 quat=[0.47043, -0.52909, 0.48445, 0.51388] angvel=[-0.00826, -0.03175, -0.03048] linvel=[-0.00734, -0.00831, 0.00331] z=0.1072
[lowlevel-sim][GT] t=68.851 quat=[0.47041, -0.52908, 0.48431, 0.51404] angvel=[0.004, -0.02657, 0.00375] linvel=[-0.0084, -0.00662, -0.0016] z=0.1073
[lowlevel-sim][GT] t=68.901 quat=[0.4703, -0.52927, 0.48427, 0.51398] angvel=[-0.03457, 0.0077, 0.02058] linvel=[0.0012, -0.00793, -0.00018] z=0.1073
[lowlevel-sim][GT] t=68.951 quat=[0.47038, -0.52938, 0.48412, 0.51393] angvel=[-0.0414, -0.05507, -0.00827] linvel=[0.00248, -0.00401, 0.00037] z=0.1072
[lowlevel-sim] t=  69.00 mode=cmd        pd=39984 hold=13262 failclosed=108 rtf=0.276 base_z=+0.107 pitch=+1.541 roll=-3.125 |tau|max=  9.30 sat=0/29 knee_L=+0.278 hip_p_L=-0.107 torn=13090 cmd_age=30.7ms auth=195.0s rig_ign=2402 fix_base=0
[lowlevel-sim][GT] t=69.001 quat=[0.47034, -0.52949, 0.48422, 0.51377] angvel=[-0.00494, -0.0263, 0.03495] linvel=[0.00301, -0.00424, -0.00022] z=0.1072
[lowlevel-sim][GT] t=69.051 quat=[0.47017, -0.52953, 0.48415, 0.51394] angvel=[0.00319, 0.05834, 0.04355] linvel=[-0.00088, -0.00243, -0.00074] z=0.1071
[lowlevel-sim][GT] t=69.101 quat=[0.46988, -0.52966, 0.48424, 0.514] angvel=[-0.01171, 0.02864, 0.03562] linvel=[0.00253, -0.00758, 0.00028] z=0.1071
[lowlevel-sim][GT] t=69.151 quat=[0.46996, -0.52955, 0.48426, 0.51401] angvel=[0.03257, 0.04572, 0.03155] linvel=[0.00519, -0.00215, -0.00406] z=0.1071
[lowlevel-sim][GT] t=69.201 quat=[0.47029, -0.52945, 0.48431, 0.51377] angvel=[0.02166, -0.00584, -0.03237] linvel=[0.00243, -0.00873, -0.0035] z=0.1071
[lowlevel-sim][GT] t=69.251 quat=[0.47053, -0.52927, 0.48441, 0.51364] angvel=[-0.03041, -0.03858, 0.00603] linvel=[0.00165, -0.00265, 0.00262] z=0.1071
[lowlevel-sim][GT] t=69.301 quat=[0.47053, -0.52943, 0.48449, 0.5134] angvel=[-0.04212, 0.00452, -0.00261] linvel=[0.00429, -0.00668, 0.00411] z=0.1071
[lowlevel-sim][GT] t=69.351 quat=[0.47039, -0.52941, 0.48433, 0.5137] angvel=[0.02534, 0.06606, 0.03912] linvel=[0.00635, -0.00259, 0.00021] z=0.1071
[lowlevel-sim][GT] t=69.401 quat=[0.47026, -0.52951, 0.48438, 0.51366] angvel=[-0.0144, -0.00393, 0.02376] linvel=[0.0057, -0.00587, -0.00099] z=0.1070
[lowlevel-sim][GT] t=69.451 quat=[0.47013, -0.52935, 0.48435, 0.51398] angvel=[0.00566, 0.04631, 0.01284] linvel=[-0.0035, 0.0004, 0.00346] z=0.1071
[lowlevel-sim] t=  69.50 mode=cmd        pd=40234 hold=13262 failclosed=108 rtf=0.277 base_z=+0.107 pitch=+1.541 roll=+3.118 |tau|max= 10.42 sat=0/29 knee_L=+0.279 hip_p_L=-0.108 torn=13113 cmd_age=43.1ms auth=196.7s rig_ign=2402 fix_base=0
[lowlevel-sim][GT] t=69.501 quat=[0.46996, -0.52926, 0.48436, 0.51422] angvel=[-0.00151, -0.02276, -0.02603] linvel=[-0.00968, -0.00662, 4e-05] z=0.1071
[lowlevel-sim][GT] t=69.551 quat=[0.47005, -0.52923, 0.48436, 0.51416] angvel=[-0.01131, -0.12711, -0.03499] linvel=[-0.00563, -0.00362, 0.00095] z=0.1071
[lowlevel-sim][GT] t=69.601 quat=[0.47012, -0.5294, 0.4845, 0.51379] angvel=[-0.036, -0.02262, -0.01971] linvel=[0.00358, -0.00457, 0.00297] z=0.1070
[lowlevel-sim][GT] t=69.651 quat=[0.47025, -0.52935, 0.48445, 0.51378] angvel=[-0.04094, 0.02964, 0.04968] linvel=[0.00582, -0.00493, 0.00178] z=0.1070
[lowlevel-sim][GT] t=69.701 quat=[0.47007, -0.52942, 0.48446, 0.51386] angvel=[-0.00665, 0.04142, 0.0429] linvel=[0.00526, -0.0091, 0.00329] z=0.1070
[lowlevel-sim][GT] t=69.751 quat=[0.46983, -0.52947, 0.48436, 0.51412] angvel=[-0.00805, 0.02316, 0.03458] linvel=[-0.00375, -0.00413, 0.00045] z=0.1070
[lowlevel-sim][GT] t=69.801 quat=[0.46978, -0.52959, 0.48427, 0.51413] angvel=[-0.02338, -0.03025, -0.00854] linvel=[-0.00106, -0.00354, 0.00311] z=0.1071
[lowlevel-sim][GT] t=69.851 quat=[0.46976, -0.52964, 0.48405, 0.5143] angvel=[0.04999, 0.03868, 0.01445] linvel=[-0.00023, -0.0, -0.00119] z=0.1071
[lowlevel-sim][GT] t=69.901 quat=[0.46981, -0.52967, 0.48417, 0.51411] angvel=[-0.02293, -0.01734, 0.00586] linvel=[0.00214, 0.00104, 0.00354] z=0.1071
[lowlevel-sim][GT] t=69.951 quat=[0.47001, -0.52954, 0.48398, 0.51424] angvel=[0.0409, -0.00757, -0.01438] linvel=[0.00385, 0.00286, 0.00084] z=0.1071
[lowlevel-sim] t=  70.00 mode=cmd        pd=40484 hold=13262 failclosed=108 rtf=0.277 base_z=+0.107 pitch=+1.542 roll=+3.139 |tau|max=  9.57 sat=0/29 knee_L=+0.278 hip_p_L=-0.107 torn=13133 cmd_age=18.0ms auth=198.2s rig_ign=2402 fix_base=0
[lowlevel-sim][GT] t=70.001 quat=[0.47006, -0.52945, 0.48395, 0.51431] angvel=[0.02313, -0.02419, -0.00901] linvel=[-0.00135, -0.00788, -0.00223] z=0.1072
[lowlevel-sim][GT] t=70.051 quat=[0.47022, -0.52942, 0.48398, 0.51417] angvel=[-0.02214, -0.05963, -0.00686] linvel=[0.00347, -0.00362, 0.0043] z=0.1072
[lowlevel-sim][GT] t=70.101 quat=[0.47001, -0.5296, 0.48401, 0.51415] angvel=[-0.02789, 0.03896, 0.04136] linvel=[0.00444, -0.00739, -0.00033] z=0.1072
[lowlevel-sim][GT] t=70.151 quat=[0.46988, -0.5297, 0.48388, 0.5143] angvel=[-0.03657, 0.06171, 0.03043] linvel=[-0.00022, -0.00412, 0.00176] z=0.1072
[lowlevel-sim][GT] t=70.201 quat=[0.46952, -0.52989, 0.48391, 0.5144] angvel=[-0.0446, -0.02149, -0.00162] linvel=[-0.00488, -0.00743, 0.00413] z=0.1071
[lowlevel-sim][GT] t=70.251 quat=[0.46948, -0.52982, 0.48391, 0.5145] angvel=[0.04476, 0.0023, 0.00089] linvel=[-0.00034, 0.00043, -0.00365] z=0.1071
[lowlevel-sim][GT] t=70.301 quat=[0.46967, -0.52994, 0.48389, 0.51422] angvel=[-0.00561, -0.0323, -0.04058] linvel=[0.00037, -0.00702, -0.00127] z=0.1070
[lowlevel-sim][GT] t=70.351 quat=[0.4697, -0.5299, 0.48388, 0.51425] angvel=[0.00346, -0.0245, -0.03092] linvel=[0.00223, -0.0031, -4e-05] z=0.1070
[lowlevel-sim][GT] t=70.401 quat=[0.46976, -0.52995, 0.48387, 0.51414] angvel=[-0.00871, -9e-05, -0.01288] linvel=[0.00644, -0.00685, 1e-05] z=0.1071
[lowlevel-sim][GT] t=70.451 quat=[0.46983, -0.52975, 0.48394, 0.51423] angvel=[-0.03822, 0.00214, -0.00015] linvel=[0.00472, -0.00545, 0.0046] z=0.1071
[lowlevel-sim] t=  70.50 mode=cmd        pd=40734 hold=13262 failclosed=108 rtf=0.277 base_z=+0.107 pitch=+1.541 roll=-3.126 |tau|max=  9.84 sat=0/29 knee_L=+0.277 hip_p_L=-0.108 torn=13151 cmd_age=22.1ms auth=199.8s rig_ign=2402 fix_base=0
[lowlevel-sim][GT] t=70.501 quat=[0.47, -0.52978, 0.48404, 0.51394] angvel=[-0.05022, 0.01275, 0.02187] linvel=[0.00512, -0.00736, 0.00268] z=0.1071
[lowlevel-sim][GT] t=70.551 quat=[0.46997, -0.5297, 0.48398, 0.51412] angvel=[0.00611, 0.00687, -0.00298] linvel=[0.00106, 0.00033, -0.00028] z=0.1071
[lowlevel-sim][GT] t=70.601 quat=[0.46995, -0.52978, 0.48398, 0.51405] angvel=[-0.01803, 0.02458, 0.00434] linvel=[0.00183, -0.00333, 0.00255] z=0.1071
[lowlevel-sim][GT] t=70.651 quat=[0.46987, -0.52971, 0.48396, 0.51421] angvel=[0.04643, 0.03351, 0.01264] linvel=[-0.00132, 0.00052, -0.00292] z=0.1071
[lowlevel-sim][GT] t=70.701 quat=[0.46988, -0.52965, 0.48395, 0.51427] angvel=[0.00945, 0.01235, 0.03127] linvel=[0.00789, -0.00673, -0.00056] z=0.1072
[lowlevel-sim][GT] t=70.751 quat=[0.47004, -0.52953, 0.48396, 0.51424] angvel=[-0.04173, 0.0295, -0.00026] linvel=[0.00427, -0.00431, 0.00455] z=0.1072
[lowlevel-sim][GT] t=70.801 quat=[0.47009, -0.52944, 0.48416, 0.5141] angvel=[-0.04302, -0.03621, -0.01422] linvel=[0.00608, -0.00373, 0.00343] z=0.1072
[lowlevel-sim][GT] t=70.851 quat=[0.47031, -0.52933, 0.48418, 0.514] angvel=[0.01656, -0.0738, -0.02235] linvel=[0.00556, -0.00046, 0.00081] z=0.1072
[lowlevel-sim][GT] t=70.901 quat=[0.47047, -0.52929, 0.4843, 0.51377] angvel=[-0.02677, 0.01945, 0.00933] linvel=[0.00675, -0.0033, 0.00322] z=0.1072
[lowlevel-sim][GT] t=70.951 quat=[0.47068, -0.52912, 0.48443, 0.51364] angvel=[0.01436, -0.0061, -0.01015] linvel=[0.00583, -0.0019, 0.0014] z=0.1072
[lowlevel-sim] t=  71.00 mode=cmd        pd=40984 hold=13262 failclosed=108 rtf=0.277 base_z=+0.107 pitch=+1.541 roll=-3.136 |tau|max=  9.74 sat=0/29 knee_L=+0.278 hip_p_L=-0.108 torn=13172 cmd_age=21.8ms auth=201.7s rig_ign=2402 fix_base=0
[lowlevel-sim][GT] t=71.001 quat=[0.47053, -0.52911, 0.48454, 0.51368] angvel=[-0.0104, 0.02719, 0.05061] linvel=[0.00746, -0.00599, 0.0003] z=0.1072
[lowlevel-sim][GT] t=71.051 quat=[0.47057, -0.52908, 0.48447, 0.51374] angvel=[-0.02751, -0.02787, -0.00817] linvel=[0.00371, -0.00322, 0.00135] z=0.1072
[lowlevel-sim][GT] t=71.101 quat=[0.47047, -0.52908, 0.48444, 0.51386] angvel=[-0.03492, -0.01466, -0.00696] linvel=[0.0024, -0.00597, 0.00358] z=0.1073
[lowlevel-sim][GT] t=71.151 quat=[0.47032, -0.52904, 0.48424, 0.51422] angvel=[0.0388, 0.01609, 0.02182] linvel=[-0.00132, 0.0013, -0.00214] z=0.1073
[lowlevel-sim][GT] t=71.201 quat=[0.47017, -0.52911, 0.48427, 0.51426] angvel=[-0.01396, -0.04095, -0.03412] linvel=[-0.00991, -0.0039, 0.00145] z=0.1073
[lowlevel-sim][GT] t=71.251 quat=[0.47021, -0.52916, 0.48416, 0.51428] angvel=[0.00045, -0.0334, -0.01244] linvel=[-0.00564, -0.00312, -0.00065] z=0.1073
[lowlevel-sim][GT] t=71.301 quat=[0.4701, -0.52931, 0.48427, 0.51412] angvel=[-0.01825, 0.0025, -0.0126] linvel=[-0.00384, -0.00284, 0.0023] z=0.1073
[lowlevel-sim][GT] t=71.351 quat=[0.47013, -0.52923, 0.48422, 0.51422] angvel=[0.06601, 0.05661, 0.00248] linvel=[-0.00275, 0.001, -0.00238] z=0.1073
[lowlevel-sim][GT] t=71.401 quat=[0.47018, -0.52914, 0.48416, 0.51432] angvel=[-0.00384, 0.03032, 0.04191] linvel=[0.00206, -0.00534, -0.00223] z=0.1073
[lowlevel-sim][GT] t=71.451 quat=[0.47045, -0.52905, 0.48426, 0.51408] angvel=[-0.022, -0.0507, -0.01504] linvel=[0.00502, -0.00461, -0.00058] z=0.1073
[lowlevel-sim] t=  71.50 mode=cmd        pd=41234 hold=13262 failclosed=108 rtf=0.277 base_z=+0.107 pitch=+1.542 roll=-3.137 |tau|max=  9.27 sat=0/29 knee_L=+0.279 hip_p_L=-0.108 torn=13195 cmd_age=22.0ms auth=203.3s rig_ign=2402 fix_base=0
[lowlevel-sim][GT] t=71.501 quat=[0.47061, -0.52903, 0.48439, 0.51383] angvel=[-0.02918, -0.02051, -0.01034] linvel=[0.00362, -0.00286, 0.00291] z=0.1073
[lowlevel-sim][GT] t=71.551 quat=[0.47063, -0.52893, 0.48448, 0.51383] angvel=[0.05508, 0.02726, 0.00452] linvel=[0.0002, -4e-05, -0.00282] z=0.1073
[lowlevel-sim][GT] t=71.601 quat=[0.47054, -0.52887, 0.48453, 0.51392] angvel=[-0.01548, -0.01013, -0.03637] linvel=[-0.0088, -0.00705, -0.00101] z=0.1073
[lowlevel-sim][GT] t=71.651 quat=[0.47058, -0.52882, 0.48458, 0.51389] angvel=[0.01119, 0.04162, -0.00446] linvel=[-0.00521, -0.00304, -0.00262] z=0.1073
[lowlevel-sim][GT] t=71.701 quat=[0.47064, -0.52891, 0.48463, 0.5137] angvel=[-0.03513, 0.01081, -0.00881] linvel=[-0.00322, -0.00552, 0.00206] z=0.1073
[lowlevel-sim][GT] t=71.751 quat=[0.47063, -0.52885, 0.48461, 0.51379] angvel=[-0.06101, 0.00887, 0.01609] linvel=[-0.00198, -0.00536, 0.00421] z=0.1073
[lowlevel-sim] FAIL-CLOSED engaged at t=71.760s, last command age 95.01 ms (deadline <= 100 ms) PASS
[lowlevel-sim] COMMANDED at t=71.766s (was fail-closed)
[lowlevel-sim] FAIL-CLOSED engaged at t=71.767s, last command age 87.05 ms (deadline <= 100 ms) PASS
[lowlevel-sim] COMMANDED at t=71.784s (was fail-closed)
[lowlevel-sim][GT] t=71.801 quat=[0.46758, -0.53215, 0.48765, 0.51028] angvel=[0.05729, 0.11694, 0.0343] linvel=[-0.00296, -0.00324, 0.00504] z=0.1053
[lowlevel-sim][GT] t=71.851 quat=[0.46861, -0.53095, 0.48651, 0.51167] angvel=[0.04364, 0.01958, -0.01136] linvel=[-0.00683, -0.00522, 0.0064] z=0.1059
[lowlevel-sim][GT] t=71.901 quat=[0.46936, -0.5301, 0.48578, 0.51255] angvel=[-0.00059, 0.05767, 0.01738] linvel=[-0.00464, -0.00364, 0.00768] z=0.1063
[lowlevel-sim][GT] t=71.951 quat=[0.46978, -0.52977, 0.48529, 0.51298] angvel=[0.00602, -0.00505, 0.01568] linvel=[-0.00573, -0.00597, 0.00494] z=0.1066
[lowlevel-sim] t=  72.00 mode=cmd        pd=41495 hold=13262 failclosed=130 rtf=0.277 base_z=+0.107 pitch=+1.540 roll=-3.141 |tau|max= 35.00 sat=2/29 knee_L=+0.276 hip_p_L=-0.108 torn=13218 cmd_age=75.3ms auth=205.0s rig_ign=2402 fix_base=0 sat_j=left_ankle_roll_joint:+35.0,right_ankle_roll_joint:-35.0
[lowlevel-sim][GT] t=72.001 quat=[0.4701, -0.52949, 0.48483, 0.5134] angvel=[0.02392, -0.00372, 0.00518] linvel=[-0.00109, -0.00094, 0.0032] z=0.1068
[lowlevel-sim] FAIL-CLOSED engaged at t=72.003s, last command age 85.98 ms (deadline <= 100 ms) PASS
[lowlevel-sim] COMMANDED at t=72.032s (was fail-closed)
[lowlevel-sim] FAIL-CLOSED engaged at t=72.038s, last command age 85.33 ms (deadline <= 100 ms) PASS
[lowlevel-sim][GT] t=72.051 quat=[0.46441, -0.53569, 0.4904, 0.50682] angvel=[-0.64351, -0.03369, 0.00713] linvel=[-0.00087, 0.01207, -0.04087] z=0.1033
[lowlevel-sim] COMMANDED at t=72.078s (was fail-closed)
[lowlevel-sim] FAIL-CLOSED engaged at t=72.100s, last command age 94.26 ms (deadline <= 100 ms) PASS
[lowlevel-sim][GT] t=72.101 quat=[0.4595, -0.53926, 0.49423, 0.50378] angvel=[0.27903, 0.02244, 0.01536] linvel=[-0.01724, -0.00303, 0.01918] z=0.1008
[lowlevel-sim] COMMANDED at t=72.134s (was fail-closed)
[lowlevel-sim] FAIL-CLOSED engaged at t=72.140s, last command age 101.63 ms (deadline <= 100 ms) FAIL
[lowlevel-sim][GT] t=72.151 quat=[0.45311, -0.54421, 0.49908, 0.49944] angvel=[-0.55466, 0.00403, 0.02547] linvel=[-0.02864, -0.00083, -0.02637] z=0.0980
[lowlevel-sim] COMMANDED at t=72.154s (was fail-closed)
[lowlevel-sim] FAIL-CLOSED engaged at t=72.158s, last command age 85.12 ms (deadline <= 100 ms) PASS
[lowlevel-sim] COMMANDED at t=72.172s (was fail-closed)
[lowlevel-sim] FAIL-CLOSED engaged at t=72.175s, last command age 86.18 ms (deadline <= 100 ms) PASS
[lowlevel-sim] COMMANDED at t=72.186s (was fail-closed)
[lowlevel-sim][GT] t=72.201 quat=[0.45082, -0.54531, 0.50066, 0.49873] angvel=[0.79129, -0.00339, -0.04019] linvel=[-0.01756, 0.00418, 0.0215] z=0.0969
[lowlevel-sim][GT] t=72.251 quat=[0.45993, -0.53814, 0.49374, 0.50506] angvel=[0.4314, -0.06481, -0.06902] linvel=[0.01527, -0.00921, 0.02907] z=0.1004
[lowlevel-sim][GT] t=72.301 quat=[0.46572, -0.5338, 0.48994, 0.50806] angvel=[0.2536, -0.00465, -0.06968] linvel=[0.01178, -0.00452, 0.0193] z=0.1029
[lowlevel-sim][GT] t=72.351 quat=[0.46885, -0.53149, 0.48809, 0.50938] angvel=[0.11634, -0.01424, -0.03621] linvel=[0.00195, -0.00787, 0.0142] z=0.1045
[lowlevel-sim][GT] t=72.401 quat=[0.47022, -0.53044, 0.48707, 0.51019] angvel=[0.05388, -0.0132, -0.01277] linvel=[0.0047, -0.0013, 0.0064] z=0.1052
[lowlevel-sim][GT] t=72.451 quat=[0.47068, -0.53, 0.48673, 0.51055] angvel=[0.00545, 0.0267, 0.00229] linvel=[0.00202, -0.00577, 0.00812] z=0.1056
[lowlevel-sim] t=  72.50 mode=cmd        pd=41815 hold=13262 failclosed=270 rtf=0.277 base_z=+0.106 pitch=+1.537 roll=-3.097 |tau|max= 35.00 sat=2/29 knee_L=+0.270 hip_p_L=-0.107 torn=13242 cmd_age=31.9ms auth=207.1s rig_ign=2402 fix_base=0 sat_j=left_ankle_roll_joint:+35.0,right_ankle_roll_joint:-35.0
[lowlevel-sim][GT] t=72.501 quat=[0.47083, -0.52958, 0.48627, 0.51127] angvel=[-0.00123, 0.08406, 0.0431] linvel=[0.01006, -0.00359, 0.00444] z=0.1060
[lowlevel-sim][GT] t=72.551 quat=[0.47082, -0.52929, 0.48598, 0.51187] angvel=[0.00185, 0.00874, 0.02615] linvel=[0.00612, -0.00341, 0.00649] z=0.1063
[lowlevel-sim][GT] t=72.601 quat=[0.47089, -0.52895, 0.4858, 0.51231] angvel=[0.03495, -0.01587, -0.00655] linvel=[0.0049, 0.00031, 0.00126] z=0.1065
[lowlevel-sim][GT] t=72.651 quat=[0.47095, -0.52896, 0.48568, 0.51237] angvel=[-0.02637, -0.01479, -0.0459] linvel=[-0.00082, -0.00684, 0.0045] z=0.1067
[lowlevel-sim][GT] t=72.701 quat=[0.47107, -0.52878, 0.48548, 0.51264] angvel=[0.02572, -0.00325, -0.00361] linvel=[0.00075, -0.0011, -0.0005] z=0.1068
[lowlevel-sim][GT] t=72.751 quat=[0.47099, -0.52888, 0.4854, 0.51268] angvel=[-0.01944, 0.00414, 0.04897] linvel=[0.01254, -0.00665, 0.00101] z=0.1069
[lowlevel-sim][GT] t=72.801 quat=[0.47117, -0.52875, 0.48543, 0.51261] angvel=[0.0183, -0.00222, -0.00617] linvel=[0.00598, 0.00026, 0.00403] z=0.1069
[lowlevel-sim][GT] t=72.851 quat=[0.4713, -0.52859, 0.48554, 0.51256] angvel=[-0.02265, -0.01263, -0.0251] linvel=[0.00709, -0.00605, 0.00093] z=0.1070
[lowlevel-sim][GT] t=72.901 quat=[0.47147, -0.52847, 0.48558, 0.51248] angvel=[-0.00456, 0.0228, 0.01354] linvel=[0.00488, -0.00391, 0.00019] z=0.1070
[lowlevel-sim][GT] t=72.951 quat=[0.47152, -0.52841, 0.48561, 0.51248] angvel=[-0.01703, -0.01644, 0.01947] linvel=[0.00653, -0.00434, -0.0012] z=0.1070
[lowlevel-sim] t=  73.00 mode=cmd        pd=42065 hold=13262 failclosed=270 rtf=0.277 base_z=+0.107 pitch=+1.541 roll=-3.130 |tau|max= 35.00 sat=2/29 knee_L=+0.276 hip_p_L=-0.107 torn=13261 cmd_age=37.0ms auth=208.7s rig_ign=2402 fix_base=0 sat_j=left_ankle_roll_joint:+35.0,right_ankle_roll_joint:-35.0
[lowlevel-sim][GT] t=73.001 quat=[0.47145, -0.52835, 0.48561, 0.51261] angvel=[0.02809, 0.00656, 0.00869] linvel=[0.00458, 0.00218, 0.0007] z=0.1070
[lowlevel-sim][GT] t=73.051 quat=[0.47133, -0.52833, 0.48563, 0.51272] angvel=[-0.01999, -0.00975, -0.00574] linvel=[0.00448, -0.00497, -0.00022] z=0.1070
[lowlevel-sim][GT] t=73.101 quat=[0.47134, -0.52825, 0.48569, 0.51273] angvel=[0.05489, 0.0051, -0.00286] linvel=[0.00629, -0.00188, -0.00281] z=0.1070
[lowlevel-sim][GT] t=73.151 quat=[0.4713, -0.52827, 0.48581, 0.51265] angvel=[-0.01866, 0.00778, -0.01481] linvel=[0.00259, -0.00171, 0.00282] z=0.1070
[lowlevel-sim][GT] t=73.201 quat=[0.47152, -0.52816, 0.48578, 0.51257] angvel=[0.02039, 0.10248, -0.00151] linvel=[0.00951, 0.00016, -0.00572] z=0.1070
[lowlevel-sim][GT] t=73.251 quat=[0.47142, -0.52817, 0.48588, 0.51256] angvel=[-0.00425, 0.00171, -0.00497] linvel=[-4e-05, -0.00113, 0.00023] z=0.1070
[lowlevel-sim][GT] t=73.301 quat=[0.47144, -0.52808, 0.48594, 0.51259] angvel=[0.00409, 0.00882, 0.00567] linvel=[0.001, -0.0036, 0.00197] z=0.1070
[lowlevel-sim][GT] t=73.351 quat=[0.47141, -0.52812, 0.48606, 0.51246] angvel=[-0.00405, 0.01381, 0.00425] linvel=[0.00403, -0.00482, 0.00222] z=0.1070
[lowlevel-sim][GT] t=73.401 quat=[0.47139, -0.52807, 0.48592, 0.51265] angvel=[-0.02899, -0.00848, -0.00797] linvel=[-0.00235, -0.00065, 0.0055] z=0.1070
[lowlevel-sim][GT] t=73.451 quat=[0.47137, -0.5282, 0.48594, 0.51253] angvel=[-0.02855, -0.01155, -0.00859] linvel=[-0.00426, -0.00192, 0.00282] z=0.1070
[lowlevel-sim] t=  73.50 mode=cmd        pd=42315 hold=13262 failclosed=270 rtf=0.277 base_z=+0.107 pitch=+1.541 roll=+3.136 |tau|max= 35.00 sat=2/29 knee_L=+0.276 hip_p_L=-0.108 torn=13275 cmd_age=27.2ms auth=210.4s rig_ign=2402 fix_base=0 sat_j=left_ankle_roll_joint:+35.0,right_ankle_roll_joint:-35.0
[lowlevel-sim][GT] t=73.501 quat=[0.47142, -0.52814, 0.4859, 0.51258] angvel=[-0.02096, 0.01553, 0.01026] linvel=[-0.00219, -0.00428, 0.00219] z=0.1070
[lowlevel-sim][GT] t=73.551 quat=[0.47133, -0.52815, 0.48586, 0.51269] angvel=[-0.03488, 0.00118, 0.00512] linvel=[-0.00478, -0.00876, 0.00412] z=0.1071
[lowlevel-sim][GT] t=73.601 quat=[0.47133, -0.52812, 0.48568, 0.5129] angvel=[0.00209, 0.08508, 0.04991] linvel=[-0.00238, -0.00405, 0.00329] z=0.1071
[lowlevel-sim][GT] t=73.651 quat=[0.4713, -0.52822, 0.48566, 0.51283] angvel=[-0.03712, -0.00211, -0.00999] linvel=[-0.00413, -0.00214, 0.00266] z=0.1071
[lowlevel-sim][GT] t=73.701 quat=[0.47145, -0.5283, 0.48555, 0.51271] angvel=[0.05464, 0.02728, 0.02154] linvel=[0.00088, 0.00085, -0.00319] z=0.1071
[lowlevel-sim][GT] t=73.751 quat=[0.4713, -0.52833, 0.48553, 0.51284] angvel=[-0.02206, -0.03231, -0.01234] linvel=[0.00037, -0.00456, 0.00392] z=0.1071
[lowlevel-sim][GT] t=73.801 quat=[0.47117, -0.52836, 0.48548, 0.51298] angvel=[0.03261, 0.03691, 0.015] linvel=[-0.00036, -0.00202, -0.00044] z=0.1071
[lowlevel-sim][GT] t=73.851 quat=[0.47112, -0.52834, 0.48535, 0.51316] angvel=[-0.00937, -0.01833, -0.03611] linvel=[-0.00524, -0.00669, 0.00245] z=0.1072
[lowlevel-sim][GT] t=73.901 quat=[0.47136, -0.52819, 0.48533, 0.51312] angvel=[-0.00316, -0.0537, -0.01325] linvel=[-0.00269, -0.00111, 0.00285] z=0.1072
[lowlevel-sim][GT] t=73.951 quat=[0.47118, -0.52822, 0.48541, 0.51317] angvel=[-0.01663, -0.00689, 0.01394] linvel=[-0.00642, -0.00745, -0.00134] z=0.1072
[lowlevel-sim] t=  74.00 mode=cmd        pd=42565 hold=13262 failclosed=270 rtf=0.277 base_z=+0.107 pitch=+1.542 roll=+3.133 |tau|max= 35.00 sat=2/29 knee_L=+0.277 hip_p_L=-0.107 torn=13296 cmd_age=40.7ms auth=212.1s rig_ign=2402 fix_base=0 sat_j=left_ankle_roll_joint:+35.0,right_ankle_roll_joint:-35.0
[lowlevel-sim][GT] t=74.001 quat=[0.4712, -0.52829, 0.48535, 0.51314] angvel=[-0.03778, -0.01228, -0.01798] linvel=[-0.0004, -0.00502, 0.00087] z=0.1072
[lowlevel-sim][GT] t=74.051 quat=[0.47134, -0.5283, 0.48535, 0.513] angvel=[-0.0142, 0.01296, 0.01562] linvel=[0.00914, -0.00984, -0.00075] z=0.1072
[lowlevel-sim][GT] t=74.101 quat=[0.47168, -0.52822, 0.48539, 0.51274] angvel=[0.05907, 0.00568, -0.00189] linvel=[0.00725, -0.00393, -0.00687] z=0.1072
[lowlevel-sim][GT] t=74.151 quat=[0.47153, -0.52822, 0.48541, 0.51285] angvel=[0.02637, 0.01254, 0.00794] linvel=[-0.00141, -0.00794, -0.00125] z=0.1072
[lowlevel-sim][GT] t=74.201 quat=[0.47146, -0.52824, 0.48535, 0.51296] angvel=[-0.02588, -0.07129, -0.013] linvel=[-0.00424, -0.00437, 0.0017] z=0.1072
[lowlevel-sim][GT] t=74.251 quat=[0.47145, -0.52828, 0.48541, 0.51286] angvel=[-0.00464, -0.01633, -0.00883] linvel=[0.00085, -0.00334, -0.00089] z=0.1072
[lowlevel-sim][GT] t=74.301 quat=[0.47147, -0.52826, 0.48541, 0.51286] angvel=[0.00308, 0.00963, 0.0103] linvel=[0.00158, 5e-05, 0.00051] z=0.1072
[lowlevel-sim][GT] t=74.351 quat=[0.47133, -0.52836, 0.48544, 0.51287] angvel=[-0.02683, -0.04347, 0.02813] linvel=[0.00174, -0.00589, 0.00351] z=0.1072
[lowlevel-sim][GT] t=74.401 quat=[0.47142, -0.52824, 0.4853, 0.51304] angvel=[0.04082, 0.03953, 0.00991] linvel=[0.00251, 0.00296, -0.00086] z=0.1072
[lowlevel-sim][GT] t=74.451 quat=[0.47147, -0.52836, 0.48533, 0.51285] angvel=[-0.02874, -0.01231, -0.00324] linvel=[0.0062, -0.00671, 0.00027] z=0.1072
[lowlevel-sim] t=  74.50 mode=cmd        pd=42815 hold=13262 failclosed=270 rtf=0.278 base_z=+0.107 pitch=+1.542 roll=-3.134 |tau|max= 35.00 sat=2/29 knee_L=+0.277 hip_p_L=-0.107 torn=13310 cmd_age=53.1ms auth=213.7s rig_ign=2402 fix_base=0 sat_j=left_ankle_roll_joint:+35.0,right_ankle_roll_joint:-35.0
[lowlevel-sim][GT] t=74.501 quat=[0.4715, -0.52822, 0.48527, 0.51301] angvel=[0.06711, 0.00534, -0.00069] linvel=[-0.00074, 0.00079, -0.00306] z=0.1072
[lowlevel-sim][GT] t=74.551 quat=[0.4714, -0.52821, 0.48532, 0.51307] angvel=[-0.0158, -0.00856, -0.00712] linvel=[0.00445, -0.0109, -0.00125] z=0.1073
[lowlevel-sim][GT] t=74.601 quat=[0.47152, -0.5282, 0.48522, 0.51306] angvel=[0.01096, -0.10997, -0.02564] linvel=[0.00326, -0.00268, -0.00434] z=0.1073
[lowlevel-sim][GT] t=74.651 quat=[0.47146, -0.52834, 0.48525, 0.51295] angvel=[-0.04557, 0.01872, 0.02421] linvel=[0.00738, -0.00814, 0.00216] z=0.1073
[lowlevel-sim][GT] t=74.701 quat=[0.47154, -0.52821, 0.48533, 0.51294] angvel=[0.03106, -0.0245, 0.00181] linvel=[0.00833, -0.00151, -0.00464] z=0.1072
[lowlevel-sim][GT] t=74.751 quat=[0.47159, -0.52811, 0.48548, 0.51285] angvel=[-0.00115, 0.0014, 0.02159] linvel=[0.00381, -0.00162, 0.00322] z=0.1073
[lowlevel-sim][GT] t=74.801 quat=[0.47165, -0.52811, 0.48555, 0.51272] angvel=[0.00461, -0.02232, -0.007] linvel=[0.00283, -0.00206, 0.00174] z=0.1072
[lowlevel-sim][GT] t=74.851 quat=[0.47173, -0.52819, 0.48557, 0.51255] angvel=[-0.01948, -0.0184, -0.01954] linvel=[0.0042, -0.00355, 0.00173] z=0.1072
[lowlevel-sim][GT] t=74.901 quat=[0.47173, -0.52808, 0.48556, 0.51267] angvel=[0.01398, -0.01145, -0.02147] linvel=[0.00661, -0.00223, -0.00014] z=0.1072
[lowlevel-sim][GT] t=74.951 quat=[0.47165, -0.52814, 0.48557, 0.51267] angvel=[-0.02782, -0.02684, -0.06394] linvel=[0.00117, -0.00692, 0.00183] z=0.1072
[lowlevel-sim] t=  75.00 mode=cmd        pd=43065 hold=13262 failclosed=270 rtf=0.278 base_z=+0.107 pitch=+1.541 roll=-3.130 |tau|max= 35.00 sat=2/29 knee_L=+0.277 hip_p_L=-0.107 torn=13335 cmd_age=22.5ms auth=215.1s rig_ign=2402 fix_base=0 sat_j=left_ankle_roll_joint:+35.0,right_ankle_roll_joint:-35.0
[lowlevel-sim][GT] t=75.001 quat=[0.47168, -0.52813, 0.48555, 0.51268] angvel=[0.08063, 0.00293, -0.01789] linvel=[-0.00089, -0.00055, -0.00649] z=0.1072
[lowlevel-sim][GT] t=75.051 quat=[0.47159, -0.52814, 0.48562, 0.51269] angvel=[-0.01028, 0.00731, 0.03889] linvel=[0.00597, -0.00582, 0.00031] z=0.1072
[lowlevel-sim][GT] t=75.101 quat=[0.47151, -0.52799, 0.48548, 0.51305] angvel=[0.0339, -0.03479, -0.02097] linvel=[-0.00378, -0.00104, -0.00361] z=0.1072
[lowlevel-sim][GT] t=75.151 quat=[0.47137, -0.52813, 0.48553, 0.51298] angvel=[-0.00019, -0.04742, 0.00023] linvel=[-0.0038, -0.00898, -0.00137] z=0.1072
[lowlevel-sim][GT] t=75.201 quat=[0.47145, -0.52816, 0.48554, 0.51286] angvel=[0.01868, 0.01326, -0.01289] linvel=[-0.00214, -0.00286, -0.00256] z=0.1072
[lowlevel-sim][GT] t=75.251 quat=[0.47121, -0.52819, 0.48551, 0.51308] angvel=[0.01166, 0.02352, -0.01386] linvel=[-0.0082, -0.00657, 0.004] z=0.1072
[lowlevel-sim][GT] t=75.301 quat=[0.47128, -0.52818, 0.4854, 0.51314] angvel=[-0.04469, 0.02302, 0.02234] linvel=[-0.0008, -0.00456, 0.00456] z=0.1072
[lowlevel-sim][GT] t=75.351 quat=[0.47124, -0.52823, 0.4855, 0.51303] angvel=[-0.05817, -0.00724, 0.05859] linvel=[0.00276, -0.00772, 0.00536] z=0.1072
[lowlevel-sim][GT] t=75.401 quat=[0.47122, -0.52828, 0.48544, 0.51305] angvel=[-0.04566, -0.00193, 0.01031] linvel=[-0.0042, -0.00592, 0.0019] z=0.1072
[lowlevel-sim][GT] t=75.451 quat=[0.47101, -0.52849, 0.48546, 0.51301] angvel=[-0.03172, -0.02441, -0.06796] linvel=[-0.00873, -0.00822, 0.00261] z=0.1071
[lowlevel-sim] t=  75.50 mode=cmd        pd=43315 hold=13262 failclosed=270 rtf=0.278 base_z=+0.107 pitch=+1.541 roll=-3.141 |tau|max= 35.00 sat=2/29 knee_L=+0.278 hip_p_L=-0.108 torn=13358 cmd_age=28.7ms auth=216.8s rig_ign=2402 fix_base=0 sat_j=left_ankle_roll_joint:+35.0,right_ankle_roll_joint:-35.0
[lowlevel-sim][GT] t=75.501 quat=[0.47126, -0.52838, 0.48545, 0.51291] angvel=[-0.0084, -0.01993, -0.03288] linvel=[-0.00118, -0.00388, 0.00348] z=0.1072
[lowlevel-sim][GT] t=75.551 quat=[0.47138, -0.52833, 0.48546, 0.51283] angvel=[-0.02557, -0.00351, -0.0027] linvel=[0.00118, -0.00463, 0.00316] z=0.1072
[lowlevel-sim][GT] t=75.601 quat=[0.47167, -0.52819, 0.4854, 0.51276] angvel=[0.03791, 0.05086, 0.01355] linvel=[0.00434, -0.00137, -0.00195] z=0.1072
[lowlevel-sim][GT] t=75.651 quat=[0.47153, -0.52805, 0.48545, 0.51299] angvel=[0.00095, 0.06573, 0.04635] linvel=[0.00584, -0.00683, -0.00279] z=0.1073
[lowlevel-sim][GT] t=75.701 quat=[0.47153, -0.52803, 0.48543, 0.51303] angvel=[-0.00324, 0.03059, 0.01953] linvel=[0.00221, -0.00443, 0.003] z=0.1073
[lowlevel-sim][GT] t=75.751 quat=[0.4716, -0.52815, 0.48553, 0.51275] angvel=[-0.01242, -0.03621, -0.0458] linvel=[-0.00373, -0.0074, 0.00178] z=0.1073
[lowlevel-sim][GT] t=75.801 quat=[0.47173, -0.52813, 0.48556, 0.51262] angvel=[0.02388, 0.0076, -0.00555] linvel=[0.00237, -0.00364, -9e-05] z=0.1072
[lowlevel-sim][GT] t=75.851 quat=[0.47172, -0.52816, 0.48561, 0.51255] angvel=[-0.02423, -0.04243, -0.00282] linvel=[0.00398, -0.0066, -0.00203] z=0.1072
[lowlevel-sim][GT] t=75.901 quat=[0.47158, -0.52815, 0.48556, 0.51274] angvel=[-0.01775, 0.04178, 0.0307] linvel=[0.00233, -0.0042, 0.00112] z=0.1072
[lowlevel-sim][GT] t=75.951 quat=[0.47129, -0.52817, 0.48553, 0.51301] angvel=[-0.01336, -0.01026, 0.00668] linvel=[-0.00307, -0.00269, 0.00291] z=0.1072
[lowlevel-sim] t=  76.00 mode=cmd        pd=43565 hold=13262 failclosed=270 rtf=0.278 base_z=+0.107 pitch=+1.542 roll=+3.125 |tau|max= 35.00 sat=2/29 knee_L=+0.278 hip_p_L=-0.108 torn=13383 cmd_age=32.2ms auth=218.7s rig_ign=2402 fix_base=0 sat_j=left_ankle_roll_joint:+35.0,right_ankle_roll_joint:-35.0
[lowlevel-sim][GT] t=76.001 quat=[0.47127, -0.52811, 0.48543, 0.51318] angvel=[0.01742, -0.04423, -0.003] linvel=[-0.00202, -0.00101, 0.0011] z=0.1073
[lowlevel-sim][GT] t=76.051 quat=[0.47133, -0.52824, 0.48549, 0.51293] angvel=[-0.00659, -0.00836, -0.02974] linvel=[0.00055, -0.00411, 0.00112] z=0.1072
[lowlevel-sim][GT] t=76.101 quat=[0.47143, -0.52819, 0.48546, 0.51293] angvel=[-0.01392, 0.05612, -0.00802] linvel=[0.0025, -0.00241, 0.00281] z=0.1072
[lowlevel-sim][GT] t=76.151 quat=[0.47146, -0.52817, 0.4856, 0.5128] angvel=[-0.01176, -0.03659, -0.04568] linvel=[-0.00355, -0.00738, -0.00044] z=0.1072
[lowlevel-sim][GT] t=76.201 quat=[0.47162, -0.52806, 0.48552, 0.51283] angvel=[0.02733, -0.09202, -0.04577] linvel=[-0.00503, -0.00377, -0.00034] z=0.1072
[lowlevel-sim][GT] t=76.251 quat=[0.47136, -0.52814, 0.48553, 0.51299] angvel=[-0.04019, 0.01837, 0.04678] linvel=[0.00083, -0.00759, 0.0011] z=0.1073
[lowlevel-sim][GT] t=76.301 quat=[0.47126, -0.52832, 0.48543, 0.51298] angvel=[0.00325, 0.01396, 0.03506] linvel=[-0.00282, -0.00439, -0.00037] z=0.1072
[lowlevel-sim][GT] t=76.351 quat=[0.47114, -0.52846, 0.48533, 0.51305] angvel=[-0.00484, -0.01924, 0.0078] linvel=[-0.00386, -0.00062, 0.00237] z=0.1072
[lowlevel-sim][GT] t=76.401 quat=[0.47111, -0.5286, 0.48525, 0.513] angvel=[-0.01586, 0.03064, 0.04302] linvel=[0.00453, -0.00492, 0.00221] z=0.1072
[lowlevel-sim][GT] t=76.451 quat=[0.47107, -0.52874, 0.48522, 0.51292] angvel=[-0.01307, -0.0646, 0.01764] linvel=[0.00437, -0.00674, 0.00093] z=0.1071
[lowlevel-sim] t=  76.50 mode=cmd        pd=43815 hold=13262 failclosed=270 rtf=0.278 base_z=+0.107 pitch=+1.541 roll=-3.130 |tau|max= 35.00 sat=2/29 knee_L=+0.277 hip_p_L=-0.108 torn=13399 cmd_age=27.5ms auth=220.3s rig_ign=2402 fix_base=0 sat_j=left_ankle_roll_joint:+35.0,right_ankle_roll_joint:-35.0
[lowlevel-sim][GT] t=76.501 quat=[0.47115, -0.52864, 0.48528, 0.5129] angvel=[0.04132, 0.01242, 0.01094] linvel=[0.00703, 0.00045, 0.00015] z=0.1071
[lowlevel-sim][GT] t=76.551 quat=[0.47109, -0.52865, 0.48525, 0.51296] angvel=[0.0081, -0.02975, -0.0303] linvel=[-0.00092, -0.00654, -0.00134] z=0.1071
[lowlevel-sim][GT] t=76.601 quat=[0.47141, -0.52859, 0.48511, 0.51286] angvel=[-0.00496, -0.06258, -0.0094] linvel=[0.00218, -0.00217, 0.00115] z=0.1072
[lowlevel-sim][GT] t=76.651 quat=[0.47112, -0.52867, 0.48524, 0.51294] angvel=[-0.04339, 0.0253, 0.00894] linvel=[0.0006, -0.00433, 0.00289] z=0.1072
[lowlevel-sim][GT] t=76.701 quat=[0.47116, -0.52853, 0.48515, 0.51312] angvel=[-0.01901, -0.02144, 0.00929] linvel=[0.00367, -0.00393, -0.00095] z=0.1072
[lowlevel-sim][GT] t=76.751 quat=[0.4712, -0.52856, 0.48512, 0.51309] angvel=[0.01764, -0.03878, -0.0147] linvel=[0.00507, -0.00469, -0.00261] z=0.1072
[lowlevel-sim][GT] t=76.801 quat=[0.47105, -0.52861, 0.48513, 0.51316] angvel=[0.03518, 0.05318, 0.05229] linvel=[0.00499, -0.00366, -0.00117] z=0.1072
[lowlevel-sim][GT] t=76.851 quat=[0.4708, -0.52873, 0.48512, 0.51327] angvel=[-0.02694, 0.00988, 0.01922] linvel=[-0.00363, -0.00956, 0.00168] z=0.1072
[lowlevel-sim][GT] t=76.901 quat=[0.47088, -0.52862, 0.485, 0.51343] angvel=[-0.05811, -0.06994, -0.00384] linvel=[-0.00263, -0.00746, 0.00731] z=0.1072
[lowlevel-sim][GT] t=76.951 quat=[0.47082, -0.52863, 0.48507, 0.5134] angvel=[-0.01067, -0.00531, 0.00075] linvel=[0.00064, -0.00549, 0.00244] z=0.1073
[lowlevel-sim] t=  77.00 mode=cmd        pd=44065 hold=13262 failclosed=270 rtf=0.278 base_z=+0.107 pitch=+1.542 roll=+3.128 |tau|max= 35.00 sat=2/29 knee_L=+0.279 hip_p_L=-0.108 torn=13419 cmd_age=41.8ms auth=221.9s rig_ign=2402 fix_base=0 sat_j=left_ankle_roll_joint:+35.0,right_ankle_roll_joint:-35.0
[lowlevel-sim][GT] t=77.001 quat=[0.47084, -0.52855, 0.48499, 0.51355] angvel=[0.00597, 0.01836, 0.0159] linvel=[-0.00647, -0.0022, 0.0019] z=0.1073
[lowlevel-sim][GT] t=77.051 quat=[0.47103, -0.52854, 0.48504, 0.51333] angvel=[-0.01536, -0.0001, 0.00362] linvel=[-0.00209, -0.0007, 0.00308] z=0.1073
[lowlevel-sim][GT] t=77.101 quat=[0.47117, -0.52851, 0.48505, 0.51323] angvel=[0.05198, 0.03777, 0.00115] linvel=[0.00078, 0.00067, -0.00195] z=0.1073
[lowlevel-sim][GT] t=77.151 quat=[0.47121, -0.52854, 0.48506, 0.51314] angvel=[-0.01223, -0.00627, -0.01383] linvel=[0.00292, -0.00453, -0.00143] z=0.1073
[lowlevel-sim][GT] t=77.201 quat=[0.4715, -0.52852, 0.48503, 0.51293] angvel=[0.00259, -0.00104, 0.01337] linvel=[0.0052, -0.00403, 0.0019] z=0.1073
