Authorization required, but no authorization protocol specified

Authorization required, but no authorization protocol specified

Authorization required, but no authorization protocol specified

Authorization required, but no authorization protocol specified

Authorization required, but no authorization protocol specified

cat: '/sys/devices/system/cpu/cpu*/cpufreq/scaling_governor': No such file or directory
Authorization required, but no authorization protocol specified

Authorization required, but no authorization protocol specified

[Info] [carb] Logging to file: /isaac-sim/kit/logs/Kit/Isaac-Sim Python/5.1/kit_20260822_132305.log
[0.152s] [ext: omni.kit.async_engine-0.0.3] startup
[1.077s] [ext: omni.metrics.core-0.0.3] startup
[1.078s] [ext: omni.client.lib-1.1.0] startup
[1.118s] [ext: omni.blobkey-1.1.2] startup
[1.119s] [ext: omni.stats-1.0.1] startup
[1.129s] [ext: omni.datastore-0.0.0] startup
[1.136s] [ext: omni.client-1.3.0] startup
[1.143s] [ext: omni.ujitso.default-1.0.0] startup
[1.146s] [ext: omni.hsscclient-1.1.2] startup
[1.169s] [ext: omni.gpu_foundation.shadercache.vulkan-1.0.0] startup
[1.203s] [ext: omni.assets.plugins-0.0.0] startup
[1.205s] [ext: omni.gpu_foundation-0.0.0] startup
[1.217s] [ext: carb.windowing.plugins-1.0.0] startup
2026-08-22T13:23:06Z [1,169ms] [Warning] [carb.windowing-glfw.plugin] GLFW initialization failed.
2026-08-22T13:23:06Z [1,169ms] [Warning] [carb] Failed to startup plugin carb.windowing-glfw.plugin (interfaces: [carb::windowing::IGLContext v1.0],[carb::windowing::IWindowing v1.5]) (impl: carb.windowing-glfw.plugin)
[1.219s] [ext: omni.kit.renderer.init-0.0.0] startup
2026-08-22T13:23:06Z [1,243ms] [Warning] [omni.platforminfo.plugin] failed to open the default display.  Can't verify X Server version.
2026-08-22T13:23:06Z [1,479ms] [Warning] [carb.windowing-glfw.plugin] GLFW initialization failed.
2026-08-22T13:23:06Z [1,479ms] [Warning] [carb] Failed to startup plugin carb.windowing-glfw.plugin (interfaces: [carb::windowing::IGLContext v1.0],[carb::windowing::IWindowing v1.5]) (impl: carb.windowing-glfw.plugin)

|---------------------------------------------------------------------------------------------|
| Driver Version: 580.105.08    | Graphics API: Vulkan
|=============================================================================================|
| GPU | Name                             | Active | LDA | GPU Memory | Vendor-ID | LUID       |
|     |                                  |        |     |            | Device-ID | UUID       |
|     |                                  |        |     |            | Bus-ID    |            |
|---------------------------------------------------------------------------------------------|
| 0   | NVIDIA GeForce RTX 4090          | Yes: 0 |     | 24810   MB | 10de      | 0          |
|     |                                  |        |     |            | 2684      | ea3ff652.. |
|     |                                  |        |     |            | 0         |            |
|=============================================================================================|
| OS: 24.04.2 LTS (Noble Numbat) ubuntu, Version: 24.04.2, Kernel: 6.8.0-87-generic
| Processor: AMD EPYC 7713 64-Core Processor
| Cores: 40 | Logical Cores: 40
|---------------------------------------------------------------------------------------------|
| Total Memory (MB): 135018 | Free Memory: 128607
| Total Page/Swap (MB): 0 | Free Page/Swap: 0
|---------------------------------------------------------------------------------------------|
[2.309s] [ext: omni.kit.pipapi-0.0.0] startup
[2.324s] [ext: omni.kit.pip_archive-0.0.0] startup
[2.333s] [ext: omni.pip.compute-1.6.3] startup
[2.342s] [ext: omni.materialx.libs-1.0.7] startup
[2.360s] [ext: omni.pip.cloud-1.4.3] startup
[2.393s] [ext: omni.isaac.core_archive-3.0.0] startup
[2.402s] [ext: omni.usd.config-1.0.6] startup
[2.418s] [ext: omni.gpucompute.plugins-0.0.0] startup
[2.419s] [ext: omni.usd.libs-1.0.1] startup
[2.523s] [ext: omni.kit.telemetry-0.5.2] startup
[2.622s] [ext: omni.mdl-56.0.3] startup
[3.291s] [ext: omni.iray.libs-0.0.0] startup
[3.299s] [ext: omni.mdl.neuraylib-0.2.12] startup
[3.318s] [ext: omni.kit.usd.mdl-1.1.5] startup
[3.485s] [ext: omni.isaac.ml_archive-3.0.4] startup
[3.493s] [ext: omni.kit.loop-isaac-1.3.7] startup
[3.504s] [ext: omni.kit.test-2.0.1] startup
[3.872s] [ext: omni.appwindow-1.1.10] startup
2026-08-22T13:23:09Z [3,825ms] [Warning] [carb.windowing-glfw.plugin] GLFW initialization failed.
2026-08-22T13:23:09Z [3,825ms] [Warning] [carb] Failed to startup plugin carb.windowing-glfw.plugin (interfaces: [carb::windowing::IGLContext v1.0],[carb::windowing::IWindowing v1.5]) (impl: carb.windowing-glfw.plugin)
Authorization required, but no authorization protocol specified

2026-08-22T13:23:09Z [3,826ms] [Warning] [carb.windowing-glfw.plugin] GLFW initialization failed.
2026-08-22T13:23:09Z [3,826ms] [Warning] [carb] Failed to startup plugin carb.windowing-glfw.plugin (interfaces: [carb::windowing::IGLContext v1.0],[carb::windowing::IWindowing v1.5]) (impl: carb.windowing-glfw.plugin)
2026-08-22T13:23:09Z [3,827ms] [Error] [omni.appwindow.plugin] Failed to acquire IWindowing interface
2026-08-22T13:23:09Z [3,827ms] [Error] [omni.appwindow.plugin] IAppWindow::startup failed
Authorization required, but no authorization protocol specified

Authorization required, but no authorization protocol specified

[3.883s] [ext: omni.kit.renderer.core-1.1.0] startup
2026-08-22T13:23:09Z [3,861ms] [Warning] [carb.windowing-glfw.plugin] GLFW initialization failed.
2026-08-22T13:23:09Z [3,861ms] [Warning] [carb] Failed to startup plugin carb.windowing-glfw.plugin (interfaces: [carb::windowing::IGLContext v1.0],[carb::windowing::IWindowing v1.5]) (impl: carb.windowing-glfw.plugin)
[3.921s] [ext: omni.kit.renderer.capture-0.0.0] startup
[3.937s] [ext: omni.kit.renderer.imgui-2.0.5] startup
2026-08-22T13:23:09Z [3,895ms] [Warning] [carb.windowing-glfw.plugin] GLFW initialization failed.
2026-08-22T13:23:09Z [3,895ms] [Warning] [carb] Failed to startup plugin carb.windowing-glfw.plugin (interfaces: [carb::windowing::IGLContext v1.0],[carb::windowing::IWindowing v1.5]) (impl: carb.windowing-glfw.plugin)
2026-08-22T13:23:09Z [3,895ms] [Warning] [omni.ui.windowmanager.plugin] Failed to set app window for default window set!
[3.955s] [ext: omni.ui-2.27.1] startup
[3.981s] [ext: omni.kit.mainwindow-1.0.3] startup
[3.993s] [ext: carb.audio-0.1.0] startup
[4.000s] [ext: omni.uiaudio-1.0.0] startup
[4.008s] [ext: omni.kit.uiapp-0.0.0] startup
[4.008s] [ext: omni.usd.schema.metrics.assembler-107.3.1] startup
[4.023s] [ext: omni.usd.schema.audio-0.0.0] startup
[4.037s] [ext: omni.anim.graph.schema-107.3.3] startup
[4.067s] [ext: omni.usd_resolver-1.0.0] startup
[4.079s] [ext: omni.usd.core-1.5.3] startup
[4.082s] [ext: omni.usd.schema.render_settings.rtx-0.0.0] startup
[4.157s] [ext: omni.usd.schema.semantics-0.0.0] startup
[4.169s] [ext: isaacsim.robot.schema-3.6.0] startup
[4.197s] [ext: omni.usd.schema.geospatial-0.0.0] startup
[4.210s] [ext: omni.usd.schema.anim-0.0.0] startup
[4.251s] [ext: omni.kit.window.popup_dialog-2.0.24] startup
[4.276s] [ext: usdrt.scenegraph-7.6.1] startup
[4.383s] [ext: omni.timeline-1.0.14] startup
[4.392s] [ext: omni.resourcemonitor-107.0.1] startup
[4.406s] [ext: omni.activity.core-1.0.3] startup
[4.415s] [ext: omni.kit.widget.nucleus_connector-2.0.1] startup
[4.443s] [ext: omni.hydra.usdrt_delegate-7.5.1] startup
[4.467s] [ext: omni.kit.actions.core-1.0.0] startup
[4.487s] [ext: omni.graph.exec-0.9.6] startup
[4.488s] [ext: omni.kit.commands-1.4.10] startup
[4.527s] [ext: omni.kit.usd_undo-0.1.8] startup
[4.538s] [ext: omni.kit.exec.core-0.13.4] startup
[4.556s] [ext: omni.kit.audiodeviceenum-1.0.2] startup
[4.569s] [ext: omni.hydra.scene_delegate-0.3.4] startup
[4.578s] [ext: omni.usd-1.13.10] startup
[4.707s] [ext: omni.kit.asset_converter-5.0.17] startup
[4.741s] [ext: omni.usd.schema.flow-107.1.1] startup
[4.749s] [ext: omni.usd.schema.omnigraph-1.0.0] startup
[4.767s] [ext: omni.usd.schema.omni_sensors-0.0.0] startup
[4.776s] [ext: omni.anim.navigation.schema-107.3.3] startup
[4.791s] [ext: omni.inspect-1.0.2] startup
[4.798s] [ext: omni.kit.notification_manager-1.0.10] startup
[4.812s] [ext: omni.graph.core-2.184.5] startup
[4.815s] [ext: isaacsim.core.deprecation_manager-0.2.7] startup
[4.825s] [ext: omni.usd.schema.physx-107.3.26] startup
[4.880s] [ext: omni.usd.schema.isaac-3.0.5] startup
[4.880s] [ext: omni.usd.schema.omniscripting-1.0.0] startup
[4.897s] [ext: omni.usd.schema.omni_lens_distortion-0.0.0] startup
[4.907s] [ext: omni.kvdb-107.3.26] startup
[4.917s] [ext: omni.usdphysics-107.3.26] startup
[4.927s] [ext: omni.physx.foundation-107.3.26] startup
[4.936s] [ext: omni.localcache-107.3.26] startup
[4.946s] [ext: omni.convexdecomposition-107.3.26] startup
[4.957s] [ext: omni.physx.cooking-107.3.26] startup
[4.968s] [ext: omni.physx-107.3.26] startup
[4.994s] [ext: omni.physics-107.3.26] startup
[5.006s] [ext: omni.kit.usd.layers-2.2.11] startup
[5.056s] [ext: omni.physics.physx-107.3.26] startup
2026-08-22T13:23:10Z [5,009ms] [Warning] [carb] Acquiring non optional plugin interface which is not listed as dependency: [omni::physx::IPhysxBenchmarks v1.0] (plugin: <default plugin>), by client: omni.physics.physx.plugin. Add it to CARB_PLUGIN_IMPL_DEPS() macro of a client.
[5.066s] [ext: omni.physics.stageupdate-107.3.26] startup
[5.086s] [ext: omni.kit.numpy.common-0.1.3] startup
[5.097s] [ext: isaacsim.core.version-2.0.6] startup
[5.108s] [ext: omni.isaac.dynamic_control-2.0.7] startup
2026-08-22T13:23:10Z [5,076ms] [Warning] [omni.isaac.dynamic_control] omni.isaac.dynamic_control is deprecated as of Isaac Sim 4.5. No action is needed from end-users.
[5.128s] [ext: isaacsim.storage.native-1.5.1] startup
[5.147s] [ext: omni.kit.menu.core-1.1.2] startup
[5.160s] [ext: omni.kit.helper.file_utils-0.1.9] startup
[5.175s] [ext: omni.usd.metrics.assembler-107.3.1] startup
[5.198s] [ext: omni.kit.widget.context_menu-1.2.5] startup
[5.212s] [ext: omni.warp.core-1.8.2] startup
[5.725s] [ext: omni.usd.metrics.assembler.physics-107.3.26] startup
[5.749s] [ext: omni.physics.tensors-107.3.26] startup
[5.783s] [ext: omni.kit.context_menu-1.8.6] startup
[5.805s] [ext: omni.kit.clipboard-1.0.5] startup
[5.813s] [ext: isaacsim.core.utils-3.5.1] startup
[5.833s] [ext: omni.kit.widget.filebrowser-2.12.3] startup
[5.880s] [ext: omni.kit.widget.options_menu-1.1.6] startup
[5.902s] [ext: omni.kit.widget.path_field-2.0.11] startup
[5.917s] [ext: omni.index.libs-380600.8087.0] startup
[5.917s] [ext: omni.ui.scene-1.11.5] startup
[5.928s] [ext: omni.kit.widget.options_button-1.0.3] startup
[5.939s] [ext: omni.kit.widget.browser_bar-2.0.10] startup
[5.952s] [ext: omni.index-1.0.1] startup
[5.953s] [ext: omni.hydra.rtx.shadercache.vulkan-1.0.0] startup
[5.967s] [ext: omni.kit.window.filepicker-2.13.4] startup
[6.107s] [ext: omni.volume-0.5.2] startup
[6.117s] [ext: omni.ujitso.client-0.0.0] startup
[6.118s] [ext: omni.graph.tools-1.79.2] startup
[6.314s] [ext: omni.graph.image.core-0.6.1] startup
[6.315s] [ext: omni.hydra.rtx-1.0.0] startup
2026-08-22T13:23:11Z [6,288ms] [Warning] [omni.log] Source: omni.hydra was already registered.
[6.363s] [ext: omni.kit.window.file_importer-1.1.18] startup
[6.381s] [ext: omni.kit.menu.utils-2.0.5] startup
[6.448s] [ext: omni.graph.image.nodes-1.3.1] startup
[6.449s] [ext: omni.kit.widget.searchable_combobox-1.0.6] startup
[6.465s] [ext: omni.kit.hydra_texture-1.4.6] startup
[6.481s] [ext: omni.kit.material.library-2.0.7] startup
[6.528s] [ext: omni.hydra.engine.stats-1.0.3] startup
[6.541s] [ext: omni.kit.viewport.scene_camera_model-1.0.6] startup
[6.555s] [ext: omni.kit.widget.settings-1.2.6] startup
[6.579s] [ext: omni.kit.viewport.legacy_gizmos-1.0.19] startup
[6.591s] [ext: omni.kit.widget.viewport-107.1.3] startup
[6.637s] [ext: omni.kit.viewport.registry-104.0.6] startup
[6.649s] [ext: omni.kit.raycast.query-1.1.0] startup
[6.667s] [ext: omni.physx.tensors-107.3.26] startup
[6.672s] [ext: omni.kit.window.drop_support-1.0.5] startup
[6.685s] [ext: omni.kit.primitive.mesh-1.0.17] startup
[6.718s] [ext: omni.kit.viewport.window-107.2.0] startup
2026-08-22T13:23:11Z [6,712ms] [Error] [omni.kit.window.drop_support.drop_support] Cannot setup ExternalDragDrop without a default window
2026-08-22T13:23:11Z [6,712ms] [Error] [omni.ui.python] AttributeError: 'NoneType' object has no attribute 'get_window_minimize_event_stream'

At:
  /isaac-sim/extscache/omni.kit.viewport.window-107.2.0+69cbf6ad/omni/kit/viewport/window/window.py(136): __init__
  /isaac-sim/extscache/omni.kit.viewport.window-107.2.0+69cbf6ad/omni/kit/viewport/window/menu_entry.py(203): __show_window
  /isaac-sim/extscache/omni.kit.viewport.window-107.2.0+69cbf6ad/omni/kit/viewport/window/menu_entry.py(139): <lambda>
  /isaac-sim/extscache/omni.kit.viewport.window-107.2.0+69cbf6ad/omni/kit/viewport/window/menu_entry.py(141): __init__
  /isaac-sim/extscache/omni.kit.viewport.window-107.2.0+69cbf6ad/omni/kit/viewport/window/menu_entry.py(250): <listcomp>
  /isaac-sim/extscache/omni.kit.viewport.window-107.2.0+69cbf6ad/omni/kit/viewport/window/menu_entry.py(249): create_viewport_window_menu
  /isaac-sim/extscache/omni.kit.viewport.window-107.2.0+69cbf6ad/omni/kit/viewport/window/extension.py(37): on_startup
  /isaac-sim/kit/kernel/py/omni/ext/_impl/_internal.py(173): _startup_ext
  /isaac-sim/kit/kernel/py/omni/ext/_impl/_internal.py(233): startup
  /isaac-sim/kit/kernel/py/omni/ext/_impl/_internal.py(337): startup_extension
  PythonExtension.cpp::startup()(2): <module>
  /isaac-sim/exts/isaacsim.simulation_app/isaacsim/simulation_app/simulation_app.py(534): _start_app
  /isaac-sim/exts/isaacsim.simulation_app/isaacsim/simulation_app/simulation_app.py(270): __init__
  /workspace/ferox_isaac/run.py(32): <module>

[6.808s] [ext: omni.kit.window.preferences-1.8.0] startup
[6.854s] [ext: isaacsim.core.simulation_manager-1.4.4] startup
[11.125s] [ext: omni.graph.action_core-1.1.7] startup
[11.138s] [ext: omni.graph-1.141.2] startup
[11.339s] [ext: omni.kit.viewport.utility-1.1.2] startup
[11.355s] [ext: omni.kit.viewport.menubar.core-107.2.1] startup
[11.441s] [ext: isaacsim.core.prims-0.6.1] startup
[11.600s] [ext: omni.graph.action_nodes-1.50.4] startup
[11.618s] [ext: omni.kit.stage_template.core-1.1.22] startup
[11.640s] [ext: omni.syntheticdata-0.6.13] startup
[11.987s] [ext: omni.graph.nodes-1.170.10] startup
[12.089s] [ext: omni.graph.action-1.130.0] startup
[12.106s] [ext: omni.kit.stage_templates-2.0.0] startup
[12.162s] [ext: omni.kit.widget.filter-1.1.4] startup
[12.182s] [ext: omni.kit.widget.graph-2.0.0] startup
[12.262s] [ext: omni.kit.property.adapter.core-1.0.2] startup
[12.283s] [ext: omni.kit.window.file_exporter-1.0.33] startup
[12.298s] [ext: omni.kit.widget.searchfield-1.1.8] startup
[12.318s] [ext: omni.kit.hotkeys.core-1.3.10] startup
[12.320s] [ext: omni.kit.graph.delegate.default-1.2.3] startup
[12.334s] [ext: omni.kit.property.adapter.fabric-1.0.3] startup
[12.356s] [ext: omni.kit.widget.stage-3.1.4] startup
[12.441s] [ext: omni.kit.property.adapter.usd-1.0.2] startup
[12.458s] [ext: omni.kit.graph.editor.core-1.5.3] startup
[12.489s] [ext: omni.kit.widget.material_preview-1.0.16] startup
[12.511s] [ext: omni.kit.widget.highlight_label-1.0.3] startup
[12.525s] [ext: omni.kit.window.file-2.0.5] startup
[12.556s] [ext: omni.kit.window.content_browser_registry-0.0.6] startup
[12.570s] [ext: omni.kit.window.property-1.12.1] startup
[12.596s] [ext: omni.kit.window.content_browser-3.1.3] startup
2026-08-22T13:23:17Z [12,592ms] [Error] [omni.kit.window.drop_support.drop_support] Cannot setup ExternalDragDrop without a default window
[12.641s] [ext: omni.kit.graph.usd.commands-1.3.1] startup
[12.656s] [ext: omni.kit.property.usd-4.5.12] startup
[12.804s] [ext: omni.graph.ui_nodes-1.50.5] startup
[12.818s] [ext: omni.videoencoding-0.1.2] startup
[12.834s] [ext: omni.kit.window.material_graph-1.9.1] startup
[12.918s] [ext: omni.warp-1.8.2] startup
[12.969s] [ext: isaacsim.core.api-4.8.0] startup
[13.202s] [ext: omni.graph.scriptnode-1.50.0] startup
[13.236s] [ext: isaacsim.test.docstring-1.1.0] startup
[13.295s] [ext: isaacsim.core.experimental.utils-0.3.0] startup
[13.373s] [ext: omni.replicator.core-1.12.27] startup
2026-08-22T13:23:18Z [13,511ms] [Warning] [pxr.Semantics] pxr.Semantics is deprecated - please use Semantics instead
2026-08-22T13:23:19Z [13,978ms] [Warning] [omni.graph.core.plugin] Found duplicate of category 'Replicator' - was 'Annotators', adding 'Fabric Reader'
2026-08-22T13:23:19Z [13,978ms] [Warning] [omni.graph.core.plugin] Category 'Replicator' not accepted on node type 'omni.replicator.core.FabricReader' in extension 'omni.replicator.core'
2026-08-22T13:23:19Z [13,979ms] [Warning] [omni.replicator.core.scripts.extension] No material configuration file, adding configuration to material settings directly.
[14.034s] [ext: isaacsim.core.experimental.prims-0.8.1] startup
[14.207s] [ext: omni.kit.window.extensions-1.4.27] startup
[14.333s] [ext: isaacsim.core.experimental.objects-0.4.0] startup
[14.616s] [ext: omni.ui_query-1.1.8] startup
[14.663s] [ext: omni.kit.manipulator.viewport-107.0.1] startup
[14.714s] [ext: isaacsim.robot.surface_gripper-3.3.1] startup
[14.793s] [ext: omni.kit.ui_test-1.3.7] startup
[14.885s] [ext: omni.graph.visualization.nodes-2.1.3] startup
[15.086s] [ext: isaacsim.robot_motion.lula-4.0.8] startup
[15.159s] [ext: isaacsim.core.nodes-3.4.3] startup
[15.316s] [ext: isaacsim.gui.components-1.2.1] startup
[15.496s] [ext: isaacsim.robot_motion.motion_generation-8.0.26] startup
[15.812s] [ext: isaacsim.robot.manipulators-3.3.6] startup
[15.938s] [ext: isaacsim.core.experimental.materials-0.4.0] startup
[16.038s] [ext: isaacsim.robot.manipulators.examples-1.1.2] startup
[16.160s] [ext: isaacsim.cortex.framework-1.0.12] startup
[16.348s] [ext: isaacsim.cortex.behaviors-2.0.14] startup
[16.380s] [ext: omni.isaac.cortex.sample_behaviors-2.0.5] startup
2026-08-22T13:23:21Z [16,361ms] [Warning] [omni.isaac.cortex] omni.isaac.cortex has been deprecated in favor of isaacsim.cortex.framework. Please update your code accordingly.
2026-08-22T13:23:21Z [16,422ms] [Warning] [omni.isaac.cortex.sample_behaviors] omni.isaac.cortex.sample_behaviors has been deprecated in favor of isaacsim.cortex.behaviors. Please update your code accordingly.
[16.491s] [ext: omni.kit.widget.zoombar-1.0.6] startup
[16.678s] [ext: isaacsim.gui.content_browser-0.1.11] startup
[16.788s] [ext: omni.kit.browser.core-2.3.13] startup
[17.260s] [ext: omni.kit.widget.stage_icons-1.0.8] startup
[17.370s] [ext: omni.kit.widget.prompt-1.0.7] startup
[17.492s] [ext: omni.kit.usd.collect-2.4.5] startup
[17.682s] [ext: omni.kit.browser.folder.core-1.10.9] startup
[18.105s] [ext: omni.kit.window.stage-2.6.1] startup
[18.195s] [ext: omni.kit.usdz_export-1.0.9] startup
[18.227s] [ext: omni.kit.tool.collect-2.2.18] startup
[18.288s] [ext: omni.kit.menu.stage-1.2.7] startup
[18.322s] [ext: omni.kit.tool.asset_importer-4.3.2] startup
[18.446s] [ext: isaacsim.robot.wheeled_robots-4.0.24] startup
[18.557s] [ext: isaacsim.examples.browser-0.2.1] startup
[18.598s] [ext: isaacsim.asset.importer.urdf-2.4.30] startup
[19.049s] [ext: omni.isaac.wheeled_robots-3.0.7] startup
2026-08-22T13:23:24Z [19,014ms] [Warning] [omni.isaac.wheeled_robots] omni.isaac.wheeled_robots has been deprecated in favor of isaacsim.robot.wheeled_robots. Please update your code accordingly.
2026-08-22T13:23:24Z [19,028ms] [Warning] [omni.isaac.wheeled_robots.controllers] omni.isaac.wheeled_robots has been deprecated in favor of isaacsim.robot.wheeled_robots. Please update your code accordingly.
2026-08-22T13:23:24Z [19,029ms] [Warning] [omni.isaac.wheeled_robots.controllers.ackermann_controller] omni.isaac.wheeled_robots has been deprecated in favor of isaacsim.robot.wheeled_robots. Please update your code accordingly.
2026-08-22T13:23:24Z [19,030ms] [Warning] [omni.isaac.wheeled_robots.controllers.differential_controller] omni.isaac.wheeled_robots has been deprecated in favor of isaacsim.robot.wheeled_robots. Please update your code accordingly.
2026-08-22T13:23:24Z [19,031ms] [Warning] [omni.isaac.wheeled_robots.controllers.holonomic_controller] omni.isaac.wheeled_robots has been deprecated in favor of isaacsim.robot.wheeled_robots. Please update your code accordingly.
2026-08-22T13:23:24Z [19,031ms] [Warning] [omni.isaac.wheeled_robots.controllers.quintic_path_planner] omni.isaac.wheeled_robots has been deprecated in favor of isaacsim.robot.wheeled_robots. Please update your code accordingly.
2026-08-22T13:23:24Z [19,032ms] [Warning] [omni.isaac.wheeled_robots.controllers.stanley_control] omni.isaac.wheeled_robots has been deprecated in favor of isaacsim.robot.wheeled_robots. Please update your code accordingly.
2026-08-22T13:23:24Z [19,033ms] [Warning] [omni.isaac.wheeled_robots.controllers.wheel_base_pose_controller] omni.isaac.wheeled_robots has been deprecated in favor of isaacsim.robot.wheeled_robots. Please update your code accordingly.
2026-08-22T13:23:24Z [19,036ms] [Warning] [omni.isaac.wheeled_robots.impl] omni.isaac.wheeled_robots has been deprecated in favor of isaacsim.robot.wheeled_robots. Please update your code accordingly.
2026-08-22T13:23:24Z [19,038ms] [Warning] [omni.isaac.wheeled_robots.robots] omni.isaac.wheeled_robots has been deprecated in favor of isaacsim.robot.wheeled_robots. Please update your code accordingly.
2026-08-22T13:23:24Z [19,039ms] [Warning] [omni.isaac.wheeled_robots.robots.holonomic_robot_usd_setup] omni.isaac.wheeled_robots has been deprecated in favor of isaacsim.robot.wheeled_robots. Please update your code accordingly.
2026-08-22T13:23:24Z [19,040ms] [Warning] [omni.isaac.wheeled_robots.robots.wheeled_robot] omni.isaac.wheeled_robots has been deprecated in favor of isaacsim.robot.wheeled_robots. Please update your code accordingly.
[19.093s] [ext: isaacsim.simulation_app-2.12.2] startup
[19.100s] [ext: omni.isaac.franka-1.0.7] startup
2026-08-22T13:23:24Z [19,061ms] [Warning] [omni.isaac.franka] omni.isaac.franka has been deprecated in favor of isaacsim.robot.manipulators.examples.franka. Please update your code accordingly.
2026-08-22T13:23:24Z [19,062ms] [Warning] [omni.isaac.franka.franka] omni.isaac.franka has been deprecated in favor of isaacsim.robot.manipulators.examples.franka. Please update your code accordingly.
2026-08-22T13:23:24Z [19,139ms] [Warning] [omni.isaac.franka.kinematics_solver] omni.isaac.franka has been deprecated in favor of isaacsim.robot.manipulators.examples.franka. Please update your code accordingly.
[19.189s] [ext: omni.isaac.kit-2.0.6] startup
2026-08-22T13:23:24Z [19,150ms] [Warning] [omni.isaac.kit] omni.isaac.kit has been deprecated in favor of isaacsim.simulation_app. Please update your code accordingly.
[19.200s] [ext: omni.kit.selection-0.1.6] startup
[19.210s] [ext: omni.isaac.lula-4.0.6] startup
2026-08-22T13:23:24Z [19,169ms] [Warning] [omni.isaac.lula] omni.isaac.lula has been deprecated in favor of isaacsim.robot_motion.lula. Please update your code accordingly.
[19.220s] [ext: isaacsim.robot_motion.lula_test_widget-1.0.12] startup
[19.240s] [ext: isaacsim.asset.browser-1.3.23] startup
[19.492s] [ext: omni.kit.viewport.actions-107.0.2] startup
[19.512s] [ext: isaacsim.gui.menu-2.4.4] startup
[19.552s] [ext: omni.isaac.manipulators-3.0.7] startup
2026-08-22T13:23:24Z [19,515ms] [Warning] [omni.isaac.manipulators] omni.isaac.manipulators has been deprecated in favor of isaacsim.robot.manipulators. Please update your code accordingly.
2026-08-22T13:23:24Z [19,517ms] [Warning] [omni.isaac.manipulators.controllers] omni.isaac.manipulators has been deprecated in favor of isaacsim.robot.manipulators. Please update your code accordingly.
2026-08-22T13:23:24Z [19,517ms] [Warning] [omni.isaac.manipulators.controllers.pick_place_controller] omni.isaac.manipulators has been deprecated in favor of isaacsim.robot.manipulators. Please update your code accordingly.
2026-08-22T13:23:24Z [19,522ms] [Warning] [omni.isaac.manipulators.controllers.stacking_controller] omni.isaac.manipulators has been deprecated in favor of isaacsim.robot.manipulators. Please update your code accordingly.
2026-08-22T13:23:24Z [19,524ms] [Warning] [omni.isaac.manipulators.grippers] omni.isaac.manipulators has been deprecated in favor of isaacsim.robot.manipulators. Please update your code accordingly.
2026-08-22T13:23:24Z [19,525ms] [Warning] [omni.isaac.manipulators.grippers.gripper] omni.isaac.manipulators has been deprecated in favor of isaacsim.robot.manipulators. Please update your code accordingly.
2026-08-22T13:23:24Z [19,525ms] [Warning] [omni.isaac.manipulators.grippers.parallel_gripper] omni.isaac.manipulators has been deprecated in favor of isaacsim.robot.manipulators. Please update your code accordingly.
2026-08-22T13:23:24Z [19,525ms] [Warning] [omni.isaac.manipulators.grippers.surface_gripper] omni.isaac.manipulators has been deprecated in favor of isaacsim.robot.manipulators. Please update your code accordingly.
2026-08-22T13:23:24Z [19,527ms] [Warning] [omni.isaac.manipulators.manipulators] omni.isaac.manipulators has been deprecated in favor of isaacsim.robot.manipulators. Please update your code accordingly.
2026-08-22T13:23:24Z [19,528ms] [Warning] [omni.isaac.manipulators.manipulators.single_manipulator] omni.isaac.manipulators has been deprecated in favor of isaacsim.robot.manipulators. Please update your code accordingly.
[19.579s] [ext: omni.isaac.lula_test_widget-1.0.6] startup
2026-08-22T13:23:24Z [19,540ms] [Warning] [omni.isaac.lula_test_widget] omni.isaac.lula_test_widget has been deprecated in favor of isaacsim.robot_motion.lula_test_widget. Please update your code accordingly.
[19.590s] [ext: omni.isaac.asset_browser-1.0.6] startup
2026-08-22T13:23:24Z [19,552ms] [Warning] [omni.isaac.asset_browser] omni.isaac.asset_browser has been deprecated in favor of isaacsim.asset.browser. Please update your code accordingly.
[19.603s] [ext: omni.kit.viewport.menubar.display-107.0.3] startup
[19.627s] [ext: omni.isaac.menu-1.0.6] startup
2026-08-22T13:23:24Z [19,587ms] [Warning] [omni.isaac.menu] omni.isaac.menu has been deprecated in favor of isaacsim.gui.menu. Please update your code accordingly.
[19.639s] [ext: omni.isaac.motion_generation-8.0.7] startup
2026-08-22T13:23:24Z [19,603ms] [Warning] [omni.isaac.motion_generation] omni.isaac.motion_generation has been deprecated in favor of isaacsim.robot_motion.motion_generation. Please update your code accordingly.
2026-08-22T13:23:24Z [19,604ms] [Warning] [omni.isaac.motion_generation.articulation_kinematics_solver] omni.isaac.motion_generation has been deprecated in favor of isaacsim.robot_motion.motion_generation. Please update your code accordingly.
2026-08-22T13:23:24Z [19,605ms] [Warning] [omni.isaac.motion_generation.articulation_motion_policy] omni.isaac.motion_generation has been deprecated in favor of isaacsim.robot_motion.motion_generation. Please update your code accordingly.
2026-08-22T13:23:24Z [19,606ms] [Warning] [omni.isaac.motion_generation.articulation_trajectory] omni.isaac.motion_generation has been deprecated in favor of isaacsim.robot_motion.motion_generation. Please update your code accordingly.
2026-08-22T13:23:24Z [19,607ms] [Warning] [omni.isaac.motion_generation.kinematics_interface] omni.isaac.motion_generation has been deprecated in favor of isaacsim.robot_motion.motion_generation. Please update your code accordingly.
2026-08-22T13:23:24Z [19,610ms] [Warning] [omni.isaac.motion_generation.lula] omni.isaac.motion_generation has been deprecated in favor of isaacsim.robot_motion.motion_generation. Please update your code accordingly.
2026-08-22T13:23:24Z [19,611ms] [Warning] [omni.isaac.motion_generation.lula.kinematics] omni.isaac.motion_generation has been deprecated in favor of isaacsim.robot_motion.motion_generation. Please update your code accordingly.
2026-08-22T13:23:24Z [19,612ms] [Warning] [omni.isaac.motion_generation.lula.motion_policies] omni.isaac.motion_generation has been deprecated in favor of isaacsim.robot_motion.motion_generation. Please update your code accordingly.
2026-08-22T13:23:24Z [19,613ms] [Warning] [omni.isaac.motion_generation.lula.path_planners] omni.isaac.motion_generation has been deprecated in favor of isaacsim.robot_motion.motion_generation. Please update your code accordingly.
2026-08-22T13:23:24Z [19,614ms] [Warning] [omni.isaac.motion_generation.lula.trajectory_generator] omni.isaac.motion_generation has been deprecated in favor of isaacsim.robot_motion.motion_generation. Please update your code accordingly.
2026-08-22T13:23:24Z [19,614ms] [Warning] [omni.isaac.motion_generation.motion_policy_controller] omni.isaac.motion_generation has been deprecated in favor of isaacsim.robot_motion.motion_generation. Please update your code accordingly.
2026-08-22T13:23:24Z [19,615ms] [Warning] [omni.isaac.motion_generation.motion_policy_interface] omni.isaac.motion_generation has been deprecated in favor of isaacsim.robot_motion.motion_generation. Please update your code accordingly.
2026-08-22T13:23:24Z [19,616ms] [Warning] [omni.isaac.motion_generation.path_planner_visualizer] omni.isaac.motion_generation has been deprecated in favor of isaacsim.robot_motion.motion_generation. Please update your code accordingly.
2026-08-22T13:23:24Z [19,617ms] [Warning] [omni.isaac.motion_generation.path_planning_interface] omni.isaac.motion_generation has been deprecated in favor of isaacsim.robot_motion.motion_generation. Please update your code accordingly.
2026-08-22T13:23:24Z [19,618ms] [Warning] [omni.isaac.motion_generation.trajectory] omni.isaac.motion_generation has been deprecated in favor of isaacsim.robot_motion.motion_generation. Please update your code accordingly.
2026-08-22T13:23:24Z [19,619ms] [Warning] [omni.isaac.motion_generation.world_interface] omni.isaac.motion_generation has been deprecated in favor of isaacsim.robot_motion.motion_generation. Please update your code accordingly.
[19.672s] [ext: omni.isaac.assets_check-0.3.13] startup
2026-08-22T13:23:24Z [19,635ms] [Warning] [omni.isaac.assets_check] omni.isaac.assets_check has been deprecated in favor of isaacsim.asset.browser. Please update your code accordingly.
[19.685s] [ext: isaacsim.gui.sensors.icon-2.0.3] startup
[19.845s] [ext: isaacsim.asset.importer.mjcf-2.5.13] startup
[19.878s] [ext: omni.sensors.nv.common-3.0.0] startup
[19.903s] [ext: isaacsim.sensors.physics-0.4.3] startup
[19.928s] [ext: omni.sensors.net-1.0.0] startup
[19.941s] [ext: omni.isaac.nucleus-1.0.6] startup
2026-08-22T13:23:25Z [19,901ms] [Warning] [omni.isaac.nucleus] omni.isaac.nucleus has been deprecated in favor of isaacsim.storage.native. Please update your code accordingly.
2026-08-22T13:23:25Z [19,901ms] [Warning] [omni.isaac.nucleus.nucleus] omni.isaac.nucleus.nucleus has been deprecated in favor of isaacsim.storage.native. Please update your code accordingly.
[19.951s] [ext: omni.sensors.nv.materials-2.0.0] startup
[19.972s] [ext: isaacsim.robot.policy.examples-4.1.11] startup
[19.989s] [ext: omni.sensors.nv.wpm-3.0.0] startup
[19.996s] [ext: omni.sensors.nv.lidar-3.0.0] startup
[20.016s] [ext: isaacsim.util.debug_draw-3.1.0] startup
[20.031s] [ext: omni.sensors.nv.radar-3.0.0] startup
[20.041s] [ext: omni.sensors.nv.ids-2.0.0] startup
[20.044s] [ext: isaacsim.core.cloner-1.4.10] startup
[20.062s] [ext: isaacsim.sensors.physx-2.3.2] startup
[20.087s] [ext: isaacsim.sensors.rtx-15.8.4] startup
[20.119s] [ext: isaacsim.sensors.camera-1.3.6] startup
[20.167s] [ext: omni.isaac.quadruped-3.0.7] startup
2026-08-22T13:23:25Z [20,130ms] [Warning] [omni.isaac.quadruped] omni.isaac.quadruped has been deprecated in favor of isaacsim.robot.policy.examples. Please update your code accordingly.
[20.181s] [ext: omni.isaac.cloner-1.0.7] startup
2026-08-22T13:23:25Z [20,142ms] [Warning] [omni.isaac.cloner] omni.isaac.cloner has been deprecated in favor of isaacsim.core.cloner. Please update your code accordingly.
[20.194s] [ext: omni.isaac.range_sensor-4.0.6] startup
2026-08-22T13:23:25Z [20,152ms] [Warning] [omni.isaac.range_sensor] omni.isaac.range_sensor has been deprecated in favor of isaacsim.sensors.physx. Please update your code accordingly.
2026-08-22T13:23:25Z [20,153ms] [Warning] [omni.isaac.range_sensor.commands] omni.isaac.range_sensor.commands has been deprecated in favor of isaacsim.sensors.physx.commands. Please update your code accordingly.
[20.204s] [ext: omni.isaac.sensor-13.0.7] startup
2026-08-22T13:23:25Z [20,165ms] [Warning] [omni.isaac.sensor] omni.isaac.sensor has been deprecated in favor of isaacsim.sensors.camera, isaacsim.sensors.physics, isaacsim.sensors.physx, and isaacsim.sensors.rtx. Please update your code accordingly.
2026-08-22T13:23:25Z [20,165ms] [Warning] [omni.isaac.sensor.camera] omni.isaac.sensor.camera has been deprecated in favor of isaacsim.sensors.camera.camera. Please update your code accordingly.
2026-08-22T13:23:25Z [20,165ms] [Warning] [omni.isaac.sensor.camera_view] omni.isaac.sensor.camera_view has been deprecated in favor of isaacsim.sensors.camera.camera_view. Please update your code accordingly.
2026-08-22T13:23:25Z [20,166ms] [Warning] [omni.isaac.sensor.commands] omni.isaac.sensor.commands has been deprecated in favor of isaacsim.sensors.physics.commands, isaacsim.sensors.physx.commands, and isaacsim.sensors.rtx.commands. Please update your code accordingly.
2026-08-22T13:23:25Z [20,166ms] [Warning] [omni.isaac.sensor.contact_sensor] omni.isaac.sensor.contact_sensor has been deprecated in favor of isaacsim.sensors.physics.contact_sensor. Please update your code accordingly.
2026-08-22T13:23:25Z [20,167ms] [Warning] [omni.isaac.sensor.imu_sensor] omni.isaac.sensor.imu_sensor has been deprecated in favor of isaacsim.sensors.physics.imu_sensor. Please update your code accordingly.
2026-08-22T13:23:25Z [20,167ms] [Warning] [omni.isaac.sensor.lidar_rtx] omni.isaac.sensor.lidar_rtx has been deprecated in favor of isaacsim.sensors.rtx.lidar_rtx. Please update your code accordingly.
2026-08-22T13:23:25Z [20,167ms] [Warning] [omni.isaac.sensor.rotating_lidar_physX] omni.isaac.sensor.imu_sensor has been deprecated in favor of isaacsim.sensors.physix.rotating_lidar_physX. Please update your code accordingly.
2026-08-22T13:23:25Z [20,172ms] [Warning] [omni.isaac.sensor.scripts.samples.contact_sensor] omni.isaac.sensor.scripts.samples.contact_sensor has been deprecated in favor of isaacsim.sensors.physics.scripts.samples.contact_sensor. Please update your code accordingly.
2026-08-22T13:23:25Z [20,172ms] [Warning] [omni.isaac.sensor.scripts.samples.imu_sensor] omni.isaac.sensor.scripts.samples.imu_sensor has been deprecated in favor of isaacsim.sensors.physics.scripts.samples.imu_sensor. Please update your code accordingly.
2026-08-22T13:23:25Z [20,173ms] [Warning] [omni.isaac.sensor.scripts.samples.lightbeam_sensor] omni.isaac.sensor.scripts.samples.lightbeam_sensor has been deprecated in favor of isaacsim.sensors.physx.scripts.samples.lightbeam_sensor. Please update your code accordingly.
[20.224s] [ext: omni.kit.menu.create-2.0.1] startup
[20.244s] [ext: omni.kit.widget.toolbar-2.0.1] startup
[20.288s] [ext: omni.kit.manipulator.transform-107.0.0] startup
[20.327s] [ext: omni.isaac.core-4.0.7] startup
2026-08-22T13:23:25Z [20,288ms] [Warning] [omni.isaac.core.physics_context.physics_context] omni.isaac.core.physics_context.physics_context has been deprecated in favor of isaacsim.core.api.physics_context.physics_context. Please update your code accordingly.
2026-08-22T13:23:25Z [20,290ms] [Warning] [omni.isaac.core.simulation_context.simulation_context] omni.isaac.core.simulation_context.simulation_context has been deprecated in favor of isaacsim.core.api.simulation_context.simulation_context. Please update your code accordingly.
2026-08-22T13:23:25Z [20,293ms] [Warning] [omni.isaac.core.world.world] omni.isaac.core.world.world has been deprecated in favor of isaacsim.core.api.world.world. Please update your code accordingly.
2026-08-22T13:23:25Z [20,293ms] [Warning] [omni.isaac.core] omni.isaac.core has been deprecated in favor of isaacsim.core.api. Please update your code accordingly.
[20.344s] [ext: omni.kit.scripting-107.3.2] startup
[20.384s] [ext: omni.kit.manipulator.tool.snap-1.5.13] startup
[20.415s] [ext: omni.kit.manipulator.selector-1.1.3] startup
[20.427s] [ext: isaacsim.app.about-2.0.11] startup
[20.449s] [ext: isaacsim.replicator.behavior-1.1.16] startup
[20.457s] [ext: omni.kit.viewport.manipulator.transform-107.0.4] startup
[20.474s] [ext: omni.isaac.window.about-2.0.7] startup
2026-08-22T13:23:25Z [20,436ms] [Warning] [omni.isaac.window.about] omni.isaac.window.about has been deprecated in favor of isaacsim.app.about. Please update your code accordingly.
2026-08-22T13:23:25Z [20,437ms] [Warning] [omni.isaac.window.about.about] omni.isaac.window.about.about has been deprecated in favor of isaacsim.app.about.about. Please update your code accordingly.
[20.488s] [ext: omni.fabric.commands-1.1.6] startup
[20.517s] [ext: omni.kit.manipulator.prim.core-107.0.8] startup
[20.559s] [ext: omni.kit.property.audio-1.0.16] startup
[20.576s] [ext: omni.kit.property.camera-1.0.10] startup
[20.592s] [ext: omni.kit.property.geometry-2.0.4] startup
[20.615s] [ext: omni.hydra.scene_api-0.1.2] startup
[20.628s] [ext: omni.kit.property.light-1.0.12] startup
[20.671s] [ext: omni.kit.manipulator.prim.fabric-107.0.4] startup
[20.700s] [ext: omni.kit.manipulator.prim.usd-107.0.3] startup
[20.728s] [ext: omni.kit.property.material-1.11.9] startup
[20.828s] [ext: omni.kit.property.render-1.2.1] startup
[20.845s] [ext: omni.kit.property.transform-1.5.13] startup
[20.928s] [ext: isaacsim.gui.property-1.1.3] startup
[20.956s] [ext: omni.kit.manipulator.camera-106.0.4] startup
[21.019s] [ext: omni.kit.manipulator.prim-107.0.0] startup
[21.021s] [ext: omni.isaac.surface_gripper-2.0.6] startup
2026-08-22T13:23:26Z [20,981ms] [Warning] [omni.isaac.surface_gripper] omni.isaac.surface_gripper has been deprecated in favor of isaacsim.robot.surface_gripper. Please update your code accordingly.
[21.034s] [ext: omni.kit.manipulator.selection-106.0.1] startup
[21.059s] [ext: omni.kit.property.bundle-1.4.1] startup
[21.080s] [ext: omni.kit.property.isaac-1.0.6] startup
2026-08-22T13:23:26Z [21,045ms] [Warning] [omni.kit.property.isaac] omni.kit.property.isaac has been deprecated in favor of isaacsim.gui.property. Please update your code accordingly.
2026-08-22T13:23:26Z [21,046ms] [Warning] [omni.kit.property.isaac.widgets] omni.kit.property.isaac.widgets has been deprecated in favor of isaacsim.gui.property.widgets. Please update your code accordingly.
[21.096s] [ext: omni.isaac.universal_robots-1.0.6] startup
2026-08-22T13:23:26Z [21,059ms] [Warning] [omni.isaac.universal_robots] omni.isaac.universal_robots has been deprecated in favor of isaacsim.robot.manipulators.examples.universal_robots. Please update your code accordingly.
2026-08-22T13:23:26Z [21,060ms] [Warning] [omni.isaac.universal_robots.kinematics_solver] omni.isaac.franka has been deprecated in favor of isaacsim.robot.manipulators.examples.universal_robots. Please update your code accordingly.
2026-08-22T13:23:26Z [21,073ms] [Warning] [omni.isaac.universal_robots.ur10] omni.isaac.franka has been deprecated in favor of isaacsim.robot.manipulators.examples.universal_robots. Please update your code accordingly.
[21.123s] [ext: omni.isaac.core_nodes-2.0.6] startup
2026-08-22T13:23:26Z [21,093ms] [Warning] [omni.isaac.core_nodes] omni.isaac.core_nodes has been deprecated in favor of isaacsim.core.nodes. Please update your code accordingly.
[21.146s] [ext: omni.kit.viewport.menubar.camera-107.0.6] startup
[21.220s] [ext: omni.kit.viewport.menubar.lighting-107.3.1] startup
[21.266s] [ext: isaacsim.replicator.writers-1.0.17] startup
[21.433s] [ext: omni.kit.viewport.menubar.render-107.0.10] startup
[21.516s] [ext: omni.kit.viewport.menubar.settings-107.0.3] startup
[21.583s] [ext: omni.kit.window.console-1.1.4] startup
[21.621s] [ext: isaacsim.replicator.domain_randomization-1.0.16] startup
[21.653s] [ext: isaacsim.replicator.examples-1.3.6] startup
[21.675s] [ext: omni.ocio-0.1.1] startup
[21.695s] [ext: omni.rtx.window.settings-0.6.19] startup
[21.814s] [ext: omni.kit.window.status_bar-0.1.9] startup
[21.874s] [ext: omni.kit.window.toolbar-2.0.0] startup
[21.899s] [ext: omni.replicator.isaac-2.0.8] startup
2026-08-22T13:23:27Z [21,862ms] [Warning] [omni.replicator.isaac] omni.replicator.isaac has been deprecated in favor of isaacsim.replicator.domain_randomization, isaacsim.replicator.examples, isaacsim.replicator.writers. Please update your code accordingly.
[21.914s] [ext: omni.replicator.replicator_yaml-2.0.11] startup
[22.055s] [ext: omni.rtx.settings.core-0.6.5] startup
[22.113s] [ext: omni.usd.metrics.assembler.ui-107.3.1] startup
[22.150s] [ext: omni.isaac.utils-2.0.6] startup
[22.163s] [ext: semantics.schema.editor-2.0.2] startup
[22.191s] [ext: omni.kit.ui.actions-1.0.5] startup
[22.207s] [ext: semantics.schema.property-2.0.1] startup
[22.223s] [ext: omni.isaac.version-2.0.7] startup
2026-08-22T13:23:27Z [22,182ms] [Warning] [omni.isaac.version] omni.isaac.version has been deprecated in favor of isaacsim.core.version. Please update your code accordingly.
[22.234s] [ext: omni.isaac.cortex-1.0.5] startup
[22.234s] [ext: omni.anim.curve.core-1.3.1] startup
[22.293s] [ext: isaacsim.core.throttling-2.2.2] startup
[22.309s] [ext: omni.kit.menu.common-2.0.1] startup
[22.325s] [ext: isaacsim.exp.base-5.1.0] startup
[22.327s] [ext: isaacsim.exp.base.python-5.1.0] startup
[22.330s] Simulation App Starting
2026-08-22T13:23:27Z [22,419ms] [Error] [omni.kit.window.drop_support.drop_support] Cannot setup ExternalDragDrop without a default window
2026-08-22T13:23:27Z [22,428ms] [Warning] [omni.fabric.plugin] Warning: attribute viewportHandle not found for bucket id 9

[22.504s] app ready
2026-08-22T13:23:28Z [22,834ms] [Error] [omni.kit.menu.utils.app_menu] Hotkeys cannot be setup without a default window
Starting kit application with the following args:  ['/isaac-sim/exts/isaacsim.simulation_app/isaacsim/simulation_app/simulation_app.py', '/isaac-sim/apps/isaacsim.exp.base.python.kit', '--/app/tokens/exe-path=/isaac-sim/kit', '--/persistent/app/viewport/displayOptions=3094', '--/rtx/materialDb/syncLoads=True', '--/rtx/hydra/materialSyncLoads=True', '--/omni.kit.plugin/syncUsdLoads=True', '--/app/renderer/resolution/width=1280', '--/app/renderer/resolution/height=720', '--/app/window/width=1440', '--/app/window/height=900', '--/renderer/multiGpu/enabled=True', '--/app/fastShutdown=True', '--/app/installSignalHandlers=0', '--ext-folder', '/isaac-sim/exts', '--ext-folder', '/isaac-sim/apps', '--/physics/cudaDevice=0', '--/plugins/carb.tasking.plugin/threadCount=32', '--/plugins/omni.tbb.globalcontrol/maxThreadCount=32', '--portable']
Passing the following args to the base kit application:  ['--robot_type', 'g1', '--cmd_vel_topic', '/ferox/g1_01/cmd_vel', '--ros_namespace', '/ferox/g1_01', '--no_keyboard', '--render_dt', '0.02']
Warp 1.8.2 initialized:
   CUDA Toolkit 12.8, Driver 13.0
   Devices:
     "cpu"      : "x86_64"
     "cuda:0"   : "NVIDIA GeForce RTX 4090" (24 GiB, sm_89, mempool enabled)
   Kernel cache:
     /isaac-sim/.cache/warp/1.8.2
Warp DeprecationWarning: The `warp.sim` module is deprecated and will be removed in v1.10. Please transition to using the forthcoming Newton library instead.
[PANTHERA-MARK] before RobotRosRunner()
[PANTHERA-MARK] camera ros_namespace = '/ferox/g1_01'
[World] SIM_WORLD=hospital -> https://omniverse-content-production.s3-us-west-2.amazonaws.com/Assets/Isaac/5.1/Isaac/Environments/Hospital/hospital.usd
[World] spawn pos=[7.800000190734863, 2.0, 0.800000011920929] yaw=1.570rad (robot=g1)
[PANTHERA-MARK] RobotRosRunner constructed, before reset
[PANTHERA-MARK] A: app.update done, calling _world.reset()
[PANTHERA-MARK] B: world.reset() done
[PANTHERA-MARK] C: app.update done, calling setup()
[PANTHERA-MARK] D: setup() done
[lowlevel-sim] hands: [] (none -- HAND=none)
[lowlevel-sim] TEST RIG ACTIVE: base pinned to spawn pose (C-30)
[lowlevel-sim] spawn base_z=0.7931 hold_pose=spawn q_hold[:6]=[-0.10000000149011612, 0.0, 0.0, 0.30000001192092896, -0.20000000298023224, 0.0]
[lowlevel-sim][trace] set_gains
[lowlevel-sim][trace] set_effort_modes
[lowlevel-sim][trace] switch_control_mode(effort)
[lowlevel-sim][trace] control mode set
[lowlevel-sim] physics 200.0 Hz, PD every 1 step(s) -> 200.0 Hz, timeout 85 ms
[PANTHERA-MARK] low-level bridge attached (G1_CONTROL=lowcmd)
[lowlevel-sim][GT] t=0.005 quat=[0.70739, 0.0, 0.0, 0.70683] angvel=[0.0, 0.0, 0.0] linvel=[0.0, 0.0, 0.0] z=0.7931
[PANTHERA-MARK] E: app.update done, SKIPPING setup_ros() entirely
[PANTHERA-MARK] E1: entered setup_ros() body
[PANTHERA-MARK] E2: self._cmd_vel_topic = /ferox/g1_01/cmd_vel
[PANTHERA] executor spinning on dedicated thread
[PANTHERA] cmd_vel subscriber active on /ferox/g1_01/cmd_vel (rclpy bypass)
[PANTHERA] reset subscriber active on /twin/reset
[lowlevel-sim][GT] t=0.060 quat=[0.70739, 0.0, 0.0, 0.70683] angvel=[0.0, 0.0, 0.0] linvel=[0.0, 0.0, 0.0] z=0.7931
[lowlevel-sim][GT] t=0.115 quat=[0.70739, 0.0, 0.0, 0.70683] angvel=[0.0, 0.0, 0.0] linvel=[0.0, 0.0, 0.0] z=0.7931
[lowlevel-sim][GT] t=0.170 quat=[0.70739, 0.0, 0.0, 0.70683] angvel=[0.0, 0.0, 0.0] linvel=[0.0, 0.0, 0.0] z=0.7931
[TWIN] contract /workspace/ferox_isaac/twin/g1_contract.yaml
[TWIN] namespace /ferox/g1_01  CAMERA_TF=0
[TWIN] Mid-360 SKIPPED (TWIN_LIDAR=0) -- device only, contract untouched
[TWIN] camera SKIPPED (TWIN_CAMERA=0) -- C-23, device only, contract untouched
[TWIN] 2 IMU device(s) SKIPPED (TWIN_IMU=0) -- device only, contract untouched
[lowlevel-sim][GT] t=0.225 quat=[0.70739, 0.0, 0.0, 0.70683] angvel=[0.0, 0.0, 0.0] linvel=[0.0, 0.0, 0.0] z=0.7931
[lowlevel-sim][GT] t=0.280 quat=[0.70739, 0.0, 0.0, 0.70683] angvel=[0.0, 0.0, 0.0] linvel=[0.0, 0.0, 0.0] z=0.7931
[TWIN] /tf_static: 6 edges (base_link->dog_imu_link, livox_frame->livox_imu, camera_link->camera_color_frame, camera_color_frame->camera_color_optical_frame, camera_link->camera_depth_frame, camera_depth_frame->camera_depth_optical_frame)
[TWIN] rendering_dt=0.020000s (50.00 Hz) requested 0.020000s
[TWIN] lidar cloud publisher SKIPPED (TWIN_LIDAR=0)
[TWIN] odom -> /ferox/g1_01/odom
[lowlevel-sim][GT] t=0.335 quat=[0.70739, 0.0, 0.0, 0.70683] angvel=[0.0, 0.0, 0.0] linvel=[0.0, 0.0, 0.0] z=0.7931
[TWIN] interface up
[PANTHERA-MARK] F: setup_ros() done
[PANTHERA-MARK] G: before runner.run() — entering main loop
[lowlevel-sim][GT] t=0.390 quat=[0.70739, 0.0, 0.0, 0.70683] angvel=[0.0, 0.0, 0.0] linvel=[0.0, 0.0, 0.0] z=0.7931
[lowlevel-sim][GT] t=0.445 quat=[0.70739, 0.0, 0.0, 0.70683] angvel=[0.0, 0.0, 0.0] linvel=[0.0, 0.0, 0.0] z=0.7931
[lowlevel-sim][GT] t=0.500 quat=[0.70739, 0.0, 0.0, 0.70683] angvel=[0.0, 0.0, 0.0] linvel=[0.0, 0.0, 0.0] z=0.7931
[lowlevel-sim][GT] t=0.555 quat=[0.70739, 0.0, 0.0, 0.70683] angvel=[0.0, 0.0, 0.0] linvel=[0.0, 0.0, 0.0] z=0.7931
[lowlevel-sim][GT] t=0.610 quat=[0.70739, 0.0, 0.0, 0.70683] angvel=[0.0, 0.0, 0.0] linvel=[0.0, 0.0, 0.0] z=0.7931
[lowlevel-sim][GT] t=0.665 quat=[0.70739, 0.0, 0.0, 0.70683] angvel=[0.0, 0.0, 0.0] linvel=[0.0, 0.0, 0.0] z=0.7931
[lowlevel-sim][GT] t=0.720 quat=[0.70739, 0.0, 0.0, 0.70683] angvel=[0.0, 0.0, 0.0] linvel=[0.0, 0.0, 0.0] z=0.7931
[lowlevel-sim][GT] t=0.775 quat=[0.70739, 0.0, 0.0, 0.70683] angvel=[0.0, 0.0, 0.0] linvel=[0.0, 0.0, 0.0] z=0.7931
[lowlevel-sim][GT] t=0.830 quat=[0.70739, 0.0, 0.0, 0.70683] angvel=[0.0, 0.0, 0.0] linvel=[0.0, 0.0, 0.0] z=0.7931
[lowlevel-sim][GT] t=0.885 quat=[0.70739, 0.0, 0.0, 0.70683] angvel=[0.0, 0.0, 0.0] linvel=[0.0, 0.0, 0.0] z=0.7931
[lowlevel-sim][GT] t=0.940 quat=[0.70739, 0.0, 0.0, 0.70683] angvel=[0.0, 0.0, 0.0] linvel=[0.0, 0.0, 0.0] z=0.7931
[lowlevel-sim][GT] t=0.995 quat=[0.70739, 0.0, 0.0, 0.70683] angvel=[0.0, 0.0, 0.0] linvel=[0.0, 0.0, 0.0] z=0.7931
[lowlevel-sim][GT] t=1.050 quat=[0.70739, 0.0, 0.0, 0.70683] angvel=[0.0, 0.0, 0.0] linvel=[0.0, 0.0, 0.0] z=0.7931
[lowlevel-sim][GT] t=1.105 quat=[0.70739, 0.0, 0.0, 0.70683] angvel=[0.0, 0.0, 0.0] linvel=[0.0, 0.0, 0.0] z=0.7931
[lowlevel-sim][GT] t=1.160 quat=[0.70739, 0.0, 0.0, 0.70683] angvel=[0.0, 0.0, 0.0] linvel=[0.0, 0.0, 0.0] z=0.7931
[lowlevel-sim][GT] t=1.215 quat=[0.70739, 0.0, 0.0, 0.70683] angvel=[0.0, 0.0, 0.0] linvel=[0.0, 0.0, 0.0] z=0.7931
[lowlevel-sim][GT] t=1.270 quat=[0.70739, 0.0, 0.0, 0.70683] angvel=[0.0, 0.0, 0.0] linvel=[0.0, 0.0, 0.0] z=0.7931
[lowlevel-sim][GT] t=1.325 quat=[0.70739, 0.0, 0.0, 0.70683] angvel=[0.0, 0.0, 0.0] linvel=[0.0, 0.0, 0.0] z=0.7931
[lowlevel-sim][GT] t=1.380 quat=[0.70739, 0.0, 0.0, 0.70683] angvel=[0.0, 0.0, 0.0] linvel=[0.0, 0.0, 0.0] z=0.7931
[lowlevel-sim][GT] t=1.435 quat=[0.70739, 0.0, 0.0, 0.70683] angvel=[0.0, 0.0, 0.0] linvel=[0.0, 0.0, 0.0] z=0.7931
[lowlevel-sim][GT] t=1.490 quat=[0.70739, 0.0, 0.0, 0.70683] angvel=[0.0, 0.0, 0.0] linvel=[0.0, 0.0, 0.0] z=0.7931
[lowlevel-sim][GT] t=1.545 quat=[0.70739, 0.0, 0.0, 0.70683] angvel=[0.0, 0.0, 0.0] linvel=[0.0, 0.0, 0.0] z=0.7931
[lowlevel-sim][GT] t=1.600 quat=[0.70739, 0.0, 0.0, 0.70683] angvel=[0.0, 0.0, 0.0] linvel=[0.0, 0.0, 0.0] z=0.7931
[lowlevel-sim][GT] t=1.655 quat=[0.70739, 0.0, 0.0, 0.70683] angvel=[0.0, 0.0, 0.0] linvel=[0.0, 0.0, 0.0] z=0.7931
[lowlevel-sim][GT] t=1.710 quat=[0.70739, 0.0, 0.0, 0.70683] angvel=[0.0, 0.0, 0.0] linvel=[0.0, 0.0, 0.0] z=0.7931
[lowlevel-sim][GT] t=1.765 quat=[0.70739, 0.0, 0.0, 0.70683] angvel=[0.0, 0.0, 0.0] linvel=[0.0, 0.0, 0.0] z=0.7931
[lowlevel-sim][GT] t=1.820 quat=[0.70739, 0.0, 0.0, 0.70683] angvel=[0.0, 0.0, 0.0] linvel=[0.0, 0.0, 0.0] z=0.7931
[lowlevel-sim][GT] t=1.875 quat=[0.70739, 0.0, 0.0, 0.70683] angvel=[0.0, 0.0, 0.0] linvel=[0.0, 0.0, 0.0] z=0.7931
[lowlevel-sim][GT] t=1.930 quat=[0.70739, 0.0, 0.0, 0.70683] angvel=[0.0, 0.0, 0.0] linvel=[0.0, 0.0, 0.0] z=0.7931
[lowlevel-sim][GT] t=1.985 quat=[0.70739, 0.0, 0.0, 0.70683] angvel=[0.0, 0.0, 0.0] linvel=[0.0, 0.0, 0.0] z=0.7931
[lowlevel-sim][GT] t=2.040 quat=[0.70739, 0.0, 0.0, 0.70683] angvel=[0.0, 0.0, 0.0] linvel=[0.0, 0.0, 0.0] z=0.7931
[lowlevel-sim][GT] t=2.095 quat=[0.70739, 0.0, 0.0, 0.70683] angvel=[0.0, 0.0, 0.0] linvel=[0.0, 0.0, 0.0] z=0.7931
[lowlevel-sim][GT] t=2.150 quat=[0.70739, 0.0, 0.0, 0.70683] angvel=[0.0, 0.0, 0.0] linvel=[0.0, 0.0, 0.0] z=0.7931
[lowlevel-sim][GT] t=2.205 quat=[0.70739, 0.0, 0.0, 0.70683] angvel=[0.0, 0.0, 0.0] linvel=[0.0, 0.0, 0.0] z=0.7931
[lowlevel-sim][GT] t=2.260 quat=[0.70739, 0.0, 0.0, 0.70683] angvel=[0.0, 0.0, 0.0] linvel=[0.0, 0.0, 0.0] z=0.7931
[lowlevel-sim][GT] t=2.315 quat=[0.70739, 0.0, 0.0, 0.70683] angvel=[0.0, 0.0, 0.0] linvel=[0.0, 0.0, 0.0] z=0.7931
[lowlevel-sim][GT] t=2.370 quat=[0.70739, 0.0, 0.0, 0.70683] angvel=[0.0, 0.0, 0.0] linvel=[0.0, 0.0, 0.0] z=0.7931
[lowlevel-sim][GT] t=2.425 quat=[0.70739, 0.0, 0.0, 0.70683] angvel=[0.0, 0.0, 0.0] linvel=[0.0, 0.0, 0.0] z=0.7931
[lowlevel-sim][GT] t=2.480 quat=[0.70739, 0.0, 0.0, 0.70683] angvel=[0.0, 0.0, 0.0] linvel=[0.0, 0.0, 0.0] z=0.7931
[lowlevel-sim] t=   2.50 mode=hold       pd=499 hold=499 failclosed=0 rtf=0.536 base_z=+0.793 pitch=+0.000 roll=+0.000 |tau|max= 88.00 sat=14/29 knee_L=+0.235 hip_p_L=-0.363 torn=499 cmd_age=-1.0ms auth=-1.0s rig_ign=0 fix_base=1 sat_j=left_ankle_pitch_joint:-35.0,left_ankle_roll_joint:+35.0,right_ankle_pitch_joint:+35.0,right_ankle_roll_joint:+35.0,waist_yaw_joint:-88.0,left_shoulder_pitch_joint:+25.0
[lowlevel-sim][GT] t=2.535 quat=[0.70739, 0.0, 0.0, 0.70683] angvel=[0.0, 0.0, 0.0] linvel=[0.0, 0.0, 0.0] z=0.7931
[lowlevel-sim][GT] t=2.590 quat=[0.70739, 0.0, 0.0, 0.70683] angvel=[0.0, 0.0, 0.0] linvel=[0.0, 0.0, 0.0] z=0.7931
[lowlevel-sim][GT] t=2.645 quat=[0.70739, 0.0, 0.0, 0.70683] angvel=[0.0, 0.0, 0.0] linvel=[0.0, 0.0, 0.0] z=0.7931
[lowlevel-sim][GT] t=2.700 quat=[0.70739, 0.0, 0.0, 0.70683] angvel=[0.0, 0.0, 0.0] linvel=[0.0, 0.0, 0.0] z=0.7931
[lowlevel-sim][GT] t=2.755 quat=[0.70739, 0.0, 0.0, 0.70683] angvel=[0.0, 0.0, 0.0] linvel=[0.0, 0.0, 0.0] z=0.7931
[lowlevel-sim][GT] t=2.810 quat=[0.70739, 0.0, 0.0, 0.70683] angvel=[0.0, 0.0, 0.0] linvel=[0.0, 0.0, 0.0] z=0.7931
[lowlevel-sim][GT] t=2.865 quat=[0.70739, 0.0, 0.0, 0.70683] angvel=[0.0, 0.0, 0.0] linvel=[0.0, 0.0, 0.0] z=0.7931
[lowlevel-sim][GT] t=2.920 quat=[0.70739, 0.0, 0.0, 0.70683] angvel=[0.0, 0.0, 0.0] linvel=[0.0, 0.0, 0.0] z=0.7931
[lowlevel-sim][GT] t=2.975 quat=[0.70739, 0.0, 0.0, 0.70683] angvel=[0.0, 0.0, 0.0] linvel=[0.0, 0.0, 0.0] z=0.7931
[lowlevel-sim][GT] t=3.030 quat=[0.70739, 0.0, 0.0, 0.70683] angvel=[0.0, 0.0, 0.0] linvel=[0.0, 0.0, 0.0] z=0.7931
[lowlevel-sim][GT] t=3.085 quat=[0.70739, 0.0, 0.0, 0.70683] angvel=[0.0, 0.0, 0.0] linvel=[0.0, 0.0, 0.0] z=0.7931
[lowlevel-sim][GT] t=3.140 quat=[0.70739, 0.0, 0.0, 0.70683] angvel=[0.0, 0.0, 0.0] linvel=[0.0, 0.0, 0.0] z=0.7931
[lowlevel-sim][GT] t=3.195 quat=[0.70739, 0.0, 0.0, 0.70683] angvel=[0.0, 0.0, 0.0] linvel=[0.0, 0.0, 0.0] z=0.7931
[lowlevel-sim][GT] t=3.250 quat=[0.70739, 0.0, 0.0, 0.70683] angvel=[0.0, 0.0, 0.0] linvel=[0.0, 0.0, 0.0] z=0.7931
[lowlevel-sim][GT] t=3.305 quat=[0.70739, 0.0, 0.0, 0.70683] angvel=[0.0, 0.0, 0.0] linvel=[0.0, 0.0, 0.0] z=0.7931
[lowlevel-sim][GT] t=3.360 quat=[0.70739, 0.0, 0.0, 0.70683] angvel=[0.0, 0.0, 0.0] linvel=[0.0, 0.0, 0.0] z=0.7931
[lowlevel-sim][GT] t=3.415 quat=[0.70739, 0.0, 0.0, 0.70683] angvel=[0.0, 0.0, 0.0] linvel=[0.0, 0.0, 0.0] z=0.7931
[lowlevel-sim][GT] t=3.470 quat=[0.70739, 0.0, 0.0, 0.70683] angvel=[0.0, 0.0, 0.0] linvel=[0.0, 0.0, 0.0] z=0.7931
[lowlevel-sim][GT] t=3.525 quat=[0.70739, 0.0, 0.0, 0.70683] angvel=[0.0, 0.0, 0.0] linvel=[0.0, 0.0, 0.0] z=0.7931
[lowlevel-sim][GT] t=3.580 quat=[0.70739, 0.0, 0.0, 0.70683] angvel=[0.0, 0.0, 0.0] linvel=[0.0, 0.0, 0.0] z=0.7931
[lowlevel-sim][GT] t=3.635 quat=[0.70739, 0.0, 0.0, 0.70683] angvel=[0.0, 0.0, 0.0] linvel=[0.0, 0.0, 0.0] z=0.7931
[lowlevel-sim][GT] t=3.690 quat=[0.70739, 0.0, 0.0, 0.70683] angvel=[0.0, 0.0, 0.0] linvel=[0.0, 0.0, 0.0] z=0.7931
[lowlevel-sim][GT] t=3.745 quat=[0.70739, 0.0, 0.0, 0.70683] angvel=[0.0, 0.0, 0.0] linvel=[0.0, 0.0, 0.0] z=0.7931
[lowlevel-sim][GT] t=3.800 quat=[0.70739, 0.0, 0.0, 0.70683] angvel=[0.0, 0.0, 0.0] linvel=[0.0, 0.0, 0.0] z=0.7931
[lowlevel-sim][GT] t=3.855 quat=[0.70739, 0.0, 0.0, 0.70683] angvel=[0.0, 0.0, 0.0] linvel=[0.0, 0.0, 0.0] z=0.7931
[lowlevel-sim][GT] t=3.910 quat=[0.70739, 0.0, 0.0, 0.70683] angvel=[0.0, 0.0, 0.0] linvel=[0.0, 0.0, 0.0] z=0.7931
[lowlevel-sim][GT] t=3.965 quat=[0.70739, 0.0, 0.0, 0.70683] angvel=[0.0, 0.0, 0.0] linvel=[0.0, 0.0, 0.0] z=0.7931
[lowlevel-sim][GT] t=4.020 quat=[0.70739, 0.0, 0.0, 0.70683] angvel=[0.0, 0.0, 0.0] linvel=[0.0, 0.0, 0.0] z=0.7931
[lowlevel-sim][GT] t=4.075 quat=[0.70739, 0.0, 0.0, 0.70683] angvel=[0.0, 0.0, 0.0] linvel=[0.0, 0.0, 0.0] z=0.7931
[lowlevel-sim][GT] t=4.130 quat=[0.70739, 0.0, 0.0, 0.70683] angvel=[0.0, 0.0, 0.0] linvel=[0.0, 0.0, 0.0] z=0.7931
[lowlevel-sim][GT] t=4.185 quat=[0.70739, 0.0, 0.0, 0.70683] angvel=[0.0, 0.0, 0.0] linvel=[0.0, 0.0, 0.0] z=0.7931
[lowlevel-sim][GT] t=4.240 quat=[0.70739, 0.0, 0.0, 0.70683] angvel=[0.0, 0.0, 0.0] linvel=[0.0, 0.0, 0.0] z=0.7931
[lowlevel-sim][GT] t=4.295 quat=[0.70739, 0.0, 0.0, 0.70683] angvel=[0.0, 0.0, 0.0] linvel=[0.0, 0.0, 0.0] z=0.7931
[lowlevel-sim][GT] t=4.350 quat=[0.70739, 0.0, 0.0, 0.70683] angvel=[0.0, 0.0, 0.0] linvel=[0.0, 0.0, 0.0] z=0.7931
[lowlevel-sim][GT] t=4.405 quat=[0.70739, 0.0, 0.0, 0.70683] angvel=[0.0, 0.0, 0.0] linvel=[0.0, 0.0, 0.0] z=0.7931
[lowlevel-sim][GT] t=4.460 quat=[0.70739, 0.0, 0.0, 0.70683] angvel=[0.0, 0.0, 0.0] linvel=[0.0, 0.0, 0.0] z=0.7931
[lowlevel-sim][GT] t=4.515 quat=[0.70739, 0.0, 0.0, 0.70683] angvel=[0.0, 0.0, 0.0] linvel=[0.0, 0.0, 0.0] z=0.7931
[lowlevel-sim][GT] t=4.570 quat=[0.70739, 0.0, 0.0, 0.70683] angvel=[0.0, 0.0, 0.0] linvel=[0.0, 0.0, 0.0] z=0.7931
[lowlevel-sim][GT] t=4.625 quat=[0.70739, 0.0, 0.0, 0.70683] angvel=[0.0, 0.0, 0.0] linvel=[0.0, 0.0, 0.0] z=0.7931
[lowlevel-sim][GT] t=4.680 quat=[0.70739, 0.0, 0.0, 0.70683] angvel=[0.0, 0.0, 0.0] linvel=[0.0, 0.0, 0.0] z=0.7931
[lowlevel-sim][GT] t=4.735 quat=[0.70739, 0.0, 0.0, 0.70683] angvel=[0.0, 0.0, 0.0] linvel=[0.0, 0.0, 0.0] z=0.7931
[lowlevel-sim][GT] t=4.790 quat=[0.70739, 0.0, 0.0, 0.70683] angvel=[0.0, 0.0, 0.0] linvel=[0.0, 0.0, 0.0] z=0.7931
[lowlevel-sim][GT] t=4.845 quat=[0.70739, 0.0, 0.0, 0.70683] angvel=[0.0, 0.0, 0.0] linvel=[0.0, 0.0, 0.0] z=0.7931
[lowlevel-sim][GT] t=4.900 quat=[0.70739, 0.0, 0.0, 0.70683] angvel=[0.0, 0.0, 0.0] linvel=[0.0, 0.0, 0.0] z=0.7931
[lowlevel-sim][GT] t=4.955 quat=[0.70739, 0.0, 0.0, 0.70683] angvel=[0.0, 0.0, 0.0] linvel=[0.0, 0.0, 0.0] z=0.7931
[lowlevel-sim] t=   5.00 mode=hold       pd=999 hold=999 failclosed=0 rtf=0.576 base_z=+0.793 pitch=+0.000 roll=+0.000 |tau|max= 79.93 sat=12/29 knee_L=+0.272 hip_p_L=-0.402 torn=999 cmd_age=-1.0ms auth=-1.0s rig_ign=0 fix_base=1 sat_j=left_ankle_pitch_joint:-35.0,left_ankle_roll_joint:+35.0,right_ankle_pitch_joint:+35.0,right_ankle_roll_joint:+35.0,left_shoulder_pitch_joint:+25.0,left_shoulder_roll_joint:-25.0
[lowlevel-sim][GT] t=5.010 quat=[0.70739, 0.0, 0.0, 0.70683] angvel=[0.0, 0.0, 0.0] linvel=[0.0, 0.0, 0.0] z=0.7931
[lowlevel-sim][GT] t=5.065 quat=[0.70739, 0.0, 0.0, 0.70683] angvel=[0.0, 0.0, 0.0] linvel=[0.0, 0.0, 0.0] z=0.7931
[lowlevel-sim][GT] t=5.120 quat=[0.70739, 0.0, 0.0, 0.70683] angvel=[0.0, 0.0, 0.0] linvel=[0.0, 0.0, 0.0] z=0.7931
[lowlevel-sim][GT] t=5.175 quat=[0.70739, 0.0, 0.0, 0.70683] angvel=[0.0, 0.0, 0.0] linvel=[0.0, 0.0, 0.0] z=0.7931
[lowlevel-sim][GT] t=5.230 quat=[0.70739, 0.0, 0.0, 0.70683] angvel=[0.0, 0.0, 0.0] linvel=[0.0, 0.0, 0.0] z=0.7931
[lowlevel-sim][GT] t=5.285 quat=[0.70739, 0.0, 0.0, 0.70683] angvel=[0.0, 0.0, 0.0] linvel=[0.0, 0.0, 0.0] z=0.7931
[lowlevel-sim][GT] t=5.340 quat=[0.70739, 0.0, 0.0, 0.70683] angvel=[0.0, 0.0, 0.0] linvel=[0.0, 0.0, 0.0] z=0.7931
[lowlevel-sim][GT] t=5.395 quat=[0.70739, 0.0, 0.0, 0.70683] angvel=[0.0, 0.0, 0.0] linvel=[0.0, 0.0, 0.0] z=0.7931
[lowlevel-sim][GT] t=5.450 quat=[0.70739, 0.0, 0.0, 0.70683] angvel=[0.0, 0.0, 0.0] linvel=[0.0, 0.0, 0.0] z=0.7931
[lowlevel-sim][GT] t=5.505 quat=[0.70739, 0.0, 0.0, 0.70683] angvel=[0.0, 0.0, 0.0] linvel=[0.0, 0.0, 0.0] z=0.7931
[lowlevel-sim][GT] t=5.560 quat=[0.70739, 0.0, 0.0, 0.70683] angvel=[0.0, 0.0, 0.0] linvel=[0.0, 0.0, 0.0] z=0.7931
[lowlevel-sim][GT] t=5.615 quat=[0.70739, 0.0, 0.0, 0.70683] angvel=[0.0, 0.0, 0.0] linvel=[0.0, 0.0, 0.0] z=0.7931
[lowlevel-sim][GT] t=5.670 quat=[0.70739, 0.0, 0.0, 0.70683] angvel=[0.0, 0.0, 0.0] linvel=[0.0, 0.0, 0.0] z=0.7931
[lowlevel-sim][GT] t=5.725 quat=[0.70739, 0.0, 0.0, 0.70683] angvel=[0.0, 0.0, 0.0] linvel=[0.0, 0.0, 0.0] z=0.7931
[lowlevel-sim][GT] t=5.780 quat=[0.70739, 0.0, 0.0, 0.70683] angvel=[0.0, 0.0, 0.0] linvel=[0.0, 0.0, 0.0] z=0.7931
[lowlevel-sim][GT] t=5.835 quat=[0.70739, 0.0, 0.0, 0.70683] angvel=[0.0, 0.0, 0.0] linvel=[0.0, 0.0, 0.0] z=0.7931
[lowlevel-sim][GT] t=5.890 quat=[0.70739, 0.0, 0.0, 0.70683] angvel=[0.0, 0.0, 0.0] linvel=[0.0, 0.0, 0.0] z=0.7931
[lowlevel-sim][GT] t=5.945 quat=[0.70739, 0.0, 0.0, 0.70683] angvel=[0.0, 0.0, 0.0] linvel=[0.0, 0.0, 0.0] z=0.7931
[lowlevel-sim][GT] t=6.000 quat=[0.70739, 0.0, 0.0, 0.70683] angvel=[0.0, 0.0, 0.0] linvel=[0.0, 0.0, 0.0] z=0.7931
[lowlevel-sim][GT] t=6.055 quat=[0.70739, 0.0, 0.0, 0.70683] angvel=[0.0, 0.0, 0.0] linvel=[0.0, 0.0, 0.0] z=0.7931
[lowlevel-sim][GT] t=6.110 quat=[0.70739, 0.0, 0.0, 0.70683] angvel=[0.0, 0.0, 0.0] linvel=[0.0, 0.0, 0.0] z=0.7931
[lowlevel-sim][GT] t=6.165 quat=[0.70739, 0.0, 0.0, 0.70683] angvel=[0.0, 0.0, 0.0] linvel=[0.0, 0.0, 0.0] z=0.7931
[lowlevel-sim][GT] t=6.220 quat=[0.70739, 0.0, 0.0, 0.70683] angvel=[0.0, 0.0, 0.0] linvel=[0.0, 0.0, 0.0] z=0.7931
[lowlevel-sim][GT] t=6.275 quat=[0.70739, 0.0, 0.0, 0.70683] angvel=[0.0, 0.0, 0.0] linvel=[0.0, 0.0, 0.0] z=0.7931
[lowlevel-sim][GT] t=6.330 quat=[0.70739, 0.0, 0.0, 0.70683] angvel=[0.0, 0.0, 0.0] linvel=[0.0, 0.0, 0.0] z=0.7931
[lowlevel-sim][GT] t=6.385 quat=[0.70739, 0.0, 0.0, 0.70683] angvel=[0.0, 0.0, 0.0] linvel=[0.0, 0.0, 0.0] z=0.7931
[lowlevel-sim][GT] t=6.440 quat=[0.70739, 0.0, 0.0, 0.70683] angvel=[0.0, 0.0, 0.0] linvel=[0.0, 0.0, 0.0] z=0.7931
[lowlevel-sim][GT] t=6.495 quat=[0.70739, 0.0, 0.0, 0.70683] angvel=[0.0, 0.0, 0.0] linvel=[0.0, 0.0, 0.0] z=0.7931
[lowlevel-sim][GT] t=6.550 quat=[0.70739, 0.0, 0.0, 0.70683] angvel=[0.0, 0.0, 0.0] linvel=[0.0, 0.0, 0.0] z=0.7931
[lowlevel-sim][GT] t=6.605 quat=[0.70739, 0.0, 0.0, 0.70683] angvel=[0.0, 0.0, 0.0] linvel=[0.0, 0.0, 0.0] z=0.7931
[lowlevel-sim][GT] t=6.660 quat=[0.70739, 0.0, 0.0, 0.70683] angvel=[0.0, 0.0, 0.0] linvel=[0.0, 0.0, 0.0] z=0.7931
[lowlevel-sim][GT] t=6.715 quat=[0.70739, 0.0, 0.0, 0.70683] angvel=[0.0, 0.0, 0.0] linvel=[0.0, 0.0, 0.0] z=0.7931
[lowlevel-sim][GT] t=6.770 quat=[0.70739, 0.0, 0.0, 0.70683] angvel=[0.0, 0.0, 0.0] linvel=[0.0, 0.0, 0.0] z=0.7931
[lowlevel-sim][GT] t=6.825 quat=[0.70739, 0.0, 0.0, 0.70683] angvel=[0.0, 0.0, 0.0] linvel=[0.0, 0.0, 0.0] z=0.7931
[lowlevel-sim][GT] t=6.880 quat=[0.70739, 0.0, 0.0, 0.70683] angvel=[0.0, 0.0, 0.0] linvel=[0.0, 0.0, 0.0] z=0.7931
[lowlevel-sim][GT] t=6.935 quat=[0.70739, 0.0, 0.0, 0.70683] angvel=[0.0, 0.0, 0.0] linvel=[0.0, 0.0, 0.0] z=0.7931
[lowlevel-sim][GT] t=6.990 quat=[0.70739, 0.0, 0.0, 0.70683] angvel=[0.0, 0.0, 0.0] linvel=[0.0, 0.0, 0.0] z=0.7931
[lowlevel-sim][GT] t=7.045 quat=[0.70739, 0.0, 0.0, 0.70683] angvel=[0.0, 0.0, 0.0] linvel=[0.0, 0.0, 0.0] z=0.7931
[lowlevel-sim][GT] t=7.100 quat=[0.70739, 0.0, 0.0, 0.70683] angvel=[0.0, 0.0, 0.0] linvel=[0.0, 0.0, 0.0] z=0.7931
[lowlevel-sim][GT] t=7.155 quat=[0.70739, 0.0, 0.0, 0.70683] angvel=[0.0, 0.0, 0.0] linvel=[0.0, 0.0, 0.0] z=0.7931
[lowlevel-sim][GT] t=7.210 quat=[0.70739, 0.0, 0.0, 0.70683] angvel=[0.0, 0.0, 0.0] linvel=[0.0, 0.0, 0.0] z=0.7931
[lowlevel-sim][GT] t=7.265 quat=[0.70739, 0.0, 0.0, 0.70683] angvel=[0.0, 0.0, 0.0] linvel=[0.0, 0.0, 0.0] z=0.7931
[lowlevel-sim][GT] t=7.320 quat=[0.70739, 0.0, 0.0, 0.70683] angvel=[0.0, 0.0, 0.0] linvel=[0.0, 0.0, 0.0] z=0.7931
[lowlevel-sim][GT] t=7.375 quat=[0.70739, 0.0, 0.0, 0.70683] angvel=[0.0, 0.0, 0.0] linvel=[0.0, 0.0, 0.0] z=0.7931
[lowlevel-sim][GT] t=7.430 quat=[0.70739, 0.0, 0.0, 0.70683] angvel=[0.0, 0.0, 0.0] linvel=[0.0, 0.0, 0.0] z=0.7931
[lowlevel-sim][GT] t=7.485 quat=[0.70739, 0.0, 0.0, 0.70683] angvel=[0.0, 0.0, 0.0] linvel=[0.0, 0.0, 0.0] z=0.7931
[lowlevel-sim] t=   7.50 mode=hold       pd=1499 hold=1499 failclosed=0 rtf=0.570 base_z=+0.793 pitch=+0.000 roll=+0.000 |tau|max= 88.00 sat=13/29 knee_L=+0.217 hip_p_L=-0.382 torn=1499 cmd_age=-1.0ms auth=-1.0s rig_ign=0 fix_base=1 sat_j=left_ankle_pitch_joint:+35.0,left_ankle_roll_joint:-35.0,right_ankle_pitch_joint:+35.0,waist_yaw_joint:-88.0,waist_pitch_joint:+35.0,left_wrist_roll_joint:-25.0
[lowlevel-sim][GT] t=7.540 quat=[0.70739, 0.0, 0.0, 0.70683] angvel=[0.0, 0.0, 0.0] linvel=[0.0, 0.0, 0.0] z=0.7931
[lowlevel-sim][GT] t=7.595 quat=[0.70739, 0.0, 0.0, 0.70683] angvel=[0.0, 0.0, 0.0] linvel=[0.0, 0.0, 0.0] z=0.7931
[lowlevel-sim][GT] t=7.650 quat=[0.70739, 0.0, 0.0, 0.70683] angvel=[0.0, 0.0, 0.0] linvel=[0.0, 0.0, 0.0] z=0.7931
[lowlevel-sim][GT] t=7.705 quat=[0.70739, 0.0, 0.0, 0.70683] angvel=[0.0, 0.0, 0.0] linvel=[0.0, 0.0, 0.0] z=0.7931
[lowlevel-sim][GT] t=7.760 quat=[0.70739, 0.0, 0.0, 0.70683] angvel=[0.0, 0.0, 0.0] linvel=[0.0, 0.0, 0.0] z=0.7931
[lowlevel-sim][GT] t=7.815 quat=[0.70739, 0.0, 0.0, 0.70683] angvel=[0.0, 0.0, 0.0] linvel=[0.0, 0.0, 0.0] z=0.7931
[lowlevel-sim][GT] t=7.870 quat=[0.70739, 0.0, 0.0, 0.70683] angvel=[0.0, 0.0, 0.0] linvel=[0.0, 0.0, 0.0] z=0.7931
[lowlevel-sim][GT] t=7.925 quat=[0.70739, 0.0, 0.0, 0.70683] angvel=[0.0, 0.0, 0.0] linvel=[0.0, 0.0, 0.0] z=0.7931
[lowlevel-sim][GT] t=7.980 quat=[0.70739, 0.0, 0.0, 0.70683] angvel=[0.0, 0.0, 0.0] linvel=[0.0, 0.0, 0.0] z=0.7931
[lowlevel-sim][GT] t=8.035 quat=[0.70739, 0.0, 0.0, 0.70683] angvel=[0.0, 0.0, 0.0] linvel=[0.0, 0.0, 0.0] z=0.7931
[lowlevel-sim][GT] t=8.090 quat=[0.70739, 0.0, 0.0, 0.70683] angvel=[0.0, 0.0, 0.0] linvel=[0.0, 0.0, 0.0] z=0.7931
[lowlevel-sim][GT] t=8.145 quat=[0.70739, 0.0, 0.0, 0.70683] angvel=[0.0, 0.0, 0.0] linvel=[0.0, 0.0, 0.0] z=0.7931
[lowlevel-sim][GT] t=8.200 quat=[0.70739, 0.0, 0.0, 0.70683] angvel=[0.0, 0.0, 0.0] linvel=[0.0, 0.0, 0.0] z=0.7931
[lowlevel-sim][GT] t=8.255 quat=[0.70739, 0.0, 0.0, 0.70683] angvel=[0.0, 0.0, 0.0] linvel=[0.0, 0.0, 0.0] z=0.7931
[lowlevel-sim][GT] t=8.310 quat=[0.70739, 0.0, 0.0, 0.70683] angvel=[0.0, 0.0, 0.0] linvel=[0.0, 0.0, 0.0] z=0.7931
[lowlevel-sim][GT] t=8.365 quat=[0.70739, 0.0, 0.0, 0.70683] angvel=[0.0, 0.0, 0.0] linvel=[0.0, 0.0, 0.0] z=0.7931
[lowlevel-sim][GT] t=8.420 quat=[0.70739, 0.0, 0.0, 0.70683] angvel=[0.0, 0.0, 0.0] linvel=[0.0, 0.0, 0.0] z=0.7931
[lowlevel-sim][GT] t=8.475 quat=[0.70739, 0.0, 0.0, 0.70683] angvel=[0.0, 0.0, 0.0] linvel=[0.0, 0.0, 0.0] z=0.7931
[lowlevel-sim][GT] t=8.530 quat=[0.70739, 0.0, 0.0, 0.70683] angvel=[0.0, 0.0, 0.0] linvel=[0.0, 0.0, 0.0] z=0.7931
[lowlevel-sim][GT] t=8.585 quat=[0.70739, 0.0, 0.0, 0.70683] angvel=[0.0, 0.0, 0.0] linvel=[0.0, 0.0, 0.0] z=0.7931
[lowlevel-sim][GT] t=8.640 quat=[0.70739, 0.0, 0.0, 0.70683] angvel=[0.0, 0.0, 0.0] linvel=[0.0, 0.0, 0.0] z=0.7931
[lowlevel-sim][GT] t=8.695 quat=[0.70739, 0.0, 0.0, 0.70683] angvel=[0.0, 0.0, 0.0] linvel=[0.0, 0.0, 0.0] z=0.7931
[lowlevel-sim][GT] t=8.750 quat=[0.70739, 0.0, 0.0, 0.70683] angvel=[0.0, 0.0, 0.0] linvel=[0.0, 0.0, 0.0] z=0.7931
[lowlevel-sim][GT] t=8.805 quat=[0.70739, 0.0, 0.0, 0.70683] angvel=[0.0, 0.0, 0.0] linvel=[0.0, 0.0, 0.0] z=0.7931
[lowlevel-sim][GT] t=8.860 quat=[0.70739, 0.0, 0.0, 0.70683] angvel=[0.0, 0.0, 0.0] linvel=[0.0, 0.0, 0.0] z=0.7931
[lowlevel-sim][GT] t=8.915 quat=[0.70739, 0.0, 0.0, 0.70683] angvel=[0.0, 0.0, 0.0] linvel=[0.0, 0.0, 0.0] z=0.7931
[lowlevel-sim][GT] t=8.970 quat=[0.70739, 0.0, 0.0, 0.70683] angvel=[0.0, 0.0, 0.0] linvel=[0.0, 0.0, 0.0] z=0.7931
[lowlevel-sim][GT] t=9.025 quat=[0.70739, 0.0, 0.0, 0.70683] angvel=[0.0, 0.0, 0.0] linvel=[0.0, 0.0, 0.0] z=0.7931
[lowlevel-sim][GT] t=9.080 quat=[0.70739, 0.0, 0.0, 0.70683] angvel=[0.0, 0.0, 0.0] linvel=[0.0, 0.0, 0.0] z=0.7931
[lowlevel-sim][GT] t=9.135 quat=[0.70739, 0.0, 0.0, 0.70683] angvel=[0.0, 0.0, 0.0] linvel=[0.0, 0.0, 0.0] z=0.7931
[lowlevel-sim][GT] t=9.190 quat=[0.70739, 0.0, 0.0, 0.70683] angvel=[0.0, 0.0, 0.0] linvel=[0.0, 0.0, 0.0] z=0.7931
[lowlevel-sim][GT] t=9.245 quat=[0.70739, 0.0, 0.0, 0.70683] angvel=[0.0, 0.0, 0.0] linvel=[0.0, 0.0, 0.0] z=0.7931
[lowlevel-sim][GT] t=9.300 quat=[0.70739, 0.0, 0.0, 0.70683] angvel=[0.0, 0.0, 0.0] linvel=[0.0, 0.0, 0.0] z=0.7931
[lowlevel-sim][GT] t=9.355 quat=[0.70739, 0.0, 0.0, 0.70683] angvel=[0.0, 0.0, 0.0] linvel=[0.0, 0.0, 0.0] z=0.7931
[lowlevel-sim][GT] t=9.410 quat=[0.70739, 0.0, 0.0, 0.70683] angvel=[0.0, 0.0, 0.0] linvel=[0.0, 0.0, 0.0] z=0.7931
[lowlevel-sim][GT] t=9.465 quat=[0.70739, 0.0, 0.0, 0.70683] angvel=[0.0, 0.0, 0.0] linvel=[0.0, 0.0, 0.0] z=0.7931
[lowlevel-sim][GT] t=9.520 quat=[0.70739, 0.0, 0.0, 0.70683] angvel=[0.0, 0.0, 0.0] linvel=[0.0, 0.0, 0.0] z=0.7931
[lowlevel-sim][GT] t=9.575 quat=[0.70739, 0.0, 0.0, 0.70683] angvel=[0.0, 0.0, 0.0] linvel=[0.0, 0.0, 0.0] z=0.7931
[lowlevel-sim][GT] t=9.630 quat=[0.70739, 0.0, 0.0, 0.70683] angvel=[0.0, 0.0, 0.0] linvel=[0.0, 0.0, 0.0] z=0.7931
[lowlevel-sim][GT] t=9.685 quat=[0.70739, 0.0, 0.0, 0.70683] angvel=[0.0, 0.0, 0.0] linvel=[0.0, 0.0, 0.0] z=0.7931
[lowlevel-sim][GT] t=9.740 quat=[0.70739, 0.0, 0.0, 0.70683] angvel=[0.0, 0.0, 0.0] linvel=[0.0, 0.0, 0.0] z=0.7931
[lowlevel-sim][GT] t=9.795 quat=[0.70739, 0.0, 0.0, 0.70683] angvel=[0.0, 0.0, 0.0] linvel=[0.0, 0.0, 0.0] z=0.7931
[lowlevel-sim][GT] t=9.850 quat=[0.70739, 0.0, 0.0, 0.70683] angvel=[0.0, 0.0, 0.0] linvel=[0.0, 0.0, 0.0] z=0.7931
[lowlevel-sim][GT] t=9.905 quat=[0.70739, 0.0, 0.0, 0.70683] angvel=[0.0, 0.0, 0.0] linvel=[0.0, 0.0, 0.0] z=0.7931
[lowlevel-sim][GT] t=9.960 quat=[0.70739, 0.0, 0.0, 0.70683] angvel=[0.0, 0.0, 0.0] linvel=[0.0, 0.0, 0.0] z=0.7931
[lowlevel-sim] t=  10.00 mode=hold       pd=1999 hold=1999 failclosed=0 rtf=0.567 base_z=+0.793 pitch=+0.000 roll=+0.000 |tau|max= 69.73 sat=11/29 knee_L=+0.176 hip_p_L=-0.373 torn=1999 cmd_age=-1.0ms auth=-1.0s rig_ign=0 fix_base=1 sat_j=left_ankle_pitch_joint:+35.0,left_ankle_roll_joint:+35.0,right_ankle_roll_joint:-35.0,waist_roll_joint:-35.0,waist_pitch_joint:-35.0,left_shoulder_roll_joint:-25.0
[lowlevel-sim][GT] t=10.015 quat=[0.70739, 0.0, 0.0, 0.70683] angvel=[0.0, 0.0, 0.0] linvel=[0.0, 0.0, 0.0] z=0.7931
[lowlevel-sim][GT] t=10.070 quat=[0.70739, 0.0, 0.0, 0.70683] angvel=[0.0, 0.0, 0.0] linvel=[0.0, 0.0, 0.0] z=0.7931
[lowlevel-sim][GT] t=10.125 quat=[0.70739, 0.0, 0.0, 0.70683] angvel=[0.0, 0.0, 0.0] linvel=[0.0, 0.0, 0.0] z=0.7931
[lowlevel-sim][GT] t=10.180 quat=[0.70739, 0.0, 0.0, 0.70683] angvel=[0.0, 0.0, 0.0] linvel=[0.0, 0.0, 0.0] z=0.7931
[lowlevel-sim][GT] t=10.235 quat=[0.70739, 0.0, 0.0, 0.70683] angvel=[0.0, 0.0, 0.0] linvel=[0.0, 0.0, 0.0] z=0.7931
[lowlevel-sim][GT] t=10.290 quat=[0.70739, 0.0, 0.0, 0.70683] angvel=[0.0, 0.0, 0.0] linvel=[0.0, 0.0, 0.0] z=0.7931
[lowlevel-sim][GT] t=10.345 quat=[0.70739, 0.0, 0.0, 0.70683] angvel=[0.0, 0.0, 0.0] linvel=[0.0, 0.0, 0.0] z=0.7931
[lowlevel-sim][GT] t=10.400 quat=[0.70739, 0.0, 0.0, 0.70683] angvel=[0.0, 0.0, 0.0] linvel=[0.0, 0.0, 0.0] z=0.7931
[lowlevel-sim][GT] t=10.455 quat=[0.70739, 0.0, 0.0, 0.70683] angvel=[0.0, 0.0, 0.0] linvel=[0.0, 0.0, 0.0] z=0.7931
[lowlevel-sim][GT] t=10.510 quat=[0.70739, 0.0, 0.0, 0.70683] angvel=[0.0, 0.0, 0.0] linvel=[0.0, 0.0, 0.0] z=0.7931
[lowlevel-sim][GT] t=10.565 quat=[0.70739, 0.0, 0.0, 0.70683] angvel=[0.0, 0.0, 0.0] linvel=[0.0, 0.0, 0.0] z=0.7931
[lowlevel-sim][GT] t=10.620 quat=[0.70739, 0.0, 0.0, 0.70683] angvel=[0.0, 0.0, 0.0] linvel=[0.0, 0.0, 0.0] z=0.7931
[lowlevel-sim][GT] t=10.675 quat=[0.70739, 0.0, 0.0, 0.70683] angvel=[0.0, 0.0, 0.0] linvel=[0.0, 0.0, 0.0] z=0.7931
[lowlevel-sim][GT] t=10.730 quat=[0.70739, 0.0, 0.0, 0.70683] angvel=[0.0, 0.0, 0.0] linvel=[0.0, 0.0, 0.0] z=0.7931
[lowlevel-sim][GT] t=10.785 quat=[0.70739, 0.0, 0.0, 0.70683] angvel=[0.0, 0.0, 0.0] linvel=[0.0, 0.0, 0.0] z=0.7931
[lowlevel-sim][GT] t=10.840 quat=[0.70739, 0.0, 0.0, 0.70683] angvel=[0.0, 0.0, 0.0] linvel=[0.0, 0.0, 0.0] z=0.7931
[lowlevel-sim][GT] t=10.895 quat=[0.70739, 0.0, 0.0, 0.70683] angvel=[0.0, 0.0, 0.0] linvel=[0.0, 0.0, 0.0] z=0.7931
[lowlevel-sim][GT] t=10.950 quat=[0.70739, 0.0, 0.0, 0.70683] angvel=[0.0, 0.0, 0.0] linvel=[0.0, 0.0, 0.0] z=0.7931
[lowlevel-sim][GT] t=11.005 quat=[0.70739, 0.0, 0.0, 0.70683] angvel=[0.0, 0.0, 0.0] linvel=[0.0, 0.0, 0.0] z=0.7931
[lowlevel-sim][GT] t=11.060 quat=[0.70739, 0.0, 0.0, 0.70683] angvel=[0.0, 0.0, 0.0] linvel=[0.0, 0.0, 0.0] z=0.7931
[lowlevel-sim][GT] t=11.115 quat=[0.70739, 0.0, 0.0, 0.70683] angvel=[0.0, 0.0, 0.0] linvel=[0.0, 0.0, 0.0] z=0.7931
[lowlevel-sim][GT] t=11.170 quat=[0.70739, 0.0, 0.0, 0.70683] angvel=[0.0, 0.0, 0.0] linvel=[0.0, 0.0, 0.0] z=0.7931
[lowlevel-sim][GT] t=11.225 quat=[0.70739, 0.0, 0.0, 0.70683] angvel=[0.0, 0.0, 0.0] linvel=[0.0, 0.0, 0.0] z=0.7931
[lowlevel-sim][GT] t=11.280 quat=[0.70739, 0.0, 0.0, 0.70683] angvel=[0.0, 0.0, 0.0] linvel=[0.0, 0.0, 0.0] z=0.7931
[lowlevel-sim][GT] t=11.335 quat=[0.70739, 0.0, 0.0, 0.70683] angvel=[0.0, 0.0, 0.0] linvel=[0.0, 0.0, 0.0] z=0.7931
[lowlevel-sim][GT] t=11.390 quat=[0.70739, 0.0, 0.0, 0.70683] angvel=[0.0, 0.0, 0.0] linvel=[0.0, 0.0, 0.0] z=0.7931
[lowlevel-sim][GT] t=11.445 quat=[0.70739, 0.0, 0.0, 0.70683] angvel=[0.0, 0.0, 0.0] linvel=[0.0, 0.0, 0.0] z=0.7931
[lowlevel-sim][GT] t=11.500 quat=[0.70739, 0.0, 0.0, 0.70683] angvel=[0.0, 0.0, 0.0] linvel=[0.0, 0.0, 0.0] z=0.7931
[lowlevel-sim][GT] t=11.555 quat=[0.70739, 0.0, 0.0, 0.70683] angvel=[0.0, 0.0, 0.0] linvel=[0.0, 0.0, 0.0] z=0.7931
[lowlevel-sim][GT] t=11.610 quat=[0.70739, 0.0, 0.0, 0.70683] angvel=[0.0, 0.0, 0.0] linvel=[0.0, 0.0, 0.0] z=0.7931
[lowlevel-sim][GT] t=11.665 quat=[0.70739, 0.0, 0.0, 0.70683] angvel=[0.0, 0.0, 0.0] linvel=[0.0, 0.0, 0.0] z=0.7931
[lowlevel-sim][GT] t=11.720 quat=[0.70739, 0.0, 0.0, 0.70683] angvel=[0.0, 0.0, 0.0] linvel=[0.0, 0.0, 0.0] z=0.7931
[lowlevel-sim][GT] t=11.775 quat=[0.70739, 0.0, 0.0, 0.70683] angvel=[0.0, 0.0, 0.0] linvel=[0.0, 0.0, 0.0] z=0.7931
[lowlevel-sim][GT] t=11.830 quat=[0.70739, 0.0, 0.0, 0.70683] angvel=[0.0, 0.0, 0.0] linvel=[0.0, 0.0, 0.0] z=0.7931
[lowlevel-sim][GT] t=11.885 quat=[0.70739, 0.0, 0.0, 0.70683] angvel=[0.0, 0.0, 0.0] linvel=[0.0, 0.0, 0.0] z=0.7931
[lowlevel-sim][GT] t=11.940 quat=[0.70739, 0.0, 0.0, 0.70683] angvel=[0.0, 0.0, 0.0] linvel=[0.0, 0.0, 0.0] z=0.7931
[lowlevel-sim][GT] t=11.995 quat=[0.70739, 0.0, 0.0, 0.70683] angvel=[0.0, 0.0, 0.0] linvel=[0.0, 0.0, 0.0] z=0.7931
[lowlevel-sim][GT] t=12.050 quat=[0.70739, 0.0, 0.0, 0.70683] angvel=[0.0, 0.0, 0.0] linvel=[0.0, 0.0, 0.0] z=0.7931
[lowlevel-sim][GT] t=12.105 quat=[0.70739, 0.0, 0.0, 0.70683] angvel=[0.0, 0.0, 0.0] linvel=[0.0, 0.0, 0.0] z=0.7931
[lowlevel-sim][GT] t=12.160 quat=[0.70739, 0.0, 0.0, 0.70683] angvel=[0.0, 0.0, 0.0] linvel=[0.0, 0.0, 0.0] z=0.7931
[lowlevel-sim][GT] t=12.215 quat=[0.70739, 0.0, 0.0, 0.70683] angvel=[0.0, 0.0, 0.0] linvel=[0.0, 0.0, 0.0] z=0.7931
[lowlevel-sim][GT] t=12.270 quat=[0.70739, 0.0, 0.0, 0.70683] angvel=[0.0, 0.0, 0.0] linvel=[0.0, 0.0, 0.0] z=0.7931
[lowlevel-sim][GT] t=12.325 quat=[0.70739, 0.0, 0.0, 0.70683] angvel=[0.0, 0.0, 0.0] linvel=[0.0, 0.0, 0.0] z=0.7931
[lowlevel-sim][GT] t=12.380 quat=[0.70739, 0.0, 0.0, 0.70683] angvel=[0.0, 0.0, 0.0] linvel=[0.0, 0.0, 0.0] z=0.7931
[lowlevel-sim][GT] t=12.435 quat=[0.70739, 0.0, 0.0, 0.70683] angvel=[0.0, 0.0, 0.0] linvel=[0.0, 0.0, 0.0] z=0.7931
[lowlevel-sim][GT] t=12.490 quat=[0.70739, 0.0, 0.0, 0.70683] angvel=[0.0, 0.0, 0.0] linvel=[0.0, 0.0, 0.0] z=0.7931
[lowlevel-sim] t=  12.50 mode=hold       pd=2499 hold=2499 failclosed=0 rtf=0.566 base_z=+0.793 pitch=+0.000 roll=+0.000 |tau|max= 88.00 sat=17/29 knee_L=+0.237 hip_p_L=-0.547 torn=2499 cmd_age=-1.0ms auth=-1.0s rig_ign=0 fix_base=1 sat_j=left_ankle_pitch_joint:-35.0,left_ankle_roll_joint:-35.0,right_hip_pitch_joint:-88.0,right_ankle_pitch_joint:-35.0,right_ankle_roll_joint:-35.0,waist_roll_joint:-35.0
[lowlevel-sim][GT] t=12.545 quat=[0.70739, 0.0, 0.0, 0.70683] angvel=[0.0, 0.0, 0.0] linvel=[0.0, 0.0, 0.0] z=0.7931
[lowlevel-sim][GT] t=12.600 quat=[0.70739, 0.0, 0.0, 0.70683] angvel=[0.0, 0.0, 0.0] linvel=[0.0, 0.0, 0.0] z=0.7931
[lowlevel-sim][GT] t=12.655 quat=[0.70739, 0.0, 0.0, 0.70683] angvel=[0.0, 0.0, 0.0] linvel=[0.0, 0.0, 0.0] z=0.7931
[lowlevel-sim][GT] t=12.710 quat=[0.70739, 0.0, 0.0, 0.70683] angvel=[0.0, 0.0, 0.0] linvel=[0.0, 0.0, 0.0] z=0.7931
[lowlevel-sim][GT] t=12.765 quat=[0.70739, 0.0, 0.0, 0.70683] angvel=[0.0, 0.0, 0.0] linvel=[0.0, 0.0, 0.0] z=0.7931
[lowlevel-sim][GT] t=12.820 quat=[0.70739, 0.0, 0.0, 0.70683] angvel=[0.0, 0.0, 0.0] linvel=[0.0, 0.0, 0.0] z=0.7931
[lowlevel-sim][GT] t=12.875 quat=[0.70739, 0.0, 0.0, 0.70683] angvel=[0.0, 0.0, 0.0] linvel=[0.0, 0.0, 0.0] z=0.7931
[lowlevel-sim][GT] t=12.930 quat=[0.70739, 0.0, 0.0, 0.70683] angvel=[0.0, 0.0, 0.0] linvel=[0.0, 0.0, 0.0] z=0.7931
[lowlevel-sim][GT] t=12.985 quat=[0.70739, 0.0, 0.0, 0.70683] angvel=[0.0, 0.0, 0.0] linvel=[0.0, 0.0, 0.0] z=0.7931
[lowlevel-sim][GT] t=13.040 quat=[0.70739, 0.0, 0.0, 0.70683] angvel=[0.0, 0.0, 0.0] linvel=[0.0, 0.0, 0.0] z=0.7931
[lowlevel-sim][GT] t=13.095 quat=[0.70739, 0.0, 0.0, 0.70683] angvel=[0.0, 0.0, 0.0] linvel=[0.0, 0.0, 0.0] z=0.7931
[lowlevel-sim][GT] t=13.150 quat=[0.70739, 0.0, 0.0, 0.70683] angvel=[0.0, 0.0, 0.0] linvel=[0.0, 0.0, 0.0] z=0.7931
[lowlevel-sim][GT] t=13.205 quat=[0.70739, 0.0, 0.0, 0.70683] angvel=[0.0, 0.0, 0.0] linvel=[0.0, 0.0, 0.0] z=0.7931
[lowlevel-sim][GT] t=13.260 quat=[0.70739, 0.0, 0.0, 0.70683] angvel=[0.0, 0.0, 0.0] linvel=[0.0, 0.0, 0.0] z=0.7931
[lowlevel-sim][GT] t=13.315 quat=[0.70739, 0.0, 0.0, 0.70683] angvel=[0.0, 0.0, 0.0] linvel=[0.0, 0.0, 0.0] z=0.7931
[lowlevel-sim][GT] t=13.370 quat=[0.70739, 0.0, 0.0, 0.70683] angvel=[0.0, 0.0, 0.0] linvel=[0.0, 0.0, 0.0] z=0.7931
[lowlevel-sim][GT] t=13.425 quat=[0.70739, 0.0, 0.0, 0.70683] angvel=[0.0, 0.0, 0.0] linvel=[0.0, 0.0, 0.0] z=0.7931
[lowlevel-sim][GT] t=13.480 quat=[0.70739, 0.0, 0.0, 0.70683] angvel=[0.0, 0.0, 0.0] linvel=[0.0, 0.0, 0.0] z=0.7931
[lowlevel-sim][GT] t=13.535 quat=[0.70739, 0.0, 0.0, 0.70683] angvel=[0.0, 0.0, 0.0] linvel=[0.0, 0.0, 0.0] z=0.7931
[lowlevel-sim][GT] t=13.590 quat=[0.70739, 0.0, 0.0, 0.70683] angvel=[0.0, 0.0, 0.0] linvel=[0.0, 0.0, 0.0] z=0.7931
[lowlevel-sim][GT] t=13.645 quat=[0.70739, 0.0, 0.0, 0.70683] angvel=[0.0, 0.0, 0.0] linvel=[0.0, 0.0, 0.0] z=0.7931
[lowlevel-sim][GT] t=13.700 quat=[0.70739, 0.0, 0.0, 0.70683] angvel=[0.0, 0.0, 0.0] linvel=[0.0, 0.0, 0.0] z=0.7931
[lowlevel-sim][GT] t=13.755 quat=[0.70739, 0.0, 0.0, 0.70683] angvel=[0.0, 0.0, 0.0] linvel=[0.0, 0.0, 0.0] z=0.7931
[lowlevel-sim][GT] t=13.810 quat=[0.70739, 0.0, 0.0, 0.70683] angvel=[0.0, 0.0, 0.0] linvel=[0.0, 0.0, 0.0] z=0.7931
[lowlevel-sim][GT] t=13.865 quat=[0.70739, 0.0, 0.0, 0.70683] angvel=[0.0, 0.0, 0.0] linvel=[0.0, 0.0, 0.0] z=0.7931
[lowlevel-sim][GT] t=13.920 quat=[0.70739, 0.0, 0.0, 0.70683] angvel=[0.0, 0.0, 0.0] linvel=[0.0, 0.0, 0.0] z=0.7931
[lowlevel-sim][GT] t=13.975 quat=[0.70739, 0.0, 0.0, 0.70683] angvel=[0.0, 0.0, 0.0] linvel=[0.0, 0.0, 0.0] z=0.7931
[lowlevel-sim][GT] t=14.030 quat=[0.70739, 0.0, 0.0, 0.70683] angvel=[0.0, 0.0, 0.0] linvel=[0.0, 0.0, 0.0] z=0.7931
[lowlevel-sim][GT] t=14.085 quat=[0.70739, 0.0, 0.0, 0.70683] angvel=[0.0, 0.0, 0.0] linvel=[0.0, 0.0, 0.0] z=0.7931
[lowlevel-sim][GT] t=14.140 quat=[0.70739, 0.0, 0.0, 0.70683] angvel=[0.0, 0.0, 0.0] linvel=[0.0, 0.0, 0.0] z=0.7931
[lowlevel-sim][GT] t=14.195 quat=[0.70739, 0.0, 0.0, 0.70683] angvel=[0.0, 0.0, 0.0] linvel=[0.0, 0.0, 0.0] z=0.7931
[lowlevel-sim][GT] t=14.250 quat=[0.70739, 0.0, 0.0, 0.70683] angvel=[0.0, 0.0, 0.0] linvel=[0.0, 0.0, 0.0] z=0.7931
[lowlevel-sim][GT] t=14.305 quat=[0.70739, 0.0, 0.0, 0.70683] angvel=[0.0, 0.0, 0.0] linvel=[0.0, 0.0, 0.0] z=0.7931
[lowlevel-sim][GT] t=14.360 quat=[0.70739, 0.0, 0.0, 0.70683] angvel=[0.0, 0.0, 0.0] linvel=[0.0, 0.0, 0.0] z=0.7931
[lowlevel-sim][GT] t=14.415 quat=[0.70739, 0.0, 0.0, 0.70683] angvel=[0.0, 0.0, 0.0] linvel=[0.0, 0.0, 0.0] z=0.7931
[lowlevel-sim][GT] t=14.470 quat=[0.70739, 0.0, 0.0, 0.70683] angvel=[0.0, 0.0, 0.0] linvel=[0.0, 0.0, 0.0] z=0.7931
[lowlevel-sim][GT] t=14.525 quat=[0.70739, 0.0, 0.0, 0.70683] angvel=[0.0, 0.0, 0.0] linvel=[0.0, 0.0, 0.0] z=0.7931
[lowlevel-sim][GT] t=14.580 quat=[0.70739, 0.0, 0.0, 0.70683] angvel=[0.0, 0.0, 0.0] linvel=[0.0, 0.0, 0.0] z=0.7931
[lowlevel-sim][GT] t=14.635 quat=[0.70739, 0.0, 0.0, 0.70683] angvel=[0.0, 0.0, 0.0] linvel=[0.0, 0.0, 0.0] z=0.7931
[lowlevel-sim][GT] t=14.690 quat=[0.70739, 0.0, 0.0, 0.70683] angvel=[0.0, 0.0, 0.0] linvel=[0.0, 0.0, 0.0] z=0.7931
[lowlevel-sim][GT] t=14.745 quat=[0.70739, 0.0, 0.0, 0.70683] angvel=[0.0, 0.0, 0.0] linvel=[0.0, 0.0, 0.0] z=0.7931
[lowlevel-sim][GT] t=14.800 quat=[0.70739, 0.0, 0.0, 0.70683] angvel=[0.0, 0.0, 0.0] linvel=[0.0, 0.0, 0.0] z=0.7931
[lowlevel-sim][GT] t=14.855 quat=[0.70739, 0.0, 0.0, 0.70683] angvel=[0.0, 0.0, 0.0] linvel=[0.0, 0.0, 0.0] z=0.7931
[lowlevel-sim][GT] t=14.910 quat=[0.70739, 0.0, 0.0, 0.70683] angvel=[0.0, 0.0, 0.0] linvel=[0.0, 0.0, 0.0] z=0.7931
[lowlevel-sim][GT] t=14.965 quat=[0.70739, 0.0, 0.0, 0.70683] angvel=[0.0, 0.0, 0.0] linvel=[0.0, 0.0, 0.0] z=0.7931
[lowlevel-sim] t=  15.00 mode=hold       pd=2999 hold=2999 failclosed=0 rtf=0.564 base_z=+0.793 pitch=+0.000 roll=+0.000 |tau|max= 75.47 sat=10/29 knee_L=+0.313 hip_p_L=-0.042 torn=2999 cmd_age=-1.0ms auth=-1.0s rig_ign=0 fix_base=1 sat_j=right_ankle_pitch_joint:-35.0,left_shoulder_pitch_joint:+25.0,left_shoulder_roll_joint:-25.0,left_wrist_roll_joint:-25.0,left_wrist_pitch_joint:+5.0,left_wrist_yaw_joint:-5.0
[lowlevel-sim][GT] t=15.020 quat=[0.70739, 0.0, 0.0, 0.70683] angvel=[0.0, 0.0, 0.0] linvel=[0.0, 0.0, 0.0] z=0.7931
[lowlevel-sim][GT] t=15.075 quat=[0.70739, 0.0, 0.0, 0.70683] angvel=[0.0, 0.0, 0.0] linvel=[0.0, 0.0, 0.0] z=0.7931
[lowlevel-sim][GT] t=15.130 quat=[0.70739, 0.0, 0.0, 0.70683] angvel=[0.0, 0.0, 0.0] linvel=[0.0, 0.0, 0.0] z=0.7931
[lowlevel-sim][GT] t=15.185 quat=[0.70739, 0.0, 0.0, 0.70683] angvel=[0.0, 0.0, 0.0] linvel=[0.0, 0.0, 0.0] z=0.7931
[lowlevel-sim][GT] t=15.240 quat=[0.70739, 0.0, 0.0, 0.70683] angvel=[0.0, 0.0, 0.0] linvel=[0.0, 0.0, 0.0] z=0.7931
[lowlevel-sim][GT] t=15.295 quat=[0.70739, 0.0, 0.0, 0.70683] angvel=[0.0, 0.0, 0.0] linvel=[0.0, 0.0, 0.0] z=0.7931
[lowlevel-sim][GT] t=15.350 quat=[0.70739, 0.0, 0.0, 0.70683] angvel=[0.0, 0.0, 0.0] linvel=[0.0, 0.0, 0.0] z=0.7931
[lowlevel-sim][GT] t=15.405 quat=[0.70739, 0.0, 0.0, 0.70683] angvel=[0.0, 0.0, 0.0] linvel=[0.0, 0.0, 0.0] z=0.7931
[lowlevel-sim][GT] t=15.460 quat=[0.70739, 0.0, 0.0, 0.70683] angvel=[0.0, 0.0, 0.0] linvel=[0.0, 0.0, 0.0] z=0.7931
[lowlevel-sim][GT] t=15.515 quat=[0.70739, 0.0, 0.0, 0.70683] angvel=[0.0, 0.0, 0.0] linvel=[0.0, 0.0, 0.0] z=0.7931
[lowlevel-sim][GT] t=15.570 quat=[0.70739, 0.0, 0.0, 0.70683] angvel=[0.0, 0.0, 0.0] linvel=[0.0, 0.0, 0.0] z=0.7931
[lowlevel-sim][GT] t=15.625 quat=[0.70739, 0.0, 0.0, 0.70683] angvel=[0.0, 0.0, 0.0] linvel=[0.0, 0.0, 0.0] z=0.7931
[lowlevel-sim][GT] t=15.680 quat=[0.70739, 0.0, 0.0, 0.70683] angvel=[0.0, 0.0, 0.0] linvel=[0.0, 0.0, 0.0] z=0.7931
[lowlevel-sim][GT] t=15.735 quat=[0.70739, 0.0, 0.0, 0.70683] angvel=[0.0, 0.0, 0.0] linvel=[0.0, 0.0, 0.0] z=0.7931
[lowlevel-sim][GT] t=15.790 quat=[0.70739, 0.0, 0.0, 0.70683] angvel=[0.0, 0.0, 0.0] linvel=[0.0, 0.0, 0.0] z=0.7931
[lowlevel-sim][GT] t=15.845 quat=[0.70739, 0.0, 0.0, 0.70683] angvel=[0.0, 0.0, 0.0] linvel=[0.0, 0.0, 0.0] z=0.7931
[lowlevel-sim][GT] t=15.900 quat=[0.70739, 0.0, 0.0, 0.70683] angvel=[0.0, 0.0, 0.0] linvel=[0.0, 0.0, 0.0] z=0.7931
[lowlevel-sim][GT] t=15.955 quat=[0.70739, 0.0, 0.0, 0.70683] angvel=[0.0, 0.0, 0.0] linvel=[0.0, 0.0, 0.0] z=0.7931
[lowlevel-sim][GT] t=16.010 quat=[0.70739, 0.0, 0.0, 0.70683] angvel=[0.0, 0.0, 0.0] linvel=[0.0, 0.0, 0.0] z=0.7931
[lowlevel-sim][GT] t=16.065 quat=[0.70739, 0.0, 0.0, 0.70683] angvel=[0.0, 0.0, 0.0] linvel=[0.0, 0.0, 0.0] z=0.7931
[lowlevel-sim][GT] t=16.120 quat=[0.70739, 0.0, 0.0, 0.70683] angvel=[0.0, 0.0, 0.0] linvel=[0.0, 0.0, 0.0] z=0.7931
[lowlevel-sim][GT] t=16.175 quat=[0.70739, 0.0, 0.0, 0.70683] angvel=[0.0, 0.0, 0.0] linvel=[0.0, 0.0, 0.0] z=0.7931
[lowlevel-sim][GT] t=16.230 quat=[0.70739, 0.0, 0.0, 0.70683] angvel=[0.0, 0.0, 0.0] linvel=[0.0, 0.0, 0.0] z=0.7931
[lowlevel-sim][GT] t=16.285 quat=[0.70739, 0.0, 0.0, 0.70683] angvel=[0.0, 0.0, 0.0] linvel=[0.0, 0.0, 0.0] z=0.7931
[lowlevel-sim][GT] t=16.340 quat=[0.70739, 0.0, 0.0, 0.70683] angvel=[0.0, 0.0, 0.0] linvel=[0.0, 0.0, 0.0] z=0.7931
[lowlevel-sim][GT] t=16.395 quat=[0.70739, 0.0, 0.0, 0.70683] angvel=[0.0, 0.0, 0.0] linvel=[0.0, 0.0, 0.0] z=0.7931
[lowlevel-sim][GT] t=16.450 quat=[0.70739, 0.0, 0.0, 0.70683] angvel=[0.0, 0.0, 0.0] linvel=[0.0, 0.0, 0.0] z=0.7931
[lowlevel-sim][GT] t=16.505 quat=[0.70739, 0.0, 0.0, 0.70683] angvel=[0.0, 0.0, 0.0] linvel=[0.0, 0.0, 0.0] z=0.7931
[lowlevel-sim][GT] t=16.560 quat=[0.70739, 0.0, 0.0, 0.70683] angvel=[0.0, 0.0, 0.0] linvel=[0.0, 0.0, 0.0] z=0.7931
[lowlevel-sim][GT] t=16.615 quat=[0.70739, 0.0, 0.0, 0.70683] angvel=[0.0, 0.0, 0.0] linvel=[0.0, 0.0, 0.0] z=0.7931
[lowlevel-sim][GT] t=16.670 quat=[0.70739, 0.0, 0.0, 0.70683] angvel=[0.0, 0.0, 0.0] linvel=[0.0, 0.0, 0.0] z=0.7931
[lowlevel-sim][GT] t=16.725 quat=[0.70739, 0.0, 0.0, 0.70683] angvel=[0.0, 0.0, 0.0] linvel=[0.0, 0.0, 0.0] z=0.7931
[lowlevel-sim][GT] t=16.780 quat=[0.70739, 0.0, 0.0, 0.70683] angvel=[0.0, 0.0, 0.0] linvel=[0.0, 0.0, 0.0] z=0.7931
[lowlevel-sim][GT] t=16.835 quat=[0.70739, 0.0, 0.0, 0.70683] angvel=[0.0, 0.0, 0.0] linvel=[0.0, 0.0, 0.0] z=0.7931
[lowlevel-sim][GT] t=16.890 quat=[0.70739, 0.0, 0.0, 0.70683] angvel=[0.0, 0.0, 0.0] linvel=[0.0, 0.0, 0.0] z=0.7931
[lowlevel-sim][GT] t=16.945 quat=[0.70739, 0.0, 0.0, 0.70683] angvel=[0.0, 0.0, 0.0] linvel=[0.0, 0.0, 0.0] z=0.7931
[lowlevel-sim][GT] t=17.000 quat=[0.70739, 0.0, 0.0, 0.70683] angvel=[0.0, 0.0, 0.0] linvel=[0.0, 0.0, 0.0] z=0.7931
[lowlevel-sim][GT] t=17.055 quat=[0.70739, 0.0, 0.0, 0.70683] angvel=[0.0, 0.0, 0.0] linvel=[0.0, 0.0, 0.0] z=0.7931
[lowlevel-sim][GT] t=17.110 quat=[0.70739, 0.0, 0.0, 0.70683] angvel=[0.0, 0.0, 0.0] linvel=[0.0, 0.0, 0.0] z=0.7931
[lowlevel-sim][GT] t=17.165 quat=[0.70739, 0.0, 0.0, 0.70683] angvel=[0.0, 0.0, 0.0] linvel=[0.0, 0.0, 0.0] z=0.7931
[lowlevel-sim][GT] t=17.220 quat=[0.70739, 0.0, 0.0, 0.70683] angvel=[0.0, 0.0, 0.0] linvel=[0.0, 0.0, 0.0] z=0.7931
[lowlevel-sim][GT] t=17.275 quat=[0.70739, 0.0, 0.0, 0.70683] angvel=[0.0, 0.0, 0.0] linvel=[0.0, 0.0, 0.0] z=0.7931
[lowlevel-sim][GT] t=17.330 quat=[0.70739, 0.0, 0.0, 0.70683] angvel=[0.0, 0.0, 0.0] linvel=[0.0, 0.0, 0.0] z=0.7931
[lowlevel-sim][GT] t=17.385 quat=[0.70739, 0.0, 0.0, 0.70683] angvel=[0.0, 0.0, 0.0] linvel=[0.0, 0.0, 0.0] z=0.7931
[lowlevel-sim][GT] t=17.440 quat=[0.70739, 0.0, 0.0, 0.70683] angvel=[0.0, 0.0, 0.0] linvel=[0.0, 0.0, 0.0] z=0.7931
[lowlevel-sim][GT] t=17.495 quat=[0.70739, 0.0, 0.0, 0.70683] angvel=[0.0, 0.0, 0.0] linvel=[0.0, 0.0, 0.0] z=0.7931
[lowlevel-sim] t=  17.50 mode=hold       pd=3499 hold=3499 failclosed=0 rtf=0.563 base_z=+0.793 pitch=+0.000 roll=+0.000 |tau|max= 76.12 sat=11/29 knee_L=+0.222 hip_p_L=-0.531 torn=3499 cmd_age=-1.0ms auth=-1.0s rig_ign=0 fix_base=1 sat_j=left_ankle_pitch_joint:+35.0,left_ankle_roll_joint:-35.0,right_ankle_pitch_joint:-35.0,right_ankle_roll_joint:-35.0,waist_pitch_joint:-35.0,left_shoulder_roll_joint:-25.0
[lowlevel-sim][GT] t=17.550 quat=[0.70739, 0.0, 0.0, 0.70683] angvel=[0.0, 0.0, 0.0] linvel=[0.0, 0.0, 0.0] z=0.7931
[lowlevel-sim][GT] t=17.605 quat=[0.70739, 0.0, 0.0, 0.70683] angvel=[0.0, 0.0, 0.0] linvel=[0.0, 0.0, 0.0] z=0.7931
[lowlevel-sim][GT] t=17.660 quat=[0.70739, 0.0, 0.0, 0.70683] angvel=[0.0, 0.0, 0.0] linvel=[0.0, 0.0, 0.0] z=0.7931
[lowlevel-sim][GT] t=17.715 quat=[0.70739, 0.0, 0.0, 0.70683] angvel=[0.0, 0.0, 0.0] linvel=[0.0, 0.0, 0.0] z=0.7931
[lowlevel-sim][GT] t=17.770 quat=[0.70739, 0.0, 0.0, 0.70683] angvel=[0.0, 0.0, 0.0] linvel=[0.0, 0.0, 0.0] z=0.7931
[lowlevel-sim][GT] t=17.825 quat=[0.70739, 0.0, 0.0, 0.70683] angvel=[0.0, 0.0, 0.0] linvel=[0.0, 0.0, 0.0] z=0.7931
[lowlevel-sim][GT] t=17.880 quat=[0.70739, 0.0, 0.0, 0.70683] angvel=[0.0, 0.0, 0.0] linvel=[0.0, 0.0, 0.0] z=0.7931
[lowlevel-sim][GT] t=17.935 quat=[0.70739, 0.0, 0.0, 0.70683] angvel=[0.0, 0.0, 0.0] linvel=[0.0, 0.0, 0.0] z=0.7931
[lowlevel-sim][GT] t=17.990 quat=[0.70739, 0.0, 0.0, 0.70683] angvel=[0.0, 0.0, 0.0] linvel=[0.0, 0.0, 0.0] z=0.7931
[lowlevel-sim][GT] t=18.045 quat=[0.70739, 0.0, 0.0, 0.70683] angvel=[0.0, 0.0, 0.0] linvel=[0.0, 0.0, 0.0] z=0.7931
[lowlevel-sim][GT] t=18.100 quat=[0.70739, 0.0, 0.0, 0.70683] angvel=[0.0, 0.0, 0.0] linvel=[0.0, 0.0, 0.0] z=0.7931
[lowlevel-sim][GT] t=18.155 quat=[0.70739, 0.0, 0.0, 0.70683] angvel=[0.0, 0.0, 0.0] linvel=[0.0, 0.0, 0.0] z=0.7931
[lowlevel-sim][GT] t=18.210 quat=[0.70739, 0.0, 0.0, 0.70683] angvel=[0.0, 0.0, 0.0] linvel=[0.0, 0.0, 0.0] z=0.7931
[lowlevel-sim][GT] t=18.265 quat=[0.70739, 0.0, 0.0, 0.70683] angvel=[0.0, 0.0, 0.0] linvel=[0.0, 0.0, 0.0] z=0.7931
[lowlevel-sim][GT] t=18.320 quat=[0.70739, 0.0, 0.0, 0.70683] angvel=[0.0, 0.0, 0.0] linvel=[0.0, 0.0, 0.0] z=0.7931
[lowlevel-sim][GT] t=18.375 quat=[0.70739, 0.0, 0.0, 0.70683] angvel=[0.0, 0.0, 0.0] linvel=[0.0, 0.0, 0.0] z=0.7931
[lowlevel-sim][GT] t=18.430 quat=[0.70739, 0.0, 0.0, 0.70683] angvel=[0.0, 0.0, 0.0] linvel=[0.0, 0.0, 0.0] z=0.7931
[lowlevel-sim][GT] t=18.485 quat=[0.70739, 0.0, 0.0, 0.70683] angvel=[0.0, 0.0, 0.0] linvel=[0.0, 0.0, 0.0] z=0.7931
[lowlevel-sim][GT] t=18.540 quat=[0.70739, 0.0, 0.0, 0.70683] angvel=[0.0, 0.0, 0.0] linvel=[0.0, 0.0, 0.0] z=0.7931
[lowlevel-sim][GT] t=18.595 quat=[0.70739, 0.0, 0.0, 0.70683] angvel=[0.0, 0.0, 0.0] linvel=[0.0, 0.0, 0.0] z=0.7931
[lowlevel-sim][GT] t=18.650 quat=[0.70739, 0.0, 0.0, 0.70683] angvel=[0.0, 0.0, 0.0] linvel=[0.0, 0.0, 0.0] z=0.7931
[lowlevel-sim][GT] t=18.705 quat=[0.70739, 0.0, 0.0, 0.70683] angvel=[0.0, 0.0, 0.0] linvel=[0.0, 0.0, 0.0] z=0.7931
[lowlevel-sim][GT] t=18.760 quat=[0.70739, 0.0, 0.0, 0.70683] angvel=[0.0, 0.0, 0.0] linvel=[0.0, 0.0, 0.0] z=0.7931
[lowlevel-sim][GT] t=18.815 quat=[0.70739, 0.0, 0.0, 0.70683] angvel=[0.0, 0.0, 0.0] linvel=[0.0, 0.0, 0.0] z=0.7931
[lowlevel-sim][GT] t=18.870 quat=[0.70739, 0.0, 0.0, 0.70683] angvel=[0.0, 0.0, 0.0] linvel=[0.0, 0.0, 0.0] z=0.7931
[lowlevel-sim][GT] t=18.925 quat=[0.70739, 0.0, 0.0, 0.70683] angvel=[0.0, 0.0, 0.0] linvel=[0.0, 0.0, 0.0] z=0.7931
[lowlevel-sim][GT] t=18.980 quat=[0.70739, 0.0, 0.0, 0.70683] angvel=[0.0, 0.0, 0.0] linvel=[0.0, 0.0, 0.0] z=0.7931
[lowlevel-sim][GT] t=19.035 quat=[0.70739, 0.0, 0.0, 0.70683] angvel=[0.0, 0.0, 0.0] linvel=[0.0, 0.0, 0.0] z=0.7931
[lowlevel-sim][GT] t=19.090 quat=[0.70739, 0.0, 0.0, 0.70683] angvel=[0.0, 0.0, 0.0] linvel=[0.0, 0.0, 0.0] z=0.7931
[lowlevel-sim][GT] t=19.145 quat=[0.70739, 0.0, 0.0, 0.70683] angvel=[0.0, 0.0, 0.0] linvel=[0.0, 0.0, 0.0] z=0.7931
[lowlevel-sim][GT] t=19.200 quat=[0.70739, 0.0, 0.0, 0.70683] angvel=[0.0, 0.0, 0.0] linvel=[0.0, 0.0, 0.0] z=0.7931
[lowlevel-sim][GT] t=19.255 quat=[0.70739, 0.0, 0.0, 0.70683] angvel=[0.0, 0.0, 0.0] linvel=[0.0, 0.0, 0.0] z=0.7931
[lowlevel-sim][GT] t=19.310 quat=[0.70739, 0.0, 0.0, 0.70683] angvel=[0.0, 0.0, 0.0] linvel=[0.0, 0.0, 0.0] z=0.7931
[lowlevel-sim][GT] t=19.365 quat=[0.70739, 0.0, 0.0, 0.70683] angvel=[0.0, 0.0, 0.0] linvel=[0.0, 0.0, 0.0] z=0.7931
[lowlevel-sim][GT] t=19.420 quat=[0.70739, 0.0, 0.0, 0.70683] angvel=[0.0, 0.0, 0.0] linvel=[0.0, 0.0, 0.0] z=0.7931
[lowlevel-sim][GT] t=19.475 quat=[0.70739, 0.0, 0.0, 0.70683] angvel=[0.0, 0.0, 0.0] linvel=[0.0, 0.0, 0.0] z=0.7931
[lowlevel-sim][GT] t=19.530 quat=[0.70739, 0.0, 0.0, 0.70683] angvel=[0.0, 0.0, 0.0] linvel=[0.0, 0.0, 0.0] z=0.7931
[lowlevel-sim][GT] t=19.585 quat=[0.70739, 0.0, 0.0, 0.70683] angvel=[0.0, 0.0, 0.0] linvel=[0.0, 0.0, 0.0] z=0.7931
[lowlevel-sim][GT] t=19.640 quat=[0.70739, 0.0, 0.0, 0.70683] angvel=[0.0, 0.0, 0.0] linvel=[0.0, 0.0, 0.0] z=0.7931
[lowlevel-sim][GT] t=19.695 quat=[0.70739, 0.0, 0.0, 0.70683] angvel=[0.0, 0.0, 0.0] linvel=[0.0, 0.0, 0.0] z=0.7931
[lowlevel-sim][GT] t=19.750 quat=[0.70739, 0.0, 0.0, 0.70683] angvel=[0.0, 0.0, 0.0] linvel=[0.0, 0.0, 0.0] z=0.7931
[lowlevel-sim][GT] t=19.805 quat=[0.70739, 0.0, 0.0, 0.70683] angvel=[0.0, 0.0, 0.0] linvel=[0.0, 0.0, 0.0] z=0.7931
[lowlevel-sim][GT] t=19.860 quat=[0.70739, 0.0, 0.0, 0.70683] angvel=[0.0, 0.0, 0.0] linvel=[0.0, 0.0, 0.0] z=0.7931
[lowlevel-sim][GT] t=19.915 quat=[0.70739, 0.0, 0.0, 0.70683] angvel=[0.0, 0.0, 0.0] linvel=[0.0, 0.0, 0.0] z=0.7931
[lowlevel-sim][GT] t=19.970 quat=[0.70739, 0.0, 0.0, 0.70683] angvel=[0.0, 0.0, 0.0] linvel=[0.0, 0.0, 0.0] z=0.7931
[lowlevel-sim] t=  20.00 mode=hold       pd=3999 hold=3999 failclosed=0 rtf=0.563 base_z=+0.793 pitch=+0.000 roll=+0.000 |tau|max= 88.00 sat=10/29 knee_L=+0.329 hip_p_L=-0.201 torn=3999 cmd_age=-1.0ms auth=-1.0s rig_ign=0 fix_base=1 sat_j=left_ankle_roll_joint:-35.0,right_ankle_pitch_joint:+35.0,right_ankle_roll_joint:+35.0,waist_yaw_joint:-88.0,left_wrist_roll_joint:+25.0,left_wrist_pitch_joint:+5.0
[lowlevel-sim][GT] t=20.025 quat=[0.70739, 0.0, 0.0, 0.70683] angvel=[0.0, 0.0, 0.0] linvel=[0.0, 0.0, 0.0] z=0.7931
[lowlevel-sim][GT] t=20.080 quat=[0.70739, 0.0, 0.0, 0.70683] angvel=[0.0, 0.0, 0.0] linvel=[0.0, 0.0, 0.0] z=0.7931
[lowlevel-sim][GT] t=20.135 quat=[0.70739, 0.0, 0.0, 0.70683] angvel=[0.0, 0.0, 0.0] linvel=[0.0, 0.0, 0.0] z=0.7931
[lowlevel-sim][GT] t=20.190 quat=[0.70739, 0.0, 0.0, 0.70683] angvel=[0.0, 0.0, 0.0] linvel=[0.0, 0.0, 0.0] z=0.7931
[lowlevel-sim][GT] t=20.245 quat=[0.70739, 0.0, 0.0, 0.70683] angvel=[0.0, 0.0, 0.0] linvel=[0.0, 0.0, 0.0] z=0.7931
[lowlevel-sim][GT] t=20.300 quat=[0.70739, 0.0, 0.0, 0.70683] angvel=[0.0, 0.0, 0.0] linvel=[0.0, 0.0, 0.0] z=0.7931
[lowlevel-sim][GT] t=20.355 quat=[0.70739, 0.0, 0.0, 0.70683] angvel=[0.0, 0.0, 0.0] linvel=[0.0, 0.0, 0.0] z=0.7931
[lowlevel-sim][GT] t=20.410 quat=[0.70739, 0.0, 0.0, 0.70683] angvel=[0.0, 0.0, 0.0] linvel=[0.0, 0.0, 0.0] z=0.7931
[lowlevel-sim][GT] t=20.465 quat=[0.70739, 0.0, 0.0, 0.70683] angvel=[0.0, 0.0, 0.0] linvel=[0.0, 0.0, 0.0] z=0.7931
[lowlevel-sim][GT] t=20.520 quat=[0.70739, 0.0, 0.0, 0.70683] angvel=[0.0, 0.0, 0.0] linvel=[0.0, 0.0, 0.0] z=0.7931
[lowlevel-sim][GT] t=20.575 quat=[0.70739, 0.0, 0.0, 0.70683] angvel=[0.0, 0.0, 0.0] linvel=[0.0, 0.0, 0.0] z=0.7931
[lowlevel-sim][GT] t=20.630 quat=[0.70739, 0.0, 0.0, 0.70683] angvel=[0.0, 0.0, 0.0] linvel=[0.0, 0.0, 0.0] z=0.7931
[lowlevel-sim][GT] t=20.685 quat=[0.70739, 0.0, 0.0, 0.70683] angvel=[0.0, 0.0, 0.0] linvel=[0.0, 0.0, 0.0] z=0.7931
[lowlevel-sim][GT] t=20.740 quat=[0.70739, 0.0, 0.0, 0.70683] angvel=[0.0, 0.0, 0.0] linvel=[0.0, 0.0, 0.0] z=0.7931
[lowlevel-sim][GT] t=20.795 quat=[0.70739, 0.0, 0.0, 0.70683] angvel=[0.0, 0.0, 0.0] linvel=[0.0, 0.0, 0.0] z=0.7931
[lowlevel-sim][GT] t=20.850 quat=[0.70739, 0.0, 0.0, 0.70683] angvel=[0.0, 0.0, 0.0] linvel=[0.0, 0.0, 0.0] z=0.7931
[lowlevel-sim][GT] t=20.905 quat=[0.70739, 0.0, 0.0, 0.70683] angvel=[0.0, 0.0, 0.0] linvel=[0.0, 0.0, 0.0] z=0.7931
[lowlevel-sim][GT] t=20.960 quat=[0.70739, 0.0, 0.0, 0.70683] angvel=[0.0, 0.0, 0.0] linvel=[0.0, 0.0, 0.0] z=0.7931
[lowlevel-sim][GT] t=21.015 quat=[0.70739, 0.0, 0.0, 0.70683] angvel=[0.0, 0.0, 0.0] linvel=[0.0, 0.0, 0.0] z=0.7931
[lowlevel-sim][GT] t=21.070 quat=[0.70739, 0.0, 0.0, 0.70683] angvel=[0.0, 0.0, 0.0] linvel=[0.0, 0.0, 0.0] z=0.7931
[lowlevel-sim][GT] t=21.125 quat=[0.70739, 0.0, 0.0, 0.70683] angvel=[0.0, 0.0, 0.0] linvel=[0.0, 0.0, 0.0] z=0.7931
[lowlevel-sim][GT] t=21.180 quat=[0.70739, 0.0, 0.0, 0.70683] angvel=[0.0, 0.0, 0.0] linvel=[0.0, 0.0, 0.0] z=0.7931
[lowlevel-sim][GT] t=21.235 quat=[0.70739, 0.0, 0.0, 0.70683] angvel=[0.0, 0.0, 0.0] linvel=[0.0, 0.0, 0.0] z=0.7931
[lowlevel-sim][GT] t=21.290 quat=[0.70739, 0.0, 0.0, 0.70683] angvel=[0.0, 0.0, 0.0] linvel=[0.0, 0.0, 0.0] z=0.7931
[lowlevel-sim][GT] t=21.345 quat=[0.70739, 0.0, 0.0, 0.70683] angvel=[0.0, 0.0, 0.0] linvel=[0.0, 0.0, 0.0] z=0.7931
[lowlevel-sim][GT] t=21.400 quat=[0.70739, 0.0, 0.0, 0.70683] angvel=[0.0, 0.0, 0.0] linvel=[0.0, 0.0, 0.0] z=0.7931
[lowlevel-sim][GT] t=21.455 quat=[0.70739, 0.0, 0.0, 0.70683] angvel=[0.0, 0.0, 0.0] linvel=[0.0, 0.0, 0.0] z=0.7931
[lowlevel-sim][GT] t=21.510 quat=[0.70739, 0.0, 0.0, 0.70683] angvel=[0.0, 0.0, 0.0] linvel=[0.0, 0.0, 0.0] z=0.7931
[lowlevel-sim][GT] t=21.565 quat=[0.70739, 0.0, 0.0, 0.70683] angvel=[0.0, 0.0, 0.0] linvel=[0.0, 0.0, 0.0] z=0.7931
[lowlevel-sim][GT] t=21.620 quat=[0.70739, 0.0, 0.0, 0.70683] angvel=[0.0, 0.0, 0.0] linvel=[0.0, 0.0, 0.0] z=0.7931
[lowlevel-sim][GT] t=21.675 quat=[0.70739, 0.0, 0.0, 0.70683] angvel=[0.0, 0.0, 0.0] linvel=[0.0, 0.0, 0.0] z=0.7931
[lowlevel-sim][GT] t=21.730 quat=[0.70739, 0.0, 0.0, 0.70683] angvel=[0.0, 0.0, 0.0] linvel=[0.0, 0.0, 0.0] z=0.7931
[lowlevel-sim][GT] t=21.785 quat=[0.70739, 0.0, 0.0, 0.70683] angvel=[0.0, 0.0, 0.0] linvel=[0.0, 0.0, 0.0] z=0.7931
[lowlevel-sim][GT] t=21.840 quat=[0.70739, 0.0, 0.0, 0.70683] angvel=[0.0, 0.0, 0.0] linvel=[0.0, 0.0, 0.0] z=0.7931
[lowlevel-sim][GT] t=21.895 quat=[0.70739, 0.0, 0.0, 0.70683] angvel=[0.0, 0.0, 0.0] linvel=[0.0, 0.0, 0.0] z=0.7931
[lowlevel-sim][GT] t=21.950 quat=[0.70739, 0.0, 0.0, 0.70683] angvel=[0.0, 0.0, 0.0] linvel=[0.0, 0.0, 0.0] z=0.7931
[lowlevel-sim][GT] t=22.005 quat=[0.70739, 0.0, 0.0, 0.70683] angvel=[0.0, 0.0, 0.0] linvel=[0.0, 0.0, 0.0] z=0.7931
[lowlevel-sim][GT] t=22.060 quat=[0.70739, 0.0, 0.0, 0.70683] angvel=[0.0, 0.0, 0.0] linvel=[0.0, 0.0, 0.0] z=0.7931
[lowlevel-sim][GT] t=22.115 quat=[0.70739, 0.0, 0.0, 0.70683] angvel=[0.0, 0.0, 0.0] linvel=[0.0, 0.0, 0.0] z=0.7931
[lowlevel-sim][GT] t=22.170 quat=[0.70739, 0.0, 0.0, 0.70683] angvel=[0.0, 0.0, 0.0] linvel=[0.0, 0.0, 0.0] z=0.7931
[lowlevel-sim][GT] t=22.225 quat=[0.70739, 0.0, 0.0, 0.70683] angvel=[0.0, 0.0, 0.0] linvel=[0.0, 0.0, 0.0] z=0.7931
[lowlevel-sim][GT] t=22.280 quat=[0.70739, 0.0, 0.0, 0.70683] angvel=[0.0, 0.0, 0.0] linvel=[0.0, 0.0, 0.0] z=0.7931
[lowlevel-sim][GT] t=22.335 quat=[0.70739, 0.0, 0.0, 0.70683] angvel=[0.0, 0.0, 0.0] linvel=[0.0, 0.0, 0.0] z=0.7931
[lowlevel-sim][GT] t=22.390 quat=[0.70739, 0.0, 0.0, 0.70683] angvel=[0.0, 0.0, 0.0] linvel=[0.0, 0.0, 0.0] z=0.7931
[lowlevel-sim][GT] t=22.445 quat=[0.70739, 0.0, 0.0, 0.70683] angvel=[0.0, 0.0, 0.0] linvel=[0.0, 0.0, 0.0] z=0.7931
[lowlevel-sim][GT] t=22.500 quat=[0.70739, 0.0, 0.0, 0.70683] angvel=[0.0, 0.0, 0.0] linvel=[0.0, 0.0, 0.0] z=0.7931
[lowlevel-sim] t=  22.50 mode=hold       pd=4499 hold=4499 failclosed=0 rtf=0.564 base_z=+0.793 pitch=+0.000 roll=+0.000 |tau|max= 56.22 sat=11/29 knee_L=+0.323 hip_p_L=-0.209 torn=4499 cmd_age=-1.0ms auth=-1.0s rig_ign=0 fix_base=1 sat_j=left_ankle_pitch_joint:-35.0,left_ankle_roll_joint:+35.0,right_ankle_pitch_joint:+35.0,right_ankle_roll_joint:+35.0,left_shoulder_roll_joint:-25.0,left_shoulder_yaw_joint:-25.0
[lowlevel-sim][GT] t=22.555 quat=[0.70739, 0.0, 0.0, 0.70683] angvel=[0.0, 0.0, 0.0] linvel=[0.0, 0.0, 0.0] z=0.7931
[lowlevel-sim][GT] t=22.610 quat=[0.70739, 0.0, 0.0, 0.70683] angvel=[0.0, 0.0, 0.0] linvel=[0.0, 0.0, 0.0] z=0.7931
[lowlevel-sim][GT] t=22.665 quat=[0.70739, 0.0, 0.0, 0.70683] angvel=[0.0, 0.0, 0.0] linvel=[0.0, 0.0, 0.0] z=0.7931
[lowlevel-sim][GT] t=22.720 quat=[0.70739, 0.0, 0.0, 0.70683] angvel=[0.0, 0.0, 0.0] linvel=[0.0, 0.0, 0.0] z=0.7931
[lowlevel-sim][GT] t=22.775 quat=[0.70739, 0.0, 0.0, 0.70683] angvel=[0.0, 0.0, 0.0] linvel=[0.0, 0.0, 0.0] z=0.7931
[lowlevel-sim][GT] t=22.830 quat=[0.70739, 0.0, 0.0, 0.70683] angvel=[0.0, 0.0, 0.0] linvel=[0.0, 0.0, 0.0] z=0.7931
[lowlevel-sim][GT] t=22.885 quat=[0.70739, 0.0, 0.0, 0.70683] angvel=[0.0, 0.0, 0.0] linvel=[0.0, 0.0, 0.0] z=0.7931
[lowlevel-sim][GT] t=22.940 quat=[0.70739, 0.0, 0.0, 0.70683] angvel=[0.0, 0.0, 0.0] linvel=[0.0, 0.0, 0.0] z=0.7931
[lowlevel-sim][GT] t=22.995 quat=[0.70739, 0.0, 0.0, 0.70683] angvel=[0.0, 0.0, 0.0] linvel=[0.0, 0.0, 0.0] z=0.7931
[lowlevel-sim][GT] t=23.050 quat=[0.70739, 0.0, 0.0, 0.70683] angvel=[0.0, 0.0, 0.0] linvel=[0.0, 0.0, 0.0] z=0.7931
[lowlevel-sim][GT] t=23.105 quat=[0.70739, 0.0, 0.0, 0.70683] angvel=[0.0, 0.0, 0.0] linvel=[0.0, 0.0, 0.0] z=0.7931
[lowlevel-sim][GT] t=23.160 quat=[0.70739, 0.0, 0.0, 0.70683] angvel=[0.0, 0.0, 0.0] linvel=[0.0, 0.0, 0.0] z=0.7931
[lowlevel-sim][GT] t=23.215 quat=[0.70739, 0.0, 0.0, 0.70683] angvel=[0.0, 0.0, 0.0] linvel=[0.0, 0.0, 0.0] z=0.7931
[lowlevel-sim][GT] t=23.270 quat=[0.70739, 0.0, 0.0, 0.70683] angvel=[0.0, 0.0, 0.0] linvel=[0.0, 0.0, 0.0] z=0.7931
[lowlevel-sim][GT] t=23.325 quat=[0.70739, 0.0, 0.0, 0.70683] angvel=[0.0, 0.0, 0.0] linvel=[0.0, 0.0, 0.0] z=0.7931
[lowlevel-sim][GT] t=23.380 quat=[0.70739, 0.0, 0.0, 0.70683] angvel=[0.0, 0.0, 0.0] linvel=[0.0, 0.0, 0.0] z=0.7931
[lowlevel-sim][GT] t=23.435 quat=[0.70739, 0.0, 0.0, 0.70683] angvel=[0.0, 0.0, 0.0] linvel=[0.0, 0.0, 0.0] z=0.7931
[lowlevel-sim][GT] t=23.490 quat=[0.70739, 0.0, 0.0, 0.70683] angvel=[0.0, 0.0, 0.0] linvel=[0.0, 0.0, 0.0] z=0.7931
[lowlevel-sim][GT] t=23.545 quat=[0.70739, 0.0, 0.0, 0.70683] angvel=[0.0, 0.0, 0.0] linvel=[0.0, 0.0, 0.0] z=0.7931
[lowlevel-sim][GT] t=23.600 quat=[0.70739, 0.0, 0.0, 0.70683] angvel=[0.0, 0.0, 0.0] linvel=[0.0, 0.0, 0.0] z=0.7931
[lowlevel-sim][GT] t=23.655 quat=[0.70739, 0.0, 0.0, 0.70683] angvel=[0.0, 0.0, 0.0] linvel=[0.0, 0.0, 0.0] z=0.7931
[lowlevel-sim][GT] t=23.710 quat=[0.70739, 0.0, 0.0, 0.70683] angvel=[0.0, 0.0, 0.0] linvel=[0.0, 0.0, 0.0] z=0.7931
[lowlevel-sim][GT] t=23.765 quat=[0.70739, 0.0, 0.0, 0.70683] angvel=[0.0, 0.0, 0.0] linvel=[0.0, 0.0, 0.0] z=0.7931
[lowlevel-sim][GT] t=23.820 quat=[0.70739, 0.0, 0.0, 0.70683] angvel=[0.0, 0.0, 0.0] linvel=[0.0, 0.0, 0.0] z=0.7931
[lowlevel-sim][GT] t=23.875 quat=[0.70739, 0.0, 0.0, 0.70683] angvel=[0.0, 0.0, 0.0] linvel=[0.0, 0.0, 0.0] z=0.7931
[lowlevel-sim][GT] t=23.930 quat=[0.70739, 0.0, 0.0, 0.70683] angvel=[0.0, 0.0, 0.0] linvel=[0.0, 0.0, 0.0] z=0.7931
[lowlevel-sim][GT] t=23.985 quat=[0.70739, 0.0, 0.0, 0.70683] angvel=[0.0, 0.0, 0.0] linvel=[0.0, 0.0, 0.0] z=0.7931
[lowlevel-sim][GT] t=24.040 quat=[0.70739, 0.0, 0.0, 0.70683] angvel=[0.0, 0.0, 0.0] linvel=[0.0, 0.0, 0.0] z=0.7931
[lowlevel-sim][GT] t=24.095 quat=[0.70739, 0.0, 0.0, 0.70683] angvel=[0.0, 0.0, 0.0] linvel=[0.0, 0.0, 0.0] z=0.7931
[lowlevel-sim][GT] t=24.150 quat=[0.70739, 0.0, 0.0, 0.70683] angvel=[0.0, 0.0, 0.0] linvel=[0.0, 0.0, 0.0] z=0.7931
[lowlevel-sim][GT] t=24.205 quat=[0.70739, 0.0, 0.0, 0.70683] angvel=[0.0, 0.0, 0.0] linvel=[0.0, 0.0, 0.0] z=0.7931
[lowlevel-sim][GT] t=24.260 quat=[0.70739, 0.0, 0.0, 0.70683] angvel=[0.0, 0.0, 0.0] linvel=[0.0, 0.0, 0.0] z=0.7931
[lowlevel-sim][GT] t=24.315 quat=[0.70739, 0.0, 0.0, 0.70683] angvel=[0.0, 0.0, 0.0] linvel=[0.0, 0.0, 0.0] z=0.7931
[lowlevel-sim][GT] t=24.370 quat=[0.70739, 0.0, 0.0, 0.70683] angvel=[0.0, 0.0, 0.0] linvel=[0.0, 0.0, 0.0] z=0.7931
[lowlevel-sim][GT] t=24.425 quat=[0.70739, 0.0, 0.0, 0.70683] angvel=[0.0, 0.0, 0.0] linvel=[0.0, 0.0, 0.0] z=0.7931
[lowlevel-sim][GT] t=24.480 quat=[0.70739, 0.0, 0.0, 0.70683] angvel=[0.0, 0.0, 0.0] linvel=[0.0, 0.0, 0.0] z=0.7931
[lowlevel-sim][GT] t=24.535 quat=[0.70739, 0.0, 0.0, 0.70683] angvel=[0.0, 0.0, 0.0] linvel=[0.0, 0.0, 0.0] z=0.7931
[lowlevel-sim][GT] t=24.590 quat=[0.70739, 0.0, 0.0, 0.70683] angvel=[0.0, 0.0, 0.0] linvel=[0.0, 0.0, 0.0] z=0.7931
[lowlevel-sim][GT] t=24.645 quat=[0.70739, 0.0, 0.0, 0.70683] angvel=[0.0, 0.0, 0.0] linvel=[0.0, 0.0, 0.0] z=0.7931
[lowlevel-sim][GT] t=24.700 quat=[0.70739, 0.0, 0.0, 0.70683] angvel=[0.0, 0.0, 0.0] linvel=[0.0, 0.0, 0.0] z=0.7931
[lowlevel-sim][GT] t=24.755 quat=[0.70739, 0.0, 0.0, 0.70683] angvel=[0.0, 0.0, 0.0] linvel=[0.0, 0.0, 0.0] z=0.7931
[lowlevel-sim][GT] t=24.810 quat=[0.70739, 0.0, 0.0, 0.70683] angvel=[0.0, 0.0, 0.0] linvel=[0.0, 0.0, 0.0] z=0.7931
[lowlevel-sim][GT] t=24.865 quat=[0.70739, 0.0, 0.0, 0.70683] angvel=[0.0, 0.0, 0.0] linvel=[0.0, 0.0, 0.0] z=0.7931
[lowlevel-sim][GT] t=24.920 quat=[0.70739, 0.0, 0.0, 0.70683] angvel=[0.0, 0.0, 0.0] linvel=[0.0, 0.0, 0.0] z=0.7931
[lowlevel-sim][GT] t=24.975 quat=[0.70739, 0.0, 0.0, 0.70683] angvel=[0.0, 0.0, 0.0] linvel=[0.0, 0.0, 0.0] z=0.7931
[lowlevel-sim] t=  25.00 mode=hold       pd=4999 hold=4999 failclosed=0 rtf=0.572 base_z=+0.793 pitch=+0.000 roll=+0.000 |tau|max= 88.00 sat=15/29 knee_L=+0.310 hip_p_L=-0.251 torn=4736 cmd_age=10.0ms auth=1.9s rig_ign=286 fix_base=1 sat_j=left_ankle_pitch_joint:-35.0,left_ankle_roll_joint:-35.0,right_ankle_roll_joint:+35.0,waist_yaw_joint:-88.0,waist_pitch_joint:+35.0,left_shoulder_pitch_joint:+25.0
[lowlevel-sim][GT] t=25.030 quat=[0.70739, 0.0, 0.0, 0.70683] angvel=[0.0, 0.0, 0.0] linvel=[0.0, 0.0, 0.0] z=0.7931
[lowlevel-sim][GT] t=25.085 quat=[0.70739, 0.0, 0.0, 0.70683] angvel=[0.0, 0.0, 0.0] linvel=[0.0, 0.0, 0.0] z=0.7931
[lowlevel-sim][GT] t=25.140 quat=[0.70739, 0.0, 0.0, 0.70683] angvel=[0.0, 0.0, 0.0] linvel=[0.0, 0.0, 0.0] z=0.7931
[lowlevel-sim][GT] t=25.195 quat=[0.70739, 0.0, 0.0, 0.70683] angvel=[0.0, 0.0, 0.0] linvel=[0.0, 0.0, 0.0] z=0.7931
[lowlevel-sim][GT] t=25.250 quat=[0.70739, 0.0, 0.0, 0.70683] angvel=[0.0, 0.0, 0.0] linvel=[0.0, 0.0, 0.0] z=0.7931
[lowlevel-sim][GT] t=25.305 quat=[0.70739, 0.0, 0.0, 0.70683] angvel=[0.0, 0.0, 0.0] linvel=[0.0, 0.0, 0.0] z=0.7931
[lowlevel-sim][GT] t=25.360 quat=[0.70739, 0.0, 0.0, 0.70683] angvel=[0.0, 0.0, 0.0] linvel=[0.0, 0.0, 0.0] z=0.7931
[lowlevel-sim][GT] t=25.415 quat=[0.70739, 0.0, 0.0, 0.70683] angvel=[0.0, 0.0, 0.0] linvel=[0.0, 0.0, 0.0] z=0.7931
[lowlevel-sim][GT] t=25.470 quat=[0.70739, 0.0, 0.0, 0.70683] angvel=[0.0, 0.0, 0.0] linvel=[0.0, 0.0, 0.0] z=0.7931
[lowlevel-sim][GT] t=25.525 quat=[0.70739, 0.0, 0.0, 0.70683] angvel=[0.0, 0.0, 0.0] linvel=[0.0, 0.0, 0.0] z=0.7931
[lowlevel-sim][GT] t=25.580 quat=[0.70739, 0.0, 0.0, 0.70683] angvel=[0.0, 0.0, 0.0] linvel=[0.0, 0.0, 0.0] z=0.7931
[lowlevel-sim][GT] t=25.635 quat=[0.70739, 0.0, 0.0, 0.70683] angvel=[0.0, 0.0, 0.0] linvel=[0.0, 0.0, 0.0] z=0.7931
[lowlevel-sim][GT] t=25.690 quat=[0.70739, 0.0, 0.0, 0.70683] angvel=[0.0, 0.0, 0.0] linvel=[0.0, 0.0, 0.0] z=0.7931
[lowlevel-sim][GT] t=25.745 quat=[0.70739, 0.0, 0.0, 0.70683] angvel=[0.0, 0.0, 0.0] linvel=[0.0, 0.0, 0.0] z=0.7931
[lowlevel-sim][GT] t=25.800 quat=[0.70739, 0.0, 0.0, 0.70683] angvel=[0.0, 0.0, 0.0] linvel=[0.0, 0.0, 0.0] z=0.7931
[lowlevel-sim][GT] t=25.855 quat=[0.70739, 0.0, 0.0, 0.70683] angvel=[0.0, 0.0, 0.0] linvel=[0.0, 0.0, 0.0] z=0.7931
[lowlevel-sim][GT] t=25.910 quat=[0.70739, 0.0, 0.0, 0.70683] angvel=[0.0, 0.0, 0.0] linvel=[0.0, 0.0, 0.0] z=0.7931
[lowlevel-sim][GT] t=25.965 quat=[0.70739, 0.0, 0.0, 0.70683] angvel=[0.0, 0.0, 0.0] linvel=[0.0, 0.0, 0.0] z=0.7931
[lowlevel-sim][GT] t=26.020 quat=[0.70739, 0.0, 0.0, 0.70683] angvel=[0.0, 0.0, 0.0] linvel=[0.0, 0.0, 0.0] z=0.7931
[lowlevel-sim][GT] t=26.075 quat=[0.70739, 0.0, 0.0, 0.70683] angvel=[0.0, 0.0, 0.0] linvel=[0.0, 0.0, 0.0] z=0.7931
[lowlevel-sim][GT] t=26.130 quat=[0.70739, 0.0, 0.0, 0.70683] angvel=[0.0, 0.0, 0.0] linvel=[0.0, 0.0, 0.0] z=0.7931
[lowlevel-sim][GT] t=26.185 quat=[0.70739, 0.0, 0.0, 0.70683] angvel=[0.0, 0.0, 0.0] linvel=[0.0, 0.0, 0.0] z=0.7931
[lowlevel-sim][GT] t=26.240 quat=[0.70739, 0.0, 0.0, 0.70683] angvel=[0.0, 0.0, 0.0] linvel=[0.0, 0.0, 0.0] z=0.7931
[lowlevel-sim][GT] t=26.295 quat=[0.70739, 0.0, 0.0, 0.70683] angvel=[0.0, 0.0, 0.0] linvel=[0.0, 0.0, 0.0] z=0.7931
[lowlevel-sim][GT] t=26.350 quat=[0.70739, 0.0, 0.0, 0.70683] angvel=[0.0, 0.0, 0.0] linvel=[0.0, 0.0, 0.0] z=0.7931
[lowlevel-sim][GT] t=26.405 quat=[0.70739, 0.0, 0.0, 0.70683] angvel=[0.0, 0.0, 0.0] linvel=[0.0, 0.0, 0.0] z=0.7931
[lowlevel-sim][GT] t=26.460 quat=[0.70739, 0.0, 0.0, 0.70683] angvel=[0.0, 0.0, 0.0] linvel=[0.0, 0.0, 0.0] z=0.7931
[lowlevel-sim][GT] t=26.515 quat=[0.70739, 0.0, 0.0, 0.70683] angvel=[0.0, 0.0, 0.0] linvel=[0.0, 0.0, 0.0] z=0.7931
[lowlevel-sim][GT] t=26.570 quat=[0.70739, 0.0, 0.0, 0.70683] angvel=[0.0, 0.0, 0.0] linvel=[0.0, 0.0, 0.0] z=0.7931
[lowlevel-sim][GT] t=26.625 quat=[0.70739, 0.0, 0.0, 0.70683] angvel=[0.0, 0.0, 0.0] linvel=[0.0, 0.0, 0.0] z=0.7931
[lowlevel-sim][GT] t=26.680 quat=[0.70739, 0.0, 0.0, 0.70683] angvel=[0.0, 0.0, 0.0] linvel=[0.0, 0.0, 0.0] z=0.7931
[lowlevel-sim][GT] t=26.735 quat=[0.70739, 0.0, 0.0, 0.70683] angvel=[0.0, 0.0, 0.0] linvel=[0.0, 0.0, 0.0] z=0.7931
[lowlevel-sim][GT] t=26.790 quat=[0.70739, 0.0, 0.0, 0.70683] angvel=[0.0, 0.0, 0.0] linvel=[0.0, 0.0, 0.0] z=0.7931
[lowlevel-sim][GT] t=26.845 quat=[0.70739, 0.0, 0.0, 0.70683] angvel=[0.0, 0.0, 0.0] linvel=[0.0, 0.0, 0.0] z=0.7931
[lowlevel-sim][GT] t=26.900 quat=[0.70739, 0.0, 0.0, 0.70683] angvel=[0.0, 0.0, 0.0] linvel=[0.0, 0.0, 0.0] z=0.7931
[lowlevel-sim][GT] t=26.955 quat=[0.70739, 0.0, 0.0, 0.70683] angvel=[0.0, 0.0, 0.0] linvel=[0.0, 0.0, 0.0] z=0.7931
[lowlevel-sim][GT] t=27.010 quat=[0.70739, 0.0, 0.0, 0.70683] angvel=[0.0, 0.0, 0.0] linvel=[0.0, 0.0, 0.0] z=0.7931
[lowlevel-sim][GT] t=27.065 quat=[0.70739, 0.0, 0.0, 0.70683] angvel=[0.0, 0.0, 0.0] linvel=[0.0, 0.0, 0.0] z=0.7931
[lowlevel-sim][GT] t=27.120 quat=[0.70739, 0.0, 0.0, 0.70683] angvel=[0.0, 0.0, 0.0] linvel=[0.0, 0.0, 0.0] z=0.7931
[lowlevel-sim][GT] t=27.175 quat=[0.70739, 0.0, 0.0, 0.70683] angvel=[0.0, 0.0, 0.0] linvel=[0.0, 0.0, 0.0] z=0.7931
[lowlevel-sim][GT] t=27.230 quat=[0.70739, 0.0, 0.0, 0.70683] angvel=[0.0, 0.0, 0.0] linvel=[0.0, 0.0, 0.0] z=0.7931
[lowlevel-sim][GT] t=27.285 quat=[0.70739, 0.0, 0.0, 0.70683] angvel=[0.0, 0.0, 0.0] linvel=[0.0, 0.0, 0.0] z=0.7931
[lowlevel-sim][GT] t=27.340 quat=[0.70739, 0.0, 0.0, 0.70683] angvel=[0.0, 0.0, 0.0] linvel=[0.0, 0.0, 0.0] z=0.7931
[lowlevel-sim][GT] t=27.395 quat=[0.70739, 0.0, 0.0, 0.70683] angvel=[0.0, 0.0, 0.0] linvel=[0.0, 0.0, 0.0] z=0.7931
[lowlevel-sim][GT] t=27.450 quat=[0.70739, 0.0, 0.0, 0.70683] angvel=[0.0, 0.0, 0.0] linvel=[0.0, 0.0, 0.0] z=0.7931
[lowlevel-sim] t=  27.50 mode=hold       pd=5499 hold=5499 failclosed=0 rtf=0.588 base_z=+0.793 pitch=+0.000 roll=+0.000 |tau|max= 91.57 sat=11/29 knee_L=+0.213 hip_p_L=-0.384 torn=4776 cmd_age=13.1ms auth=4.9s rig_ign=786 fix_base=1 sat_j=left_ankle_pitch_joint:+35.0,left_ankle_roll_joint:-35.0,right_ankle_pitch_joint:+35.0,waist_yaw_joint:-88.0,waist_pitch_joint:+35.0,left_wrist_roll_joint:+25.0
[lowlevel-sim][GT] t=27.505 quat=[0.70739, 0.0, 0.0, 0.70683] angvel=[0.0, 0.0, 0.0] linvel=[0.0, 0.0, 0.0] z=0.7931
[lowlevel-sim][GT] t=27.560 quat=[0.70739, 0.0, 0.0, 0.70683] angvel=[0.0, 0.0, 0.0] linvel=[0.0, 0.0, 0.0] z=0.7931
[lowlevel-sim] TEST RIG RELEASED at t=27.570s -- controller has had authority for 5.0s (C-30)
[lowlevel-sim] COMMANDED at t=27.570s (was idle hold)
[lowlevel-sim][GT] t=27.615 quat=[0.82024, -0.12291, 0.14143, 0.54047] angvel=[-13.35318, 1.96985, -16.62176] linvel=[-0.07927, -0.67341, 0.27451] z=0.7876
[lowlevel-sim][GT] t=27.670 quat=[0.83655, -0.19057, 0.35897, 0.36742] angvel=[-4.65227, 4.91112, -1.63441] linvel=[0.72844, 0.637, -0.4419] z=0.7623
[lowlevel-sim][GT] t=27.725 quat=[0.80615, -0.19604, 0.53788, 0.14958] angvel=[-18.23322, 4.74379, -10.10557] linvel=[0.975, 0.57182, -0.19347] z=0.7205
[lowlevel-sim][GT] t=27.780 quat=[0.74608, -0.25028, 0.60044, -0.1421] angvel=[-5.13978, -10.69505, -3.47537] linvel=[1.46866, 0.22818, -2.07097] z=0.6371
[lowlevel-sim][GT] t=27.835 quat=[0.56628, -0.34219, 0.62288, -0.41744] angvel=[-9.69791, 9.97081, -14.19269] linvel=[0.94225, 0.6051, -2.04724] z=0.5152
[lowlevel-sim][GT] t=27.890 quat=[0.38681, -0.39593, 0.5608, -0.61574] angvel=[-9.35653, -0.74334, 3.37901] linvel=[0.86666, -0.30804, -2.22303] z=0.3957
[lowlevel-sim][GT] t=27.945 quat=[0.1448, -0.43392, 0.50942, -0.72886] angvel=[-6.87886, 4.49392, -12.56963] linvel=[1.14161, 0.4237, -2.89233] z=0.2638
[lowlevel-sim][GT] t=28.000 quat=[-0.08936, -0.4218, 0.46395, -0.77385] angvel=[-7.75094, -4.52617, -7.83588] linvel=[1.51238, 0.31968, 0.91773] z=0.1481
[lowlevel-sim][GT] t=28.055 quat=[-0.13924, -0.26955, 0.55801, -0.77238] angvel=[3.57255, -10.63551, -7.01424] linvel=[1.14757, 0.35051, 0.52747] z=0.1937
[lowlevel-sim][GT] t=28.110 quat=[-0.19811, -0.2198, 0.61167, -0.73369] angvel=[7.73209, -1.49084, 14.4009] linvel=[0.34625, -0.29576, -0.25142] z=0.1879
[lowlevel-sim][GT] t=28.165 quat=[-0.20435, -0.21375, 0.65335, -0.69691] angvel=[-1.54009, 4.52432, -9.9575] linvel=[0.92699, 0.14735, -0.38241] z=0.1542
[lowlevel-sim][GT] t=28.220 quat=[-0.19092, -0.24658, 0.68052, -0.66305] angvel=[5.96608, -2.7201, 10.05846] linvel=[-0.2433, 0.05674, 0.08747] z=0.1410
[lowlevel-sim][GT] t=28.275 quat=[-0.32537, -0.25731, 0.68883, -0.59451] angvel=[-1.95477, 14.50332, -12.35196] linvel=[0.78803, 0.18414, -1.02354] z=0.1196
[lowlevel-sim][GT] t=28.330 quat=[-0.46054, -0.26193, 0.72424, -0.44132] angvel=[1.71227, 0.01185, 0.05238] linvel=[0.05495, 0.19443, 0.07511] z=0.0750
[lowlevel-sim][GT] t=28.385 quat=[-0.61303, -0.26846, 0.68435, -0.28945] angvel=[-4.57958, 16.45642, -4.87713] linvel=[0.4709, 0.26431, -0.67019] z=0.0731
[lowlevel-sim][GT] t=28.440 quat=[-0.65218, -0.31742, 0.67699, -0.12487] angvel=[12.57688, -4.59284, -5.41338] linvel=[0.4962, -0.42316, 0.67631] z=0.0629
[lowlevel-sim][GT] t=28.495 quat=[-0.66014, -0.25599, 0.69241, -0.13879] angvel=[-13.82684, 7.53721, 0.81854] linvel=[0.31848, 0.18796, -0.79954] z=0.0648
[lowlevel-sim][GT] t=28.550 quat=[-0.66401, -0.22359, 0.70474, -0.11151] angvel=[6.07357, -0.88748, -3.31549] linvel=[0.24464, -0.16182, 0.23769] z=0.0588
[lowlevel-sim][GT] t=28.605 quat=[-0.70287, -0.19574, 0.67598, -0.10352] angvel=[-11.33575, 12.16435, 3.18823] linvel=[0.2938, 0.08383, -0.2553] z=0.0650
[lowlevel-sim][GT] t=28.660 quat=[-0.67211, -0.18004, 0.71397, -0.07807] angvel=[5.55037, -2.915, -3.91864] linvel=[0.16241, -0.28634, 0.52471] z=0.0596
[lowlevel-sim][GT] t=28.715 quat=[-0.67926, -0.15095, 0.7113, -0.09934] angvel=[-9.80669, 9.8759, 2.52043] linvel=[0.1769, 0.10266, -0.49138] z=0.0627
[lowlevel-sim][GT] t=28.770 quat=[-0.6526, -0.16196, 0.7354, -0.08405] angvel=[9.02491, -11.75236, -2.60469] linvel=[0.05856, -0.33282, 0.47352] z=0.0641
[lowlevel-sim][GT] t=28.825 quat=[-0.6587, -0.16532, 0.7283, -0.09148] angvel=[-7.73372, 7.03847, 2.34899] linvel=[0.14558, 0.20567, -0.31296] z=0.0637
[lowlevel-sim][GT] t=28.880 quat=[-0.63622, -0.20189, 0.74355, -0.03995] angvel=[9.16999, -7.2129, -4.0046] linvel=[0.12312, -0.5187, 0.42349] z=0.0648
[lowlevel-sim][GT] t=28.935 quat=[-0.64276, -0.2283, 0.73062, -0.03053] angvel=[-7.40089, 7.62383, 4.46282] linvel=[0.09597, 0.09927, -0.28763] z=0.0666
[lowlevel-sim][GT] t=28.990 quat=[-0.62701, -0.24106, 0.74077, -0.00086] angvel=[5.6356, -3.95925, -4.69129] linvel=[0.12243, -0.2756, 0.20683] z=0.0652
[lowlevel-sim][GT] t=29.045 quat=[-0.64148, -0.25688, 0.72285, 0.00106] angvel=[-8.584, 6.92661, 5.28111] linvel=[0.06562, 0.19077, -0.14262] z=0.0719
[lowlevel-sim][GT] t=29.100 quat=[-0.61666, -0.2574, 0.74388, 0.01141] angvel=[2.09583, -0.88266, -1.65193] linvel=[0.05066, -0.13288, 0.07489] z=0.0700
[lowlevel-sim][GT] t=29.155 quat=[-0.64084, -0.23037, 0.73183, -0.02607] angvel=[-11.90961, 10.08007, 5.12696] linvel=[0.03548, 0.06358, -0.73964] z=0.0701
[lowlevel-sim][GT] t=29.210 quat=[-0.61749, -0.22476, 0.75377, -0.00413] angvel=[10.43288, -11.73335, -6.48537] linvel=[-0.08667, -0.51852, 0.20801] z=0.0654
[lowlevel-sim][GT] t=29.265 quat=[-0.64034, -0.23131, 0.73241, 0.00594] angvel=[-8.66782, 7.38635, 4.39594] linvel=[0.09294, 0.0755, -0.43382] z=0.0661
[lowlevel-sim][GT] t=29.320 quat=[-0.63932, -0.21485, 0.73832, 0.00154] angvel=[9.29658, -11.55406, -5.55325] linvel=[0.05828, -0.40569, 0.39926] z=0.0652
[lowlevel-sim][GT] t=29.375 quat=[-0.67363, -0.19915, 0.71105, -0.03129] angvel=[-11.70154, 12.90156, 5.87649] linvel=[0.18982, 0.15578, -0.56559] z=0.0671
[lowlevel-sim][GT] t=29.430 quat=[-0.60951, -0.19169, 0.76925, -0.00277] angvel=[10.06786, -10.13589, -5.27336] linvel=[0.01305, -0.61673, 0.7226] z=0.0659
[lowlevel-sim][GT] t=29.485 quat=[-0.62611, -0.1264, 0.76836, -0.04046] angvel=[-12.4831, 11.60315, 1.79549] linvel=[0.28843, 0.02615, -0.71593] z=0.0721
[lowlevel-sim][GT] t=29.540 quat=[-0.61718, -0.07429, 0.78305, -0.0204] angvel=[8.94608, -14.17963, -3.7924] linvel=[-0.22617, -0.45883, 0.41476] z=0.0696
[lowlevel-sim][GT] t=29.595 quat=[-0.63254, -0.06094, 0.7721, -0.00645] angvel=[-3.30273, 7.88294, 1.78545] linvel=[0.23224, 0.15372, -0.27383] z=0.0694
[lowlevel-sim][GT] t=29.650 quat=[-0.60317, -0.05326, 0.79583, 0.00066] angvel=[1.41072, -13.93171, -2.13807] linvel=[-0.25779, -0.09925, 0.65383] z=0.0697
[lowlevel-sim][GT] t=29.705 quat=[-0.65212, -0.05539, 0.75596, 0.01423] angvel=[0.21206, 11.78873, 1.39702] linvel=[0.14401, -0.04875, -0.62271] z=0.0712
[lowlevel-sim][GT] t=29.760 quat=[-0.67736, -0.07281, 0.73184, 0.01707] angvel=[3.60787, -11.35277, -0.7385] linvel=[-0.05345, -0.1126, -0.17196] z=0.0594
[lowlevel-sim][GT] t=29.815 quat=[-0.69379, -0.00679, 0.71842, -0.04981] angvel=[-11.3783, -6.34712, -0.16674] linvel=[0.10914, 0.13633, 0.59491] z=0.0580
[lowlevel-sim][GT] t=29.870 quat=[-0.6807, 0.02531, 0.72733, -0.08368] angvel=[3.47995, 11.79929, -2.2817] linvel=[0.38629, 0.12378, -0.21221] z=0.0696
[lowlevel-sim][GT] t=29.925 quat=[-0.61407, -0.01879, 0.786, -0.06906] angvel=[0.41961, -15.78708, 3.02247] linvel=[-0.19289, 0.31274, 0.60312] z=0.0670
[lowlevel-sim][GT] t=29.980 quat=[-0.65998, -0.06901, 0.74668, -0.0462] angvel=[2.75012, 17.72323, 0.10754] linvel=[0.25748, 0.1718, -0.64214] z=0.0680
[lowlevel-sim] t=  30.00 mode=cmd        pd=5999 hold=5513 failclosed=0 rtf=0.609 base_z=+0.066 pitch=-1.467 roll=+2.817 |tau|max=131.86 sat=12/29 knee_L=+0.256 hip_p_L=-0.009 torn=4803 cmd_age=25.9ms auth=7.5s rig_ign=800 fix_base=0 sat_j=left_hip_pitch_joint:-88.0,left_ankle_pitch_joint:-35.0,right_hip_pitch_joint:-88.0,right_hip_yaw_joint:+88.0,right_ankle_pitch_joint:-35.0,waist_pitch_joint:-35.0
[lowlevel-sim][GT] t=30.035 quat=[-0.68137, -0.07825, 0.72553, -0.05678] angvel=[-3.73496, -8.7696, 1.39819] linvel=[0.16206, 0.19016, 0.2566] z=0.0577
[lowlevel-sim][GT] t=30.090 quat=[-0.73322, -0.05674, 0.67504, -0.05905] angvel=[4.8804, 4.78213, -0.96483] linvel=[0.47185, -0.12551, 0.15833] z=0.0636
[lowlevel-sim][GT] t=30.145 quat=[-0.70081, -0.04951, 0.70922, -0.05855] angvel=[5.80154, -12.76184, 0.80105] linvel=[0.21119, -0.36726, 0.52039] z=0.0712
[lowlevel-sim][GT] t=30.200 quat=[-0.741, -0.07634, 0.66547, -0.04742] angvel=[-0.08351, 3.50988, 1.12193] linvel=[0.35324, 0.06815, 0.14513] z=0.0655
[lowlevel-sim][GT] t=30.255 quat=[-0.7217, -0.10708, 0.68345, -0.0242] angvel=[7.6813, -11.23332, -2.48942] linvel=[0.12578, -0.35536, 0.30497] z=0.0674
[lowlevel-sim][GT] t=30.310 quat=[-0.7256, -0.11443, 0.67807, -0.02516] angvel=[-7.59478, 7.6326, 2.89467] linvel=[0.35791, 0.14666, -0.1969] z=0.0654
[lowlevel-sim][GT] t=30.365 quat=[-0.68281, -0.11793, 0.7209, -0.01309] angvel=[6.30668, -6.58795, -2.77229] linvel=[0.09262, -0.28737, 0.64066] z=0.0596
[lowlevel-sim][GT] t=30.420 quat=[-0.69686, -0.05073, 0.71066, -0.08234] angvel=[-10.08792, 12.54287, 0.43272] linvel=[0.13822, -0.11496, -0.72145] z=0.0633
[lowlevel-sim][GT] t=30.475 quat=[-0.66789, -0.05145, 0.73695, -0.09051] angvel=[5.3179, -13.68881, -0.41339] linvel=[-0.07436, -0.12317, 0.55187] z=0.0618
[lowlevel-sim][GT] t=30.530 quat=[-0.68024, -0.07348, 0.72373, -0.08996] angvel=[-6.40389, 14.09469, 1.04005] linvel=[0.20747, -0.06289, -0.23198] z=0.0665
[lowlevel-sim][GT] t=30.585 quat=[-0.62537, -0.10948, 0.77051, -0.05685] angvel=[6.54455, -11.57151, -2.09707] linvel=[-0.06385, -0.19453, 0.46663] z=0.0646
[lowlevel-sim][GT] t=30.640 quat=[-0.68931, -0.09393, 0.71158, -0.09837] angvel=[-5.02473, -2.30825, 0.52921] linvel=[-0.01541, 0.26948, -0.00797] z=0.0559
[lowlevel-sim][GT] t=30.695 quat=[-0.69407, -0.13124, 0.7005, -0.10167] angvel=[8.11787, -11.96152, -0.32604] linvel=[0.13368, 0.00027, 0.54855] z=0.0616
[lowlevel-sim][GT] t=30.750 quat=[-0.71092, -0.14405, 0.67475, -0.13619] angvel=[-11.77615, 11.37482, 2.3185] linvel=[0.51407, 0.46203, -0.55663] z=0.0650
[lowlevel-sim][GT] t=30.805 quat=[-0.67477, -0.1593, 0.70855, -0.13138] angvel=[9.72113, -13.00127, -0.97165] linvel=[0.18888, 0.13518, 0.56313] z=0.0593
[lowlevel-sim][GT] t=30.860 quat=[-0.69588, -0.14346, 0.68561, -0.15848] angvel=[-11.18775, 12.12672, 0.75992] linvel=[0.32311, 0.33309, -0.52305] z=0.0594
[lowlevel-sim][GT] t=30.915 quat=[-0.68467, -0.13691, 0.69705, -0.16308] angvel=[9.65797, -10.20937, 1.2186] linvel=[0.08257, -0.0576, 0.35328] z=0.0650
[lowlevel-sim][GT] t=30.970 quat=[-0.69293, -0.13965, 0.68591, -0.17284] angvel=[-8.75477, 11.05741, -0.37782] linvel=[0.25921, 0.26668, -0.53427] z=0.0610
[lowlevel-sim][GT] t=31.025 quat=[-0.6487, -0.13741, 0.72954, -0.16757] angvel=[11.17024, -13.60776, 0.70884] linvel=[0.10709, -0.07311, 0.77378] z=0.0625
[lowlevel-sim][GT] t=31.080 quat=[-0.65603, -0.11606, 0.72334, -0.18147] angvel=[-10.83265, 14.81824, -1.60029] linvel=[0.21667, 0.12205, -0.49025] z=0.0668
[lowlevel-sim][GT] t=31.135 quat=[-0.6681, -0.10578, 0.71801, -0.16407] angvel=[7.217, -1.40307, -0.79347] linvel=[0.06891, -0.07039, 0.33509] z=0.0565
[lowlevel-sim][GT] t=31.190 quat=[-0.70318, -0.0893, 0.69075, -0.14291] angvel=[-7.38339, 11.04375, -1.50207] linvel=[0.30344, 0.15125, -0.35973] z=0.0618
[lowlevel-sim][GT] t=31.245 quat=[-0.68666, -0.09331, 0.71433, -0.09758] angvel=[9.32813, -13.34944, -0.52006] linvel=[0.09906, -0.18431, 0.19627] z=0.0600
[lowlevel-sim][GT] t=31.300 quat=[-0.70441, -0.08389, 0.69712, -0.10388] angvel=[-10.31391, 13.80841, 0.26081] linvel=[0.35991, -0.00759, -0.69311] z=0.0659
[lowlevel-sim][GT] t=31.355 quat=[-0.70706, -0.08331, 0.69757, -0.08074] angvel=[7.44767, -11.40235, -1.49024] linvel=[0.27857, -0.28194, 0.38438] z=0.0680
[lowlevel-sim][GT] t=31.410 quat=[-0.73075, -0.07304, 0.67455, -0.07521] angvel=[-5.32868, -1.44739, -1.18156] linvel=[0.13238, 0.23925, 0.01746] z=0.0631
[lowlevel-sim][GT] t=31.465 quat=[-0.7291, -0.05889, 0.67885, -0.06405] angvel=[0.06752, 13.40825, 0.22973] linvel=[0.29731, -0.02048, -0.39244] z=0.0658
[lowlevel-sim][GT] t=31.520 quat=[-0.68149, -0.06789, 0.72509, -0.07218] angvel=[0.6859, -12.51105, 1.29153] linvel=[0.01708, 0.0295, 0.99623] z=0.0576
[lowlevel-sim][GT] t=31.575 quat=[-0.69537, -0.08234, 0.7112, -0.06229] angvel=[0.6328, 15.01143, 0.35773] linvel=[0.3662, -0.04666, -0.43126] z=0.0664
[lowlevel-sim][GT] t=31.630 quat=[-0.63065, -0.08885, 0.76803, -0.06727] angvel=[-2.12085, -8.28161, 0.93035] linvel=[-0.06429, 0.05061, 0.39824] z=0.0666
[lowlevel-sim][GT] t=31.685 quat=[-0.633, -0.11307, 0.76287, -0.06744] angvel=[-2.30855, 11.97154, 1.15855] linvel=[0.12983, 0.14707, -0.35425] z=0.0707
[lowlevel-sim][GT] t=31.740 quat=[-0.60604, -0.12688, 0.78243, -0.0665] angvel=[6.35137, -7.75949, 0.10621] linvel=[-0.11746, -0.14843, 0.51875] z=0.0704
[lowlevel-sim][GT] t=31.795 quat=[-0.64937, -0.12669, 0.74475, -0.08732] angvel=[2.69533, 10.83129, 0.94595] linvel=[0.108, 0.04185, -0.44617] z=0.0645
[lowlevel-sim][GT] t=31.850 quat=[-0.6506, -0.12742, 0.74001, -0.11347] angvel=[-2.6458, -8.90831, 0.75138] linvel=[-0.00403, 0.13236, 0.39015] z=0.0609
[lowlevel-sim][GT] t=31.905 quat=[-0.70377, -0.12566, 0.68858, -0.12156] angvel=[-0.41752, 14.46904, -0.89559] linvel=[0.35494, 0.0434, -0.37614] z=0.0620
[lowlevel-sim][GT] t=31.960 quat=[-0.66474, -0.13545, 0.72526, -0.11731] angvel=[-1.91355, -9.8732, 0.54627] linvel=[0.10506, 0.0567, 0.87883] z=0.0585
[lowlevel-sim][GT] t=32.015 quat=[-0.68312, -0.14403, 0.70704, -0.11267] angvel=[-3.17779, 18.03594, -0.43137] linvel=[0.42211, 0.24959, -0.58444] z=0.0647
[lowlevel-sim][GT] t=32.070 quat=[-0.65956, -0.11903, 0.72688, -0.14985] angvel=[-2.86772, -10.49269, 1.93326] linvel=[0.19513, 0.18213, 0.30939] z=0.0608
[lowlevel-sim][GT] t=32.125 quat=[-0.69828, -0.10953, 0.68683, -0.16932] angvel=[-9.14715, 15.24084, -1.63314] linvel=[0.42074, 0.0023, -0.455] z=0.0675
[lowlevel-sim][GT] t=32.180 quat=[-0.70288, -0.11609, 0.68468, -0.15394] angvel=[6.25967, -7.92846, -1.04643] linvel=[0.42532, -0.07238, 0.48488] z=0.0625
[lowlevel-sim][GT] t=32.235 quat=[-0.73213, -0.14435, 0.65064, -0.14077] angvel=[-6.17171, 16.11323, 1.7339] linvel=[0.57379, 0.21146, -0.35247] z=0.0678
[lowlevel-sim][GT] t=32.290 quat=[-0.72919, -0.14054, 0.65445, -0.14217] angvel=[1.46425, -12.85448, -0.37565] linvel=[0.35305, 0.21708, 0.30959] z=0.0721
[lowlevel-sim][GT] t=32.345 quat=[-0.72406, -0.14652, 0.65929, -0.14001] angvel=[4.33662, 11.61859, 0.6218] linvel=[0.5836, -0.21067, -0.28596] z=0.0689
[lowlevel-sim][GT] t=32.400 quat=[-0.68382, -0.14635, 0.69969, -0.14634] angvel=[0.0324, -14.66062, 0.45999] linvel=[0.33899, -0.0324, 0.24586] z=0.0591
[lowlevel-sim][GT] t=32.455 quat=[-0.7435, -0.16565, 0.63205, -0.14245] angvel=[-4.27844, 18.03087, 1.42066] linvel=[0.61396, 0.0798, -0.2305] z=0.0718
[lowlevel-sim] t=  32.50 mode=cmd        pd=6499 hold=5513 failclosed=0 rtf=0.616 base_z=+0.077 pitch=-1.385 roll=+0.665 |tau|max= 80.68 sat=7/29 knee_L=+0.187 hip_p_L=-0.245 torn=4845 cmd_age=21.1ms auth=11.0s rig_ign=800 fix_base=0 sat_j=left_ankle_roll_joint:-35.0,right_ankle_pitch_joint:+35.0,right_ankle_roll_joint:+35.0,left_wrist_roll_joint:-25.0,left_wrist_pitch_joint:-5.0,left_wrist_yaw_joint:-5.0
[lowlevel-sim][GT] t=32.510 quat=[-0.7445, -0.1824, 0.63017, -0.12385] angvel=[5.10044, -15.25825, -2.21599] linvel=[0.22915, -0.02225, 0.83967] z=0.0799
[lowlevel-sim][GT] t=32.565 quat=[-0.75189, -0.17976, 0.62495, -0.10856] angvel=[-3.87774, 10.62122, 1.05308] linvel=[0.53474, 0.07679, -0.86229] z=0.0747
[lowlevel-sim][GT] t=32.620 quat=[-0.71566, -0.17374, 0.66944, -0.0975] angvel=[4.82081, -13.79595, -3.58643] linvel=[0.26522, -0.2317, 0.83313] z=0.0676
[lowlevel-sim][GT] t=32.675 quat=[-0.73358, -0.15589, 0.65163, -0.11375] angvel=[-6.28365, 11.85532, 1.32113] linvel=[0.60493, 0.16144, -0.55521] z=0.0705
[lowlevel-sim][GT] t=32.730 quat=[-0.69533, -0.14951, 0.68826, -0.14301] angvel=[1.59208, -14.12436, -0.37076] linvel=[0.0835, 0.05097, 0.50419] z=0.0624
[lowlevel-sim][GT] t=32.785 quat=[-0.69571, -0.12854, 0.68777, -0.1626] angvel=[-2.50371, 16.11033, -0.34483] linvel=[0.35792, 0.1013, -0.37309] z=0.0626
[lowlevel-sim][GT] t=32.840 quat=[-0.6719, -0.13954, 0.70825, -0.1657] angvel=[3.81177, -13.85885, 1.96525] linvel=[-0.11939, 0.13887, 0.49221] z=0.0608
[lowlevel-sim][GT] t=32.895 quat=[-0.69607, -0.12533, 0.68362, -0.1801] angvel=[-3.3737, 16.08538, -1.78802] linvel=[0.14529, 0.13381, -0.43676] z=0.0656
[lowlevel-sim][GT] t=32.950 quat=[-0.65249, -0.11713, 0.72726, -0.17785] angvel=[-0.28438, -5.8691, 2.77113] linvel=[0.073, 0.245, 0.4577] z=0.0593
[lowlevel-sim][GT] t=33.005 quat=[-0.69414, -0.12744, 0.69104, -0.15618] angvel=[1.33761, 16.45251, -0.97592] linvel=[0.26554, 0.12578, -0.42031] z=0.0626
[lowlevel-sim][GT] t=33.060 quat=[-0.71753, -0.12847, 0.67203, -0.13047] angvel=[0.15642, -13.81088, 0.04984] linvel=[-0.08118, 0.20585, 0.88539] z=0.0734
[lowlevel-sim][GT] t=33.115 quat=[-0.77356, -0.17165, 0.60578, -0.07186] angvel=[6.28496, 6.89886, 0.00154] linvel=[0.48866, 0.16674, 0.22707] z=0.0981
[lowlevel-sim][GT] t=33.170 quat=[-0.77783, -0.19919, 0.59511, -0.03388] angvel=[6.47434, -7.83749, -4.26141] linvel=[0.4059, 0.08234, 0.76275] z=0.1276
[lowlevel-sim][GT] t=33.225 quat=[-0.79967, -0.24831, 0.5447, 0.04656] angvel=[-5.89126, 6.77362, 3.71606] linvel=[0.34203, 0.30711, -0.32246] z=0.1326
[lowlevel-sim][GT] t=33.280 quat=[-0.75847, -0.24523, 0.59761, 0.08626] angvel=[2.02343, -1.33415, -2.57725] linvel=[0.57518, -0.25212, 0.26626] z=0.1242
[lowlevel-sim][GT] t=33.335 quat=[-0.76714, -0.24532, 0.59201, 0.02914] angvel=[-10.36417, 8.0943, 10.90107] linvel=[0.37991, 0.27836, -0.81587] z=0.1173
[lowlevel-sim][GT] t=33.390 quat=[-0.729, -0.22754, 0.64559, 0.00341] angvel=[5.44165, -12.99604, -7.27874] linvel=[0.21575, -0.75961, 0.02003] z=0.0954
[lowlevel-sim][GT] t=33.445 quat=[-0.7371, -0.1551, 0.64892, -0.10737] angvel=[-13.06207, 5.71458, 5.06659] linvel=[0.19919, 0.40248, -0.56326] z=0.0674
[lowlevel-sim][GT] t=33.500 quat=[-0.68591, -0.14359, 0.69522, -0.15992] angvel=[10.84713, -13.89862, -0.98427] linvel=[0.06715, -0.06277, 0.481] z=0.0612
[lowlevel-sim][GT] t=33.555 quat=[-0.68601, -0.14558, 0.68686, -0.19081] angvel=[-10.76134, 10.36881, 1.21596] linvel=[0.20448, 0.42395, -0.55941] z=0.0671
[lowlevel-sim][GT] t=33.610 quat=[-0.63717, -0.18881, 0.72389, -0.18535] angvel=[4.13103, -2.77772, -0.31014] linvel=[0.10863, -0.03532, 0.4201] z=0.0616
[lowlevel-sim][GT] t=33.665 quat=[-0.66875, -0.21771, 0.68359, -0.19515] angvel=[-9.05549, 10.49412, 2.18882] linvel=[0.26175, 0.06202, -0.62562] z=0.0630
[lowlevel-sim][GT] t=33.720 quat=[-0.69056, -0.22683, 0.66057, -0.18795] angvel=[7.01983, -8.33289, -1.64922] linvel=[-0.03244, -0.25461, 0.44553] z=0.0637
[lowlevel-sim][GT] t=33.775 quat=[-0.70544, -0.21705, 0.63808, -0.21931] angvel=[-10.11927, 6.34005, 2.30754] linvel=[0.49395, 0.15171, -0.10571] z=0.0820
[lowlevel-sim][GT] t=33.830 quat=[-0.66722, -0.21676, 0.67768, -0.22042] angvel=[4.27988, -0.48568, -1.05529] linvel=[0.39954, -0.07622, 0.17363] z=0.0761
[lowlevel-sim][GT] t=33.885 quat=[-0.64378, -0.24877, 0.69111, -0.21453] angvel=[-5.84949, 4.81352, 1.02054] linvel=[0.17726, 0.15627, -0.32737] z=0.0620
[lowlevel-sim][GT] t=33.940 quat=[-0.61774, -0.31775, 0.70235, -0.15537] angvel=[7.03322, -0.88714, -2.04952] linvel=[-0.05961, -0.54496, 0.71231] z=0.0677
[lowlevel-sim][GT] t=33.995 quat=[-0.61556, -0.34312, 0.70225, -0.10094] angvel=[-6.7085, -0.16022, 0.64716] linvel=[0.01475, -0.08587, -0.14962] z=0.0710
[lowlevel-sim][GT] t=34.050 quat=[-0.59814, -0.31878, 0.72996, -0.08813] angvel=[11.26977, -11.64331, -6.39385] linvel=[0.0868, -0.76488, 0.41237] z=0.0691
[lowlevel-sim][GT] t=34.105 quat=[-0.59308, -0.27612, 0.74555, -0.12712] angvel=[-9.24725, 4.54164, 2.24653] linvel=[0.11062, 0.17904, -0.39812] z=0.0708
[lowlevel-sim][GT] t=34.160 quat=[-0.58528, -0.25559, 0.75698, -0.13821] angvel=[8.7797, -9.63092, -2.57547] linvel=[-0.05048, -0.3007, 0.18146] z=0.0673
[lowlevel-sim][GT] t=34.215 quat=[-0.6843, -0.22167, 0.66832, -0.1896] angvel=[-13.28618, 13.46108, 1.9043] linvel=[0.18705, 0.29059, -1.24255] z=0.0642
[lowlevel-sim][GT] t=34.270 quat=[-0.65127, -0.25514, 0.69582, -0.16305] angvel=[6.8487, -4.44242, -1.12525] linvel=[0.13366, -0.09819, 0.83733] z=0.0602
[lowlevel-sim][GT] t=34.325 quat=[-0.66262, -0.23063, 0.68801, -0.18541] angvel=[-13.05967, 11.31753, 1.52079] linvel=[0.25679, 0.24285, -0.60504] z=0.0671
[lowlevel-sim][GT] t=34.380 quat=[-0.64027, -0.22018, 0.71739, -0.16413] angvel=[9.67608, -12.04276, -1.87207] linvel=[-0.03487, -0.10597, 0.54996] z=0.0609
[lowlevel-sim][GT] t=34.435 quat=[-0.69438, -0.18703, 0.66598, -0.1983] angvel=[-10.80456, 8.33444, 1.60811] linvel=[0.39753, 0.37784, -0.36578] z=0.0612
[lowlevel-sim][GT] t=34.490 quat=[-0.69251, -0.21491, 0.66691, -0.17169] angvel=[13.7377, -11.12222, -1.03383] linvel=[0.39162, -0.09979, 0.30339] z=0.0629
[lowlevel-sim][GT] t=34.545 quat=[-0.73657, -0.18081, 0.61907, -0.2038] angvel=[-14.27501, 12.48661, 1.52678] linvel=[0.40945, 0.45142, -0.4459] z=0.0768
[lowlevel-sim][GT] t=34.600 quat=[-0.72116, -0.17142, 0.64223, -0.19514] angvel=[10.73079, -11.03815, -1.64586] linvel=[0.28864, 0.25984, 0.46679] z=0.0772
[lowlevel-sim][GT] t=34.655 quat=[-0.72533, -0.14254, 0.64185, -0.20398] angvel=[-4.03283, -0.37361, 1.46881] linvel=[0.45366, 0.42689, 0.03732] z=0.0697
[lowlevel-sim][GT] t=34.710 quat=[-0.67062, -0.19561, 0.69314, -0.17768] angvel=[15.80062, -12.37181, 0.2765] linvel=[0.44637, -0.1018, 0.72928] z=0.0584
[lowlevel-sim][GT] t=34.765 quat=[-0.64928, -0.21466, 0.7041, -0.19134] angvel=[-9.31436, 8.14148, 2.15246] linvel=[0.22592, 0.46798, -0.47827] z=0.0644
[lowlevel-sim][GT] t=34.820 quat=[-0.58173, -0.25387, 0.76025, -0.1384] angvel=[11.5467, -4.36491, -0.55996] linvel=[-0.10065, -0.55463, 1.0526] z=0.0677
[lowlevel-sim][GT] t=34.875 quat=[-0.49606, -0.27055, 0.81741, -0.11213] angvel=[-5.67374, -1.80327, -1.16514] linvel=[-0.06957, 0.12077, 0.38092] z=0.0945
[lowlevel-sim][GT] t=34.930 quat=[-0.46032, -0.25861, 0.84292, -0.10346] angvel=[4.14462, 1.90569, 2.24386] linvel=[-0.04675, -0.13144, 0.326] z=0.1151
[lowlevel-sim][GT] t=34.985 quat=[-0.45335, -0.20402, 0.8598, -0.11655] angvel=[-4.5957, -1.97581, -4.46948] linvel=[0.01897, -0.11597, -0.05832] z=0.1209
[lowlevel-sim] t=  35.00 mode=cmd        pd=6999 hold=5513 failclosed=0 rtf=0.623 base_z=+0.121 pitch=-0.972 roll=-3.133 |tau|max= 60.73 sat=8/29 knee_L=-0.057 hip_p_L=-0.033 torn=4904 cmd_age=60.6ms auth=14.4s rig_ign=800 fix_base=0 sat_j=left_ankle_pitch_joint:+35.0,right_ankle_roll_joint:+35.0,left_wrist_roll_joint:+25.0,left_wrist_pitch_joint:+5.0,left_wrist_yaw_joint:-5.0,right_wrist_roll_joint:+25.0
[lowlevel-sim][GT] t=35.040 quat=[-0.45572, -0.19319, 0.86159, -0.11251] angvel=[3.024, 0.50892, 2.13622] linvel=[-0.13307, -0.23532, 0.0315] z=0.1180
[lowlevel-sim][GT] t=35.095 quat=[-0.48116, -0.18981, 0.84859, -0.11111] angvel=[-4.1075, 5.33877, -1.36666] linvel=[0.27816, -0.07103, -0.43179] z=0.1117
[lowlevel-sim][GT] t=35.150 quat=[-0.4881, -0.21774, 0.83971, -0.09608] angvel=[4.25655, -5.25239, -0.17477] linvel=[-0.20378, -0.41126, -0.16886] z=0.0943
[lowlevel-sim][GT] t=35.205 quat=[-0.55413, -0.22709, 0.79497, -0.09693] angvel=[-8.29741, 9.57442, 0.50179] linvel=[0.41059, 0.04702, -0.75152] z=0.0757
[lowlevel-sim][GT] t=35.260 quat=[-0.58793, -0.19016, 0.77773, -0.11542] angvel=[2.79745, -2.89548, -1.59355] linvel=[0.04063, -0.05496, 0.08678] z=0.0662
[lowlevel-sim][GT] t=35.315 quat=[-0.64246, -0.07702, 0.73575, -0.19995] angvel=[-12.24861, 7.66384, -2.42719] linvel=[0.18534, -0.20895, -0.30117] z=0.0651
[lowlevel-sim][GT] t=35.370 quat=[-0.6285, -0.08769, 0.74343, -0.21122] angvel=[13.29605, -10.5243, 2.94469] linvel=[-0.26704, -0.07084, 0.47938] z=0.0659
[lowlevel-sim][GT] t=35.425 quat=[-0.63825, -0.12129, 0.73372, -0.19894] angvel=[-6.66328, 9.40742, 0.81023] linvel=[0.16761, 0.23714, -0.23732] z=0.0667
[lowlevel-sim][GT] t=35.480 quat=[-0.5796, -0.15336, 0.78083, -0.17561] angvel=[10.0094, -10.20785, 0.25785] linvel=[-0.32956, -0.06671, 0.55833] z=0.0664
[lowlevel-sim][GT] t=35.535 quat=[-0.6295, -0.14557, 0.73929, -0.18969] angvel=[-11.01261, 13.18632, -0.10788] linvel=[0.23134, -0.22624, -0.63864] z=0.0691
[lowlevel-sim][GT] t=35.590 quat=[-0.60924, -0.17478, 0.75529, -0.16681] angvel=[5.79825, -3.73158, -1.2747] linvel=[0.03904, -0.18575, 0.71338] z=0.0649
[lowlevel-sim][GT] t=35.645 quat=[-0.61015, -0.18173, 0.75463, -0.15882] angvel=[-7.70229, 8.74332, 1.11809] linvel=[0.11117, 0.14384, -0.46145] z=0.0691
[lowlevel-sim][GT] t=35.700 quat=[-0.626, -0.18936, 0.74045, -0.15492] angvel=[4.01831, -0.4412, -1.28157] linvel=[-0.00494, -0.05188, 0.26871] z=0.0639
[lowlevel-sim][GT] t=35.755 quat=[-0.69065, -0.19441, 0.68049, -0.14879] angvel=[-10.50564, 14.17322, 1.90247] linvel=[0.24245, 0.05325, -0.40336] z=0.0635
[lowlevel-sim][GT] t=35.810 quat=[-0.66904, -0.23685, 0.69974, -0.08158] angvel=[6.56253, -5.24507, -2.88903] linvel=[0.20199, -0.15068, 0.66966] z=0.0616
[lowlevel-sim][GT] t=35.865 quat=[-0.69563, -0.23356, 0.66896, -0.11847] angvel=[-14.64939, 12.8039, 5.27494] linvel=[0.17825, 0.17733, -0.72934] z=0.0680
[lowlevel-sim][GT] t=35.920 quat=[-0.68714, -0.20557, 0.68293, -0.13852] angvel=[10.4578, -10.62821, -2.77417] linvel=[0.10988, -0.14773, 0.20149] z=0.0603
[lowlevel-sim][GT] t=35.975 quat=[-0.68722, -0.18904, 0.68488, -0.15143] angvel=[-11.63228, 7.02059, 0.89139] linvel=[0.25144, 0.32952, -0.40153] z=0.0706
[lowlevel-sim][GT] t=36.030 quat=[-0.6319, -0.2037, 0.7358, -0.13341] angvel=[2.39911, -8.58247, -1.13881] linvel=[-0.07243, -0.02686, 0.70769] z=0.0610
[lowlevel-sim][GT] t=36.085 quat=[-0.64509, -0.19288, 0.72302, -0.15457] angvel=[-4.56479, 18.48065, 1.14263] linvel=[0.16386, 0.18937, -0.55325] z=0.0693
[lowlevel-sim][GT] t=36.140 quat=[-0.63564, -0.20262, 0.7289, -0.15366] angvel=[3.66112, -16.8132, -0.84132] linvel=[-0.23117, 0.21641, 0.73251] z=0.0645
[lowlevel-sim][GT] t=36.195 quat=[-0.61902, -0.19624, 0.74333, -0.16054] angvel=[-3.78825, 9.80977, -0.46163] linvel=[0.26576, 0.03368, -0.36928] z=0.0712
[lowlevel-sim][GT] t=36.250 quat=[-0.61879, -0.19508, 0.74449, -0.15742] angvel=[2.88298, -2.96972, 0.15237] linvel=[-0.08677, -0.04994, 0.28396] z=0.0625
[lowlevel-sim][GT] t=36.305 quat=[-0.6965, -0.1997, 0.6716, -0.15482] angvel=[-9.02073, 13.43742, 1.72675] linvel=[0.16205, 0.11668, -0.72723] z=0.0610
[lowlevel-sim][GT] t=36.360 quat=[-0.64552, -0.22036, 0.71947, -0.13083] angvel=[7.18758, -14.9694, -1.91132] linvel=[-0.17942, -0.16517, 0.85444] z=0.0616
[lowlevel-sim][GT] t=36.415 quat=[-0.63836, -0.19994, 0.72019, -0.184] angvel=[-5.39182, 6.72583, 0.97438] linvel=[0.09064, 0.02779, -0.45906] z=0.0681
[lowlevel-sim][GT] t=36.470 quat=[-0.56586, -0.19453, 0.77574, -0.20047] angvel=[7.6486, -11.60902, 0.58031] linvel=[-0.28162, -0.0074, 0.64696] z=0.0725
[lowlevel-sim][GT] t=36.525 quat=[-0.60777, -0.18204, 0.745, -0.20604] angvel=[-7.82508, 11.38599, -0.78366] linvel=[0.18216, 0.02057, -0.72519] z=0.0681
[lowlevel-sim][GT] t=36.580 quat=[-0.61449, -0.19099, 0.74075, -0.19291] angvel=[2.1224, -4.03737, 0.15093] linvel=[-0.04434, -0.03395, 0.46604] z=0.0622
[lowlevel-sim][GT] t=36.635 quat=[-0.66532, -0.18645, 0.69211, -0.20872] angvel=[-9.14559, 12.57931, 0.36366] linvel=[0.1926, 0.07431, -0.91383] z=0.0629
[lowlevel-sim][GT] t=36.690 quat=[-0.66192, -0.24081, 0.69121, -0.16155] angvel=[8.56306, -8.6635, -1.94907] linvel=[0.17688, -0.2157, 0.78015] z=0.0579
[lowlevel-sim][GT] t=36.745 quat=[-0.68095, -0.26228, 0.66127, -0.17388] angvel=[-13.50172, 12.19258, 4.3273] linvel=[0.20381, -0.01856, -0.62897] z=0.0644
[lowlevel-sim][GT] t=36.800 quat=[-0.6597, -0.30824, 0.66966, -0.14612] angvel=[9.87885, -4.75506, -3.00156] linvel=[0.21749, -0.03347, 0.50238] z=0.0589
[lowlevel-sim][GT] t=36.855 quat=[-0.6759, -0.30474, 0.65135, -0.16137] angvel=[-10.57127, 4.43471, -0.0067] linvel=[0.21616, 0.24646, -0.22626] z=0.0635
[lowlevel-sim][GT] t=36.910 quat=[-0.64021, -0.33788, 0.67937, -0.12015] angvel=[10.68397, -6.24662, -3.66385] linvel=[0.12175, -0.15574, 0.27866] z=0.0623
[lowlevel-sim][GT] t=36.965 quat=[-0.66063, -0.34616, 0.64669, -0.15976] angvel=[-15.17447, 5.29266, 6.33499] linvel=[-0.06634, 0.32025, -0.56138] z=0.0683
[lowlevel-sim][GT] t=37.020 quat=[-0.60658, -0.38675, 0.68632, -0.107] angvel=[11.49604, -1.47979, -3.17077] linvel=[0.09623, -0.24575, 0.51052] z=0.0668
[lowlevel-sim][GT] t=37.075 quat=[-0.59089, -0.41829, 0.68176, -0.10533] angvel=[-10.90108, 0.86583, 4.59076] linvel=[-0.14033, 0.27305, -0.28292] z=0.0764
[lowlevel-sim][GT] t=37.130 quat=[-0.5841, -0.43225, 0.68143, -0.08743] angvel=[7.64791, -0.5112, -2.48421] linvel=[-0.13156, -0.12771, 0.20339] z=0.0775
[lowlevel-sim][GT] t=37.185 quat=[-0.59678, -0.41056, 0.67581, -0.13632] angvel=[-13.65486, 0.83452, 5.28384] linvel=[-0.16136, 0.29279, -0.78288] z=0.0723
[lowlevel-sim][GT] t=37.240 quat=[-0.60044, -0.40073, 0.6765, -0.14571] angvel=[12.88971, -2.47059, -4.69526] linvel=[0.10161, -0.17176, 0.15292] z=0.0657
[lowlevel-sim][GT] t=37.295 quat=[-0.6375, -0.3575, 0.63896, -0.23983] angvel=[-19.57454, 1.39508, 6.10516] linvel=[-0.02111, 0.14725, -0.93371] z=0.0633
[lowlevel-sim][GT] t=37.350 quat=[-0.63126, -0.37174, 0.63943, -0.23335] angvel=[13.05962, -3.55962, -3.52844] linvel=[0.15525, -0.1018, 0.17425] z=0.0595
[lowlevel-sim][GT] t=37.405 quat=[-0.65253, -0.36175, 0.6184, -0.24685] angvel=[-12.94215, 1.70558, 4.09531] linvel=[-0.06949, 0.26414, -0.35285] z=0.0614
[lowlevel-sim][GT] t=37.460 quat=[-0.64039, -0.3767, 0.63076, -0.22392] angvel=[4.86129, 2.84517, -2.85092] linvel=[0.22033, 0.05427, 0.20511] z=0.0588
[lowlevel-sim] t=  37.50 mode=cmd        pd=7499 hold=5513 failclosed=0 rtf=0.626 base_z=+0.059 pitch=-1.323 roll=+2.003 |tau|max= 88.00 sat=10/29 knee_L=-0.087 hip_p_L=+0.245 torn=4952 cmd_age=57.7ms auth=18.1s rig_ign=800 fix_base=0 sat_j=left_hip_pitch_joint:+88.0,left_ankle_pitch_joint:+35.0,left_ankle_roll_joint:+35.0,right_ankle_pitch_joint:+35.0,left_wrist_roll_joint:+25.0,left_wrist_pitch_joint:-5.0
[lowlevel-sim][GT] t=37.515 quat=[-0.64692, -0.36816, 0.62474, -0.2359] angvel=[-13.11849, 0.71477, 3.81559] linvel=[0.11145, 0.11581, -0.33005] z=0.0617
[lowlevel-sim][GT] t=37.570 quat=[-0.63018, -0.37169, 0.64093, -0.23223] angvel=[8.206, 4.07936, -2.20848] linvel=[0.28672, -0.08133, 0.40897] z=0.0603
[lowlevel-sim][GT] t=37.625 quat=[-0.63429, -0.38633, 0.63104, -0.22407] angvel=[-11.1605, 0.05186, 4.42777] linvel=[-0.02361, 0.14383, -0.52858] z=0.0617
[lowlevel-sim][GT] t=37.680 quat=[-0.62539, -0.41572, 0.6331, -0.18772] angvel=[13.80807, -3.22285, -5.33925] linvel=[0.37628, -0.29814, 0.51439] z=0.0626
[lowlevel-sim][GT] t=37.735 quat=[-0.63426, -0.40924, 0.62027, -0.21332] angvel=[-13.41856, 0.7267, 4.44799] linvel=[0.03088, -0.02379, -0.32665] z=0.0654
[lowlevel-sim][GT] t=37.790 quat=[-0.61222, -0.44426, 0.63082, -0.17289] angvel=[6.65052, -0.60546, -4.3149] linvel=[0.29962, -0.35341, 0.49717] z=0.0640
[lowlevel-sim][GT] t=37.845 quat=[-0.61508, -0.43132, 0.61874, -0.22978] angvel=[-13.19456, 0.51496, 5.31424] linvel=[0.01108, -0.11857, -0.73738] z=0.0641
[lowlevel-sim][GT] t=37.900 quat=[-0.60952, -0.45348, 0.61958, -0.19742] angvel=[9.82637, 1.44861, -3.8129] linvel=[0.151, -0.28677, 0.06543] z=0.0642
[lowlevel-sim][GT] t=37.955 quat=[-0.61354, -0.44984, 0.61236, -0.21501] angvel=[-6.65423, -1.01714, 2.88124] linvel=[-0.08963, -0.00609, -0.10498] z=0.0649
[lowlevel-sim][GT] t=38.010 quat=[-0.6165, -0.44555, 0.6128, -0.21422] angvel=[6.47037, 5.65227, -1.71871] linvel=[0.07751, -0.08144, -0.08863] z=0.0663
[lowlevel-sim][GT] t=38.065 quat=[-0.61778, -0.4195, 0.61983, -0.24121] angvel=[-9.68477, -1.0453, 3.3524] linvel=[0.07526, 0.13936, -0.14645] z=0.0641
[lowlevel-sim][GT] t=38.120 quat=[-0.59596, -0.43855, 0.64558, -0.18904] angvel=[12.95047, 0.3005, -4.80574] linvel=[0.371, -0.36202, 0.28094] z=0.0648
[lowlevel-sim][GT] t=38.175 quat=[-0.61927, -0.4168, 0.61929, -0.24343] angvel=[-18.6366, 0.03913, 6.70151] linvel=[0.09918, 0.10246, -0.90132] z=0.0653
[lowlevel-sim][GT] t=38.230 quat=[-0.6062, -0.44933, 0.62867, -0.18813] angvel=[6.86947, 4.06414, -3.25417] linvel=[0.35387, -0.01102, 0.41283] z=0.0672
[lowlevel-sim] FAIL-CLOSED engaged at t=38.260s, last command age 91.73 ms (deadline <= 100 ms) PASS
[lowlevel-sim][GT] t=38.285 quat=[-0.62407, -0.44451, 0.61659, -0.181] angvel=[-12.36122, -2.77754, 3.39034] linvel=[0.21551, 0.03125, -0.27346] z=0.0752
[lowlevel-sim] COMMANDED at t=38.300s (was fail-closed)
[lowlevel-sim][GT] t=38.340 quat=[-0.60231, -0.40736, 0.64606, -0.23213] angvel=[2.09543, -12.0437, -4.01257] linvel=[-0.00096, 0.04162, 0.18232] z=0.0641
[lowlevel-sim][GT] t=38.395 quat=[-0.59952, -0.30851, 0.65563, -0.33992] angvel=[4.98178, 1.97299, 0.99986] linvel=[-0.09081, 0.06419, 0.35475] z=0.0592
[lowlevel-sim][GT] t=38.450 quat=[-0.57582, -0.33295, 0.67463, -0.32008] angvel=[-7.93914, 2.686, 0.80484] linvel=[-0.16223, 0.34383, -0.3664] z=0.0692
[lowlevel-sim][GT] t=38.505 quat=[-0.55655, -0.39044, 0.68011, -0.27433] angvel=[7.54267, 1.95895, -0.12935] linvel=[0.06321, -0.11638, 0.33638] z=0.0647
[lowlevel-sim][GT] t=38.560 quat=[-0.55595, -0.38869, 0.67572, -0.2885] angvel=[-7.9182, -3.67077, 0.60952] linvel=[-0.13993, 0.13868, -0.22919] z=0.0668
[lowlevel-sim][GT] t=38.615 quat=[-0.55137, -0.37589, 0.68639, -0.28907] angvel=[6.02494, 1.8728, -1.55235] linvel=[0.07384, -0.02002, 0.12562] z=0.0643
[lowlevel-sim][GT] t=38.670 quat=[-0.56512, -0.32596, 0.67757, -0.33955] angvel=[-15.18488, 3.65684, -0.87503] linvel=[0.20854, 0.219, -0.80123] z=0.0672
[lowlevel-sim][GT] t=38.725 quat=[-0.5797, -0.30606, 0.68442, -0.31914] angvel=[15.98835, -6.348, -0.90734] linvel=[-0.02163, -0.26156, 0.08078] z=0.0650
[lowlevel-sim][GT] t=38.780 quat=[-0.64538, -0.24995, 0.63271, -0.3474] angvel=[-2.2273, 1.33995, -1.12419] linvel=[0.03976, 0.17259, 0.10231] z=0.0625
[lowlevel-sim][GT] t=38.835 quat=[-0.63069, -0.26232, 0.65102, -0.33104] angvel=[14.1396, -8.3868, 1.12067] linvel=[-0.04305, -0.05926, 0.29067] z=0.0639
[lowlevel-sim][GT] t=38.890 quat=[-0.64714, -0.27512, 0.63509, -0.31965] angvel=[-12.31025, 4.58543, -0.24003] linvel=[-0.01351, 0.10831, -0.54295] z=0.0656
[lowlevel-sim][GT] t=38.945 quat=[-0.59304, -0.29641, 0.68946, -0.2917] angvel=[2.95726, -2.9866, -0.50735] linvel=[-0.03222, -0.02915, 0.52964] z=0.0614
[lowlevel-sim][GT] t=39.000 quat=[-0.64067, -0.26244, 0.64582, -0.32184] angvel=[-15.81227, 9.36329, -0.92354] linvel=[0.17121, 0.13015, -0.97688] z=0.0654
[lowlevel-sim][GT] t=39.055 quat=[-0.6862, -0.23645, 0.595, -0.34527] angvel=[-5.7827, 9.94604, -1.18685] linvel=[-0.10583, 0.15777, -0.18174] z=0.0760
[lowlevel-sim][GT] t=39.110 quat=[-0.72014, -0.23126, 0.55946, -0.339] angvel=[-3.41141, -2.28173, -0.59645] linvel=[-0.00178, 0.18506, 0.37381] z=0.0998
[lowlevel-sim][GT] t=39.165 quat=[-0.70812, -0.22629, 0.58241, -0.32886] angvel=[7.46286, 1.62665, 0.12673] linvel=[0.04573, 0.37843, 0.45293] z=0.1185
[lowlevel-sim][GT] t=39.220 quat=[-0.68081, -0.16671, 0.61038, -0.36897] angvel=[-13.42429, -1.39078, -1.21832] linvel=[0.29251, 0.34404, -0.60424] z=0.1191
[lowlevel-sim][GT] t=39.275 quat=[-0.64603, -0.1942, 0.64922, -0.35134] angvel=[15.15052, -5.28542, 3.11258] linvel=[-0.00675, 0.21673, -0.22099] z=0.0831
[lowlevel-sim][GT] t=39.330 quat=[-0.67552, -0.25504, 0.62096, -0.30501] angvel=[-5.29145, 0.92376, 0.21513] linvel=[0.06048, 0.36049, 0.22309] z=0.0658
[lowlevel-sim][GT] t=39.385 quat=[-0.63546, -0.29483, 0.66012, -0.27113] angvel=[10.63555, 0.22968, -0.70184] linvel=[0.04415, -0.00998, 0.19227] z=0.0564
[lowlevel-sim][GT] t=39.440 quat=[-0.67126, -0.32335, 0.61551, -0.2569] angvel=[-8.82661, 4.41557, 2.10437] linvel=[0.08582, 0.4001, -0.08482] z=0.0630
[lowlevel-sim][GT] t=39.495 quat=[-0.63109, -0.33994, 0.65477, -0.23969] angvel=[11.53584, -5.79036, -2.9812] linvel=[0.18883, -0.02443, 0.47445] z=0.0599
[lowlevel-sim][GT] t=39.550 quat=[-0.63204, -0.30388, 0.65096, -0.29059] angvel=[-14.60747, 4.70007, 1.60939] linvel=[0.32569, 0.22923, -0.57611] z=0.0621
[lowlevel-sim][GT] t=39.605 quat=[-0.60167, -0.31737, 0.68235, -0.26771] angvel=[14.55304, -5.2075, -1.4291] linvel=[0.0562, -0.20229, 0.46195] z=0.0639
[lowlevel-sim][GT] t=39.660 quat=[-0.63199, -0.31, 0.6548, -0.27519] angvel=[-17.05023, 9.27456, 1.78273] linvel=[0.13335, 0.19224, -0.49968] z=0.0655
[lowlevel-sim][GT] t=39.715 quat=[-0.67674, -0.31221, 0.60108, -0.28854] angvel=[11.20779, 4.06429, 0.1567] linvel=[-0.01377, 0.06884, 0.36885] z=0.0676
[lowlevel-sim][GT] t=39.770 quat=[-0.70122, -0.27338, 0.56065, -0.34531] angvel=[-11.97446, -5.38434, 0.83248] linvel=[0.20118, 0.33864, -0.15078] z=0.0827
[lowlevel-sim][GT] t=39.825 quat=[-0.69886, -0.30094, 0.553, -0.33944] angvel=[5.79426, 8.98193, 0.87126] linvel=[0.14956, 0.66974, -0.05899] z=0.0845
[lowlevel-sim][GT] t=39.880 quat=[-0.67423, -0.29993, 0.57692, -0.35015] angvel=[-7.69563, -9.91378, -0.32471] linvel=[0.38869, 0.57931, -0.3237] z=0.0764
[lowlevel-sim][GT] t=39.935 quat=[-0.66469, -0.32683, 0.58833, -0.32441] angvel=[7.53787, 8.53587, 0.19647] linvel=[0.11966, 0.57695, -0.05447] z=0.0656
[lowlevel-sim][GT] t=39.990 quat=[-0.62887, -0.28587, 0.63134, -0.35244] angvel=[-5.02499, -10.18513, -0.97979] linvel=[0.03691, 0.20975, 0.06262] z=0.0613
[lowlevel-sim] t=  40.00 mode=cmd        pd=7999 hold=5513 failclosed=8 rtf=0.632 base_z=+0.060 pitch=-1.485 roll=-1.346 |tau|max=134.29 sat=8/29 knee_L=+0.043 hip_p_L=-0.059 torn=5015 cmd_age=26.5ms auth=21.5s rig_ign=800 fix_base=0 sat_j=left_ankle_pitch_joint:-35.0,left_ankle_roll_joint:-35.0,right_hip_pitch_joint:+88.0,right_ankle_pitch_joint:+35.0,right_ankle_roll_joint:-35.0,left_wrist_pitch_joint:-5.0
[lowlevel-sim][GT] t=40.045 quat=[-0.62114, -0.27952, 0.64453, -0.34734] angvel=[0.72223, 8.88028, -0.8438] linvel=[0.13531, 0.08792, -0.00016] z=0.0586
[lowlevel-sim][GT] t=40.100 quat=[-0.59229, -0.26741, 0.67496, -0.34945] angvel=[-2.37112, -7.87146, 0.09315] linvel=[0.07172, 0.19604, 0.18935] z=0.0583
[lowlevel-sim][GT] t=40.155 quat=[-0.60943, -0.27455, 0.66678, -0.32958] angvel=[-2.00907, 9.70694, -0.07679] linvel=[-0.00664, 0.08308, -0.21108] z=0.0608
[lowlevel-sim][GT] t=40.210 quat=[-0.55818, -0.2344, 0.71194, -0.35587] angvel=[2.2457, -10.0215, 1.8026] linvel=[-0.09505, 0.13106, 0.40857] z=0.0628
[lowlevel-sim][GT] t=40.265 quat=[-0.57168, -0.20833, 0.71199, -0.3505] angvel=[-2.867, 13.75378, -4.38153] linvel=[0.02931, -0.0219, -0.11016] z=0.0687
[lowlevel-sim][GT] t=40.320 quat=[-0.55253, -0.24432, 0.73589, -0.30576] angvel=[3.31608, -6.85144, 2.37586] linvel=[-0.05246, 0.10625, 0.59694] z=0.0644
[lowlevel-sim][GT] t=40.375 quat=[-0.57874, -0.24568, 0.72861, -0.27173] angvel=[-3.63706, 8.57745, -1.35479] linvel=[0.27507, -0.13415, -0.39018] z=0.0700
[lowlevel-sim][GT] t=40.430 quat=[-0.57761, -0.25309, 0.72546, -0.27572] angvel=[1.43203, -3.87686, 0.79298] linvel=[0.11539, -0.1632, 0.12662] z=0.0652
[lowlevel-sim][GT] t=40.485 quat=[-0.60511, -0.25556, 0.7014, -0.2767] angvel=[-3.64517, 9.60954, -0.67075] linvel=[0.18907, -0.14345, -0.48672] z=0.0646
[lowlevel-sim][GT] t=40.540 quat=[-0.5926, -0.29124, 0.70636, -0.25508] angvel=[6.84211, -9.34632, 0.81756] linvel=[0.0224, -0.17526, 0.52109] z=0.0634
[lowlevel-sim][GT] t=40.595 quat=[-0.61056, -0.31505, 0.67767, -0.26215] angvel=[-5.60779, 9.02909, 0.2966] linvel=[0.28015, 0.05778, -0.15179] z=0.0682
[lowlevel-sim][GT] t=40.650 quat=[-0.60539, -0.33289, 0.672, -0.26665] angvel=[7.83507, -10.73717, 0.24989] linvel=[0.08546, -0.08663, 0.14317] z=0.0618
[lowlevel-sim][GT] t=40.705 quat=[-0.64267, -0.34073, 0.62183, -0.29018] angvel=[-6.52931, 2.51619, 0.67336] linvel=[0.34743, 0.18891, -0.04591] z=0.0585
[lowlevel-sim][GT] t=40.760 quat=[-0.63388, -0.33726, 0.62351, -0.30934] angvel=[9.00396, -11.59681, -0.59248] linvel=[-0.02621, 0.15024, 0.23918] z=0.0644
[lowlevel-sim][GT] t=40.815 quat=[-0.6387, -0.31982, 0.61391, -0.33599] angvel=[-9.31564, 10.9964, 0.37822] linvel=[0.35663, 0.27477, -0.48948] z=0.0608
[lowlevel-sim][GT] t=40.870 quat=[-0.61347, -0.34399, 0.62962, -0.33001] angvel=[11.5801, -12.03872, 1.82746] linvel=[-0.06393, 0.15792, 0.23964] z=0.0584
[lowlevel-sim][GT] t=40.925 quat=[-0.65262, -0.35198, 0.58312, -0.33191] angvel=[-14.21813, 14.3337, -0.2603] linvel=[0.49176, 0.2939, -0.67167] z=0.0666
[lowlevel-sim][GT] t=40.980 quat=[-0.64401, -0.34664, 0.58737, -0.34655] angvel=[6.27134, -9.03811, 0.59126] linvel=[0.30582, 0.33662, 0.40541] z=0.0660
[lowlevel-sim][GT] t=41.035 quat=[-0.64652, -0.33737, 0.5812, -0.36111] angvel=[-7.28151, 7.65356, -0.62844] linvel=[0.60077, 0.2936, -0.51912] z=0.0716
[lowlevel-sim][GT] t=41.090 quat=[-0.60742, -0.35804, 0.60956, -0.36233] angvel=[9.99504, -10.04334, 1.44642] linvel=[-0.07293, 0.41435, 0.6536] z=0.0686
[lowlevel-sim][GT] t=41.145 quat=[-0.6318, -0.37793, 0.57846, -0.35126] angvel=[-10.2173, 3.27653, -0.0004] linvel=[0.5916, 0.52431, -0.07327] z=0.0621
[lowlevel-sim][GT] t=41.200 quat=[-0.63403, -0.36899, 0.56313, -0.38045] angvel=[4.91695, -0.14538, 0.82424] linvel=[0.28709, 0.5682, 0.52667] z=0.0682
[lowlevel-sim][GT] t=41.255 quat=[-0.6218, -0.32556, 0.57295, -0.42321] angvel=[-9.61859, -4.90255, -0.75482] linvel=[0.35499, 0.64726, -0.45107] z=0.0697
[lowlevel-sim][GT] t=41.310 quat=[-0.63007, -0.32173, 0.56806, -0.42048] angvel=[-10.19477, 10.33759, -1.98245] linvel=[0.38746, 0.73165, -0.62215] z=0.0753
[lowlevel-sim][GT] t=41.365 quat=[-0.60307, -0.31972, 0.58672, -0.4357] angvel=[9.23906, -10.84435, 3.45976] linvel=[0.14521, 0.29467, 0.78363] z=0.0754
[lowlevel-sim][GT] t=41.420 quat=[-0.62598, -0.32677, 0.55513, -0.43954] angvel=[-11.42718, 6.51501, -1.9719] linvel=[0.31409, 0.57575, -0.2091] z=0.0774
[lowlevel-sim][GT] t=41.475 quat=[-0.57188, -0.37991, 0.61117, -0.39381] angvel=[13.65089, -5.22767, 1.98781] linvel=[0.08294, 0.09578, 0.27376] z=0.0666
[lowlevel-sim][GT] t=41.530 quat=[-0.59257, -0.39447, 0.58257, -0.39225] angvel=[-7.69412, 6.18977, 1.06035] linvel=[0.39745, 0.36758, -0.05312] z=0.0586
[lowlevel-sim][GT] t=41.585 quat=[-0.54871, -0.41579, 0.62015, -0.3761] angvel=[3.81341, -2.51527, 1.63358] linvel=[0.06596, -0.02523, 0.58838] z=0.0596
[lowlevel-sim][GT] t=41.640 quat=[-0.59559, -0.38438, 0.58043, -0.40079] angvel=[-10.87369, 9.69346, -0.91446] linvel=[0.16518, 0.16663, -0.47864] z=0.0607
[lowlevel-sim][GT] t=41.695 quat=[-0.56364, -0.41118, 0.60379, -0.38558] angvel=[2.93012, -4.97287, 1.19959] linvel=[0.11768, 0.18918, 0.47107] z=0.0573
[lowlevel-sim][GT] t=41.750 quat=[-0.62957, -0.36796, 0.56151, -0.3911] angvel=[0.38868, -2.04851, -2.44426] linvel=[0.21837, 0.04034, 0.13674] z=0.0660
[lowlevel-sim][GT] t=41.805 quat=[-0.66821, -0.36781, 0.53757, -0.3595] angvel=[-11.11924, 6.60122, 1.51106] linvel=[0.16974, 0.45561, -0.66539] z=0.0730
[lowlevel-sim][GT] t=41.860 quat=[-0.64161, -0.39995, 0.57894, -0.30531] angvel=[14.74516, -1.84576, -3.70083] linvel=[0.2686, 0.16181, 0.64997] z=0.0654
[lowlevel-sim][GT] t=41.915 quat=[-0.63067, -0.38547, 0.60045, -0.30517] angvel=[-12.77271, 0.20394, 2.45586] linvel=[0.15875, 0.60502, -0.5181] z=0.0634
[lowlevel-sim][GT] t=41.970 quat=[-0.59873, -0.36703, 0.64833, -0.29406] angvel=[9.52865, -0.93906, -2.42526] linvel=[0.07611, -0.12432, 0.61648] z=0.0614
[lowlevel-sim][GT] t=42.025 quat=[-0.6252, -0.31759, 0.62798, -0.3375] angvel=[-18.36168, 4.47021, 0.83564] linvel=[0.23146, 0.16688, -0.47429] z=0.0691
[lowlevel-sim][GT] t=42.080 quat=[-0.62147, -0.32613, 0.63843, -0.31595] angvel=[15.47758, -2.58489, -1.23733] linvel=[0.19621, -0.08801, 0.23194] z=0.0576
[lowlevel-sim][GT] t=42.135 quat=[-0.6271, -0.32021, 0.63764, -0.31244] angvel=[-13.63209, 4.70132, 0.42713] linvel=[0.27692, 0.39886, -0.41041] z=0.0657
[lowlevel-sim][GT] t=42.190 quat=[-0.60024, -0.33757, 0.67239, -0.27139] angvel=[16.05209, -7.54261, -1.98863] linvel=[0.19399, -0.15816, 0.62236] z=0.0644
[lowlevel-sim][GT] t=42.245 quat=[-0.62458, -0.31708, 0.65649, -0.27997] angvel=[-14.76831, 5.918, 1.71298] linvel=[0.27655, 0.24652, -0.90519] z=0.0629
[lowlevel-sim][GT] t=42.300 quat=[-0.62856, -0.33705, 0.65482, -0.25006] angvel=[8.49829, -1.90785, -3.26191] linvel=[0.19628, 0.02689, 0.25455] z=0.0611
[lowlevel-sim][GT] t=42.355 quat=[-0.65187, -0.33183, 0.63246, -0.25486] angvel=[-13.73361, 5.26651, 2.85742] linvel=[0.19485, 0.26212, -0.42258] z=0.0618
[lowlevel-sim][GT] t=42.410 quat=[-0.62687, -0.35145, 0.6574, -0.22659] angvel=[8.73898, -3.53815, -2.48519] linvel=[0.17702, -0.1503, 0.50158] z=0.0598
[lowlevel-sim][GT] t=42.465 quat=[-0.64215, -0.35062, 0.6356, -0.24644] angvel=[-11.18491, 7.01265, 3.73023] linvel=[0.20336, 0.12077, -0.42644] z=0.0643
[lowlevel-sim] FAIL-CLOSED engaged at t=42.480s, last command age 95.45 ms (deadline <= 100 ms) PASS
[lowlevel-sim] t=  42.50 mode=FAILCLOSED pd=8499 hold=5513 failclosed=12 rtf=0.644 base_z=+0.062 pitch=-1.388 roll=+2.062 |tau|max= 88.00 sat=6/29 knee_L=-0.088 hip_p_L=+0.191 torn=5067 cmd_age=118.2ms auth=24.2s rig_ign=800 fix_base=0 sat_j=left_hip_pitch_joint:+88.0,right_ankle_roll_joint:+35.0,left_wrist_roll_joint:+25.0,left_wrist_yaw_joint:-5.0,right_wrist_roll_joint:+25.0,right_wrist_yaw_joint:-5.0
[lowlevel-sim] COMMANDED at t=42.515s (was fail-closed)
[lowlevel-sim][GT] t=42.520 quat=[-0.64185, -0.35993, 0.62477, -0.26105] angvel=[-2.25916, 2.62223, 0.28753] linvel=[0.16067, 0.16272, 0.0545] z=0.0581
[lowlevel-sim][GT] t=42.575 quat=[-0.63709, -0.36573, 0.6175, -0.28116] angvel=[-12.39911, 0.45175, 2.23895] linvel=[0.36583, 0.07127, -0.3243] z=0.0597
[lowlevel-sim] FAIL-CLOSED engaged at t=42.585s, last command age 86.21 ms (deadline <= 100 ms) PASS
[lowlevel-sim] COMMANDED at t=42.620s (was fail-closed)
[lowlevel-sim][GT] t=42.630 quat=[-0.62974, -0.34025, 0.61633, -0.32832] angvel=[2.91263, 3.00819, 0.63211] linvel=[-0.11924, -0.01098, 0.08442] z=0.0590
[lowlevel-sim][GT] t=42.685 quat=[-0.61125, -0.28359, 0.62531, -0.39362] angvel=[2.5937, -9.76836, 1.0254] linvel=[-0.36049, 0.20595, 0.45027] z=0.0662
[lowlevel-sim][GT] t=42.740 quat=[-0.62651, -0.28188, 0.62103, -0.37729] angvel=[-3.72864, 5.02635, -2.60828] linvel=[0.01892, 0.26126, -0.03311] z=0.0622
[lowlevel-sim][GT] t=42.795 quat=[-0.59906, -0.28567, 0.66241, -0.34745] angvel=[10.02207, -9.81466, 2.49104] linvel=[-0.42419, 0.15946, 0.66013] z=0.0598
[lowlevel-sim][GT] t=42.850 quat=[-0.63501, -0.30522, 0.63915, -0.30837] angvel=[-9.74753, 15.48631, -1.40701] linvel=[-0.01461, 0.13545, -0.35545] z=0.0643
[lowlevel-sim][GT] t=42.905 quat=[-0.60722, -0.30867, 0.67546, -0.28242] angvel=[10.61944, -12.39854, 0.53791] linvel=[-0.34277, -0.01073, 0.38377] z=0.0609
[lowlevel-sim][GT] t=42.960 quat=[-0.6471, -0.29649, 0.64703, -0.27332] angvel=[-9.08007, 16.43659, -1.31886] linvel=[-0.00228, 0.30383, -0.499] z=0.0647
[lowlevel-sim][GT] t=43.015 quat=[-0.62669, -0.28286, 0.67336, -0.27172] angvel=[9.49162, -17.78023, 1.0119] linvel=[-0.31363, 0.06322, 0.45297] z=0.0636
[lowlevel-sim][GT] t=43.070 quat=[-0.66115, -0.2892, 0.63874, -0.26693] angvel=[-8.43678, 14.97242, -0.85524] linvel=[0.1774, 0.31029, -0.37399] z=0.0625
[lowlevel-sim][GT] t=43.125 quat=[-0.62747, -0.29318, 0.67622, -0.2511] angvel=[2.5566, -4.58819, -0.15817] linvel=[0.15672, 0.1442, 0.51401] z=0.0580
[lowlevel-sim][GT] t=43.180 quat=[-0.65014, -0.29447, 0.6559, -0.24577] angvel=[-6.20446, 12.46366, -0.63144] linvel=[0.35522, 0.41702, -0.39819] z=0.0640
[lowlevel-sim][GT] t=43.235 quat=[-0.58924, -0.30014, 0.71039, -0.24094] angvel=[10.9111, -13.81374, 1.10925] linvel=[-0.01401, -0.03464, 0.74451] z=0.0632
[lowlevel-sim][GT] t=43.290 quat=[-0.62598, -0.31095, 0.67506, -0.23614] angvel=[-9.21657, 16.8351, -0.35041] linvel=[0.10166, 0.29675, -1.00431] z=0.0671
[lowlevel-sim][GT] t=43.345 quat=[-0.66489, -0.28873, 0.63745, -0.26118] angvel=[4.48895, -12.50065, -0.23209] linvel=[0.07073, 0.07505, 0.56408] z=0.0637
[lowlevel-sim][GT] t=43.400 quat=[-0.71176, -0.26425, 0.58674, -0.28161] angvel=[-7.4891, 14.88555, -0.61601] linvel=[0.42147, 0.43926, -0.74036] z=0.0749
[lowlevel-sim][GT] t=43.455 quat=[-0.71831, -0.31047, 0.57847, -0.23027] angvel=[14.41428, -2.95506, -2.58573] linvel=[0.15304, -0.06763, 0.75144] z=0.0780
[lowlevel-sim][GT] t=43.510 quat=[-0.72864, -0.28194, 0.58012, -0.23034] angvel=[-12.44579, 0.43327, 0.59967] linvel=[0.59513, 0.11777, -0.32667] z=0.0856
[lowlevel-sim][GT] t=43.565 quat=[-0.70912, -0.31108, 0.59882, -0.20442] angvel=[16.02825, -5.36571, -3.2103] linvel=[0.50511, -0.56854, 0.31898] z=0.0796
[lowlevel-sim][GT] t=43.620 quat=[-0.70843, -0.27835, 0.60511, -0.23343] angvel=[-13.96242, 6.56167, 1.98443] linvel=[0.35683, 0.22988, -0.77305] z=0.0691
[lowlevel-sim][GT] t=43.675 quat=[-0.65472, -0.27361, 0.67227, -0.21103] angvel=[13.49988, -6.52307, -1.56257] linvel=[0.13626, 0.15036, 0.80423] z=0.0582
[lowlevel-sim][GT] t=43.730 quat=[-0.6612, -0.2443, 0.67215, -0.22659] angvel=[-13.66399, 7.84055, 0.06368] linvel=[0.02451, 0.25986, -0.53821] z=0.0639
[lowlevel-sim][GT] t=43.785 quat=[-0.6496, -0.27192, 0.6835, -0.1921] angvel=[5.09496, -1.52986, -0.98669] linvel=[0.0743, -0.02061, 0.50271] z=0.0594
[lowlevel-sim][GT] t=43.840 quat=[-0.65846, -0.27189, 0.66894, -0.21217] angvel=[-14.78649, 8.92242, 2.47882] linvel=[0.09758, -0.05351, -0.34617] z=0.0654
[lowlevel-sim][GT] t=43.895 quat=[-0.64043, -0.30242, 0.67694, -0.20036] angvel=[13.55748, -4.11224, -1.25324] linvel=[0.12074, -0.21156, 0.65394] z=0.0578
[lowlevel-sim][GT] t=43.950 quat=[-0.65025, -0.3091, 0.66262, -0.20632] angvel=[-10.34425, 4.62615, 1.72972] linvel=[-0.04592, 0.35853, -0.27531] z=0.0650
[lowlevel-sim][GT] t=44.005 quat=[-0.61156, -0.3184, 0.70418, -0.16954] angvel=[13.11168, -8.25937, -3.33898] linvel=[0.14056, -0.19031, 0.46766] z=0.0640
[lowlevel-sim][GT] t=44.060 quat=[-0.62955, -0.29449, 0.6939, -0.18828] angvel=[-8.19929, 2.89647, 1.23231] linvel=[0.07428, 0.18932, -0.613] z=0.0623
[lowlevel-sim][GT] t=44.115 quat=[-0.6004, -0.30303, 0.72014, -0.17059] angvel=[15.11438, -8.87116, -2.9647] linvel=[0.0605, -0.34194, 0.63891] z=0.0648
[lowlevel-sim][GT] t=44.170 quat=[-0.62602, -0.28289, 0.70269, -0.18521] angvel=[-13.10027, 7.12177, 1.5873] linvel=[0.1596, 0.12915, -0.75033] z=0.0679
[lowlevel-sim][GT] t=44.225 quat=[-0.62677, -0.28298, 0.70621, -0.16834] angvel=[4.143, 0.2502, -1.96269] linvel=[0.04863, 0.07051, 0.27981] z=0.0615
[lowlevel-sim][GT] t=44.280 quat=[-0.66638, -0.28307, 0.66747, -0.17407] angvel=[-13.73334, 9.69711, 3.54956] linvel=[0.18714, 0.07355, -0.64322] z=0.0661
[lowlevel-sim][GT] t=44.335 quat=[-0.65644, -0.28636, 0.67432, -0.17995] angvel=[13.83103, -1.24155, -0.95209] linvel=[0.09368, -0.01765, 0.4347] z=0.0584
[lowlevel-sim][GT] t=44.390 quat=[-0.67762, -0.2686, 0.65658, -0.19389] angvel=[-8.58415, 6.69663, 1.50802] linvel=[0.00062, 0.21224, -0.34216] z=0.0604
[lowlevel-sim][GT] t=44.445 quat=[-0.66049, -0.31433, 0.66236, -0.16197] angvel=[10.14891, 0.99881, -0.46967] linvel=[0.08202, 0.075, 0.21449] z=0.0597
[lowlevel-sim][GT] t=44.500 quat=[-0.6691, -0.27442, 0.65883, -0.20722] angvel=[-15.51721, 2.13299, 0.43305] linvel=[0.02774, 0.0238, -0.33965] z=0.0613
[lowlevel-sim][GT] t=44.555 quat=[-0.66017, -0.2752, 0.66937, -0.20093] angvel=[14.76159, -6.78184, -1.11166] linvel=[0.10484, 0.11187, 0.39158] z=0.0595
[lowlevel-sim][GT] t=44.610 quat=[-0.68595, -0.22851, 0.65165, -0.22936] angvel=[-15.79922, 6.03246, -0.57184] linvel=[0.2049, 0.25388, -0.41619] z=0.0622
[lowlevel-sim][GT] t=44.665 quat=[-0.66183, -0.24242, 0.68401, -0.18798] angvel=[13.60423, -8.5801, -1.41783] linvel=[0.25992, -0.11447, 0.84076] z=0.0629
[lowlevel-sim][GT] t=44.720 quat=[-0.71298, -0.21118, 0.63154, -0.21957] angvel=[-15.77535, 11.33636, 1.996] linvel=[0.13152, 0.43591, -0.99752] z=0.0693
[lowlevel-sim][GT] t=44.775 quat=[-0.65697, -0.2317, 0.68936, -0.1987] angvel=[12.41793, -3.8792, -1.47203] linvel=[0.24598, -0.00087, 0.51869] z=0.0584
[lowlevel-sim][GT] t=44.830 quat=[-0.68555, -0.18442, 0.66134, -0.24214] angvel=[-11.71838, 8.06361, 0.43808] linvel=[0.30185, 0.51606, -0.3521] z=0.0672
[lowlevel-sim][GT] t=44.885 quat=[-0.66343, -0.1806, 0.68261, -0.24756] angvel=[11.6001, -9.7556, 1.22662] linvel=[0.06965, 0.22028, 0.65876] z=0.0607
[lowlevel-sim][GT] t=44.940 quat=[-0.69148, -0.16984, 0.64912, -0.26769] angvel=[-10.45776, 4.26362, -0.54092] linvel=[0.1281, 0.45483, -0.28344] z=0.0698
[lowlevel-sim][GT] t=44.995 quat=[-0.65484, -0.19557, 0.69283, -0.23004] angvel=[15.57706, -10.40778, 0.49788] linvel=[0.02142, -0.09688, 0.73858] z=0.0581
[lowlevel-sim] t=  45.00 mode=cmd        pd=8999 hold=5513 failclosed=22 rtf=0.650 base_z=+0.062 pitch=-1.487 roll=-1.174 |tau|max= 97.88 sat=11/29 knee_L=+0.244 hip_p_L=-0.170 torn=5101 cmd_age=53.2ms auth=27.4s rig_ign=800 fix_base=0 sat_j=left_hip_pitch_joint:-88.0,left_ankle_pitch_joint:-35.0,right_hip_pitch_joint:-88.0,right_ankle_pitch_joint:-35.0,waist_pitch_joint:-35.0,left_wrist_roll_joint:+25.0
[lowlevel-sim][GT] t=45.050 quat=[-0.67648, -0.23234, 0.66672, -0.20947] angvel=[-11.04045, 11.2884, 2.45481] linvel=[0.13833, 0.44245, -0.59699] z=0.0645
[lowlevel-sim][GT] t=45.105 quat=[-0.66069, -0.24057, 0.68183, -0.20183] angvel=[5.11367, -5.82111, -1.89685] linvel=[0.08316, -0.17083, 0.71925] z=0.0594
[lowlevel-sim][GT] t=45.160 quat=[-0.66227, -0.20786, 0.68088, -0.23366] angvel=[-11.88704, 10.53203, 0.82385] linvel=[0.007, 0.31977, -0.57118] z=0.0690
[lowlevel-sim][GT] t=45.215 quat=[-0.67003, -0.21693, 0.65862, -0.26501] angvel=[7.97958, -3.77822, 1.20762] linvel=[0.12391, 0.23703, 0.60822] z=0.0634
[lowlevel-sim][GT] t=45.270 quat=[-0.66519, -0.21117, 0.64402, -0.31331] angvel=[-3.45828, 8.5561, 1.90697] linvel=[0.01028, 0.31946, -0.17901] z=0.0641
[lowlevel-sim][GT] t=45.325 quat=[-0.64942, -0.24486, 0.66014, -0.28727] angvel=[12.5169, -7.36078, -0.83303] linvel=[-0.1899, -0.02462, 0.22799] z=0.0645
[lowlevel-sim][GT] t=45.380 quat=[-0.68004, -0.23576, 0.61971, -0.31293] angvel=[-13.98203, 6.49832, 0.90279] linvel=[0.42349, 0.21882, -0.51806] z=0.0703
[lowlevel-sim][GT] t=45.435 quat=[-0.62923, -0.25893, 0.66289, -0.31241] angvel=[14.17528, -7.17258, 0.54015] linvel=[-0.05949, 0.36257, 0.95922] z=0.0609
[lowlevel-sim][GT] t=45.490 quat=[-0.62277, -0.29924, 0.6568, -0.30204] angvel=[-13.2222, 8.31064, 2.43717] linvel=[0.08292, 0.33126, -0.13157] z=0.0697
[lowlevel-sim][GT] t=45.545 quat=[-0.57943, -0.36849, 0.6843, -0.24538] angvel=[19.15743, -6.686, -1.64496] linvel=[-0.18631, -0.2972, 0.34181] z=0.0727
[lowlevel-sim][GT] t=45.600 quat=[-0.56789, -0.32801, 0.70325, -0.27452] angvel=[-14.11361, 0.96597, -0.98546] linvel=[-0.06143, 0.47437, -0.19097] z=0.0738
[lowlevel-sim][GT] t=45.655 quat=[-0.53653, -0.29708, 0.74047, -0.27494] angvel=[7.28865, -0.72667, 0.41387] linvel=[-0.14551, -0.23519, 0.229] z=0.0704
[lowlevel-sim][GT] t=45.710 quat=[-0.53776, -0.29486, 0.73562, -0.28762] angvel=[-15.82628, 5.02774, -1.89954] linvel=[0.077, 0.56331, -0.64269] z=0.0753
[lowlevel-sim][GT] t=45.765 quat=[-0.53335, -0.31093, 0.73853, -0.27099] angvel=[14.82679, -4.37377, 1.25777] linvel=[-0.06847, -0.36699, 0.53756] z=0.0693
[lowlevel-sim][GT] t=45.820 quat=[-0.58255, -0.28139, 0.69975, -0.30299] angvel=[-16.95746, 7.42306, -0.79199] linvel=[0.11611, 0.57813, -0.78338] z=0.0710
[lowlevel-sim][GT] t=45.875 quat=[-0.61654, -0.28764, 0.67422, -0.28734] angvel=[15.08585, -4.93418, -1.01194] linvel=[0.17509, -0.09159, 0.10123] z=0.0638
[lowlevel-sim][GT] t=45.930 quat=[-0.66361, -0.30135, 0.62038, -0.28971] angvel=[-13.60448, 6.2276, 1.92211] linvel=[0.13228, 0.50985, -0.46106] z=0.0641
[lowlevel-sim][GT] t=45.985 quat=[-0.64214, -0.30189, 0.64932, -0.27367] angvel=[11.736, -6.68049, -2.77801] linvel=[0.21854, 0.01902, 0.42666] z=0.0589
[lowlevel-sim][GT] t=46.040 quat=[-0.64969, -0.24688, 0.64732, -0.31292] angvel=[-15.93211, 6.38168, -0.50858] linvel=[0.20094, 0.4766, -0.62193] z=0.0635
[lowlevel-sim][GT] t=46.095 quat=[-0.64034, -0.2488, 0.6647, -0.29366] angvel=[13.58393, -6.18903, -0.1514] linvel=[0.17421, 0.10308, 0.67689] z=0.0627
[lowlevel-sim][GT] t=46.150 quat=[-0.65352, -0.24862, 0.65109, -0.29526] angvel=[-13.36768, 5.77385, 0.34063] linvel=[0.27178, 0.37, -0.08285] z=0.0600
[lowlevel-sim][GT] t=46.205 quat=[-0.62498, -0.26161, 0.68387, -0.2707] angvel=[16.39572, -8.53116, -0.59438] linvel=[0.20446, -0.02827, 0.44699] z=0.0642
[lowlevel-sim][GT] t=46.260 quat=[-0.64587, -0.26204, 0.66516, -0.26785] angvel=[-15.01352, 10.75352, 1.15156] linvel=[0.2493, 0.14875, -1.08669] z=0.0640
[lowlevel-sim][GT] t=46.315 quat=[-0.66224, -0.29377, 0.63873, -0.25915] angvel=[11.10809, -1.14327, -0.65645] linvel=[0.10937, 0.0633, 0.38735] z=0.0602
[lowlevel-sim][GT] t=46.370 quat=[-0.66679, -0.28719, 0.62895, -0.2781] angvel=[-13.71764, 5.4668, 1.7434] linvel=[0.28977, 0.48969, -0.6954] z=0.0673
[lowlevel-sim][GT] t=46.425 quat=[-0.64998, -0.30642, 0.64911, -0.24956] angvel=[14.03055, -6.70113, -1.53388] linvel=[0.24374, 0.04434, 0.46792] z=0.0594
[lowlevel-sim][GT] t=46.480 quat=[-0.65474, -0.27141, 0.64833, -0.27808] angvel=[-14.66131, 6.50895, -0.16019] linvel=[0.25893, 0.38601, -0.48709] z=0.0621
[lowlevel-sim][GT] t=46.535 quat=[-0.64364, -0.279, 0.66312, -0.26107] angvel=[9.42455, -7.0677, -0.90361] linvel=[0.0193, 0.0523, 0.17959] z=0.0590
[lowlevel-sim][GT] t=46.590 quat=[-0.68425, -0.24272, 0.61602, -0.30563] angvel=[-14.80569, 4.68429, 0.14322] linvel=[0.2369, 0.38493, -0.51646] z=0.0720
[lowlevel-sim][GT] t=46.645 quat=[-0.65106, -0.26201, 0.65216, -0.28661] angvel=[14.96385, -5.13453, 0.3716] linvel=[0.18179, 0.29112, 0.6288] z=0.0628
[lowlevel-sim][GT] t=46.700 quat=[-0.6664, -0.28535, 0.6322, -0.2735] angvel=[-8.41927, 9.3509, 1.50192] linvel=[0.21315, 0.771, -0.44383] z=0.0637
[lowlevel-sim][GT] t=46.755 quat=[-0.63915, -0.30658, 0.65546, -0.26051] angvel=[6.51015, -16.1845, -1.79435] linvel=[-0.0737, 0.47586, 0.71648] z=0.0596
[lowlevel-sim][GT] t=46.810 quat=[-0.65337, -0.29004, 0.6383, -0.28558] angvel=[-7.52368, 10.76235, -0.34665] linvel=[0.33681, 0.34355, -0.17065] z=0.0633
[lowlevel-sim][GT] t=46.865 quat=[-0.58296, -0.30733, 0.69979, -0.27567] angvel=[11.39016, -11.96547, 2.35109] linvel=[-0.19583, 0.03831, 0.7884] z=0.0661
[lowlevel-sim][GT] t=46.920 quat=[-0.59652, -0.32838, 0.6818, -0.26736] angvel=[-6.56622, 14.05658, 0.5798] linvel=[-0.03495, 0.14984, -0.77739] z=0.0697
[lowlevel-sim][GT] t=46.975 quat=[-0.59992, -0.34623, 0.66456, -0.28033] angvel=[4.06677, -7.31799, 0.7911] linvel=[-0.11692, 0.05124, 0.42358] z=0.0596
[lowlevel-sim][GT] t=47.030 quat=[-0.63933, -0.31857, 0.6266, -0.31167] angvel=[-9.46385, 12.98721, -0.0733] linvel=[0.15724, 0.3325, -0.64041] z=0.0617
[lowlevel-sim][GT] t=47.085 quat=[-0.6068, -0.311, 0.65204, -0.33154] angvel=[8.93485, -13.64999, 1.33392] linvel=[-0.07389, 0.26641, 0.4902] z=0.0602
[lowlevel-sim] FAIL-CLOSED engaged at t=47.105s, last command age 85.73 ms (deadline <= 100 ms) PASS
[lowlevel-sim] COMMANDED at t=47.115s (was fail-closed)
[lowlevel-sim][GT] t=47.140 quat=[-0.62811, -0.29955, 0.62783, -0.34869] angvel=[-9.79918, 12.75516, -1.55611] linvel=[0.38639, 0.40712, -0.68939] z=0.0623
[lowlevel-sim][GT] t=47.195 quat=[-0.62496, -0.27512, 0.63351, -0.36387] angvel=[2.09356, -12.45873, 0.18212] linvel=[0.09685, 0.35762, 0.53291] z=0.0638
[lowlevel-sim][GT] t=47.250 quat=[-0.62979, -0.24182, 0.63997, -0.36788] angvel=[-8.7952, 11.71634, -4.18203] linvel=[0.51623, 0.39517, -0.61018] z=0.0775
[lowlevel-sim][GT] t=47.305 quat=[-0.59134, -0.25458, 0.67585, -0.3588] angvel=[2.13054, -5.53561, 1.9131] linvel=[-0.03828, 0.3493, 0.45792] z=0.0603
[lowlevel-sim][GT] t=47.360 quat=[-0.64492, -0.27576, 0.63022, -0.33293] angvel=[-8.00478, 12.05408, -1.54057] linvel=[0.34215, 0.39688, -0.70341] z=0.0627
[lowlevel-sim][GT] t=47.415 quat=[-0.59857, -0.29746, 0.67499, -0.31243] angvel=[8.72531, -9.69101, 0.87782] linvel=[-0.0605, 0.11004, 0.69667] z=0.0633
[lowlevel-sim][GT] t=47.470 quat=[-0.64248, -0.28913, 0.64075, -0.30506] angvel=[-7.89813, 15.15716, -1.72858] linvel=[0.15634, 0.16407, -0.80066] z=0.0607
[lowlevel-sim] t=  47.50 mode=cmd        pd=9499 hold=5513 failclosed=24 rtf=0.658 base_z=+0.065 pitch=-1.539 roll=-0.162 |tau|max=139.00 sat=10/29 knee_L=+0.241 hip_p_L=-0.164 torn=5166 cmd_age=43.8ms auth=30.3s rig_ign=800 fix_base=0 sat_j=left_hip_pitch_joint:-88.0,right_hip_pitch_joint:-88.0,right_knee_joint:+139.0,right_ankle_pitch_joint:-35.0,right_ankle_roll_joint:+35.0,left_wrist_roll_joint:+25.0
[lowlevel-sim][GT] t=47.525 quat=[-0.6096, -0.28607, 0.67361, -0.30464] angvel=[9.99318, -13.02495, 1.66088] linvel=[-0.21179, 0.13851, 0.15633] z=0.0600
[lowlevel-sim][GT] t=47.580 quat=[-0.64831, -0.25184, 0.64851, -0.30935] angvel=[-9.18742, 14.14804, -3.3388] linvel=[0.13763, 0.30962, -0.4683] z=0.0610
[lowlevel-sim][GT] t=47.635 quat=[-0.59876, -0.25676, 0.69824, -0.29668] angvel=[1.12473, -7.71929, 2.17366] linvel=[-0.09638, 0.34316, 0.59547] z=0.0602
[lowlevel-sim][GT] t=47.690 quat=[-0.63103, -0.23551, 0.67987, -0.29001] angvel=[-10.2175, 16.35294, -3.99141] linvel=[0.09802, 0.34421, -0.69735] z=0.0640
[lowlevel-sim][GT] t=47.745 quat=[-0.60536, -0.23479, 0.70085, -0.29534] angvel=[7.50895, -16.05973, 2.85478] linvel=[-0.20851, 0.22612, 0.51258] z=0.0582
[lowlevel-sim][GT] t=47.800 quat=[-0.60621, -0.24696, 0.6992, -0.28748] angvel=[-4.61939, 12.69378, -2.7742] linvel=[0.25275, 0.3719, -0.61886] z=0.0631
[lowlevel-sim][GT] t=47.855 quat=[-0.56865, -0.26767, 0.72377, -0.28486] angvel=[9.37356, -14.00663, 3.35766] linvel=[-0.29009, 0.16564, 0.53534] z=0.0638
[lowlevel-sim][GT] t=47.910 quat=[-0.60897, -0.27282, 0.68904, -0.28277] angvel=[-8.27358, 15.74235, -2.06632] linvel=[0.01819, 0.21502, -0.80505] z=0.0704
[lowlevel-sim][GT] t=47.965 quat=[-0.5732, -0.25738, 0.71, -0.31796] angvel=[3.78926, -13.27248, 3.01269] linvel=[-0.22051, 0.17196, 0.591] z=0.0660
[lowlevel-sim][GT] t=48.020 quat=[-0.5807, -0.26765, 0.69389, -0.33117] angvel=[-8.52572, 15.32467, -2.19241] linvel=[0.20526, 0.20735, -0.52061] z=0.0694
[lowlevel-sim][GT] t=48.075 quat=[-0.56653, -0.32895, 0.68189, -0.32537] angvel=[10.30177, -12.32389, 3.01506] linvel=[-0.18191, 0.03228, 0.3387] z=0.0656
[lowlevel-sim] FAIL-CLOSED engaged at t=48.120s, last command age 94.35 ms (deadline <= 100 ms) PASS
[lowlevel-sim][GT] t=48.130 quat=[-0.61794, -0.32984, 0.61164, -0.36776] angvel=[-6.38886, 7.09728, 0.74646] linvel=[0.46091, 0.19678, -0.06779] z=0.0603
[lowlevel-sim] COMMANDED at t=48.160s (was fail-closed)
[lowlevel-sim][GT] t=48.185 quat=[-0.57957, -0.30423, 0.63073, -0.4168] angvel=[10.87677, -14.03778, 3.59829] linvel=[-0.01576, 0.22954, 0.62456] z=0.0650
[lowlevel-sim][GT] t=48.240 quat=[-0.61169, -0.31476, 0.59104, -0.42122] angvel=[-7.23856, 11.37105, -1.1907] linvel=[0.32078, 0.23152, -0.28351] z=0.0669
[lowlevel-sim] FAIL-CLOSED engaged at t=48.240s, last command age 110.12 ms (deadline <= 100 ms) FAIL
[lowlevel-sim] COMMANDED at t=48.260s (was fail-closed)
[lowlevel-sim][GT] t=48.295 quat=[-0.58619, -0.32918, 0.61185, -0.41673] angvel=[11.26067, -11.09312, 3.2231] linvel=[0.18861, 0.1598, 0.33844] z=0.0652
[lowlevel-sim][GT] t=48.350 quat=[-0.60532, -0.34043, 0.58387, -0.42047] angvel=[-10.05709, 6.88669, -1.31929] linvel=[0.41714, 0.22893, -0.69339] z=0.0647
[lowlevel-sim] FAIL-CLOSED engaged at t=48.360s, last command age 105.11 ms (deadline <= 100 ms) FAIL
[lowlevel-sim] COMMANDED at t=48.365s (was fail-closed)
[lowlevel-sim][GT] t=48.405 quat=[-0.57017, -0.38741, 0.61937, -0.37578] angvel=[7.99784, -0.515, 0.38867] linvel=[0.07568, 0.13352, 0.76046] z=0.0583
[lowlevel-sim][GT] t=48.460 quat=[-0.61569, -0.38026, 0.57524, -0.38136] angvel=[-11.67732, 6.4723, 0.27541] linvel=[-0.0028, 0.31777, -0.74235] z=0.0650
[lowlevel-sim] FAIL-CLOSED engaged at t=48.475s, last command age 86.40 ms (deadline <= 100 ms) PASS
[lowlevel-sim] COMMANDED at t=48.480s (was fail-closed)
[lowlevel-sim][GT] t=48.515 quat=[-0.57345, -0.40913, 0.60655, -0.36861] angvel=[13.31299, -11.46968, 0.95005] linvel=[-0.07594, 0.08885, 0.62363] z=0.0580
[lowlevel-sim][GT] t=48.570 quat=[-0.61864, -0.39105, 0.55585, -0.39421] angvel=[-8.8252, 4.72693, -0.64143] linvel=[0.50637, 0.24045, 0.02989] z=0.0636
[lowlevel-sim][GT] t=48.625 quat=[-0.54038, -0.4114, 0.6326, -0.37222] angvel=[12.93292, -10.62353, 1.04603] linvel=[-0.15438, 0.10911, 0.65966] z=0.0624
[lowlevel-sim][GT] t=48.680 quat=[-0.53742, -0.41075, 0.63197, -0.37827] angvel=[-10.487, 8.29408, -0.94073] linvel=[0.0501, 0.22493, -0.63515] z=0.0671
[lowlevel-sim][GT] t=48.735 quat=[-0.52603, -0.42255, 0.63773, -0.37155] angvel=[6.45684, -2.58114, 1.58917] linvel=[-0.14294, -0.02392, 0.26404] z=0.0626
[lowlevel-sim][GT] t=48.790 quat=[-0.57252, -0.39102, 0.60555, -0.39067] angvel=[-9.71031, 7.01814, -1.81836] linvel=[0.13786, 0.26164, -0.21504] z=0.0625
[lowlevel-sim][GT] t=48.845 quat=[-0.52934, -0.45907, 0.631, -0.33301] angvel=[11.84022, -4.87011, 0.09893] linvel=[-0.06681, -0.18957, 0.39178] z=0.0697
[lowlevel-sim][GT] t=48.900 quat=[-0.534, -0.45884, 0.61782, -0.35014] angvel=[-11.53377, 3.82848, 0.99668] linvel=[-0.04988, 0.2532, -0.55863] z=0.0688
[lowlevel-sim][GT] t=48.955 quat=[-0.52591, -0.4858, 0.60314, -0.35161] angvel=[6.99971, -2.81225, 0.51949] linvel=[-0.13956, -0.05674, 0.21156] z=0.0634
[lowlevel-sim][GT] t=49.010 quat=[-0.56799, -0.43647, 0.53648, -0.44617] angvel=[-16.65755, 0.44397, 1.02067] linvel=[0.03116, 0.29473, -0.20705] z=0.0623
[lowlevel-sim][GT] t=49.065 quat=[-0.5152, -0.43668, 0.57081, -0.46697] angvel=[14.66648, -6.03881, 1.81048] linvel=[-0.18369, 0.09092, 0.60713] z=0.0594
[lowlevel-sim][GT] t=49.120 quat=[-0.52667, -0.44372, 0.54678, -0.4762] angvel=[-13.00761, 1.32865, 0.04452] linvel=[-0.01314, 0.35191, -0.63012] z=0.0604
[lowlevel-sim][GT] t=49.175 quat=[-0.53705, -0.42832, 0.53632, -0.4904] angvel=[-1.26556, -4.46986, 0.20216] linvel=[0.07425, 0.27881, -0.01731] z=0.0615
[lowlevel-sim][GT] t=49.230 quat=[-0.55018, -0.42205, 0.52074, -0.498] angvel=[0.92922, 6.06034, -0.10742] linvel=[0.1704, 0.10546, 0.00032] z=0.0659
[lowlevel-sim][GT] t=49.285 quat=[-0.5238, -0.39516, 0.55564, -0.51063] angvel=[10.66212, -8.49466, 0.7483] linvel=[-0.23425, 0.05081, 0.26327] z=0.0682
[lowlevel-sim][GT] t=49.340 quat=[-0.54108, -0.41103, 0.55972, -0.47434] angvel=[-3.37387, 9.49187, -0.98199] linvel=[-0.20557, 0.15855, -0.19395] z=0.0610
[lowlevel-sim][GT] t=49.395 quat=[-0.54689, -0.43042, 0.56929, -0.43767] angvel=[3.39475, -5.20011, -0.92431] linvel=[-0.0165, -0.03889, 0.14956] z=0.0568
[lowlevel-sim][GT] t=49.450 quat=[-0.58189, -0.45964, 0.54816, -0.38686] angvel=[-11.67973, 6.04842, 0.07072] linvel=[0.0761, 0.15731, -0.1359] z=0.0643
[lowlevel-sim] FAIL-CLOSED engaged at t=49.460s, last command age 102.72 ms (deadline <= 100 ms) FAIL
[lowlevel-sim] COMMANDED at t=49.475s (was fail-closed)
[lowlevel-sim][GT] t=49.505 quat=[-0.54991, -0.45836, 0.5949, -0.36551] angvel=[12.76047, -7.52016, -0.95113] linvel=[0.07073, -0.13317, 0.29843] z=0.0612
[lowlevel-sim][GT] t=49.560 quat=[-0.57002, -0.43891, 0.58448, -0.37526] angvel=[-11.05268, 8.82911, -0.64635] linvel=[-0.05708, 0.181, -0.63626] z=0.0640
[lowlevel-sim][GT] t=49.615 quat=[-0.53743, -0.43589, 0.61816, -0.37289] angvel=[15.99138, -4.90139, 0.83407] linvel=[-0.01152, -0.06483, 0.56391] z=0.0620
[lowlevel-sim][GT] t=49.670 quat=[-0.55109, -0.42128, 0.61279, -0.37856] angvel=[-8.27743, 3.81423, -1.20495] linvel=[0.14549, 0.36588, -0.44523] z=0.0641
[lowlevel-sim][GT] t=49.725 quat=[-0.52494, -0.44363, 0.62602, -0.36841] angvel=[12.62247, -7.96867, 1.49877] linvel=[0.02295, 0.03043, 0.73361] z=0.0680
[lowlevel-sim][GT] t=49.780 quat=[-0.54496, -0.44905, 0.59627, -0.38188] angvel=[-12.47732, 8.24108, 1.23904] linvel=[0.08295, 0.36665, -0.62468] z=0.0679
[lowlevel-sim][GT] t=49.835 quat=[-0.53453, -0.46528, 0.59537, -0.37858] angvel=[7.32891, -2.91502, 0.19295] linvel=[0.11053, 0.02766, 0.61235] z=0.0629
[lowlevel-sim][GT] t=49.890 quat=[-0.54306, -0.46193, 0.57564, -0.40044] angvel=[-13.20061, 5.899, 0.92148] linvel=[0.02597, 0.19223, -0.39004] z=0.0687
[lowlevel-sim][GT] t=49.945 quat=[-0.50755, -0.48986, 0.58814, -0.39562] angvel=[13.22988, -6.19609, 0.80326] linvel=[-0.01391, -0.06568, 0.35509] z=0.0634
[lowlevel-sim][GT] t=50.000 quat=[-0.52182, -0.47533, 0.56461, -0.42777] angvel=[-11.68663, 3.48725, 0.37231] linvel=[-0.17031, 0.20275, -0.95094] z=0.0602
[lowlevel-sim] t=  50.00 mode=cmd        pd=9999 hold=5513 failclosed=41 rtf=0.656 base_z=+0.060 pitch=-1.480 roll=+2.997 |tau|max=137.44 sat=9/29 knee_L=+0.153 hip_p_L=+0.014 torn=5209 cmd_age=22.6ms auth=34.4s rig_ign=800 fix_base=0 sat_j=left_hip_pitch_joint:-88.0,left_ankle_pitch_joint:-35.0,right_ankle_pitch_joint:-35.0,right_ankle_roll_joint:+35.0,left_wrist_roll_joint:+25.0,left_wrist_pitch_joint:-5.0
[lowlevel-sim][GT] t=50.055 quat=[-0.54056, -0.44594, 0.54668, -0.45834] angvel=[6.8296, 5.60496, 0.60167] linvel=[-0.06399, 0.10953, 0.2557] z=0.0595
[lowlevel-sim][GT] t=50.110 quat=[-0.56189, -0.41462, 0.52769, -0.48363] angvel=[-11.5354, -3.83692, -0.09941] linvel=[-0.07147, 0.34787, -0.33876] z=0.0675
[lowlevel-sim][GT] t=50.165 quat=[-0.52731, -0.41807, 0.55577, -0.48815] angvel=[15.80088, -1.79481, 0.38062] linvel=[-0.08281, 0.24992, 0.75152] z=0.0691
[lowlevel-sim][GT] t=50.220 quat=[-0.51473, -0.38414, 0.57379, -0.50819] angvel=[-14.99098, -1.56258, -2.7972] linvel=[-0.12065, 0.54414, -0.72149] z=0.0687
[lowlevel-sim][GT] t=50.275 quat=[-0.51993, -0.44051, 0.5664, -0.46349] angvel=[7.04694, 6.08667, 1.06822] linvel=[-0.14131, 0.07012, 0.36313] z=0.0568
[lowlevel-sim][GT] t=50.330 quat=[-0.49848, -0.5261, 0.57582, -0.37836] angvel=[-5.44818, -1.483, 1.19496] linvel=[-0.03458, 0.44143, 0.57567] z=0.0756
[lowlevel-sim][GT] t=50.385 quat=[-0.40012, -0.62687, 0.6168, -0.25786] angvel=[4.14784, 5.10874, 2.50603] linvel=[0.23078, -0.19684, 1.2228] z=0.1112
[lowlevel-sim][GT] t=50.440 quat=[-0.36648, -0.63864, 0.62793, -0.25206] angvel=[-7.63304, -4.33687, -1.18315] linvel=[0.03517, 0.05398, 0.79739] z=0.1666
[lowlevel-sim][GT] t=50.495 quat=[-0.32297, -0.72181, 0.59088, -0.15983] angvel=[12.48155, 8.74234, 3.28082] linvel=[0.32346, -1.03004, 0.88885] z=0.2095
[lowlevel-sim][GT] t=50.550 quat=[-0.35019, -0.81631, 0.45437, -0.06752] angvel=[-5.587, 0.25724, 8.20749] linvel=[-0.47448, -0.15749, 0.45316] z=0.2435
[lowlevel-sim][GT] t=50.605 quat=[-0.40074, -0.84785, 0.34615, 0.02707] angvel=[3.06647, 10.10679, -3.93096] linvel=[0.36057, -0.75698, 0.30486] z=0.2744
[lowlevel-sim][GT] t=50.660 quat=[-0.46026, -0.85324, 0.24425, 0.02211] angvel=[-3.62668, -5.25417, 11.32126] linvel=[-0.45158, 0.01723, -0.04304] z=0.2898
[lowlevel-sim][GT] t=50.715 quat=[-0.52642, -0.83307, 0.16263, 0.04928] angvel=[-3.01708, 8.65067, -7.42378] linvel=[0.58794, -0.24484, -0.31662] z=0.2969
[lowlevel-sim][GT] t=50.770 quat=[-0.59194, -0.80386, 0.05834, 0.0032] angvel=[-0.31643, -4.59074, 14.31063] linvel=[-0.43281, 0.3561, -0.19161] z=0.2964
[lowlevel-sim][GT] t=50.825 quat=[-0.66681, -0.745, -0.01783, 0.00427] angvel=[-7.981, 5.13453, -9.087] linvel=[0.60128, 0.3542, -0.86315] z=0.2860
[lowlevel-sim][GT] t=50.880 quat=[-0.72319, -0.67657, -0.13713, -0.02131] angvel=[4.25623, 1.79293, 12.80058] linvel=[-0.33189, 0.73902, -0.72044] z=0.2621
[lowlevel-sim][GT] t=50.935 quat=[-0.74154, -0.65457, -0.145, -0.02516] angvel=[-7.13034, -0.11807, -9.64405] linvel=[0.36487, 0.74658, -1.64611] z=0.2041
[lowlevel-sim][GT] t=50.990 quat=[-0.71935, -0.67047, -0.15816, -0.08941] angvel=[6.92999, -0.7824, 9.44807] linvel=[-0.39581, 0.05492, 0.08432] z=0.1795
[lowlevel-sim][GT] t=51.045 quat=[-0.72771, -0.67374, -0.11303, -0.06107] angvel=[-5.67116, -0.04504, -12.79583] linvel=[0.28797, 0.33614, -0.32622] z=0.1784
[lowlevel-sim][GT] t=51.100 quat=[-0.71253, -0.68821, -0.11058, -0.08028] angvel=[5.74341, -1.37523, 11.79968] linvel=[-0.71188, 0.06799, 0.18652] z=0.1769
[lowlevel-sim][GT] t=51.155 quat=[-0.72686, -0.68074, -0.07173, -0.05592] angvel=[-4.75494, -1.56042, -13.24212] linvel=[0.28252, 0.40395, -0.38396] z=0.1792
[lowlevel-sim][GT] t=51.210 quat=[-0.70549, -0.70011, -0.07834, -0.07742] angvel=[5.17794, -1.46721, 11.76282] linvel=[-0.71658, 0.06124, -0.02683] z=0.1716
[lowlevel-sim][GT] t=51.265 quat=[-0.70405, -0.70482, -0.05977, -0.06294] angvel=[-2.85623, -0.84822, -13.2308] linvel=[0.15643, 0.34254, -0.14964] z=0.1706
[lowlevel-sim][GT] t=51.320 quat=[-0.6872, -0.71757, -0.06433, -0.09333] angvel=[4.27155, -2.47759, 11.39816] linvel=[-0.94895, -0.00787, -0.02697] z=0.1658
[lowlevel-sim][GT] t=51.375 quat=[-0.67501, -0.72839, -0.02133, -0.11553] angvel=[-1.37864, -0.7968, -10.49732] linvel=[-0.01415, 0.38002, -0.24829] z=0.1609
[lowlevel-sim][GT] t=51.430 quat=[-0.65224, -0.7337, -0.02154, -0.1892] angvel=[1.52927, -3.62181, 11.46923] linvel=[-1.11263, 0.0604, -0.0089] z=0.1543
[lowlevel-sim][GT] t=51.485 quat=[-0.64913, -0.72773, 0.00382, -0.2214] angvel=[1.60199, 0.63347, -6.90239] linvel=[-0.38985, 0.21996, 0.02517] z=0.1523
[lowlevel-sim][GT] t=51.540 quat=[-0.62226, -0.72674, -0.01363, -0.29061] angvel=[-0.12763, -4.14903, 15.13438] linvel=[-1.2132, 0.03532, -0.21447] z=0.1487
[lowlevel-sim][GT] t=51.595 quat=[-0.61845, -0.72954, 0.03027, -0.29047] angvel=[1.67499, 1.85823, -13.17788] linvel=[-0.08271, 0.30601, -0.11062] z=0.1444
[lowlevel-sim][GT] t=51.650 quat=[-0.58308, -0.72801, 0.03501, -0.35887] angvel=[-0.93817, -6.64865, 13.02107] linvel=[-1.13918, 0.13771, -0.31963] z=0.1374
[lowlevel-sim][GT] t=51.705 quat=[-0.55574, -0.7385, 0.08839, -0.37144] angvel=[6.59123, 1.86075, -10.50945] linvel=[-0.20321, 0.3081, -0.05803] z=0.1250
[lowlevel-sim][GT] t=51.760 quat=[-0.49629, -0.73345, 0.1332, -0.44498] angvel=[-3.12094, -11.00271, 10.02195] linvel=[-0.93035, 0.36001, -0.88747] z=0.1046
[lowlevel-sim][GT] t=51.815 quat=[-0.37373, -0.69454, 0.24358, -0.56446] angvel=[11.89363, -9.03386, 0.63944] linvel=[-0.11532, 0.06452, -0.74646] z=0.0700
[lowlevel-sim][GT] t=51.870 quat=[-0.17257, -0.5901, 0.29227, -0.73252] angvel=[1.36952, -10.17697, 1.78744] linvel=[-0.53197, 0.36792, 0.44852] z=0.0852
[lowlevel-sim][GT] t=51.925 quat=[-0.01878, -0.5821, 0.32695, -0.74425] angvel=[9.50978, 7.95804, 9.13164] linvel=[-0.41635, 0.06997, 1.25319] z=0.1268
[lowlevel-sim][GT] t=51.980 quat=[0.1041, -0.57144, 0.36015, -0.73001] angvel=[4.75864, -9.98011, -3.30096] linvel=[-0.5053, 0.58616, -0.24225] z=0.1475
[lowlevel-sim][GT] t=52.035 quat=[0.16331, -0.55884, 0.36602, -0.72599] angvel=[-5.98239, -5.42422, -6.8009] linvel=[-0.39531, 0.41458, -0.20904] z=0.1534
[lowlevel-sim][GT] t=52.090 quat=[0.25661, -0.61499, 0.33721, -0.66501] angvel=[5.66594, 6.81585, 13.90709] linvel=[-0.25466, -0.57523, 0.33294] z=0.1523
[lowlevel-sim][GT] t=52.145 quat=[0.29564, -0.5986, 0.32146, -0.67152] angvel=[-3.41091, -6.44237, -9.87116] linvel=[0.0996, 0.34942, -0.12361] z=0.1610
[lowlevel-sim][GT] t=52.200 quat=[0.33996, -0.60589, 0.30402, -0.65185] angvel=[1.11146, 6.19398, 12.1304] linvel=[0.2578, -0.354, 0.16615] z=0.1660
[lowlevel-sim][GT] t=52.255 quat=[0.27662, -0.59938, 0.31474, -0.68203] angvel=[-5.18938, -5.42521, -12.94127] linvel=[0.50539, 0.65462, -0.62445] z=0.1591
[lowlevel-sim][GT] t=52.310 quat=[0.19905, -0.64213, 0.29178, -0.68038] angvel=[-0.53811, 10.79504, 8.26582] linvel=[0.61939, -0.19867, -0.14762] z=0.1361
[lowlevel-sim][GT] t=52.365 quat=[0.07774, -0.66448, 0.22395, -0.70871] angvel=[-9.72865, -11.12789, -7.18581] linvel=[0.4294, 0.40815, -1.21788] z=0.1023
[lowlevel-sim][GT] t=52.420 quat=[0.00127, -0.76377, 0.11049, -0.63596] angvel=[1.55472, 19.75386, 4.99849] linvel=[0.66289, -0.03319, 0.56855] z=0.0747
[lowlevel-sim][GT] t=52.475 quat=[-0.06036, -0.7758, -0.015, -0.62791] angvel=[-5.99011, -12.88765, 3.39689] linvel=[-0.08326, -0.04206, -0.12271] z=0.0770
[lowlevel-sim] t=  52.50 mode=cmd        pd=10499 hold=5513 failclosed=41 rtf=0.660 base_z=+0.078 pitch=-1.247 roll=+2.825 |tau|max= 88.00 sat=10/29 knee_L=+0.124 hip_p_L=-0.089 torn=5251 cmd_age=35.1ms auth=37.7s rig_ign=800 fix_base=0 sat_j=left_hip_pitch_joint:+88.0,left_ankle_roll_joint:-35.0,right_hip_pitch_joint:+88.0,right_ankle_pitch_joint:+35.0,right_ankle_roll_joint:-35.0,left_wrist_roll_joint:+25.0
[lowlevel-sim][GT] t=52.530 quat=[-0.04354, -0.8163, 0.00335, -0.57598] angvel=[4.27406, 13.64629, -2.14319] linvel=[0.4823, -0.27911, 0.42845] z=0.0820
[lowlevel-sim][GT] t=52.585 quat=[-0.04691, -0.80575, 0.06884, -0.58636] angvel=[-5.3459, -10.96058, -1.66414] linvel=[-0.19507, -0.10816, -0.55023] z=0.0752
[lowlevel-sim][GT] t=52.640 quat=[-0.03904, -0.81355, 0.14293, -0.5623] angvel=[6.42713, 9.16057, -0.00086] linvel=[0.27794, -0.20243, 0.208] z=0.0743
[lowlevel-sim][GT] t=52.695 quat=[-0.07934, -0.77336, 0.17745, -0.60344] angvel=[-9.28997, -10.13739, -3.92866] linvel=[-0.2146, 0.15743, -0.58399] z=0.0729
[lowlevel-sim][GT] t=52.750 quat=[-0.0834, -0.76084, 0.23169, -0.60041] angvel=[8.78327, 4.08301, 1.16777] linvel=[-0.06749, -0.10496, 0.22054] z=0.0682
[lowlevel-sim][GT] t=52.805 quat=[-0.12408, -0.70011, 0.24615, -0.65868] angvel=[-11.5102, -11.67701, -5.33347] linvel=[-0.0264, 0.14015, -0.47531] z=0.0669
[lowlevel-sim][GT] t=52.860 quat=[-0.07773, -0.71068, 0.31035, -0.62655] angvel=[15.20219, 6.9239, 3.42505] linvel=[-0.12962, -0.00496, 0.28212] z=0.0661
[lowlevel-sim][GT] t=52.915 quat=[-0.14941, -0.67283, 0.29181, -0.6632] angvel=[-13.99813, -5.58398, -4.7611] linvel=[-0.09853, 0.22721, -0.57276] z=0.0644
[lowlevel-sim][GT] t=52.970 quat=[-0.18994, -0.68965, 0.29375, -0.63405] angvel=[8.06445, 5.09222, 0.89866] linvel=[-0.08244, 0.01339, 0.1829] z=0.0627
[lowlevel-sim][GT] t=53.025 quat=[-0.19655, -0.6615, 0.3198, -0.64924] angvel=[-10.67955, -9.39585, -4.22236] linvel=[-0.27289, 0.23616, -0.5708] z=0.0650
[lowlevel-sim][GT] t=53.080 quat=[-0.17384, -0.68332, 0.33716, -0.62384] angvel=[11.42579, 7.91335, 4.72263] linvel=[-0.13604, -0.37756, 0.38366] z=0.0628
[lowlevel-sim][GT] t=53.135 quat=[-0.19775, -0.69333, 0.3283, -0.61025] angvel=[-10.8278, -5.04167, -3.53993] linvel=[-0.10261, 0.08173, -0.37364] z=0.0683
[lowlevel-sim][GT] t=53.190 quat=[-0.16564, -0.70272, 0.35014, -0.59679] angvel=[11.54784, 4.24647, 4.00408] linvel=[-0.16119, -0.51475, 0.40141] z=0.0706
[lowlevel-sim][GT] t=53.245 quat=[-0.16969, -0.6841, 0.35415, -0.61465] angvel=[-10.50127, -6.29692, -3.13124] linvel=[-0.06534, 0.05931, -0.6683] z=0.0715
[lowlevel-sim][GT] t=53.300 quat=[-0.15805, -0.69579, 0.34217, -0.6114] angvel=[3.04738, 0.79476, 1.97738] linvel=[0.00427, -0.17012, 0.20569] z=0.0640
[lowlevel-sim][GT] t=53.355 quat=[-0.17302, -0.70074, 0.31585, -0.61585] angvel=[-8.71749, -7.96562, -2.61678] linvel=[-0.11588, 0.10635, -0.32267] z=0.0690
[lowlevel-sim][GT] t=53.410 quat=[-0.16465, -0.73106, 0.3167, -0.58149] angvel=[5.3414, 4.76014, 1.93855] linvel=[0.10738, -0.1875, 0.18319] z=0.0729
[lowlevel-sim][GT] t=53.465 quat=[-0.19334, -0.71161, 0.28302, -0.6133] angvel=[-13.29739, -8.34238, -1.60705] linvel=[-0.12794, 0.05204, -0.92932] z=0.0686
[lowlevel-sim][GT] t=53.520 quat=[-0.19947, -0.6874, 0.24846, -0.65266] angvel=[11.28347, 7.42285, 2.886] linvel=[-0.11624, -0.16316, 0.33986] z=0.0620
[lowlevel-sim][GT] t=53.575 quat=[-0.22006, -0.66175, 0.2109, -0.68497] angvel=[-14.04777, -9.18666, 0.10198] linvel=[-0.33349, 0.18779, -0.80243] z=0.0614
[lowlevel-sim][GT] t=53.630 quat=[-0.19249, -0.71122, 0.22033, -0.63919] angvel=[7.37463, 6.6011, 0.03089] linvel=[-0.0627, 0.02832, 0.90343] z=0.0605
[lowlevel-sim][GT] t=53.685 quat=[-0.17677, -0.71245, 0.23415, -0.63745] angvel=[-6.31577, -13.88357, -1.01414] linvel=[-0.24881, 0.17032, -0.37708] z=0.0693
[lowlevel-sim][GT] t=53.740 quat=[-0.17188, -0.74587, 0.23992, -0.59714] angvel=[3.90728, 8.997, -0.14856] linvel=[0.15157, -0.0986, 0.67179] z=0.0657
[lowlevel-sim][GT] t=53.795 quat=[-0.18202, -0.72198, 0.24204, -0.62212] angvel=[-6.08825, -11.35238, -0.54266] linvel=[-0.15822, 0.09642, -0.69204] z=0.0683
[lowlevel-sim][GT] t=53.850 quat=[-0.17864, -0.7351, 0.23437, -0.61056] angvel=[5.50265, 11.37529, 1.78907] linvel=[0.13043, 0.03201, 0.44834] z=0.0662
[lowlevel-sim][GT] t=53.905 quat=[-0.17129, -0.69638, 0.23656, -0.65556] angvel=[-6.39804, -17.21745, -1.79604] linvel=[-0.19812, 0.14492, -0.65556] z=0.0662
[lowlevel-sim][GT] t=53.960 quat=[-0.17024, -0.71236, 0.23554, -0.63881] angvel=[0.42312, 8.06962, 0.6562] linvel=[-0.03158, -0.01253, 0.5753] z=0.0616
[lowlevel-sim][GT] t=54.015 quat=[-0.18758, -0.63494, 0.23511, -0.71161] angvel=[-2.44552, -5.798, -1.80948] linvel=[-0.10169, 0.13415, 0.14024] z=0.0637
[lowlevel-sim][GT] t=54.070 quat=[-0.21611, -0.63739, 0.26149, -0.69185] angvel=[3.85911, 11.09366, -0.29065] linvel=[0.0993, 0.05399, 0.59382] z=0.0662
[lowlevel-sim][GT] t=54.125 quat=[-0.21597, -0.61282, 0.26567, -0.7122] angvel=[-7.99875, -10.511, -0.28615] linvel=[-0.03742, 0.30658, -0.49274] z=0.0715
[lowlevel-sim][GT] t=54.180 quat=[-0.22874, -0.66996, 0.24206, -0.6635] angvel=[1.10663, 8.80138, -0.43531] linvel=[-0.03824, 0.13689, 0.81591] z=0.0611
[lowlevel-sim][GT] t=54.235 quat=[-0.25692, -0.67791, 0.22477, -0.65108] angvel=[-6.29308, -13.55829, 2.00978] linvel=[-0.00172, 0.35752, -0.24255] z=0.0646
[lowlevel-sim][GT] t=54.290 quat=[-0.25145, -0.66134, 0.21843, -0.67208] angvel=[-0.65076, -3.74557, 2.93254] linvel=[-0.12651, -0.06549, -0.03085] z=0.0597
[lowlevel-sim][GT] t=54.345 quat=[-0.17442, -0.62047, 0.23656, -0.72707] angvel=[-0.90239, -12.51498, 0.98377] linvel=[-0.27181, 0.06423, -0.3235] z=0.0754
[lowlevel-sim][GT] t=54.400 quat=[-0.11854, -0.61877, 0.25994, -0.73178] angvel=[2.56722, 9.73962, 2.52792] linvel=[-0.05631, -0.10772, 0.6718] z=0.0917
[lowlevel-sim][GT] t=54.455 quat=[-0.11299, -0.5786, 0.2356, -0.77263] angvel=[-4.9956, -14.34014, -1.56056] linvel=[-0.36906, 0.02544, -0.86475] z=0.0970
[lowlevel-sim][GT] t=54.510 quat=[-0.13826, -0.62274, 0.18811, -0.74679] angvel=[1.55765, 13.42816, 1.3358] linvel=[0.10939, -0.0758, 0.07062] z=0.0800
[lowlevel-sim][GT] t=54.565 quat=[-0.12942, -0.62404, 0.18231, -0.74872] angvel=[-1.8185, -12.62964, 0.10419] linvel=[-0.37075, 0.0136, -0.68118] z=0.0741
[lowlevel-sim][GT] t=54.620 quat=[-0.12855, -0.6982, 0.16016, -0.68581] angvel=[2.84533, 17.74997, 1.19655] linvel=[0.2142, 0.25221, 0.7591] z=0.0591
[lowlevel-sim][GT] t=54.675 quat=[-0.11143, -0.67088, 0.17178, -0.71274] angvel=[-0.72606, -9.16632, 0.01221] linvel=[-0.18515, 0.20873, -0.09938] z=0.0604
[lowlevel-sim][GT] t=54.730 quat=[-0.14459, -0.71666, 0.12785, -0.67018] angvel=[-1.52064, 11.89094, -0.90752] linvel=[-0.02693, 0.36623, 0.68802] z=0.0575
[lowlevel-sim][GT] t=54.785 quat=[-0.13176, -0.65965, 0.10471, -0.73249] angvel=[1.99728, -12.71986, 1.47808] linvel=[-0.25692, 0.19477, -0.39813] z=0.0688
[lowlevel-sim][GT] t=54.840 quat=[-0.1274, -0.67487, 0.08614, -0.72174] angvel=[-5.83846, 3.16024, 0.76369] linvel=[-0.08127, 0.32483, 0.03827] z=0.0642
[lowlevel-sim][GT] t=54.895 quat=[-0.06121, -0.66243, 0.12788, -0.73558] angvel=[11.19022, 1.02705, 0.65972] linvel=[0.02288, 0.24269, 0.21419] z=0.0666
[lowlevel-sim][GT] t=54.950 quat=[-0.06008, -0.65503, 0.12609, -0.74258] angvel=[-8.65738, -5.60825, -0.91639] linvel=[-0.20906, 0.29288, -0.29594] z=0.0729
[lowlevel-sim] t=  55.00 mode=cmd        pd=10999 hold=5513 failclosed=41 rtf=0.655 base_z=+0.062 pitch=-1.438 roll=-1.169 |tau|max=108.83 sat=7/29 knee_L=+0.159 hip_p_L=-0.181 torn=5286 cmd_age=36.5ms auth=42.1s rig_ign=800 fix_base=0 sat_j=right_hip_pitch_joint:-88.0,right_hip_yaw_joint:+88.0,right_ankle_pitch_joint:-35.0,left_wrist_pitch_joint:+5.0,left_wrist_yaw_joint:+5.0,right_wrist_pitch_joint:-5.0
[lowlevel-sim][GT] t=55.005 quat=[-0.04717, -0.69879, 0.15184, -0.69743] angvel=[8.14292, 10.68066, 1.48223] linvel=[0.047, -0.02505, 0.46711] z=0.0586
[lowlevel-sim][GT] t=55.060 quat=[-0.09311, -0.71159, 0.09515, -0.68987] angvel=[-13.14576, -14.41556, -0.11326] linvel=[-0.17954, 0.02531, -0.49245] z=0.0669
[lowlevel-sim][GT] t=55.115 quat=[-0.13438, -0.7425, 0.05326, -0.65407] angvel=[-0.63755, 10.32466, -1.06149] linvel=[-0.0188, 0.2672, 0.60476] z=0.0623
[lowlevel-sim][GT] t=55.170 quat=[-0.13624, -0.71965, 0.04884, -0.67908] angvel=[-2.57336, -16.32772, 2.36848] linvel=[-0.24891, 0.02213, -0.42134] z=0.0666
[lowlevel-sim][GT] t=55.225 quat=[-0.1036, -0.7283, 0.0705, -0.6737] angvel=[-0.10175, 3.70637, 0.12693] linvel=[-0.07044, 0.10596, 0.26463] z=0.0584
[lowlevel-sim][GT] t=55.280 quat=[-0.06159, -0.66394, 0.10783, -0.73741] angvel=[-5.80984, -16.35846, -1.95316] linvel=[-0.39766, -0.07706, -0.84978] z=0.0661
[lowlevel-sim][GT] t=55.335 quat=[-0.05093, -0.67576, 0.13956, -0.72199] angvel=[9.79912, 9.64592, 1.02733] linvel=[-0.17902, 0.00556, 0.41678] z=0.0679
[lowlevel-sim][GT] t=55.390 quat=[-0.08065, -0.65558, 0.1308, -0.73932] angvel=[-10.84433, -5.55522, -1.19779] linvel=[-0.38412, 0.29097, -0.31946] z=0.0670
[lowlevel-sim][GT] t=55.445 quat=[-0.05855, -0.66959, 0.16095, -0.72271] angvel=[8.30444, 8.70438, 1.62692] linvel=[-0.2242, -0.00027, 0.44089] z=0.0646
[lowlevel-sim][GT] t=55.500 quat=[-0.07462, -0.67987, 0.15216, -0.71348] angvel=[-9.06182, -6.60108, -1.07837] linvel=[-0.1834, 0.23965, -0.37342] z=0.0608
[lowlevel-sim][GT] t=55.555 quat=[-0.08589, -0.73011, 0.13396, -0.66454] angvel=[3.05519, 4.39067, 0.68401] linvel=[0.07948, 0.13352, 0.42765] z=0.0588
[lowlevel-sim][GT] t=55.610 quat=[-0.15595, -0.70438, 0.06207, -0.68969] angvel=[-8.9935, -5.24008, 0.42165] linvel=[0.08183, 0.33372, 0.21374] z=0.0609
[lowlevel-sim][GT] t=55.665 quat=[-0.16515, -0.67937, 0.03703, -0.71401] angvel=[6.34003, 7.80376, -1.41643] linvel=[0.36173, -0.02708, 0.73862] z=0.0783
[lowlevel-sim][GT] t=55.720 quat=[-0.13492, -0.5649, -0.00557, -0.81404] angvel=[2.84945, -3.30395, 3.11049] linvel=[-0.03164, 0.2522, 0.66702] z=0.1160
[lowlevel-sim][GT] t=55.775 quat=[-0.12774, -0.55008, -0.07191, -0.82215] angvel=[-8.77875, 0.93925, -0.59207] linvel=[-0.28268, 0.3556, 0.50517] z=0.1529
[lowlevel-sim][GT] t=55.830 quat=[-0.14683, -0.58431, -0.10549, -0.79114] angvel=[5.19943, 6.71062, -2.98046] linvel=[-0.16617, 0.74789, 0.48232] z=0.1685
[lowlevel-sim][GT] t=55.885 quat=[-0.17882, -0.57358, -0.1668, -0.7818] angvel=[-4.35687, -11.23132, 6.21112] linvel=[-0.30911, 0.2648, -0.92025] z=0.1607
[lowlevel-sim][GT] t=55.940 quat=[-0.18049, -0.62791, -0.14821, -0.74242] angvel=[9.25478, 13.1811, -5.85194] linvel=[0.16565, 0.38976, 0.29255] z=0.1310
[lowlevel-sim][GT] t=55.995 quat=[-0.12529, -0.64377, -0.11404, -0.74623] angvel=[-0.23381, -14.03974, 4.99659] linvel=[0.05445, 0.35575, -1.13787] z=0.1053
[lowlevel-sim][GT] t=56.050 quat=[-0.06454, -0.7002, -0.05506, -0.70889] angvel=[1.01459, 15.34703, -2.70758] linvel=[0.40643, 0.71915, -0.29178] z=0.0690
[lowlevel-sim][GT] t=56.105 quat=[0.02078, -0.71364, -0.01091, -0.70012] angvel=[7.50899, -10.33206, 2.4022] linvel=[-0.15645, 0.13182, -0.74082] z=0.0588
[lowlevel-sim][GT] t=56.160 quat=[0.03238, -0.7378, -0.02124, -0.67391] angvel=[-3.71903, 5.11713, -1.00905] linvel=[0.02693, 0.11334, 0.53041] z=0.0589
[lowlevel-sim][GT] t=56.215 quat=[0.05372, -0.73256, -0.03471, -0.67769] angvel=[6.32266, -8.62438, 1.37987] linvel=[-0.19977, 0.05156, -0.55872] z=0.0604
[lowlevel-sim][GT] t=56.270 quat=[0.06413, -0.75197, -0.0438, -0.65461] angvel=[-4.60006, 13.6615, -0.78463] linvel=[0.00036, 0.13449, 0.61272] z=0.0637
[lowlevel-sim][GT] t=56.325 quat=[0.05601, -0.75433, -0.06253, -0.6511] angvel=[4.85979, -12.11023, 1.06454] linvel=[-0.19476, 0.01888, -0.32055] z=0.0684
[lowlevel-sim][GT] t=56.380 quat=[0.04472, -0.78689, -0.07723, -0.61061] angvel=[-6.86657, 11.39891, -0.6533] linvel=[0.15004, 0.11416, 0.28673] z=0.0649
[lowlevel-sim][GT] t=56.435 quat=[0.05515, -0.75214, -0.05677, -0.65424] angvel=[6.78472, -14.19038, 1.02653] linvel=[-0.17216, 0.06161, -0.76444] z=0.0662
[lowlevel-sim][GT] t=56.490 quat=[0.03973, -0.75766, -0.05401, -0.64919] angvel=[-5.02716, 8.6599, -1.26948] linvel=[0.03349, 0.17038, 0.14642] z=0.0594
[lowlevel-sim][GT] t=56.545 quat=[0.07766, -0.68586, -0.00885, -0.72353] angvel=[9.18187, -11.32807, -0.67059] linvel=[-0.2576, 0.05512, -0.15636] z=0.0616
[lowlevel-sim][GT] t=56.600 quat=[0.08116, -0.6702, 0.00059, -0.73772] angvel=[-7.1192, 3.35611, 0.83295] linvel=[-0.02288, -0.20866, 0.17134] z=0.0724
[lowlevel-sim][GT] t=56.655 quat=[0.07952, -0.68268, -0.01262, -0.72627] angvel=[0.03871, 13.52041, 1.31607] linvel=[0.18233, -0.68325, 0.41919] z=0.0717
[lowlevel-sim][GT] t=56.710 quat=[0.02353, -0.68175, -0.04295, -0.72995] angvel=[1.07786, -5.61786, -1.20045] linvel=[-0.37782, -0.14168, -0.04341] z=0.0623
[lowlevel-sim][GT] t=56.765 quat=[0.01574, -0.72682, -0.04879, -0.68491] angvel=[-2.765, 15.00608, 0.14443] linvel=[-0.07329, 0.03598, 0.5931] z=0.0572
[lowlevel-sim][GT] t=56.820 quat=[0.03689, -0.70233, -0.07041, -0.7074] angvel=[2.98428, -14.24051, 1.52779] linvel=[-0.09477, -0.11805, -0.49881] z=0.0616
[lowlevel-sim][GT] t=56.875 quat=[0.05509, -0.74129, -0.06514, -0.66574] angvel=[-5.19403, 15.17612, 0.18784] linvel=[0.09584, -0.0041, 0.47428] z=0.0617
[lowlevel-sim][GT] t=56.930 quat=[0.06401, -0.67863, -0.0734, -0.728] angvel=[2.14682, -17.83351, 0.18479] linvel=[-0.09009, -0.09653, -0.94876] z=0.0628
[lowlevel-sim][GT] t=56.985 quat=[0.07498, -0.71896, -0.07653, -0.68675] angvel=[-3.9005, 14.86156, -0.12969] linvel=[-0.01545, 0.12415, 0.66392] z=0.0608
[lowlevel-sim][GT] t=57.040 quat=[0.094, -0.72639, -0.06274, -0.67793] angvel=[5.09304, -5.38742, 0.6331] linvel=[-0.17329, -0.23933, -0.16486] z=0.0606
[lowlevel-sim][GT] t=57.095 quat=[0.08427, -0.76582, -0.06017, -0.63466] angvel=[-4.28472, 7.38367, -0.33726] linvel=[0.0348, 0.10973, 0.73811] z=0.0630
[lowlevel-sim][GT] t=57.150 quat=[0.0814, -0.75348, -0.03421, -0.65152] angvel=[5.63918, -17.42873, -1.17865] linvel=[-0.33479, 0.0469, -0.59847] z=0.0689
[lowlevel-sim][GT] t=57.205 quat=[0.04, -0.74973, -0.03484, -0.65961] angvel=[-6.32602, 13.06654, -0.89576] linvel=[-0.05432, 0.25126, 0.46318] z=0.0635
[lowlevel-sim][GT] t=57.260 quat=[0.02951, -0.70485, -0.01102, -0.70865] angvel=[5.31575, -8.79374, -0.39303] linvel=[-0.17188, 0.19374, -0.85672] z=0.0636
[lowlevel-sim][GT] t=57.315 quat=[-0.00215, -0.74848, -0.01943, -0.66287] angvel=[-6.70954, 16.10615, -0.29801] linvel=[0.07928, 0.46974, 0.62545] z=0.0689
[lowlevel-sim][GT] t=57.370 quat=[-0.01068, -0.76108, -0.01823, -0.64832] angvel=[5.72568, -10.89496, -0.76458] linvel=[-0.37973, 0.03702, -0.45503] z=0.0676
[lowlevel-sim][GT] t=57.425 quat=[-0.02973, -0.79404, -0.01637, -0.60692] angvel=[-6.10647, 13.84795, -0.13466] linvel=[0.21482, 0.28134, 0.33975] z=0.0708
[lowlevel-sim][GT] t=57.480 quat=[-0.04259, -0.76505, -0.01023, -0.64247] angvel=[4.35155, -14.48205, 0.09803] linvel=[-0.3485, -0.10235, -0.53294] z=0.0677
[lowlevel-sim] t=  57.50 mode=cmd        pd=11499 hold=5513 failclosed=41 rtf=0.652 base_z=+0.071 pitch=-1.401 roll=+2.612 |tau|max=112.32 sat=12/29 knee_L=+0.199 hip_p_L=-0.060 torn=5331 cmd_age=28.8ms auth=46.3s rig_ign=800 fix_base=0 sat_j=left_hip_pitch_joint:-88.0,left_ankle_pitch_joint:-35.0,left_ankle_roll_joint:+35.0,right_hip_pitch_joint:-88.0,right_ankle_roll_joint:-35.0,waist_pitch_joint:-35.0
[lowlevel-sim][GT] t=57.535 quat=[-0.08787, -0.76392, -0.02102, -0.63895] angvel=[-4.43316, 12.56053, -3.14292] linvel=[0.10159, 0.3986, 0.11291] z=0.0626
[lowlevel-sim][GT] t=57.590 quat=[-0.04544, -0.70983, 0.03867, -0.70184] angvel=[5.99886, -13.05093, 0.4347] linvel=[-0.18934, 0.01571, -0.67966] z=0.0597
[lowlevel-sim][GT] t=57.645 quat=[-0.03388, -0.7373, 0.05799, -0.67221] angvel=[-0.83553, 15.48458, -0.4329] linvel=[-0.06393, 0.20573, 0.56439] z=0.0604
[lowlevel-sim][GT] t=57.700 quat=[-0.04424, -0.64902, 0.03312, -0.75876] angvel=[-0.88104, -17.03788, 0.68925] linvel=[-0.29363, 0.02872, -0.45939] z=0.0735
[lowlevel-sim][GT] t=57.755 quat=[-0.02284, -0.64555, 0.04043, -0.76231] angvel=[2.01407, 11.07138, 0.30323] linvel=[-0.02782, 0.02282, 0.69592] z=0.0830
[lowlevel-sim][GT] t=57.810 quat=[0.00743, -0.57184, 0.05164, -0.8187] angvel=[1.10441, -11.9652, 0.1419] linvel=[-0.60761, 0.06701, -0.39496] z=0.0924
[lowlevel-sim][GT] t=57.865 quat=[0.03246, -0.5993, 0.06253, -0.79742] angvel=[3.36639, 11.91295, 1.83814] linvel=[-0.44834, -0.0096, 0.46046] z=0.0923
[lowlevel-sim][GT] t=57.920 quat=[0.04575, -0.61353, 0.05226, -0.78661] angvel=[0.70248, -11.27573, -1.1701] linvel=[-0.88673, 0.16329, -0.60763] z=0.0872
[lowlevel-sim][GT] t=57.975 quat=[0.07059, -0.66786, 0.03281, -0.74021] angvel=[-0.2445, 17.64853, 3.54807] linvel=[-0.35201, -0.04655, 0.66437] z=0.0774
[lowlevel-sim][GT] t=58.030 quat=[0.08289, -0.69672, 0.01662, -0.71235] angvel=[-2.45784, -15.28941, -1.49793] linvel=[-0.316, -0.03867, -0.44865] z=0.0654
[lowlevel-sim][GT] t=58.085 quat=[0.02522, -0.72142, -0.06937, -0.68855] angvel=[-5.74046, 7.44621, -0.08897] linvel=[0.10113, 0.06089, 0.44118] z=0.0589
[lowlevel-sim][GT] t=58.140 quat=[0.01759, -0.69823, -0.09981, -0.70866] angvel=[0.99263, -14.36227, 2.46868] linvel=[-0.10632, 0.00026, -0.51731] z=0.0638
[lowlevel-sim][GT] t=58.195 quat=[0.05459, -0.73489, -0.07929, -0.67132] angvel=[1.67309, 15.16264, -0.66838] linvel=[0.01109, -0.03101, 0.59698] z=0.0632
[lowlevel-sim][GT] t=58.250 quat=[0.07145, -0.72037, -0.06556, -0.68677] angvel=[3.52594, -14.81852, -0.49005] linvel=[-0.29061, -0.07348, -0.37567] z=0.0648
[lowlevel-sim][GT] t=58.305 quat=[0.05703, -0.7679, -0.06974, -0.63421] angvel=[-4.37256, 8.67518, -0.33502] linvel=[-0.001, 0.05881, 0.48357] z=0.0644
[lowlevel-sim][GT] t=58.360 quat=[0.05621, -0.73235, -0.04724, -0.67696] angvel=[2.3099, -14.3369, -0.42712] linvel=[-0.25633, 0.03151, -0.79805] z=0.0641
[lowlevel-sim][GT] t=58.415 quat=[0.06181, -0.72394, -0.03145, -0.68637] angvel=[-1.62386, 3.1795, 0.20265] linvel=[-0.13318, -0.02188, 0.28989] z=0.0584
[lowlevel-sim][GT] t=58.470 quat=[0.05272, -0.68694, -0.03577, -0.72392] angvel=[5.42047, -15.15197, -0.12456] linvel=[-0.34027, -0.05291, -0.44845] z=0.0618
[lowlevel-sim][GT] t=58.525 quat=[0.03653, -0.72419, -0.04809, -0.68696] angvel=[-6.53916, 16.03691, -0.12044] linvel=[-0.15146, 0.15963, 0.43478] z=0.0578
[lowlevel-sim][GT] t=58.580 quat=[0.05143, -0.70128, -0.04911, -0.70933] angvel=[7.31533, -12.42305, 1.48098] linvel=[-0.35476, -0.21623, -0.62998] z=0.0620
[lowlevel-sim][GT] t=58.635 quat=[0.05184, -0.74771, -0.04355, -0.66057] angvel=[-4.77809, 10.66519, -0.28818] linvel=[-0.12178, 0.03635, 0.46649] z=0.0613
[lowlevel-sim][GT] t=58.690 quat=[0.05411, -0.68616, -0.03878, -0.7244] angvel=[-3.11439, -13.86115, -0.6276] linvel=[-0.41528, -0.37576, -0.44677] z=0.0618
[lowlevel-sim][GT] t=58.745 quat=[0.05766, -0.82261, -0.04541, -0.56385] angvel=[1.16696, 18.86721, 0.10479] linvel=[0.5287, -0.08302, 1.17659] z=0.0735
[lowlevel-sim][GT] t=58.800 quat=[0.05087, -0.85536, -0.04851, -0.51325] angvel=[-1.60603, -7.9426, 0.37448] linvel=[-0.2789, 0.0543, 0.15394] z=0.0974
[lowlevel-sim][GT] t=58.855 quat=[0.06631, -0.87967, -0.03994, -0.46924] angvel=[1.36109, 10.63204, 0.40729] linvel=[0.53742, -0.02382, 0.77357] z=0.1227
[lowlevel-sim][GT] t=58.910 quat=[0.08965, -0.86888, -0.01415, -0.48663] angvel=[1.74243, -10.83401, -2.78128] linvel=[-0.37578, -0.01908, -0.50147] z=0.1341
[lowlevel-sim][GT] t=58.965 quat=[0.124, -0.86304, 0.00902, -0.48959] angvel=[1.72701, 8.42966, 3.0977] linvel=[0.34471, -0.18274, -0.22148] z=0.1165
[lowlevel-sim][GT] t=59.020 quat=[0.13869, -0.80933, 0.02495, -0.57019] angvel=[-0.32525, -12.55153, -3.91288] linvel=[-0.4411, 0.07322, -1.12654] z=0.0833
[lowlevel-sim][GT] t=59.075 quat=[0.08582, -0.75591, -0.06418, -0.64584] angvel=[-1.75925, 2.57591, 2.04951] linvel=[-0.05407, -0.11633, 0.21626] z=0.0621
[lowlevel-sim][GT] t=59.130 quat=[0.05445, -0.71388, -0.05542, -0.69595] angvel=[0.18468, -13.46051, -0.89] linvel=[-0.29483, 0.04035, -0.45041] z=0.0631
[lowlevel-sim][GT] t=59.185 quat=[0.07719, -0.73333, -0.02141, -0.67514] angvel=[0.96886, 15.34618, 1.81689] linvel=[-0.0367, -0.26582, 0.68841] z=0.0605
[lowlevel-sim][GT] t=59.240 quat=[0.04811, -0.74899, -0.05463, -0.65858] angvel=[-2.10534, -14.52265, -0.78191] linvel=[-0.18557, -0.11684, -0.44523] z=0.0684
[lowlevel-sim][GT] t=59.295 quat=[0.05771, -0.78521, -0.07344, -0.61214] angvel=[0.60013, 13.53, 1.29655] linvel=[0.11303, -0.05707, 0.47252] z=0.0694
[lowlevel-sim][GT] t=59.350 quat=[0.05865, -0.7647, -0.09872, -0.63407] angvel=[-0.11107, -14.47373, 0.40522] linvel=[-0.12884, -0.1412, -0.6921] z=0.0691
[lowlevel-sim][GT] t=59.405 quat=[0.09021, -0.78535, -0.10416, -0.60352] angvel=[-0.06442, 13.32117, 2.44836] linvel=[0.25137, -0.33994, 0.51711] z=0.0676
[lowlevel-sim][GT] t=59.460 quat=[0.10726, -0.73798, -0.11111, -0.65691] angvel=[1.8115, -16.42013, 0.3] linvel=[-0.23592, -0.12184, -0.63257] z=0.0676
[lowlevel-sim][GT] t=59.515 quat=[0.12928, -0.72937, -0.11649, -0.66161] angvel=[2.43763, 5.32152, 1.55457] linvel=[-0.14196, -0.09431, 0.41598] z=0.0600
[lowlevel-sim][GT] t=59.570 quat=[0.09256, -0.66446, -0.1659, -0.72277] angvel=[-11.21862, 7.85896, -0.79427] linvel=[0.0695, 0.30844, 0.63811] z=0.0669
[lowlevel-sim][GT] t=59.625 quat=[0.0903, -0.62446, -0.18234, -0.75409] angvel=[8.85958, -5.01392, 2.16128] linvel=[-0.37833, 0.06653, 0.02752] z=0.0854
[lowlevel-sim][GT] t=59.680 quat=[0.05802, -0.62957, -0.21891, -0.74321] angvel=[-9.6648, 4.10793, -2.87234] linvel=[-0.42737, 0.36781, 0.47501] z=0.0998
[lowlevel-sim][GT] t=59.735 quat=[0.0479, -0.62019, -0.23818, -0.74588] angvel=[10.45352, -6.17165, 4.7307] linvel=[-0.47265, 0.15969, -0.79465] z=0.0936
[lowlevel-sim][GT] t=59.790 quat=[0.05102, -0.6676, -0.23487, -0.70466] angvel=[-3.8584, 5.14845, -1.77819] linvel=[-0.08958, 0.35255, 0.00523] z=0.0760
[lowlevel-sim] FAIL-CLOSED engaged at t=59.840s, last command age 88.82 ms (deadline <= 100 ms) PASS
[lowlevel-sim][GT] t=59.845 quat=[0.11526, -0.68015, -0.1779, -0.70176] angvel=[11.51152, -2.48348, 0.33269] linvel=[-0.16313, 0.14586, -0.34078] z=0.0616
[lowlevel-sim] COMMANDED at t=59.845s (was fail-closed)
[lowlevel-sim][GT] t=59.900 quat=[0.12044, -0.71563, -0.1557, -0.67017] angvel=[-5.05861, 3.73867, -0.93647] linvel=[0.06208, 0.01236, 0.40525] z=0.0565
[lowlevel-sim][GT] t=59.955 quat=[0.12627, -0.7294, -0.13629, -0.65837] angvel=[5.67017, -7.96702, 0.65268] linvel=[0.03076, -0.12959, -0.28973] z=0.0650
[lowlevel-sim] t=  60.00 mode=cmd        pd=11999 hold=5513 failclosed=42 rtf=0.650 base_z=+0.066 pitch=-1.350 roll=+3.115 |tau|max= 52.59 sat=9/29 knee_L=-0.027 hip_p_L=+0.281 torn=5378 cmd_age=29.3ms auth=50.4s rig_ign=800 fix_base=0 sat_j=left_ankle_pitch_joint:+35.0,left_ankle_roll_joint:-35.0,right_ankle_roll_joint:+35.0,left_wrist_roll_joint:+25.0,left_wrist_pitch_joint:-5.0,left_wrist_yaw_joint:-5.0
[lowlevel-sim][GT] t=60.010 quat=[0.10505, -0.77294, -0.13155, -0.61174] angvel=[-5.0997, 8.51676, -0.07651] linvel=[0.20827, -0.00677, 0.53352] z=0.0668
[lowlevel-sim][GT] t=60.065 quat=[0.10414, -0.73197, -0.09055, -0.66721] angvel=[3.5945, -16.02178, -0.47633] linvel=[-0.26805, 0.05619, -0.75515] z=0.0672
[lowlevel-sim][GT] t=60.120 quat=[0.10245, -0.67828, -0.10064, -0.72063] angvel=[-7.21555, 6.30027, 0.6589] linvel=[-0.05226, 0.16077, 0.651] z=0.0658
[lowlevel-sim][GT] t=60.175 quat=[0.15947, -0.63686, -0.08547, -0.74944] angvel=[8.9981, -9.39149, 0.73392] linvel=[-0.3559, -0.18388, -0.38326] z=0.0817
[lowlevel-sim] FAIL-CLOSED engaged at t=60.185s, last command age 87.28 ms (deadline <= 100 ms) PASS
[lowlevel-sim] COMMANDED at t=60.190s (was fail-closed)
[lowlevel-sim][GT] t=60.230 quat=[0.17861, -0.64434, -0.0742, -0.73988] angvel=[-3.81233, -0.66905, 0.10435] linvel=[-0.12497, -0.17427, 0.22277] z=0.0781
[lowlevel-sim][GT] t=60.285 quat=[0.17417, -0.64788, -0.07871, -0.73737] angvel=[1.32441, -1.67348, 0.74998] linvel=[-0.33194, -0.09682, -0.02693] z=0.0713
[lowlevel-sim][GT] t=60.340 quat=[0.15002, -0.70364, -0.15668, -0.67663] angvel=[-11.58268, 13.07975, 0.78805] linvel=[-0.00597, 0.3258, 0.25928] z=0.0578
[lowlevel-sim][GT] t=60.395 quat=[0.15702, -0.6868, -0.20399, -0.67973] angvel=[11.94956, -7.19877, 2.07178] linvel=[0.06235, -0.02791, -0.78736] z=0.0683
[lowlevel-sim][GT] t=60.450 quat=[0.18154, -0.70407, -0.1916, -0.65925] angvel=[-6.08609, 3.58891, -0.64621] linvel=[0.02526, 0.04855, 0.31362] z=0.0564
[lowlevel-sim][GT] t=60.505 quat=[0.24588, -0.65212, -0.14041, -0.70325] angvel=[2.29037, 1.05329, 0.77991] linvel=[0.19769, -0.29861, 0.31303] z=0.0673
[lowlevel-sim][GT] t=60.560 quat=[0.2616, -0.66656, -0.14386, -0.68306] angvel=[-1.56512, -2.30102, -0.4312] linvel=[0.15729, -0.23907, 0.47643] z=0.0780
[lowlevel-sim][GT] t=60.615 quat=[0.31441, -0.63968, -0.07395, -0.69749] angvel=[3.0646, -8.58782, -0.92139] linvel=[0.0301, -0.32545, -0.07621] z=0.0998
[lowlevel-sim] FAIL-CLOSED engaged at t=60.640s, last command age 93.41 ms (deadline <= 100 ms) PASS
[lowlevel-sim][GT] t=60.670 quat=[0.31138, -0.66218, -0.09262, -0.67527] angvel=[-9.94197, 3.36691, 3.05537] linvel=[0.30403, -0.06402, 0.16096] z=0.1011
[lowlevel-sim] COMMANDED at t=60.710s (was fail-closed)
[lowlevel-sim][GT] t=60.725 quat=[0.29066, -0.663, -0.12261, -0.67891] angvel=[5.95872, -1.85382, -1.97589] linvel=[0.30753, -0.30672, -0.72604] z=0.0809
[lowlevel-sim][GT] t=60.780 quat=[0.22779, -0.67387, -0.14907, -0.68687] angvel=[-1.67704, -6.81154, -2.91735] linvel=[0.15145, -0.04442, -0.02866] z=0.0607
[lowlevel-sim] FAIL-CLOSED engaged at t=60.780s, last command age 88.92 ms (deadline <= 100 ms) PASS
[lowlevel-sim] COMMANDED at t=60.820s (was fail-closed)
[lowlevel-sim][GT] t=60.835 quat=[0.18144, -0.71641, -0.17697, -0.65001] angvel=[-7.59143, 14.1192, 1.29728] linvel=[0.57281, 0.01618, 0.78846] z=0.0604
[lowlevel-sim][GT] t=60.890 quat=[0.14557, -0.71048, -0.21382, -0.65445] angvel=[8.74508, -8.48356, 0.95181] linvel=[0.05278, -0.08229, -0.44399] z=0.0660
[lowlevel-sim][GT] t=60.945 quat=[0.16797, -0.72851, -0.17147, -0.64161] angvel=[-8.31566, 9.558, -0.9984] linvel=[0.11918, 0.29225, 0.22439] z=0.0673
[lowlevel-sim][GT] t=61.000 quat=[0.20464, -0.6988, -0.12973, -0.67303] angvel=[10.91527, -7.04076, -0.76142] linvel=[-0.12598, 0.01528, -0.32638] z=0.0613
[lowlevel-sim][GT] t=61.055 quat=[0.192, -0.70169, -0.14403, -0.67083] angvel=[-13.9971, 10.41456, 1.57489] linvel=[0.17671, 0.23326, 0.36851] z=0.0597
[lowlevel-sim][GT] t=61.110 quat=[0.13269, -0.69645, -0.1812, -0.68156] angvel=[7.44113, -11.40461, 1.33048] linvel=[-0.13567, -0.08321, -0.53699] z=0.0645
[lowlevel-sim][GT] t=61.165 quat=[0.11958, -0.73098, -0.16619, -0.65096] angvel=[-8.87036, 13.27334, -1.69405] linvel=[-0.03283, 0.32968, 0.21459] z=0.0611
[lowlevel-sim] FAIL-CLOSED engaged at t=61.180s, last command age 101.76 ms (deadline <= 100 ms) FAIL
[lowlevel-sim][GT] t=61.220 quat=[0.15732, -0.70538, -0.11115, -0.68216] angvel=[7.2224, -1.58828, -1.19897] linvel=[-0.10359, -0.11829, -0.18783] z=0.0584
[lowlevel-sim] COMMANDED at t=61.245s (was fail-closed)
[lowlevel-sim][GT] t=61.275 quat=[0.12732, -0.69115, -0.10519, -0.70359] angvel=[-1.44476, -13.84454, -1.06855] linvel=[-0.18448, 0.01908, -0.07699] z=0.0615
[lowlevel-sim] FAIL-CLOSED engaged at t=61.300s, last command age 100.45 ms (deadline <= 100 ms) FAIL
[lowlevel-sim][GT] t=61.330 quat=[0.10849, -0.73717, -0.11466, -0.65701] angvel=[5.00334, 7.67707, -0.86481] linvel=[-0.1284, 0.04597, 0.26496] z=0.0671
[lowlevel-sim] COMMANDED at t=61.365s (was fail-closed)
[lowlevel-sim][GT] t=61.385 quat=[0.09373, -0.71519, -0.13794, -0.67874] angvel=[-5.72605, -8.38686, 0.3837] linvel=[-0.10646, 0.14665, -0.60729] z=0.0614
[lowlevel-sim][GT] t=61.440 quat=[0.12362, -0.68217, -0.13407, -0.70809] angvel=[11.24767, -10.96812, 1.8415] linvel=[-0.1737, -0.03287, -0.53074] z=0.0612
[lowlevel-sim][GT] t=61.495 quat=[0.12818, -0.71782, -0.13348, -0.67118] angvel=[-10.64861, 13.70747, -0.75381] linvel=[-0.12052, 0.19658, 0.3804] z=0.0608
[lowlevel-sim][GT] t=61.550 quat=[0.13465, -0.69926, -0.12366, -0.6911] angvel=[8.43208, -10.49152, 0.96444] linvel=[-0.18935, -0.1506, -0.53842] z=0.0628
[lowlevel-sim][GT] t=61.605 quat=[0.11044, -0.72356, -0.14424, -0.66593] angvel=[-7.69487, 4.8277, -1.32192] linvel=[-0.12562, 0.11982, 0.40446] z=0.0581
[lowlevel-sim] FAIL-CLOSED engaged at t=61.620s, last command age 102.35 ms (deadline <= 100 ms) FAIL
[lowlevel-sim][GT] t=61.660 quat=[0.11406, -0.71924, -0.14205, -0.67045] angvel=[3.31126, 1.84488, -0.46397] linvel=[-0.05244, 0.04208, -0.0145] z=0.0583
[lowlevel-sim] COMMANDED at t=61.685s (was fail-closed)
[lowlevel-sim][GT] t=61.715 quat=[0.10526, -0.70312, -0.15953, -0.6849] angvel=[-1.96297, -8.75476, 0.67058] linvel=[-0.10317, 0.02714, -0.23113] z=0.0625
[lowlevel-sim] FAIL-CLOSED engaged at t=61.740s, last command age 100.85 ms (deadline <= 100 ms) FAIL
[lowlevel-sim] COMMANDED at t=61.750s (was fail-closed)
[lowlevel-sim][GT] t=61.770 quat=[0.10968, -0.71935, -0.14978, -0.66938] angvel=[3.88871, 8.6474, -1.19421] linvel=[-0.01031, 0.0507, 0.0869] z=0.0579
[lowlevel-sim] FAIL-CLOSED engaged at t=61.810s, last command age 85.51 ms (deadline <= 100 ms) PASS
[lowlevel-sim] COMMANDED at t=61.820s (was fail-closed)
[lowlevel-sim][GT] t=61.825 quat=[0.10386, -0.69709, -0.16414, -0.69018] angvel=[-3.64744, -4.18449, 0.67315] linvel=[-0.16743, 0.08873, -0.0276] z=0.0610
[lowlevel-sim][GT] t=61.880 quat=[0.1148, -0.68159, -0.15623, -0.70558] angvel=[9.70755, -11.85132, 1.3763] linvel=[-0.13922, -0.15959, -0.45476] z=0.0629
[lowlevel-sim][GT] t=61.935 quat=[0.11028, -0.70243, -0.1609, -0.6845] angvel=[-5.06852, 1.16713, -0.10809] linvel=[-0.17535, -0.00534, 0.23327] z=0.0562
[lowlevel-sim][GT] t=61.990 quat=[0.13541, -0.69735, -0.15063, -0.68751] angvel=[10.80904, -7.80359, 1.04848] linvel=[-0.32691, -0.19209, -0.37954] z=0.0616
[lowlevel-sim][GT] t=62.045 quat=[0.10883, -0.7305, -0.1689, -0.65269] angvel=[-5.41409, 6.39878, -1.78088] linvel=[-0.10096, 0.04675, 0.45814] z=0.0601
[lowlevel-sim][GT] t=62.100 quat=[0.11272, -0.71991, -0.17965, -0.66087] angvel=[9.64598, -9.15242, 1.95908] linvel=[-0.09205, -0.10569, -0.45369] z=0.0667
[lowlevel-sim] FAIL-CLOSED engaged at t=62.120s, last command age 107.23 ms (deadline <= 100 ms) FAIL
[lowlevel-sim][GT] t=62.155 quat=[0.09388, -0.7399, -0.19581, -0.63671] angvel=[-5.78259, -0.57929, -0.35007] linvel=[0.02571, -0.05614, -0.09949] z=0.0635
[lowlevel-sim] COMMANDED at t=62.180s (was fail-closed)
[lowlevel-sim][GT] t=62.210 quat=[0.08517, -0.72993, -0.19566, -0.64936] angvel=[-0.415, 8.48071, -1.06281] linvel=[0.01511, 0.09777, 0.29066] z=0.0590
[lowlevel-sim][GT] t=62.265 quat=[0.09521, -0.66999, -0.22212, -0.70194] angvel=[4.36284, -17.66447, 3.81796] linvel=[-0.09949, -0.15916, -0.63119] z=0.0644
[lowlevel-sim][GT] t=62.320 quat=[0.13601, -0.7095, -0.1971, -0.66276] angvel=[-1.18693, 13.08379, -0.46797] linvel=[0.05222, -0.29266, 0.50797] z=0.0634
[lowlevel-sim][GT] t=62.375 quat=[0.15728, -0.66802, -0.15996, -0.70953] angvel=[3.03497, -13.53184, -1.56953] linvel=[-0.31814, -0.09891, -0.35427] z=0.0636
[lowlevel-sim][GT] t=62.430 quat=[0.16171, -0.68974, -0.16353, -0.68656] angvel=[1.43544, 11.74361, 0.17048] linvel=[-0.30588, -0.2151, 0.34234] z=0.0591
[lowlevel-sim][GT] t=62.485 quat=[0.17446, -0.64787, -0.15419, -0.7253] angvel=[4.10851, -15.19436, -1.02054] linvel=[-0.72705, -0.13602, -0.49523] z=0.0729
[lowlevel-sim] t=  62.50 mode=cmd        pd=12499 hold=5513 failclosed=120 rtf=0.651 base_z=+0.070 pitch=-1.518 roll=-0.849 |tau|max= 88.00 sat=10/29 knee_L=+0.142 hip_p_L=-0.149 torn=5388 cmd_age=25.1ms auth=54.2s rig_ign=800 fix_base=0 sat_j=left_hip_pitch_joint:+88.0,left_ankle_pitch_joint:+35.0,left_ankle_roll_joint:-35.0,right_hip_pitch_joint:+88.0,right_ankle_pitch_joint:-35.0,right_ankle_roll_joint:-35.0
[lowlevel-sim][GT] t=62.540 quat=[0.1941, -0.66828, -0.1463, -0.70308] angvel=[-3.86989, 15.55357, 1.1989] linvel=[-0.3099, -0.35393, 0.588] z=0.0686
[lowlevel-sim][GT] t=62.595 quat=[0.17244, -0.64737, -0.15598, -0.72584] angvel=[-6.15908, -5.96274, -0.93646] linvel=[-0.72245, 0.05122, 0.11393] z=0.0673
[lowlevel-sim][GT] t=62.650 quat=[0.16807, -0.64167, -0.17097, -0.72855] angvel=[9.26653, -10.74221, 2.30012] linvel=[-0.75103, -0.30542, -0.46791] z=0.0712
[lowlevel-sim][GT] t=62.705 quat=[0.1435, -0.704, -0.19813, -0.66673] angvel=[-10.37279, 11.61681, -1.84969] linvel=[-0.24454, 0.23108, 0.55463] z=0.0577
[lowlevel-sim][GT] t=62.760 quat=[0.19466, -0.66352, -0.15551, -0.70546] angvel=[8.53871, -0.69528, 0.11683] linvel=[-0.26394, -0.43184, -0.18811] z=0.0626
[lowlevel-sim][GT] t=62.815 quat=[0.21792, -0.63667, -0.1387, -0.72659] angvel=[3.46533, -10.80697, -1.77233] linvel=[-0.38684, -0.2667, -0.51418] z=0.0743
[lowlevel-sim][GT] t=62.870 quat=[0.26247, -0.6719, -0.0984, -0.68555] angvel=[1.57007, 3.39514, 1.5241] linvel=[-0.29495, -0.32576, 0.38714] z=0.0774
[lowlevel-sim][GT] t=62.925 quat=[0.2548, -0.67854, -0.10367, -0.68112] angvel=[0.68725, -14.60058, -4.34025] linvel=[-0.18029, -0.48979, -0.9417] z=0.0721
[lowlevel-sim][GT] t=62.980 quat=[0.23004, -0.7119, -0.14005, -0.64859] angvel=[-2.81211, 10.9007, 3.01971] linvel=[0.10583, -0.09841, 0.30332] z=0.0611
[lowlevel-sim][GT] t=63.035 quat=[0.22363, -0.67708, -0.14808, -0.68529] angvel=[3.70287, -15.76424, -2.56401] linvel=[-0.21481, -0.10417, -0.42616] z=0.0631
[lowlevel-sim][GT] t=63.090 quat=[0.20347, -0.71581, -0.19713, -0.63824] angvel=[-7.46261, 11.66333, 1.71406] linvel=[-0.01442, 0.17725, 0.29366] z=0.0602
[lowlevel-sim][GT] t=63.145 quat=[0.18497, -0.70618, -0.19727, -0.65436] angvel=[3.89322, -13.27866, -1.4607] linvel=[-0.16554, -0.20729, -0.43381] z=0.0665
[lowlevel-sim][GT] t=63.200 quat=[0.17022, -0.74301, -0.21258, -0.61137] angvel=[-5.94993, 15.20338, 0.91816] linvel=[0.13068, 0.01373, 0.6397] z=0.0643
[lowlevel-sim][GT] t=63.255 quat=[0.15094, -0.6967, -0.24652, -0.65655] angvel=[1.59189, -16.21828, 1.14475] linvel=[0.01045, -0.28414, -0.83911] z=0.0640
[lowlevel-sim][GT] t=63.310 quat=[0.18546, -0.6829, -0.20191, -0.67711] angvel=[8.11542, 5.37277, -0.63593] linvel=[-0.39355, 0.17154, 0.03728] z=0.0577
[lowlevel-sim][GT] t=63.365 quat=[0.21601, -0.6715, -0.17563, -0.68672] angvel=[1.6794, -8.85669, -0.64452] linvel=[-0.31938, 0.01364, -0.25181] z=0.0610
[lowlevel-sim][GT] t=63.420 quat=[0.21926, -0.70495, -0.17101, -0.65247] angvel=[-2.80853, 15.51573, 1.27141] linvel=[0.01667, -0.0285, 0.40055] z=0.0592
[lowlevel-sim][GT] t=63.475 quat=[0.19889, -0.6943, -0.19008, -0.66502] angvel=[0.29048, -8.28622, -0.46244] linvel=[-0.27135, 0.06317, -0.22973] z=0.0602
[lowlevel-sim][GT] t=63.530 quat=[0.16836, -0.71638, -0.22099, -0.64001] angvel=[-1.59383, 8.25838, 0.11001] linvel=[-0.02373, 0.07175, 0.52399] z=0.0600
[lowlevel-sim][GT] t=63.585 quat=[0.17134, -0.68684, -0.24275, -0.6633] angvel=[5.81236, -15.2858, 1.64534] linvel=[-0.11006, -0.203, -0.5617] z=0.0636
[lowlevel-sim][GT] t=63.640 quat=[0.19819, -0.68653, -0.2492, -0.65368] angvel=[-4.48836, 12.72797, -0.05037] linvel=[-0.03469, 0.00701, 0.27398] z=0.0614
[lowlevel-sim][GT] t=63.695 quat=[0.2286, -0.64532, -0.23319, -0.6906] angvel=[8.43885, -13.76319, 0.41339] linvel=[-0.28214, -0.21376, -0.43031] z=0.0652
[lowlevel-sim][GT] t=63.750 quat=[0.22796, -0.68965, -0.24568, -0.64192] angvel=[1.03161, 8.82305, 0.65267] linvel=[0.0226, -0.1849, 0.69679] z=0.0590
[lowlevel-sim][GT] t=63.805 quat=[0.22087, -0.71614, -0.25532, -0.61088] angvel=[3.62599, -8.91047, -1.43601] linvel=[-0.30664, -0.04737, -0.24024] z=0.0676
[lowlevel-sim][GT] t=63.860 quat=[0.22754, -0.70789, -0.26446, -0.61415] angvel=[0.27791, 6.07059, 2.45676] linvel=[0.06855, -0.17176, 0.49456] z=0.0623
[lowlevel-sim][GT] t=63.915 quat=[0.25006, -0.64546, -0.27027, -0.66918] angvel=[10.18352, -16.52471, 0.82636] linvel=[-0.34234, -0.19814, -0.45418] z=0.0640
[lowlevel-sim][GT] t=63.970 quat=[0.26198, -0.67684, -0.25484, -0.63899] angvel=[-0.93038, 6.1261, -0.24545] linvel=[-0.20378, -0.12106, 0.48763] z=0.0574
[lowlevel-sim][GT] t=64.025 quat=[0.26123, -0.64952, -0.26843, -0.66168] angvel=[9.64823, -13.53486, 0.1703] linvel=[-0.36999, -0.18865, -0.09956] z=0.0650
[lowlevel-sim][GT] t=64.080 quat=[0.23645, -0.69711, -0.30533, -0.60408] angvel=[-5.28864, 13.17743, 0.19308] linvel=[0.18735, -0.11934, 0.64126] z=0.0640
[lowlevel-sim][GT] t=64.135 quat=[0.21463, -0.71271, -0.31983, -0.58625] angvel=[0.78998, -7.88157, -0.35629] linvel=[-0.17826, -0.04935, -0.26336] z=0.0720
[lowlevel-sim][GT] t=64.190 quat=[0.23242, -0.72202, -0.31165, -0.5723] angvel=[-5.67144, 10.11921, 1.32229] linvel=[0.25105, -0.06944, 0.2478] z=0.0672
[lowlevel-sim][GT] t=64.245 quat=[0.19655, -0.64421, -0.33697, -0.65789] angvel=[4.0596, -3.00023, 0.50002] linvel=[-0.10914, 0.13874, -0.12798] z=0.0602
[lowlevel-sim][GT] t=64.300 quat=[0.22023, -0.63773, -0.31858, -0.66581] angvel=[13.07444, -5.04767, 3.21629] linvel=[-0.10582, -0.08346, -0.4318] z=0.0609
[lowlevel-sim][GT] t=64.355 quat=[0.20978, -0.67928, -0.32454, -0.62389] angvel=[-12.61429, 7.01851, -2.19165] linvel=[-0.07992, 0.22525, 0.71816] z=0.0658
[lowlevel-sim][GT] t=64.410 quat=[0.2424, -0.66884, -0.30199, -0.63459] angvel=[13.71056, -6.89178, 1.86036] linvel=[-0.06278, -0.10516, -0.5744] z=0.0664
[lowlevel-sim][GT] t=64.465 quat=[0.25114, -0.65168, -0.30963, -0.64527] angvel=[-10.94989, -0.99844, -0.00798] linvel=[-0.04314, -0.16251, 0.53298] z=0.0580
[lowlevel-sim][GT] t=64.520 quat=[0.27205, -0.63192, -0.29686, -0.66223] angvel=[13.89443, -4.49489, 1.27336] linvel=[-0.23919, -0.43616, -0.51507] z=0.0606
[lowlevel-sim][GT] t=64.575 quat=[0.24687, -0.6583, -0.31061, -0.6397] angvel=[-9.86837, 2.57068, -1.2055] linvel=[-0.30607, -0.06658, 0.85147] z=0.0574
[lowlevel-sim][GT] t=64.630 quat=[0.30045, -0.65577, -0.28536, -0.63108] angvel=[7.09985, 7.23886, -0.76417] linvel=[-0.11018, -0.42155, -0.06332] z=0.0601
[lowlevel-sim][GT] t=64.685 quat=[0.27822, -0.68452, -0.29323, -0.60666] angvel=[4.43035, -8.86755, -0.63784] linvel=[-0.31254, -0.25924, -0.12323] z=0.0654
[lowlevel-sim][GT] t=64.740 quat=[0.26474, -0.72408, -0.31137, -0.55558] angvel=[-10.00258, 10.59511, 1.35225] linvel=[0.20988, 0.16049, 0.48079] z=0.0671
[lowlevel-sim][GT] t=64.795 quat=[0.26334, -0.69667, -0.3242, -0.58327] angvel=[7.74797, -8.15031, -0.09412] linvel=[0.03865, -0.12327, -0.75799] z=0.0674
[lowlevel-sim][GT] t=64.850 quat=[0.26227, -0.71118, -0.33944, -0.55697] angvel=[-6.14692, 4.38367, 0.5101] linvel=[0.10872, 0.15884, 0.54194] z=0.0667
[lowlevel-sim][GT] t=64.905 quat=[0.28762, -0.65296, -0.34148, -0.6118] angvel=[15.05197, -10.87521, 1.40457] linvel=[-0.01564, -0.23653, -0.90851] z=0.0675
[lowlevel-sim][GT] t=64.960 quat=[0.32425, -0.64087, -0.32478, -0.61536] angvel=[-11.72861, 12.43557, -0.11894] linvel=[0.12127, -0.01384, 0.74691] z=0.0589
[lowlevel-sim] t=  65.00 mode=cmd        pd=12999 hold=5513 failclosed=120 rtf=0.652 base_z=+0.061 pitch=-1.533 roll=-2.115 |tau|max= 88.00 sat=9/29 knee_L=+0.069 hip_p_L=-0.034 torn=5431 cmd_age=37.5ms auth=57.8s rig_ign=800 fix_base=0 sat_j=left_hip_pitch_joint:+88.0,left_ankle_pitch_joint:+35.0,left_ankle_roll_joint:+35.0,right_hip_pitch_joint:+88.0,waist_pitch_joint:+35.0,left_wrist_pitch_joint:+5.0
[lowlevel-sim][GT] t=65.015 quat=[0.34705, -0.59973, -0.30526, -0.65322] angvel=[2.44583, -4.68275, 1.14865] linvel=[-0.15369, -0.04247, 0.16474] z=0.0647
[lowlevel-sim][GT] t=65.070 quat=[0.36415, -0.56273, -0.2961, -0.68048] angvel=[7.14542, 2.71692, 0.17726] linvel=[0.0893, 0.18481, 0.01935] z=0.0780
[lowlevel-sim][GT] t=65.125 quat=[0.36543, -0.51486, -0.29807, -0.71591] angvel=[-3.72958, -7.01497, -0.46532] linvel=[-0.0303, -0.04305, 0.32985] z=0.1000
[lowlevel-sim][GT] t=65.180 quat=[0.37733, -0.51891, -0.30687, -0.70298] angvel=[5.07446, 4.53533, 1.57488] linvel=[-0.20784, -0.13986, -0.04375] z=0.1118
[lowlevel-sim][GT] t=65.235 quat=[0.35701, -0.55669, -0.35078, -0.66302] angvel=[-12.40751, 3.46992, -1.09777] linvel=[-0.19948, 0.06642, 0.21816] z=0.1019
[lowlevel-sim][GT] t=65.290 quat=[0.38298, -0.56576, -0.35116, -0.64026] angvel=[10.59387, -3.56879, 2.38995] linvel=[-0.23708, -0.18944, -1.32604] z=0.0682
[lowlevel-sim][GT] t=65.345 quat=[0.37063, -0.60096, -0.3817, -0.59648] angvel=[-14.31063, 1.70256, -0.92989] linvel=[-0.02589, 0.02027, 0.39415] z=0.0598
[lowlevel-sim][GT] t=65.400 quat=[0.36474, -0.56572, -0.38654, -0.63049] angvel=[14.10593, -3.47683, 1.47695] linvel=[-0.03728, -0.20744, -0.61811] z=0.0707
[lowlevel-sim][GT] t=65.455 quat=[0.31844, -0.59146, -0.41584, -0.61306] angvel=[-7.33063, -0.80353, -1.15313] linvel=[-0.19945, -0.03972, 0.54614] z=0.0594
[lowlevel-sim][GT] t=65.510 quat=[0.34026, -0.58029, -0.39357, -0.62657] angvel=[14.01312, -2.45822, 1.79327] linvel=[-0.09712, -0.29687, -0.55258] z=0.0650
[lowlevel-sim][GT] t=65.565 quat=[0.33923, -0.61605, -0.38762, -0.59595] angvel=[-16.0374, 2.89099, -0.85364] linvel=[-0.10018, -0.05214, 0.65385] z=0.0600
[lowlevel-sim][GT] t=65.620 quat=[0.33044, -0.62197, -0.39926, -0.58699] angvel=[12.49496, -2.16911, 1.32043] linvel=[-0.04426, -0.28991, -0.37873] z=0.0637
[lowlevel-sim][GT] t=65.675 quat=[0.29122, -0.6399, -0.43799, -0.56025] angvel=[-15.14205, 0.9303, -1.76225] linvel=[-0.13017, 0.11612, 0.49316] z=0.0645
[lowlevel-sim][GT] t=65.730 quat=[0.30961, -0.62061, -0.43586, -0.57359] angvel=[10.81321, -1.85814, 2.79928] linvel=[-0.07331, -0.0889, -0.48942] z=0.0680
[lowlevel-sim][GT] t=65.785 quat=[0.28065, -0.63556, -0.45926, -0.55352] angvel=[-6.87988, -0.69718, -1.67424] linvel=[-0.08553, 0.10686, 0.33646] z=0.0648
[lowlevel-sim][GT] t=65.840 quat=[0.31353, -0.60674, -0.43257, -0.5886] angvel=[11.75301, -2.03615, 1.71371] linvel=[0.01823, -0.14375, -0.54497] z=0.0634
[lowlevel-sim][GT] t=65.895 quat=[0.26972, -0.63215, -0.45127, -0.5692] angvel=[-16.35452, 2.40849, -3.44389] linvel=[-0.14864, 0.19673, 0.5613] z=0.0631
[lowlevel-sim][GT] t=65.950 quat=[0.29497, -0.62106, -0.428, -0.58659] angvel=[17.40726, -3.0694, 3.52305] linvel=[-0.17815, -0.06722, -0.60795] z=0.0676
[lowlevel-sim][GT] t=66.005 quat=[0.36264, -0.59191, -0.37816, -0.61248] angvel=[2.44295, 3.44446, 0.14393] linvel=[0.20607, -0.09488, 0.02231] z=0.0587
[lowlevel-sim][GT] t=66.060 quat=[0.46258, -0.55171, -0.29564, -0.62789] angvel=[12.11879, -4.15757, -1.07896] linvel=[-0.12814, -0.19584, -0.26056] z=0.0859
[lowlevel-sim][GT] t=66.115 quat=[0.53399, -0.5653, -0.24041, -0.58094] angvel=[3.64647, 8.43669, 2.62921] linvel=[0.01271, -0.53501, 0.35783] z=0.1165
[lowlevel-sim][GT] t=66.170 quat=[0.577, -0.58617, -0.22881, -0.52069] angvel=[-1.44033, -5.01016, 0.72384] linvel=[-0.0794, -0.64749, 0.10726] z=0.1273
[lowlevel-sim][GT] t=66.225 quat=[0.58737, -0.61284, -0.24352, -0.46917] angvel=[0.23912, 3.71037, 0.83461] linvel=[0.34072, -0.67966, -0.01208] z=0.1236
[lowlevel-sim][GT] t=66.280 quat=[0.5534, -0.62536, -0.26759, -0.4807] angvel=[8.60085, -9.62677, -8.04312] linvel=[0.29039, -0.59854, -0.70397] z=0.1104
[lowlevel-sim][GT] t=66.335 quat=[0.50745, -0.62787, -0.38345, -0.4486] angvel=[-13.61134, 5.03462, 7.3069] linvel=[0.8789, 0.13137, 0.03598] z=0.0900
[lowlevel-sim][GT] t=66.390 quat=[0.47291, -0.54442, -0.50811, -0.47095] angvel=[3.41795, -8.27304, 3.26658] linvel=[0.24602, -0.37829, -0.40443] z=0.0601
[lowlevel-sim][GT] t=66.445 quat=[0.49638, -0.48373, -0.56308, -0.45005] angvel=[3.4025, 5.49247, 3.00951] linvel=[0.26869, 0.01082, -0.19375] z=0.0614
[lowlevel-sim][GT] t=66.500 quat=[0.53017, -0.45863, -0.57502, -0.42182] angvel=[-2.61523, -2.87563, 0.74283] linvel=[0.01131, 0.01044, 0.29489] z=0.0590
[lowlevel-sim][GT] t=66.555 quat=[0.60979, -0.43092, -0.52434, -0.40932] angvel=[6.00836, 5.06435, 0.25214] linvel=[0.28023, -0.27377, -0.25408] z=0.0640
[lowlevel-sim][GT] t=66.610 quat=[0.57117, -0.42161, -0.58664, -0.3897] angvel=[-11.54092, -12.77533, 1.55407] linvel=[0.00861, -0.1576, 0.34466] z=0.0575
[lowlevel-sim][GT] t=66.665 quat=[0.59598, -0.40963, -0.57452, -0.38332] angvel=[7.71315, 11.27237, -0.08734] linvel=[0.4247, -0.16461, 0.02828] z=0.0629
[lowlevel-sim][GT] t=66.720 quat=[0.56829, -0.39664, -0.619, -0.36955] angvel=[-2.81708, -9.73532, 1.21735] linvel=[0.10661, -0.09907, 0.20029] z=0.0571
[lowlevel-sim][GT] t=66.775 quat=[0.59381, -0.38927, -0.59323, -0.3794] angvel=[5.58311, 12.09163, -0.60575] linvel=[0.40695, -0.18404, -0.10271] z=0.0616
[lowlevel-sim][GT] t=66.830 quat=[0.58448, -0.3922, -0.60482, -0.3725] angvel=[-13.0898, -11.0701, -0.03897] linvel=[-0.08251, -0.12753, 0.5505] z=0.0595
[lowlevel-sim][GT] t=66.885 quat=[0.6037, -0.3962, -0.57998, -0.3771] angvel=[10.81832, 10.31155, -0.59681] linvel=[0.3167, -0.40949, -0.37498] z=0.0625
[lowlevel-sim][GT] t=66.940 quat=[0.53835, -0.42029, -0.63643, -0.35845] angvel=[-10.61545, -10.90928, 1.17141] linvel=[-0.20306, 0.11927, 0.75924] z=0.0637
[lowlevel-sim][GT] t=66.995 quat=[0.50779, -0.44249, -0.65551, -0.34156] angvel=[3.20684, 6.57943, -2.17812] linvel=[0.2769, -0.07762, 0.23091] z=0.0703
[lowlevel-sim][GT] t=67.050 quat=[0.4358, -0.45829, -0.70722, -0.31603] angvel=[-6.09583, -8.42632, 2.68378] linvel=[-0.23761, 0.31007, 0.40456] z=0.0739
[lowlevel-sim][GT] t=67.105 quat=[0.3981, -0.46362, -0.73205, -0.30113] angvel=[-2.94203, 3.5206, -2.46371] linvel=[0.0885, 0.301, 0.52637] z=0.0887
[lowlevel-sim][GT] t=67.160 quat=[0.38019, -0.40871, -0.75461, -0.34493] angvel=[13.37577, -3.6315, 4.65232] linvel=[0.18566, -0.15046, -0.17711] z=0.1054
[lowlevel-sim][GT] t=67.215 quat=[0.36401, -0.37608, -0.75634, -0.39244] angvel=[-9.02435, -1.69145, -4.35771] linvel=[-0.04047, 0.52529, 0.21081] z=0.1122
[lowlevel-sim][GT] t=67.270 quat=[0.39728, -0.31119, -0.70795, -0.49411] angvel=[16.54809, -1.09139, 4.89192] linvel=[0.1563, -0.21193, -1.30374] z=0.0973
[lowlevel-sim][GT] t=67.325 quat=[0.46512, -0.38329, -0.62591, -0.49496] angvel=[-17.74808, 6.42793, -4.999] linvel=[0.0419, 0.09342, 0.30123] z=0.0840
[lowlevel-sim][GT] t=67.380 quat=[0.57608, -0.43621, -0.51628, -0.45969] angvel=[7.6228, -0.37238, -0.50991] linvel=[-0.13163, -0.12391, -0.42638] z=0.0646
[lowlevel-sim][GT] t=67.435 quat=[0.59116, -0.47194, -0.51698, -0.40066] angvel=[-18.82603, 2.53545, 4.68516] linvel=[0.31631, 0.05584, 0.35893] z=0.0720
[lowlevel-sim][GT] t=67.490 quat=[0.62148, -0.43136, -0.49427, -0.42824] angvel=[14.26628, -2.76258, -2.51756] linvel=[-0.12985, -0.3368, -0.2929] z=0.0711
[lowlevel-sim] t=  67.50 mode=cmd        pd=13499 hold=5513 failclosed=120 rtf=0.652 base_z=+0.071 pitch=-1.401 roll=-0.683 |tau|max= 98.15 sat=11/29 knee_L=+0.210 hip_p_L=-0.257 torn=5476 cmd_age=25.8ms auth=61.6s rig_ign=800 fix_base=0 sat_j=left_hip_pitch_joint:-88.0,left_ankle_roll_joint:+35.0,right_hip_pitch_joint:-88.0,right_hip_roll_joint:+88.0,right_ankle_pitch_joint:+35.0,waist_pitch_joint:-35.0
[lowlevel-sim][GT] t=67.545 quat=[0.60593, -0.45264, -0.52599, -0.38898] angvel=[-15.14243, 1.35197, 2.70585] linvel=[0.39726, -0.15196, 0.28043] z=0.0667
[lowlevel-sim][GT] t=67.600 quat=[0.60979, -0.42669, -0.52752, -0.40966] angvel=[2.45007, -2.82088, -0.10683] linvel=[-0.23492, -0.6408, 0.14263] z=0.0636
[lowlevel-sim][GT] t=67.655 quat=[0.58436, -0.44891, -0.55963, -0.37924] angvel=[-19.61775, 0.68542, 0.60054] linvel=[0.09192, -0.24424, 0.77453] z=0.0590
[lowlevel-sim][GT] t=67.710 quat=[0.57017, -0.46193, -0.57746, -0.35787] angvel=[10.59029, 2.35486, -1.50178] linvel=[-0.01729, -0.49101, -0.3593] z=0.0655
[lowlevel-sim][GT] t=67.765 quat=[0.53061, -0.52006, -0.59229, -0.31175] angvel=[-7.76809, 0.42631, -0.52508] linvel=[-0.04321, 0.07718, 0.4555] z=0.0658
[lowlevel-sim][GT] t=67.820 quat=[0.56136, -0.52799, -0.54895, -0.32366] angvel=[13.4613, 5.57041, -4.00023] linvel=[-0.10341, -0.26989, -0.66509] z=0.0687
[lowlevel-sim][GT] t=67.875 quat=[0.54468, -0.48378, -0.57639, -0.37021] angvel=[-12.36805, -6.57017, 0.88538] linvel=[-0.29021, 0.03355, 0.3247] z=0.0651
[lowlevel-sim][GT] t=67.930 quat=[0.57864, -0.43542, -0.54927, -0.417] angvel=[9.59074, 4.89915, 0.80119] linvel=[0.12733, -0.31581, -0.00798] z=0.0595
[lowlevel-sim][GT] t=67.985 quat=[0.51153, -0.43807, -0.61283, -0.41336] angvel=[-13.13896, -6.18455, -2.00004] linvel=[-0.36625, -0.02902, 0.62608] z=0.0647
[lowlevel-sim][GT] t=68.040 quat=[0.51969, -0.42868, -0.61859, -0.40435] angvel=[9.6321, 8.639, 2.03144] linvel=[0.0632, -0.20232, -0.52723] z=0.0650
[lowlevel-sim][GT] t=68.095 quat=[0.48992, -0.4392, -0.65235, -0.3762] angvel=[-3.22506, -4.08459, -1.09804] linvel=[-0.22902, 0.00217, 0.39824] z=0.0661
[lowlevel-sim][GT] t=68.150 quat=[0.52213, -0.43856, -0.63213, -0.36803] angvel=[12.91007, 10.03397, 1.82061] linvel=[-0.05806, -0.25258, -0.66135] z=0.0701
[lowlevel-sim][GT] t=68.205 quat=[0.50852, -0.4532, -0.63602, -0.36264] angvel=[-12.55769, -5.31117, -2.39874] linvel=[-0.15124, 0.06228, 0.20861] z=0.0622
[lowlevel-sim][GT] t=68.260 quat=[0.54263, -0.46158, -0.60089, -0.36254] angvel=[9.72673, 7.1783, 0.48347] linvel=[0.15682, -0.30012, -0.34513] z=0.0684
[lowlevel-sim][GT] t=68.315 quat=[0.51003, -0.45624, -0.61534, -0.39124] angvel=[-6.54285, -9.14141, -1.82823] linvel=[-0.1577, -0.05256, 0.2655] z=0.0615
[lowlevel-sim][GT] t=68.370 quat=[0.60371, -0.44091, -0.52961, -0.4008] angvel=[1.65055, 0.68527, 0.10231] linvel=[0.18721, 0.05716, -0.02843] z=0.0608
[lowlevel-sim][GT] t=68.425 quat=[0.64201, -0.45599, -0.47596, -0.39161] angvel=[-11.46007, 4.44567, 2.85312] linvel=[0.37233, 0.1326, 0.81361] z=0.0857
[lowlevel-sim][GT] t=68.480 quat=[0.67586, -0.45151, -0.4222, -0.40137] angvel=[11.14563, -1.13021, -4.44812] linvel=[0.301, -0.48792, -0.25405] z=0.1097
[lowlevel-sim][GT] t=68.535 quat=[0.6729, -0.49161, -0.42868, -0.34895] angvel=[-14.04383, 1.23929, 7.38358] linvel=[0.61375, -0.07879, 0.41623] z=0.1071
[lowlevel-sim][GT] t=68.590 quat=[0.64953, -0.48766, -0.46048, -0.35814] angvel=[12.47009, -4.97664, -6.21361] linvel=[0.23619, -0.32257, -0.834] z=0.0935
[lowlevel-sim][GT] t=68.645 quat=[0.57482, -0.47205, -0.53275, -0.40365] angvel=[-12.20021, -8.96685, 1.73724] linvel=[0.20371, 0.07732, 0.16941] z=0.0631
[lowlevel-sim][GT] t=68.700 quat=[0.55534, -0.44085, -0.54854, -0.44312] angvel=[13.66969, 3.20371, -0.3259] linvel=[0.051, -0.20949, -0.51387] z=0.0618
[lowlevel-sim][GT] t=68.755 quat=[0.50077, -0.44575, -0.59691, -0.44073] angvel=[-15.35216, -4.78265, -1.408] linvel=[-0.44085, 0.15925, 0.44287] z=0.0596
[lowlevel-sim][GT] t=68.810 quat=[0.52052, -0.44442, -0.58681, -0.43268] angvel=[12.86694, 2.5807, 1.29188] linvel=[-0.11595, -0.21453, -0.5062] z=0.0664
[lowlevel-sim][GT] t=68.865 quat=[0.53159, -0.46596, -0.5779, -0.40782] angvel=[-14.80769, 2.78573, 0.16876] linvel=[0.09613, -0.07301, 0.46565] z=0.0622
[lowlevel-sim][GT] t=68.920 quat=[0.56493, -0.44672, -0.54747, -0.42612] angvel=[14.35311, -2.48958, -1.33102] linvel=[0.13124, -0.18473, -0.49636] z=0.0638
[lowlevel-sim][GT] t=68.975 quat=[0.5493, -0.44768, -0.56368, -0.42441] angvel=[-15.22778, 3.67114, -0.05935] linvel=[0.03462, -0.13914, 0.4981] z=0.0591
[lowlevel-sim][GT] t=69.030 quat=[0.57053, -0.44436, -0.54378, -0.42584] angvel=[12.36841, -2.81739, -0.69727] linvel=[-0.05072, -0.61794, -0.43334] z=0.0630
[lowlevel-sim][GT] t=69.085 quat=[0.56692, -0.47298, -0.54213, -0.40122] angvel=[-6.3383, -5.14214, 1.6364] linvel=[-0.06194, -0.31898, -0.02989] z=0.0571
[lowlevel-sim][GT] t=69.140 quat=[0.55903, -0.43646, -0.52715, -0.46809] angvel=[-12.78283, -1.43418, -0.81303] linvel=[0.17583, -0.23286, 0.81632] z=0.0702
[lowlevel-sim][GT] t=69.195 quat=[0.54809, -0.39057, -0.52213, -0.52387] angvel=[12.88888, -2.96397, 0.02065] linvel=[0.26754, -0.76018, -0.42737] z=0.0801
[lowlevel-sim][GT] t=69.250 quat=[0.49764, -0.44288, -0.54892, -0.50488] angvel=[-3.89027, 2.25884, -0.09816] linvel=[0.197, -0.4391, 0.12251] z=0.0669
[lowlevel-sim][GT] t=69.305 quat=[0.48881, -0.47719, -0.52699, -0.50561] angvel=[14.30342, 1.8329, -0.7707] linvel=[-0.05456, -0.58143, -0.50705] z=0.0633
[lowlevel-sim] FAIL-CLOSED engaged at t=69.320s, last command age 91.13 ms (deadline <= 100 ms) PASS
[lowlevel-sim] COMMANDED at t=69.340s (was fail-closed)
[lowlevel-sim][GT] t=69.360 quat=[0.49638, -0.51214, -0.51955, -0.47052] angvel=[-13.23012, -0.679, 0.30579] linvel=[-0.02352, -0.10544, 0.68612] z=0.0583
[lowlevel-sim][GT] t=69.415 quat=[0.54216, -0.49295, -0.48098, -0.48137] angvel=[19.64515, 0.84657, -0.4584] linvel=[-0.01001, -0.16254, -1.03209] z=0.0639
[lowlevel-sim][GT] t=69.470 quat=[0.57346, -0.50601, -0.45797, -0.45316] angvel=[-10.94974, 4.6305, 1.9713] linvel=[0.25738, -0.05233, 0.56937] z=0.0725
[lowlevel-sim][GT] t=69.525 quat=[0.55888, -0.52692, -0.45388, -0.45167] angvel=[1.85819, -8.27875, -0.84502] linvel=[0.29986, -0.29752, -0.2318] z=0.0760
[lowlevel-sim][GT] t=69.580 quat=[0.54015, -0.54731, -0.4567, -0.44734] angvel=[-10.77644, 1.86466, 1.92121] linvel=[0.41904, -0.09432, 0.01952] z=0.0615
[lowlevel-sim][GT] t=69.635 quat=[0.51442, -0.54336, -0.44926, -0.48816] angvel=[6.92922, -9.71169, -1.93705] linvel=[0.25003, -0.18822, -0.08126] z=0.0605
[lowlevel-sim][GT] t=69.690 quat=[0.48259, -0.59397, -0.45852, -0.45173] angvel=[-9.49454, 7.32272, 0.98916] linvel=[0.10524, 0.03081, 0.14319] z=0.0607
[lowlevel-sim][GT] t=69.745 quat=[0.49094, -0.58433, -0.4451, -0.46843] angvel=[9.81447, -8.8262, -2.19915] linvel=[-0.13511, -0.04554, -0.55956] z=0.0626
[lowlevel-sim][GT] t=69.800 quat=[0.49392, -0.60371, -0.4378, -0.4471] angvel=[-3.15687, 5.10375, 0.7287] linvel=[-0.03171, -0.10537, 0.32554] z=0.0613
[lowlevel-sim][GT] t=69.855 quat=[0.50047, -0.59628, -0.41607, -0.46995] angvel=[10.27677, -10.11254, -3.496] linvel=[-0.08398, -0.05346, -0.29934] z=0.0631
[lowlevel-sim][GT] t=69.910 quat=[0.49491, -0.62718, -0.41851, -0.43193] angvel=[-4.72755, 5.81905, 2.43524] linvel=[0.0712, -0.14903, 0.35837] z=0.0608
[lowlevel-sim][GT] t=69.965 quat=[0.49343, -0.60529, -0.40974, -0.47144] angvel=[4.89352, -9.07564, 0.72635] linvel=[-0.0732, -0.21008, -0.06261] z=0.0649
[lowlevel-sim] t=  70.00 mode=cmd        pd=13999 hold=5513 failclosed=124 rtf=0.655 base_z=+0.061 pitch=-1.331 roll=-2.061 |tau|max= 84.29 sat=8/29 knee_L=+0.283 hip_p_L=-0.049 torn=5514 cmd_age=33.3ms auth=65.1s rig_ign=800 fix_base=0 sat_j=left_ankle_pitch_joint:-35.0,left_ankle_roll_joint:-35.0,right_ankle_pitch_joint:+35.0,right_ankle_roll_joint:+35.0,left_wrist_pitch_joint:+5.0,left_wrist_yaw_joint:+5.0
[lowlevel-sim][GT] t=70.020 quat=[0.47353, -0.61991, -0.42808, -0.45631] angvel=[-3.4944, 1.96506, 1.85104] linvel=[0.07737, -0.2679, 0.43802] z=0.0625
[lowlevel-sim][GT] t=70.075 quat=[0.46861, -0.59865, -0.42633, -0.49017] angvel=[14.09106, -10.39586, -3.6505] linvel=[0.0994, -0.35438, -0.74165] z=0.0671
[lowlevel-sim][GT] t=70.130 quat=[0.47337, -0.60857, -0.43525, -0.46489] angvel=[-11.59592, 4.82806, 2.90513] linvel=[-0.21188, -0.21682, 0.27498] z=0.0706
[lowlevel-sim][GT] t=70.185 quat=[0.49621, -0.59335, -0.42651, -0.46883] angvel=[11.64615, -2.56333, -2.32361] linvel=[-0.23344, -0.45518, -0.54666] z=0.0635
[lowlevel-sim][GT] t=70.240 quat=[0.47867, -0.58481, -0.45209, -0.47379] angvel=[-5.09725, 4.33453, 1.02315] linvel=[-0.12997, -0.17786, 0.54782] z=0.0595
[lowlevel-sim] FAIL-CLOSED engaged at t=70.285s, last command age 87.25 ms (deadline <= 100 ms) PASS
[lowlevel-sim] COMMANDED at t=70.290s (was fail-closed)
[lowlevel-sim][GT] t=70.295 quat=[0.46575, -0.5522, -0.47513, -0.50239] angvel=[11.72851, -3.2724, -0.15002] linvel=[-0.21542, -0.10081, -0.48736] z=0.0654
[lowlevel-sim][GT] t=70.350 quat=[0.45917, -0.56701, -0.49081, -0.47621] angvel=[-14.57341, 1.74345, 0.17765] linvel=[-0.06313, 0.06765, 0.52613] z=0.0613
[lowlevel-sim][GT] t=70.405 quat=[0.46804, -0.5685, -0.46666, -0.48988] angvel=[10.92807, -0.83305, -1.47054] linvel=[-0.13986, -0.23237, -0.32471] z=0.0661
[lowlevel-sim][GT] t=70.460 quat=[0.43423, -0.57575, -0.49231, -0.48743] angvel=[-14.26893, -0.8517, 0.57962] linvel=[-0.12903, 0.06497, 0.49409] z=0.0640
[lowlevel-sim][GT] t=70.515 quat=[0.4503, -0.55116, -0.4795, -0.51335] angvel=[11.65068, -2.28611, -0.92783] linvel=[-0.07716, -0.26366, -0.41994] z=0.0639
[lowlevel-sim][GT] t=70.570 quat=[0.42494, -0.55295, -0.50954, -0.50401] angvel=[-8.77573, -1.82347, -0.43785] linvel=[-0.15678, 0.00094, 0.31374] z=0.0592
[lowlevel-sim][GT] t=70.625 quat=[0.46024, -0.51401, -0.47105, -0.54962] angvel=[9.32626, 0.50966, 0.41488] linvel=[-0.00023, -0.35201, -0.07162] z=0.0597
[lowlevel-sim][GT] t=70.680 quat=[0.46232, -0.53148, -0.46636, -0.53507] angvel=[-14.32855, -1.21809, -1.12965] linvel=[-0.20527, -0.19976, 0.30938] z=0.0612
[lowlevel-sim][GT] t=70.735 quat=[0.46936, -0.53247, -0.46335, -0.53055] angvel=[16.08531, 2.63139, 1.19466] linvel=[0.0785, -0.40783, -0.4483] z=0.0618
[lowlevel-sim][GT] t=70.790 quat=[0.4331, -0.55944, -0.49038, -0.5089] angvel=[-5.70218, -0.45115, -1.80857] linvel=[-0.20835, 0.05899, 0.64136] z=0.0607
[lowlevel-sim][GT] t=70.845 quat=[0.46599, -0.55986, -0.4545, -0.51267] angvel=[14.07447, 0.67858, 0.57065] linvel=[-0.0905, -0.19379, -0.20468] z=0.0652
[lowlevel-sim][GT] t=70.900 quat=[0.40328, -0.57883, -0.4997, -0.5026] angvel=[-14.75418, -2.1002, -1.385] linvel=[-0.35845, 0.20038, 0.49786] z=0.0641
[lowlevel-sim][GT] t=70.955 quat=[0.40259, -0.55827, -0.50511, -0.5207] angvel=[15.17549, 0.78313, 2.29443] linvel=[-0.11861, -0.18198, -0.57903] z=0.0671
[lowlevel-sim][GT] t=71.010 quat=[0.38084, -0.55913, -0.52599, -0.51543] angvel=[-9.10266, -3.81481, -1.4348] linvel=[-0.29714, 0.15766, 0.40305] z=0.0622
[lowlevel-sim][GT] t=71.065 quat=[0.42818, -0.53667, -0.49586, -0.53177] angvel=[11.56782, 3.88794, 1.27219] linvel=[-0.21991, -0.16141, -0.39968] z=0.0646
[lowlevel-sim][GT] t=71.120 quat=[0.40705, -0.52077, -0.52263, -0.53849] angvel=[-15.63819, -2.94643, -2.47229] linvel=[-0.20757, -0.13344, 0.5765] z=0.0629
[lowlevel-sim][GT] t=71.175 quat=[0.44746, -0.52221, -0.49005, -0.53566] angvel=[16.19379, 5.44167, 1.13957] linvel=[-0.08239, -0.3226, -0.87347] z=0.0645
[lowlevel-sim][GT] t=71.230 quat=[0.44493, -0.5476, -0.47677, -0.52427] angvel=[-9.75783, -3.94718, -0.84331] linvel=[-0.06724, -0.21082, 0.75925] z=0.0590
[lowlevel-sim][GT] t=71.285 quat=[0.46395, -0.53566, -0.45131, -0.54235] angvel=[16.32245, 2.97056, 0.12152] linvel=[0.01353, -0.43753, -0.22259] z=0.0669
[lowlevel-sim][GT] t=71.340 quat=[0.4326, -0.55838, -0.4666, -0.53231] angvel=[-7.49258, -2.12805, -1.5555] linvel=[-0.12964, -0.23902, 0.39842] z=0.0582
[lowlevel-sim][GT] t=71.395 quat=[0.49024, -0.51924, -0.40337, -0.57214] angvel=[16.75765, 4.40758, -0.11698] linvel=[-0.00384, -0.5047, -0.55355] z=0.0709
[lowlevel-sim][GT] t=71.450 quat=[0.50384, -0.53559, -0.41006, -0.53957] angvel=[-12.22337, -3.22328, 2.54618] linvel=[-0.01828, -0.12804, 0.51237] z=0.0737
[lowlevel-sim][GT] t=71.505 quat=[0.5341, -0.51917, -0.36499, -0.55855] angvel=[0.41024, -3.77433, -1.03949] linvel=[0.17648, -0.29272, 0.32914] z=0.0836
[lowlevel-sim][GT] t=71.560 quat=[0.55467, -0.5449, -0.31118, -0.54643] angvel=[11.61998, 3.42426, -2.82281] linvel=[0.11237, -0.42861, -0.34071] z=0.1040
[lowlevel-sim][GT] t=71.615 quat=[0.54333, -0.57907, -0.31453, -0.52014] angvel=[-13.21892, 3.6598, 3.14889] linvel=[0.72447, 0.0153, 0.44616] z=0.0995
[lowlevel-sim][GT] t=71.670 quat=[0.52653, -0.55121, -0.31906, -0.56314] angvel=[11.74918, -9.71385, -3.83325] linvel=[0.2356, -0.19738, -0.65504] z=0.0891
[lowlevel-sim][GT] t=71.725 quat=[0.48313, -0.54964, -0.37372, -0.56993] angvel=[-0.64264, -2.33865, -0.38228] linvel=[0.05487, -0.06039, 0.00929] z=0.0674
[lowlevel-sim][GT] t=71.780 quat=[0.45631, -0.55946, -0.37823, -0.57941] angvel=[11.88777, -7.16947, -2.58664] linvel=[-0.10145, -0.23515, -0.47472] z=0.0757
[lowlevel-sim][GT] t=71.835 quat=[0.40537, -0.60556, -0.42351, -0.53816] angvel=[-5.95538, 0.86449, 1.65889] linvel=[0.02629, 0.10567, 0.52232] z=0.0594
[lowlevel-sim][GT] t=71.890 quat=[0.40409, -0.58014, -0.4107, -0.57574] angvel=[12.24216, -7.5107, -1.41674] linvel=[-0.15608, -0.19564, -0.401] z=0.0648
[lowlevel-sim][GT] t=71.945 quat=[0.38709, -0.60314, -0.43148, -0.54791] angvel=[-14.47178, 7.56642, 1.14407] linvel=[0.20684, 0.02075, 0.14247] z=0.0627
[lowlevel-sim][GT] t=72.000 quat=[0.38918, -0.55779, -0.42582, -0.59673] angvel=[11.38631, -7.53472, 0.18852] linvel=[-0.14277, -0.4417, -0.18039] z=0.0653
[lowlevel-sim][GT] t=72.055 quat=[0.36722, -0.62381, -0.44474, -0.52746] angvel=[-13.52513, 6.51875, 1.30544] linvel=[0.1729, -0.02089, 0.53024] z=0.0650
[lowlevel-sim][GT] t=72.110 quat=[0.37458, -0.60625, -0.42706, -0.55657] angvel=[14.19509, -9.59225, -0.89468] linvel=[-0.11667, -0.32819, -0.53641] z=0.0669
[lowlevel-sim][GT] t=72.165 quat=[0.37918, -0.63757, -0.40968, -0.53092] angvel=[-5.50779, 3.54986, 0.68146] linvel=[0.03314, -0.05171, 0.75053] z=0.0624
[lowlevel-sim][GT] t=72.220 quat=[0.41949, -0.59493, -0.34693, -0.59138] angvel=[15.70618, -12.03637, -2.98587] linvel=[-0.19897, -0.2788, -0.75537] z=0.0627
[lowlevel-sim][GT] t=72.275 quat=[0.42467, -0.61936, -0.32553, -0.57453] angvel=[-9.47448, 10.83472, 2.32788] linvel=[0.00265, -0.36829, 0.35485] z=0.0633
[lowlevel-sim][GT] t=72.330 quat=[0.38991, -0.64531, -0.32623, -0.5702] angvel=[7.75822, -9.8093, -2.83415] linvel=[-0.53395, -0.30862, -0.50526] z=0.0641
[lowlevel-sim][GT] t=72.385 quat=[0.31653, -0.6723, -0.38002, -0.55082] angvel=[-17.54389, 4.61837, 2.25285] linvel=[-0.07368, 0.13854, 0.82839] z=0.0689
[lowlevel-sim][GT] t=72.440 quat=[0.27315, -0.58305, -0.41523, -0.64267] angvel=[13.9428, -1.63556, 1.74273] linvel=[-0.209, -0.16662, -0.56231] z=0.0669
[lowlevel-sim][GT] t=72.495 quat=[0.31017, -0.56828, -0.39544, -0.65152] angvel=[-10.98798, 0.32631, -0.67916] linvel=[-0.15811, 0.30555, 0.20103] z=0.0661
[lowlevel-sim] t=  72.50 mode=cmd        pd=14499 hold=5513 failclosed=125 rtf=0.657 base_z=+0.068 pitch=-1.414 roll=+0.917 |tau|max=131.84 sat=6/29 knee_L=+0.228 hip_p_L=-0.128 torn=5566 cmd_age=20.8ms auth=68.6s rig_ign=800 fix_base=0 sat_j=left_hip_pitch_joint:-88.0,waist_pitch_joint:-35.0,left_wrist_pitch_joint:+5.0,left_wrist_yaw_joint:+5.0,right_wrist_pitch_joint:-5.0,right_wrist_yaw_joint:+5.0
[lowlevel-sim][GT] t=72.550 quat=[0.34836, -0.55558, -0.37443, -0.65558] angvel=[9.91112, 0.22286, 1.42038] linvel=[-0.17051, -0.36109, -0.219] z=0.0675
[lowlevel-sim][GT] t=72.605 quat=[0.32328, -0.55988, -0.40909, -0.64395] angvel=[-13.05571, -1.20149, -1.19631] linvel=[-0.26006, -0.0948, 0.49338] z=0.0664
[lowlevel-sim][GT] t=72.660 quat=[0.33673, -0.55745, -0.40242, -0.64336] angvel=[13.48774, -0.16916, 2.07574] linvel=[-0.14571, -0.36347, -0.41075] z=0.0666
[lowlevel-sim][GT] t=72.715 quat=[0.3221, -0.61112, -0.40318, -0.60019] angvel=[-10.05962, 1.6425, -2.30835] linvel=[0.05853, -0.03813, 0.44194] z=0.0598
[lowlevel-sim][GT] t=72.770 quat=[0.35456, -0.61606, -0.35541, -0.60699] angvel=[15.3371, -3.04115, 0.36552] linvel=[-0.11607, -0.13852, -0.36979] z=0.0656
[lowlevel-sim][GT] t=72.825 quat=[0.33266, -0.63637, -0.37271, -0.58776] angvel=[-12.45416, 0.43169, -1.24814] linvel=[-0.10569, 0.03769, 0.46875] z=0.0583
[lowlevel-sim][GT] t=72.880 quat=[0.36476, -0.61114, -0.34095, -0.61417] angvel=[10.47884, -2.24033, 0.36043] linvel=[-0.07949, -0.31434, -0.0688] z=0.0594
[lowlevel-sim][GT] t=72.935 quat=[0.33922, -0.63194, -0.34986, -0.60264] angvel=[-8.41126, -1.67458, -1.06307] linvel=[-0.18436, -0.13329, 0.68427] z=0.0581
[lowlevel-sim][GT] t=72.990 quat=[0.35896, -0.59944, -0.33104, -0.63422] angvel=[12.498, -3.65223, 0.44016] linvel=[-0.116, -0.55148, -0.09903] z=0.0622
[lowlevel-sim][GT] t=73.045 quat=[0.34135, -0.62571, -0.35023, -0.6077] angvel=[-8.72195, -4.4002, 0.36487] linvel=[0.02233, -0.35614, -0.01036] z=0.0571
[lowlevel-sim][GT] t=73.100 quat=[0.3588, -0.61644, -0.32346, -0.62181] angvel=[6.1353, 5.92111, -0.43463] linvel=[0.30292, -0.43331, 0.00513] z=0.0602
[lowlevel-sim][GT] t=73.155 quat=[0.3573, -0.62979, -0.30652, -0.61785] angvel=[5.41952, -10.9686, -0.57956] linvel=[-0.07821, -0.22219, 0.08721] z=0.0628
[lowlevel-sim][GT] t=73.210 quat=[0.32966, -0.68338, -0.33085, -0.56111] angvel=[-11.25013, 9.81341, 1.41822] linvel=[0.23572, 0.02645, 0.68629] z=0.0644
[lowlevel-sim][GT] t=73.265 quat=[0.29266, -0.68244, -0.36853, -0.55929] angvel=[4.11572, -9.48951, 0.6039] linvel=[-0.07266, -0.03286, -0.21372] z=0.0728
[lowlevel-sim][GT] t=73.320 quat=[0.27116, -0.68416, -0.40393, -0.54337] angvel=[-7.35545, 4.01472, 1.11897] linvel=[0.14185, 0.1855, 0.4763] z=0.0675
[lowlevel-sim][GT] t=73.375 quat=[0.31558, -0.62664, -0.38665, -0.59852] angvel=[15.1307, -7.92346, 1.31515] linvel=[-0.01585, -0.16519, -0.915] z=0.0671
[lowlevel-sim][GT] t=73.430 quat=[0.33693, -0.61664, -0.37861, -0.6024] angvel=[-6.34869, 1.84728, -0.51853] linvel=[-0.17802, 0.03061, 0.69638] z=0.0579
[lowlevel-sim][GT] t=73.485 quat=[0.37362, -0.55085, -0.35226, -0.65794] angvel=[12.16503, -6.58258, 1.21198] linvel=[-0.10054, -0.30121, -0.16576] z=0.0748
[lowlevel-sim][GT] t=73.540 quat=[0.34075, -0.60071, -0.38314, -0.61338] angvel=[-14.48033, 8.0773, -1.2816] linvel=[-0.01002, 0.17888, 0.10134] z=0.0614
[lowlevel-sim][GT] t=73.595 quat=[0.37245, -0.60085, -0.36323, -0.6069] angvel=[10.41302, -2.40339, 0.81434] linvel=[-0.06493, -0.30332, -0.03723] z=0.0591
[lowlevel-sim][GT] t=73.650 quat=[0.38765, -0.64045, -0.36522, -0.55332] angvel=[-13.34428, 6.8982, 0.65554] linvel=[0.05489, -0.11971, 0.5762] z=0.0629
[lowlevel-sim][GT] t=73.705 quat=[0.40844, -0.6432, -0.34857, -0.54586] angvel=[8.74666, -1.8342, -0.06836] linvel=[0.01572, -0.29066, -0.55302] z=0.0641
[lowlevel-sim][GT] t=73.760 quat=[0.39949, -0.66704, -0.36675, -0.51084] angvel=[-14.31824, 4.52996, 1.95623] linvel=[0.30602, 0.04136, 0.71037] z=0.0662
[lowlevel-sim][GT] t=73.815 quat=[0.40058, -0.64092, -0.35763, -0.5485] angvel=[9.51205, -5.75305, -1.74525] linvel=[-0.10833, -0.03371, -0.75078] z=0.0690
[lowlevel-sim][GT] t=73.870 quat=[0.34665, -0.63345, -0.40597, -0.56015] angvel=[-10.04968, -0.34459, -1.06685] linvel=[-0.115, 0.18021, 0.40384] z=0.0595
[lowlevel-sim][GT] t=73.925 quat=[0.36238, -0.61904, -0.39005, -0.57734] angvel=[13.46245, -3.10132, 1.25354] linvel=[-0.12428, -0.17046, -0.19719] z=0.0655
[lowlevel-sim][GT] t=73.980 quat=[0.33672, -0.66351, -0.40552, -0.53097] angvel=[-9.99204, 3.34238, -1.21392] linvel=[-0.11149, 0.18118, 0.41416] z=0.0650
[lowlevel-sim][GT] t=74.035 quat=[0.36455, -0.63349, -0.36258, -0.57821] angvel=[17.48245, -3.96251, -1.24729] linvel=[-0.27078, -0.23098, -0.72749] z=0.0641
[lowlevel-sim][GT] t=74.090 quat=[0.33991, -0.63211, -0.35945, -0.59641] angvel=[-13.98644, 0.30883, -0.50002] linvel=[-0.22804, -0.06388, 0.91082] z=0.0578
[lowlevel-sim][GT] t=74.145 quat=[0.37171, -0.59081, -0.30968, -0.64566] angvel=[5.86079, 0.35113, -0.11501] linvel=[-0.06301, -0.54973, 0.17174] z=0.0670
[lowlevel-sim][GT] t=74.200 quat=[0.31409, -0.63325, -0.35946, -0.6092] angvel=[-11.79291, 1.69129, -0.98971] linvel=[-0.2646, -0.07622, 0.54688] z=0.0556
[lowlevel-sim][GT] t=74.255 quat=[0.38141, -0.57499, -0.30173, -0.65792] angvel=[11.09029, 2.3184, 0.27408] linvel=[-0.14309, -0.17771, -0.07305] z=0.0726
[lowlevel-sim][GT] t=74.310 quat=[0.40651, -0.57258, -0.29387, -0.64849] angvel=[-8.64474, 2.87957, 1.28236] linvel=[0.01464, -0.06161, 0.69186] z=0.0895
[lowlevel-sim][GT] t=74.365 quat=[0.46134, -0.5652, -0.24433, -0.63877] angvel=[3.44277, 6.70289, 1.01289] linvel=[-0.04937, -0.38858, 0.17093] z=0.1041
[lowlevel-sim][GT] t=74.420 quat=[0.47715, -0.58928, -0.2289, -0.61047] angvel=[2.51321, -5.60459, -1.73344] linvel=[-0.14414, -0.54482, -0.45627] z=0.1002
[lowlevel-sim][GT] t=74.475 quat=[0.45028, -0.62688, -0.27103, -0.57516] angvel=[-10.13206, 8.85119, 4.06874] linvel=[0.27345, -0.35617, 0.07541] z=0.0812
[lowlevel-sim][GT] t=74.530 quat=[0.40611, -0.61024, -0.31512, -0.60281] angvel=[5.98974, -11.37578, -2.80682] linvel=[-0.2161, -0.36802, -0.34841] z=0.0616
[lowlevel-sim][GT] t=74.585 quat=[0.38938, -0.62667, -0.34294, -0.58143] angvel=[-2.69173, 6.74508, 2.22044] linvel=[-0.10726, -0.05221, 0.49187] z=0.0590
[lowlevel-sim][GT] t=74.640 quat=[0.38287, -0.58605, -0.38417, -0.60197] angvel=[4.8898, -9.00991, 0.5631] linvel=[-0.19939, -0.07311, -0.14451] z=0.0597
[lowlevel-sim][GT] t=74.695 quat=[0.38287, -0.60653, -0.40251, -0.56878] angvel=[-4.59383, 7.04919, 0.35705] linvel=[-0.01293, -0.03418, 0.40897] z=0.0574
[lowlevel-sim][GT] t=74.750 quat=[0.38504, -0.56585, -0.43356, -0.58616] angvel=[13.28238, -9.94948, 2.21682] linvel=[-0.16908, -0.34055, -0.39182] z=0.0674
[lowlevel-sim][GT] t=74.805 quat=[0.38827, -0.58273, -0.45873, -0.54703] angvel=[-12.23058, 8.8375, -0.59153] linvel=[-0.01092, -0.03283, 0.40009] z=0.0623
[lowlevel-sim][GT] t=74.860 quat=[0.41585, -0.53215, -0.45898, -0.57725] angvel=[14.07591, -9.3186, 2.27237] linvel=[-0.23641, -0.40915, -0.4532] z=0.0634
[lowlevel-sim][GT] t=74.915 quat=[0.44804, -0.55747, -0.44259, -0.54093] angvel=[-12.22758, 12.63209, 1.11817] linvel=[0.09217, -0.21132, 0.07778] z=0.0594
[lowlevel-sim][GT] t=74.970 quat=[0.46354, -0.52115, -0.4561, -0.55272] angvel=[10.08043, -5.7448, 1.14286] linvel=[-0.37296, -0.54119, -0.09334] z=0.0607
[lowlevel-sim] t=  75.00 mode=cmd        pd=14999 hold=5513 failclosed=125 rtf=0.660 base_z=+0.067 pitch=-1.511 roll=+0.164 |tau|max=116.51 sat=12/29 knee_L=+0.212 hip_p_L=-0.177 torn=5590 cmd_age=48.0ms auth=71.8s rig_ign=800 fix_base=0 sat_j=left_hip_pitch_joint:-88.0,left_ankle_roll_joint:+35.0,right_hip_pitch_joint:-88.0,right_hip_yaw_joint:+88.0,right_ankle_pitch_joint:-35.0,right_ankle_roll_joint:+35.0
[lowlevel-sim][GT] t=75.025 quat=[0.46448, -0.55336, -0.46717, -0.50971] angvel=[-8.18863, 6.77658, 0.19429] linvel=[0.10704, -0.29873, 0.87787] z=0.0579
[lowlevel-sim][GT] t=75.080 quat=[0.46386, -0.5434, -0.46735, -0.5207] angvel=[13.88741, -6.65118, -2.26559] linvel=[-0.16772, -0.4383, -0.50255] z=0.0621
[lowlevel-sim][GT] t=75.135 quat=[0.43192, -0.58318, -0.49749, -0.47523] angvel=[-12.90912, 2.65339, 2.11326] linvel=[0.28122, -0.00739, 0.51047] z=0.0657
[lowlevel-sim][GT] t=75.190 quat=[0.45003, -0.55776, -0.46964, -0.51557] angvel=[14.5978, -6.79405, -2.12985] linvel=[-0.04938, -0.26798, -0.89484] z=0.0661
[lowlevel-sim][GT] t=75.245 quat=[0.46721, -0.52268, -0.44283, -0.55894] angvel=[-4.34247, 7.05752, 0.20431] linvel=[0.01085, -0.1128, 0.40036] z=0.0641
[lowlevel-sim][GT] t=75.300 quat=[0.43763, -0.52858, -0.47669, -0.54941] angvel=[10.46022, -1.90331, -0.09515] linvel=[-0.15975, -0.35929, -0.36451] z=0.0628
[lowlevel-sim][GT] t=75.355 quat=[0.39606, -0.57816, -0.50483, -0.50399] angvel=[-14.52261, 1.91947, -0.4138] linvel=[-0.11516, 0.16768, 0.66686] z=0.0645
[lowlevel-sim][GT] t=75.410 quat=[0.40039, -0.57622, -0.50112, -0.5065] angvel=[11.33374, -2.5967, 0.01429] linvel=[0.00042, -0.11931, -0.38615] z=0.0666
[lowlevel-sim][GT] t=75.465 quat=[0.37468, -0.59811, -0.53111, -0.46883] angvel=[-14.74218, 1.26373, 0.89176] linvel=[-0.02442, 0.37755, 0.60473] z=0.0706
[lowlevel-sim][GT] t=75.520 quat=[0.42063, -0.56209, -0.5172, -0.48952] angvel=[15.81971, 1.16062, 1.39952] linvel=[-0.02363, -0.03902, -0.6219] z=0.0691
[lowlevel-sim][GT] t=75.575 quat=[0.45671, -0.55057, -0.50043, -0.48771] angvel=[-13.50397, 0.88431, 0.57509] linvel=[0.02944, 0.18348, 0.21348] z=0.0632
[lowlevel-sim][GT] t=75.630 quat=[0.49271, -0.52835, -0.47619, -0.50133] angvel=[12.49756, 3.86298, 0.4015] linvel=[0.01387, -0.09356, -0.56739] z=0.0609
[lowlevel-sim][GT] t=75.685 quat=[0.45276, -0.52919, -0.51454, -0.50022] angvel=[-16.21486, -5.2945, -0.55334] linvel=[-0.17468, 0.11347, 0.46907] z=0.0588
[lowlevel-sim][GT] t=75.740 quat=[0.47997, -0.50908, -0.49152, -0.51853] angvel=[20.05301, 4.75637, 2.17191] linvel=[-0.15601, -0.17691, -0.47705] z=0.0733
[lowlevel-sim][GT] t=75.795 quat=[0.4607, -0.53713, -0.50242, -0.49681] angvel=[-7.09187, -4.05261, -1.69257] linvel=[-0.04486, -0.19229, 0.71021] z=0.0599
