Authorization required, but no authorization protocol specified

Authorization required, but no authorization protocol specified

Authorization required, but no authorization protocol specified

Authorization required, but no authorization protocol specified

Authorization required, but no authorization protocol specified

cat: '/sys/devices/system/cpu/cpu*/cpufreq/scaling_governor': No such file or directory
Authorization required, but no authorization protocol specified

Authorization required, but no authorization protocol specified

[Info] [carb] Logging to file: /isaac-sim/kit/logs/Kit/Isaac-Sim Python/5.1/kit_20260822_125903.log
[0.137s] [ext: omni.kit.async_engine-0.0.3] startup
[1.045s] [ext: omni.metrics.core-0.0.3] startup
[1.046s] [ext: omni.client.lib-1.1.0] startup
[1.085s] [ext: omni.blobkey-1.1.2] startup
[1.085s] [ext: omni.stats-1.0.1] startup
[1.094s] [ext: omni.datastore-0.0.0] startup
[1.101s] [ext: omni.client-1.3.0] startup
[1.108s] [ext: omni.ujitso.default-1.0.0] startup
[1.111s] [ext: omni.hsscclient-1.1.2] startup
[1.131s] [ext: omni.gpu_foundation.shadercache.vulkan-1.0.0] startup
[1.163s] [ext: omni.assets.plugins-0.0.0] startup
[1.165s] [ext: omni.gpu_foundation-0.0.0] startup
[1.177s] [ext: carb.windowing.plugins-1.0.0] startup
2026-08-22T12:59:04Z [1,131ms] [Warning] [carb.windowing-glfw.plugin] GLFW initialization failed.
2026-08-22T12:59:04Z [1,131ms] [Warning] [carb] Failed to startup plugin carb.windowing-glfw.plugin (interfaces: [carb::windowing::IGLContext v1.0],[carb::windowing::IWindowing v1.5]) (impl: carb.windowing-glfw.plugin)
[1.179s] [ext: omni.kit.renderer.init-0.0.0] startup
2026-08-22T12:59:04Z [1,180ms] [Warning] [omni.platforminfo.plugin] failed to open the default display.  Can't verify X Server version.
2026-08-22T12:59:04Z [1,409ms] [Warning] [carb.windowing-glfw.plugin] GLFW initialization failed.
2026-08-22T12:59:04Z [1,409ms] [Warning] [carb] Failed to startup plugin carb.windowing-glfw.plugin (interfaces: [carb::windowing::IGLContext v1.0],[carb::windowing::IWindowing v1.5]) (impl: carb.windowing-glfw.plugin)

|---------------------------------------------------------------------------------------------|
| Driver Version: 580.105.08    | Graphics API: Vulkan
|=============================================================================================|
| GPU | Name                             | Active | LDA | GPU Memory | Vendor-ID | LUID       |
|     |                                  |        |     |            | Device-ID | UUID       |
|     |                                  |        |     |            | Bus-ID    |            |
|---------------------------------------------------------------------------------------------|
| 0   | NVIDIA GeForce RTX 4090          | Yes: 0 |     | 24810   MB | 10de      | 0          |
|     |                                  |        |     |            | 2684      | ea3ff652.. |
|     |                                  |        |     |            | 0         |            |
|=============================================================================================|
| OS: 24.04.2 LTS (Noble Numbat) ubuntu, Version: 24.04.2, Kernel: 6.8.0-87-generic
| Processor: AMD EPYC 7713 64-Core Processor
| Cores: 40 | Logical Cores: 40
|---------------------------------------------------------------------------------------------|
| Total Memory (MB): 135018 | Free Memory: 128596
| Total Page/Swap (MB): 0 | Free Page/Swap: 0
|---------------------------------------------------------------------------------------------|
[2.232s] [ext: omni.kit.pipapi-0.0.0] startup
[2.247s] [ext: omni.kit.pip_archive-0.0.0] startup
[2.255s] [ext: omni.pip.compute-1.6.3] startup
[2.263s] [ext: omni.materialx.libs-1.0.7] startup
[2.280s] [ext: omni.pip.cloud-1.4.3] startup
[2.312s] [ext: omni.isaac.core_archive-3.0.0] startup
[2.320s] [ext: omni.usd.config-1.0.6] startup
[2.335s] [ext: omni.gpucompute.plugins-0.0.0] startup
[2.336s] [ext: omni.usd.libs-1.0.1] startup
[2.439s] [ext: omni.kit.telemetry-0.5.2] startup
[2.529s] [ext: omni.mdl-56.0.3] startup
[3.144s] [ext: omni.iray.libs-0.0.0] startup
[3.152s] [ext: omni.mdl.neuraylib-0.2.12] startup
[3.169s] [ext: omni.kit.usd.mdl-1.1.5] startup
[3.336s] [ext: omni.isaac.ml_archive-3.0.4] startup
[3.345s] [ext: omni.kit.loop-isaac-1.3.7] startup
[3.357s] [ext: omni.kit.test-2.0.1] startup
[3.725s] [ext: omni.appwindow-1.1.10] startup
2026-08-22T12:59:06Z [3,679ms] [Warning] [carb.windowing-glfw.plugin] GLFW initialization failed.
2026-08-22T12:59:06Z [3,679ms] [Warning] [carb] Failed to startup plugin carb.windowing-glfw.plugin (interfaces: [carb::windowing::IGLContext v1.0],[carb::windowing::IWindowing v1.5]) (impl: carb.windowing-glfw.plugin)
Authorization required, but no authorization protocol specified

2026-08-22T12:59:06Z [3,681ms] [Warning] [carb.windowing-glfw.plugin] GLFW initialization failed.
2026-08-22T12:59:06Z [3,681ms] [Warning] [carb] Failed to startup plugin carb.windowing-glfw.plugin (interfaces: [carb::windowing::IGLContext v1.0],[carb::windowing::IWindowing v1.5]) (impl: carb.windowing-glfw.plugin)
2026-08-22T12:59:06Z [3,681ms] [Error] [omni.appwindow.plugin] Failed to acquire IWindowing interface
2026-08-22T12:59:06Z [3,681ms] [Error] [omni.appwindow.plugin] IAppWindow::startup failed
Authorization required, but no authorization protocol specified

Authorization required, but no authorization protocol specified

[3.737s] [ext: omni.kit.renderer.core-1.1.0] startup
2026-08-22T12:59:06Z [3,715ms] [Warning] [carb.windowing-glfw.plugin] GLFW initialization failed.
2026-08-22T12:59:06Z [3,715ms] [Warning] [carb] Failed to startup plugin carb.windowing-glfw.plugin (interfaces: [carb::windowing::IGLContext v1.0],[carb::windowing::IWindowing v1.5]) (impl: carb.windowing-glfw.plugin)
[3.773s] [ext: omni.kit.renderer.capture-0.0.0] startup
[3.798s] [ext: omni.kit.renderer.imgui-2.0.5] startup
2026-08-22T12:59:06Z [3,757ms] [Warning] [carb.windowing-glfw.plugin] GLFW initialization failed.
2026-08-22T12:59:06Z [3,757ms] [Warning] [carb] Failed to startup plugin carb.windowing-glfw.plugin (interfaces: [carb::windowing::IGLContext v1.0],[carb::windowing::IWindowing v1.5]) (impl: carb.windowing-glfw.plugin)
2026-08-22T12:59:06Z [3,758ms] [Warning] [omni.ui.windowmanager.plugin] Failed to set app window for default window set!
[3.821s] [ext: omni.ui-2.27.1] startup
[3.871s] [ext: omni.kit.mainwindow-1.0.3] startup
[3.888s] [ext: carb.audio-0.1.0] startup
[3.901s] [ext: omni.uiaudio-1.0.0] startup
[3.913s] [ext: omni.kit.uiapp-0.0.0] startup
[3.913s] [ext: omni.usd.schema.metrics.assembler-107.3.1] startup
[3.935s] [ext: omni.usd.schema.audio-0.0.0] startup
[3.955s] [ext: omni.anim.graph.schema-107.3.3] startup
[3.997s] [ext: omni.usd_resolver-1.0.0] startup
[4.016s] [ext: omni.usd.core-1.5.3] startup
[4.022s] [ext: omni.usd.schema.render_settings.rtx-0.0.0] startup
[4.155s] [ext: omni.usd.schema.semantics-0.0.0] startup
[4.171s] [ext: isaacsim.robot.schema-3.6.0] startup
[4.216s] [ext: omni.usd.schema.geospatial-0.0.0] startup
[4.234s] [ext: omni.usd.schema.anim-0.0.0] startup
[4.294s] [ext: omni.kit.window.popup_dialog-2.0.24] startup
[4.333s] [ext: usdrt.scenegraph-7.6.1] startup
[4.496s] [ext: omni.timeline-1.0.14] startup
[4.508s] [ext: omni.resourcemonitor-107.0.1] startup
[4.528s] [ext: omni.activity.core-1.0.3] startup
[4.540s] [ext: omni.kit.widget.nucleus_connector-2.0.1] startup
[4.575s] [ext: omni.hydra.usdrt_delegate-7.5.1] startup
[4.602s] [ext: omni.kit.actions.core-1.0.0] startup
[4.623s] [ext: omni.graph.exec-0.9.6] startup
[4.624s] [ext: omni.kit.commands-1.4.10] startup
[4.668s] [ext: omni.kit.usd_undo-0.1.8] startup
[4.681s] [ext: omni.kit.exec.core-0.13.4] startup
[4.701s] [ext: omni.kit.audiodeviceenum-1.0.2] startup
[4.715s] [ext: omni.hydra.scene_delegate-0.3.4] startup
[4.726s] [ext: omni.usd-1.13.10] startup
[4.871s] [ext: omni.kit.asset_converter-5.0.17] startup
[4.906s] [ext: omni.usd.schema.flow-107.1.1] startup
[4.914s] [ext: omni.usd.schema.omnigraph-1.0.0] startup
[4.935s] [ext: omni.usd.schema.omni_sensors-0.0.0] startup
[4.946s] [ext: omni.anim.navigation.schema-107.3.3] startup
[4.963s] [ext: omni.inspect-1.0.2] startup
[4.971s] [ext: omni.kit.notification_manager-1.0.10] startup
[4.987s] [ext: omni.graph.core-2.184.5] startup
[4.991s] [ext: isaacsim.core.deprecation_manager-0.2.7] startup
[5.002s] [ext: omni.usd.schema.physx-107.3.26] startup
[5.061s] [ext: omni.usd.schema.isaac-3.0.5] startup
[5.061s] [ext: omni.usd.schema.omniscripting-1.0.0] startup
[5.080s] [ext: omni.usd.schema.omni_lens_distortion-0.0.0] startup
[5.091s] [ext: omni.kvdb-107.3.26] startup
[5.105s] [ext: omni.usdphysics-107.3.26] startup
[5.120s] [ext: omni.physx.foundation-107.3.26] startup
[5.134s] [ext: omni.localcache-107.3.26] startup
[5.148s] [ext: omni.convexdecomposition-107.3.26] startup
[5.164s] [ext: omni.physx.cooking-107.3.26] startup
[5.181s] [ext: omni.physx-107.3.26] startup
[5.228s] [ext: omni.physics-107.3.26] startup
[5.248s] [ext: omni.kit.usd.layers-2.2.11] startup
[5.336s] [ext: omni.physics.physx-107.3.26] startup
2026-08-22T12:59:08Z [5,290ms] [Warning] [carb] Acquiring non optional plugin interface which is not listed as dependency: [omni::physx::IPhysxBenchmarks v1.0] (plugin: <default plugin>), by client: omni.physics.physx.plugin. Add it to CARB_PLUGIN_IMPL_DEPS() macro of a client.
[5.345s] [ext: omni.physics.stageupdate-107.3.26] startup
[5.357s] [ext: omni.kit.numpy.common-0.1.3] startup
[5.368s] [ext: isaacsim.core.version-2.0.6] startup
[5.378s] [ext: omni.isaac.dynamic_control-2.0.7] startup
2026-08-22T12:59:08Z [5,348ms] [Warning] [omni.isaac.dynamic_control] omni.isaac.dynamic_control is deprecated as of Isaac Sim 4.5. No action is needed from end-users.
[5.398s] [ext: isaacsim.storage.native-1.5.1] startup
[5.417s] [ext: omni.kit.menu.core-1.1.2] startup
[5.430s] [ext: omni.kit.helper.file_utils-0.1.9] startup
[5.444s] [ext: omni.usd.metrics.assembler-107.3.1] startup
[5.468s] [ext: omni.kit.widget.context_menu-1.2.5] startup
[5.483s] [ext: omni.warp.core-1.8.2] startup
[5.984s] [ext: omni.usd.metrics.assembler.physics-107.3.26] startup
[6.009s] [ext: omni.physics.tensors-107.3.26] startup
[6.045s] [ext: omni.kit.context_menu-1.8.6] startup
[6.066s] [ext: omni.kit.clipboard-1.0.5] startup
[6.074s] [ext: isaacsim.core.utils-3.5.1] startup
[6.094s] [ext: omni.kit.widget.filebrowser-2.12.3] startup
[6.141s] [ext: omni.kit.widget.options_menu-1.1.6] startup
[6.164s] [ext: omni.kit.widget.path_field-2.0.11] startup
[6.178s] [ext: omni.index.libs-380600.8087.0] startup
[6.178s] [ext: omni.ui.scene-1.11.5] startup
[6.190s] [ext: omni.kit.widget.options_button-1.0.3] startup
[6.200s] [ext: omni.kit.widget.browser_bar-2.0.10] startup
[6.213s] [ext: omni.index-1.0.1] startup
[6.214s] [ext: omni.hydra.rtx.shadercache.vulkan-1.0.0] startup
[6.226s] [ext: omni.kit.window.filepicker-2.13.4] startup
[6.357s] [ext: omni.volume-0.5.2] startup
[6.366s] [ext: omni.ujitso.client-0.0.0] startup
[6.367s] [ext: omni.graph.tools-1.79.2] startup
[6.561s] [ext: omni.graph.image.core-0.6.1] startup
[6.562s] [ext: omni.hydra.rtx-1.0.0] startup
2026-08-22T12:59:09Z [6,537ms] [Warning] [omni.log] Source: omni.hydra was already registered.
[6.611s] [ext: omni.kit.window.file_importer-1.1.18] startup
[6.627s] [ext: omni.kit.menu.utils-2.0.5] startup
[6.694s] [ext: omni.graph.image.nodes-1.3.1] startup
[6.695s] [ext: omni.kit.widget.searchable_combobox-1.0.6] startup
[6.711s] [ext: omni.kit.hydra_texture-1.4.6] startup
[6.726s] [ext: omni.kit.material.library-2.0.7] startup
[6.773s] [ext: omni.hydra.engine.stats-1.0.3] startup
[6.786s] [ext: omni.kit.viewport.scene_camera_model-1.0.6] startup
[6.801s] [ext: omni.kit.widget.settings-1.2.6] startup
[6.825s] [ext: omni.kit.viewport.legacy_gizmos-1.0.19] startup
[6.838s] [ext: omni.kit.widget.viewport-107.1.3] startup
[6.878s] [ext: omni.kit.viewport.registry-104.0.6] startup
[6.889s] [ext: omni.kit.raycast.query-1.1.0] startup
[6.908s] [ext: omni.physx.tensors-107.3.26] startup
[6.913s] [ext: omni.kit.window.drop_support-1.0.5] startup
[6.925s] [ext: omni.kit.primitive.mesh-1.0.17] startup
[6.958s] [ext: omni.kit.viewport.window-107.2.0] startup
2026-08-22T12:59:10Z [6,952ms] [Error] [omni.kit.window.drop_support.drop_support] Cannot setup ExternalDragDrop without a default window
2026-08-22T12:59:10Z [6,952ms] [Error] [omni.ui.python] AttributeError: 'NoneType' object has no attribute 'get_window_minimize_event_stream'

At:
  /isaac-sim/extscache/omni.kit.viewport.window-107.2.0+69cbf6ad/omni/kit/viewport/window/window.py(136): __init__
  /isaac-sim/extscache/omni.kit.viewport.window-107.2.0+69cbf6ad/omni/kit/viewport/window/menu_entry.py(203): __show_window
  /isaac-sim/extscache/omni.kit.viewport.window-107.2.0+69cbf6ad/omni/kit/viewport/window/menu_entry.py(139): <lambda>
  /isaac-sim/extscache/omni.kit.viewport.window-107.2.0+69cbf6ad/omni/kit/viewport/window/menu_entry.py(141): __init__
  /isaac-sim/extscache/omni.kit.viewport.window-107.2.0+69cbf6ad/omni/kit/viewport/window/menu_entry.py(250): <listcomp>
  /isaac-sim/extscache/omni.kit.viewport.window-107.2.0+69cbf6ad/omni/kit/viewport/window/menu_entry.py(249): create_viewport_window_menu
  /isaac-sim/extscache/omni.kit.viewport.window-107.2.0+69cbf6ad/omni/kit/viewport/window/extension.py(37): on_startup
  /isaac-sim/kit/kernel/py/omni/ext/_impl/_internal.py(173): _startup_ext
  /isaac-sim/kit/kernel/py/omni/ext/_impl/_internal.py(233): startup
  /isaac-sim/kit/kernel/py/omni/ext/_impl/_internal.py(337): startup_extension
  PythonExtension.cpp::startup()(2): <module>
  /isaac-sim/exts/isaacsim.simulation_app/isaacsim/simulation_app/simulation_app.py(534): _start_app
  /isaac-sim/exts/isaacsim.simulation_app/isaacsim/simulation_app/simulation_app.py(270): __init__
  /workspace/ferox_isaac/run.py(32): <module>

[7.048s] [ext: omni.kit.window.preferences-1.8.0] startup
[7.096s] [ext: isaacsim.core.simulation_manager-1.4.4] startup
[11.404s] [ext: omni.graph.action_core-1.1.7] startup
[11.415s] [ext: omni.graph-1.141.2] startup
[11.613s] [ext: omni.kit.viewport.utility-1.1.2] startup
[11.626s] [ext: omni.kit.viewport.menubar.core-107.2.1] startup
[11.705s] [ext: isaacsim.core.prims-0.6.1] startup
[11.863s] [ext: omni.graph.action_nodes-1.50.4] startup
[11.879s] [ext: omni.kit.stage_template.core-1.1.22] startup
[11.898s] [ext: omni.syntheticdata-0.6.13] startup
[12.226s] [ext: omni.graph.nodes-1.170.10] startup
[12.302s] [ext: omni.graph.action-1.130.0] startup
[12.336s] [ext: omni.kit.stage_templates-2.0.0] startup
[12.389s] [ext: omni.kit.widget.filter-1.1.4] startup
[12.416s] [ext: omni.kit.widget.graph-2.0.0] startup
[12.521s] [ext: omni.kit.property.adapter.core-1.0.2] startup
[12.542s] [ext: omni.kit.window.file_exporter-1.0.33] startup
[12.558s] [ext: omni.kit.widget.searchfield-1.1.8] startup
[12.575s] [ext: omni.kit.hotkeys.core-1.3.10] startup
[12.577s] [ext: omni.kit.graph.delegate.default-1.2.3] startup
[12.592s] [ext: omni.kit.property.adapter.fabric-1.0.3] startup
[12.613s] [ext: omni.kit.widget.stage-3.1.4] startup
[12.698s] [ext: omni.kit.property.adapter.usd-1.0.2] startup
[12.718s] [ext: omni.kit.graph.editor.core-1.5.3] startup
[12.750s] [ext: omni.kit.widget.material_preview-1.0.16] startup
[12.769s] [ext: omni.kit.widget.highlight_label-1.0.3] startup
[12.781s] [ext: omni.kit.window.file-2.0.5] startup
[12.813s] [ext: omni.kit.window.content_browser_registry-0.0.6] startup
[12.828s] [ext: omni.kit.window.property-1.12.1] startup
[12.856s] [ext: omni.kit.window.content_browser-3.1.3] startup
2026-08-22T12:59:16Z [12,850ms] [Error] [omni.kit.window.drop_support.drop_support] Cannot setup ExternalDragDrop without a default window
[12.898s] [ext: omni.kit.graph.usd.commands-1.3.1] startup
[12.916s] [ext: omni.kit.property.usd-4.5.12] startup
[13.030s] [ext: omni.graph.ui_nodes-1.50.5] startup
[13.047s] [ext: omni.videoencoding-0.1.2] startup
[13.062s] [ext: omni.kit.window.material_graph-1.9.1] startup
[13.167s] [ext: omni.warp-1.8.2] startup
[13.221s] [ext: isaacsim.core.api-4.8.0] startup
[13.467s] [ext: omni.graph.scriptnode-1.50.0] startup
[13.497s] [ext: isaacsim.test.docstring-1.1.0] startup
[13.542s] [ext: isaacsim.core.experimental.utils-0.3.0] startup
[13.594s] [ext: omni.replicator.core-1.12.27] startup
2026-08-22T12:59:16Z [13,764ms] [Warning] [pxr.Semantics] pxr.Semantics is deprecated - please use Semantics instead
2026-08-22T12:59:17Z [14,112ms] [Warning] [omni.graph.core.plugin] Found duplicate of category 'Replicator' - was 'Annotators', adding 'Fabric Reader'
2026-08-22T12:59:17Z [14,112ms] [Warning] [omni.graph.core.plugin] Category 'Replicator' not accepted on node type 'omni.replicator.core.FabricReader' in extension 'omni.replicator.core'
2026-08-22T12:59:17Z [14,113ms] [Warning] [omni.replicator.core.scripts.extension] No material configuration file, adding configuration to material settings directly.
[14.167s] [ext: isaacsim.core.experimental.prims-0.8.1] startup
[14.336s] [ext: omni.kit.window.extensions-1.4.27] startup
[14.455s] [ext: isaacsim.core.experimental.objects-0.4.0] startup
[14.615s] [ext: omni.ui_query-1.1.8] startup
[14.637s] [ext: omni.kit.manipulator.viewport-107.0.1] startup
[14.666s] [ext: isaacsim.robot.surface_gripper-3.3.1] startup
[14.707s] [ext: omni.kit.ui_test-1.3.7] startup
[14.821s] [ext: omni.graph.visualization.nodes-2.1.3] startup
[15.070s] [ext: isaacsim.robot_motion.lula-4.0.8] startup
[15.158s] [ext: isaacsim.core.nodes-3.4.3] startup
[15.303s] [ext: isaacsim.gui.components-1.2.1] startup
[15.748s] [ext: isaacsim.robot_motion.motion_generation-8.0.26] startup
[16.608s] [ext: isaacsim.robot.manipulators-3.3.6] startup
[16.683s] [ext: isaacsim.core.experimental.materials-0.4.0] startup
[16.774s] [ext: isaacsim.robot.manipulators.examples-1.1.2] startup
[16.793s] [ext: isaacsim.cortex.framework-1.0.12] startup
[16.807s] [ext: isaacsim.cortex.behaviors-2.0.14] startup
[16.822s] [ext: omni.isaac.cortex.sample_behaviors-2.0.5] startup
2026-08-22T12:59:19Z [16,787ms] [Warning] [omni.isaac.cortex] omni.isaac.cortex has been deprecated in favor of isaacsim.cortex.framework. Please update your code accordingly.
2026-08-22T12:59:19Z [16,797ms] [Warning] [omni.isaac.cortex.sample_behaviors] omni.isaac.cortex.sample_behaviors has been deprecated in favor of isaacsim.cortex.behaviors. Please update your code accordingly.
[16.845s] [ext: omni.kit.widget.zoombar-1.0.6] startup
[16.868s] [ext: isaacsim.gui.content_browser-0.1.11] startup
[16.892s] [ext: omni.kit.browser.core-2.3.13] startup
[16.957s] [ext: omni.kit.widget.stage_icons-1.0.8] startup
[16.974s] [ext: omni.kit.widget.prompt-1.0.7] startup
[16.993s] [ext: omni.kit.usd.collect-2.4.5] startup
[17.042s] [ext: omni.kit.browser.folder.core-1.10.9] startup
[17.128s] [ext: omni.kit.window.stage-2.6.1] startup
[17.157s] [ext: omni.kit.usdz_export-1.0.9] startup
[17.179s] [ext: omni.kit.tool.collect-2.2.18] startup
[17.216s] [ext: omni.kit.menu.stage-1.2.7] startup
[17.236s] [ext: omni.kit.tool.asset_importer-4.3.2] startup
[17.307s] [ext: isaacsim.robot.wheeled_robots-4.0.24] startup
[17.380s] [ext: isaacsim.examples.browser-0.2.1] startup
[17.421s] [ext: isaacsim.asset.importer.urdf-2.4.30] startup
[17.852s] [ext: omni.isaac.wheeled_robots-3.0.7] startup
2026-08-22T12:59:21Z [17,821ms] [Warning] [omni.isaac.wheeled_robots] omni.isaac.wheeled_robots has been deprecated in favor of isaacsim.robot.wheeled_robots. Please update your code accordingly.
2026-08-22T12:59:21Z [17,834ms] [Warning] [omni.isaac.wheeled_robots.controllers] omni.isaac.wheeled_robots has been deprecated in favor of isaacsim.robot.wheeled_robots. Please update your code accordingly.
2026-08-22T12:59:21Z [17,834ms] [Warning] [omni.isaac.wheeled_robots.controllers.ackermann_controller] omni.isaac.wheeled_robots has been deprecated in favor of isaacsim.robot.wheeled_robots. Please update your code accordingly.
2026-08-22T12:59:21Z [17,835ms] [Warning] [omni.isaac.wheeled_robots.controllers.differential_controller] omni.isaac.wheeled_robots has been deprecated in favor of isaacsim.robot.wheeled_robots. Please update your code accordingly.
2026-08-22T12:59:21Z [17,836ms] [Warning] [omni.isaac.wheeled_robots.controllers.holonomic_controller] omni.isaac.wheeled_robots has been deprecated in favor of isaacsim.robot.wheeled_robots. Please update your code accordingly.
2026-08-22T12:59:21Z [17,837ms] [Warning] [omni.isaac.wheeled_robots.controllers.quintic_path_planner] omni.isaac.wheeled_robots has been deprecated in favor of isaacsim.robot.wheeled_robots. Please update your code accordingly.
2026-08-22T12:59:21Z [17,838ms] [Warning] [omni.isaac.wheeled_robots.controllers.stanley_control] omni.isaac.wheeled_robots has been deprecated in favor of isaacsim.robot.wheeled_robots. Please update your code accordingly.
2026-08-22T12:59:21Z [17,839ms] [Warning] [omni.isaac.wheeled_robots.controllers.wheel_base_pose_controller] omni.isaac.wheeled_robots has been deprecated in favor of isaacsim.robot.wheeled_robots. Please update your code accordingly.
2026-08-22T12:59:21Z [17,842ms] [Warning] [omni.isaac.wheeled_robots.impl] omni.isaac.wheeled_robots has been deprecated in favor of isaacsim.robot.wheeled_robots. Please update your code accordingly.
2026-08-22T12:59:21Z [17,845ms] [Warning] [omni.isaac.wheeled_robots.robots] omni.isaac.wheeled_robots has been deprecated in favor of isaacsim.robot.wheeled_robots. Please update your code accordingly.
2026-08-22T12:59:21Z [17,846ms] [Warning] [omni.isaac.wheeled_robots.robots.holonomic_robot_usd_setup] omni.isaac.wheeled_robots has been deprecated in favor of isaacsim.robot.wheeled_robots. Please update your code accordingly.
2026-08-22T12:59:21Z [17,847ms] [Warning] [omni.isaac.wheeled_robots.robots.wheeled_robot] omni.isaac.wheeled_robots has been deprecated in favor of isaacsim.robot.wheeled_robots. Please update your code accordingly.
[17.898s] [ext: isaacsim.simulation_app-2.12.2] startup
[17.904s] [ext: omni.isaac.franka-1.0.7] startup
2026-08-22T12:59:21Z [17,868ms] [Warning] [omni.isaac.franka] omni.isaac.franka has been deprecated in favor of isaacsim.robot.manipulators.examples.franka. Please update your code accordingly.
2026-08-22T12:59:21Z [17,869ms] [Warning] [omni.isaac.franka.franka] omni.isaac.franka has been deprecated in favor of isaacsim.robot.manipulators.examples.franka. Please update your code accordingly.
2026-08-22T12:59:21Z [17,949ms] [Warning] [omni.isaac.franka.kinematics_solver] omni.isaac.franka has been deprecated in favor of isaacsim.robot.manipulators.examples.franka. Please update your code accordingly.
[17.997s] [ext: omni.isaac.kit-2.0.6] startup
2026-08-22T12:59:21Z [17,965ms] [Warning] [omni.isaac.kit] omni.isaac.kit has been deprecated in favor of isaacsim.simulation_app. Please update your code accordingly.
[18.013s] [ext: omni.kit.selection-0.1.6] startup
[18.031s] [ext: omni.isaac.lula-4.0.6] startup
2026-08-22T12:59:21Z [17,994ms] [Warning] [omni.isaac.lula] omni.isaac.lula has been deprecated in favor of isaacsim.robot_motion.lula. Please update your code accordingly.
[18.045s] [ext: isaacsim.robot_motion.lula_test_widget-1.0.12] startup
[18.076s] [ext: isaacsim.asset.browser-1.3.23] startup
[18.373s] [ext: omni.kit.viewport.actions-107.0.2] startup
[18.396s] [ext: isaacsim.gui.menu-2.4.4] startup
[18.440s] [ext: omni.isaac.manipulators-3.0.7] startup
2026-08-22T12:59:21Z [18,403ms] [Warning] [omni.isaac.manipulators] omni.isaac.manipulators has been deprecated in favor of isaacsim.robot.manipulators. Please update your code accordingly.
2026-08-22T12:59:21Z [18,406ms] [Warning] [omni.isaac.manipulators.controllers] omni.isaac.manipulators has been deprecated in favor of isaacsim.robot.manipulators. Please update your code accordingly.
2026-08-22T12:59:21Z [18,406ms] [Warning] [omni.isaac.manipulators.controllers.pick_place_controller] omni.isaac.manipulators has been deprecated in favor of isaacsim.robot.manipulators. Please update your code accordingly.
2026-08-22T12:59:21Z [18,411ms] [Warning] [omni.isaac.manipulators.controllers.stacking_controller] omni.isaac.manipulators has been deprecated in favor of isaacsim.robot.manipulators. Please update your code accordingly.
2026-08-22T12:59:21Z [18,413ms] [Warning] [omni.isaac.manipulators.grippers] omni.isaac.manipulators has been deprecated in favor of isaacsim.robot.manipulators. Please update your code accordingly.
2026-08-22T12:59:21Z [18,414ms] [Warning] [omni.isaac.manipulators.grippers.gripper] omni.isaac.manipulators has been deprecated in favor of isaacsim.robot.manipulators. Please update your code accordingly.
2026-08-22T12:59:21Z [18,414ms] [Warning] [omni.isaac.manipulators.grippers.parallel_gripper] omni.isaac.manipulators has been deprecated in favor of isaacsim.robot.manipulators. Please update your code accordingly.
2026-08-22T12:59:21Z [18,415ms] [Warning] [omni.isaac.manipulators.grippers.surface_gripper] omni.isaac.manipulators has been deprecated in favor of isaacsim.robot.manipulators. Please update your code accordingly.
2026-08-22T12:59:21Z [18,417ms] [Warning] [omni.isaac.manipulators.manipulators] omni.isaac.manipulators has been deprecated in favor of isaacsim.robot.manipulators. Please update your code accordingly.
2026-08-22T12:59:21Z [18,417ms] [Warning] [omni.isaac.manipulators.manipulators.single_manipulator] omni.isaac.manipulators has been deprecated in favor of isaacsim.robot.manipulators. Please update your code accordingly.
[18.467s] [ext: omni.isaac.lula_test_widget-1.0.6] startup
2026-08-22T12:59:21Z [18,431ms] [Warning] [omni.isaac.lula_test_widget] omni.isaac.lula_test_widget has been deprecated in favor of isaacsim.robot_motion.lula_test_widget. Please update your code accordingly.
[18.478s] [ext: omni.isaac.asset_browser-1.0.6] startup
2026-08-22T12:59:21Z [18,443ms] [Warning] [omni.isaac.asset_browser] omni.isaac.asset_browser has been deprecated in favor of isaacsim.asset.browser. Please update your code accordingly.
[18.493s] [ext: omni.kit.viewport.menubar.display-107.0.3] startup
[18.513s] [ext: omni.isaac.menu-1.0.6] startup
2026-08-22T12:59:21Z [18,475ms] [Warning] [omni.isaac.menu] omni.isaac.menu has been deprecated in favor of isaacsim.gui.menu. Please update your code accordingly.
[18.526s] [ext: omni.isaac.motion_generation-8.0.7] startup
2026-08-22T12:59:21Z [18,488ms] [Warning] [omni.isaac.motion_generation] omni.isaac.motion_generation has been deprecated in favor of isaacsim.robot_motion.motion_generation. Please update your code accordingly.
2026-08-22T12:59:21Z [18,489ms] [Warning] [omni.isaac.motion_generation.articulation_kinematics_solver] omni.isaac.motion_generation has been deprecated in favor of isaacsim.robot_motion.motion_generation. Please update your code accordingly.
2026-08-22T12:59:21Z [18,489ms] [Warning] [omni.isaac.motion_generation.articulation_motion_policy] omni.isaac.motion_generation has been deprecated in favor of isaacsim.robot_motion.motion_generation. Please update your code accordingly.
2026-08-22T12:59:21Z [18,490ms] [Warning] [omni.isaac.motion_generation.articulation_trajectory] omni.isaac.motion_generation has been deprecated in favor of isaacsim.robot_motion.motion_generation. Please update your code accordingly.
2026-08-22T12:59:21Z [18,490ms] [Warning] [omni.isaac.motion_generation.kinematics_interface] omni.isaac.motion_generation has been deprecated in favor of isaacsim.robot_motion.motion_generation. Please update your code accordingly.
2026-08-22T12:59:21Z [18,492ms] [Warning] [omni.isaac.motion_generation.lula] omni.isaac.motion_generation has been deprecated in favor of isaacsim.robot_motion.motion_generation. Please update your code accordingly.
2026-08-22T12:59:21Z [18,493ms] [Warning] [omni.isaac.motion_generation.lula.kinematics] omni.isaac.motion_generation has been deprecated in favor of isaacsim.robot_motion.motion_generation. Please update your code accordingly.
2026-08-22T12:59:21Z [18,493ms] [Warning] [omni.isaac.motion_generation.lula.motion_policies] omni.isaac.motion_generation has been deprecated in favor of isaacsim.robot_motion.motion_generation. Please update your code accordingly.
2026-08-22T12:59:21Z [18,493ms] [Warning] [omni.isaac.motion_generation.lula.path_planners] omni.isaac.motion_generation has been deprecated in favor of isaacsim.robot_motion.motion_generation. Please update your code accordingly.
2026-08-22T12:59:21Z [18,494ms] [Warning] [omni.isaac.motion_generation.lula.trajectory_generator] omni.isaac.motion_generation has been deprecated in favor of isaacsim.robot_motion.motion_generation. Please update your code accordingly.
2026-08-22T12:59:21Z [18,494ms] [Warning] [omni.isaac.motion_generation.motion_policy_controller] omni.isaac.motion_generation has been deprecated in favor of isaacsim.robot_motion.motion_generation. Please update your code accordingly.
2026-08-22T12:59:21Z [18,495ms] [Warning] [omni.isaac.motion_generation.motion_policy_interface] omni.isaac.motion_generation has been deprecated in favor of isaacsim.robot_motion.motion_generation. Please update your code accordingly.
2026-08-22T12:59:21Z [18,495ms] [Warning] [omni.isaac.motion_generation.path_planner_visualizer] omni.isaac.motion_generation has been deprecated in favor of isaacsim.robot_motion.motion_generation. Please update your code accordingly.
2026-08-22T12:59:21Z [18,495ms] [Warning] [omni.isaac.motion_generation.path_planning_interface] omni.isaac.motion_generation has been deprecated in favor of isaacsim.robot_motion.motion_generation. Please update your code accordingly.
2026-08-22T12:59:21Z [18,496ms] [Warning] [omni.isaac.motion_generation.trajectory] omni.isaac.motion_generation has been deprecated in favor of isaacsim.robot_motion.motion_generation. Please update your code accordingly.
2026-08-22T12:59:21Z [18,496ms] [Warning] [omni.isaac.motion_generation.world_interface] omni.isaac.motion_generation has been deprecated in favor of isaacsim.robot_motion.motion_generation. Please update your code accordingly.
[18.547s] [ext: omni.isaac.assets_check-0.3.13] startup
2026-08-22T12:59:21Z [18,509ms] [Warning] [omni.isaac.assets_check] omni.isaac.assets_check has been deprecated in favor of isaacsim.asset.browser. Please update your code accordingly.
[18.557s] [ext: isaacsim.gui.sensors.icon-2.0.3] startup
[18.668s] [ext: isaacsim.asset.importer.mjcf-2.5.13] startup
[18.707s] [ext: omni.sensors.nv.common-3.0.0] startup
[18.735s] [ext: isaacsim.sensors.physics-0.4.3] startup
[18.776s] [ext: omni.sensors.net-1.0.0] startup
[18.798s] [ext: omni.isaac.nucleus-1.0.6] startup
2026-08-22T12:59:21Z [18,767ms] [Warning] [omni.isaac.nucleus] omni.isaac.nucleus has been deprecated in favor of isaacsim.storage.native. Please update your code accordingly.
2026-08-22T12:59:21Z [18,773ms] [Warning] [omni.isaac.nucleus.nucleus] omni.isaac.nucleus.nucleus has been deprecated in favor of isaacsim.storage.native. Please update your code accordingly.
[18.822s] [ext: omni.sensors.nv.materials-2.0.0] startup
[18.851s] [ext: isaacsim.robot.policy.examples-4.1.11] startup
[18.870s] [ext: omni.sensors.nv.wpm-3.0.0] startup
[18.882s] [ext: omni.sensors.nv.lidar-3.0.0] startup
[18.915s] [ext: isaacsim.util.debug_draw-3.1.0] startup
[18.939s] [ext: omni.sensors.nv.radar-3.0.0] startup
[18.954s] [ext: omni.sensors.nv.ids-2.0.0] startup
[18.961s] [ext: isaacsim.core.cloner-1.4.10] startup
[18.989s] [ext: isaacsim.sensors.physx-2.3.2] startup
[19.030s] [ext: isaacsim.sensors.rtx-15.8.4] startup
[19.087s] [ext: isaacsim.sensors.camera-1.3.6] startup
[19.172s] [ext: omni.isaac.quadruped-3.0.7] startup
2026-08-22T12:59:22Z [19,140ms] [Warning] [omni.isaac.quadruped] omni.isaac.quadruped has been deprecated in favor of isaacsim.robot.policy.examples. Please update your code accordingly.
[19.191s] [ext: omni.isaac.cloner-1.0.7] startup
2026-08-22T12:59:22Z [19,159ms] [Warning] [omni.isaac.cloner] omni.isaac.cloner has been deprecated in favor of isaacsim.core.cloner. Please update your code accordingly.
[19.210s] [ext: omni.isaac.range_sensor-4.0.6] startup
2026-08-22T12:59:22Z [19,178ms] [Warning] [omni.isaac.range_sensor] omni.isaac.range_sensor has been deprecated in favor of isaacsim.sensors.physx. Please update your code accordingly.
2026-08-22T12:59:22Z [19,179ms] [Warning] [omni.isaac.range_sensor.commands] omni.isaac.range_sensor.commands has been deprecated in favor of isaacsim.sensors.physx.commands. Please update your code accordingly.
[19.230s] [ext: omni.isaac.sensor-13.0.7] startup
2026-08-22T12:59:22Z [19,196ms] [Warning] [omni.isaac.sensor] omni.isaac.sensor has been deprecated in favor of isaacsim.sensors.camera, isaacsim.sensors.physics, isaacsim.sensors.physx, and isaacsim.sensors.rtx. Please update your code accordingly.
2026-08-22T12:59:22Z [19,196ms] [Warning] [omni.isaac.sensor.camera] omni.isaac.sensor.camera has been deprecated in favor of isaacsim.sensors.camera.camera. Please update your code accordingly.
2026-08-22T12:59:22Z [19,197ms] [Warning] [omni.isaac.sensor.camera_view] omni.isaac.sensor.camera_view has been deprecated in favor of isaacsim.sensors.camera.camera_view. Please update your code accordingly.
2026-08-22T12:59:22Z [19,197ms] [Warning] [omni.isaac.sensor.commands] omni.isaac.sensor.commands has been deprecated in favor of isaacsim.sensors.physics.commands, isaacsim.sensors.physx.commands, and isaacsim.sensors.rtx.commands. Please update your code accordingly.
2026-08-22T12:59:22Z [19,198ms] [Warning] [omni.isaac.sensor.contact_sensor] omni.isaac.sensor.contact_sensor has been deprecated in favor of isaacsim.sensors.physics.contact_sensor. Please update your code accordingly.
2026-08-22T12:59:22Z [19,198ms] [Warning] [omni.isaac.sensor.imu_sensor] omni.isaac.sensor.imu_sensor has been deprecated in favor of isaacsim.sensors.physics.imu_sensor. Please update your code accordingly.
2026-08-22T12:59:22Z [19,199ms] [Warning] [omni.isaac.sensor.lidar_rtx] omni.isaac.sensor.lidar_rtx has been deprecated in favor of isaacsim.sensors.rtx.lidar_rtx. Please update your code accordingly.
2026-08-22T12:59:22Z [19,199ms] [Warning] [omni.isaac.sensor.rotating_lidar_physX] omni.isaac.sensor.imu_sensor has been deprecated in favor of isaacsim.sensors.physix.rotating_lidar_physX. Please update your code accordingly.
2026-08-22T12:59:22Z [19,204ms] [Warning] [omni.isaac.sensor.scripts.samples.contact_sensor] omni.isaac.sensor.scripts.samples.contact_sensor has been deprecated in favor of isaacsim.sensors.physics.scripts.samples.contact_sensor. Please update your code accordingly.
2026-08-22T12:59:22Z [19,205ms] [Warning] [omni.isaac.sensor.scripts.samples.imu_sensor] omni.isaac.sensor.scripts.samples.imu_sensor has been deprecated in favor of isaacsim.sensors.physics.scripts.samples.imu_sensor. Please update your code accordingly.
2026-08-22T12:59:22Z [19,205ms] [Warning] [omni.isaac.sensor.scripts.samples.lightbeam_sensor] omni.isaac.sensor.scripts.samples.lightbeam_sensor has been deprecated in favor of isaacsim.sensors.physx.scripts.samples.lightbeam_sensor. Please update your code accordingly.
[19.256s] [ext: omni.kit.menu.create-2.0.1] startup
[19.288s] [ext: omni.kit.widget.toolbar-2.0.1] startup
[19.336s] [ext: omni.kit.manipulator.transform-107.0.0] startup
[19.377s] [ext: omni.isaac.core-4.0.7] startup
2026-08-22T12:59:22Z [19,343ms] [Warning] [omni.isaac.core.physics_context.physics_context] omni.isaac.core.physics_context.physics_context has been deprecated in favor of isaacsim.core.api.physics_context.physics_context. Please update your code accordingly.
2026-08-22T12:59:22Z [19,346ms] [Warning] [omni.isaac.core.simulation_context.simulation_context] omni.isaac.core.simulation_context.simulation_context has been deprecated in favor of isaacsim.core.api.simulation_context.simulation_context. Please update your code accordingly.
2026-08-22T12:59:22Z [19,349ms] [Warning] [omni.isaac.core.world.world] omni.isaac.core.world.world has been deprecated in favor of isaacsim.core.api.world.world. Please update your code accordingly.
2026-08-22T12:59:22Z [19,349ms] [Warning] [omni.isaac.core] omni.isaac.core has been deprecated in favor of isaacsim.core.api. Please update your code accordingly.
[19.400s] [ext: omni.kit.scripting-107.3.2] startup
[19.437s] [ext: omni.kit.manipulator.tool.snap-1.5.13] startup
[19.472s] [ext: omni.kit.manipulator.selector-1.1.3] startup
[19.489s] [ext: isaacsim.app.about-2.0.11] startup
[19.514s] [ext: isaacsim.replicator.behavior-1.1.16] startup
[19.526s] [ext: omni.kit.viewport.manipulator.transform-107.0.4] startup
[19.548s] [ext: omni.isaac.window.about-2.0.7] startup
2026-08-22T12:59:22Z [19,515ms] [Warning] [omni.isaac.window.about] omni.isaac.window.about has been deprecated in favor of isaacsim.app.about. Please update your code accordingly.
2026-08-22T12:59:22Z [19,515ms] [Warning] [omni.isaac.window.about.about] omni.isaac.window.about.about has been deprecated in favor of isaacsim.app.about.about. Please update your code accordingly.
[19.566s] [ext: omni.fabric.commands-1.1.6] startup
[19.597s] [ext: omni.kit.manipulator.prim.core-107.0.8] startup
[19.643s] [ext: omni.kit.property.audio-1.0.16] startup
[19.663s] [ext: omni.kit.property.camera-1.0.10] startup
[19.684s] [ext: omni.kit.property.geometry-2.0.4] startup
[19.717s] [ext: omni.hydra.scene_api-0.1.2] startup
[19.731s] [ext: omni.kit.property.light-1.0.12] startup
[19.773s] [ext: omni.kit.manipulator.prim.fabric-107.0.4] startup
[19.794s] [ext: omni.kit.manipulator.prim.usd-107.0.3] startup
[19.811s] [ext: omni.kit.property.material-1.11.9] startup
[19.870s] [ext: omni.kit.property.render-1.2.1] startup
[19.882s] [ext: omni.kit.property.transform-1.5.13] startup
[19.927s] [ext: isaacsim.gui.property-1.1.3] startup
[19.943s] [ext: omni.kit.manipulator.camera-106.0.4] startup
[19.979s] [ext: omni.kit.manipulator.prim-107.0.0] startup
[19.980s] [ext: omni.isaac.surface_gripper-2.0.6] startup
2026-08-22T12:59:23Z [19,942ms] [Warning] [omni.isaac.surface_gripper] omni.isaac.surface_gripper has been deprecated in favor of isaacsim.robot.surface_gripper. Please update your code accordingly.
[19.993s] [ext: omni.kit.manipulator.selection-106.0.1] startup
[20.012s] [ext: omni.kit.property.bundle-1.4.1] startup
[20.025s] [ext: omni.kit.property.isaac-1.0.6] startup
2026-08-22T12:59:23Z [19,990ms] [Warning] [omni.kit.property.isaac] omni.kit.property.isaac has been deprecated in favor of isaacsim.gui.property. Please update your code accordingly.
2026-08-22T12:59:23Z [19,990ms] [Warning] [omni.kit.property.isaac.widgets] omni.kit.property.isaac.widgets has been deprecated in favor of isaacsim.gui.property.widgets. Please update your code accordingly.
[20.038s] [ext: omni.isaac.universal_robots-1.0.6] startup
2026-08-22T12:59:23Z [20,001ms] [Warning] [omni.isaac.universal_robots] omni.isaac.universal_robots has been deprecated in favor of isaacsim.robot.manipulators.examples.universal_robots. Please update your code accordingly.
2026-08-22T12:59:23Z [20,002ms] [Warning] [omni.isaac.universal_robots.kinematics_solver] omni.isaac.franka has been deprecated in favor of isaacsim.robot.manipulators.examples.universal_robots. Please update your code accordingly.
2026-08-22T12:59:23Z [20,009ms] [Warning] [omni.isaac.universal_robots.ur10] omni.isaac.franka has been deprecated in favor of isaacsim.robot.manipulators.examples.universal_robots. Please update your code accordingly.
[20.057s] [ext: omni.isaac.core_nodes-2.0.6] startup
2026-08-22T12:59:23Z [20,027ms] [Warning] [omni.isaac.core_nodes] omni.isaac.core_nodes has been deprecated in favor of isaacsim.core.nodes. Please update your code accordingly.
[20.077s] [ext: omni.kit.viewport.menubar.camera-107.0.6] startup
[20.122s] [ext: omni.kit.viewport.menubar.lighting-107.3.1] startup
[20.150s] [ext: isaacsim.replicator.writers-1.0.17] startup
[20.321s] [ext: omni.kit.viewport.menubar.render-107.0.10] startup
[20.411s] [ext: omni.kit.viewport.menubar.settings-107.0.3] startup
[20.488s] [ext: omni.kit.window.console-1.1.4] startup
[20.531s] [ext: isaacsim.replicator.domain_randomization-1.0.16] startup
[20.566s] [ext: isaacsim.replicator.examples-1.3.6] startup
[20.592s] [ext: omni.ocio-0.1.1] startup
[20.621s] [ext: omni.rtx.window.settings-0.6.19] startup
[20.728s] [ext: omni.kit.window.status_bar-0.1.9] startup
[20.783s] [ext: omni.kit.window.toolbar-2.0.0] startup
[20.809s] [ext: omni.replicator.isaac-2.0.8] startup
2026-08-22T12:59:23Z [20,772ms] [Warning] [omni.replicator.isaac] omni.replicator.isaac has been deprecated in favor of isaacsim.replicator.domain_randomization, isaacsim.replicator.examples, isaacsim.replicator.writers. Please update your code accordingly.
[20.823s] [ext: omni.replicator.replicator_yaml-2.0.11] startup
[20.965s] [ext: omni.rtx.settings.core-0.6.5] startup
[21.023s] [ext: omni.usd.metrics.assembler.ui-107.3.1] startup
[21.057s] [ext: omni.isaac.utils-2.0.6] startup
[21.073s] [ext: semantics.schema.editor-2.0.2] startup
[21.101s] [ext: omni.kit.ui.actions-1.0.5] startup
[21.117s] [ext: semantics.schema.property-2.0.1] startup
[21.133s] [ext: omni.isaac.version-2.0.7] startup
2026-08-22T12:59:24Z [21,096ms] [Warning] [omni.isaac.version] omni.isaac.version has been deprecated in favor of isaacsim.core.version. Please update your code accordingly.
[21.146s] [ext: omni.isaac.cortex-1.0.5] startup
[21.146s] [ext: omni.anim.curve.core-1.3.1] startup
[21.206s] [ext: isaacsim.core.throttling-2.2.2] startup
[21.221s] [ext: omni.kit.menu.common-2.0.1] startup
[21.236s] [ext: isaacsim.exp.base-5.1.0] startup
[21.239s] [ext: isaacsim.exp.base.python-5.1.0] startup
[21.242s] Simulation App Starting
2026-08-22T12:59:24Z [21,334ms] [Error] [omni.kit.window.drop_support.drop_support] Cannot setup ExternalDragDrop without a default window
2026-08-22T12:59:24Z [21,344ms] [Warning] [omni.fabric.plugin] Warning: attribute viewPickingId not found for bucket id 9

[21.465s] app ready
2026-08-22T12:59:24Z [21,791ms] [Error] [omni.kit.menu.utils.app_menu] Hotkeys cannot be setup without a default window
Starting kit application with the following args:  ['/isaac-sim/exts/isaacsim.simulation_app/isaacsim/simulation_app/simulation_app.py', '/isaac-sim/apps/isaacsim.exp.base.python.kit', '--/app/tokens/exe-path=/isaac-sim/kit', '--/persistent/app/viewport/displayOptions=3094', '--/rtx/materialDb/syncLoads=True', '--/rtx/hydra/materialSyncLoads=True', '--/omni.kit.plugin/syncUsdLoads=True', '--/app/renderer/resolution/width=1280', '--/app/renderer/resolution/height=720', '--/app/window/width=1440', '--/app/window/height=900', '--/renderer/multiGpu/enabled=True', '--/app/fastShutdown=True', '--/app/installSignalHandlers=0', '--ext-folder', '/isaac-sim/exts', '--ext-folder', '/isaac-sim/apps', '--/physics/cudaDevice=0', '--/plugins/carb.tasking.plugin/threadCount=32', '--/plugins/omni.tbb.globalcontrol/maxThreadCount=32', '--portable']
Passing the following args to the base kit application:  ['--robot_type', 'g1', '--cmd_vel_topic', '/ferox/g1_01/cmd_vel', '--ros_namespace', '/ferox/g1_01', '--no_keyboard', '--render_dt', '0.02']
Warp 1.8.2 initialized:
   CUDA Toolkit 12.8, Driver 13.0
   Devices:
     "cpu"      : "x86_64"
     "cuda:0"   : "NVIDIA GeForce RTX 4090" (24 GiB, sm_89, mempool enabled)
   Kernel cache:
     /isaac-sim/.cache/warp/1.8.2
Warp DeprecationWarning: The `warp.sim` module is deprecated and will be removed in v1.10. Please transition to using the forthcoming Newton library instead.
[PANTHERA-MARK] before RobotRosRunner()
[PANTHERA-MARK] camera ros_namespace = '/ferox/g1_01'
[World] SIM_WORLD=hospital -> https://omniverse-content-production.s3-us-west-2.amazonaws.com/Assets/Isaac/5.1/Isaac/Environments/Hospital/hospital.usd
[World] spawn pos=[7.800000190734863, 2.0, 0.800000011920929] yaw=1.570rad (robot=g1)
[25.593s] Simulation App Startup Complete
[25.630s] [ext: isaacsim.ros2.bridge-4.12.4] startup
[25.738s] Attempting to load system rclpy
[25.738s] Could not import system rclpy: No module named 'rclpy'
[25.738s] Attempting to load internal rclpy for ROS Distro: humble
[25.810s] rclpy loaded
2026-08-22T12:59:30Z [27,745ms] [Error] [__main__] G1_PHYSX_TWEAKS friction_combine=multiply matched ZERO prims -- the run is NOT testing what it claims
[PANTHERA-MARK] RobotRosRunner constructed, before reset
[PANTHERA-MARK] A: app.update done, calling _world.reset()
[PANTHERA-MARK] B: world.reset() done
[PANTHERA-MARK] C: app.update done, calling setup()
[PANTHERA-MARK] D: setup() done
[lowlevel-sim] hands: [] (none -- HAND=none)
[lowlevel-sim] TEST RIG ACTIVE: base pinned to spawn pose (C-30)
[lowlevel-sim] spawn base_z=0.7975 hold_pose=spawn q_hold[:6]=[-0.10000000149011612, 0.0, 0.0, 0.30000001192092896, -0.20000000298023224, 0.0]
[lowlevel-sim][trace] set_gains
[lowlevel-sim][trace] set_effort_modes
[lowlevel-sim][trace] switch_control_mode(effort)
[lowlevel-sim][trace] control mode set
[lowlevel-sim] physics 1000.0 Hz, PD every 2 step(s) -> 500.0 Hz, timeout 85 ms
[PANTHERA-MARK] low-level bridge attached (G1_CONTROL=lowcmd)
[lowlevel-sim][GT] t=0.001 quat=[0.70739, 0.0, 0.0, 0.70683] angvel=[0.0, 0.0, 0.0] linvel=[0.0, 0.0, 0.0] z=0.7975
[PANTHERA-MARK] E: app.update done, SKIPPING setup_ros() entirely
[PANTHERA-MARK] E1: entered setup_ros() body
[PANTHERA-MARK] E2: self._cmd_vel_topic = /ferox/g1_01/cmd_vel
[PANTHERA] executor spinning on dedicated thread
[PANTHERA] cmd_vel subscriber active on /ferox/g1_01/cmd_vel (rclpy bypass)
[PANTHERA] reset subscriber active on /twin/reset
[lowlevel-sim][GT] t=0.051 quat=[0.70739, 0.0, 0.0, 0.70683] angvel=[0.0, 0.0, 0.0] linvel=[0.0, 0.0, 0.0] z=0.7975
[lowlevel-sim][GT] t=0.101 quat=[0.70739, 0.0, 0.0, 0.70683] angvel=[0.0, 0.0, 0.0] linvel=[0.0, 0.0, 0.0] z=0.7975
[lowlevel-sim][GT] t=0.151 quat=[0.70739, 0.0, 0.0, 0.70683] angvel=[0.0, 0.0, 0.0] linvel=[0.0, 0.0, 0.0] z=0.7975
[lowlevel-sim][GT] t=0.201 quat=[0.70739, 0.0, 0.0, 0.70683] angvel=[0.0, 0.0, 0.0] linvel=[0.0, 0.0, 0.0] z=0.7975
[TWIN] contract /workspace/ferox_isaac/twin/g1_contract.yaml
[TWIN] namespace /ferox/g1_01  CAMERA_TF=0
[TWIN] Mid-360 SKIPPED (TWIN_LIDAR=0) -- device only, contract untouched
[TWIN] camera SKIPPED (TWIN_CAMERA=0) -- C-23, device only, contract untouched
[TWIN] 2 IMU device(s) SKIPPED (TWIN_IMU=0) -- device only, contract untouched
[lowlevel-sim][GT] t=0.251 quat=[0.70739, 0.0, 0.0, 0.70683] angvel=[0.0, 0.0, 0.0] linvel=[0.0, 0.0, 0.0] z=0.7975
[lowlevel-sim][GT] t=0.301 quat=[0.70739, 0.0, 0.0, 0.70683] angvel=[0.0, 0.0, 0.0] linvel=[0.0, 0.0, 0.0] z=0.7975
[TWIN] /tf_static: 6 edges (base_link->dog_imu_link, livox_frame->livox_imu, camera_link->camera_color_frame, camera_color_frame->camera_color_optical_frame, camera_link->camera_depth_frame, camera_depth_frame->camera_depth_optical_frame)
[TWIN] rendering_dt=0.020000s (50.00 Hz) requested 0.020000s
[TWIN] lidar cloud publisher SKIPPED (TWIN_LIDAR=0)
[TWIN] odom -> /ferox/g1_01/odom
[TWIN] interface up
[PANTHERA-MARK] F: setup_ros() done
[lowlevel-sim][GT] t=0.351 quat=[0.70739, 0.0, 0.0, 0.70683] angvel=[0.0, 0.0, 0.0] linvel=[0.0, 0.0, 0.0] z=0.7975
[PANTHERA-MARK] G: before runner.run() — entering main loop
[lowlevel-sim][GT] t=0.401 quat=[0.70739, 0.0, 0.0, 0.70683] angvel=[0.0, 0.0, 0.0] linvel=[0.0, 0.0, 0.0] z=0.7975
[lowlevel-sim][GT] t=0.451 quat=[0.70739, 0.0, 0.0, 0.70683] angvel=[0.0, 0.0, 0.0] linvel=[0.0, 0.0, 0.0] z=0.7975
[lowlevel-sim] t=   0.50 mode=hold       pd=499 hold=499 failclosed=0 rtf=0.201 base_z=+0.798 pitch=+0.000 roll=+0.000 |tau|max= 35.00 sat=5/29 knee_L=+0.300 hip_p_L=-0.100 torn=499 cmd_age=-1.0ms auth=-1.0s rig_ign=0 fix_base=1 sat_j=left_ankle_roll_joint:+35.0,right_ankle_roll_joint:+35.0,left_wrist_roll_joint:+25.0,right_wrist_roll_joint:+25.0,right_wrist_yaw_joint:-5.0
[lowlevel-sim][GT] t=0.501 quat=[0.70739, 0.0, 0.0, 0.70683] angvel=[0.0, 0.0, 0.0] linvel=[0.0, 0.0, 0.0] z=0.7975
[lowlevel-sim][GT] t=0.551 quat=[0.70739, 0.0, 0.0, 0.70683] angvel=[0.0, 0.0, 0.0] linvel=[0.0, 0.0, 0.0] z=0.7975
[lowlevel-sim][GT] t=0.601 quat=[0.70739, 0.0, 0.0, 0.70683] angvel=[0.0, 0.0, 0.0] linvel=[0.0, 0.0, 0.0] z=0.7975
[lowlevel-sim][GT] t=0.651 quat=[0.70739, 0.0, 0.0, 0.70683] angvel=[0.0, 0.0, 0.0] linvel=[0.0, 0.0, 0.0] z=0.7975
[lowlevel-sim][GT] t=0.701 quat=[0.70739, 0.0, 0.0, 0.70683] angvel=[0.0, 0.0, 0.0] linvel=[0.0, 0.0, 0.0] z=0.7975
[lowlevel-sim][GT] t=0.751 quat=[0.70739, 0.0, 0.0, 0.70683] angvel=[0.0, 0.0, 0.0] linvel=[0.0, 0.0, 0.0] z=0.7975
[lowlevel-sim][GT] t=0.801 quat=[0.70739, 0.0, 0.0, 0.70683] angvel=[0.0, 0.0, 0.0] linvel=[0.0, 0.0, 0.0] z=0.7975
[lowlevel-sim][GT] t=0.851 quat=[0.70739, 0.0, 0.0, 0.70683] angvel=[0.0, 0.0, 0.0] linvel=[0.0, 0.0, 0.0] z=0.7975
[lowlevel-sim][GT] t=0.901 quat=[0.70739, 0.0, 0.0, 0.70683] angvel=[0.0, 0.0, 0.0] linvel=[0.0, 0.0, 0.0] z=0.7975
[lowlevel-sim][GT] t=0.951 quat=[0.70739, 0.0, 0.0, 0.70683] angvel=[0.0, 0.0, 0.0] linvel=[0.0, 0.0, 0.0] z=0.7975
[lowlevel-sim] t=   1.00 mode=hold       pd=999 hold=999 failclosed=0 rtf=0.208 base_z=+0.798 pitch=+0.000 roll=+0.000 |tau|max= 35.00 sat=5/29 knee_L=+0.300 hip_p_L=-0.100 torn=999 cmd_age=-1.0ms auth=-1.0s rig_ign=0 fix_base=1 sat_j=left_ankle_roll_joint:+35.0,right_ankle_roll_joint:+35.0,left_wrist_roll_joint:+25.0,right_wrist_roll_joint:+25.0,right_wrist_yaw_joint:-5.0
[lowlevel-sim][GT] t=1.001 quat=[0.70739, 0.0, 0.0, 0.70683] angvel=[0.0, 0.0, 0.0] linvel=[0.0, 0.0, 0.0] z=0.7975
[lowlevel-sim][GT] t=1.051 quat=[0.70739, 0.0, 0.0, 0.70683] angvel=[0.0, 0.0, 0.0] linvel=[0.0, 0.0, 0.0] z=0.7975
[lowlevel-sim][GT] t=1.101 quat=[0.70739, 0.0, 0.0, 0.70683] angvel=[0.0, 0.0, 0.0] linvel=[0.0, 0.0, 0.0] z=0.7975
[lowlevel-sim][GT] t=1.151 quat=[0.70739, 0.0, 0.0, 0.70683] angvel=[0.0, 0.0, 0.0] linvel=[0.0, 0.0, 0.0] z=0.7975
[lowlevel-sim][GT] t=1.201 quat=[0.70739, 0.0, 0.0, 0.70683] angvel=[0.0, 0.0, 0.0] linvel=[0.0, 0.0, 0.0] z=0.7975
[lowlevel-sim][GT] t=1.251 quat=[0.70739, 0.0, 0.0, 0.70683] angvel=[0.0, 0.0, 0.0] linvel=[0.0, 0.0, 0.0] z=0.7975
[lowlevel-sim][GT] t=1.301 quat=[0.70739, 0.0, 0.0, 0.70683] angvel=[0.0, 0.0, 0.0] linvel=[0.0, 0.0, 0.0] z=0.7975
[lowlevel-sim][GT] t=1.351 quat=[0.70739, 0.0, 0.0, 0.70683] angvel=[0.0, 0.0, 0.0] linvel=[0.0, 0.0, 0.0] z=0.7975
[lowlevel-sim][GT] t=1.401 quat=[0.70739, 0.0, 0.0, 0.70683] angvel=[0.0, 0.0, 0.0] linvel=[0.0, 0.0, 0.0] z=0.7975
[lowlevel-sim][GT] t=1.451 quat=[0.70739, 0.0, 0.0, 0.70683] angvel=[0.0, 0.0, 0.0] linvel=[0.0, 0.0, 0.0] z=0.7975
[lowlevel-sim] t=   1.50 mode=hold       pd=1499 hold=1499 failclosed=0 rtf=0.222 base_z=+0.798 pitch=+0.000 roll=+0.000 |tau|max= 35.00 sat=5/29 knee_L=+0.300 hip_p_L=-0.100 torn=1499 cmd_age=-1.0ms auth=-1.0s rig_ign=0 fix_base=1 sat_j=left_ankle_roll_joint:+35.0,right_ankle_roll_joint:+35.0,left_wrist_roll_joint:+25.0,right_wrist_roll_joint:+25.0,right_wrist_yaw_joint:-5.0
[lowlevel-sim][GT] t=1.501 quat=[0.70739, 0.0, 0.0, 0.70683] angvel=[0.0, 0.0, 0.0] linvel=[0.0, 0.0, 0.0] z=0.7975
[lowlevel-sim][GT] t=1.551 quat=[0.70739, 0.0, 0.0, 0.70683] angvel=[0.0, 0.0, 0.0] linvel=[0.0, 0.0, 0.0] z=0.7975
[lowlevel-sim][GT] t=1.601 quat=[0.70739, 0.0, 0.0, 0.70683] angvel=[0.0, 0.0, 0.0] linvel=[0.0, 0.0, 0.0] z=0.7975
[lowlevel-sim][GT] t=1.651 quat=[0.70739, 0.0, 0.0, 0.70683] angvel=[0.0, 0.0, 0.0] linvel=[0.0, 0.0, 0.0] z=0.7975
[lowlevel-sim][GT] t=1.701 quat=[0.70739, 0.0, 0.0, 0.70683] angvel=[0.0, 0.0, 0.0] linvel=[0.0, 0.0, 0.0] z=0.7975
[lowlevel-sim][GT] t=1.751 quat=[0.70739, 0.0, 0.0, 0.70683] angvel=[0.0, 0.0, 0.0] linvel=[0.0, 0.0, 0.0] z=0.7975
[lowlevel-sim][GT] t=1.801 quat=[0.70739, 0.0, 0.0, 0.70683] angvel=[0.0, 0.0, 0.0] linvel=[0.0, 0.0, 0.0] z=0.7975
[lowlevel-sim][GT] t=1.851 quat=[0.70739, 0.0, 0.0, 0.70683] angvel=[0.0, 0.0, 0.0] linvel=[0.0, 0.0, 0.0] z=0.7975
[lowlevel-sim][GT] t=1.901 quat=[0.70739, 0.0, 0.0, 0.70683] angvel=[0.0, 0.0, 0.0] linvel=[0.0, 0.0, 0.0] z=0.7975
[lowlevel-sim][GT] t=1.951 quat=[0.70739, 0.0, 0.0, 0.70683] angvel=[0.0, 0.0, 0.0] linvel=[0.0, 0.0, 0.0] z=0.7975
[lowlevel-sim] t=   2.00 mode=hold       pd=1999 hold=1999 failclosed=0 rtf=0.230 base_z=+0.798 pitch=+0.000 roll=+0.000 |tau|max= 35.00 sat=5/29 knee_L=+0.300 hip_p_L=-0.100 torn=1999 cmd_age=-1.0ms auth=-1.0s rig_ign=0 fix_base=1 sat_j=left_ankle_roll_joint:+35.0,right_ankle_roll_joint:+35.0,left_wrist_roll_joint:+25.0,right_wrist_roll_joint:+25.0,right_wrist_yaw_joint:-5.0
[lowlevel-sim][GT] t=2.001 quat=[0.70739, 0.0, 0.0, 0.70683] angvel=[0.0, 0.0, 0.0] linvel=[0.0, 0.0, 0.0] z=0.7975
[lowlevel-sim][GT] t=2.051 quat=[0.70739, 0.0, 0.0, 0.70683] angvel=[0.0, 0.0, 0.0] linvel=[0.0, 0.0, 0.0] z=0.7975
[lowlevel-sim][GT] t=2.101 quat=[0.70739, 0.0, 0.0, 0.70683] angvel=[0.0, 0.0, 0.0] linvel=[0.0, 0.0, 0.0] z=0.7975
[lowlevel-sim][GT] t=2.151 quat=[0.70739, 0.0, 0.0, 0.70683] angvel=[0.0, 0.0, 0.0] linvel=[0.0, 0.0, 0.0] z=0.7975
[lowlevel-sim][GT] t=2.201 quat=[0.70739, 0.0, 0.0, 0.70683] angvel=[0.0, 0.0, 0.0] linvel=[0.0, 0.0, 0.0] z=0.7975
[lowlevel-sim][GT] t=2.251 quat=[0.70739, 0.0, 0.0, 0.70683] angvel=[0.0, 0.0, 0.0] linvel=[0.0, 0.0, 0.0] z=0.7975
[lowlevel-sim][GT] t=2.301 quat=[0.70739, 0.0, 0.0, 0.70683] angvel=[0.0, 0.0, 0.0] linvel=[0.0, 0.0, 0.0] z=0.7975
[lowlevel-sim][GT] t=2.351 quat=[0.70739, 0.0, 0.0, 0.70683] angvel=[0.0, 0.0, 0.0] linvel=[0.0, 0.0, 0.0] z=0.7975
[lowlevel-sim][GT] t=2.401 quat=[0.70739, 0.0, 0.0, 0.70683] angvel=[0.0, 0.0, 0.0] linvel=[0.0, 0.0, 0.0] z=0.7975
[lowlevel-sim][GT] t=2.451 quat=[0.70739, 0.0, 0.0, 0.70683] angvel=[0.0, 0.0, 0.0] linvel=[0.0, 0.0, 0.0] z=0.7975
[lowlevel-sim] t=   2.50 mode=hold       pd=2499 hold=2499 failclosed=0 rtf=0.243 base_z=+0.798 pitch=+0.000 roll=+0.000 |tau|max= 35.00 sat=5/29 knee_L=+0.300 hip_p_L=-0.100 torn=2499 cmd_age=-1.0ms auth=-1.0s rig_ign=0 fix_base=1 sat_j=left_ankle_roll_joint:+35.0,right_ankle_roll_joint:+35.0,left_wrist_roll_joint:+25.0,right_wrist_roll_joint:+25.0,right_wrist_yaw_joint:-5.0
[lowlevel-sim][GT] t=2.501 quat=[0.70739, 0.0, 0.0, 0.70683] angvel=[0.0, 0.0, 0.0] linvel=[0.0, 0.0, 0.0] z=0.7975
[lowlevel-sim][GT] t=2.551 quat=[0.70739, 0.0, 0.0, 0.70683] angvel=[0.0, 0.0, 0.0] linvel=[0.0, 0.0, 0.0] z=0.7975
[lowlevel-sim][GT] t=2.601 quat=[0.70739, 0.0, 0.0, 0.70683] angvel=[0.0, 0.0, 0.0] linvel=[0.0, 0.0, 0.0] z=0.7975
[lowlevel-sim][GT] t=2.651 quat=[0.70739, 0.0, 0.0, 0.70683] angvel=[0.0, 0.0, 0.0] linvel=[0.0, 0.0, 0.0] z=0.7975
[lowlevel-sim][GT] t=2.701 quat=[0.70739, 0.0, 0.0, 0.70683] angvel=[0.0, 0.0, 0.0] linvel=[0.0, 0.0, 0.0] z=0.7975
[lowlevel-sim][GT] t=2.751 quat=[0.70739, 0.0, 0.0, 0.70683] angvel=[0.0, 0.0, 0.0] linvel=[0.0, 0.0, 0.0] z=0.7975
[lowlevel-sim][GT] t=2.801 quat=[0.70739, 0.0, 0.0, 0.70683] angvel=[0.0, 0.0, 0.0] linvel=[0.0, 0.0, 0.0] z=0.7975
[lowlevel-sim][GT] t=2.851 quat=[0.70739, 0.0, 0.0, 0.70683] angvel=[0.0, 0.0, 0.0] linvel=[0.0, 0.0, 0.0] z=0.7975
[lowlevel-sim][GT] t=2.901 quat=[0.70739, 0.0, 0.0, 0.70683] angvel=[0.0, 0.0, 0.0] linvel=[0.0, 0.0, 0.0] z=0.7975
[lowlevel-sim][GT] t=2.951 quat=[0.70739, 0.0, 0.0, 0.70683] angvel=[0.0, 0.0, 0.0] linvel=[0.0, 0.0, 0.0] z=0.7975
[lowlevel-sim] t=   3.00 mode=hold       pd=2999 hold=2999 failclosed=0 rtf=0.247 base_z=+0.798 pitch=+0.000 roll=+0.000 |tau|max= 35.00 sat=5/29 knee_L=+0.300 hip_p_L=-0.100 torn=2999 cmd_age=-1.0ms auth=-1.0s rig_ign=0 fix_base=1 sat_j=left_ankle_roll_joint:+35.0,right_ankle_roll_joint:+35.0,left_wrist_roll_joint:+25.0,right_wrist_roll_joint:+25.0,right_wrist_yaw_joint:-5.0
[lowlevel-sim][GT] t=3.001 quat=[0.70739, 0.0, 0.0, 0.70683] angvel=[0.0, 0.0, 0.0] linvel=[0.0, 0.0, 0.0] z=0.7975
[lowlevel-sim][GT] t=3.051 quat=[0.70739, 0.0, 0.0, 0.70683] angvel=[0.0, 0.0, 0.0] linvel=[0.0, 0.0, 0.0] z=0.7975
[lowlevel-sim][GT] t=3.101 quat=[0.70739, 0.0, 0.0, 0.70683] angvel=[0.0, 0.0, 0.0] linvel=[0.0, 0.0, 0.0] z=0.7975
[lowlevel-sim][GT] t=3.151 quat=[0.70739, 0.0, 0.0, 0.70683] angvel=[0.0, 0.0, 0.0] linvel=[0.0, 0.0, 0.0] z=0.7975
[lowlevel-sim][GT] t=3.201 quat=[0.70739, 0.0, 0.0, 0.70683] angvel=[0.0, 0.0, 0.0] linvel=[0.0, 0.0, 0.0] z=0.7975
[lowlevel-sim][GT] t=3.251 quat=[0.70739, 0.0, 0.0, 0.70683] angvel=[0.0, 0.0, 0.0] linvel=[0.0, 0.0, 0.0] z=0.7975
[lowlevel-sim][GT] t=3.301 quat=[0.70739, 0.0, 0.0, 0.70683] angvel=[0.0, 0.0, 0.0] linvel=[0.0, 0.0, 0.0] z=0.7975
[lowlevel-sim][GT] t=3.351 quat=[0.70739, 0.0, 0.0, 0.70683] angvel=[0.0, 0.0, 0.0] linvel=[0.0, 0.0, 0.0] z=0.7975
[lowlevel-sim][GT] t=3.401 quat=[0.70739, 0.0, 0.0, 0.70683] angvel=[0.0, 0.0, 0.0] linvel=[0.0, 0.0, 0.0] z=0.7975
[lowlevel-sim][GT] t=3.451 quat=[0.70739, 0.0, 0.0, 0.70683] angvel=[0.0, 0.0, 0.0] linvel=[0.0, 0.0, 0.0] z=0.7975
[lowlevel-sim] t=   3.50 mode=hold       pd=3499 hold=3499 failclosed=0 rtf=0.249 base_z=+0.798 pitch=+0.000 roll=+0.000 |tau|max= 35.00 sat=5/29 knee_L=+0.300 hip_p_L=-0.100 torn=3499 cmd_age=-1.0ms auth=-1.0s rig_ign=0 fix_base=1 sat_j=left_ankle_roll_joint:+35.0,right_ankle_roll_joint:+35.0,left_wrist_roll_joint:+25.0,right_wrist_roll_joint:+25.0,right_wrist_yaw_joint:-5.0
[lowlevel-sim][GT] t=3.501 quat=[0.70739, 0.0, 0.0, 0.70683] angvel=[0.0, 0.0, 0.0] linvel=[0.0, 0.0, 0.0] z=0.7975
[lowlevel-sim][GT] t=3.551 quat=[0.70739, 0.0, 0.0, 0.70683] angvel=[0.0, 0.0, 0.0] linvel=[0.0, 0.0, 0.0] z=0.7975
[lowlevel-sim][GT] t=3.601 quat=[0.70739, 0.0, 0.0, 0.70683] angvel=[0.0, 0.0, 0.0] linvel=[0.0, 0.0, 0.0] z=0.7975
[lowlevel-sim][GT] t=3.651 quat=[0.70739, 0.0, 0.0, 0.70683] angvel=[0.0, 0.0, 0.0] linvel=[0.0, 0.0, 0.0] z=0.7975
[lowlevel-sim][GT] t=3.701 quat=[0.70739, 0.0, 0.0, 0.70683] angvel=[0.0, 0.0, 0.0] linvel=[0.0, 0.0, 0.0] z=0.7975
[lowlevel-sim][GT] t=3.751 quat=[0.70739, 0.0, 0.0, 0.70683] angvel=[0.0, 0.0, 0.0] linvel=[0.0, 0.0, 0.0] z=0.7975
[lowlevel-sim][GT] t=3.801 quat=[0.70739, 0.0, 0.0, 0.70683] angvel=[0.0, 0.0, 0.0] linvel=[0.0, 0.0, 0.0] z=0.7975
[lowlevel-sim][GT] t=3.851 quat=[0.70739, 0.0, 0.0, 0.70683] angvel=[0.0, 0.0, 0.0] linvel=[0.0, 0.0, 0.0] z=0.7975
[lowlevel-sim][GT] t=3.901 quat=[0.70739, 0.0, 0.0, 0.70683] angvel=[0.0, 0.0, 0.0] linvel=[0.0, 0.0, 0.0] z=0.7975
[lowlevel-sim][GT] t=3.951 quat=[0.70739, 0.0, 0.0, 0.70683] angvel=[0.0, 0.0, 0.0] linvel=[0.0, 0.0, 0.0] z=0.7975
[lowlevel-sim] t=   4.00 mode=hold       pd=3999 hold=3999 failclosed=0 rtf=0.246 base_z=+0.798 pitch=+0.000 roll=+0.000 |tau|max= 35.00 sat=5/29 knee_L=+0.300 hip_p_L=-0.100 torn=3999 cmd_age=-1.0ms auth=-1.0s rig_ign=0 fix_base=1 sat_j=left_ankle_roll_joint:+35.0,right_ankle_roll_joint:+35.0,left_wrist_roll_joint:+25.0,right_wrist_roll_joint:+25.0,right_wrist_yaw_joint:-5.0
[lowlevel-sim][GT] t=4.001 quat=[0.70739, 0.0, 0.0, 0.70683] angvel=[0.0, 0.0, 0.0] linvel=[0.0, 0.0, 0.0] z=0.7975
[lowlevel-sim][GT] t=4.051 quat=[0.70739, 0.0, 0.0, 0.70683] angvel=[0.0, 0.0, 0.0] linvel=[0.0, 0.0, 0.0] z=0.7975
[lowlevel-sim][GT] t=4.101 quat=[0.70739, 0.0, 0.0, 0.70683] angvel=[0.0, 0.0, 0.0] linvel=[0.0, 0.0, 0.0] z=0.7975
[lowlevel-sim][GT] t=4.151 quat=[0.70739, 0.0, 0.0, 0.70683] angvel=[0.0, 0.0, 0.0] linvel=[0.0, 0.0, 0.0] z=0.7975
[lowlevel-sim][GT] t=4.201 quat=[0.70739, 0.0, 0.0, 0.70683] angvel=[0.0, 0.0, 0.0] linvel=[0.0, 0.0, 0.0] z=0.7975
[lowlevel-sim][GT] t=4.251 quat=[0.70739, 0.0, 0.0, 0.70683] angvel=[0.0, 0.0, 0.0] linvel=[0.0, 0.0, 0.0] z=0.7975
[lowlevel-sim][GT] t=4.301 quat=[0.70739, 0.0, 0.0, 0.70683] angvel=[0.0, 0.0, 0.0] linvel=[0.0, 0.0, 0.0] z=0.7975
[lowlevel-sim][GT] t=4.351 quat=[0.70739, 0.0, 0.0, 0.70683] angvel=[0.0, 0.0, 0.0] linvel=[0.0, 0.0, 0.0] z=0.7975
[lowlevel-sim][GT] t=4.401 quat=[0.70739, 0.0, 0.0, 0.70683] angvel=[0.0, 0.0, 0.0] linvel=[0.0, 0.0, 0.0] z=0.7975
[lowlevel-sim][GT] t=4.451 quat=[0.70739, 0.0, 0.0, 0.70683] angvel=[0.0, 0.0, 0.0] linvel=[0.0, 0.0, 0.0] z=0.7975
[lowlevel-sim] t=   4.50 mode=hold       pd=4499 hold=4499 failclosed=0 rtf=0.243 base_z=+0.798 pitch=+0.000 roll=+0.000 |tau|max= 35.00 sat=5/29 knee_L=+0.300 hip_p_L=-0.100 torn=4499 cmd_age=-1.0ms auth=-1.0s rig_ign=0 fix_base=1 sat_j=left_ankle_roll_joint:+35.0,right_ankle_roll_joint:+35.0,left_wrist_roll_joint:+25.0,right_wrist_roll_joint:+25.0,right_wrist_yaw_joint:-5.0
[lowlevel-sim][GT] t=4.501 quat=[0.70739, 0.0, 0.0, 0.70683] angvel=[0.0, 0.0, 0.0] linvel=[0.0, 0.0, 0.0] z=0.7975
[lowlevel-sim][GT] t=4.551 quat=[0.70739, 0.0, 0.0, 0.70683] angvel=[0.0, 0.0, 0.0] linvel=[0.0, 0.0, 0.0] z=0.7975
[lowlevel-sim][GT] t=4.601 quat=[0.70739, 0.0, 0.0, 0.70683] angvel=[0.0, 0.0, 0.0] linvel=[0.0, 0.0, 0.0] z=0.7975
[lowlevel-sim][GT] t=4.651 quat=[0.70739, 0.0, 0.0, 0.70683] angvel=[0.0, 0.0, 0.0] linvel=[0.0, 0.0, 0.0] z=0.7975
[lowlevel-sim][GT] t=4.701 quat=[0.70739, 0.0, 0.0, 0.70683] angvel=[0.0, 0.0, 0.0] linvel=[0.0, 0.0, 0.0] z=0.7975
[lowlevel-sim][GT] t=4.751 quat=[0.70739, 0.0, 0.0, 0.70683] angvel=[0.0, 0.0, 0.0] linvel=[0.0, 0.0, 0.0] z=0.7975
[lowlevel-sim][GT] t=4.801 quat=[0.70739, 0.0, 0.0, 0.70683] angvel=[0.0, 0.0, 0.0] linvel=[0.0, 0.0, 0.0] z=0.7975
[lowlevel-sim][GT] t=4.851 quat=[0.70739, 0.0, 0.0, 0.70683] angvel=[0.0, 0.0, 0.0] linvel=[0.0, 0.0, 0.0] z=0.7975
[lowlevel-sim][GT] t=4.901 quat=[0.70739, 0.0, 0.0, 0.70683] angvel=[0.0, 0.0, 0.0] linvel=[0.0, 0.0, 0.0] z=0.7975
[lowlevel-sim][GT] t=4.951 quat=[0.70739, 0.0, 0.0, 0.70683] angvel=[0.0, 0.0, 0.0] linvel=[0.0, 0.0, 0.0] z=0.7975
[lowlevel-sim] t=   5.00 mode=hold       pd=4999 hold=4999 failclosed=0 rtf=0.240 base_z=+0.798 pitch=+0.000 roll=+0.000 |tau|max= 35.00 sat=5/29 knee_L=+0.300 hip_p_L=-0.100 torn=4999 cmd_age=-1.0ms auth=-1.0s rig_ign=0 fix_base=1 sat_j=left_ankle_roll_joint:+35.0,right_ankle_roll_joint:+35.0,left_wrist_roll_joint:+25.0,right_wrist_roll_joint:+25.0,right_wrist_yaw_joint:-5.0
[lowlevel-sim][GT] t=5.001 quat=[0.70739, 0.0, 0.0, 0.70683] angvel=[0.0, 0.0, 0.0] linvel=[0.0, 0.0, 0.0] z=0.7975
[lowlevel-sim][GT] t=5.051 quat=[0.70739, 0.0, 0.0, 0.70683] angvel=[0.0, 0.0, 0.0] linvel=[0.0, 0.0, 0.0] z=0.7975
[lowlevel-sim][GT] t=5.101 quat=[0.70739, 0.0, 0.0, 0.70683] angvel=[0.0, 0.0, 0.0] linvel=[0.0, 0.0, 0.0] z=0.7975
[lowlevel-sim][GT] t=5.151 quat=[0.70739, 0.0, 0.0, 0.70683] angvel=[0.0, 0.0, 0.0] linvel=[0.0, 0.0, 0.0] z=0.7975
[lowlevel-sim][GT] t=5.201 quat=[0.70739, 0.0, 0.0, 0.70683] angvel=[0.0, 0.0, 0.0] linvel=[0.0, 0.0, 0.0] z=0.7975
[lowlevel-sim][GT] t=5.251 quat=[0.70739, 0.0, 0.0, 0.70683] angvel=[0.0, 0.0, 0.0] linvel=[0.0, 0.0, 0.0] z=0.7975
[lowlevel-sim][GT] t=5.301 quat=[0.70739, 0.0, 0.0, 0.70683] angvel=[0.0, 0.0, 0.0] linvel=[0.0, 0.0, 0.0] z=0.7975
[lowlevel-sim][GT] t=5.351 quat=[0.70739, 0.0, 0.0, 0.70683] angvel=[0.0, 0.0, 0.0] linvel=[0.0, 0.0, 0.0] z=0.7975
[lowlevel-sim][GT] t=5.401 quat=[0.70739, 0.0, 0.0, 0.70683] angvel=[0.0, 0.0, 0.0] linvel=[0.0, 0.0, 0.0] z=0.7975
[lowlevel-sim][GT] t=5.451 quat=[0.70739, 0.0, 0.0, 0.70683] angvel=[0.0, 0.0, 0.0] linvel=[0.0, 0.0, 0.0] z=0.7975
[lowlevel-sim] t=   5.50 mode=hold       pd=5499 hold=5499 failclosed=0 rtf=0.239 base_z=+0.798 pitch=+0.000 roll=+0.000 |tau|max= 35.00 sat=5/29 knee_L=+0.300 hip_p_L=-0.100 torn=5499 cmd_age=-1.0ms auth=-1.0s rig_ign=0 fix_base=1 sat_j=left_ankle_roll_joint:+35.0,right_ankle_roll_joint:+35.0,left_wrist_roll_joint:+25.0,right_wrist_roll_joint:+25.0,right_wrist_yaw_joint:-5.0
[lowlevel-sim][GT] t=5.501 quat=[0.70739, 0.0, 0.0, 0.70683] angvel=[0.0, 0.0, 0.0] linvel=[0.0, 0.0, 0.0] z=0.7975
[lowlevel-sim][GT] t=5.551 quat=[0.70739, 0.0, 0.0, 0.70683] angvel=[0.0, 0.0, 0.0] linvel=[0.0, 0.0, 0.0] z=0.7975
[lowlevel-sim][GT] t=5.601 quat=[0.70739, 0.0, 0.0, 0.70683] angvel=[0.0, 0.0, 0.0] linvel=[0.0, 0.0, 0.0] z=0.7975
[lowlevel-sim][GT] t=5.651 quat=[0.70739, 0.0, 0.0, 0.70683] angvel=[0.0, 0.0, 0.0] linvel=[0.0, 0.0, 0.0] z=0.7975
[lowlevel-sim][GT] t=5.701 quat=[0.70739, 0.0, 0.0, 0.70683] angvel=[0.0, 0.0, 0.0] linvel=[0.0, 0.0, 0.0] z=0.7975
[lowlevel-sim][GT] t=5.751 quat=[0.70739, 0.0, 0.0, 0.70683] angvel=[0.0, 0.0, 0.0] linvel=[0.0, 0.0, 0.0] z=0.7975
[lowlevel-sim][GT] t=5.801 quat=[0.70739, 0.0, 0.0, 0.70683] angvel=[0.0, 0.0, 0.0] linvel=[0.0, 0.0, 0.0] z=0.7975
[lowlevel-sim][GT] t=5.851 quat=[0.70739, 0.0, 0.0, 0.70683] angvel=[0.0, 0.0, 0.0] linvel=[0.0, 0.0, 0.0] z=0.7975
[lowlevel-sim][GT] t=5.901 quat=[0.70739, 0.0, 0.0, 0.70683] angvel=[0.0, 0.0, 0.0] linvel=[0.0, 0.0, 0.0] z=0.7975
[lowlevel-sim][GT] t=5.951 quat=[0.70739, 0.0, 0.0, 0.70683] angvel=[0.0, 0.0, 0.0] linvel=[0.0, 0.0, 0.0] z=0.7975
[lowlevel-sim] t=   6.00 mode=hold       pd=5999 hold=5999 failclosed=0 rtf=0.237 base_z=+0.798 pitch=+0.000 roll=+0.000 |tau|max= 35.00 sat=5/29 knee_L=+0.300 hip_p_L=-0.100 torn=5999 cmd_age=-1.0ms auth=-1.0s rig_ign=0 fix_base=1 sat_j=left_ankle_roll_joint:+35.0,right_ankle_roll_joint:+35.0,left_wrist_roll_joint:+25.0,right_wrist_roll_joint:+25.0,right_wrist_yaw_joint:-5.0
[lowlevel-sim][GT] t=6.001 quat=[0.70739, 0.0, 0.0, 0.70683] angvel=[0.0, 0.0, 0.0] linvel=[0.0, 0.0, 0.0] z=0.7975
[lowlevel-sim][GT] t=6.051 quat=[0.70739, 0.0, 0.0, 0.70683] angvel=[0.0, 0.0, 0.0] linvel=[0.0, 0.0, 0.0] z=0.7975
[lowlevel-sim][GT] t=6.101 quat=[0.70739, 0.0, 0.0, 0.70683] angvel=[0.0, 0.0, 0.0] linvel=[0.0, 0.0, 0.0] z=0.7975
[lowlevel-sim][GT] t=6.151 quat=[0.70739, 0.0, 0.0, 0.70683] angvel=[0.0, 0.0, 0.0] linvel=[0.0, 0.0, 0.0] z=0.7975
[lowlevel-sim][GT] t=6.201 quat=[0.70739, 0.0, 0.0, 0.70683] angvel=[0.0, 0.0, 0.0] linvel=[0.0, 0.0, 0.0] z=0.7975
[lowlevel-sim][GT] t=6.251 quat=[0.70739, 0.0, 0.0, 0.70683] angvel=[0.0, 0.0, 0.0] linvel=[0.0, 0.0, 0.0] z=0.7975
[lowlevel-sim][GT] t=6.301 quat=[0.70739, 0.0, 0.0, 0.70683] angvel=[0.0, 0.0, 0.0] linvel=[0.0, 0.0, 0.0] z=0.7975
[lowlevel-sim][GT] t=6.351 quat=[0.70739, 0.0, 0.0, 0.70683] angvel=[0.0, 0.0, 0.0] linvel=[0.0, 0.0, 0.0] z=0.7975
[lowlevel-sim][GT] t=6.401 quat=[0.70739, 0.0, 0.0, 0.70683] angvel=[0.0, 0.0, 0.0] linvel=[0.0, 0.0, 0.0] z=0.7975
[lowlevel-sim][GT] t=6.451 quat=[0.70739, 0.0, 0.0, 0.70683] angvel=[0.0, 0.0, 0.0] linvel=[0.0, 0.0, 0.0] z=0.7975
[lowlevel-sim] t=   6.50 mode=hold       pd=6499 hold=6499 failclosed=0 rtf=0.234 base_z=+0.798 pitch=+0.000 roll=+0.000 |tau|max= 35.00 sat=5/29 knee_L=+0.300 hip_p_L=-0.100 torn=6499 cmd_age=-1.0ms auth=-1.0s rig_ign=0 fix_base=1 sat_j=left_ankle_roll_joint:+35.0,right_ankle_roll_joint:+35.0,left_wrist_roll_joint:+25.0,right_wrist_roll_joint:+25.0,right_wrist_yaw_joint:-5.0
[lowlevel-sim][GT] t=6.501 quat=[0.70739, 0.0, 0.0, 0.70683] angvel=[0.0, 0.0, 0.0] linvel=[0.0, 0.0, 0.0] z=0.7975
[lowlevel-sim][GT] t=6.551 quat=[0.70739, 0.0, 0.0, 0.70683] angvel=[0.0, 0.0, 0.0] linvel=[0.0, 0.0, 0.0] z=0.7975
[lowlevel-sim][GT] t=6.601 quat=[0.70739, 0.0, 0.0, 0.70683] angvel=[0.0, 0.0, 0.0] linvel=[0.0, 0.0, 0.0] z=0.7975
[lowlevel-sim][GT] t=6.651 quat=[0.70739, 0.0, 0.0, 0.70683] angvel=[0.0, 0.0, 0.0] linvel=[0.0, 0.0, 0.0] z=0.7975
[lowlevel-sim][GT] t=6.701 quat=[0.70739, 0.0, 0.0, 0.70683] angvel=[0.0, 0.0, 0.0] linvel=[0.0, 0.0, 0.0] z=0.7975
[lowlevel-sim][GT] t=6.751 quat=[0.70739, 0.0, 0.0, 0.70683] angvel=[0.0, 0.0, 0.0] linvel=[0.0, 0.0, 0.0] z=0.7975
[lowlevel-sim][GT] t=6.801 quat=[0.70739, 0.0, 0.0, 0.70683] angvel=[0.0, 0.0, 0.0] linvel=[0.0, 0.0, 0.0] z=0.7975
[lowlevel-sim][GT] t=6.851 quat=[0.70739, 0.0, 0.0, 0.70683] angvel=[0.0, 0.0, 0.0] linvel=[0.0, 0.0, 0.0] z=0.7975
[lowlevel-sim][GT] t=6.901 quat=[0.70739, 0.0, 0.0, 0.70683] angvel=[0.0, 0.0, 0.0] linvel=[0.0, 0.0, 0.0] z=0.7975
[lowlevel-sim][GT] t=6.951 quat=[0.70739, 0.0, 0.0, 0.70683] angvel=[0.0, 0.0, 0.0] linvel=[0.0, 0.0, 0.0] z=0.7975
[lowlevel-sim] t=   7.00 mode=hold       pd=6999 hold=6999 failclosed=0 rtf=0.232 base_z=+0.798 pitch=+0.000 roll=+0.000 |tau|max= 35.00 sat=5/29 knee_L=+0.300 hip_p_L=-0.100 torn=6999 cmd_age=-1.0ms auth=-1.0s rig_ign=0 fix_base=1 sat_j=left_ankle_roll_joint:+35.0,right_ankle_roll_joint:+35.0,left_wrist_roll_joint:+25.0,right_wrist_roll_joint:+25.0,right_wrist_yaw_joint:-5.0
[lowlevel-sim][GT] t=7.001 quat=[0.70739, 0.0, 0.0, 0.70683] angvel=[0.0, 0.0, 0.0] linvel=[0.0, 0.0, 0.0] z=0.7975
[lowlevel-sim][GT] t=7.051 quat=[0.70739, 0.0, 0.0, 0.70683] angvel=[0.0, 0.0, 0.0] linvel=[0.0, 0.0, 0.0] z=0.7975
[lowlevel-sim][GT] t=7.101 quat=[0.70739, 0.0, 0.0, 0.70683] angvel=[0.0, 0.0, 0.0] linvel=[0.0, 0.0, 0.0] z=0.7975
[lowlevel-sim][GT] t=7.151 quat=[0.70739, 0.0, 0.0, 0.70683] angvel=[0.0, 0.0, 0.0] linvel=[0.0, 0.0, 0.0] z=0.7975
[lowlevel-sim][GT] t=7.201 quat=[0.70739, 0.0, 0.0, 0.70683] angvel=[0.0, 0.0, 0.0] linvel=[0.0, 0.0, 0.0] z=0.7975
[lowlevel-sim][GT] t=7.251 quat=[0.70739, 0.0, 0.0, 0.70683] angvel=[0.0, 0.0, 0.0] linvel=[0.0, 0.0, 0.0] z=0.7975
[lowlevel-sim][GT] t=7.301 quat=[0.70739, 0.0, 0.0, 0.70683] angvel=[0.0, 0.0, 0.0] linvel=[0.0, 0.0, 0.0] z=0.7975
[lowlevel-sim][GT] t=7.351 quat=[0.70739, 0.0, 0.0, 0.70683] angvel=[0.0, 0.0, 0.0] linvel=[0.0, 0.0, 0.0] z=0.7975
[lowlevel-sim][GT] t=7.401 quat=[0.70739, 0.0, 0.0, 0.70683] angvel=[0.0, 0.0, 0.0] linvel=[0.0, 0.0, 0.0] z=0.7975
[lowlevel-sim][GT] t=7.451 quat=[0.70739, 0.0, 0.0, 0.70683] angvel=[0.0, 0.0, 0.0] linvel=[0.0, 0.0, 0.0] z=0.7975
[lowlevel-sim] t=   7.50 mode=hold       pd=7499 hold=7499 failclosed=0 rtf=0.232 base_z=+0.798 pitch=+0.000 roll=+0.000 |tau|max= 35.00 sat=5/29 knee_L=+0.300 hip_p_L=-0.100 torn=7499 cmd_age=-1.0ms auth=-1.0s rig_ign=0 fix_base=1 sat_j=left_ankle_roll_joint:+35.0,right_ankle_roll_joint:+35.0,left_wrist_roll_joint:+25.0,right_wrist_roll_joint:+25.0,right_wrist_yaw_joint:-5.0
[lowlevel-sim][GT] t=7.501 quat=[0.70739, 0.0, 0.0, 0.70683] angvel=[0.0, 0.0, 0.0] linvel=[0.0, 0.0, 0.0] z=0.7975
[lowlevel-sim][GT] t=7.551 quat=[0.70739, 0.0, 0.0, 0.70683] angvel=[0.0, 0.0, 0.0] linvel=[0.0, 0.0, 0.0] z=0.7975
[lowlevel-sim][GT] t=7.601 quat=[0.70739, 0.0, 0.0, 0.70683] angvel=[0.0, 0.0, 0.0] linvel=[0.0, 0.0, 0.0] z=0.7975
[lowlevel-sim][GT] t=7.651 quat=[0.70739, 0.0, 0.0, 0.70683] angvel=[0.0, 0.0, 0.0] linvel=[0.0, 0.0, 0.0] z=0.7975
[lowlevel-sim][GT] t=7.701 quat=[0.70739, 0.0, 0.0, 0.70683] angvel=[0.0, 0.0, 0.0] linvel=[0.0, 0.0, 0.0] z=0.7975
[lowlevel-sim][GT] t=7.751 quat=[0.70739, 0.0, 0.0, 0.70683] angvel=[0.0, 0.0, 0.0] linvel=[0.0, 0.0, 0.0] z=0.7975
[lowlevel-sim][GT] t=7.801 quat=[0.70739, 0.0, 0.0, 0.70683] angvel=[0.0, 0.0, 0.0] linvel=[0.0, 0.0, 0.0] z=0.7975
[lowlevel-sim][GT] t=7.851 quat=[0.70739, 0.0, 0.0, 0.70683] angvel=[0.0, 0.0, 0.0] linvel=[0.0, 0.0, 0.0] z=0.7975
[lowlevel-sim][GT] t=7.901 quat=[0.70739, 0.0, 0.0, 0.70683] angvel=[0.0, 0.0, 0.0] linvel=[0.0, 0.0, 0.0] z=0.7975
[lowlevel-sim][GT] t=7.951 quat=[0.70739, 0.0, 0.0, 0.70683] angvel=[0.0, 0.0, 0.0] linvel=[0.0, 0.0, 0.0] z=0.7975
[lowlevel-sim] t=   8.00 mode=hold       pd=7999 hold=7999 failclosed=0 rtf=0.231 base_z=+0.798 pitch=+0.000 roll=+0.000 |tau|max= 35.00 sat=5/29 knee_L=+0.300 hip_p_L=-0.100 torn=7999 cmd_age=-1.0ms auth=-1.0s rig_ign=0 fix_base=1 sat_j=left_ankle_roll_joint:+35.0,right_ankle_roll_joint:+35.0,left_wrist_roll_joint:+25.0,right_wrist_roll_joint:+25.0,right_wrist_yaw_joint:-5.0
[lowlevel-sim][GT] t=8.001 quat=[0.70739, 0.0, 0.0, 0.70683] angvel=[0.0, 0.0, 0.0] linvel=[0.0, 0.0, 0.0] z=0.7975
[lowlevel-sim][GT] t=8.051 quat=[0.70739, 0.0, 0.0, 0.70683] angvel=[0.0, 0.0, 0.0] linvel=[0.0, 0.0, 0.0] z=0.7975
[lowlevel-sim][GT] t=8.101 quat=[0.70739, 0.0, 0.0, 0.70683] angvel=[0.0, 0.0, 0.0] linvel=[0.0, 0.0, 0.0] z=0.7975
[lowlevel-sim][GT] t=8.151 quat=[0.70739, 0.0, 0.0, 0.70683] angvel=[0.0, 0.0, 0.0] linvel=[0.0, 0.0, 0.0] z=0.7975
[lowlevel-sim][GT] t=8.201 quat=[0.70739, 0.0, 0.0, 0.70683] angvel=[0.0, 0.0, 0.0] linvel=[0.0, 0.0, 0.0] z=0.7975
[lowlevel-sim][GT] t=8.251 quat=[0.70739, 0.0, 0.0, 0.70683] angvel=[0.0, 0.0, 0.0] linvel=[0.0, 0.0, 0.0] z=0.7975
[lowlevel-sim][GT] t=8.301 quat=[0.70739, 0.0, 0.0, 0.70683] angvel=[0.0, 0.0, 0.0] linvel=[0.0, 0.0, 0.0] z=0.7975
[lowlevel-sim][GT] t=8.351 quat=[0.70739, 0.0, 0.0, 0.70683] angvel=[0.0, 0.0, 0.0] linvel=[0.0, 0.0, 0.0] z=0.7975
[lowlevel-sim][GT] t=8.401 quat=[0.70739, 0.0, 0.0, 0.70683] angvel=[0.0, 0.0, 0.0] linvel=[0.0, 0.0, 0.0] z=0.7975
[lowlevel-sim][GT] t=8.451 quat=[0.70739, 0.0, 0.0, 0.70683] angvel=[0.0, 0.0, 0.0] linvel=[0.0, 0.0, 0.0] z=0.7975
[lowlevel-sim] t=   8.50 mode=hold       pd=8499 hold=8499 failclosed=0 rtf=0.231 base_z=+0.798 pitch=+0.000 roll=+0.000 |tau|max= 35.00 sat=5/29 knee_L=+0.300 hip_p_L=-0.100 torn=8499 cmd_age=-1.0ms auth=-1.0s rig_ign=0 fix_base=1 sat_j=left_ankle_roll_joint:+35.0,right_ankle_roll_joint:+35.0,left_wrist_roll_joint:+25.0,right_wrist_roll_joint:+25.0,right_wrist_yaw_joint:-5.0
[lowlevel-sim][GT] t=8.501 quat=[0.70739, 0.0, 0.0, 0.70683] angvel=[0.0, 0.0, 0.0] linvel=[0.0, 0.0, 0.0] z=0.7975
[lowlevel-sim][GT] t=8.551 quat=[0.70739, 0.0, 0.0, 0.70683] angvel=[0.0, 0.0, 0.0] linvel=[0.0, 0.0, 0.0] z=0.7975
[lowlevel-sim][GT] t=8.601 quat=[0.70739, 0.0, 0.0, 0.70683] angvel=[0.0, 0.0, 0.0] linvel=[0.0, 0.0, 0.0] z=0.7975
[lowlevel-sim][GT] t=8.651 quat=[0.70739, 0.0, 0.0, 0.70683] angvel=[0.0, 0.0, 0.0] linvel=[0.0, 0.0, 0.0] z=0.7975
[lowlevel-sim][GT] t=8.701 quat=[0.70739, 0.0, 0.0, 0.70683] angvel=[0.0, 0.0, 0.0] linvel=[0.0, 0.0, 0.0] z=0.7975
[lowlevel-sim][GT] t=8.751 quat=[0.70739, 0.0, 0.0, 0.70683] angvel=[0.0, 0.0, 0.0] linvel=[0.0, 0.0, 0.0] z=0.7975
[lowlevel-sim][GT] t=8.801 quat=[0.70739, 0.0, 0.0, 0.70683] angvel=[0.0, 0.0, 0.0] linvel=[0.0, 0.0, 0.0] z=0.7975
[lowlevel-sim][GT] t=8.851 quat=[0.70739, 0.0, 0.0, 0.70683] angvel=[0.0, 0.0, 0.0] linvel=[0.0, 0.0, 0.0] z=0.7975
[lowlevel-sim][GT] t=8.901 quat=[0.70739, 0.0, 0.0, 0.70683] angvel=[0.0, 0.0, 0.0] linvel=[0.0, 0.0, 0.0] z=0.7975
[lowlevel-sim][GT] t=8.951 quat=[0.70739, 0.0, 0.0, 0.70683] angvel=[0.0, 0.0, 0.0] linvel=[0.0, 0.0, 0.0] z=0.7975
[lowlevel-sim] t=   9.00 mode=hold       pd=8999 hold=8999 failclosed=0 rtf=0.230 base_z=+0.798 pitch=+0.000 roll=+0.000 |tau|max= 35.00 sat=5/29 knee_L=+0.300 hip_p_L=-0.100 torn=8999 cmd_age=-1.0ms auth=-1.0s rig_ign=0 fix_base=1 sat_j=left_ankle_roll_joint:+35.0,right_ankle_roll_joint:+35.0,left_wrist_roll_joint:+25.0,right_wrist_roll_joint:+25.0,right_wrist_yaw_joint:-5.0
[lowlevel-sim][GT] t=9.001 quat=[0.70739, 0.0, 0.0, 0.70683] angvel=[0.0, 0.0, 0.0] linvel=[0.0, 0.0, 0.0] z=0.7975
[lowlevel-sim][GT] t=9.051 quat=[0.70739, 0.0, 0.0, 0.70683] angvel=[0.0, 0.0, 0.0] linvel=[0.0, 0.0, 0.0] z=0.7975
[lowlevel-sim][GT] t=9.101 quat=[0.70739, 0.0, 0.0, 0.70683] angvel=[0.0, 0.0, 0.0] linvel=[0.0, 0.0, 0.0] z=0.7975
[lowlevel-sim][GT] t=9.151 quat=[0.70739, 0.0, 0.0, 0.70683] angvel=[0.0, 0.0, 0.0] linvel=[0.0, 0.0, 0.0] z=0.7975
[lowlevel-sim][GT] t=9.201 quat=[0.70739, 0.0, 0.0, 0.70683] angvel=[0.0, 0.0, 0.0] linvel=[0.0, 0.0, 0.0] z=0.7975
[lowlevel-sim][GT] t=9.251 quat=[0.70739, 0.0, 0.0, 0.70683] angvel=[0.0, 0.0, 0.0] linvel=[0.0, 0.0, 0.0] z=0.7975
[lowlevel-sim][GT] t=9.301 quat=[0.70739, 0.0, 0.0, 0.70683] angvel=[0.0, 0.0, 0.0] linvel=[0.0, 0.0, 0.0] z=0.7975
[lowlevel-sim][GT] t=9.351 quat=[0.70739, 0.0, 0.0, 0.70683] angvel=[0.0, 0.0, 0.0] linvel=[0.0, 0.0, 0.0] z=0.7975
[lowlevel-sim][GT] t=9.401 quat=[0.70739, 0.0, 0.0, 0.70683] angvel=[0.0, 0.0, 0.0] linvel=[0.0, 0.0, 0.0] z=0.7975
[lowlevel-sim][GT] t=9.451 quat=[0.70739, 0.0, 0.0, 0.70683] angvel=[0.0, 0.0, 0.0] linvel=[0.0, 0.0, 0.0] z=0.7975
[lowlevel-sim] t=   9.50 mode=hold       pd=9499 hold=9499 failclosed=0 rtf=0.230 base_z=+0.798 pitch=+0.000 roll=+0.000 |tau|max= 35.00 sat=5/29 knee_L=+0.300 hip_p_L=-0.100 torn=9499 cmd_age=-1.0ms auth=-1.0s rig_ign=0 fix_base=1 sat_j=left_ankle_roll_joint:+35.0,right_ankle_roll_joint:+35.0,left_wrist_roll_joint:+25.0,right_wrist_roll_joint:+25.0,right_wrist_yaw_joint:-5.0
[lowlevel-sim][GT] t=9.501 quat=[0.70739, 0.0, 0.0, 0.70683] angvel=[0.0, 0.0, 0.0] linvel=[0.0, 0.0, 0.0] z=0.7975
[lowlevel-sim][GT] t=9.551 quat=[0.70739, 0.0, 0.0, 0.70683] angvel=[0.0, 0.0, 0.0] linvel=[0.0, 0.0, 0.0] z=0.7975
[lowlevel-sim][GT] t=9.601 quat=[0.70739, 0.0, 0.0, 0.70683] angvel=[0.0, 0.0, 0.0] linvel=[0.0, 0.0, 0.0] z=0.7975
[lowlevel-sim][GT] t=9.651 quat=[0.70739, 0.0, 0.0, 0.70683] angvel=[0.0, 0.0, 0.0] linvel=[0.0, 0.0, 0.0] z=0.7975
[lowlevel-sim][GT] t=9.701 quat=[0.70739, 0.0, 0.0, 0.70683] angvel=[0.0, 0.0, 0.0] linvel=[0.0, 0.0, 0.0] z=0.7975
[lowlevel-sim][GT] t=9.751 quat=[0.70739, 0.0, 0.0, 0.70683] angvel=[0.0, 0.0, 0.0] linvel=[0.0, 0.0, 0.0] z=0.7975
[lowlevel-sim][GT] t=9.801 quat=[0.70739, 0.0, 0.0, 0.70683] angvel=[0.0, 0.0, 0.0] linvel=[0.0, 0.0, 0.0] z=0.7975
[lowlevel-sim][GT] t=9.851 quat=[0.70739, 0.0, 0.0, 0.70683] angvel=[0.0, 0.0, 0.0] linvel=[0.0, 0.0, 0.0] z=0.7975
[lowlevel-sim][GT] t=9.901 quat=[0.70739, 0.0, 0.0, 0.70683] angvel=[0.0, 0.0, 0.0] linvel=[0.0, 0.0, 0.0] z=0.7975
[lowlevel-sim][GT] t=9.951 quat=[0.70739, 0.0, 0.0, 0.70683] angvel=[0.0, 0.0, 0.0] linvel=[0.0, 0.0, 0.0] z=0.7975
[lowlevel-sim] t=  10.00 mode=hold       pd=9867 hold=9867 failclosed=0 rtf=0.229 base_z=+0.798 pitch=+0.000 roll=+0.000 |tau|max= 35.00 sat=6/29 knee_L=+0.300 hip_p_L=-0.100 torn=9702 cmd_age=8.4ms auth=0.4s rig_ign=132 fix_base=1 sat_j=left_ankle_roll_joint:+35.0,right_ankle_roll_joint:+35.0,left_wrist_roll_joint:+25.0,left_wrist_pitch_joint:-5.0,right_wrist_roll_joint:+25.0,right_wrist_pitch_joint:-5.0
[lowlevel-sim][GT] t=10.001 quat=[0.70739, 0.0, 0.0, 0.70683] angvel=[0.0, 0.0, 0.0] linvel=[0.0, 0.0, 0.0] z=0.7975
[lowlevel-sim][GT] t=10.051 quat=[0.70739, 0.0, 0.0, 0.70683] angvel=[0.0, 0.0, 0.0] linvel=[0.0, 0.0, 0.0] z=0.7975
[lowlevel-sim][GT] t=10.101 quat=[0.70739, 0.0, 0.0, 0.70683] angvel=[0.0, 0.0, 0.0] linvel=[0.0, 0.0, 0.0] z=0.7975
[lowlevel-sim][GT] t=10.151 quat=[0.70739, 0.0, 0.0, 0.70683] angvel=[0.0, 0.0, 0.0] linvel=[0.0, 0.0, 0.0] z=0.7975
[lowlevel-sim][GT] t=10.201 quat=[0.70739, 0.0, 0.0, 0.70683] angvel=[0.0, 0.0, 0.0] linvel=[0.0, 0.0, 0.0] z=0.7975
[lowlevel-sim][GT] t=10.251 quat=[0.70739, 0.0, 0.0, 0.70683] angvel=[0.0, 0.0, 0.0] linvel=[0.0, 0.0, 0.0] z=0.7975
[lowlevel-sim][GT] t=10.301 quat=[0.70739, 0.0, 0.0, 0.70683] angvel=[0.0, 0.0, 0.0] linvel=[0.0, 0.0, 0.0] z=0.7975
[lowlevel-sim][GT] t=10.351 quat=[0.70739, 0.0, 0.0, 0.70683] angvel=[0.0, 0.0, 0.0] linvel=[0.0, 0.0, 0.0] z=0.7975
[lowlevel-sim][GT] t=10.401 quat=[0.70739, 0.0, 0.0, 0.70683] angvel=[0.0, 0.0, 0.0] linvel=[0.0, 0.0, 0.0] z=0.7975
[lowlevel-sim][GT] t=10.451 quat=[0.70739, 0.0, 0.0, 0.70683] angvel=[0.0, 0.0, 0.0] linvel=[0.0, 0.0, 0.0] z=0.7975
[lowlevel-sim] t=  10.50 mode=hold       pd=10117 hold=10117 failclosed=0 rtf=0.230 base_z=+0.798 pitch=+0.000 roll=+0.000 |tau|max= 35.00 sat=6/29 knee_L=+0.301 hip_p_L=-0.100 torn=9731 cmd_age=32.2ms auth=2.5s rig_ign=382 fix_base=1 sat_j=left_ankle_roll_joint:+35.0,right_ankle_roll_joint:+35.0,left_wrist_roll_joint:+25.0,left_wrist_pitch_joint:-5.0,right_wrist_roll_joint:+25.0,right_wrist_pitch_joint:-5.0
[lowlevel-sim][GT] t=10.501 quat=[0.70739, 0.0, 0.0, 0.70683] angvel=[0.0, 0.0, 0.0] linvel=[0.0, 0.0, 0.0] z=0.7975
[lowlevel-sim][GT] t=10.551 quat=[0.70739, 0.0, 0.0, 0.70683] angvel=[0.0, 0.0, 0.0] linvel=[0.0, 0.0, 0.0] z=0.7975
[lowlevel-sim][GT] t=10.601 quat=[0.70739, 0.0, 0.0, 0.70683] angvel=[0.0, 0.0, 0.0] linvel=[0.0, 0.0, 0.0] z=0.7975
[lowlevel-sim][GT] t=10.651 quat=[0.70739, 0.0, 0.0, 0.70683] angvel=[0.0, 0.0, 0.0] linvel=[0.0, 0.0, 0.0] z=0.7975
[lowlevel-sim][GT] t=10.701 quat=[0.70739, 0.0, 0.0, 0.70683] angvel=[0.0, 0.0, 0.0] linvel=[0.0, 0.0, 0.0] z=0.7975
[lowlevel-sim][GT] t=10.751 quat=[0.70739, 0.0, 0.0, 0.70683] angvel=[0.0, 0.0, 0.0] linvel=[0.0, 0.0, 0.0] z=0.7975
[lowlevel-sim][GT] t=10.801 quat=[0.70739, 0.0, 0.0, 0.70683] angvel=[0.0, 0.0, 0.0] linvel=[0.0, 0.0, 0.0] z=0.7975
[lowlevel-sim][GT] t=10.851 quat=[0.70739, 0.0, 0.0, 0.70683] angvel=[0.0, 0.0, 0.0] linvel=[0.0, 0.0, 0.0] z=0.7975
[lowlevel-sim][GT] t=10.901 quat=[0.70739, 0.0, 0.0, 0.70683] angvel=[0.0, 0.0, 0.0] linvel=[0.0, 0.0, 0.0] z=0.7975
[lowlevel-sim][GT] t=10.951 quat=[0.70739, 0.0, 0.0, 0.70683] angvel=[0.0, 0.0, 0.0] linvel=[0.0, 0.0, 0.0] z=0.7975
[lowlevel-sim] t=  11.00 mode=hold       pd=10373 hold=10373 failclosed=0 rtf=0.231 base_z=+0.798 pitch=+0.000 roll=+0.000 |tau|max= 35.00 sat=7/29 knee_L=+0.301 hip_p_L=-0.099 torn=9741 cmd_age=14.8ms auth=0.9s rig_ign=627 fix_base=1 sat_j=left_ankle_roll_joint:+35.0,right_ankle_roll_joint:+35.0,left_wrist_roll_joint:+25.0,left_wrist_pitch_joint:+5.0,left_wrist_yaw_joint:-5.0,right_wrist_roll_joint:+25.0
[lowlevel-sim][GT] t=11.001 quat=[0.70739, 0.0, 0.0, 0.70683] angvel=[0.0, 0.0, 0.0] linvel=[0.0, 0.0, 0.0] z=0.7975
[lowlevel-sim][GT] t=11.051 quat=[0.70739, 0.0, 0.0, 0.70683] angvel=[0.0, 0.0, 0.0] linvel=[0.0, 0.0, 0.0] z=0.7975
[lowlevel-sim][GT] t=11.101 quat=[0.70739, 0.0, 0.0, 0.70683] angvel=[0.0, 0.0, 0.0] linvel=[0.0, 0.0, 0.0] z=0.7975
[lowlevel-sim][GT] t=11.151 quat=[0.70739, 0.0, 0.0, 0.70683] angvel=[0.0, 0.0, 0.0] linvel=[0.0, 0.0, 0.0] z=0.7975
[lowlevel-sim][GT] t=11.201 quat=[0.70739, 0.0, 0.0, 0.70683] angvel=[0.0, 0.0, 0.0] linvel=[0.0, 0.0, 0.0] z=0.7975
[lowlevel-sim][GT] t=11.251 quat=[0.70739, 0.0, 0.0, 0.70683] angvel=[0.0, 0.0, 0.0] linvel=[0.0, 0.0, 0.0] z=0.7975
[lowlevel-sim][GT] t=11.301 quat=[0.70739, 0.0, 0.0, 0.70683] angvel=[0.0, 0.0, 0.0] linvel=[0.0, 0.0, 0.0] z=0.7975
[lowlevel-sim][GT] t=11.351 quat=[0.70739, 0.0, 0.0, 0.70683] angvel=[0.0, 0.0, 0.0] linvel=[0.0, 0.0, 0.0] z=0.7975
[lowlevel-sim][GT] t=11.401 quat=[0.70739, 0.0, 0.0, 0.70683] angvel=[0.0, 0.0, 0.0] linvel=[0.0, 0.0, 0.0] z=0.7975
[lowlevel-sim][GT] t=11.451 quat=[0.70739, 0.0, 0.0, 0.70683] angvel=[0.0, 0.0, 0.0] linvel=[0.0, 0.0, 0.0] z=0.7975
[lowlevel-sim] t=  11.50 mode=hold       pd=10623 hold=10623 failclosed=0 rtf=0.232 base_z=+0.798 pitch=+0.000 roll=+0.000 |tau|max= 35.00 sat=6/29 knee_L=+0.301 hip_p_L=-0.100 torn=9763 cmd_age=25.6ms auth=2.9s rig_ign=877 fix_base=1 sat_j=left_ankle_roll_joint:+35.0,right_ankle_roll_joint:+35.0,left_wrist_roll_joint:+25.0,left_wrist_yaw_joint:-5.0,right_wrist_roll_joint:+25.0,right_wrist_yaw_joint:-5.0
[lowlevel-sim][GT] t=11.501 quat=[0.70739, 0.0, 0.0, 0.70683] angvel=[0.0, 0.0, 0.0] linvel=[0.0, 0.0, 0.0] z=0.7975
[lowlevel-sim][GT] t=11.551 quat=[0.70739, 0.0, 0.0, 0.70683] angvel=[0.0, 0.0, 0.0] linvel=[0.0, 0.0, 0.0] z=0.7975
[lowlevel-sim][GT] t=11.601 quat=[0.70739, 0.0, 0.0, 0.70683] angvel=[0.0, 0.0, 0.0] linvel=[0.0, 0.0, 0.0] z=0.7975
[lowlevel-sim][GT] t=11.651 quat=[0.70739, 0.0, 0.0, 0.70683] angvel=[0.0, 0.0, 0.0] linvel=[0.0, 0.0, 0.0] z=0.7975
[lowlevel-sim][GT] t=11.701 quat=[0.70739, 0.0, 0.0, 0.70683] angvel=[0.0, 0.0, 0.0] linvel=[0.0, 0.0, 0.0] z=0.7975
[lowlevel-sim][GT] t=11.751 quat=[0.70739, 0.0, 0.0, 0.70683] angvel=[0.0, 0.0, 0.0] linvel=[0.0, 0.0, 0.0] z=0.7975
[lowlevel-sim][GT] t=11.801 quat=[0.70739, 0.0, 0.0, 0.70683] angvel=[0.0, 0.0, 0.0] linvel=[0.0, 0.0, 0.0] z=0.7975
[lowlevel-sim][GT] t=11.851 quat=[0.70739, 0.0, 0.0, 0.70683] angvel=[0.0, 0.0, 0.0] linvel=[0.0, 0.0, 0.0] z=0.7975
[lowlevel-sim][GT] t=11.901 quat=[0.70739, 0.0, 0.0, 0.70683] angvel=[0.0, 0.0, 0.0] linvel=[0.0, 0.0, 0.0] z=0.7975
[lowlevel-sim][GT] t=11.951 quat=[0.70739, 0.0, 0.0, 0.70683] angvel=[0.0, 0.0, 0.0] linvel=[0.0, 0.0, 0.0] z=0.7975
[lowlevel-sim] TEST RIG RELEASED at t=11.980s -- controller has had authority for 5.0s (C-30)
[lowlevel-sim] COMMANDED at t=11.980s (was idle hold)
[lowlevel-sim] t=  12.00 mode=cmd        pd=10873 hold=10863 failclosed=0 rtf=0.231 base_z=+0.795 pitch=-0.006 roll=-0.002 |tau|max= 35.00 sat=6/29 knee_L=+0.303 hip_p_L=-0.098 torn=9787 cmd_age=34.9ms auth=5.1s rig_ign=1117 fix_base=0 sat_j=left_ankle_roll_joint:+35.0,right_ankle_roll_joint:+35.0,left_wrist_roll_joint:+25.0,left_wrist_yaw_joint:-5.0,right_wrist_roll_joint:+25.0,right_wrist_yaw_joint:-5.0
[lowlevel-sim][GT] t=12.001 quat=[0.70835, 0.00175, -0.00295, 0.70585] angvel=[0.36455, -0.1164, -0.20663] linvel=[0.07577, -0.08237, -0.23709] z=0.7948
[lowlevel-sim][GT] t=12.051 quat=[0.7101, 0.01493, -0.01553, 0.70377] angvel=[0.74601, -0.0145, 0.01524] linvel=[0.04468, -0.12943, -0.05794] z=0.7818
[lowlevel-sim][GT] t=12.101 quat=[0.70927, 0.02077, -0.02104, 0.70432] angvel=[0.11633, 0.02591, 0.03059] linvel=[0.04279, -0.0764, -0.0071] z=0.7807
[lowlevel-sim][GT] t=12.151 quat=[0.70921, 0.02148, -0.02143, 0.70435] angvel=[-0.04913, -0.00136, -0.01301] linvel=[0.03041, -0.00302, 0.00088] z=0.7806
[lowlevel-sim][GT] t=12.201 quat=[0.70959, 0.01917, -0.01879, 0.7041] angvel=[-0.20134, 0.0369, -0.0089] linvel=[0.0371, 0.10355, 0.00445] z=0.7808
[lowlevel-sim][GT] t=12.251 quat=[0.70917, 0.01618, -0.01547, 0.70468] angvel=[-0.18604, 0.00638, 0.0599] linvel=[0.02472, 0.16286, -0.00304] z=0.7809
[lowlevel-sim][GT] t=12.301 quat=[0.70819, 0.01288, -0.01184, 0.7058] angvel=[-0.20606, 0.02091, 0.03051] linvel=[0.02026, 0.19751, -0.00893] z=0.7806
[lowlevel-sim][GT] t=12.351 quat=[0.70779, 0.00916, -0.00775, 0.70632] angvel=[-0.23566, -0.00172, 0.03425] linvel=[0.01391, 0.21266, -0.01407] z=0.7800
[lowlevel-sim][GT] t=12.401 quat=[0.70681, 0.00481, -0.003, 0.70738] angvel=[-0.28383, 0.01548, 0.0903] linvel=[0.01773, 0.21911, -0.01893] z=0.7793
[lowlevel-sim][GT] t=12.451 quat=[0.7057, -0.00039, 0.00253, 0.7085] angvel=[-0.33681, -0.00523, 0.03197] linvel=[0.00969, 0.22328, -0.02062] z=0.7783
[lowlevel-sim] t=  12.50 mode=cmd        pd=11123 hold=10863 failclosed=0 rtf=0.233 base_z=+0.777 pitch=+0.022 roll=+0.003 |tau|max= 25.00 sat=6/29 knee_L=+0.365 hip_p_L=-0.087 torn=9810 cmd_age=22.8ms auth=6.9s rig_ign=1117 fix_base=0 sat_j=left_wrist_roll_joint:+25.0,left_wrist_pitch_joint:-5.0,left_wrist_yaw_joint:-5.0,right_wrist_roll_joint:+25.0,right_wrist_pitch_joint:-5.0,right_wrist_yaw_joint:-5.0
[lowlevel-sim][GT] t=12.501 quat=[0.70566, -0.00674, 0.00916, 0.70846] angvel=[-0.40609, 0.01737, -0.03158] linvel=[0.01221, 0.22967, -0.02341] z=0.7772
[lowlevel-sim][GT] t=12.551 quat=[0.70593, -0.01447, 0.01712, 0.70792] angvel=[-0.47889, -0.01137, -0.01495] linvel=[0.00228, 0.24541, -0.02585] z=0.7760
[lowlevel-sim][GT] t=12.601 quat=[0.70595, -0.02368, 0.02646, 0.70737] angvel=[-0.56544, 0.00269, -0.02609] linvel=[0.00378, 0.27602, -0.03222] z=0.7744
[lowlevel-sim][GT] t=12.651 quat=[0.70582, -0.03441, 0.0374, 0.70656] angvel=[-0.66217, 0.00251, -0.00822] linvel=[-0.00053, 0.3222, -0.04534] z=0.7722
[lowlevel-sim][GT] t=12.701 quat=[0.70518, -0.04697, 0.0502, 0.70568] angvel=[-0.77492, 0.00428, -0.0034] linvel=[0.00569, 0.38629, -0.06686] z=0.7691
[lowlevel-sim][GT] t=12.751 quat=[0.70381, -0.06162, 0.06516, 0.70471] angvel=[-0.90635, 0.00915, 0.0305] linvel=[0.0025, 0.46686, -0.09746] z=0.7646
[lowlevel-sim][GT] t=12.801 quat=[0.70157, -0.07864, 0.08258, 0.70341] angvel=[-1.0526, 0.03028, 0.03698] linvel=[0.00946, 0.56102, -0.1428] z=0.7578
[lowlevel-sim][GT] t=12.851 quat=[0.69795, -0.09817, 0.10277, 0.70191] angvel=[-1.21722, 0.02928, 0.07756] linvel=[0.00192, 0.65922, -0.20393] z=0.7481
[lowlevel-sim][GT] t=12.901 quat=[0.69354, -0.12075, 0.12601, 0.69896] angvel=[-1.40978, 0.03769, 0.01492] linvel=[0.00142, 0.75984, -0.28306] z=0.7344
[lowlevel-sim][GT] t=12.951 quat=[0.68844, -0.14697, 0.15267, 0.69364] angvel=[-1.63159, -0.00732, -0.00753] linvel=[-0.00653, 0.86199, -0.39037] z=0.7153
[lowlevel-sim] t=  13.00 mode=cmd        pd=11373 hold=10863 failclosed=0 rtf=0.236 base_z=+0.690 pitch=+0.513 roll=+0.013 |tau|max= 25.00 sat=5/29 knee_L=+0.272 hip_p_L=-0.127 torn=9838 cmd_age=36.5ms auth=8.3s rig_ign=1117 fix_base=0 sat_j=left_wrist_roll_joint:+25.0,left_wrist_pitch_joint:-5.0,left_wrist_yaw_joint:-5.0,right_wrist_roll_joint:+25.0,right_wrist_yaw_joint:-5.0
[lowlevel-sim][GT] t=13.001 quat=[0.68156, -0.17654, 0.18352, 0.68603] angvel=[-1.87497, 0.07548, -0.07351] linvel=[-0.00531, 0.96692, -0.52268] z=0.6895
[lowlevel-sim][GT] t=13.051 quat=[0.67306, -0.20884, 0.21854, 0.675] angvel=[-2.09501, 0.01673, -0.06188] linvel=[-0.00665, 1.10169, -0.64398] z=0.6561
[lowlevel-sim][GT] t=13.101 quat=[0.66122, -0.24567, 0.25654, 0.66078] angvel=[-2.3934, 0.0347, -0.04704] linvel=[0.00358, 1.28406, -0.78005] z=0.6154
[lowlevel-sim][GT] t=13.151 quat=[0.64297, -0.28868, 0.30097, 0.6424] angvel=[-2.97628, -0.06379, 0.03933] linvel=[0.04355, 1.47829, -1.02099] z=0.5638
[lowlevel-sim][GT] t=13.201 quat=[0.61637, -0.33942, 0.35403, 0.61607] angvel=[-3.57253, 0.22511, -0.04734] linvel=[-0.01728, 1.57589, -1.45474] z=0.4923
[lowlevel-sim][GT] t=13.251 quat=[0.58326, -0.39184, 0.40948, 0.58188] angvel=[-3.56623, -0.06801, 0.01458] linvel=[0.04269, 1.51391, -1.95761] z=0.3942
[lowlevel-sim] FAIL-CLOSED engaged at t=13.260s, last command age 93.80 ms (deadline <= 100 ms) PASS
[lowlevel-sim] COMMANDED at t=13.270s (was fail-closed)
[lowlevel-sim][GT] t=13.301 quat=[0.54741, -0.44045, 0.459, 0.54376] angvel=[-3.14836, 0.04104, -0.10737] linvel=[-0.01969, 1.5225, -2.3565] z=0.2722
[lowlevel-sim][GT] t=13.351 quat=[0.51584, -0.47619, 0.49533, 0.51166] angvel=[-2.19427, 0.2851, 0.1111] linvel=[0.04703, 1.42787, -2.49645] z=0.1410
[lowlevel-sim][GT] t=13.401 quat=[0.47967, -0.52257, 0.53286, 0.46141] angvel=[-0.48645, -0.401, -0.12076] linvel=[-0.04714, 0.25981, -0.03129] z=0.0815
[lowlevel-sim][GT] t=13.451 quat=[0.48015, -0.52373, 0.53651, 0.45533] angvel=[-0.70546, 0.13986, -0.12017] linvel=[0.05622, 0.1259, 0.12966] z=0.0856
[lowlevel-sim] t=  13.50 mode=cmd        pd=11627 hold=10863 failclosed=9 rtf=0.239 base_z=+0.086 pitch=+1.449 roll=-3.109 |tau|max= 35.00 sat=4/29 knee_L=+0.320 hip_p_L=-0.058 torn=9866 cmd_age=38.8ms auth=9.8s rig_ign=1117 fix_base=0 sat_j=left_ankle_roll_joint:-35.0,right_ankle_roll_joint:-35.0,left_wrist_yaw_joint:+5.0,right_wrist_yaw_joint:-5.0
[lowlevel-sim][GT] t=13.501 quat=[0.48063, -0.51753, 0.54102, 0.45657] angvel=[0.40036, 0.47888, -0.22029] linvel=[-0.02307, 0.02341, -0.04109] z=0.0857
[lowlevel-sim][GT] t=13.551 quat=[0.48781, -0.50667, 0.53717, 0.4656] angvel=[-0.04063, 0.00612, 0.02504] linvel=[0.03282, -0.08045, 0.14761] z=0.0852
[lowlevel-sim][GT] t=13.601 quat=[0.49586, -0.49978, 0.5305, 0.47214] angvel=[0.70013, -0.09252, -0.0926] linvel=[-0.03343, -0.09925, 0.23286] z=0.0976
[lowlevel-sim][GT] t=13.651 quat=[0.50455, -0.49334, 0.52121, 0.47998] angvel=[0.22289, -0.0026, 0.1965] linvel=[0.0177, -0.03271, 0.04008] z=0.1071
[lowlevel-sim][GT] t=13.701 quat=[0.50275, -0.49369, 0.52022, 0.48258] angvel=[-0.01805, 0.10565, 0.02014] linvel=[-0.03999, 0.0164, -0.00736] z=0.1074
[lowlevel-sim][GT] t=13.751 quat=[0.50028, -0.49528, 0.51992, 0.48384] angvel=[-0.0523, 0.01702, 0.21772] linvel=[-0.0067, 0.01351, -0.00495] z=0.1068
[lowlevel-sim][GT] t=13.801 quat=[0.49793, -0.49683, 0.51914, 0.48551] angvel=[-0.01672, 0.07544, 0.0305] linvel=[-0.07144, 0.01314, 0.0008] z=0.1065
[lowlevel-sim][GT] t=13.851 quat=[0.49632, -0.49777, 0.51904, 0.48631] angvel=[-0.03533, -0.01391, 0.11934] linvel=[0.01401, 0.00642, -0.0032] z=0.1063
[lowlevel-sim][GT] t=13.901 quat=[0.49574, -0.49863, 0.51902, 0.48603] angvel=[0.00133, -0.00018, -0.08] linvel=[-0.05512, 0.00677, -0.00074] z=0.1061
[lowlevel-sim][GT] t=13.951 quat=[0.49706, -0.49957, 0.51861, 0.48414] angvel=[-0.01333, -0.09871, 0.03339] linvel=[0.03204, 0.0004, 0.00466] z=0.1062
[lowlevel-sim] t=  14.00 mode=cmd        pd=11877 hold=10863 failclosed=9 rtf=0.240 base_z=+0.106 pitch=+1.533 roll=+3.087 |tau|max= 35.00 sat=5/29 knee_L=+0.283 hip_p_L=-0.116 torn=9877 cmd_age=31.8ms auth=11.6s rig_ign=1117 fix_base=0 sat_j=left_ankle_roll_joint:-35.0,right_ankle_roll_joint:-35.0,left_wrist_roll_joint:-25.0,left_wrist_pitch_joint:+5.0,left_wrist_yaw_joint:+5.0
[lowlevel-sim][GT] t=14.001 quat=[0.49801, -0.50035, 0.51816, 0.48285] angvel=[0.02831, -0.04118, -0.09201] linvel=[-0.02592, 0.00857, 0.00396] z=0.1062
[lowlevel-sim][GT] t=14.051 quat=[0.49947, -0.50086, 0.51674, 0.48234] angvel=[0.03184, -0.1164, 0.08243] linvel=[0.03935, 0.00343, 0.01313] z=0.1067
[lowlevel-sim][GT] t=14.101 quat=[0.50029, -0.50085, 0.51542, 0.48291] angvel=[0.13676, 0.21967, 0.0534] linvel=[-0.03194, 0.00826, 0.0171] z=0.1075
[lowlevel-sim][GT] t=14.151 quat=[0.49878, -0.50077, 0.51373, 0.48634] angvel=[-0.0583, -0.0466, 0.18536] linvel=[0.00732, 0.00367, 0.01464] z=0.1083
[lowlevel-sim][GT] t=14.201 quat=[0.49874, -0.50212, 0.51218, 0.48663] angvel=[-0.03852, -0.03053, -0.01847] linvel=[-0.0408, 0.00369, 0.02014] z=0.1090
[lowlevel-sim][GT] t=14.251 quat=[0.49873, -0.50343, 0.51022, 0.48735] angvel=[0.06956, -0.05645, 0.15255] linvel=[-0.00392, 0.00229, 0.00737] z=0.1097
[lowlevel-sim][GT] t=14.301 quat=[0.49821, -0.50461, 0.50826, 0.4887] angvel=[0.06698, 0.189, 0.06293] linvel=[-0.04978, 0.00202, 0.0037] z=0.1104
[lowlevel-sim][GT] t=14.351 quat=[0.49739, -0.50583, 0.50674, 0.48985] angvel=[-0.00015, 0.03339, 0.15224] linvel=[0.01897, 0.00202, 0.00675] z=0.1108
[lowlevel-sim][GT] t=14.401 quat=[0.49631, -0.50626, 0.50614, 0.49112] angvel=[-0.06354, 0.06309, -0.03451] linvel=[-0.03805, -0.00379, 0.01003] z=0.1110
[lowlevel-sim][GT] t=14.451 quat=[0.49565, -0.50636, 0.5059, 0.49193] angvel=[0.00138, 0.09948, 0.09088] linvel=[0.01227, -0.00499, -0.00511] z=0.1111
[lowlevel-sim] t=  14.50 mode=cmd        pd=12127 hold=10863 failclosed=9 rtf=0.241 base_z=+0.111 pitch=+1.546 roll=-2.998 |tau|max= 35.00 sat=2/29 knee_L=+0.305 hip_p_L=-0.118 torn=9914 cmd_age=35.8ms auth=13.4s rig_ign=1117 fix_base=0 sat_j=left_ankle_roll_joint:-35.0,right_ankle_roll_joint:-35.0
[lowlevel-sim][GT] t=14.501 quat=[0.49483, -0.5069, 0.50548, 0.49263] angvel=[-0.02471, -0.10597, -0.00474] linvel=[-0.02685, -0.0092, 0.00496] z=0.1110
[lowlevel-sim][GT] t=14.551 quat=[0.49449, -0.50731, 0.50465, 0.4934] angvel=[-0.03811, -0.05503, 0.09449] linvel=[0.01437, -0.00617, 0.00602] z=0.1111
[lowlevel-sim][GT] t=14.601 quat=[0.49425, -0.50766, 0.50407, 0.49388] angvel=[0.00354, -0.0101, -0.0235] linvel=[-0.03556, -0.00529, -0.00137] z=0.1110
[lowlevel-sim][GT] t=14.651 quat=[0.4948, -0.508, 0.50342, 0.49364] angvel=[-0.02872, -0.00663, 0.03799] linvel=[0.01166, -0.00381, 0.00365] z=0.1111
[lowlevel-sim][GT] t=14.701 quat=[0.49482, -0.50836, 0.50285, 0.49383] angvel=[-0.01248, -0.0198, -0.03559] linvel=[-0.02677, -0.00281, 0.00286] z=0.1112
[lowlevel-sim][GT] t=14.751 quat=[0.49484, -0.50873, 0.50232, 0.49396] angvel=[-0.01609, -0.00981, 0.06356] linvel=[0.01905, -0.00183, 0.0033] z=0.1112
[lowlevel-sim][GT] t=14.801 quat=[0.49459, -0.50861, 0.50217, 0.49449] angvel=[0.0811, 0.05031, 0.01559] linvel=[-0.02745, 0.00116, -0.00523] z=0.1114
[lowlevel-sim][GT] t=14.851 quat=[0.49457, -0.50842, 0.50191, 0.49496] angvel=[-0.06206, -0.01149, 0.02049] linvel=[0.01776, -0.00064, 0.01108] z=0.1116
[lowlevel-sim][GT] t=14.901 quat=[0.49442, -0.50817, 0.50183, 0.49546] angvel=[-0.03186, 0.00556, -0.07078] linvel=[-0.02375, -0.00065, 0.00878] z=0.1118
[lowlevel-sim][GT] t=14.951 quat=[0.49443, -0.50811, 0.50155, 0.49579] angvel=[-0.05542, -0.03705, 0.07322] linvel=[0.01319, 0.0016, 0.01028] z=0.1120
[lowlevel-sim] t=  15.00 mode=cmd        pd=12377 hold=10863 failclosed=9 rtf=0.242 base_z=+0.112 pitch=+1.551 roll=-2.888 |tau|max= 35.00 sat=1/29 knee_L=+0.302 hip_p_L=-0.115 torn=9943 cmd_age=34.9ms auth=15.2s rig_ign=1117 fix_base=0 sat_j=right_ankle_roll_joint:-35.0
[lowlevel-sim][GT] t=15.001 quat=[0.49434, -0.50806, 0.50135, 0.49614] angvel=[0.0603, 0.08571, -0.00011] linvel=[-0.02518, 0.00013, -0.00326] z=0.1121
[lowlevel-sim][GT] t=15.051 quat=[0.49429, -0.50802, 0.50117, 0.4964] angvel=[-0.07726, 0.07908, 0.04456] linvel=[0.006, -0.0023, 0.00987] z=0.1123
[lowlevel-sim][GT] t=15.101 quat=[0.49407, -0.50802, 0.50111, 0.49669] angvel=[-0.09743, -0.04485, -0.06996] linvel=[-0.02681, -0.00261, 0.01362] z=0.1124
[lowlevel-sim][GT] t=15.151 quat=[0.49402, -0.5082, 0.50084, 0.49683] angvel=[-0.08449, -0.04483, 0.06317] linvel=[0.01499, 0.00161, 0.01384] z=0.1125
[lowlevel-sim][GT] t=15.201 quat=[0.49388, -0.50831, 0.50053, 0.49716] angvel=[0.08902, 0.01304, -0.02817] linvel=[-0.02725, -0.0011, -0.00317] z=0.1126
[lowlevel-sim][GT] t=15.251 quat=[0.49375, -0.50826, 0.50045, 0.49742] angvel=[-0.10641, 0.0456, 0.03451] linvel=[0.00405, -0.00396, 0.01222] z=0.1127
[lowlevel-sim][GT] t=15.301 quat=[0.49351, -0.50829, 0.50048, 0.4976] angvel=[-0.07992, -0.04788, -0.08225] linvel=[-0.02872, -0.0029, 0.01095] z=0.1127
[lowlevel-sim][GT] t=15.351 quat=[0.4936, -0.50826, 0.50042, 0.49761] angvel=[-0.01074, 0.06818, 0.05941] linvel=[0.00838, -0.00317, -0.00013] z=0.1127
[lowlevel-sim][GT] t=15.401 quat=[0.49357, -0.50825, 0.50052, 0.49754] angvel=[0.00163, -0.01878, -0.02094] linvel=[-0.02953, -0.00215, -0.00126] z=0.1127
[lowlevel-sim][GT] t=15.451 quat=[0.49372, -0.50826, 0.50032, 0.49759] angvel=[-0.07541, 0.06656, 0.05754] linvel=[0.00547, -0.00229, 0.00842] z=0.1128
[lowlevel-sim] t=  15.50 mode=cmd        pd=12627 hold=10863 failclosed=9 rtf=0.243 base_z=+0.113 pitch=+1.553 roll=-2.944 |tau|max= 35.00 sat=1/29 knee_L=+0.307 hip_p_L=-0.118 torn=9962 cmd_age=25.5ms auth=17.0s rig_ign=1117 fix_base=0 sat_j=right_ankle_roll_joint:-35.0
[lowlevel-sim][GT] t=15.501 quat=[0.49348, -0.50825, 0.50048, 0.49767] angvel=[-0.02195, 0.01456, -0.07746] linvel=[-0.03246, -0.00203, 0.00258] z=0.1127
[lowlevel-sim][GT] t=15.551 quat=[0.49388, -0.50833, 0.50021, 0.49746] angvel=[-0.14471, 0.04537, 0.05992] linvel=[0.0052, -0.00068, 0.01753] z=0.1127
[lowlevel-sim][GT] t=15.601 quat=[0.49365, -0.50824, 0.50031, 0.49768] angvel=[0.02691, 0.04067, -0.04577] linvel=[-0.03044, -0.00443, -0.00407] z=0.1127
[lowlevel-sim][GT] t=15.651 quat=[0.49409, -0.50829, 0.50012, 0.49739] angvel=[-0.13876, -0.00407, 0.01224] linvel=[0.00713, -0.00384, 0.0158] z=0.1127
[lowlevel-sim][GT] t=15.701 quat=[0.49438, -0.50801, 0.50037, 0.49713] angvel=[-0.06219, -0.00676, -0.07871] linvel=[-0.02199, -0.00376, 0.00917] z=0.1127
[lowlevel-sim][GT] t=15.751 quat=[0.49502, -0.50777, 0.50043, 0.49668] angvel=[-0.00394, -0.00624, 0.01232] linvel=[0.02041, -0.002, -0.00079] z=0.1126
[lowlevel-sim][GT] t=15.801 quat=[0.49527, -0.50739, 0.50087, 0.49638] angvel=[-0.08583, -0.07061, -0.07295] linvel=[-0.02521, -0.00484, 0.00417] z=0.1125
[lowlevel-sim][GT] t=15.851 quat=[0.49599, -0.50696, 0.50125, 0.49573] angvel=[0.02384, -0.16034, -0.00688] linvel=[0.01844, -0.00303, -0.00013] z=0.1125
[lowlevel-sim][GT] t=15.901 quat=[0.49626, -0.50661, 0.50159, 0.49545] angvel=[-0.10061, -0.06691, -0.08133] linvel=[-0.02656, -0.00311, 0.01056] z=0.1125
[lowlevel-sim][GT] t=15.951 quat=[0.49672, -0.5063, 0.50182, 0.49508] angvel=[-0.03959, 0.03936, 0.01465] linvel=[0.01093, 0.00102, 0.00345] z=0.1125
[lowlevel-sim] t=  16.00 mode=cmd        pd=12877 hold=10863 failclosed=9 rtf=0.244 base_z=+0.113 pitch=+1.553 roll=-2.776 |tau|max= 35.00 sat=1/29 knee_L=+0.303 hip_p_L=-0.113 torn=9988 cmd_age=38.8ms auth=18.8s rig_ign=1117 fix_base=0 sat_j=right_ankle_roll_joint:-35.0
[lowlevel-sim][GT] t=16.001 quat=[0.49691, -0.50616, 0.50203, 0.49482] angvel=[-0.02529, 0.06943, -0.0526] linvel=[-0.01303, -0.0017, 0.00349] z=0.1126
[lowlevel-sim][GT] t=16.051 quat=[0.49705, -0.50589, 0.50221, 0.49478] angvel=[0.04113, -0.02202, 0.02454] linvel=[0.02039, 0.00156, -0.00201] z=0.1127
[lowlevel-sim][GT] t=16.101 quat=[0.49698, -0.50578, 0.50229, 0.49487] angvel=[-0.02234, 0.04849, -0.07782] linvel=[-0.02052, 0.00153, 0.00616] z=0.1128
[lowlevel-sim][GT] t=16.151 quat=[0.49702, -0.50558, 0.50229, 0.49504] angvel=[-0.11684, 0.13622, 0.06502] linvel=[0.0162, -0.00445, 0.01404] z=0.1129
[lowlevel-sim][GT] t=16.201 quat=[0.49675, -0.5054, 0.50237, 0.49541] angvel=[0.00337, 0.13208, -0.05375] linvel=[-0.02015, -0.00057, 0.00126] z=0.1130
[lowlevel-sim][GT] t=16.251 quat=[0.49702, -0.50505, 0.50267, 0.4952] angvel=[-0.12615, -0.03709, -0.01568] linvel=[0.01095, -0.00487, 0.01397] z=0.1130
[lowlevel-sim][GT] t=16.301 quat=[0.49735, -0.50471, 0.50296, 0.49492] angvel=[-0.00573, 0.07091, -0.08484] linvel=[-0.02994, -0.00058, 0.00122] z=0.1130
[lowlevel-sim][GT] t=16.351 quat=[0.49808, -0.50437, 0.50315, 0.49434] angvel=[-0.08584, 0.03105, 0.00211] linvel=[0.01247, 0.00059, 0.00751] z=0.1129
[lowlevel-sim][GT] t=16.401 quat=[0.49813, -0.50418, 0.5036, 0.49402] angvel=[-0.12592, -0.03452, -0.05517] linvel=[-0.0138, -0.00647, 0.01297] z=0.1129
[lowlevel-sim][GT] t=16.451 quat=[0.49849, -0.5039, 0.50381, 0.49373] angvel=[0.02689, -0.04834, -0.00022] linvel=[0.01029, -0.00337, -0.00428] z=0.1128
[lowlevel-sim] t=  16.50 mode=cmd        pd=13127 hold=10863 failclosed=9 rtf=0.245 base_z=+0.113 pitch=+1.554 roll=-2.842 |tau|max= 35.00 sat=1/29 knee_L=+0.306 hip_p_L=-0.114 torn=10011 cmd_age=47.1ms auth=20.6s rig_ign=1117 fix_base=0 sat_j=right_ankle_roll_joint:-35.0
[lowlevel-sim][GT] t=16.501 quat=[0.49854, -0.50379, 0.50395, 0.49364] angvel=[0.03938, 0.03956, -0.08827] linvel=[-0.02543, 0.00264, -0.00485] z=0.1129
[lowlevel-sim][GT] t=16.551 quat=[0.49874, -0.50353, 0.50408, 0.49358] angvel=[0.10684, -0.13632, 0.06469] linvel=[0.01732, 0.00243, -0.01059] z=0.1129
[lowlevel-sim][GT] t=16.601 quat=[0.49882, -0.50335, 0.50421, 0.49355] angvel=[-0.02761, 0.14339, -0.03559] linvel=[-0.02785, -0.00358, 0.00325] z=0.1129
[lowlevel-sim][GT] t=16.651 quat=[0.49916, -0.50319, 0.50425, 0.49332] angvel=[-0.08996, 0.11179, 0.0161] linvel=[0.01167, -0.00375, 0.00914] z=0.1130
[lowlevel-sim][GT] t=16.701 quat=[0.49906, -0.50311, 0.50429, 0.49346] angvel=[-0.14172, -0.03338, -0.09332] linvel=[-0.02197, -0.00372, 0.01585] z=0.1130
[lowlevel-sim][GT] t=16.751 quat=[0.49918, -0.50313, 0.50437, 0.49325] angvel=[-0.14873, 0.13632, 0.07454] linvel=[0.01349, -0.00583, 0.01286] z=0.1130
[lowlevel-sim][GT] t=16.801 quat=[0.49901, -0.50293, 0.50466, 0.49332] angvel=[-0.01253, 0.08499, -0.03658] linvel=[-0.02425, -0.00145, 0.00192] z=0.1130
[lowlevel-sim][GT] t=16.851 quat=[0.49925, -0.50285, 0.50463, 0.49318] angvel=[-0.07366, 0.11878, 0.03836] linvel=[0.01003, -0.00407, 0.01043] z=0.1130
[lowlevel-sim][GT] t=16.901 quat=[0.49934, -0.50282, 0.5044, 0.49337] angvel=[0.04404, -0.01109, -0.05657] linvel=[-0.02474, -0.00074, -0.00329] z=0.1132
[lowlevel-sim][GT] t=16.951 quat=[0.49934, -0.50277, 0.50429, 0.49353] angvel=[-0.12018, 0.04475, 0.06864] linvel=[0.01527, 0.00047, 0.016] z=0.1132
[lowlevel-sim] t=  17.00 mode=cmd        pd=13377 hold=10863 failclosed=9 rtf=0.245 base_z=+0.113 pitch=+1.556 roll=-2.869 |tau|max= 35.00 sat=1/29 knee_L=+0.308 hip_p_L=-0.115 torn=10043 cmd_age=48.4ms auth=22.5s rig_ign=1117 fix_base=0 sat_j=right_ankle_roll_joint:-35.0
[lowlevel-sim][GT] t=17.001 quat=[0.49919, -0.50266, 0.50441, 0.49368] angvel=[-0.03829, 0.1186, -0.02229] linvel=[-0.02799, 0.00028, 0.00473] z=0.1132
[lowlevel-sim][GT] t=17.051 quat=[0.49941, -0.50256, 0.50439, 0.49357] angvel=[-0.00224, 0.01864, 0.04089] linvel=[0.01131, -0.00192, 0.00389] z=0.1133
[lowlevel-sim][GT] t=17.101 quat=[0.4994, -0.5024, 0.50461, 0.49352] angvel=[-0.12955, -0.0317, -0.09866] linvel=[-0.02532, -0.00408, 0.01166] z=0.1132
[lowlevel-sim][GT] t=17.151 quat=[0.49978, -0.50234, 0.50472, 0.49309] angvel=[0.08061, -0.19889, 0.05972] linvel=[0.02469, 0.00126, -0.00845] z=0.1132
[lowlevel-sim] FAIL-CLOSED engaged at t=17.194s, last command age 85.26 ms (deadline <= 100 ms) PASS
[lowlevel-sim] COMMANDED at t=17.200s (was fail-closed)
[lowlevel-sim][GT] t=17.201 quat=[0.49957, -0.50269, 0.50503, 0.49262] angvel=[-0.33386, -0.00213, 0.07901] linvel=[0.02197, 0.00369, -0.01291] z=0.1130
[lowlevel-sim] FAIL-CLOSED engaged at t=17.201s, last command age 88.47 ms (deadline <= 100 ms) PASS
[lowlevel-sim] COMMANDED at t=17.206s (was fail-closed)
[lowlevel-sim][GT] t=17.251 quat=[0.4994, -0.50329, 0.50595, 0.49123] angvel=[0.11351, -0.18333, 0.00794] linvel=[0.01431, 0.00237, -0.00924] z=0.1124
[lowlevel-sim][GT] t=17.301 quat=[0.49966, -0.50296, 0.50578, 0.49149] angvel=[0.01931, 0.0053, -0.03782] linvel=[-0.0198, 0.0005, 0.0005] z=0.1126
[lowlevel-sim][GT] t=17.351 quat=[0.4998, -0.50271, 0.50557, 0.49181] angvel=[-0.04292, 0.13742, 0.05328] linvel=[0.01217, -0.00075, 0.00662] z=0.1127
[lowlevel-sim][GT] t=17.401 quat=[0.49985, -0.50233, 0.50571, 0.492] angvel=[-0.05798, -0.0377, -0.06508] linvel=[-0.02545, -0.00343, 0.0067] z=0.1127
[lowlevel-sim][GT] t=17.451 quat=[0.50019, -0.50214, 0.5058, 0.49176] angvel=[0.06998, -0.18625, 0.01602] linvel=[0.01626, -0.00038, -0.00695] z=0.1128
[lowlevel-sim] t=  17.50 mode=cmd        pd=13633 hold=10863 failclosed=20 rtf=0.246 base_z=+0.113 pitch=+1.554 roll=-2.850 |tau|max= 35.00 sat=1/29 knee_L=+0.305 hip_p_L=-0.114 torn=10065 cmd_age=44.5ms auth=24.3s rig_ign=1117 fix_base=0 sat_j=right_ankle_roll_joint:-35.0
[lowlevel-sim][GT] t=17.501 quat=[0.50037, -0.50187, 0.50595, 0.4917] angvel=[-0.02959, -0.00413, -0.05461] linvel=[-0.02978, -0.0019, 0.002] z=0.1128
[lowlevel-sim][GT] t=17.551 quat=[0.50072, -0.50167, 0.50637, 0.49112] angvel=[-0.07487, 0.10996, 0.05536] linvel=[0.01745, -0.00388, 0.00735] z=0.1127
[lowlevel-sim][GT] t=17.601 quat=[0.50085, -0.50141, 0.5066, 0.49102] angvel=[-0.04216, 0.0973, -0.06113] linvel=[-0.02887, -0.00295, 0.00168] z=0.1126
[lowlevel-sim][GT] t=17.651 quat=[0.5013, -0.50124, 0.50685, 0.49047] angvel=[0.00437, -0.14538, -0.01292] linvel=[0.01187, -0.00071, 0.00064] z=0.1126
[lowlevel-sim][GT] t=17.701 quat=[0.50141, -0.501, 0.5071, 0.49034] angvel=[-0.00272, 0.09455, -0.04527] linvel=[-0.02444, 0.00113, 0.00107] z=0.1126
[lowlevel-sim][GT] t=17.751 quat=[0.5016, -0.50086, 0.50724, 0.49015] angvel=[-0.07464, 0.01036, 0.06849] linvel=[0.02107, -0.00084, 0.00846] z=0.1126
[lowlevel-sim][GT] t=17.801 quat=[0.50161, -0.50073, 0.50743, 0.49007] angvel=[-0.00734, 0.09317, -0.06418] linvel=[-0.02741, 0.00276, 0.00642] z=0.1127
[lowlevel-sim][GT] t=17.851 quat=[0.50165, -0.5006, 0.50742, 0.49017] angvel=[0.10875, -0.12053, 0.01089] linvel=[0.01709, 0.00065, -0.0114] z=0.1127
[lowlevel-sim][GT] t=17.901 quat=[0.50152, -0.5004, 0.50755, 0.49039] angvel=[-0.01525, -0.00688, -0.03845] linvel=[-0.02186, -0.00118, 0.00276] z=0.1127
[lowlevel-sim][GT] t=17.951 quat=[0.50175, -0.50041, 0.50752, 0.49017] angvel=[-0.0789, 0.10297, 0.04314] linvel=[0.01437, -0.00332, 0.00869] z=0.1128
[lowlevel-sim] t=  18.00 mode=cmd        pd=13883 hold=10863 failclosed=20 rtf=0.246 base_z=+0.113 pitch=+1.554 roll=-2.872 |tau|max= 35.00 sat=1/29 knee_L=+0.306 hip_p_L=-0.115 torn=10088 cmd_age=39.4ms auth=26.3s rig_ign=1117 fix_base=0 sat_j=right_ankle_roll_joint:-35.0
[lowlevel-sim][GT] t=18.001 quat=[0.50189, -0.50007, 0.50777, 0.49011] angvel=[-0.00838, 0.12018, -0.04704] linvel=[-0.02902, 0.00344, 0.00511] z=0.1128
[lowlevel-sim][GT] t=18.051 quat=[0.50205, -0.49986, 0.50767, 0.49027] angvel=[-0.04658, 0.05353, 0.03198] linvel=[0.00886, -0.00312, 0.0068] z=0.1129
[lowlevel-sim][GT] t=18.101 quat=[0.50202, -0.49977, 0.50766, 0.4904] angvel=[-0.11537, -0.08671, -0.07581] linvel=[-0.0145, -0.00276, 0.01148] z=0.1130
[lowlevel-sim][GT] t=18.151 quat=[0.50218, -0.49971, 0.50775, 0.49021] angvel=[0.12536, -0.09262, 0.08044] linvel=[0.02426, -0.00173, -0.01566] z=0.1130
[lowlevel-sim][GT] t=18.201 quat=[0.50209, -0.49948, 0.50809, 0.49017] angvel=[0.00036, 0.08692, -0.0539] linvel=[-0.03189, 0.00359, 0.00407] z=0.1129
[lowlevel-sim][GT] t=18.251 quat=[0.50264, -0.49937, 0.50799, 0.48983] angvel=[-0.08946, 0.1027, 0.02275] linvel=[0.00701, -0.00283, 0.00753] z=0.1129
[lowlevel-sim][GT] t=18.301 quat=[0.50277, -0.49928, 0.50809, 0.48967] angvel=[0.02023, 0.02117, -0.04276] linvel=[-0.02295, -0.00261, -0.00147] z=0.1129
[lowlevel-sim][GT] t=18.351 quat=[0.50286, -0.49934, 0.50796, 0.48966] angvel=[-0.12051, 0.00822, 0.08065] linvel=[0.01954, -0.00295, 0.01147] z=0.1130
[lowlevel-sim][GT] t=18.401 quat=[0.50271, -0.49933, 0.50806, 0.48972] angvel=[-0.00251, 0.0711, -0.06896] linvel=[-0.02724, 0.00292, 0.00199] z=0.1130
[lowlevel-sim][GT] t=18.451 quat=[0.50285, -0.49916, 0.50797, 0.48985] angvel=[0.10146, -0.11, 0.03904] linvel=[0.01664, 0.00131, -0.00899] z=0.1130
[lowlevel-sim] t=  18.50 mode=cmd        pd=14133 hold=10863 failclosed=20 rtf=0.247 base_z=+0.113 pitch=+1.556 roll=-2.845 |tau|max= 35.00 sat=1/29 knee_L=+0.306 hip_p_L=-0.114 torn=10102 cmd_age=37.3ms auth=28.1s rig_ign=1117 fix_base=0 sat_j=right_ankle_roll_joint:-35.0
[lowlevel-sim][GT] t=18.501 quat=[0.50262, -0.49944, 0.5077, 0.49007] angvel=[-0.05742, -0.10465, -0.03198] linvel=[-0.01727, -0.00485, 0.0039] z=0.1130
[lowlevel-sim][GT] t=18.551 quat=[0.50247, -0.49961, 0.50745, 0.49031] angvel=[-0.08315, 0.12098, 0.03341] linvel=[0.01914, -0.00191, 0.00754] z=0.1131
[lowlevel-sim][GT] t=18.601 quat=[0.50219, -0.49971, 0.50731, 0.49064] angvel=[-0.00093, 0.01773, -0.00678] linvel=[-0.02073, -0.00028, 0.00012] z=0.1131
[lowlevel-sim][GT] t=18.651 quat=[0.50219, -0.49979, 0.50719, 0.49069] angvel=[-0.07907, -0.00239, 0.02989] linvel=[0.01104, -0.00525, 0.00826] z=0.1131
[lowlevel-sim][GT] t=18.701 quat=[0.50187, -0.4997, 0.50753, 0.49076] angvel=[-0.0049, 0.06066, -0.07036] linvel=[-0.02663, -0.00064, 0.00108] z=0.1131
[lowlevel-sim][GT] t=18.751 quat=[0.5023, -0.49965, 0.50729, 0.49062] angvel=[0.06562, -0.16176, 0.06214] linvel=[0.02121, 0.0045, -0.00247] z=0.1131
[lowlevel-sim][GT] t=18.801 quat=[0.50232, -0.49962, 0.50718, 0.49073] angvel=[-0.09511, 0.03453, -0.01617] linvel=[-0.016, 0.00039, 0.0117] z=0.1131
[lowlevel-sim][GT] t=18.851 quat=[0.50258, -0.49962, 0.50717, 0.49047] angvel=[-0.02801, -0.03046, -0.01912] linvel=[0.01735, 0.0021, 0.0037] z=0.1132
[lowlevel-sim][GT] t=18.901 quat=[0.50238, -0.49943, 0.50738, 0.49066] angvel=[-0.00722, 0.08403, -0.06783] linvel=[-0.02501, -8e-05, 0.00161] z=0.1132
[lowlevel-sim][GT] t=18.951 quat=[0.5024, -0.49943, 0.50728, 0.49075] angvel=[0.10315, -0.17076, 0.07687] linvel=[0.02404, 0.0009, -0.0088] z=0.1132
[lowlevel-sim] t=  19.00 mode=cmd        pd=14383 hold=10863 failclosed=20 rtf=0.247 base_z=+0.113 pitch=+1.557 roll=-2.860 |tau|max= 35.00 sat=1/29 knee_L=+0.308 hip_p_L=-0.114 torn=10127 cmd_age=38.8ms auth=30.1s rig_ign=1117 fix_base=0 sat_j=right_ankle_roll_joint:-35.0
[lowlevel-sim][GT] t=19.001 quat=[0.50249, -0.49925, 0.50738, 0.49073] angvel=[-0.04098, 0.0911, -0.01567] linvel=[-0.02146, 0.00015, 0.00503] z=0.1133
[lowlevel-sim][GT] t=19.051 quat=[0.50262, -0.49931, 0.50721, 0.49071] angvel=[-0.15201, 0.03364, 0.00806] linvel=[0.01399, -0.00394, 0.01554] z=0.1133
[lowlevel-sim][GT] t=19.101 quat=[0.50267, -0.49893, 0.50762, 0.49063] angvel=[-0.11634, -0.05209, -0.09828] linvel=[-0.02461, -0.00421, 0.01247] z=0.1132
[lowlevel-sim][GT] t=19.151 quat=[0.50305, -0.49896, 0.50756, 0.49027] angvel=[-0.16017, 0.0026, 0.03326] linvel=[0.01448, -0.0043, 0.0172] z=0.1132
[lowlevel-sim][GT] t=19.201 quat=[0.50306, -0.49888, 0.5077, 0.4902] angvel=[-0.00896, 0.01727, -0.0266] linvel=[-0.02303, 0.00167, -0.00071] z=0.1132
[lowlevel-sim][GT] t=19.251 quat=[0.50303, -0.49894, 0.50784, 0.49001] angvel=[-0.11869, 0.1042, 0.02385] linvel=[0.01111, -0.00581, 0.01142] z=0.1132
[lowlevel-sim][GT] t=19.301 quat=[0.50293, -0.49882, 0.50803, 0.49005] angvel=[-0.02059, 0.08858, -0.06784] linvel=[-0.03389, -0.00101, 0.0019] z=0.1131
[lowlevel-sim][GT] t=19.351 quat=[0.50315, -0.49894, 0.5079, 0.48983] angvel=[-0.14908, 0.01449, 0.05462] linvel=[0.01672, -0.00235, 0.01585] z=0.1131
[lowlevel-sim][GT] t=19.401 quat=[0.50299, -0.49889, 0.50797, 0.48998] angvel=[-0.06222, 0.12798, -0.01111] linvel=[-0.01996, -0.00139, 0.00691] z=0.1130
[lowlevel-sim][GT] t=19.451 quat=[0.50312, -0.4989, 0.5079, 0.4899] angvel=[0.06122, -0.10204, 0.03923] linvel=[0.02178, 0.00092, -0.00579] z=0.1131
[lowlevel-sim] t=  19.50 mode=cmd        pd=14633 hold=10863 failclosed=20 rtf=0.249 base_z=+0.113 pitch=+1.556 roll=-2.854 |tau|max= 35.00 sat=1/29 knee_L=+0.307 hip_p_L=-0.114 torn=10141 cmd_age=36.8ms auth=31.5s rig_ign=1117 fix_base=0 sat_j=right_ankle_roll_joint:-35.0
[lowlevel-sim][GT] t=19.501 quat=[0.50285, -0.499, 0.50783, 0.49016] angvel=[0.00277, 0.06552, -0.0457] linvel=[-0.02612, -0.00043, 0.00143] z=0.1131
[lowlevel-sim][GT] t=19.551 quat=[0.50283, -0.49902, 0.50772, 0.49027] angvel=[0.0708, -0.04779, 0.05357] linvel=[0.0221, -0.00085, -0.00876] z=0.1132
[lowlevel-sim][GT] t=19.601 quat=[0.50267, -0.49895, 0.50797, 0.49024] angvel=[-0.05889, 0.09826, -0.01618] linvel=[-0.02025, -0.00182, 0.00472] z=0.1130
[lowlevel-sim][GT] t=19.651 quat=[0.50287, -0.49893, 0.50818, 0.48984] angvel=[-0.1503, 0.0575, 0.01772] linvel=[0.0002, -0.00442, 0.01523] z=0.1129
[lowlevel-sim][GT] t=19.701 quat=[0.50298, -0.49893, 0.5083, 0.4896] angvel=[-0.02174, 0.05513, -0.06393] linvel=[-0.02686, 0.00014, 0.00291] z=0.1129
[lowlevel-sim][GT] t=19.751 quat=[0.50313, -0.49908, 0.50814, 0.48946] angvel=[0.00337, -0.19491, 0.03639] linvel=[0.02385, -0.0013, -0.00038] z=0.1129
[lowlevel-sim][GT] t=19.801 quat=[0.50307, -0.49907, 0.50815, 0.48953] angvel=[-0.04566, 0.12342, 0.00116] linvel=[-0.02491, 0.00044, 0.00505] z=0.1129
[lowlevel-sim][GT] t=19.851 quat=[0.50312, -0.49904, 0.50799, 0.48967] angvel=[0.06037, -0.05975, 0.04549] linvel=[0.01958, -0.00086, -0.0047] z=0.1129
[lowlevel-sim][GT] t=19.901 quat=[0.50293, -0.49906, 0.50803, 0.48981] angvel=[-0.01383, 0.06583, -0.05112] linvel=[-0.02647, -0.00055, 0.00191] z=0.1130
[lowlevel-sim][GT] t=19.951 quat=[0.50301, -0.49916, 0.5079, 0.48976] angvel=[-0.06919, -0.06645, 0.068] linvel=[0.01835, 0.00029, 0.00891] z=0.1130
[lowlevel-sim] t=  20.00 mode=cmd        pd=14883 hold=10863 failclosed=20 rtf=0.250 base_z=+0.113 pitch=+1.556 roll=-2.860 |tau|max= 35.00 sat=1/29 knee_L=+0.306 hip_p_L=-0.113 torn=10165 cmd_age=40.0ms auth=33.2s rig_ign=1117 fix_base=0 sat_j=right_ankle_roll_joint:-35.0
[lowlevel-sim][GT] t=20.001 quat=[0.50273, -0.49911, 0.50792, 0.49007] angvel=[-0.00735, 0.0691, -0.00429] linvel=[-0.0207, 0.00265, 0.00196] z=0.1130
[lowlevel-sim][GT] t=20.051 quat=[0.50284, -0.49922, 0.50769, 0.49008] angvel=[-0.04038, 0.0577, 0.0284] linvel=[0.01275, -0.00166, 0.00415] z=0.1131
[lowlevel-sim][GT] t=20.101 quat=[0.50261, -0.4992, 0.50774, 0.49028] angvel=[-0.0234, 0.06751, -0.06528] linvel=[-0.02507, -0.00254, 0.00473] z=0.1131
[lowlevel-sim][GT] t=20.151 quat=[0.50281, -0.49916, 0.50761, 0.49026] angvel=[0.01227, -0.09191, 0.05391] linvel=[0.01756, 0.00023, -0.00501] z=0.1131
[lowlevel-sim][GT] t=20.201 quat=[0.50258, -0.4992, 0.50773, 0.49032] angvel=[-0.05656, 0.02816, -0.00969] linvel=[-0.0206, 0.00035, 0.0059] z=0.1130
[lowlevel-sim][GT] t=20.251 quat=[0.50264, -0.49925, 0.50777, 0.49018] angvel=[-0.07845, 0.08079, 0.03514] linvel=[0.00983, -0.00386, 0.00896] z=0.1130
[lowlevel-sim][GT] t=20.301 quat=[0.50265, -0.4992, 0.50776, 0.49023] angvel=[-0.00502, 0.0184, -0.07162] linvel=[-0.02657, 0.00099, -0.00051] z=0.1130
[lowlevel-sim][GT] t=20.351 quat=[0.50284, -0.49917, 0.50779, 0.49003] angvel=[-0.09838, 0.03002, 0.05954] linvel=[0.01588, -0.00053, 0.01363] z=0.1131
[lowlevel-sim][GT] t=20.401 quat=[0.50271, -0.49906, 0.50788, 0.49018] angvel=[-0.04949, 0.10733, -0.01903] linvel=[-0.02279, 0.0001, 0.00611] z=0.1131
[lowlevel-sim][GT] t=20.451 quat=[0.50279, -0.49914, 0.50773, 0.49018] angvel=[-0.07881, 0.07194, 0.0391] linvel=[0.01009, -0.00284, 0.0087] z=0.1131
[lowlevel-sim] t=  20.50 mode=cmd        pd=15133 hold=10863 failclosed=20 rtf=0.251 base_z=+0.113 pitch=+1.556 roll=-2.864 |tau|max= 35.00 sat=1/29 knee_L=+0.307 hip_p_L=-0.113 torn=10185 cmd_age=32.7ms auth=35.0s rig_ign=1117 fix_base=0 sat_j=right_ankle_roll_joint:-35.0
[lowlevel-sim][GT] t=20.501 quat=[0.50271, -0.49908, 0.50782, 0.49021] angvel=[-0.02601, 0.03699, -0.07266] linvel=[-0.02673, -0.00231, 0.00126] z=0.1130
[lowlevel-sim][GT] t=20.551 quat=[0.50283, -0.49914, 0.50777, 0.49009] angvel=[0.09405, -0.10092, 0.03743] linvel=[0.0223, 0.00017, -0.01334] z=0.1130
[lowlevel-sim][GT] t=20.601 quat=[0.50292, -0.49906, 0.50806, 0.48978] angvel=[-0.03788, 0.04813, -0.03005] linvel=[-0.0268, -0.003, 0.00206] z=0.1129
[lowlevel-sim][GT] t=20.651 quat=[0.50293, -0.49915, 0.50822, 0.4895] angvel=[-0.10405, 0.0187, 0.00082] linvel=[0.01099, -0.00041, 0.01409] z=0.1129
[lowlevel-sim][GT] t=20.701 quat=[0.5029, -0.49896, 0.50843, 0.48952] angvel=[-0.00118, 0.06936, -0.07279] linvel=[-0.02707, -0.00127, -3e-05] z=0.1128
[lowlevel-sim][GT] t=20.751 quat=[0.50313, -0.49896, 0.50849, 0.48922] angvel=[0.03525, -0.19545, 0.05178] linvel=[0.02342, 0.00146, -0.00272] z=0.1128
[lowlevel-sim][GT] t=20.801 quat=[0.50329, -0.49893, 0.50836, 0.48922] angvel=[-0.04233, 0.08445, -0.01064] linvel=[-0.02218, 0.00148, 0.00544] z=0.1129
[lowlevel-sim][GT] t=20.851 quat=[0.50351, -0.49889, 0.50818, 0.48923] angvel=[0.05309, -0.09585, 0.02076] linvel=[0.01544, 0.00135, -0.00492] z=0.1129
[lowlevel-sim][GT] t=20.901 quat=[0.50342, -0.4989, 0.50813, 0.48936] angvel=[-0.01543, 0.08494, -0.06556] linvel=[-0.02985, 0.00196, 0.00361] z=0.1130
[lowlevel-sim][GT] t=20.951 quat=[0.50359, -0.49902, 0.50781, 0.48939] angvel=[-0.09064, -0.0099, 0.07519] linvel=[0.01846, 0.002, 0.0119] z=0.1130
[lowlevel-sim] t=  21.00 mode=cmd        pd=15383 hold=10863 failclosed=20 rtf=0.251 base_z=+0.113 pitch=+1.556 roll=-2.801 |tau|max= 35.00 sat=1/29 knee_L=+0.306 hip_p_L=-0.112 torn=10210 cmd_age=41.3ms auth=36.9s rig_ign=1117 fix_base=0 sat_j=right_ankle_roll_joint:-35.0
[lowlevel-sim][GT] t=21.001 quat=[0.50327, -0.49892, 0.50791, 0.48972] angvel=[-0.07002, 0.12208, -0.02101] linvel=[-0.02493, -0.00306, 0.00268] z=0.1130
[lowlevel-sim][GT] t=21.051 quat=[0.50325, -0.49898, 0.508, 0.48959] angvel=[-0.1186, 0.09801, 0.01457] linvel=[0.01068, -0.00404, 0.01254] z=0.1129
[lowlevel-sim][GT] t=21.101 quat=[0.50317, -0.49896, 0.50805, 0.48964] angvel=[-0.01177, 0.04775, -0.07002] linvel=[-0.02818, -0.00065, 0.00278] z=0.1130
[lowlevel-sim][GT] t=21.151 quat=[0.50346, -0.49892, 0.508, 0.48943] angvel=[-0.05334, 0.01313, 0.03471] linvel=[0.01397, -0.00107, 0.00095] z=0.1129
[lowlevel-sim][GT] t=21.201 quat=[0.50332, -0.49894, 0.50831, 0.48924] angvel=[-0.04397, 0.0751, -0.0153] linvel=[-0.02139, 0.00134, 0.00595] z=0.1129
[lowlevel-sim][GT] t=21.251 quat=[0.5037, -0.49881, 0.50833, 0.48896] angvel=[-0.1334, 0.03967, 0.01315] linvel=[0.01256, -0.00588, 0.00779] z=0.1128
[lowlevel-sim][GT] t=21.301 quat=[0.50357, -0.49881, 0.50873, 0.48867] angvel=[-0.01955, 0.05895, -0.07014] linvel=[-0.02367, -0.00133, 0.0034] z=0.1127
[lowlevel-sim][GT] t=21.351 quat=[0.50383, -0.49877, 0.50848, 0.4887] angvel=[0.00353, -0.1228, 0.0558] linvel=[0.01941, 0.0005, -0.00132] z=0.1128
[lowlevel-sim][GT] t=21.401 quat=[0.50378, -0.49882, 0.50844, 0.48874] angvel=[-0.06459, 0.08201, -0.02767] linvel=[-0.02154, 0.0004, 0.0077] z=0.1129
[lowlevel-sim][GT] t=21.451 quat=[0.50382, -0.49871, 0.50855, 0.4887] angvel=[-0.1, 0.07325, 0.03082] linvel=[0.01087, -0.00401, 0.00944] z=0.1128
[lowlevel-sim] t=  21.50 mode=cmd        pd=15633 hold=10863 failclosed=20 rtf=0.252 base_z=+0.113 pitch=+1.555 roll=-2.784 |tau|max= 35.00 sat=1/29 knee_L=+0.305 hip_p_L=-0.112 torn=10233 cmd_age=32.7ms auth=38.6s rig_ign=1117 fix_base=0 sat_j=right_ankle_roll_joint:-35.0
[lowlevel-sim][GT] t=21.501 quat=[0.50378, -0.49872, 0.50855, 0.48874] angvel=[-0.023, 0.05802, -0.06347] linvel=[-0.0267, 0.00022, 0.0036] z=0.1129
[lowlevel-sim][GT] t=21.551 quat=[0.50387, -0.4986, 0.50864, 0.48867] angvel=[0.05329, -0.04444, 0.0414] linvel=[0.01596, -0.00063, -0.01056] z=0.1128
[lowlevel-sim][GT] t=21.601 quat=[0.50401, -0.49858, 0.50874, 0.48845] angvel=[-0.041, 0.0843, -0.03708] linvel=[-0.02844, 0.00279, 0.00439] z=0.1128
[lowlevel-sim][GT] t=21.651 quat=[0.50422, -0.49853, 0.5088, 0.48821] angvel=[0.03072, -0.17743, 0.03119] linvel=[0.01857, -0.00232, -0.00487] z=0.1127
[lowlevel-sim][GT] t=21.701 quat=[0.50426, -0.49844, 0.50908, 0.48798] angvel=[0.00786, 0.00014, -0.06758] linvel=[-0.02586, -0.00047, -0.00325] z=0.1126
[lowlevel-sim][GT] t=21.751 quat=[0.50434, -0.49843, 0.50934, 0.48763] angvel=[0.0613, -0.20044, 0.06313] linvel=[0.01672, 0.00132, -0.00973] z=0.1124
[lowlevel-sim] FAIL-CLOSED engaged at t=21.755s, last command age 85.74 ms (deadline <= 100 ms) PASS
[lowlevel-sim] COMMANDED at t=21.758s (was fail-closed)
[lowlevel-sim][GT] t=21.801 quat=[0.50416, -0.49857, 0.50979, 0.48721] angvel=[0.0431, 0.01152, -0.01067] linvel=[0.00248, -0.00212, -0.00574] z=0.1122
[lowlevel-sim][GT] t=21.851 quat=[0.50432, -0.49827, 0.51015, 0.48697] angvel=[-0.01302, 0.00012, -0.01144] linvel=[-0.00531, -0.00056, 0.0018] z=0.1121
[lowlevel-sim][GT] t=21.901 quat=[0.5046, -0.49819, 0.51035, 0.48655] angvel=[-0.06007, 0.04176, -0.00148] linvel=[-0.00494, -0.00471, 0.00384] z=0.1120
[lowlevel-sim][GT] t=21.951 quat=[0.50482, -0.49794, 0.5106, 0.48631] angvel=[-0.00032, -0.01665, 0.01146] linvel=[0.00329, -0.00427, -0.00137] z=0.1119
[lowlevel-sim] t=  22.00 mode=cmd        pd=15884 hold=10863 failclosed=22 rtf=0.252 base_z=+0.112 pitch=+1.552 roll=-2.804 |tau|max=  7.47 sat=0/29 knee_L=+0.298 hip_p_L=-0.111 torn=10252 cmd_age=39.1ms auth=40.6s rig_ign=1117 fix_base=0
[lowlevel-sim][GT] t=22.001 quat=[0.50489, -0.49788, 0.51082, 0.48607] angvel=[-0.03273, -0.01622, -0.02551] linvel=[0.00416, -0.00386, -0.00221] z=0.1119
[lowlevel-sim][GT] t=22.051 quat=[0.50489, -0.49777, 0.51122, 0.48576] angvel=[-0.05617, -0.0843, -0.04161] linvel=[0.00062, -0.00423, 0.00287] z=0.1116
[lowlevel-sim][GT] t=22.101 quat=[0.50485, -0.49796, 0.51133, 0.48549] angvel=[0.01664, -0.01612, 0.00519] linvel=[-9e-05, -0.00464, -0.0044] z=0.1115
[lowlevel-sim][GT] t=22.151 quat=[0.50496, -0.49788, 0.51153, 0.48525] angvel=[-0.09569, 0.0282, -0.00765] linvel=[-0.00317, -0.00437, 0.00318] z=0.1114
[lowlevel-sim][GT] t=22.201 quat=[0.50487, -0.49788, 0.51191, 0.48495] angvel=[-0.01021, 0.00654, 0.03189] linvel=[0.0073, -0.00385, 0.00131] z=0.1111
[lowlevel-sim][GT] t=22.251 quat=[0.50499, -0.49789, 0.51195, 0.48477] angvel=[-0.00745, 0.00967, -0.00175] linvel=[0.00228, 0.00143, 0.0036] z=0.1111
[lowlevel-sim][GT] t=22.301 quat=[0.50477, -0.49818, 0.51191, 0.48474] angvel=[-0.00517, -0.0372, -0.01686] linvel=[0.00348, -0.00376, -0.00017] z=0.1110
[lowlevel-sim][GT] t=22.351 quat=[0.50449, -0.49825, 0.51207, 0.4848] angvel=[-0.02037, -0.00881, 0.00241] linvel=[0.00351, -0.00206, 0.00211] z=0.1110
[lowlevel-sim][GT] t=22.401 quat=[0.50409, -0.49844, 0.51204, 0.48505] angvel=[-0.04302, 0.07784, 0.03482] linvel=[0.00615, -0.00362, 0.00668] z=0.1110
[lowlevel-sim][GT] t=22.451 quat=[0.5039, -0.49839, 0.51198, 0.48536] angvel=[-0.0417, -0.01602, 0.00231] linvel=[0.00567, -0.00221, 0.00622] z=0.1109
[lowlevel-sim] t=  22.50 mode=cmd        pd=16134 hold=10863 failclosed=22 rtf=0.252 base_z=+0.111 pitch=+1.549 roll=-2.904 |tau|max=  8.33 sat=0/29 knee_L=+0.296 hip_p_L=-0.112 torn=10283 cmd_age=23.1ms auth=42.5s rig_ign=1117 fix_base=0
[lowlevel-sim][GT] t=22.501 quat=[0.50391, -0.49827, 0.51205, 0.4854] angvel=[0.01199, 0.01618, -0.00113] linvel=[0.00393, -0.00457, 0.00043] z=0.1110
[lowlevel-sim][GT] t=22.551 quat=[0.504, -0.49798, 0.51212, 0.48553] angvel=[-0.06749, -0.01847, -0.01333] linvel=[0.00637, -0.0041, 0.00718] z=0.1111
[lowlevel-sim][GT] t=22.601 quat=[0.50404, -0.49786, 0.5123, 0.48542] angvel=[0.03538, -0.05027, -0.01667] linvel=[0.00578, 0.00047, -0.00235] z=0.1111
[lowlevel-sim][GT] t=22.651 quat=[0.50427, -0.49761, 0.51236, 0.48538] angvel=[-0.00549, -0.00362, -5e-05] linvel=[0.00338, 0.00128, 0.00277] z=0.1112
[lowlevel-sim] FAIL-CLOSED engaged at t=22.700s, last command age 91.94 ms (deadline <= 100 ms) PASS
[lowlevel-sim][GT] t=22.701 quat=[0.5044, -0.49746, 0.51246, 0.48528] angvel=[-0.01372, 0.05758, 0.00181] linvel=[0.00399, -0.00442, -0.01061] z=0.1112
[lowlevel-sim] COMMANDED at t=22.706s (was fail-closed)
[lowlevel-sim][GT] t=22.751 quat=[0.50429, -0.49778, 0.51293, 0.48458] angvel=[-0.04601, 0.04158, -0.01062] linvel=[-0.00345, -0.00138, 0.00778] z=0.1109
[lowlevel-sim][GT] t=22.801 quat=[0.50475, -0.49765, 0.5128, 0.48436] angvel=[0.03153, 0.01778, 0.02209] linvel=[0.00738, -0.00671, -0.00537] z=0.1109
[lowlevel-sim][GT] t=22.851 quat=[0.50484, -0.49767, 0.51272, 0.48434] angvel=[-0.09175, -0.08486, -0.01994] linvel=[0.00274, -0.00419, 0.0063] z=0.1109
[lowlevel-sim][GT] t=22.901 quat=[0.50469, -0.49788, 0.51267, 0.48432] angvel=[0.00385, -0.0258, -0.00128] linvel=[0.00204, -0.00358, -0.00217] z=0.1108
[lowlevel-sim][GT] t=22.951 quat=[0.50461, -0.4979, 0.51261, 0.48445] angvel=[-0.07833, 0.06268, 0.00243] linvel=[0.00194, -0.00384, 0.01052] z=0.1108
[lowlevel-sim] t=  23.00 mode=cmd        pd=16386 hold=10863 failclosed=27 rtf=0.253 base_z=+0.111 pitch=+1.548 roll=-2.880 |tau|max=  9.37 sat=0/29 knee_L=+0.293 hip_p_L=-0.111 torn=10304 cmd_age=46.9ms auth=44.3s rig_ign=1117 fix_base=0
[lowlevel-sim][GT] t=23.001 quat=[0.50444, -0.49805, 0.51258, 0.48451] angvel=[0.02903, 0.01957, 0.03576] linvel=[0.00518, -0.00859, -0.00625] z=0.1107
[lowlevel-sim][GT] t=23.051 quat=[0.50431, -0.49817, 0.51253, 0.48458] angvel=[-0.06914, 0.03809, -0.01791] linvel=[0.00521, -0.00427, 0.00763] z=0.1107
[lowlevel-sim] FAIL-CLOSED engaged at t=23.071s, last command age 85.74 ms (deadline <= 100 ms) PASS
[lowlevel-sim] COMMANDED at t=23.076s (was fail-closed)
[lowlevel-sim][GT] t=23.101 quat=[0.50389, -0.49858, 0.51299, 0.4841] angvel=[0.00578, -0.02816, -0.00265] linvel=[-0.00302, -0.00216, 0.00231] z=0.1104
[lowlevel-sim][GT] t=23.151 quat=[0.5039, -0.49876, 0.51262, 0.48429] angvel=[0.02533, -0.00203, 0.03009] linvel=[0.00456, -0.00895, -0.0049] z=0.1103
[lowlevel-sim][GT] t=23.201 quat=[0.50371, -0.49871, 0.51254, 0.48464] angvel=[-0.07605, -0.00023, -0.00625] linvel=[0.00512, -0.00305, 0.0126] z=0.1104
[lowlevel-sim][GT] t=23.251 quat=[0.50381, -0.49861, 0.51238, 0.48481] angvel=[-0.01455, 0.02053, 0.05532] linvel=[0.01185, -0.00681, -0.001] z=0.1105
[lowlevel-sim][GT] t=23.301 quat=[0.50369, -0.49841, 0.51246, 0.48504] angvel=[-0.05352, 0.00393, -0.02038] linvel=[0.00641, -0.00394, 0.00488] z=0.1105
[lowlevel-sim][GT] t=23.351 quat=[0.50373, -0.49828, 0.51256, 0.48503] angvel=[0.03074, 0.01346, -0.00987] linvel=[0.0029, -0.00421, -0.00392] z=0.1105
[lowlevel-sim][GT] t=23.401 quat=[0.50374, -0.49825, 0.51256, 0.48505] angvel=[-0.08271, 0.01314, 0.01253] linvel=[-0.00023, -0.00371, 0.00761] z=0.1105
[lowlevel-sim][GT] t=23.451 quat=[0.50365, -0.49835, 0.51257, 0.48503] angvel=[0.01496, 0.00357, 0.01252] linvel=[0.00289, 3e-05, 0.00027] z=0.1105
[lowlevel-sim] t=  23.50 mode=cmd        pd=16639 hold=10863 failclosed=32 rtf=0.253 base_z=+0.111 pitch=+1.548 roll=-2.935 |tau|max= 35.00 sat=2/29 knee_L=+0.293 hip_p_L=-0.112 torn=10312 cmd_age=60.1ms auth=46.2s rig_ign=1117 fix_base=0 sat_j=left_ankle_roll_joint:+35.0,right_ankle_roll_joint:-35.0
[lowlevel-sim][GT] t=23.501 quat=[0.5037, -0.49822, 0.51262, 0.48506] angvel=[-0.01727, 0.00741, 0.00451] linvel=[0.00377, 0.001, 0.00291] z=0.1106
[lowlevel-sim][GT] t=23.551 quat=[0.50356, -0.49831, 0.51259, 0.48515] angvel=[-0.00819, 0.03445, 0.01699] linvel=[0.00533, -0.00694, -0.00065] z=0.1106
[lowlevel-sim][GT] t=23.601 quat=[0.50362, -0.4983, 0.51241, 0.48528] angvel=[-0.03848, -0.03683, 0.0063] linvel=[0.00124, -0.00079, 0.00528] z=0.1106
[lowlevel-sim][GT] t=23.651 quat=[0.50358, -0.49836, 0.51232, 0.48535] angvel=[-0.01138, 0.03498, 0.02712] linvel=[0.00163, -0.00629, 0.00246] z=0.1106
[lowlevel-sim][GT] t=23.701 quat=[0.50354, -0.49832, 0.51231, 0.48545] angvel=[-0.03134, -0.01202, -0.00157] linvel=[0.00236, -0.00073, 0.00373] z=0.1106
[lowlevel-sim][GT] t=23.751 quat=[0.50347, -0.49833, 0.51237, 0.48545] angvel=[0.03873, -0.03243, -0.03083] linvel=[0.00432, -0.00388, -0.00434] z=0.1106
[lowlevel-sim][GT] t=23.801 quat=[0.5034, -0.49829, 0.51236, 0.48557] angvel=[-0.02984, -0.02207, 0.01024] linvel=[0.00216, -0.00365, 0.00303] z=0.1106
[lowlevel-sim][GT] t=23.851 quat=[0.50353, -0.49827, 0.51232, 0.4855] angvel=[0.02381, -0.01437, -0.00105] linvel=[0.00149, -0.00079, -0.00272] z=0.1106
[lowlevel-sim][GT] t=23.901 quat=[0.5033, -0.49836, 0.51235, 0.4856] angvel=[-0.03961, 0.00788, 0.01738] linvel=[0.00384, -0.00331, 0.00371] z=0.1105
[lowlevel-sim][GT] t=23.951 quat=[0.50337, -0.49835, 0.51234, 0.48557] angvel=[-0.05513, 0.04614, -0.00097] linvel=[0.00108, -0.00632, 0.00388] z=0.1105
[lowlevel-sim] t=  24.00 mode=cmd        pd=16889 hold=10863 failclosed=32 rtf=0.253 base_z=+0.111 pitch=+1.549 roll=-2.948 |tau|max= 35.00 sat=2/29 knee_L=+0.293 hip_p_L=-0.111 torn=10328 cmd_age=35.2ms auth=48.1s rig_ign=1117 fix_base=0 sat_j=left_ankle_roll_joint:+35.0,right_ankle_roll_joint:-35.0
[lowlevel-sim][GT] t=24.001 quat=[0.50349, -0.49825, 0.5124, 0.48547] angvel=[-0.05379, -0.04359, -0.00611] linvel=[0.00394, -0.00396, 0.00591] z=0.1106
[lowlevel-sim][GT] t=24.051 quat=[0.50356, -0.49819, 0.51253, 0.48532] angvel=[0.00966, 0.00494, 0.02431] linvel=[0.00831, -0.0037, -0.00356] z=0.1106
[lowlevel-sim][GT] t=24.101 quat=[0.50366, -0.49798, 0.51261, 0.48536] angvel=[-0.00442, 0.00287, -0.00146] linvel=[0.00203, -0.00012, 0.00346] z=0.1106
[lowlevel-sim][GT] t=24.151 quat=[0.50373, -0.49785, 0.51258, 0.48545] angvel=[-0.00028, -0.02015, -0.03355] linvel=[-0.00172, -0.00351, -0.00257] z=0.1106
[lowlevel-sim][GT] t=24.201 quat=[0.50384, -0.49774, 0.51259, 0.48544] angvel=[-0.04482, -0.02513, 0.00859] linvel=[0.00146, -0.00329, 0.00507] z=0.1107
[lowlevel-sim][GT] t=24.251 quat=[0.50377, -0.49783, 0.51264, 0.48537] angvel=[0.00316, -0.01187, 0.00456] linvel=[0.00158, -0.00291, -0.00226] z=0.1106
[lowlevel-sim][GT] t=24.301 quat=[0.50377, -0.49781, 0.51262, 0.4854] angvel=[-0.0044, 0.00717, 0.00267] linvel=[0.00305, 0.00039, 0.00273] z=0.1106
[lowlevel-sim][GT] t=24.351 quat=[0.50368, -0.49783, 0.51262, 0.48548] angvel=[-0.02824, -0.00777, -0.02281] linvel=[-0.0014, -0.00438, 0.00107] z=0.1106
[lowlevel-sim][GT] t=24.401 quat=[0.50352, -0.498, 0.51259, 0.48551] angvel=[-0.04943, -0.03009, 0.00254] linvel=[-2e-05, -0.00374, 0.00523] z=0.1105
[lowlevel-sim][GT] t=24.451 quat=[0.5036, -0.49805, 0.51252, 0.48546] angvel=[0.00248, -0.00738, 0.01074] linvel=[0.00193, -0.00033, -0.00078] z=0.1105
[lowlevel-sim] t=  24.50 mode=cmd        pd=17139 hold=10863 failclosed=32 rtf=0.254 base_z=+0.110 pitch=+1.549 roll=-2.956 |tau|max= 35.00 sat=2/29 knee_L=+0.292 hip_p_L=-0.111 torn=10343 cmd_age=49.1ms auth=49.7s rig_ign=1117 fix_base=0 sat_j=left_ankle_roll_joint:+35.0,right_ankle_roll_joint:-35.0
[lowlevel-sim][GT] t=24.501 quat=[0.50347, -0.49816, 0.51237, 0.48562] angvel=[-0.0199, 0.02379, -0.00062] linvel=[9e-05, -0.0001, 0.00383] z=0.1105
[lowlevel-sim][GT] t=24.551 quat=[0.50321, -0.49842, 0.51222, 0.48579] angvel=[0.01617, 0.00684, 0.02417] linvel=[0.00752, -0.00643, -0.00393] z=0.1104
[lowlevel-sim][GT] t=24.601 quat=[0.50301, -0.49851, 0.51219, 0.48593] angvel=[-0.04071, 0.0399, -0.00488] linvel=[-0.00213, -0.00375, 0.00398] z=0.1104
[lowlevel-sim][GT] t=24.651 quat=[0.50268, -0.49867, 0.51207, 0.48623] angvel=[0.01487, 0.00122, 0.01476] linvel=[0.00203, -0.00112, -0.0021] z=0.1104
[lowlevel-sim][GT] t=24.701 quat=[0.50231, -0.49893, 0.51199, 0.48643] angvel=[-0.01504, 0.00068, 0.00938] linvel=[-0.00013, -0.00075, 0.00427] z=0.1103
[lowlevel-sim][GT] t=24.751 quat=[0.50216, -0.49906, 0.51192, 0.48654] angvel=[-0.00041, -0.00665, -0.02858] linvel=[0.00391, -0.00507, -0.00615] z=0.1102
[lowlevel-sim][GT] t=24.801 quat=[0.502, -0.49907, 0.51207, 0.48653] angvel=[-0.03114, 0.00361, -0.00249] linvel=[0.00407, -0.00295, 0.00419] z=0.1101
[lowlevel-sim][GT] t=24.851 quat=[0.50212, -0.49898, 0.51207, 0.48649] angvel=[0.01879, -0.02487, -0.04588] linvel=[0.00061, -0.00385, -0.00286] z=0.1101
[lowlevel-sim][GT] t=24.901 quat=[0.50212, -0.49878, 0.51228, 0.48648] angvel=[-0.06618, 0.07225, -0.02471] linvel=[0.0046, -0.00449, 0.00801] z=0.1101
[lowlevel-sim][GT] t=24.951 quat=[0.50207, -0.4988, 0.5124, 0.48638] angvel=[0.00717, -0.0362, -0.03021] linvel=[0.0005, -0.00257, -0.0011] z=0.1101
[lowlevel-sim] FAIL-CLOSED engaged at t=24.980s, last command age 85.22 ms (deadline <= 100 ms) PASS
[lowlevel-sim] COMMANDED at t=24.982s (was fail-closed)
[lowlevel-sim] t=  25.00 mode=cmd        pd=17390 hold=10863 failclosed=34 rtf=0.255 base_z=+0.110 pitch=+1.548 roll=-3.027 |tau|max=  7.64 sat=0/29 knee_L=+0.292 hip_p_L=-0.111 torn=10368 cmd_age=104.9ms auth=51.4s rig_ign=1117 fix_base=0
[lowlevel-sim] FAIL-CLOSED engaged at t=25.000s, last command age 105.78 ms (deadline <= 100 ms) FAIL
[lowlevel-sim][GT] t=25.001 quat=[0.50221, -0.49879, 0.51259, 0.48605] angvel=[-0.0605, -0.03792, -0.02128] linvel=[-0.00068, -0.00244, -0.00734] z=0.1099
[lowlevel-sim] COMMANDED at t=25.004s (was fail-closed)
[lowlevel-sim][GT] t=25.051 quat=[0.50227, -0.49903, 0.51273, 0.4856] angvel=[-0.03324, -0.04226, -0.03222] linvel=[-0.00207, -0.00289, 0.00616] z=0.1098
[lowlevel-sim][GT] t=25.101 quat=[0.50227, -0.49909, 0.51255, 0.48572] angvel=[0.02835, -0.01493, -0.04206] linvel=[-0.00342, -0.0048, -0.00495] z=0.1098
[lowlevel-sim][GT] t=25.151 quat=[0.50231, -0.49912, 0.51238, 0.48583] angvel=[-0.04887, -0.02323, 0.00101] linvel=[-0.00316, -0.00302, 0.00451] z=0.1098
[lowlevel-sim][GT] t=25.201 quat=[0.50226, -0.49931, 0.51221, 0.48587] angvel=[0.00378, -0.01558, -0.01512] linvel=[0.00191, -0.00221, -0.00083] z=0.1098
[lowlevel-sim][GT] t=25.251 quat=[0.50236, -0.49928, 0.5122, 0.48581] angvel=[-0.05946, 0.0308, 0.00281] linvel=[-0.00152, -0.00428, 0.0049] z=0.1098
[lowlevel-sim][GT] t=25.301 quat=[0.50227, -0.49926, 0.51251, 0.48559] angvel=[-0.01762, -0.03306, -0.00262] linvel=[-0.0019, -0.00497, -0.00347] z=0.1096
[lowlevel-sim][GT] t=25.351 quat=[0.50229, -0.4995, 0.51248, 0.48535] angvel=[-0.05913, 0.03344, 0.00188] linvel=[-0.00642, -0.0043, 0.00247] z=0.1095
[lowlevel-sim][GT] t=25.401 quat=[0.50227, -0.49973, 0.51261, 0.485] angvel=[0.00512, -0.00229, 0.03552] linvel=[0.00187, -0.00485, -0.00116] z=0.1094
[lowlevel-sim][GT] t=25.451 quat=[0.50232, -0.49978, 0.51265, 0.48486] angvel=[-0.0404, 0.10538, -0.00474] linvel=[-0.00122, -0.0063, 0.00457] z=0.1093
[lowlevel-sim] t=  25.50 mode=cmd        pd=17642 hold=10863 failclosed=38 rtf=0.255 base_z=+0.109 pitch=+1.545 roll=-2.953 |tau|max=  8.43 sat=0/29 knee_L=+0.286 hip_p_L=-0.109 torn=10397 cmd_age=34.8ms auth=53.2s rig_ign=1117 fix_base=0
[lowlevel-sim][GT] t=25.501 quat=[0.50216, -0.49987, 0.51268, 0.4849] angvel=[-0.03025, 0.01666, -0.00063] linvel=[0.00577, -0.0053, -0.00142] z=0.1092
[lowlevel-sim][GT] t=25.551 quat=[0.50208, -0.49972, 0.51281, 0.485] angvel=[-0.05788, -0.03489, 0.00978] linvel=[0.00806, -0.00563, 0.00386] z=0.1091
[lowlevel-sim][GT] t=25.601 quat=[0.50205, -0.4996, 0.51298, 0.48498] angvel=[0.01749, -0.01642, -0.00579] linvel=[0.00224, -0.0036, -0.00071] z=0.1090
[lowlevel-sim][GT] t=25.651 quat=[0.50201, -0.49939, 0.51315, 0.48505] angvel=[-0.0385, 0.01988, 0.00518] linvel=[0.00282, -0.00287, 0.0031] z=0.1090
[lowlevel-sim][GT] t=25.701 quat=[0.502, -0.49927, 0.51332, 0.485] angvel=[-0.00627, -0.01208, 0.02133] linvel=[0.00879, -0.00759, -0.0018] z=0.1089
[lowlevel-sim][GT] t=25.751 quat=[0.50176, -0.49945, 0.51359, 0.48479] angvel=[-0.08142, 0.04609, 0.01297] linvel=[-0.00058, -0.00519, 0.00504] z=0.1087
[lowlevel-sim][GT] t=25.801 quat=[0.50177, -0.49946, 0.51387, 0.48446] angvel=[-0.02029, -0.01514, -0.06355] linvel=[-0.00234, -0.00745, -0.0007] z=0.1086
[lowlevel-sim][GT] t=25.851 quat=[0.50194, -0.49938, 0.51403, 0.4842] angvel=[-0.00606, 0.02691, -0.01084] linvel=[0.00242, -0.00427, -0.00019] z=0.1085
[lowlevel-sim][GT] t=25.901 quat=[0.50198, -0.49928, 0.51422, 0.48406] angvel=[-0.04121, 0.0102, 0.04104] linvel=[0.00782, -0.0071, -0.00044] z=0.1085
[lowlevel-sim][GT] t=25.951 quat=[0.50206, -0.49919, 0.51416, 0.48414] angvel=[0.0039, 0.02967, 0.01605] linvel=[0.00339, -0.00107, 0.00091] z=0.1085
[lowlevel-sim] t=  26.00 mode=cmd        pd=17892 hold=10863 failclosed=38 rtf=0.256 base_z=+0.109 pitch=+1.544 roll=-3.017 |tau|max=  8.17 sat=0/29 knee_L=+0.284 hip_p_L=-0.109 torn=10414 cmd_age=41.3ms auth=54.7s rig_ign=1117 fix_base=0
[lowlevel-sim][GT] t=26.001 quat=[0.50207, -0.49917, 0.51406, 0.48424] angvel=[0.00685, -0.00393, -0.00198] linvel=[0.00561, -0.00486, -0.00078] z=0.1086
[lowlevel-sim][GT] t=26.051 quat=[0.50202, -0.49921, 0.51399, 0.48433] angvel=[-0.03154, 0.00375, 0.00492] linvel=[0.00478, -0.00403, 0.00536] z=0.1085
[lowlevel-sim][GT] t=26.101 quat=[0.50187, -0.49917, 0.51412, 0.4844] angvel=[0.01694, -0.01559, -0.03922] linvel=[0.00048, -0.00325, -0.00062] z=0.1085
[lowlevel-sim][GT] t=26.151 quat=[0.5018, -0.49915, 0.51392, 0.4847] angvel=[-0.06276, 0.01391, -0.02581] linvel=[0.00192, -0.00393, 0.00735] z=0.1085
[lowlevel-sim][GT] t=26.201 quat=[0.50164, -0.49923, 0.51406, 0.48462] angvel=[-0.00158, 0.02022, 0.0459] linvel=[0.01173, -0.00359, 0.00074] z=0.1085
[lowlevel-sim][GT] t=26.251 quat=[0.50156, -0.49919, 0.51404, 0.48479] angvel=[-0.02715, 0.0385, 0.02502] linvel=[0.0035, -0.00354, 0.00343] z=0.1085
[lowlevel-sim][GT] t=26.301 quat=[0.50146, -0.49918, 0.51407, 0.48487] angvel=[0.00358, 0.00068, -0.00444] linvel=[0.00557, -0.00412, -0.00252] z=0.1085
[lowlevel-sim][GT] t=26.351 quat=[0.50142, -0.4992, 0.51408, 0.48488] angvel=[-0.04855, 0.05981, 0.00743] linvel=[0.00334, -0.00422, 0.00246] z=0.1084
[lowlevel-sim][GT] t=26.401 quat=[0.50136, -0.49926, 0.51419, 0.48476] angvel=[0.01439, -0.04381, -0.02657] linvel=[-0.00207, -0.00747, -0.00137] z=0.1084
[lowlevel-sim][GT] t=26.451 quat=[0.50143, -0.49922, 0.51421, 0.4847] angvel=[-0.0252, 0.02468, -0.02145] linvel=[-0.00071, -0.00326, 0.00376] z=0.1083
[lowlevel-sim] t=  26.50 mode=cmd        pd=18142 hold=10863 failclosed=38 rtf=0.257 base_z=+0.108 pitch=+1.543 roll=-3.063 |tau|max=  7.88 sat=0/29 knee_L=+0.283 hip_p_L=-0.109 torn=10442 cmd_age=24.9ms auth=56.5s rig_ign=1117 fix_base=0
[lowlevel-sim][GT] t=26.501 quat=[0.50139, -0.49927, 0.5142, 0.48471] angvel=[0.00127, -0.03204, -0.00457] linvel=[0.00522, -0.00331, -0.00046] z=0.1083
[lowlevel-sim][GT] t=26.551 quat=[0.50143, -0.49929, 0.51425, 0.48458] angvel=[-0.02245, 0.05227, 0.02686] linvel=[0.00129, -0.00411, 0.00242] z=0.1082
[lowlevel-sim][GT] t=26.601 quat=[0.50131, -0.49937, 0.51433, 0.48455] angvel=[-0.04872, 0.02037, 0.03426] linvel=[0.00956, -0.00832, 0.00384] z=0.1082
[lowlevel-sim][GT] t=26.651 quat=[0.50115, -0.49949, 0.51429, 0.48463] angvel=[-0.02354, -0.00175, 0.02302] linvel=[0.00057, -0.00392, 0.00019] z=0.1081
[lowlevel-sim][GT] t=26.701 quat=[0.50116, -0.49958, 0.51434, 0.48447] angvel=[-0.0751, 0.00533, -0.0016] linvel=[0.00118, -0.00369, 0.00396] z=0.1080
[lowlevel-sim][GT] t=26.751 quat=[0.50117, -0.49961, 0.5144, 0.48437] angvel=[-0.01129, 0.02963, 0.00584] linvel=[-0.00037, -0.00033, 0.00506] z=0.1079
[lowlevel-sim][GT] t=26.801 quat=[0.50114, -0.49969, 0.51434, 0.48439] angvel=[0.01137, 0.02263, -0.02377] linvel=[0.00085, -0.00533, -0.00256] z=0.1079
[lowlevel-sim][GT] t=26.851 quat=[0.50117, -0.49974, 0.51425, 0.48438] angvel=[-0.05531, 0.01231, -0.00422] linvel=[0.00142, -0.00351, 0.00504] z=0.1078
[lowlevel-sim][GT] t=26.901 quat=[0.50096, -0.49985, 0.51427, 0.48447] angvel=[-0.01291, -0.00972, 0.04093] linvel=[0.00513, -0.00563, 0.00087] z=0.1078
[lowlevel-sim][GT] t=26.951 quat=[0.50086, -0.49993, 0.51429, 0.48448] angvel=[-0.04259, 0.00452, 0.009] linvel=[0.00842, -0.00308, 0.00322] z=0.1077
[lowlevel-sim] t=  27.00 mode=cmd        pd=18392 hold=10863 failclosed=38 rtf=0.257 base_z=+0.108 pitch=+1.542 roll=-3.061 |tau|max=  8.92 sat=0/29 knee_L=+0.280 hip_p_L=-0.108 torn=10463 cmd_age=66.5ms auth=58.2s rig_ign=1117 fix_base=0
[lowlevel-sim][GT] t=27.001 quat=[0.5008, -0.49993, 0.5144, 0.48442] angvel=[-0.01835, -0.00664, 0.01706] linvel=[0.00281, -0.00375, 0.00062] z=0.1077
[lowlevel-sim][GT] t=27.051 quat=[0.50086, -0.49986, 0.51444, 0.4844] angvel=[-0.0175, 0.04326, 0.02364] linvel=[0.00346, -0.00405, 0.00111] z=0.1077
[lowlevel-sim][GT] t=27.101 quat=[0.50085, -0.49989, 0.51445, 0.48436] angvel=[0.00051, -0.04628, -0.05921] linvel=[0.00055, -0.00312, -0.00057] z=0.1076
[lowlevel-sim][GT] t=27.151 quat=[0.50088, -0.49978, 0.5145, 0.48439] angvel=[0.09195, -0.02955, -0.01897] linvel=[-0.0019, -0.00086, -0.00911] z=0.1076
[lowlevel-sim][GT] t=27.201 quat=[0.50083, -0.49981, 0.51456, 0.48435] angvel=[-0.00896, -0.00217, -0.01669] linvel=[0.00475, -0.00413, -0.0009] z=0.1076
[lowlevel-sim][GT] t=27.251 quat=[0.50084, -0.49984, 0.51449, 0.48437] angvel=[0.04991, -0.01089, 0.02274] linvel=[0.00612, -0.00076, -0.00521] z=0.1076
[lowlevel-sim][GT] t=27.301 quat=[0.50087, -0.49989, 0.51453, 0.48424] angvel=[-0.01114, 0.01366, 0.04607] linvel=[0.00581, -0.00648, 0.00057] z=0.1076
[lowlevel-sim][GT] t=27.351 quat=[0.50081, -0.50004, 0.51433, 0.48438] angvel=[-0.03287, -0.00039, 0.00826] linvel=[0.00464, -0.00308, 0.00163] z=0.1075
[lowlevel-sim] FAIL-CLOSED engaged at t=27.382s, last command age 87.61 ms (deadline <= 100 ms) PASS
[lowlevel-sim] COMMANDED at t=27.394s (was fail-closed)
[lowlevel-sim] FAIL-CLOSED engaged at t=27.396s, last command age 85.85 ms (deadline <= 100 ms) PASS
[lowlevel-sim] COMMANDED at t=27.400s (was fail-closed)
[lowlevel-sim][GT] t=27.401 quat=[0.4992, -0.50192, 0.51606, 0.48225] angvel=[-0.43744, 0.00698, -0.0546] linvel=[0.01075, 0.00295, -0.03655] z=0.1064
[lowlevel-sim][GT] t=27.451 quat=[0.49958, -0.50183, 0.51607, 0.48194] angvel=[0.02209, -0.00042, 0.00361] linvel=[-0.0072, -0.00641, 0.00451] z=0.1063
[lowlevel-sim] t=  27.50 mode=cmd        pd=18648 hold=10863 failclosed=52 rtf=0.257 base_z=+0.107 pitch=+1.536 roll=-3.023 |tau|max= 35.00 sat=2/29 knee_L=+0.272 hip_p_L=-0.109 torn=10477 cmd_age=30.0ms auth=60.2s rig_ign=1117 fix_base=0 sat_j=left_ankle_roll_joint:+35.0,right_ankle_roll_joint:-35.0
[lowlevel-sim][GT] t=27.501 quat=[0.50005, -0.50144, 0.51531, 0.48266] angvel=[0.00791, 0.08848, 0.05151] linvel=[0.00121, -0.00067, 0.00683] z=0.1065
[lowlevel-sim][GT] t=27.551 quat=[0.5, -0.50151, 0.515, 0.48298] angvel=[-0.03229, -0.01731, -0.03932] linvel=[-0.00203, -0.00842, 0.00482] z=0.1066
[lowlevel-sim][GT] t=27.601 quat=[0.50001, -0.50141, 0.5147, 0.48339] angvel=[-0.00022, 0.03343, 0.00655] linvel=[0.00689, -0.00508, 0.0047] z=0.1066
[lowlevel-sim][GT] t=27.651 quat=[0.49983, -0.50133, 0.51468, 0.48369] angvel=[0.00135, 0.00588, 0.00371] linvel=[0.00314, -0.00196, 0.00314] z=0.1067
[lowlevel-sim][GT] t=27.701 quat=[0.49976, -0.5012, 0.51448, 0.48409] angvel=[-0.03961, 0.12357, 0.04035] linvel=[0.00744, -0.00461, 0.00409] z=0.1068
[lowlevel-sim][GT] t=27.751 quat=[0.49954, -0.50122, 0.51451, 0.48427] angvel=[-0.01874, 0.02069, 0.01379] linvel=[0.00172, -0.00689, 0.00056] z=0.1068
[lowlevel-sim][GT] t=27.801 quat=[0.49965, -0.5012, 0.51433, 0.48436] angvel=[-0.00438, 0.03041, 0.00641] linvel=[0.00652, -0.00392, 0.00199] z=0.1068
[lowlevel-sim][GT] t=27.851 quat=[0.49965, -0.50114, 0.51427, 0.4845] angvel=[0.00581, 0.03361, -0.01956] linvel=[0.00288, -0.00263, -0.00127] z=0.1069
[lowlevel-sim][GT] t=27.901 quat=[0.4997, -0.50107, 0.51426, 0.48452] angvel=[0.03975, 0.04378, 0.01082] linvel=[0.00874, -0.00055, -0.00202] z=0.1069
[lowlevel-sim][GT] t=27.951 quat=[0.49979, -0.50113, 0.51433, 0.48431] angvel=[-0.01461, -0.03216, -0.05584] linvel=[0.00029, -0.00719, -0.00063] z=0.1069
[lowlevel-sim] t=  28.00 mode=cmd        pd=18898 hold=10863 failclosed=52 rtf=0.258 base_z=+0.107 pitch=+1.539 roll=-3.059 |tau|max= 35.00 sat=2/29 knee_L=+0.274 hip_p_L=-0.107 torn=10511 cmd_age=59.0ms auth=61.7s rig_ign=1117 fix_base=0 sat_j=left_ankle_roll_joint:+35.0,right_ankle_roll_joint:-35.0
[lowlevel-sim][GT] t=28.001 quat=[0.49974, -0.5011, 0.51428, 0.48443] angvel=[-0.06368, 0.02019, -0.00232] linvel=[0.00206, -0.00537, 0.00425] z=0.1069
[lowlevel-sim][GT] t=28.051 quat=[0.49954, -0.50125, 0.51437, 0.4844] angvel=[-0.06261, 0.00429, 0.00118] linvel=[-0.00131, -0.00675, 0.0044] z=0.1068
[lowlevel-sim][GT] t=28.101 quat=[0.49958, -0.50122, 0.51419, 0.48457] angvel=[-0.05587, 0.04871, 0.02598] linvel=[0.00363, -0.0048, 0.00515] z=0.1068
[lowlevel-sim][GT] t=28.151 quat=[0.4994, -0.50137, 0.51427, 0.48451] angvel=[-0.05247, -0.00028, 0.00232] linvel=[-0.00063, -0.00566, 0.00729] z=0.1068
[lowlevel-sim][GT] t=28.201 quat=[0.49946, -0.50136, 0.51406, 0.48469] angvel=[0.00668, 0.07826, 0.0201] linvel=[0.00687, -0.00102, 0.00181] z=0.1068
[lowlevel-sim][GT] t=28.251 quat=[0.49932, -0.50143, 0.51396, 0.48486] angvel=[-0.04358, 0.01225, 0.00268] linvel=[0.00041, -0.00707, 0.00291] z=0.1069
[lowlevel-sim][GT] t=28.301 quat=[0.49931, -0.50143, 0.51386, 0.48498] angvel=[-0.01209, 0.04154, 0.02514] linvel=[0.00683, -0.00287, 0.00239] z=0.1069
[lowlevel-sim][GT] t=28.351 quat=[0.49922, -0.50163, 0.51379, 0.48495] angvel=[-0.05063, -0.0228, -0.0489] linvel=[-0.00438, -0.00765, 0.00304] z=0.1069
[lowlevel-sim][GT] t=28.401 quat=[0.49918, -0.50172, 0.51359, 0.4851] angvel=[-0.0498, -0.06423, -0.03263] linvel=[0.00239, -0.00347, 0.00358] z=0.1069
[lowlevel-sim][GT] t=28.451 quat=[0.4993, -0.50185, 0.51372, 0.4847] angvel=[-0.04353, 0.02815, 0.04215] linvel=[0.01012, -0.00792, 0.0039] z=0.1068
[lowlevel-sim] t=  28.50 mode=cmd        pd=19148 hold=10863 failclosed=52 rtf=0.259 base_z=+0.107 pitch=+1.539 roll=-3.058 |tau|max= 35.00 sat=2/29 knee_L=+0.273 hip_p_L=-0.107 torn=10534 cmd_age=31.9ms auth=63.5s rig_ign=1117 fix_base=0 sat_j=left_ankle_roll_joint:+35.0,right_ankle_roll_joint:-35.0
[lowlevel-sim][GT] t=28.501 quat=[0.49905, -0.50186, 0.51361, 0.48507] angvel=[0.07682, 0.0042, 0.01057] linvel=[0.0005, 0.00037, -0.00682] z=0.1068
[lowlevel-sim][GT] t=28.551 quat=[0.49889, -0.50202, 0.51353, 0.48515] angvel=[-0.03618, -0.01947, -0.01263] linvel=[0.00687, -0.00472, 0.00289] z=0.1068
[lowlevel-sim][GT] t=28.601 quat=[0.49889, -0.50194, 0.51341, 0.48536] angvel=[0.00638, 0.04663, 0.04097] linvel=[0.00096, -0.0009, 0.00102] z=0.1068
[lowlevel-sim][GT] t=28.651 quat=[0.49866, -0.50206, 0.51347, 0.4854] angvel=[-0.02215, 0.00689, -0.00459] linvel=[0.00431, -0.0066, -0.00156] z=0.1068
[lowlevel-sim][GT] t=28.701 quat=[0.4986, -0.5021, 0.51337, 0.48554] angvel=[-0.02478, -0.02142, -0.00629] linvel=[0.00211, -0.00236, 0.00183] z=0.1068
[lowlevel-sim][GT] t=28.751 quat=[0.4985, -0.50222, 0.51329, 0.4856] angvel=[-0.03934, -0.01702, -0.02614] linvel=[-0.00345, -0.00706, 0.00151] z=0.1068
[lowlevel-sim][GT] t=28.801 quat=[0.4984, -0.50222, 0.51328, 0.48571] angvel=[-0.03095, 0.07632, 0.00013] linvel=[-0.00287, -0.0039, 0.0053] z=0.1068
[lowlevel-sim][GT] t=28.851 quat=[0.49818, -0.50247, 0.51316, 0.48581] angvel=[-0.03631, 0.00119, 0.01841] linvel=[-0.00155, -0.00478, 0.00254] z=0.1068
[lowlevel-sim][GT] t=28.901 quat=[0.4983, -0.50242, 0.51308, 0.48582] angvel=[0.049, -0.03994, 2e-05] linvel=[0.00302, 0.00043, -0.00475] z=0.1067
[lowlevel-sim][GT] t=28.951 quat=[0.49817, -0.50255, 0.51314, 0.48575] angvel=[-0.03466, 0.01391, -0.00953] linvel=[0.00061, -0.00575, 0.00026] z=0.1067
[lowlevel-sim] t=  29.00 mode=cmd        pd=19398 hold=10863 failclosed=52 rtf=0.259 base_z=+0.107 pitch=+1.539 roll=-3.070 |tau|max= 35.00 sat=2/29 knee_L=+0.273 hip_p_L=-0.107 torn=10559 cmd_age=38.6ms auth=65.2s rig_ign=1117 fix_base=0 sat_j=left_ankle_roll_joint:+35.0,right_ankle_roll_joint:-35.0
[lowlevel-sim][GT] t=29.001 quat=[0.49822, -0.50254, 0.51306, 0.4858] angvel=[0.08399, -0.01844, -0.01472] linvel=[-0.00252, -0.00148, -0.00805] z=0.1067
[lowlevel-sim][GT] t=29.051 quat=[0.49813, -0.50264, 0.51311, 0.48574] angvel=[-0.04452, 0.02604, 0.00836] linvel=[0.0003, -0.00575, 0.00237] z=0.1067
[lowlevel-sim][GT] t=29.101 quat=[0.49815, -0.50264, 0.51302, 0.4858] angvel=[0.03511, 0.05499, 0.03334] linvel=[0.00242, -0.00169, -0.00251] z=0.1067
[lowlevel-sim][GT] t=29.151 quat=[0.49798, -0.50274, 0.51286, 0.48605] angvel=[-0.02791, 0.01179, -0.00124] linvel=[-0.0013, -0.00422, 0.00152] z=0.1067
[lowlevel-sim][GT] t=29.201 quat=[0.49811, -0.50275, 0.51271, 0.48606] angvel=[0.05014, -0.05209, 0.00823] linvel=[0.0002, 0.00124, -0.00144] z=0.1067
[lowlevel-sim][GT] t=29.251 quat=[0.49795, -0.50293, 0.51271, 0.48603] angvel=[-0.06273, -0.01476, -0.00755] linvel=[0.00041, -0.00618, 0.00409] z=0.1067
[lowlevel-sim][GT] t=29.301 quat=[0.49807, -0.50287, 0.51253, 0.48617] angvel=[-0.04127, 0.03289, 0.01346] linvel=[0.00281, -0.00415, 0.00401] z=0.1067
[lowlevel-sim][GT] t=29.351 quat=[0.49777, -0.50309, 0.51255, 0.48623] angvel=[-0.02122, 0.00125, 0.01187] linvel=[0.0048, -0.00094, 0.00257] z=0.1067
[lowlevel-sim][GT] t=29.401 quat=[0.49773, -0.50308, 0.51241, 0.48642] angvel=[0.06052, 0.00801, 0.02941] linvel=[0.00191, 0.003, -0.0042] z=0.1067
[lowlevel-sim][GT] t=29.451 quat=[0.49749, -0.50326, 0.51231, 0.48659] angvel=[-0.02248, -0.01424, 0.01081] linvel=[0.00441, -0.00216, 0.00356] z=0.1067
[lowlevel-sim] t=  29.50 mode=cmd        pd=19648 hold=10863 failclosed=52 rtf=0.260 base_z=+0.107 pitch=+1.540 roll=-3.076 |tau|max= 35.00 sat=2/29 knee_L=+0.273 hip_p_L=-0.106 torn=10583 cmd_age=39.3ms auth=66.9s rig_ign=1117 fix_base=0 sat_j=left_ankle_roll_joint:+35.0,right_ankle_roll_joint:-35.0
[lowlevel-sim][GT] t=29.501 quat=[0.49748, -0.50323, 0.51208, 0.48687] angvel=[0.06797, -0.03121, 0.00791] linvel=[0.00413, -0.00019, -0.00731] z=0.1067
[lowlevel-sim][GT] t=29.551 quat=[0.49759, -0.50336, 0.51221, 0.48649] angvel=[-0.05234, -0.02228, -0.04032] linvel=[-8e-05, -0.00783, 0.00475] z=0.1067
[lowlevel-sim][GT] t=29.601 quat=[0.49779, -0.50328, 0.51218, 0.4864] angvel=[0.02859, -0.03415, -0.02425] linvel=[0.00449, -0.00204, -0.00186] z=0.1067
[lowlevel-sim][GT] t=29.651 quat=[0.49785, -0.50331, 0.51227, 0.48622] angvel=[-0.03478, 0.00848, -0.00911] linvel=[0.00585, -0.00635, 0.00307] z=0.1067
[lowlevel-sim][GT] t=29.701 quat=[0.49785, -0.50324, 0.51235, 0.4862] angvel=[-0.02006, 0.0016, -0.0076] linvel=[0.00526, -0.00257, 0.00261] z=0.1066
[lowlevel-sim][GT] t=29.751 quat=[0.49772, -0.50333, 0.51251, 0.48606] angvel=[-0.06045, -0.01573, 0.0065] linvel=[0.00724, -0.006, 0.00632] z=0.1066
[lowlevel-sim][GT] t=29.801 quat=[0.49781, -0.50327, 0.51238, 0.48619] angvel=[-0.03032, -0.021, 0.00493] linvel=[0.00702, -0.00397, 0.00272] z=0.1066
[lowlevel-sim][GT] t=29.851 quat=[0.49756, -0.50333, 0.51244, 0.48632] angvel=[0.00182, -0.02492, -0.03014] linvel=[0.00164, -0.0058, -0.00131] z=0.1066
[lowlevel-sim][GT] t=29.901 quat=[0.49754, -0.50327, 0.5122, 0.48665] angvel=[0.0472, -0.08517, 0.00088] linvel=[-0.00091, 0.00115, -0.00237] z=0.1067
[lowlevel-sim][GT] t=29.951 quat=[0.49745, -0.50338, 0.51213, 0.48669] angvel=[-0.03633, -0.00411, -0.00248] linvel=[0.003, -0.00316, 0.0026] z=0.1067
[lowlevel-sim] t=  30.00 mode=cmd        pd=19898 hold=10863 failclosed=52 rtf=0.261 base_z=+0.107 pitch=+1.540 roll=-3.071 |tau|max= 35.00 sat=2/29 knee_L=+0.273 hip_p_L=-0.106 torn=10601 cmd_age=26.3ms auth=68.4s rig_ign=1117 fix_base=0 sat_j=left_ankle_roll_joint:+35.0,right_ankle_roll_joint:-35.0
[lowlevel-sim][GT] t=30.001 quat=[0.49746, -0.50333, 0.51205, 0.48683] angvel=[0.09117, -0.00985, 0.01286] linvel=[0.00309, 0.00034, -0.00585] z=0.1067
[lowlevel-sim][GT] t=30.051 quat=[0.49733, -0.50341, 0.51212, 0.48679] angvel=[-0.03148, -0.01443, -0.00196] linvel=[0.00447, -0.0054, 0.0033] z=0.1067
[lowlevel-sim][GT] t=30.101 quat=[0.49742, -0.50336, 0.51202, 0.48686] angvel=[0.08537, 0.00692, 0.01435] linvel=[0.00331, -0.00098, -0.00583] z=0.1067
[lowlevel-sim][GT] t=30.151 quat=[0.49731, -0.50335, 0.51205, 0.48695] angvel=[-0.00927, 0.00543, 0.0185] linvel=[0.01073, -0.00499, 0.0015] z=0.1068
[lowlevel-sim][GT] t=30.201 quat=[0.49728, -0.50329, 0.51203, 0.48707] angvel=[-0.00553, -0.00552, -0.00642] linvel=[0.00463, -0.00381, 0.00115] z=0.1068
[lowlevel-sim][GT] t=30.251 quat=[0.49732, -0.50327, 0.51216, 0.48692] angvel=[-0.02514, -7e-05, -0.02588] linvel=[0.00494, -0.00364, 0.00127] z=0.1068
[lowlevel-sim][GT] t=30.301 quat=[0.49758, -0.50316, 0.51204, 0.48689] angvel=[0.06884, 0.01522, 0.02064] linvel=[0.00407, -0.00083, -0.00525] z=0.1068
[lowlevel-sim][GT] t=30.351 quat=[0.49755, -0.50319, 0.51209, 0.48684] angvel=[-0.02918, 0.00633, 0.00889] linvel=[0.00271, -0.00342, 0.00197] z=0.1068
[lowlevel-sim][GT] t=30.401 quat=[0.49781, -0.50311, 0.51208, 0.48666] angvel=[-0.02595, -0.01791, -0.01083] linvel=[0.00415, -0.00384, 0.00223] z=0.1068
[lowlevel-sim][GT] t=30.451 quat=[0.49757, -0.50321, 0.51222, 0.48666] angvel=[-0.03005, 0.01081, 0.01304] linvel=[0.00317, -0.00352, 0.00264] z=0.1067
[lowlevel-sim] t=  30.50 mode=cmd        pd=20148 hold=10863 failclosed=52 rtf=0.261 base_z=+0.107 pitch=+1.540 roll=-3.075 |tau|max= 35.00 sat=2/29 knee_L=+0.273 hip_p_L=-0.106 torn=10631 cmd_age=63.1ms auth=70.2s rig_ign=1117 fix_base=0 sat_j=left_ankle_roll_joint:+35.0,right_ankle_roll_joint:-35.0
[lowlevel-sim][GT] t=30.501 quat=[0.49755, -0.50317, 0.51215, 0.48679] angvel=[0.00209, -0.06768, 0.00549] linvel=[0.0056, -0.00136, 0.00182] z=0.1067
[lowlevel-sim][GT] t=30.551 quat=[0.49737, -0.50318, 0.51229, 0.48682] angvel=[-0.02389, -0.01471, -0.01236] linvel=[0.00524, -0.00532, 0.00038] z=0.1067
[lowlevel-sim][GT] t=30.601 quat=[0.49751, -0.5031, 0.51224, 0.48681] angvel=[0.05806, -0.01004, 0.00887] linvel=[0.0022, -0.00251, -0.00446] z=0.1067
[lowlevel-sim][GT] t=30.651 quat=[0.49745, -0.5032, 0.51219, 0.48682] angvel=[-0.0388, 0.0113, 0.01635] linvel=[0.00299, -0.00285, 0.00369] z=0.1067
[lowlevel-sim][GT] t=30.701 quat=[0.49751, -0.50314, 0.51222, 0.48679] angvel=[0.02121, 0.01255, 0.00689] linvel=[0.00626, -0.00138, -0.001] z=0.1067
[lowlevel-sim][GT] t=30.751 quat=[0.49744, -0.50308, 0.51223, 0.48691] angvel=[-0.03793, 0.02366, -0.0139] linvel=[0.00373, -0.00652, 0.00289] z=0.1068
[lowlevel-sim][GT] t=30.801 quat=[0.49757, -0.50304, 0.51211, 0.48695] angvel=[-0.07084, 0.00092, -0.00805] linvel=[0.00559, -0.00509, 0.00545] z=0.1068
[lowlevel-sim][GT] t=30.851 quat=[0.49736, -0.50304, 0.51228, 0.48699] angvel=[-0.01817, -0.03339, -0.0351] linvel=[-0.00583, -0.00789, 0.00034] z=0.1067
[lowlevel-sim][GT] t=30.901 quat=[0.49731, -0.50303, 0.5121, 0.48723] angvel=[0.00409, 0.02741, 0.01885] linvel=[0.00249, 0.00079, 0.00113] z=0.1068
[lowlevel-sim][GT] t=30.951 quat=[0.49719, -0.5032, 0.51216, 0.48711] angvel=[-0.01722, -0.00734, -0.01475] linvel=[0.00283, -0.00378, 0.00119] z=0.1067
[lowlevel-sim] t=  31.00 mode=cmd        pd=20398 hold=10863 failclosed=52 rtf=0.261 base_z=+0.107 pitch=+1.540 roll=-3.094 |tau|max= 35.00 sat=2/29 knee_L=+0.274 hip_p_L=-0.106 torn=10656 cmd_age=20.9ms auth=71.9s rig_ign=1117 fix_base=0 sat_j=left_ankle_roll_joint:+35.0,right_ankle_roll_joint:-35.0
[lowlevel-sim][GT] t=31.001 quat=[0.49711, -0.50332, 0.51203, 0.48721] angvel=[-0.00299, 0.03069, 0.01518] linvel=[0.0045, -0.00054, 0.00179] z=0.1067
[lowlevel-sim][GT] t=31.051 quat=[0.49709, -0.50339, 0.51194, 0.48725] angvel=[-0.04986, -0.02987, -0.01362] linvel=[0.0027, -0.00871, 0.00485] z=0.1067
[lowlevel-sim][GT] t=31.101 quat=[0.49714, -0.50327, 0.512, 0.48727] angvel=[0.03375, 0.03596, 0.01194] linvel=[0.00276, -0.0021, -0.00501] z=0.1067
[lowlevel-sim][GT] t=31.151 quat=[0.49696, -0.50332, 0.51205, 0.48735] angvel=[0.00993, 0.00767, 0.03793] linvel=[0.01131, -0.00818, -0.00011] z=0.1067
[lowlevel-sim][GT] t=31.201 quat=[0.49706, -0.50331, 0.51196, 0.48734] angvel=[0.08653, -0.01471, 0.00107] linvel=[0.00237, 0.00038, -0.00746] z=0.1067
[lowlevel-sim][GT] t=31.251 quat=[0.4968, -0.50339, 0.51198, 0.48751] angvel=[0.00523, 0.01887, 0.03036] linvel=[0.00847, -0.00773, -0.00058] z=0.1067
[lowlevel-sim][GT] t=31.301 quat=[0.49673, -0.50334, 0.51195, 0.48766] angvel=[0.01469, -0.03102, -0.00243] linvel=[-0.00422, -0.00064, -0.00062] z=0.1067
[lowlevel-sim][GT] t=31.351 quat=[0.4966, -0.50339, 0.51203, 0.48765] angvel=[-0.0561, 0.02487, 0.05152] linvel=[0.00022, -0.00755, 0.0049] z=0.1066
[lowlevel-sim][GT] t=31.401 quat=[0.49674, -0.50342, 0.51189, 0.48763] angvel=[-0.01086, -0.07582, -0.01585] linvel=[-0.00419, -0.0022, 0.00141] z=0.1066
[lowlevel-sim][GT] t=31.451 quat=[0.49681, -0.50349, 0.512, 0.48737] angvel=[-0.01149, 0.02085, 0.04585] linvel=[1e-05, -0.00413, 0.00042] z=0.1066
[lowlevel-sim] t=  31.50 mode=cmd        pd=20648 hold=10863 failclosed=52 rtf=0.262 base_z=+0.107 pitch=+1.540 roll=-3.087 |tau|max= 35.00 sat=2/29 knee_L=+0.273 hip_p_L=-0.106 torn=10678 cmd_age=45.2ms auth=73.7s rig_ign=1117 fix_base=0 sat_j=left_ankle_roll_joint:+35.0,right_ankle_roll_joint:-35.0
[lowlevel-sim][GT] t=31.501 quat=[0.49707, -0.50348, 0.5119, 0.48722] angvel=[-0.06245, -0.01937, -0.00764] linvel=[-0.00036, -0.00403, 0.00586] z=0.1066
[lowlevel-sim][GT] t=31.551 quat=[0.49709, -0.50355, 0.5119, 0.48713] angvel=[-0.02153, 0.00277, 0.00128] linvel=[-0.00089, -0.0086, 0.0002] z=0.1066
[lowlevel-sim][GT] t=31.601 quat=[0.49702, -0.50355, 0.51191, 0.4872] angvel=[-0.00688, -0.01519, -0.00891] linvel=[-0.00079, -0.00401, 0.00027] z=0.1065
[lowlevel-sim][GT] t=31.651 quat=[0.49707, -0.50364, 0.51176, 0.4872] angvel=[-0.01343, 0.01924, 0.02336] linvel=[0.00022, -0.00121, 0.00279] z=0.1066
[lowlevel-sim][GT] t=31.701 quat=[0.4972, -0.50366, 0.51167, 0.48714] angvel=[0.05401, -0.00948, -0.01942] linvel=[0.00242, 0.00053, -0.00444] z=0.1066
[lowlevel-sim][GT] t=31.751 quat=[0.4971, -0.50375, 0.51178, 0.48704] angvel=[-0.0365, -0.00802, 0.01096] linvel=[0.00711, -0.00306, 0.00379] z=0.1065
[lowlevel-sim][GT] t=31.801 quat=[0.49698, -0.50374, 0.51162, 0.48734] angvel=[-0.03491, 0.01265, -0.00528] linvel=[0.00161, -0.00366, 0.00162] z=0.1065
[lowlevel-sim][GT] t=31.851 quat=[0.49662, -0.50396, 0.51155, 0.48756] angvel=[-0.02465, -0.0069, -0.00505] linvel=[0.00578, -0.00401, 0.00153] z=0.1065
[lowlevel-sim][GT] t=31.901 quat=[0.49677, -0.50392, 0.51154, 0.48745] angvel=[0.08008, 0.01617, -0.0073] linvel=[0.004, -0.00121, -0.00734] z=0.1065
[lowlevel-sim][GT] t=31.951 quat=[0.4966, -0.50393, 0.51158, 0.48758] angvel=[-0.02865, 0.00331, -0.01676] linvel=[0.00616, -0.00457, 0.00259] z=0.1065
[lowlevel-sim] t=  32.00 mode=cmd        pd=20898 hold=10863 failclosed=52 rtf=0.262 base_z=+0.107 pitch=+1.540 roll=-3.088 |tau|max= 35.00 sat=2/29 knee_L=+0.272 hip_p_L=-0.105 torn=10703 cmd_age=27.2ms auth=75.4s rig_ign=1117 fix_base=0 sat_j=left_ankle_roll_joint:+35.0,right_ankle_roll_joint:-35.0
[lowlevel-sim][GT] t=32.001 quat=[0.49674, -0.50382, 0.51152, 0.48762] angvel=[0.05663, -0.05642, -0.02327] linvel=[0.00186, -0.0006, -0.00277] z=0.1065
[lowlevel-sim][GT] t=32.051 quat=[0.49665, -0.50385, 0.51159, 0.48759] angvel=[-0.02929, -0.00073, -0.01458] linvel=[0.00607, -0.00671, 0.00134] z=0.1065
[lowlevel-sim][GT] t=32.101 quat=[0.49673, -0.50375, 0.51156, 0.48765] angvel=[0.08752, 0.01109, 0.01495] linvel=[0.00388, -0.00063, -0.00561] z=0.1066
[lowlevel-sim][GT] t=32.151 quat=[0.49657, -0.50378, 0.51166, 0.48767] angvel=[-0.03875, -0.00612, -0.01455] linvel=[0.0024, -0.00429, 0.00182] z=0.1066
[lowlevel-sim][GT] t=32.201 quat=[0.49667, -0.50367, 0.51154, 0.48782] angvel=[0.00189, -0.01782, 0.00872] linvel=[0.00254, 0.00297, 0.00133] z=0.1066
[lowlevel-sim][GT] t=32.251 quat=[0.49665, -0.50368, 0.51154, 0.48783] angvel=[-0.0273, -0.03584, -0.03651] linvel=[-0.00153, -0.00684, 0.00057] z=0.1066
[lowlevel-sim][GT] t=32.301 quat=[0.49682, -0.50364, 0.51142, 0.48781] angvel=[0.03713, 0.00288, 0.0031] linvel=[0.00776, -0.00077, -0.00308] z=0.1067
[lowlevel-sim][GT] t=32.351 quat=[0.4967, -0.50368, 0.51151, 0.48781] angvel=[-0.02072, -0.00528, 0.00193] linvel=[0.00254, -0.00161, 0.0037] z=0.1067
[lowlevel-sim][GT] t=32.401 quat=[0.49656, -0.50369, 0.51156, 0.48788] angvel=[0.0162, 0.07349, 0.02086] linvel=[0.00809, -0.00106, 0.00024] z=0.1066
[lowlevel-sim][GT] t=32.451 quat=[0.49642, -0.50377, 0.51162, 0.48788] angvel=[-0.0275, 0.01136, 0.00305] linvel=[-0.00042, -0.00492, 0.00213] z=0.1066
[lowlevel-sim] t=  32.50 mode=cmd        pd=21148 hold=10863 failclosed=52 rtf=0.262 base_z=+0.107 pitch=+1.540 roll=-3.110 |tau|max= 35.00 sat=2/29 knee_L=+0.273 hip_p_L=-0.106 torn=10719 cmd_age=44.1ms auth=77.2s rig_ign=1117 fix_base=0 sat_j=left_ankle_roll_joint:+35.0,right_ankle_roll_joint:-35.0
[lowlevel-sim][GT] t=32.501 quat=[0.49643, -0.50376, 0.51154, 0.48797] angvel=[0.01233, 0.03633, 0.01968] linvel=[0.00392, 0.00081, 0.00117] z=0.1066
[lowlevel-sim][GT] t=32.551 quat=[0.49643, -0.50379, 0.51145, 0.48803] angvel=[-0.02712, 0.0054, 0.01321] linvel=[0.00234, -0.00613, 0.00175] z=0.1066
[lowlevel-sim][GT] t=32.601 quat=[0.49632, -0.50381, 0.51145, 0.48813] angvel=[0.06687, -0.01421, -0.01439] linvel=[0.00301, -0.00057, -0.00526] z=0.1066
[lowlevel-sim][GT] t=32.651 quat=[0.49619, -0.50388, 0.51149, 0.48814] angvel=[-0.06141, 0.03057, 0.03433] linvel=[0.00254, -0.00492, 0.00506] z=0.1066
[lowlevel-sim][GT] t=32.701 quat=[0.49607, -0.50391, 0.51139, 0.48833] angvel=[0.02858, 0.00556, 0.00335] linvel=[0.00207, -0.00155, -0.00266] z=0.1066
[lowlevel-sim][GT] t=32.751 quat=[0.49602, -0.50397, 0.51145, 0.48825] angvel=[-0.02688, 0.02095, 0.00677] linvel=[-0.00236, -0.0018, 0.00369] z=0.1065
[lowlevel-sim][GT] t=32.801 quat=[0.49608, -0.50395, 0.51129, 0.48839] angvel=[0.0133, 0.01422, 0.01661] linvel=[-0.00047, -0.00076, -0.00135] z=0.1066
[lowlevel-sim][GT] t=32.851 quat=[0.49606, -0.50409, 0.5113, 0.48825] angvel=[-0.08364, -0.03763, 0.00241] linvel=[-0.00355, -0.00621, 0.00739] z=0.1066
[lowlevel-sim][GT] t=32.901 quat=[0.49619, -0.504, 0.51122, 0.4883] angvel=[0.01744, 0.03415, 0.00995] linvel=[-0.00107, 0.0024, -0.00246] z=0.1066
[lowlevel-sim][GT] t=32.951 quat=[0.4962, -0.50398, 0.51137, 0.48815] angvel=[-0.03987, -0.05135, -0.05582] linvel=[-0.00717, -0.00815, 0.00036] z=0.1066
[lowlevel-sim] t=  33.00 mode=cmd        pd=21398 hold=10863 failclosed=52 rtf=0.263 base_z=+0.107 pitch=+1.540 roll=-3.113 |tau|max= 35.00 sat=2/29 knee_L=+0.272 hip_p_L=-0.106 torn=10738 cmd_age=24.0ms auth=78.9s rig_ign=1117 fix_base=0 sat_j=left_ankle_roll_joint:+35.0,right_ankle_roll_joint:-35.0
[lowlevel-sim][GT] t=33.001 quat=[0.49622, -0.50397, 0.51133, 0.48818] angvel=[0.00016, -0.02381, -0.00649] linvel=[-0.00359, -0.00262, -0.00255] z=0.1065
[lowlevel-sim][GT] t=33.051 quat=[0.49632, -0.50403, 0.51145, 0.48789] angvel=[-0.023, -0.03575, -0.0079] linvel=[0.00277, -0.00218, 0.00232] z=0.1065
[lowlevel-sim][GT] t=33.101 quat=[0.49641, -0.504, 0.51143, 0.48785] angvel=[0.02779, -0.00152, 0.0075] linvel=[0.0047, -0.00063, -0.00212] z=0.1065
[lowlevel-sim][GT] t=33.151 quat=[0.4964, -0.50397, 0.51152, 0.48779] angvel=[-0.02866, 0.02236, 0.02216] linvel=[0.00145, -0.00232, 0.00316] z=0.1065
[lowlevel-sim][GT] t=33.201 quat=[0.49651, -0.50392, 0.51141, 0.48786] angvel=[0.00211, -0.01897, 0.01008] linvel=[0.00467, -0.0003, 0.00104] z=0.1065
[lowlevel-sim][GT] t=33.251 quat=[0.49659, -0.50395, 0.5114, 0.48774] angvel=[-0.03616, -0.00313, 0.0041] linvel=[0.00117, -0.00295, 0.00461] z=0.1065
[lowlevel-sim][GT] t=33.301 quat=[0.49679, -0.50383, 0.51128, 0.4878] angvel=[0.04163, -0.02831, -0.00302] linvel=[0.00534, -0.00031, -0.00518] z=0.1065
[lowlevel-sim][GT] t=33.351 quat=[0.49659, -0.50395, 0.51135, 0.48781] angvel=[-0.0209, 0.01483, 0.01108] linvel=[0.00453, -0.00279, 0.00252] z=0.1065
[lowlevel-sim][GT] t=33.401 quat=[0.49654, -0.50394, 0.51128, 0.48794] angvel=[-0.01013, -0.00646, -0.01687] linvel=[0.00332, -0.00401, 0.00011] z=0.1065
[lowlevel-sim][GT] t=33.451 quat=[0.49638, -0.50401, 0.51129, 0.48803] angvel=[-0.002, -0.00468, 0.01272] linvel=[0.00589, -0.00232, 0.00125] z=0.1065
[lowlevel-sim] t=  33.50 mode=cmd        pd=21648 hold=10863 failclosed=52 rtf=0.263 base_z=+0.107 pitch=+1.540 roll=-3.099 |tau|max= 35.00 sat=2/29 knee_L=+0.272 hip_p_L=-0.105 torn=10767 cmd_age=20.7ms auth=80.7s rig_ign=1117 fix_base=0 sat_j=left_ankle_roll_joint:+35.0,right_ankle_roll_joint:-35.0
[lowlevel-sim][GT] t=33.501 quat=[0.49639, -0.504, 0.51123, 0.48808] angvel=[0.0422, 0.00304, -0.01282] linvel=[0.00228, -0.0004, -0.0036] z=0.1065
[lowlevel-sim][GT] t=33.551 quat=[0.49617, -0.50409, 0.5113, 0.48813] angvel=[-0.03852, -0.01418, 0.00947] linvel=[0.00149, -0.00348, 0.00307] z=0.1065
[lowlevel-sim][GT] t=33.601 quat=[0.49616, -0.50408, 0.51115, 0.48831] angvel=[0.07102, -0.02178, -0.00096] linvel=[0.00185, 0.0018, -0.00371] z=0.1065
[lowlevel-sim][GT] t=33.651 quat=[0.4961, -0.50418, 0.51119, 0.48823] angvel=[-0.01605, -0.01817, 0.00966] linvel=[0.00614, -0.00327, 0.00131] z=0.1065
[lowlevel-sim][GT] t=33.701 quat=[0.49607, -0.50422, 0.51102, 0.4884] angvel=[-0.04123, -0.01909, 0.00134] linvel=[0.00481, -0.0042, 0.00308] z=0.1065
[lowlevel-sim][GT] t=33.751 quat=[0.49588, -0.50436, 0.51113, 0.48834] angvel=[-0.00657, -0.00625, 0.01742] linvel=[0.00581, -0.00101, 0.00112] z=0.1065
[lowlevel-sim][GT] t=33.801 quat=[0.496, -0.50428, 0.51107, 0.48836] angvel=[-0.03445, -0.00319, -0.0219] linvel=[0.00395, -0.00391, 0.00259] z=0.1065
[lowlevel-sim][GT] t=33.851 quat=[0.49583, -0.5044, 0.51108, 0.4884] angvel=[-0.02581, -0.00631, 0.01575] linvel=[0.00556, -0.00195, 0.00223] z=0.1065
[lowlevel-sim][GT] t=33.901 quat=[0.49589, -0.50438, 0.51114, 0.4883] angvel=[0.06308, -0.01572, -0.02264] linvel=[0.00463, 0.00091, -0.00332] z=0.1064
[lowlevel-sim][GT] t=33.951 quat=[0.49583, -0.50445, 0.51116, 0.48825] angvel=[-0.01991, 0.00971, -0.00642] linvel=[0.00639, -0.0023, 0.00448] z=0.1064
[lowlevel-sim] t=  34.00 mode=cmd        pd=21898 hold=10863 failclosed=52 rtf=0.263 base_z=+0.106 pitch=+1.540 roll=-3.112 |tau|max= 35.00 sat=2/29 knee_L=+0.272 hip_p_L=-0.106 torn=10775 cmd_age=40.6ms auth=82.3s rig_ign=1117 fix_base=0 sat_j=left_ankle_roll_joint:+35.0,right_ankle_roll_joint:-35.0
[lowlevel-sim][GT] t=34.001 quat=[0.49592, -0.50426, 0.51119, 0.48833] angvel=[0.061, 0.02531, -0.03294] linvel=[0.00544, -0.00066, -0.00379] z=0.1064
[lowlevel-sim][GT] t=34.051 quat=[0.4959, -0.50432, 0.51127, 0.48822] angvel=[-0.04132, 0.01283, -0.01846] linvel=[0.00571, -0.00617, 0.00325] z=0.1064
[lowlevel-sim][GT] t=34.101 quat=[0.4959, -0.50429, 0.51108, 0.48844] angvel=[-0.00915, -0.01757, -0.00661] linvel=[0.00625, -0.00142, 0.00245] z=0.1065
[lowlevel-sim][GT] t=34.151 quat=[0.49574, -0.50432, 0.51108, 0.48858] angvel=[-0.01977, -0.02197, 0.00438] linvel=[0.0057, -0.00308, 0.00193] z=0.1065
[lowlevel-sim][GT] t=34.201 quat=[0.49566, -0.50438, 0.51096, 0.48871] angvel=[0.00702, 0.00575, 0.01679] linvel=[0.00461, -0.00157, 0.00095] z=0.1065
[lowlevel-sim][GT] t=34.251 quat=[0.49546, -0.50452, 0.51087, 0.48885] angvel=[-0.01205, -0.01357, 0.02117] linvel=[0.00329, -0.00159, 0.00178] z=0.1065
[lowlevel-sim][GT] t=34.301 quat=[0.49542, -0.50455, 0.51071, 0.48905] angvel=[-0.00828, -0.00731, 0.00059] linvel=[0.00055, -0.00268, 0.00091] z=0.1065
[lowlevel-sim][GT] t=34.351 quat=[0.49541, -0.5046, 0.5107, 0.48902] angvel=[-0.03409, -0.02579, 0.00944] linvel=[0.00402, -0.0018, 0.00285] z=0.1065
[lowlevel-sim][GT] t=34.401 quat=[0.49547, -0.50458, 0.51061, 0.48906] angvel=[0.03003, 0.00629, 0.01051] linvel=[0.00273, 0.00101, -0.00072] z=0.1066
[lowlevel-sim][GT] t=34.451 quat=[0.49528, -0.50461, 0.51069, 0.48915] angvel=[-0.03135, -0.00688, 0.01179] linvel=[0.00304, -0.0032, 0.00308] z=0.1066
[lowlevel-sim] t=  34.50 mode=cmd        pd=22148 hold=10863 failclosed=52 rtf=0.264 base_z=+0.107 pitch=+1.540 roll=-3.136 |tau|max= 35.00 sat=2/29 knee_L=+0.273 hip_p_L=-0.106 torn=10800 cmd_age=32.0ms auth=84.0s rig_ign=1117 fix_base=0 sat_j=left_ankle_roll_joint:+35.0,right_ankle_roll_joint:-35.0
[lowlevel-sim][GT] t=34.501 quat=[0.49536, -0.5045, 0.51068, 0.48919] angvel=[-0.00844, 0.00048, 0.02745] linvel=[0.00208, -0.00311, 0.00129] z=0.1065
[lowlevel-sim][GT] t=34.551 quat=[0.49531, -0.50453, 0.51076, 0.48913] angvel=[-0.03347, 0.00066, -0.00194] linvel=[0.00222, -0.00402, 0.00434] z=0.1066
[lowlevel-sim][GT] t=34.601 quat=[0.49555, -0.50446, 0.51065, 0.48907] angvel=[0.08536, 0.01575, 0.0003] linvel=[0.0012, 0.00302, -0.00346] z=0.1066
[lowlevel-sim][GT] t=34.651 quat=[0.49544, -0.5045, 0.51059, 0.48919] angvel=[-0.02553, -0.05018, -0.00668] linvel=[0.00538, -0.00041, 0.00413] z=0.1066
[lowlevel-sim][GT] t=34.701 quat=[0.4954, -0.50459, 0.51046, 0.4893] angvel=[0.03221, -0.02922, 7e-05] linvel=[-0.00029, 0.00139, -0.00246] z=0.1066
[lowlevel-sim][GT] t=34.751 quat=[0.49532, -0.50462, 0.5104, 0.4894] angvel=[-0.04078, -0.05354, -0.01478] linvel=[0.00624, -0.00273, 0.00365] z=0.1067
[lowlevel-sim][GT] t=34.801 quat=[0.49545, -0.50457, 0.51037, 0.48936] angvel=[0.03627, -0.00023, 0.00154] linvel=[-0.00038, 0.00036, -0.00368] z=0.1066
[lowlevel-sim][GT] t=34.851 quat=[0.49526, -0.50467, 0.5105, 0.4893] angvel=[-0.03905, -0.02262, -0.00952] linvel=[0.00307, -0.0053, 0.00296] z=0.1066
[lowlevel-sim][GT] t=34.901 quat=[0.49516, -0.5047, 0.51042, 0.48946] angvel=[0.01634, 0.0312, 0.03339] linvel=[-0.00254, -0.00039, -0.00038] z=0.1066
[lowlevel-sim][GT] t=34.951 quat=[0.495, -0.50481, 0.51047, 0.48945] angvel=[-0.04159, -0.0289, 0.00041] linvel=[-0.00104, -0.00519, 0.00443] z=0.1066
[lowlevel-sim] t=  35.00 mode=cmd        pd=22398 hold=10863 failclosed=52 rtf=0.264 base_z=+0.107 pitch=+1.540 roll=-3.133 |tau|max= 35.00 sat=2/29 knee_L=+0.273 hip_p_L=-0.106 torn=10816 cmd_age=54.1ms auth=86.0s rig_ign=1117 fix_base=0 sat_j=left_ankle_roll_joint:+35.0,right_ankle_roll_joint:-35.0
[lowlevel-sim][GT] t=35.001 quat=[0.49513, -0.50477, 0.51038, 0.48945] angvel=[0.04469, 0.00422, -5e-05] linvel=[-0.0039, 0.00085, -0.0052] z=0.1066
[lowlevel-sim][GT] t=35.051 quat=[0.49509, -0.5048, 0.51042, 0.48942] angvel=[-0.03752, -0.01544, -0.02546] linvel=[-0.00146, -0.00464, 0.00266] z=0.1066
[lowlevel-sim][GT] t=35.101 quat=[0.49524, -0.50471, 0.51047, 0.48931] angvel=[0.07579, 0.00432, -0.00216] linvel=[-0.00439, 0.0012, -0.00824] z=0.1065
[lowlevel-sim][GT] t=35.151 quat=[0.49518, -0.50486, 0.51053, 0.48916] angvel=[-0.0477, -0.02564, -0.01506] linvel=[0.0011, -0.00634, 0.00241] z=0.1065
[lowlevel-sim][GT] t=35.201 quat=[0.49547, -0.50476, 0.51043, 0.48907] angvel=[0.03537, -0.03853, -0.02397] linvel=[0.00059, 0.00183, -0.00018] z=0.1065
[lowlevel-sim][GT] t=35.251 quat=[0.4956, -0.50475, 0.51045, 0.48892] angvel=[-0.01431, -0.00279, -0.01515] linvel=[0.00195, -0.00616, -0.00053] z=0.1065
[lowlevel-sim][GT] t=35.301 quat=[0.49552, -0.50478, 0.51042, 0.48901] angvel=[-0.00938, -0.01011, -0.01497] linvel=[0.00363, -0.00349, 0.00045] z=0.1065
[lowlevel-sim][GT] t=35.351 quat=[0.49533, -0.50488, 0.5105, 0.48902] angvel=[-0.03426, 0.03324, 0.0387] linvel=[0.00725, -0.00858, 0.00173] z=0.1065
[lowlevel-sim][GT] t=35.401 quat=[0.49526, -0.50485, 0.51042, 0.4892] angvel=[-0.00702, -0.00875, -0.00558] linvel=[0.0025, -0.00078, 0.00111] z=0.1065
[lowlevel-sim][GT] t=35.451 quat=[0.49507, -0.505, 0.5104, 0.48927] angvel=[-0.02609, 0.02729, 0.05258] linvel=[0.00336, -0.0083, 0.00346] z=0.1065
[lowlevel-sim] t=  35.50 mode=cmd        pd=22648 hold=10863 failclosed=52 rtf=0.264 base_z=+0.106 pitch=+1.540 roll=-3.125 |tau|max= 35.00 sat=2/29 knee_L=+0.272 hip_p_L=-0.105 torn=10835 cmd_age=37.2ms auth=87.7s rig_ign=1117 fix_base=0 sat_j=left_ankle_roll_joint:+35.0,right_ankle_roll_joint:-35.0
[lowlevel-sim][GT] t=35.501 quat=[0.49506, -0.50501, 0.51027, 0.4894] angvel=[0.04248, -0.04187, 0.01118] linvel=[0.0032, 0.00122, -0.00503] z=0.1065
[lowlevel-sim][GT] t=35.551 quat=[0.49506, -0.50508, 0.51021, 0.48939] angvel=[-0.01578, 0.00494, 0.01143] linvel=[0.00984, -0.00523, 0.00192] z=0.1065
[lowlevel-sim][GT] t=35.601 quat=[0.49515, -0.50497, 0.5101, 0.48952] angvel=[-0.01514, 0.03818, -0.00856] linvel=[0.00033, -0.00446, 3e-05] z=0.1065
[lowlevel-sim][GT] t=35.651 quat=[0.49482, -0.50513, 0.5101, 0.48968] angvel=[-0.00351, 0.03465, 0.03462] linvel=[0.00628, -0.00571, 0.00161] z=0.1065
[lowlevel-sim][GT] t=35.701 quat=[0.49505, -0.505, 0.50993, 0.48976] angvel=[-0.00391, -0.03153, -0.0119] linvel=[-0.00071, -0.00227, -0.00023] z=0.1066
[lowlevel-sim][GT] t=35.751 quat=[0.49482, -0.50511, 0.51002, 0.4898] angvel=[-0.0196, 0.01504, 0.02679] linvel=[0.009, -0.00545, 0.00112] z=0.1066
[lowlevel-sim][GT] t=35.801 quat=[0.49491, -0.50505, 0.50992, 0.48987] angvel=[-0.00682, -0.00067, -0.01814] linvel=[0.00217, -0.00158, 0.00408] z=0.1066
[lowlevel-sim][GT] t=35.851 quat=[0.49484, -0.50508, 0.50987, 0.48997] angvel=[-0.03151, 0.01761, 0.03252] linvel=[0.00861, -0.00706, -0.00181] z=0.1066
[lowlevel-sim][GT] t=35.901 quat=[0.49477, -0.50498, 0.50991, 0.49009] angvel=[0.05772, -0.00168, -0.00012] linvel=[0.00182, 0.00237, -0.00234] z=0.1066
[lowlevel-sim][GT] t=35.951 quat=[0.49467, -0.5052, 0.50998, 0.4899] angvel=[-0.04051, 0.04438, 0.06074] linvel=[0.00573, -0.00704, 0.00189] z=0.1066
[lowlevel-sim] t=  36.00 mode=cmd        pd=22898 hold=10863 failclosed=52 rtf=0.264 base_z=+0.107 pitch=+1.540 roll=-3.141 |tau|max= 35.00 sat=2/29 knee_L=+0.274 hip_p_L=-0.106 torn=10842 cmd_age=40.1ms auth=89.7s rig_ign=1117 fix_base=0 sat_j=left_ankle_roll_joint:+35.0,right_ankle_roll_joint:-35.0
[lowlevel-sim][GT] t=36.001 quat=[0.49462, -0.50519, 0.50989, 0.49004] angvel=[0.01755, 0.00748, -0.00537] linvel=[0.0024, 0.00096, 0.00191] z=0.1066
[lowlevel-sim][GT] t=36.051 quat=[0.49449, -0.50526, 0.50995, 0.49004] angvel=[-0.03631, 0.03256, 0.00693] linvel=[-0.00054, -0.00277, 0.00324] z=0.1066
[lowlevel-sim][GT] t=36.101 quat=[0.49439, -0.50524, 0.50988, 0.49024] angvel=[-0.03135, 0.01205, 0.0184] linvel=[0.00517, -0.00412, 0.0033] z=0.1066
[lowlevel-sim][GT] t=36.151 quat=[0.49427, -0.50534, 0.50991, 0.49023] angvel=[-0.02372, 0.04046, 0.02061] linvel=[-0.0015, -0.00378, 0.00179] z=0.1065
[lowlevel-sim][GT] t=36.201 quat=[0.49412, -0.50531, 0.50969, 0.49064] angvel=[-0.00325, 0.00833, 0.00181] linvel=[0.00029, 0.00206, 0.00193] z=0.1066
[lowlevel-sim][GT] t=36.251 quat=[0.49402, -0.50548, 0.50975, 0.4905] angvel=[-0.0305, 0.05391, 0.06182] linvel=[0.00012, -0.00652, 0.00107] z=0.1066
[lowlevel-sim][GT] t=36.301 quat=[0.49405, -0.50553, 0.50962, 0.49055] angvel=[0.00101, 0.00263, 0.01269] linvel=[-0.00465, -0.00164, 0.00043] z=0.1066
[lowlevel-sim][GT] t=36.351 quat=[0.49416, -0.50558, 0.5096, 0.49041] angvel=[-0.01578, 0.01702, 0.03669] linvel=[-1e-05, -0.00378, 3e-05] z=0.1066
[lowlevel-sim][GT] t=36.401 quat=[0.49429, -0.5056, 0.50943, 0.49043] angvel=[0.03459, -0.00562, 0.01145] linvel=[-0.00123, 0.00316, -0.00047] z=0.1066
[lowlevel-sim][GT] t=36.451 quat=[0.49434, -0.50574, 0.50941, 0.49025] angvel=[-0.01358, 0.01649, 0.03209] linvel=[-0.00042, -0.0048, 0.0031] z=0.1066
[lowlevel-sim] t=  36.50 mode=cmd        pd=23148 hold=10863 failclosed=52 rtf=0.263 base_z=+0.107 pitch=+1.540 roll=-3.129 |tau|max= 35.00 sat=2/29 knee_L=+0.273 hip_p_L=-0.105 torn=10860 cmd_age=33.1ms auth=91.9s rig_ign=1117 fix_base=0 sat_j=left_ankle_roll_joint:+35.0,right_ankle_roll_joint:-35.0
[lowlevel-sim][GT] t=36.501 quat=[0.49432, -0.50568, 0.50941, 0.49035] angvel=[-0.01178, 0.01839, -0.00017] linvel=[-0.0026, 0.00035, 0.00058] z=0.1066
[lowlevel-sim][GT] t=36.551 quat=[0.49429, -0.50571, 0.50957, 0.49018] angvel=[-0.04033, 0.01251, 0.0374] linvel=[0.0005, -0.00674, 0.00142] z=0.1065
[lowlevel-sim][GT] t=36.601 quat=[0.49445, -0.50568, 0.50944, 0.49017] angvel=[0.0139, 0.00647, -0.0007] linvel=[-3e-05, 0.00127, -0.00156] z=0.1065
[lowlevel-sim][GT] t=36.651 quat=[0.49439, -0.50581, 0.50954, 0.49] angvel=[0.0015, 0.02188, 0.02328] linvel=[0.00167, -0.00338, 6e-05] z=0.1065
[lowlevel-sim][GT] t=36.701 quat=[0.49451, -0.50577, 0.50951, 0.48995] angvel=[0.02949, 0.0186, 0.01291] linvel=[0.00039, -0.00165, -0.00266] z=0.1065
[lowlevel-sim][GT] t=36.751 quat=[0.49447, -0.50584, 0.50964, 0.48979] angvel=[-0.03075, 0.0476, 0.0516] linvel=[0.00655, -0.0049, 0.00244] z=0.1064
[lowlevel-sim][GT] t=36.801 quat=[0.49452, -0.5058, 0.50952, 0.48992] angvel=[0.00556, 0.02555, 0.00475] linvel=[0.0041, 6e-05, 0.00098] z=0.1064
[lowlevel-sim][GT] t=36.851 quat=[0.4944, -0.50587, 0.50944, 0.49003] angvel=[-0.0314, 0.04222, 0.03469] linvel=[0.00083, -0.00476, 0.00333] z=0.1065
[lowlevel-sim][GT] t=36.901 quat=[0.49426, -0.50592, 0.50925, 0.49032] angvel=[0.04695, 0.00756, 0.02041] linvel=[0.00547, 0.0016, -0.00179] z=0.1065
[lowlevel-sim][GT] t=36.951 quat=[0.49412, -0.50602, 0.50927, 0.49034] angvel=[-0.03615, 0.03832, 0.01197] linvel=[0.0006, -0.00388, 0.00309] z=0.1065
[lowlevel-sim] t=  37.00 mode=cmd        pd=23398 hold=10863 failclosed=52 rtf=0.263 base_z=+0.107 pitch=+1.540 roll=-3.129 |tau|max= 35.00 sat=2/29 knee_L=+0.273 hip_p_L=-0.105 torn=10887 cmd_age=38.5ms auth=93.8s rig_ign=1117 fix_base=0 sat_j=left_ankle_roll_joint:+35.0,right_ankle_roll_joint:-35.0
[lowlevel-sim][GT] t=37.001 quat=[0.49409, -0.50595, 0.5091, 0.49062] angvel=[0.02822, -0.04787, -0.02245] linvel=[0.00529, -0.00129, -0.00199] z=0.1065
[lowlevel-sim][GT] t=37.051 quat=[0.49385, -0.50608, 0.50927, 0.49055] angvel=[-0.0688, 0.02258, 0.00442] linvel=[0.00194, -0.00589, 0.00657] z=0.1065
[lowlevel-sim][GT] t=37.101 quat=[0.49374, -0.50602, 0.5092, 0.49079] angvel=[-0.01276, -0.01986, -0.01484] linvel=[0.00477, -0.00311, 0.00116] z=0.1065
[lowlevel-sim][GT] t=37.151 quat=[0.49375, -0.50605, 0.50921, 0.49073] angvel=[-0.00399, 0.0115, 0.03834] linvel=[0.00415, -0.0049, -0.00058] z=0.1065
[lowlevel-sim][GT] t=37.201 quat=[0.49379, -0.50587, 0.50926, 0.49084] angvel=[0.04307, 0.01387, -0.01372] linvel=[0.00089, 0.00125, -0.00134] z=0.1066
[lowlevel-sim][GT] t=37.251 quat=[0.49393, -0.50587, 0.50932, 0.49064] angvel=[-0.03165, 0.02456, -0.01033] linvel=[-0.00247, -0.00366, 0.00272] z=0.1066
[lowlevel-sim][GT] t=37.301 quat=[0.49412, -0.50573, 0.50915, 0.49076] angvel=[0.02501, 0.06659, 0.01552] linvel=[0.00904, 0.00021, -0.00038] z=0.1066
[lowlevel-sim][GT] t=37.351 quat=[0.49414, -0.50573, 0.50928, 0.49061] angvel=[-0.02684, 0.03083, 0.00828] linvel=[-0.00035, -0.00297, 0.00254] z=0.1066
[lowlevel-sim][GT] t=37.401 quat=[0.49412, -0.50567, 0.50914, 0.49083] angvel=[-0.00779, 0.02904, 0.0026] linvel=[0.00445, -0.00266, 0.0017] z=0.1067
[lowlevel-sim][GT] t=37.451 quat=[0.4941, -0.50581, 0.50922, 0.49063] angvel=[-0.03159, 0.03219, 0.01879] linvel=[-0.00345, -0.00381, 0.00216] z=0.1067
[lowlevel-sim] t=  37.50 mode=cmd        pd=23648 hold=10863 failclosed=52 rtf=0.264 base_z=+0.107 pitch=+1.541 roll=-3.135 |tau|max= 35.00 sat=2/29 knee_L=+0.274 hip_p_L=-0.106 torn=10923 cmd_age=29.8ms auth=95.5s rig_ign=1117 fix_base=0 sat_j=left_ankle_roll_joint:+35.0,right_ankle_roll_joint:-35.0
[lowlevel-sim][GT] t=37.501 quat=[0.49415, -0.5058, 0.5091, 0.49072] angvel=[0.05294, -0.03116, -0.00935] linvel=[0.0029, 0.00203, -0.0043] z=0.1067
[lowlevel-sim][GT] t=37.551 quat=[0.49414, -0.50571, 0.50919, 0.49072] angvel=[-0.04366, 0.02281, -0.01016] linvel=[-0.00012, -0.00137, 0.00273] z=0.1067
[lowlevel-sim][GT] t=37.601 quat=[0.49431, -0.5056, 0.5092, 0.49066] angvel=[0.06752, -0.03339, -0.00673] linvel=[0.00543, 0.00214, -0.00524] z=0.1067
[lowlevel-sim] FAIL-CLOSED engaged at t=37.642s, last command age 86.96 ms (deadline <= 100 ms) PASS
[lowlevel-sim] COMMANDED at t=37.644s (was fail-closed)
[lowlevel-sim][GT] t=37.651 quat=[0.494, -0.50588, 0.50958, 0.49028] angvel=[-0.11684, 0.01543, 0.05269] linvel=[0.00331, -0.00807, 0.00057] z=0.1066
[lowlevel-sim][GT] t=37.701 quat=[0.49419, -0.50581, 0.50947, 0.49027] angvel=[-0.06619, -0.00551, -0.00741] linvel=[-0.00187, -0.00324, 0.00727] z=0.1065
[lowlevel-sim][GT] t=37.751 quat=[0.49394, -0.50584, 0.50952, 0.49044] angvel=[-0.00748, 0.02201, 0.02514] linvel=[0.00368, -0.00527, 0.00067] z=0.1065
[lowlevel-sim][GT] t=37.801 quat=[0.49408, -0.50572, 0.50939, 0.49057] angvel=[-0.0169, 0.01186, 4e-05] linvel=[-0.00037, 0.00058, 0.00278] z=0.1066
[lowlevel-sim][GT] t=37.851 quat=[0.49389, -0.50588, 0.50937, 0.49061] angvel=[-0.04255, 0.01031, 0.02453] linvel=[-0.00316, -0.00843, 0.00111] z=0.1066
[lowlevel-sim][GT] t=37.901 quat=[0.49383, -0.50586, 0.50927, 0.4908] angvel=[0.04904, -0.04162, -0.02127] linvel=[-0.00728, 0.00028, -0.0023] z=0.1066
[lowlevel-sim][GT] t=37.951 quat=[0.49382, -0.50596, 0.50919, 0.49078] angvel=[-0.02487, 0.03776, 0.03186] linvel=[-0.0006, -0.00642, -0.00028] z=0.1067
[lowlevel-sim] t=  38.00 mode=cmd        pd=23898 hold=10863 failclosed=53 rtf=0.264 base_z=+0.107 pitch=+1.540 roll=-3.136 |tau|max= 35.00 sat=2/29 knee_L=+0.274 hip_p_L=-0.106 torn=10944 cmd_age=32.1ms auth=97.3s rig_ign=1117 fix_base=0 sat_j=left_ankle_roll_joint:+35.0,right_ankle_roll_joint:-35.0
[lowlevel-sim][GT] t=38.001 quat=[0.49397, -0.50594, 0.50913, 0.49072] angvel=[-0.05338, -0.04547, -0.01482] linvel=[-0.00892, -0.0055, 0.00674] z=0.1067
[lowlevel-sim][GT] t=38.051 quat=[0.49395, -0.50592, 0.50922, 0.49066] angvel=[-0.03418, 0.00589, 0.00411] linvel=[-0.00638, -0.00556, 0.00227] z=0.1067
[lowlevel-sim][GT] t=38.101 quat=[0.49412, -0.50581, 0.50915, 0.49068] angvel=[-0.10407, 0.0001, 0.00815] linvel=[-0.00785, -0.00525, 0.00638] z=0.1067
[lowlevel-sim][GT] t=38.151 quat=[0.49393, -0.50591, 0.5093, 0.49061] angvel=[-0.0433, 0.00573, 0.03329] linvel=[-0.0071, -0.00645, 0.00304] z=0.1066
[lowlevel-sim][GT] t=38.201 quat=[0.494, -0.50597, 0.50904, 0.49076] angvel=[-0.09322, 0.02492, 0.00368] linvel=[-0.00448, -0.00466, 0.009] z=0.1067
[lowlevel-sim][GT] t=38.251 quat=[0.49409, -0.50602, 0.50907, 0.49058] angvel=[-0.05417, -0.01545, -0.01289] linvel=[-0.00485, -0.00718, 0.0022] z=0.1067
[lowlevel-sim][GT] t=38.301 quat=[0.49411, -0.506, 0.5091, 0.49055] angvel=[-0.07533, 0.04475, -0.00753] linvel=[-0.00348, -0.00439, 0.00797] z=0.1066
[lowlevel-sim][GT] t=38.351 quat=[0.49415, -0.50613, 0.5092, 0.49028] angvel=[-0.06631, -0.0433, -0.00731] linvel=[-0.00212, -0.00594, 0.00689] z=0.1066
[lowlevel-sim][GT] t=38.401 quat=[0.49418, -0.50613, 0.50907, 0.49036] angvel=[-0.08696, 0.05828, 0.0335] linvel=[-0.00054, -0.00403, 0.01137] z=0.1066
[lowlevel-sim][GT] t=38.451 quat=[0.49423, -0.50622, 0.50914, 0.49015] angvel=[-0.0249, 0.00223, 0.01347] linvel=[-0.00185, -0.00086, 0.0036] z=0.1066
[lowlevel-sim] t=  38.50 mode=cmd        pd=24148 hold=10863 failclosed=53 rtf=0.264 base_z=+0.107 pitch=+1.540 roll=-3.097 |tau|max= 35.00 sat=2/29 knee_L=+0.273 hip_p_L=-0.105 torn=10970 cmd_age=37.5ms auth=99.1s rig_ign=1117 fix_base=0 sat_j=left_ankle_roll_joint:+35.0,right_ankle_roll_joint:-35.0
[lowlevel-sim][GT] t=38.501 quat=[0.49446, -0.50606, 0.50909, 0.49015] angvel=[-0.01482, -0.02211, -0.00923] linvel=[0.00799, -0.00446, 0.00256] z=0.1066
[lowlevel-sim][GT] t=38.551 quat=[0.4945, -0.50611, 0.50914, 0.49001] angvel=[-0.03664, -0.02635, -0.01712] linvel=[0.00406, -0.0037, 0.00206] z=0.1067
[lowlevel-sim][GT] t=38.601 quat=[0.49445, -0.50613, 0.50899, 0.49019] angvel=[0.01777, -0.08041, -0.01492] linvel=[0.00587, 0.00202, -0.00016] z=0.1067
[lowlevel-sim][GT] t=38.651 quat=[0.49416, -0.50622, 0.50907, 0.49029] angvel=[-0.06127, 0.02613, 0.01922] linvel=[0.00147, -0.01042, 0.00608] z=0.1067
[lowlevel-sim][GT] t=38.701 quat=[0.4941, -0.50619, 0.50888, 0.49058] angvel=[0.01856, -0.03914, -0.02863] linvel=[0.00602, -0.00108, -0.00396] z=0.1067
[lowlevel-sim][GT] t=38.751 quat=[0.49395, -0.5062, 0.50903, 0.49057] angvel=[-0.03328, 0.01118, 0.02949] linvel=[0.00092, -0.00577, 0.00087] z=0.1067
[lowlevel-sim][GT] t=38.801 quat=[0.49401, -0.50604, 0.50902, 0.4907] angvel=[-0.01296, 0.0438, 0.01809] linvel=[0.00284, -0.00023, 0.00109] z=0.1067
[lowlevel-sim][GT] t=38.851 quat=[0.49401, -0.50606, 0.50916, 0.49052] angvel=[-0.01034, 0.00951, -0.01564] linvel=[0.0026, -0.00302, 0.00133] z=0.1067
[lowlevel-sim][GT] t=38.901 quat=[0.49435, -0.50588, 0.50914, 0.49039] angvel=[-0.04109, 0.04576, 0.00542] linvel=[0.00759, -0.00396, 0.00281] z=0.1067
[lowlevel-sim][GT] t=38.951 quat=[0.49436, -0.50588, 0.5094, 0.49011] angvel=[-0.03987, 0.01021, -0.0004] linvel=[0.00594, -0.00797, 0.00301] z=0.1066
[lowlevel-sim] t=  39.00 mode=cmd        pd=24398 hold=10863 failclosed=53 rtf=0.264 base_z=+0.107 pitch=+1.540 roll=-3.108 |tau|max= 35.00 sat=2/29 knee_L=+0.273 hip_p_L=-0.106 torn=10999 cmd_age=20.8ms auth=101.2s rig_ign=1117 fix_base=0 sat_j=left_ankle_roll_joint:+35.0,right_ankle_roll_joint:-35.0
[lowlevel-sim][GT] t=39.001 quat=[0.49453, -0.50581, 0.50946, 0.48995] angvel=[-0.05157, 0.01488, -0.01167] linvel=[0.0061, -0.00421, 0.00451] z=0.1066
[lowlevel-sim][GT] t=39.051 quat=[0.49439, -0.50572, 0.50959, 0.49005] angvel=[-0.04006, 0.02666, 0.03488] linvel=[0.00464, -0.00628, 0.00417] z=0.1067
[lowlevel-sim][GT] t=39.101 quat=[0.49449, -0.50552, 0.50945, 0.4903] angvel=[-0.00377, 0.02316, -0.01222] linvel=[0.00276, -7e-05, 0.00268] z=0.1067
[lowlevel-sim][GT] t=39.151 quat=[0.49439, -0.50564, 0.50946, 0.49027] angvel=[-0.03749, -0.0209, -0.03871] linvel=[0.00319, -0.00571, 0.0023] z=0.1067
[lowlevel-sim][GT] t=39.201 quat=[0.49451, -0.50559, 0.50936, 0.4903] angvel=[-0.04967, 0.03549, 0.01491] linvel=[-0.00288, -0.00363, 0.00923] z=0.1068
[lowlevel-sim][GT] t=39.251 quat=[0.49408, -0.5058, 0.50931, 0.49056] angvel=[-0.0696, 0.00223, -0.01922] linvel=[-0.00035, -0.00698, 0.00742] z=0.1068
[lowlevel-sim][GT] t=39.301 quat=[0.49401, -0.50574, 0.50923, 0.49078] angvel=[0.06538, 0.01396, 0.00497] linvel=[-0.00493, -0.00146, -0.00449] z=0.1068
[lowlevel-sim][GT] t=39.351 quat=[0.49401, -0.50571, 0.5092, 0.49084] angvel=[-0.02399, -0.01817, -0.01497] linvel=[-0.01007, -0.00509, 0.00176] z=0.1069
[lowlevel-sim][GT] t=39.401 quat=[0.4941, -0.5057, 0.50898, 0.49099] angvel=[-0.03892, -0.00811, -0.00645] linvel=[0.00515, -0.00311, 0.00393] z=0.1069
[lowlevel-sim][GT] t=39.451 quat=[0.49421, -0.5057, 0.50909, 0.49077] angvel=[-0.04145, -0.03092, -0.04007] linvel=[-0.00861, -0.00736, 0.00114] z=0.1069
[lowlevel-sim] t=  39.50 mode=cmd        pd=24648 hold=10863 failclosed=53 rtf=0.264 base_z=+0.107 pitch=+1.541 roll=-3.138 |tau|max= 35.00 sat=2/29 knee_L=+0.275 hip_p_L=-0.106 torn=11024 cmd_age=30.0ms auth=103.1s rig_ign=1117 fix_base=0 sat_j=left_ankle_roll_joint:+35.0,right_ankle_roll_joint:-35.0
[lowlevel-sim][GT] t=39.501 quat=[0.49424, -0.50564, 0.50911, 0.49078] angvel=[-0.07334, 0.05328, 0.0204] linvel=[0.00222, -0.0056, 0.00718] z=0.1069
[lowlevel-sim][GT] t=39.551 quat=[0.49439, -0.50564, 0.50912, 0.49061] angvel=[-0.04164, 0.01561, 0.00282] linvel=[-0.00049, -0.00124, 0.00076] z=0.1069
[lowlevel-sim][GT] t=39.601 quat=[0.49455, -0.50561, 0.50907, 0.49054] angvel=[-0.00369, -0.06057, -0.0083] linvel=[0.00033, -0.00183, 0.003] z=0.1069
[lowlevel-sim][GT] t=39.651 quat=[0.49445, -0.50572, 0.5091, 0.4905] angvel=[-0.03384, -0.01477, -0.03378] linvel=[-0.0088, -0.0074, 0.00471] z=0.1069
[lowlevel-sim][GT] t=39.701 quat=[0.49458, -0.50568, 0.50893, 0.49058] angvel=[-0.06208, -0.00713, -0.0056] linvel=[0.00103, -0.00371, 0.0084] z=0.1069
[lowlevel-sim][GT] t=39.751 quat=[0.49434, -0.50576, 0.50905, 0.49061] angvel=[-0.05896, 0.01915, 0.00278] linvel=[-0.00354, -0.00459, 0.00458] z=0.1069
[lowlevel-sim][GT] t=39.801 quat=[0.49437, -0.50574, 0.50903, 0.49063] angvel=[-0.08239, 0.018, 0.00456] linvel=[-0.00383, -0.00393, 0.00735] z=0.1069
[lowlevel-sim][GT] t=39.851 quat=[0.4942, -0.50579, 0.5091, 0.49066] angvel=[-0.0436, -0.00457, 0.00332] linvel=[0.00309, -0.00736, 0.00056] z=0.1069
[lowlevel-sim][GT] t=39.901 quat=[0.49432, -0.50571, 0.50922, 0.4905] angvel=[0.02284, 0.04848, 0.02357] linvel=[-0.00042, -0.00357, -0.00373] z=0.1068
[lowlevel-sim][GT] t=39.951 quat=[0.49431, -0.50572, 0.50925, 0.49047] angvel=[-0.03424, 0.02455, 0.04594] linvel=[0.00645, -0.00704, 0.00209] z=0.1068
[lowlevel-sim] t=  40.00 mode=cmd        pd=24898 hold=10863 failclosed=53 rtf=0.264 base_z=+0.107 pitch=+1.541 roll=-3.116 |tau|max= 35.00 sat=2/29 knee_L=+0.275 hip_p_L=-0.106 torn=11046 cmd_age=36.7ms auth=105.0s rig_ign=1117 fix_base=0 sat_j=left_ankle_roll_joint:+35.0,right_ankle_roll_joint:-35.0
[lowlevel-sim][GT] t=40.001 quat=[0.49452, -0.50567, 0.50914, 0.49044] angvel=[-0.04351, 0.0104, 0.00914] linvel=[-0.00255, -0.00389, 0.00624] z=0.1069
[lowlevel-sim][GT] t=40.051 quat=[0.4945, -0.50575, 0.50912, 0.49039] angvel=[-0.01716, 0.01009, 0.01273] linvel=[0.01147, -0.00456, 0.00017] z=0.1069
[lowlevel-sim][GT] t=40.101 quat=[0.49465, -0.50564, 0.50907, 0.4904] angvel=[0.00839, 0.00533, 0.00285] linvel=[0.00791, -0.00223, -0.00246] z=0.1069
[lowlevel-sim][GT] t=40.151 quat=[0.49447, -0.50569, 0.50919, 0.4904] angvel=[-0.02286, 0.03756, 0.0451] linvel=[0.00925, -0.00743, 0.00123] z=0.1069
[lowlevel-sim][GT] t=40.201 quat=[0.49443, -0.50568, 0.50916, 0.4905] angvel=[0.01488, 0.01521, 0.00714] linvel=[0.00287, -0.00013, -0.00074] z=0.1068
[lowlevel-sim][GT] t=40.251 quat=[0.49407, -0.50575, 0.50912, 0.49082] angvel=[-0.02811, -0.00751, 5e-05] linvel=[0.00345, -0.00316, 0.0039] z=0.1069
[lowlevel-sim][GT] t=40.301 quat=[0.49408, -0.50575, 0.50893, 0.49102] angvel=[0.0421, 0.04671, 0.00558] linvel=[-0.00238, -0.00224, -0.00411] z=0.1069
[lowlevel-sim][GT] t=40.351 quat=[0.49401, -0.5058, 0.50902, 0.49093] angvel=[-0.03204, -0.00132, -0.00544] linvel=[0.00071, -0.00701, 0.00089] z=0.1069
[lowlevel-sim][GT] t=40.401 quat=[0.49412, -0.5057, 0.5091, 0.49086] angvel=[-0.03068, 0.04834, -0.00848] linvel=[-0.00203, -0.00483, 0.00088] z=0.1068
[lowlevel-sim][GT] t=40.451 quat=[0.49394, -0.50581, 0.50921, 0.4908] angvel=[-0.02533, 0.01597, -0.00234] linvel=[-0.0001, -0.00713, -0.00023] z=0.1068
[lowlevel-sim] t=  40.50 mode=cmd        pd=25148 hold=10863 failclosed=53 rtf=0.264 base_z=+0.107 pitch=+1.541 roll=-3.131 |tau|max= 35.00 sat=2/29 knee_L=+0.274 hip_p_L=-0.106 torn=11076 cmd_age=35.3ms auth=106.5s rig_ign=1117 fix_base=0 sat_j=left_ankle_roll_joint:+35.0,right_ankle_roll_joint:-35.0
[lowlevel-sim][GT] t=40.501 quat=[0.49424, -0.50572, 0.50925, 0.49055] angvel=[0.00622, 0.06371, -0.01165] linvel=[-0.00136, -0.00357, -0.00271] z=0.1068
[lowlevel-sim][GT] t=40.551 quat=[0.49425, -0.50575, 0.50931, 0.49044] angvel=[-0.03943, -0.01515, -0.00711] linvel=[0.00508, 4e-05, 0.00325] z=0.1068
[lowlevel-sim][GT] t=40.601 quat=[0.49432, -0.50572, 0.50917, 0.49055] angvel=[0.07521, 0.01584, -0.00401] linvel=[-0.00053, 0.00251, -0.00583] z=0.1068
[lowlevel-sim][GT] t=40.651 quat=[0.49427, -0.50588, 0.50919, 0.49042] angvel=[-0.03858, 0.00793, -0.00315] linvel=[0.00178, -0.00375, 0.00311] z=0.1067
[lowlevel-sim][GT] t=40.701 quat=[0.49421, -0.50579, 0.50919, 0.49057] angvel=[0.08083, 0.01983, 0.0234] linvel=[0.0038, 0.00219, -0.00387] z=0.1067
[lowlevel-sim][GT] t=40.751 quat=[0.49407, -0.50574, 0.50924, 0.49071] angvel=[-0.0245, -0.00471, -0.00335] linvel=[0.00065, -0.00693, -0.00023] z=0.1068
[lowlevel-sim][GT] t=40.801 quat=[0.49417, -0.50574, 0.50916, 0.49069] angvel=[0.04272, 0.05688, 0.00153] linvel=[0.01135, 0.00109, -0.00267] z=0.1068
[lowlevel-sim][GT] t=40.851 quat=[0.49417, -0.5057, 0.5093, 0.49059] angvel=[-0.02737, -0.01043, 0.01658] linvel=[0.00422, -0.00366, 0.00068] z=0.1068
[lowlevel-sim][GT] t=40.901 quat=[0.49419, -0.5056, 0.50932, 0.49065] angvel=[0.05772, 0.00775, -0.00729] linvel=[0.00681, -0.00151, -0.00699] z=0.1068
[lowlevel-sim][GT] t=40.951 quat=[0.49428, -0.50556, 0.50946, 0.49045] angvel=[-0.03168, -0.00677, -0.02367] linvel=[0.00092, -0.00289, 0.00227] z=0.1068
[lowlevel-sim] t=  41.00 mode=cmd        pd=25398 hold=10863 failclosed=53 rtf=0.265 base_z=+0.107 pitch=+1.541 roll=+3.137 |tau|max= 35.00 sat=2/29 knee_L=+0.275 hip_p_L=-0.107 torn=11093 cmd_age=27.1ms auth=108.1s rig_ign=1117 fix_base=0 sat_j=left_ankle_roll_joint:+35.0,right_ankle_roll_joint:-35.0
[lowlevel-sim][GT] t=41.001 quat=[0.49429, -0.50547, 0.5095, 0.49051] angvel=[-0.05717, 0.02699, 0.01845] linvel=[0.00665, -0.0052, 0.00712] z=0.1067
[lowlevel-sim][GT] t=41.051 quat=[0.49439, -0.50544, 0.50957, 0.49035] angvel=[-0.01043, -0.00317, -0.00529] linvel=[0.00092, -0.00373, 0.00057] z=0.1068
[lowlevel-sim][GT] t=41.101 quat=[0.49452, -0.50532, 0.50964, 0.49028] angvel=[0.04241, -0.0982, -0.03151] linvel=[0.00035, 0.0006, -0.00498] z=0.1067
[lowlevel-sim][GT] t=41.151 quat=[0.4944, -0.50543, 0.50976, 0.49015] angvel=[-0.05332, -0.01373, -0.00121] linvel=[0.00527, -0.00671, 0.00448] z=0.1067
[lowlevel-sim][GT] t=41.201 quat=[0.49455, -0.50533, 0.5096, 0.49028] angvel=[0.03093, 0.02595, -0.00944] linvel=[0.00321, 0.00042, -0.00204] z=0.1067
[lowlevel-sim][GT] t=41.251 quat=[0.49452, -0.50526, 0.50967, 0.4903] angvel=[-0.00187, -0.00652, 0.00401] linvel=[0.00335, -0.00441, -0.00069] z=0.1067
[lowlevel-sim][GT] t=41.301 quat=[0.49447, -0.50518, 0.50966, 0.49045] angvel=[0.0181, -0.04376, -0.00812] linvel=[-0.00239, -0.00095, -0.00029] z=0.1067
[lowlevel-sim][GT] t=41.351 quat=[0.49425, -0.50523, 0.50968, 0.49059] angvel=[-0.02105, -0.02148, 0.0333] linvel=[-0.00354, -0.00733, -0.00229] z=0.1067
[lowlevel-sim][GT] t=41.401 quat=[0.49417, -0.50515, 0.50969, 0.49076] angvel=[-0.02844, 0.00769, -0.0031] linvel=[-0.00572, -0.00058, 0.0041] z=0.1067
[lowlevel-sim][GT] t=41.451 quat=[0.4943, -0.50514, 0.50968, 0.49064] angvel=[-0.02018, -0.01332, 0.01952] linvel=[-0.00287, -0.00305, 0.00178] z=0.1068
[lowlevel-sim] t=  41.50 mode=cmd        pd=25648 hold=10863 failclosed=53 rtf=0.265 base_z=+0.107 pitch=+1.541 roll=+3.125 |tau|max= 35.00 sat=2/29 knee_L=+0.275 hip_p_L=-0.106 torn=11127 cmd_age=23.4ms auth=109.8s rig_ign=1117 fix_base=0 sat_j=left_ankle_roll_joint:+35.0,right_ankle_roll_joint:-35.0
[lowlevel-sim][GT] t=41.501 quat=[0.49443, -0.50514, 0.50968, 0.49051] angvel=[-0.08536, -0.03094, 0.00132] linvel=[-0.00411, -0.00599, 0.00665] z=0.1068
[lowlevel-sim][GT] t=41.551 quat=[0.49431, -0.50527, 0.50968, 0.4905] angvel=[-0.03531, -0.00397, 0.00764] linvel=[-0.00431, -0.00536, 0.0012] z=0.1068
[lowlevel-sim][GT] t=41.601 quat=[0.49438, -0.5053, 0.50965, 0.49043] angvel=[-0.00567, 0.08057, 0.01706] linvel=[-0.00449, -0.00047, 0.00136] z=0.1067
[lowlevel-sim][GT] t=41.651 quat=[0.4942, -0.50541, 0.50966, 0.49048] angvel=[-0.00843, 0.02451, 0.01882] linvel=[-0.00096, -0.0056, -0.00115] z=0.1067
[lowlevel-sim][GT] t=41.701 quat=[0.49436, -0.50533, 0.50973, 0.49033] angvel=[0.03899, 0.0381, 0.00105] linvel=[-0.00295, 0.00118, -0.00209] z=0.1067
[lowlevel-sim][GT] t=41.751 quat=[0.49439, -0.50535, 0.50972, 0.49029] angvel=[-0.03965, 0.04263, 0.04378] linvel=[-0.00139, -0.0078, 0.00269] z=0.1067
[lowlevel-sim][GT] t=41.801 quat=[0.49446, -0.50534, 0.50966, 0.4903] angvel=[-0.01322, -0.01703, -0.01775] linvel=[-0.00422, -0.00174, 0.00059] z=0.1067
[lowlevel-sim][GT] t=41.851 quat=[0.49442, -0.5055, 0.50963, 0.49019] angvel=[-0.02715, -0.06365, -0.06674] linvel=[-0.00827, -0.00706, 0.00206] z=0.1067
[lowlevel-sim][GT] t=41.901 quat=[0.49451, -0.50535, 0.50962, 0.49027] angvel=[-0.01517, 0.03103, 0.01349] linvel=[0.00091, -0.00055, 0.00312] z=0.1067
[lowlevel-sim] FAIL-CLOSED engaged at t=41.940s, last command age 92.49 ms (deadline <= 100 ms) PASS
[lowlevel-sim] COMMANDED at t=41.942s (was fail-closed)
[lowlevel-sim][GT] t=41.951 quat=[0.49454, -0.50548, 0.50978, 0.48993] angvel=[-0.06566, 0.0206, 0.01768] linvel=[-0.00543, -0.00151, 0.00747] z=0.1066
[lowlevel-sim] t=  42.00 mode=cmd        pd=25898 hold=10863 failclosed=54 rtf=0.265 base_z=+0.107 pitch=+1.540 roll=+3.139 |tau|max=  9.12 sat=0/29 knee_L=+0.275 hip_p_L=-0.107 torn=11158 cmd_age=23.8ms auth=111.5s rig_ign=1117 fix_base=0
[lowlevel-sim][GT] t=42.001 quat=[0.49429, -0.50549, 0.50966, 0.49031] angvel=[-0.02171, -0.00738, -0.00285] linvel=[-0.00642, -0.00071, 0.0025] z=0.1067
[lowlevel-sim][GT] t=42.051 quat=[0.49446, -0.50549, 0.50941, 0.4904] angvel=[-0.02232, -0.08788, -0.01869] linvel=[-0.00771, -0.00258, 0.00334] z=0.1067
[lowlevel-sim][GT] t=42.101 quat=[0.4943, -0.50564, 0.50938, 0.49044] angvel=[-0.0334, -0.01431, 0.00748] linvel=[-0.00311, -0.00532, 0.00114] z=0.1068
[lowlevel-sim][GT] t=42.151 quat=[0.49433, -0.50565, 0.50942, 0.49035] angvel=[-0.00617, 0.02, -0.02119] linvel=[-0.00395, -0.00365, 0.00207] z=0.1067
[lowlevel-sim][GT] t=42.201 quat=[0.49424, -0.5057, 0.50947, 0.49034] angvel=[-0.04758, -0.00181, -0.00239] linvel=[-0.00162, -0.01051, 0.00122] z=0.1067
[lowlevel-sim][GT] t=42.251 quat=[0.49445, -0.50562, 0.50953, 0.49015] angvel=[0.03313, 0.02749, 0.01132] linvel=[0.00084, -0.00011, -0.00314] z=0.1066
[lowlevel-sim][GT] t=42.301 quat=[0.49441, -0.50571, 0.50958, 0.49004] angvel=[-0.06017, 0.00582, 0.01016] linvel=[0.00332, -0.00211, 0.00575] z=0.1066
[lowlevel-sim][GT] t=42.351 quat=[0.49471, -0.5056, 0.50939, 0.49005] angvel=[0.03979, 0.02417, 0.00986] linvel=[0.00604, -0.00017, -0.00313] z=0.1067
[lowlevel-sim][GT] t=42.401 quat=[0.49457, -0.50564, 0.50947, 0.49008] angvel=[-0.05404, -0.00261, -0.00846] linvel=[0.00638, -0.00508, 0.00247] z=0.1067
[lowlevel-sim][GT] t=42.451 quat=[0.49444, -0.50555, 0.5095, 0.49026] angvel=[0.04964, -0.01519, -0.00585] linvel=[0.00694, -0.00059, -0.00354] z=0.1067
[lowlevel-sim] t=  42.50 mode=cmd        pd=26148 hold=10863 failclosed=54 rtf=0.266 base_z=+0.107 pitch=+1.540 roll=-3.133 |tau|max= 10.05 sat=0/29 knee_L=+0.275 hip_p_L=-0.106 torn=11170 cmd_age=27.0ms auth=113.1s rig_ign=1117 fix_base=0
[lowlevel-sim][GT] t=42.501 quat=[0.49442, -0.50553, 0.50961, 0.49018] angvel=[-0.00102, -0.01925, -0.03332] linvel=[0.00062, -0.00727, -0.00173] z=0.1066
[lowlevel-sim][GT] t=42.551 quat=[0.49437, -0.5055, 0.50969, 0.4902] angvel=[-0.01425, 0.10934, 0.02819] linvel=[0.00741, -0.0042, 0.00345] z=0.1066
[lowlevel-sim][GT] t=42.601 quat=[0.49447, -0.50552, 0.50968, 0.49008] angvel=[-0.02252, -0.0211, -0.02363] linvel=[0.00099, -0.00714, 0.00208] z=0.1066
[lowlevel-sim][GT] t=42.651 quat=[0.49444, -0.50548, 0.50957, 0.49027] angvel=[0.01612, -0.00425, 0.01432] linvel=[0.00571, -0.00043, 0.00185] z=0.1066
[lowlevel-sim][GT] t=42.701 quat=[0.49434, -0.50559, 0.50963, 0.49019] angvel=[-0.06178, -0.0342, -0.04423] linvel=[-0.00341, -0.00773, 0.00417] z=0.1066
[lowlevel-sim][GT] t=42.751 quat=[0.49427, -0.50559, 0.50949, 0.49041] angvel=[0.00076, 0.0494, 0.0237] linvel=[0.00762, -0.00181, 0.0019] z=0.1066
[lowlevel-sim][GT] t=42.801 quat=[0.49427, -0.50567, 0.50959, 0.49022] angvel=[-0.04589, -0.03056, -0.04187] linvel=[-0.00173, -0.00826, 0.00415] z=0.1066
[lowlevel-sim][GT] t=42.851 quat=[0.49431, -0.50561, 0.50946, 0.49038] angvel=[0.04131, -0.01041, 0.01564] linvel=[0.00414, 0.00125, -0.00333] z=0.1066
[lowlevel-sim][GT] t=42.901 quat=[0.49411, -0.50572, 0.50943, 0.4905] angvel=[-0.01224, -0.0311, -0.05494] linvel=[-0.00194, -0.00568, 0.00076] z=0.1066
[lowlevel-sim][GT] t=42.951 quat=[0.49393, -0.50568, 0.50937, 0.49078] angvel=[-0.02349, 0.0452, 0.01891] linvel=[0.00102, -0.00294, 0.00337] z=0.1066
[lowlevel-sim] t=  43.00 mode=cmd        pd=26398 hold=10863 failclosed=54 rtf=0.266 base_z=+0.107 pitch=+1.540 roll=+3.126 |tau|max=  9.17 sat=0/29 knee_L=+0.275 hip_p_L=-0.107 torn=11192 cmd_age=36.3ms auth=114.9s rig_ign=1117 fix_base=0
[lowlevel-sim][GT] t=43.001 quat=[0.49381, -0.50577, 0.5093, 0.49087] angvel=[-0.03075, 0.03383, 0.00692] linvel=[-0.00056, -0.00288, 0.00328] z=0.1067
[lowlevel-sim][GT] t=43.051 quat=[0.49395, -0.50571, 0.50919, 0.49091] angvel=[-0.03243, 0.004, 0.00721] linvel=[0.00586, -0.00406, 0.00498] z=0.1067
[lowlevel-sim][GT] t=43.101 quat=[0.49399, -0.50565, 0.50932, 0.4908] angvel=[-0.02535, 0.01646, 0.01613] linvel=[-0.00503, -0.00513, 0.00117] z=0.1067
[lowlevel-sim][GT] t=43.151 quat=[0.49396, -0.5056, 0.50935, 0.49085] angvel=[-0.01867, -0.00398, 0.01008] linvel=[0.00116, -0.00429, 0.00349] z=0.1067
[lowlevel-sim][GT] t=43.201 quat=[0.49402, -0.50567, 0.5095, 0.49058] angvel=[-0.0368, 0.04851, 0.00282] linvel=[-0.00482, -0.00366, 0.00215] z=0.1067
[lowlevel-sim][GT] t=43.251 quat=[0.49391, -0.50561, 0.50941, 0.49083] angvel=[-0.10072, 0.05064, 0.02306] linvel=[-0.00111, -0.00632, 0.00892] z=0.1067
[lowlevel-sim][GT] t=43.301 quat=[0.49408, -0.50563, 0.50957, 0.49047] angvel=[-0.03816, 0.01686, 0.0027] linvel=[-0.00505, -0.0032, 0.00299] z=0.1067
[lowlevel-sim][GT] t=43.351 quat=[0.49413, -0.50556, 0.50949, 0.49057] angvel=[-0.02293, 0.05562, 0.00971] linvel=[0.00412, -0.00327, 0.00393] z=0.1067
[lowlevel-sim][GT] t=43.401 quat=[0.49412, -0.5057, 0.50952, 0.49041] angvel=[-0.0418, 0.00277, 0.02142] linvel=[-0.00327, -0.00644, 0.00526] z=0.1067
[lowlevel-sim][GT] t=43.451 quat=[0.49422, -0.50568, 0.50935, 0.49052] angvel=[-0.00837, -0.06157, -0.00315] linvel=[-0.00486, -0.00164, 0.00071] z=0.1067
[lowlevel-sim] t=  43.50 mode=cmd        pd=26648 hold=10863 failclosed=54 rtf=0.266 base_z=+0.107 pitch=+1.540 roll=-3.128 |tau|max=  9.75 sat=0/29 knee_L=+0.275 hip_p_L=-0.106 torn=11207 cmd_age=23.9ms auth=116.5s rig_ign=1117 fix_base=0
[lowlevel-sim][GT] t=43.501 quat=[0.49425, -0.50578, 0.50938, 0.49034] angvel=[-0.0576, -0.00695, -0.00882] linvel=[0.00044, -0.00836, 0.00489] z=0.1067
[lowlevel-sim][GT] t=43.551 quat=[0.49418, -0.50571, 0.50934, 0.49052] angvel=[0.01222, 0.01915, 0.00246] linvel=[0.00401, -0.00061, 0.0017] z=0.1067
[lowlevel-sim][GT] t=43.601 quat=[0.49402, -0.50577, 0.50943, 0.49053] angvel=[-0.02157, -0.01317, -0.01395] linvel=[-0.00361, -0.00766, 0.00133] z=0.1067
[lowlevel-sim][GT] t=43.651 quat=[0.49376, -0.50579, 0.50931, 0.4909] angvel=[-0.01256, -0.02924, -0.01598] linvel=[-0.00195, 0.00079, 0.00354] z=0.1067
[lowlevel-sim][GT] t=43.701 quat=[0.49387, -0.50589, 0.50928, 0.49071] angvel=[-0.03755, -0.01817, -0.00171] linvel=[0.00317, -0.01102, 0.00175] z=0.1067
[lowlevel-sim][GT] t=43.751 quat=[0.49413, -0.50572, 0.50921, 0.4907] angvel=[0.01919, -0.03846, -0.0168] linvel=[0.00173, 0.00186, 0.00092] z=0.1067
[lowlevel-sim][GT] t=43.801 quat=[0.49416, -0.50568, 0.50929, 0.49062] angvel=[-0.02616, -0.02177, -0.04338] linvel=[-0.00287, -0.00631, 0.00062] z=0.1067
[lowlevel-sim][GT] t=43.851 quat=[0.49417, -0.50564, 0.50912, 0.49084] angvel=[-0.043, 0.08033, 0.02901] linvel=[0.00466, -0.00375, 0.00481] z=0.1067
[lowlevel-sim][GT] t=43.901 quat=[0.49418, -0.50576, 0.50916, 0.49066] angvel=[-0.01176, -0.0517, -0.03764] linvel=[-0.00088, -0.00594, 0.00053] z=0.1067
[lowlevel-sim][GT] t=43.951 quat=[0.49406, -0.50577, 0.50916, 0.49077] angvel=[-0.00697, 0.05157, 0.02503] linvel=[0.00569, -0.00213, 0.00115] z=0.1067
[lowlevel-sim] t=  44.00 mode=cmd        pd=26898 hold=10863 failclosed=54 rtf=0.267 base_z=+0.107 pitch=+1.540 roll=+3.138 |tau|max=  9.99 sat=0/29 knee_L=+0.275 hip_p_L=-0.107 torn=11222 cmd_age=28.2ms auth=118.2s rig_ign=1117 fix_base=0
[lowlevel-sim][GT] t=44.001 quat=[0.49388, -0.50591, 0.5092, 0.49076] angvel=[-0.01679, -0.03748, -0.02448] linvel=[-0.00561, -0.00599, 0.00092] z=0.1067
[lowlevel-sim][GT] t=44.051 quat=[0.49391, -0.50585, 0.50904, 0.49096] angvel=[0.07871, 0.0063, -0.00335] linvel=[-0.00044, 0.00133, -0.00639] z=0.1067
[lowlevel-sim][GT] t=44.101 quat=[0.49385, -0.50584, 0.50921, 0.49085] angvel=[-0.0224, -0.00696, -0.01559] linvel=[-0.00307, -0.00884, 0.00053] z=0.1067
[lowlevel-sim][GT] t=44.151 quat=[0.49394, -0.50572, 0.50922, 0.49088] angvel=[0.02324, -0.0472, -0.02066] linvel=[0.00179, 0.00257, -0.00158] z=0.1067
[lowlevel-sim][GT] t=44.201 quat=[0.49413, -0.50569, 0.50943, 0.49051] angvel=[-0.03906, -0.01702, -0.02047] linvel=[0.00475, -0.0097, 0.00467] z=0.1067
[lowlevel-sim][GT] t=44.251 quat=[0.49417, -0.5056, 0.50945, 0.49054] angvel=[0.0118, 0.01781, -0.02401] linvel=[0.00453, 0.0012, -0.00012] z=0.1067
[lowlevel-sim][GT] t=44.301 quat=[0.49426, -0.50552, 0.50957, 0.49039] angvel=[-0.02319, -0.02708, -0.00568] linvel=[0.00246, -0.0017, 0.00284] z=0.1067
[lowlevel-sim][GT] t=44.351 quat=[0.49419, -0.5054, 0.5096, 0.49056] angvel=[0.06534, -0.0158, -0.01419] linvel=[-0.00128, 0.00192, -0.00508] z=0.1067
[lowlevel-sim][GT] t=44.401 quat=[0.49421, -0.50541, 0.50964, 0.49049] angvel=[-0.01834, 0.01228, 0.03055] linvel=[0.00306, -0.00744, 0.00025] z=0.1067
[lowlevel-sim][GT] t=44.451 quat=[0.49427, -0.50539, 0.50959, 0.49051] angvel=[0.04356, -0.01811, -0.01487] linvel=[-0.00229, -0.00034, -0.00515] z=0.1067
[lowlevel-sim] t=  44.50 mode=cmd        pd=27148 hold=10863 failclosed=54 rtf=0.267 base_z=+0.107 pitch=+1.540 roll=+3.122 |tau|max= 10.24 sat=0/29 knee_L=+0.275 hip_p_L=-0.107 torn=11239 cmd_age=24.8ms auth=120.0s rig_ign=1117 fix_base=0
[lowlevel-sim][GT] t=44.501 quat=[0.49388, -0.50561, 0.5096, 0.49065] angvel=[-0.00643, 0.05368, 0.07615] linvel=[-0.00142, -0.00818, -0.0008] z=0.1066
[lowlevel-sim][GT] t=44.551 quat=[0.49405, -0.50561, 0.50939, 0.4907] angvel=[0.06533, -0.02077, -0.0089] linvel=[-0.0022, -0.00068, -0.00505] z=0.1067
[lowlevel-sim][GT] t=44.601 quat=[0.4939, -0.50575, 0.50952, 0.49059] angvel=[-0.05586, -0.00758, 0.00158] linvel=[0.00051, -0.0059, 0.00202] z=0.1066
[lowlevel-sim][GT] t=44.651 quat=[0.49387, -0.50562, 0.5094, 0.49087] angvel=[-0.06313, 0.02796, -0.00654] linvel=[-0.00515, -0.00483, 0.00201] z=0.1067
[lowlevel-sim][GT] t=44.701 quat=[0.49366, -0.50573, 0.50943, 0.49093] angvel=[-0.05937, 0.00284, -0.00138] linvel=[-0.00431, -0.00746, 0.00168] z=0.1066
[lowlevel-sim][GT] t=44.751 quat=[0.49379, -0.50581, 0.5094, 0.49076] angvel=[-0.01586, 0.0306, -0.00942] linvel=[-0.00453, -0.00197, 0.00187] z=0.1066
[lowlevel-sim][GT] t=44.801 quat=[0.49377, -0.50584, 0.50937, 0.49078] angvel=[-0.0056, -0.00905, 0.00666] linvel=[-0.00413, -0.00169, 0.00026] z=0.1066
[lowlevel-sim][GT] t=44.851 quat=[0.49388, -0.50588, 0.5093, 0.4907] angvel=[0.07438, -0.01748, -0.00511] linvel=[-0.00294, 0.00117, -0.00512] z=0.1066
[lowlevel-sim][GT] t=44.901 quat=[0.49365, -0.50598, 0.50933, 0.49079] angvel=[-0.03351, 0.00504, 0.01936] linvel=[-0.00394, -0.00382, 0.0024] z=0.1066
[lowlevel-sim][GT] t=44.951 quat=[0.49362, -0.50592, 0.50923, 0.49099] angvel=[0.05128, -0.03174, 0.00894] linvel=[-0.00229, 0.00013, -0.0055] z=0.1066
[lowlevel-sim] t=  45.00 mode=cmd        pd=27398 hold=10863 failclosed=54 rtf=0.267 base_z=+0.107 pitch=+1.540 roll=+3.131 |tau|max=  8.32 sat=0/29 knee_L=+0.275 hip_p_L=-0.106 torn=11262 cmd_age=31.3ms auth=121.6s rig_ign=1117 fix_base=0
[lowlevel-sim][GT] t=45.001 quat=[0.49363, -0.50604, 0.50915, 0.49093] angvel=[-0.03323, -0.01238, -0.00517] linvel=[-0.00279, -0.00245, 0.00343] z=0.1066
[lowlevel-sim][GT] t=45.051 quat=[0.49367, -0.50611, 0.50915, 0.49082] angvel=[0.00679, 0.01447, 0.0034] linvel=[-0.00092, -0.00359, -0.00175] z=0.1065
[lowlevel-sim][GT] t=45.101 quat=[0.49374, -0.50624, 0.50919, 0.49058] angvel=[-0.0358, -0.0319, -0.00489] linvel=[-0.00018, -0.00292, 0.00352] z=0.1065
[lowlevel-sim][GT] t=45.151 quat=[0.49391, -0.50615, 0.50925, 0.49044] angvel=[0.04197, -0.00158, 0.00818] linvel=[0.0014, 0.00019, -0.0021] z=0.1065
[lowlevel-sim][GT] t=45.201 quat=[0.49399, -0.50625, 0.50923, 0.49028] angvel=[-0.02614, -0.02228, -0.00951] linvel=[0.00677, -0.00632, 0.00063] z=0.1065
[lowlevel-sim][GT] t=45.251 quat=[0.49396, -0.50627, 0.50912, 0.49039] angvel=[0.05392, -0.00596, -0.00138] linvel=[0.00748, -0.00063, -0.00395] z=0.1065
[lowlevel-sim][GT] t=45.301 quat=[0.4938, -0.5063, 0.50918, 0.49047] angvel=[-0.01284, 0.00679, 0.01561] linvel=[0.00619, -0.0024, 0.0023] z=0.1065
[lowlevel-sim][GT] t=45.351 quat=[0.49369, -0.50627, 0.50907, 0.49072] angvel=[0.01752, 0.02184, 0.0214] linvel=[0.00447, -0.00073, -0.00189] z=0.1065
[lowlevel-sim][GT] t=45.401 quat=[0.49361, -0.50624, 0.50908, 0.49082] angvel=[-0.02266, -0.03072, -0.00311] linvel=[0.00591, -0.00149, 0.00147] z=0.1065
[lowlevel-sim][GT] t=45.451 quat=[0.49385, -0.50617, 0.50897, 0.49076] angvel=[0.06517, -0.00867, -0.01504] linvel=[0.0056, 0.0001, -0.00515] z=0.1066
[lowlevel-sim] t=  45.50 mode=cmd        pd=27648 hold=10863 failclosed=54 rtf=0.268 base_z=+0.107 pitch=+1.540 roll=-3.139 |tau|max=  8.36 sat=0/29 knee_L=+0.275 hip_p_L=-0.106 torn=11296 cmd_age=45.0ms auth=123.3s rig_ign=1117 fix_base=0
[lowlevel-sim][GT] t=45.501 quat=[0.49372, -0.50614, 0.50908, 0.49081] angvel=[-0.03419, 0.0134, 0.00981] linvel=[0.00593, -0.00354, 0.00413] z=0.1066
[lowlevel-sim][GT] t=45.551 quat=[0.49383, -0.50609, 0.50902, 0.49082] angvel=[-0.02432, 0.0115, -0.00655] linvel=[0.00481, -0.00375, 0.00153] z=0.1066
[lowlevel-sim][GT] t=45.601 quat=[0.49369, -0.50619, 0.50914, 0.49073] angvel=[-0.02776, -0.01867, 0.0027] linvel=[0.00483, -0.0021, 0.00107] z=0.1065
[lowlevel-sim][GT] t=45.651 quat=[0.49364, -0.50623, 0.50912, 0.49077] angvel=[0.03643, 0.00716, -0.00912] linvel=[0.00467, -0.00309, -0.00296] z=0.1065
[lowlevel-sim][GT] t=45.701 quat=[0.49337, -0.50639, 0.50923, 0.49075] angvel=[-0.03491, 0.01611, 0.02204] linvel=[0.00368, -0.00706, 0.00323] z=0.1065
[lowlevel-sim][GT] t=45.751 quat=[0.49337, -0.50637, 0.50899, 0.49103] angvel=[0.00964, 0.04313, 0.01542] linvel=[0.00288, -0.00055, 9e-05] z=0.1065
[lowlevel-sim][GT] t=45.801 quat=[0.49335, -0.50637, 0.50898, 0.49106] angvel=[-0.00931, -0.0106, -0.01701] linvel=[0.00379, -0.0013, 0.00134] z=0.1065
[lowlevel-sim][GT] t=45.851 quat=[0.49357, -0.50635, 0.50879, 0.49105] angvel=[0.05169, -0.0046, 0.0018] linvel=[0.00537, 0.00151, -0.00411] z=0.1066
[lowlevel-sim][GT] t=45.901 quat=[0.49347, -0.50644, 0.50886, 0.49098] angvel=[-0.02321, 0.00523, 0.01548] linvel=[0.00594, -0.00329, 0.00127] z=0.1065
[lowlevel-sim][GT] t=45.951 quat=[0.49343, -0.50644, 0.50873, 0.49117] angvel=[0.00649, 0.0248, 0.04431] linvel=[0.00478, -0.00224, -9e-05] z=0.1066
[lowlevel-sim] t=  46.00 mode=cmd        pd=27898 hold=10863 failclosed=54 rtf=0.268 base_z=+0.107 pitch=+1.540 roll=+3.139 |tau|max=  8.32 sat=0/29 knee_L=+0.275 hip_p_L=-0.107 torn=11317 cmd_age=26.6ms auth=125.0s rig_ign=1117 fix_base=0
[lowlevel-sim][GT] t=46.001 quat=[0.49324, -0.50654, 0.50882, 0.49115] angvel=[-0.06367, 0.01171, 0.01347] linvel=[0.00599, -0.00264, 0.00678] z=0.1065
[lowlevel-sim][GT] t=46.051 quat=[0.49326, -0.50651, 0.50872, 0.49127] angvel=[0.01187, 0.03834, 0.02763] linvel=[0.00279, -0.00116, -0.00046] z=0.1066
[lowlevel-sim][GT] t=46.101 quat=[0.49291, -0.50667, 0.50871, 0.49147] angvel=[-0.03011, 0.00792, 0.01854] linvel=[-5e-05, -0.00176, 0.00242] z=0.1066
[lowlevel-sim][GT] t=46.151 quat=[0.49295, -0.50659, 0.5086, 0.49162] angvel=[-0.00104, -0.01289, -0.02024] linvel=[-0.00148, -0.00127, 0.00219] z=0.1066
[lowlevel-sim][GT] t=46.201 quat=[0.49309, -0.50671, 0.5086, 0.49136] angvel=[-0.02882, -0.02965, -0.00834] linvel=[0.00144, -0.00184, 0.00238] z=0.1066
[lowlevel-sim][GT] t=46.251 quat=[0.49329, -0.50653, 0.5085, 0.49146] angvel=[0.00453, -0.01372, -0.00806] linvel=[0.00333, 0.0021, 0.00399] z=0.1066
[lowlevel-sim][GT] t=46.301 quat=[0.49337, -0.5065, 0.50869, 0.4912] angvel=[-0.01814, -0.01858, -0.04544] linvel=[0.00058, -0.00429, 0.00284] z=0.1066
[lowlevel-sim][GT] t=46.351 quat=[0.49358, -0.50629, 0.50872, 0.49117] angvel=[0.00706, 0.02484, -0.00295] linvel=[0.00372, -0.00273, 0.00094] z=0.1067
[lowlevel-sim][GT] t=46.401 quat=[0.49356, -0.50627, 0.5089, 0.49103] angvel=[-0.02019, 0.0276, -0.00674] linvel=[0.00058, -0.00211, 0.00154] z=0.1066
[lowlevel-sim][GT] t=46.451 quat=[0.49371, -0.5061, 0.50896, 0.49099] angvel=[0.01027, -0.02408, -0.01863] linvel=[0.00137, 0.00088, -0.00091] z=0.1066
[lowlevel-sim] t=  46.50 mode=cmd        pd=28148 hold=10863 failclosed=54 rtf=0.268 base_z=+0.107 pitch=+1.540 roll=+3.137 |tau|max=  8.39 sat=0/29 knee_L=+0.275 hip_p_L=-0.107 torn=11328 cmd_age=64.8ms auth=126.7s rig_ign=1117 fix_base=0
[lowlevel-sim][GT] t=46.501 quat=[0.49359, -0.50617, 0.50917, 0.49083] angvel=[-0.02985, 0.01413, -0.00815] linvel=[0.00076, -0.00283, 0.001] z=0.1066
[lowlevel-sim][GT] t=46.551 quat=[0.49354, -0.50615, 0.50918, 0.49088] angvel=[0.04057, -0.02933, -0.01443] linvel=[0.00207, 0.00097, -0.00134] z=0.1065
[lowlevel-sim][GT] t=46.601 quat=[0.49366, -0.50607, 0.50919, 0.49083] angvel=[-0.00466, -0.00448, -0.01477] linvel=[0.00097, -0.00283, 0.00102] z=0.1066
[lowlevel-sim][GT] t=46.651 quat=[0.4937, -0.50598, 0.50916, 0.49092] angvel=[-0.02335, 0.00403, 0.00113] linvel=[0.00171, -0.00209, 0.00222] z=0.1066
[lowlevel-sim] FAIL-CLOSED engaged at t=46.660s, last command age 89.43 ms (deadline <= 100 ms) PASS
[lowlevel-sim] COMMANDED at t=46.672s (was fail-closed)
[lowlevel-sim][GT] t=46.701 quat=[0.49204, -0.50739, 0.51054, 0.48969] angvel=[0.03892, 0.04617, 0.03912] linvel=[0.00301, -0.00513, 0.00143] z=0.1058
[lowlevel-sim][GT] t=46.751 quat=[0.49254, -0.50681, 0.50993, 0.49043] angvel=[0.03833, 0.01198, 0.00269] linvel=[-0.00126, -0.00041, 0.00317] z=0.1060
[lowlevel-sim][GT] t=46.801 quat=[0.49278, -0.50667, 0.50961, 0.49067] angvel=[-0.01153, 0.02892, 0.01221] linvel=[0.0018, -0.00884, 0.00068] z=0.1062
[lowlevel-sim][GT] t=46.851 quat=[0.49286, -0.50655, 0.50932, 0.49101] angvel=[0.01263, 0.034, 0.01307] linvel=[0.00337, -0.00074, 0.00143] z=0.1063
[lowlevel-sim][GT] t=46.901 quat=[0.49288, -0.50653, 0.5093, 0.49104] angvel=[-0.03503, 0.00319, -0.01006] linvel=[-0.00381, -0.01057, 0.00249] z=0.1063
[lowlevel-sim][GT] t=46.951 quat=[0.49299, -0.50637, 0.50923, 0.49116] angvel=[-0.00157, 0.00071, -0.01207] linvel=[-0.00606, -0.00122, 0.00195] z=0.1064
[lowlevel-sim] t=  47.00 mode=cmd        pd=28404 hold=10863 failclosed=66 rtf=0.268 base_z=+0.106 pitch=+1.539 roll=+3.122 |tau|max=  9.84 sat=0/29 knee_L=+0.274 hip_p_L=-0.107 torn=11353 cmd_age=18.8ms auth=128.4s rig_ign=1117 fix_base=0
[lowlevel-sim][GT] t=47.001 quat=[0.49313, -0.50638, 0.50923, 0.491] angvel=[-0.01112, 0.02183, 0.02353] linvel=[6e-05, -0.00696, -1e-05] z=0.1064
[lowlevel-sim][GT] t=47.051 quat=[0.49316, -0.5063, 0.50922, 0.49107] angvel=[0.01782, 0.01596, -0.00651] linvel=[-0.00556, 0.00032, -0.00055] z=0.1064
[lowlevel-sim][GT] t=47.101 quat=[0.49308, -0.50629, 0.50915, 0.49123] angvel=[-0.02544, 0.02151, 0.01372] linvel=[0.00054, -0.00796, -0.0] z=0.1065
[lowlevel-sim][GT] t=47.151 quat=[0.49332, -0.50615, 0.50914, 0.49114] angvel=[0.00682, 0.02169, -0.00595] linvel=[-0.00442, 0.00155, 0.00022] z=0.1065
[lowlevel-sim][GT] t=47.201 quat=[0.49342, -0.50622, 0.50921, 0.49089] angvel=[-0.01223, 0.03143, 0.01064] linvel=[0.00444, -0.00781, 0.00048] z=0.1065
[lowlevel-sim][GT] t=47.251 quat=[0.49359, -0.50612, 0.50916, 0.49089] angvel=[0.04755, 0.02463, 0.0016] linvel=[-0.00133, 0.00134, -0.00264] z=0.1065
[lowlevel-sim][GT] t=47.301 quat=[0.49352, -0.50608, 0.50928, 0.49087] angvel=[-0.02296, 0.00793, 0.02976] linvel=[0.00328, -0.00439, 0.00181] z=0.1065
[lowlevel-sim][GT] t=47.351 quat=[0.49368, -0.50603, 0.50925, 0.4908] angvel=[0.03411, 0.00269, -0.01511] linvel=[-0.00266, -0.00031, -0.00129] z=0.1065
[lowlevel-sim][GT] t=47.401 quat=[0.49357, -0.50606, 0.50938, 0.49074] angvel=[-0.05605, 0.02636, 0.05066] linvel=[0.00364, -0.00912, 0.00273] z=0.1065
[lowlevel-sim][GT] t=47.451 quat=[0.49359, -0.50604, 0.50927, 0.49086] angvel=[0.0456, 0.05274, 0.01976] linvel=[-0.00479, 8e-05, -0.00252] z=0.1065
[lowlevel-sim] t=  47.50 mode=cmd        pd=28654 hold=10863 failclosed=66 rtf=0.269 base_z=+0.106 pitch=+1.540 roll=+3.122 |tau|max= 10.12 sat=0/29 knee_L=+0.274 hip_p_L=-0.107 torn=11377 cmd_age=35.0ms auth=129.9s rig_ign=1117 fix_base=0
[lowlevel-sim][GT] t=47.501 quat=[0.49338, -0.50614, 0.50925, 0.49098] angvel=[-0.0184, 0.02735, 0.0324] linvel=[-0.00171, -0.00453, 0.00165] z=0.1065
[lowlevel-sim][GT] t=47.551 quat=[0.49349, -0.50609, 0.50914, 0.49104] angvel=[0.02985, 0.05269, 0.01246] linvel=[-0.00474, 0.0017, -0.00183] z=0.1065
[lowlevel-sim][GT] t=47.601 quat=[0.49331, -0.50621, 0.50926, 0.49098] angvel=[-0.06805, -0.02597, 0.03367] linvel=[0.00043, -0.00829, 0.00516] z=0.1065
[lowlevel-sim][GT] t=47.651 quat=[0.4935, -0.50604, 0.50916, 0.49105] angvel=[0.03187, 0.01399, -0.00216] linvel=[-0.00262, 0.00173, 0.00069] z=0.1065
[lowlevel-sim][GT] t=47.701 quat=[0.49354, -0.50613, 0.50922, 0.49086] angvel=[-0.03511, 0.0316, 0.04364] linvel=[0.00271, -0.00452, 0.00095] z=0.1065
[lowlevel-sim][GT] t=47.751 quat=[0.49364, -0.50596, 0.50921, 0.49094] angvel=[-0.00944, 0.00752, -0.00025] linvel=[-0.0012, 9e-05, 0.00308] z=0.1065
[lowlevel-sim][GT] t=47.801 quat=[0.49374, -0.50599, 0.50923, 0.49079] angvel=[-0.04082, 0.008, 0.03584] linvel=[0.00153, -0.00483, 0.00139] z=0.1065
[lowlevel-sim][GT] t=47.851 quat=[0.49357, -0.50593, 0.50919, 0.49106] angvel=[0.00175, 0.05099, 0.0309] linvel=[-0.00206, -0.00207, 0.0006] z=0.1065
[lowlevel-sim][GT] t=47.901 quat=[0.49339, -0.5061, 0.50912, 0.49115] angvel=[-0.03604, 0.04518, 0.05768] linvel=[-0.00017, -0.00732, 0.00021] z=0.1065
[lowlevel-sim][GT] t=47.951 quat=[0.49335, -0.50623, 0.50904, 0.49114] angvel=[0.04007, -0.00247, -0.00382] linvel=[-0.00136, 0.00119, -0.00144] z=0.1065
[lowlevel-sim] t=  48.00 mode=cmd        pd=28904 hold=10863 failclosed=66 rtf=0.269 base_z=+0.106 pitch=+1.540 roll=+3.124 |tau|max=  8.61 sat=0/29 knee_L=+0.274 hip_p_L=-0.106 torn=11397 cmd_age=32.6ms auth=131.4s rig_ign=1117 fix_base=0
[lowlevel-sim][GT] t=48.001 quat=[0.49323, -0.50634, 0.50898, 0.4912] angvel=[-0.00592, 0.00205, -0.00052] linvel=[-0.00452, -0.00329, 0.0018] z=0.1065
[lowlevel-sim][GT] t=48.051 quat=[0.49322, -0.50638, 0.50889, 0.49127] angvel=[0.0481, -0.01267, -0.00237] linvel=[-0.00226, 7e-05, -0.00363] z=0.1065
[lowlevel-sim][GT] t=48.101 quat=[0.4932, -0.50652, 0.50892, 0.49112] angvel=[-0.02327, -0.01748, -0.01992] linvel=[0.00168, -0.00621, 0.00123] z=0.1064
[lowlevel-sim][GT] t=48.151 quat=[0.4934, -0.50641, 0.50886, 0.49109] angvel=[-0.01991, 0.00504, -0.00793] linvel=[0.00399, -0.0033, 0.00299] z=0.1065
[lowlevel-sim][GT] t=48.201 quat=[0.4934, -0.50645, 0.50891, 0.49099] angvel=[-0.00796, 0.00879, 0.01767] linvel=[0.00651, -0.0028, 0.00065] z=0.1065
[lowlevel-sim][GT] t=48.251 quat=[0.49356, -0.50629, 0.50882, 0.49108] angvel=[0.01633, 0.02563, -0.01817] linvel=[0.0037, -0.00038, -0.00088] z=0.1065
[lowlevel-sim][GT] t=48.301 quat=[0.49339, -0.50632, 0.50893, 0.49111] angvel=[-0.04031, -0.02731, -0.00203] linvel=[0.00408, -0.00395, 0.0022] z=0.1065
[lowlevel-sim][GT] t=48.351 quat=[0.49335, -0.50626, 0.509, 0.49116] angvel=[0.02355, 0.02673, -0.02095] linvel=[-0.00138, 0.00015, -0.0016] z=0.1065
[lowlevel-sim][GT] t=48.401 quat=[0.49337, -0.50635, 0.50899, 0.49105] angvel=[0.00147, 0.00679, -0.00011] linvel=[0.00122, -0.00143, 0.00283] z=0.1065
[lowlevel-sim][GT] t=48.451 quat=[0.49352, -0.50628, 0.50883, 0.49113] angvel=[0.02296, 0.00559, 0.02258] linvel=[0.00172, 0.00109, 0.0005] z=0.1066
[lowlevel-sim] t=  48.50 mode=cmd        pd=29154 hold=10863 failclosed=66 rtf=0.270 base_z=+0.107 pitch=+1.540 roll=+3.131 |tau|max=  8.36 sat=0/29 knee_L=+0.275 hip_p_L=-0.107 torn=11413 cmd_age=30.8ms auth=133.0s rig_ign=1117 fix_base=0
[lowlevel-sim][GT] t=48.501 quat=[0.49327, -0.50641, 0.50891, 0.49116] angvel=[-0.02277, -0.01919, -0.00751] linvel=[-0.00112, -0.00163, 0.00406] z=0.1065
[lowlevel-sim][GT] t=48.551 quat=[0.49334, -0.50631, 0.50876, 0.49135] angvel=[-0.00344, 0.02042, -0.00276] linvel=[-0.00189, -0.00267, -0.00036] z=0.1066
[lowlevel-sim][GT] t=48.601 quat=[0.49332, -0.50651, 0.50881, 0.49113] angvel=[-0.03446, -0.01185, -0.00039] linvel=[0.00424, -0.00228, 0.00327] z=0.1066
[lowlevel-sim][GT] t=48.651 quat=[0.49348, -0.50646, 0.50865, 0.49118] angvel=[0.022, -0.01196, -0.00162] linvel=[0.00427, 0.00222, -0.0002] z=0.1066
[lowlevel-sim][GT] t=48.701 quat=[0.49332, -0.50653, 0.50877, 0.49114] angvel=[-0.04601, -0.00894, -0.00195] linvel=[0.00638, -0.00663, 0.00333] z=0.1066
[lowlevel-sim] FAIL-CLOSED engaged at t=48.706s, last command age 85.96 ms (deadline <= 100 ms) PASS
[lowlevel-sim] COMMANDED at t=48.712s (was fail-closed)
[lowlevel-sim][GT] t=48.751 quat=[0.49286, -0.50688, 0.50928, 0.49071] angvel=[-0.00013, -0.004, -0.01454] linvel=[5e-05, -0.00447, 0.00258] z=0.1064
[lowlevel-sim][GT] t=48.801 quat=[0.49321, -0.50658, 0.50913, 0.49082] angvel=[0.01643, -0.01086, 0.01359] linvel=[0.00435, -0.00249, 0.00042] z=0.1064
[lowlevel-sim][GT] t=48.851 quat=[0.49331, -0.50657, 0.50913, 0.49073] angvel=[0.01024, -0.03419, 0.00444] linvel=[0.00504, -0.00599, 0.00289] z=0.1065
[lowlevel-sim][GT] t=48.901 quat=[0.49344, -0.50633, 0.509, 0.49098] angvel=[0.00954, -0.02838, -0.00863] linvel=[0.00054, 0.00062, 0.00078] z=0.1065
[lowlevel-sim][GT] t=48.951 quat=[0.49337, -0.5064, 0.50904, 0.49095] angvel=[-0.05316, 0.01295, 0.06311] linvel=[0.0091, -0.00743, 0.00516] z=0.1065
[lowlevel-sim] t=  49.00 mode=cmd        pd=29406 hold=10863 failclosed=71 rtf=0.270 base_z=+0.107 pitch=+1.540 roll=-3.139 |tau|max= 35.00 sat=2/29 knee_L=+0.274 hip_p_L=-0.106 torn=11447 cmd_age=26.5ms auth=134.7s rig_ign=1117 fix_base=0 sat_j=left_ankle_roll_joint:+35.0,right_ankle_roll_joint:-35.0
[lowlevel-sim][GT] t=49.001 quat=[0.49353, -0.50634, 0.50897, 0.49092] angvel=[-0.01235, 0.01264, -0.00411] linvel=[0.00037, 0.00013, 0.00188] z=0.1065
[lowlevel-sim][GT] t=49.051 quat=[0.49356, -0.50633, 0.50906, 0.49081] angvel=[0.01834, 0.01153, 0.02861] linvel=[0.00731, -0.00745, -0.00269] z=0.1065
[lowlevel-sim][GT] t=49.101 quat=[0.4937, -0.50619, 0.5091, 0.49076] angvel=[0.00104, 0.00015, -0.01069] linvel=[0.00485, -0.00082, -0.00026] z=0.1066
[lowlevel-sim][GT] t=49.151 quat=[0.49366, -0.50612, 0.50916, 0.49081] angvel=[-0.02477, -0.0162, -0.03116] linvel=[-0.00284, -0.00667, 0.00028] z=0.1066
[lowlevel-sim][GT] t=49.201 quat=[0.49377, -0.50601, 0.50907, 0.49091] angvel=[0.02371, 0.03918, 0.00402] linvel=[0.00596, -0.00331, 0.00124] z=0.1066
[lowlevel-sim][GT] t=49.251 quat=[0.49381, -0.50601, 0.50915, 0.49078] angvel=[-0.03983, 0.00329, -4e-05] linvel=[0.004, -0.00907, 0.00263] z=0.1066
[lowlevel-sim][GT] t=49.301 quat=[0.49374, -0.50604, 0.50912, 0.49086] angvel=[-0.01339, 0.01966, 0.02519] linvel=[0.00417, -0.00206, 0.00197] z=0.1066
[lowlevel-sim][GT] t=49.351 quat=[0.49344, -0.50608, 0.50917, 0.49106] angvel=[-0.00695, -0.01014, -0.03706] linvel=[-0.00995, -0.00397, 0.00295] z=0.1066
[lowlevel-sim][GT] t=49.401 quat=[0.49363, -0.50599, 0.50895, 0.4912] angvel=[0.04076, 0.02625, 0.01048] linvel=[0.00122, 0.00293, -0.00203] z=0.1067
[lowlevel-sim][GT] t=49.451 quat=[0.49336, -0.50614, 0.50905, 0.49121] angvel=[-0.03778, -0.03346, -0.00713] linvel=[-0.00789, -0.00813, 0.00051] z=0.1066
[lowlevel-sim] t=  49.50 mode=cmd        pd=29656 hold=10863 failclosed=71 rtf=0.270 base_z=+0.107 pitch=+1.540 roll=+3.122 |tau|max= 35.00 sat=2/29 knee_L=+0.275 hip_p_L=-0.107 torn=11464 cmd_age=41.3ms auth=136.4s rig_ign=1117 fix_base=0 sat_j=left_ankle_roll_joint:+35.0,right_ankle_roll_joint:-35.0
[lowlevel-sim][GT] t=49.501 quat=[0.4933, -0.50624, 0.5089, 0.49132] angvel=[0.02655, 0.00489, 0.00601] linvel=[-0.0019, 0.00011, 0.00232] z=0.1066
[lowlevel-sim][GT] t=49.551 quat=[0.49324, -0.50641, 0.50881, 0.49131] angvel=[-0.03386, -0.02409, -0.01898] linvel=[-0.00789, -0.00991, 0.00167] z=0.1066
[lowlevel-sim][GT] t=49.601 quat=[0.4931, -0.50634, 0.50876, 0.49156] angvel=[0.04259, 0.01978, -0.02172] linvel=[-0.00257, 0.00107, -0.00411] z=0.1067
[lowlevel-sim][GT] t=49.651 quat=[0.49317, -0.50639, 0.50873, 0.49148] angvel=[-0.03247, 0.04947, 0.05849] linvel=[0.00052, -0.0069, 0.00058] z=0.1067
[lowlevel-sim][GT] t=49.701 quat=[0.49337, -0.50631, 0.50864, 0.49145] angvel=[0.03198, 0.01854, -0.00254] linvel=[-0.00592, 0.00238, -0.00167] z=0.1067
[lowlevel-sim][GT] t=49.751 quat=[0.4933, -0.50637, 0.50869, 0.4914] angvel=[-0.02592, 0.05142, 0.05485] linvel=[0.00077, -0.00795, -0.00012] z=0.1067
[lowlevel-sim][GT] t=49.801 quat=[0.49328, -0.50644, 0.50855, 0.4915] angvel=[0.03012, 0.01495, 0.00953] linvel=[-0.00096, -0.0001, -0.00227] z=0.1067
[lowlevel-sim][GT] t=49.851 quat=[0.49325, -0.50645, 0.50864, 0.49143] angvel=[-0.01489, 0.0198, 0.03832] linvel=[0.00366, -0.00485, 0.001] z=0.1067
[lowlevel-sim][GT] t=49.901 quat=[0.49354, -0.50632, 0.50861, 0.4913] angvel=[0.00213, -0.05112, -0.02203] linvel=[-0.00338, 0.0022, 0.00356] z=0.1067
[lowlevel-sim][GT] t=49.951 quat=[0.49359, -0.50638, 0.50875, 0.49104] angvel=[-0.03939, -0.01965, -0.01788] linvel=[0.00518, -0.00676, 0.00513] z=0.1067
[lowlevel-sim] t=  50.00 mode=cmd        pd=29906 hold=10863 failclosed=71 rtf=0.271 base_z=+0.107 pitch=+1.541 roll=-3.118 |tau|max= 35.00 sat=2/29 knee_L=+0.274 hip_p_L=-0.106 torn=11483 cmd_age=24.9ms auth=138.1s rig_ign=1117 fix_base=0 sat_j=left_ankle_roll_joint:+35.0,right_ankle_roll_joint:-35.0
[lowlevel-sim][GT] t=50.001 quat=[0.49392, -0.50628, 0.50854, 0.49103] angvel=[-0.00125, -0.01792, -0.01484] linvel=[0.00748, -0.00127, 0.00206] z=0.1068
[lowlevel-sim][GT] t=50.051 quat=[0.49378, -0.50636, 0.50858, 0.49105] angvel=[-0.01871, -0.01123, -0.00967] linvel=[0.00804, -0.00684, -0.00059] z=0.1068
[lowlevel-sim][GT] t=50.101 quat=[0.49386, -0.50622, 0.50862, 0.49107] angvel=[0.05015, 0.01547, 0.01204] linvel=[0.00932, -0.00197, -0.00217] z=0.1069
[lowlevel-sim][GT] t=50.151 quat=[0.49389, -0.50627, 0.5087, 0.4909] angvel=[-0.02688, -0.01286, 0.02364] linvel=[0.00362, -0.0069, 0.00214] z=0.1068
[lowlevel-sim][GT] t=50.201 quat=[0.49378, -0.50618, 0.50867, 0.49114] angvel=[0.00887, 0.01455, 0.01788] linvel=[0.00748, -0.00403, -0.00031] z=0.1068
[lowlevel-sim][GT] t=50.251 quat=[0.49372, -0.50619, 0.50876, 0.4911] angvel=[-0.02149, 0.02371, 0.02017] linvel=[-0.00288, -0.00512, 0.00249] z=0.1068
[lowlevel-sim][GT] t=50.301 quat=[0.49384, -0.50608, 0.5088, 0.49105] angvel=[0.00473, -0.03904, -0.01743] linvel=[-0.00071, -0.0002, 0.00234] z=0.1068
[lowlevel-sim][GT] t=50.351 quat=[0.4939, -0.50611, 0.50879, 0.49097] angvel=[0.0031, -0.0249, 0.00829] linvel=[0.00627, -0.00543, -0.00018] z=0.1068
[lowlevel-sim][GT] t=50.401 quat=[0.49381, -0.50602, 0.50866, 0.49129] angvel=[0.00933, -0.01831, 0.01127] linvel=[0.00509, -0.00365, -0.00184] z=0.1069
[lowlevel-sim][GT] t=50.451 quat=[0.49383, -0.50599, 0.50875, 0.4912] angvel=[-0.02524, 0.0018, 0.00301] linvel=[0.00303, -0.00238, 0.00352] z=0.1069
[lowlevel-sim] t=  50.50 mode=cmd        pd=30156 hold=10863 failclosed=71 rtf=0.271 base_z=+0.107 pitch=+1.541 roll=+3.141 |tau|max= 35.00 sat=2/29 knee_L=+0.276 hip_p_L=-0.107 torn=11502 cmd_age=32.7ms auth=139.8s rig_ign=1117 fix_base=0 sat_j=left_ankle_roll_joint:+35.0,right_ankle_roll_joint:-35.0
[lowlevel-sim][GT] t=50.501 quat=[0.49384, -0.50599, 0.50882, 0.49112] angvel=[0.0509, 0.01853, -0.0206] linvel=[0.00171, -0.00146, -0.00592] z=0.1069
[lowlevel-sim][GT] t=50.551 quat=[0.49387, -0.50604, 0.50887, 0.49098] angvel=[-0.00987, -0.02636, -0.03317] linvel=[-0.00209, -0.00672, -0.00062] z=0.1069
[lowlevel-sim][GT] t=50.601 quat=[0.49382, -0.50604, 0.50882, 0.49109] angvel=[0.00853, -0.04785, -0.01254] linvel=[0.0038, 0.00347, 0.00178] z=0.1069
[lowlevel-sim][GT] t=50.651 quat=[0.49372, -0.50607, 0.50887, 0.49111] angvel=[-0.0317, 0.05384, 0.00835] linvel=[-0.0025, -0.00298, 0.00291] z=0.1069
[lowlevel-sim][GT] t=50.701 quat=[0.49362, -0.50605, 0.50881, 0.49128] angvel=[-0.00412, -0.03137, 0.0083] linvel=[0.00328, -0.00168, 0.00397] z=0.1069
[lowlevel-sim] FAIL-CLOSED engaged at t=50.720s, last command age 96.46 ms (deadline <= 100 ms) PASS
[lowlevel-sim] COMMANDED at t=50.722s (was fail-closed)
[lowlevel-sim][GT] t=50.751 quat=[0.49342, -0.50611, 0.50893, 0.49131] angvel=[0.00584, -0.04193, -0.00191] linvel=[-0.00119, -0.00087, -0.00064] z=0.1068
[lowlevel-sim][GT] t=50.801 quat=[0.49329, -0.50608, 0.50897, 0.49143] angvel=[-0.02874, -0.0194, 0.00953] linvel=[-0.00041, -0.00286, 0.00352] z=0.1068
[lowlevel-sim][GT] t=50.851 quat=[0.49344, -0.506, 0.50896, 0.49137] angvel=[-0.01522, 0.01063, 0.01128] linvel=[-0.0016, -0.002, 0.00207] z=0.1068
[lowlevel-sim][GT] t=50.901 quat=[0.4934, -0.506, 0.509, 0.49137] angvel=[-0.01315, 0.01983, 0.01714] linvel=[0.00393, -0.00745, 0.00043] z=0.1069
[lowlevel-sim][GT] t=50.951 quat=[0.49354, -0.50598, 0.50892, 0.49133] angvel=[0.02701, 0.03292, -0.00127] linvel=[-0.00212, 0.00168, -0.00231] z=0.1068
[lowlevel-sim] t=  51.00 mode=cmd        pd=30407 hold=10863 failclosed=73 rtf=0.271 base_z=+0.107 pitch=+1.541 roll=+3.115 |tau|max=  9.56 sat=0/29 knee_L=+0.277 hip_p_L=-0.107 torn=11525 cmd_age=23.7ms auth=141.5s rig_ign=1117 fix_base=0
[lowlevel-sim][GT] t=51.001 quat=[0.4934, -0.50607, 0.5089, 0.49141] angvel=[-0.02908, -0.03374, -0.02362] linvel=[-0.00368, -0.00605, 0.00358] z=0.1068
[lowlevel-sim][GT] t=51.051 quat=[0.49348, -0.50598, 0.50877, 0.49154] angvel=[0.03055, 0.02949, -0.0027] linvel=[-0.00467, 0.00027, -0.00289] z=0.1069
[lowlevel-sim][GT] t=51.101 quat=[0.4933, -0.50599, 0.50885, 0.49164] angvel=[-0.02139, -0.00997, -0.04574] linvel=[-0.00874, -0.00683, -0.00068] z=0.1069
[lowlevel-sim][GT] t=51.151 quat=[0.49322, -0.50602, 0.50884, 0.49169] angvel=[0.05831, 0.01548, -0.00554] linvel=[-0.00668, -0.00012, -0.00436] z=0.1068
[lowlevel-sim][GT] t=51.201 quat=[0.4933, -0.50617, 0.5088, 0.49151] angvel=[-0.00172, -0.03876, -0.04823] linvel=[-0.00799, -0.00551, -0.00062] z=0.1069
[lowlevel-sim][GT] t=51.251 quat=[0.49341, -0.50614, 0.50865, 0.49157] angvel=[0.03496, 0.01647, 0.0014] linvel=[0.00085, -0.00202, -0.00111] z=0.1069
[lowlevel-sim][GT] t=51.301 quat=[0.49331, -0.50613, 0.50873, 0.49159] angvel=[-0.01697, -0.03979, -0.0001] linvel=[-0.00666, -0.00424, 0.00335] z=0.1069
[lowlevel-sim][GT] t=51.351 quat=[0.4935, -0.50604, 0.50872, 0.49151] angvel=[0.04011, 0.03351, -0.00643] linvel=[0.00041, 0.00058, -0.00213] z=0.1069
[lowlevel-sim][GT] t=51.401 quat=[0.49378, -0.50591, 0.50881, 0.49127] angvel=[-0.00489, -0.01521, -0.02392] linvel=[0.00211, -0.0098, 7e-05] z=0.1070
[lowlevel-sim][GT] t=51.451 quat=[0.49382, -0.50584, 0.50875, 0.49138] angvel=[-0.07598, 0.0261, 0.00411] linvel=[0.00385, -0.00593, 0.00928] z=0.1070
[lowlevel-sim] t=  51.50 mode=cmd        pd=30657 hold=10863 failclosed=73 rtf=0.271 base_z=+0.107 pitch=+1.541 roll=+3.135 |tau|max=  9.71 sat=0/29 knee_L=+0.277 hip_p_L=-0.107 torn=11544 cmd_age=49.5ms auth=143.2s rig_ign=1117 fix_base=0
[lowlevel-sim][GT] t=51.501 quat=[0.49388, -0.50586, 0.50894, 0.49108] angvel=[-0.01266, -0.00336, 0.00079] linvel=[-0.0, -0.00701, -0.00145] z=0.1070
[lowlevel-sim][GT] t=51.551 quat=[0.49379, -0.506, 0.50889, 0.49109] angvel=[0.06481, -0.001, -0.00584] linvel=[-0.0011, 0.00118, -0.00288] z=0.1069
[lowlevel-sim][GT] t=51.601 quat=[0.49385, -0.50608, 0.50883, 0.49101] angvel=[-0.00458, 0.01349, 0.01355] linvel=[-0.00011, -0.00842, 0.00186] z=0.1070
[lowlevel-sim][GT] t=51.651 quat=[0.49383, -0.506, 0.50867, 0.49128] angvel=[0.07727, 0.00796, -0.00574] linvel=[0.00101, -0.00047, -0.004] z=0.1070
[lowlevel-sim][GT] t=51.701 quat=[0.49375, -0.50606, 0.50872, 0.49124] angvel=[-0.0402, -0.00015, -0.01409] linvel=[0.00015, -0.00608, 0.00303] z=0.1070
[lowlevel-sim][GT] t=51.751 quat=[0.49394, -0.50589, 0.50874, 0.49119] angvel=[-0.06214, -0.02745, 0.01163] linvel=[0.00237, -0.00444, 0.00627] z=0.1070
[lowlevel-sim][GT] t=51.801 quat=[0.49387, -0.50593, 0.50875, 0.49123] angvel=[-0.04231, -0.02611, -0.0045] linvel=[0.00393, -0.00292, 0.00307] z=0.1071
[lowlevel-sim][GT] t=51.851 quat=[0.49387, -0.50587, 0.50869, 0.49135] angvel=[0.02326, 0.01201, -0.01126] linvel=[0.00092, -0.00036, -0.00296] z=0.1071
[lowlevel-sim][GT] t=51.901 quat=[0.49385, -0.50591, 0.50874, 0.49127] angvel=[-0.01546, -0.00643, -0.0052] linvel=[0.0032, -0.0035, 0.00433] z=0.1071
[lowlevel-sim][GT] t=51.951 quat=[0.49394, -0.50596, 0.50864, 0.49125] angvel=[0.01201, -0.00691, 0.02352] linvel=[0.00344, 0.00142, -0.00082] z=0.1071
[lowlevel-sim] t=  52.00 mode=cmd        pd=30907 hold=10863 failclosed=73 rtf=0.272 base_z=+0.107 pitch=+1.541 roll=-3.137 |tau|max=  8.32 sat=0/29 knee_L=+0.278 hip_p_L=-0.107 torn=11560 cmd_age=20.9ms auth=144.8s rig_ign=1117 fix_base=0
[lowlevel-sim][GT] t=52.001 quat=[0.49386, -0.50605, 0.50863, 0.49123] angvel=[-0.03018, 0.00155, -0.00119] linvel=[0.00226, -0.00457, 0.00351] z=0.1071
[lowlevel-sim][GT] t=52.051 quat=[0.49388, -0.50592, 0.50859, 0.49139] angvel=[0.03077, 0.00997, -0.00797] linvel=[-0.00035, 0.00101, -0.00108] z=0.1071
[lowlevel-sim][GT] t=52.101 quat=[0.4939, -0.50594, 0.50858, 0.49137] angvel=[-0.03071, 0.02764, 0.04658] linvel=[0.00735, -0.00483, 0.00038] z=0.1071
[lowlevel-sim][GT] t=52.151 quat=[0.49395, -0.50578, 0.50859, 0.49147] angvel=[-0.02261, 0.02073, 0.01939] linvel=[0.00434, -0.00342, 0.0023] z=0.1071
[lowlevel-sim][GT] t=52.201 quat=[0.49383, -0.50581, 0.50869, 0.49145] angvel=[-0.03887, -0.02257, -0.01155] linvel=[0.00168, -0.00405, 0.00375] z=0.1071
[lowlevel-sim][GT] t=52.251 quat=[0.49377, -0.50569, 0.50869, 0.49164] angvel=[0.04822, 0.04165, 0.00984] linvel=[-0.00341, -0.00051, -0.00336] z=0.1071
[lowlevel-sim][GT] t=52.301 quat=[0.49386, -0.50571, 0.50873, 0.49148] angvel=[-0.01549, -0.0436, -0.03822] linvel=[-0.00693, -0.00699, -0.00045] z=0.1071
[lowlevel-sim][GT] t=52.351 quat=[0.49412, -0.5057, 0.50873, 0.49123] angvel=[-0.04041, -0.06534, -0.02475] linvel=[0.00545, -0.00486, 0.00592] z=0.1071
[lowlevel-sim][GT] t=52.401 quat=[0.49411, -0.50578, 0.50879, 0.4911] angvel=[-0.02733, 0.02062, 0.03078] linvel=[0.00486, -0.00713, 0.00143] z=0.1071
[lowlevel-sim][GT] t=52.451 quat=[0.4941, -0.50584, 0.50866, 0.49117] angvel=[-0.01517, 0.04824, 0.02847] linvel=[0.00647, -0.00404, 0.0031] z=0.1071
[lowlevel-sim] t=  52.50 mode=cmd        pd=31157 hold=10863 failclosed=73 rtf=0.272 base_z=+0.107 pitch=+1.541 roll=-3.135 |tau|max=  8.30 sat=0/29 knee_L=+0.278 hip_p_L=-0.107 torn=11581 cmd_age=31.9ms auth=146.5s rig_ign=1117 fix_base=0
[lowlevel-sim][GT] t=52.501 quat=[0.49409, -0.50586, 0.50879, 0.49104] angvel=[-0.03812, -0.02206, 0.00297] linvel=[0.0039, -0.00304, 0.00233] z=0.1071
[lowlevel-sim][GT] t=52.551 quat=[0.494, -0.50585, 0.50881, 0.49112] angvel=[0.02134, 0.00657, 0.01111] linvel=[0.00481, 0.00012, -0.0001] z=0.1071
[lowlevel-sim][GT] t=52.601 quat=[0.49398, -0.50595, 0.5089, 0.49094] angvel=[-0.0233, 0.00389, -0.00751] linvel=[0.00551, -0.00215, 0.00288] z=0.1071
[lowlevel-sim][GT] t=52.651 quat=[0.49395, -0.50595, 0.50878, 0.49108] angvel=[0.04734, 0.02809, 0.02671] linvel=[0.00305, 0.00029, -0.00229] z=0.1071
[lowlevel-sim][GT] t=52.701 quat=[0.49387, -0.50605, 0.50868, 0.49116] angvel=[-0.01544, -0.01555, -0.00111] linvel=[0.00413, -0.00269, 0.00194] z=0.1071
[lowlevel-sim][GT] t=52.751 quat=[0.49382, -0.50602, 0.50869, 0.49124] angvel=[0.016, 0.06077, 0.01555] linvel=[0.00375, -0.00418, -0.0002] z=0.1071
[lowlevel-sim][GT] t=52.801 quat=[0.4936, -0.5061, 0.50869, 0.49138] angvel=[-0.03969, 0.03696, 0.01334] linvel=[-0.00126, -0.00477, 0.00429] z=0.1071
[lowlevel-sim][GT] t=52.851 quat=[0.49346, -0.506, 0.50866, 0.49165] angvel=[-0.00275, 0.01572, -0.00041] linvel=[-0.00655, -0.00289, -0.00059] z=0.1070
[lowlevel-sim][GT] t=52.901 quat=[0.49327, -0.50614, 0.50869, 0.49166] angvel=[-0.03608, 0.05635, 0.04811] linvel=[-0.00052, -0.00861, -0.00018] z=0.1070
[lowlevel-sim][GT] t=52.951 quat=[0.49337, -0.50614, 0.50855, 0.49172] angvel=[0.00494, 0.0321, 0.00723] linvel=[-0.00533, -0.00322, -0.0012] z=0.1070
[lowlevel-sim] t=  53.00 mode=cmd        pd=31407 hold=10863 failclosed=73 rtf=0.272 base_z=+0.107 pitch=+1.541 roll=+3.126 |tau|max= 10.37 sat=0/29 knee_L=+0.277 hip_p_L=-0.108 torn=11598 cmd_age=34.0ms auth=148.4s rig_ign=1117 fix_base=0
[lowlevel-sim][GT] t=53.001 quat=[0.49346, -0.50613, 0.50874, 0.49143] angvel=[0.0241, 0.04785, 0.00203] linvel=[0.00104, -0.00735, -0.00123] z=0.1070
[lowlevel-sim][GT] t=53.051 quat=[0.49374, -0.50596, 0.50877, 0.49131] angvel=[-0.08551, 0.00139, -0.00412] linvel=[0.0008, -0.00436, 0.00808] z=0.1070
[lowlevel-sim][GT] t=53.101 quat=[0.49377, -0.50606, 0.50873, 0.49121] angvel=[-0.00055, -0.03085, -0.00814] linvel=[-0.00161, -0.00398, 0.00136] z=0.1070
[lowlevel-sim][GT] t=53.151 quat=[0.49381, -0.50601, 0.50866, 0.49129] angvel=[-0.00456, -0.02494, -0.01074] linvel=[-0.00291, -0.00043, 0.00026] z=0.1071
[lowlevel-sim][GT] t=53.201 quat=[0.49352, -0.5062, 0.5087, 0.49135] angvel=[-0.03392, 0.0134, 0.03873] linvel=[-0.00043, -0.00775, 0.00278] z=0.1070
[lowlevel-sim][GT] t=53.251 quat=[0.49357, -0.50614, 0.50855, 0.49151] angvel=[-0.04457, -0.00294, 0.01575] linvel=[-0.00091, -0.00335, 0.00211] z=0.1071
[lowlevel-sim][GT] t=53.301 quat=[0.49357, -0.50621, 0.50852, 0.49148] angvel=[-0.01162, 0.0243, 0.0476] linvel=[-0.00115, -0.00749, -0.00188] z=0.1071
[lowlevel-sim][GT] t=53.351 quat=[0.49357, -0.50621, 0.50851, 0.49149] angvel=[0.02975, 0.00408, 0.00521] linvel=[-0.00095, -0.00015, -0.00098] z=0.1070
[lowlevel-sim][GT] t=53.401 quat=[0.49349, -0.50616, 0.50847, 0.49166] angvel=[-0.00806, 0.02042, 0.00515] linvel=[-0.0024, -0.00052, 0.00249] z=0.1071
[lowlevel-sim][GT] t=53.451 quat=[0.49342, -0.50616, 0.50843, 0.49176] angvel=[-0.00274, -0.0076, -0.01063] linvel=[-0.00233, -0.00236, 0.00351] z=0.1071
[lowlevel-sim] t=  53.50 mode=cmd        pd=31657 hold=10863 failclosed=73 rtf=0.272 base_z=+0.107 pitch=+1.541 roll=+3.120 |tau|max= 10.32 sat=0/29 knee_L=+0.278 hip_p_L=-0.108 torn=11620 cmd_age=41.0ms auth=150.1s rig_ign=1117 fix_base=0
[lowlevel-sim][GT] t=53.501 quat=[0.4933, -0.50625, 0.50844, 0.49178] angvel=[-0.03151, -0.02977, -0.0051] linvel=[-0.00543, -0.01046, 0.00377] z=0.1071
[lowlevel-sim][GT] t=53.551 quat=[0.49344, -0.50614, 0.50844, 0.49177] angvel=[0.04319, -0.01349, -0.00466] linvel=[-0.00227, 0.00077, -0.00105] z=0.1071
[lowlevel-sim][GT] t=53.601 quat=[0.49368, -0.50612, 0.50858, 0.49139] angvel=[-0.0288, -0.04841, -0.06534] linvel=[-0.00232, -0.00777, -0.00082] z=0.1071
[lowlevel-sim][GT] t=53.651 quat=[0.49386, -0.50612, 0.50857, 0.49122] angvel=[0.02462, 0.02906, -0.00096] linvel=[0.00416, -0.00166, -0.00081] z=0.1071
[lowlevel-sim][GT] t=53.701 quat=[0.49399, -0.50603, 0.50868, 0.49107] angvel=[-0.03051, -0.01531, -0.01673] linvel=[0.00021, -0.00625, 0.00076] z=0.1071
[lowlevel-sim][GT] t=53.751 quat=[0.49395, -0.50604, 0.50862, 0.49116] angvel=[-0.0124, -0.02034, -0.00378] linvel=[0.0003, -0.00255, 0.00097] z=0.1071
[lowlevel-sim] FAIL-CLOSED engaged at t=53.796s, last command age 86.40 ms (deadline <= 100 ms) PASS
[lowlevel-sim] COMMANDED at t=53.798s (was fail-closed)
[lowlevel-sim][GT] t=53.801 quat=[0.49377, -0.50619, 0.50876, 0.49105] angvel=[-0.1174, -0.01597, -0.05496] linvel=[-0.00169, -0.00751, -0.00974] z=0.1070
[lowlevel-sim][GT] t=53.851 quat=[0.49368, -0.50619, 0.50883, 0.49107] angvel=[0.07521, 0.01119, -0.03205] linvel=[0.0019, -0.00128, -0.00457] z=0.1069
[lowlevel-sim][GT] t=53.901 quat=[0.49366, -0.50615, 0.50873, 0.49122] angvel=[-0.01237, -0.01831, 0.01502] linvel=[-4e-05, -0.00676, 0.00104] z=0.1069
[lowlevel-sim][GT] t=53.951 quat=[0.49348, -0.50609, 0.50861, 0.49159] angvel=[0.04144, 0.01699, 0.00411] linvel=[-0.00387, -0.00164, -0.0018] z=0.1070
[lowlevel-sim] t=  54.00 mode=cmd        pd=31907 hold=10863 failclosed=74 rtf=0.272 base_z=+0.107 pitch=+1.541 roll=+3.128 |tau|max=  8.53 sat=0/29 knee_L=+0.278 hip_p_L=-0.107 torn=11640 cmd_age=19.8ms auth=151.9s rig_ign=1117 fix_base=0
[lowlevel-sim][GT] t=54.001 quat=[0.49345, -0.50621, 0.50853, 0.49159] angvel=[-0.01463, 0.00061, -0.00619] linvel=[-0.00109, 2e-05, 0.00267] z=0.1070
[lowlevel-sim][GT] t=54.051 quat=[0.49348, -0.5063, 0.50841, 0.49158] angvel=[0.0245, 0.01626, 0.00294] linvel=[0.00089, 0.00088, -0.00035] z=0.1070
[lowlevel-sim][GT] t=54.101 quat=[0.49334, -0.50641, 0.50841, 0.49161] angvel=[-0.01506, -0.0049, 0.03689] linvel=[0.00367, -0.00341, 0.00186] z=0.1070
[lowlevel-sim][GT] t=54.151 quat=[0.49338, -0.50634, 0.50818, 0.49188] angvel=[0.02055, -0.05273, 0.00833] linvel=[-0.00387, 0.00201, -0.00245] z=0.1071
[lowlevel-sim][GT] t=54.201 quat=[0.49334, -0.50645, 0.50826, 0.49173] angvel=[-0.00555, -0.00801, 0.00653] linvel=[-0.00083, -0.00429, -0.00213] z=0.1070
[lowlevel-sim][GT] t=54.251 quat=[0.49325, -0.50641, 0.50817, 0.49195] angvel=[-0.06551, -0.07298, -0.0103] linvel=[-0.00676, -0.00445, 0.00523] z=0.1070
[lowlevel-sim][GT] t=54.301 quat=[0.49311, -0.50652, 0.50824, 0.49191] angvel=[-0.04538, -0.00977, -0.01412] linvel=[-0.00332, -0.00983, 0.00261] z=0.1070
[lowlevel-sim][GT] t=54.351 quat=[0.49317, -0.5065, 0.50821, 0.4919] angvel=[0.01081, -0.01592, -0.01187] linvel=[-0.00131, 0.00067, 0.00228] z=0.1070
[lowlevel-sim][GT] t=54.401 quat=[0.49335, -0.50651, 0.50835, 0.49156] angvel=[-0.0473, 0.01697, -0.04511] linvel=[0.00238, -0.00665, 0.00297] z=0.1070
[lowlevel-sim][GT] t=54.451 quat=[0.4936, -0.50628, 0.50828, 0.49163] angvel=[-0.0397, -0.08278, -0.02754] linvel=[-0.00433, -0.00368, 0.00537] z=0.1071
[lowlevel-sim] t=  54.50 mode=cmd        pd=32157 hold=10863 failclosed=74 rtf=0.272 base_z=+0.107 pitch=+1.541 roll=-3.140 |tau|max=  9.17 sat=0/29 knee_L=+0.277 hip_p_L=-0.107 torn=11655 cmd_age=38.0ms auth=153.7s rig_ign=1117 fix_base=0
[lowlevel-sim][GT] t=54.501 quat=[0.4935, -0.50638, 0.50833, 0.49157] angvel=[-0.03829, 0.00683, -0.00419] linvel=[-0.00385, -0.00391, 0.00212] z=0.1071
[lowlevel-sim][GT] t=54.551 quat=[0.49365, -0.50631, 0.50821, 0.4916] angvel=[-0.011, 0.00437, 0.00114] linvel=[-0.00166, -0.00111, 0.00177] z=0.1071
[lowlevel-sim][GT] t=54.601 quat=[0.49337, -0.5064, 0.50823, 0.49178] angvel=[-0.00797, 0.02232, -0.01626] linvel=[-0.00531, -0.00582, 0.00151] z=0.1071
[lowlevel-sim][GT] t=54.651 quat=[0.49343, -0.50633, 0.5081, 0.49193] angvel=[0.0528, 0.01877, 0.00175] linvel=[-0.00378, -0.0022, -0.00189] z=0.1072
[lowlevel-sim][GT] t=54.701 quat=[0.49325, -0.50645, 0.5081, 0.49198] angvel=[-0.03127, -0.0001, 0.01007] linvel=[-0.00527, -0.00928, 0.0046] z=0.1072
[lowlevel-sim][GT] t=54.751 quat=[0.49337, -0.50637, 0.50807, 0.49197] angvel=[-0.02593, 0.00057, 0.00031] linvel=[-0.00237, -0.00513, 0.00315] z=0.1072
[lowlevel-sim][GT] t=54.801 quat=[0.49324, -0.50645, 0.50817, 0.49192] angvel=[-0.028, -0.03147, -0.03571] linvel=[-0.00697, -0.00831, 0.00029] z=0.1071
[lowlevel-sim][GT] t=54.851 quat=[0.49321, -0.5064, 0.50813, 0.49204] angvel=[0.0394, 0.02754, 0.00595] linvel=[-0.00192, -0.00055, -0.00259] z=0.1071
[lowlevel-sim][GT] t=54.901 quat=[0.49329, -0.50652, 0.50823, 0.49174] angvel=[-0.04145, 0.01464, 0.04574] linvel=[0.00399, -0.0095, 0.00373] z=0.1071
[lowlevel-sim][GT] t=54.951 quat=[0.4935, -0.50638, 0.50821, 0.4917] angvel=[0.03002, -0.03108, 0.01684] linvel=[0.00542, -0.00354, -0.00064] z=0.1071
[lowlevel-sim] t=  55.00 mode=cmd        pd=32407 hold=10863 failclosed=74 rtf=0.272 base_z=+0.107 pitch=+1.541 roll=-3.128 |tau|max=  9.71 sat=0/29 knee_L=+0.277 hip_p_L=-0.107 torn=11677 cmd_age=43.3ms auth=155.4s rig_ign=1117 fix_base=0
[lowlevel-sim][GT] t=55.001 quat=[0.49357, -0.50649, 0.50824, 0.49147] angvel=[0.01578, -0.00966, -0.04041] linvel=[2e-05, -0.00403, -0.00265] z=0.1071
[lowlevel-sim][GT] t=55.051 quat=[0.49379, -0.50635, 0.5082, 0.49144] angvel=[-0.01164, -0.02498, 0.00033] linvel=[0.00109, -0.00248, 0.00313] z=0.1071
[lowlevel-sim][GT] t=55.101 quat=[0.49368, -0.50629, 0.50839, 0.49141] angvel=[-0.00773, 0.04085, 0.04597] linvel=[0.0085, -0.00653, 0.00112] z=0.1071
[lowlevel-sim][GT] t=55.151 quat=[0.49356, -0.50624, 0.50833, 0.49166] angvel=[0.04624, -0.02637, 0.01242] linvel=[0.0056, -0.00085, -0.00129] z=0.1071
[lowlevel-sim][GT] t=55.201 quat=[0.49349, -0.5063, 0.50829, 0.4917] angvel=[0.00788, 0.0155, 0.01623] linvel=[0.00203, -0.0006, 0.00344] z=0.1071
[lowlevel-sim][GT] t=55.251 quat=[0.49339, -0.50634, 0.50821, 0.49184] angvel=[0.01164, -0.00577, 0.00104] linvel=[-0.00414, -0.00124, 0.00018] z=0.1071
[lowlevel-sim][GT] t=55.301 quat=[0.49348, -0.50638, 0.50846, 0.49145] angvel=[-0.06542, 0.01412, 0.03161] linvel=[0.00586, -0.00825, 0.00465] z=0.1071
[lowlevel-sim][GT] t=55.351 quat=[0.4935, -0.50629, 0.5084, 0.49159] angvel=[0.0608, 0.03841, 0.00977] linvel=[-0.00045, 0.00102, -0.00475] z=0.1071
[lowlevel-sim][GT] t=55.401 quat=[0.49354, -0.50617, 0.50853, 0.49153] angvel=[-0.00584, -0.0029, 0.02186] linvel=[0.00445, -0.00885, 0.00063] z=0.1071
[lowlevel-sim][GT] t=55.451 quat=[0.49376, -0.50619, 0.50845, 0.49139] angvel=[0.02357, -0.05697, -0.01095] linvel=[0.00532, -0.00028, -0.00038] z=0.1071
[lowlevel-sim] t=  55.50 mode=cmd        pd=32657 hold=10863 failclosed=74 rtf=0.272 base_z=+0.107 pitch=+1.541 roll=-3.137 |tau|max=  9.25 sat=0/29 knee_L=+0.277 hip_p_L=-0.107 torn=11697 cmd_age=27.3ms auth=157.3s rig_ign=1117 fix_base=0
[lowlevel-sim][GT] t=55.501 quat=[0.49363, -0.50629, 0.50844, 0.49141] angvel=[-0.01176, 0.00641, 0.0018] linvel=[0.00313, -0.00514, -0.00194] z=0.1070
[lowlevel-sim][GT] t=55.551 quat=[0.49342, -0.50635, 0.50839, 0.49161] angvel=[-0.07775, 0.07115, 0.02388] linvel=[0.00085, -0.00432, 0.00768] z=0.1070
[lowlevel-sim][GT] t=55.601 quat=[0.49332, -0.50652, 0.50834, 0.4916] angvel=[-0.02978, 0.0036, 0.04496] linvel=[-0.00329, -0.00713, 0.00375] z=0.1070
[lowlevel-sim][GT] t=55.651 quat=[0.49344, -0.50641, 0.50822, 0.49171] angvel=[-0.01391, 0.06527, 0.0131] linvel=[0.00044, -0.00407, 0.00481] z=0.1071
[lowlevel-sim][GT] t=55.701 quat=[0.49324, -0.50634, 0.50823, 0.49197] angvel=[-0.02404, -0.02517, 0.01535] linvel=[0.0007, -0.0078, 0.00105] z=0.1072
[lowlevel-sim][GT] t=55.751 quat=[0.49327, -0.50622, 0.50819, 0.4921] angvel=[0.01076, -0.0263, 0.01016] linvel=[-0.00225, -0.0002, 0.00079] z=0.1072
[lowlevel-sim][GT] t=55.801 quat=[0.49332, -0.50628, 0.50833, 0.49185] angvel=[-0.02079, 0.03779, 0.04614] linvel=[0.00605, -0.00642, 0.00101] z=0.1071
[lowlevel-sim][GT] t=55.851 quat=[0.49347, -0.50624, 0.5084, 0.49167] angvel=[-0.01104, 0.00469, 0.0047] linvel=[0.00182, -0.00373, 0.0014] z=0.1071
[lowlevel-sim][GT] t=55.901 quat=[0.49365, -0.50632, 0.50847, 0.49133] angvel=[-0.03419, -0.04621, -0.06133] linvel=[0.00024, -0.00775, 0.00189] z=0.1070
[lowlevel-sim][GT] t=55.951 quat=[0.49374, -0.50629, 0.50849, 0.49126] angvel=[0.00518, -0.01693, 0.0091] linvel=[0.00568, -0.00037, 0.00121] z=0.1070
[lowlevel-sim] t=  56.00 mode=cmd        pd=32907 hold=10863 failclosed=74 rtf=0.272 base_z=+0.107 pitch=+1.541 roll=-3.136 |tau|max=  9.70 sat=0/29 knee_L=+0.277 hip_p_L=-0.108 torn=11717 cmd_age=34.0ms auth=158.8s rig_ign=1117 fix_base=0
[lowlevel-sim][GT] t=56.001 quat=[0.4936, -0.50636, 0.50853, 0.49128] angvel=[-0.01745, -0.04117, -0.02344] linvel=[-0.00217, -0.0063, 0.00163] z=0.1070
[lowlevel-sim][GT] t=56.051 quat=[0.49367, -0.50628, 0.50841, 0.49142] angvel=[-0.00065, -0.00478, 0.0034] linvel=[-0.00134, 0.00111, 0.00276] z=0.1071
[lowlevel-sim][GT] t=56.101 quat=[0.49358, -0.50627, 0.5085, 0.49142] angvel=[-0.00813, -0.00661, 0.01998] linvel=[-0.00218, -0.005, 0.00134] z=0.1071
[lowlevel-sim][GT] t=56.151 quat=[0.49356, -0.5062, 0.50847, 0.49155] angvel=[-0.00457, -0.01249, -0.00092] linvel=[-0.00174, -0.00284, 0.00221] z=0.1071
[lowlevel-sim][GT] t=56.201 quat=[0.49366, -0.5062, 0.5084, 0.49152] angvel=[-0.00118, -0.03209, -0.04174] linvel=[-0.00239, -0.00373, 0.00022] z=0.1071
[lowlevel-sim][GT] t=56.251 quat=[0.49378, -0.50618, 0.50843, 0.4914] angvel=[-0.06272, -0.01655, -0.00948] linvel=[0.00445, -0.0057, 0.00401] z=0.1071
[lowlevel-sim][GT] t=56.301 quat=[0.49366, -0.50617, 0.50854, 0.49141] angvel=[-0.01892, 0.00267, 0.01756] linvel=[0.00337, -0.00544, 0.00235] z=0.1071
[lowlevel-sim][GT] t=56.351 quat=[0.49369, -0.50611, 0.50856, 0.49141] angvel=[-0.02788, 0.02935, -0.00048] linvel=[0.00234, -0.00341, 0.00056] z=0.1071
[lowlevel-sim][GT] t=56.401 quat=[0.49376, -0.50611, 0.50868, 0.49123] angvel=[-0.00957, 0.00204, 0.02005] linvel=[0.00998, -0.00605, -0.00034] z=0.1071
[lowlevel-sim][GT] t=56.451 quat=[0.49387, -0.50592, 0.50859, 0.4914] angvel=[-0.00211, 0.00563, 0.03692] linvel=[0.00452, -0.00438, 0.0017] z=0.1071
[lowlevel-sim] t=  56.50 mode=cmd        pd=33157 hold=10863 failclosed=74 rtf=0.273 base_z=+0.107 pitch=+1.541 roll=+3.131 |tau|max=  8.58 sat=0/29 knee_L=+0.278 hip_p_L=-0.108 torn=11743 cmd_age=26.8ms auth=160.6s rig_ign=1117 fix_base=0
[lowlevel-sim][GT] t=56.501 quat=[0.49375, -0.50593, 0.50877, 0.49132] angvel=[-0.03754, -0.00364, 0.01076] linvel=[0.00165, -0.00265, 0.00245] z=0.1071
[lowlevel-sim][GT] t=56.551 quat=[0.49384, -0.5057, 0.50886, 0.49137] angvel=[0.04137, 0.02517, -0.00378] linvel=[-0.0024, 0.00314, -3e-05] z=0.1071
[lowlevel-sim] FAIL-CLOSED engaged at t=56.598s, last command age 86.41 ms (deadline <= 100 ms) PASS
[lowlevel-sim] COMMANDED at t=56.600s (was fail-closed)
[lowlevel-sim][GT] t=56.601 quat=[0.4937, -0.5058, 0.50901, 0.49127] angvel=[-0.18053, 0.02119, 0.00341] linvel=[-0.00425, -0.00264, 0.00157] z=0.1070
[lowlevel-sim][GT] t=56.651 quat=[0.49387, -0.50578, 0.50912, 0.49099] angvel=[0.00296, -0.00422, 0.01267] linvel=[0.00302, -0.00432, 0.00049] z=0.1070
[lowlevel-sim][GT] t=56.701 quat=[0.49398, -0.50574, 0.50903, 0.49102] angvel=[-0.00996, 0.08291, 0.01831] linvel=[-0.00116, -0.00141, 0.00021] z=0.1071
[lowlevel-sim][GT] t=56.751 quat=[0.49389, -0.5058, 0.50897, 0.49112] angvel=[-0.01054, -0.01, -0.03201] linvel=[-0.00696, -0.0063, 0.00244] z=0.1071
[lowlevel-sim][GT] t=56.801 quat=[0.49407, -0.50576, 0.50895, 0.49099] angvel=[0.05637, 0.04253, -0.02303] linvel=[-0.0048, -0.00166, -0.0047] z=0.1071
[lowlevel-sim][GT] t=56.851 quat=[0.494, -0.50582, 0.5089, 0.49105] angvel=[-0.01073, -0.02622, -0.0157] linvel=[-0.00868, -0.00563, -0.00056] z=0.1071
[lowlevel-sim][GT] t=56.901 quat=[0.49392, -0.50585, 0.50877, 0.49124] angvel=[-0.00927, -0.0638, -0.00563] linvel=[-0.00945, -0.00277, -0.00179] z=0.1071
[lowlevel-sim][GT] t=56.951 quat=[0.49376, -0.50596, 0.50877, 0.49128] angvel=[-0.02554, -0.0025, 0.0196] linvel=[-0.00434, -0.00927, -0.00087] z=0.1071
[lowlevel-sim] t=  57.00 mode=cmd        pd=33408 hold=10863 failclosed=76 rtf=0.273 base_z=+0.107 pitch=+1.541 roll=+3.131 |tau|max= 35.00 sat=2/29 knee_L=+0.277 hip_p_L=-0.108 torn=11761 cmd_age=26.3ms auth=162.2s rig_ign=1117 fix_base=0 sat_j=left_ankle_roll_joint:+35.0,right_ankle_roll_joint:-35.0
[lowlevel-sim][GT] t=57.001 quat=[0.49383, -0.50588, 0.50877, 0.49129] angvel=[-0.02346, 0.00999, -0.00594] linvel=[-0.00504, -0.00435, -0.00119] z=0.1071
[lowlevel-sim][GT] t=57.051 quat=[0.4938, -0.50594, 0.50898, 0.49105] angvel=[-0.03408, -0.0297, -0.01924] linvel=[-0.00312, -0.00309, 0.00565] z=0.1071
[lowlevel-sim][GT] t=57.101 quat=[0.4943, -0.5057, 0.50887, 0.49091] angvel=[0.02892, -0.06463, -0.02799] linvel=[0.00389, 0.00189, 0.00029] z=0.1071
[lowlevel-sim][GT] t=57.151 quat=[0.49442, -0.50568, 0.50899, 0.49067] angvel=[-0.00102, 0.01527, -0.00921] linvel=[0.00437, -0.00614, -0.00319] z=0.1071
[lowlevel-sim][GT] t=57.201 quat=[0.49449, -0.50556, 0.50905, 0.49067] angvel=[0.00175, 0.00948, -0.00436] linvel=[0.00428, 0.00161, 0.00354] z=0.1071
[lowlevel-sim][GT] t=57.251 quat=[0.49462, -0.50556, 0.50912, 0.49047] angvel=[-0.01614, -0.01668, -0.03138] linvel=[0.00013, -0.00705, -0.0016] z=0.1071
[lowlevel-sim][GT] t=57.301 quat=[0.49474, -0.50552, 0.50899, 0.49052] angvel=[0.05808, -0.05646, -0.02625] linvel=[-0.00071, -0.00095, -0.00577] z=0.1072
[lowlevel-sim][GT] t=57.351 quat=[0.49446, -0.50552, 0.50906, 0.49072] angvel=[-0.00305, 0.07099, 0.0737] linvel=[0.00209, -0.00793, -0.00124] z=0.1072
[lowlevel-sim][GT] t=57.401 quat=[0.49421, -0.50559, 0.50898, 0.49099] angvel=[-0.0223, -0.01025, 0.02244] linvel=[-0.0002, -0.00339, 0.0019] z=0.1072
[lowlevel-sim][GT] t=57.451 quat=[0.49398, -0.5057, 0.50895, 0.49114] angvel=[-0.03889, 0.00395, 0.01333] linvel=[-0.00141, -0.00418, 0.00207] z=0.1072
[lowlevel-sim] t=  57.50 mode=cmd        pd=33658 hold=10863 failclosed=76 rtf=0.273 base_z=+0.107 pitch=+1.541 roll=+3.125 |tau|max= 35.00 sat=2/29 knee_L=+0.278 hip_p_L=-0.108 torn=11778 cmd_age=40.6ms auth=163.9s rig_ign=1117 fix_base=0 sat_j=left_ankle_roll_joint:+35.0,right_ankle_roll_joint:-35.0
[lowlevel-sim][GT] t=57.501 quat=[0.49388, -0.50572, 0.50892, 0.49126] angvel=[0.02423, 0.01776, -0.00179] linvel=[-0.00258, -0.002, -0.00374] z=0.1072
[lowlevel-sim][GT] t=57.551 quat=[0.49394, -0.50582, 0.5089, 0.49111] angvel=[-0.01907, 0.00852, -0.03171] linvel=[-0.00046, -0.00436, 0.00096] z=0.1072
[lowlevel-sim][GT] t=57.601 quat=[0.49418, -0.5057, 0.50889, 0.491] angvel=[0.0175, -0.00599, -0.00626] linvel=[0.00708, -0.00216, -0.00143] z=0.1072
[lowlevel-sim][GT] t=57.651 quat=[0.49438, -0.50563, 0.50898, 0.49079] angvel=[-0.00952, -0.0491, 0.02137] linvel=[0.00452, -0.00723, 0.00055] z=0.1072
[lowlevel-sim][GT] t=57.701 quat=[0.49443, -0.5055, 0.50894, 0.49091] angvel=[0.0387, 0.00457, -0.00494] linvel=[0.00349, 0.00112, -0.00194] z=0.1072
[lowlevel-sim][GT] t=57.751 quat=[0.49442, -0.50555, 0.50906, 0.49075] angvel=[-0.00087, -0.04407, -0.04646] linvel=[-0.00358, -0.00648, -0.00219] z=0.1072
[lowlevel-sim][GT] t=57.801 quat=[0.49449, -0.50556, 0.50899, 0.49073] angvel=[0.03359, 0.0403, 0.01044] linvel=[0.00303, -0.00014, -0.00282] z=0.1072
[lowlevel-sim][GT] t=57.851 quat=[0.49442, -0.50556, 0.50906, 0.49073] angvel=[-0.02139, -0.01298, 0.02832] linvel=[0.00316, -0.00475, 0.00033] z=0.1072
[lowlevel-sim][GT] t=57.901 quat=[0.49423, -0.5056, 0.50904, 0.4909] angvel=[0.03358, 0.01503, 0.0179] linvel=[-0.00063, -0.0009, -0.00127] z=0.1071
[lowlevel-sim][GT] t=57.951 quat=[0.49409, -0.50568, 0.50912, 0.49088] angvel=[-0.02924, 0.04651, 0.03591] linvel=[0.00223, -0.00999, 0.00148] z=0.1071
[lowlevel-sim] t=  58.00 mode=cmd        pd=33908 hold=10863 failclosed=76 rtf=0.273 base_z=+0.107 pitch=+1.541 roll=+3.132 |tau|max= 35.00 sat=2/29 knee_L=+0.278 hip_p_L=-0.108 torn=11787 cmd_age=35.5ms auth=165.7s rig_ign=1117 fix_base=0 sat_j=left_ankle_roll_joint:+35.0,right_ankle_roll_joint:-35.0
[lowlevel-sim][GT] t=58.001 quat=[0.49401, -0.50568, 0.509, 0.49108] angvel=[0.01466, 0.01997, 0.03799] linvel=[-0.00102, -0.00483, 0.00174] z=0.1072
[lowlevel-sim][GT] t=58.051 quat=[0.4938, -0.50573, 0.50905, 0.49119] angvel=[-0.03845, -0.02219, 0.00085] linvel=[-0.00418, -0.00378, 0.0041] z=0.1072
[lowlevel-sim][GT] t=58.101 quat=[0.49384, -0.5055, 0.50892, 0.49152] angvel=[0.0011, 0.05581, 0.01511] linvel=[-0.00233, -0.00227, -0.00116] z=0.1072
[lowlevel-sim][GT] t=58.151 quat=[0.4939, -0.50556, 0.50896, 0.49136] angvel=[-0.00859, -0.03693, -0.05218] linvel=[-0.00579, -0.00481, -0.00083] z=0.1072
[lowlevel-sim][GT] t=58.201 quat=[0.4941, -0.50554, 0.50897, 0.49116] angvel=[0.01428, -0.0177, -0.02604] linvel=[-0.00478, -0.00182, 0.0015] z=0.1072
[lowlevel-sim][GT] t=58.251 quat=[0.49418, -0.50551, 0.50902, 0.49107] angvel=[-0.0014, 0.00932, 0.00481] linvel=[-0.00312, -0.00316, 0.00103] z=0.1072
[lowlevel-sim][GT] t=58.301 quat=[0.49434, -0.50547, 0.50895, 0.49102] angvel=[-0.01366, 0.01344, 0.00292] linvel=[-0.00339, -0.00462, 0.00121] z=0.1073
[lowlevel-sim][GT] t=58.351 quat=[0.49436, -0.50542, 0.50904, 0.49095] angvel=[-0.01401, 0.01658, 0.03073] linvel=[0.00286, -0.00592, 0.00099] z=0.1073
[lowlevel-sim][GT] t=58.401 quat=[0.4945, -0.5053, 0.50909, 0.49089] angvel=[-0.02343, -0.03694, -0.00877] linvel=[0.00462, -0.00595, 0.00076] z=0.1073
[lowlevel-sim][GT] t=58.451 quat=[0.49447, -0.50531, 0.50919, 0.4908] angvel=[-0.02844, -0.01145, -0.00417] linvel=[0.0043, -0.00436, 0.00164] z=0.1073
[lowlevel-sim] t=  58.50 mode=cmd        pd=34158 hold=10863 failclosed=76 rtf=0.273 base_z=+0.107 pitch=+1.542 roll=+3.139 |tau|max= 35.00 sat=2/29 knee_L=+0.278 hip_p_L=-0.108 torn=11813 cmd_age=36.6ms auth=167.3s rig_ign=1117 fix_base=0 sat_j=left_ankle_roll_joint:+35.0,right_ankle_roll_joint:-35.0
[lowlevel-sim][GT] t=58.501 quat=[0.49454, -0.50524, 0.50922, 0.49077] angvel=[0.04722, 0.02712, 0.00969] linvel=[0.00172, -0.00025, -0.00179] z=0.1073
[lowlevel-sim][GT] t=58.551 quat=[0.49439, -0.50529, 0.50927, 0.49083] angvel=[-0.02292, -0.00474, -0.03553] linvel=[-0.00861, -0.00653, 0.00471] z=0.1073
[lowlevel-sim][GT] t=58.601 quat=[0.49454, -0.50512, 0.50922, 0.4909] angvel=[-0.06311, -0.01121, -2e-05] linvel=[-0.00537, -0.00548, 0.00369] z=0.1073
[lowlevel-sim][GT] t=58.651 quat=[0.49451, -0.50515, 0.50929, 0.49082] angvel=[-0.02243, -3e-05, -0.01421] linvel=[-0.00546, -0.00385, 0.00245] z=0.1073
[lowlevel-sim][GT] t=58.701 quat=[0.49455, -0.50518, 0.50927, 0.49076] angvel=[0.03598, 0.05528, 0.01485] linvel=[-0.0028, -0.00207, -0.00248] z=0.1073
[lowlevel-sim][GT] t=58.751 quat=[0.49466, -0.50522, 0.50936, 0.49053] angvel=[-0.00105, 0.0262, 0.04248] linvel=[0.00652, -0.00569, -0.00224] z=0.1073
[lowlevel-sim][GT] t=58.801 quat=[0.49471, -0.50513, 0.50941, 0.49052] angvel=[-0.05745, 0.07077, 0.02752] linvel=[0.00337, -0.00432, 0.00512] z=0.1073
[lowlevel-sim][GT] t=58.851 quat=[0.49467, -0.5052, 0.50961, 0.49027] angvel=[-0.02239, -0.00785, -0.00029] linvel=[0.00393, -0.0042, 0.00273] z=0.1072
[lowlevel-sim][GT] t=58.901 quat=[0.49493, -0.50505, 0.50952, 0.49026] angvel=[0.01469, 0.02289, -0.01797] linvel=[0.00309, -0.00317, 0.00225] z=0.1073
[lowlevel-sim][GT] t=58.951 quat=[0.49505, -0.505, 0.50958, 0.49012] angvel=[-0.01806, -0.005, -0.04391] linvel=[-0.00387, -0.00402, 0.00094] z=0.1073
[lowlevel-sim] t=  59.00 mode=cmd        pd=34408 hold=10863 failclosed=76 rtf=0.273 base_z=+0.107 pitch=+1.541 roll=-3.133 |tau|max= 35.00 sat=2/29 knee_L=+0.278 hip_p_L=-0.108 torn=11839 cmd_age=28.9ms auth=169.0s rig_ign=1117 fix_base=0 sat_j=left_ankle_roll_joint:+35.0,right_ankle_roll_joint:-35.0
[lowlevel-sim][GT] t=59.001 quat=[0.49502, -0.50494, 0.50963, 0.49017] angvel=[0.03333, -0.09479, -0.04475] linvel=[-0.00209, -0.00416, -0.00493] z=0.1072
[lowlevel-sim][GT] t=59.051 quat=[0.4951, -0.50501, 0.50973, 0.48992] angvel=[-0.0239, -0.02854, 0.00952] linvel=[0.00143, -0.00728, 0.00124] z=0.1072
[lowlevel-sim][GT] t=59.101 quat=[0.49494, -0.50503, 0.50961, 0.49018] angvel=[0.02607, 0.00544, 0.0083] linvel=[-0.0024, -0.00097, 0.0013] z=0.1072
[lowlevel-sim][GT] t=59.151 quat=[0.49481, -0.50508, 0.50943, 0.49044] angvel=[0.00248, -0.0055, 0.03033] linvel=[-0.00371, -0.00616, 0.00013] z=0.1073
[lowlevel-sim][GT] t=59.201 quat=[0.49451, -0.50518, 0.50922, 0.49087] angvel=[-0.00338, -0.00885, 0.00689] linvel=[-0.00632, -0.00206, 0.00308] z=0.1073
[lowlevel-sim][GT] t=59.251 quat=[0.49434, -0.50541, 0.50916, 0.49087] angvel=[-0.00164, -0.02428, -0.01654] linvel=[-0.00633, -0.00557, -0.00164] z=0.1072
[lowlevel-sim][GT] t=59.301 quat=[0.4943, -0.50536, 0.50913, 0.49097] angvel=[-0.01198, -0.00341, -0.02442] linvel=[-0.00502, -0.00345, -6e-05] z=0.1072
[lowlevel-sim][GT] t=59.351 quat=[0.49416, -0.50546, 0.5092, 0.49095] angvel=[-0.00959, 0.03271, 0.04717] linvel=[0.00271, -0.00338, 0.00095] z=0.1072
[lowlevel-sim][GT] t=59.401 quat=[0.49446, -0.50532, 0.50914, 0.49086] angvel=[-0.0052, -0.01366, 0.00879] linvel=[0.00393, -0.0037, 0.00177] z=0.1072
[lowlevel-sim][GT] t=59.451 quat=[0.49457, -0.50531, 0.50913, 0.49076] angvel=[-0.01506, -0.02578, -0.01783] linvel=[0.00283, -0.00295, 0.00152] z=0.1073
[lowlevel-sim] t=  59.50 mode=cmd        pd=34658 hold=10863 failclosed=76 rtf=0.274 base_z=+0.107 pitch=+1.542 roll=-3.133 |tau|max= 35.00 sat=2/29 knee_L=+0.278 hip_p_L=-0.107 torn=11874 cmd_age=43.2ms auth=170.8s rig_ign=1117 fix_base=0 sat_j=left_ankle_roll_joint:+35.0,right_ankle_roll_joint:-35.0
[lowlevel-sim][GT] t=59.501 quat=[0.49467, -0.50529, 0.50913, 0.49068] angvel=[0.05544, 0.01627, 0.01349] linvel=[0.00237, 0.00101, -0.00458] z=0.1072
[lowlevel-sim][GT] t=59.551 quat=[0.49454, -0.50529, 0.50908, 0.49087] angvel=[-0.00091, -0.01727, -0.00274] linvel=[0.00011, -0.00547, -0.00234] z=0.1073
[lowlevel-sim][GT] t=59.601 quat=[0.49443, -0.50532, 0.50908, 0.49094] angvel=[0.02878, 0.02183, 0.01067] linvel=[-0.00318, 0.00136, -0.0011] z=0.1073
[lowlevel-sim][GT] t=59.651 quat=[0.49458, -0.50535, 0.50911, 0.49074] angvel=[0.00682, -0.0287, -0.02281] linvel=[-0.00444, -0.00705, -0.00091] z=0.1073
[lowlevel-sim][GT] t=59.701 quat=[0.4948, -0.50527, 0.50901, 0.4907] angvel=[0.05962, 0.03563, -0.02884] linvel=[0.00115, -0.00109, -0.00382] z=0.1073
[lowlevel-sim][GT] t=59.751 quat=[0.49481, -0.50527, 0.50908, 0.49061] angvel=[-0.03353, 0.0349, 0.03644] linvel=[0.00956, -0.00697, 0.00048] z=0.1073
[lowlevel-sim][GT] t=59.801 quat=[0.4948, -0.50519, 0.50915, 0.49064] angvel=[-0.01697, 0.02585, 0.01131] linvel=[0.00122, -0.00402, 0.002] z=0.1073
[lowlevel-sim][GT] t=59.851 quat=[0.49478, -0.50521, 0.50929, 0.49049] angvel=[-0.00307, 0.00726, 0.01981] linvel=[0.00481, -0.00253, 0.00086] z=0.1073
[lowlevel-sim][GT] t=59.901 quat=[0.49461, -0.5052, 0.50916, 0.49082] angvel=[0.02019, 0.02394, 0.02096] linvel=[0.00145, 0.0012, 0.00065] z=0.1073
[lowlevel-sim][GT] t=59.951 quat=[0.49431, -0.50531, 0.50918, 0.49098] angvel=[-0.00109, -0.03031, -0.01689] linvel=[-0.00933, -0.0072, -0.00199] z=0.1073
[lowlevel-sim] t=  60.00 mode=cmd        pd=34908 hold=10863 failclosed=76 rtf=0.274 base_z=+0.107 pitch=+1.542 roll=+3.123 |tau|max= 35.00 sat=2/29 knee_L=+0.278 hip_p_L=-0.108 torn=11896 cmd_age=70.9ms auth=172.6s rig_ign=1117 fix_base=0 sat_j=left_ankle_roll_joint:+35.0,right_ankle_roll_joint:-35.0
[lowlevel-sim][GT] t=60.001 quat=[0.49426, -0.50532, 0.50907, 0.49113] angvel=[0.00407, 0.00024, -0.00463] linvel=[-0.00453, -0.00236, 0.00438] z=0.1073
[lowlevel-sim] FAIL-CLOSED engaged at t=60.004s, last command age 85.56 ms (deadline <= 100 ms) PASS
[lowlevel-sim] COMMANDED at t=60.008s (was fail-closed)
[lowlevel-sim][GT] t=60.051 quat=[0.49408, -0.50559, 0.50937, 0.49072] angvel=[-0.00652, 0.01269, 0.01606] linvel=[0.00255, -0.00773, 0.00092] z=0.1072
[lowlevel-sim] FAIL-CLOSED engaged at t=60.090s, last command age 86.99 ms (deadline <= 100 ms) PASS
[lowlevel-sim] COMMANDED at t=60.094s (was fail-closed)
[lowlevel-sim][GT] t=60.101 quat=[0.49374, -0.50593, 0.50964, 0.49042] angvel=[-0.10115, -0.01557, -0.01894] linvel=[0.00115, -0.00365, 0.00073] z=0.1070
[lowlevel-sim][GT] t=60.151 quat=[0.49408, -0.50572, 0.50946, 0.4905] angvel=[0.01123, 0.0038, -0.0031] linvel=[-0.00363, -0.00257, 0.0015] z=0.1071
[lowlevel-sim][GT] t=60.201 quat=[0.49423, -0.50556, 0.50933, 0.49064] angvel=[0.01037, -0.02827, -0.00783] linvel=[-0.00633, -0.00176, 0.00256] z=0.1071
[lowlevel-sim][GT] t=60.251 quat=[0.49411, -0.50547, 0.50932, 0.49086] angvel=[-0.02095, -0.03667, -0.00883] linvel=[-0.00871, -0.00865, 0.00332] z=0.1072
[lowlevel-sim][GT] t=60.301 quat=[0.49423, -0.50539, 0.50922, 0.49093] angvel=[0.0013, 0.0534, 0.01531] linvel=[-0.00596, -0.00267, 0.00145] z=0.1072
[lowlevel-sim][GT] t=60.351 quat=[0.49442, -0.50546, 0.50919, 0.4907] angvel=[-0.01264, -0.04281, 0.01626] linvel=[0.00018, -0.00694, -0.00055] z=0.1072
[lowlevel-sim][GT] t=60.401 quat=[0.4945, -0.50533, 0.50926, 0.49068] angvel=[0.04483, 0.01217, -0.00144] linvel=[-0.00355, 0.00313, -0.00078] z=0.1072
[lowlevel-sim][GT] t=60.451 quat=[0.49485, -0.5054, 0.50925, 0.49026] angvel=[-0.03934, -0.03872, -0.05774] linvel=[-0.00591, -0.00745, -0.0001] z=0.1072
[lowlevel-sim] t=  60.50 mode=cmd        pd=35161 hold=10863 failclosed=83 rtf=0.273 base_z=+0.107 pitch=+1.542 roll=-3.112 |tau|max= 35.00 sat=2/29 knee_L=+0.277 hip_p_L=-0.107 torn=11916 cmd_age=21.1ms auth=174.5s rig_ign=1117 fix_base=0 sat_j=left_ankle_roll_joint:+35.0,right_ankle_roll_joint:-35.0
[lowlevel-sim][GT] t=60.501 quat=[0.49497, -0.50529, 0.5091, 0.49041] angvel=[-0.02376, 0.00337, 0.00535] linvel=[0.00029, -0.0039, 0.00085] z=0.1073
[lowlevel-sim][GT] t=60.551 quat=[0.49497, -0.50536, 0.50911, 0.49034] angvel=[-0.00573, 0.02068, 0.05509] linvel=[0.00566, -0.0084, -0.00043] z=0.1073
[lowlevel-sim][GT] t=60.601 quat=[0.49461, -0.50539, 0.50903, 0.49074] angvel=[0.02079, 0.01771, 0.03313] linvel=[-0.00209, -0.00254, -0.00164] z=0.1073
[lowlevel-sim][GT] t=60.651 quat=[0.49419, -0.5056, 0.50901, 0.49097] angvel=[-0.02059, -0.01822, 0.01557] linvel=[-0.00279, -0.00374, 0.00358] z=0.1072
[lowlevel-sim][GT] t=60.701 quat=[0.49424, -0.50549, 0.50894, 0.49111] angvel=[0.01529, 0.05221, 0.00533] linvel=[-0.00077, -0.00207, 0.00159] z=0.1073
[lowlevel-sim][GT] t=60.751 quat=[0.49422, -0.50554, 0.50903, 0.49098] angvel=[-0.01819, -0.01073, -0.04725] linvel=[-0.00352, -0.00578, -0.0012] z=0.1073
[lowlevel-sim][GT] t=60.801 quat=[0.49439, -0.50531, 0.50915, 0.49093] angvel=[0.00901, 0.02962, -0.01523] linvel=[-0.00011, -0.00167, 0.00142] z=0.1073
[lowlevel-sim][GT] t=60.851 quat=[0.49461, -0.50531, 0.5092, 0.49065] angvel=[0.01124, -0.02939, -0.03885] linvel=[0.00037, -0.00465, -0.00273] z=0.1073
[lowlevel-sim][GT] t=60.901 quat=[0.49496, -0.50512, 0.50923, 0.49045] angvel=[-0.06333, -0.06965, -0.02831] linvel=[0.00056, -0.00373, 0.00461] z=0.1073
[lowlevel-sim][GT] t=60.951 quat=[0.49482, -0.50524, 0.50938, 0.49031] angvel=[-0.02182, 0.0248, 0.04352] linvel=[0.00215, -0.00669, -0.00082] z=0.1072
[lowlevel-sim] t=  61.00 mode=cmd        pd=35411 hold=10863 failclosed=83 rtf=0.273 base_z=+0.107 pitch=+1.541 roll=-3.123 |tau|max= 35.00 sat=2/29 knee_L=+0.277 hip_p_L=-0.107 torn=11942 cmd_age=25.4ms auth=176.3s rig_ign=1117 fix_base=0 sat_j=left_ankle_roll_joint:+35.0,right_ankle_roll_joint:-35.0
[lowlevel-sim][GT] t=61.001 quat=[0.49496, -0.50512, 0.50941, 0.49027] angvel=[-0.01033, -0.01702, -0.01497] linvel=[0.00178, -0.002, 0.0011] z=0.1072
[lowlevel-sim][GT] t=61.051 quat=[0.49474, -0.50529, 0.50945, 0.49028] angvel=[-0.01855, -0.03672, -0.06214] linvel=[-0.00602, -0.00912, 0.00045] z=0.1072
[lowlevel-sim][GT] t=61.101 quat=[0.49483, -0.50517, 0.50939, 0.49037] angvel=[-0.03432, -0.07783, -0.01123] linvel=[-0.00381, -0.00303, 0.0033] z=0.1072
[lowlevel-sim][GT] t=61.151 quat=[0.49449, -0.50527, 0.50934, 0.49067] angvel=[-0.04206, 0.02279, 0.0673] linvel=[0.00124, -0.00713, 0.00399] z=0.1072
[lowlevel-sim][GT] t=61.201 quat=[0.49444, -0.50528, 0.50918, 0.49088] angvel=[-0.03356, 0.06338, 0.02533] linvel=[-0.00285, -0.00458, 0.00418] z=0.1072
[lowlevel-sim] FAIL-CLOSED engaged at t=61.223s, last command age 86.12 ms (deadline <= 100 ms) PASS
[lowlevel-sim] COMMANDED at t=61.236s (was fail-closed)
[lowlevel-sim][GT] t=61.251 quat=[0.49253, -0.50718, 0.51086, 0.48908] angvel=[-0.01108, -0.04104, -0.01166] linvel=[-0.00374, -0.00377, -0.00268] z=0.1062
[lowlevel-sim][GT] t=61.301 quat=[0.49332, -0.50655, 0.51004, 0.4898] angvel=[0.02411, 0.01375, 0.007] linvel=[-0.00443, -0.0023, 0.00304] z=0.1065
[lowlevel-sim][GT] t=61.351 quat=[0.49354, -0.50637, 0.50965, 0.49016] angvel=[0.01922, -0.00393, -0.04095] linvel=[-0.00048, -0.00635, 0.00191] z=0.1067
[lowlevel-sim][GT] t=61.401 quat=[0.49404, -0.50614, 0.5094, 0.49016] angvel=[0.06867, -0.03868, -0.00171] linvel=[0.00457, 0.00088, -0.00098] z=0.1068
[lowlevel-sim][GT] t=61.451 quat=[0.49418, -0.50595, 0.50941, 0.49021] angvel=[-0.02665, -0.00994, 0.02815] linvel=[0.01315, -0.00785, 0.00475] z=0.1069
[lowlevel-sim] t=  61.50 mode=cmd        pd=35667 hold=10863 failclosed=95 rtf=0.274 base_z=+0.107 pitch=+1.540 roll=-3.121 |tau|max= 35.00 sat=2/29 knee_L=+0.276 hip_p_L=-0.107 torn=11956 cmd_age=45.0ms auth=178.1s rig_ign=1117 fix_base=0 sat_j=left_ankle_roll_joint:+35.0,right_ankle_roll_joint:-35.0
[lowlevel-sim][GT] t=61.501 quat=[0.49425, -0.50588, 0.50916, 0.49047] angvel=[0.05312, 0.03475, 0.02037] linvel=[0.00454, 0.00296, 2e-05] z=0.1070
[lowlevel-sim][GT] t=61.551 quat=[0.49416, -0.5059, 0.50907, 0.49064] angvel=[-0.00657, -0.02945, -0.01934] linvel=[-0.00413, -0.00625, 0.00027] z=0.1070
[lowlevel-sim][GT] t=61.601 quat=[0.49416, -0.50587, 0.50892, 0.49081] angvel=[0.04466, -0.04811, -0.01281] linvel=[0.00101, -0.00028, -0.00101] z=0.1071
[lowlevel-sim][GT] t=61.651 quat=[0.49426, -0.5059, 0.50891, 0.4907] angvel=[-0.04083, -0.04039, -0.04061] linvel=[0.00359, -0.00783, 0.00351] z=0.1071
[lowlevel-sim][GT] t=61.701 quat=[0.4942, -0.50581, 0.50888, 0.49088] angvel=[-0.02712, -0.05698, -0.01657] linvel=[0.0052, -0.00455, 0.00305] z=0.1071
[lowlevel-sim][GT] t=61.751 quat=[0.49433, -0.50574, 0.50901, 0.49068] angvel=[-0.03626, -0.0225, -0.01805] linvel=[0.00352, -0.0043, 0.00174] z=0.1071
[lowlevel-sim][GT] t=61.801 quat=[0.49435, -0.50565, 0.50906, 0.49072] angvel=[0.01911, 0.05649, 0.01236] linvel=[0.00199, -0.00097, 0.00077] z=0.1071
[lowlevel-sim][GT] t=61.851 quat=[0.49434, -0.50566, 0.50918, 0.49058] angvel=[-0.02714, 0.02186, 0.01137] linvel=[0.00418, -0.00452, 0.00093] z=0.1071
[lowlevel-sim][GT] t=61.901 quat=[0.49453, -0.50555, 0.50921, 0.49048] angvel=[0.03796, 0.01448, -0.00687] linvel=[0.00535, 0.00061, -0.00228] z=0.1071
[lowlevel-sim][GT] t=61.951 quat=[0.49449, -0.5056, 0.50924, 0.49043] angvel=[-0.00955, 0.00877, 0.00613] linvel=[0.00398, -0.00235, 0.00285] z=0.1071
[lowlevel-sim] t=  62.00 mode=cmd        pd=35917 hold=10863 failclosed=95 rtf=0.274 base_z=+0.107 pitch=+1.541 roll=-3.127 |tau|max= 35.00 sat=2/29 knee_L=+0.277 hip_p_L=-0.107 torn=11990 cmd_age=93.2ms auth=179.8s rig_ign=1117 fix_base=0 sat_j=left_ankle_roll_joint:+35.0,right_ankle_roll_joint:-35.0
[lowlevel-sim][GT] t=62.001 quat=[0.49448, -0.50554, 0.50918, 0.49056] angvel=[0.03225, 0.05649, 0.02384] linvel=[0.00159, -0.00085, -0.00097] z=0.1071
[lowlevel-sim][GT] t=62.051 quat=[0.49426, -0.50558, 0.50918, 0.49075] angvel=[-0.04213, -0.01066, 0.00275] linvel=[-0.0043, -0.00469, 0.00569] z=0.1071
[lowlevel-sim][GT] t=62.101 quat=[0.49413, -0.50553, 0.50907, 0.49105] angvel=[0.0186, 0.05465, 0.03042] linvel=[-0.00674, -0.0028, -0.00089] z=0.1072
[lowlevel-sim][GT] t=62.151 quat=[0.49415, -0.50558, 0.50899, 0.49106] angvel=[-0.02417, 0.01609, 0.03237] linvel=[0.00462, -0.00658, 0.00239] z=0.1072
[lowlevel-sim][GT] t=62.201 quat=[0.49427, -0.50551, 0.50906, 0.49093] angvel=[-0.03649, 0.01444, -0.03226] linvel=[0.00425, -0.0031, 0.00202] z=0.1072
[lowlevel-sim][GT] t=62.251 quat=[0.49444, -0.50548, 0.5092, 0.49065] angvel=[0.01797, -0.00482, -0.00084] linvel=[0.00324, -0.00581, 0.00148] z=0.1072
[lowlevel-sim][GT] t=62.301 quat=[0.49462, -0.50534, 0.50918, 0.49064] angvel=[0.00305, -0.01185, -0.01399] linvel=[-0.00212, -0.00105, 0.00054] z=0.1072
[lowlevel-sim][GT] t=62.351 quat=[0.49469, -0.5053, 0.50917, 0.49062] angvel=[-0.01672, 0.001, -0.00362] linvel=[-0.00209, -0.00095, 0.00376] z=0.1073
[lowlevel-sim][GT] t=62.401 quat=[0.49472, -0.50525, 0.50918, 0.49063] angvel=[0.01678, 0.00338, -0.0023] linvel=[-8e-05, -0.00065, 0.00112] z=0.1073
[lowlevel-sim][GT] t=62.451 quat=[0.49481, -0.50523, 0.50922, 0.49051] angvel=[0.01184, -0.00556, 0.00732] linvel=[0.00324, -0.00618, -0.00403] z=0.1073
[lowlevel-sim] t=  62.50 mode=cmd        pd=36167 hold=10863 failclosed=95 rtf=0.274 base_z=+0.107 pitch=+1.541 roll=-3.122 |tau|max= 35.00 sat=2/29 knee_L=+0.277 hip_p_L=-0.107 torn=12013 cmd_age=43.8ms auth=181.5s rig_ign=1117 fix_base=0 sat_j=left_ankle_roll_joint:+35.0,right_ankle_roll_joint:-35.0
[lowlevel-sim][GT] t=62.501 quat=[0.49487, -0.50524, 0.50925, 0.4904] angvel=[0.05802, -0.02713, -3e-05] linvel=[0.00515, 0.00111, -0.00592] z=0.1072
[lowlevel-sim][GT] t=62.551 quat=[0.49496, -0.50522, 0.50938, 0.49021] angvel=[-0.00653, -0.02561, -0.02435] linvel=[0.00065, -0.00729, -0.00164] z=0.1072
[lowlevel-sim][GT] t=62.601 quat=[0.49501, -0.50525, 0.50943, 0.49007] angvel=[-0.00045, -0.01111, -0.00882] linvel=[0.00156, -0.00359, 0.00041] z=0.1072
[lowlevel-sim][GT] t=62.651 quat=[0.49469, -0.5052, 0.50946, 0.49041] angvel=[-0.0127, 0.02754, 0.01634] linvel=[-0.00457, -0.00303, 0.00104] z=0.1072
[lowlevel-sim][GT] t=62.701 quat=[0.49444, -0.50519, 0.5094, 0.49073] angvel=[0.00626, -0.00555, -0.0111] linvel=[-0.00392, -0.00142, 0.00343] z=0.1072
[lowlevel-sim][GT] t=62.751 quat=[0.49427, -0.50529, 0.50936, 0.49085] angvel=[0.01899, -0.0018, -0.02077] linvel=[-0.01092, -0.00598, -0.00425] z=0.1072
[lowlevel-sim][GT] t=62.801 quat=[0.49439, -0.50527, 0.50912, 0.491] angvel=[-0.02361, -0.10894, -0.02684] linvel=[-0.00607, -0.00405, 0.00277] z=0.1073
[lowlevel-sim][GT] t=62.851 quat=[0.49431, -0.50533, 0.50933, 0.4908] angvel=[-0.01373, 0.01975, 0.02486] linvel=[0.00308, -0.00755, 0.00112] z=0.1072
[lowlevel-sim][GT] t=62.901 quat=[0.49454, -0.50528, 0.5092, 0.49076] angvel=[0.03646, 0.04153, 0.02711] linvel=[0.00191, -0.00397, -0.00155] z=0.1072
[lowlevel-sim][GT] t=62.951 quat=[0.49443, -0.5054, 0.50937, 0.49056] angvel=[-0.02856, -0.00592, 0.00374] linvel=[-0.00107, -0.00203, 0.00126] z=0.1072
[lowlevel-sim] t=  63.00 mode=cmd        pd=36417 hold=10863 failclosed=95 rtf=0.274 base_z=+0.107 pitch=+1.541 roll=-3.132 |tau|max= 35.00 sat=2/29 knee_L=+0.277 hip_p_L=-0.108 torn=12048 cmd_age=68.6ms auth=183.2s rig_ign=1117 fix_base=0 sat_j=left_ankle_roll_joint:+35.0,right_ankle_roll_joint:-35.0
[lowlevel-sim][GT] t=63.001 quat=[0.49464, -0.50533, 0.50931, 0.49049] angvel=[0.00486, -0.00995, 0.02661] linvel=[0.00113, -0.00386, -0.00072] z=0.1072
[lowlevel-sim][GT] t=63.051 quat=[0.49447, -0.5054, 0.50933, 0.49055] angvel=[-0.0031, 0.03706, 0.04389] linvel=[-1e-05, -0.00787, -5e-05] z=0.1072
[lowlevel-sim][GT] t=63.101 quat=[0.49444, -0.5054, 0.50923, 0.4907] angvel=[-0.03591, 0.02441, 0.02808] linvel=[-0.00301, -0.00427, 0.00216] z=0.1072
[lowlevel-sim][GT] t=63.151 quat=[0.49433, -0.50559, 0.50922, 0.49062] angvel=[-0.00128, 0.01239, 0.00712] linvel=[-0.00425, -0.00916, 0.00234] z=0.1072
[lowlevel-sim][GT] t=63.201 quat=[0.49448, -0.50543, 0.5091, 0.49076] angvel=[-0.01505, 0.04449, 0.01729] linvel=[-0.00291, -0.00444, 0.00174] z=0.1072
[lowlevel-sim][GT] t=63.251 quat=[0.4942, -0.50551, 0.50909, 0.49097] angvel=[-0.01599, 0.01322, 0.01853] linvel=[-0.00653, -0.00343, -0.00296] z=0.1072
[lowlevel-sim][GT] t=63.301 quat=[0.49419, -0.50552, 0.509, 0.49107] angvel=[-0.0337, -0.00747, -0.00216] linvel=[-0.00564, -0.00324, 0.00624] z=0.1072
[lowlevel-sim][GT] t=63.351 quat=[0.4942, -0.50567, 0.50899, 0.4909] angvel=[-0.02496, -0.00632, -0.01437] linvel=[-0.00382, -0.00307, 0.00128] z=0.1072
[lowlevel-sim][GT] t=63.401 quat=[0.49435, -0.5057, 0.50897, 0.49075] angvel=[-0.02353, 0.04293, 0.02546] linvel=[0.0028, -0.00383, 0.00031] z=0.1072
[lowlevel-sim][GT] t=63.451 quat=[0.49452, -0.50568, 0.50909, 0.49048] angvel=[-0.00517, -0.02104, -0.0063] linvel=[0.00473, -0.00312, 0.00087] z=0.1072
[lowlevel-sim] t=  63.50 mode=cmd        pd=36667 hold=10863 failclosed=95 rtf=0.274 base_z=+0.107 pitch=+1.541 roll=-3.114 |tau|max= 35.00 sat=2/29 knee_L=+0.277 hip_p_L=-0.107 torn=12066 cmd_age=31.2ms auth=185.0s rig_ign=1117 fix_base=0 sat_j=left_ankle_roll_joint:+35.0,right_ankle_roll_joint:-35.0
[lowlevel-sim][GT] t=63.501 quat=[0.49465, -0.50557, 0.50914, 0.4904] angvel=[-0.04669, 0.09542, 0.01712] linvel=[0.00812, -0.00374, 0.00261] z=0.1072
[lowlevel-sim][GT] t=63.551 quat=[0.49455, -0.5055, 0.50928, 0.49043] angvel=[-0.02604, 0.00046, 0.00039] linvel=[0.00417, -0.00711, 0.00269] z=0.1072
[lowlevel-sim][GT] t=63.601 quat=[0.4946, -0.50547, 0.50915, 0.49055] angvel=[0.03519, 0.02821, 0.03014] linvel=[0.00471, 0.00077, -0.0014] z=0.1072
[lowlevel-sim][GT] t=63.651 quat=[0.49439, -0.50558, 0.50915, 0.49065] angvel=[0.01948, -0.03042, -0.03517] linvel=[-0.00533, -0.01002, -0.00524] z=0.1072
[lowlevel-sim][GT] t=63.701 quat=[0.49444, -0.50561, 0.50908, 0.49064] angvel=[0.02208, 0.01034, 0.0015] linvel=[0.0005, -0.00024, 0.0005] z=0.1072
[lowlevel-sim][GT] t=63.751 quat=[0.49433, -0.50572, 0.50907, 0.49064] angvel=[0.0231, 0.02459, 0.05399] linvel=[0.00733, -0.00603, 0.00095] z=0.1072
[lowlevel-sim][GT] t=63.801 quat=[0.49432, -0.50558, 0.50899, 0.49087] angvel=[-0.04776, 0.06926, 0.03272] linvel=[0.00436, -0.00331, 0.00554] z=0.1072
[lowlevel-sim][GT] t=63.851 quat=[0.49408, -0.50574, 0.50906, 0.49089] angvel=[-0.01684, -0.00898, 0.00017] linvel=[-0.00017, -0.00445, 0.00229] z=0.1072
[lowlevel-sim][GT] t=63.901 quat=[0.4943, -0.50561, 0.50904, 0.49082] angvel=[0.02075, -0.03056, -0.01901] linvel=[0.00283, 5e-05, -0.0016] z=0.1072
[lowlevel-sim][GT] t=63.951 quat=[0.49439, -0.50554, 0.50912, 0.49071] angvel=[-0.01878, -0.04344, -0.0328] linvel=[-0.00452, -0.00828, -2e-05] z=0.1072
[lowlevel-sim] t=  64.00 mode=cmd        pd=36917 hold=10863 failclosed=95 rtf=0.274 base_z=+0.107 pitch=+1.541 roll=-3.127 |tau|max= 35.00 sat=2/29 knee_L=+0.277 hip_p_L=-0.107 torn=12085 cmd_age=23.5ms auth=187.0s rig_ign=1117 fix_base=0 sat_j=left_ankle_roll_joint:+35.0,right_ankle_roll_joint:-35.0
[lowlevel-sim][GT] t=64.001 quat=[0.49445, -0.5056, 0.50896, 0.49076] angvel=[-0.00448, -0.01847, -0.01376] linvel=[0.00012, -0.00432, 0.00231] z=0.1072
[lowlevel-sim][GT] t=64.051 quat=[0.49441, -0.50568, 0.50905, 0.49063] angvel=[-0.00591, 0.01474, 0.02] linvel=[0.00821, -0.00803, -0.00055] z=0.1072
[lowlevel-sim][GT] t=64.101 quat=[0.49449, -0.5056, 0.50896, 0.49073] angvel=[-0.04702, 0.10804, 0.04564] linvel=[0.00449, -0.00384, 0.00395] z=0.1072
[lowlevel-sim][GT] t=64.151 quat=[0.49438, -0.50568, 0.50904, 0.49068] angvel=[-0.02915, -0.01577, 0.00279] linvel=[0.00431, -0.00273, 0.00319] z=0.1072
[lowlevel-sim][GT] t=64.201 quat=[0.49439, -0.50565, 0.50898, 0.49074] angvel=[0.00461, -0.01558, 0.00352] linvel=[0.0054, -0.00049, 0.00233] z=0.1072
[lowlevel-sim][GT] t=64.251 quat=[0.49453, -0.50553, 0.50915, 0.49056] angvel=[-0.02284, 0.01667, -0.03718] linvel=[0.00504, -0.00652, 0.00247] z=0.1072
[lowlevel-sim][GT] t=64.301 quat=[0.49475, -0.50529, 0.50919, 0.49053] angvel=[-0.02846, -0.00215, -0.00925] linvel=[0.00682, -0.00418, 0.00181] z=0.1073
[lowlevel-sim][GT] t=64.351 quat=[0.49484, -0.50524, 0.50929, 0.49039] angvel=[-0.01517, -0.03059, -0.04122] linvel=[-0.00586, -0.00934, -0.00055] z=0.1073
[lowlevel-sim][GT] t=64.401 quat=[0.49483, -0.5051, 0.50937, 0.49047] angvel=[0.02192, -0.00762, -0.02493] linvel=[0.00123, -0.00216, 9e-05] z=0.1073
[lowlevel-sim] FAIL-CLOSED engaged at t=64.438s, last command age 86.61 ms (deadline <= 100 ms) PASS
[lowlevel-sim][GT] t=64.451 quat=[0.49375, -0.50627, 0.51071, 0.48896] angvel=[-0.52334, 0.02392, -0.00282] linvel=[0.00234, -0.00407, -0.04135] z=0.1066
[lowlevel-sim] COMMANDED at t=64.458s (was fail-closed)
[lowlevel-sim] t=  64.50 mode=cmd        pd=37177 hold=10863 failclosed=115 rtf=0.274 base_z=+0.106 pitch=+1.533 roll=-3.130 |tau|max= 35.00 sat=2/29 knee_L=+0.274 hip_p_L=-0.113 torn=12106 cmd_age=38.5ms auth=189.0s rig_ign=1117 fix_base=0 sat_j=left_ankle_roll_joint:+35.0,right_ankle_roll_joint:-35.0
[lowlevel-sim][GT] t=64.501 quat=[0.4929, -0.50703, 0.51144, 0.48825] angvel=[0.10576, -0.0048, 0.00019] linvel=[0.00523, -0.00124, 0.00603] z=0.1060
[lowlevel-sim][GT] t=64.551 quat=[0.4936, -0.50615, 0.51056, 0.48938] angvel=[0.02296, -0.0097, -0.01955] linvel=[-0.00898, -0.00801, 0.00646] z=0.1065
[lowlevel-sim][GT] t=64.601 quat=[0.49409, -0.50586, 0.50979, 0.49] angvel=[-0.01539, -0.01369, 0.00453] linvel=[-0.00537, -0.00377, 0.00705] z=0.1068
[lowlevel-sim][GT] t=64.651 quat=[0.49388, -0.50592, 0.50951, 0.49044] angvel=[-0.00941, -0.01006, 0.00028] linvel=[-0.00924, -0.00112, 0.00405] z=0.1069
[lowlevel-sim] FAIL-CLOSED engaged at t=64.666s, last command age 85.11 ms (deadline <= 100 ms) PASS
[lowlevel-sim] COMMANDED at t=64.670s (was fail-closed)
[lowlevel-sim] FAIL-CLOSED engaged at t=64.700s, last command age 85.58 ms (deadline <= 100 ms) PASS
[lowlevel-sim][GT] t=64.701 quat=[0.4934, -0.50631, 0.50946, 0.49057] angvel=[0.00373, 0.0223, 0.0237] linvel=[-0.00679, -0.00242, -0.00615] z=0.1068
[lowlevel-sim] COMMANDED at t=64.702s (was fail-closed)
[lowlevel-sim][GT] t=64.751 quat=[0.49321, -0.50638, 0.50911, 0.49105] angvel=[0.03133, 0.02256, 0.02815] linvel=[-0.0044, 0.00054, 0.00087] z=0.1068
[lowlevel-sim][GT] t=64.801 quat=[0.49314, -0.50633, 0.50897, 0.49131] angvel=[0.0056, -0.04164, -0.02773] linvel=[-0.00791, -0.00739, -0.00038] z=0.1069
[lowlevel-sim][GT] t=64.851 quat=[0.49341, -0.50625, 0.50887, 0.49122] angvel=[0.01118, -0.03513, -0.01399] linvel=[0.0009, -0.00351, 0.00051] z=0.1069
[lowlevel-sim][GT] t=64.901 quat=[0.49359, -0.50615, 0.50895, 0.49106] angvel=[-0.04116, -0.03208, -0.03789] linvel=[0.00055, -0.0039, 0.00421] z=0.1070
[lowlevel-sim][GT] t=64.951 quat=[0.49386, -0.50601, 0.50893, 0.49097] angvel=[0.01581, -0.03174, -0.00798] linvel=[-0.00276, -0.00293, 0.0003] z=0.1070
[lowlevel-sim] t=  65.00 mode=cmd        pd=37429 hold=10863 failclosed=120 rtf=0.274 base_z=+0.107 pitch=+1.541 roll=-3.124 |tau|max=  9.59 sat=0/29 knee_L=+0.277 hip_p_L=-0.108 torn=12127 cmd_age=49.1ms auth=190.8s rig_ign=1117 fix_base=0
[lowlevel-sim][GT] t=65.001 quat=[0.49407, -0.50603, 0.50899, 0.49067] angvel=[-0.03023, 0.00622, -0.01638] linvel=[0.00076, -0.00476, 0.00368] z=0.1070
[lowlevel-sim][GT] t=65.051 quat=[0.49439, -0.50578, 0.50897, 0.49063] angvel=[0.00134, -0.01196, -0.01823] linvel=[0.00612, -0.00141, 0.00351] z=0.1071
[lowlevel-sim][GT] t=65.101 quat=[0.49447, -0.50567, 0.50908, 0.49054] angvel=[-0.00722, -0.01036, 0.01395] linvel=[0.00426, -0.00517, 0.00037] z=0.1071
[lowlevel-sim][GT] t=65.151 quat=[0.49437, -0.50566, 0.50906, 0.49067] angvel=[-0.03997, 0.04017, 0.01706] linvel=[-0.00222, -0.00356, 0.00631] z=0.1071
[lowlevel-sim][GT] t=65.201 quat=[0.4943, -0.50576, 0.50898, 0.49072] angvel=[-0.01682, 0.00141, -0.02381] linvel=[-8e-05, -0.0058, 0.00044] z=0.1071
[lowlevel-sim][GT] t=65.251 quat=[0.49426, -0.50569, 0.50888, 0.49094] angvel=[-0.00365, -0.00102, -0.00194] linvel=[0.00189, -0.00216, 0.00127] z=0.1072
[lowlevel-sim][GT] t=65.301 quat=[0.4941, -0.50589, 0.50889, 0.49089] angvel=[-0.05961, -0.01741, -0.04802] linvel=[-0.00494, -0.00726, 0.00348] z=0.1071
[lowlevel-sim][GT] t=65.351 quat=[0.49408, -0.50579, 0.50888, 0.49102] angvel=[0.03198, 0.02661, -0.01447] linvel=[-0.00336, -0.00255, -0.0007] z=0.1072
[lowlevel-sim][GT] t=65.401 quat=[0.49391, -0.50574, 0.50889, 0.49124] angvel=[-0.0245, 0.01488, 0.03262] linvel=[-0.0046, -0.00557, 0.00085] z=0.1072
[lowlevel-sim] FAIL-CLOSED engaged at t=65.440s, last command age 92.31 ms (deadline <= 100 ms) PASS
[lowlevel-sim] COMMANDED at t=65.442s (was fail-closed)
[lowlevel-sim][GT] t=65.451 quat=[0.4938, -0.506, 0.50912, 0.49084] angvel=[-0.02349, -0.02992, -0.0014] linvel=[-4e-05, -0.00425, -0.00304] z=0.1070
[lowlevel-sim] t=  65.50 mode=cmd        pd=37679 hold=10863 failclosed=121 rtf=0.274 base_z=+0.107 pitch=+1.540 roll=+3.141 |tau|max=  9.32 sat=0/29 knee_L=+0.278 hip_p_L=-0.108 torn=12149 cmd_age=66.8ms auth=192.7s rig_ign=1117 fix_base=0
[lowlevel-sim][GT] t=65.501 quat=[0.49387, -0.50595, 0.50911, 0.49082] angvel=[-0.00641, 0.00553, -0.01546] linvel=[-0.00093, -0.00566, 0.0007] z=0.1070
[lowlevel-sim][GT] t=65.551 quat=[0.49389, -0.50587, 0.50897, 0.49104] angvel=[0.01001, 0.00523, 3e-05] linvel=[-0.00626, -0.00266, 0.00277] z=0.1071
[lowlevel-sim][GT] t=65.601 quat=[0.49398, -0.50593, 0.50889, 0.49097] angvel=[-0.0322, -0.01531, -0.00392] linvel=[-0.00498, -0.00439, 0.00597] z=0.1071
[lowlevel-sim][GT] t=65.651 quat=[0.49394, -0.5059, 0.50876, 0.49118] angvel=[0.02627, -0.0445, -0.00095] linvel=[-0.00261, -0.00024, -0.00083] z=0.1071
[lowlevel-sim][GT] t=65.701 quat=[0.49382, -0.50604, 0.50868, 0.49124] angvel=[-0.0128, 0.02757, 0.02618] linvel=[-0.00711, -0.01021, -0.00056] z=0.1072
[lowlevel-sim][GT] t=65.751 quat=[0.49371, -0.50612, 0.5085, 0.49145] angvel=[-0.00771, -0.01309, 0.0077] linvel=[-0.00133, -0.0051, -0.00119] z=0.1071
[lowlevel-sim][GT] t=65.801 quat=[0.49366, -0.50624, 0.50865, 0.49122] angvel=[-0.01514, -0.02151, -0.03456] linvel=[-0.00641, -0.00798, -0.00126] z=0.1071
[lowlevel-sim][GT] t=65.851 quat=[0.49391, -0.50618, 0.50865, 0.49102] angvel=[-0.01556, -0.06188, -0.05272] linvel=[0.00048, -0.00382, -0.00054] z=0.1071
[lowlevel-sim][GT] t=65.901 quat=[0.49422, -0.50601, 0.50877, 0.49077] angvel=[-0.01629, 0.03912, 0.04634] linvel=[0.00846, -0.00483, 0.0003] z=0.1071
[lowlevel-sim][GT] t=65.951 quat=[0.49443, -0.50581, 0.50875, 0.49078] angvel=[0.01684, 0.00729, 0.01624] linvel=[0.00549, -0.00159, 0.00062] z=0.1072
[lowlevel-sim] t=  66.00 mode=cmd        pd=37929 hold=10863 failclosed=121 rtf=0.273 base_z=+0.107 pitch=+1.541 roll=-3.118 |tau|max=  8.54 sat=0/29 knee_L=+0.278 hip_p_L=-0.107 torn=12167 cmd_age=42.6ms auth=194.6s rig_ign=1117 fix_base=0
[lowlevel-sim][GT] t=66.001 quat=[0.49444, -0.50576, 0.50897, 0.4906] angvel=[-0.03795, -0.01944, -0.0091] linvel=[0.00677, -0.00316, 0.00045] z=0.1072
[lowlevel-sim][GT] t=66.051 quat=[0.49465, -0.50564, 0.5089, 0.49058] angvel=[-0.02718, -0.00285, 0.00968] linvel=[0.0046, -0.00508, 0.00053] z=0.1072
[lowlevel-sim][GT] t=66.101 quat=[0.4946, -0.50561, 0.50905, 0.4905] angvel=[-0.05622, -0.0095, 0.00239] linvel=[0.0043, -0.00706, 0.00234] z=0.1072
[lowlevel-sim][GT] t=66.151 quat=[0.49434, -0.50555, 0.50896, 0.49091] angvel=[-0.00439, 0.00951, 0.00924] linvel=[-0.0046, -0.00362, 0.00267] z=0.1072
[lowlevel-sim][GT] t=66.201 quat=[0.4942, -0.50566, 0.50894, 0.49097] angvel=[-0.00598, 0.01161, 0.00629] linvel=[-0.00616, -0.0022, 0.00055] z=0.1073
[lowlevel-sim][GT] t=66.251 quat=[0.49417, -0.5058, 0.50885, 0.49096] angvel=[0.00971, 0.03091, 0.01144] linvel=[-0.00406, -0.00139, -0.00111] z=0.1072
[lowlevel-sim][GT] t=66.301 quat=[0.49388, -0.50594, 0.50884, 0.49111] angvel=[-0.03961, -0.00889, 0.01782] linvel=[-0.00479, -0.00388, 0.00218] z=0.1072
[lowlevel-sim][GT] t=66.351 quat=[0.49396, -0.50596, 0.50861, 0.49125] angvel=[0.01441, -0.0353, 0.00484] linvel=[-0.00136, -0.00112, 0.00076] z=0.1072
[lowlevel-sim][GT] t=66.401 quat=[0.49413, -0.50597, 0.50865, 0.49102] angvel=[-0.013, -0.05242, -0.0441] linvel=[-0.00291, -0.00737, -0.00119] z=0.1072
[lowlevel-sim][GT] t=66.451 quat=[0.49437, -0.50581, 0.50878, 0.49081] angvel=[-0.03118, -0.03955, -0.01416] linvel=[0.00284, -0.00421, 0.00283] z=0.1072
[lowlevel-sim] t=  66.50 mode=cmd        pd=38179 hold=10863 failclosed=121 rtf=0.273 base_z=+0.107 pitch=+1.541 roll=-3.114 |tau|max=  9.25 sat=0/29 knee_L=+0.278 hip_p_L=-0.107 torn=12194 cmd_age=36.8ms auth=196.5s rig_ign=1117 fix_base=0
[lowlevel-sim][GT] t=66.501 quat=[0.49439, -0.50585, 0.50886, 0.49067] angvel=[-0.04839, 0.00795, -0.00636] linvel=[0.00296, -0.00612, 0.00385] z=0.1072
[lowlevel-sim][GT] t=66.551 quat=[0.49432, -0.50587, 0.50886, 0.49072] angvel=[-0.01031, 0.01507, 0.00222] linvel=[0.00238, -0.00465, 0.00187] z=0.1072
[lowlevel-sim][GT] t=66.601 quat=[0.49404, -0.50604, 0.50886, 0.49083] angvel=[-0.01977, -0.0067, 0.02788] linvel=[0.00067, -0.00516, 0.00341] z=0.1072
[lowlevel-sim][GT] t=66.651 quat=[0.49396, -0.50599, 0.50872, 0.4911] angvel=[-0.00706, 0.00575, -1e-05] linvel=[-0.00284, -0.00494, 0.00229] z=0.1072
[lowlevel-sim][GT] t=66.701 quat=[0.49408, -0.506, 0.50873, 0.49096] angvel=[0.01266, 0.02267, 0.03834] linvel=[0.01141, -0.00899, -0.00269] z=0.1072
[lowlevel-sim][GT] t=66.751 quat=[0.4939, -0.50593, 0.50866, 0.49129] angvel=[0.01805, 0.02504, 0.04099] linvel=[0.00073, -0.00424, 0.00089] z=0.1073
[lowlevel-sim][GT] t=66.801 quat=[0.49387, -0.50602, 0.50861, 0.49128] angvel=[-0.01378, -0.0398, -0.046] linvel=[-0.00573, -0.00643, 0.00065] z=0.1073
[lowlevel-sim][GT] t=66.851 quat=[0.49397, -0.506, 0.5086, 0.4912] angvel=[-0.04099, -0.05305, -0.02716] linvel=[0.0003, -0.0057, 0.00375] z=0.1073
[lowlevel-sim][GT] t=66.901 quat=[0.49393, -0.50601, 0.5086, 0.49124] angvel=[-0.0122, 0.00793, -0.00553] linvel=[-0.00239, -0.00271, 0.00254] z=0.1073
[lowlevel-sim][GT] t=66.951 quat=[0.49407, -0.50602, 0.50851, 0.49118] angvel=[-0.03563, -0.02179, -0.01297] linvel=[0.00321, -0.00462, 0.00185] z=0.1073
[lowlevel-sim] t=  67.00 mode=cmd        pd=38429 hold=10863 failclosed=121 rtf=0.273 base_z=+0.107 pitch=+1.541 roll=-3.120 |tau|max=  9.10 sat=0/29 knee_L=+0.279 hip_p_L=-0.108 torn=12212 cmd_age=40.7ms auth=198.3s rig_ign=1117 fix_base=0
[lowlevel-sim][GT] t=67.001 quat=[0.49417, -0.506, 0.50859, 0.49101] angvel=[-0.03343, -0.01225, -0.00969] linvel=[0.00284, -0.00539, 0.00352] z=0.1073
[lowlevel-sim][GT] t=67.051 quat=[0.49431, -0.50578, 0.50864, 0.49105] angvel=[-0.00175, 0.03188, 0.00256] linvel=[0.00178, -0.00066, -4e-05] z=0.1073
[lowlevel-sim][GT] t=67.101 quat=[0.49434, -0.50582, 0.50868, 0.49093] angvel=[0.00357, 0.01106, 0.04638] linvel=[0.00849, -0.00536, -0.00237] z=0.1073
[lowlevel-sim][GT] t=67.151 quat=[0.49417, -0.50592, 0.50861, 0.49108] angvel=[-0.00174, 0.00121, 0.02624] linvel=[-0.00566, -0.00272, 0.00137] z=0.1073
[lowlevel-sim][GT] t=67.201 quat=[0.49414, -0.50595, 0.50862, 0.49106] angvel=[-0.04468, 0.02136, 0.00511] linvel=[-0.00399, -0.00597, 0.0077] z=0.1073
[lowlevel-sim][GT] t=67.251 quat=[0.49425, -0.50589, 0.50857, 0.49107] angvel=[-0.02851, 0.0062, 0.02518] linvel=[0.00515, -0.00366, 0.00383] z=0.1074
[lowlevel-sim][GT] t=67.301 quat=[0.49403, -0.50593, 0.50862, 0.49119] angvel=[-0.00133, 0.02016, 0.01176] linvel=[-0.0006, -0.00859, -0.00059] z=0.1073
[lowlevel-sim][GT] t=67.351 quat=[0.49429, -0.50582, 0.50854, 0.49113] angvel=[-0.00812, 0.01812, 0.00274] linvel=[0.00707, -0.00216, 0.00302] z=0.1074
[lowlevel-sim][GT] t=67.401 quat=[0.49413, -0.50596, 0.50854, 0.49115] angvel=[-0.03179, 0.03391, 0.06448] linvel=[0.00448, -0.00791, 0.00012] z=0.1074
[lowlevel-sim][GT] t=67.451 quat=[0.49393, -0.506, 0.50842, 0.49143] angvel=[-0.00204, 0.03354, 0.0525] linvel=[-0.00194, -0.0037, -0.0002] z=0.1073
[lowlevel-sim] t=  67.50 mode=cmd        pd=38679 hold=10863 failclosed=121 rtf=0.273 base_z=+0.107 pitch=+1.542 roll=-3.133 |tau|max=  8.44 sat=0/29 knee_L=+0.279 hip_p_L=-0.108 torn=12237 cmd_age=27.2ms auth=200.1s rig_ign=1117 fix_base=0
[lowlevel-sim][GT] t=67.501 quat=[0.49378, -0.50621, 0.50832, 0.49147] angvel=[-0.02612, -0.00911, 0.01021] linvel=[0.00096, -0.0031, 0.00081] z=0.1073
[lowlevel-sim][GT] t=67.551 quat=[0.49376, -0.50625, 0.50825, 0.49152] angvel=[0.00973, -0.02189, 0.00037] linvel=[0.00043, -0.00092, 0.00172] z=0.1073
[lowlevel-sim][GT] t=67.601 quat=[0.49383, -0.50628, 0.50827, 0.4914] angvel=[-0.03655, -0.01904, -0.00798] linvel=[0.00422, -0.00205, 0.00402] z=0.1073
[lowlevel-sim][GT] t=67.651 quat=[0.49375, -0.50632, 0.50823, 0.49149] angvel=[0.01353, -0.01391, -0.0078] linvel=[0.00342, 0.00069, 0.00127] z=0.1073
[lowlevel-sim][GT] t=67.701 quat=[0.49372, -0.50631, 0.50828, 0.49147] angvel=[-0.00203, -0.02848, -0.02622] linvel=[-0.00185, -0.00702, 0.00065] z=0.1073
[lowlevel-sim][GT] t=67.751 quat=[0.49393, -0.50608, 0.50837, 0.4914] angvel=[-0.04619, -0.0068, -0.02564] linvel=[0.00445, -0.00562, 0.00308] z=0.1073
[lowlevel-sim][GT] t=67.801 quat=[0.49404, -0.50609, 0.50846, 0.49118] angvel=[-0.03135, 0.01943, 0.05346] linvel=[0.00645, -0.00859, 0.0022] z=0.1073
[lowlevel-sim][GT] t=67.851 quat=[0.49408, -0.5061, 0.50848, 0.49112] angvel=[0.02496, 0.01919, 0.0115] linvel=[0.00595, -0.00226, -0.00241] z=0.1073
[lowlevel-sim][GT] t=67.901 quat=[0.49395, -0.50615, 0.50849, 0.49118] angvel=[0.01161, -0.02359, 0.00138] linvel=[0.00642, -0.00691, -0.00153] z=0.1072
[lowlevel-sim][GT] t=67.951 quat=[0.49399, -0.50607, 0.5085, 0.49121] angvel=[0.02978, 0.00382, -0.00563] linvel=[0.00407, -0.00018, -0.00184] z=0.1072
[lowlevel-sim] t=  68.00 mode=cmd        pd=38929 hold=10863 failclosed=121 rtf=0.273 base_z=+0.107 pitch=+1.541 roll=-3.122 |tau|max=  9.25 sat=0/29 knee_L=+0.278 hip_p_L=-0.108 torn=12255 cmd_age=40.3ms auth=202.0s rig_ign=1117 fix_base=0
[lowlevel-sim][GT] t=68.001 quat=[0.49401, -0.50613, 0.50858, 0.49106] angvel=[-0.01401, -0.01147, 0.02585] linvel=[0.00039, -0.00554, -0.00137] z=0.1072
[lowlevel-sim][GT] t=68.051 quat=[0.49386, -0.5061, 0.50852, 0.49129] angvel=[0.01621, -0.01677, -0.00882] linvel=[-0.00293, -0.0021, 0.00327] z=0.1072
[lowlevel-sim][GT] t=68.101 quat=[0.49376, -0.50616, 0.50855, 0.4913] angvel=[-0.00423, 0.01513, 0.03182] linvel=[0.00791, -0.01039, -0.00093] z=0.1072
[lowlevel-sim][GT] t=68.151 quat=[0.49399, -0.50595, 0.50858, 0.49126] angvel=[0.00816, 0.05461, -0.01711] linvel=[0.00735, -0.00296, -0.00061] z=0.1072
[lowlevel-sim][GT] t=68.201 quat=[0.49414, -0.50596, 0.50876, 0.49092] angvel=[-0.00891, -0.00678, -0.00434] linvel=[0.00632, -0.01147, -0.00083] z=0.1072
[lowlevel-sim][GT] t=68.251 quat=[0.4942, -0.50588, 0.50884, 0.49084] angvel=[-0.01857, -0.00417, -0.00959] linvel=[0.00328, -0.00544, 1e-05] z=0.1072
[lowlevel-sim][GT] t=68.301 quat=[0.4941, -0.50588, 0.50893, 0.49086] angvel=[-0.02577, 0.03122, 0.02723] linvel=[0.00635, -0.00672, 0.00116] z=0.1072
[lowlevel-sim][GT] t=68.351 quat=[0.49421, -0.50577, 0.50901, 0.49078] angvel=[0.02653, 0.02412, 0.03576] linvel=[0.00534, -0.0027, -0.00385] z=0.1072
[lowlevel-sim][GT] t=68.401 quat=[0.49402, -0.50577, 0.50907, 0.49091] angvel=[-0.03148, 0.01529, -0.00084] linvel=[-0.00347, -0.00624, 0.00085] z=0.1072
[lowlevel-sim][GT] t=68.451 quat=[0.49403, -0.50563, 0.50896, 0.49116] angvel=[-0.01208, 0.00725, 0.00202] linvel=[-0.00662, -0.00398, 0.00214] z=0.1072
[lowlevel-sim] t=  68.50 mode=cmd        pd=39179 hold=10863 failclosed=121 rtf=0.274 base_z=+0.107 pitch=+1.541 roll=+3.136 |tau|max=  9.69 sat=0/29 knee_L=+0.279 hip_p_L=-0.108 torn=12271 cmd_age=39.5ms auth=203.6s rig_ign=1117 fix_base=0
[lowlevel-sim][GT] t=68.501 quat=[0.49407, -0.50571, 0.50887, 0.49112] angvel=[-0.00517, -0.02867, -0.01563] linvel=[-0.00741, -0.0077, -0.00293] z=0.1072
[lowlevel-sim][GT] t=68.551 quat=[0.49397, -0.50581, 0.50871, 0.49128] angvel=[-0.00618, -0.06357, -0.01494] linvel=[-0.00912, -0.00467, 9e-05] z=0.1072
[lowlevel-sim][GT] t=68.601 quat=[0.49382, -0.506, 0.50866, 0.49129] angvel=[-0.03179, 0.05007, 0.03991] linvel=[-0.00279, -0.00473, 0.00397] z=0.1072
[lowlevel-sim][GT] t=68.651 quat=[0.49381, -0.50606, 0.50856, 0.49135] angvel=[0.02335, -0.00847, -0.00554] linvel=[-0.00378, -0.00256, 0.00012] z=0.1072
[lowlevel-sim][GT] t=68.701 quat=[0.4938, -0.50607, 0.50854, 0.49137] angvel=[-0.01607, 0.00191, 0.02149] linvel=[-0.00309, -0.00298, -0.0001] z=0.1072
[lowlevel-sim][GT] t=68.751 quat=[0.49385, -0.50607, 0.50854, 0.49132] angvel=[-0.0218, 0.02665, 0.00792] linvel=[-0.00131, -0.00364, 0.00047] z=0.1072
[lowlevel-sim][GT] t=68.801 quat=[0.49386, -0.50607, 0.5086, 0.49124] angvel=[0.00292, 0.02285, 0.0295] linvel=[0.00393, -0.00672, -0.00025] z=0.1072
[lowlevel-sim][GT] t=68.851 quat=[0.49397, -0.50591, 0.50865, 0.49125] angvel=[0.00606, -0.00534, 0.00698] linvel=[0.0022, -0.00306, 0.00152] z=0.1072
[lowlevel-sim][GT] t=68.901 quat=[0.49397, -0.50597, 0.50879, 0.49105] angvel=[-0.04329, -0.038, -0.0583] linvel=[-0.00322, -0.00783, 0.00393] z=0.1072
[lowlevel-sim][GT] t=68.951 quat=[0.49429, -0.50582, 0.50891, 0.49075] angvel=[-0.01164, -0.0319, -0.03289] linvel=[-0.00028, -0.00367, -0.00089] z=0.1072
[lowlevel-sim] t=  69.00 mode=cmd        pd=39429 hold=10863 failclosed=121 rtf=0.273 base_z=+0.107 pitch=+1.541 roll=-3.123 |tau|max=  8.33 sat=0/29 knee_L=+0.278 hip_p_L=-0.108 torn=12289 cmd_age=24.1ms auth=205.6s rig_ign=1117 fix_base=0
[lowlevel-sim][GT] t=69.001 quat=[0.49437, -0.50574, 0.50904, 0.49062] angvel=[-0.01191, 0.0016, -0.01919] linvel=[0.00022, -0.00209, 0.00196] z=0.1072
[lowlevel-sim][GT] t=69.051 quat=[0.49459, -0.50568, 0.50907, 0.49043] angvel=[0.01517, 0.02353, 0.00133] linvel=[0.0056, -0.00285, 0.00239] z=0.1072
[lowlevel-sim][GT] t=69.101 quat=[0.49472, -0.50557, 0.5092, 0.49028] angvel=[0.00534, 0.01953, 0.03624] linvel=[0.00844, -0.00694, -0.00309] z=0.1072
[lowlevel-sim][GT] t=69.151 quat=[0.49484, -0.50551, 0.50908, 0.49034] angvel=[-0.04597, 0.05274, 0.03198] linvel=[0.0021, -0.00402, 0.00591] z=0.1072
[lowlevel-sim][GT] t=69.201 quat=[0.49443, -0.50564, 0.50919, 0.49049] angvel=[0.01581, 0.04135, -0.0035] linvel=[-0.00452, -0.00441, -0.00133] z=0.1072
[lowlevel-sim][GT] t=69.251 quat=[0.49449, -0.50559, 0.50908, 0.49061] angvel=[-0.01079, -0.04608, -0.0203] linvel=[-0.00714, -0.00497, 0.00113] z=0.1072
[lowlevel-sim][GT] t=69.301 quat=[0.49416, -0.5058, 0.50894, 0.49086] angvel=[-0.01723, 0.01768, 0.03879] linvel=[-0.00696, -0.00361, 0.00086] z=0.1072
[lowlevel-sim][GT] t=69.351 quat=[0.49408, -0.50588, 0.50865, 0.49116] angvel=[0.03031, -0.02531, 0.00105] linvel=[-0.00661, 0.00062, -0.00163] z=0.1072
[lowlevel-sim][GT] t=69.401 quat=[0.49399, -0.50598, 0.50875, 0.49105] angvel=[-0.01279, 0.01504, 0.02686] linvel=[-0.00224, -0.00689, -0.00079] z=0.1072
[lowlevel-sim][GT] t=69.451 quat=[0.49414, -0.50594, 0.50872, 0.49098] angvel=[0.02659, 0.00431, 0.01592] linvel=[0.00758, -0.00308, -0.00122] z=0.1072
[lowlevel-sim] t=  69.50 mode=cmd        pd=39679 hold=10863 failclosed=121 rtf=0.274 base_z=+0.107 pitch=+1.541 roll=-3.133 |tau|max=  9.34 sat=0/29 knee_L=+0.279 hip_p_L=-0.108 torn=12299 cmd_age=39.3ms auth=207.3s rig_ign=1117 fix_base=0
[lowlevel-sim][GT] t=69.501 quat=[0.49401, -0.50597, 0.50879, 0.491] angvel=[-0.00409, -0.01698, -0.03348] linvel=[0.0033, -0.00538, -0.0023] z=0.1072
[lowlevel-sim][GT] t=69.551 quat=[0.49418, -0.50588, 0.50876, 0.49096] angvel=[0.02419, -0.01372, -0.01531] linvel=[0.00616, -0.00249, -5e-05] z=0.1072
[lowlevel-sim][GT] t=69.601 quat=[0.49408, -0.50597, 0.50883, 0.49088] angvel=[-0.02453, -0.03003, -0.0313] linvel=[-0.00338, -0.00758, 9e-05] z=0.1072
[lowlevel-sim][GT] t=69.651 quat=[0.49398, -0.50586, 0.50879, 0.49114] angvel=[-0.05015, -0.08036, -0.01825] linvel=[-0.00752, -0.00483, 0.00291] z=0.1072
[lowlevel-sim][GT] t=69.701 quat=[0.49393, -0.50601, 0.50881, 0.49102] angvel=[-0.02621, 0.04259, 0.01133] linvel=[-0.00387, -0.0046, 0.00224] z=0.1072
[lowlevel-sim][GT] t=69.751 quat=[0.494, -0.50598, 0.50879, 0.491] angvel=[-0.0016, -0.01096, 0.0091] linvel=[-0.00384, -0.00394, 0.00012] z=0.1072
[lowlevel-sim][GT] t=69.801 quat=[0.49387, -0.50602, 0.50878, 0.49109] angvel=[-0.00687, 0.00151, 0.02259] linvel=[-0.0056, -0.00584, -0.00074] z=0.1072
[lowlevel-sim][GT] t=69.851 quat=[0.49382, -0.506, 0.50871, 0.49125] angvel=[0.01067, 0.03161, 0.03323] linvel=[-0.00744, -0.00261, -0.00061] z=0.1072
[lowlevel-sim][GT] t=69.901 quat=[0.49379, -0.50609, 0.50874, 0.49115] angvel=[-0.04683, -0.00307, 0.00404] linvel=[-0.00182, -0.01182, 0.00388] z=0.1072
[lowlevel-sim][GT] t=69.951 quat=[0.49391, -0.50596, 0.50859, 0.49132] angvel=[0.00461, -0.06872, 0.00411] linvel=[-0.00769, -0.00312, 0.00022] z=0.1072
[lowlevel-sim] t=  70.00 mode=cmd        pd=39929 hold=10863 failclosed=121 rtf=0.274 base_z=+0.107 pitch=+1.541 roll=-3.129 |tau|max=  8.38 sat=0/29 knee_L=+0.279 hip_p_L=-0.108 torn=12315 cmd_age=23.5ms auth=209.0s rig_ign=1117 fix_base=0
[lowlevel-sim][GT] t=70.001 quat=[0.49393, -0.50611, 0.5086, 0.49113] angvel=[-0.01595, 0.00322, 0.00218] linvel=[-0.00369, -0.0049, 0.00064] z=0.1072
[lowlevel-sim][GT] t=70.051 quat=[0.49391, -0.50615, 0.50847, 0.49124] angvel=[0.01918, 0.00435, 0.00501] linvel=[-0.00516, -0.00315, 0.00126] z=0.1072
[lowlevel-sim][GT] t=70.101 quat=[0.49395, -0.50614, 0.50844, 0.49125] angvel=[-0.02741, -0.01361, -0.00706] linvel=[-0.00662, -0.00244, 0.0039] z=0.1073
[lowlevel-sim][GT] t=70.151 quat=[0.49401, -0.50614, 0.50828, 0.49135] angvel=[-0.00173, 0.01123, -0.0149] linvel=[-0.00161, -0.00322, -0.00096] z=0.1073
[lowlevel-sim][GT] t=70.201 quat=[0.4938, -0.50624, 0.50821, 0.49153] angvel=[-0.03244, 0.01115, 0.01938] linvel=[-0.00245, -0.00592, 0.00358] z=0.1073
[lowlevel-sim][GT] t=70.251 quat=[0.49372, -0.50615, 0.5081, 0.49182] angvel=[0.0191, -0.01691, 0.00219] linvel=[-0.00623, -0.00163, 5e-05] z=0.1074
[lowlevel-sim][GT] t=70.301 quat=[0.49363, -0.50622, 0.50811, 0.49183] angvel=[-0.01622, 0.0215, -0.02405] linvel=[-0.00709, -0.00388, -0.00107] z=0.1074
[lowlevel-sim][GT] t=70.351 quat=[0.49407, -0.50617, 0.50815, 0.4914] angvel=[0.0501, -0.0635, -0.03813] linvel=[0.00729, 0.00277, -0.00375] z=0.1074
[lowlevel-sim][GT] t=70.401 quat=[0.49423, -0.50604, 0.50844, 0.49107] angvel=[-0.0507, 0.01499, 0.02396] linvel=[0.01199, -0.0065, 0.00293] z=0.1073
[lowlevel-sim][GT] t=70.451 quat=[0.4944, -0.50578, 0.50867, 0.49092] angvel=[-0.00178, -0.03498, -0.0236] linvel=[0.00577, -0.00432, 0.00049] z=0.1073
[lowlevel-sim] t=  70.50 mode=cmd        pd=40179 hold=10863 failclosed=121 rtf=0.274 base_z=+0.107 pitch=+1.541 roll=-3.114 |tau|max=  9.73 sat=0/29 knee_L=+0.278 hip_p_L=-0.108 torn=12348 cmd_age=25.6ms auth=210.6s rig_ign=1117 fix_base=0
[lowlevel-sim][GT] t=70.501 quat=[0.4945, -0.50575, 0.50897, 0.49054] angvel=[-0.03129, -0.02721, -0.04962] linvel=[0.00047, -0.00776, 0.00095] z=0.1073
[lowlevel-sim][GT] t=70.551 quat=[0.4946, -0.50564, 0.50907, 0.49045] angvel=[-0.03645, 0.01047, -0.01636] linvel=[0.00024, -0.00528, 0.00219] z=0.1072
[lowlevel-sim][GT] t=70.601 quat=[0.4946, -0.50559, 0.50907, 0.49052] angvel=[-0.02224, 0.02798, 0.01598] linvel=[0.00224, -0.00424, 0.00145] z=0.1072
[lowlevel-sim][GT] t=70.651 quat=[0.49454, -0.50558, 0.50906, 0.49058] angvel=[-0.03229, 0.02344, 0.00425] linvel=[-0.00407, -0.00355, 0.00612] z=0.1073
[lowlevel-sim][GT] t=70.701 quat=[0.49442, -0.50558, 0.50915, 0.49062] angvel=[-0.02839, 0.02111, 0.02247] linvel=[0.00119, -0.0038, 0.00137] z=0.1072
[lowlevel-sim][GT] t=70.751 quat=[0.49434, -0.5055, 0.50911, 0.49081] angvel=[-0.02495, 0.03838, 0.02773] linvel=[-0.00441, -0.00373, 0.00468] z=0.1072
[lowlevel-sim][GT] t=70.801 quat=[0.49413, -0.50563, 0.50902, 0.49099] angvel=[-0.03399, 0.01424, 0.04597] linvel=[8e-05, -0.00703, 0.00387] z=0.1073
[lowlevel-sim][GT] t=70.851 quat=[0.49433, -0.50558, 0.50891, 0.49096] angvel=[-0.02309, -0.01157, 0.0139] linvel=[-7e-05, -0.00348, 0.00438] z=0.1073
[lowlevel-sim][GT] t=70.901 quat=[0.49419, -0.50563, 0.50903, 0.49091] angvel=[-0.04751, -0.03076, -0.04734] linvel=[-0.00662, -0.00578, 0.00024] z=0.1073
[lowlevel-sim][GT] t=70.951 quat=[0.49431, -0.50564, 0.509, 0.49082] angvel=[-0.02804, -0.08222, -0.0064] linvel=[0.00043, -0.00551, 0.00141] z=0.1072
[lowlevel-sim] t=  71.00 mode=cmd        pd=40429 hold=10863 failclosed=121 rtf=0.274 base_z=+0.107 pitch=+1.541 roll=-3.116 |tau|max=  8.39 sat=0/29 knee_L=+0.279 hip_p_L=-0.108 torn=12365 cmd_age=30.3ms auth=212.3s rig_ign=1117 fix_base=0
[lowlevel-sim][GT] t=71.001 quat=[0.49469, -0.5055, 0.50915, 0.49042] angvel=[-0.01636, -0.00083, -0.02159] linvel=[0.00673, -0.00336, 0.00037] z=0.1073
[lowlevel-sim] FAIL-CLOSED engaged at t=71.048s, last command age 86.61 ms (deadline <= 100 ms) PASS
[lowlevel-sim][GT] t=71.051 quat=[0.49461, -0.50548, 0.50947, 0.4902] angvel=[-0.16453, 0.02528, -0.01368] linvel=[0.00335, -0.00562, -0.01986] z=0.1072
[lowlevel-sim] COMMANDED at t=71.052s (was fail-closed)
[lowlevel-sim][GT] t=71.101 quat=[0.49449, -0.50554, 0.50972, 0.48999] angvel=[0.0098, 0.03486, 0.01323] linvel=[0.00479, -0.00369, 0.00063] z=0.1071
[lowlevel-sim][GT] t=71.151 quat=[0.49449, -0.5055, 0.50969, 0.49007] angvel=[-0.01612, -0.04669, -0.05054] linvel=[-0.00111, -0.00773, 0.00328] z=0.1071
[lowlevel-sim][GT] t=71.201 quat=[0.49478, -0.50529, 0.50954, 0.49015] angvel=[-0.00475, -0.00449, -0.00747] linvel=[0.00479, -0.00759, 0.00047] z=0.1071
[lowlevel-sim][GT] t=71.251 quat=[0.49496, -0.50524, 0.50961, 0.48994] angvel=[-0.01037, 0.00241, -0.00947] linvel=[0.00378, -0.00313, 0.00103] z=0.1072
[lowlevel-sim][GT] t=71.301 quat=[0.49489, -0.50523, 0.50952, 0.49011] angvel=[0.00949, 0.03852, 0.03812] linvel=[0.00456, -0.00284, -0.00113] z=0.1072
[lowlevel-sim][GT] t=71.351 quat=[0.49436, -0.50532, 0.50959, 0.49048] angvel=[-0.03678, -0.01848, 0.0007] linvel=[-0.00265, -0.0057, 0.00287] z=0.1071
[lowlevel-sim][GT] t=71.401 quat=[0.49413, -0.50538, 0.50944, 0.49082] angvel=[0.0094, 0.00318, 0.01021] linvel=[-0.00626, -0.00243, -0.00149] z=0.1071
[lowlevel-sim][GT] t=71.451 quat=[0.49404, -0.50552, 0.50927, 0.49093] angvel=[-0.00975, -0.00755, -0.00045] linvel=[-0.00828, -0.00472, 0.00463] z=0.1072
[lowlevel-sim] t=  71.50 mode=cmd        pd=40680 hold=10863 failclosed=124 rtf=0.274 base_z=+0.107 pitch=+1.541 roll=+3.121 |tau|max= 35.00 sat=2/29 knee_L=+0.278 hip_p_L=-0.108 torn=12395 cmd_age=21.6ms auth=213.9s rig_ign=1117 fix_base=0 sat_j=left_ankle_roll_joint:+35.0,right_ankle_roll_joint:-35.0
[lowlevel-sim][GT] t=71.501 quat=[0.49405, -0.5055, 0.50906, 0.49117] angvel=[0.00401, 0.01119, 0.01497] linvel=[-0.00657, -0.00096, 0.00162] z=0.1072
[lowlevel-sim][GT] t=71.551 quat=[0.49401, -0.50561, 0.50905, 0.49111] angvel=[-0.01618, -0.02816, 0.0134] linvel=[-0.00671, -0.0049, 0.00147] z=0.1072
[lowlevel-sim][GT] t=71.601 quat=[0.49405, -0.50561, 0.50885, 0.49127] angvel=[-0.03176, -0.01227, -0.00493] linvel=[-0.00582, -0.00422, 0.00118] z=0.1073
[lowlevel-sim][GT] t=71.651 quat=[0.494, -0.5057, 0.50877, 0.49131] angvel=[-0.04761, -0.00341, -0.00242] linvel=[-0.0062, -0.00954, 0.00222] z=0.1073
[lowlevel-sim][GT] t=71.701 quat=[0.49414, -0.50574, 0.50871, 0.49119] angvel=[0.00076, -0.04949, 0.01144] linvel=[-0.00282, -0.00355, -0.00065] z=0.1073
[lowlevel-sim][GT] t=71.751 quat=[0.49435, -0.50586, 0.50879, 0.49078] angvel=[-0.00813, 0.03453, 0.00724] linvel=[0.00127, -0.00306, 0.00221] z=0.1073
[lowlevel-sim][GT] t=71.801 quat=[0.49456, -0.50569, 0.50878, 0.49075] angvel=[0.03848, 0.01608, 0.00187] linvel=[0.00509, -0.00027, 0.00044] z=0.1073
[lowlevel-sim][GT] t=71.851 quat=[0.49446, -0.50575, 0.50894, 0.49062] angvel=[-0.00195, 0.04182, 0.05214] linvel=[0.00597, -0.00579, 0.00031] z=0.1072
[lowlevel-sim][GT] t=71.901 quat=[0.49443, -0.50561, 0.50887, 0.49086] angvel=[-0.01813, 0.08264, 0.02258] linvel=[0.00656, -0.00391, 0.00317] z=0.1073
[lowlevel-sim][GT] t=71.951 quat=[0.49415, -0.50573, 0.50881, 0.49109] angvel=[-0.02487, -0.00704, 0.01802] linvel=[-0.0039, -0.00375, 0.00497] z=0.1073
[lowlevel-sim] t=  72.00 mode=cmd        pd=40930 hold=10863 failclosed=124 rtf=0.274 base_z=+0.107 pitch=+1.542 roll=+3.141 |tau|max= 35.00 sat=2/29 knee_L=+0.278 hip_p_L=-0.108 torn=12419 cmd_age=40.1ms auth=215.7s rig_ign=1117 fix_base=0 sat_j=left_ankle_roll_joint:+35.0,right_ankle_roll_joint:-35.0
[lowlevel-sim][GT] t=72.001 quat=[0.49417, -0.50568, 0.50864, 0.4913] angvel=[0.03737, -0.0094, 0.00352] linvel=[-0.00161, -0.0004, -0.00094] z=0.1074
[lowlevel-sim][GT] t=72.051 quat=[0.49418, -0.50577, 0.50869, 0.49114] angvel=[-0.00686, -0.00058, -0.05401] linvel=[-0.00612, -0.00598, 0.00169] z=0.1074
[lowlevel-sim][GT] t=72.101 quat=[0.49439, -0.50569, 0.50858, 0.49113] angvel=[-0.01458, -0.03946, -0.03492] linvel=[0.00012, -0.00404, -0.00273] z=0.1074
[lowlevel-sim][GT] t=72.151 quat=[0.49425, -0.50584, 0.5088, 0.49089] angvel=[-0.02948, -0.00186, -5e-05] linvel=[0.00079, -0.00514, 0.00228] z=0.1073
[lowlevel-sim][GT] t=72.201 quat=[0.49444, -0.50569, 0.50873, 0.49092] angvel=[-0.03207, 0.02386, 0.01993] linvel=[0.00135, -0.00441, 0.00193] z=0.1073
[lowlevel-sim][GT] t=72.251 quat=[0.4943, -0.50581, 0.50877, 0.49088] angvel=[-0.0111, 0.02156, 0.03375] linvel=[0.00724, -0.00838, -0.00036] z=0.1073
[lowlevel-sim][GT] t=72.301 quat=[0.49452, -0.50574, 0.50864, 0.49088] angvel=[0.00654, 0.02424, 0.00945] linvel=[0.00577, -0.00372, -0.00182] z=0.1073
[lowlevel-sim][GT] t=72.351 quat=[0.49435, -0.50578, 0.50883, 0.49082] angvel=[-0.03611, -0.00339, 0.01195] linvel=[0.00432, -0.00358, 0.00181] z=0.1073
[lowlevel-sim][GT] t=72.401 quat=[0.49427, -0.50579, 0.50882, 0.49089] angvel=[-0.00468, 0.02003, 0.00543] linvel=[0.00045, -0.00336, 0.0032] z=0.1073
[lowlevel-sim][GT] t=72.451 quat=[0.49422, -0.50574, 0.50886, 0.49096] angvel=[-0.00968, -0.03472, -0.0361] linvel=[-0.00384, -0.00704, -0.0007] z=0.1073
[lowlevel-sim] t=  72.50 mode=cmd        pd=41180 hold=10863 failclosed=124 rtf=0.274 base_z=+0.107 pitch=+1.541 roll=-3.124 |tau|max= 35.00 sat=2/29 knee_L=+0.278 hip_p_L=-0.108 torn=12439 cmd_age=42.2ms auth=217.4s rig_ign=1117 fix_base=0 sat_j=left_ankle_roll_joint:+35.0,right_ankle_roll_joint:-35.0
[lowlevel-sim][GT] t=72.501 quat=[0.49438, -0.50573, 0.5088, 0.49087] angvel=[-0.02183, -0.02606, -0.03754] linvel=[0.00192, -0.0042, 0.00075] z=0.1073
[lowlevel-sim][GT] t=72.551 quat=[0.49437, -0.50573, 0.50876, 0.49092] angvel=[-0.00555, 0.03621, 0.00303] linvel=[0.00176, -0.00192, 0.0019] z=0.1073
[lowlevel-sim][GT] t=72.601 quat=[0.49443, -0.50571, 0.50864, 0.49101] angvel=[0.03297, 0.00272, -2e-05] linvel=[-3e-05, -0.00031, -0.00063] z=0.1074
[lowlevel-sim][GT] t=72.651 quat=[0.49401, -0.50586, 0.50865, 0.49126] angvel=[-0.00508, 0.00383, 0.06063] linvel=[-0.00113, -0.00681, -2e-05] z=0.1073
[lowlevel-sim][GT] t=72.701 quat=[0.49398, -0.5059, 0.50856, 0.49134] angvel=[0.0157, 0.00565, 0.02446] linvel=[-0.00057, -0.00341, -0.00106] z=0.1073
[lowlevel-sim][GT] t=72.751 quat=[0.49403, -0.50598, 0.50868, 0.49107] angvel=[-0.04212, -0.01474, -0.00906] linvel=[0.00455, -0.0059, 0.00325] z=0.1073
[lowlevel-sim][GT] t=72.801 quat=[0.49428, -0.50588, 0.50862, 0.491] angvel=[-0.03577, -0.02765, -0.00251] linvel=[0.00487, -0.00459, 0.0022] z=0.1073
[lowlevel-sim][GT] t=72.851 quat=[0.49421, -0.50596, 0.50874, 0.49086] angvel=[-0.0213, -0.02231, -0.04336] linvel=[0.00147, -0.00777, -2e-05] z=0.1073
[lowlevel-sim][GT] t=72.901 quat=[0.49441, -0.50577, 0.50881, 0.49078] angvel=[-0.0158, 0.01354, -0.02193] linvel=[0.00421, -0.00397, 0.00193] z=0.1072
[lowlevel-sim][GT] t=72.951 quat=[0.49425, -0.50573, 0.50898, 0.49081] angvel=[-0.02419, 0.00203, -0.01474] linvel=[0.00415, -0.00365, 0.00281] z=0.1072
[lowlevel-sim] FAIL-CLOSED engaged at t=72.982s, last command age 85.62 ms (deadline <= 100 ms) PASS
[lowlevel-sim] COMMANDED at t=72.984s (was fail-closed)
[lowlevel-sim] t=  73.00 mode=cmd        pd=41431 hold=10863 failclosed=126 rtf=0.274 base_z=+0.107 pitch=+1.540 roll=-3.130 |tau|max=  8.48 sat=0/29 knee_L=+0.278 hip_p_L=-0.109 torn=12463 cmd_age=60.8ms auth=219.2s rig_ign=1117 fix_base=0
[lowlevel-sim][GT] t=73.001 quat=[0.49409, -0.5059, 0.50921, 0.49056] angvel=[-0.00321, 0.02645, 0.02411] linvel=[0.00735, -0.0059, 0.0004] z=0.1072
[lowlevel-sim][GT] t=73.051 quat=[0.4942, -0.50576, 0.5091, 0.4907] angvel=[-0.01045, 0.05299, 0.04433] linvel=[0.00263, -0.00362, 0.00027] z=0.1072
[lowlevel-sim][GT] t=73.101 quat=[0.49409, -0.50572, 0.50902, 0.49093] angvel=[-0.01161, -0.02179, -0.00176] linvel=[0.00019, -0.00019, 0.00127] z=0.1073
[lowlevel-sim][GT] t=73.151 quat=[0.4942, -0.50558, 0.50884, 0.49115] angvel=[0.00707, 0.00176, -0.00067] linvel=[-0.00212, -0.00409, 0.00467] z=0.1074
[lowlevel-sim][GT] t=73.201 quat=[0.49417, -0.50569, 0.50878, 0.49114] angvel=[-0.01462, -0.03355, -0.03773] linvel=[-0.01049, -0.00547, 0.00212] z=0.1074
[lowlevel-sim][GT] t=73.251 quat=[0.49448, -0.50553, 0.5087, 0.49107] angvel=[0.03486, 0.01808, -0.03414] linvel=[-0.0017, -0.00356, -0.00033] z=0.1074
[lowlevel-sim][GT] t=73.301 quat=[0.49433, -0.50567, 0.50883, 0.49095] angvel=[-0.04601, 0.00118, -0.01162] linvel=[-0.0044, -0.00348, 0.00185] z=0.1074
[lowlevel-sim][GT] t=73.351 quat=[0.49444, -0.50562, 0.50884, 0.49088] angvel=[0.00273, 0.01872, 0.00386] linvel=[0.00041, -0.00289, 0.00214] z=0.1074
[lowlevel-sim][GT] t=73.401 quat=[0.49441, -0.50561, 0.50898, 0.49077] angvel=[-0.0227, 0.00417, 0.05106] linvel=[0.00637, -0.00774, 0.00339] z=0.1074
[lowlevel-sim][GT] t=73.451 quat=[0.49435, -0.50558, 0.5089, 0.49095] angvel=[0.01687, -0.02111, 0.01989] linvel=[0.0003, -0.00364, -0.00054] z=0.1074
[lowlevel-sim] t=  73.50 mode=cmd        pd=41681 hold=10863 failclosed=126 rtf=0.274 base_z=+0.107 pitch=+1.541 roll=-3.129 |tau|max=  9.11 sat=0/29 knee_L=+0.279 hip_p_L=-0.108 torn=12483 cmd_age=25.5ms auth=221.0s rig_ign=1117 fix_base=0
[lowlevel-sim][GT] t=73.501 quat=[0.49443, -0.50559, 0.50903, 0.49072] angvel=[-0.03516, -0.01507, 0.01211] linvel=[0.00135, -0.00311, 0.0021] z=0.1073
[lowlevel-sim][GT] t=73.551 quat=[0.49468, -0.50549, 0.509, 0.4906] angvel=[-0.01495, -0.02297, -0.01044] linvel=[0.00585, -0.00265, 0.00385] z=0.1073
[lowlevel-sim][GT] t=73.601 quat=[0.49475, -0.50538, 0.50912, 0.49052] angvel=[-0.00415, -0.04035, -0.03283] linvel=[-0.00347, -0.00803, -0.00185] z=0.1074
[lowlevel-sim][GT] t=73.651 quat=[0.4948, -0.50537, 0.50904, 0.49056] angvel=[-0.03514, 0.00366, 0.00612] linvel=[0.00119, -0.00594, 0.00219] z=0.1074
[lowlevel-sim][GT] t=73.701 quat=[0.49463, -0.50551, 0.50912, 0.49051] angvel=[-0.02385, 0.0259, 0.00247] linvel=[-0.00299, -0.00436, 0.00389] z=0.1073
[lowlevel-sim][GT] t=73.751 quat=[0.49434, -0.50556, 0.50894, 0.49093] angvel=[0.00807, 0.02072, 0.04367] linvel=[-0.00331, -0.00364, 0.00041] z=0.1073
[lowlevel-sim][GT] t=73.801 quat=[0.49411, -0.50569, 0.50895, 0.49102] angvel=[-0.04024, -0.00298, 0.00999] linvel=[-0.00538, -0.00343, 0.00246] z=0.1073
[lowlevel-sim][GT] t=73.851 quat=[0.49413, -0.50573, 0.50879, 0.49112] angvel=[0.01506, 0.0084, 0.01672] linvel=[0.00055, -0.00171, 0.00255] z=0.1073
[lowlevel-sim][GT] t=73.901 quat=[0.49411, -0.5058, 0.5088, 0.49107] angvel=[-0.02115, -0.00665, 0.00572] linvel=[-0.00313, -0.0021, 0.00424] z=0.1073
[lowlevel-sim][GT] t=73.951 quat=[0.4941, -0.50577, 0.50876, 0.49115] angvel=[0.03113, -0.00408, 0.00735] linvel=[-0.003, 0.00036, 0.0004] z=0.1073
[lowlevel-sim] t=  74.00 mode=cmd        pd=41931 hold=10863 failclosed=126 rtf=0.275 base_z=+0.107 pitch=+1.541 roll=-3.131 |tau|max=  9.86 sat=0/29 knee_L=+0.279 hip_p_L=-0.108 torn=12504 cmd_age=72.3ms auth=222.4s rig_ign=1117 fix_base=0
[lowlevel-sim][GT] t=74.001 quat=[0.49414, -0.50586, 0.50886, 0.49092] angvel=[-0.02681, -0.01473, -0.04205] linvel=[-0.0014, -0.00683, 0.00268] z=0.1073
[lowlevel-sim][GT] t=74.051 quat=[0.49449, -0.50575, 0.50883, 0.49071] angvel=[-0.09765, -0.05654, -0.01006] linvel=[0.00205, -0.00566, 0.00726] z=0.1072
[lowlevel-sim][GT] t=74.101 quat=[0.4944, -0.50579, 0.5088, 0.49078] angvel=[0.00573, 0.01384, 0.05919] linvel=[0.00895, -0.00725, 0.00246] z=0.1073
[lowlevel-sim][GT] t=74.151 quat=[0.49453, -0.50568, 0.50866, 0.49091] angvel=[-0.00212, -0.00232, 0.00107] linvel=[0.0055, -0.0046, 0.00225] z=0.1074
[lowlevel-sim][GT] t=74.201 quat=[0.4944, -0.50567, 0.50871, 0.49099] angvel=[-0.03666, -0.0093, -0.00191] linvel=[0.00522, -0.00379, 0.00225] z=0.1074
[lowlevel-sim][GT] t=74.251 quat=[0.49461, -0.50559, 0.50869, 0.49089] angvel=[0.02383, -0.0134, 3e-05] linvel=[0.00595, -0.001, 0.00056] z=0.1074
[lowlevel-sim][GT] t=74.301 quat=[0.4944, -0.50565, 0.50877, 0.49097] angvel=[0.02077, -0.02712, -0.02255] linvel=[-0.00176, -0.00611, -0.00071] z=0.1074
[lowlevel-sim][GT] t=74.351 quat=[0.49432, -0.50572, 0.50863, 0.49112] angvel=[-0.01808, -0.0554, -0.02572] linvel=[-0.00291, -0.00322, 0.004] z=0.1074
[lowlevel-sim][GT] t=74.401 quat=[0.49417, -0.50569, 0.50873, 0.4912] angvel=[-0.00624, 0.02624, 0.00644] linvel=[-0.00371, -0.00301, 0.00085] z=0.1074
[lowlevel-sim][GT] t=74.451 quat=[0.49417, -0.50562, 0.50869, 0.49131] angvel=[0.02969, 0.00876, 0.00617] linvel=[-0.00222, -0.00095, -0.00207] z=0.1074
[lowlevel-sim] t=  74.50 mode=cmd        pd=42181 hold=10863 failclosed=126 rtf=0.275 base_z=+0.107 pitch=+1.542 roll=+3.133 |tau|max=  8.51 sat=0/29 knee_L=+0.280 hip_p_L=-0.109 torn=12528 cmd_age=36.1ms auth=224.0s rig_ign=1117 fix_base=0
[lowlevel-sim][GT] t=74.501 quat=[0.49409, -0.50564, 0.50873, 0.49133] angvel=[-0.02861, 0.00081, 0.00982] linvel=[-0.00614, -0.00397, 0.00213] z=0.1074
[lowlevel-sim][GT] t=74.551 quat=[0.49429, -0.50556, 0.50867, 0.49127] angvel=[-0.02305, -0.05872, -0.0283] linvel=[0.00441, -0.00429, 0.00156] z=0.1074
[lowlevel-sim][GT] t=74.601 quat=[0.49467, -0.50551, 0.50882, 0.49078] angvel=[-0.01922, 0.00361, -0.02204] linvel=[0.00618, -0.0068, -0.00068] z=0.1074
[lowlevel-sim][GT] t=74.651 quat=[0.49481, -0.50534, 0.50894, 0.49069] angvel=[-0.0074, -0.0031, -0.00237] linvel=[0.00517, -0.00247, 0.00253] z=0.1074
[lowlevel-sim][GT] t=74.701 quat=[0.49485, -0.50534, 0.50899, 0.4906] angvel=[-0.02975, -0.00138, 0.01414] linvel=[0.00421, -0.0105, 0.00239] z=0.1074
[lowlevel-sim][GT] t=74.751 quat=[0.49468, -0.50529, 0.50895, 0.49086] angvel=[0.00842, 0.02192, 0.01236] linvel=[-0.00332, -0.00375, -0.00244] z=0.1074
[lowlevel-sim][GT] t=74.801 quat=[0.49437, -0.50545, 0.50886, 0.4911] angvel=[-0.01206, -0.01597, -0.00258] linvel=[-0.00672, -0.00323, 0.00222] z=0.1074
[lowlevel-sim][GT] t=74.851 quat=[0.4944, -0.50546, 0.5087, 0.49123] angvel=[-0.04182, -0.02972, 0.0115] linvel=[-0.00472, -0.00457, 0.0058] z=0.1075
[lowlevel-sim][GT] t=74.901 quat=[0.49424, -0.50563, 0.5087, 0.4912] angvel=[-0.01259, -0.00507, -0.00732] linvel=[-0.0065, -0.00433, 0.0003] z=0.1074
[lowlevel-sim][GT] t=74.951 quat=[0.49416, -0.50559, 0.50868, 0.49135] angvel=[0.00978, -0.00297, -0.00923] linvel=[-0.00701, -0.00095, 0.00261] z=0.1074
[lowlevel-sim] t=  75.00 mode=cmd        pd=42431 hold=10863 failclosed=126 rtf=0.276 base_z=+0.107 pitch=+1.542 roll=+3.137 |tau|max=  9.32 sat=0/29 knee_L=+0.280 hip_p_L=-0.108 torn=12538 cmd_age=27.3ms auth=225.4s rig_ign=1117 fix_base=0
[lowlevel-sim][GT] t=75.001 quat=[0.49416, -0.50562, 0.50863, 0.49138] angvel=[-0.03855, 0.0079, 0.00316] linvel=[-0.00341, -0.00405, 0.00339] z=0.1075
[lowlevel-sim][GT] t=75.051 quat=[0.49421, -0.50562, 0.50851, 0.49145] angvel=[-0.03922, 0.02691, -0.00093] linvel=[-0.00528, -0.00548, 0.00443] z=0.1075
[lowlevel-sim][GT] t=75.101 quat=[0.49409, -0.50573, 0.50849, 0.49148] angvel=[-0.03559, 0.01149, 0.00176] linvel=[-0.00635, -0.00897, 0.0028] z=0.1075
[lowlevel-sim][GT] t=75.151 quat=[0.49407, -0.50573, 0.50844, 0.49155] angvel=[-0.00777, 0.0011, -0.00845] linvel=[-0.00536, -0.00734, -0.00041] z=0.1075
[lowlevel-sim][GT] t=75.201 quat=[0.49419, -0.50566, 0.5085, 0.49143] angvel=[-0.01479, 0.00191, 0.00104] linvel=[-0.00519, -0.00554, 0.00023] z=0.1075
[lowlevel-sim][GT] t=75.251 quat=[0.49449, -0.50559, 0.50851, 0.49121] angvel=[-0.01171, 0.0046, 0.01728] linvel=[0.002, -0.00181, 0.00256] z=0.1075
[lowlevel-sim][GT] t=75.301 quat=[0.49457, -0.50572, 0.50854, 0.49095] angvel=[-0.0323, -0.03602, -0.00625] linvel=[0.00578, -0.00392, 0.00434] z=0.1075
[lowlevel-sim][GT] t=75.351 quat=[0.4947, -0.50557, 0.50854, 0.49098] angvel=[0.01195, 0.00808, -0.00982] linvel=[0.00506, 0.00033, 0.00063] z=0.1075
[lowlevel-sim][GT] t=75.401 quat=[0.49488, -0.50553, 0.50872, 0.49065] angvel=[-0.00505, -0.01559, 0.01177] linvel=[0.00661, -0.00511, -0.00053] z=0.1075
[lowlevel-sim][GT] t=75.451 quat=[0.49484, -0.50543, 0.50879, 0.49073] angvel=[-0.03797, 0.02702, 0.0263] linvel=[0.0019, -0.00479, 0.00166] z=0.1074
[lowlevel-sim] t=  75.50 mode=cmd        pd=42681 hold=10863 failclosed=126 rtf=0.276 base_z=+0.107 pitch=+1.542 roll=-3.121 |tau|max=  9.71 sat=0/29 knee_L=+0.278 hip_p_L=-0.108 torn=12566 cmd_age=19.9ms auth=227.1s rig_ign=1117 fix_base=0
[lowlevel-sim][GT] t=75.501 quat=[0.4947, -0.50542, 0.50893, 0.49073] angvel=[-0.03557, 0.02052, 0.06997] linvel=[0.00845, -0.00762, 0.0] z=0.1074
[lowlevel-sim][GT] t=75.551 quat=[0.49487, -0.50545, 0.50901, 0.49044] angvel=[-0.01348, 0.01085, 0.0033] linvel=[0.00631, -0.00201, 0.00244] z=0.1073
[lowlevel-sim][GT] t=75.601 quat=[0.49483, -0.50542, 0.50909, 0.49044] angvel=[-0.04213, 0.00339, 0.01452] linvel=[0.00578, -0.00955, 0.00188] z=0.1073
[lowlevel-sim][GT] t=75.651 quat=[0.49474, -0.50529, 0.50903, 0.49071] angvel=[0.01256, 0.02821, 0.01673] linvel=[0.00251, -0.0054, -0.00286] z=0.1074
[lowlevel-sim][GT] t=75.701 quat=[0.49451, -0.50535, 0.50907, 0.49084] angvel=[-0.01112, 0.0013, -0.00102] linvel=[-0.00374, -0.00348, 0.00044] z=0.1074
[lowlevel-sim][GT] t=75.751 quat=[0.49436, -0.50539, 0.50892, 0.4911] angvel=[0.011, 0.01166, 0.00877] linvel=[-0.00546, -0.004, 0.00251] z=0.1074
[lowlevel-sim][GT] t=75.801 quat=[0.49427, -0.50546, 0.5088, 0.49125] angvel=[-0.01578, 0.00714, 0.0217] linvel=[-0.00659, -0.00012, 0.00406] z=0.1075
[lowlevel-sim][GT] t=75.851 quat=[0.49427, -0.50544, 0.50868, 0.49139] angvel=[0.01126, 0.00024, 0.007] linvel=[-0.00393, 0.00134, 0.00195] z=0.1075
[lowlevel-sim][GT] t=75.901 quat=[0.49424, -0.50557, 0.50882, 0.49114] angvel=[-0.03421, 0.04542, 0.0133] linvel=[0.00564, -0.00948, -0.00091] z=0.1074
[lowlevel-sim][GT] t=75.951 quat=[0.49442, -0.50564, 0.50885, 0.49087] angvel=[0.00534, -0.00981, 0.01162] linvel=[0.00466, -0.00411, -0.00208] z=0.1073
[lowlevel-sim] t=  76.00 mode=cmd        pd=42931 hold=10863 failclosed=126 rtf=0.276 base_z=+0.107 pitch=+1.541 roll=-3.117 |tau|max=  9.77 sat=0/29 knee_L=+0.279 hip_p_L=-0.108 torn=12596 cmd_age=22.2ms auth=228.5s rig_ign=1117 fix_base=0
[lowlevel-sim][GT] t=76.001 quat=[0.49466, -0.50554, 0.50902, 0.49054] angvel=[-0.01685, -0.03349, -0.05925] linvel=[0.00135, -0.00719, 0.00087] z=0.1073
[lowlevel-sim][GT] t=76.051 quat=[0.49487, -0.50537, 0.50909, 0.49045] angvel=[-0.01879, -0.04706, -0.03846] linvel=[0.00267, -0.00431, -0.00051] z=0.1073
[lowlevel-sim][GT] t=76.101 quat=[0.49492, -0.50532, 0.50932, 0.4902] angvel=[-0.02342, 0.01877, -0.00213] linvel=[0.00408, -0.00354, 0.00114] z=0.1073
[lowlevel-sim][GT] t=76.151 quat=[0.49495, -0.50518, 0.50936, 0.49027] angvel=[-0.02113, -0.02859, -0.00783] linvel=[0.00296, -0.00236, 0.00313] z=0.1073
[lowlevel-sim][GT] t=76.201 quat=[0.49488, -0.50518, 0.50948, 0.49022] angvel=[-0.02185, 0.03719, -0.01686] linvel=[0.0046, -0.00532, 0.00118] z=0.1073
[lowlevel-sim][GT] t=76.251 quat=[0.49472, -0.50507, 0.50944, 0.49053] angvel=[0.00411, 0.01934, 0.00182] linvel=[-0.0029, -0.00241, -0.00059] z=0.1073
[lowlevel-sim][GT] t=76.301 quat=[0.49443, -0.50509, 0.50951, 0.49074] angvel=[-0.03431, -0.00292, -0.02806] linvel=[-0.01021, -0.00683, 0.00421] z=0.1073
[lowlevel-sim][GT] t=76.351 quat=[0.4945, -0.50504, 0.50947, 0.49076] angvel=[-0.06645, -0.05177, -0.01479] linvel=[-0.00705, -0.0049, 0.00838] z=0.1073
[lowlevel-sim][GT] t=76.401 quat=[0.49449, -0.50519, 0.50937, 0.49072] angvel=[-0.00194, 0.02223, 0.03132] linvel=[-0.0002, -0.00528, -0.00094] z=0.1073
[lowlevel-sim][GT] t=76.451 quat=[0.49478, -0.50516, 0.50935, 0.49048] angvel=[-0.0419, 0.00261, -0.01056] linvel=[0.00679, -0.00441, 0.00538] z=0.1073
[lowlevel-sim] t=  76.50 mode=cmd        pd=43181 hold=10863 failclosed=126 rtf=0.276 base_z=+0.107 pitch=+1.541 roll=-3.131 |tau|max=  8.49 sat=0/29 knee_L=+0.279 hip_p_L=-0.108 torn=12617 cmd_age=47.0ms auth=230.2s rig_ign=1117 fix_base=0
[lowlevel-sim][GT] t=76.501 quat=[0.49478, -0.50518, 0.50946, 0.49033] angvel=[-0.01257, 0.01103, -0.00242] linvel=[0.00385, -0.00356, 0.00219] z=0.1073
[lowlevel-sim][GT] t=76.551 quat=[0.49494, -0.50498, 0.50934, 0.49052] angvel=[-0.02616, -0.0419, -0.01875] linvel=[0.00475, -0.00538, -8e-05] z=0.1074
[lowlevel-sim][GT] t=76.601 quat=[0.49477, -0.50505, 0.5093, 0.49064] angvel=[0.02234, 0.01501, -0.00268] linvel=[-0.00561, -0.00494, -0.00214] z=0.1074
[lowlevel-sim][GT] t=76.651 quat=[0.4946, -0.50502, 0.50914, 0.49101] angvel=[-0.01204, -0.02574, 0.01388] linvel=[-0.00907, -0.00407, -0.00038] z=0.1074
[lowlevel-sim][GT] t=76.701 quat=[0.49448, -0.50523, 0.50914, 0.49092] angvel=[-0.04502, 0.01538, 0.03584] linvel=[0.00304, -0.00717, 0.00021] z=0.1074
[lowlevel-sim][GT] t=76.751 quat=[0.49461, -0.50525, 0.50918, 0.49073] angvel=[-0.0596, -0.00993, 0.01101] linvel=[0.00363, -0.00513, 0.00386] z=0.1073
[lowlevel-sim][GT] t=76.801 quat=[0.49455, -0.50533, 0.50934, 0.49055] angvel=[-0.04312, 0.0047, 0.01146] linvel=[0.00307, -0.00295, 0.00012] z=0.1073
