Authorization required, but no authorization protocol specified

Authorization required, but no authorization protocol specified

Authorization required, but no authorization protocol specified

Authorization required, but no authorization protocol specified

Authorization required, but no authorization protocol specified

cat: '/sys/devices/system/cpu/cpu*/cpufreq/scaling_governor': No such file or directory
Authorization required, but no authorization protocol specified

Authorization required, but no authorization protocol specified

[Info] [carb] Logging to file: /isaac-sim/kit/logs/Kit/Isaac-Sim Python/5.1/kit_20260822_131654.log
[0.133s] [ext: omni.kit.async_engine-0.0.3] startup
[1.044s] [ext: omni.metrics.core-0.0.3] startup
[1.045s] [ext: omni.client.lib-1.1.0] startup
[1.085s] [ext: omni.blobkey-1.1.2] startup
[1.085s] [ext: omni.stats-1.0.1] startup
[1.093s] [ext: omni.datastore-0.0.0] startup
[1.101s] [ext: omni.client-1.3.0] startup
[1.108s] [ext: omni.ujitso.default-1.0.0] startup
[1.111s] [ext: omni.hsscclient-1.1.2] startup
[1.132s] [ext: omni.gpu_foundation.shadercache.vulkan-1.0.0] startup
[1.175s] [ext: omni.assets.plugins-0.0.0] startup
[1.178s] [ext: omni.gpu_foundation-0.0.0] startup
[1.195s] [ext: carb.windowing.plugins-1.0.0] startup
2026-08-22T13:16:55Z [1,154ms] [Warning] [carb.windowing-glfw.plugin] GLFW initialization failed.
2026-08-22T13:16:55Z [1,154ms] [Warning] [carb] Failed to startup plugin carb.windowing-glfw.plugin (interfaces: [carb::windowing::IGLContext v1.0],[carb::windowing::IWindowing v1.5]) (impl: carb.windowing-glfw.plugin)
[1.197s] [ext: omni.kit.renderer.init-0.0.0] startup
2026-08-22T13:16:55Z [1,210ms] [Warning] [omni.platforminfo.plugin] failed to open the default display.  Can't verify X Server version.
2026-08-22T13:16:55Z [1,438ms] [Warning] [carb.windowing-glfw.plugin] GLFW initialization failed.
2026-08-22T13:16:55Z [1,438ms] [Warning] [carb] Failed to startup plugin carb.windowing-glfw.plugin (interfaces: [carb::windowing::IGLContext v1.0],[carb::windowing::IWindowing v1.5]) (impl: carb.windowing-glfw.plugin)

|---------------------------------------------------------------------------------------------|
| Driver Version: 580.105.08    | Graphics API: Vulkan
|=============================================================================================|
| GPU | Name                             | Active | LDA | GPU Memory | Vendor-ID | LUID       |
|     |                                  |        |     |            | Device-ID | UUID       |
|     |                                  |        |     |            | Bus-ID    |            |
|---------------------------------------------------------------------------------------------|
| 0   | NVIDIA GeForce RTX 4090          | Yes: 0 |     | 24810   MB | 10de      | 0          |
|     |                                  |        |     |            | 2684      | ea3ff652.. |
|     |                                  |        |     |            | 0         |            |
|=============================================================================================|
| OS: 24.04.2 LTS (Noble Numbat) ubuntu, Version: 24.04.2, Kernel: 6.8.0-87-generic
| Processor: AMD EPYC 7713 64-Core Processor
| Cores: 40 | Logical Cores: 40
|---------------------------------------------------------------------------------------------|
| Total Memory (MB): 135018 | Free Memory: 128679
| Total Page/Swap (MB): 0 | Free Page/Swap: 0
|---------------------------------------------------------------------------------------------|
[2.262s] [ext: omni.kit.pipapi-0.0.0] startup
[2.275s] [ext: omni.kit.pip_archive-0.0.0] startup
[2.282s] [ext: omni.pip.compute-1.6.3] startup
[2.288s] [ext: omni.materialx.libs-1.0.7] startup
[2.305s] [ext: omni.pip.cloud-1.4.3] startup
[2.336s] [ext: omni.isaac.core_archive-3.0.0] startup
[2.343s] [ext: omni.usd.config-1.0.6] startup
[2.357s] [ext: omni.gpucompute.plugins-0.0.0] startup
[2.358s] [ext: omni.usd.libs-1.0.1] startup
[2.462s] [ext: omni.kit.telemetry-0.5.2] startup
[2.554s] [ext: omni.mdl-56.0.3] startup
[3.125s] [ext: omni.iray.libs-0.0.0] startup
[3.133s] [ext: omni.mdl.neuraylib-0.2.12] startup
[3.150s] [ext: omni.kit.usd.mdl-1.1.5] startup
[3.316s] [ext: omni.isaac.ml_archive-3.0.4] startup
[3.322s] [ext: omni.kit.loop-isaac-1.3.7] startup
[3.332s] [ext: omni.kit.test-2.0.1] startup
[3.763s] [ext: omni.appwindow-1.1.10] startup
2026-08-22T13:16:58Z [3,723ms] [Warning] [carb.windowing-glfw.plugin] GLFW initialization failed.
2026-08-22T13:16:58Z [3,723ms] [Warning] [carb] Failed to startup plugin carb.windowing-glfw.plugin (interfaces: [carb::windowing::IGLContext v1.0],[carb::windowing::IWindowing v1.5]) (impl: carb.windowing-glfw.plugin)
Authorization required, but no authorization protocol specified

2026-08-22T13:16:58Z [3,724ms] [Warning] [carb.windowing-glfw.plugin] GLFW initialization failed.
2026-08-22T13:16:58Z [3,724ms] [Warning] [carb] Failed to startup plugin carb.windowing-glfw.plugin (interfaces: [carb::windowing::IGLContext v1.0],[carb::windowing::IWindowing v1.5]) (impl: carb.windowing-glfw.plugin)
2026-08-22T13:16:58Z [3,725ms] [Error] [omni.appwindow.plugin] Failed to acquire IWindowing interface
2026-08-22T13:16:58Z [3,725ms] [Error] [omni.appwindow.plugin] IAppWindow::startup failed
Authorization required, but no authorization protocol specified

Authorization required, but no authorization protocol specified

[3.775s] [ext: omni.kit.renderer.core-1.1.0] startup
2026-08-22T13:16:58Z [3,759ms] [Warning] [carb.windowing-glfw.plugin] GLFW initialization failed.
2026-08-22T13:16:58Z [3,759ms] [Warning] [carb] Failed to startup plugin carb.windowing-glfw.plugin (interfaces: [carb::windowing::IGLContext v1.0],[carb::windowing::IWindowing v1.5]) (impl: carb.windowing-glfw.plugin)
[3.814s] [ext: omni.kit.renderer.capture-0.0.0] startup
[3.832s] [ext: omni.kit.renderer.imgui-2.0.5] startup
2026-08-22T13:16:58Z [3,797ms] [Warning] [carb.windowing-glfw.plugin] GLFW initialization failed.
2026-08-22T13:16:58Z [3,797ms] [Warning] [carb] Failed to startup plugin carb.windowing-glfw.plugin (interfaces: [carb::windowing::IGLContext v1.0],[carb::windowing::IWindowing v1.5]) (impl: carb.windowing-glfw.plugin)
2026-08-22T13:16:58Z [3,797ms] [Warning] [omni.ui.windowmanager.plugin] Failed to set app window for default window set!
[3.851s] [ext: omni.ui-2.27.1] startup
[3.879s] [ext: omni.kit.mainwindow-1.0.3] startup
[3.892s] [ext: carb.audio-0.1.0] startup
[3.898s] [ext: omni.uiaudio-1.0.0] startup
[3.908s] [ext: omni.kit.uiapp-0.0.0] startup
[3.908s] [ext: omni.usd.schema.metrics.assembler-107.3.1] startup
[3.924s] [ext: omni.usd.schema.audio-0.0.0] startup
[3.938s] [ext: omni.anim.graph.schema-107.3.3] startup
[3.964s] [ext: omni.usd_resolver-1.0.0] startup
[3.977s] [ext: omni.usd.core-1.5.3] startup
[3.980s] [ext: omni.usd.schema.render_settings.rtx-0.0.0] startup
[4.063s] [ext: omni.usd.schema.semantics-0.0.0] startup
[4.075s] [ext: isaacsim.robot.schema-3.6.0] startup
[4.104s] [ext: omni.usd.schema.geospatial-0.0.0] startup
[4.116s] [ext: omni.usd.schema.anim-0.0.0] startup
[4.155s] [ext: omni.kit.window.popup_dialog-2.0.24] startup
[4.178s] [ext: usdrt.scenegraph-7.6.1] startup
[4.276s] [ext: omni.timeline-1.0.14] startup
[4.284s] [ext: omni.resourcemonitor-107.0.1] startup
[4.299s] [ext: omni.activity.core-1.0.3] startup
[4.308s] [ext: omni.kit.widget.nucleus_connector-2.0.1] startup
[4.331s] [ext: omni.hydra.usdrt_delegate-7.5.1] startup
[4.350s] [ext: omni.kit.actions.core-1.0.0] startup
[4.365s] [ext: omni.graph.exec-0.9.6] startup
[4.366s] [ext: omni.kit.commands-1.4.10] startup
[4.395s] [ext: omni.kit.usd_undo-0.1.8] startup
[4.405s] [ext: omni.kit.exec.core-0.13.4] startup
[4.423s] [ext: omni.kit.audiodeviceenum-1.0.2] startup
[4.434s] [ext: omni.hydra.scene_delegate-0.3.4] startup
[4.443s] [ext: omni.usd-1.13.10] startup
[4.563s] [ext: omni.kit.asset_converter-5.0.17] startup
[4.598s] [ext: omni.usd.schema.flow-107.1.1] startup
[4.606s] [ext: omni.usd.schema.omnigraph-1.0.0] startup
[4.626s] [ext: omni.usd.schema.omni_sensors-0.0.0] startup
[4.636s] [ext: omni.anim.navigation.schema-107.3.3] startup
[4.651s] [ext: omni.inspect-1.0.2] startup
[4.661s] [ext: omni.kit.notification_manager-1.0.10] startup
[4.684s] [ext: omni.graph.core-2.184.5] startup
[4.691s] [ext: isaacsim.core.deprecation_manager-0.2.7] startup
[4.705s] [ext: omni.usd.schema.physx-107.3.26] startup
[4.804s] [ext: omni.usd.schema.isaac-3.0.5] startup
[4.804s] [ext: omni.usd.schema.omniscripting-1.0.0] startup
[4.830s] [ext: omni.usd.schema.omni_lens_distortion-0.0.0] startup
[4.842s] [ext: omni.kvdb-107.3.26] startup
[4.856s] [ext: omni.usdphysics-107.3.26] startup
[4.870s] [ext: omni.physx.foundation-107.3.26] startup
[4.885s] [ext: omni.localcache-107.3.26] startup
[4.899s] [ext: omni.convexdecomposition-107.3.26] startup
[4.916s] [ext: omni.physx.cooking-107.3.26] startup
[4.934s] [ext: omni.physx-107.3.26] startup
[4.981s] [ext: omni.physics-107.3.26] startup
[5.000s] [ext: omni.kit.usd.layers-2.2.11] startup
[5.092s] [ext: omni.physics.physx-107.3.26] startup
2026-08-22T13:16:59Z [5,051ms] [Warning] [carb] Acquiring non optional plugin interface which is not listed as dependency: [omni::physx::IPhysxBenchmarks v1.0] (plugin: <default plugin>), by client: omni.physics.physx.plugin. Add it to CARB_PLUGIN_IMPL_DEPS() macro of a client.
[5.102s] [ext: omni.physics.stageupdate-107.3.26] startup
[5.116s] [ext: omni.kit.numpy.common-0.1.3] startup
[5.128s] [ext: isaacsim.core.version-2.0.6] startup
[5.140s] [ext: omni.isaac.dynamic_control-2.0.7] startup
2026-08-22T13:16:59Z [5,116ms] [Warning] [omni.isaac.dynamic_control] omni.isaac.dynamic_control is deprecated as of Isaac Sim 4.5. No action is needed from end-users.
[5.162s] [ext: isaacsim.storage.native-1.5.1] startup
[5.183s] [ext: omni.kit.menu.core-1.1.2] startup
[5.198s] [ext: omni.kit.helper.file_utils-0.1.9] startup
[5.213s] [ext: omni.usd.metrics.assembler-107.3.1] startup
[5.237s] [ext: omni.kit.widget.context_menu-1.2.5] startup
[5.253s] [ext: omni.warp.core-1.8.2] startup
[5.764s] [ext: omni.usd.metrics.assembler.physics-107.3.26] startup
[5.790s] [ext: omni.physics.tensors-107.3.26] startup
[5.827s] [ext: omni.kit.context_menu-1.8.6] startup
[5.850s] [ext: omni.kit.clipboard-1.0.5] startup
[5.859s] [ext: isaacsim.core.utils-3.5.1] startup
[5.880s] [ext: omni.kit.widget.filebrowser-2.12.3] startup
[5.929s] [ext: omni.kit.widget.options_menu-1.1.6] startup
[5.952s] [ext: omni.kit.widget.path_field-2.0.11] startup
[5.968s] [ext: omni.index.libs-380600.8087.0] startup
[5.968s] [ext: omni.ui.scene-1.11.5] startup
[5.980s] [ext: omni.kit.widget.options_button-1.0.3] startup
[5.992s] [ext: omni.kit.widget.browser_bar-2.0.10] startup
[6.006s] [ext: omni.index-1.0.1] startup
[6.007s] [ext: omni.hydra.rtx.shadercache.vulkan-1.0.0] startup
[6.020s] [ext: omni.kit.window.filepicker-2.13.4] startup
[6.154s] [ext: omni.volume-0.5.2] startup
[6.164s] [ext: omni.ujitso.client-0.0.0] startup
[6.164s] [ext: omni.graph.tools-1.79.2] startup
[6.362s] [ext: omni.graph.image.core-0.6.1] startup
[6.363s] [ext: omni.hydra.rtx-1.0.0] startup
2026-08-22T13:17:00Z [6,342ms] [Warning] [omni.log] Source: omni.hydra was already registered.
[6.411s] [ext: omni.kit.window.file_importer-1.1.18] startup
[6.428s] [ext: omni.kit.menu.utils-2.0.5] startup
[6.491s] [ext: omni.graph.image.nodes-1.3.1] startup
[6.492s] [ext: omni.kit.widget.searchable_combobox-1.0.6] startup
[6.507s] [ext: omni.kit.hydra_texture-1.4.6] startup
[6.520s] [ext: omni.kit.material.library-2.0.7] startup
[6.566s] [ext: omni.hydra.engine.stats-1.0.3] startup
[6.576s] [ext: omni.kit.viewport.scene_camera_model-1.0.6] startup
[6.589s] [ext: omni.kit.widget.settings-1.2.6] startup
[6.613s] [ext: omni.kit.viewport.legacy_gizmos-1.0.19] startup
[6.625s] [ext: omni.kit.widget.viewport-107.1.3] startup
[6.664s] [ext: omni.kit.viewport.registry-104.0.6] startup
[6.675s] [ext: omni.kit.raycast.query-1.1.0] startup
[6.693s] [ext: omni.physx.tensors-107.3.26] startup
[6.698s] [ext: omni.kit.window.drop_support-1.0.5] startup
[6.713s] [ext: omni.kit.primitive.mesh-1.0.17] startup
[6.764s] [ext: omni.kit.viewport.window-107.2.0] startup
2026-08-22T13:17:01Z [6,775ms] [Error] [omni.kit.window.drop_support.drop_support] Cannot setup ExternalDragDrop without a default window
2026-08-22T13:17:01Z [6,776ms] [Error] [omni.ui.python] AttributeError: 'NoneType' object has no attribute 'get_window_minimize_event_stream'

At:
  /isaac-sim/extscache/omni.kit.viewport.window-107.2.0+69cbf6ad/omni/kit/viewport/window/window.py(136): __init__
  /isaac-sim/extscache/omni.kit.viewport.window-107.2.0+69cbf6ad/omni/kit/viewport/window/menu_entry.py(203): __show_window
  /isaac-sim/extscache/omni.kit.viewport.window-107.2.0+69cbf6ad/omni/kit/viewport/window/menu_entry.py(139): <lambda>
  /isaac-sim/extscache/omni.kit.viewport.window-107.2.0+69cbf6ad/omni/kit/viewport/window/menu_entry.py(141): __init__
  /isaac-sim/extscache/omni.kit.viewport.window-107.2.0+69cbf6ad/omni/kit/viewport/window/menu_entry.py(250): <listcomp>
  /isaac-sim/extscache/omni.kit.viewport.window-107.2.0+69cbf6ad/omni/kit/viewport/window/menu_entry.py(249): create_viewport_window_menu
  /isaac-sim/extscache/omni.kit.viewport.window-107.2.0+69cbf6ad/omni/kit/viewport/window/extension.py(37): on_startup
  /isaac-sim/kit/kernel/py/omni/ext/_impl/_internal.py(173): _startup_ext
  /isaac-sim/kit/kernel/py/omni/ext/_impl/_internal.py(233): startup
  /isaac-sim/kit/kernel/py/omni/ext/_impl/_internal.py(337): startup_extension
  PythonExtension.cpp::startup()(2): <module>
  /isaac-sim/exts/isaacsim.simulation_app/isaacsim/simulation_app/simulation_app.py(534): _start_app
  /isaac-sim/exts/isaacsim.simulation_app/isaacsim/simulation_app/simulation_app.py(270): __init__
  /workspace/ferox_isaac/run.py(32): <module>

[6.887s] [ext: omni.kit.window.preferences-1.8.0] startup
[6.967s] [ext: isaacsim.core.simulation_manager-1.4.4] startup
[11.346s] [ext: omni.graph.action_core-1.1.7] startup
[11.359s] [ext: omni.graph-1.141.2] startup
[11.567s] [ext: omni.kit.viewport.utility-1.1.2] startup
[11.582s] [ext: omni.kit.viewport.menubar.core-107.2.1] startup
[11.670s] [ext: isaacsim.core.prims-0.6.1] startup
[11.830s] [ext: omni.graph.action_nodes-1.50.4] startup
[11.849s] [ext: omni.kit.stage_template.core-1.1.22] startup
[11.870s] [ext: omni.syntheticdata-0.6.13] startup
[12.197s] [ext: omni.graph.nodes-1.170.10] startup
[12.232s] [ext: omni.graph.action-1.130.0] startup
[12.250s] [ext: omni.kit.stage_templates-2.0.0] startup
[12.330s] [ext: omni.kit.widget.filter-1.1.4] startup
[12.351s] [ext: omni.kit.widget.graph-2.0.0] startup
[12.493s] [ext: omni.kit.property.adapter.core-1.0.2] startup
[12.518s] [ext: omni.kit.window.file_exporter-1.0.33] startup
[12.538s] [ext: omni.kit.widget.searchfield-1.1.8] startup
[12.564s] [ext: omni.kit.hotkeys.core-1.3.10] startup
[12.567s] [ext: omni.kit.graph.delegate.default-1.2.3] startup
[12.583s] [ext: omni.kit.property.adapter.fabric-1.0.3] startup
[12.611s] [ext: omni.kit.widget.stage-3.1.4] startup
[12.750s] [ext: omni.kit.property.adapter.usd-1.0.2] startup
[12.775s] [ext: omni.kit.graph.editor.core-1.5.3] startup
[12.822s] [ext: omni.kit.widget.material_preview-1.0.16] startup
[12.851s] [ext: omni.kit.widget.highlight_label-1.0.3] startup
[12.868s] [ext: omni.kit.window.file-2.0.5] startup
[12.917s] [ext: omni.kit.window.content_browser_registry-0.0.6] startup
[12.934s] [ext: omni.kit.window.property-1.12.1] startup
[12.974s] [ext: omni.kit.window.content_browser-3.1.3] startup
2026-08-22T13:17:07Z [12,998ms] [Error] [omni.kit.window.drop_support.drop_support] Cannot setup ExternalDragDrop without a default window
[13.042s] [ext: omni.kit.graph.usd.commands-1.3.1] startup
[13.064s] [ext: omni.kit.property.usd-4.5.12] startup
[13.209s] [ext: omni.graph.ui_nodes-1.50.5] startup
[13.226s] [ext: omni.videoencoding-0.1.2] startup
[13.242s] [ext: omni.kit.window.material_graph-1.9.1] startup
[13.336s] [ext: omni.warp-1.8.2] startup
[13.419s] [ext: isaacsim.core.api-4.8.0] startup
[13.956s] [ext: omni.graph.scriptnode-1.50.0] startup
[13.980s] [ext: isaacsim.test.docstring-1.1.0] startup
[14.050s] [ext: isaacsim.core.experimental.utils-0.3.0] startup
[14.078s] [ext: omni.replicator.core-1.12.27] startup
2026-08-22T13:17:08Z [14,172ms] [Warning] [pxr.Semantics] pxr.Semantics is deprecated - please use Semantics instead
2026-08-22T13:17:08Z [14,486ms] [Warning] [omni.graph.core.plugin] Found duplicate of category 'Replicator' - was 'Annotators', adding 'Fabric Reader'
2026-08-22T13:17:08Z [14,486ms] [Warning] [omni.graph.core.plugin] Category 'Replicator' not accepted on node type 'omni.replicator.core.FabricReader' in extension 'omni.replicator.core'
2026-08-22T13:17:08Z [14,488ms] [Warning] [omni.replicator.core.scripts.extension] No material configuration file, adding configuration to material settings directly.
[14.536s] [ext: isaacsim.core.experimental.prims-0.8.1] startup
[14.714s] [ext: omni.kit.window.extensions-1.4.27] startup
[14.829s] [ext: isaacsim.core.experimental.objects-0.4.0] startup
[14.967s] [ext: omni.ui_query-1.1.8] startup
[14.993s] [ext: omni.kit.manipulator.viewport-107.0.1] startup
[15.021s] [ext: isaacsim.robot.surface_gripper-3.3.1] startup
[15.063s] [ext: omni.kit.ui_test-1.3.7] startup
[15.119s] [ext: omni.graph.visualization.nodes-2.1.3] startup
[15.300s] [ext: isaacsim.robot_motion.lula-4.0.8] startup
[15.371s] [ext: isaacsim.core.nodes-3.4.3] startup
[15.547s] [ext: isaacsim.gui.components-1.2.1] startup
[15.741s] [ext: isaacsim.robot_motion.motion_generation-8.0.26] startup
[16.121s] [ext: isaacsim.robot.manipulators-3.3.6] startup
[16.235s] [ext: isaacsim.core.experimental.materials-0.4.0] startup
[16.424s] [ext: isaacsim.robot.manipulators.examples-1.1.2] startup
[16.454s] [ext: isaacsim.cortex.framework-1.0.12] startup
[16.478s] [ext: isaacsim.cortex.behaviors-2.0.14] startup
[16.501s] [ext: omni.isaac.cortex.sample_behaviors-2.0.5] startup
2026-08-22T13:17:10Z [16,477ms] [Warning] [omni.isaac.cortex] omni.isaac.cortex has been deprecated in favor of isaacsim.cortex.framework. Please update your code accordingly.
2026-08-22T13:17:10Z [16,494ms] [Warning] [omni.isaac.cortex.sample_behaviors] omni.isaac.cortex.sample_behaviors has been deprecated in favor of isaacsim.cortex.behaviors. Please update your code accordingly.
[16.538s] [ext: omni.kit.widget.zoombar-1.0.6] startup
[16.587s] [ext: isaacsim.gui.content_browser-0.1.11] startup
[16.688s] [ext: omni.kit.browser.core-2.3.13] startup
[17.250s] [ext: omni.kit.widget.stage_icons-1.0.8] startup
[17.384s] [ext: omni.kit.widget.prompt-1.0.7] startup
[17.536s] [ext: omni.kit.usd.collect-2.4.5] startup
[17.644s] [ext: omni.kit.browser.folder.core-1.10.9] startup
[17.831s] [ext: omni.kit.window.stage-2.6.1] startup
[17.900s] [ext: omni.kit.usdz_export-1.0.9] startup
[17.940s] [ext: omni.kit.tool.collect-2.2.18] startup
[18.010s] [ext: omni.kit.menu.stage-1.2.7] startup
[18.055s] [ext: omni.kit.tool.asset_importer-4.3.2] startup
[18.124s] [ext: isaacsim.robot.wheeled_robots-4.0.24] startup
[18.199s] [ext: isaacsim.examples.browser-0.2.1] startup
[18.241s] [ext: isaacsim.asset.importer.urdf-2.4.30] startup
[18.691s] [ext: omni.isaac.wheeled_robots-3.0.7] startup
2026-08-22T13:17:12Z [18,668ms] [Warning] [omni.isaac.wheeled_robots] omni.isaac.wheeled_robots has been deprecated in favor of isaacsim.robot.wheeled_robots. Please update your code accordingly.
2026-08-22T13:17:12Z [18,680ms] [Warning] [omni.isaac.wheeled_robots.controllers] omni.isaac.wheeled_robots has been deprecated in favor of isaacsim.robot.wheeled_robots. Please update your code accordingly.
2026-08-22T13:17:12Z [18,681ms] [Warning] [omni.isaac.wheeled_robots.controllers.ackermann_controller] omni.isaac.wheeled_robots has been deprecated in favor of isaacsim.robot.wheeled_robots. Please update your code accordingly.
2026-08-22T13:17:12Z [18,682ms] [Warning] [omni.isaac.wheeled_robots.controllers.differential_controller] omni.isaac.wheeled_robots has been deprecated in favor of isaacsim.robot.wheeled_robots. Please update your code accordingly.
2026-08-22T13:17:12Z [18,683ms] [Warning] [omni.isaac.wheeled_robots.controllers.holonomic_controller] omni.isaac.wheeled_robots has been deprecated in favor of isaacsim.robot.wheeled_robots. Please update your code accordingly.
2026-08-22T13:17:12Z [18,684ms] [Warning] [omni.isaac.wheeled_robots.controllers.quintic_path_planner] omni.isaac.wheeled_robots has been deprecated in favor of isaacsim.robot.wheeled_robots. Please update your code accordingly.
2026-08-22T13:17:12Z [18,684ms] [Warning] [omni.isaac.wheeled_robots.controllers.stanley_control] omni.isaac.wheeled_robots has been deprecated in favor of isaacsim.robot.wheeled_robots. Please update your code accordingly.
2026-08-22T13:17:12Z [18,685ms] [Warning] [omni.isaac.wheeled_robots.controllers.wheel_base_pose_controller] omni.isaac.wheeled_robots has been deprecated in favor of isaacsim.robot.wheeled_robots. Please update your code accordingly.
2026-08-22T13:17:12Z [18,689ms] [Warning] [omni.isaac.wheeled_robots.impl] omni.isaac.wheeled_robots has been deprecated in favor of isaacsim.robot.wheeled_robots. Please update your code accordingly.
2026-08-22T13:17:12Z [18,692ms] [Warning] [omni.isaac.wheeled_robots.robots] omni.isaac.wheeled_robots has been deprecated in favor of isaacsim.robot.wheeled_robots. Please update your code accordingly.
2026-08-22T13:17:12Z [18,693ms] [Warning] [omni.isaac.wheeled_robots.robots.holonomic_robot_usd_setup] omni.isaac.wheeled_robots has been deprecated in favor of isaacsim.robot.wheeled_robots. Please update your code accordingly.
2026-08-22T13:17:12Z [18,694ms] [Warning] [omni.isaac.wheeled_robots.robots.wheeled_robot] omni.isaac.wheeled_robots has been deprecated in favor of isaacsim.robot.wheeled_robots. Please update your code accordingly.
[18.741s] [ext: isaacsim.simulation_app-2.12.2] startup
[18.747s] [ext: omni.isaac.franka-1.0.7] startup
2026-08-22T13:17:13Z [18,716ms] [Warning] [omni.isaac.franka] omni.isaac.franka has been deprecated in favor of isaacsim.robot.manipulators.examples.franka. Please update your code accordingly.
2026-08-22T13:17:13Z [18,717ms] [Warning] [omni.isaac.franka.franka] omni.isaac.franka has been deprecated in favor of isaacsim.robot.manipulators.examples.franka. Please update your code accordingly.
2026-08-22T13:17:13Z [18,797ms] [Warning] [omni.isaac.franka.kinematics_solver] omni.isaac.franka has been deprecated in favor of isaacsim.robot.manipulators.examples.franka. Please update your code accordingly.
[18.841s] [ext: omni.isaac.kit-2.0.6] startup
2026-08-22T13:17:13Z [18,814ms] [Warning] [omni.isaac.kit] omni.isaac.kit has been deprecated in favor of isaacsim.simulation_app. Please update your code accordingly.
[18.858s] [ext: omni.kit.selection-0.1.6] startup
[18.877s] [ext: omni.isaac.lula-4.0.6] startup
2026-08-22T13:17:13Z [18,845ms] [Warning] [omni.isaac.lula] omni.isaac.lula has been deprecated in favor of isaacsim.robot_motion.lula. Please update your code accordingly.
[18.892s] [ext: isaacsim.robot_motion.lula_test_widget-1.0.12] startup
[18.924s] [ext: isaacsim.asset.browser-1.3.23] startup
[19.226s] [ext: omni.kit.viewport.actions-107.0.2] startup
[19.252s] [ext: isaacsim.gui.menu-2.4.4] startup
[19.294s] [ext: omni.isaac.manipulators-3.0.7] startup
2026-08-22T13:17:13Z [19,262ms] [Warning] [omni.isaac.manipulators] omni.isaac.manipulators has been deprecated in favor of isaacsim.robot.manipulators. Please update your code accordingly.
2026-08-22T13:17:13Z [19,264ms] [Warning] [omni.isaac.manipulators.controllers] omni.isaac.manipulators has been deprecated in favor of isaacsim.robot.manipulators. Please update your code accordingly.
2026-08-22T13:17:13Z [19,264ms] [Warning] [omni.isaac.manipulators.controllers.pick_place_controller] omni.isaac.manipulators has been deprecated in favor of isaacsim.robot.manipulators. Please update your code accordingly.
2026-08-22T13:17:13Z [19,270ms] [Warning] [omni.isaac.manipulators.controllers.stacking_controller] omni.isaac.manipulators has been deprecated in favor of isaacsim.robot.manipulators. Please update your code accordingly.
2026-08-22T13:17:13Z [19,272ms] [Warning] [omni.isaac.manipulators.grippers] omni.isaac.manipulators has been deprecated in favor of isaacsim.robot.manipulators. Please update your code accordingly.
2026-08-22T13:17:13Z [19,272ms] [Warning] [omni.isaac.manipulators.grippers.gripper] omni.isaac.manipulators has been deprecated in favor of isaacsim.robot.manipulators. Please update your code accordingly.
2026-08-22T13:17:13Z [19,273ms] [Warning] [omni.isaac.manipulators.grippers.parallel_gripper] omni.isaac.manipulators has been deprecated in favor of isaacsim.robot.manipulators. Please update your code accordingly.
2026-08-22T13:17:13Z [19,273ms] [Warning] [omni.isaac.manipulators.grippers.surface_gripper] omni.isaac.manipulators has been deprecated in favor of isaacsim.robot.manipulators. Please update your code accordingly.
2026-08-22T13:17:13Z [19,275ms] [Warning] [omni.isaac.manipulators.manipulators] omni.isaac.manipulators has been deprecated in favor of isaacsim.robot.manipulators. Please update your code accordingly.
2026-08-22T13:17:13Z [19,276ms] [Warning] [omni.isaac.manipulators.manipulators.single_manipulator] omni.isaac.manipulators has been deprecated in favor of isaacsim.robot.manipulators. Please update your code accordingly.
[19.321s] [ext: omni.isaac.lula_test_widget-1.0.6] startup
2026-08-22T13:17:13Z [19,292ms] [Warning] [omni.isaac.lula_test_widget] omni.isaac.lula_test_widget has been deprecated in favor of isaacsim.robot_motion.lula_test_widget. Please update your code accordingly.
[19.335s] [ext: omni.isaac.asset_browser-1.0.6] startup
2026-08-22T13:17:13Z [19,305ms] [Warning] [omni.isaac.asset_browser] omni.isaac.asset_browser has been deprecated in favor of isaacsim.asset.browser. Please update your code accordingly.
[19.350s] [ext: omni.kit.viewport.menubar.display-107.0.3] startup
[19.373s] [ext: omni.isaac.menu-1.0.6] startup
2026-08-22T13:17:13Z [19,339ms] [Warning] [omni.isaac.menu] omni.isaac.menu has been deprecated in favor of isaacsim.gui.menu. Please update your code accordingly.
[19.385s] [ext: omni.isaac.motion_generation-8.0.7] startup
2026-08-22T13:17:13Z [19,354ms] [Warning] [omni.isaac.motion_generation] omni.isaac.motion_generation has been deprecated in favor of isaacsim.robot_motion.motion_generation. Please update your code accordingly.
2026-08-22T13:17:13Z [19,354ms] [Warning] [omni.isaac.motion_generation.articulation_kinematics_solver] omni.isaac.motion_generation has been deprecated in favor of isaacsim.robot_motion.motion_generation. Please update your code accordingly.
2026-08-22T13:17:13Z [19,355ms] [Warning] [omni.isaac.motion_generation.articulation_motion_policy] omni.isaac.motion_generation has been deprecated in favor of isaacsim.robot_motion.motion_generation. Please update your code accordingly.
2026-08-22T13:17:13Z [19,355ms] [Warning] [omni.isaac.motion_generation.articulation_trajectory] omni.isaac.motion_generation has been deprecated in favor of isaacsim.robot_motion.motion_generation. Please update your code accordingly.
2026-08-22T13:17:13Z [19,355ms] [Warning] [omni.isaac.motion_generation.kinematics_interface] omni.isaac.motion_generation has been deprecated in favor of isaacsim.robot_motion.motion_generation. Please update your code accordingly.
2026-08-22T13:17:13Z [19,358ms] [Warning] [omni.isaac.motion_generation.lula] omni.isaac.motion_generation has been deprecated in favor of isaacsim.robot_motion.motion_generation. Please update your code accordingly.
2026-08-22T13:17:13Z [19,358ms] [Warning] [omni.isaac.motion_generation.lula.kinematics] omni.isaac.motion_generation has been deprecated in favor of isaacsim.robot_motion.motion_generation. Please update your code accordingly.
2026-08-22T13:17:13Z [19,358ms] [Warning] [omni.isaac.motion_generation.lula.motion_policies] omni.isaac.motion_generation has been deprecated in favor of isaacsim.robot_motion.motion_generation. Please update your code accordingly.
2026-08-22T13:17:13Z [19,359ms] [Warning] [omni.isaac.motion_generation.lula.path_planners] omni.isaac.motion_generation has been deprecated in favor of isaacsim.robot_motion.motion_generation. Please update your code accordingly.
2026-08-22T13:17:13Z [19,359ms] [Warning] [omni.isaac.motion_generation.lula.trajectory_generator] omni.isaac.motion_generation has been deprecated in favor of isaacsim.robot_motion.motion_generation. Please update your code accordingly.
2026-08-22T13:17:13Z [19,360ms] [Warning] [omni.isaac.motion_generation.motion_policy_controller] omni.isaac.motion_generation has been deprecated in favor of isaacsim.robot_motion.motion_generation. Please update your code accordingly.
2026-08-22T13:17:13Z [19,360ms] [Warning] [omni.isaac.motion_generation.motion_policy_interface] omni.isaac.motion_generation has been deprecated in favor of isaacsim.robot_motion.motion_generation. Please update your code accordingly.
2026-08-22T13:17:13Z [19,361ms] [Warning] [omni.isaac.motion_generation.path_planner_visualizer] omni.isaac.motion_generation has been deprecated in favor of isaacsim.robot_motion.motion_generation. Please update your code accordingly.
2026-08-22T13:17:13Z [19,361ms] [Warning] [omni.isaac.motion_generation.path_planning_interface] omni.isaac.motion_generation has been deprecated in favor of isaacsim.robot_motion.motion_generation. Please update your code accordingly.
2026-08-22T13:17:13Z [19,362ms] [Warning] [omni.isaac.motion_generation.trajectory] omni.isaac.motion_generation has been deprecated in favor of isaacsim.robot_motion.motion_generation. Please update your code accordingly.
2026-08-22T13:17:13Z [19,362ms] [Warning] [omni.isaac.motion_generation.world_interface] omni.isaac.motion_generation has been deprecated in favor of isaacsim.robot_motion.motion_generation. Please update your code accordingly.
[19.407s] [ext: omni.isaac.assets_check-0.3.13] startup
2026-08-22T13:17:13Z [19,377ms] [Warning] [omni.isaac.assets_check] omni.isaac.assets_check has been deprecated in favor of isaacsim.asset.browser. Please update your code accordingly.
[19.421s] [ext: isaacsim.gui.sensors.icon-2.0.3] startup
[19.533s] [ext: isaacsim.asset.importer.mjcf-2.5.13] startup
[19.571s] [ext: omni.sensors.nv.common-3.0.0] startup
[19.602s] [ext: isaacsim.sensors.physics-0.4.3] startup
[19.628s] [ext: omni.sensors.net-1.0.0] startup
[19.646s] [ext: omni.isaac.nucleus-1.0.6] startup
2026-08-22T13:17:13Z [19,613ms] [Warning] [omni.isaac.nucleus] omni.isaac.nucleus has been deprecated in favor of isaacsim.storage.native. Please update your code accordingly.
2026-08-22T13:17:13Z [19,614ms] [Warning] [omni.isaac.nucleus.nucleus] omni.isaac.nucleus.nucleus has been deprecated in favor of isaacsim.storage.native. Please update your code accordingly.
[19.657s] [ext: omni.sensors.nv.materials-2.0.0] startup
[19.678s] [ext: isaacsim.robot.policy.examples-4.1.11] startup
[19.698s] [ext: omni.sensors.nv.wpm-3.0.0] startup
[19.705s] [ext: omni.sensors.nv.lidar-3.0.0] startup
[19.726s] [ext: isaacsim.util.debug_draw-3.1.0] startup
[19.743s] [ext: omni.sensors.nv.radar-3.0.0] startup
[19.753s] [ext: omni.sensors.nv.ids-2.0.0] startup
[19.757s] [ext: isaacsim.core.cloner-1.4.10] startup
[19.776s] [ext: isaacsim.sensors.physx-2.3.2] startup
[19.803s] [ext: isaacsim.sensors.rtx-15.8.4] startup
[19.838s] [ext: isaacsim.sensors.camera-1.3.6] startup
[19.891s] [ext: omni.isaac.quadruped-3.0.7] startup
2026-08-22T13:17:14Z [19,861ms] [Warning] [omni.isaac.quadruped] omni.isaac.quadruped has been deprecated in favor of isaacsim.robot.policy.examples. Please update your code accordingly.
[19.906s] [ext: omni.isaac.cloner-1.0.7] startup
2026-08-22T13:17:14Z [19,877ms] [Warning] [omni.isaac.cloner] omni.isaac.cloner has been deprecated in favor of isaacsim.core.cloner. Please update your code accordingly.
[19.923s] [ext: omni.isaac.range_sensor-4.0.6] startup
2026-08-22T13:17:14Z [19,893ms] [Warning] [omni.isaac.range_sensor] omni.isaac.range_sensor has been deprecated in favor of isaacsim.sensors.physx. Please update your code accordingly.
2026-08-22T13:17:14Z [19,894ms] [Warning] [omni.isaac.range_sensor.commands] omni.isaac.range_sensor.commands has been deprecated in favor of isaacsim.sensors.physx.commands. Please update your code accordingly.
[19.941s] [ext: omni.isaac.sensor-13.0.7] startup
2026-08-22T13:17:14Z [19,912ms] [Warning] [omni.isaac.sensor] omni.isaac.sensor has been deprecated in favor of isaacsim.sensors.camera, isaacsim.sensors.physics, isaacsim.sensors.physx, and isaacsim.sensors.rtx. Please update your code accordingly.
2026-08-22T13:17:14Z [19,913ms] [Warning] [omni.isaac.sensor.camera] omni.isaac.sensor.camera has been deprecated in favor of isaacsim.sensors.camera.camera. Please update your code accordingly.
2026-08-22T13:17:14Z [19,914ms] [Warning] [omni.isaac.sensor.camera_view] omni.isaac.sensor.camera_view has been deprecated in favor of isaacsim.sensors.camera.camera_view. Please update your code accordingly.
2026-08-22T13:17:14Z [19,915ms] [Warning] [omni.isaac.sensor.commands] omni.isaac.sensor.commands has been deprecated in favor of isaacsim.sensors.physics.commands, isaacsim.sensors.physx.commands, and isaacsim.sensors.rtx.commands. Please update your code accordingly.
2026-08-22T13:17:14Z [19,916ms] [Warning] [omni.isaac.sensor.contact_sensor] omni.isaac.sensor.contact_sensor has been deprecated in favor of isaacsim.sensors.physics.contact_sensor. Please update your code accordingly.
2026-08-22T13:17:14Z [19,917ms] [Warning] [omni.isaac.sensor.imu_sensor] omni.isaac.sensor.imu_sensor has been deprecated in favor of isaacsim.sensors.physics.imu_sensor. Please update your code accordingly.
2026-08-22T13:17:14Z [19,917ms] [Warning] [omni.isaac.sensor.lidar_rtx] omni.isaac.sensor.lidar_rtx has been deprecated in favor of isaacsim.sensors.rtx.lidar_rtx. Please update your code accordingly.
2026-08-22T13:17:14Z [19,918ms] [Warning] [omni.isaac.sensor.rotating_lidar_physX] omni.isaac.sensor.imu_sensor has been deprecated in favor of isaacsim.sensors.physix.rotating_lidar_physX. Please update your code accordingly.
2026-08-22T13:17:14Z [19,925ms] [Warning] [omni.isaac.sensor.scripts.samples.contact_sensor] omni.isaac.sensor.scripts.samples.contact_sensor has been deprecated in favor of isaacsim.sensors.physics.scripts.samples.contact_sensor. Please update your code accordingly.
2026-08-22T13:17:14Z [19,926ms] [Warning] [omni.isaac.sensor.scripts.samples.imu_sensor] omni.isaac.sensor.scripts.samples.imu_sensor has been deprecated in favor of isaacsim.sensors.physics.scripts.samples.imu_sensor. Please update your code accordingly.
2026-08-22T13:17:14Z [19,927ms] [Warning] [omni.isaac.sensor.scripts.samples.lightbeam_sensor] omni.isaac.sensor.scripts.samples.lightbeam_sensor has been deprecated in favor of isaacsim.sensors.physx.scripts.samples.lightbeam_sensor. Please update your code accordingly.
[19.974s] [ext: omni.kit.menu.create-2.0.1] startup
[20.012s] [ext: omni.kit.widget.toolbar-2.0.1] startup
[20.092s] [ext: omni.kit.manipulator.transform-107.0.0] startup
[20.166s] [ext: omni.isaac.core-4.0.7] startup
2026-08-22T13:17:14Z [20,136ms] [Warning] [omni.isaac.core.physics_context.physics_context] omni.isaac.core.physics_context.physics_context has been deprecated in favor of isaacsim.core.api.physics_context.physics_context. Please update your code accordingly.
2026-08-22T13:17:14Z [20,139ms] [Warning] [omni.isaac.core.simulation_context.simulation_context] omni.isaac.core.simulation_context.simulation_context has been deprecated in favor of isaacsim.core.api.simulation_context.simulation_context. Please update your code accordingly.
2026-08-22T13:17:14Z [20,142ms] [Warning] [omni.isaac.core.world.world] omni.isaac.core.world.world has been deprecated in favor of isaacsim.core.api.world.world. Please update your code accordingly.
2026-08-22T13:17:14Z [20,142ms] [Warning] [omni.isaac.core] omni.isaac.core has been deprecated in favor of isaacsim.core.api. Please update your code accordingly.
[20.188s] [ext: omni.kit.scripting-107.3.2] startup
[20.228s] [ext: omni.kit.manipulator.tool.snap-1.5.13] startup
[20.261s] [ext: omni.kit.manipulator.selector-1.1.3] startup
[20.278s] [ext: isaacsim.app.about-2.0.11] startup
[20.302s] [ext: isaacsim.replicator.behavior-1.1.16] startup
[20.311s] [ext: omni.kit.viewport.manipulator.transform-107.0.4] startup
[20.332s] [ext: omni.isaac.window.about-2.0.7] startup
2026-08-22T13:17:14Z [20,304ms] [Warning] [omni.isaac.window.about] omni.isaac.window.about has been deprecated in favor of isaacsim.app.about. Please update your code accordingly.
2026-08-22T13:17:14Z [20,304ms] [Warning] [omni.isaac.window.about.about] omni.isaac.window.about.about has been deprecated in favor of isaacsim.app.about.about. Please update your code accordingly.
[20.350s] [ext: omni.fabric.commands-1.1.6] startup
[20.382s] [ext: omni.kit.manipulator.prim.core-107.0.8] startup
[20.428s] [ext: omni.kit.property.audio-1.0.16] startup
[20.448s] [ext: omni.kit.property.camera-1.0.10] startup
[20.466s] [ext: omni.kit.property.geometry-2.0.4] startup
[20.493s] [ext: omni.hydra.scene_api-0.1.2] startup
[20.507s] [ext: omni.kit.property.light-1.0.12] startup
[20.556s] [ext: omni.kit.manipulator.prim.fabric-107.0.4] startup
[20.577s] [ext: omni.kit.manipulator.prim.usd-107.0.3] startup
[20.599s] [ext: omni.kit.property.material-1.11.9] startup
[20.665s] [ext: omni.kit.property.render-1.2.1] startup
[20.680s] [ext: omni.kit.property.transform-1.5.13] startup
[20.729s] [ext: isaacsim.gui.property-1.1.3] startup
[20.748s] [ext: omni.kit.manipulator.camera-106.0.4] startup
[20.785s] [ext: omni.kit.manipulator.prim-107.0.0] startup
[20.787s] [ext: omni.isaac.surface_gripper-2.0.6] startup
2026-08-22T13:17:15Z [20,753ms] [Warning] [omni.isaac.surface_gripper] omni.isaac.surface_gripper has been deprecated in favor of isaacsim.robot.surface_gripper. Please update your code accordingly.
[20.799s] [ext: omni.kit.manipulator.selection-106.0.1] startup
[20.819s] [ext: omni.kit.property.bundle-1.4.1] startup
[20.834s] [ext: omni.kit.property.isaac-1.0.6] startup
2026-08-22T13:17:15Z [20,804ms] [Warning] [omni.kit.property.isaac] omni.kit.property.isaac has been deprecated in favor of isaacsim.gui.property. Please update your code accordingly.
2026-08-22T13:17:15Z [20,804ms] [Warning] [omni.kit.property.isaac.widgets] omni.kit.property.isaac.widgets has been deprecated in favor of isaacsim.gui.property.widgets. Please update your code accordingly.
[20.848s] [ext: omni.isaac.universal_robots-1.0.6] startup
2026-08-22T13:17:15Z [20,814ms] [Warning] [omni.isaac.universal_robots] omni.isaac.universal_robots has been deprecated in favor of isaacsim.robot.manipulators.examples.universal_robots. Please update your code accordingly.
2026-08-22T13:17:15Z [20,815ms] [Warning] [omni.isaac.universal_robots.kinematics_solver] omni.isaac.franka has been deprecated in favor of isaacsim.robot.manipulators.examples.universal_robots. Please update your code accordingly.
2026-08-22T13:17:15Z [20,823ms] [Warning] [omni.isaac.universal_robots.ur10] omni.isaac.franka has been deprecated in favor of isaacsim.robot.manipulators.examples.universal_robots. Please update your code accordingly.
[20.866s] [ext: omni.isaac.core_nodes-2.0.6] startup
2026-08-22T13:17:15Z [20,840ms] [Warning] [omni.isaac.core_nodes] omni.isaac.core_nodes has been deprecated in favor of isaacsim.core.nodes. Please update your code accordingly.
[20.886s] [ext: omni.kit.viewport.menubar.camera-107.0.6] startup
[20.960s] [ext: omni.kit.viewport.menubar.lighting-107.3.1] startup
[21.007s] [ext: isaacsim.replicator.writers-1.0.17] startup
[21.175s] [ext: omni.kit.viewport.menubar.render-107.0.10] startup
[21.258s] [ext: omni.kit.viewport.menubar.settings-107.0.3] startup
[21.326s] [ext: omni.kit.window.console-1.1.4] startup
[21.370s] [ext: isaacsim.replicator.domain_randomization-1.0.16] startup
[21.408s] [ext: isaacsim.replicator.examples-1.3.6] startup
[21.432s] [ext: omni.ocio-0.1.1] startup
[21.449s] [ext: omni.rtx.window.settings-0.6.19] startup
[21.617s] [ext: omni.kit.window.status_bar-0.1.9] startup
[21.631s] [ext: omni.kit.window.toolbar-2.0.0] startup
[21.657s] [ext: omni.replicator.isaac-2.0.8] startup
2026-08-22T13:17:15Z [21,627ms] [Warning] [omni.replicator.isaac] omni.replicator.isaac has been deprecated in favor of isaacsim.replicator.domain_randomization, isaacsim.replicator.examples, isaacsim.replicator.writers. Please update your code accordingly.
[21.674s] [ext: omni.replicator.replicator_yaml-2.0.11] startup
[21.822s] [ext: omni.rtx.settings.core-0.6.5] startup
[21.880s] [ext: omni.usd.metrics.assembler.ui-107.3.1] startup
[21.915s] [ext: omni.isaac.utils-2.0.6] startup
[21.931s] [ext: semantics.schema.editor-2.0.2] startup
[21.959s] [ext: omni.kit.ui.actions-1.0.5] startup
[21.976s] [ext: semantics.schema.property-2.0.1] startup
[21.991s] [ext: omni.isaac.version-2.0.7] startup
2026-08-22T13:17:16Z [21,956ms] [Warning] [omni.isaac.version] omni.isaac.version has been deprecated in favor of isaacsim.core.version. Please update your code accordingly.
[22.002s] [ext: omni.isaac.cortex-1.0.5] startup
[22.005s] [ext: omni.anim.curve.core-1.3.1] startup
[22.063s] [ext: isaacsim.core.throttling-2.2.2] startup
[22.080s] [ext: omni.kit.menu.common-2.0.1] startup
[22.094s] [ext: isaacsim.exp.base-5.1.0] startup
[22.096s] [ext: isaacsim.exp.base.python-5.1.0] startup
[22.099s] Simulation App Starting
2026-08-22T13:17:16Z [22,188ms] [Error] [omni.kit.window.drop_support.drop_support] Cannot setup ExternalDragDrop without a default window
2026-08-22T13:17:16Z [22,197ms] [Warning] [omni.fabric.plugin] Warning: attribute viewportHandle not found for bucket id 9

2026-08-22T13:17:16Z [22,228ms] [Warning] [usdrt.population.plugin] [UsdNoticeHandler] Unhandled attribute type VtArray<std::string> (prim attribute: omni:rtx:material:db:flattener:ior_constant)
2026-08-22T13:17:16Z [22,228ms] [Warning] [usdrt.population.plugin] [UsdNoticeHandler] Unhandled attribute type VtArray<std::string> (prim attribute: omni:rtx:material:db:flattener:reflection_roughness_constant)
2026-08-22T13:17:16Z [22,229ms] [Warning] [usdrt.population.plugin] [UsdNoticeHandler] Unhandled attribute type VtArray<std::string> (prim attribute: omni:rtx:material:db:flattener:transmittance_color)
[22.285s] app ready
2026-08-22T13:17:16Z [22,677ms] [Error] [omni.kit.menu.utils.app_menu] Hotkeys cannot be setup without a default window
Starting kit application with the following args:  ['/isaac-sim/exts/isaacsim.simulation_app/isaacsim/simulation_app/simulation_app.py', '/isaac-sim/apps/isaacsim.exp.base.python.kit', '--/app/tokens/exe-path=/isaac-sim/kit', '--/persistent/app/viewport/displayOptions=3094', '--/rtx/materialDb/syncLoads=True', '--/rtx/hydra/materialSyncLoads=True', '--/omni.kit.plugin/syncUsdLoads=True', '--/app/renderer/resolution/width=1280', '--/app/renderer/resolution/height=720', '--/app/window/width=1440', '--/app/window/height=900', '--/renderer/multiGpu/enabled=True', '--/app/fastShutdown=True', '--/app/installSignalHandlers=0', '--ext-folder', '/isaac-sim/exts', '--ext-folder', '/isaac-sim/apps', '--/physics/cudaDevice=0', '--/plugins/carb.tasking.plugin/threadCount=32', '--/plugins/omni.tbb.globalcontrol/maxThreadCount=32', '--portable']
Passing the following args to the base kit application:  ['--robot_type', 'g1', '--cmd_vel_topic', '/ferox/g1_01/cmd_vel', '--ros_namespace', '/ferox/g1_01', '--no_keyboard', '--render_dt', '0.02']
Warp 1.8.2 initialized:
   CUDA Toolkit 12.8, Driver 13.0
   Devices:
     "cpu"      : "x86_64"
     "cuda:0"   : "NVIDIA GeForce RTX 4090" (24 GiB, sm_89, mempool enabled)
   Kernel cache:
     /isaac-sim/.cache/warp/1.8.2
Warp DeprecationWarning: The `warp.sim` module is deprecated and will be removed in v1.10. Please transition to using the forthcoming Newton library instead.
[PANTHERA-MARK] before RobotRosRunner()
[PANTHERA-MARK] camera ros_namespace = '/ferox/g1_01'
[World] SIM_WORLD=hospital -> https://omniverse-content-production.s3-us-west-2.amazonaws.com/Assets/Isaac/5.1/Isaac/Environments/Hospital/hospital.usd
[World] spawn pos=[7.800000190734863, 2.0, 0.800000011920929] yaw=1.570rad (robot=g1)
[PANTHERA-MARK] RobotRosRunner constructed, before reset
[PANTHERA-MARK] A: app.update done, calling _world.reset()
[PANTHERA-MARK] B: world.reset() done
[PANTHERA-MARK] C: app.update done, calling setup()
[PANTHERA-MARK] D: setup() done
[lowlevel-sim] hands: [] (none -- HAND=none)
[lowlevel-sim] TEST RIG ACTIVE: base pinned to spawn pose (C-30)
[lowlevel-sim] spawn base_z=0.7975 hold_pose=spawn q_hold[:6]=[-0.10000000149011612, 0.0, 0.0, 0.30000001192092896, -0.20000000298023224, 0.0]
[lowlevel-sim][trace] set_gains
[lowlevel-sim][trace] set_effort_modes
[lowlevel-sim][trace] switch_control_mode(effort)
[lowlevel-sim][trace] control mode set
[lowlevel-sim] physics 1000.0 Hz, PD every 2 step(s) -> 500.0 Hz, timeout 85 ms
[PANTHERA-MARK] low-level bridge attached (G1_CONTROL=lowcmd)
[lowlevel-sim][GT] t=0.001 quat=[0.70739, 0.0, 0.0, 0.70683] angvel=[0.0, 0.0, 0.0] linvel=[0.0, 0.0, 0.0] z=0.7975
[PANTHERA-MARK] E: app.update done, SKIPPING setup_ros() entirely
[PANTHERA-MARK] E1: entered setup_ros() body
[PANTHERA-MARK] E2: self._cmd_vel_topic = /ferox/g1_01/cmd_vel
[PANTHERA] executor spinning on dedicated thread
[PANTHERA] cmd_vel subscriber active on /ferox/g1_01/cmd_vel (rclpy bypass)
[PANTHERA] reset subscriber active on /twin/reset
[lowlevel-sim][GT] t=0.051 quat=[0.70739, 0.0, 0.0, 0.70683] angvel=[0.0, 0.0, 0.0] linvel=[0.0, 0.0, 0.0] z=0.7975
[lowlevel-sim][GT] t=0.101 quat=[0.70739, 0.0, 0.0, 0.70683] angvel=[0.0, 0.0, 0.0] linvel=[0.0, 0.0, 0.0] z=0.7975
[lowlevel-sim][GT] t=0.151 quat=[0.70739, 0.0, 0.0, 0.70683] angvel=[0.0, 0.0, 0.0] linvel=[0.0, 0.0, 0.0] z=0.7975
[lowlevel-sim][GT] t=0.201 quat=[0.70739, 0.0, 0.0, 0.70683] angvel=[0.0, 0.0, 0.0] linvel=[0.0, 0.0, 0.0] z=0.7975
[TWIN] contract /workspace/ferox_isaac/twin/g1_contract.yaml
[TWIN] namespace /ferox/g1_01  CAMERA_TF=0
[TWIN] Mid-360 SKIPPED (TWIN_LIDAR=0) -- device only, contract untouched
[TWIN] camera SKIPPED (TWIN_CAMERA=0) -- C-23, device only, contract untouched
[TWIN] 2 IMU device(s) SKIPPED (TWIN_IMU=0) -- device only, contract untouched
[lowlevel-sim][GT] t=0.251 quat=[0.70739, 0.0, 0.0, 0.70683] angvel=[0.0, 0.0, 0.0] linvel=[0.0, 0.0, 0.0] z=0.7975
[lowlevel-sim][GT] t=0.301 quat=[0.70739, 0.0, 0.0, 0.70683] angvel=[0.0, 0.0, 0.0] linvel=[0.0, 0.0, 0.0] z=0.7975
[TWIN] /tf_static: 6 edges (base_link->dog_imu_link, livox_frame->livox_imu, camera_link->camera_color_frame, camera_color_frame->camera_color_optical_frame, camera_link->camera_depth_frame, camera_depth_frame->camera_depth_optical_frame)
[TWIN] rendering_dt=0.020000s (50.00 Hz) requested 0.020000s
[TWIN] lidar cloud publisher SKIPPED (TWIN_LIDAR=0)
[TWIN] odom -> /ferox/g1_01/odom
[TWIN] interface up
[PANTHERA-MARK] F: setup_ros() done
[lowlevel-sim][GT] t=0.351 quat=[0.70739, 0.0, 0.0, 0.70683] angvel=[0.0, 0.0, 0.0] linvel=[0.0, 0.0, 0.0] z=0.7975
[PANTHERA-MARK] G: before runner.run() — entering main loop
[lowlevel-sim][GT] t=0.401 quat=[0.70739, 0.0, 0.0, 0.70683] angvel=[0.0, 0.0, 0.0] linvel=[0.0, 0.0, 0.0] z=0.7975
[lowlevel-sim][GT] t=0.451 quat=[0.70739, 0.0, 0.0, 0.70683] angvel=[0.0, 0.0, 0.0] linvel=[0.0, 0.0, 0.0] z=0.7975
[lowlevel-sim] t=   0.50 mode=hold       pd=499 hold=499 failclosed=0 rtf=0.197 base_z=+0.798 pitch=+0.000 roll=+0.000 |tau|max= 35.00 sat=5/29 knee_L=+0.300 hip_p_L=-0.100 torn=499 cmd_age=-1.0ms auth=-1.0s rig_ign=0 fix_base=1 sat_j=left_ankle_roll_joint:+35.0,right_ankle_roll_joint:+35.0,left_wrist_roll_joint:+25.0,right_wrist_roll_joint:+25.0,right_wrist_yaw_joint:-5.0
[lowlevel-sim][GT] t=0.501 quat=[0.70739, 0.0, 0.0, 0.70683] angvel=[0.0, 0.0, 0.0] linvel=[0.0, 0.0, 0.0] z=0.7975
[lowlevel-sim][GT] t=0.551 quat=[0.70739, 0.0, 0.0, 0.70683] angvel=[0.0, 0.0, 0.0] linvel=[0.0, 0.0, 0.0] z=0.7975
[lowlevel-sim][GT] t=0.601 quat=[0.70739, 0.0, 0.0, 0.70683] angvel=[0.0, 0.0, 0.0] linvel=[0.0, 0.0, 0.0] z=0.7975
[lowlevel-sim][GT] t=0.651 quat=[0.70739, 0.0, 0.0, 0.70683] angvel=[0.0, 0.0, 0.0] linvel=[0.0, 0.0, 0.0] z=0.7975
[lowlevel-sim][GT] t=0.701 quat=[0.70739, 0.0, 0.0, 0.70683] angvel=[0.0, 0.0, 0.0] linvel=[0.0, 0.0, 0.0] z=0.7975
[lowlevel-sim][GT] t=0.751 quat=[0.70739, 0.0, 0.0, 0.70683] angvel=[0.0, 0.0, 0.0] linvel=[0.0, 0.0, 0.0] z=0.7975
[lowlevel-sim][GT] t=0.801 quat=[0.70739, 0.0, 0.0, 0.70683] angvel=[0.0, 0.0, 0.0] linvel=[0.0, 0.0, 0.0] z=0.7975
[lowlevel-sim][GT] t=0.851 quat=[0.70739, 0.0, 0.0, 0.70683] angvel=[0.0, 0.0, 0.0] linvel=[0.0, 0.0, 0.0] z=0.7975
[lowlevel-sim][GT] t=0.901 quat=[0.70739, 0.0, 0.0, 0.70683] angvel=[0.0, 0.0, 0.0] linvel=[0.0, 0.0, 0.0] z=0.7975
[lowlevel-sim][GT] t=0.951 quat=[0.70739, 0.0, 0.0, 0.70683] angvel=[0.0, 0.0, 0.0] linvel=[0.0, 0.0, 0.0] z=0.7975
[lowlevel-sim] t=   1.00 mode=hold       pd=999 hold=999 failclosed=0 rtf=0.207 base_z=+0.798 pitch=+0.000 roll=+0.000 |tau|max= 35.00 sat=5/29 knee_L=+0.300 hip_p_L=-0.100 torn=999 cmd_age=-1.0ms auth=-1.0s rig_ign=0 fix_base=1 sat_j=left_ankle_roll_joint:+35.0,right_ankle_roll_joint:+35.0,left_wrist_roll_joint:+25.0,right_wrist_roll_joint:+25.0,right_wrist_yaw_joint:-5.0
[lowlevel-sim][GT] t=1.001 quat=[0.70739, 0.0, 0.0, 0.70683] angvel=[0.0, 0.0, 0.0] linvel=[0.0, 0.0, 0.0] z=0.7975
[lowlevel-sim][GT] t=1.051 quat=[0.70739, 0.0, 0.0, 0.70683] angvel=[0.0, 0.0, 0.0] linvel=[0.0, 0.0, 0.0] z=0.7975
[lowlevel-sim][GT] t=1.101 quat=[0.70739, 0.0, 0.0, 0.70683] angvel=[0.0, 0.0, 0.0] linvel=[0.0, 0.0, 0.0] z=0.7975
[lowlevel-sim][GT] t=1.151 quat=[0.70739, 0.0, 0.0, 0.70683] angvel=[0.0, 0.0, 0.0] linvel=[0.0, 0.0, 0.0] z=0.7975
[lowlevel-sim][GT] t=1.201 quat=[0.70739, 0.0, 0.0, 0.70683] angvel=[0.0, 0.0, 0.0] linvel=[0.0, 0.0, 0.0] z=0.7975
[lowlevel-sim][GT] t=1.251 quat=[0.70739, 0.0, 0.0, 0.70683] angvel=[0.0, 0.0, 0.0] linvel=[0.0, 0.0, 0.0] z=0.7975
[lowlevel-sim][GT] t=1.301 quat=[0.70739, 0.0, 0.0, 0.70683] angvel=[0.0, 0.0, 0.0] linvel=[0.0, 0.0, 0.0] z=0.7975
[lowlevel-sim][GT] t=1.351 quat=[0.70739, 0.0, 0.0, 0.70683] angvel=[0.0, 0.0, 0.0] linvel=[0.0, 0.0, 0.0] z=0.7975
[lowlevel-sim][GT] t=1.401 quat=[0.70739, 0.0, 0.0, 0.70683] angvel=[0.0, 0.0, 0.0] linvel=[0.0, 0.0, 0.0] z=0.7975
[lowlevel-sim][GT] t=1.451 quat=[0.70739, 0.0, 0.0, 0.70683] angvel=[0.0, 0.0, 0.0] linvel=[0.0, 0.0, 0.0] z=0.7975
[lowlevel-sim] t=   1.50 mode=hold       pd=1499 hold=1499 failclosed=0 rtf=0.213 base_z=+0.798 pitch=+0.000 roll=+0.000 |tau|max= 35.00 sat=5/29 knee_L=+0.300 hip_p_L=-0.100 torn=1499 cmd_age=-1.0ms auth=-1.0s rig_ign=0 fix_base=1 sat_j=left_ankle_roll_joint:+35.0,right_ankle_roll_joint:+35.0,left_wrist_roll_joint:+25.0,right_wrist_roll_joint:+25.0,right_wrist_yaw_joint:-5.0
[lowlevel-sim][GT] t=1.501 quat=[0.70739, 0.0, 0.0, 0.70683] angvel=[0.0, 0.0, 0.0] linvel=[0.0, 0.0, 0.0] z=0.7975
[lowlevel-sim][GT] t=1.551 quat=[0.70739, 0.0, 0.0, 0.70683] angvel=[0.0, 0.0, 0.0] linvel=[0.0, 0.0, 0.0] z=0.7975
[lowlevel-sim][GT] t=1.601 quat=[0.70739, 0.0, 0.0, 0.70683] angvel=[0.0, 0.0, 0.0] linvel=[0.0, 0.0, 0.0] z=0.7975
[lowlevel-sim][GT] t=1.651 quat=[0.70739, 0.0, 0.0, 0.70683] angvel=[0.0, 0.0, 0.0] linvel=[0.0, 0.0, 0.0] z=0.7975
[lowlevel-sim][GT] t=1.701 quat=[0.70739, 0.0, 0.0, 0.70683] angvel=[0.0, 0.0, 0.0] linvel=[0.0, 0.0, 0.0] z=0.7975
[lowlevel-sim][GT] t=1.751 quat=[0.70739, 0.0, 0.0, 0.70683] angvel=[0.0, 0.0, 0.0] linvel=[0.0, 0.0, 0.0] z=0.7975
[lowlevel-sim][GT] t=1.801 quat=[0.70739, 0.0, 0.0, 0.70683] angvel=[0.0, 0.0, 0.0] linvel=[0.0, 0.0, 0.0] z=0.7975
[lowlevel-sim][GT] t=1.851 quat=[0.70739, 0.0, 0.0, 0.70683] angvel=[0.0, 0.0, 0.0] linvel=[0.0, 0.0, 0.0] z=0.7975
[lowlevel-sim][GT] t=1.901 quat=[0.70739, 0.0, 0.0, 0.70683] angvel=[0.0, 0.0, 0.0] linvel=[0.0, 0.0, 0.0] z=0.7975
[lowlevel-sim][GT] t=1.951 quat=[0.70739, 0.0, 0.0, 0.70683] angvel=[0.0, 0.0, 0.0] linvel=[0.0, 0.0, 0.0] z=0.7975
[lowlevel-sim] t=   2.00 mode=hold       pd=1999 hold=1999 failclosed=0 rtf=0.228 base_z=+0.798 pitch=+0.000 roll=+0.000 |tau|max= 35.00 sat=5/29 knee_L=+0.300 hip_p_L=-0.100 torn=1999 cmd_age=-1.0ms auth=-1.0s rig_ign=0 fix_base=1 sat_j=left_ankle_roll_joint:+35.0,right_ankle_roll_joint:+35.0,left_wrist_roll_joint:+25.0,right_wrist_roll_joint:+25.0,right_wrist_yaw_joint:-5.0
[lowlevel-sim][GT] t=2.001 quat=[0.70739, 0.0, 0.0, 0.70683] angvel=[0.0, 0.0, 0.0] linvel=[0.0, 0.0, 0.0] z=0.7975
[lowlevel-sim][GT] t=2.051 quat=[0.70739, 0.0, 0.0, 0.70683] angvel=[0.0, 0.0, 0.0] linvel=[0.0, 0.0, 0.0] z=0.7975
[lowlevel-sim][GT] t=2.101 quat=[0.70739, 0.0, 0.0, 0.70683] angvel=[0.0, 0.0, 0.0] linvel=[0.0, 0.0, 0.0] z=0.7975
[lowlevel-sim][GT] t=2.151 quat=[0.70739, 0.0, 0.0, 0.70683] angvel=[0.0, 0.0, 0.0] linvel=[0.0, 0.0, 0.0] z=0.7975
[lowlevel-sim][GT] t=2.201 quat=[0.70739, 0.0, 0.0, 0.70683] angvel=[0.0, 0.0, 0.0] linvel=[0.0, 0.0, 0.0] z=0.7975
[lowlevel-sim][GT] t=2.251 quat=[0.70739, 0.0, 0.0, 0.70683] angvel=[0.0, 0.0, 0.0] linvel=[0.0, 0.0, 0.0] z=0.7975
[lowlevel-sim][GT] t=2.301 quat=[0.70739, 0.0, 0.0, 0.70683] angvel=[0.0, 0.0, 0.0] linvel=[0.0, 0.0, 0.0] z=0.7975
[lowlevel-sim][GT] t=2.351 quat=[0.70739, 0.0, 0.0, 0.70683] angvel=[0.0, 0.0, 0.0] linvel=[0.0, 0.0, 0.0] z=0.7975
[lowlevel-sim][GT] t=2.401 quat=[0.70739, 0.0, 0.0, 0.70683] angvel=[0.0, 0.0, 0.0] linvel=[0.0, 0.0, 0.0] z=0.7975
[lowlevel-sim][GT] t=2.451 quat=[0.70739, 0.0, 0.0, 0.70683] angvel=[0.0, 0.0, 0.0] linvel=[0.0, 0.0, 0.0] z=0.7975
[lowlevel-sim] t=   2.50 mode=hold       pd=2499 hold=2499 failclosed=0 rtf=0.225 base_z=+0.798 pitch=+0.000 roll=+0.000 |tau|max= 35.00 sat=5/29 knee_L=+0.300 hip_p_L=-0.100 torn=2499 cmd_age=-1.0ms auth=-1.0s rig_ign=0 fix_base=1 sat_j=left_ankle_roll_joint:+35.0,right_ankle_roll_joint:+35.0,left_wrist_roll_joint:+25.0,right_wrist_roll_joint:+25.0,right_wrist_yaw_joint:-5.0
[lowlevel-sim][GT] t=2.501 quat=[0.70739, 0.0, 0.0, 0.70683] angvel=[0.0, 0.0, 0.0] linvel=[0.0, 0.0, 0.0] z=0.7975
[lowlevel-sim][GT] t=2.551 quat=[0.70739, 0.0, 0.0, 0.70683] angvel=[0.0, 0.0, 0.0] linvel=[0.0, 0.0, 0.0] z=0.7975
[lowlevel-sim][GT] t=2.601 quat=[0.70739, 0.0, 0.0, 0.70683] angvel=[0.0, 0.0, 0.0] linvel=[0.0, 0.0, 0.0] z=0.7975
[lowlevel-sim][GT] t=2.651 quat=[0.70739, 0.0, 0.0, 0.70683] angvel=[0.0, 0.0, 0.0] linvel=[0.0, 0.0, 0.0] z=0.7975
[lowlevel-sim][GT] t=2.701 quat=[0.70739, 0.0, 0.0, 0.70683] angvel=[0.0, 0.0, 0.0] linvel=[0.0, 0.0, 0.0] z=0.7975
[lowlevel-sim][GT] t=2.751 quat=[0.70739, 0.0, 0.0, 0.70683] angvel=[0.0, 0.0, 0.0] linvel=[0.0, 0.0, 0.0] z=0.7975
[lowlevel-sim][GT] t=2.801 quat=[0.70739, 0.0, 0.0, 0.70683] angvel=[0.0, 0.0, 0.0] linvel=[0.0, 0.0, 0.0] z=0.7975
[lowlevel-sim][GT] t=2.851 quat=[0.70739, 0.0, 0.0, 0.70683] angvel=[0.0, 0.0, 0.0] linvel=[0.0, 0.0, 0.0] z=0.7975
[lowlevel-sim][GT] t=2.901 quat=[0.70739, 0.0, 0.0, 0.70683] angvel=[0.0, 0.0, 0.0] linvel=[0.0, 0.0, 0.0] z=0.7975
[lowlevel-sim][GT] t=2.951 quat=[0.70739, 0.0, 0.0, 0.70683] angvel=[0.0, 0.0, 0.0] linvel=[0.0, 0.0, 0.0] z=0.7975
[lowlevel-sim] t=   3.00 mode=hold       pd=2999 hold=2999 failclosed=0 rtf=0.222 base_z=+0.798 pitch=+0.000 roll=+0.000 |tau|max= 35.00 sat=5/29 knee_L=+0.300 hip_p_L=-0.100 torn=2999 cmd_age=-1.0ms auth=-1.0s rig_ign=0 fix_base=1 sat_j=left_ankle_roll_joint:+35.0,right_ankle_roll_joint:+35.0,left_wrist_roll_joint:+25.0,right_wrist_roll_joint:+25.0,right_wrist_yaw_joint:-5.0
[lowlevel-sim][GT] t=3.001 quat=[0.70739, 0.0, 0.0, 0.70683] angvel=[0.0, 0.0, 0.0] linvel=[0.0, 0.0, 0.0] z=0.7975
[lowlevel-sim][GT] t=3.051 quat=[0.70739, 0.0, 0.0, 0.70683] angvel=[0.0, 0.0, 0.0] linvel=[0.0, 0.0, 0.0] z=0.7975
[lowlevel-sim][GT] t=3.101 quat=[0.70739, 0.0, 0.0, 0.70683] angvel=[0.0, 0.0, 0.0] linvel=[0.0, 0.0, 0.0] z=0.7975
[lowlevel-sim][GT] t=3.151 quat=[0.70739, 0.0, 0.0, 0.70683] angvel=[0.0, 0.0, 0.0] linvel=[0.0, 0.0, 0.0] z=0.7975
[lowlevel-sim][GT] t=3.201 quat=[0.70739, 0.0, 0.0, 0.70683] angvel=[0.0, 0.0, 0.0] linvel=[0.0, 0.0, 0.0] z=0.7975
[lowlevel-sim][GT] t=3.251 quat=[0.70739, 0.0, 0.0, 0.70683] angvel=[0.0, 0.0, 0.0] linvel=[0.0, 0.0, 0.0] z=0.7975
[lowlevel-sim][GT] t=3.301 quat=[0.70739, 0.0, 0.0, 0.70683] angvel=[0.0, 0.0, 0.0] linvel=[0.0, 0.0, 0.0] z=0.7975
[lowlevel-sim][GT] t=3.351 quat=[0.70739, 0.0, 0.0, 0.70683] angvel=[0.0, 0.0, 0.0] linvel=[0.0, 0.0, 0.0] z=0.7975
[lowlevel-sim][GT] t=3.401 quat=[0.70739, 0.0, 0.0, 0.70683] angvel=[0.0, 0.0, 0.0] linvel=[0.0, 0.0, 0.0] z=0.7975
[lowlevel-sim][GT] t=3.451 quat=[0.70739, 0.0, 0.0, 0.70683] angvel=[0.0, 0.0, 0.0] linvel=[0.0, 0.0, 0.0] z=0.7975
[lowlevel-sim] t=   3.50 mode=hold       pd=3499 hold=3499 failclosed=0 rtf=0.224 base_z=+0.798 pitch=+0.000 roll=+0.000 |tau|max= 35.00 sat=5/29 knee_L=+0.300 hip_p_L=-0.100 torn=3499 cmd_age=-1.0ms auth=-1.0s rig_ign=0 fix_base=1 sat_j=left_ankle_roll_joint:+35.0,right_ankle_roll_joint:+35.0,left_wrist_roll_joint:+25.0,right_wrist_roll_joint:+25.0,right_wrist_yaw_joint:-5.0
[lowlevel-sim][GT] t=3.501 quat=[0.70739, 0.0, 0.0, 0.70683] angvel=[0.0, 0.0, 0.0] linvel=[0.0, 0.0, 0.0] z=0.7975
[lowlevel-sim][GT] t=3.551 quat=[0.70739, 0.0, 0.0, 0.70683] angvel=[0.0, 0.0, 0.0] linvel=[0.0, 0.0, 0.0] z=0.7975
[lowlevel-sim][GT] t=3.601 quat=[0.70739, 0.0, 0.0, 0.70683] angvel=[0.0, 0.0, 0.0] linvel=[0.0, 0.0, 0.0] z=0.7975
[lowlevel-sim][GT] t=3.651 quat=[0.70739, 0.0, 0.0, 0.70683] angvel=[0.0, 0.0, 0.0] linvel=[0.0, 0.0, 0.0] z=0.7975
[lowlevel-sim][GT] t=3.701 quat=[0.70739, 0.0, 0.0, 0.70683] angvel=[0.0, 0.0, 0.0] linvel=[0.0, 0.0, 0.0] z=0.7975
[lowlevel-sim][GT] t=3.751 quat=[0.70739, 0.0, 0.0, 0.70683] angvel=[0.0, 0.0, 0.0] linvel=[0.0, 0.0, 0.0] z=0.7975
[lowlevel-sim][GT] t=3.801 quat=[0.70739, 0.0, 0.0, 0.70683] angvel=[0.0, 0.0, 0.0] linvel=[0.0, 0.0, 0.0] z=0.7975
[lowlevel-sim][GT] t=3.851 quat=[0.70739, 0.0, 0.0, 0.70683] angvel=[0.0, 0.0, 0.0] linvel=[0.0, 0.0, 0.0] z=0.7975
[lowlevel-sim][GT] t=3.901 quat=[0.70739, 0.0, 0.0, 0.70683] angvel=[0.0, 0.0, 0.0] linvel=[0.0, 0.0, 0.0] z=0.7975
[lowlevel-sim][GT] t=3.951 quat=[0.70739, 0.0, 0.0, 0.70683] angvel=[0.0, 0.0, 0.0] linvel=[0.0, 0.0, 0.0] z=0.7975
[lowlevel-sim] t=   4.00 mode=hold       pd=3999 hold=3999 failclosed=0 rtf=0.233 base_z=+0.798 pitch=+0.000 roll=+0.000 |tau|max= 35.00 sat=5/29 knee_L=+0.300 hip_p_L=-0.100 torn=3999 cmd_age=-1.0ms auth=-1.0s rig_ign=0 fix_base=1 sat_j=left_ankle_roll_joint:+35.0,right_ankle_roll_joint:+35.0,left_wrist_roll_joint:+25.0,right_wrist_roll_joint:+25.0,right_wrist_yaw_joint:-5.0
[lowlevel-sim][GT] t=4.001 quat=[0.70739, 0.0, 0.0, 0.70683] angvel=[0.0, 0.0, 0.0] linvel=[0.0, 0.0, 0.0] z=0.7975
[lowlevel-sim][GT] t=4.051 quat=[0.70739, 0.0, 0.0, 0.70683] angvel=[0.0, 0.0, 0.0] linvel=[0.0, 0.0, 0.0] z=0.7975
[lowlevel-sim][GT] t=4.101 quat=[0.70739, 0.0, 0.0, 0.70683] angvel=[0.0, 0.0, 0.0] linvel=[0.0, 0.0, 0.0] z=0.7975
[lowlevel-sim][GT] t=4.151 quat=[0.70739, 0.0, 0.0, 0.70683] angvel=[0.0, 0.0, 0.0] linvel=[0.0, 0.0, 0.0] z=0.7975
[lowlevel-sim][GT] t=4.201 quat=[0.70739, 0.0, 0.0, 0.70683] angvel=[0.0, 0.0, 0.0] linvel=[0.0, 0.0, 0.0] z=0.7975
[lowlevel-sim][GT] t=4.251 quat=[0.70739, 0.0, 0.0, 0.70683] angvel=[0.0, 0.0, 0.0] linvel=[0.0, 0.0, 0.0] z=0.7975
[lowlevel-sim][GT] t=4.301 quat=[0.70739, 0.0, 0.0, 0.70683] angvel=[0.0, 0.0, 0.0] linvel=[0.0, 0.0, 0.0] z=0.7975
[lowlevel-sim][GT] t=4.351 quat=[0.70739, 0.0, 0.0, 0.70683] angvel=[0.0, 0.0, 0.0] linvel=[0.0, 0.0, 0.0] z=0.7975
[lowlevel-sim][GT] t=4.401 quat=[0.70739, 0.0, 0.0, 0.70683] angvel=[0.0, 0.0, 0.0] linvel=[0.0, 0.0, 0.0] z=0.7975
[lowlevel-sim][GT] t=4.451 quat=[0.70739, 0.0, 0.0, 0.70683] angvel=[0.0, 0.0, 0.0] linvel=[0.0, 0.0, 0.0] z=0.7975
[lowlevel-sim] t=   4.50 mode=hold       pd=4499 hold=4499 failclosed=0 rtf=0.232 base_z=+0.798 pitch=+0.000 roll=+0.000 |tau|max= 35.00 sat=5/29 knee_L=+0.300 hip_p_L=-0.100 torn=4499 cmd_age=-1.0ms auth=-1.0s rig_ign=0 fix_base=1 sat_j=left_ankle_roll_joint:+35.0,right_ankle_roll_joint:+35.0,left_wrist_roll_joint:+25.0,right_wrist_roll_joint:+25.0,right_wrist_yaw_joint:-5.0
[lowlevel-sim][GT] t=4.501 quat=[0.70739, 0.0, 0.0, 0.70683] angvel=[0.0, 0.0, 0.0] linvel=[0.0, 0.0, 0.0] z=0.7975
[lowlevel-sim][GT] t=4.551 quat=[0.70739, 0.0, 0.0, 0.70683] angvel=[0.0, 0.0, 0.0] linvel=[0.0, 0.0, 0.0] z=0.7975
[lowlevel-sim][GT] t=4.601 quat=[0.70739, 0.0, 0.0, 0.70683] angvel=[0.0, 0.0, 0.0] linvel=[0.0, 0.0, 0.0] z=0.7975
[lowlevel-sim][GT] t=4.651 quat=[0.70739, 0.0, 0.0, 0.70683] angvel=[0.0, 0.0, 0.0] linvel=[0.0, 0.0, 0.0] z=0.7975
[lowlevel-sim][GT] t=4.701 quat=[0.70739, 0.0, 0.0, 0.70683] angvel=[0.0, 0.0, 0.0] linvel=[0.0, 0.0, 0.0] z=0.7975
[lowlevel-sim][GT] t=4.751 quat=[0.70739, 0.0, 0.0, 0.70683] angvel=[0.0, 0.0, 0.0] linvel=[0.0, 0.0, 0.0] z=0.7975
[lowlevel-sim][GT] t=4.801 quat=[0.70739, 0.0, 0.0, 0.70683] angvel=[0.0, 0.0, 0.0] linvel=[0.0, 0.0, 0.0] z=0.7975
[lowlevel-sim][GT] t=4.851 quat=[0.70739, 0.0, 0.0, 0.70683] angvel=[0.0, 0.0, 0.0] linvel=[0.0, 0.0, 0.0] z=0.7975
[lowlevel-sim][GT] t=4.901 quat=[0.70739, 0.0, 0.0, 0.70683] angvel=[0.0, 0.0, 0.0] linvel=[0.0, 0.0, 0.0] z=0.7975
[lowlevel-sim][GT] t=4.951 quat=[0.70739, 0.0, 0.0, 0.70683] angvel=[0.0, 0.0, 0.0] linvel=[0.0, 0.0, 0.0] z=0.7975
[lowlevel-sim] t=   5.00 mode=hold       pd=4999 hold=4999 failclosed=0 rtf=0.231 base_z=+0.798 pitch=+0.000 roll=+0.000 |tau|max= 35.00 sat=5/29 knee_L=+0.300 hip_p_L=-0.100 torn=4999 cmd_age=-1.0ms auth=-1.0s rig_ign=0 fix_base=1 sat_j=left_ankle_roll_joint:+35.0,right_ankle_roll_joint:+35.0,left_wrist_roll_joint:+25.0,right_wrist_roll_joint:+25.0,right_wrist_yaw_joint:-5.0
[lowlevel-sim][GT] t=5.001 quat=[0.70739, 0.0, 0.0, 0.70683] angvel=[0.0, 0.0, 0.0] linvel=[0.0, 0.0, 0.0] z=0.7975
[lowlevel-sim][GT] t=5.051 quat=[0.70739, 0.0, 0.0, 0.70683] angvel=[0.0, 0.0, 0.0] linvel=[0.0, 0.0, 0.0] z=0.7975
[lowlevel-sim][GT] t=5.101 quat=[0.70739, 0.0, 0.0, 0.70683] angvel=[0.0, 0.0, 0.0] linvel=[0.0, 0.0, 0.0] z=0.7975
[lowlevel-sim][GT] t=5.151 quat=[0.70739, 0.0, 0.0, 0.70683] angvel=[0.0, 0.0, 0.0] linvel=[0.0, 0.0, 0.0] z=0.7975
[lowlevel-sim][GT] t=5.201 quat=[0.70739, 0.0, 0.0, 0.70683] angvel=[0.0, 0.0, 0.0] linvel=[0.0, 0.0, 0.0] z=0.7975
[lowlevel-sim][GT] t=5.251 quat=[0.70739, 0.0, 0.0, 0.70683] angvel=[0.0, 0.0, 0.0] linvel=[0.0, 0.0, 0.0] z=0.7975
[lowlevel-sim][GT] t=5.301 quat=[0.70739, 0.0, 0.0, 0.70683] angvel=[0.0, 0.0, 0.0] linvel=[0.0, 0.0, 0.0] z=0.7975
[lowlevel-sim][GT] t=5.351 quat=[0.70739, 0.0, 0.0, 0.70683] angvel=[0.0, 0.0, 0.0] linvel=[0.0, 0.0, 0.0] z=0.7975
[lowlevel-sim][GT] t=5.401 quat=[0.70739, 0.0, 0.0, 0.70683] angvel=[0.0, 0.0, 0.0] linvel=[0.0, 0.0, 0.0] z=0.7975
[lowlevel-sim][GT] t=5.451 quat=[0.70739, 0.0, 0.0, 0.70683] angvel=[0.0, 0.0, 0.0] linvel=[0.0, 0.0, 0.0] z=0.7975
[lowlevel-sim] t=   5.50 mode=hold       pd=5499 hold=5499 failclosed=0 rtf=0.229 base_z=+0.798 pitch=+0.000 roll=+0.000 |tau|max= 35.00 sat=5/29 knee_L=+0.300 hip_p_L=-0.100 torn=5499 cmd_age=-1.0ms auth=-1.0s rig_ign=0 fix_base=1 sat_j=left_ankle_roll_joint:+35.0,right_ankle_roll_joint:+35.0,left_wrist_roll_joint:+25.0,right_wrist_roll_joint:+25.0,right_wrist_yaw_joint:-5.0
[lowlevel-sim][GT] t=5.501 quat=[0.70739, 0.0, 0.0, 0.70683] angvel=[0.0, 0.0, 0.0] linvel=[0.0, 0.0, 0.0] z=0.7975
[lowlevel-sim][GT] t=5.551 quat=[0.70739, 0.0, 0.0, 0.70683] angvel=[0.0, 0.0, 0.0] linvel=[0.0, 0.0, 0.0] z=0.7975
[lowlevel-sim][GT] t=5.601 quat=[0.70739, 0.0, 0.0, 0.70683] angvel=[0.0, 0.0, 0.0] linvel=[0.0, 0.0, 0.0] z=0.7975
[lowlevel-sim][GT] t=5.651 quat=[0.70739, 0.0, 0.0, 0.70683] angvel=[0.0, 0.0, 0.0] linvel=[0.0, 0.0, 0.0] z=0.7975
[lowlevel-sim][GT] t=5.701 quat=[0.70739, 0.0, 0.0, 0.70683] angvel=[0.0, 0.0, 0.0] linvel=[0.0, 0.0, 0.0] z=0.7975
[lowlevel-sim][GT] t=5.751 quat=[0.70739, 0.0, 0.0, 0.70683] angvel=[0.0, 0.0, 0.0] linvel=[0.0, 0.0, 0.0] z=0.7975
[lowlevel-sim][GT] t=5.801 quat=[0.70739, 0.0, 0.0, 0.70683] angvel=[0.0, 0.0, 0.0] linvel=[0.0, 0.0, 0.0] z=0.7975
[lowlevel-sim][GT] t=5.851 quat=[0.70739, 0.0, 0.0, 0.70683] angvel=[0.0, 0.0, 0.0] linvel=[0.0, 0.0, 0.0] z=0.7975
[lowlevel-sim][GT] t=5.901 quat=[0.70739, 0.0, 0.0, 0.70683] angvel=[0.0, 0.0, 0.0] linvel=[0.0, 0.0, 0.0] z=0.7975
[lowlevel-sim][GT] t=5.951 quat=[0.70739, 0.0, 0.0, 0.70683] angvel=[0.0, 0.0, 0.0] linvel=[0.0, 0.0, 0.0] z=0.7975
[lowlevel-sim] t=   6.00 mode=hold       pd=5999 hold=5999 failclosed=0 rtf=0.232 base_z=+0.798 pitch=+0.000 roll=+0.000 |tau|max= 35.00 sat=5/29 knee_L=+0.300 hip_p_L=-0.100 torn=5999 cmd_age=-1.0ms auth=-1.0s rig_ign=0 fix_base=1 sat_j=left_ankle_roll_joint:+35.0,right_ankle_roll_joint:+35.0,left_wrist_roll_joint:+25.0,right_wrist_roll_joint:+25.0,right_wrist_yaw_joint:-5.0
[lowlevel-sim][GT] t=6.001 quat=[0.70739, 0.0, 0.0, 0.70683] angvel=[0.0, 0.0, 0.0] linvel=[0.0, 0.0, 0.0] z=0.7975
[lowlevel-sim][GT] t=6.051 quat=[0.70739, 0.0, 0.0, 0.70683] angvel=[0.0, 0.0, 0.0] linvel=[0.0, 0.0, 0.0] z=0.7975
[lowlevel-sim][GT] t=6.101 quat=[0.70739, 0.0, 0.0, 0.70683] angvel=[0.0, 0.0, 0.0] linvel=[0.0, 0.0, 0.0] z=0.7975
[lowlevel-sim][GT] t=6.151 quat=[0.70739, 0.0, 0.0, 0.70683] angvel=[0.0, 0.0, 0.0] linvel=[0.0, 0.0, 0.0] z=0.7975
[lowlevel-sim][GT] t=6.201 quat=[0.70739, 0.0, 0.0, 0.70683] angvel=[0.0, 0.0, 0.0] linvel=[0.0, 0.0, 0.0] z=0.7975
[lowlevel-sim][GT] t=6.251 quat=[0.70739, 0.0, 0.0, 0.70683] angvel=[0.0, 0.0, 0.0] linvel=[0.0, 0.0, 0.0] z=0.7975
[lowlevel-sim][GT] t=6.301 quat=[0.70739, 0.0, 0.0, 0.70683] angvel=[0.0, 0.0, 0.0] linvel=[0.0, 0.0, 0.0] z=0.7975
[lowlevel-sim][GT] t=6.351 quat=[0.70739, 0.0, 0.0, 0.70683] angvel=[0.0, 0.0, 0.0] linvel=[0.0, 0.0, 0.0] z=0.7975
[lowlevel-sim][GT] t=6.401 quat=[0.70739, 0.0, 0.0, 0.70683] angvel=[0.0, 0.0, 0.0] linvel=[0.0, 0.0, 0.0] z=0.7975
[lowlevel-sim][GT] t=6.451 quat=[0.70739, 0.0, 0.0, 0.70683] angvel=[0.0, 0.0, 0.0] linvel=[0.0, 0.0, 0.0] z=0.7975
[lowlevel-sim] t=   6.50 mode=hold       pd=6499 hold=6499 failclosed=0 rtf=0.233 base_z=+0.798 pitch=+0.000 roll=+0.000 |tau|max= 35.00 sat=5/29 knee_L=+0.300 hip_p_L=-0.100 torn=6499 cmd_age=-1.0ms auth=-1.0s rig_ign=0 fix_base=1 sat_j=left_ankle_roll_joint:+35.0,right_ankle_roll_joint:+35.0,left_wrist_roll_joint:+25.0,right_wrist_roll_joint:+25.0,right_wrist_yaw_joint:-5.0
[lowlevel-sim][GT] t=6.501 quat=[0.70739, 0.0, 0.0, 0.70683] angvel=[0.0, 0.0, 0.0] linvel=[0.0, 0.0, 0.0] z=0.7975
[lowlevel-sim][GT] t=6.551 quat=[0.70739, 0.0, 0.0, 0.70683] angvel=[0.0, 0.0, 0.0] linvel=[0.0, 0.0, 0.0] z=0.7975
[lowlevel-sim][GT] t=6.601 quat=[0.70739, 0.0, 0.0, 0.70683] angvel=[0.0, 0.0, 0.0] linvel=[0.0, 0.0, 0.0] z=0.7975
[lowlevel-sim][GT] t=6.651 quat=[0.70739, 0.0, 0.0, 0.70683] angvel=[0.0, 0.0, 0.0] linvel=[0.0, 0.0, 0.0] z=0.7975
[lowlevel-sim][GT] t=6.701 quat=[0.70739, 0.0, 0.0, 0.70683] angvel=[0.0, 0.0, 0.0] linvel=[0.0, 0.0, 0.0] z=0.7975
[lowlevel-sim][GT] t=6.751 quat=[0.70739, 0.0, 0.0, 0.70683] angvel=[0.0, 0.0, 0.0] linvel=[0.0, 0.0, 0.0] z=0.7975
[lowlevel-sim][GT] t=6.801 quat=[0.70739, 0.0, 0.0, 0.70683] angvel=[0.0, 0.0, 0.0] linvel=[0.0, 0.0, 0.0] z=0.7975
[lowlevel-sim][GT] t=6.851 quat=[0.70739, 0.0, 0.0, 0.70683] angvel=[0.0, 0.0, 0.0] linvel=[0.0, 0.0, 0.0] z=0.7975
[lowlevel-sim][GT] t=6.901 quat=[0.70739, 0.0, 0.0, 0.70683] angvel=[0.0, 0.0, 0.0] linvel=[0.0, 0.0, 0.0] z=0.7975
[lowlevel-sim][GT] t=6.951 quat=[0.70739, 0.0, 0.0, 0.70683] angvel=[0.0, 0.0, 0.0] linvel=[0.0, 0.0, 0.0] z=0.7975
[lowlevel-sim] t=   7.00 mode=hold       pd=6999 hold=6999 failclosed=0 rtf=0.231 base_z=+0.798 pitch=+0.000 roll=+0.000 |tau|max= 35.00 sat=5/29 knee_L=+0.300 hip_p_L=-0.100 torn=6999 cmd_age=-1.0ms auth=-1.0s rig_ign=0 fix_base=1 sat_j=left_ankle_roll_joint:+35.0,right_ankle_roll_joint:+35.0,left_wrist_roll_joint:+25.0,right_wrist_roll_joint:+25.0,right_wrist_yaw_joint:-5.0
[lowlevel-sim][GT] t=7.001 quat=[0.70739, 0.0, 0.0, 0.70683] angvel=[0.0, 0.0, 0.0] linvel=[0.0, 0.0, 0.0] z=0.7975
[lowlevel-sim][GT] t=7.051 quat=[0.70739, 0.0, 0.0, 0.70683] angvel=[0.0, 0.0, 0.0] linvel=[0.0, 0.0, 0.0] z=0.7975
[lowlevel-sim][GT] t=7.101 quat=[0.70739, 0.0, 0.0, 0.70683] angvel=[0.0, 0.0, 0.0] linvel=[0.0, 0.0, 0.0] z=0.7975
[lowlevel-sim][GT] t=7.151 quat=[0.70739, 0.0, 0.0, 0.70683] angvel=[0.0, 0.0, 0.0] linvel=[0.0, 0.0, 0.0] z=0.7975
[lowlevel-sim][GT] t=7.201 quat=[0.70739, 0.0, 0.0, 0.70683] angvel=[0.0, 0.0, 0.0] linvel=[0.0, 0.0, 0.0] z=0.7975
[lowlevel-sim][GT] t=7.251 quat=[0.70739, 0.0, 0.0, 0.70683] angvel=[0.0, 0.0, 0.0] linvel=[0.0, 0.0, 0.0] z=0.7975
[lowlevel-sim][GT] t=7.301 quat=[0.70739, 0.0, 0.0, 0.70683] angvel=[0.0, 0.0, 0.0] linvel=[0.0, 0.0, 0.0] z=0.7975
[lowlevel-sim][GT] t=7.351 quat=[0.70739, 0.0, 0.0, 0.70683] angvel=[0.0, 0.0, 0.0] linvel=[0.0, 0.0, 0.0] z=0.7975
[lowlevel-sim][GT] t=7.401 quat=[0.70739, 0.0, 0.0, 0.70683] angvel=[0.0, 0.0, 0.0] linvel=[0.0, 0.0, 0.0] z=0.7975
[lowlevel-sim][GT] t=7.451 quat=[0.70739, 0.0, 0.0, 0.70683] angvel=[0.0, 0.0, 0.0] linvel=[0.0, 0.0, 0.0] z=0.7975
[lowlevel-sim] t=   7.50 mode=hold       pd=7499 hold=7499 failclosed=0 rtf=0.230 base_z=+0.798 pitch=+0.000 roll=+0.000 |tau|max= 35.00 sat=5/29 knee_L=+0.300 hip_p_L=-0.100 torn=7499 cmd_age=-1.0ms auth=-1.0s rig_ign=0 fix_base=1 sat_j=left_ankle_roll_joint:+35.0,right_ankle_roll_joint:+35.0,left_wrist_roll_joint:+25.0,right_wrist_roll_joint:+25.0,right_wrist_yaw_joint:-5.0
[lowlevel-sim][GT] t=7.501 quat=[0.70739, 0.0, 0.0, 0.70683] angvel=[0.0, 0.0, 0.0] linvel=[0.0, 0.0, 0.0] z=0.7975
[lowlevel-sim][GT] t=7.551 quat=[0.70739, 0.0, 0.0, 0.70683] angvel=[0.0, 0.0, 0.0] linvel=[0.0, 0.0, 0.0] z=0.7975
[lowlevel-sim][GT] t=7.601 quat=[0.70739, 0.0, 0.0, 0.70683] angvel=[0.0, 0.0, 0.0] linvel=[0.0, 0.0, 0.0] z=0.7975
[lowlevel-sim][GT] t=7.651 quat=[0.70739, 0.0, 0.0, 0.70683] angvel=[0.0, 0.0, 0.0] linvel=[0.0, 0.0, 0.0] z=0.7975
[lowlevel-sim][GT] t=7.701 quat=[0.70739, 0.0, 0.0, 0.70683] angvel=[0.0, 0.0, 0.0] linvel=[0.0, 0.0, 0.0] z=0.7975
[lowlevel-sim][GT] t=7.751 quat=[0.70739, 0.0, 0.0, 0.70683] angvel=[0.0, 0.0, 0.0] linvel=[0.0, 0.0, 0.0] z=0.7975
[lowlevel-sim][GT] t=7.801 quat=[0.70739, 0.0, 0.0, 0.70683] angvel=[0.0, 0.0, 0.0] linvel=[0.0, 0.0, 0.0] z=0.7975
[lowlevel-sim][GT] t=7.851 quat=[0.70739, 0.0, 0.0, 0.70683] angvel=[0.0, 0.0, 0.0] linvel=[0.0, 0.0, 0.0] z=0.7975
[lowlevel-sim][GT] t=7.901 quat=[0.70739, 0.0, 0.0, 0.70683] angvel=[0.0, 0.0, 0.0] linvel=[0.0, 0.0, 0.0] z=0.7975
[lowlevel-sim][GT] t=7.951 quat=[0.70739, 0.0, 0.0, 0.70683] angvel=[0.0, 0.0, 0.0] linvel=[0.0, 0.0, 0.0] z=0.7975
[lowlevel-sim] t=   8.00 mode=hold       pd=7999 hold=7999 failclosed=0 rtf=0.229 base_z=+0.798 pitch=+0.000 roll=+0.000 |tau|max= 35.00 sat=5/29 knee_L=+0.300 hip_p_L=-0.100 torn=7999 cmd_age=-1.0ms auth=-1.0s rig_ign=0 fix_base=1 sat_j=left_ankle_roll_joint:+35.0,right_ankle_roll_joint:+35.0,left_wrist_roll_joint:+25.0,right_wrist_roll_joint:+25.0,right_wrist_yaw_joint:-5.0
[lowlevel-sim][GT] t=8.001 quat=[0.70739, 0.0, 0.0, 0.70683] angvel=[0.0, 0.0, 0.0] linvel=[0.0, 0.0, 0.0] z=0.7975
[lowlevel-sim][GT] t=8.051 quat=[0.70739, 0.0, 0.0, 0.70683] angvel=[0.0, 0.0, 0.0] linvel=[0.0, 0.0, 0.0] z=0.7975
[lowlevel-sim][GT] t=8.101 quat=[0.70739, 0.0, 0.0, 0.70683] angvel=[0.0, 0.0, 0.0] linvel=[0.0, 0.0, 0.0] z=0.7975
[lowlevel-sim][GT] t=8.151 quat=[0.70739, 0.0, 0.0, 0.70683] angvel=[0.0, 0.0, 0.0] linvel=[0.0, 0.0, 0.0] z=0.7975
[lowlevel-sim][GT] t=8.201 quat=[0.70739, 0.0, 0.0, 0.70683] angvel=[0.0, 0.0, 0.0] linvel=[0.0, 0.0, 0.0] z=0.7975
[lowlevel-sim][GT] t=8.251 quat=[0.70739, 0.0, 0.0, 0.70683] angvel=[0.0, 0.0, 0.0] linvel=[0.0, 0.0, 0.0] z=0.7975
[lowlevel-sim][GT] t=8.301 quat=[0.70739, 0.0, 0.0, 0.70683] angvel=[0.0, 0.0, 0.0] linvel=[0.0, 0.0, 0.0] z=0.7975
[lowlevel-sim][GT] t=8.351 quat=[0.70739, 0.0, 0.0, 0.70683] angvel=[0.0, 0.0, 0.0] linvel=[0.0, 0.0, 0.0] z=0.7975
[lowlevel-sim][GT] t=8.401 quat=[0.70739, 0.0, 0.0, 0.70683] angvel=[0.0, 0.0, 0.0] linvel=[0.0, 0.0, 0.0] z=0.7975
[lowlevel-sim][GT] t=8.451 quat=[0.70739, 0.0, 0.0, 0.70683] angvel=[0.0, 0.0, 0.0] linvel=[0.0, 0.0, 0.0] z=0.7975
[lowlevel-sim] t=   8.50 mode=hold       pd=8499 hold=8499 failclosed=0 rtf=0.228 base_z=+0.798 pitch=+0.000 roll=+0.000 |tau|max= 35.00 sat=5/29 knee_L=+0.300 hip_p_L=-0.100 torn=8499 cmd_age=-1.0ms auth=-1.0s rig_ign=0 fix_base=1 sat_j=left_ankle_roll_joint:+35.0,right_ankle_roll_joint:+35.0,left_wrist_roll_joint:+25.0,right_wrist_roll_joint:+25.0,right_wrist_yaw_joint:-5.0
[lowlevel-sim][GT] t=8.501 quat=[0.70739, 0.0, 0.0, 0.70683] angvel=[0.0, 0.0, 0.0] linvel=[0.0, 0.0, 0.0] z=0.7975
[lowlevel-sim][GT] t=8.551 quat=[0.70739, 0.0, 0.0, 0.70683] angvel=[0.0, 0.0, 0.0] linvel=[0.0, 0.0, 0.0] z=0.7975
[lowlevel-sim][GT] t=8.601 quat=[0.70739, 0.0, 0.0, 0.70683] angvel=[0.0, 0.0, 0.0] linvel=[0.0, 0.0, 0.0] z=0.7975
[lowlevel-sim][GT] t=8.651 quat=[0.70739, 0.0, 0.0, 0.70683] angvel=[0.0, 0.0, 0.0] linvel=[0.0, 0.0, 0.0] z=0.7975
[lowlevel-sim][GT] t=8.701 quat=[0.70739, 0.0, 0.0, 0.70683] angvel=[0.0, 0.0, 0.0] linvel=[0.0, 0.0, 0.0] z=0.7975
[lowlevel-sim][GT] t=8.751 quat=[0.70739, 0.0, 0.0, 0.70683] angvel=[0.0, 0.0, 0.0] linvel=[0.0, 0.0, 0.0] z=0.7975
[lowlevel-sim][GT] t=8.801 quat=[0.70739, 0.0, 0.0, 0.70683] angvel=[0.0, 0.0, 0.0] linvel=[0.0, 0.0, 0.0] z=0.7975
[lowlevel-sim][GT] t=8.851 quat=[0.70739, 0.0, 0.0, 0.70683] angvel=[0.0, 0.0, 0.0] linvel=[0.0, 0.0, 0.0] z=0.7975
[lowlevel-sim][GT] t=8.901 quat=[0.70739, 0.0, 0.0, 0.70683] angvel=[0.0, 0.0, 0.0] linvel=[0.0, 0.0, 0.0] z=0.7975
[lowlevel-sim][GT] t=8.951 quat=[0.70739, 0.0, 0.0, 0.70683] angvel=[0.0, 0.0, 0.0] linvel=[0.0, 0.0, 0.0] z=0.7975
[lowlevel-sim] t=   9.00 mode=hold       pd=8999 hold=8999 failclosed=0 rtf=0.226 base_z=+0.798 pitch=+0.000 roll=+0.000 |tau|max= 35.00 sat=5/29 knee_L=+0.300 hip_p_L=-0.100 torn=8999 cmd_age=-1.0ms auth=-1.0s rig_ign=0 fix_base=1 sat_j=left_ankle_roll_joint:+35.0,right_ankle_roll_joint:+35.0,left_wrist_roll_joint:+25.0,right_wrist_roll_joint:+25.0,right_wrist_yaw_joint:-5.0
[lowlevel-sim][GT] t=9.001 quat=[0.70739, 0.0, 0.0, 0.70683] angvel=[0.0, 0.0, 0.0] linvel=[0.0, 0.0, 0.0] z=0.7975
[lowlevel-sim][GT] t=9.051 quat=[0.70739, 0.0, 0.0, 0.70683] angvel=[0.0, 0.0, 0.0] linvel=[0.0, 0.0, 0.0] z=0.7975
[lowlevel-sim][GT] t=9.101 quat=[0.70739, 0.0, 0.0, 0.70683] angvel=[0.0, 0.0, 0.0] linvel=[0.0, 0.0, 0.0] z=0.7975
[lowlevel-sim][GT] t=9.151 quat=[0.70739, 0.0, 0.0, 0.70683] angvel=[0.0, 0.0, 0.0] linvel=[0.0, 0.0, 0.0] z=0.7975
[lowlevel-sim][GT] t=9.201 quat=[0.70739, 0.0, 0.0, 0.70683] angvel=[0.0, 0.0, 0.0] linvel=[0.0, 0.0, 0.0] z=0.7975
[lowlevel-sim][GT] t=9.251 quat=[0.70739, 0.0, 0.0, 0.70683] angvel=[0.0, 0.0, 0.0] linvel=[0.0, 0.0, 0.0] z=0.7975
[lowlevel-sim][GT] t=9.301 quat=[0.70739, 0.0, 0.0, 0.70683] angvel=[0.0, 0.0, 0.0] linvel=[0.0, 0.0, 0.0] z=0.7975
[lowlevel-sim][GT] t=9.351 quat=[0.70739, 0.0, 0.0, 0.70683] angvel=[0.0, 0.0, 0.0] linvel=[0.0, 0.0, 0.0] z=0.7975
[lowlevel-sim][GT] t=9.401 quat=[0.70739, 0.0, 0.0, 0.70683] angvel=[0.0, 0.0, 0.0] linvel=[0.0, 0.0, 0.0] z=0.7975
[lowlevel-sim][GT] t=9.451 quat=[0.70739, 0.0, 0.0, 0.70683] angvel=[0.0, 0.0, 0.0] linvel=[0.0, 0.0, 0.0] z=0.7975
[lowlevel-sim] t=   9.50 mode=hold       pd=9425 hold=9425 failclosed=0 rtf=0.225 base_z=+0.798 pitch=+0.000 roll=+0.000 |tau|max= 35.00 sat=6/29 knee_L=+0.300 hip_p_L=-0.100 torn=9342 cmd_age=26.3ms auth=0.4s rig_ign=72 fix_base=1 sat_j=left_ankle_roll_joint:+35.0,right_ankle_roll_joint:+35.0,left_wrist_roll_joint:+25.0,left_wrist_pitch_joint:-5.0,right_wrist_roll_joint:+25.0,right_wrist_pitch_joint:-5.0
[lowlevel-sim][GT] t=9.501 quat=[0.70739, 0.0, 0.0, 0.70683] angvel=[0.0, 0.0, 0.0] linvel=[0.0, 0.0, 0.0] z=0.7975
[lowlevel-sim][GT] t=9.551 quat=[0.70739, 0.0, 0.0, 0.70683] angvel=[0.0, 0.0, 0.0] linvel=[0.0, 0.0, 0.0] z=0.7975
[lowlevel-sim][GT] t=9.601 quat=[0.70739, 0.0, 0.0, 0.70683] angvel=[0.0, 0.0, 0.0] linvel=[0.0, 0.0, 0.0] z=0.7975
[lowlevel-sim][GT] t=9.651 quat=[0.70739, 0.0, 0.0, 0.70683] angvel=[0.0, 0.0, 0.0] linvel=[0.0, 0.0, 0.0] z=0.7975
[lowlevel-sim][GT] t=9.701 quat=[0.70739, 0.0, 0.0, 0.70683] angvel=[0.0, 0.0, 0.0] linvel=[0.0, 0.0, 0.0] z=0.7975
[lowlevel-sim][GT] t=9.751 quat=[0.70739, 0.0, 0.0, 0.70683] angvel=[0.0, 0.0, 0.0] linvel=[0.0, 0.0, 0.0] z=0.7975
[lowlevel-sim][GT] t=9.801 quat=[0.70739, 0.0, 0.0, 0.70683] angvel=[0.0, 0.0, 0.0] linvel=[0.0, 0.0, 0.0] z=0.7975
[lowlevel-sim][GT] t=9.851 quat=[0.70739, 0.0, 0.0, 0.70683] angvel=[0.0, 0.0, 0.0] linvel=[0.0, 0.0, 0.0] z=0.7975
[lowlevel-sim][GT] t=9.901 quat=[0.70739, 0.0, 0.0, 0.70683] angvel=[0.0, 0.0, 0.0] linvel=[0.0, 0.0, 0.0] z=0.7975
[lowlevel-sim][GT] t=9.951 quat=[0.70739, 0.0, 0.0, 0.70683] angvel=[0.0, 0.0, 0.0] linvel=[0.0, 0.0, 0.0] z=0.7975
[lowlevel-sim] t=  10.00 mode=hold       pd=9675 hold=9675 failclosed=0 rtf=0.226 base_z=+0.798 pitch=+0.000 roll=+0.000 |tau|max= 35.00 sat=6/29 knee_L=+0.301 hip_p_L=-0.100 torn=9354 cmd_age=12.4ms auth=2.4s rig_ign=322 fix_base=1 sat_j=left_ankle_roll_joint:+35.0,right_ankle_roll_joint:+35.0,left_wrist_roll_joint:+25.0,left_wrist_pitch_joint:-5.0,right_wrist_roll_joint:+25.0,right_wrist_pitch_joint:-5.0
[lowlevel-sim][GT] t=10.001 quat=[0.70739, 0.0, 0.0, 0.70683] angvel=[0.0, 0.0, 0.0] linvel=[0.0, 0.0, 0.0] z=0.7975
[lowlevel-sim][GT] t=10.051 quat=[0.70739, 0.0, 0.0, 0.70683] angvel=[0.0, 0.0, 0.0] linvel=[0.0, 0.0, 0.0] z=0.7975
[lowlevel-sim][GT] t=10.101 quat=[0.70739, 0.0, 0.0, 0.70683] angvel=[0.0, 0.0, 0.0] linvel=[0.0, 0.0, 0.0] z=0.7975
[lowlevel-sim][GT] t=10.151 quat=[0.70739, 0.0, 0.0, 0.70683] angvel=[0.0, 0.0, 0.0] linvel=[0.0, 0.0, 0.0] z=0.7975
[lowlevel-sim][GT] t=10.201 quat=[0.70739, 0.0, 0.0, 0.70683] angvel=[0.0, 0.0, 0.0] linvel=[0.0, 0.0, 0.0] z=0.7975
[lowlevel-sim][GT] t=10.251 quat=[0.70739, 0.0, 0.0, 0.70683] angvel=[0.0, 0.0, 0.0] linvel=[0.0, 0.0, 0.0] z=0.7975
[lowlevel-sim][GT] t=10.301 quat=[0.70739, 0.0, 0.0, 0.70683] angvel=[0.0, 0.0, 0.0] linvel=[0.0, 0.0, 0.0] z=0.7975
[lowlevel-sim][GT] t=10.351 quat=[0.70739, 0.0, 0.0, 0.70683] angvel=[0.0, 0.0, 0.0] linvel=[0.0, 0.0, 0.0] z=0.7975
[lowlevel-sim][GT] t=10.401 quat=[0.70739, 0.0, 0.0, 0.70683] angvel=[0.0, 0.0, 0.0] linvel=[0.0, 0.0, 0.0] z=0.7975
[lowlevel-sim][GT] t=10.451 quat=[0.70739, 0.0, 0.0, 0.70683] angvel=[0.0, 0.0, 0.0] linvel=[0.0, 0.0, 0.0] z=0.7975
[lowlevel-sim] t=  10.50 mode=hold       pd=9928 hold=9928 failclosed=0 rtf=0.226 base_z=+0.798 pitch=+0.000 roll=+0.000 |tau|max= 35.00 sat=7/29 knee_L=+0.300 hip_p_L=-0.100 torn=9381 cmd_age=5.0ms auth=1.0s rig_ign=571 fix_base=1 sat_j=left_ankle_roll_joint:-35.0,right_ankle_roll_joint:-35.0,left_wrist_roll_joint:-25.0,left_wrist_yaw_joint:+5.0,right_wrist_roll_joint:-25.0,right_wrist_pitch_joint:+5.0
[lowlevel-sim][GT] t=10.501 quat=[0.70739, 0.0, 0.0, 0.70683] angvel=[0.0, 0.0, 0.0] linvel=[0.0, 0.0, 0.0] z=0.7975
[lowlevel-sim][GT] t=10.551 quat=[0.70739, 0.0, 0.0, 0.70683] angvel=[0.0, 0.0, 0.0] linvel=[0.0, 0.0, 0.0] z=0.7975
[lowlevel-sim][GT] t=10.601 quat=[0.70739, 0.0, 0.0, 0.70683] angvel=[0.0, 0.0, 0.0] linvel=[0.0, 0.0, 0.0] z=0.7975
[lowlevel-sim][GT] t=10.651 quat=[0.70739, 0.0, 0.0, 0.70683] angvel=[0.0, 0.0, 0.0] linvel=[0.0, 0.0, 0.0] z=0.7975
[lowlevel-sim][GT] t=10.701 quat=[0.70739, 0.0, 0.0, 0.70683] angvel=[0.0, 0.0, 0.0] linvel=[0.0, 0.0, 0.0] z=0.7975
[lowlevel-sim][GT] t=10.751 quat=[0.70739, 0.0, 0.0, 0.70683] angvel=[0.0, 0.0, 0.0] linvel=[0.0, 0.0, 0.0] z=0.7975
[lowlevel-sim][GT] t=10.801 quat=[0.70739, 0.0, 0.0, 0.70683] angvel=[0.0, 0.0, 0.0] linvel=[0.0, 0.0, 0.0] z=0.7975
[lowlevel-sim][GT] t=10.851 quat=[0.70739, 0.0, 0.0, 0.70683] angvel=[0.0, 0.0, 0.0] linvel=[0.0, 0.0, 0.0] z=0.7975
[lowlevel-sim][GT] t=10.901 quat=[0.70739, 0.0, 0.0, 0.70683] angvel=[0.0, 0.0, 0.0] linvel=[0.0, 0.0, 0.0] z=0.7975
[lowlevel-sim][GT] t=10.951 quat=[0.70739, 0.0, 0.0, 0.70683] angvel=[0.0, 0.0, 0.0] linvel=[0.0, 0.0, 0.0] z=0.7975
[lowlevel-sim] t=  11.00 mode=hold       pd=10178 hold=10178 failclosed=0 rtf=0.225 base_z=+0.798 pitch=+0.000 roll=+0.000 |tau|max= 35.00 sat=6/29 knee_L=+0.300 hip_p_L=-0.101 torn=9397 cmd_age=9.8ms auth=3.3s rig_ign=821 fix_base=1 sat_j=left_ankle_roll_joint:-35.0,right_ankle_roll_joint:-35.0,left_wrist_roll_joint:-25.0,left_wrist_pitch_joint:-5.0,right_wrist_roll_joint:-25.0,right_wrist_yaw_joint:+5.0
[lowlevel-sim][GT] t=11.001 quat=[0.70739, 0.0, 0.0, 0.70683] angvel=[0.0, 0.0, 0.0] linvel=[0.0, 0.0, 0.0] z=0.7975
[lowlevel-sim][GT] t=11.051 quat=[0.70739, 0.0, 0.0, 0.70683] angvel=[0.0, 0.0, 0.0] linvel=[0.0, 0.0, 0.0] z=0.7975
[lowlevel-sim][GT] t=11.101 quat=[0.70739, 0.0, 0.0, 0.70683] angvel=[0.0, 0.0, 0.0] linvel=[0.0, 0.0, 0.0] z=0.7975
[lowlevel-sim][GT] t=11.151 quat=[0.70739, 0.0, 0.0, 0.70683] angvel=[0.0, 0.0, 0.0] linvel=[0.0, 0.0, 0.0] z=0.7975
[lowlevel-sim][GT] t=11.201 quat=[0.70739, 0.0, 0.0, 0.70683] angvel=[0.0, 0.0, 0.0] linvel=[0.0, 0.0, 0.0] z=0.7975
[lowlevel-sim][GT] t=11.251 quat=[0.70739, 0.0, 0.0, 0.70683] angvel=[0.0, 0.0, 0.0] linvel=[0.0, 0.0, 0.0] z=0.7975
[lowlevel-sim][GT] t=11.301 quat=[0.70739, 0.0, 0.0, 0.70683] angvel=[0.0, 0.0, 0.0] linvel=[0.0, 0.0, 0.0] z=0.7975
[lowlevel-sim][GT] t=11.351 quat=[0.70739, 0.0, 0.0, 0.70683] angvel=[0.0, 0.0, 0.0] linvel=[0.0, 0.0, 0.0] z=0.7975
[lowlevel-sim] TEST RIG RELEASED at t=11.400s -- controller has had authority for 5.0s (C-30)
[lowlevel-sim] COMMANDED at t=11.400s (was idle hold)
[lowlevel-sim][GT] t=11.401 quat=[0.70732, 7e-05, 5e-05, 0.70689] angvel=[0.02982, 0.16689, 0.19182] linvel=[-0.07643, -0.00821, -0.02057] z=0.7975
[lowlevel-sim][GT] t=11.451 quat=[0.70465, 0.00574, -0.00487, 0.70951] angvel=[1.17817, -0.09968, 0.62426] linvel=[-0.02811, -0.23809, -0.16605] z=0.7837
[lowlevel-sim] t=  11.50 mode=cmd        pd=10428 hold=10378 failclosed=0 rtf=0.226 base_z=+0.781 pitch=-0.050 roll=+0.001 |tau|max= 25.00 sat=5/29 knee_L=+0.365 hip_p_L=-0.100 torn=9410 cmd_age=36.8ms auth=5.4s rig_ign=1021 fix_base=0 sat_j=left_wrist_roll_joint:-25.0,left_wrist_pitch_joint:-5.0,left_wrist_yaw_joint:+5.0,right_wrist_roll_joint:-25.0,right_wrist_yaw_joint:+5.0
[lowlevel-sim][GT] t=11.501 quat=[0.70317, 0.01837, -0.0174, 0.71057] angvel=[0.22022, -0.01202, -0.00159] linvel=[-0.03152, -0.09877, -0.01273] z=0.7809
[lowlevel-sim][GT] t=11.551 quat=[0.7034, 0.01981, -0.01906, 0.71027] angvel=[-0.0088, 0.00264, -0.01904] linvel=[-0.02043, -0.03218, 0.0005] z=0.7807
[lowlevel-sim][GT] t=11.601 quat=[0.70381, 0.01819, -0.01743, 0.70994] angvel=[-0.26557, -0.02553, -0.02167] linvel=[-0.01561, 0.07049, 0.00414] z=0.7808
[lowlevel-sim][GT] t=11.651 quat=[0.70393, 0.01438, -0.01405, 0.70999] angvel=[-0.1949, -0.00949, 0.02965] linvel=[-0.01776, 0.15712, -0.00212] z=0.7810
[lowlevel-sim] FAIL-CLOSED engaged at t=11.696s, last command age 85.21 ms (deadline <= 100 ms) PASS
[lowlevel-sim] COMMANDED at t=11.700s (was fail-closed)
[lowlevel-sim][GT] t=11.701 quat=[0.70383, 0.01081, -0.01054, 0.71021] angvel=[-0.11496, -0.0005, -0.03345] linvel=[-0.01266, 0.19111, -0.0216] z=0.7807
[lowlevel-sim][GT] t=11.751 quat=[0.70439, 0.00697, -0.00687, 0.70974] angvel=[-0.26963, -0.00898, -0.01699] linvel=[-0.01328, 0.23044, -0.01258] z=0.7801
[lowlevel-sim][GT] t=11.801 quat=[0.70494, 0.00187, -0.00192, 0.70926] angvel=[-0.30418, 0.00177, -0.03627] linvel=[-0.00372, 0.24129, -0.01944] z=0.7793
[lowlevel-sim][GT] t=11.851 quat=[0.70564, -0.0041, 0.00381, 0.70854] angvel=[-0.35872, -0.01515, -0.04181] linvel=[-0.00522, 0.2448, -0.02213] z=0.7782
[lowlevel-sim][GT] t=11.901 quat=[0.70623, -0.01112, 0.01059, 0.70781] angvel=[-0.42294, -0.00095, -0.03342] linvel=[-1e-05, 0.25124, -0.02634] z=0.7770
[lowlevel-sim][GT] t=11.951 quat=[0.70653, -0.01952, 0.01876, 0.70716] angvel=[-0.50967, -0.01925, -0.02404] linvel=[-0.00345, 0.26634, -0.02956] z=0.7755
[lowlevel-sim] t=  12.00 mode=cmd        pd=10679 hold=10378 failclosed=3 rtf=0.226 base_z=+0.774 pitch=+0.081 roll=-0.001 |tau|max= 25.00 sat=5/29 knee_L=+0.361 hip_p_L=-0.095 torn=9425 cmd_age=38.1ms auth=7.5s rig_ign=1021 fix_base=0 sat_j=left_wrist_roll_joint:+25.0,left_wrist_pitch_joint:-5.0,left_wrist_yaw_joint:-5.0,right_wrist_roll_joint:+25.0,right_wrist_yaw_joint:-5.0
[lowlevel-sim][GT] t=12.001 quat=[0.70651, -0.02942, 0.02847, 0.70652] angvel=[-0.59686, 0.00126, -0.025] linvel=[-0.00244, 0.2971, -0.03849] z=0.7736
[lowlevel-sim][GT] t=12.051 quat=[0.7063, -0.04096, 0.03987, 0.7056] angvel=[-0.70023, -0.01086, -0.00021] linvel=[-0.00573, 0.34442, -0.05203] z=0.7711
[lowlevel-sim][GT] t=12.101 quat=[0.70539, -0.05441, 0.05316, 0.70472] angvel=[-0.81698, 0.00374, 0.01517] linvel=[0.00263, 0.40893, -0.0765] z=0.7675
[lowlevel-sim][GT] t=12.151 quat=[0.70359, -0.06991, 0.06875, 0.70381] angvel=[-0.95155, -0.00279, 0.03477] linvel=[0.00093, 0.49045, -0.1099] z=0.7623
[lowlevel-sim][GT] t=12.201 quat=[0.70105, -0.08796, 0.0869, 0.70231] angvel=[-1.10767, 0.00145, 0.02573] linvel=[0.00948, 0.58475, -0.15916] z=0.7548
[lowlevel-sim][GT] t=12.251 quat=[0.69752, -0.10884, 0.10792, 0.69998] angvel=[-1.28538, -0.0004, 0.03563] linvel=[0.00477, 0.68874, -0.22654] z=0.7439
[lowlevel-sim][GT] t=12.301 quat=[0.69294, -0.13297, 0.13218, 0.69619] angvel=[-1.49152, 0.02122, 0.01209] linvel=[0.01149, 0.79968, -0.31844] z=0.7286
[lowlevel-sim][GT] t=12.351 quat=[0.68634, -0.16065, 0.16009, 0.69101] angvel=[-1.71425, 0.01061, 0.05395] linvel=[0.00501, 0.90588, -0.44092] z=0.7071
[lowlevel-sim][GT] t=12.401 quat=[0.67727, -0.19228, 0.1914, 0.68388] angvel=[-1.94176, -0.00433, 0.05781] linvel=[0.00341, 1.01374, -0.57396] z=0.6782
[lowlevel-sim][GT] t=12.451 quat=[0.66597, -0.22757, 0.22572, 0.67361] angvel=[-2.18777, -0.03899, 0.0255] linvel=[-0.00924, 1.1631, -0.69067] z=0.6422
[lowlevel-sim] t=  12.50 mode=cmd        pd=10929 hold=10378 failclosed=3 rtf=0.227 base_z=+0.599 pitch=+0.768 roll=+0.002 |tau|max= 32.46 sat=5/29 knee_L=+0.258 hip_p_L=-0.131 torn=9442 cmd_age=27.5ms auth=9.5s rig_ign=1021 fix_base=0 sat_j=left_wrist_roll_joint:+25.0,left_wrist_pitch_joint:-5.0,left_wrist_yaw_joint:-5.0,right_wrist_roll_joint:+25.0,right_wrist_yaw_joint:-5.0
[lowlevel-sim][GT] t=12.501 quat=[0.65132, -0.26656, 0.2646, 0.65933] angvel=[-2.48296, -0.14037, -0.00201] linvel=[0.01916, 1.36011, -0.84945] z=0.5981
[lowlevel-sim][GT] t=12.551 quat=[0.63141, -0.3135, 0.311, 0.63743] angvel=[-3.18091, 0.07577, -0.03192] linvel=[-0.05303, 1.53026, -1.15003] z=0.5409
[lowlevel-sim][GT] t=12.601 quat=[0.6027, -0.36775, 0.36466, 0.60707] angvel=[-3.62575, -0.18607, -0.00318] linvel=[0.02464, 1.56382, -1.63149] z=0.4605
[lowlevel-sim][GT] t=12.651 quat=[0.56837, -0.42113, 0.41667, 0.57095] angvel=[-3.54561, 0.03968, -0.06724] linvel=[-0.04619, 1.49403, -2.1145] z=0.3537
[lowlevel-sim][GT] t=12.701 quat=[0.53247, -0.4667, 0.46182, 0.53422] angvel=[-2.8266, -0.1292, 0.06461] linvel=[0.02018, 1.51756, -2.39912] z=0.2266
[lowlevel-sim][GT] t=12.751 quat=[0.48832, -0.51567, 0.5063, 0.48916] angvel=[-6.87639, -0.4659, 0.21638] linvel=[-0.02487, 0.93163, -1.16091] z=0.0988
[lowlevel-sim][GT] t=12.801 quat=[0.47006, -0.53555, 0.5232, 0.46742] angvel=[-0.0068, -0.12913, 0.1521] linvel=[0.03202, 0.12991, 0.09801] z=0.0819
[lowlevel-sim][GT] t=12.851 quat=[0.46775, -0.53732, 0.52357, 0.4673] angvel=[0.15237, 0.11509, -0.03578] linvel=[-0.03321, 0.0442, -0.02961] z=0.0855
[lowlevel-sim][GT] t=12.901 quat=[0.47749, -0.53152, 0.51651, 0.47192] angvel=[0.84528, -0.35004, 0.00044] linvel=[0.01736, -0.01022, -0.10142] z=0.0842
[lowlevel-sim][GT] t=12.951 quat=[0.48076, -0.52555, 0.51298, 0.47908] angvel=[0.61865, -0.03173, -0.02986] linvel=[-0.01516, -0.0937, 0.20626] z=0.0909
[lowlevel-sim] t=  13.00 mode=cmd        pd=11179 hold=10378 failclosed=3 rtf=0.229 base_z=+0.104 pitch=+1.527 roll=-3.023 |tau|max= 35.00 sat=6/29 knee_L=+0.263 hip_p_L=-0.107 torn=9459 cmd_age=32.1ms auth=11.3s rig_ign=1021 fix_base=0 sat_j=left_ankle_roll_joint:+35.0,right_ankle_roll_joint:+35.0,left_wrist_pitch_joint:+5.0,left_wrist_yaw_joint:+5.0,right_wrist_pitch_joint:+5.0,right_wrist_yaw_joint:-5.0
[lowlevel-sim][GT] t=13.001 quat=[0.4868, -0.51547, 0.50541, 0.49181] angvel=[0.78779, 0.42366, 0.34249] linvel=[0.05993, -0.07486, 0.1502] z=0.1039
[lowlevel-sim][GT] t=13.051 quat=[0.48867, -0.51172, 0.50188, 0.49745] angvel=[0.0161, 0.06511, -0.04957] linvel=[-0.02762, 0.00873, 0.00121] z=0.1075
[lowlevel-sim][GT] t=13.101 quat=[0.48785, -0.51221, 0.50172, 0.49792] angvel=[-0.0806, -0.04238, 0.10314] linvel=[0.03079, 0.01724, -0.00556] z=0.1073
[lowlevel-sim][GT] t=13.151 quat=[0.48553, -0.51395, 0.50293, 0.49718] angvel=[-0.11996, 0.05035, -0.04866] linvel=[-0.03838, -0.00125, -0.00592] z=0.1063
[lowlevel-sim][GT] t=13.201 quat=[0.48463, -0.51484, 0.50367, 0.49638] angvel=[-0.02, -0.0207, 0.07089] linvel=[0.0408, 0.004, -0.0013] z=0.1059
[lowlevel-sim][GT] t=13.251 quat=[0.48492, -0.51457, 0.5034, 0.49665] angvel=[0.0854, 0.09386, -0.05728] linvel=[-0.02921, 0.00383, 0.02086] z=0.1061
[lowlevel-sim][GT] t=13.301 quat=[0.48627, -0.51337, 0.50219, 0.49779] angvel=[0.06643, -0.02104, 0.0803] linvel=[0.02264, 0.0061, 0.01594] z=0.1071
[lowlevel-sim][GT] t=13.351 quat=[0.48668, -0.51258, 0.50124, 0.49917] angvel=[0.0459, 0.06693, -0.06061] linvel=[-0.04041, 0.00391, 0.01404] z=0.1080
[lowlevel-sim][GT] t=13.401 quat=[0.48712, -0.51211, 0.50058, 0.49987] angvel=[-0.02135, -0.0493, 0.09172] linvel=[0.02097, 0.00314, 0.01167] z=0.1086
[lowlevel-sim][GT] t=13.451 quat=[0.48674, -0.51177, 0.50051, 0.50066] angvel=[-0.00651, 0.08284, -0.06888] linvel=[-0.05231, 0.00429, 0.00996] z=0.1090
[lowlevel-sim] t=  13.50 mode=cmd        pd=11429 hold=10378 failclosed=3 rtf=0.230 base_z=+0.109 pitch=+1.547 roll=+2.990 |tau|max= 35.00 sat=2/29 knee_L=+0.298 hip_p_L=-0.113 torn=9480 cmd_age=28.4ms auth=13.1s rig_ign=1021 fix_base=0 sat_j=left_ankle_roll_joint:+35.0,right_ankle_roll_joint:+35.0
[lowlevel-sim][GT] t=13.501 quat=[0.48676, -0.51145, 0.50028, 0.5012] angvel=[-0.02137, -0.02777, 0.08082] linvel=[0.00606, 0.00437, 0.01421] z=0.1094
[lowlevel-sim][GT] t=13.551 quat=[0.48747, -0.51056, 0.5003, 0.5014] angvel=[0.07287, 0.07675, -0.06238] linvel=[-0.04606, 0.00364, -0.00079] z=0.1099
[lowlevel-sim][GT] t=13.601 quat=[0.48807, -0.51048, 0.50011, 0.50109] angvel=[-0.08895, -0.00917, 0.09165] linvel=[0.0106, 0.00271, 0.00816] z=0.1100
[lowlevel-sim][GT] t=13.651 quat=[0.48829, -0.51091, 0.49964, 0.5009] angvel=[0.01313, 0.09977, -0.0541] linvel=[-0.03451, 0.00395, -0.00183] z=0.1099
[lowlevel-sim][GT] t=13.701 quat=[0.48824, -0.51174, 0.49897, 0.50077] angvel=[-0.03117, -0.17676, 0.06725] linvel=[0.01822, 0.00172, -0.00179] z=0.1098
[lowlevel-sim][GT] t=13.751 quat=[0.48777, -0.51224, 0.49852, 0.50118] angvel=[0.04924, 0.03355, -0.07666] linvel=[-0.03463, 0.00351, -0.00664] z=0.1097
[lowlevel-sim][GT] t=13.801 quat=[0.48727, -0.51253, 0.49837, 0.50151] angvel=[-0.07021, -0.12141, 0.09795] linvel=[0.02056, 0.00486, 0.00516] z=0.1096
[lowlevel-sim][GT] t=13.851 quat=[0.48689, -0.51316, 0.49811, 0.50148] angvel=[0.05699, -0.02648, -0.05073] linvel=[-0.02563, 0.00323, -0.0015] z=0.1096
[lowlevel-sim][GT] t=13.901 quat=[0.487, -0.51336, 0.49818, 0.50111] angvel=[-0.00863, 0.09463, 0.02514] linvel=[0.02254, -0.00098, 0.00763] z=0.1097
[lowlevel-sim][GT] t=13.951 quat=[0.48723, -0.51313, 0.4979, 0.5014] angvel=[-0.01954, 0.08305, -0.03108] linvel=[-0.02915, 0.00218, 0.01204] z=0.1102
[lowlevel-sim] t=  14.00 mode=cmd        pd=11679 hold=10378 failclosed=3 rtf=0.232 base_z=+0.111 pitch=+1.551 roll=-3.092 |tau|max= 35.00 sat=1/29 knee_L=+0.296 hip_p_L=-0.111 torn=9505 cmd_age=25.7ms auth=14.9s rig_ign=1021 fix_base=0 sat_j=left_ankle_roll_joint:+35.0
[lowlevel-sim][GT] t=14.001 quat=[0.48797, -0.51257, 0.49731, 0.50184] angvel=[-0.00595, -0.07066, 0.08723] linvel=[0.02893, 0.00354, 0.0076] z=0.1106
[lowlevel-sim][GT] t=14.051 quat=[0.48831, -0.51201, 0.49714, 0.50224] angvel=[0.01545, -0.02631, -0.09169] linvel=[-0.02567, 0.00352, 0.00437] z=0.1110
[lowlevel-sim][GT] t=14.101 quat=[0.48873, -0.51182, 0.49711, 0.50206] angvel=[0.03133, -0.01898, 0.0336] linvel=[0.02476, 0.00563, 0.00625] z=0.1112
[lowlevel-sim][GT] t=14.151 quat=[0.48887, -0.51133, 0.49727, 0.50226] angvel=[-0.00534, 0.11341, -0.05415] linvel=[-0.0293, 0.00254, 0.00214] z=0.1113
[lowlevel-sim][GT] t=14.201 quat=[0.48894, -0.51104, 0.49742, 0.50235] angvel=[-0.06276, 0.00266, 0.03719] linvel=[-0.00209, 0.00072, 0.0098] z=0.1115
[lowlevel-sim][GT] t=14.251 quat=[0.48899, -0.51084, 0.49762, 0.5023] angvel=[-0.185, -0.24497, -0.06296] linvel=[-0.02986, -0.00589, 0.02076] z=0.1117
[lowlevel-sim][GT] t=14.301 quat=[0.48966, -0.51069, 0.49749, 0.50192] angvel=[-0.11089, 0.03984, 0.09829] linvel=[0.00601, -0.0027, 0.01545] z=0.1118
[lowlevel-sim][GT] t=14.351 quat=[0.48901, -0.51055, 0.49767, 0.50252] angvel=[0.03392, 0.16861, -0.04668] linvel=[-0.05069, 0.00269, -0.0013] z=0.1118
[lowlevel-sim][GT] t=14.401 quat=[0.48953, -0.51041, 0.49763, 0.5022] angvel=[-0.10566, 0.03429, 0.03063] linvel=[-0.00499, 0.00069, 0.01109] z=0.1119
[lowlevel-sim][GT] t=14.451 quat=[0.48944, -0.51033, 0.49754, 0.50245] angvel=[0.00133, -0.00299, -0.03664] linvel=[-0.04472, -0.00105, -0.00155] z=0.1119
[lowlevel-sim] t=  14.50 mode=cmd        pd=11929 hold=10378 failclosed=3 rtf=0.234 base_z=+0.112 pitch=+1.555 roll=-3.127 |tau|max= 35.00 sat=1/29 knee_L=+0.303 hip_p_L=-0.113 torn=9527 cmd_age=20.8ms auth=16.5s rig_ign=1021 fix_base=0 sat_j=left_ankle_roll_joint:+35.0
[lowlevel-sim][GT] t=14.501 quat=[0.48964, -0.51049, 0.49742, 0.50223] angvel=[-0.01188, -0.04323, 0.04273] linvel=[0.00481, 0.00443, 0.00416] z=0.1120
[lowlevel-sim][GT] t=14.551 quat=[0.48981, -0.51026, 0.49751, 0.50219] angvel=[0.00081, 0.16903, -0.0524] linvel=[-0.04561, 0.00254, 0.0001] z=0.1120
[lowlevel-sim][GT] t=14.601 quat=[0.49015, -0.51032, 0.49725, 0.50206] angvel=[0.07833, -0.21399, 0.00532] linvel=[0.00999, 0.00346, -0.00579] z=0.1120
[lowlevel-sim][GT] t=14.651 quat=[0.49052, -0.51039, 0.49692, 0.50196] angvel=[-0.05897, -0.04122, -0.04737] linvel=[-0.0303, -0.00319, 0.00337] z=0.1120
[lowlevel-sim][GT] t=14.701 quat=[0.49087, -0.51034, 0.49698, 0.50161] angvel=[0.02469, -0.03952, 0.0318] linvel=[0.02075, 0.00584, 0.00491] z=0.1120
[lowlevel-sim][GT] t=14.751 quat=[0.49079, -0.51017, 0.49715, 0.50169] angvel=[-0.00571, 0.12229, -0.04891] linvel=[-0.03303, 0.00203, 0.00156] z=0.1120
[lowlevel-sim][GT] t=14.801 quat=[0.49104, -0.51019, 0.49721, 0.50136] angvel=[0.07173, -0.1855, 0.0143] linvel=[0.01024, 0.00312, -0.00774] z=0.1119
[lowlevel-sim][GT] t=14.851 quat=[0.4913, -0.50995, 0.49751, 0.50105] angvel=[0.00455, 0.07174, -0.09985] linvel=[-0.03106, 0.00144, -0.00101] z=0.1119
[lowlevel-sim][GT] t=14.901 quat=[0.4918, -0.50989, 0.49744, 0.5007] angvel=[0.03287, -0.16497, 0.0494] linvel=[0.01961, 0.00203, -0.00391] z=0.1119
[lowlevel-sim][GT] t=14.951 quat=[0.49181, -0.50983, 0.4976, 0.50059] angvel=[0.01958, 0.06976, -0.06166] linvel=[-0.02453, 0.00296, -0.00296] z=0.1119
[lowlevel-sim] t=  15.00 mode=cmd        pd=12179 hold=10378 failclosed=3 rtf=0.236 base_z=+0.112 pitch=+1.555 roll=-2.926 |tau|max= 35.00 sat=1/29 knee_L=+0.299 hip_p_L=-0.109 torn=9554 cmd_age=37.3ms auth=18.2s rig_ign=1021 fix_base=0 sat_j=left_ankle_roll_joint:+35.0
[lowlevel-sim][GT] t=15.001 quat=[0.49194, -0.50979, 0.49777, 0.50034] angvel=[0.08673, -0.08311, -0.00245] linvel=[0.0119, -0.00121, -0.01058] z=0.1118
[lowlevel-sim][GT] t=15.051 quat=[0.49172, -0.50995, 0.49786, 0.50029] angvel=[-0.04867, 0.07342, -0.01075] linvel=[-0.03086, -0.00029, 0.00479] z=0.1118
[lowlevel-sim][GT] t=15.101 quat=[0.49193, -0.50991, 0.49773, 0.50027] angvel=[0.00525, -0.04184, 0.05076] linvel=[0.01983, 0.00526, 0.00138] z=0.1118
[lowlevel-sim][GT] t=15.151 quat=[0.49212, -0.50978, 0.498, 0.49994] angvel=[-0.00707, 0.04611, -0.0341] linvel=[-0.01914, 0.00094, 0.00109] z=0.1118
[lowlevel-sim][GT] t=15.201 quat=[0.49228, -0.50943, 0.49833, 0.49981] angvel=[-0.1516, 0.11539, 0.04617] linvel=[0.02313, -0.00388, 0.0152] z=0.1120
[lowlevel-sim][GT] t=15.251 quat=[0.49239, -0.50893, 0.49866, 0.49988] angvel=[-0.04808, 0.02109, -0.04993] linvel=[-0.02728, 0.00194, 0.0068] z=0.1121
[lowlevel-sim][GT] t=15.301 quat=[0.49282, -0.50884, 0.49864, 0.49956] angvel=[0.09453, -0.183, 0.07227] linvel=[0.02277, 0.00371, -0.00657] z=0.1122
[lowlevel-sim][GT] t=15.351 quat=[0.49266, -0.5088, 0.49866, 0.49975] angvel=[-0.09619, 0.03787, -0.00109] linvel=[-0.02496, -0.00111, 0.00933] z=0.1122
[lowlevel-sim][GT] t=15.401 quat=[0.49304, -0.50877, 0.49862, 0.49944] angvel=[-0.0993, 0.1258, 0.00084] linvel=[0.0122, -0.00663, 0.00992] z=0.1122
[lowlevel-sim][GT] t=15.451 quat=[0.49308, -0.50854, 0.4986, 0.49965] angvel=[-0.04148, 0.01496, -0.03759] linvel=[-0.02936, 0.00231, 0.00553] z=0.1123
[lowlevel-sim] t=  15.50 mode=cmd        pd=12429 hold=10378 failclosed=3 rtf=0.236 base_z=+0.112 pitch=+1.556 roll=-2.885 |tau|max= 35.00 sat=1/29 knee_L=+0.301 hip_p_L=-0.110 torn=9581 cmd_age=34.6ms auth=20.1s rig_ign=1021 fix_base=0 sat_j=left_ankle_roll_joint:+35.0
[lowlevel-sim][GT] t=15.501 quat=[0.49333, -0.50866, 0.49844, 0.49944] angvel=[0.0305, -0.18875, 0.05306] linvel=[0.02016, 0.00284, -0.00393] z=0.1123
[lowlevel-sim][GT] t=15.551 quat=[0.49328, -0.50863, 0.49857, 0.49939] angvel=[-0.15875, -0.02735, -0.03857] linvel=[-0.01723, -0.00264, 0.01582] z=0.1123
[lowlevel-sim][GT] t=15.601 quat=[0.49338, -0.50854, 0.49866, 0.4993] angvel=[-0.03482, 0.08353, 0.01452] linvel=[0.01753, 0.0003, 0.00368] z=0.1123
[lowlevel-sim][GT] t=15.651 quat=[0.49305, -0.50838, 0.4989, 0.49956] angvel=[-0.02828, -0.01808, -0.02901] linvel=[-0.03188, 0.0017, 0.00424] z=0.1124
[lowlevel-sim][GT] t=15.701 quat=[0.4931, -0.50848, 0.49866, 0.49963] angvel=[0.02146, -0.09051, 0.07238] linvel=[0.01873, 0.00338, 0.00028] z=0.1125
[lowlevel-sim][GT] t=15.751 quat=[0.49298, -0.50841, 0.49871, 0.49978] angvel=[-0.01267, 0.09132, -0.03332] linvel=[-0.01983, 0.00142, 0.00255] z=0.1126
[lowlevel-sim][GT] t=15.801 quat=[0.49311, -0.50827, 0.49865, 0.49985] angvel=[0.02569, -0.18062, 0.00125] linvel=[0.01836, -0.00199, -0.0001] z=0.1127
[lowlevel-sim][GT] t=15.851 quat=[0.49304, -0.50799, 0.49893, 0.49992] angvel=[-0.02128, -0.00974, -0.0274] linvel=[-0.02683, 0.00349, 0.00544] z=0.1128
[lowlevel-sim][GT] t=15.901 quat=[0.49318, -0.50803, 0.4986, 0.50007] angvel=[-0.10638, 0.02136, 0.06888] linvel=[0.01457, 0.00114, 0.01243] z=0.1129
[lowlevel-sim][GT] t=15.951 quat=[0.49305, -0.50804, 0.49859, 0.50021] angvel=[-0.01854, 0.10046, -0.02251] linvel=[-0.01809, 0.00174, 0.00268] z=0.1130
[lowlevel-sim] t=  16.00 mode=cmd        pd=12679 hold=10378 failclosed=3 rtf=0.236 base_z=+0.113 pitch=+1.558 roll=-2.983 |tau|max= 35.00 sat=1/29 knee_L=+0.307 hip_p_L=-0.113 torn=9601 cmd_age=39.4ms auth=22.2s rig_ign=1021 fix_base=0 sat_j=left_ankle_roll_joint:+35.0
[lowlevel-sim][GT] t=16.001 quat=[0.4931, -0.50803, 0.49846, 0.50031] angvel=[-0.0177, -0.0337, -0.0242] linvel=[0.02287, 0.00185, 0.00481] z=0.1131
[lowlevel-sim][GT] t=16.051 quat=[0.49301, -0.50769, 0.49869, 0.5005] angvel=[-0.07666, -0.04948, -0.06816] linvel=[-0.031, -0.00192, 0.01132] z=0.1132
[lowlevel-sim][GT] t=16.101 quat=[0.49341, -0.50764, 0.49854, 0.5003] angvel=[0.05245, -0.22046, 0.06328] linvel=[0.02097, 0.00249, -0.00387] z=0.1132
[lowlevel-sim][GT] t=16.151 quat=[0.49345, -0.50747, 0.4986, 0.50038] angvel=[-0.01571, 0.03922, -0.01574] linvel=[-0.01729, 0.00238, 0.00044] z=0.1132
[lowlevel-sim][GT] t=16.201 quat=[0.49351, -0.50757, 0.49861, 0.50021] angvel=[0.0887, -0.09683, 0.03744] linvel=[0.01715, -0.00029, -0.00876] z=0.1132
[lowlevel-sim][GT] t=16.251 quat=[0.49354, -0.50731, 0.49881, 0.50024] angvel=[-0.02911, 0.09987, -0.07832] linvel=[-0.02756, -0.00389, 0.00185] z=0.1133
[lowlevel-sim][GT] t=16.301 quat=[0.49391, -0.50726, 0.49866, 0.50007] angvel=[-0.05879, -0.00641, 0.04309] linvel=[0.015, 0.0037, 0.01026] z=0.1133
[lowlevel-sim][GT] t=16.351 quat=[0.49389, -0.50722, 0.49877, 0.50003] angvel=[-0.17535, 0.02188, -0.02189] linvel=[-0.02097, -0.00454, 0.0178] z=0.1133
[lowlevel-sim][GT] t=16.401 quat=[0.49404, -0.50718, 0.4988, 0.49989] angvel=[-0.17229, 0.17586, 0.03507] linvel=[0.0137, -0.00418, 0.01597] z=0.1133
[lowlevel-sim][GT] t=16.451 quat=[0.49395, -0.5071, 0.49899, 0.49987] angvel=[-0.03491, 0.11417, -0.08459] linvel=[-0.02653, -0.00392, 0.00473] z=0.1133
[lowlevel-sim] t=  16.50 mode=cmd        pd=12929 hold=10378 failclosed=3 rtf=0.237 base_z=+0.113 pitch=+1.559 roll=-2.941 |tau|max= 35.00 sat=1/29 knee_L=+0.307 hip_p_L=-0.113 torn=9631 cmd_age=30.7ms auth=24.1s rig_ign=1021 fix_base=0 sat_j=left_ankle_roll_joint:+35.0
[lowlevel-sim][GT] t=16.501 quat=[0.49426, -0.50698, 0.49884, 0.49983] angvel=[-0.18023, 0.09636, 0.06159] linvel=[0.00883, -0.00225, 0.0202] z=0.1134
[lowlevel-sim][GT] t=16.551 quat=[0.49401, -0.50696, 0.49911, 0.49983] angvel=[-0.04362, 0.13147, 0.00497] linvel=[-0.02597, -0.00086, 0.00521] z=0.1133
[lowlevel-sim][GT] t=16.601 quat=[0.49435, -0.50668, 0.49932, 0.49957] angvel=[-0.11491, 0.16726, 0.02795] linvel=[0.01025, -0.00405, 0.01205] z=0.1133
[lowlevel-sim][GT] t=16.651 quat=[0.49428, -0.50662, 0.4995, 0.49953] angvel=[-0.01093, 0.12751, -0.08405] linvel=[-0.02721, -0.00351, 0.0019] z=0.1133
[lowlevel-sim][GT] t=16.701 quat=[0.49463, -0.5066, 0.49918, 0.49951] angvel=[0.06532, -0.18902, 0.05383] linvel=[0.01716, 0.00362, -0.00142] z=0.1134
[lowlevel-sim][GT] t=16.751 quat=[0.4947, -0.50643, 0.49926, 0.49954] angvel=[-0.06785, 0.16939, 0.00474] linvel=[-0.0264, -0.00093, 0.00835] z=0.1134
[lowlevel-sim][GT] t=16.801 quat=[0.49489, -0.50655, 0.49926, 0.49923] angvel=[-0.12459, 0.12259, 0.00345] linvel=[0.01078, -0.00596, 0.01013] z=0.1134
[lowlevel-sim][GT] t=16.851 quat=[0.49466, -0.50644, 0.49955, 0.49929] angvel=[-0.0514, 0.11982, -0.07155] linvel=[-0.02922, -0.00364, 0.00223] z=0.1134
[lowlevel-sim][GT] t=16.901 quat=[0.49481, -0.50647, 0.49947, 0.49917] angvel=[0.07817, -0.19936, 0.07977] linvel=[0.01904, 0.00325, -0.00737] z=0.1134
[lowlevel-sim][GT] t=16.951 quat=[0.49481, -0.50649, 0.49949, 0.49914] angvel=[0.02154, 0.03177, -0.03076] linvel=[-0.01342, 0.00106, -0.0022] z=0.1134
[lowlevel-sim] t=  17.00 mode=cmd        pd=13179 hold=10378 failclosed=3 rtf=0.237 base_z=+0.113 pitch=+1.558 roll=-2.946 |tau|max= 35.00 sat=1/29 knee_L=+0.308 hip_p_L=-0.113 torn=9653 cmd_age=32.7ms auth=26.2s rig_ign=1021 fix_base=0 sat_j=left_ankle_roll_joint:+35.0
[lowlevel-sim][GT] t=17.001 quat=[0.49494, -0.50629, 0.49969, 0.49901] angvel=[-0.06727, 0.11449, -0.01138] linvel=[0.01019, 8e-05, 0.00593] z=0.1133
[lowlevel-sim][GT] t=17.051 quat=[0.49492, -0.50616, 0.49993, 0.49892] angvel=[-0.06786, 0.03774, -0.076] linvel=[-0.02718, -0.00378, 0.00789] z=0.1133
[lowlevel-sim][GT] t=17.101 quat=[0.49536, -0.50622, 0.49964, 0.49871] angvel=[0.05015, -0.16101, 0.0605] linvel=[0.0195, 0.00258, -0.00404] z=0.1134
[lowlevel-sim] FAIL-CLOSED engaged at t=17.128s, last command age 87.31 ms (deadline <= 100 ms) PASS
[lowlevel-sim] COMMANDED at t=17.130s (was fail-closed)
[lowlevel-sim][GT] t=17.151 quat=[0.49525, -0.50626, 0.49991, 0.49852] angvel=[-0.13432, 0.04776, 0.04633] linvel=[0.01395, 0.00053, 0.01304] z=0.1133
[lowlevel-sim][GT] t=17.201 quat=[0.49511, -0.50631, 0.50008, 0.49843] angvel=[0.01879, 0.04442, -0.05882] linvel=[-0.02036, 0.00238, -0.00043] z=0.1132
[lowlevel-sim][GT] t=17.251 quat=[0.49525, -0.50644, 0.49995, 0.49829] angvel=[-0.14622, 0.08994, 0.03231] linvel=[0.00838, -0.00535, 0.01647] z=0.1132
[lowlevel-sim][GT] t=17.301 quat=[0.49507, -0.50632, 0.4999, 0.49864] angvel=[-0.02163, 0.03177, -0.06698] linvel=[-0.02366, -0.00233, 0.0025] z=0.1133
[lowlevel-sim][GT] t=17.351 quat=[0.49517, -0.50626, 0.50004, 0.49846] angvel=[-0.05481, -0.06982, 0.07] linvel=[0.01885, 0.00156, 0.00801] z=0.1133
[lowlevel-sim][GT] t=17.401 quat=[0.49504, -0.50612, 0.50008, 0.49869] angvel=[-0.0445, 0.15033, -0.01951] linvel=[-0.02714, 1e-05, 0.00648] z=0.1133
[lowlevel-sim][GT] t=17.451 quat=[0.49536, -0.50598, 0.49992, 0.49867] angvel=[-0.08654, 0.10553, 0.0139] linvel=[0.01132, -0.00103, 0.00688] z=0.1134
[lowlevel-sim] t=  17.50 mode=cmd        pd=13430 hold=10378 failclosed=5 rtf=0.237 base_z=+0.113 pitch=+1.559 roll=-2.918 |tau|max= 35.00 sat=1/29 knee_L=+0.309 hip_p_L=-0.113 torn=9678 cmd_age=30.3ms auth=28.2s rig_ign=1021 fix_base=0 sat_j=right_ankle_roll_joint:-35.0
[lowlevel-sim][GT] t=17.501 quat=[0.4954, -0.5059, 0.50005, 0.49859] angvel=[-0.02256, 0.10217, -0.0694] linvel=[-0.0304, -0.00171, 0.00327] z=0.1134
[lowlevel-sim][GT] t=17.551 quat=[0.49573, -0.50584, 0.49994, 0.49844] angvel=[-0.18235, 0.06275, 0.02895] linvel=[0.0129, 0.00205, 0.01757] z=0.1133
[lowlevel-sim][GT] t=17.601 quat=[0.49566, -0.50588, 0.50014, 0.49826] angvel=[-0.01265, 0.07073, -0.02923] linvel=[-0.01774, 0.00132, -5e-05] z=0.1133
[lowlevel-sim][GT] t=17.651 quat=[0.49577, -0.50596, 0.50023, 0.49798] angvel=[-0.12873, 0.13902, 0.04035] linvel=[0.00677, -0.0043, 0.01584] z=0.1133
[lowlevel-sim][GT] t=17.701 quat=[0.49579, -0.50583, 0.50015, 0.49818] angvel=[-0.01278, 0.09979, -0.06887] linvel=[-0.03072, 0.00087, 0.00307] z=0.1133
[lowlevel-sim][GT] t=17.751 quat=[0.49606, -0.50579, 0.50002, 0.49808] angvel=[0.03889, -0.16988, 0.07231] linvel=[0.02085, 0.00226, -0.00263] z=0.1134
[lowlevel-sim][GT] t=17.801 quat=[0.49606, -0.50566, 0.49995, 0.49828] angvel=[-0.02318, 0.05131, -0.02189] linvel=[-0.02779, 0.00025, 0.00273] z=0.1134
[lowlevel-sim][GT] t=17.851 quat=[0.49605, -0.50568, 0.49998, 0.49824] angvel=[0.09743, -0.14081, 0.03757] linvel=[0.01848, 0.00121, -0.01095] z=0.1134
[lowlevel-sim][GT] t=17.901 quat=[0.49588, -0.50556, 0.50024, 0.49827] angvel=[-0.04329, 0.05132, -0.07624] linvel=[-0.02648, -0.00247, 0.00501] z=0.1134
[lowlevel-sim][GT] t=17.951 quat=[0.49598, -0.50578, 0.50016, 0.49803] angvel=[0.02621, -0.12654, 0.06665] linvel=[0.02003, 0.00234, -0.00379] z=0.1134
[lowlevel-sim] t=  18.00 mode=cmd        pd=13680 hold=10378 failclosed=5 rtf=0.238 base_z=+0.113 pitch=+1.558 roll=-2.870 |tau|max= 35.00 sat=1/29 knee_L=+0.307 hip_p_L=-0.113 torn=9696 cmd_age=42.7ms auth=30.2s rig_ign=1021 fix_base=0 sat_j=right_ankle_roll_joint:-35.0
[lowlevel-sim][GT] t=18.001 quat=[0.49572, -0.50593, 0.50006, 0.49824] angvel=[-0.01572, 0.03951, -0.02223] linvel=[-0.01763, -0.00039, 0.00162] z=0.1134
[lowlevel-sim][GT] t=18.051 quat=[0.49564, -0.50596, 0.50001, 0.49834] angvel=[0.06275, -0.11146, 0.04199] linvel=[0.0187, -0.00108, -0.00724] z=0.1134
[lowlevel-sim][GT] t=18.101 quat=[0.49562, -0.50589, 0.50008, 0.49836] angvel=[0.02738, 0.01408, -0.07333] linvel=[-0.02847, -0.00013, -0.00247] z=0.1134
[lowlevel-sim][GT] t=18.151 quat=[0.49563, -0.50609, 0.49992, 0.4983] angvel=[-0.13826, -0.05352, 0.06414] linvel=[0.02454, -0.00471, 0.0148] z=0.1135
[lowlevel-sim][GT] t=18.201 quat=[0.49543, -0.50596, 0.49982, 0.49873] angvel=[0.0133, 0.03222, -0.03613] linvel=[-0.02229, 0.00311, -0.00091] z=0.1135
[lowlevel-sim][GT] t=18.251 quat=[0.49551, -0.50602, 0.49979, 0.49863] angvel=[0.09763, -0.15326, 0.04216] linvel=[0.0208, -0.0021, -0.00986] z=0.1136
[lowlevel-sim][GT] t=18.301 quat=[0.49547, -0.50597, 0.49975, 0.49876] angvel=[-0.00704, 0.04378, -0.06717] linvel=[-0.0263, -0.00168, 3e-05] z=0.1136
[lowlevel-sim][GT] t=18.351 quat=[0.49568, -0.50612, 0.4995, 0.49864] angvel=[-0.12081, -0.00113, 0.05326] linvel=[0.0167, 0.00074, 0.01167] z=0.1135
[lowlevel-sim][GT] t=18.401 quat=[0.49559, -0.50603, 0.49973, 0.49859] angvel=[-0.03829, 0.10812, -0.03248] linvel=[-0.02365, -0.00213, 0.00669] z=0.1135
[lowlevel-sim][GT] t=18.451 quat=[0.4956, -0.50602, 0.49972, 0.49859] angvel=[-0.10868, 0.0968, 0.0234] linvel=[0.01079, -0.00395, 0.0091] z=0.1135
[lowlevel-sim] t=  18.50 mode=cmd        pd=13930 hold=10378 failclosed=5 rtf=0.238 base_z=+0.113 pitch=+1.558 roll=-2.887 |tau|max= 35.00 sat=1/29 knee_L=+0.309 hip_p_L=-0.113 torn=9719 cmd_age=29.0ms auth=32.3s rig_ign=1021 fix_base=0 sat_j=right_ankle_roll_joint:-35.0
[lowlevel-sim][GT] t=18.501 quat=[0.49548, -0.50605, 0.49994, 0.49847] angvel=[-0.00559, 0.05629, -0.08241] linvel=[-0.02673, -0.00147, -9e-05] z=0.1134
[lowlevel-sim][GT] t=18.551 quat=[0.49561, -0.50617, 0.49982, 0.49833] angvel=[0.07866, -0.20655, 0.0637] linvel=[0.02344, 0.0012, -0.00911] z=0.1134
[lowlevel-sim][GT] t=18.601 quat=[0.49552, -0.50612, 0.49998, 0.49832] angvel=[-0.01125, 0.03291, -0.03549] linvel=[-0.0142, 0.00219, -0.00017] z=0.1134
[lowlevel-sim][GT] t=18.651 quat=[0.49548, -0.50624, 0.49993, 0.4983] angvel=[0.10121, -0.14896, 0.02921] linvel=[0.02279, -0.00125, -0.00797] z=0.1134
[lowlevel-sim][GT] t=18.701 quat=[0.49549, -0.50593, 0.5001, 0.49843] angvel=[-0.05556, 0.07105, -0.06896] linvel=[-0.02918, -0.00396, 0.00534] z=0.1134
[lowlevel-sim][GT] t=18.751 quat=[0.49567, -0.50611, 0.49996, 0.4982] angvel=[-0.13268, 0.02804, 0.05317] linvel=[0.01383, -0.00095, 0.01197] z=0.1134
[lowlevel-sim][GT] t=18.801 quat=[0.49555, -0.50615, 0.49999, 0.49824] angvel=[-0.02519, 0.06497, -0.03513] linvel=[-0.01986, -0.0008, 0.00262] z=0.1134
[lowlevel-sim][GT] t=18.851 quat=[0.49559, -0.50622, 0.49991, 0.49822] angvel=[-0.15862, 0.07594, 0.03051] linvel=[0.01364, -0.00095, 0.01781] z=0.1135
[lowlevel-sim][GT] t=18.901 quat=[0.49563, -0.50607, 0.50003, 0.49822] angvel=[-0.00308, 0.00483, -0.10707] linvel=[-0.02075, 0.00154, -0.00048] z=0.1134
[lowlevel-sim][GT] t=18.951 quat=[0.49562, -0.50599, 0.5002, 0.49813] angvel=[0.09424, -0.12209, 0.05858] linvel=[0.01774, 0.00067, -0.0103] z=0.1134
[lowlevel-sim] t=  19.00 mode=cmd        pd=14180 hold=10378 failclosed=5 rtf=0.238 base_z=+0.113 pitch=+1.558 roll=-2.886 |tau|max= 35.00 sat=1/29 knee_L=+0.308 hip_p_L=-0.113 torn=9736 cmd_age=22.1ms auth=34.3s rig_ign=1021 fix_base=0 sat_j=right_ankle_roll_joint:-35.0
[lowlevel-sim][GT] t=19.001 quat=[0.49586, -0.5057, 0.50051, 0.49788] angvel=[-0.0599, 0.10564, -0.01143] linvel=[-0.02678, -0.00368, 0.00348] z=0.1133
[lowlevel-sim][GT] t=19.051 quat=[0.49615, -0.50565, 0.50064, 0.49752] angvel=[-0.10995, 0.0933, 0.03967] linvel=[0.01192, -0.00432, 0.01148] z=0.1132
[lowlevel-sim][GT] t=19.101 quat=[0.49612, -0.50561, 0.50063, 0.49759] angvel=[0.00108, 0.00123, -0.07009] linvel=[-0.02752, -0.00156, -0.00038] z=0.1132
[lowlevel-sim][GT] t=19.151 quat=[0.49615, -0.50571, 0.50055, 0.49754] angvel=[0.07401, -0.19398, 0.06739] linvel=[0.02053, 0.00116, -0.00685] z=0.1133
[lowlevel-sim][GT] t=19.201 quat=[0.49607, -0.50575, 0.50054, 0.49759] angvel=[-0.05791, 0.12515, -0.0171] linvel=[-0.02844, -0.00073, 0.00884] z=0.1133
[lowlevel-sim][GT] t=19.251 quat=[0.49628, -0.50581, 0.50038, 0.49748] angvel=[-0.16859, 0.04448, 0.0348] linvel=[0.01658, -0.00547, 0.01639] z=0.1134
[lowlevel-sim][GT] t=19.301 quat=[0.49612, -0.50571, 0.50055, 0.49757] angvel=[-0.05588, 0.03133, -0.06192] linvel=[-0.02312, -0.00338, 0.0066] z=0.1134
[lowlevel-sim][GT] t=19.351 quat=[0.49622, -0.50578, 0.50045, 0.4975] angvel=[-0.13637, -0.00872, 0.07353] linvel=[0.01354, -0.00011, 0.01558] z=0.1134
[lowlevel-sim][GT] t=19.401 quat=[0.49597, -0.50565, 0.50064, 0.49769] angvel=[-0.05761, 0.12324, -0.03136] linvel=[-0.02683, -0.00345, 0.00175] z=0.1134
[lowlevel-sim][GT] t=19.451 quat=[0.49626, -0.50549, 0.50093, 0.49726] angvel=[-0.17218, 0.0874, 0.00759] linvel=[0.01842, -0.00552, 0.01465] z=0.1133
[lowlevel-sim] t=  19.50 mode=cmd        pd=14430 hold=10378 failclosed=5 rtf=0.238 base_z=+0.113 pitch=+1.557 roll=-2.915 |tau|max= 35.00 sat=1/29 knee_L=+0.308 hip_p_L=-0.114 torn=9753 cmd_age=69.6ms auth=36.3s rig_ign=1021 fix_base=0 sat_j=right_ankle_roll_joint:-35.0
[lowlevel-sim][GT] t=19.501 quat=[0.4961, -0.50538, 0.50128, 0.49719] angvel=[-0.03775, 0.07381, -0.07059] linvel=[-0.02814, -0.00368, 0.00397] z=0.1133
[lowlevel-sim][GT] t=19.551 quat=[0.49639, -0.50543, 0.501, 0.49712] angvel=[0.08697, -0.16751, 0.07494] linvel=[0.01872, 0.00259, -0.00857] z=0.1133
[lowlevel-sim][GT] t=19.601 quat=[0.49648, -0.50544, 0.50078, 0.49725] angvel=[-0.04484, 0.11763, -0.01176] linvel=[-0.02649, 0.00062, 0.00636] z=0.1133
[lowlevel-sim][GT] t=19.651 quat=[0.49678, -0.50541, 0.50068, 0.49708] angvel=[0.02248, -0.02767, 0.03426] linvel=[0.01565, 4e-05, -0.00092] z=0.1133
[lowlevel-sim][GT] t=19.701 quat=[0.49676, -0.50535, 0.50063, 0.49722] angvel=[-0.05676, 0.04056, -0.05801] linvel=[-0.02737, -0.00092, 0.00833] z=0.1133
[lowlevel-sim][GT] t=19.751 quat=[0.49678, -0.50526, 0.50087, 0.49705] angvel=[0.09735, -0.09437, 0.04692] linvel=[0.01926, -0.00259, -0.01381] z=0.1133
[lowlevel-sim][GT] t=19.801 quat=[0.49662, -0.50524, 0.50116, 0.49692] angvel=[-0.0635, 0.11332, -0.02305] linvel=[-0.02371, -0.00095, 0.00907] z=0.1132
[lowlevel-sim][GT] t=19.851 quat=[0.49687, -0.50524, 0.50101, 0.49683] angvel=[-0.15972, 0.06917, 0.02718] linvel=[0.01816, -0.0043, 0.01569] z=0.1133
[lowlevel-sim][GT] t=19.901 quat=[0.49674, -0.50506, 0.50143, 0.49671] angvel=[-0.03993, 0.08215, -0.08639] linvel=[-0.03156, -0.00283, -7e-05] z=0.1132
[lowlevel-sim][GT] t=19.951 quat=[0.49711, -0.50494, 0.50171, 0.4962] angvel=[-0.16683, -0.01808, 0.03106] linvel=[0.01727, -0.00156, 0.0168] z=0.1130
[lowlevel-sim] t=  20.00 mode=cmd        pd=14680 hold=10378 failclosed=5 rtf=0.238 base_z=+0.113 pitch=+1.557 roll=-2.825 |tau|max= 35.00 sat=1/29 knee_L=+0.305 hip_p_L=-0.112 torn=9779 cmd_age=44.0ms auth=38.4s rig_ign=1021 fix_base=0 sat_j=right_ankle_roll_joint:-35.0
[lowlevel-sim][GT] t=20.001 quat=[0.4973, -0.50486, 0.50187, 0.49592] angvel=[-0.04811, 0.03796, -0.00169] linvel=[-0.02173, -0.00226, 0.00201] z=0.1130
[lowlevel-sim][GT] t=20.051 quat=[0.4974, -0.50491, 0.5021, 0.49554] angvel=[-0.08337, 0.07953, 0.01078] linvel=[0.00883, -0.00402, 0.0089] z=0.1128
[lowlevel-sim][GT] t=20.101 quat=[0.49744, -0.5049, 0.50218, 0.49542] angvel=[-0.01232, 0.04681, -0.07452] linvel=[-0.02592, -0.00036, 0.00298] z=0.1129
[lowlevel-sim][GT] t=20.151 quat=[0.4977, -0.50489, 0.50207, 0.49529] angvel=[-0.15988, 0.06101, 0.06261] linvel=[0.01101, -0.0005, 0.01871] z=0.1129
[lowlevel-sim][GT] t=20.201 quat=[0.49764, -0.50474, 0.50219, 0.49538] angvel=[-0.08424, 0.06295, -0.00848] linvel=[-0.01855, -0.00291, 0.00673] z=0.1129
[lowlevel-sim][GT] t=20.251 quat=[0.49766, -0.50495, 0.50208, 0.49525] angvel=[-0.07066, 0.03805, 0.04071] linvel=[0.01276, -0.00266, 0.01024] z=0.1129
[lowlevel-sim][GT] t=20.301 quat=[0.49742, -0.50494, 0.50208, 0.4955] angvel=[-0.04064, 0.07467, -0.06187] linvel=[-0.02885, -0.00135, 0.00638] z=0.1130
[lowlevel-sim][GT] t=20.351 quat=[0.49752, -0.50486, 0.50219, 0.49538] angvel=[0.02705, -0.05279, 0.04619] linvel=[0.02402, -0.00286, -0.00494] z=0.1129
[lowlevel-sim][GT] t=20.401 quat=[0.4974, -0.50474, 0.50247, 0.49534] angvel=[-0.08233, 0.09761, -0.01523] linvel=[-0.02112, -0.0018, 0.01061] z=0.1129
[lowlevel-sim][GT] t=20.451 quat=[0.49757, -0.50473, 0.50244, 0.49521] angvel=[0.03483, -0.1643, 0.03275] linvel=[0.01449, -0.00074, -0.00231] z=0.1129
[lowlevel-sim] t=  20.50 mode=cmd        pd=14930 hold=10378 failclosed=5 rtf=0.239 base_z=+0.113 pitch=+1.556 roll=-2.841 |tau|max= 35.00 sat=1/29 knee_L=+0.305 hip_p_L=-0.113 torn=9798 cmd_age=30.3ms auth=40.3s rig_ign=1021 fix_base=0 sat_j=right_ankle_roll_joint:-35.0
[lowlevel-sim][GT] t=20.501 quat=[0.49774, -0.5044, 0.5027, 0.49511] angvel=[-0.04669, 0.01786, -0.05861] linvel=[-0.02437, -0.00021, 0.00734] z=0.1129
[lowlevel-sim][GT] t=20.551 quat=[0.49797, -0.50437, 0.50271, 0.49489] angvel=[-0.00226, 0.03626, 0.02747] linvel=[0.01987, 0.00021, -0.00241] z=0.1130
[lowlevel-sim][GT] t=20.601 quat=[0.49786, -0.50423, 0.50291, 0.49495] angvel=[-0.06307, 0.087, -0.02864] linvel=[-0.01388, -0.00219, 0.00814] z=0.1130
[lowlevel-sim][GT] t=20.651 quat=[0.49812, -0.50392, 0.50315, 0.49475] angvel=[-0.15036, 0.04751, 0.02361] linvel=[0.00533, -0.00391, 0.01485] z=0.1130
[lowlevel-sim][GT] t=20.701 quat=[0.49829, -0.50371, 0.50339, 0.49455] angvel=[-0.00564, 0.05881, -0.09004] linvel=[-0.02944, -0.00136, 0.00057] z=0.1129
[lowlevel-sim][GT] t=20.751 quat=[0.49878, -0.50349, 0.5036, 0.49408] angvel=[0.0643, -0.16615, 0.06565] linvel=[0.0221, 0.00149, -0.00444] z=0.1128
[lowlevel-sim][GT] t=20.801 quat=[0.4989, -0.50338, 0.50366, 0.49399] angvel=[-0.07152, 0.07595, -0.04375] linvel=[-0.02104, -0.00151, 0.00282] z=0.1127
[lowlevel-sim][GT] t=20.851 quat=[0.49911, -0.50353, 0.50373, 0.49355] angvel=[-0.14755, 0.05953, 0.0165] linvel=[0.00589, -0.00373, 0.01532] z=0.1127
[lowlevel-sim] FAIL-CLOSED engaged at t=20.864s, last command age 86.50 ms (deadline <= 100 ms) PASS
[lowlevel-sim] COMMANDED at t=20.880s (was fail-closed)
[lowlevel-sim] FAIL-CLOSED engaged at t=20.881s, last command age 87.92 ms (deadline <= 100 ms) PASS
[lowlevel-sim] COMMANDED at t=20.882s (was fail-closed)
[lowlevel-sim][GT] t=20.901 quat=[0.49715, -0.50542, 0.50628, 0.49099] angvel=[0.04721, -0.06684, -0.01796] linvel=[0.01191, -0.00333, -0.00692] z=0.1113
[lowlevel-sim] FAIL-CLOSED engaged at t=20.903s, last command age 86.54 ms (deadline <= 100 ms) PASS
[lowlevel-sim] COMMANDED at t=20.912s (was fail-closed)
[lowlevel-sim][GT] t=20.951 quat=[0.49719, -0.50585, 0.50671, 0.49007] angvel=[0.10795, -0.04111, -0.03946] linvel=[-0.00726, -0.00503, -0.00172] z=0.1109
[lowlevel-sim] FAIL-CLOSED engaged at t=20.997s, last command age 85.22 ms (deadline <= 100 ms) PASS
[lowlevel-sim] COMMANDED at t=20.998s (was fail-closed)
[lowlevel-sim] t=  21.00 mode=cmd        pd=15194 hold=10378 failclosed=31 rtf=0.239 base_z=+0.111 pitch=+1.547 roll=-2.867 |tau|max=  7.46 sat=0/29 knee_L=+0.296 hip_p_L=-0.115 torn=9839 cmd_age=82.2ms auth=42.4s rig_ign=1021 fix_base=0
[lowlevel-sim][GT] t=21.001 quat=[0.49757, -0.50561, 0.50601, 0.49064] angvel=[-0.01656, -0.05396, -0.00304] linvel=[-0.00669, -0.00381, -0.00254] z=0.1110
[lowlevel-sim] FAIL-CLOSED engaged at t=21.001s, last command age 87.39 ms (deadline <= 100 ms) PASS
[lowlevel-sim] COMMANDED at t=21.012s (was fail-closed)
[lowlevel-sim] FAIL-CLOSED engaged at t=21.016s, last command age 86.24 ms (deadline <= 100 ms) PASS
[lowlevel-sim] COMMANDED at t=21.020s (was fail-closed)
[lowlevel-sim][GT] t=21.051 quat=[0.49659, -0.50692, 0.50741, 0.48885] angvel=[0.04367, -0.04838, -0.01306] linvel=[-0.0091, -0.00469, 0.00062] z=0.1100
[lowlevel-sim] FAIL-CLOSED engaged at t=21.091s, last command age 87.88 ms (deadline <= 100 ms) PASS
[lowlevel-sim] COMMANDED at t=21.096s (was fail-closed)
[lowlevel-sim][GT] t=21.101 quat=[0.49655, -0.50689, 0.50701, 0.48933] angvel=[-0.05229, 0.03924, -0.02573] linvel=[0.00492, -0.00455, -0.00875] z=0.1099
[lowlevel-sim][GT] t=21.151 quat=[0.49686, -0.50658, 0.50637, 0.49] angvel=[-0.0168, -0.015, 0.00199] linvel=[-0.00255, -0.00321, 0.00315] z=0.1100
[lowlevel-sim][GT] t=21.201 quat=[0.4967, -0.50659, 0.50597, 0.49056] angvel=[0.03392, -0.0227, 0.01218] linvel=[0.00648, -0.00311, -0.001] z=0.1100
[lowlevel-sim] FAIL-CLOSED engaged at t=21.220s, last command age 100.75 ms (deadline <= 100 ms) FAIL
[lowlevel-sim] COMMANDED at t=21.224s (was fail-closed)
[lowlevel-sim][GT] t=21.251 quat=[0.49628, -0.50708, 0.50607, 0.49038] angvel=[0.05775, -0.01771, 0.02619] linvel=[0.00127, -0.00357, 0.00201] z=0.1098
[lowlevel-sim] FAIL-CLOSED engaged at t=21.295s, last command age 86.95 ms (deadline <= 100 ms) PASS
[lowlevel-sim] COMMANDED at t=21.298s (was fail-closed)
[lowlevel-sim][GT] t=21.301 quat=[0.49635, -0.50711, 0.5057, 0.49065] angvel=[-0.10544, 0.05161, -0.00488] linvel=[0.0046, -0.0073, -0.01037] z=0.1098
[lowlevel-sim] FAIL-CLOSED engaged at t=21.303s, last command age 87.08 ms (deadline <= 100 ms) PASS
[lowlevel-sim] COMMANDED at t=21.304s (was fail-closed)
[lowlevel-sim] FAIL-CLOSED engaged at t=21.318s, last command age 86.95 ms (deadline <= 100 ms) PASS
[lowlevel-sim] COMMANDED at t=21.320s (was fail-closed)
[lowlevel-sim] FAIL-CLOSED engaged at t=21.340s, last command age 86.33 ms (deadline <= 100 ms) PASS
[lowlevel-sim] COMMANDED at t=21.342s (was fail-closed)
[lowlevel-sim][GT] t=21.351 quat=[0.49623, -0.50754, 0.50573, 0.49029] angvel=[-0.04755, 0.01338, -0.01358] linvel=[-0.00127, -0.00214, 0.0062] z=0.1096
[lowlevel-sim] FAIL-CLOSED engaged at t=21.354s, last command age 87.23 ms (deadline <= 100 ms) PASS
[lowlevel-sim] COMMANDED at t=21.360s (was fail-closed)
[lowlevel-sim][GT] t=21.401 quat=[0.49622, -0.50803, 0.50565, 0.48988] angvel=[-0.03958, 0.03005, 0.02518] linvel=[0.0016, -0.00638, 0.00953] z=0.1094
[lowlevel-sim][GT] t=21.451 quat=[0.49631, -0.50798, 0.50511, 0.49041] angvel=[0.03959, -0.04359, 0.02508] linvel=[0.00655, -0.00312, 0.00095] z=0.1096
[lowlevel-sim] t=  21.50 mode=cmd        pd=15458 hold=10378 failclosed=62 rtf=0.239 base_z=+0.110 pitch=+1.544 roll=-2.819 |tau|max= 35.00 sat=2/29 knee_L=+0.286 hip_p_L=-0.109 torn=9854 cmd_age=57.0ms auth=44.6s rig_ign=1021 fix_base=0 sat_j=left_ankle_roll_joint:+35.0,right_ankle_roll_joint:-35.0
[lowlevel-sim][GT] t=21.501 quat=[0.49619, -0.50796, 0.50466, 0.49101] angvel=[-0.01985, -0.02057, 0.02845] linvel=[0.00515, -0.00262, 0.00296] z=0.1097
[lowlevel-sim][GT] t=21.551 quat=[0.49618, -0.50806, 0.5044, 0.49119] angvel=[0.0278, -0.01335, -0.0048] linvel=[0.00297, -0.00439, -0.00271] z=0.1096
[lowlevel-sim][GT] t=21.601 quat=[0.49595, -0.50814, 0.50419, 0.49155] angvel=[-0.07218, -0.01485, -0.01199] linvel=[0.00192, -0.0044, 0.00842] z=0.1097
[lowlevel-sim][GT] t=21.651 quat=[0.49562, -0.50836, 0.50399, 0.49187] angvel=[-0.0235, 0.0103, 0.05212] linvel=[0.01358, -0.00606, 0.00127] z=0.1097
[lowlevel-sim][GT] t=21.701 quat=[0.49534, -0.50849, 0.50377, 0.49224] angvel=[-0.0105, 0.04901, 0.02043] linvel=[0.00749, -0.00279, 0.00305] z=0.1098
[lowlevel-sim][GT] t=21.751 quat=[0.49507, -0.50857, 0.50365, 0.49254] angvel=[0.02615, 0.02062, -0.00785] linvel=[0.00418, -0.00528, -0.0045] z=0.1098
[lowlevel-sim][GT] t=21.801 quat=[0.49508, -0.50858, 0.50344, 0.49274] angvel=[-0.06277, -0.06658, 0.01019] linvel=[0.00203, -0.00389, 0.00499] z=0.1099
[lowlevel-sim][GT] t=21.851 quat=[0.49496, -0.50878, 0.5033, 0.49279] angvel=[-0.00416, -0.00881, -0.00255] linvel=[0.00679, -0.00248, 0.00267] z=0.1099
[lowlevel-sim][GT] t=21.901 quat=[0.49473, -0.50871, 0.50324, 0.49316] angvel=[-0.03541, 0.04068, 0.01931] linvel=[0.00721, -0.00186, 0.00572] z=0.1099
[lowlevel-sim][GT] t=21.951 quat=[0.49459, -0.50872, 0.50323, 0.4933] angvel=[0.03515, 0.03522, -0.02736] linvel=[0.00538, -0.00486, -0.00663] z=0.1100
[lowlevel-sim] t=  22.00 mode=cmd        pd=15708 hold=10378 failclosed=62 rtf=0.238 base_z=+0.110 pitch=+1.546 roll=-2.868 |tau|max= 35.00 sat=2/29 knee_L=+0.288 hip_p_L=-0.110 torn=9870 cmd_age=24.2ms auth=46.8s rig_ign=1021 fix_base=0 sat_j=left_ankle_roll_joint:+35.0,right_ankle_roll_joint:-35.0
[lowlevel-sim][GT] t=22.001 quat=[0.49459, -0.50874, 0.50312, 0.4934] angvel=[-0.05862, -0.06834, -0.01059] linvel=[0.00444, -0.00373, 0.00567] z=0.1100
[lowlevel-sim][GT] t=22.051 quat=[0.4945, -0.50888, 0.50305, 0.49341] angvel=[0.0333, -0.03054, -0.00909] linvel=[0.00659, -0.00039, 0.00072] z=0.1100
[lowlevel-sim][GT] t=22.101 quat=[0.49457, -0.50871, 0.50296, 0.4936] angvel=[0.0219, 0.01896, 0.01296] linvel=[0.0034, -0.0004, 0.00205] z=0.1101
[lowlevel-sim][GT] t=22.151 quat=[0.49465, -0.50859, 0.50292, 0.49369] angvel=[0.02682, -0.02068, -0.02418] linvel=[0.00166, -0.00477, -0.00426] z=0.1102
[lowlevel-sim][GT] t=22.201 quat=[0.49468, -0.50855, 0.50289, 0.49373] angvel=[-0.01199, -0.01206, -0.01215] linvel=[0.00375, -0.00389, 0.00303] z=0.1102
[lowlevel-sim][GT] t=22.251 quat=[0.49449, -0.50877, 0.50274, 0.49384] angvel=[-0.00805, 0.00473, 0.04065] linvel=[0.01299, -0.00576, -0.00104] z=0.1102
[lowlevel-sim][GT] t=22.301 quat=[0.4944, -0.50882, 0.5027, 0.49393] angvel=[-0.02655, -0.01115, 0.01113] linvel=[0.00723, -0.00222, 0.00323] z=0.1101
[lowlevel-sim][GT] t=22.351 quat=[0.49439, -0.50873, 0.50272, 0.494] angvel=[0.02513, -0.00952, -0.02973] linvel=[0.00568, -0.00414, -0.00335] z=0.1102
[lowlevel-sim][GT] t=22.401 quat=[0.49425, -0.50874, 0.50268, 0.49418] angvel=[-0.06362, -0.04294, 0.00912] linvel=[0.00072, -0.00323, 0.00416] z=0.1102
[lowlevel-sim][GT] t=22.451 quat=[0.49417, -0.50887, 0.50258, 0.49423] angvel=[0.01623, -0.00451, 0.00944] linvel=[0.00329, -0.00073, -0.00187] z=0.1102
[lowlevel-sim] t=  22.50 mode=cmd        pd=15958 hold=10378 failclosed=62 rtf=0.238 base_z=+0.110 pitch=+1.547 roll=-2.890 |tau|max= 35.00 sat=2/29 knee_L=+0.289 hip_p_L=-0.110 torn=9890 cmd_age=35.7ms auth=48.9s rig_ign=1021 fix_base=0 sat_j=left_ankle_roll_joint:+35.0,right_ankle_roll_joint:-35.0
[lowlevel-sim][GT] t=22.501 quat=[0.49416, -0.50871, 0.50257, 0.49441] angvel=[-0.00939, 0.00737, 0.00749] linvel=[0.00493, -0.00224, 0.00409] z=0.1102
[lowlevel-sim][GT] t=22.551 quat=[0.49415, -0.5087, 0.50252, 0.49448] angvel=[0.04692, 0.06985, 0.02671] linvel=[0.00716, -0.00522, -0.00508] z=0.1102
[lowlevel-sim][GT] t=22.601 quat=[0.49408, -0.50869, 0.50248, 0.49461] angvel=[-0.03301, -0.06662, 0.00889] linvel=[0.0026, -0.00358, 0.00431] z=0.1102
[lowlevel-sim][GT] t=22.651 quat=[0.49404, -0.50868, 0.50249, 0.49464] angvel=[0.0285, -0.02405, 0.02197] linvel=[0.00508, -0.00283, -0.00185] z=0.1102
[lowlevel-sim][GT] t=22.701 quat=[0.49397, -0.50863, 0.50259, 0.49466] angvel=[0.00758, -0.0017, 0.00212] linvel=[0.00261, -0.00031, 0.00255] z=0.1102
[lowlevel-sim][GT] t=22.751 quat=[0.49402, -0.50862, 0.5026, 0.49462] angvel=[0.04195, -0.01854, -0.01985] linvel=[0.00154, -0.00434, -0.00582] z=0.1102
[lowlevel-sim][GT] t=22.801 quat=[0.49411, -0.50862, 0.50257, 0.49456] angvel=[-0.05865, -0.07257, -0.03203] linvel=[0.00209, -0.00315, 0.00661] z=0.1102
[lowlevel-sim][GT] t=22.851 quat=[0.49409, -0.50866, 0.50257, 0.49453] angvel=[0.00344, 0.01571, 0.03923] linvel=[0.01269, -0.0038, -0.00015] z=0.1102
[lowlevel-sim][GT] t=22.901 quat=[0.494, -0.5087, 0.50256, 0.4946] angvel=[-0.02296, -0.00816, 0.01104] linvel=[0.0059, -0.00206, 0.00214] z=0.1102
[lowlevel-sim][GT] t=22.951 quat=[0.49401, -0.50868, 0.50253, 0.49463] angvel=[-0.01077, -0.00876, -0.04868] linvel=[0.00266, -0.0037, -0.00075] z=0.1102
[lowlevel-sim] t=  23.00 mode=cmd        pd=16208 hold=10378 failclosed=62 rtf=0.238 base_z=+0.110 pitch=+1.548 roll=-2.906 |tau|max= 35.00 sat=2/29 knee_L=+0.290 hip_p_L=-0.110 torn=9912 cmd_age=44.4ms auth=51.0s rig_ign=1021 fix_base=0 sat_j=left_ankle_roll_joint:+35.0,right_ankle_roll_joint:-35.0
[lowlevel-sim][GT] t=23.001 quat=[0.49401, -0.50867, 0.50252, 0.49465] angvel=[-0.07456, -0.0399, -0.0072] linvel=[0.0008, -0.00367, 0.00531] z=0.1101
[lowlevel-sim][GT] t=23.051 quat=[0.49389, -0.50876, 0.50252, 0.49467] angvel=[0.02656, -0.01487, 0.00684] linvel=[0.00366, -0.00147, -0.00303] z=0.1101
[lowlevel-sim][GT] t=23.101 quat=[0.49384, -0.50866, 0.50262, 0.49473] angvel=[-0.05339, -0.0004, -0.00631] linvel=[0.00156, -0.00389, 0.00285] z=0.1101
[lowlevel-sim][GT] t=23.151 quat=[0.49369, -0.50881, 0.50264, 0.4947] angvel=[0.01117, 0.03961, 0.01364] linvel=[0.00867, -0.00735, -0.00648] z=0.1100
[lowlevel-sim][GT] t=23.201 quat=[0.4937, -0.5088, 0.50259, 0.49475] angvel=[-0.06387, -0.05165, 0.00671] linvel=[0.00334, -0.00392, 0.00708] z=0.1100
[lowlevel-sim][GT] t=23.251 quat=[0.49379, -0.5088, 0.50255, 0.4947] angvel=[0.03161, -0.02501, 0.00744] linvel=[0.00425, -0.00036, -0.0017] z=0.1101
[lowlevel-sim][GT] t=23.301 quat=[0.49364, -0.50886, 0.50255, 0.4948] angvel=[-0.01713, 0.01492, -0.00772] linvel=[0.00103, -0.00375, 0.00403] z=0.1100
[lowlevel-sim][GT] t=23.351 quat=[0.4936, -0.50883, 0.50254, 0.49487] angvel=[0.03717, 0.04391, 0.01745] linvel=[0.00787, -0.0059, -0.00536] z=0.1100
[lowlevel-sim][GT] t=23.401 quat=[0.49374, -0.50867, 0.50253, 0.49491] angvel=[-0.01029, -0.00201, -0.01767] linvel=[0.0038, -0.00467, 0.00062] z=0.1100
[lowlevel-sim][GT] t=23.451 quat=[0.49363, -0.50875, 0.50272, 0.49476] angvel=[0.01913, -0.00278, 0.03941] linvel=[0.00968, -0.00435, -0.003] z=0.1100
[lowlevel-sim] t=  23.50 mode=cmd        pd=16458 hold=10378 failclosed=62 rtf=0.239 base_z=+0.110 pitch=+1.547 roll=-2.937 |tau|max= 35.00 sat=2/29 knee_L=+0.289 hip_p_L=-0.110 torn=9939 cmd_age=44.8ms auth=53.0s rig_ign=1021 fix_base=0 sat_j=left_ankle_roll_joint:+35.0,right_ankle_roll_joint:-35.0
[lowlevel-sim][GT] t=23.501 quat=[0.49351, -0.50885, 0.50268, 0.49481] angvel=[-0.02503, -0.02893, 0.00884] linvel=[0.0037, -0.00315, 0.00372] z=0.1099
[lowlevel-sim][GT] t=23.551 quat=[0.49347, -0.50888, 0.50273, 0.49477] angvel=[0.03036, 0.00842, -0.04864] linvel=[0.00563, -0.00339, -0.00366] z=0.1099
[lowlevel-sim][GT] t=23.601 quat=[0.49358, -0.50871, 0.50282, 0.49473] angvel=[-0.02682, 0.0182, -0.03507] linvel=[0.00301, -0.004, 0.00085] z=0.1098
[lowlevel-sim][GT] t=23.651 quat=[0.4935, -0.5086, 0.50296, 0.49478] angvel=[-0.00209, -0.00314, -0.00158] linvel=[0.00161, -0.00364, -0.00161] z=0.1098
[lowlevel-sim][GT] t=23.701 quat=[0.49342, -0.5086, 0.503, 0.49482] angvel=[-0.02629, 0.01597, -0.01758] linvel=[0.00177, -0.00244, 0.00477] z=0.1097
[lowlevel-sim][GT] t=23.751 quat=[0.49333, -0.50866, 0.5032, 0.49465] angvel=[0.02296, -0.01659, -0.02355] linvel=[0.0023, -0.00837, -0.00223] z=0.1095
[lowlevel-sim][GT] t=23.801 quat=[0.49343, -0.50844, 0.50336, 0.49462] angvel=[-0.02272, -0.00892, -1e-05] linvel=[0.00562, -0.00386, 0.0023] z=0.1095
[lowlevel-sim][GT] t=23.851 quat=[0.49348, -0.50848, 0.50343, 0.49446] angvel=[0.01622, -0.10173, -0.0716] linvel=[-0.00237, -0.00711, -0.00219] z=0.1095
[lowlevel-sim][GT] t=23.901 quat=[0.49345, -0.50839, 0.50368, 0.49433] angvel=[-0.05973, -0.03531, -0.03116] linvel=[-0.00117, -0.00476, 0.00405] z=0.1094
[lowlevel-sim][GT] t=23.951 quat=[0.49359, -0.50825, 0.50376, 0.49424] angvel=[0.06642, 0.07645, 0.03886] linvel=[0.01202, -0.00417, -0.00488] z=0.1094
[lowlevel-sim] t=  24.00 mode=cmd        pd=16708 hold=10378 failclosed=62 rtf=0.239 base_z=+0.109 pitch=+1.546 roll=-2.998 |tau|max= 35.00 sat=2/29 knee_L=+0.287 hip_p_L=-0.109 torn=9964 cmd_age=26.0ms auth=54.7s rig_ign=1021 fix_base=0 sat_j=left_ankle_roll_joint:+35.0,right_ankle_roll_joint:-35.0
[lowlevel-sim][GT] t=24.001 quat=[0.49365, -0.50801, 0.50396, 0.49423] angvel=[-0.04433, 0.01635, 0.0195] linvel=[0.00513, -0.00475, 0.00045] z=0.1094
[lowlevel-sim][GT] t=24.051 quat=[0.49362, -0.50793, 0.50422, 0.49407] angvel=[0.017, -0.03531, 0.01247] linvel=[0.00356, -0.00256, -0.00202] z=0.1093
[lowlevel-sim][GT] t=24.101 quat=[0.49371, -0.5078, 0.50443, 0.4939] angvel=[-0.01492, 0.00322, -0.04548] linvel=[0.00315, -0.00425, -0.00081] z=0.1093
[lowlevel-sim][GT] t=24.151 quat=[0.49383, -0.50773, 0.50455, 0.49372] angvel=[0.00381, 0.01017, -0.02286] linvel=[0.00246, -0.00293, 0.00026] z=0.1092
[lowlevel-sim][GT] t=24.201 quat=[0.49409, -0.50749, 0.50457, 0.4937] angvel=[-0.04001, -0.00119, -0.03137] linvel=[0.00047, -0.00178, 0.00539] z=0.1093
[lowlevel-sim][GT] t=24.251 quat=[0.49419, -0.5075, 0.50462, 0.49353] angvel=[0.00861, 0.00176, 0.03404] linvel=[0.01064, -0.0013, 0.00086] z=0.1093
[lowlevel-sim][GT] t=24.301 quat=[0.49426, -0.50721, 0.50481, 0.49357] angvel=[-0.01654, 0.02219, 0.00813] linvel=[0.00457, -0.00457, 0.00079] z=0.1093
[lowlevel-sim][GT] t=24.351 quat=[0.49438, -0.50723, 0.50497, 0.49326] angvel=[-0.01174, -0.07257, -0.07727] linvel=[-0.00075, -0.00713, -0.00468] z=0.1091
[lowlevel-sim][GT] t=24.401 quat=[0.49443, -0.50711, 0.50502, 0.49328] angvel=[5e-05, 0.01482, 0.00032] linvel=[0.00537, -0.00154, 0.00296] z=0.1091
[lowlevel-sim][GT] t=24.451 quat=[0.49432, -0.50706, 0.50527, 0.4932] angvel=[-0.00145, 0.00238, 0.0023] linvel=[0.0022, -0.00652, -0.00461] z=0.1091
[lowlevel-sim] t=  24.50 mode=cmd        pd=16958 hold=10378 failclosed=62 rtf=0.240 base_z=+0.109 pitch=+1.545 roll=-3.020 |tau|max= 35.00 sat=2/29 knee_L=+0.285 hip_p_L=-0.109 torn=9985 cmd_age=52.5ms auth=56.6s rig_ign=1021 fix_base=0 sat_j=left_ankle_roll_joint:+35.0,right_ankle_roll_joint:-35.0
[lowlevel-sim][GT] t=24.501 quat=[0.49439, -0.50705, 0.50546, 0.49294] angvel=[-0.07766, 0.02087, -0.00026] linvel=[0.00235, -0.00532, 0.00279] z=0.1089
[lowlevel-sim][GT] t=24.551 quat=[0.49454, -0.5071, 0.50586, 0.49233] angvel=[-0.02892, -0.03179, -0.08216] linvel=[-0.00202, -0.00745, -0.00334] z=0.1088
[lowlevel-sim][GT] t=24.601 quat=[0.49464, -0.507, 0.50598, 0.49221] angvel=[-0.05694, 0.01025, -0.02475] linvel=[-0.00251, -0.00485, 0.0034] z=0.1087
[lowlevel-sim][GT] t=24.651 quat=[0.49445, -0.50711, 0.50615, 0.4921] angvel=[-0.01192, 0.0128, 0.04498] linvel=[0.0046, -0.00551, 0.00089] z=0.1086
[lowlevel-sim][GT] t=24.701 quat=[0.49436, -0.50717, 0.50621, 0.49208] angvel=[-0.10431, 0.05903, 0.01869] linvel=[0.00521, -0.00444, 0.00827] z=0.1086
[lowlevel-sim][GT] t=24.751 quat=[0.49412, -0.50725, 0.50634, 0.4921] angvel=[-0.03421, 0.01238, 0.05416] linvel=[0.0097, -0.00621, 0.00418] z=0.1085
[lowlevel-sim][GT] t=24.801 quat=[0.49401, -0.50728, 0.50623, 0.49229] angvel=[-0.06374, 0.0272, 0.00987] linvel=[0.00124, -0.00411, 0.00651] z=0.1085
[lowlevel-sim][GT] t=24.851 quat=[0.49392, -0.50733, 0.50638, 0.49218] angvel=[-0.03579, -0.02615, -0.02616] linvel=[-0.0002, -0.00802, 0.00148] z=0.1084
[lowlevel-sim][GT] t=24.901 quat=[0.49401, -0.50729, 0.50632, 0.49219] angvel=[-0.02221, -0.00699, -0.01165] linvel=[0.00155, -0.0025, 0.00372] z=0.1083
[lowlevel-sim][GT] t=24.951 quat=[0.49391, -0.50723, 0.50643, 0.49224] angvel=[0.00347, -0.01139, -0.00664] linvel=[0.00456, -0.00104, 0.00084] z=0.1083
[lowlevel-sim] t=  25.00 mode=cmd        pd=17208 hold=10378 failclosed=62 rtf=0.240 base_z=+0.108 pitch=+1.543 roll=-3.056 |tau|max= 35.00 sat=2/29 knee_L=+0.282 hip_p_L=-0.109 torn=10011 cmd_age=44.6ms auth=58.5s rig_ign=1021 fix_base=0 sat_j=left_ankle_roll_joint:+35.0,right_ankle_roll_joint:-35.0
[lowlevel-sim][GT] t=25.001 quat=[0.49393, -0.50715, 0.50648, 0.49225] angvel=[-0.04202, -0.00033, 0.00219] linvel=[0.00421, -0.0039, 0.00502] z=0.1083
[lowlevel-sim][GT] t=25.051 quat=[0.49393, -0.50714, 0.50651, 0.49222] angvel=[0.00392, -0.0033, -0.00918] linvel=[0.00726, -0.00569, -0.00258] z=0.1082
[lowlevel-sim][GT] t=25.101 quat=[0.4939, -0.50711, 0.5066, 0.4922] angvel=[-0.01711, 0.04396, 0.00764] linvel=[0.0045, -0.0038, 0.00335] z=0.1082
[lowlevel-sim][GT] t=25.151 quat=[0.49377, -0.50719, 0.50677, 0.49207] angvel=[-0.04593, -0.02033, -0.03337] linvel=[0.0001, -0.00809, 0.00301] z=0.1081
[lowlevel-sim][GT] t=25.201 quat=[0.49369, -0.50713, 0.50685, 0.49213] angvel=[-0.05395, -0.03895, -0.00931] linvel=[0.00214, -0.00456, 0.00521] z=0.1080
[lowlevel-sim][GT] t=25.251 quat=[0.49375, -0.50709, 0.50685, 0.49212] angvel=[0.01025, 0.02384, 0.00378] linvel=[0.00085, -0.00224, -0.00021] z=0.1080
[lowlevel-sim][GT] t=25.301 quat=[0.4938, -0.5071, 0.50685, 0.49205] angvel=[-0.03948, 0.00682, -0.01082] linvel=[0.00286, -0.00527, 0.00406] z=0.1080
[lowlevel-sim][GT] t=25.351 quat=[0.4939, -0.50713, 0.5068, 0.49197] angvel=[-0.01437, -0.03067, -0.02346] linvel=[0.00649, -0.00888, 0.00111] z=0.1080
[lowlevel-sim][GT] t=25.401 quat=[0.49404, -0.507, 0.50673, 0.49204] angvel=[-0.05842, 0.05107, 0.0086] linvel=[0.00281, -0.00329, 0.0103] z=0.1080
[lowlevel-sim][GT] t=25.451 quat=[0.49404, -0.50721, 0.50683, 0.49172] angvel=[-0.00263, -0.04131, -0.00055] linvel=[0.00697, -0.0044, -0.00106] z=0.1080
[lowlevel-sim] t=  25.50 mode=cmd        pd=17458 hold=10378 failclosed=62 rtf=0.241 base_z=+0.108 pitch=+1.543 roll=-3.046 |tau|max= 35.00 sat=2/29 knee_L=+0.280 hip_p_L=-0.108 torn=10030 cmd_age=27.9ms auth=60.4s rig_ign=1021 fix_base=0 sat_j=left_ankle_roll_joint:+35.0,right_ankle_roll_joint:-35.0
[lowlevel-sim][GT] t=25.501 quat=[0.49408, -0.50714, 0.50678, 0.4918] angvel=[-0.05948, 0.02889, 0.01511] linvel=[0.00532, -0.00502, 0.00373] z=0.1079
[lowlevel-sim][GT] t=25.551 quat=[0.49387, -0.50728, 0.50676, 0.4919] angvel=[-0.00077, -0.04321, -0.04975] linvel=[-0.00335, -0.00454, -0.00076] z=0.1079
[lowlevel-sim][GT] t=25.601 quat=[0.49384, -0.50729, 0.50676, 0.49191] angvel=[-0.07843, 0.00075, -0.00633] linvel=[0.00398, -0.00561, 0.00667] z=0.1078
[lowlevel-sim][GT] t=25.651 quat=[0.49361, -0.5074, 0.50694, 0.49183] angvel=[-0.04685, 0.02379, 0.02116] linvel=[-0.00055, -0.00497, -0.00032] z=0.1078
[lowlevel-sim][GT] t=25.701 quat=[0.49356, -0.50741, 0.50682, 0.492] angvel=[-0.02737, 0.06164, 0.01991] linvel=[-0.00247, -0.00286, 0.00318] z=0.1077
[lowlevel-sim][GT] t=25.751 quat=[0.49353, -0.50756, 0.50699, 0.49171] angvel=[-0.02089, 0.02979, 0.02156] linvel=[0.00119, -0.00537, 0.00031] z=0.1076
[lowlevel-sim][GT] t=25.801 quat=[0.49356, -0.50757, 0.50709, 0.49156] angvel=[0.02113, -0.08458, -0.02723] linvel=[0.00079, -0.00242, -0.00131] z=0.1075
[lowlevel-sim][GT] t=25.851 quat=[0.49347, -0.50765, 0.50723, 0.49143] angvel=[-0.00772, 0.0046, -0.05095] linvel=[-0.00495, -0.00676, 0.00062] z=0.1075
[lowlevel-sim][GT] t=25.901 quat=[0.49366, -0.50757, 0.50714, 0.4914] angvel=[-0.04914, 0.01487, -0.02016] linvel=[-0.00359, -0.00582, 0.00784] z=0.1074
[lowlevel-sim][GT] t=25.951 quat=[0.4936, -0.50762, 0.50704, 0.49152] angvel=[0.00757, -0.01501, 0.02099] linvel=[0.00494, -0.00519, -0.0051] z=0.1074
[lowlevel-sim] t=  26.00 mode=cmd        pd=17708 hold=10378 failclosed=62 rtf=0.241 base_z=+0.107 pitch=+1.541 roll=-3.041 |tau|max= 35.00 sat=2/29 knee_L=+0.276 hip_p_L=-0.107 torn=10052 cmd_age=42.4ms auth=62.4s rig_ign=1021 fix_base=0 sat_j=left_ankle_roll_joint:+35.0,right_ankle_roll_joint:-35.0
[lowlevel-sim][GT] t=26.001 quat=[0.49365, -0.50771, 0.50694, 0.49148] angvel=[-0.02787, 0.06591, -0.01745] linvel=[-0.00393, -0.00402, 0.00035] z=0.1074
[lowlevel-sim][GT] t=26.051 quat=[0.49333, -0.50789, 0.50705, 0.49151] angvel=[-0.03305, 0.02215, 0.01748] linvel=[-0.00332, -0.00656, 0.00124] z=0.1073
[lowlevel-sim][GT] t=26.101 quat=[0.49334, -0.50795, 0.50696, 0.49152] angvel=[-0.03643, 0.08857, 0.03141] linvel=[0.00525, -0.00372, 0.00282] z=0.1072
[lowlevel-sim][GT] t=26.151 quat=[0.49307, -0.50805, 0.50708, 0.49157] angvel=[-0.05328, 0.01331, 0.00248] linvel=[0.00217, -0.00595, 0.00398] z=0.1072
[lowlevel-sim][GT] t=26.201 quat=[0.49308, -0.50799, 0.50708, 0.49162] angvel=[-0.00797, 0.07311, 0.04529] linvel=[0.00264, -0.00366, 0.00156] z=0.1071
[lowlevel-sim][GT] t=26.251 quat=[0.49296, -0.50801, 0.50708, 0.49172] angvel=[-0.00185, -0.00062, 0.00227] linvel=[0.00435, -0.00715, 0.00015] z=0.1071
[lowlevel-sim][GT] t=26.301 quat=[0.49308, -0.50792, 0.50699, 0.49178] angvel=[0.03754, -0.00987, 0.01035] linvel=[0.00512, -0.00315, -0.00344] z=0.1072
[lowlevel-sim][GT] t=26.351 quat=[0.49303, -0.50797, 0.507, 0.49178] angvel=[-0.04352, -0.04973, -0.04311] linvel=[-0.0023, -0.01032, 0.00173] z=0.1072
[lowlevel-sim][GT] t=26.401 quat=[0.49298, -0.50802, 0.50701, 0.49176] angvel=[-0.1005, 0.06849, -0.01389] linvel=[0.00189, -0.00499, 0.0087] z=0.1071
[lowlevel-sim][GT] t=26.451 quat=[0.49295, -0.5082, 0.50696, 0.49165] angvel=[0.00228, 0.01097, 0.00377] linvel=[0.00183, -0.00329, 0.00039] z=0.1071
[lowlevel-sim] t=  26.50 mode=cmd        pd=17958 hold=10378 failclosed=62 rtf=0.241 base_z=+0.107 pitch=+1.540 roll=-3.056 |tau|max= 35.00 sat=2/29 knee_L=+0.275 hip_p_L=-0.107 torn=10061 cmd_age=58.1ms auth=64.6s rig_ign=1021 fix_base=0 sat_j=left_ankle_roll_joint:+35.0,right_ankle_roll_joint:-35.0
[lowlevel-sim][GT] t=26.501 quat=[0.49292, -0.50828, 0.50673, 0.49184] angvel=[0.07735, -0.01017, 0.01208] linvel=[0.0012, 0.0009, -0.00823] z=0.1071
[lowlevel-sim][GT] t=26.551 quat=[0.49278, -0.50845, 0.50671, 0.49183] angvel=[-0.00131, -0.02784, 0.01316] linvel=[0.00639, -0.00292, -0.00034] z=0.1071
[lowlevel-sim][GT] t=26.601 quat=[0.49285, -0.50838, 0.50658, 0.49196] angvel=[-0.03514, 0.02925, 0.02166] linvel=[0.00769, -0.00357, 0.00516] z=0.1071
[lowlevel-sim][GT] t=26.651 quat=[0.4926, -0.50852, 0.50667, 0.49197] angvel=[-0.02538, -0.02115, 0.04005] linvel=[0.00533, -0.00588, 0.00456] z=0.1070
[lowlevel-sim][GT] t=26.701 quat=[0.49248, -0.50855, 0.50653, 0.4922] angvel=[-0.05117, 0.11092, 0.02982] linvel=[0.00714, -0.00596, 0.00497] z=0.1070
[lowlevel-sim] FAIL-CLOSED engaged at t=26.712s, last command age 85.79 ms (deadline <= 100 ms) PASS
[lowlevel-sim] COMMANDED at t=26.720s (was fail-closed)
[lowlevel-sim] FAIL-CLOSED engaged at t=26.721s, last command age 85.30 ms (deadline <= 100 ms) PASS
[lowlevel-sim] COMMANDED at t=26.732s (was fail-closed)
[lowlevel-sim][GT] t=26.751 quat=[0.48998, -0.51095, 0.509, 0.48966] angvel=[0.11599, -0.02607, 0.00352] linvel=[-0.01043, -0.00557, 0.00021] z=0.1056
[lowlevel-sim][GT] t=26.801 quat=[0.49143, -0.51011, 0.50788, 0.49025] angvel=[0.01084, 0.01303, 0.00453] linvel=[-0.00391, -0.00426, 0.00704] z=0.1060
[lowlevel-sim][GT] t=26.851 quat=[0.49211, -0.50978, 0.50735, 0.49046] angvel=[-0.00649, -0.01193, -0.02677] linvel=[-0.00268, -0.01006, 0.00371] z=0.1062
[lowlevel-sim][GT] t=26.901 quat=[0.49218, -0.50958, 0.50692, 0.49104] angvel=[-0.01598, -0.00743, -0.02119] linvel=[0.0001, -0.00431, 0.00554] z=0.1064
[lowlevel-sim][GT] t=26.951 quat=[0.49189, -0.50955, 0.50681, 0.49147] angvel=[-0.03136, 0.01697, 0.00872] linvel=[-0.00137, -0.00897, 0.00502] z=0.1065
[lowlevel-sim] t=  27.00 mode=cmd        pd=18218 hold=10378 failclosed=81 rtf=0.241 base_z=+0.107 pitch=+1.539 roll=-3.051 |tau|max= 35.00 sat=2/29 knee_L=+0.272 hip_p_L=-0.106 torn=10093 cmd_age=36.8ms auth=66.5s rig_ign=1021 fix_base=0 sat_j=left_ankle_roll_joint:+35.0,right_ankle_roll_joint:-35.0
[lowlevel-sim][GT] t=27.001 quat=[0.49193, -0.50943, 0.50651, 0.49186] angvel=[-0.04623, -0.00307, -0.01279] linvel=[0.00567, -0.00431, 0.00633] z=0.1065
[lowlevel-sim][GT] t=27.051 quat=[0.49167, -0.50946, 0.50653, 0.49209] angvel=[-0.00207, -0.03573, -0.04579] linvel=[0.00145, -0.00518, 0.00184] z=0.1066
[lowlevel-sim][GT] t=27.101 quat=[0.49182, -0.50928, 0.50644, 0.4922] angvel=[-0.08642, 0.04891, -0.03018] linvel=[-0.00038, -0.00557, 0.00716] z=0.1067
[lowlevel-sim][GT] t=27.151 quat=[0.49164, -0.50943, 0.50629, 0.49238] angvel=[-0.00916, -0.01821, -0.01429] linvel=[0.00572, -0.00236, -0.00141] z=0.1067
[lowlevel-sim][GT] t=27.201 quat=[0.4916, -0.50942, 0.50615, 0.49257] angvel=[0.04077, -0.03421, 0.0012] linvel=[0.0002, -0.00108, -0.00237] z=0.1067
[lowlevel-sim][GT] t=27.251 quat=[0.49147, -0.50949, 0.50607, 0.49272] angvel=[-0.01194, -0.01154, 0.0062] linvel=[-0.00385, -0.00214, 0.00322] z=0.1068
[lowlevel-sim][GT] t=27.301 quat=[0.49174, -0.50945, 0.50584, 0.49272] angvel=[0.02267, -0.01831, 0.01164] linvel=[0.00486, 0.00055, 0.0007] z=0.1068
[lowlevel-sim][GT] t=27.351 quat=[0.49162, -0.5096, 0.5059, 0.49263] angvel=[-0.01575, 0.00886, -0.00489] linvel=[0.00617, -0.00494, 0.00118] z=0.1068
[lowlevel-sim][GT] t=27.401 quat=[0.49164, -0.50949, 0.50588, 0.49274] angvel=[0.0323, -0.04348, 0.00555] linvel=[0.00521, -0.00157, -0.00249] z=0.1067
[lowlevel-sim][GT] t=27.451 quat=[0.49177, -0.50949, 0.50594, 0.49255] angvel=[-0.01931, -0.00945, -0.04332] linvel=[0.00248, -0.00629, -0.00117] z=0.1067
[lowlevel-sim] t=  27.50 mode=cmd        pd=18468 hold=10378 failclosed=81 rtf=0.241 base_z=+0.107 pitch=+1.540 roll=-3.059 |tau|max= 35.00 sat=2/29 knee_L=+0.273 hip_p_L=-0.106 torn=10111 cmd_age=45.1ms auth=68.4s rig_ign=1021 fix_base=0 sat_j=left_ankle_roll_joint:+35.0,right_ankle_roll_joint:-35.0
[lowlevel-sim][GT] t=27.501 quat=[0.49176, -0.50944, 0.50596, 0.49259] angvel=[-0.00664, -0.02945, -0.01214] linvel=[0.00396, -0.00354, -0.00176] z=0.1067
[lowlevel-sim][GT] t=27.551 quat=[0.49175, -0.5095, 0.50608, 0.49241] angvel=[-0.02741, 0.02732, 0.01812] linvel=[0.00372, -0.00353, 0.00284] z=0.1067
[lowlevel-sim][GT] t=27.601 quat=[0.49174, -0.50939, 0.50606, 0.49255] angvel=[0.02255, -0.00265, 0.0059] linvel=[0.00657, -0.00065, -0.00111] z=0.1067
[lowlevel-sim][GT] t=27.651 quat=[0.49172, -0.50937, 0.50615, 0.49252] angvel=[-0.0233, 0.02586, 0.01826] linvel=[0.00505, -0.00198, 0.00422] z=0.1067
[lowlevel-sim][GT] t=27.701 quat=[0.49175, -0.5093, 0.50612, 0.49258] angvel=[0.02921, 0.02592, 0.00128] linvel=[0.00576, -0.00119, -0.00164] z=0.1067
[lowlevel-sim][GT] t=27.751 quat=[0.49176, -0.50926, 0.50634, 0.49239] angvel=[-0.04387, 0.00503, -0.0285] linvel=[0.00025, -0.00739, 0.00284] z=0.1067
[lowlevel-sim][GT] t=27.801 quat=[0.49187, -0.50921, 0.50628, 0.49238] angvel=[0.00087, -0.00523, 0.00992] linvel=[0.00354, -0.00112, 0.00145] z=0.1067
[lowlevel-sim][GT] t=27.851 quat=[0.49173, -0.50926, 0.50624, 0.49252] angvel=[-0.01734, 0.0244, 0.0283] linvel=[0.01057, -0.00534, 0.00185] z=0.1067
[lowlevel-sim][GT] t=27.901 quat=[0.49155, -0.50938, 0.50598, 0.49284] angvel=[-0.01339, 0.00175, -0.00488] linvel=[-0.00138, -0.0041, 0.00205] z=0.1067
[lowlevel-sim][GT] t=27.951 quat=[0.49146, -0.50952, 0.50583, 0.49294] angvel=[-0.03878, 0.01073, 0.05244] linvel=[0.01013, -0.00695, 0.00436] z=0.1068
[lowlevel-sim] t=  28.00 mode=cmd        pd=18718 hold=10378 failclosed=81 rtf=0.242 base_z=+0.107 pitch=+1.540 roll=-3.083 |tau|max= 35.00 sat=2/29 knee_L=+0.274 hip_p_L=-0.106 torn=10123 cmd_age=42.9ms auth=70.3s rig_ign=1021 fix_base=0 sat_j=left_ankle_roll_joint:+35.0,right_ankle_roll_joint:-35.0
[lowlevel-sim][GT] t=28.001 quat=[0.49133, -0.5095, 0.50557, 0.49336] angvel=[0.01777, -0.06397, -0.00083] linvel=[0.00152, 0.00014, -0.00062] z=0.1068
[lowlevel-sim][GT] t=28.051 quat=[0.49104, -0.50969, 0.50571, 0.49331] angvel=[-0.05065, -0.02423, -0.00261] linvel=[0.00684, -0.00972, 0.00432] z=0.1068
[lowlevel-sim][GT] t=28.101 quat=[0.49106, -0.50967, 0.50561, 0.49342] angvel=[-0.03326, -0.01472, -0.02431] linvel=[0.0065, -0.00372, 0.00331] z=0.1068
[lowlevel-sim][GT] t=28.151 quat=[0.49105, -0.50973, 0.5056, 0.49337] angvel=[-0.00137, 0.01098, 0.02122] linvel=[0.01373, -0.00638, 0.00076] z=0.1068
[lowlevel-sim][GT] t=28.201 quat=[0.49114, -0.50967, 0.50557, 0.49338] angvel=[-0.04797, -0.03564, -0.02565] linvel=[0.00135, -0.00453, 0.00231] z=0.1068
[lowlevel-sim][GT] t=28.251 quat=[0.49114, -0.50968, 0.50568, 0.49325] angvel=[9e-05, -0.02861, -0.01327] linvel=[0.00828, -0.00323, 0.0034] z=0.1067
[lowlevel-sim][GT] t=28.301 quat=[0.49122, -0.50961, 0.50563, 0.49331] angvel=[-0.01903, -0.04973, -0.02896] linvel=[0.00347, -0.00326, 0.0024] z=0.1068
[lowlevel-sim][GT] t=28.351 quat=[0.4913, -0.50968, 0.50574, 0.49303] angvel=[-0.00764, -0.01438, -0.01345] linvel=[0.00625, -0.00298, 0.00071] z=0.1067
[lowlevel-sim][GT] t=28.401 quat=[0.49132, -0.50956, 0.50576, 0.49311] angvel=[-0.01719, 0.01084, 0.01006] linvel=[0.00279, -0.00422, 0.00191] z=0.1067
[lowlevel-sim][GT] t=28.451 quat=[0.49114, -0.50971, 0.50579, 0.49311] angvel=[-0.03383, -0.03395, -0.00888] linvel=[0.00458, -0.00348, 0.00184] z=0.1067
[lowlevel-sim] t=  28.50 mode=cmd        pd=18968 hold=10378 failclosed=81 rtf=0.242 base_z=+0.107 pitch=+1.540 roll=-3.081 |tau|max= 35.00 sat=2/29 knee_L=+0.273 hip_p_L=-0.106 torn=10145 cmd_age=32.3ms auth=72.1s rig_ign=1021 fix_base=0 sat_j=left_ankle_roll_joint:+35.0,right_ankle_roll_joint:-35.0
[lowlevel-sim][GT] t=28.501 quat=[0.4912, -0.50964, 0.50563, 0.49328] angvel=[-0.03807, -0.02844, 0.01595] linvel=[-0.00289, -0.00251, 0.00202] z=0.1067
[lowlevel-sim][GT] t=28.551 quat=[0.49088, -0.5098, 0.50559, 0.49348] angvel=[-0.01511, -0.03552, -0.02955] linvel=[-0.00015, -0.00557, 0.00202] z=0.1067
[lowlevel-sim][GT] t=28.601 quat=[0.49083, -0.50979, 0.50541, 0.49373] angvel=[-0.05548, -0.01077, 0.00447] linvel=[-0.00013, -0.00499, 0.00486] z=0.1068
[lowlevel-sim] FAIL-CLOSED engaged at t=28.616s, last command age 85.34 ms (deadline <= 100 ms) PASS
[lowlevel-sim] COMMANDED at t=28.618s (was fail-closed)
[lowlevel-sim][GT] t=28.651 quat=[0.49063, -0.51003, 0.50547, 0.49362] angvel=[0.01869, 0.03576, 0.01724] linvel=[0.00314, 0.00208, 0.00193] z=0.1067
[lowlevel-sim][GT] t=28.701 quat=[0.49066, -0.51011, 0.50542, 0.49355] angvel=[-0.03836, -0.00568, -0.00911] linvel=[0.00419, -0.00557, 0.0017] z=0.1067
[lowlevel-sim][GT] t=28.751 quat=[0.49059, -0.51016, 0.50521, 0.49378] angvel=[-0.01096, 0.04148, 0.02118] linvel=[0.00817, -0.00157, 0.00174] z=0.1067
[lowlevel-sim][GT] t=28.801 quat=[0.49061, -0.51016, 0.5053, 0.49366] angvel=[-0.03394, 0.00197, 0.00738] linvel=[0.00329, -0.00743, 0.00388] z=0.1067
[lowlevel-sim][GT] t=28.851 quat=[0.49056, -0.51014, 0.50518, 0.49386] angvel=[0.00439, 0.05305, 0.0446] linvel=[0.00588, -0.00196, 0.00173] z=0.1067
[lowlevel-sim][GT] t=28.901 quat=[0.49036, -0.51028, 0.50516, 0.49394] angvel=[-0.02139, 0.00812, 0.01425] linvel=[0.00278, 0.00029, 0.00265] z=0.1067
[lowlevel-sim][GT] t=28.951 quat=[0.49033, -0.51022, 0.50508, 0.49411] angvel=[-0.022, -0.00841, -0.01181] linvel=[0.00942, -0.00259, 0.00253] z=0.1067
[lowlevel-sim] t=  29.00 mode=cmd        pd=19218 hold=10378 failclosed=82 rtf=0.243 base_z=+0.107 pitch=+1.540 roll=-3.098 |tau|max=  9.46 sat=0/29 knee_L=+0.275 hip_p_L=-0.107 torn=10161 cmd_age=27.0ms auth=74.0s rig_ign=1021 fix_base=0
[lowlevel-sim][GT] t=29.001 quat=[0.4903, -0.5103, 0.50515, 0.49399] angvel=[-0.03509, 0.01952, 0.00509] linvel=[-0.00043, -0.00392, 0.00386] z=0.1067
[lowlevel-sim][GT] t=29.051 quat=[0.49031, -0.51021, 0.50498, 0.49424] angvel=[-0.0361, 0.00116, 0.00223] linvel=[0.00168, -0.00432, 0.00331] z=0.1067
[lowlevel-sim][GT] t=29.101 quat=[0.49021, -0.51038, 0.50499, 0.49416] angvel=[-0.05356, -0.03442, -0.02859] linvel=[-0.00293, -0.00705, 0.00523] z=0.1067
[lowlevel-sim][GT] t=29.151 quat=[0.49021, -0.51042, 0.50479, 0.49432] angvel=[-0.01266, -0.00514, -0.00852] linvel=[0.00196, -0.00238, 0.00085] z=0.1067
[lowlevel-sim][GT] t=29.201 quat=[0.49016, -0.51051, 0.50488, 0.49419] angvel=[-0.01727, -0.0292, -0.02428] linvel=[-0.00069, -0.00941, 0.00012] z=0.1067
[lowlevel-sim][GT] t=29.251 quat=[0.4901, -0.51055, 0.50471, 0.49438] angvel=[0.03927, 0.06426, 0.01447] linvel=[0.00704, 0.00039, -0.00333] z=0.1067
[lowlevel-sim] FAIL-CLOSED engaged at t=29.271s, last command age 85.57 ms (deadline <= 100 ms) PASS
[lowlevel-sim] COMMANDED at t=29.282s (was fail-closed)
[lowlevel-sim][GT] t=29.301 quat=[0.48883, -0.51198, 0.506, 0.49284] angvel=[-0.00566, 0.03637, 0.03408] linvel=[0.00877, -0.00411, 0.00301] z=0.1060
[lowlevel-sim][GT] t=29.351 quat=[0.48969, -0.51137, 0.50543, 0.4932] angvel=[0.03288, 0.05958, 0.01208] linvel=[0.00898, 0.00027, 0.00136] z=0.1062
[lowlevel-sim][GT] t=29.401 quat=[0.48995, -0.51119, 0.50514, 0.49342] angvel=[-0.00844, 0.00524, -0.00875] linvel=[0.00408, -0.00396, 0.00044] z=0.1063
[lowlevel-sim][GT] t=29.451 quat=[0.49003, -0.511, 0.505, 0.49369] angvel=[0.08333, -0.02268, -0.00429] linvel=[0.00333, 0.00184, -0.00165] z=0.1064
[lowlevel-sim] t=  29.50 mode=cmd        pd=19474 hold=10378 failclosed=93 rtf=0.243 base_z=+0.106 pitch=+1.539 roll=-3.082 |tau|max=  9.60 sat=0/29 knee_L=+0.273 hip_p_L=-0.106 torn=10178 cmd_age=39.5ms auth=75.8s rig_ign=1021 fix_base=0
[lowlevel-sim][GT] t=29.501 quat=[0.48991, -0.511, 0.5049, 0.4939] angvel=[-0.02122, -0.01448, -0.03457] linvel=[0.00118, -0.00564, -0.00074] z=0.1064
[lowlevel-sim][GT] t=29.551 quat=[0.48996, -0.51089, 0.50477, 0.4941] angvel=[0.01988, 0.02663, 0.02232] linvel=[0.00248, 0.00239, 0.00179] z=0.1065
[lowlevel-sim][GT] t=29.601 quat=[0.48991, -0.51096, 0.50476, 0.49409] angvel=[-0.03624, 0.01223, 0.00599] linvel=[0.00391, -0.00325, 0.00367] z=0.1065
[lowlevel-sim][GT] t=29.651 quat=[0.48998, -0.51082, 0.50476, 0.49417] angvel=[0.00811, 0.05199, 0.00642] linvel=[0.00822, -0.00272, 0.00206] z=0.1065
[lowlevel-sim][GT] t=29.701 quat=[0.49002, -0.51085, 0.5048, 0.49406] angvel=[-0.03335, -0.00247, 0.00825] linvel=[0.00669, -0.00408, 0.00165] z=0.1065
[lowlevel-sim][GT] t=29.751 quat=[0.49008, -0.51075, 0.50478, 0.49412] angvel=[-0.00164, 0.02927, -0.02275] linvel=[0.00864, -0.00306, 8e-05] z=0.1065
[lowlevel-sim][GT] t=29.801 quat=[0.49011, -0.51074, 0.50492, 0.49396] angvel=[-0.03282, -0.01349, 0.01559] linvel=[0.00808, -0.00706, 0.00381] z=0.1065
[lowlevel-sim][GT] t=29.851 quat=[0.49017, -0.51057, 0.5049, 0.4941] angvel=[0.00753, 0.03051, 0.00305] linvel=[0.00098, -0.0039, -0.00035] z=0.1066
[lowlevel-sim][GT] t=29.901 quat=[0.49007, -0.5106, 0.50486, 0.4942] angvel=[-0.02321, 0.00992, -0.00459] linvel=[0.00221, -0.0039, 0.00199] z=0.1066
[lowlevel-sim][GT] t=29.951 quat=[0.49005, -0.51059, 0.50479, 0.4943] angvel=[-0.02084, -0.00209, -0.0129] linvel=[0.00165, -0.00464, 0.00106] z=0.1066
[lowlevel-sim] t=  30.00 mode=cmd        pd=19724 hold=10378 failclosed=93 rtf=0.243 base_z=+0.107 pitch=+1.539 roll=-3.101 |tau|max=  9.33 sat=0/29 knee_L=+0.274 hip_p_L=-0.106 torn=10190 cmd_age=49.5ms auth=77.8s rig_ign=1021 fix_base=0
[lowlevel-sim][GT] t=30.001 quat=[0.48985, -0.51074, 0.50479, 0.49435] angvel=[-0.02817, 0.00592, -0.01247] linvel=[0.00471, -0.00635, 7e-05] z=0.1066
[lowlevel-sim][GT] t=30.051 quat=[0.48988, -0.51076, 0.50463, 0.49446] angvel=[-0.0409, -0.00385, 0.00265] linvel=[0.00098, -0.0043, 0.00062] z=0.1066
[lowlevel-sim][GT] t=30.101 quat=[0.48967, -0.51091, 0.50464, 0.4945] angvel=[-0.02028, 0.00284, 0.00137] linvel=[0.00608, -0.00517, 0.00059] z=0.1065
[lowlevel-sim][GT] t=30.151 quat=[0.48956, -0.51085, 0.50454, 0.49477] angvel=[0.00251, 0.0271, 0.02218] linvel=[0.00028, -0.00052, 0.00166] z=0.1066
[lowlevel-sim][GT] t=30.201 quat=[0.48934, -0.51098, 0.50451, 0.49489] angvel=[-0.0141, -0.00443, -0.00522] linvel=[0.00211, -0.00594, 0.00069] z=0.1066
[lowlevel-sim][GT] t=30.251 quat=[0.4893, -0.51102, 0.50437, 0.49504] angvel=[0.05367, -0.00858, 0.00845] linvel=[-0.00172, 0.00097, -0.00404] z=0.1065
[lowlevel-sim][GT] t=30.301 quat=[0.4892, -0.51118, 0.50427, 0.49507] angvel=[-0.0192, -0.02019, -0.04293] linvel=[-0.00327, -0.00383, 0.00141] z=0.1066
[lowlevel-sim][GT] t=30.351 quat=[0.48916, -0.5112, 0.50427, 0.49508] angvel=[0.04664, 0.00376, 0.02369] linvel=[-0.00164, -0.00022, -0.00475] z=0.1065
[lowlevel-sim][GT] t=30.401 quat=[0.4891, -0.51121, 0.50449, 0.49491] angvel=[-0.03492, -0.02806, -0.04841] linvel=[-0.00811, -0.00684, 0.00117] z=0.1064
[lowlevel-sim][GT] t=30.451 quat=[0.4893, -0.51117, 0.50438, 0.49486] angvel=[0.03809, -0.02866, 0.00775] linvel=[0.00195, 0.00209, -0.00309] z=0.1064
[lowlevel-sim] t=  30.50 mode=cmd        pd=19974 hold=10378 failclosed=93 rtf=0.244 base_z=+0.106 pitch=+1.539 roll=-3.101 |tau|max=  9.98 sat=0/29 knee_L=+0.272 hip_p_L=-0.106 torn=10203 cmd_age=56.8ms auth=79.7s rig_ign=1021 fix_base=0
[lowlevel-sim][GT] t=30.501 quat=[0.48933, -0.51128, 0.50442, 0.49469] angvel=[-0.02044, -0.01966, -0.02567] linvel=[-0.00509, -0.00666, 0.00047] z=0.1064
[lowlevel-sim][GT] t=30.551 quat=[0.48935, -0.51135, 0.50421, 0.49481] angvel=[0.02708, 0.01392, 0.01735] linvel=[0.00184, 0.0012, -0.00243] z=0.1064
[lowlevel-sim][GT] t=30.601 quat=[0.48934, -0.51142, 0.50424, 0.4947] angvel=[-0.01315, -0.035, -0.03981] linvel=[-0.00155, -0.00674, -0.00081] z=0.1064
[lowlevel-sim][GT] t=30.651 quat=[0.48934, -0.51137, 0.50413, 0.49487] angvel=[-0.00888, 0.03496, 0.01345] linvel=[0.00113, 0.00172, 0.00181] z=0.1064
[lowlevel-sim][GT] t=30.701 quat=[0.48937, -0.51144, 0.5041, 0.4948] angvel=[-0.0158, -0.01958, 0.00388] linvel=[0.00844, -0.00862, 0.00051] z=0.1064
[lowlevel-sim][GT] t=30.751 quat=[0.48923, -0.51149, 0.50404, 0.49494] angvel=[0.01168, -0.00505, 0.01916] linvel=[0.00437, 0.0017, -0.0003] z=0.1064
[lowlevel-sim][GT] t=30.801 quat=[0.48901, -0.51158, 0.50405, 0.49507] angvel=[-0.02904, -0.00651, 0.01124] linvel=[0.00367, -0.00858, 0.00029] z=0.1064
[lowlevel-sim][GT] t=30.851 quat=[0.48907, -0.51153, 0.50399, 0.49511] angvel=[0.04792, 0.00868, 0.01707] linvel=[0.00661, 0.00171, -0.00052] z=0.1064
[lowlevel-sim][GT] t=30.901 quat=[0.48891, -0.51161, 0.50401, 0.49516] angvel=[-0.04456, -0.00501, -0.01959] linvel=[0.0081, -0.00924, 0.00401] z=0.1064
[lowlevel-sim][GT] t=30.951 quat=[0.489, -0.51154, 0.50385, 0.49531] angvel=[0.01304, -0.00652, 0.00867] linvel=[0.00597, -0.00013, 0.00094] z=0.1064
[lowlevel-sim] t=  31.00 mode=cmd        pd=20224 hold=10378 failclosed=93 rtf=0.244 base_z=+0.106 pitch=+1.539 roll=-3.106 |tau|max=  9.96 sat=0/29 knee_L=+0.273 hip_p_L=-0.106 torn=10220 cmd_age=51.1ms auth=81.6s rig_ign=1021 fix_base=0
[lowlevel-sim][GT] t=31.001 quat=[0.48893, -0.5116, 0.50393, 0.49525] angvel=[-0.03061, -0.02058, -0.02051] linvel=[0.0005, -0.0068, 0.00087] z=0.1064
[lowlevel-sim][GT] t=31.051 quat=[0.48885, -0.51155, 0.5039, 0.4954] angvel=[-0.00361, 0.04451, 0.01262] linvel=[0.00685, -0.00392, 0.00182] z=0.1064
[lowlevel-sim][GT] t=31.101 quat=[0.4888, -0.51159, 0.50393, 0.49539] angvel=[-0.02715, -0.0242, -0.02857] linvel=[-0.00095, -0.00762, -0.00089] z=0.1064
[lowlevel-sim][GT] t=31.151 quat=[0.48886, -0.51153, 0.50393, 0.49539] angvel=[-0.00647, 0.07619, 0.01532] linvel=[0.00996, -0.00219, 0.00114] z=0.1064
[lowlevel-sim] FAIL-CLOSED engaged at t=31.160s, last command age 91.19 ms (deadline <= 100 ms) PASS
[lowlevel-sim] COMMANDED at t=31.184s (was fail-closed)
[lowlevel-sim][GT] t=31.201 quat=[0.48541, -0.51502, 0.50744, 0.49156] angvel=[0.16123, 0.01408, 0.00555] linvel=[0.00268, 0.00467, -0.01074] z=0.1041
[lowlevel-sim][GT] t=31.251 quat=[0.48694, -0.51387, 0.50626, 0.49247] angvel=[0.05404, 0.02708, 0.02086] linvel=[0.0012, -0.00275, 0.00577] z=0.1046
[lowlevel-sim][GT] t=31.301 quat=[0.48778, -0.513, 0.50545, 0.49338] angvel=[0.07247, 0.00575, 0.00945] linvel=[0.00154, -0.00027, 0.00317] z=0.1050
[lowlevel-sim][GT] t=31.351 quat=[0.48803, -0.51269, 0.50511, 0.4938] angvel=[0.00661, 0.03336, 0.02778] linvel=[0.0093, -0.00774, 0.00339] z=0.1053
[lowlevel-sim][GT] t=31.401 quat=[0.48813, -0.51241, 0.50486, 0.49424] angvel=[0.04989, -0.01175, 0.01455] linvel=[0.00336, -0.00089, -0.00076] z=0.1055
[lowlevel-sim][GT] t=31.451 quat=[0.48817, -0.51224, 0.50476, 0.49448] angvel=[-0.02318, 0.03828, 0.0089] linvel=[0.0033, -0.00467, 0.00533] z=0.1056
[lowlevel-sim] t=  31.50 mode=cmd        pd=20485 hold=10378 failclosed=116 rtf=0.244 base_z=+0.106 pitch=+1.537 roll=-3.117 |tau|max= 35.00 sat=2/29 knee_L=+0.268 hip_p_L=-0.105 torn=10236 cmd_age=36.5ms auth=83.4s rig_ign=1021 fix_base=0 sat_j=left_ankle_roll_joint:+35.0,right_ankle_roll_joint:-35.0
[lowlevel-sim][GT] t=31.501 quat=[0.48838, -0.51198, 0.50457, 0.49474] angvel=[-0.00022, -0.01855, 0.00248] linvel=[0.00415, -0.0017, 0.00356] z=0.1058
[lowlevel-sim][GT] t=31.551 quat=[0.48849, -0.51194, 0.5045, 0.49474] angvel=[-0.04256, -0.00705, 0.03686] linvel=[0.01165, -0.0084, 0.00432] z=0.1059
[lowlevel-sim][GT] t=31.601 quat=[0.4885, -0.51184, 0.50445, 0.49489] angvel=[0.05334, -0.00784, 0.00885] linvel=[0.00617, 0.0007, -0.0024] z=0.1059
[lowlevel-sim][GT] t=31.651 quat=[0.48858, -0.51182, 0.50435, 0.49493] angvel=[-0.01657, 0.02311, -0.00747] linvel=[0.00506, -0.00238, 0.00201] z=0.1060
[lowlevel-sim][GT] t=31.701 quat=[0.48866, -0.5117, 0.50424, 0.49509] angvel=[0.07045, -0.01649, 0.0014] linvel=[0.00487, 0.00308, -0.00345] z=0.1061
[lowlevel-sim][GT] t=31.751 quat=[0.48848, -0.51174, 0.50418, 0.49529] angvel=[-0.01125, -0.02029, -0.01655] linvel=[0.0025, -0.00816, -0.00177] z=0.1061
[lowlevel-sim][GT] t=31.801 quat=[0.48846, -0.51173, 0.50406, 0.49545] angvel=[0.05452, -0.00714, 0.01666] linvel=[0.00585, 0.00219, -0.00307] z=0.1062
[lowlevel-sim][GT] t=31.851 quat=[0.48827, -0.51181, 0.50398, 0.49563] angvel=[-0.01422, -0.02271, -0.01035] linvel=[-0.0003, -0.007, 0.00043] z=0.1062
[lowlevel-sim][GT] t=31.901 quat=[0.48809, -0.51184, 0.50388, 0.49588] angvel=[-0.00626, 0.04915, 0.02253] linvel=[0.0071, -0.00077, 0.00202] z=0.1062
[lowlevel-sim][GT] t=31.951 quat=[0.48797, -0.51197, 0.5039, 0.49584] angvel=[-0.017, 0.02201, 0.00122] linvel=[0.00025, -0.00308, 0.00229] z=0.1062
[lowlevel-sim] t=  32.00 mode=cmd        pd=20735 hold=10378 failclosed=116 rtf=0.245 base_z=+0.106 pitch=+1.539 roll=+3.127 |tau|max= 35.00 sat=2/29 knee_L=+0.272 hip_p_L=-0.106 torn=10259 cmd_age=57.6ms auth=85.2s rig_ign=1021 fix_base=0 sat_j=left_ankle_roll_joint:+35.0,right_ankle_roll_joint:-35.0
[lowlevel-sim][GT] t=32.001 quat=[0.48776, -0.51198, 0.50376, 0.49618] angvel=[0.00787, -0.05367, 0.0076] linvel=[0.00535, -0.00291, 0.00043] z=0.1062
[lowlevel-sim][GT] t=32.051 quat=[0.48794, -0.51203, 0.50375, 0.49596] angvel=[-0.01973, -0.02614, -0.03564] linvel=[-0.00076, -0.00417, 0.00051] z=0.1063
[lowlevel-sim][GT] t=32.101 quat=[0.48797, -0.51201, 0.50369, 0.49602] angvel=[0.05663, -0.00689, 0.01008] linvel=[0.0006, 0.00094, -0.00373] z=0.1062
[lowlevel-sim][GT] t=32.151 quat=[0.48808, -0.51205, 0.50371, 0.49584] angvel=[-0.02191, -0.03061, -0.00966] linvel=[0.00671, -0.00152, 0.00352] z=0.1063
[lowlevel-sim][GT] t=32.201 quat=[0.48819, -0.51196, 0.50364, 0.4959] angvel=[0.01228, 0.00977, -0.00252] linvel=[0.00047, -0.00227, 0.00282] z=0.1063
[lowlevel-sim][GT] t=32.251 quat=[0.48811, -0.51203, 0.50352, 0.49603] angvel=[-0.03092, -0.01619, -0.01034] linvel=[0.0046, -0.00171, 0.00333] z=0.1064
[lowlevel-sim][GT] t=32.301 quat=[0.48806, -0.51202, 0.50331, 0.4963] angvel=[0.06779, 0.00287, -0.0013] linvel=[-0.00024, -0.00099, -0.00537] z=0.1064
[lowlevel-sim][GT] t=32.351 quat=[0.48803, -0.51211, 0.50321, 0.49633] angvel=[-0.03068, -0.00389, -0.00443] linvel=[0.00315, -0.00296, 0.00442] z=0.1065
[lowlevel-sim][GT] t=32.401 quat=[0.48808, -0.51206, 0.50319, 0.49635] angvel=[-0.00935, -0.05604, -0.02043] linvel=[-0.00193, -0.00101, 0.00253] z=0.1064
[lowlevel-sim][GT] t=32.451 quat=[0.48784, -0.51216, 0.50332, 0.49637] angvel=[-0.05537, 0.00984, 0.02226] linvel=[0.00042, -0.00648, 0.00193] z=0.1064
[lowlevel-sim] t=  32.50 mode=cmd        pd=20985 hold=10378 failclosed=116 rtf=0.245 base_z=+0.106 pitch=+1.540 roll=-3.140 |tau|max= 35.00 sat=2/29 knee_L=+0.273 hip_p_L=-0.106 torn=10281 cmd_age=43.3ms auth=87.1s rig_ign=1021 fix_base=0 sat_j=left_ankle_roll_joint:+35.0,right_ankle_roll_joint:-35.0
[lowlevel-sim][GT] t=32.501 quat=[0.48785, -0.51216, 0.50325, 0.49643] angvel=[-0.03689, -0.0723, -0.0231] linvel=[-0.00574, -0.00285, 0.00279] z=0.1064
[lowlevel-sim][GT] t=32.551 quat=[0.48783, -0.51224, 0.50322, 0.49639] angvel=[-0.03972, 0.00669, 0.03166] linvel=[0.00551, -0.00786, 0.00076] z=0.1064
[lowlevel-sim][GT] t=32.601 quat=[0.48796, -0.51218, 0.5032, 0.49634] angvel=[-0.00865, 0.00979, 0.00397] linvel=[0.00115, -0.00394, 9e-05] z=0.1064
[lowlevel-sim][GT] t=32.651 quat=[0.48785, -0.51228, 0.50327, 0.49628] angvel=[-0.06902, 0.0038, 0.00126] linvel=[0.00203, -0.00389, 0.00565] z=0.1064
[lowlevel-sim][GT] t=32.701 quat=[0.48793, -0.51223, 0.50316, 0.49636] angvel=[-0.06707, -0.00475, 0.01264] linvel=[-0.0001, -0.00344, 0.0057] z=0.1064
[lowlevel-sim][GT] t=32.751 quat=[0.48786, -0.5123, 0.50319, 0.49633] angvel=[-0.02739, 0.01193, -0.00142] linvel=[5e-05, -0.00503, 0.00312] z=0.1064
[lowlevel-sim][GT] t=32.801 quat=[0.48804, -0.51218, 0.50307, 0.4964] angvel=[-0.00285, -0.06474, -0.01374] linvel=[-0.00053, 0.00042, 0.00199] z=0.1064
[lowlevel-sim][GT] t=32.851 quat=[0.48779, -0.51239, 0.50318, 0.49632] angvel=[-0.04848, 0.01169, -0.00242] linvel=[0.00301, -0.0071, 0.00396] z=0.1064
[lowlevel-sim][GT] t=32.901 quat=[0.48775, -0.51239, 0.50302, 0.49652] angvel=[0.001, -0.0491, 0.00185] linvel=[-0.00357, -0.00134, 0.00064] z=0.1064
[lowlevel-sim][GT] t=32.951 quat=[0.48759, -0.51248, 0.50302, 0.49658] angvel=[-0.01675, -0.0054, 0.00679] linvel=[0.00226, -0.00106, 0.00218] z=0.1064
[lowlevel-sim] t=  33.00 mode=cmd        pd=21235 hold=10378 failclosed=116 rtf=0.245 base_z=+0.106 pitch=+1.540 roll=-3.138 |tau|max= 35.00 sat=2/29 knee_L=+0.272 hip_p_L=-0.106 torn=10302 cmd_age=28.8ms auth=88.9s rig_ign=1021 fix_base=0 sat_j=left_ankle_roll_joint:+35.0,right_ankle_roll_joint:-35.0
[lowlevel-sim][GT] t=33.001 quat=[0.48757, -0.51246, 0.50294, 0.4967] angvel=[-0.03889, -0.03935, 0.00226] linvel=[-0.00691, -0.00455, 0.00417] z=0.1064
[lowlevel-sim][GT] t=33.051 quat=[0.48729, -0.51271, 0.50302, 0.49663] angvel=[-0.03591, -0.00779, 0.00276] linvel=[-0.00044, -0.00206, 0.00363] z=0.1063
[lowlevel-sim][GT] t=33.101 quat=[0.48737, -0.51264, 0.50285, 0.4968] angvel=[0.07821, -0.01234, -0.0037] linvel=[-0.00595, -0.00064, -0.00628] z=0.1063
[lowlevel-sim][GT] t=33.151 quat=[0.48733, -0.51277, 0.50285, 0.49671] angvel=[-0.04031, -0.05103, -0.01689] linvel=[-0.00153, -0.00203, 0.00316] z=0.1063
[lowlevel-sim][GT] t=33.201 quat=[0.48768, -0.51277, 0.50267, 0.49655] angvel=[0.00497, -0.06778, -0.01435] linvel=[-0.00624, -0.00145, 0.0012] z=0.1063
[lowlevel-sim][GT] t=33.251 quat=[0.48774, -0.51286, 0.50263, 0.49644] angvel=[-0.01152, 0.00577, 0.00523] linvel=[0.00803, -0.00382, 0.00346] z=0.1064
[lowlevel-sim][GT] t=33.301 quat=[0.48788, -0.51277, 0.50245, 0.49657] angvel=[0.01416, -0.06937, -0.0054] linvel=[-0.0005, -0.00296, 0.00016] z=0.1064
[lowlevel-sim][GT] t=33.351 quat=[0.48762, -0.51282, 0.5025, 0.49672] angvel=[-0.04712, 0.00862, 0.00983] linvel=[0.00618, -0.00191, 0.00441] z=0.1064
[lowlevel-sim][GT] t=33.401 quat=[0.48748, -0.51277, 0.50243, 0.49698] angvel=[0.05167, 0.07243, 0.03214] linvel=[0.01206, -6e-05, -0.00281] z=0.1064
[lowlevel-sim][GT] t=33.451 quat=[0.48729, -0.51281, 0.50258, 0.49697] angvel=[-0.0166, -0.00952, 0.00129] linvel=[0.00676, -0.00136, 0.00523] z=0.1064
[lowlevel-sim] t=  33.50 mode=cmd        pd=21485 hold=10378 failclosed=116 rtf=0.246 base_z=+0.106 pitch=+1.540 roll=+3.138 |tau|max= 35.00 sat=2/29 knee_L=+0.273 hip_p_L=-0.106 torn=10324 cmd_age=43.8ms auth=90.6s rig_ign=1021 fix_base=0 sat_j=left_ankle_roll_joint:+35.0,right_ankle_roll_joint:-35.0
[lowlevel-sim][GT] t=33.501 quat=[0.48717, -0.51275, 0.50253, 0.49721] angvel=[-0.01102, -0.04502, -0.0096] linvel=[-0.00072, -0.00122, 0.0028] z=0.1064
[lowlevel-sim][GT] t=33.551 quat=[0.48698, -0.51279, 0.50253, 0.49736] angvel=[-0.02651, 0.00222, 0.02424] linvel=[0.00395, -0.00366, 0.0026] z=0.1065
[lowlevel-sim][GT] t=33.601 quat=[0.48703, -0.51275, 0.50243, 0.49745] angvel=[0.00041, 0.08929, 0.02551] linvel=[0.00592, 0.00046, 0.00281] z=0.1065
[lowlevel-sim][GT] t=33.651 quat=[0.48696, -0.51287, 0.5024, 0.49742] angvel=[-0.04565, 0.00158, -0.01192] linvel=[0.0002, -0.00554, 0.00118] z=0.1065
[lowlevel-sim][GT] t=33.701 quat=[0.48703, -0.51286, 0.50243, 0.49733] angvel=[-0.03238, 0.0163, 0.02085] linvel=[-0.00259, -0.00322, 0.00521] z=0.1064
[lowlevel-sim][GT] t=33.751 quat=[0.48709, -0.51284, 0.50259, 0.49715] angvel=[-0.03949, 0.02015, -0.01223] linvel=[-0.0069, -0.00473, 0.00126] z=0.1064
[lowlevel-sim][GT] t=33.801 quat=[0.4873, -0.51265, 0.50259, 0.49713] angvel=[-0.00983, 0.00903, -0.00452] linvel=[0.0016, -0.00178, 0.00269] z=0.1064
[lowlevel-sim][GT] t=33.851 quat=[0.48759, -0.5127, 0.50271, 0.49667] angvel=[-0.03648, 0.01129, -0.00544] linvel=[-0.00671, -0.00379, 0.00164] z=0.1064
[lowlevel-sim][GT] t=33.901 quat=[0.48784, -0.51259, 0.50269, 0.49655] angvel=[-0.01768, 0.00946, -0.01362] linvel=[0.00286, -0.00013, 0.00335] z=0.1064
[lowlevel-sim][GT] t=33.951 quat=[0.48798, -0.51264, 0.50283, 0.49622] angvel=[-0.01709, -0.01385, -0.01557] linvel=[-0.00189, -0.0028, 0.00015] z=0.1064
[lowlevel-sim] t=  34.00 mode=cmd        pd=21735 hold=10378 failclosed=116 rtf=0.247 base_z=+0.106 pitch=+1.540 roll=-3.102 |tau|max= 35.00 sat=2/29 knee_L=+0.271 hip_p_L=-0.105 torn=10335 cmd_age=52.6ms auth=92.4s rig_ign=1021 fix_base=0 sat_j=left_ankle_roll_joint:+35.0,right_ankle_roll_joint:-35.0
[lowlevel-sim][GT] t=34.001 quat=[0.488, -0.5126, 0.50279, 0.49628] angvel=[-0.0082, 0.01499, 0.00555] linvel=[-0.00042, -0.00026, 0.00301] z=0.1063
[lowlevel-sim][GT] t=34.051 quat=[0.48786, -0.51269, 0.50283, 0.49628] angvel=[-0.04604, -0.00754, -0.00423] linvel=[0.00088, -0.00348, 0.0045] z=0.1063
[lowlevel-sim][GT] t=34.101 quat=[0.48779, -0.51271, 0.50268, 0.4965] angvel=[0.00066, 0.04478, 0.00147] linvel=[-0.00143, -0.00212, -0.00213] z=0.1063
[lowlevel-sim][GT] t=34.151 quat=[0.48749, -0.51285, 0.50274, 0.49658] angvel=[-0.01547, 0.00414, 0.03873] linvel=[0.00215, -0.00616, -0.00036] z=0.1063
[lowlevel-sim][GT] t=34.201 quat=[0.48753, -0.5128, 0.5027, 0.49663] angvel=[0.02527, -0.05475, -0.02112] linvel=[-0.00079, 0.0003, -0.00066] z=0.1063
[lowlevel-sim][GT] t=34.251 quat=[0.48763, -0.51284, 0.5027, 0.49649] angvel=[-0.03498, 0.03743, 0.03408] linvel=[0.0059, -0.00639, 0.00117] z=0.1063
[lowlevel-sim][GT] t=34.301 quat=[0.48775, -0.51273, 0.50262, 0.49657] angvel=[0.07682, -0.0261, -0.00676] linvel=[0.00547, 0.00173, -0.00591] z=0.1063
[lowlevel-sim][GT] t=34.351 quat=[0.48781, -0.51266, 0.50262, 0.49658] angvel=[-0.05018, 0.02341, 0.00031] linvel=[0.00461, -0.00021, 0.00573] z=0.1064
[lowlevel-sim][GT] t=34.401 quat=[0.48776, -0.51262, 0.5026, 0.49669] angvel=[0.06838, -0.0202, 0.00315] linvel=[0.00591, 7e-05, -0.00538] z=0.1064
[lowlevel-sim][GT] t=34.451 quat=[0.48759, -0.51267, 0.50266, 0.49675] angvel=[-0.03014, 0.03243, 0.01463] linvel=[0.004, -0.00222, 0.00379] z=0.1064
[lowlevel-sim] t=  34.50 mode=cmd        pd=21985 hold=10378 failclosed=116 rtf=0.247 base_z=+0.106 pitch=+1.540 roll=-3.133 |tau|max= 35.00 sat=2/29 knee_L=+0.273 hip_p_L=-0.105 torn=10356 cmd_age=37.1ms auth=94.1s rig_ign=1021 fix_base=0 sat_j=left_ankle_roll_joint:+35.0,right_ankle_roll_joint:-35.0
[lowlevel-sim][GT] t=34.501 quat=[0.48753, -0.5126, 0.50259, 0.49695] angvel=[0.06144, -0.02733, 0.00365] linvel=[0.00471, 0.00182, -0.00585] z=0.1064
[lowlevel-sim][GT] t=34.551 quat=[0.48746, -0.51257, 0.50265, 0.49699] angvel=[-0.01624, 0.02532, 0.00463] linvel=[0.00153, 1e-05, 0.00322] z=0.1065
[lowlevel-sim][GT] t=34.601 quat=[0.4875, -0.51249, 0.50254, 0.49714] angvel=[0.05279, -0.00882, 0.0027] linvel=[0.0061, -0.0004, -0.00408] z=0.1065
[lowlevel-sim][GT] t=34.651 quat=[0.48735, -0.51256, 0.50264, 0.49713] angvel=[-0.0272, 0.03564, 0.01641] linvel=[-0.00107, -0.00144, 0.00392] z=0.1065
[lowlevel-sim][GT] t=34.701 quat=[0.48733, -0.51254, 0.50256, 0.49723] angvel=[0.03562, 0.00118, -0.00893] linvel=[0.00468, -3e-05, -0.0038] z=0.1065
[lowlevel-sim][GT] t=34.751 quat=[0.48729, -0.51259, 0.50258, 0.4972] angvel=[-0.03826, 0.02189, 0.02317] linvel=[0.00196, -0.00364, 0.0049] z=0.1065
[lowlevel-sim][GT] t=34.801 quat=[0.48723, -0.51257, 0.50253, 0.49735] angvel=[0.06635, -0.03367, -0.01109] linvel=[0.00477, 0.00132, -0.00746] z=0.1065
[lowlevel-sim][GT] t=34.851 quat=[0.4871, -0.51267, 0.50244, 0.49745] angvel=[-0.02387, 0.02923, 0.02139] linvel=[0.0009, -0.00047, 0.00285] z=0.1065
[lowlevel-sim][GT] t=34.901 quat=[0.48709, -0.51264, 0.50248, 0.49745] angvel=[-0.05267, 0.02802, 0.01479] linvel=[0.00668, -0.00514, 0.00461] z=0.1065
[lowlevel-sim][GT] t=34.951 quat=[0.48702, -0.51269, 0.50256, 0.49739] angvel=[-0.03235, 0.00666, -0.00166] linvel=[-0.00053, 0.00078, 0.00271] z=0.1065
[lowlevel-sim] t=  35.00 mode=cmd        pd=22235 hold=10378 failclosed=116 rtf=0.248 base_z=+0.106 pitch=+1.540 roll=+3.122 |tau|max= 35.00 sat=2/29 knee_L=+0.274 hip_p_L=-0.106 torn=10377 cmd_age=26.9ms auth=95.8s rig_ign=1021 fix_base=0 sat_j=left_ankle_roll_joint:+35.0,right_ankle_roll_joint:-35.0
[lowlevel-sim][GT] t=35.001 quat=[0.48713, -0.51258, 0.50251, 0.49745] angvel=[0.00101, 0.01009, -0.00601] linvel=[0.00544, -0.00408, 0.00072] z=0.1065
[lowlevel-sim][GT] t=35.051 quat=[0.48725, -0.51255, 0.50263, 0.49724] angvel=[-0.00986, -0.0056, 0.00478] linvel=[-0.00072, 0.00051, 0.00283] z=0.1065
[lowlevel-sim][GT] t=35.101 quat=[0.48718, -0.51255, 0.50265, 0.49729] angvel=[-0.06187, 0.03277, 0.02043] linvel=[0.00245, -0.00393, 0.00736] z=0.1065
[lowlevel-sim][GT] t=35.151 quat=[0.48716, -0.5125, 0.50273, 0.49728] angvel=[-0.02916, 0.00302, 0.00947] linvel=[-0.00518, -0.00229, 0.0033] z=0.1065
[lowlevel-sim][GT] t=35.201 quat=[0.48747, -0.51238, 0.50272, 0.49711] angvel=[0.00617, 0.01733, -0.01219] linvel=[-0.00795, -0.00243, 0.00097] z=0.1065
[lowlevel-sim][GT] t=35.251 quat=[0.48766, -0.51238, 0.50277, 0.49686] angvel=[-0.03486, -0.00902, -0.00224] linvel=[-0.00502, -0.00587, 0.00042] z=0.1065
[lowlevel-sim][GT] t=35.301 quat=[0.48773, -0.51235, 0.50278, 0.49683] angvel=[0.0772, -0.02151, 0.00426] linvel=[-0.00975, -0.00111, -0.00623] z=0.1065
[lowlevel-sim][GT] t=35.351 quat=[0.48763, -0.51247, 0.5027, 0.49687] angvel=[-0.03742, -0.00724, 0.0066] linvel=[-0.00695, 0.0, 0.00428] z=0.1065
[lowlevel-sim][GT] t=35.401 quat=[0.48764, -0.51253, 0.50261, 0.49689] angvel=[0.02745, -0.08988, 0.00374] linvel=[-0.01193, -0.00176, -0.00275] z=0.1065
[lowlevel-sim][GT] t=35.451 quat=[0.4875, -0.51268, 0.50248, 0.49702] angvel=[-0.02694, 0.00518, -0.0115] linvel=[-0.00336, -0.00576, 0.00078] z=0.1065
[lowlevel-sim] t=  35.50 mode=cmd        pd=22485 hold=10378 failclosed=116 rtf=0.248 base_z=+0.106 pitch=+1.540 roll=-3.117 |tau|max= 35.00 sat=2/29 knee_L=+0.271 hip_p_L=-0.105 torn=10387 cmd_age=42.4ms auth=97.7s rig_ign=1021 fix_base=0 sat_j=left_ankle_roll_joint:+35.0,right_ankle_roll_joint:-35.0
[lowlevel-sim][GT] t=35.501 quat=[0.48765, -0.51271, 0.50247, 0.49683] angvel=[0.05895, -0.01849, -0.02296] linvel=[-0.0005, -0.00064, -0.00654] z=0.1065
[lowlevel-sim][GT] t=35.551 quat=[0.48761, -0.51276, 0.50265, 0.49665] angvel=[-0.03449, 0.04224, 0.04158] linvel=[0.00303, -0.00383, 0.00093] z=0.1064
[lowlevel-sim][GT] t=35.601 quat=[0.48754, -0.51276, 0.50256, 0.49679] angvel=[0.01189, 0.02022, -0.01394] linvel=[-0.00291, 0.00085, -0.00194] z=0.1064
[lowlevel-sim][GT] t=35.651 quat=[0.48747, -0.51281, 0.50257, 0.49681] angvel=[-0.00948, 0.02963, 0.04971] linvel=[0.00041, -0.00347, 0.00038] z=0.1064
[lowlevel-sim][GT] t=35.701 quat=[0.4877, -0.51279, 0.50246, 0.49671] angvel=[0.03041, 3e-05, 0.00535] linvel=[0.0022, 0.00215, -0.00087] z=0.1065
[lowlevel-sim][GT] t=35.751 quat=[0.48778, -0.51289, 0.50251, 0.49649] angvel=[-0.02241, -0.03535, -0.01394] linvel=[0.00686, -0.0022, 0.00319] z=0.1065
[lowlevel-sim][GT] t=35.801 quat=[0.48794, -0.51274, 0.50237, 0.49663] angvel=[-0.031, 0.01381, 0.01013] linvel=[0.00429, -0.00426, 0.00237] z=0.1065
[lowlevel-sim][GT] t=35.851 quat=[0.48801, -0.51276, 0.50249, 0.49641] angvel=[-0.0078, 0.01143, 0.00691] linvel=[0.00609, -0.00132, 0.00018] z=0.1065
[lowlevel-sim][GT] t=35.901 quat=[0.48784, -0.51271, 0.50254, 0.49659] angvel=[-0.00816, 0.02183, 0.00725] linvel=[0.00632, -0.0027, 0.00045] z=0.1065
[lowlevel-sim][GT] t=35.951 quat=[0.48754, -0.51278, 0.50255, 0.49679] angvel=[-0.0114, 0.00525, 0.0141] linvel=[0.0067, -0.00233, 0.00133] z=0.1065
[lowlevel-sim] t=  36.00 mode=cmd        pd=22735 hold=10378 failclosed=116 rtf=0.248 base_z=+0.107 pitch=+1.540 roll=-3.132 |tau|max= 35.00 sat=2/29 knee_L=+0.273 hip_p_L=-0.106 torn=10398 cmd_age=60.1ms auth=99.4s rig_ign=1021 fix_base=0 sat_j=left_ankle_roll_joint:+35.0,right_ankle_roll_joint:-35.0
[lowlevel-sim][GT] t=36.001 quat=[0.4873, -0.51283, 0.50246, 0.49706] angvel=[0.02285, 0.0141, 0.02466] linvel=[0.00331, -0.00024, 2e-05] z=0.1065
[lowlevel-sim][GT] t=36.051 quat=[0.48703, -0.51294, 0.50241, 0.49726] angvel=[-0.02102, -0.02899, -0.01064] linvel=[0.00323, -0.00419, 0.0032] z=0.1065
[lowlevel-sim][GT] t=36.101 quat=[0.48706, -0.51292, 0.50241, 0.49726] angvel=[0.01836, 0.00394, 0.01039] linvel=[0.0039, -0.00177, -0.00183] z=0.1065
[lowlevel-sim][GT] t=36.151 quat=[0.48708, -0.5129, 0.50257, 0.49711] angvel=[-0.03269, -0.05454, -0.04951] linvel=[-0.00058, -0.00827, 0.00218] z=0.1065
[lowlevel-sim][GT] t=36.201 quat=[0.48717, -0.5128, 0.50255, 0.49714] angvel=[0.02608, -0.00156, -0.00316] linvel=[0.00067, 0.00267, 0.0015] z=0.1065
[lowlevel-sim][GT] t=36.251 quat=[0.48728, -0.51282, 0.50256, 0.497] angvel=[-0.03901, -0.02743, -0.01389] linvel=[0.00457, -0.00384, 0.00246] z=0.1065
[lowlevel-sim][GT] t=36.301 quat=[0.48741, -0.51274, 0.50244, 0.49707] angvel=[0.03486, -0.01599, -0.00275] linvel=[0.00476, -0.00059, -0.00339] z=0.1066
[lowlevel-sim][GT] t=36.351 quat=[0.48734, -0.51284, 0.50248, 0.497] angvel=[-0.0362, -0.00324, -0.00028] linvel=[0.0042, -0.00654, 0.00288] z=0.1065
[lowlevel-sim][GT] t=36.401 quat=[0.48732, -0.51276, 0.50239, 0.49719] angvel=[-0.05027, -0.01641, 0.0061] linvel=[0.00389, -0.00474, 0.00328] z=0.1066
[lowlevel-sim][GT] t=36.451 quat=[0.48718, -0.51287, 0.5024, 0.49721] angvel=[-0.03348, -0.01135, -0.00232] linvel=[0.00253, -0.00451, 0.00275] z=0.1066
[lowlevel-sim] t=  36.50 mode=cmd        pd=22985 hold=10378 failclosed=116 rtf=0.249 base_z=+0.107 pitch=+1.540 roll=-3.128 |tau|max= 35.00 sat=2/29 knee_L=+0.273 hip_p_L=-0.106 torn=10421 cmd_age=39.0ms auth=101.3s rig_ign=1021 fix_base=0 sat_j=left_ankle_roll_joint:+35.0,right_ankle_roll_joint:-35.0
[lowlevel-sim][GT] t=36.501 quat=[0.48737, -0.51283, 0.50234, 0.49712] angvel=[0.03198, 0.00212, 0.00827] linvel=[0.00555, 0.00039, -0.00345] z=0.1066
[lowlevel-sim][GT] t=36.551 quat=[0.4871, -0.51295, 0.50233, 0.49727] angvel=[-0.01059, -0.00173, 0.00495] linvel=[0.00317, -0.00033, 0.00176] z=0.1066
[lowlevel-sim][GT] t=36.601 quat=[0.4872, -0.51278, 0.50218, 0.49751] angvel=[-0.01968, 0.05959, 0.03008] linvel=[-0.00317, -0.00154, 0.0033] z=0.1067
[lowlevel-sim][GT] t=36.651 quat=[0.48709, -0.51282, 0.50226, 0.49749] angvel=[-0.03194, -0.03415, -0.01837] linvel=[-0.00126, -0.00431, 0.00213] z=0.1067
[lowlevel-sim][GT] t=36.701 quat=[0.48722, -0.51266, 0.50223, 0.49756] angvel=[0.03478, 0.02518, -0.00104] linvel=[-0.00622, -0.0019, -0.00468] z=0.1067
[lowlevel-sim][GT] t=36.751 quat=[0.4874, -0.51273, 0.50228, 0.49727] angvel=[-0.04203, -0.03373, -0.0193] linvel=[0.00107, -0.00383, 0.00401] z=0.1067
[lowlevel-sim][GT] t=36.801 quat=[0.48762, -0.51259, 0.50222, 0.49724] angvel=[0.03448, 0.02456, 0.00206] linvel=[-0.00178, 0.00224, -0.00012] z=0.1068
[lowlevel-sim][GT] t=36.851 quat=[0.48744, -0.51262, 0.50238, 0.49723] angvel=[-0.02279, 0.01044, -0.0058] linvel=[-0.00579, -0.00375, 0.0025] z=0.1068
[lowlevel-sim][GT] t=36.901 quat=[0.48781, -0.51247, 0.50234, 0.49706] angvel=[-0.08064, -0.01512, -0.01374] linvel=[0.00019, -0.00431, 0.00623] z=0.1068
[lowlevel-sim][GT] t=36.951 quat=[0.48796, -0.51254, 0.50245, 0.49673] angvel=[-0.02642, -0.021, -0.01055] linvel=[0.00126, -0.00674, -0.00056] z=0.1067
[lowlevel-sim] t=  37.00 mode=cmd        pd=23235 hold=10378 failclosed=116 rtf=0.249 base_z=+0.107 pitch=+1.540 roll=-3.096 |tau|max= 35.00 sat=2/29 knee_L=+0.272 hip_p_L=-0.105 torn=10443 cmd_age=20.0ms auth=103.2s rig_ign=1021 fix_base=0 sat_j=left_ankle_roll_joint:+35.0,right_ankle_roll_joint:-35.0
[lowlevel-sim][GT] t=37.001 quat=[0.48821, -0.51244, 0.50252, 0.49651] angvel=[0.00962, 0.03269, -0.01347] linvel=[-0.0, -0.00293, -0.00125] z=0.1067
[lowlevel-sim][GT] t=37.051 quat=[0.48805, -0.51253, 0.50263, 0.49647] angvel=[-0.01751, 0.01308, -0.01444] linvel=[0.00494, -0.00396, 0.0007] z=0.1066
[lowlevel-sim][GT] t=37.101 quat=[0.48806, -0.51248, 0.50265, 0.49649] angvel=[0.08061, 0.01648, 0.00439] linvel=[0.00373, -0.00071, -0.00565] z=0.1066
[lowlevel-sim][GT] t=37.151 quat=[0.48793, -0.51256, 0.50263, 0.49656] angvel=[-0.02041, -0.03575, -0.03362] linvel=[0.00074, -0.00652, 0.0007] z=0.1066
[lowlevel-sim][GT] t=37.201 quat=[0.4879, -0.51244, 0.50253, 0.49682] angvel=[-0.00138, -0.05239, -0.01553] linvel=[0.00401, 0.00134, 0.00433] z=0.1067
[lowlevel-sim][GT] t=37.251 quat=[0.48771, -0.51248, 0.50255, 0.49693] angvel=[-0.02343, -0.03363, -0.05505] linvel=[-0.00085, -0.00433, 0.00084] z=0.1067
[lowlevel-sim][GT] t=37.301 quat=[0.48782, -0.5124, 0.50243, 0.49703] angvel=[0.00485, 0.01874, 0.01669] linvel=[0.01098, -0.00405, 0.00017] z=0.1067
[lowlevel-sim][GT] t=37.351 quat=[0.48752, -0.51243, 0.50252, 0.4972] angvel=[-0.02223, 0.00286, 0.00218] linvel=[-0.00056, -0.00484, 0.00218] z=0.1067
[lowlevel-sim][GT] t=37.401 quat=[0.48754, -0.51249, 0.50246, 0.49718] angvel=[-0.03342, 0.00508, 0.01096] linvel=[-0.00152, -0.00376, 0.00026] z=0.1067
[lowlevel-sim][GT] t=37.451 quat=[0.48729, -0.51271, 0.50244, 0.49723] angvel=[-0.01892, -0.01147, -0.0009] linvel=[0.00384, -0.00172, 0.00062] z=0.1067
[lowlevel-sim] t=  37.50 mode=cmd        pd=23485 hold=10378 failclosed=116 rtf=0.249 base_z=+0.107 pitch=+1.540 roll=+3.136 |tau|max= 35.00 sat=2/29 knee_L=+0.275 hip_p_L=-0.107 torn=10458 cmd_age=28.9ms auth=104.8s rig_ign=1021 fix_base=0 sat_j=left_ankle_roll_joint:+35.0,right_ankle_roll_joint:-35.0
[lowlevel-sim][GT] t=37.501 quat=[0.48728, -0.51264, 0.50239, 0.49736] angvel=[0.02052, -0.08057, -0.02037] linvel=[-0.0004, 0.00028, -0.00113] z=0.1067
[lowlevel-sim][GT] t=37.551 quat=[0.48728, -0.51268, 0.50232, 0.49739] angvel=[-0.00927, -0.03179, -0.03701] linvel=[-0.00255, -0.00403, 0.00081] z=0.1067
[lowlevel-sim][GT] t=37.601 quat=[0.48731, -0.51262, 0.50225, 0.4975] angvel=[-0.02968, 0.0248, 0.01786] linvel=[-1e-05, -0.00376, 0.00125] z=0.1067
[lowlevel-sim][GT] t=37.651 quat=[0.48703, -0.51283, 0.50232, 0.49748] angvel=[-0.03354, -0.04504, -0.03456] linvel=[-0.00055, -0.00877, 0.00084] z=0.1066
[lowlevel-sim][GT] t=37.701 quat=[0.48706, -0.51276, 0.50234, 0.49749] angvel=[-0.0179, 0.002, 0.00037] linvel=[0.0025, -0.00385, 0.00049] z=0.1066
[lowlevel-sim][GT] t=37.751 quat=[0.48708, -0.51285, 0.50243, 0.49731] angvel=[-0.04006, -0.07752, -0.07288] linvel=[-0.00014, -0.00745, 0.00069] z=0.1065
[lowlevel-sim][GT] t=37.801 quat=[0.48713, -0.51269, 0.50245, 0.49739] angvel=[-0.02187, 0.00576, -0.00205] linvel=[0.00197, -0.00422, 0.00208] z=0.1066
[lowlevel-sim][GT] t=37.851 quat=[0.48716, -0.51268, 0.50255, 0.49727] angvel=[-0.01543, -0.04073, -0.06198] linvel=[-0.00047, -0.00357, 0.00277] z=0.1066
[lowlevel-sim][GT] t=37.901 quat=[0.4873, -0.51255, 0.50251, 0.49731] angvel=[-0.02383, 0.01596, 0.01921] linvel=[-0.00085, -0.00171, 0.0027] z=0.1066
[lowlevel-sim][GT] t=37.951 quat=[0.48726, -0.51271, 0.50256, 0.49713] angvel=[-0.02474, -0.04859, -0.05493] linvel=[-2e-05, -0.00519, 0.00093] z=0.1065
[lowlevel-sim] t=  38.00 mode=cmd        pd=23735 hold=10378 failclosed=116 rtf=0.250 base_z=+0.107 pitch=+1.540 roll=+3.134 |tau|max= 35.00 sat=2/29 knee_L=+0.274 hip_p_L=-0.106 torn=10486 cmd_age=61.8ms auth=106.5s rig_ign=1021 fix_base=0 sat_j=left_ankle_roll_joint:+35.0,right_ankle_roll_joint:-35.0
[lowlevel-sim][GT] t=38.001 quat=[0.48735, -0.51254, 0.50252, 0.49725] angvel=[0.00679, -0.04683, -0.0113] linvel=[0.00141, 0.00089, -0.0006] z=0.1066
[lowlevel-sim][GT] t=38.051 quat=[0.48716, -0.51261, 0.50259, 0.49731] angvel=[-0.02874, -0.04513, -0.03717] linvel=[-0.00612, -0.00768, 0.00097] z=0.1066
[lowlevel-sim][GT] t=38.101 quat=[0.4872, -0.51261, 0.50246, 0.49739] angvel=[-0.01507, 0.01764, 0.01572] linvel=[-0.00328, -0.00337, 0.00151] z=0.1065
[lowlevel-sim][GT] t=38.151 quat=[0.48699, -0.51273, 0.50245, 0.49749] angvel=[-0.04036, -0.04961, -0.04159] linvel=[-0.00723, -0.00788, 0.00033] z=0.1065
[lowlevel-sim][GT] t=38.201 quat=[0.48698, -0.51278, 0.5024, 0.4975] angvel=[-0.01209, -0.00898, 0.01544] linvel=[-0.00541, -0.00104, 0.00095] z=0.1065
[lowlevel-sim][GT] t=38.251 quat=[0.48697, -0.51289, 0.50244, 0.49736] angvel=[-0.03415, -0.04466, -0.03862] linvel=[-0.00686, -0.00811, 0.00093] z=0.1065
[lowlevel-sim][GT] t=38.301 quat=[0.48719, -0.51281, 0.50237, 0.49729] angvel=[-0.00269, -0.0186, 0.00036] linvel=[-0.00383, 2e-05, 0.0022] z=0.1065
[lowlevel-sim][GT] t=38.351 quat=[0.48734, -0.51283, 0.50243, 0.49706] angvel=[-0.01576, -0.03877, -0.05777] linvel=[-0.00492, -0.00485, 0.00077] z=0.1065
[lowlevel-sim][GT] t=38.401 quat=[0.48762, -0.51268, 0.50244, 0.49693] angvel=[0.0365, -0.01529, -0.01081] linvel=[-0.00228, -0.00046, -0.0043] z=0.1065
[lowlevel-sim][GT] t=38.451 quat=[0.48751, -0.51272, 0.50261, 0.49683] angvel=[-0.04368, -0.0353, -0.02191] linvel=[0.00325, -0.00369, 0.00268] z=0.1065
[lowlevel-sim] t=  38.50 mode=cmd        pd=23985 hold=10378 failclosed=116 rtf=0.250 base_z=+0.107 pitch=+1.540 roll=-3.119 |tau|max= 35.00 sat=2/29 knee_L=+0.272 hip_p_L=-0.105 torn=10501 cmd_age=35.5ms auth=108.2s rig_ign=1021 fix_base=0 sat_j=left_ankle_roll_joint:+35.0,right_ankle_roll_joint:-35.0
[lowlevel-sim][GT] t=38.501 quat=[0.48778, -0.51253, 0.50255, 0.49682] angvel=[0.08777, 0.03851, 0.00266] linvel=[0.0004, 0.00301, -0.00726] z=0.1065
[lowlevel-sim][GT] t=38.551 quat=[0.4877, -0.5125, 0.50263, 0.49685] angvel=[-0.01924, -0.0267, -0.01087] linvel=[0.00452, -0.00315, 0.00431] z=0.1066
[lowlevel-sim][GT] t=38.601 quat=[0.48764, -0.51235, 0.50257, 0.49713] angvel=[0.08716, 0.03241, 0.0069] linvel=[-0.00343, 0.00325, -0.00497] z=0.1066
[lowlevel-sim][GT] t=38.651 quat=[0.48742, -0.51235, 0.5025, 0.49741] angvel=[-0.02295, -0.0355, -0.01455] linvel=[-0.00407, -0.00204, 0.00403] z=0.1067
[lowlevel-sim][GT] t=38.701 quat=[0.48737, -0.5124, 0.50241, 0.49749] angvel=[0.04052, 0.04556, 0.01637] linvel=[-0.00613, -0.00102, -0.004] z=0.1066
[lowlevel-sim][GT] t=38.751 quat=[0.48724, -0.5126, 0.50254, 0.49729] angvel=[-0.05465, -0.04711, -0.02184] linvel=[-0.00019, -0.00726, 0.00322] z=0.1066
[lowlevel-sim][GT] t=38.801 quat=[0.48751, -0.51257, 0.5025, 0.49709] angvel=[0.03813, -0.01963, -0.00987] linvel=[-0.00131, 0.00265, -0.00324] z=0.1066
[lowlevel-sim][GT] t=38.851 quat=[0.48755, -0.51261, 0.50258, 0.49694] angvel=[-0.03712, -0.00639, 0.01328] linvel=[0.0056, -0.00297, 0.00257] z=0.1066
[lowlevel-sim][GT] t=38.901 quat=[0.48764, -0.51256, 0.50252, 0.49696] angvel=[0.00776, 0.03088, 0.01987] linvel=[0.00105, -0.00091, -0.00042] z=0.1066
[lowlevel-sim][GT] t=38.951 quat=[0.48741, -0.51259, 0.50257, 0.4971] angvel=[-0.04794, -0.02644, -0.0044] linvel=[0.00523, -0.00415, 0.00446] z=0.1066
[lowlevel-sim] t=  39.00 mode=cmd        pd=24235 hold=10378 failclosed=116 rtf=0.251 base_z=+0.107 pitch=+1.540 roll=-3.141 |tau|max= 35.00 sat=2/29 knee_L=+0.274 hip_p_L=-0.106 torn=10522 cmd_age=51.1ms auth=110.0s rig_ign=1021 fix_base=0 sat_j=left_ankle_roll_joint:+35.0,right_ankle_roll_joint:-35.0
[lowlevel-sim][GT] t=39.001 quat=[0.48739, -0.5126, 0.50243, 0.49725] angvel=[-0.00181, 0.03719, 0.02403] linvel=[0.00319, -0.00085, 5e-05] z=0.1066
[lowlevel-sim][GT] t=39.051 quat=[0.48722, -0.51276, 0.50237, 0.49732] angvel=[-0.03196, 0.00118, 0.00491] linvel=[0.0047, -0.00479, 0.00087] z=0.1066
[lowlevel-sim][GT] t=39.101 quat=[0.48722, -0.51277, 0.50235, 0.49733] angvel=[0.00329, 0.0282, 0.01076] linvel=[0.00486, -0.00173, 0.00292] z=0.1066
[lowlevel-sim][GT] t=39.151 quat=[0.48686, -0.5129, 0.50229, 0.4976] angvel=[-0.03809, 0.04804, 0.04329] linvel=[-0.0023, -0.0049, 0.0037] z=0.1066
[lowlevel-sim][GT] t=39.201 quat=[0.48675, -0.51285, 0.50211, 0.49793] angvel=[0.00434, 0.03503, 0.01735] linvel=[-0.00127, -0.00316, -0.00011] z=0.1066
[lowlevel-sim][GT] t=39.251 quat=[0.48677, -0.51291, 0.50219, 0.49777] angvel=[-0.02946, 0.03522, 0.05468] linvel=[0.0024, -0.00717, 0.00337] z=0.1066
[lowlevel-sim][GT] t=39.301 quat=[0.48697, -0.51275, 0.50204, 0.4979] angvel=[0.01741, 0.01846, -0.02043] linvel=[-0.00074, 0.00079, -0.00088] z=0.1067
[lowlevel-sim] FAIL-CLOSED engaged at t=39.304s, last command age 87.11 ms (deadline <= 100 ms) PASS
[lowlevel-sim] COMMANDED at t=39.310s (was fail-closed)
[lowlevel-sim][GT] t=39.351 quat=[0.48656, -0.51324, 0.50254, 0.49729] angvel=[0.02671, -0.07477, -0.03174] linvel=[-0.00736, -0.00059, 0.00025] z=0.1064
[lowlevel-sim][GT] t=39.401 quat=[0.48691, -0.51315, 0.50238, 0.4972] angvel=[-0.0046, 0.00729, -0.0205] linvel=[-0.00224, -0.0033, 0.00091] z=0.1065
[lowlevel-sim][GT] t=39.451 quat=[0.48721, -0.51295, 0.50231, 0.49718] angvel=[-0.00754, -0.05764, -0.04162] linvel=[-0.00482, -0.00254, 0.00394] z=0.1065
[lowlevel-sim] t=  39.50 mode=cmd        pd=24487 hold=10378 failclosed=121 rtf=0.251 base_z=+0.107 pitch=+1.540 roll=-3.130 |tau|max=  9.71 sat=0/29 knee_L=+0.274 hip_p_L=-0.106 torn=10538 cmd_age=33.4ms auth=111.9s rig_ign=1021 fix_base=0
[lowlevel-sim][GT] t=39.501 quat=[0.48718, -0.51299, 0.50236, 0.49712] angvel=[-0.04607, 0.00851, 0.02142] linvel=[-0.00264, -0.00854, 0.00255] z=0.1065
[lowlevel-sim][GT] t=39.551 quat=[0.48736, -0.51291, 0.50223, 0.49716] angvel=[-0.02534, -0.06277, -0.02599] linvel=[-0.00399, -0.00164, 0.0041] z=0.1065
[lowlevel-sim][GT] t=39.601 quat=[0.48745, -0.51303, 0.50226, 0.49691] angvel=[-0.04601, 0.02991, 0.00327] linvel=[0.0008, -0.00462, 0.00472] z=0.1066
[lowlevel-sim][GT] t=39.651 quat=[0.48758, -0.51289, 0.50202, 0.49717] angvel=[0.04388, 0.01035, 0.01237] linvel=[0.00502, 0.00247, -7e-05] z=0.1066
[lowlevel-sim] FAIL-CLOSED engaged at t=39.680s, last command age 99.95 ms (deadline <= 100 ms) PASS
[lowlevel-sim] COMMANDED at t=39.681s (was fail-closed)
[lowlevel-sim][GT] t=39.701 quat=[0.48749, -0.51302, 0.50225, 0.4969] angvel=[0.03344, 0.02985, -0.00751] linvel=[0.00534, -0.00156, -0.00398] z=0.1066
[lowlevel-sim] FAIL-CLOSED engaged at t=39.711s, last command age 87.64 ms (deadline <= 100 ms) PASS
[lowlevel-sim] COMMANDED at t=39.720s (was fail-closed)
[lowlevel-sim][GT] t=39.751 quat=[0.48653, -0.51387, 0.50323, 0.49597] angvel=[0.09593, -0.01664, 0.00639] linvel=[-0.00134, 0.00231, -0.00186] z=0.1060
[lowlevel-sim] FAIL-CLOSED engaged at t=39.751s, last command age 87.56 ms (deadline <= 100 ms) PASS
[lowlevel-sim] COMMANDED at t=39.776s (was fail-closed)
[lowlevel-sim][GT] t=39.801 quat=[0.48325, -0.5168, 0.5062, 0.49311] angvel=[0.14299, 0.12739, 0.03444] linvel=[-0.00779, 0.00223, 0.0068] z=0.1040
[lowlevel-sim][GT] t=39.851 quat=[0.48471, -0.51536, 0.50459, 0.49482] angvel=[0.05425, 0.03758, 0.00731] linvel=[-0.00183, -0.00896, 0.00719] z=0.1048
[lowlevel-sim][GT] t=39.901 quat=[0.48541, -0.51465, 0.5037, 0.49578] angvel=[0.06434, 0.01262, 0.00729] linvel=[-0.00084, -0.0007, 0.00213] z=0.1052
[lowlevel-sim][GT] t=39.951 quat=[0.48574, -0.5143, 0.50324, 0.49629] angvel=[0.0122, -0.0015, 0.00518] linvel=[-2e-05, -0.00564, 0.00328] z=0.1054
[lowlevel-sim] t=  40.00 mode=cmd        pd=24756 hold=10378 failclosed=156 rtf=0.251 base_z=+0.106 pitch=+1.536 roll=-3.136 |tau|max= 35.00 sat=2/29 knee_L=+0.269 hip_p_L=-0.107 torn=10563 cmd_age=28.5ms auth=113.8s rig_ign=1021 fix_base=0 sat_j=left_ankle_roll_joint:+35.0,right_ankle_roll_joint:-35.0
[lowlevel-sim][GT] t=40.001 quat=[0.48609, -0.51399, 0.50298, 0.49654] angvel=[0.08679, 0.00252, -0.00213] linvel=[-0.00035, 0.00061, -0.0025] z=0.1056
[lowlevel-sim][GT] t=40.051 quat=[0.48632, -0.51386, 0.50286, 0.49656] angvel=[-0.03766, 0.00907, -0.00416] linvel=[0.00503, -0.0069, 0.00336] z=0.1057
[lowlevel-sim][GT] t=40.101 quat=[0.48646, -0.51365, 0.50273, 0.49677] angvel=[0.01581, 0.03937, 0.01171] linvel=[0.00734, -0.00207, 0.00188] z=0.1059
[lowlevel-sim][GT] t=40.151 quat=[0.48656, -0.51357, 0.50274, 0.49675] angvel=[-0.01734, -0.02667, -0.05306] linvel=[0.00056, -0.0061, 0.00139] z=0.1059
[lowlevel-sim][GT] t=40.201 quat=[0.48667, -0.51345, 0.50264, 0.49687] angvel=[0.07975, 0.0227, 0.00149] linvel=[0.00235, 0.00114, -0.0058] z=0.1060
[lowlevel-sim][GT] t=40.251 quat=[0.48658, -0.51337, 0.50258, 0.49709] angvel=[-0.00514, 0.00856, 0.01756] linvel=[0.00412, -0.00447, -2e-05] z=0.1061
[lowlevel-sim][GT] t=40.301 quat=[0.48667, -0.51333, 0.50251, 0.49712] angvel=[-0.01488, 0.01688, 0.02013] linvel=[0.00577, -0.00284, 0.00295] z=0.1061
[lowlevel-sim][GT] t=40.351 quat=[0.48662, -0.51331, 0.50254, 0.49716] angvel=[-0.03008, -0.03106, -0.02181] linvel=[-0.00105, -0.00557, 0.00223] z=0.1062
[lowlevel-sim][GT] t=40.401 quat=[0.48672, -0.51335, 0.50238, 0.49719] angvel=[0.02239, 0.01433, 0.01328] linvel=[0.0051, 0.00039, 0.00055] z=0.1062
[lowlevel-sim][GT] t=40.451 quat=[0.4865, -0.51345, 0.50237, 0.49731] angvel=[-0.00812, -0.01019, -0.02531] linvel=[-0.00122, -0.00786, 0.00031] z=0.1062
[lowlevel-sim] t=  40.50 mode=cmd        pd=25006 hold=10378 failclosed=156 rtf=0.251 base_z=+0.106 pitch=+1.539 roll=+3.131 |tau|max= 35.00 sat=2/29 knee_L=+0.273 hip_p_L=-0.106 torn=10585 cmd_age=74.3ms auth=115.6s rig_ign=1021 fix_base=0 sat_j=left_ankle_roll_joint:+35.0,right_ankle_roll_joint:-35.0
[lowlevel-sim][GT] t=40.501 quat=[0.48649, -0.51332, 0.50218, 0.49763] angvel=[0.03842, 0.03867, 0.0112] linvel=[0.00506, 0.00297, 0.00024] z=0.1063
[lowlevel-sim] FAIL-CLOSED engaged at t=40.515s, last command age 85.38 ms (deadline <= 100 ms) PASS
[lowlevel-sim] COMMANDED at t=40.518s (was fail-closed)
[lowlevel-sim][GT] t=40.551 quat=[0.48609, -0.51368, 0.50243, 0.49741] angvel=[-0.02902, -0.02076, 0.01122] linvel=[0.00052, -0.00309, 0.00281] z=0.1061
[lowlevel-sim][GT] t=40.601 quat=[0.48603, -0.5136, 0.50239, 0.49759] angvel=[-0.01929, -0.01593, 0.01733] linvel=[0.00199, -0.00334, -0.00146] z=0.1062
[lowlevel-sim][GT] t=40.651 quat=[0.4862, -0.51348, 0.50222, 0.49771] angvel=[-0.01027, 0.06839, 0.01419] linvel=[0.00801, -0.00287, 0.00211] z=0.1063
[lowlevel-sim][GT] t=40.701 quat=[0.48636, -0.51344, 0.50228, 0.49755] angvel=[-0.02091, 0.01862, 2e-05] linvel=[0.00035, -0.0017, 0.00344] z=0.1063
[lowlevel-sim][GT] t=40.751 quat=[0.48646, -0.51334, 0.50214, 0.4977] angvel=[-0.03278, 0.0002, 0.01375] linvel=[0.0066, -0.0037, 0.00295] z=0.1064
[lowlevel-sim][GT] t=40.801 quat=[0.48654, -0.51326, 0.50225, 0.49758] angvel=[-0.01678, 0.04024, -0.00087] linvel=[0.00267, -0.00152, 0.00226] z=0.1064
[lowlevel-sim][GT] t=40.851 quat=[0.48667, -0.51305, 0.50214, 0.49777] angvel=[0.00928, 0.02076, 0.01392] linvel=[0.00544, -0.0023, -0.00088] z=0.1065
[lowlevel-sim][GT] t=40.901 quat=[0.48667, -0.51299, 0.50227, 0.49771] angvel=[-0.01768, 0.01789, 0.01162] linvel=[0.00016, -0.00199, 0.00257] z=0.1065
[lowlevel-sim][GT] t=40.951 quat=[0.48673, -0.51291, 0.50221, 0.4978] angvel=[-0.00107, 0.00708, -0.00879] linvel=[0.0058, -0.00168, -0.00128] z=0.1065
[lowlevel-sim] t=  41.00 mode=cmd        pd=25257 hold=10378 failclosed=158 rtf=0.251 base_z=+0.107 pitch=+1.540 roll=+3.123 |tau|max=  9.00 sat=0/29 knee_L=+0.275 hip_p_L=-0.106 torn=10603 cmd_age=39.9ms auth=117.5s rig_ign=1021 fix_base=0
[lowlevel-sim][GT] t=41.001 quat=[0.48674, -0.51294, 0.50229, 0.49768] angvel=[-0.01713, 0.03257, -0.00326] linvel=[0.001, -0.00279, 0.00166] z=0.1065
[lowlevel-sim][GT] t=41.051 quat=[0.4867, -0.51291, 0.50225, 0.49779] angvel=[-0.00691, 0.08709, 0.02039] linvel=[0.00347, -0.00265, 6e-05] z=0.1065
[lowlevel-sim][GT] t=41.101 quat=[0.4865, -0.51308, 0.50231, 0.49775] angvel=[-0.05301, 0.00452, 0.02462] linvel=[-0.00139, -0.00664, 0.00353] z=0.1065
[lowlevel-sim][GT] t=41.151 quat=[0.48662, -0.51296, 0.50227, 0.49779] angvel=[0.00107, -0.07076, -0.01841] linvel=[-0.00916, -0.00289, -0.00055] z=0.1065
[lowlevel-sim][GT] t=41.201 quat=[0.48638, -0.51307, 0.5023, 0.49789] angvel=[-0.07226, 0.02738, 0.00482] linvel=[-0.00592, -0.00534, 0.00613] z=0.1065
[lowlevel-sim][GT] t=41.251 quat=[0.48653, -0.51302, 0.50214, 0.49794] angvel=[0.01034, -0.08308, -0.03079] linvel=[-0.00859, -0.00327, -0.00046] z=0.1065
[lowlevel-sim][GT] t=41.301 quat=[0.48678, -0.51296, 0.50227, 0.49763] angvel=[-0.02178, -0.00239, 0.0022] linvel=[-0.00594, -0.004, 0.00246] z=0.1065
[lowlevel-sim][GT] t=41.351 quat=[0.48691, -0.51296, 0.50224, 0.49754] angvel=[0.06359, -0.0891, -0.01671] linvel=[-0.00974, 2e-05, -0.00382] z=0.1065
[lowlevel-sim][GT] t=41.401 quat=[0.48707, -0.51295, 0.50225, 0.49739] angvel=[-0.00708, -0.00112, -0.02322] linvel=[-0.00519, -0.00714, -0.00159] z=0.1065
[lowlevel-sim][GT] t=41.451 quat=[0.48731, -0.51297, 0.50222, 0.49716] angvel=[0.04019, -0.0391, 0.00355] linvel=[-0.00139, -0.00142, -0.00364] z=0.1065
[lowlevel-sim] t=  41.50 mode=cmd        pd=25507 hold=10378 failclosed=158 rtf=0.252 base_z=+0.106 pitch=+1.540 roll=-3.129 |tau|max=  9.72 sat=0/29 knee_L=+0.273 hip_p_L=-0.106 torn=10631 cmd_age=24.3ms auth=119.1s rig_ign=1021 fix_base=0
[lowlevel-sim][GT] t=41.501 quat=[0.48723, -0.51297, 0.5024, 0.49706] angvel=[-0.03259, -0.02018, -0.0165] linvel=[-0.00564, -0.00713, 0.00374] z=0.1065
[lowlevel-sim][GT] t=41.551 quat=[0.48735, -0.51292, 0.50237, 0.49701] angvel=[-0.02234, 0.00746, -0.00365] linvel=[-0.00195, -0.00193, 0.00326] z=0.1065
[lowlevel-sim][GT] t=41.601 quat=[0.48743, -0.51296, 0.5024, 0.49687] angvel=[-0.04541, -0.03053, -0.00698] linvel=[-0.0019, -0.00371, 0.00352] z=0.1065
[lowlevel-sim][GT] t=41.651 quat=[0.48757, -0.51289, 0.50233, 0.49687] angvel=[0.02189, -0.01752, -0.01672] linvel=[-0.00073, 0.00053, -0.00029] z=0.1065
[lowlevel-sim][GT] t=41.701 quat=[0.48746, -0.51293, 0.5024, 0.49687] angvel=[-0.03716, 0.00639, -0.00292] linvel=[0.00528, -0.00613, 0.00307] z=0.1065
[lowlevel-sim][GT] t=41.751 quat=[0.4874, -0.51293, 0.50237, 0.49696] angvel=[0.02365, -0.0081, -0.00586] linvel=[0.00309, -0.0006, -0.00202] z=0.1065
[lowlevel-sim][GT] t=41.801 quat=[0.48713, -0.51297, 0.50232, 0.49723] angvel=[-0.02005, 0.02265, 0.03162] linvel=[0.01122, -0.00666, 0.00071] z=0.1065
[lowlevel-sim][GT] t=41.851 quat=[0.48699, -0.51289, 0.50229, 0.49748] angvel=[0.04249, -0.01683, -0.01815] linvel=[0.0042, 0.0029, -0.00147] z=0.1065
[lowlevel-sim][GT] t=41.901 quat=[0.48683, -0.51299, 0.50227, 0.49755] angvel=[-0.04102, -0.00607, 0.00349] linvel=[0.0056, -0.01072, 0.0019] z=0.1065
[lowlevel-sim][GT] t=41.951 quat=[0.48675, -0.51292, 0.50225, 0.49772] angvel=[0.05089, -0.02068, 0.00582] linvel=[0.00101, 0.00026, -0.00567] z=0.1065
[lowlevel-sim] t=  42.00 mode=cmd        pd=25757 hold=10378 failclosed=158 rtf=0.253 base_z=+0.106 pitch=+1.540 roll=+3.116 |tau|max= 10.24 sat=0/29 knee_L=+0.274 hip_p_L=-0.106 torn=10653 cmd_age=43.5ms auth=120.6s rig_ign=1021 fix_base=0
[lowlevel-sim][GT] t=42.001 quat=[0.4866, -0.513, 0.50223, 0.49782] angvel=[-0.0216, -0.00217, 0.00995] linvel=[0.00194, -0.00666, -0.00104] z=0.1065
[lowlevel-sim][GT] t=42.051 quat=[0.48652, -0.51304, 0.50222, 0.49786] angvel=[-0.03183, 0.02471, -0.00107] linvel=[-0.00143, -0.00205, 0.00465] z=0.1064
[lowlevel-sim][GT] t=42.101 quat=[0.48656, -0.51301, 0.50229, 0.49777] angvel=[-0.00951, 0.01199, 0.01865] linvel=[-0.0022, -0.0046, 0.00273] z=0.1065
[lowlevel-sim][GT] t=42.151 quat=[0.48671, -0.5129, 0.50216, 0.49788] angvel=[-0.01043, -0.06515, -0.02245] linvel=[-0.00913, -0.00188, 0.00281] z=0.1065
[lowlevel-sim][GT] t=42.201 quat=[0.48681, -0.51299, 0.50226, 0.49758] angvel=[-0.04282, -0.00335, 0.00401] linvel=[-0.00274, -0.00698, 0.00257] z=0.1065
[lowlevel-sim][GT] t=42.251 quat=[0.48722, -0.51287, 0.5023, 0.49726] angvel=[-0.02103, -0.05604, -0.03006] linvel=[-0.00671, -0.00208, 0.00379] z=0.1065
[lowlevel-sim][GT] t=42.301 quat=[0.48736, -0.51284, 0.50231, 0.49715] angvel=[-0.01082, 0.00171, 0.02876] linvel=[0.00439, -0.00246, 0.00386] z=0.1065
[lowlevel-sim][GT] t=42.351 quat=[0.48766, -0.51266, 0.50241, 0.49694] angvel=[-0.02484, -0.05893, -0.021] linvel=[-0.00323, -0.00257, 0.00289] z=0.1065
[lowlevel-sim][GT] t=42.401 quat=[0.4877, -0.51256, 0.50258, 0.49683] angvel=[-0.05167, -0.0573, -0.05951] linvel=[-0.00035, -0.00807, 0.00308] z=0.1066
[lowlevel-sim][GT] t=42.451 quat=[0.4877, -0.51247, 0.50249, 0.49701] angvel=[0.02958, 0.01147, 0.02692] linvel=[0.00252, 0.00152, -0.00179] z=0.1066
[lowlevel-sim] t=  42.50 mode=cmd        pd=26007 hold=10378 failclosed=158 rtf=0.253 base_z=+0.107 pitch=+1.540 roll=-3.140 |tau|max=  9.78 sat=0/29 knee_L=+0.274 hip_p_L=-0.106 torn=10673 cmd_age=32.4ms auth=122.1s rig_ign=1021 fix_base=0
[lowlevel-sim][GT] t=42.501 quat=[0.48754, -0.51249, 0.50261, 0.49704] angvel=[-0.04601, -0.0348, -0.03491] linvel=[-0.00159, -0.00851, 0.00172] z=0.1066
[lowlevel-sim][GT] t=42.551 quat=[0.48752, -0.51244, 0.50253, 0.49718] angvel=[-0.01329, 0.02092, 0.03728] linvel=[0.00138, -0.00143, 0.00422] z=0.1066
[lowlevel-sim][GT] t=42.601 quat=[0.48725, -0.5126, 0.50248, 0.49733] angvel=[-0.00959, -0.01928, -0.02998] linvel=[-0.00492, -0.00347, 0.00068] z=0.1066
[lowlevel-sim][GT] t=42.651 quat=[0.4871, -0.51259, 0.50237, 0.4976] angvel=[-0.03291, 0.03522, 0.01145] linvel=[0.00374, -0.00371, 0.00374] z=0.1066
[lowlevel-sim][GT] t=42.701 quat=[0.487, -0.51267, 0.50244, 0.49754] angvel=[-0.04206, 0.01838, 0.01722] linvel=[-0.00371, -0.00574, -0.0002] z=0.1066
[lowlevel-sim][GT] t=42.751 quat=[0.48687, -0.51272, 0.50237, 0.4977] angvel=[0.03986, -0.08166, -0.01095] linvel=[-0.009, -0.00046, -0.00194] z=0.1066
[lowlevel-sim][GT] t=42.801 quat=[0.48682, -0.51283, 0.50233, 0.49767] angvel=[-0.03116, 0.0025, -0.00048] linvel=[-0.00658, -0.0059, 0.00177] z=0.1066
[lowlevel-sim][GT] t=42.851 quat=[0.4869, -0.51287, 0.5023, 0.49759] angvel=[-0.03271, -0.04221, -0.0155] linvel=[-0.00773, -0.00274, 0.00288] z=0.1066
[lowlevel-sim][GT] t=42.901 quat=[0.48698, -0.51296, 0.50235, 0.49735] angvel=[-0.01217, -0.00801, -0.00854] linvel=[-0.0042, -0.00602, 0.0016] z=0.1065
[lowlevel-sim][GT] t=42.951 quat=[0.4872, -0.5129, 0.50226, 0.49729] angvel=[0.05481, 0.01586, -0.02031] linvel=[-0.00261, -0.00194, -0.00464] z=0.1065
[lowlevel-sim] t=  43.00 mode=cmd        pd=26257 hold=10378 failclosed=158 rtf=0.254 base_z=+0.107 pitch=+1.540 roll=-3.138 |tau|max=  9.60 sat=0/29 knee_L=+0.274 hip_p_L=-0.106 torn=10700 cmd_age=23.6ms auth=123.8s rig_ign=1021 fix_base=0
[lowlevel-sim][GT] t=43.001 quat=[0.48719, -0.51285, 0.50235, 0.49727] angvel=[-0.05956, 0.01013, 0.00157] linvel=[-0.00114, -0.00682, 0.00361] z=0.1066
[lowlevel-sim][GT] t=43.051 quat=[0.48729, -0.51286, 0.50235, 0.49716] angvel=[-0.00938, -0.04688, -0.0214] linvel=[-0.00422, -0.00094, 0.0039] z=0.1065
[lowlevel-sim][GT] t=43.101 quat=[0.48741, -0.5128, 0.5024, 0.49706] angvel=[-0.02254, -0.01294, 0.02006] linvel=[0.00918, -0.00586, 0.00306] z=0.1066
[lowlevel-sim][GT] t=43.151 quat=[0.48758, -0.51268, 0.50235, 0.49706] angvel=[-0.00273, 0.03785, -0.01371] linvel=[0.00023, -0.00313, -0.00025] z=0.1066
[lowlevel-sim][GT] t=43.201 quat=[0.48746, -0.51264, 0.50245, 0.49712] angvel=[-0.01516, 0.03186, 0.0246] linvel=[0.00502, -0.00612, 0.00111] z=0.1066
[lowlevel-sim][GT] t=43.251 quat=[0.48767, -0.5125, 0.50235, 0.49716] angvel=[-0.04897, -0.00566, -0.00898] linvel=[-0.00404, -0.00327, 0.00531] z=0.1067
[lowlevel-sim][GT] t=43.301 quat=[0.48729, -0.51256, 0.50245, 0.49736] angvel=[-0.04302, -0.01049, -0.01552] linvel=[-0.00153, -0.00661, 0.00469] z=0.1067
[lowlevel-sim][GT] t=43.351 quat=[0.48742, -0.5125, 0.50242, 0.49733] angvel=[0.00341, -0.09153, -0.01813] linvel=[-0.00547, -0.00137, -0.00025] z=0.1067
[lowlevel-sim][GT] t=43.401 quat=[0.48749, -0.51244, 0.50255, 0.4972] angvel=[-0.01655, -0.00798, 0.01285] linvel=[0.0008, -0.00163, 0.00229] z=0.1067
[lowlevel-sim][GT] t=43.451 quat=[0.48764, -0.51239, 0.50253, 0.49712] angvel=[0.06869, 0.02058, 0.0162] linvel=[-0.00099, 0.00249, -0.00708] z=0.1066
[lowlevel-sim] t=  43.50 mode=cmd        pd=26507 hold=10378 failclosed=158 rtf=0.255 base_z=+0.107 pitch=+1.540 roll=-3.133 |tau|max=  9.60 sat=0/29 knee_L=+0.275 hip_p_L=-0.106 torn=10709 cmd_age=29.3ms auth=125.4s rig_ign=1021 fix_base=0
[lowlevel-sim][GT] t=43.501 quat=[0.48766, -0.51248, 0.50255, 0.49699] angvel=[-0.04276, -0.05781, -0.02934] linvel=[0.00418, -0.00337, 0.00316] z=0.1067
[lowlevel-sim][GT] t=43.551 quat=[0.48783, -0.51236, 0.50252, 0.49697] angvel=[0.04274, 0.00614, 0.00413] linvel=[0.00524, 0.00161, -0.00331] z=0.1067
[lowlevel-sim][GT] t=43.601 quat=[0.48746, -0.5125, 0.5026, 0.49712] angvel=[-0.04478, -0.03463, -0.02184] linvel=[0.0, -0.00858, 0.00209] z=0.1066
[lowlevel-sim][GT] t=43.651 quat=[0.4875, -0.51246, 0.50251, 0.4972] angvel=[-0.01332, 0.02584, 0.01921] linvel=[0.00247, -0.00351, 0.00068] z=0.1066
[lowlevel-sim][GT] t=43.701 quat=[0.48725, -0.51262, 0.50255, 0.49725] angvel=[-0.0289, -0.03592, -0.0514] linvel=[-0.00439, -0.00468, 0.00101] z=0.1066
[lowlevel-sim][GT] t=43.751 quat=[0.48722, -0.51259, 0.5024, 0.49745] angvel=[-0.014, 0.03572, 0.01863] linvel=[0.00025, 0.00036, 0.00255] z=0.1066
[lowlevel-sim][GT] t=43.801 quat=[0.48706, -0.51279, 0.50238, 0.49743] angvel=[-0.0583, 0.06113, 0.07732] linvel=[0.0041, -0.00811, 0.00201] z=0.1066
[lowlevel-sim][GT] t=43.851 quat=[0.48694, -0.51273, 0.50228, 0.4977] angvel=[-0.02204, 0.06261, 0.01631] linvel=[-0.0034, -0.00036, 0.00244] z=0.1066
[lowlevel-sim][GT] t=43.901 quat=[0.48701, -0.5127, 0.50234, 0.49761] angvel=[0.01255, -0.00605, -0.02384] linvel=[-0.00572, -0.007, -0.00213] z=0.1067
[lowlevel-sim][GT] t=43.951 quat=[0.4873, -0.51264, 0.5024, 0.49733] angvel=[-0.00451, -0.02881, 0.00585] linvel=[-0.00233, -0.00271, -0.00034] z=0.1066
[lowlevel-sim] t=  44.00 mode=cmd        pd=26757 hold=10378 failclosed=158 rtf=0.255 base_z=+0.107 pitch=+1.540 roll=-3.139 |tau|max= 10.05 sat=0/29 knee_L=+0.274 hip_p_L=-0.107 torn=10730 cmd_age=54.4ms auth=127.2s rig_ign=1021 fix_base=0
[lowlevel-sim][GT] t=44.001 quat=[0.48735, -0.51268, 0.5025, 0.49714] angvel=[-0.00236, -0.00418, -0.00682] linvel=[-0.00186, -0.00827, 5e-05] z=0.1066
[lowlevel-sim][GT] t=44.051 quat=[0.48743, -0.5126, 0.50252, 0.49712] angvel=[0.0023, 0.00515, 0.00087] linvel=[-0.00323, 0.00011, 0.0032] z=0.1066
[lowlevel-sim][GT] t=44.101 quat=[0.48765, -0.51252, 0.50252, 0.49699] angvel=[-0.02948, -0.05206, -0.06368] linvel=[-0.00494, -0.00805, 0.00106] z=0.1067
[lowlevel-sim][GT] t=44.151 quat=[0.48791, -0.51239, 0.50253, 0.49685] angvel=[-0.03259, 0.06622, 0.01978] linvel=[0.00269, -0.00399, 0.00226] z=0.1066
[lowlevel-sim][GT] t=44.201 quat=[0.48772, -0.51244, 0.50268, 0.49684] angvel=[-0.04953, -0.02442, -0.04415] linvel=[-0.00125, -0.00817, 0.00593] z=0.1066
[lowlevel-sim][GT] t=44.251 quat=[0.48761, -0.51236, 0.50261, 0.4971] angvel=[-0.01863, 0.01259, -0.00161] linvel=[-0.00056, -0.00422, 0.00367] z=0.1067
[lowlevel-sim][GT] t=44.301 quat=[0.48758, -0.51243, 0.5026, 0.49707] angvel=[-0.01154, 0.01696, 0.00468] linvel=[-0.00169, -0.00125, 0.00107] z=0.1067
[lowlevel-sim][GT] t=44.351 quat=[0.48765, -0.51241, 0.50261, 0.49701] angvel=[0.06047, -0.01585, 0.01335] linvel=[0.00308, -2e-05, -0.00524] z=0.1067
[lowlevel-sim][GT] t=44.401 quat=[0.48758, -0.51247, 0.50267, 0.49695] angvel=[-0.05219, 0.00406, 0.00703] linvel=[0.00458, -0.00451, 0.00343] z=0.1067
[lowlevel-sim][GT] t=44.451 quat=[0.48751, -0.5124, 0.50269, 0.49708] angvel=[0.08108, 0.01324, -0.00364] linvel=[0.00226, 0.00187, -0.00257] z=0.1067
[lowlevel-sim] t=  44.50 mode=cmd        pd=27007 hold=10378 failclosed=158 rtf=0.255 base_z=+0.107 pitch=+1.540 roll=+3.137 |tau|max=  8.66 sat=0/29 knee_L=+0.275 hip_p_L=-0.107 torn=10741 cmd_age=45.5ms auth=129.0s rig_ign=1021 fix_base=0
[lowlevel-sim][GT] t=44.501 quat=[0.48752, -0.5124, 0.50266, 0.49709] angvel=[0.0058, -0.00592, -0.00106] linvel=[0.00331, -0.00302, 0.00018] z=0.1067
[lowlevel-sim][GT] t=44.551 quat=[0.48751, -0.5124, 0.50257, 0.4972] angvel=[-0.00351, -0.00061, 0.00322] linvel=[0.00786, -0.004, -0.00038] z=0.1066
[lowlevel-sim][GT] t=44.601 quat=[0.48722, -0.51252, 0.50269, 0.49724] angvel=[-0.05021, 0.01811, 0.0379] linvel=[-0.00141, -0.00629, 0.00353] z=0.1066
[lowlevel-sim][GT] t=44.651 quat=[0.48732, -0.5125, 0.50262, 0.49722] angvel=[-0.10242, 0.01028, 0.02731] linvel=[0.00192, -0.00345, 0.00863] z=0.1066
[lowlevel-sim][GT] t=44.701 quat=[0.48721, -0.51249, 0.50259, 0.49738] angvel=[-0.03626, -0.03483, -0.01192] linvel=[-0.00817, -0.00892, 0.00068] z=0.1067
[lowlevel-sim][GT] t=44.751 quat=[0.48704, -0.51258, 0.50247, 0.49757] angvel=[0.01604, 0.04799, 0.02708] linvel=[-0.00482, -0.00055, 0.00068] z=0.1066
[lowlevel-sim][GT] t=44.801 quat=[0.48703, -0.51267, 0.50248, 0.49748] angvel=[-0.02316, -0.01598, -0.02085] linvel=[-0.01009, -0.00784, 0.00333] z=0.1066
[lowlevel-sim][GT] t=44.851 quat=[0.48708, -0.51256, 0.50228, 0.49775] angvel=[0.00962, 0.00711, 0.01101] linvel=[-0.00296, -0.00084, 0.00191] z=0.1067
[lowlevel-sim][GT] t=44.901 quat=[0.48695, -0.51272, 0.50242, 0.49757] angvel=[-0.06185, -0.01695, -0.02314] linvel=[-0.00716, -0.00933, 0.00493] z=0.1066
[lowlevel-sim][GT] t=44.951 quat=[0.48697, -0.51273, 0.50225, 0.49771] angvel=[0.00042, 0.01344, 0.0095] linvel=[-0.00057, -0.00101, 0.00264] z=0.1066
[lowlevel-sim] t=  45.00 mode=cmd        pd=27257 hold=10378 failclosed=158 rtf=0.255 base_z=+0.107 pitch=+1.540 roll=+3.117 |tau|max=  9.81 sat=0/29 knee_L=+0.275 hip_p_L=-0.107 torn=10763 cmd_age=52.6ms auth=130.8s rig_ign=1021 fix_base=0
[lowlevel-sim][GT] t=45.001 quat=[0.48681, -0.51282, 0.50224, 0.49779] angvel=[-0.06053, -0.03395, -0.01875] linvel=[-0.01102, -0.00865, 0.00419] z=0.1066
[lowlevel-sim][GT] t=45.051 quat=[0.48694, -0.51281, 0.50208, 0.49783] angvel=[-0.00223, 0.02939, 0.00262] linvel=[-0.00397, 0.00039, 0.00056] z=0.1066
[lowlevel-sim][GT] t=45.101 quat=[0.48684, -0.51299, 0.50218, 0.49764] angvel=[-0.01597, -0.01031, -0.00024] linvel=[-0.00119, -0.0079, -0.0011] z=0.1066
[lowlevel-sim][GT] t=45.151 quat=[0.48692, -0.51306, 0.50212, 0.49755] angvel=[0.02292, 0.02629, 0.00874] linvel=[-0.00093, 0.00252, 0.00175] z=0.1066
[lowlevel-sim][GT] t=45.201 quat=[0.48682, -0.51319, 0.50209, 0.49754] angvel=[-0.05866, 0.00891, 0.03508] linvel=[-4e-05, -0.00798, 0.00423] z=0.1066
[lowlevel-sim][GT] t=45.251 quat=[0.48693, -0.51317, 0.50185, 0.4977] angvel=[0.0124, 0.04424, 0.01644] linvel=[0.00035, 0.00089, 0.00224] z=0.1066
[lowlevel-sim][GT] t=45.301 quat=[0.48669, -0.51326, 0.50196, 0.49773] angvel=[0.00668, 0.0254, 0.04955] linvel=[0.00189, -0.00321, 0.00178] z=0.1066
[lowlevel-sim][GT] t=45.351 quat=[0.48663, -0.51323, 0.50179, 0.49798] angvel=[0.01178, 0.00558, 0.01753] linvel=[-0.00311, -0.00092, 0.00103] z=0.1066
[lowlevel-sim][GT] t=45.401 quat=[0.48665, -0.51332, 0.50176, 0.4979] angvel=[-0.02408, 0.02655, 0.02682] linvel=[0.00074, -0.00759, 0.00134] z=0.1066
[lowlevel-sim][GT] t=45.451 quat=[0.48691, -0.51314, 0.50176, 0.49783] angvel=[0.04105, 0.01678, -0.01204] linvel=[0.00067, 0.0029, -0.00266] z=0.1067
[lowlevel-sim] t=  45.50 mode=cmd        pd=27507 hold=10378 failclosed=158 rtf=0.256 base_z=+0.107 pitch=+1.541 roll=-3.135 |tau|max=  8.36 sat=0/29 knee_L=+0.275 hip_p_L=-0.106 torn=10776 cmd_age=44.7ms auth=132.5s rig_ign=1021 fix_base=0
[lowlevel-sim][GT] t=45.501 quat=[0.48702, -0.51307, 0.5019, 0.49767] angvel=[-0.00922, 0.00763, -0.00735] linvel=[0.00161, -0.00353, 0.00298] z=0.1067
[lowlevel-sim][GT] t=45.551 quat=[0.4871, -0.51294, 0.50196, 0.49766] angvel=[0.05093, -0.0047, 0.00869] linvel=[0.00389, -0.0003, -0.00496] z=0.1066
[lowlevel-sim][GT] t=45.601 quat=[0.48696, -0.51296, 0.50216, 0.49756] angvel=[-0.01952, 0.02574, -0.00201] linvel=[0.00142, -0.00362, 0.00221] z=0.1066
[lowlevel-sim][GT] t=45.651 quat=[0.48698, -0.51287, 0.50214, 0.49767] angvel=[-0.00168, 0.05131, 0.01219] linvel=[0.00366, -0.00096, -0.00109] z=0.1066
[lowlevel-sim][GT] t=45.701 quat=[0.4871, -0.51289, 0.50223, 0.49743] angvel=[-0.00265, -0.00979, -0.00838] linvel=[0.0034, -0.00209, -0.00052] z=0.1066
[lowlevel-sim][GT] t=45.751 quat=[0.48709, -0.51278, 0.50225, 0.49754] angvel=[0.00762, 0.0306, -0.00582] linvel=[0.00118, 0.00029, -0.00385] z=0.1066
[lowlevel-sim][GT] t=45.801 quat=[0.48708, -0.51281, 0.50229, 0.49748] angvel=[-0.01429, 0.00067, -0.00845] linvel=[0.00187, -0.00261, 0.00065] z=0.1066
[lowlevel-sim][GT] t=45.851 quat=[0.487, -0.51275, 0.50228, 0.49763] angvel=[0.04981, -0.00943, -0.00123] linvel=[-0.00048, 0.00108, -0.00496] z=0.1066
[lowlevel-sim][GT] t=45.901 quat=[0.48696, -0.51281, 0.50235, 0.49754] angvel=[-0.02196, -0.00158, -0.01632] linvel=[-5e-05, -0.00268, 0.00184] z=0.1066
[lowlevel-sim][GT] t=45.951 quat=[0.48685, -0.51274, 0.50229, 0.49778] angvel=[-0.02535, 0.05147, 0.03616] linvel=[-0.00118, -0.00274, 0.00303] z=0.1066
[lowlevel-sim] t=  46.00 mode=cmd        pd=27757 hold=10378 failclosed=158 rtf=0.256 base_z=+0.107 pitch=+1.540 roll=+3.111 |tau|max=  8.47 sat=0/29 knee_L=+0.276 hip_p_L=-0.107 torn=10792 cmd_age=70.9ms auth=134.1s rig_ign=1021 fix_base=0
[lowlevel-sim][GT] t=46.001 quat=[0.48665, -0.51288, 0.50232, 0.4978] angvel=[-0.02354, -0.00503, -0.01052] linvel=[-0.00664, -0.00073, 0.00032] z=0.1066
[lowlevel-sim][GT] t=46.051 quat=[0.48653, -0.51296, 0.50211, 0.49805] angvel=[-0.056, 0.06086, 0.01973] linvel=[-0.00153, -0.00363, 0.00613] z=0.1066
[lowlevel-sim][GT] t=46.101 quat=[0.48667, -0.51294, 0.50213, 0.49791] angvel=[-0.03342, 0.01354, 0.02941] linvel=[-0.00317, -0.0077, 0.00033] z=0.1066
[lowlevel-sim] FAIL-CLOSED engaged at t=46.115s, last command age 87.54 ms (deadline <= 100 ms) PASS
[lowlevel-sim] COMMANDED at t=46.118s (was fail-closed)
[lowlevel-sim][GT] t=46.151 quat=[0.48674, -0.51307, 0.50226, 0.49757] angvel=[-0.04645, -0.06491, -0.02651] linvel=[-0.00729, -0.00407, 0.00628] z=0.1065
[lowlevel-sim][GT] t=46.201 quat=[0.48688, -0.51302, 0.50227, 0.49747] angvel=[-0.02756, -0.00613, -0.00238] linvel=[-0.0057, -0.00636, 0.00177] z=0.1065
[lowlevel-sim][GT] t=46.251 quat=[0.48725, -0.51301, 0.50222, 0.49718] angvel=[0.01754, 0.02538, -0.00798] linvel=[0.00266, 0.00173, -0.00181] z=0.1065
[lowlevel-sim][GT] t=46.301 quat=[0.48723, -0.51305, 0.50225, 0.49711] angvel=[-0.03291, 0.02903, 0.04855] linvel=[0.00456, -0.00622, 0.00178] z=0.1065
[lowlevel-sim][GT] t=46.351 quat=[0.48709, -0.51301, 0.50212, 0.49744] angvel=[0.00077, -0.01516, 0.0055] linvel=[0.00247, 0.00221, 0.00326] z=0.1065
[lowlevel-sim][GT] t=46.401 quat=[0.48693, -0.51318, 0.50208, 0.49745] angvel=[-0.03853, 0.05358, 0.05482] linvel=[0.00805, -0.00761, -4e-05] z=0.1065
[lowlevel-sim][GT] t=46.451 quat=[0.48687, -0.51321, 0.50202, 0.49754] angvel=[0.01604, 0.05561, 0.02622] linvel=[0.00637, 0.00137, 0.00175] z=0.1065
[lowlevel-sim] t=  46.50 mode=cmd        pd=28008 hold=10378 failclosed=160 rtf=0.257 base_z=+0.107 pitch=+1.540 roll=+3.138 |tau|max= 10.00 sat=0/29 knee_L=+0.274 hip_p_L=-0.106 torn=10817 cmd_age=24.0ms auth=135.6s rig_ign=1021 fix_base=0
[lowlevel-sim][GT] t=46.501 quat=[0.48667, -0.51325, 0.50201, 0.4977] angvel=[-0.02226, 0.02127, 0.04272] linvel=[0.00676, -0.00513, 0.00023] z=0.1065
[lowlevel-sim][GT] t=46.551 quat=[0.48681, -0.51312, 0.50184, 0.49788] angvel=[0.05304, 0.00338, 0.00687] linvel=[0.00527, 0.00282, -0.00024] z=0.1066
[lowlevel-sim][GT] t=46.601 quat=[0.48679, -0.51314, 0.50188, 0.49782] angvel=[-0.03028, -0.01541, 0.00438] linvel=[0.00667, -0.00065, 0.00347] z=0.1066
[lowlevel-sim][GT] t=46.651 quat=[0.48689, -0.51308, 0.50182, 0.49786] angvel=[0.03007, -0.00127, -0.0078] linvel=[0.00897, -0.00084, -0.00384] z=0.1066
[lowlevel-sim][GT] t=46.701 quat=[0.48672, -0.51314, 0.5019, 0.49788] angvel=[-0.01297, 0.01029, 0.0158] linvel=[0.00483, -0.00131, 0.00207] z=0.1066
[lowlevel-sim][GT] t=46.751 quat=[0.48681, -0.51308, 0.50177, 0.49798] angvel=[0.027, 0.0289, 0.01647] linvel=[0.0052, 0.00098, 0.00017] z=0.1067
[lowlevel-sim][GT] t=46.801 quat=[0.48663, -0.51334, 0.5018, 0.49787] angvel=[-0.01503, -0.01302, 0.0087] linvel=[0.00578, -0.00649, 0.00089] z=0.1066
[lowlevel-sim] FAIL-CLOSED engaged at t=46.840s, last command age 92.38 ms (deadline <= 100 ms) PASS
[lowlevel-sim] COMMANDED at t=46.850s (was fail-closed)
[lowlevel-sim][GT] t=46.851 quat=[0.48578, -0.51417, 0.50272, 0.4969] angvel=[-0.35777, -0.00148, 0.00626] linvel=[0.00165, -0.00382, -0.03213] z=0.1061
[lowlevel-sim][GT] t=46.901 quat=[0.48585, -0.51404, 0.50261, 0.49708] angvel=[0.0111, -0.03987, 0.01654] linvel=[-0.00125, 3e-05, 0.00311] z=0.1061
[lowlevel-sim][GT] t=46.951 quat=[0.48596, -0.51383, 0.50231, 0.49751] angvel=[-0.01326, -0.01699, 0.00272] linvel=[0.00328, -0.00058, 0.00436] z=0.1062
[lowlevel-sim] t=  47.00 mode=cmd        pd=28263 hold=10378 failclosed=170 rtf=0.257 base_z=+0.106 pitch=+1.539 roll=+3.126 |tau|max= 35.00 sat=2/29 knee_L=+0.273 hip_p_L=-0.107 torn=10851 cmd_age=50.9ms auth=137.5s rig_ign=1021 fix_base=0 sat_j=left_ankle_roll_joint:+35.0,right_ankle_roll_joint:-35.0
[lowlevel-sim][GT] t=47.001 quat=[0.48607, -0.51367, 0.50202, 0.49785] angvel=[8e-05, 0.01205, 0.02532] linvel=[0.00457, -0.00329, 0.00018] z=0.1063
[lowlevel-sim][GT] t=47.051 quat=[0.48602, -0.51369, 0.50195, 0.49794] angvel=[-0.03003, -0.01328, 0.01085] linvel=[0.00489, -0.00693, 0.00079] z=0.1064
[lowlevel-sim][GT] t=47.101 quat=[0.48617, -0.51347, 0.50195, 0.49804] angvel=[0.00065, 0.00236, -0.01164] linvel=[0.00185, -0.00232, 0.0002] z=0.1064
[lowlevel-sim][GT] t=47.151 quat=[0.4862, -0.5135, 0.50195, 0.49798] angvel=[-0.0272, 0.00252, 0.01003] linvel=[0.00508, -0.00349, 0.00352] z=0.1064
[lowlevel-sim][GT] t=47.201 quat=[0.48653, -0.51336, 0.50191, 0.49783] angvel=[0.00065, -0.00014, -0.0071] linvel=[0.00059, 0.0013, 0.00032] z=0.1065
[lowlevel-sim][GT] t=47.251 quat=[0.48654, -0.51337, 0.5019, 0.49781] angvel=[-0.02183, -0.05843, -0.02786] linvel=[0.00381, -0.00302, 0.00265] z=0.1065
[lowlevel-sim][GT] t=47.301 quat=[0.48665, -0.51313, 0.50179, 0.49807] angvel=[0.07999, 0.01839, 0.02602] linvel=[-0.00172, 0.00024, -0.00592] z=0.1066
[lowlevel-sim][GT] t=47.351 quat=[0.48658, -0.51314, 0.50174, 0.49818] angvel=[-0.04049, -0.02198, -0.00486] linvel=[0.00098, -0.00336, 0.00353] z=0.1067
[lowlevel-sim][GT] t=47.401 quat=[0.48656, -0.5132, 0.50162, 0.49826] angvel=[0.01674, 0.05407, 0.02747] linvel=[-0.00278, -0.002, -0.00317] z=0.1067
[lowlevel-sim][GT] t=47.451 quat=[0.48631, -0.51344, 0.50156, 0.49832] angvel=[-0.03524, -0.01658, -0.01488] linvel=[-0.00051, -0.0036, 0.00357] z=0.1067
[lowlevel-sim] t=  47.50 mode=cmd        pd=28513 hold=10378 failclosed=170 rtf=0.257 base_z=+0.107 pitch=+1.540 roll=+3.119 |tau|max= 35.00 sat=2/29 knee_L=+0.275 hip_p_L=-0.107 torn=10865 cmd_age=46.0ms auth=139.4s rig_ign=1021 fix_base=0 sat_j=left_ankle_roll_joint:+35.0,right_ankle_roll_joint:-35.0
[lowlevel-sim][GT] t=47.501 quat=[0.48626, -0.51339, 0.50156, 0.49842] angvel=[-0.00874, 0.03143, 0.00701] linvel=[-0.00393, -0.00104, 1e-05] z=0.1067
[lowlevel-sim][GT] t=47.551 quat=[0.48619, -0.51358, 0.50155, 0.4983] angvel=[-0.05515, -0.0086, 0.01953] linvel=[0.00096, -0.00508, 0.00553] z=0.1067
[lowlevel-sim][GT] t=47.601 quat=[0.48614, -0.51353, 0.50146, 0.49849] angvel=[0.02026, 0.03242, 0.00191] linvel=[-0.0014, 0.00064, 0.00054] z=0.1067
[lowlevel-sim][GT] t=47.651 quat=[0.48614, -0.51362, 0.50153, 0.49834] angvel=[-0.02136, -0.0491, -0.02732] linvel=[0.00221, -0.00296, 0.00373] z=0.1067
[lowlevel-sim][GT] t=47.701 quat=[0.48655, -0.51336, 0.50144, 0.49829] angvel=[0.0241, 0.01321, -0.00721] linvel=[0.00344, 0.00143, -0.00091] z=0.1067
[lowlevel-sim][GT] t=47.751 quat=[0.48625, -0.51346, 0.50158, 0.49833] angvel=[-0.03935, -0.00945, -0.01876] linvel=[0.00104, -0.00555, 0.00371] z=0.1067
[lowlevel-sim][GT] t=47.801 quat=[0.48648, -0.51328, 0.50154, 0.49834] angvel=[0.06904, 0.02162, -0.0008] linvel=[-0.00377, 0.00055, -0.00751] z=0.1067
[lowlevel-sim][GT] t=47.851 quat=[0.48633, -0.51349, 0.50156, 0.49825] angvel=[-0.04246, -0.02059, -0.00095] linvel=[0.00057, -0.00499, 0.00218] z=0.1067
[lowlevel-sim][GT] t=47.901 quat=[0.48633, -0.51354, 0.50145, 0.4983] angvel=[0.01655, 0.07074, 0.03204] linvel=[-0.0017, -0.00111, -0.00141] z=0.1066
[lowlevel-sim][GT] t=47.951 quat=[0.48599, -0.51375, 0.50143, 0.49844] angvel=[-0.0486, -0.02366, -0.00105] linvel=[-0.00109, -0.00583, 0.00278] z=0.1066
[lowlevel-sim] t=  48.00 mode=cmd        pd=28763 hold=10378 failclosed=170 rtf=0.257 base_z=+0.107 pitch=+1.540 roll=+3.129 |tau|max= 35.00 sat=2/29 knee_L=+0.274 hip_p_L=-0.107 torn=10876 cmd_age=38.3ms auth=141.4s rig_ign=1021 fix_base=0 sat_j=left_ankle_roll_joint:+35.0,right_ankle_roll_joint:-35.0
[lowlevel-sim][GT] t=48.001 quat=[0.48604, -0.51374, 0.50139, 0.49844] angvel=[0.03048, 0.04384, 0.00889] linvel=[-0.00329, 0.00079, -0.00118] z=0.1066
[lowlevel-sim][GT] t=48.051 quat=[0.48583, -0.51381, 0.50129, 0.49867] angvel=[-0.02779, -0.03466, -0.01021] linvel=[-0.00273, -0.00355, 0.00331] z=0.1066
[lowlevel-sim][GT] t=48.101 quat=[0.48615, -0.51375, 0.50116, 0.49856] angvel=[0.0666, 0.02188, 7e-05] linvel=[0.0012, 0.00227, -0.0065] z=0.1067
[lowlevel-sim][GT] t=48.151 quat=[0.48605, -0.51383, 0.50125, 0.49849] angvel=[-0.02641, -0.02084, -0.00963] linvel=[0.00398, -0.00466, 0.00177] z=0.1066
[lowlevel-sim][GT] t=48.201 quat=[0.48616, -0.51374, 0.50119, 0.49853] angvel=[-0.02551, 0.0361, 0.02565] linvel=[0.0069, -0.00457, 0.00136] z=0.1066
[lowlevel-sim][GT] t=48.251 quat=[0.48612, -0.51392, 0.50125, 0.49832] angvel=[-0.03803, -0.02986, 0.00463] linvel=[0.00575, -0.00589, 0.00201] z=0.1066
[lowlevel-sim][GT] t=48.301 quat=[0.48605, -0.51391, 0.50125, 0.4984] angvel=[-0.0032, 0.00771, -0.00602] linvel=[0.0047, -0.00095, 0.00178] z=0.1066
[lowlevel-sim][GT] t=48.351 quat=[0.48592, -0.514, 0.50124, 0.49844] angvel=[-0.06057, 0.00296, -0.00467] linvel=[0.00482, -0.0043, 0.00451] z=0.1065
[lowlevel-sim][GT] t=48.401 quat=[0.48599, -0.514, 0.50114, 0.49847] angvel=[-0.03948, 0.08776, 0.04962] linvel=[0.00641, -0.00413, 0.00208] z=0.1065
[lowlevel-sim][GT] t=48.451 quat=[0.48592, -0.51407, 0.50124, 0.49837] angvel=[-0.02762, -0.03722, -0.02363] linvel=[0.00388, -0.00601, 0.00232] z=0.1065
[lowlevel-sim] t=  48.50 mode=cmd        pd=29013 hold=10378 failclosed=170 rtf=0.257 base_z=+0.107 pitch=+1.540 roll=+3.125 |tau|max= 35.00 sat=2/29 knee_L=+0.273 hip_p_L=-0.106 torn=10908 cmd_age=37.6ms auth=143.1s rig_ign=1021 fix_base=0 sat_j=left_ankle_roll_joint:+35.0,right_ankle_roll_joint:-35.0
[lowlevel-sim][GT] t=48.501 quat=[0.48582, -0.51392, 0.50122, 0.49865] angvel=[0.0307, -0.00256, -0.00233] linvel=[-0.00324, 0.00109, -0.00133] z=0.1066
[lowlevel-sim][GT] t=48.551 quat=[0.48577, -0.51399, 0.5012, 0.49864] angvel=[-0.0309, -0.02011, 0.00444] linvel=[0.00838, -0.00139, 0.00381] z=0.1066
[lowlevel-sim][GT] t=48.601 quat=[0.48595, -0.51386, 0.50109, 0.49872] angvel=[-0.01431, 0.02204, 0.00286] linvel=[0.0011, 0.00031, 0.0034] z=0.1066
[lowlevel-sim][GT] t=48.651 quat=[0.48588, -0.51391, 0.50114, 0.49867] angvel=[-0.03555, -0.03304, 0.00016] linvel=[0.00402, -0.00384, -6e-05] z=0.1066
[lowlevel-sim][GT] t=48.701 quat=[0.486, -0.51377, 0.5012, 0.49864] angvel=[0.03224, 0.02381, -0.00026] linvel=[0.00214, 0.00021, -0.00354] z=0.1066
[lowlevel-sim][GT] t=48.751 quat=[0.48582, -0.51381, 0.50123, 0.49875] angvel=[-0.04805, 0.01864, 0.01955] linvel=[-0.00297, -0.0044, 0.00395] z=0.1067
[lowlevel-sim][GT] t=48.801 quat=[0.48572, -0.51386, 0.50111, 0.49891] angvel=[0.06183, 0.01795, 0.00296] linvel=[-0.00656, 0.00062, -0.00552] z=0.1066
[lowlevel-sim][GT] t=48.851 quat=[0.48553, -0.51399, 0.50104, 0.49903] angvel=[-0.03168, 0.01816, 0.00517] linvel=[-0.00525, -0.00612, 0.00187] z=0.1066
[lowlevel-sim][GT] t=48.901 quat=[0.48576, -0.51398, 0.50106, 0.49879] angvel=[0.01344, 0.04359, 0.00468] linvel=[-0.00237, -0.00059, -0.00144] z=0.1066
[lowlevel-sim][GT] t=48.951 quat=[0.48589, -0.51407, 0.50111, 0.49853] angvel=[-0.04392, -0.00558, -0.01005] linvel=[0.00191, -0.0054, 0.00237] z=0.1066
[lowlevel-sim] t=  49.00 mode=cmd        pd=29263 hold=10378 failclosed=170 rtf=0.257 base_z=+0.107 pitch=+1.540 roll=-3.138 |tau|max= 35.00 sat=2/29 knee_L=+0.274 hip_p_L=-0.106 torn=10935 cmd_age=30.4ms auth=144.8s rig_ign=1021 fix_base=0 sat_j=left_ankle_roll_joint:+35.0,right_ankle_roll_joint:-35.0
[lowlevel-sim][GT] t=49.001 quat=[0.486, -0.51404, 0.50114, 0.49842] angvel=[0.03352, 0.05606, 0.00957] linvel=[0.00427, 0.00033, -0.00165] z=0.1066
[lowlevel-sim][GT] t=49.051 quat=[0.48597, -0.51407, 0.50118, 0.49838] angvel=[-0.04224, 0.01271, 0.01228] linvel=[0.00399, -0.00664, 0.00447] z=0.1066
[lowlevel-sim][GT] t=49.101 quat=[0.48616, -0.51393, 0.50113, 0.49839] angvel=[-0.03307, 0.06609, 0.0124] linvel=[0.00798, -0.00336, 0.00276] z=0.1066
[lowlevel-sim][GT] t=49.151 quat=[0.48619, -0.51399, 0.50111, 0.49831] angvel=[-0.02327, -0.04124, -0.03775] linvel=[-0.00018, -0.00543, 0.00116] z=0.1066
[lowlevel-sim][GT] t=49.201 quat=[0.48591, -0.51388, 0.50116, 0.49865] angvel=[0.05491, -0.00827, -0.0171] linvel=[-0.00313, 0.0021, -0.00137] z=0.1066
[lowlevel-sim][GT] t=49.251 quat=[0.48602, -0.51397, 0.50123, 0.49839] angvel=[-0.01504, -0.04088, -0.05037] linvel=[-0.00221, -0.00683, 0.00195] z=0.1066
[lowlevel-sim][GT] t=49.301 quat=[0.48614, -0.51381, 0.50116, 0.4985] angvel=[0.01533, -0.03169, 0.0059] linvel=[0.00356, 0.00131, -0.00023] z=0.1066
[lowlevel-sim][GT] t=49.351 quat=[0.48608, -0.51379, 0.50124, 0.49849] angvel=[-0.01462, -0.02328, -0.03434] linvel=[0.00075, -0.0055, 0.00294] z=0.1067
[lowlevel-sim][GT] t=49.401 quat=[0.48601, -0.51369, 0.50119, 0.49873] angvel=[0.03522, 0.01233, 0.02241] linvel=[0.00439, 0.00053, -0.00244] z=0.1067
[lowlevel-sim][GT] t=49.451 quat=[0.48592, -0.51376, 0.50122, 0.4987] angvel=[-0.00195, -0.00343, -0.01132] linvel=[0.00161, -0.00168, 9e-05] z=0.1067
[lowlevel-sim] t=  49.50 mode=cmd        pd=29513 hold=10378 failclosed=170 rtf=0.258 base_z=+0.107 pitch=+1.541 roll=+3.127 |tau|max= 35.00 sat=2/29 knee_L=+0.275 hip_p_L=-0.106 torn=10959 cmd_age=38.0ms auth=146.4s rig_ign=1021 fix_base=0 sat_j=left_ankle_roll_joint:+35.0,right_ankle_roll_joint:-35.0
[lowlevel-sim][GT] t=49.501 quat=[0.48616, -0.51363, 0.50119, 0.49864] angvel=[0.01995, -0.00285, -0.01463] linvel=[0.00608, 4e-05, -0.00047] z=0.1067
[lowlevel-sim][GT] t=49.551 quat=[0.48606, -0.51375, 0.50133, 0.49848] angvel=[-0.01499, 0.00614, 0.01147] linvel=[0.00435, -0.00354, 0.00268] z=0.1067
[lowlevel-sim][GT] t=49.601 quat=[0.48614, -0.51363, 0.5012, 0.49864] angvel=[0.01238, 0.0416, 0.01293] linvel=[0.00189, -0.00376, 0.00011] z=0.1067
[lowlevel-sim][GT] t=49.651 quat=[0.48584, -0.5138, 0.50116, 0.49882] angvel=[-0.02146, -0.03318, -0.01478] linvel=[-0.00233, -0.00041, 0.00232] z=0.1067
[lowlevel-sim][GT] t=49.701 quat=[0.48556, -0.51381, 0.50107, 0.49916] angvel=[0.01303, 0.02424, 0.01913] linvel=[-0.0056, -0.00245, -0.00235] z=0.1067
[lowlevel-sim][GT] t=49.751 quat=[0.48543, -0.514, 0.5011, 0.49907] angvel=[-0.01416, -0.02827, 0.01843] linvel=[-0.00539, -0.00415, -0.00167] z=0.1067
[lowlevel-sim][GT] t=49.801 quat=[0.48535, -0.51405, 0.50104, 0.49914] angvel=[-0.0441, 0.00178, 0.00779] linvel=[-0.00261, -0.00402, 0.00146] z=0.1066
[lowlevel-sim][GT] t=49.851 quat=[0.48533, -0.51417, 0.50111, 0.49897] angvel=[-0.0173, -0.01309, 0.00522] linvel=[-0.00438, -0.00363, 0.00157] z=0.1066
[lowlevel-sim][GT] t=49.901 quat=[0.48539, -0.51414, 0.50101, 0.49905] angvel=[0.01829, 0.03064, 0.00063] linvel=[-0.00509, -0.0005, -0.00093] z=0.1066
[lowlevel-sim][GT] t=49.951 quat=[0.48541, -0.51421, 0.50104, 0.49893] angvel=[-0.00876, 0.00674, -0.02512] linvel=[-0.00556, -0.00689, -0.00123] z=0.1066
[lowlevel-sim] t=  50.00 mode=cmd        pd=29763 hold=10378 failclosed=170 rtf=0.258 base_z=+0.107 pitch=+1.540 roll=+3.121 |tau|max= 35.00 sat=2/29 knee_L=+0.275 hip_p_L=-0.107 torn=10983 cmd_age=35.9ms auth=148.3s rig_ign=1021 fix_base=0 sat_j=left_ankle_roll_joint:+35.0,right_ankle_roll_joint:-35.0
[lowlevel-sim][GT] t=50.001 quat=[0.48564, -0.51404, 0.50112, 0.4988] angvel=[-0.00934, 0.00843, -0.01069] linvel=[-0.00381, -0.00146, 0.0016] z=0.1066
[lowlevel-sim][GT] t=50.051 quat=[0.48578, -0.51402, 0.5012, 0.4986] angvel=[-0.01581, -0.04448, -0.04815] linvel=[-0.006, -0.00462, 0.00159] z=0.1066
[lowlevel-sim][GT] t=50.101 quat=[0.48607, -0.5139, 0.5012, 0.49843] angvel=[-0.05655, 0.05065, 0.0294] linvel=[0.00467, -0.0041, 0.00255] z=0.1066
[lowlevel-sim][GT] t=50.151 quat=[0.48615, -0.51378, 0.50141, 0.49827] angvel=[-0.0226, -0.02572, -0.04972] linvel=[-0.00588, -0.00621, 0.00061] z=0.1066
[lowlevel-sim][GT] t=50.201 quat=[0.4863, -0.51358, 0.5014, 0.49834] angvel=[-0.00193, 0.01679, 0.01609] linvel=[-0.0007, -0.00412, 0.00125] z=0.1067
[lowlevel-sim][GT] t=50.251 quat=[0.48646, -0.51357, 0.5015, 0.49809] angvel=[-0.01499, -0.03488, -0.03736] linvel=[-0.00554, -0.00747, 0.00086] z=0.1067
[lowlevel-sim][GT] t=50.301 quat=[0.4865, -0.51352, 0.50152, 0.49809] angvel=[0.05697, 0.03059, -0.00467] linvel=[-0.00167, 0.00134, -0.00185] z=0.1067
[lowlevel-sim][GT] t=50.351 quat=[0.4866, -0.51354, 0.50148, 0.49801] angvel=[-0.01772, -0.03121, -0.06051] linvel=[-0.00481, -0.0076, 0.00027] z=0.1067
[lowlevel-sim][GT] t=50.401 quat=[0.48665, -0.5134, 0.50158, 0.49802] angvel=[-0.0074, 0.04877, 0.00866] linvel=[-0.00236, -0.00326, -0.00073] z=0.1067
[lowlevel-sim][GT] t=50.451 quat=[0.48658, -0.51348, 0.50162, 0.49795] angvel=[-0.02304, -0.02656, -0.00064] linvel=[0.00262, -0.00314, 0.00195] z=0.1067
[lowlevel-sim] t=  50.50 mode=cmd        pd=30013 hold=10378 failclosed=170 rtf=0.258 base_z=+0.107 pitch=+1.541 roll=-3.135 |tau|max= 35.00 sat=2/29 knee_L=+0.274 hip_p_L=-0.106 torn=11001 cmd_age=49.4ms auth=150.3s rig_ign=1021 fix_base=0 sat_j=left_ankle_roll_joint:+35.0,right_ankle_roll_joint:-35.0
[lowlevel-sim][GT] t=50.501 quat=[0.48666, -0.51343, 0.50147, 0.49808] angvel=[0.02284, 0.02193, 0.01633] linvel=[0.00228, -0.0021, -0.00083] z=0.1067
[lowlevel-sim][GT] t=50.551 quat=[0.48633, -0.51349, 0.50157, 0.49824] angvel=[-0.05001, 0.03361, 0.01219] linvel=[-0.00321, -0.00462, 0.00178] z=0.1067
[lowlevel-sim][GT] t=50.601 quat=[0.48638, -0.51349, 0.50141, 0.49834] angvel=[-0.0463, -0.01685, 0.00285] linvel=[-0.00212, -0.00451, 0.00358] z=0.1067
[lowlevel-sim][GT] t=50.651 quat=[0.48619, -0.51357, 0.50145, 0.49841] angvel=[-0.01451, -0.01183, 0.0098] linvel=[-0.00234, -0.0059, -0.00059] z=0.1067
[lowlevel-sim][GT] t=50.701 quat=[0.48624, -0.51363, 0.5013, 0.49845] angvel=[0.06756, -0.00891, -0.00021] linvel=[-0.00273, 0.00119, -0.00505] z=0.1067
[lowlevel-sim][GT] t=50.751 quat=[0.48601, -0.51374, 0.50124, 0.49862] angvel=[-0.03061, -0.01852, -0.00039] linvel=[-0.00396, -0.00574, 0.00144] z=0.1067
[lowlevel-sim][GT] t=50.801 quat=[0.48596, -0.51373, 0.50113, 0.49879] angvel=[0.03263, -0.00809, -0.00998] linvel=[-0.004, -0.00134, -0.00414] z=0.1067
[lowlevel-sim][GT] t=50.851 quat=[0.48581, -0.51375, 0.50122, 0.49883] angvel=[-0.02396, -0.00303, 0.01068] linvel=[-0.00455, -0.00473, 0.00043] z=0.1067
[lowlevel-sim][GT] t=50.901 quat=[0.48581, -0.51376, 0.50114, 0.4989] angvel=[-0.00867, -0.0141, 0.01305] linvel=[0.00118, -0.00347, 0.00022] z=0.1067
[lowlevel-sim][GT] t=50.951 quat=[0.48594, -0.51377, 0.50128, 0.49862] angvel=[-0.00883, -0.00522, 0.02256] linvel=[7e-05, -0.00356, 0.00105] z=0.1067
[lowlevel-sim] FAIL-CLOSED engaged at t=50.960s, last command age 103.34 ms (deadline <= 100 ms) FAIL
[lowlevel-sim] COMMANDED at t=50.962s (was fail-closed)
[lowlevel-sim] FAIL-CLOSED engaged at t=50.966s, last command age 85.55 ms (deadline <= 100 ms) PASS
[lowlevel-sim] COMMANDED at t=50.972s (was fail-closed)
[lowlevel-sim] FAIL-CLOSED engaged at t=50.998s, last command age 87.42 ms (deadline <= 100 ms) PASS
[lowlevel-sim] t=  51.00 mode=FAILCLOSED pd=30268 hold=10378 failclosed=180 rtf=0.258 base_z=+0.106 pitch=+1.537 roll=+3.122 |tau|max= 35.00 sat=2/29 knee_L=+0.275 hip_p_L=-0.110 torn=11025 cmd_age=120.4ms auth=152.3s rig_ign=1021 fix_base=0 sat_j=left_ankle_roll_joint:-35.0,right_ankle_roll_joint:+35.0
[lowlevel-sim] COMMANDED at t=51.000s (was fail-closed)
[lowlevel-sim][GT] t=51.001 quat=[0.48525, -0.51442, 0.50208, 0.49782] angvel=[-0.07495, 0.00758, -0.00963] linvel=[-0.00393, -0.00325, -0.00876] z=0.1063
[lowlevel-sim] FAIL-CLOSED engaged at t=51.020s, last command age 89.64 ms (deadline <= 100 ms) PASS
[lowlevel-sim] COMMANDED at t=51.022s (was fail-closed)
[lowlevel-sim] FAIL-CLOSED engaged at t=51.048s, last command age 85.79 ms (deadline <= 100 ms) PASS
[lowlevel-sim][GT] t=51.051 quat=[0.48509, -0.51458, 0.50215, 0.49774] angvel=[-0.15096, 0.02576, 0.05458] linvel=[-0.00352, -0.00794, -0.01844] z=0.1062
[lowlevel-sim] COMMANDED at t=51.054s (was fail-closed)
[lowlevel-sim][GT] t=51.101 quat=[0.48508, -0.5148, 0.50217, 0.4975] angvel=[0.01731, -0.01345, -0.03064] linvel=[-0.00647, -0.00349, 0.00358] z=0.1061
[lowlevel-sim] FAIL-CLOSED engaged at t=51.114s, last command age 85.54 ms (deadline <= 100 ms) PASS
[lowlevel-sim] COMMANDED at t=51.120s (was fail-closed)
[lowlevel-sim][GT] t=51.151 quat=[0.48512, -0.515, 0.50234, 0.49707] angvel=[0.03856, 0.00433, 0.01622] linvel=[0.00237, -0.007, 0.00344] z=0.1059
[lowlevel-sim][GT] t=51.201 quat=[0.48574, -0.51451, 0.5019, 0.49742] angvel=[0.05667, 0.00675, -0.01018] linvel=[-0.00504, -0.00026, 0.0014] z=0.1062
[lowlevel-sim][GT] t=51.251 quat=[0.48594, -0.51427, 0.50172, 0.49766] angvel=[-0.0143, -0.01005, -0.00937] linvel=[-0.00246, -0.00264, 0.00474] z=0.1063
[lowlevel-sim][GT] t=51.301 quat=[0.4862, -0.51397, 0.50159, 0.49785] angvel=[0.05339, 0.02158, 0.00462] linvel=[-0.00287, 0.0015, -0.00204] z=0.1064
[lowlevel-sim][GT] t=51.351 quat=[0.48639, -0.51389, 0.50157, 0.49777] angvel=[-0.02349, -0.04141, -0.01622] linvel=[0.00454, -0.00295, 0.00341] z=0.1064
[lowlevel-sim] FAIL-CLOSED engaged at t=51.377s, last command age 85.55 ms (deadline <= 100 ms) PASS
[lowlevel-sim] COMMANDED at t=51.380s (was fail-closed)
[lowlevel-sim][GT] t=51.401 quat=[0.48633, -0.51395, 0.50186, 0.49747] angvel=[0.02903, 0.04826, 0.0165] linvel=[0.00429, 0.00058, 5e-05] z=0.1063
[lowlevel-sim][GT] t=51.451 quat=[0.4866, -0.51372, 0.50188, 0.49742] angvel=[-0.01245, 0.01968, -0.00829] linvel=[0.00268, -0.00116, 0.00228] z=0.1065
[lowlevel-sim] t=  51.50 mode=cmd        pd=30525 hold=10378 failclosed=195 rtf=0.258 base_z=+0.107 pitch=+1.540 roll=-3.121 |tau|max= 35.00 sat=2/29 knee_L=+0.272 hip_p_L=-0.106 torn=11060 cmd_age=28.4ms auth=154.0s rig_ign=1021 fix_base=0 sat_j=left_ankle_roll_joint:+35.0,right_ankle_roll_joint:-35.0
[lowlevel-sim][GT] t=51.501 quat=[0.48676, -0.51354, 0.50176, 0.49757] angvel=[0.00357, 0.02862, 0.02326] linvel=[0.00868, -0.0009, 0.00279] z=0.1066
[lowlevel-sim][GT] t=51.551 quat=[0.48668, -0.51358, 0.50182, 0.49756] angvel=[0.00846, 0.00451, -0.0101] linvel=[0.0046, -0.00276, 0.00263] z=0.1066
[lowlevel-sim][GT] t=51.601 quat=[0.48665, -0.51344, 0.50178, 0.49776] angvel=[0.02126, -0.03756, -0.00812] linvel=[0.00481, -0.00136, -0.00139] z=0.1066
[lowlevel-sim][GT] t=51.651 quat=[0.48663, -0.51349, 0.50183, 0.49768] angvel=[-0.02547, 0.02762, 0.03754] linvel=[0.00187, -0.00749, -6e-05] z=0.1066
[lowlevel-sim][GT] t=51.701 quat=[0.48662, -0.51349, 0.5017, 0.49782] angvel=[0.06929, -0.01102, -0.01889] linvel=[0.00246, 0.00322, -0.00421] z=0.1066
[lowlevel-sim][GT] t=51.751 quat=[0.48657, -0.51361, 0.50177, 0.49767] angvel=[-0.03246, 0.00288, 0.01489] linvel=[0.00298, -0.00604, 0.00223] z=0.1066
[lowlevel-sim][GT] t=51.801 quat=[0.48627, -0.51363, 0.50161, 0.49811] angvel=[0.05007, 0.0145, 0.02122] linvel=[0.00246, 0.00078, -0.00306] z=0.1066
[lowlevel-sim][GT] t=51.851 quat=[0.48607, -0.51376, 0.50163, 0.49816] angvel=[-0.04587, 0.0285, 0.03457] linvel=[-0.00409, -0.00664, 0.0028] z=0.1066
[lowlevel-sim][GT] t=51.901 quat=[0.4861, -0.51365, 0.50148, 0.49839] angvel=[0.03081, 0.02095, 0.0058] linvel=[0.00156, -0.00162, -0.00181] z=0.1066
[lowlevel-sim][GT] t=51.951 quat=[0.48618, -0.51368, 0.50156, 0.4982] angvel=[-0.02228, 0.01399, 0.01486] linvel=[0.00642, -0.00307, 0.00206] z=0.1066
[lowlevel-sim] t=  52.00 mode=cmd        pd=30775 hold=10378 failclosed=195 rtf=0.258 base_z=+0.107 pitch=+1.540 roll=+3.127 |tau|max= 35.00 sat=2/29 knee_L=+0.275 hip_p_L=-0.107 torn=11088 cmd_age=39.5ms auth=155.9s rig_ign=1021 fix_base=0 sat_j=left_ankle_roll_joint:+35.0,right_ankle_roll_joint:-35.0
[lowlevel-sim][GT] t=52.001 quat=[0.48612, -0.51363, 0.50146, 0.4984] angvel=[0.047, 0.02809, 0.00432] linvel=[0.00253, 0.00056, -0.00102] z=0.1066
[lowlevel-sim][GT] t=52.051 quat=[0.48622, -0.51359, 0.5015, 0.49831] angvel=[-0.03793, 0.02779, 0.00742] linvel=[0.00155, -0.00498, 0.00523] z=0.1067
[lowlevel-sim][GT] t=52.101 quat=[0.48634, -0.51342, 0.50149, 0.49837] angvel=[0.01018, 0.00942, -0.00241] linvel=[0.00294, -0.00041, 0.00021] z=0.1067
[lowlevel-sim][GT] t=52.151 quat=[0.48648, -0.51341, 0.50159, 0.49815] angvel=[-0.02817, -0.02974, -0.02308] linvel=[0.00525, -0.00605, 0.00372] z=0.1067
[lowlevel-sim][GT] t=52.201 quat=[0.48663, -0.5133, 0.50159, 0.49812] angvel=[0.0308, 0.0422, 0.01611] linvel=[0.00154, -0.00028, -0.00277] z=0.1067
[lowlevel-sim][GT] t=52.251 quat=[0.48652, -0.51336, 0.50159, 0.49816] angvel=[-0.01813, -0.01409, -0.03912] linvel=[-0.00148, -0.0038, 0.00267] z=0.1067
[lowlevel-sim][GT] t=52.301 quat=[0.48643, -0.5133, 0.50154, 0.49836] angvel=[-0.01067, 0.03526, 0.03382] linvel=[0.00092, -0.00134, 0.00055] z=0.1067
[lowlevel-sim][GT] t=52.351 quat=[0.48619, -0.51348, 0.50147, 0.49849] angvel=[-0.00372, 0.0057, 0.00692] linvel=[-0.00515, -0.0015, 0.00234] z=0.1067
[lowlevel-sim][GT] t=52.401 quat=[0.48604, -0.51346, 0.50136, 0.49876] angvel=[0.01334, 0.03302, -0.00354] linvel=[-0.00333, -0.00158, -0.00168] z=0.1068
[lowlevel-sim][GT] t=52.451 quat=[0.486, -0.51354, 0.50141, 0.49866] angvel=[-0.04398, 0.0041, 0.01923] linvel=[-0.00176, -0.00288, 0.00285] z=0.1067
[lowlevel-sim] t=  52.50 mode=cmd        pd=31025 hold=10378 failclosed=195 rtf=0.258 base_z=+0.107 pitch=+1.541 roll=+3.113 |tau|max= 35.00 sat=2/29 knee_L=+0.275 hip_p_L=-0.107 torn=11117 cmd_age=51.7ms auth=157.6s rig_ign=1021 fix_base=0 sat_j=left_ankle_roll_joint:+35.0,right_ankle_roll_joint:-35.0
[lowlevel-sim][GT] t=52.501 quat=[0.48611, -0.51345, 0.50145, 0.49861] angvel=[0.00642, 0.02489, 0.00084] linvel=[-0.00086, 4e-05, 0.00047] z=0.1067
[lowlevel-sim][GT] t=52.551 quat=[0.48623, -0.51352, 0.50152, 0.49834] angvel=[-0.02531, -0.00906, -0.02425] linvel=[0.00248, -0.0025, 0.0033] z=0.1067
[lowlevel-sim][GT] t=52.601 quat=[0.48639, -0.51348, 0.50153, 0.49823] angvel=[0.05109, 0.00047, -0.00385] linvel=[0.00363, -0.0011, -0.00185] z=0.1067
[lowlevel-sim][GT] t=52.651 quat=[0.48649, -0.51338, 0.50167, 0.4981] angvel=[-0.01846, -0.01312, 0.00781] linvel=[0.00403, -0.00545, 0.00099] z=0.1067
[lowlevel-sim][GT] t=52.701 quat=[0.48651, -0.51331, 0.50163, 0.49818] angvel=[0.07556, 0.00615, 3e-05] linvel=[-0.00076, 4e-05, -0.00307] z=0.1067
[lowlevel-sim][GT] t=52.751 quat=[0.48641, -0.51329, 0.5017, 0.49823] angvel=[-0.03416, -0.02468, 0.00206] linvel=[-0.00611, -0.00579, 0.00113] z=0.1068
[lowlevel-sim][GT] t=52.801 quat=[0.4864, -0.51322, 0.50155, 0.49846] angvel=[0.04206, 0.00577, -0.00297] linvel=[-0.00135, -0.00028, -0.00411] z=0.1068
[lowlevel-sim][GT] t=52.851 quat=[0.48642, -0.51334, 0.50163, 0.49825] angvel=[-0.0283, 0.01015, 0.00936] linvel=[-0.00156, -0.00576, 0.00145] z=0.1068
[lowlevel-sim][GT] t=52.901 quat=[0.48637, -0.51337, 0.50158, 0.49831] angvel=[0.04504, 0.00494, 0.00646] linvel=[-0.00137, 0.00318, -0.00155] z=0.1067
[lowlevel-sim][GT] t=52.951 quat=[0.48632, -0.51348, 0.50161, 0.49821] angvel=[-0.03649, -0.00027, 0.03428] linvel=[-0.00493, -0.00579, 0.00043] z=0.1067
[lowlevel-sim] t=  53.00 mode=cmd        pd=31275 hold=10378 failclosed=195 rtf=0.259 base_z=+0.107 pitch=+1.540 roll=+3.133 |tau|max= 35.00 sat=2/29 knee_L=+0.275 hip_p_L=-0.106 torn=11133 cmd_age=34.4ms auth=159.4s rig_ign=1021 fix_base=0 sat_j=left_ankle_roll_joint:+35.0,right_ankle_roll_joint:-35.0
[lowlevel-sim][GT] t=53.001 quat=[0.48631, -0.51354, 0.50147, 0.4983] angvel=[0.0221, 0.04217, 0.0057] linvel=[-0.00065, -0.00098, -0.00211] z=0.1067
[lowlevel-sim][GT] t=53.051 quat=[0.48616, -0.51363, 0.50148, 0.49835] angvel=[-0.01139, 0.01077, 0.05163] linvel=[0.00228, -0.00456, -0.00144] z=0.1067
[lowlevel-sim][GT] t=53.101 quat=[0.48609, -0.51362, 0.50145, 0.49846] angvel=[0.00744, 0.00693, -0.00475] linvel=[-0.00269, -0.00099, -0.00116] z=0.1066
[lowlevel-sim][GT] t=53.151 quat=[0.48604, -0.51373, 0.50147, 0.49837] angvel=[-0.03497, 0.01795, 0.02784] linvel=[0.00428, -0.00834, 0.00219] z=0.1067
[lowlevel-sim][GT] t=53.201 quat=[0.48619, -0.51364, 0.50136, 0.49844] angvel=[-0.0086, -0.007, 0.00088] linvel=[0.00254, 0.00138, 0.00448] z=0.1067
[lowlevel-sim][GT] t=53.251 quat=[0.48622, -0.5136, 0.50128, 0.49852] angvel=[-0.03383, -0.00956, -0.01667] linvel=[0.00258, -0.00463, 0.00252] z=0.1068
[lowlevel-sim][GT] t=53.301 quat=[0.4864, -0.51352, 0.50125, 0.49846] angvel=[-0.01673, 0.02865, 0.00172] linvel=[0.00581, -0.00203, 0.00422] z=0.1068
[lowlevel-sim][GT] t=53.351 quat=[0.48634, -0.5135, 0.50125, 0.49855] angvel=[-0.03551, 0.00395, 0.02188] linvel=[0.00231, -0.00532, 0.00195] z=0.1068
[lowlevel-sim][GT] t=53.401 quat=[0.48636, -0.51337, 0.50121, 0.49869] angvel=[0.02416, 0.01017, -0.00189] linvel=[0.00291, -0.00015, -0.00071] z=0.1069
[lowlevel-sim][GT] t=53.451 quat=[0.4863, -0.51341, 0.50134, 0.49858] angvel=[-0.02353, -0.00932, -0.00081] linvel=[0.00115, -0.00313, -0.00069] z=0.1068
[lowlevel-sim] t=  53.50 mode=cmd        pd=31525 hold=10378 failclosed=195 rtf=0.259 base_z=+0.107 pitch=+1.541 roll=+3.127 |tau|max= 35.00 sat=2/29 knee_L=+0.275 hip_p_L=-0.106 torn=11148 cmd_age=41.1ms auth=161.3s rig_ign=1021 fix_base=0 sat_j=left_ankle_roll_joint:+35.0,right_ankle_roll_joint:-35.0
[lowlevel-sim][GT] t=53.501 quat=[0.48642, -0.51336, 0.5013, 0.49856] angvel=[0.04502, -0.01653, -0.01324] linvel=[-0.00063, 3e-05, -0.00309] z=0.1068
[lowlevel-sim][GT] t=53.551 quat=[0.4863, -0.5134, 0.50147, 0.49847] angvel=[-0.01007, 0.01526, -0.00826] linvel=[0.00161, -0.00227, 0.00202] z=0.1068
[lowlevel-sim][GT] t=53.601 quat=[0.48631, -0.51334, 0.50146, 0.49852] angvel=[-0.0596, 0.10411, 0.04378] linvel=[0.00628, -0.00526, 0.00663] z=0.1068
[lowlevel-sim][GT] t=53.651 quat=[0.48626, -0.51339, 0.50155, 0.49843] angvel=[-0.04197, 0.02535, 0.0407] linvel=[0.00609, -0.00845, 0.00203] z=0.1068
[lowlevel-sim][GT] t=53.701 quat=[0.48644, -0.51326, 0.50158, 0.49835] angvel=[0.01693, 0.03004, -0.01571] linvel=[0.00243, 8e-05, -0.00149] z=0.1068
[lowlevel-sim][GT] t=53.751 quat=[0.48655, -0.51324, 0.50169, 0.49815] angvel=[-0.02644, -0.0733, -0.05092] linvel=[0.00172, -0.008, -0.00054] z=0.1068
[lowlevel-sim][GT] t=53.801 quat=[0.4866, -0.51318, 0.5017, 0.49816] angvel=[0.03734, 0.05095, 0.01753] linvel=[0.00679, 0.00155, -0.00138] z=0.1068
[lowlevel-sim][GT] t=53.851 quat=[0.48643, -0.51326, 0.50175, 0.49818] angvel=[-0.01303, 0.02167, 0.04093] linvel=[0.00354, -0.00767, 0.0008] z=0.1067
[lowlevel-sim][GT] t=53.901 quat=[0.48627, -0.51317, 0.50177, 0.49841] angvel=[0.0283, 0.02711, 0.00464] linvel=[-0.0036, -0.00106, -0.00018] z=0.1067
[lowlevel-sim][GT] t=53.951 quat=[0.48637, -0.51321, 0.50183, 0.49822] angvel=[-0.02459, 0.00277, -0.01352] linvel=[-0.0039, -0.00302, 0.00115] z=0.1067
[lowlevel-sim] t=  54.00 mode=cmd        pd=31775 hold=10378 failclosed=195 rtf=0.259 base_z=+0.107 pitch=+1.541 roll=+3.109 |tau|max= 35.00 sat=2/29 knee_L=+0.275 hip_p_L=-0.107 torn=11171 cmd_age=37.5ms auth=163.4s rig_ign=1021 fix_base=0 sat_j=left_ankle_roll_joint:+35.0,right_ankle_roll_joint:-35.0
[lowlevel-sim][GT] t=54.001 quat=[0.48632, -0.51316, 0.50178, 0.49837] angvel=[-0.00692, 0.0128, 0.02069] linvel=[-0.00116, -0.00358, -0.00076] z=0.1067
[lowlevel-sim][GT] t=54.051 quat=[0.48638, -0.51322, 0.50182, 0.49822] angvel=[-0.00292, 0.01307, -0.01305] linvel=[-0.00581, -0.00277, 0.0015] z=0.1067
[lowlevel-sim][GT] t=54.101 quat=[0.48632, -0.51323, 0.50164, 0.49844] angvel=[-0.03869, 0.052, 0.01208] linvel=[0.00094, -0.00305, 0.00367] z=0.1067
[lowlevel-sim][GT] t=54.151 quat=[0.48639, -0.51325, 0.50178, 0.49822] angvel=[-0.02314, 0.0321, 0.04011] linvel=[-0.00012, -0.00517, 0.00181] z=0.1067
[lowlevel-sim][GT] t=54.201 quat=[0.48643, -0.51314, 0.50178, 0.49829] angvel=[0.02627, 0.02183, 0.00288] linvel=[-0.00198, -0.00141, -0.0019] z=0.1067
[lowlevel-sim][GT] t=54.251 quat=[0.48652, -0.51312, 0.50186, 0.49814] angvel=[-0.01499, -0.0024, -0.02047] linvel=[-0.00302, -0.00544, -0.00433] z=0.1067
[lowlevel-sim][GT] t=54.301 quat=[0.48661, -0.51312, 0.50181, 0.49811] angvel=[0.02115, -0.00311, -0.00035] linvel=[0.00121, -0.00455, -0.00225] z=0.1067
[lowlevel-sim][GT] t=54.351 quat=[0.48656, -0.51318, 0.50179, 0.4981] angvel=[0.00858, -0.01219, -0.0021] linvel=[-0.00583, -0.00676, -0.00072] z=0.1067
[lowlevel-sim] FAIL-CLOSED engaged at t=54.360s, last command age 101.23 ms (deadline <= 100 ms) FAIL
[lowlevel-sim] COMMANDED at t=54.362s (was fail-closed)
[lowlevel-sim] FAIL-CLOSED engaged at t=54.383s, last command age 87.41 ms (deadline <= 100 ms) PASS
[lowlevel-sim] COMMANDED at t=54.392s (was fail-closed)
[lowlevel-sim][GT] t=54.401 quat=[0.4853, -0.51436, 0.50295, 0.49695] angvel=[-0.02956, -0.05415, -0.01919] linvel=[-0.00476, -0.0041, -0.00239] z=0.1061
[lowlevel-sim][GT] t=54.451 quat=[0.48583, -0.51393, 0.50251, 0.49731] angvel=[-0.02794, -0.02212, -0.03798] linvel=[-0.01076, -0.00913, 0.00761] z=0.1063
[lowlevel-sim] FAIL-CLOSED engaged at t=54.476s, last command age 86.50 ms (deadline <= 100 ms) PASS
[lowlevel-sim] COMMANDED at t=54.480s (was fail-closed)
[lowlevel-sim] FAIL-CLOSED engaged at t=54.495s, last command age 86.25 ms (deadline <= 100 ms) PASS
[lowlevel-sim] t=  54.50 mode=FAILCLOSED pd=32035 hold=10378 failclosed=214 rtf=0.258 base_z=+0.106 pitch=+1.536 roll=+3.139 |tau|max= 35.00 sat=2/29 knee_L=+0.273 hip_p_L=-0.110 torn=11189 cmd_age=125.9ms auth=165.4s rig_ign=1021 fix_base=0 sat_j=left_ankle_roll_joint:-35.0,right_ankle_roll_joint:+35.0
[lowlevel-sim] COMMANDED at t=54.500s (was fail-closed)
[lowlevel-sim][GT] t=54.501 quat=[0.48558, -0.51436, 0.50293, 0.4967] angvel=[-0.19572, -0.00058, -0.01561] linvel=[-0.00722, -0.00327, -0.02146] z=0.1060
[lowlevel-sim] FAIL-CLOSED engaged at t=54.540s, last command age 87.25 ms (deadline <= 100 ms) PASS
[lowlevel-sim] COMMANDED at t=54.550s (was fail-closed)
[lowlevel-sim][GT] t=54.551 quat=[0.48495, -0.51498, 0.50361, 0.49598] angvel=[-0.65414, -0.11373, -0.01037] linvel=[-0.00225, -0.01444, -0.00544] z=0.1056
[lowlevel-sim][GT] t=54.601 quat=[0.48541, -0.51458, 0.50314, 0.49643] angvel=[0.05604, -0.01248, -0.01445] linvel=[-0.00287, -0.0051, 0.00371] z=0.1058
[lowlevel-sim][GT] t=54.651 quat=[0.48613, -0.51392, 0.50249, 0.49706] angvel=[0.05009, -0.08521, -0.026] linvel=[-0.00649, 0.00086, 0.00182] z=0.1062
[lowlevel-sim][GT] t=54.701 quat=[0.48636, -0.51368, 0.50237, 0.49721] angvel=[0.00047, -0.00309, -0.01842] linvel=[0.00015, -0.0065, 0.00246] z=0.1063
[lowlevel-sim][GT] t=54.751 quat=[0.4866, -0.51357, 0.50215, 0.49731] angvel=[0.01174, -0.12462, -0.04711] linvel=[0.00202, -0.0016, 0.00232] z=0.1064
[lowlevel-sim][GT] t=54.801 quat=[0.48668, -0.51343, 0.50212, 0.4974] angvel=[-0.02609, -0.01893, -0.01107] linvel=[0.00572, -0.00397, 0.00432] z=0.1065
[lowlevel-sim][GT] t=54.851 quat=[0.48681, -0.51324, 0.50204, 0.49754] angvel=[0.01655, 0.03706, -8e-05] linvel=[0.00225, 0.00015, 0.00259] z=0.1066
[lowlevel-sim][GT] t=54.901 quat=[0.48688, -0.51324, 0.50197, 0.49755] angvel=[-0.03597, -0.02056, -0.03312] linvel=[0.00468, -0.00422, 0.00132] z=0.1066
[lowlevel-sim][GT] t=54.951 quat=[0.4869, -0.51333, 0.50188, 0.49753] angvel=[-0.06245, 0.00166, 0.02764] linvel=[0.00788, -0.00382, 0.00544] z=0.1066
[lowlevel-sim] t=  55.00 mode=cmd        pd=32289 hold=10378 failclosed=223 rtf=0.258 base_z=+0.107 pitch=+1.540 roll=-3.140 |tau|max=  9.63 sat=0/29 knee_L=+0.275 hip_p_L=-0.107 torn=11222 cmd_age=27.2ms auth=167.3s rig_ign=1021 fix_base=0
[lowlevel-sim][GT] t=55.001 quat=[0.48669, -0.51334, 0.50197, 0.49764] angvel=[-0.02898, -0.02668, 0.02823] linvel=[0.00047, -0.00644, 0.00351] z=0.1066
[lowlevel-sim][GT] t=55.051 quat=[0.48664, -0.51337, 0.50185, 0.49778] angvel=[0.04543, -0.00398, -0.00379] linvel=[0.0029, 0.00056, -0.00416] z=0.1066
[lowlevel-sim][GT] t=55.101 quat=[0.48646, -0.51341, 0.50181, 0.49795] angvel=[-0.04291, 0.01681, -0.00601] linvel=[0.00169, -0.00452, 0.00364] z=0.1067
[lowlevel-sim][GT] t=55.151 quat=[0.4865, -0.51337, 0.50167, 0.4981] angvel=[0.05458, 0.03268, 0.01485] linvel=[0.00071, -6e-05, -0.00437] z=0.1067
[lowlevel-sim][GT] t=55.201 quat=[0.48623, -0.51343, 0.50164, 0.49832] angvel=[-0.01567, 0.02638, 0.03896] linvel=[0.00137, -0.00786, -0.00156] z=0.1067
[lowlevel-sim][GT] t=55.251 quat=[0.48646, -0.51325, 0.50161, 0.49832] angvel=[-0.05049, 0.00095, 0.00921] linvel=[0.00214, -0.00368, 0.00485] z=0.1068
[lowlevel-sim][GT] t=55.301 quat=[0.48666, -0.51319, 0.50168, 0.49812] angvel=[-0.01602, -0.06187, -0.0242] linvel=[0.00476, -0.00338, 0.00337] z=0.1069
[lowlevel-sim][GT] t=55.351 quat=[0.48695, -0.51299, 0.50157, 0.49815] angvel=[0.06505, 0.00628, -0.01501] linvel=[0.00241, 0.00227, -0.00318] z=0.1069
[lowlevel-sim][GT] t=55.401 quat=[0.48686, -0.51306, 0.50163, 0.4981] angvel=[-0.00399, -0.02429, -0.02667] linvel=[-0.00289, -0.00577, -0.00046] z=0.1069
[lowlevel-sim][GT] t=55.451 quat=[0.4867, -0.51311, 0.50155, 0.49829] angvel=[0.02943, 0.0033, -0.00075] linvel=[-0.00199, -0.0037, -0.00105] z=0.1069
[lowlevel-sim] t=  55.50 mode=cmd        pd=32539 hold=10378 failclosed=223 rtf=0.259 base_z=+0.107 pitch=+1.541 roll=+3.120 |tau|max=  9.12 sat=0/29 knee_L=+0.277 hip_p_L=-0.107 torn=11246 cmd_age=22.8ms auth=169.1s rig_ign=1021 fix_base=0
[lowlevel-sim][GT] t=55.501 quat=[0.48658, -0.5131, 0.5017, 0.49826] angvel=[-0.05492, -0.01673, -0.00068] linvel=[-0.0029, -0.00436, 0.00304] z=0.1069
[lowlevel-sim][GT] t=55.551 quat=[0.48685, -0.51307, 0.50172, 0.49802] angvel=[0.00696, -0.02384, -0.01113] linvel=[-0.00041, 0.00205, 0.00175] z=0.1069
[lowlevel-sim][GT] t=55.601 quat=[0.48693, -0.51302, 0.50183, 0.49788] angvel=[-0.01277, 0.01318, 0.00698] linvel=[0.00208, -0.00529, -0.00046] z=0.1069
[lowlevel-sim][GT] t=55.651 quat=[0.48706, -0.51303, 0.5017, 0.49786] angvel=[0.0193, 0.04898, 0.03604] linvel=[0.00523, -0.00157, 0.00048] z=0.1069
[lowlevel-sim][GT] t=55.701 quat=[0.48705, -0.51316, 0.50171, 0.49773] angvel=[-0.04636, -0.00703, -0.00551] linvel=[0.00015, -0.0033, 0.00273] z=0.1069
[lowlevel-sim][GT] t=55.751 quat=[0.48709, -0.51295, 0.50178, 0.49783] angvel=[-0.02263, -0.01593, -0.03466] linvel=[0.00294, -0.00438, 0.00305] z=0.1069
[lowlevel-sim][GT] t=55.801 quat=[0.48703, -0.51307, 0.50194, 0.49761] angvel=[-0.0464, -0.01435, 0.00202] linvel=[0.00538, -0.00512, 0.0029] z=0.1069
[lowlevel-sim][GT] t=55.851 quat=[0.48705, -0.51294, 0.50182, 0.49785] angvel=[-0.04542, 0.04761, 0.02067] linvel=[0.00267, -0.00355, 0.00593] z=0.1069
[lowlevel-sim][GT] t=55.901 quat=[0.48701, -0.51297, 0.50177, 0.49791] angvel=[-0.0325, -0.05951, -0.02864] linvel=[0.00272, -0.00309, 0.00316] z=0.1069
[lowlevel-sim][GT] t=55.951 quat=[0.48717, -0.51292, 0.50184, 0.49773] angvel=[-0.0055, 0.01801, -0.0045] linvel=[-1e-05, -0.00333, 0.00078] z=0.1069
[lowlevel-sim] t=  56.00 mode=cmd        pd=32789 hold=10378 failclosed=223 rtf=0.259 base_z=+0.107 pitch=+1.541 roll=-3.140 |tau|max=  9.68 sat=0/29 knee_L=+0.277 hip_p_L=-0.107 torn=11263 cmd_age=26.9ms auth=170.6s rig_ign=1021 fix_base=0
[lowlevel-sim][GT] t=56.001 quat=[0.48716, -0.51286, 0.5019, 0.49775] angvel=[-0.0132, -0.00083, -0.01698] linvel=[0.00042, -0.00585, -0.00152] z=0.1070
[lowlevel-sim][GT] t=56.051 quat=[0.4871, -0.5129, 0.50184, 0.49782] angvel=[0.00947, 0.03648, 0.01594] linvel=[0.0023, -0.00109, -0.00157] z=0.1069
[lowlevel-sim][GT] t=56.101 quat=[0.48683, -0.51299, 0.50191, 0.49791] angvel=[-0.04439, 0.01158, 0.00322] linvel=[-0.00353, -0.00646, 0.00354] z=0.1069
[lowlevel-sim][GT] t=56.151 quat=[0.48689, -0.51287, 0.5019, 0.498] angvel=[0.05904, 0.00608, -0.00539] linvel=[0.00011, 3e-05, -0.00286] z=0.1069
[lowlevel-sim][GT] t=56.201 quat=[0.48686, -0.51288, 0.50195, 0.49796] angvel=[-0.003, -0.01186, -0.00416] linvel=[-0.00187, -0.00289, -0.00022] z=0.1069
[lowlevel-sim][GT] t=56.251 quat=[0.48703, -0.51279, 0.50188, 0.49796] angvel=[-0.08548, -0.09171, -0.02131] linvel=[-0.00631, -0.00529, 0.00855] z=0.1069
[lowlevel-sim][GT] t=56.301 quat=[0.48694, -0.51294, 0.50199, 0.49779] angvel=[-0.02928, 0.00843, -0.00701] linvel=[0.00098, -0.00368, 0.00126] z=0.1069
[lowlevel-sim][GT] t=56.351 quat=[0.48708, -0.5129, 0.50183, 0.49785] angvel=[0.00927, 0.01639, 0.01343] linvel=[0.00239, -0.00398, 0.00038] z=0.1069
[lowlevel-sim][GT] t=56.401 quat=[0.48694, -0.51292, 0.50181, 0.49798] angvel=[-0.02729, -0.00688, 0.00851] linvel=[0.0009, -0.00375, 0.00289] z=0.1069
[lowlevel-sim][GT] t=56.451 quat=[0.48678, -0.51309, 0.50171, 0.49807] angvel=[-0.01081, 0.03639, 0.06467] linvel=[0.00386, -0.00494, 0.00285] z=0.1069
[lowlevel-sim] t=  56.50 mode=cmd        pd=33039 hold=10378 failclosed=223 rtf=0.259 base_z=+0.107 pitch=+1.541 roll=+3.125 |tau|max=  9.61 sat=0/29 knee_L=+0.277 hip_p_L=-0.108 torn=11282 cmd_age=31.0ms auth=172.3s rig_ign=1021 fix_base=0
[lowlevel-sim][GT] t=56.501 quat=[0.48661, -0.5131, 0.50174, 0.49819] angvel=[-0.02935, 0.04444, 0.05899] linvel=[0.00128, -0.00633, 0.00031] z=0.1070
[lowlevel-sim][GT] t=56.551 quat=[0.48661, -0.51306, 0.50165, 0.49832] angvel=[-0.10615, 0.0255, -0.01014] linvel=[0.00459, -0.00564, 0.00731] z=0.1070
[lowlevel-sim][GT] t=56.601 quat=[0.48669, -0.513, 0.50177, 0.49819] angvel=[-0.03506, 0.02506, -0.00119] linvel=[-0.00347, -0.00288, 0.00274] z=0.1070
[lowlevel-sim][GT] t=56.651 quat=[0.48679, -0.51294, 0.50175, 0.49817] angvel=[-0.05135, -0.10149, -0.02166] linvel=[-0.00419, -0.00388, 0.00401] z=0.1070
[lowlevel-sim][GT] t=56.701 quat=[0.48686, -0.51297, 0.50184, 0.49798] angvel=[-0.01726, 0.01808, 0.00564] linvel=[-0.00017, -0.00803, 0.00381] z=0.1070
[lowlevel-sim][GT] t=56.751 quat=[0.48694, -0.51293, 0.50174, 0.49804] angvel=[-0.02568, 0.01731, 0.01516] linvel=[0.00065, -0.00414, 0.00225] z=0.1070
[lowlevel-sim][GT] t=56.801 quat=[0.48706, -0.51299, 0.50181, 0.49779] angvel=[-0.01591, -0.00912, -0.00111] linvel=[0.00342, -0.00373, 0.00173] z=0.1070
[lowlevel-sim][GT] t=56.851 quat=[0.48699, -0.51301, 0.50177, 0.49789] angvel=[-0.0407, -0.05115, -0.00024] linvel=[-0.00076, -0.00509, 0.00315] z=0.1070
[lowlevel-sim][GT] t=56.901 quat=[0.48688, -0.51307, 0.50174, 0.49796] angvel=[-0.01872, -0.00804, 0.01734] linvel=[0.0014, -0.00418, 0.00038] z=0.1070
[lowlevel-sim][GT] t=56.951 quat=[0.48699, -0.51298, 0.50164, 0.49804] angvel=[0.01084, 0.02381, 0.00244] linvel=[-0.00212, 0.00024, 0.00119] z=0.1070
[lowlevel-sim] t=  57.00 mode=cmd        pd=33289 hold=10378 failclosed=223 rtf=0.260 base_z=+0.107 pitch=+1.541 roll=+3.141 |tau|max=  9.67 sat=0/29 knee_L=+0.277 hip_p_L=-0.107 torn=11306 cmd_age=45.7ms auth=173.8s rig_ign=1021 fix_base=0
[lowlevel-sim][GT] t=57.001 quat=[0.48708, -0.51291, 0.50164, 0.49803] angvel=[-0.01335, -0.01155, -0.02975] linvel=[-0.00096, -0.00665, -0.00082] z=0.1071
[lowlevel-sim][GT] t=57.051 quat=[0.48703, -0.51288, 0.50163, 0.49812] angvel=[0.02428, -0.06385, -0.00611] linvel=[-0.00153, -0.00022, -0.00235] z=0.1070
[lowlevel-sim][GT] t=57.101 quat=[0.48686, -0.51299, 0.50167, 0.49813] angvel=[-0.0272, 0.00155, 0.00324] linvel=[-0.00335, -0.00844, 0.00347] z=0.1071
[lowlevel-sim][GT] t=57.151 quat=[0.48684, -0.51286, 0.50169, 0.49827] angvel=[-0.04595, 0.02099, 0.00879] linvel=[-0.0017, -0.00347, 0.00028] z=0.1070
[lowlevel-sim][GT] t=57.201 quat=[0.48693, -0.51295, 0.5017, 0.49807] angvel=[-0.04364, 0.00087, -0.00091] linvel=[-0.00437, -0.00977, 0.00348] z=0.1071
[lowlevel-sim][GT] t=57.251 quat=[0.4869, -0.51296, 0.50159, 0.49821] angvel=[-0.00916, -0.01426, 0.00529] linvel=[-0.00573, -0.00135, 0.00124] z=0.1070
[lowlevel-sim][GT] t=57.301 quat=[0.48672, -0.5131, 0.50169, 0.49814] angvel=[-0.00967, -0.07432, -0.06838] linvel=[-0.00942, -0.00694, -0.00014] z=0.1070
[lowlevel-sim][GT] t=57.351 quat=[0.48667, -0.51308, 0.50162, 0.49828] angvel=[0.02834, 0.02497, 0.0042] linvel=[-0.00334, -0.0031, 4e-05] z=0.1070
[lowlevel-sim][GT] t=57.401 quat=[0.48665, -0.51312, 0.50164, 0.49823] angvel=[-0.02579, -0.04973, 0.01578] linvel=[-0.00148, -0.00399, 0.00242] z=0.1070
[lowlevel-sim][GT] t=57.451 quat=[0.48678, -0.51315, 0.50161, 0.49812] angvel=[0.03892, 0.0368, 0.00461] linvel=[0.00191, 0.00208, -0.00248] z=0.1070
[lowlevel-sim] t=  57.50 mode=cmd        pd=33539 hold=10378 failclosed=223 rtf=0.260 base_z=+0.107 pitch=+1.541 roll=+3.135 |tau|max=  9.14 sat=0/29 knee_L=+0.277 hip_p_L=-0.107 torn=11337 cmd_age=24.0ms auth=175.5s rig_ign=1021 fix_base=0
[lowlevel-sim][GT] t=57.501 quat=[0.48666, -0.51323, 0.50158, 0.49817] angvel=[0.00143, 0.0071, -0.02439] linvel=[-0.00403, -0.00573, -0.00248] z=0.1070
[lowlevel-sim][GT] t=57.551 quat=[0.4867, -0.5132, 0.50155, 0.4982] angvel=[0.03382, 0.03891, 0.01844] linvel=[-0.00162, -0.00109, -0.00086] z=0.1070
[lowlevel-sim][GT] t=57.601 quat=[0.48669, -0.5132, 0.50146, 0.49829] angvel=[-0.00521, 0.01129, -2e-05] linvel=[-0.00174, -0.00379, 0.00193] z=0.1071
[lowlevel-sim][GT] t=57.651 quat=[0.48674, -0.51311, 0.50138, 0.49842] angvel=[-0.05868, -0.0186, -0.00628] linvel=[-0.0021, -0.00424, 0.00318] z=0.1071
[lowlevel-sim][GT] t=57.701 quat=[0.48686, -0.51306, 0.5014, 0.49833] angvel=[-0.00639, 0.00321, -0.00785] linvel=[0.00087, -0.00506, -0.00105] z=0.1071
[lowlevel-sim][GT] t=57.751 quat=[0.48693, -0.51302, 0.50147, 0.49824] angvel=[-0.05866, -0.09758, -0.04275] linvel=[-0.00195, -0.00438, 0.00705] z=0.1071
[lowlevel-sim][GT] t=57.801 quat=[0.48718, -0.51298, 0.50159, 0.49791] angvel=[-0.01281, 0.01804, -0.0056] linvel=[0.00246, -0.00319, 0.00046] z=0.1071
[lowlevel-sim][GT] t=57.851 quat=[0.48726, -0.51297, 0.5015, 0.49793] angvel=[0.00571, 0.01873, 0.00411] linvel=[0.00205, -0.00103, 0.00127] z=0.1071
[lowlevel-sim][GT] t=57.901 quat=[0.48715, -0.5131, 0.50161, 0.49779] angvel=[-0.00874, -0.01437, -0.01047] linvel=[0.00659, -0.00577, 0.00106] z=0.1071
[lowlevel-sim][GT] t=57.951 quat=[0.48695, -0.51308, 0.50158, 0.49804] angvel=[0.01708, 0.0334, 0.00916] linvel=[0.00614, -0.0026, -0.00166] z=0.1071
[lowlevel-sim] t=  58.00 mode=cmd        pd=33789 hold=10378 failclosed=223 rtf=0.260 base_z=+0.107 pitch=+1.541 roll=+3.133 |tau|max=  8.67 sat=0/29 knee_L=+0.278 hip_p_L=-0.108 torn=11360 cmd_age=30.9ms auth=177.3s rig_ign=1021 fix_base=0
[lowlevel-sim][GT] t=58.001 quat=[0.48672, -0.51315, 0.50153, 0.49825] angvel=[-0.01708, -0.00355, -0.00013] linvel=[0.00225, -0.00522, -0.00072] z=0.1071
[lowlevel-sim][GT] t=58.051 quat=[0.48667, -0.51315, 0.50152, 0.4983] angvel=[0.02821, 0.02493, 0.00558] linvel=[0.00244, 0.00103, 0.00169] z=0.1070
[lowlevel-sim][GT] t=58.101 quat=[0.48673, -0.5132, 0.50146, 0.49825] angvel=[0.0103, -0.00592, -0.02925] linvel=[-0.00111, -0.00507, -0.00271] z=0.1071
[lowlevel-sim][GT] t=58.151 quat=[0.48681, -0.51316, 0.50144, 0.49823] angvel=[-0.02535, -0.02452, -0.00522] linvel=[0.00563, -0.00278, 0.00458] z=0.1071
[lowlevel-sim][GT] t=58.201 quat=[0.4868, -0.51306, 0.50149, 0.49831] angvel=[-0.01849, -0.03331, -0.02367] linvel=[-0.00173, -0.00825, 0.00094] z=0.1071
[lowlevel-sim][GT] t=58.251 quat=[0.48671, -0.51295, 0.50156, 0.49843] angvel=[-0.04658, 0.05066, 0.01739] linvel=[0.00225, -0.00416, 0.00618] z=0.1071
[lowlevel-sim][GT] t=58.301 quat=[0.48666, -0.5131, 0.50167, 0.49822] angvel=[-0.02418, -0.00142, 0.00146] linvel=[0.0009, -0.00475, 0.00202] z=0.1071
[lowlevel-sim][GT] t=58.351 quat=[0.48694, -0.513, 0.50157, 0.49814] angvel=[-0.00058, -0.03029, -0.0084] linvel=[0.00402, -0.00356, 0.00279] z=0.1071
[lowlevel-sim][GT] t=58.401 quat=[0.48705, -0.51299, 0.50162, 0.498] angvel=[-0.00402, 0.0015, 0.00679] linvel=[0.00162, -0.00234, 0.00073] z=0.1071
[lowlevel-sim][GT] t=58.451 quat=[0.48718, -0.51294, 0.50155, 0.49799] angvel=[-0.02747, -0.05285, -0.02473] linvel=[0.00053, -0.00187, 0.00426] z=0.1071
[lowlevel-sim] t=  58.50 mode=cmd        pd=34039 hold=10378 failclosed=223 rtf=0.261 base_z=+0.107 pitch=+1.541 roll=-3.134 |tau|max=  9.37 sat=0/29 knee_L=+0.278 hip_p_L=-0.107 torn=11388 cmd_age=25.5ms auth=178.9s rig_ign=1021 fix_base=0
[lowlevel-sim][GT] t=58.501 quat=[0.48712, -0.51298, 0.50166, 0.4979] angvel=[-0.03226, 0.0003, -0.00275] linvel=[0.00386, -0.00644, 0.00137] z=0.1071
[lowlevel-sim][GT] t=58.551 quat=[0.48706, -0.51289, 0.50166, 0.49806] angvel=[-0.05679, -0.0098, -0.01431] linvel=[0.00289, -0.00564, 0.00446] z=0.1071
[lowlevel-sim][GT] t=58.601 quat=[0.48698, -0.51306, 0.50173, 0.49789] angvel=[-0.04693, -0.0102, -0.00135] linvel=[0.00497, -0.00716, 0.00349] z=0.1071
[lowlevel-sim][GT] t=58.651 quat=[0.48698, -0.513, 0.50164, 0.49803] angvel=[-0.02674, -0.04671, -0.03766] linvel=[0.00226, -0.00486, 0.00349] z=0.1071
[lowlevel-sim][GT] t=58.701 quat=[0.48697, -0.51297, 0.50167, 0.49804] angvel=[-0.01353, -0.003, 0.02587] linvel=[0.00164, -0.00319, 0.00335] z=0.1071
[lowlevel-sim][GT] t=58.751 quat=[0.48706, -0.51289, 0.50148, 0.49823] angvel=[0.03061, 0.06682, 0.01128] linvel=[0.00146, -0.00063, -0.00228] z=0.1072
[lowlevel-sim][GT] t=58.801 quat=[0.48691, -0.51301, 0.50149, 0.49823] angvel=[-0.03836, 0.00913, 0.04583] linvel=[0.00221, -0.00967, 0.00024] z=0.1072
[lowlevel-sim][GT] t=58.851 quat=[0.48676, -0.51292, 0.50145, 0.49852] angvel=[-0.02818, 0.04123, 0.02627] linvel=[0.00086, -0.00393, -0.00018] z=0.1072
[lowlevel-sim][GT] t=58.901 quat=[0.4866, -0.51309, 0.50143, 0.49853] angvel=[-0.024, 0.00091, 0.00331] linvel=[-0.00371, -0.00333, 0.00048] z=0.1072
[lowlevel-sim][GT] t=58.951 quat=[0.48667, -0.51306, 0.50146, 0.49846] angvel=[0.04305, 0.00407, -0.00601] linvel=[-0.00214, -0.00199, -0.00273] z=0.1071
[lowlevel-sim] t=  59.00 mode=cmd        pd=34289 hold=10378 failclosed=223 rtf=0.261 base_z=+0.107 pitch=+1.541 roll=+3.129 |tau|max=  8.64 sat=0/29 knee_L=+0.278 hip_p_L=-0.108 torn=11409 cmd_age=22.2ms auth=180.4s rig_ign=1021 fix_base=0
[lowlevel-sim][GT] t=59.001 quat=[0.48675, -0.51307, 0.50171, 0.49812] angvel=[-0.04661, -0.01935, -0.00914] linvel=[-0.00172, -0.0017, 0.00277] z=0.1071
[lowlevel-sim][GT] t=59.051 quat=[0.48703, -0.51294, 0.50169, 0.498] angvel=[0.00076, -0.05657, -0.01951] linvel=[0.00345, -0.0044, 0.00231] z=0.1071
[lowlevel-sim][GT] t=59.101 quat=[0.48713, -0.51296, 0.50178, 0.4978] angvel=[-0.0314, -0.0092, -0.00762] linvel=[-0.00108, -0.00895, 0.00068] z=0.1071
[lowlevel-sim][GT] t=59.151 quat=[0.4873, -0.51281, 0.50167, 0.49789] angvel=[-0.00607, 0.03908, 0.00261] linvel=[0.00318, -0.00371, 0.0048] z=0.1071
[lowlevel-sim][GT] t=59.201 quat=[0.48717, -0.51298, 0.50169, 0.49783] angvel=[-0.01416, -0.02728, -0.01889] linvel=[0.0006, -0.00469, 0.00305] z=0.1071
[lowlevel-sim][GT] t=59.251 quat=[0.48714, -0.51299, 0.5015, 0.49803] angvel=[0.03709, 0.04216, 0.01897] linvel=[-0.00312, 0.00316, -0.0025] z=0.1071
[lowlevel-sim][GT] t=59.301 quat=[0.48699, -0.51308, 0.50144, 0.49815] angvel=[-0.01793, 0.00381, -0.00503] linvel=[-0.0035, -0.00534, -0.0009] z=0.1072
[lowlevel-sim][GT] t=59.351 quat=[0.48685, -0.51306, 0.50131, 0.49844] angvel=[0.00575, 0.05479, 0.00399] linvel=[-0.0053, -0.00384, -0.00135] z=0.1072
[lowlevel-sim][GT] t=59.401 quat=[0.48663, -0.51314, 0.5013, 0.49857] angvel=[-0.01492, 0.02192, 0.02381] linvel=[-0.0067, -0.00946, 0.00268] z=0.1072
[lowlevel-sim][GT] t=59.451 quat=[0.48649, -0.5132, 0.50118, 0.49877] angvel=[0.0547, 0.05183, 0.03235] linvel=[-0.00221, -0.00175, -0.00513] z=0.1072
[lowlevel-sim] t=  59.50 mode=cmd        pd=34539 hold=10378 failclosed=223 rtf=0.261 base_z=+0.107 pitch=+1.541 roll=+3.124 |tau|max=  8.47 sat=0/29 knee_L=+0.279 hip_p_L=-0.108 torn=11435 cmd_age=35.8ms auth=182.3s rig_ign=1021 fix_base=0
[lowlevel-sim][GT] t=59.501 quat=[0.48637, -0.51337, 0.50117, 0.49872] angvel=[-0.02191, 0.01574, 0.02084] linvel=[-0.00415, -0.00363, 0.00243] z=0.1072
[lowlevel-sim][GT] t=59.551 quat=[0.48664, -0.51327, 0.5011, 0.49864] angvel=[0.06114, 0.01335, 0.00222] linvel=[0.00239, -0.00015, -0.00398] z=0.1072
[lowlevel-sim][GT] t=59.601 quat=[0.48687, -0.51321, 0.50111, 0.49847] angvel=[-0.00237, -0.04141, -0.01493] linvel=[0.00473, -0.00207, 0.00363] z=0.1073
[lowlevel-sim][GT] t=59.651 quat=[0.48693, -0.51314, 0.50104, 0.49855] angvel=[0.01376, 0.01032, 0.0018] linvel=[0.00235, 0.00052, 0.00076] z=0.1073
[lowlevel-sim][GT] t=59.701 quat=[0.487, -0.51321, 0.50112, 0.49833] angvel=[-0.0075, -0.02719, -0.05064] linvel=[-0.00441, -0.00682, -0.00197] z=0.1073
[lowlevel-sim][GT] t=59.751 quat=[0.48702, -0.51318, 0.50114, 0.49831] angvel=[-0.07149, -0.0583, -0.00357] linvel=[-0.00157, -0.00755, 0.00709] z=0.1073
[lowlevel-sim][GT] t=59.801 quat=[0.48676, -0.51328, 0.50111, 0.4985] angvel=[-0.01006, 0.01522, 0.00732] linvel=[-0.0056, -0.00347, -0.00071] z=0.1073
[lowlevel-sim][GT] t=59.851 quat=[0.48668, -0.51322, 0.50094, 0.49881] angvel=[-0.00622, 0.05096, 0.02712] linvel=[-0.00587, -0.00203, 0.00051] z=0.1073
[lowlevel-sim][GT] t=59.901 quat=[0.48652, -0.51339, 0.50093, 0.49879] angvel=[-0.02267, -0.00352, 0.0099] linvel=[-0.0068, -0.00205, 0.00253] z=0.1073
[lowlevel-sim][GT] t=59.951 quat=[0.48663, -0.51324, 0.50098, 0.49879] angvel=[-0.01679, 0.07698, 0.01892] linvel=[-0.00493, -0.00389, 0.00052] z=0.1073
[lowlevel-sim] t=  60.00 mode=cmd        pd=34789 hold=10378 failclosed=223 rtf=0.261 base_z=+0.107 pitch=+1.542 roll=+3.133 |tau|max=  9.22 sat=0/29 knee_L=+0.279 hip_p_L=-0.108 torn=11448 cmd_age=37.2ms auth=184.0s rig_ign=1021 fix_base=0
[lowlevel-sim][GT] t=60.001 quat=[0.48654, -0.51333, 0.50097, 0.4988] angvel=[-0.01495, -0.0098, -0.01348] linvel=[-0.00367, -0.00552, -0.0001] z=0.1073
[lowlevel-sim][GT] t=60.051 quat=[0.48672, -0.51328, 0.50103, 0.49862] angvel=[-0.00916, -0.02593, 0.00261] linvel=[0.00019, -0.00248, -0.00021] z=0.1073
[lowlevel-sim][GT] t=60.101 quat=[0.48673, -0.51341, 0.50111, 0.49838] angvel=[-0.0422, 0.01226, -0.01155] linvel=[-0.00703, -0.00759, 0.003] z=0.1072
[lowlevel-sim][GT] t=60.151 quat=[0.48695, -0.5133, 0.50114, 0.49827] angvel=[-0.02482, -0.04298, -0.02931] linvel=[0.0018, -0.00276, 0.00412] z=0.1072
[lowlevel-sim][GT] t=60.201 quat=[0.48715, -0.51323, 0.5013, 0.49797] angvel=[-0.03469, -0.02628, -0.02533] linvel=[0.00377, -0.00355, 0.00135] z=0.1072
[lowlevel-sim][GT] t=60.251 quat=[0.4872, -0.51311, 0.50132, 0.49803] angvel=[-0.00851, 0.03348, 0.00819] linvel=[0.00709, -0.00469, 0.00108] z=0.1072
[lowlevel-sim][GT] t=60.301 quat=[0.48724, -0.51306, 0.50147, 0.49789] angvel=[-0.01745, 0.01394, 0.00719] linvel=[0.00657, -0.00276, 0.00053] z=0.1072
[lowlevel-sim][GT] t=60.351 quat=[0.48724, -0.51292, 0.50147, 0.49803] angvel=[0.04621, 0.02317, 0.01124] linvel=[0.00493, 0.00046, -0.00142] z=0.1072
[lowlevel-sim][GT] t=60.401 quat=[0.48718, -0.51294, 0.50147, 0.49808] angvel=[-0.03415, -0.02903, -0.00202] linvel=[0.00257, -0.00563, 0.00362] z=0.1073
[lowlevel-sim][GT] t=60.451 quat=[0.48734, -0.51294, 0.50142, 0.49796] angvel=[0.05566, -0.00332, 0.00893] linvel=[0.00556, 3e-05, -0.00384] z=0.1073
[lowlevel-sim] t=  60.50 mode=cmd        pd=35039 hold=10378 failclosed=223 rtf=0.261 base_z=+0.107 pitch=+1.542 roll=-3.134 |tau|max=  9.79 sat=0/29 knee_L=+0.279 hip_p_L=-0.108 torn=11467 cmd_age=54.9ms auth=185.9s rig_ign=1021 fix_base=0
[lowlevel-sim][GT] t=60.501 quat=[0.4872, -0.51292, 0.50151, 0.49804] angvel=[-0.0318, -0.02916, -0.03379] linvel=[-0.00191, -0.00612, 0.00094] z=0.1073
[lowlevel-sim][GT] t=60.551 quat=[0.48719, -0.51288, 0.50143, 0.49816] angvel=[-0.0233, -0.0393, -0.00021] linvel=[-0.00289, -0.00161, 0.00435] z=0.1073
[lowlevel-sim][GT] t=60.601 quat=[0.48714, -0.51282, 0.50155, 0.49816] angvel=[-0.02459, 0.00994, 0.01108] linvel=[-0.00228, -0.00491, 0.00267] z=0.1073
[lowlevel-sim][GT] t=60.651 quat=[0.48718, -0.51279, 0.50158, 0.49812] angvel=[0.05213, 0.06149, 0.01292] linvel=[0.00269, -0.00026, -0.00184] z=0.1073
[lowlevel-sim][GT] t=60.701 quat=[0.4871, -0.51284, 0.50157, 0.49815] angvel=[-0.00693, 0.03605, 0.05197] linvel=[0.00797, -0.00675, -0.00215] z=0.1073
[lowlevel-sim][GT] t=60.751 quat=[0.48737, -0.51279, 0.50159, 0.49793] angvel=[-0.035, 0.00509, 0.00767] linvel=[0.00414, -0.00449, 0.00338] z=0.1073
[lowlevel-sim][GT] t=60.801 quat=[0.4873, -0.51271, 0.50166, 0.498] angvel=[-0.01565, -0.02314, 0.0529] linvel=[0.00806, -0.00814, 0.00031] z=0.1073
[lowlevel-sim][GT] t=60.851 quat=[0.48723, -0.51267, 0.50173, 0.49804] angvel=[-0.05384, -0.00783, -0.00871] linvel=[0.00108, -0.0064, 0.00367] z=0.1073
[lowlevel-sim][GT] t=60.901 quat=[0.48726, -0.51277, 0.50171, 0.49793] angvel=[-0.01664, -0.03871, -0.02057] linvel=[0.00257, -0.00438, 0.00303] z=0.1073
[lowlevel-sim][GT] t=60.951 quat=[0.48735, -0.51278, 0.50166, 0.49788] angvel=[-0.00883, 0.00541, 0.00925] linvel=[0.00167, -0.00124, 0.00098] z=0.1072
[lowlevel-sim] t=  61.00 mode=cmd        pd=35289 hold=10378 failclosed=223 rtf=0.262 base_z=+0.107 pitch=+1.542 roll=+3.132 |tau|max=  9.64 sat=0/29 knee_L=+0.279 hip_p_L=-0.108 torn=11486 cmd_age=31.5ms auth=187.4s rig_ign=1021 fix_base=0
[lowlevel-sim][GT] t=61.001 quat=[0.48708, -0.51277, 0.50163, 0.49819] angvel=[0.0066, 0.02477, 0.03097] linvel=[0.00081, -0.00718, -0.00202] z=0.1073
[lowlevel-sim][GT] t=61.051 quat=[0.487, -0.51279, 0.50165, 0.49823] angvel=[-0.02583, 0.0371, 0.01996] linvel=[0.00032, -0.00445, 0.00446] z=0.1072
[lowlevel-sim][GT] t=61.101 quat=[0.48686, -0.51281, 0.50172, 0.49827] angvel=[-0.04792, -0.03225, -0.01036] linvel=[0.00211, -0.00611, 0.00484] z=0.1073
[lowlevel-sim][GT] t=61.151 quat=[0.48703, -0.51258, 0.50171, 0.49836] angvel=[0.00824, 0.03786, 0.00751] linvel=[-0.00048, -0.00358, -0.00133] z=0.1073
[lowlevel-sim][GT] t=61.201 quat=[0.48724, -0.51251, 0.50184, 0.49808] angvel=[-0.04005, -0.01998, -0.02893] linvel=[-0.00199, -0.00227, 0.00235] z=0.1073
[lowlevel-sim][GT] t=61.251 quat=[0.48757, -0.51238, 0.50196, 0.49777] angvel=[0.02786, 0.03601, -0.0072] linvel=[0.00217, 0.00027, -0.00211] z=0.1073
[lowlevel-sim][GT] t=61.301 quat=[0.48759, -0.51233, 0.50218, 0.49758] angvel=[-0.02035, 0.01732, -0.00441] linvel=[-0.00044, -0.00118, 0.0038] z=0.1073
[lowlevel-sim][GT] t=61.351 quat=[0.48786, -0.51221, 0.50213, 0.4975] angvel=[0.00064, 0.01745, -0.01625] linvel=[-0.00103, -0.0032, 0.00129] z=0.1073
[lowlevel-sim][GT] t=61.401 quat=[0.4878, -0.51234, 0.50221, 0.49734] angvel=[-0.05254, -0.00956, -0.00647] linvel=[-0.00376, -0.00863, 0.00219] z=0.1073
[lowlevel-sim][GT] t=61.451 quat=[0.48778, -0.51217, 0.50219, 0.49754] angvel=[-0.07507, -0.06415, -0.01079] linvel=[-0.00751, -0.0072, 0.00625] z=0.1073
[lowlevel-sim] t=  61.50 mode=cmd        pd=35539 hold=10378 failclosed=223 rtf=0.262 base_z=+0.107 pitch=+1.542 roll=+3.141 |tau|max=  8.33 sat=0/29 knee_L=+0.279 hip_p_L=-0.108 torn=11505 cmd_age=39.5ms auth=189.4s rig_ign=1021 fix_base=0
[lowlevel-sim][GT] t=61.501 quat=[0.4877, -0.51228, 0.50222, 0.49749] angvel=[-0.03506, -0.0031, -0.00451] linvel=[-0.00551, -0.00718, 0.00257] z=0.1073
[lowlevel-sim][GT] t=61.551 quat=[0.48753, -0.51229, 0.50207, 0.49779] angvel=[-0.03616, -0.0271, -0.01075] linvel=[-0.0056, -0.00409, 0.00437] z=0.1073
[lowlevel-sim][GT] t=61.601 quat=[0.48732, -0.51233, 0.50209, 0.49794] angvel=[-0.03079, 0.0147, 0.00633] linvel=[-0.00675, -0.00025, 0.00243] z=0.1073
[lowlevel-sim][GT] t=61.651 quat=[0.48735, -0.51229, 0.50192, 0.49812] angvel=[0.02481, 0.00462, 0.0013] linvel=[-0.00704, 0.00038, 0.00192] z=0.1073
[lowlevel-sim][GT] t=61.701 quat=[0.48738, -0.51249, 0.50183, 0.49797] angvel=[-0.04098, 0.02394, -0.01703] linvel=[-0.00509, -0.00542, 0.0016] z=0.1073
[lowlevel-sim][GT] t=61.751 quat=[0.48713, -0.5126, 0.50164, 0.4983] angvel=[0.01032, -0.02743, 0.00647] linvel=[-0.00769, -0.00199, 0.00087] z=0.1073
[lowlevel-sim][GT] t=61.801 quat=[0.48698, -0.51275, 0.50156, 0.49837] angvel=[-0.01596, -0.00577, -0.00342] linvel=[-0.00804, -0.00899, 0.0005] z=0.1073
[lowlevel-sim][GT] t=61.851 quat=[0.48698, -0.51282, 0.50143, 0.49843] angvel=[-0.05157, -0.0586, 0.00776] linvel=[0.00119, -0.00603, 0.00381] z=0.1073
[lowlevel-sim][GT] t=61.901 quat=[0.48711, -0.51298, 0.50153, 0.49804] angvel=[-0.03437, -0.01576, 0.00246] linvel=[0.00367, -0.00299, 0.00222] z=0.1073
[lowlevel-sim][GT] t=61.951 quat=[0.48736, -0.51291, 0.50141, 0.49799] angvel=[0.01861, -0.04532, -0.00055] linvel=[0.00549, 0.00118, 0.00114] z=0.1073
[lowlevel-sim] t=  62.00 mode=cmd        pd=35789 hold=10378 failclosed=223 rtf=0.262 base_z=+0.107 pitch=+1.542 roll=-3.118 |tau|max=  9.98 sat=0/29 knee_L=+0.279 hip_p_L=-0.107 torn=11526 cmd_age=36.9ms auth=191.1s rig_ign=1021 fix_base=0
[lowlevel-sim][GT] t=62.001 quat=[0.48739, -0.51297, 0.50149, 0.49783] angvel=[-0.01239, -0.02932, -0.04818] linvel=[-0.00142, -0.00575, -0.00012] z=0.1073
[lowlevel-sim][GT] t=62.051 quat=[0.48741, -0.51277, 0.50156, 0.49794] angvel=[-0.00246, -0.01878, -0.02719] linvel=[0.00198, -0.00416, 0.00126] z=0.1073
[lowlevel-sim][GT] t=62.101 quat=[0.48735, -0.51274, 0.50169, 0.49789] angvel=[-0.01807, -0.00935, 0.01226] linvel=[0.00166, -0.00723, -0.00063] z=0.1073
[lowlevel-sim][GT] t=62.151 quat=[0.48721, -0.51273, 0.50169, 0.49804] angvel=[-0.00838, 0.03505, 0.01286] linvel=[-0.00375, -0.00419, 0.00292] z=0.1073
[lowlevel-sim][GT] t=62.201 quat=[0.48717, -0.51269, 0.50176, 0.49806] angvel=[0.0064, 0.03058, 0.03746] linvel=[0.00211, -0.0071, 0.00018] z=0.1073
[lowlevel-sim][GT] t=62.251 quat=[0.48738, -0.51267, 0.50173, 0.49789] angvel=[-0.05559, 0.05239, 0.01436] linvel=[0.00341, -0.00491, 0.00418] z=0.1073
[lowlevel-sim][GT] t=62.301 quat=[0.48725, -0.5127, 0.50179, 0.49793] angvel=[-0.02918, -0.02493, -0.00108] linvel=[-0.00209, -0.00305, 0.00246] z=0.1073
[lowlevel-sim][GT] t=62.351 quat=[0.48725, -0.51274, 0.50165, 0.49802] angvel=[0.00333, 0.04709, 0.0178] linvel=[-0.00081, -0.00164, 0.0004] z=0.1073
[lowlevel-sim][GT] t=62.401 quat=[0.48716, -0.51286, 0.50172, 0.49793] angvel=[-0.01124, -0.01008, -0.05776] linvel=[-0.00305, -0.00697, 0.00367] z=0.1073
[lowlevel-sim][GT] t=62.451 quat=[0.48714, -0.51286, 0.50159, 0.49808] angvel=[0.05407, 0.04526, 0.0029] linvel=[-0.00606, -0.00262, -0.00303] z=0.1073
[lowlevel-sim] t=  62.50 mode=cmd        pd=36039 hold=10378 failclosed=223 rtf=0.262 base_z=+0.107 pitch=+1.542 roll=+3.131 |tau|max=  9.19 sat=0/29 knee_L=+0.279 hip_p_L=-0.108 torn=11555 cmd_age=57.5ms auth=192.8s rig_ign=1021 fix_base=0
[lowlevel-sim][GT] t=62.501 quat=[0.48703, -0.51281, 0.5016, 0.49822] angvel=[-0.04937, -0.00959, 0.00473] linvel=[-0.0026, -0.00553, 0.00314] z=0.1073
[lowlevel-sim][GT] t=62.551 quat=[0.48719, -0.51279, 0.5016, 0.49809] angvel=[0.04695, 0.05514, 0.01602] linvel=[-0.00178, -0.00168, -0.00253] z=0.1073
[lowlevel-sim][GT] t=62.601 quat=[0.48713, -0.51276, 0.50161, 0.49817] angvel=[-0.01615, 0.02005, 0.0406] linvel=[0.00275, -0.00573, 0.00067] z=0.1073
[lowlevel-sim][GT] t=62.651 quat=[0.48726, -0.51271, 0.50157, 0.49813] angvel=[-0.06476, 0.04682, 0.01948] linvel=[0.00275, -0.00547, 0.00544] z=0.1073
[lowlevel-sim][GT] t=62.701 quat=[0.48729, -0.51273, 0.50166, 0.49799] angvel=[-0.02399, -0.04584, -0.00857] linvel=[0.00288, -0.0012, 0.00358] z=0.1074
[lowlevel-sim][GT] t=62.751 quat=[0.48733, -0.5126, 0.50159, 0.49816] angvel=[0.00102, -0.03303, -0.0127] linvel=[-0.00095, 0.00068, 0.00319] z=0.1074
[lowlevel-sim][GT] t=62.801 quat=[0.48745, -0.51265, 0.50171, 0.49786] angvel=[-0.0242, -0.03856, -0.07917] linvel=[-0.00447, -0.0072, -0.00052] z=0.1074
[lowlevel-sim][GT] t=62.851 quat=[0.48781, -0.51241, 0.50173, 0.49774] angvel=[-0.0488, -0.09723, -0.04395] linvel=[0.00145, -0.0046, 0.00451] z=0.1074
[lowlevel-sim][GT] t=62.901 quat=[0.4879, -0.51249, 0.50179, 0.49751] angvel=[-0.03102, -0.0032, -0.01596] linvel=[0.00259, -0.00329, 0.00317] z=0.1074
[lowlevel-sim][GT] t=62.951 quat=[0.48778, -0.51246, 0.50175, 0.49769] angvel=[-0.03689, 0.00772, 0.0028] linvel=[0.00094, -0.00311, 0.00457] z=0.1074
[lowlevel-sim] t=  63.00 mode=cmd        pd=36289 hold=10378 failclosed=223 rtf=0.262 base_z=+0.107 pitch=+1.542 roll=-3.140 |tau|max=  9.80 sat=0/29 knee_L=+0.279 hip_p_L=-0.108 torn=11568 cmd_age=30.4ms auth=194.6s rig_ign=1021 fix_base=0
[lowlevel-sim][GT] t=63.001 quat=[0.48734, -0.51266, 0.50168, 0.49799] angvel=[-0.05264, 0.02223, 0.07154] linvel=[-0.00013, -0.00761, 0.00219] z=0.1074
[lowlevel-sim][GT] t=63.051 quat=[0.48735, -0.5127, 0.50152, 0.4981] angvel=[-0.0403, 0.0072, 0.00715] linvel=[0.00038, -0.00469, 0.00204] z=0.1074
[lowlevel-sim][GT] t=63.101 quat=[0.48714, -0.51287, 0.50157, 0.49808] angvel=[-0.04797, -0.0256, 0.013] linvel=[0.00051, -0.00704, 0.00287] z=0.1073
[lowlevel-sim][GT] t=63.151 quat=[0.48718, -0.51276, 0.50158, 0.49815] angvel=[0.03058, -0.02268, 0.00222] linvel=[0.00257, -1e-05, -0.00317] z=0.1073
[lowlevel-sim] FAIL-CLOSED engaged at t=63.157s, last command age 85.38 ms (deadline <= 100 ms) PASS
[lowlevel-sim] COMMANDED at t=63.159s (was fail-closed)
[lowlevel-sim][GT] t=63.201 quat=[0.48708, -0.51296, 0.50175, 0.49787] angvel=[0.01182, -0.0052, -0.00185] linvel=[-0.00047, -0.00568, -0.00105] z=0.1072
[lowlevel-sim][GT] t=63.251 quat=[0.48721, -0.51287, 0.50159, 0.49799] angvel=[0.00535, -0.00776, 0.00112] linvel=[0.0034, 0.00053, 0.00097] z=0.1073
[lowlevel-sim][GT] t=63.301 quat=[0.48715, -0.5129, 0.50163, 0.49799] angvel=[-0.01369, -0.04086, -0.05817] linvel=[-0.00244, -0.00503, 0.00086] z=0.1073
[lowlevel-sim][GT] t=63.351 quat=[0.48733, -0.51283, 0.50164, 0.49786] angvel=[-0.03357, -0.02699, -0.01804] linvel=[-0.00013, -0.00465, 0.00291] z=0.1073
[lowlevel-sim][GT] t=63.401 quat=[0.4872, -0.51294, 0.50158, 0.49795] angvel=[-0.0125, 0.00788, -0.00378] linvel=[-0.00143, -0.00161, 0.00234] z=0.1073
[lowlevel-sim][GT] t=63.451 quat=[0.4871, -0.51294, 0.50149, 0.49813] angvel=[0.01574, 0.00564, -0.00502] linvel=[-0.00066, -0.00121, 0.00084] z=0.1073
[lowlevel-sim] t=  63.50 mode=cmd        pd=36541 hold=10378 failclosed=225 rtf=0.263 base_z=+0.107 pitch=+1.542 roll=-3.139 |tau|max=  9.31 sat=0/29 knee_L=+0.279 hip_p_L=-0.108 torn=11582 cmd_age=42.1ms auth=196.3s rig_ign=1021 fix_base=0
[lowlevel-sim][GT] t=63.501 quat=[0.48702, -0.513, 0.50147, 0.49817] angvel=[0.00559, 0.01764, 0.01585] linvel=[-0.0011, -0.00704, -0.0017] z=0.1073
[lowlevel-sim][GT] t=63.551 quat=[0.48703, -0.51289, 0.50146, 0.49828] angvel=[0.00216, 0.00283, -0.00726] linvel=[-0.00173, -0.00021, 0.0037] z=0.1073
[lowlevel-sim][GT] t=63.601 quat=[0.48715, -0.51292, 0.50154, 0.49805] angvel=[-0.01419, 0.04428, 0.02622] linvel=[0.00837, -0.00788, 0.00058] z=0.1073
[lowlevel-sim][GT] t=63.651 quat=[0.48733, -0.51277, 0.50157, 0.498] angvel=[0.04212, 0.0522, 0.02594] linvel=[0.00787, -0.00199, -0.00282] z=0.1073
[lowlevel-sim][GT] t=63.701 quat=[0.48718, -0.5127, 0.50171, 0.49808] angvel=[-0.0047, -0.01541, -0.04472] linvel=[-0.00623, -0.00722, 0.0017] z=0.1073
[lowlevel-sim][GT] t=63.751 quat=[0.48749, -0.51269, 0.50174, 0.49776] angvel=[-0.00741, 0.00604, -0.0162] linvel=[0.00271, -0.00414, 8e-05] z=0.1073
[lowlevel-sim][GT] t=63.801 quat=[0.48753, -0.51268, 0.50192, 0.49755] angvel=[-0.05185, -0.02463, -0.02262] linvel=[0.00356, -0.00431, 0.00237] z=0.1073
[lowlevel-sim][GT] t=63.851 quat=[0.48765, -0.51255, 0.50198, 0.4975] angvel=[0.00691, -0.03287, -0.02584] linvel=[0.00323, -0.00147, 0.00303] z=0.1073
[lowlevel-sim][GT] t=63.901 quat=[0.48763, -0.51251, 0.50212, 0.49743] angvel=[-0.03364, -0.01646, 0.00841] linvel=[0.00273, -0.0061, 0.00446] z=0.1073
[lowlevel-sim][GT] t=63.951 quat=[0.48764, -0.51237, 0.50205, 0.49763] angvel=[-0.06013, 0.00155, -0.00335] linvel=[0.00363, -0.00475, 0.00618] z=0.1073
[lowlevel-sim] t=  64.00 mode=cmd        pd=36791 hold=10378 failclosed=225 rtf=0.263 base_z=+0.107 pitch=+1.541 roll=-3.131 |tau|max=  9.85 sat=0/29 knee_L=+0.279 hip_p_L=-0.108 torn=11600 cmd_age=47.3ms auth=198.1s rig_ign=1021 fix_base=0
[lowlevel-sim][GT] t=64.001 quat=[0.48769, -0.51246, 0.5021, 0.49743] angvel=[-0.01952, 0.01122, -0.00406] linvel=[0.00595, -0.00897, 0.00184] z=0.1073
[lowlevel-sim][GT] t=64.051 quat=[0.48774, -0.51231, 0.50206, 0.49758] angvel=[0.02459, -0.02056, -0.00667] linvel=[0.00207, -0.00361, -0.00333] z=0.1073
[lowlevel-sim][GT] t=64.101 quat=[0.48766, -0.51233, 0.50208, 0.49761] angvel=[-0.02378, -0.00958, -0.00958] linvel=[0.00162, -0.00362, 0.00111] z=0.1074
[lowlevel-sim][GT] t=64.151 quat=[0.48781, -0.51229, 0.50195, 0.49764] angvel=[0.02771, 0.0324, 0.00175] linvel=[0.00397, -0.00056, -0.00266] z=0.1074
[lowlevel-sim][GT] t=64.201 quat=[0.48745, -0.51247, 0.50196, 0.49779] angvel=[-0.02753, 0.01598, 0.01475] linvel=[-0.00072, -0.00333, 0.00423] z=0.1073
[lowlevel-sim][GT] t=64.251 quat=[0.48737, -0.51249, 0.5017, 0.49812] angvel=[0.02554, -0.06085, -0.01007] linvel=[-0.00502, -0.0033, -0.00221] z=0.1074
[lowlevel-sim][GT] t=64.301 quat=[0.48718, -0.51258, 0.50158, 0.49833] angvel=[0.00412, 0.01948, 0.01068] linvel=[-0.00677, -0.00654, -0.00017] z=0.1074
[lowlevel-sim][GT] t=64.351 quat=[0.48715, -0.51255, 0.5015, 0.49847] angvel=[-0.045, -0.02469, -0.01712] linvel=[-0.0052, -0.00325, 0.00593] z=0.1074
[lowlevel-sim][GT] t=64.401 quat=[0.48713, -0.51274, 0.50164, 0.49816] angvel=[-0.04281, -0.01369, 0.00295] linvel=[-0.00118, -0.00996, 0.00268] z=0.1074
[lowlevel-sim][GT] t=64.451 quat=[0.48739, -0.51259, 0.50157, 0.49813] angvel=[0.02222, -0.06616, -0.04124] linvel=[-0.00744, -0.00411, 0.00038] z=0.1074
[lowlevel-sim] t=  64.50 mode=cmd        pd=37041 hold=10378 failclosed=225 rtf=0.263 base_z=+0.107 pitch=+1.542 roll=+3.137 |tau|max=  9.21 sat=0/29 knee_L=+0.279 hip_p_L=-0.108 torn=11638 cmd_age=31.2ms auth=200.0s rig_ign=1021 fix_base=0
[lowlevel-sim][GT] t=64.501 quat=[0.48721, -0.51272, 0.50158, 0.49816] angvel=[-0.00576, 0.01236, 0.00011] linvel=[-0.0052, -0.00244, 0.00092] z=0.1074
[lowlevel-sim][GT] t=64.551 quat=[0.48733, -0.51275, 0.50154, 0.49805] angvel=[-0.01754, -0.05088, -0.0102] linvel=[-0.00027, -0.00397, -3e-05] z=0.1073
[lowlevel-sim][GT] t=64.601 quat=[0.48731, -0.51292, 0.5017, 0.49775] angvel=[-0.01588, -0.00729, 0.03519] linvel=[0.00703, -0.00753, -0.00017] z=0.1072
[lowlevel-sim][GT] t=64.651 quat=[0.48727, -0.51281, 0.50172, 0.49787] angvel=[-0.00539, 0.00563, 0.03654] linvel=[0.00118, -0.00351, -0.00196] z=0.1072
[lowlevel-sim][GT] t=64.701 quat=[0.48703, -0.51288, 0.50181, 0.49794] angvel=[-0.02507, -0.01625, -0.00692] linvel=[-0.00012, -0.00494, 0.00436] z=0.1072
[lowlevel-sim][GT] t=64.751 quat=[0.487, -0.51272, 0.50178, 0.49817] angvel=[0.03042, 0.04525, 5e-05] linvel=[-0.00276, -0.00129, -0.00239] z=0.1072
[lowlevel-sim][GT] t=64.801 quat=[0.48698, -0.51287, 0.50161, 0.4982] angvel=[0.00031, -0.04052, -0.02656] linvel=[-0.01157, -0.0066, -0.00136] z=0.1072
[lowlevel-sim][GT] t=64.851 quat=[0.4871, -0.51289, 0.50137, 0.49831] angvel=[-0.01927, -0.03713, -0.01456] linvel=[-0.00644, -0.00422, 0.0044] z=0.1073
[lowlevel-sim][GT] t=64.901 quat=[0.48697, -0.513, 0.50137, 0.49831] angvel=[-0.01742, 0.00705, 0.0225] linvel=[-0.00042, -0.00724, 0.00165] z=0.1073
[lowlevel-sim][GT] t=64.951 quat=[0.48696, -0.51302, 0.50131, 0.49836] angvel=[-0.04278, -0.00969, 0.02865] linvel=[0.00125, -0.00617, 0.00507] z=0.1073
[lowlevel-sim] t=  65.00 mode=cmd        pd=37291 hold=10378 failclosed=225 rtf=0.263 base_z=+0.107 pitch=+1.542 roll=-3.125 |tau|max=  8.35 sat=0/29 knee_L=+0.279 hip_p_L=-0.107 torn=11661 cmd_age=32.3ms auth=201.5s rig_ign=1021 fix_base=0
[lowlevel-sim][GT] t=65.001 quat=[0.48702, -0.51322, 0.5012, 0.49821] angvel=[-0.01129, -0.01126, 0.00108] linvel=[0.00204, -0.0035, 0.00218] z=0.1073
[lowlevel-sim][GT] t=65.051 quat=[0.48691, -0.51324, 0.50118, 0.49832] angvel=[0.01167, 0.01723, 0.00815] linvel=[-0.00637, -0.00191, 0.00017] z=0.1073
[lowlevel-sim][GT] t=65.101 quat=[0.48671, -0.51332, 0.50115, 0.49847] angvel=[0.00042, -0.02077, 0.01435] linvel=[-0.00549, -0.00687, -0.00108] z=0.1073
[lowlevel-sim][GT] t=65.151 quat=[0.4866, -0.51329, 0.50108, 0.49867] angvel=[-0.0092, 0.07298, 0.03301] linvel=[-0.00454, -0.00425, 0.00196] z=0.1073
[lowlevel-sim][GT] t=65.201 quat=[0.48656, -0.51335, 0.50102, 0.49871] angvel=[-0.007, 0.0175, -0.04244] linvel=[-0.00311, -0.00622, 0.00032] z=0.1073
[lowlevel-sim][GT] t=65.251 quat=[0.48673, -0.51333, 0.50097, 0.49862] angvel=[-0.02539, -0.04761, -0.02963] linvel=[0.00175, -0.00404, 0.00343] z=0.1073
[lowlevel-sim][GT] t=65.301 quat=[0.48681, -0.51337, 0.50105, 0.49841] angvel=[-0.03331, -0.05311, -0.06811] linvel=[-0.0054, -0.00802, -0.0] z=0.1073
[lowlevel-sim][GT] t=65.351 quat=[0.48688, -0.51327, 0.50104, 0.49845] angvel=[0.0059, -0.01153, -0.00691] linvel=[-0.00583, -0.00396, -0.0022] z=0.1073
[lowlevel-sim][GT] t=65.401 quat=[0.48683, -0.51337, 0.50119, 0.49825] angvel=[-0.03521, -0.02602, -0.02226] linvel=[-0.00157, -0.00384, 0.00233] z=0.1072
[lowlevel-sim][GT] t=65.451 quat=[0.48699, -0.51325, 0.50134, 0.49807] angvel=[0.02516, 0.01663, -0.00376] linvel=[0.00311, -0.0002, -0.00075] z=0.1072
[lowlevel-sim] t=  65.50 mode=cmd        pd=37541 hold=10378 failclosed=225 rtf=0.264 base_z=+0.107 pitch=+1.541 roll=-3.115 |tau|max=  9.73 sat=0/29 knee_L=+0.277 hip_p_L=-0.107 torn=11686 cmd_age=24.7ms auth=202.9s rig_ign=1021 fix_base=0
[lowlevel-sim][GT] t=65.501 quat=[0.48718, -0.51321, 0.50144, 0.49782] angvel=[-0.01072, -0.01566, 0.01543] linvel=[0.00794, -0.00634, -0.00025] z=0.1072
[lowlevel-sim][GT] t=65.551 quat=[0.48721, -0.51319, 0.50145, 0.49781] angvel=[-0.01764, 0.02073, 0.0207] linvel=[0.00526, -0.00396, -0.0017] z=0.1072
[lowlevel-sim][GT] t=65.601 quat=[0.48705, -0.51331, 0.50154, 0.49774] angvel=[-0.02165, -0.02039, 0.00637] linvel=[0.00245, -0.0034, 0.00444] z=0.1071
[lowlevel-sim][GT] t=65.651 quat=[0.4871, -0.5132, 0.50131, 0.49804] angvel=[0.05841, 0.01586, 0.01645] linvel=[0.00297, -0.0002, -0.00166] z=0.1072
[lowlevel-sim][GT] t=65.701 quat=[0.48716, -0.51322, 0.5013, 0.49797] angvel=[0.00558, -0.0103, -0.04487] linvel=[-9e-05, -0.00326, 8e-05] z=0.1073
[lowlevel-sim][GT] t=65.751 quat=[0.48733, -0.51301, 0.50115, 0.49818] angvel=[0.0068, -0.01028, -0.02004] linvel=[0.00266, -0.00305, -5e-05] z=0.1073
[lowlevel-sim][GT] t=65.801 quat=[0.4872, -0.51304, 0.50128, 0.49813] angvel=[-0.02863, 0.03461, 0.0075] linvel=[0.0026, -0.00248, 0.00052] z=0.1073
[lowlevel-sim][GT] t=65.851 quat=[0.48708, -0.51298, 0.50131, 0.49829] angvel=[-0.03308, -0.02156, 0.0003] linvel=[0.00201, -0.00518, 0.00155] z=0.1073
[lowlevel-sim][GT] t=65.901 quat=[0.48692, -0.51309, 0.5015, 0.49814] angvel=[-0.01178, 0.00193, 0.01394] linvel=[0.00308, -0.00238, 0.00228] z=0.1073
[lowlevel-sim][GT] t=65.951 quat=[0.48697, -0.51305, 0.50147, 0.49816] angvel=[-0.0415, 0.00359, 0.01665] linvel=[0.00244, -0.00412, 0.00581] z=0.1073
[lowlevel-sim] t=  66.00 mode=cmd        pd=37791 hold=10378 failclosed=225 rtf=0.264 base_z=+0.107 pitch=+1.542 roll=+3.137 |tau|max=  9.61 sat=0/29 knee_L=+0.279 hip_p_L=-0.108 torn=11710 cmd_age=46.1ms auth=204.7s rig_ign=1021 fix_base=0
[lowlevel-sim][GT] t=66.001 quat=[0.48697, -0.51296, 0.50152, 0.49821] angvel=[-0.03924, 0.00399, 0.05368] linvel=[0.00424, -0.00821, 0.00175] z=0.1073
[lowlevel-sim][GT] t=66.051 quat=[0.48699, -0.51294, 0.50139, 0.49833] angvel=[-2e-05, 0.00322, 0.03375] linvel=[0.00295, -0.00365, 0.0017] z=0.1073
[lowlevel-sim][GT] t=66.101 quat=[0.48678, -0.51308, 0.50147, 0.49831] angvel=[-0.02852, -0.02033, -0.03501] linvel=[-0.00683, -0.00745, 0.00227] z=0.1073
[lowlevel-sim][GT] t=66.151 quat=[0.48687, -0.513, 0.50135, 0.49843] angvel=[-0.01537, -0.03461, -0.023] linvel=[-0.00512, -0.00403, -0.00013] z=0.1073
[lowlevel-sim][GT] t=66.201 quat=[0.48661, -0.51314, 0.50142, 0.49848] angvel=[-0.02415, -0.01841, -0.00796] linvel=[-0.00828, -0.00284, 0.00181] z=0.1073
[lowlevel-sim][GT] t=66.251 quat=[0.48669, -0.51302, 0.50139, 0.49855] angvel=[0.04036, 0.0289, -0.01424] linvel=[-0.00368, 0.00118, -0.00441] z=0.1073
[lowlevel-sim][GT] t=66.301 quat=[0.48687, -0.51309, 0.50146, 0.49824] angvel=[-0.03473, -0.00086, -0.01354] linvel=[-0.00122, -0.00327, 0.00394] z=0.1072
[lowlevel-sim][GT] t=66.351 quat=[0.48711, -0.51304, 0.50153, 0.49798] angvel=[0.02504, 0.00625, -0.00606] linvel=[0.00431, 0.00016, -0.00041] z=0.1072
[lowlevel-sim][GT] t=66.401 quat=[0.48735, -0.51292, 0.50166, 0.49775] angvel=[-0.0177, 0.00012, -0.01093] linvel=[0.00637, -0.00087, 0.00289] z=0.1072
[lowlevel-sim][GT] t=66.451 quat=[0.48746, -0.51283, 0.50159, 0.49779] angvel=[0.02525, -0.01118, 0.02167] linvel=[0.00574, -0.00056, -0.00039] z=0.1073
[lowlevel-sim] t=  66.50 mode=cmd        pd=38041 hold=10378 failclosed=225 rtf=0.264 base_z=+0.107 pitch=+1.542 roll=-3.123 |tau|max=  9.53 sat=0/29 knee_L=+0.278 hip_p_L=-0.108 torn=11732 cmd_age=30.9ms auth=206.4s rig_ign=1021 fix_base=0
[lowlevel-sim][GT] t=66.501 quat=[0.48741, -0.51285, 0.50155, 0.49785] angvel=[0.00087, -0.01677, -0.01137] linvel=[0.00163, -0.0099, -0.00179] z=0.1073
[lowlevel-sim][GT] t=66.551 quat=[0.48746, -0.51279, 0.50152, 0.4979] angvel=[-0.02777, 0.01923, -0.02526] linvel=[0.00697, -0.00277, -0.00044] z=0.1073
[lowlevel-sim][GT] t=66.601 quat=[0.48725, -0.51292, 0.50164, 0.49786] angvel=[-0.00482, 0.02164, 0.01784] linvel=[-0.00222, -0.00386, 0.00056] z=0.1073
[lowlevel-sim][GT] t=66.651 quat=[0.48704, -0.51284, 0.50142, 0.49836] angvel=[0.01189, 0.00303, 0.0182] linvel=[-0.0051, -0.0028, 0.00105] z=0.1074
[lowlevel-sim][GT] t=66.701 quat=[0.48705, -0.51293, 0.50143, 0.49826] angvel=[-0.01799, -0.00641, -0.00931] linvel=[-0.00474, -0.00305, 0.00282] z=0.1074
[lowlevel-sim][GT] t=66.751 quat=[0.48699, -0.51295, 0.50129, 0.49844] angvel=[-0.00494, 0.00564, -0.01693] linvel=[-0.00662, -0.00497, 0.0019] z=0.1074
[lowlevel-sim][GT] t=66.801 quat=[0.48695, -0.51297, 0.50137, 0.49836] angvel=[0.00864, -0.00462, -0.00808] linvel=[-0.00434, -0.00598, -0.00206] z=0.1074
[lowlevel-sim][GT] t=66.851 quat=[0.48711, -0.51284, 0.50139, 0.49832] angvel=[-0.01046, -0.01417, 0.00256] linvel=[-0.00035, -0.00118, 0.00223] z=0.1074
[lowlevel-sim][GT] t=66.901 quat=[0.4873, -0.51284, 0.50146, 0.49807] angvel=[0.00281, -0.02886, -0.03366] linvel=[-0.0, -0.00497, -0.00107] z=0.1074
[lowlevel-sim][GT] t=66.951 quat=[0.48764, -0.5128, 0.5013, 0.49793] angvel=[-0.0036, 0.03691, 0.00527] linvel=[0.00137, -0.00263, -0.00092] z=0.1074
[lowlevel-sim] t=  67.00 mode=cmd        pd=38291 hold=10378 failclosed=225 rtf=0.264 base_z=+0.107 pitch=+1.542 roll=-3.113 |tau|max=  9.12 sat=0/29 knee_L=+0.279 hip_p_L=-0.108 torn=11753 cmd_age=39.4ms auth=208.2s rig_ign=1021 fix_base=0
[lowlevel-sim][GT] t=67.001 quat=[0.4875, -0.51291, 0.50147, 0.49779] angvel=[-0.04423, 0.00234, -0.00676] linvel=[0.0014, -0.00583, 0.00226] z=0.1074
[lowlevel-sim][GT] t=67.051 quat=[0.48736, -0.51285, 0.50152, 0.49794] angvel=[0.01553, 0.01211, 0.0236] linvel=[-0.00028, -0.00284, 0.00132] z=0.1073
[lowlevel-sim][GT] t=67.101 quat=[0.48749, -0.51293, 0.50155, 0.49769] angvel=[-0.00953, -0.02335, 0.00036] linvel=[0.0024, -0.00307, 0.00142] z=0.1073
[lowlevel-sim][GT] t=67.151 quat=[0.48743, -0.5129, 0.50151, 0.49783] angvel=[0.04002, -0.01926, 0.0056] linvel=[0.00374, -0.0005, -0.00193] z=0.1073
[lowlevel-sim][GT] t=67.201 quat=[0.4872, -0.51295, 0.50147, 0.49804] angvel=[0.00123, 0.0146, -0.01467] linvel=[0.00112, -0.00227, 0.00031] z=0.1073
[lowlevel-sim][GT] t=67.251 quat=[0.48714, -0.51287, 0.50142, 0.49822] angvel=[-0.01437, -0.00246, -0.00406] linvel=[-0.00283, -0.00469, -0.00042] z=0.1073
[lowlevel-sim][GT] t=67.301 quat=[0.48703, -0.51299, 0.50145, 0.49819] angvel=[0.00996, -0.00901, 0.00023] linvel=[-0.0083, -0.00717, -0.00151] z=0.1073
[lowlevel-sim][GT] t=67.351 quat=[0.48695, -0.51305, 0.50136, 0.4983] angvel=[0.01074, -0.04654, -0.00326] linvel=[-0.00466, -0.00285, -0.00041] z=0.1073
[lowlevel-sim][GT] t=67.401 quat=[0.48696, -0.51311, 0.50139, 0.4982] angvel=[-0.01256, 0.01679, 0.0323] linvel=[0.00663, -0.00588, 0.00258] z=0.1073
[lowlevel-sim][GT] t=67.451 quat=[0.48699, -0.51297, 0.50141, 0.49829] angvel=[-0.01283, 0.04329, 0.01294] linvel=[0.00168, -0.00307, -0.00063] z=0.1073
[lowlevel-sim] t=  67.50 mode=cmd        pd=38541 hold=10378 failclosed=225 rtf=0.264 base_z=+0.107 pitch=+1.542 roll=+3.141 |tau|max=  8.35 sat=0/29 knee_L=+0.279 hip_p_L=-0.108 torn=11767 cmd_age=40.7ms auth=209.9s rig_ign=1021 fix_base=0
[lowlevel-sim][GT] t=67.501 quat=[0.48701, -0.51298, 0.50149, 0.49817] angvel=[-0.02184, -0.01739, 0.00089] linvel=[0.00097, -0.00282, 0.00174] z=0.1073
[lowlevel-sim][GT] t=67.551 quat=[0.48712, -0.51304, 0.50135, 0.49815] angvel=[-0.00101, -0.03465, -0.01378] linvel=[0.00332, -0.00359, 0.0005] z=0.1073
[lowlevel-sim][GT] t=67.601 quat=[0.48712, -0.51313, 0.50138, 0.49803] angvel=[-0.01952, -0.06534, -0.03176] linvel=[-0.00177, -0.00903, 0.0003] z=0.1073
[lowlevel-sim][GT] t=67.651 quat=[0.4872, -0.51319, 0.50141, 0.49785] angvel=[-0.07357, -0.01936, -0.00964] linvel=[0.00359, -0.00472, 0.00832] z=0.1072
[lowlevel-sim][GT] t=67.701 quat=[0.48729, -0.51311, 0.50145, 0.49781] angvel=[-0.02665, 0.02283, 0.04654] linvel=[0.0109, -0.00418, 0.00151] z=0.1073
[lowlevel-sim][GT] t=67.751 quat=[0.48719, -0.51299, 0.50145, 0.49802] angvel=[0.02397, 0.03457, 0.00501] linvel=[0.00124, -0.00037, 0.00089] z=0.1073
[lowlevel-sim][GT] t=67.801 quat=[0.48695, -0.51307, 0.50151, 0.49812] angvel=[0.00268, 0.04301, 0.04687] linvel=[0.00298, -0.00734, -0.00221] z=0.1073
[lowlevel-sim][GT] t=67.851 quat=[0.48681, -0.51304, 0.50141, 0.49839] angvel=[0.04774, 0.01569, 0.04946] linvel=[0.0002, -0.00209, -0.00291] z=0.1073
[lowlevel-sim][GT] t=67.901 quat=[0.48677, -0.51301, 0.50151, 0.49837] angvel=[-0.04449, -0.014, -0.01214] linvel=[0.00027, -0.00474, 0.00348] z=0.1073
[lowlevel-sim][GT] t=67.951 quat=[0.48717, -0.51283, 0.50142, 0.49824] angvel=[0.03474, -0.01088, -0.00116] linvel=[0.00251, 0.00174, 0.00104] z=0.1073
[lowlevel-sim] t=  68.00 mode=cmd        pd=38791 hold=10378 failclosed=225 rtf=0.264 base_z=+0.107 pitch=+1.542 roll=-3.126 |tau|max=  9.14 sat=0/29 knee_L=+0.279 hip_p_L=-0.107 torn=11783 cmd_age=36.7ms auth=211.6s rig_ign=1021 fix_base=0
[lowlevel-sim][GT] t=68.001 quat=[0.48746, -0.51275, 0.50153, 0.49793] angvel=[0.00538, 0.01913, -0.01382] linvel=[0.004, -0.00457, -0.00191] z=0.1073
[lowlevel-sim][GT] t=68.051 quat=[0.48765, -0.51262, 0.50162, 0.49779] angvel=[-0.01856, -0.01924, -0.01384] linvel=[0.00557, -0.00305, 0.00126] z=0.1073
[lowlevel-sim][GT] t=68.101 quat=[0.48767, -0.51263, 0.50176, 0.49763] angvel=[-0.03842, -0.00062, 0.00788] linvel=[0.00265, -0.00924, 0.00322] z=0.1073
[lowlevel-sim][GT] t=68.151 quat=[0.48773, -0.51248, 0.50165, 0.49783] angvel=[-0.03399, 0.00168, 0.00181] linvel=[0.0015, -0.00318, 0.00341] z=0.1074
[lowlevel-sim][GT] t=68.201 quat=[0.48761, -0.51265, 0.50168, 0.49774] angvel=[0.00098, 0.01553, 0.00241] linvel=[0.00347, -0.00387, 0.00036] z=0.1074
[lowlevel-sim][GT] t=68.251 quat=[0.48768, -0.51271, 0.50162, 0.49767] angvel=[0.01788, 0.0056, 0.00205] linvel=[0.0071, -0.00082, -0.00201] z=0.1074
[lowlevel-sim][GT] t=68.301 quat=[0.48725, -0.51288, 0.50155, 0.49799] angvel=[-0.02551, 0.00201, 0.01282] linvel=[-0.00606, -0.00326, 0.00611] z=0.1074
[lowlevel-sim][GT] t=68.351 quat=[0.48708, -0.51278, 0.50144, 0.49836] angvel=[-0.00822, -0.01279, -0.00239] linvel=[-0.00518, -0.00397, -0.00039] z=0.1074
[lowlevel-sim][GT] t=68.401 quat=[0.48692, -0.51282, 0.50136, 0.49856] angvel=[0.00474, 0.02435, 0.00074] linvel=[-0.00597, -0.00262, 0.00193] z=0.1074
[lowlevel-sim][GT] t=68.451 quat=[0.48696, -0.51275, 0.50135, 0.49861] angvel=[0.01475, 0.01719, -0.00131] linvel=[-0.00243, -0.00073, 0.00102] z=0.1074
[lowlevel-sim] t=  68.50 mode=cmd        pd=39041 hold=10378 failclosed=225 rtf=0.264 base_z=+0.107 pitch=+1.542 roll=+3.134 |tau|max=  9.74 sat=0/29 knee_L=+0.279 hip_p_L=-0.108 torn=11801 cmd_age=41.7ms auth=213.6s rig_ign=1021 fix_base=0
[lowlevel-sim][GT] t=68.501 quat=[0.48706, -0.51283, 0.5014, 0.49838] angvel=[-0.01673, 0.00485, 0.04069] linvel=[0.00121, -0.00658, 0.00091] z=0.1074
[lowlevel-sim][GT] t=68.551 quat=[0.48723, -0.51274, 0.50145, 0.49824] angvel=[-0.02486, 0.05126, 0.02771] linvel=[0.00148, -0.00298, 0.00171] z=0.1074
[lowlevel-sim][GT] t=68.601 quat=[0.48717, -0.51273, 0.50158, 0.49818] angvel=[-0.03506, -0.01349, -0.00128] linvel=[0.00274, -0.0039, 0.00212] z=0.1074
[lowlevel-sim][GT] t=68.651 quat=[0.48739, -0.51271, 0.50159, 0.49798] angvel=[0.04554, 0.00422, -0.00991] linvel=[0.0045, -0.00153, -0.00273] z=0.1074
[lowlevel-sim][GT] t=68.701 quat=[0.4875, -0.51266, 0.50179, 0.49773] angvel=[0.01914, -0.01952, -0.04756] linvel=[-0.00336, -0.00671, -0.00252] z=0.1074
[lowlevel-sim][GT] t=68.751 quat=[0.48764, -0.5127, 0.50174, 0.49758] angvel=[0.02133, -0.00151, -0.00999] linvel=[-0.00236, -0.00227, -0.00075] z=0.1074
[lowlevel-sim][GT] t=68.801 quat=[0.48737, -0.51275, 0.50176, 0.49779] angvel=[-0.02557, 0.00034, 0.00192] linvel=[-0.00806, -0.0045, 0.00432] z=0.1074
[lowlevel-sim][GT] t=68.851 quat=[0.48756, -0.51263, 0.50166, 0.49782] angvel=[0.01166, 0.02734, -0.00112] linvel=[-0.00299, 0.00084, 0.00057] z=0.1074
[lowlevel-sim][GT] t=68.901 quat=[0.4875, -0.51275, 0.50178, 0.49765] angvel=[0.01621, 0.00636, 0.04606] linvel=[0.00453, -0.00534, -0.0007] z=0.1073
[lowlevel-sim][GT] t=68.951 quat=[0.48748, -0.51269, 0.50159, 0.49791] angvel=[0.02477, 0.01627, 0.01324] linvel=[0.00296, 0.0003, 0.0005] z=0.1074
[lowlevel-sim] t=  69.00 mode=cmd        pd=39291 hold=10378 failclosed=225 rtf=0.265 base_z=+0.107 pitch=+1.542 roll=-3.132 |tau|max=  9.40 sat=0/29 knee_L=+0.279 hip_p_L=-0.108 torn=11828 cmd_age=30.5ms auth=215.4s rig_ign=1021 fix_base=0
[lowlevel-sim][GT] t=69.001 quat=[0.48735, -0.51277, 0.5017, 0.49784] angvel=[-0.02088, -9e-05, 0.004] linvel=[0.00143, -0.00088, 0.00381] z=0.1073
[lowlevel-sim][GT] t=69.051 quat=[0.48737, -0.51283, 0.50161, 0.49786] angvel=[0.06888, -0.04673, 0.00446] linvel=[0.00477, 0.00144, -0.007] z=0.1073
[lowlevel-sim][GT] t=69.101 quat=[0.48737, -0.51282, 0.50177, 0.49771] angvel=[-0.00046, -0.02191, -0.01949] linvel=[-0.00438, -0.00798, -0.00023] z=0.1073
[lowlevel-sim][GT] t=69.151 quat=[0.48745, -0.51287, 0.50173, 0.49763] angvel=[-0.03065, -0.01984, -0.01917] linvel=[0.00318, -0.00544, 0.00148] z=0.1072
[lowlevel-sim][GT] t=69.201 quat=[0.48729, -0.51292, 0.50168, 0.49777] angvel=[-0.04062, 0.0236, 0.04746] linvel=[0.00725, -0.00754, 0.00235] z=0.1073
[lowlevel-sim][GT] t=69.251 quat=[0.48752, -0.51294, 0.5015, 0.49772] angvel=[-0.01709, -0.02603, -0.01661] linvel=[0.0063, -0.00163, 0.00422] z=0.1073
[lowlevel-sim][GT] t=69.301 quat=[0.4874, -0.51304, 0.50156, 0.49767] angvel=[-0.01484, 0.00352, 0.00921] linvel=[0.00441, -0.00237, 0.00362] z=0.1072
[lowlevel-sim][GT] t=69.351 quat=[0.48707, -0.51308, 0.50146, 0.49805] angvel=[-0.00365, 0.03528, 0.02471] linvel=[-0.00482, -0.00217, 0.00194] z=0.1072
[lowlevel-sim][GT] t=69.401 quat=[0.48683, -0.51321, 0.50146, 0.49815] angvel=[-0.01321, -0.02055, 0.02281] linvel=[0.00303, -0.00655, 0.00036] z=0.1072
[lowlevel-sim][GT] t=69.451 quat=[0.48672, -0.51304, 0.50131, 0.49859] angvel=[0.02058, 0.039, 0.0143] linvel=[-0.00609, 0.0006, 0.00359] z=0.1073
[lowlevel-sim] t=  69.50 mode=cmd        pd=39541 hold=10378 failclosed=225 rtf=0.265 base_z=+0.107 pitch=+1.542 roll=+3.124 |tau|max=  9.39 sat=0/29 knee_L=+0.280 hip_p_L=-0.109 torn=11848 cmd_age=50.0ms auth=217.0s rig_ign=1021 fix_base=0
[lowlevel-sim][GT] t=69.501 quat=[0.48659, -0.51316, 0.50126, 0.49864] angvel=[-0.03098, 0.00188, -0.01039] linvel=[-0.00572, -0.00232, 0.0041] z=0.1073
[lowlevel-sim][GT] t=69.551 quat=[0.48684, -0.51303, 0.50121, 0.49857] angvel=[0.00265, -0.01383, -0.00611] linvel=[-0.00328, -0.00086, 0.00157] z=0.1074
[lowlevel-sim][GT] t=69.601 quat=[0.48719, -0.51303, 0.50141, 0.49803] angvel=[-0.02364, -0.02627, -0.04075] linvel=[0.00529, -0.00933, 0.00156] z=0.1073
[lowlevel-sim][GT] t=69.651 quat=[0.48744, -0.51275, 0.50145, 0.49803] angvel=[0.01842, -0.00469, -0.02744] linvel=[0.00149, -0.00218, -0.00187] z=0.1074
[lowlevel-sim][GT] t=69.701 quat=[0.48747, -0.51279, 0.50168, 0.49773] angvel=[0.00395, 0.0133, -0.00407] linvel=[0.0022, -0.00328, -7e-05] z=0.1073
[lowlevel-sim][GT] t=69.751 quat=[0.48772, -0.51266, 0.50171, 0.49759] angvel=[-0.02441, -0.01465, -0.00438] linvel=[0.00445, -0.00311, 0.00413] z=0.1073
[lowlevel-sim][GT] t=69.801 quat=[0.48769, -0.51271, 0.50192, 0.49736] angvel=[-0.02445, 0.003, 0.01623] linvel=[0.00692, -0.00144, 0.00341] z=0.1073
[lowlevel-sim][GT] t=69.851 quat=[0.48774, -0.51259, 0.50182, 0.49753] angvel=[0.03529, 0.0374, 0.0286] linvel=[0.00138, -0.00395, -0.00022] z=0.1073
[lowlevel-sim][GT] t=69.901 quat=[0.48746, -0.51255, 0.50177, 0.49789] angvel=[-0.0049, 0.02148, -0.00119] linvel=[-0.00598, -0.00437, 0.00044] z=0.1074
[lowlevel-sim][GT] t=69.951 quat=[0.48727, -0.5125, 0.50165, 0.49826] angvel=[-0.02834, -0.00078, 0.01461] linvel=[-0.006, -0.00508, 0.00246] z=0.1074
[lowlevel-sim] t=  70.00 mode=cmd        pd=39791 hold=10378 failclosed=225 rtf=0.265 base_z=+0.107 pitch=+1.542 roll=+3.120 |tau|max=  9.62 sat=0/29 knee_L=+0.280 hip_p_L=-0.109 torn=11875 cmd_age=41.7ms auth=218.9s rig_ign=1021 fix_base=0
[lowlevel-sim][GT] t=70.001 quat=[0.4871, -0.51257, 0.50162, 0.49838] angvel=[0.00463, 0.02617, 0.01206] linvel=[-0.00516, -0.01144, -0.00134] z=0.1074
[lowlevel-sim][GT] t=70.051 quat=[0.48716, -0.51258, 0.50148, 0.49844] angvel=[-0.00867, -0.00904, -0.00178] linvel=[-0.0048, -0.00693, -0.0009] z=0.1075
[lowlevel-sim][GT] t=70.101 quat=[0.48708, -0.51274, 0.50144, 0.49842] angvel=[-0.01609, -0.01797, -0.00516] linvel=[-0.00671, -0.00524, 0.00033] z=0.1075
[lowlevel-sim][GT] t=70.151 quat=[0.48712, -0.51268, 0.50144, 0.49842] angvel=[0.02787, -0.01129, 0.00164] linvel=[-0.00633, -0.00069, -0.00154] z=0.1075
[lowlevel-sim][GT] t=70.201 quat=[0.48706, -0.51273, 0.50156, 0.49832] angvel=[-0.01604, -0.00304, -0.01418] linvel=[-0.00578, -0.00235, 0.00265] z=0.1074
[lowlevel-sim][GT] t=70.251 quat=[0.48756, -0.51263, 0.50158, 0.49792] angvel=[-0.01862, -0.04236, -0.01119] linvel=[0.00333, -0.00353, -0.00053] z=0.1074
[lowlevel-sim][GT] t=70.301 quat=[0.48777, -0.51268, 0.50172, 0.49751] angvel=[-0.02679, -0.00146, -0.02726] linvel=[0.00448, -0.00513, 0.00123] z=0.1073
[lowlevel-sim][GT] t=70.351 quat=[0.48784, -0.51268, 0.50169, 0.49748] angvel=[-0.01631, -0.00694, 0.01631] linvel=[0.00405, -0.00462, 0.0044] z=0.1073
[lowlevel-sim][GT] t=70.401 quat=[0.48777, -0.51267, 0.50177, 0.49747] angvel=[-0.02936, -0.01187, -0.004] linvel=[0.00193, -0.01124, 0.0023] z=0.1074
[lowlevel-sim][GT] t=70.451 quat=[0.48755, -0.5126, 0.50169, 0.49784] angvel=[-0.02449, 0.05222, 0.0082] linvel=[-0.00523, -0.00777, 0.00311] z=0.1074
[lowlevel-sim] t=  70.50 mode=cmd        pd=40041 hold=10378 failclosed=225 rtf=0.265 base_z=+0.107 pitch=+1.542 roll=-3.133 |tau|max=  8.33 sat=0/29 knee_L=+0.280 hip_p_L=-0.108 torn=11901 cmd_age=36.7ms auth=220.5s rig_ign=1021 fix_base=0
[lowlevel-sim][GT] t=70.501 quat=[0.4874, -0.51272, 0.50164, 0.49791] angvel=[-0.00934, -0.00973, 0.00466] linvel=[-0.00369, -0.00358, 0.00036] z=0.1074
[lowlevel-sim][GT] t=70.551 quat=[0.48733, -0.51263, 0.50157, 0.49814] angvel=[-0.02098, -0.01326, 0.00684] linvel=[-0.00501, -0.0038, 0.00364] z=0.1074
[lowlevel-sim][GT] t=70.601 quat=[0.48725, -0.51281, 0.50152, 0.49809] angvel=[-0.00525, -0.05408, -0.03871] linvel=[-0.00473, -0.00777, -0.00099] z=0.1074
[lowlevel-sim][GT] t=70.651 quat=[0.48733, -0.51282, 0.50155, 0.49798] angvel=[-0.02354, -0.09343, -0.03945] linvel=[0.0013, -0.00253, 0.00372] z=0.1073
[lowlevel-sim][GT] t=70.701 quat=[0.48748, -0.51281, 0.50164, 0.49774] angvel=[-0.05726, -0.01397, -0.00474] linvel=[0.00708, -0.00624, 0.00415] z=0.1073
[lowlevel-sim][GT] t=70.751 quat=[0.48772, -0.51262, 0.50163, 0.49772] angvel=[-0.01104, 0.01355, -0.00874] linvel=[0.00779, -0.00298, 0.00094] z=0.1074
[lowlevel-sim][GT] t=70.801 quat=[0.48767, -0.51259, 0.5018, 0.49762] angvel=[0.01203, 0.00629, 0.00023] linvel=[0.0016, -0.00884, -0.00024] z=0.1073
[lowlevel-sim][GT] t=70.851 quat=[0.48757, -0.51249, 0.50191, 0.49771] angvel=[-0.02666, 0.05115, 0.00751] linvel=[0.00047, -0.00753, 0.00136] z=0.1074
[lowlevel-sim][GT] t=70.901 quat=[0.48757, -0.5126, 0.50191, 0.49761] angvel=[-0.0492, 0.02468, 0.00905] linvel=[0.00151, -0.00533, 0.00256] z=0.1074
[lowlevel-sim][GT] t=70.951 quat=[0.48772, -0.51244, 0.50191, 0.49761] angvel=[0.01932, 0.03365, 0.0045] linvel=[-0.00223, -0.00253, -0.00048] z=0.1074
[lowlevel-sim] t=  71.00 mode=cmd        pd=40291 hold=10378 failclosed=225 rtf=0.265 base_z=+0.107 pitch=+1.542 roll=-3.139 |tau|max=  8.43 sat=0/29 knee_L=+0.280 hip_p_L=-0.108 torn=11923 cmd_age=19.9ms auth=222.2s rig_ign=1021 fix_base=0
[lowlevel-sim][GT] t=71.001 quat=[0.48758, -0.51243, 0.50199, 0.49767] angvel=[-0.01035, 0.03026, -0.02893] linvel=[-0.00584, -0.00406, 0.00071] z=0.1074
[lowlevel-sim][GT] t=71.051 quat=[0.4876, -0.51236, 0.50191, 0.49782] angvel=[0.02296, 0.02239, 0.00106] linvel=[-0.00629, -0.0003, 0.00028] z=0.1074
[lowlevel-sim][GT] t=71.101 quat=[0.4875, -0.51249, 0.50181, 0.49788] angvel=[-0.00946, 0.02778, -0.01044] linvel=[-0.00737, -0.00477, -0.00086] z=0.1074
[lowlevel-sim] FAIL-CLOSED engaged at t=71.140s, last command age 92.94 ms (deadline <= 100 ms) PASS
[lowlevel-sim] COMMANDED at t=71.146s (was fail-closed)
[lowlevel-sim][GT] t=71.151 quat=[0.4868, -0.51318, 0.50235, 0.49731] angvel=[-0.08408, -0.00122, -0.00027] linvel=[-0.00616, -0.00737, -0.01228] z=0.1071
[lowlevel-sim][GT] t=71.201 quat=[0.48711, -0.51302, 0.50211, 0.49742] angvel=[-0.00122, 0.03003, 0.01475] linvel=[-0.00292, -0.00135, 0.00272] z=0.1071
[lowlevel-sim][GT] t=71.251 quat=[0.48753, -0.51282, 0.50209, 0.49723] angvel=[0.00302, 0.01451, -0.04279] linvel=[0.00557, -0.00407, -0.0007] z=0.1072
[lowlevel-sim][GT] t=71.301 quat=[0.48767, -0.51263, 0.50202, 0.49736] angvel=[-0.00708, -0.04629, -0.03109] linvel=[0.00479, -0.00242, 0.00268] z=0.1072
[lowlevel-sim][GT] t=71.351 quat=[0.48772, -0.51262, 0.50203, 0.49731] angvel=[-0.00901, -0.04449, -0.01975] linvel=[-0.00404, -0.00981, 0.00309] z=0.1073
[lowlevel-sim][GT] t=71.401 quat=[0.48782, -0.51252, 0.50208, 0.49726] angvel=[-0.01059, 0.01861, -0.02937] linvel=[0.00098, -0.00334, -0.00065] z=0.1073
[lowlevel-sim][GT] t=71.451 quat=[0.4877, -0.51263, 0.50215, 0.49721] angvel=[-0.02224, -0.00289, -0.00759] linvel=[-0.00012, -0.00416, 0.00334] z=0.1072
[lowlevel-sim] t=  71.50 mode=cmd        pd=40544 hold=10378 failclosed=231 rtf=0.265 base_z=+0.107 pitch=+1.541 roll=-3.119 |tau|max= 35.00 sat=2/29 knee_L=+0.277 hip_p_L=-0.108 torn=11933 cmd_age=27.0ms auth=223.8s rig_ign=1021 fix_base=0 sat_j=left_ankle_roll_joint:+35.0,right_ankle_roll_joint:-35.0
[lowlevel-sim][GT] t=71.501 quat=[0.48787, -0.51245, 0.50211, 0.49725] angvel=[-0.02809, 0.00695, -0.00375] linvel=[2e-05, -0.00571, 0.00267] z=0.1073
[lowlevel-sim][GT] t=71.551 quat=[0.48783, -0.51242, 0.50214, 0.49729] angvel=[-0.01036, 0.03819, 0.02799] linvel=[0.00616, -0.00687, -0.00288] z=0.1073
[lowlevel-sim][GT] t=71.601 quat=[0.48787, -0.51234, 0.5022, 0.49728] angvel=[0.00586, 0.00111, 0.02237] linvel=[0.00429, -0.00387, 9e-05] z=0.1073
[lowlevel-sim][GT] t=71.651 quat=[0.48791, -0.51235, 0.50233, 0.4971] angvel=[-0.02697, -0.02864, -0.00618] linvel=[0.00465, -0.00276, 0.00262] z=0.1073
[lowlevel-sim][GT] t=71.701 quat=[0.48802, -0.51222, 0.50238, 0.49707] angvel=[-0.00224, 0.03566, 0.01684] linvel=[0.00548, -0.00309, 0.00128] z=0.1073
[lowlevel-sim][GT] t=71.751 quat=[0.48812, -0.51218, 0.5024, 0.497] angvel=[-0.01412, -0.05943, -0.04979] linvel=[-0.00134, -0.01033, 0.00045] z=0.1073
[lowlevel-sim][GT] t=71.801 quat=[0.48815, -0.51219, 0.5024, 0.49696] angvel=[-0.01429, -0.02282, -0.02365] linvel=[0.00288, -0.00394, -0.00027] z=0.1072
[lowlevel-sim][GT] t=71.851 quat=[0.48789, -0.51232, 0.50242, 0.49705] angvel=[-0.03484, 0.02011, 0.00708] linvel=[-0.00075, -0.00464, 0.00107] z=0.1072
[lowlevel-sim][GT] t=71.901 quat=[0.48787, -0.51227, 0.50233, 0.49722] angvel=[-0.02347, 0.02264, -0.00232] linvel=[-0.00023, -0.00185, 0.00386] z=0.1072
[lowlevel-sim][GT] t=71.951 quat=[0.48761, -0.51238, 0.50229, 0.4974] angvel=[0.00409, 0.02908, 0.05049] linvel=[-0.00156, -0.0067, -0.00053] z=0.1072
[lowlevel-sim] FAIL-CLOSED engaged at t=71.951s, last command age 86.08 ms (deadline <= 100 ms) PASS
[lowlevel-sim] COMMANDED at t=71.954s (was fail-closed)
[lowlevel-sim] t=  72.00 mode=cmd        pd=40795 hold=10378 failclosed=233 rtf=0.266 base_z=+0.107 pitch=+1.540 roll=-3.134 |tau|max= 10.11 sat=0/29 knee_L=+0.278 hip_p_L=-0.109 torn=11953 cmd_age=28.9ms auth=225.5s rig_ign=1021 fix_base=0
[lowlevel-sim][GT] t=72.001 quat=[0.48733, -0.51274, 0.50254, 0.49704] angvel=[0.00229, 0.04449, 0.06292] linvel=[0.00337, -0.00683, 0.00045] z=0.1070
[lowlevel-sim][GT] t=72.051 quat=[0.48748, -0.51253, 0.5025, 0.49716] angvel=[0.02366, 0.06141, 0.01714] linvel=[0.00066, -0.00142, -0.0004] z=0.1070
[lowlevel-sim][GT] t=72.101 quat=[0.48752, -0.51237, 0.50242, 0.49737] angvel=[0.00453, 0.02697, 0.04765] linvel=[0.00613, -0.00458, 0.0003] z=0.1072
[lowlevel-sim][GT] t=72.151 quat=[0.48752, -0.51231, 0.50224, 0.49761] angvel=[-0.00459, 0.03991, 0.03407] linvel=[-0.00287, -0.00433, 0.0017] z=0.1072
[lowlevel-sim][GT] t=72.201 quat=[0.48736, -0.51241, 0.50222, 0.49768] angvel=[-0.03547, -0.01216, -0.00445] linvel=[-0.00357, -0.00648, 0.00174] z=0.1073
[lowlevel-sim][GT] t=72.251 quat=[0.4875, -0.51233, 0.50216, 0.49769] angvel=[0.00872, -0.00736, 0.00476] linvel=[-0.00027, -0.00221, 0.00222] z=0.1073
[lowlevel-sim][GT] t=72.301 quat=[0.48757, -0.51232, 0.50218, 0.49762] angvel=[0.02339, -0.02359, -0.05751] linvel=[-0.00561, -0.0058, -0.00049] z=0.1073
[lowlevel-sim][GT] t=72.351 quat=[0.48774, -0.51222, 0.5022, 0.49753] angvel=[-0.01732, -0.06872, -0.03173] linvel=[-0.0027, -0.0061, 0.00182] z=0.1073
[lowlevel-sim][GT] t=72.401 quat=[0.48798, -0.51215, 0.50225, 0.49732] angvel=[-0.01387, 0.02255, -0.0034] linvel=[-0.00037, -0.0025, 0.00218] z=0.1074
[lowlevel-sim][GT] t=72.451 quat=[0.48803, -0.51221, 0.50219, 0.49727] angvel=[-0.00516, -0.0173, -0.0142] linvel=[-0.00017, -0.00213, 0.00443] z=0.1073
[lowlevel-sim] t=  72.50 mode=cmd        pd=41045 hold=10378 failclosed=233 rtf=0.266 base_z=+0.107 pitch=+1.542 roll=-3.127 |tau|max=  9.94 sat=0/29 knee_L=+0.279 hip_p_L=-0.108 torn=11982 cmd_age=31.3ms auth=227.0s rig_ign=1021 fix_base=0
[lowlevel-sim][GT] t=72.501 quat=[0.48793, -0.51225, 0.50222, 0.4973] angvel=[0.00349, 0.04873, 0.04676] linvel=[0.00074, -0.00794, -0.00024] z=0.1074
[lowlevel-sim][GT] t=72.551 quat=[0.48782, -0.51224, 0.50214, 0.49749] angvel=[-0.01808, 0.06476, 0.03168] linvel=[-6e-05, -0.0039, 0.00319] z=0.1074
[lowlevel-sim][GT] t=72.601 quat=[0.48783, -0.51223, 0.50213, 0.4975] angvel=[-0.02568, -0.0352, -0.00413] linvel=[0.00061, -0.00448, 0.00338] z=0.1074
[lowlevel-sim][GT] t=72.651 quat=[0.48783, -0.51215, 0.50207, 0.49765] angvel=[0.00362, -0.0027, 0.01302] linvel=[-0.00351, -0.00128, 0.00122] z=0.1074
[lowlevel-sim][GT] t=72.701 quat=[0.48788, -0.51219, 0.50216, 0.49746] angvel=[-0.01574, -0.03043, -0.05408] linvel=[-0.00718, -0.00797, 0.00054] z=0.1074
[lowlevel-sim][GT] t=72.751 quat=[0.48788, -0.51219, 0.50211, 0.49752] angvel=[0.01754, 0.02802, -0.00072] linvel=[-0.00259, -0.00154, 0.00149] z=0.1074
[lowlevel-sim][GT] t=72.801 quat=[0.48782, -0.51233, 0.50207, 0.49747] angvel=[-0.02487, 0.0103, 0.00949] linvel=[-0.00336, -0.00554, 0.00427] z=0.1074
[lowlevel-sim][GT] t=72.851 quat=[0.4878, -0.51225, 0.50207, 0.49758] angvel=[-0.00111, 0.10319, 0.05041] linvel=[-0.00125, -0.0026, 0.00095] z=0.1074
[lowlevel-sim][GT] t=72.901 quat=[0.48773, -0.51233, 0.50213, 0.4975] angvel=[-0.0263, 0.0235, 0.0348] linvel=[0.00555, -0.00805, 0.00269] z=0.1074
[lowlevel-sim][GT] t=72.951 quat=[0.48787, -0.51225, 0.5021, 0.49747] angvel=[-0.04004, 0.0189, 0.01979] linvel=[0.00473, -0.00523, 0.00239] z=0.1074
[lowlevel-sim] t=  73.00 mode=cmd        pd=41295 hold=10378 failclosed=233 rtf=0.266 base_z=+0.107 pitch=+1.542 roll=-3.134 |tau|max=  9.66 sat=0/29 knee_L=+0.280 hip_p_L=-0.108 torn=11999 cmd_age=29.5ms auth=228.7s rig_ign=1021 fix_base=0
[lowlevel-sim][GT] t=73.001 quat=[0.48785, -0.51227, 0.50219, 0.49739] angvel=[-0.02787, -0.04106, -0.06927] linvel=[-0.00303, -0.00666, -0.0003] z=0.1074
[lowlevel-sim][GT] t=73.051 quat=[0.48809, -0.51218, 0.50223, 0.4972] angvel=[-0.01559, -0.03227, -0.02967] linvel=[0.00047, -0.00407, -0.00092] z=0.1074
[lowlevel-sim][GT] t=73.101 quat=[0.48804, -0.51222, 0.50239, 0.49705] angvel=[-0.01991, 0.00894, 0.00103] linvel=[-0.0006, -0.00293, 0.00236] z=0.1074
[lowlevel-sim][GT] t=73.151 quat=[0.48803, -0.51217, 0.50242, 0.49707] angvel=[-0.0122, 0.0054, -0.00644] linvel=[0.0004, -0.0035, 0.00234] z=0.1073
[lowlevel-sim][GT] t=73.201 quat=[0.48811, -0.51206, 0.50248, 0.49705] angvel=[0.03032, 0.00928, 0.00778] linvel=[0.00205, -0.00582, -0.00288] z=0.1074
[lowlevel-sim][GT] t=73.251 quat=[0.48808, -0.51199, 0.50241, 0.49723] angvel=[0.00579, 0.02587, 0.00775] linvel=[-0.00295, -0.00484, 0.00226] z=0.1074
[lowlevel-sim][GT] t=73.301 quat=[0.48805, -0.51211, 0.50241, 0.49713] angvel=[-0.01705, 0.04126, 0.02941] linvel=[0.0032, -0.00874, 0.00016] z=0.1073
[lowlevel-sim][GT] t=73.351 quat=[0.48793, -0.51213, 0.50244, 0.4972] angvel=[-0.02192, 0.01078, 0.02126] linvel=[0.00109, -0.00309, 0.00193] z=0.1073
[lowlevel-sim][GT] t=73.401 quat=[0.48804, -0.51219, 0.5025, 0.49697] angvel=[-0.01856, -0.05169, -0.06671] linvel=[-0.00087, -0.00651, 9e-05] z=0.1073
[lowlevel-sim][GT] t=73.451 quat=[0.48822, -0.51206, 0.5025, 0.49692] angvel=[-0.00184, -0.03253, -0.0196] linvel=[0.00432, -0.00296, -0.00021] z=0.1073
[lowlevel-sim] t=  73.50 mode=cmd        pd=41545 hold=10378 failclosed=233 rtf=0.266 base_z=+0.107 pitch=+1.541 roll=-3.132 |tau|max=  8.35 sat=0/29 knee_L=+0.279 hip_p_L=-0.108 torn=12031 cmd_age=31.1ms auth=230.4s rig_ign=1021 fix_base=0
[lowlevel-sim][GT] t=73.501 quat=[0.48809, -0.51204, 0.50264, 0.49693] angvel=[-0.01797, -0.0088, -0.0041] linvel=[0.00218, -0.00386, 0.00265] z=0.1073
[lowlevel-sim][GT] t=73.551 quat=[0.48826, -0.51188, 0.50262, 0.49695] angvel=[-0.02641, -0.03912, -0.02225] linvel=[0.00267, -0.00283, 0.00507] z=0.1073
[lowlevel-sim][GT] t=73.601 quat=[0.48824, -0.51185, 0.50266, 0.49696] angvel=[-0.01993, 0.03243, -0.0016] linvel=[0.00234, -0.00462, -5e-05] z=0.1073
[lowlevel-sim][GT] t=73.651 quat=[0.4881, -0.51188, 0.50253, 0.4972] angvel=[0.02449, 0.01999, 0.01343] linvel=[-0.00422, -0.00064, 0.00059] z=0.1073
[lowlevel-sim][GT] t=73.701 quat=[0.48782, -0.51204, 0.5024, 0.49744] angvel=[-0.02232, 0.02211, 0.07121] linvel=[-0.00105, -0.00823, 0.00094] z=0.1073
[lowlevel-sim][GT] t=73.751 quat=[0.48771, -0.51218, 0.50221, 0.49758] angvel=[0.01117, 0.01664, 0.0286] linvel=[-0.00176, -0.00494, 0.00119] z=0.1073
[lowlevel-sim][GT] t=73.801 quat=[0.48751, -0.51225, 0.50227, 0.49765] angvel=[-0.02517, -0.00943, -0.04071] linvel=[-0.013, -0.00609, 0.00104] z=0.1073
[lowlevel-sim][GT] t=73.851 quat=[0.4877, -0.51224, 0.50219, 0.49755] angvel=[0.01979, -0.03557, -0.02454] linvel=[-0.00472, -0.00237, -0.00189] z=0.1073
[lowlevel-sim][GT] t=73.901 quat=[0.48775, -0.51231, 0.50224, 0.4974] angvel=[-0.03906, -0.00934, -0.01018] linvel=[0.00047, -0.00312, 0.00341] z=0.1073
[lowlevel-sim][GT] t=73.951 quat=[0.48797, -0.51217, 0.50228, 0.49727] angvel=[0.01258, 0.00621, -0.00436] linvel=[0.00464, -0.00168, 0.00178] z=0.1073
[lowlevel-sim] t=  74.00 mode=cmd        pd=41795 hold=10378 failclosed=233 rtf=0.267 base_z=+0.107 pitch=+1.541 roll=-3.133 |tau|max=  9.72 sat=0/29 knee_L=+0.279 hip_p_L=-0.108 torn=12054 cmd_age=31.7ms auth=232.1s rig_ign=1021 fix_base=0
[lowlevel-sim][GT] t=74.001 quat=[0.48797, -0.51214, 0.5024, 0.49719] angvel=[-0.01374, 0.00981, 0.00596] linvel=[0.00784, -0.00772, -0.00065] z=0.1073
[lowlevel-sim][GT] t=74.051 quat=[0.48813, -0.51203, 0.50242, 0.49712] angvel=[-0.01298, 0.08718, 0.02171] linvel=[0.00139, -0.00447, 0.0028] z=0.1073
[lowlevel-sim][GT] t=74.101 quat=[0.48811, -0.51206, 0.50241, 0.49712] angvel=[-0.02147, 0.01175, -0.00164] linvel=[-0.0008, -0.01128, -0.00203] z=0.1074
[lowlevel-sim][GT] t=74.151 quat=[0.48811, -0.51197, 0.50231, 0.49731] angvel=[-0.0274, 0.0045, 0.04135] linvel=[-0.00675, -0.0041, 0.00233] z=0.1074
[lowlevel-sim][GT] t=74.201 quat=[0.48796, -0.51209, 0.50228, 0.49737] angvel=[-0.00643, -0.01445, -0.00735] linvel=[-0.00156, -0.00243, 0.00083] z=0.1074
[lowlevel-sim][GT] t=74.251 quat=[0.48813, -0.5121, 0.50218, 0.4973] angvel=[0.02489, -0.00868, -0.00093] linvel=[0.00128, -0.0008, -0.00384] z=0.1074
[lowlevel-sim][GT] t=74.301 quat=[0.48792, -0.5121, 0.50228, 0.49739] angvel=[-0.02597, -0.00458, -0.00284] linvel=[-0.00143, -0.00313, 0.00363] z=0.1074
[lowlevel-sim][GT] t=74.351 quat=[0.48795, -0.51206, 0.50229, 0.49739] angvel=[-0.03904, -0.03469, -0.00676] linvel=[-0.00114, -0.00446, 0.00281] z=0.1073
[lowlevel-sim][GT] t=74.401 quat=[0.48803, -0.51209, 0.5024, 0.49717] angvel=[-0.01587, -0.04075, -0.02589] linvel=[-0.0079, -0.00861, 0.00024] z=0.1073
[lowlevel-sim][GT] t=74.451 quat=[0.48823, -0.51205, 0.50247, 0.49695] angvel=[-0.0189, -0.01079, -0.02939] linvel=[0.00235, -0.00405, -0.00253] z=0.1073
[lowlevel-sim] t=  74.50 mode=cmd        pd=42045 hold=10378 failclosed=233 rtf=0.267 base_z=+0.107 pitch=+1.541 roll=-3.113 |tau|max=  9.71 sat=0/29 knee_L=+0.278 hip_p_L=-0.108 torn=12078 cmd_age=42.1ms auth=233.8s rig_ign=1021 fix_base=0
[lowlevel-sim][GT] t=74.501 quat=[0.48823, -0.51217, 0.50258, 0.49672] angvel=[-0.03382, 0.00591, 0.04724] linvel=[0.00808, -0.00844, 0.0006] z=0.1072
[lowlevel-sim][GT] t=74.551 quat=[0.48821, -0.5123, 0.50245, 0.49673] angvel=[-0.04691, -0.04694, -0.00709] linvel=[0.00363, -0.0041, 0.00593] z=0.1072
[lowlevel-sim][GT] t=74.601 quat=[0.48815, -0.51224, 0.50248, 0.49682] angvel=[0.01163, 0.04665, 0.04543] linvel=[0.00789, -0.0079, -8e-05] z=0.1072
[lowlevel-sim][GT] t=74.651 quat=[0.48784, -0.51235, 0.5023, 0.4972] angvel=[0.01068, 0.0319, 0.05918] linvel=[0.00059, -0.00416, 0.0] z=0.1072
[lowlevel-sim][GT] t=74.701 quat=[0.48752, -0.51247, 0.50227, 0.49741] angvel=[-0.02174, -0.00455, 0.01357] linvel=[-0.00302, -0.0046, 0.00219] z=0.1072
[lowlevel-sim][GT] t=74.751 quat=[0.48757, -0.51237, 0.50221, 0.49754] angvel=[-0.04365, -0.05573, -0.02692] linvel=[-0.00128, -0.00412, 0.00357] z=0.1073
[lowlevel-sim][GT] t=74.801 quat=[0.48765, -0.51243, 0.50219, 0.49742] angvel=[-0.0088, -0.01663, -0.02469] linvel=[-0.00181, -0.00419, 0.00331] z=0.1073
[lowlevel-sim][GT] t=74.851 quat=[0.48797, -0.51218, 0.50221, 0.49734] angvel=[0.00826, -0.01599, -0.00614] linvel=[0.00315, 0.00013, 0.00281] z=0.1074
[lowlevel-sim][GT] t=74.901 quat=[0.48799, -0.51216, 0.50236, 0.49718] angvel=[-0.01933, 0.05828, -0.02565] linvel=[0.00145, -0.00684, 0.00043] z=0.1073
[lowlevel-sim][GT] t=74.951 quat=[0.48822, -0.51199, 0.50248, 0.497] angvel=[-0.03213, 0.07067, 0.01072] linvel=[0.00195, -0.00436, 0.00569] z=0.1073
[lowlevel-sim] t=  75.00 mode=cmd        pd=42295 hold=10378 failclosed=233 rtf=0.266 base_z=+0.107 pitch=+1.541 roll=-3.123 |tau|max=  9.73 sat=0/29 knee_L=+0.278 hip_p_L=-0.108 torn=12095 cmd_age=23.9ms auth=235.9s rig_ign=1021 fix_base=0
[lowlevel-sim][GT] t=75.001 quat=[0.48826, -0.51199, 0.5026, 0.49686] angvel=[-0.02186, 0.03224, 0.03242] linvel=[0.00941, -0.01041, -0.00027] z=0.1073
[lowlevel-sim][GT] t=75.051 quat=[0.4883, -0.5119, 0.50263, 0.49688] angvel=[0.00447, -0.01375, 0.00174] linvel=[0.00151, -0.00078, 0.00221] z=0.1073
[lowlevel-sim][GT] t=75.101 quat=[0.48811, -0.51192, 0.50255, 0.49712] angvel=[-0.01395, 0.01328, 0.02491] linvel=[-0.00691, -0.0087, -0.00015] z=0.1073
[lowlevel-sim][GT] t=75.151 quat=[0.488, -0.51196, 0.50227, 0.49747] angvel=[-0.0346, 0.0388, 0.04346] linvel=[-0.00798, -0.00336, 0.00202] z=0.1073
[lowlevel-sim][GT] t=75.201 quat=[0.48767, -0.51216, 0.50212, 0.49774] angvel=[-0.01033, 0.01459, 0.02605] linvel=[-0.0069, -0.00311, 0.00065] z=0.1074
[lowlevel-sim][GT] t=75.251 quat=[0.48769, -0.51223, 0.502, 0.49776] angvel=[0.01683, 0.00096, -0.00023] linvel=[-0.00557, -0.00338, -0.00155] z=0.1073
[lowlevel-sim][GT] t=75.301 quat=[0.48775, -0.5124, 0.50203, 0.4975] angvel=[-0.0337, -0.00026, 0.00068] linvel=[0.00056, -0.00233, 0.00484] z=0.1073
[lowlevel-sim][GT] t=75.351 quat=[0.48785, -0.51225, 0.50196, 0.49763] angvel=[0.01731, -0.00191, 0.00273] linvel=[-0.00203, 0.00063, 6e-05] z=0.1074
[lowlevel-sim][GT] t=75.401 quat=[0.48783, -0.51242, 0.50199, 0.49745] angvel=[-0.0463, -0.01355, -0.01881] linvel=[0.00476, -0.00126, 0.00374] z=0.1073
[lowlevel-sim][GT] t=75.451 quat=[0.48805, -0.51241, 0.50197, 0.49726] angvel=[-0.00834, 0.00503, -0.02232] linvel=[0.00753, -0.00328, 0.00138] z=0.1073
[lowlevel-sim] t=  75.50 mode=cmd        pd=42545 hold=10378 failclosed=233 rtf=0.267 base_z=+0.107 pitch=+1.542 roll=-3.112 |tau|max= 10.17 sat=0/29 knee_L=+0.278 hip_p_L=-0.108 torn=12114 cmd_age=29.1ms auth=237.7s rig_ign=1021 fix_base=0
[lowlevel-sim][GT] t=75.501 quat=[0.48805, -0.51237, 0.50212, 0.49716] angvel=[-0.01788, 0.02379, 0.02151] linvel=[0.0079, -0.00874, -0.0001] z=0.1073
[lowlevel-sim][GT] t=75.551 quat=[0.48787, -0.5124, 0.50206, 0.49736] angvel=[-0.00126, -0.01629, 0.01098] linvel=[0.00405, -0.00606, 0.00038] z=0.1073
[lowlevel-sim][GT] t=75.601 quat=[0.4878, -0.51242, 0.50206, 0.4974] angvel=[-0.01328, 0.00133, 0.00311] linvel=[0.00631, -0.0041, -0.00134] z=0.1073
[lowlevel-sim][GT] t=75.651 quat=[0.48773, -0.51235, 0.50198, 0.49762] angvel=[0.01914, 0.0052, -0.00235] linvel=[-0.00057, -0.00336, 0.00099] z=0.1074
[lowlevel-sim][GT] t=75.701 quat=[0.4875, -0.51239, 0.50197, 0.49782] angvel=[-0.0238, 0.01015, 0.00687] linvel=[-0.00597, -0.00298, 0.00366] z=0.1074
[lowlevel-sim][GT] t=75.751 quat=[0.48756, -0.51235, 0.50186, 0.49791] angvel=[0.03835, -0.04111, -0.0317] linvel=[-0.00275, 0.00244, -0.00173] z=0.1074
[lowlevel-sim][GT] t=75.801 quat=[0.48766, -0.5125, 0.50184, 0.49768] angvel=[-0.01913, 0.00664, -0.02405] linvel=[0.00112, -0.00673, -0.0004] z=0.1074
[lowlevel-sim][GT] t=75.851 quat=[0.48813, -0.51224, 0.50194, 0.49739] angvel=[0.00446, -0.017, -0.03398] linvel=[0.00602, -0.00375, -0.00031] z=0.1074
[lowlevel-sim][GT] t=75.901 quat=[0.48804, -0.51222, 0.50205, 0.4974] angvel=[-0.01204, -0.00289, -0.01385] linvel=[0.00547, -0.00837, -0.00078] z=0.1074
[lowlevel-sim][GT] t=75.951 quat=[0.48809, -0.5121, 0.50207, 0.49745] angvel=[-0.04256, -0.01125, 0.00438] linvel=[0.00583, -0.0068, 0.00269] z=0.1075
[lowlevel-sim] t=  76.00 mode=cmd        pd=42795 hold=10378 failclosed=233 rtf=0.267 base_z=+0.107 pitch=+1.542 roll=-3.124 |tau|max=  8.34 sat=0/29 knee_L=+0.279 hip_p_L=-0.108 torn=12126 cmd_age=29.1ms auth=239.4s rig_ign=1021 fix_base=0
[lowlevel-sim][GT] t=76.001 quat=[0.48822, -0.51202, 0.50225, 0.49722] angvel=[-0.00638, 0.00913, -0.00895] linvel=[0.00605, -0.00514, -0.00092] z=0.1074
[lowlevel-sim][GT] t=76.051 quat=[0.48825, -0.51194, 0.50237, 0.49715] angvel=[-0.01464, -0.0208, -0.00752] linvel=[0.00635, -0.00303, 0.00132] z=0.1074
[lowlevel-sim][GT] t=76.101 quat=[0.4882, -0.51198, 0.50237, 0.49715] angvel=[-0.02475, -0.02367, -0.00966] linvel=[-0.00088, -0.00196, 0.00358] z=0.1074
[lowlevel-sim][GT] t=76.151 quat=[0.48816, -0.51191, 0.50223, 0.49741] angvel=[0.02882, 0.05475, 0.03293] linvel=[-0.00522, -0.00105, 0.0001] z=0.1074
[lowlevel-sim][GT] t=76.201 quat=[0.48779, -0.51204, 0.50207, 0.49779] angvel=[0.00018, 0.03359, 0.01287] linvel=[-0.006, -0.00516, -0.00062] z=0.1075
[lowlevel-sim][GT] t=76.251 quat=[0.48767, -0.51212, 0.50197, 0.49793] angvel=[-0.04554, 0.01818, 0.00931] linvel=[-0.00733, -0.00425, 0.00199] z=0.1074
[lowlevel-sim][GT] t=76.301 quat=[0.48763, -0.51232, 0.502, 0.49773] angvel=[-0.00985, 0.02124, -0.00611] linvel=[-0.00549, -0.00886, -0.0014] z=0.1074
[lowlevel-sim][GT] t=76.351 quat=[0.48763, -0.51227, 0.50189, 0.49789] angvel=[0.00892, 0.01801, 0.00442] linvel=[-0.00693, -0.0068, -0.00143] z=0.1074
[lowlevel-sim][GT] t=76.401 quat=[0.48773, -0.51238, 0.50202, 0.49756] angvel=[-0.02182, -0.01824, -0.00802] linvel=[-0.00032, -0.0054, -0.00075] z=0.1074
[lowlevel-sim][GT] t=76.451 quat=[0.48797, -0.51236, 0.50197, 0.49739] angvel=[-0.00472, -0.05963, -0.02153] linvel=[0.00374, -0.00333, 0.00068] z=0.1073
[lowlevel-sim] t=  76.50 mode=cmd        pd=43045 hold=10378 failclosed=233 rtf=0.267 base_z=+0.107 pitch=+1.542 roll=-3.111 |tau|max=  9.82 sat=0/29 knee_L=+0.278 hip_p_L=-0.107 torn=12146 cmd_age=31.1ms auth=241.4s rig_ign=1021 fix_base=0
[lowlevel-sim][GT] t=76.501 quat=[0.48818, -0.51223, 0.50211, 0.49717] angvel=[-0.01263, 0.04884, 0.02238] linvel=[0.00932, -0.00545, -0.0012] z=0.1074
[lowlevel-sim][GT] t=76.551 quat=[0.48828, -0.51221, 0.50213, 0.49709] angvel=[-0.04319, 0.04718, -0.01525] linvel=[0.00621, -0.0028, 0.0023] z=0.1073
[lowlevel-sim][GT] t=76.601 quat=[0.48811, -0.51222, 0.50229, 0.49707] angvel=[-0.01324, -0.00789, 0.01465] linvel=[0.00142, -0.00627, 0.00082] z=0.1073
