Authorization required, but no authorization protocol specified

Authorization required, but no authorization protocol specified

Authorization required, but no authorization protocol specified

Authorization required, but no authorization protocol specified

Authorization required, but no authorization protocol specified

cat: '/sys/devices/system/cpu/cpu*/cpufreq/scaling_governor': No such file or directory
Authorization required, but no authorization protocol specified

Authorization required, but no authorization protocol specified

[Info] [carb] Logging to file: /isaac-sim/kit/logs/Kit/Isaac-Sim Python/5.1/kit_20260822_125151.log
[0.151s] [ext: omni.kit.async_engine-0.0.3] startup
[1.068s] [ext: omni.metrics.core-0.0.3] startup
[1.068s] [ext: omni.client.lib-1.1.0] startup
[1.108s] [ext: omni.blobkey-1.1.2] startup
[1.108s] [ext: omni.stats-1.0.1] startup
[1.117s] [ext: omni.datastore-0.0.0] startup
[1.124s] [ext: omni.client-1.3.0] startup
[1.131s] [ext: omni.ujitso.default-1.0.0] startup
[1.134s] [ext: omni.hsscclient-1.1.2] startup
[1.157s] [ext: omni.gpu_foundation.shadercache.vulkan-1.0.0] startup
[1.189s] [ext: omni.assets.plugins-0.0.0] startup
[1.192s] [ext: omni.gpu_foundation-0.0.0] startup
[1.204s] [ext: carb.windowing.plugins-1.0.0] startup
2026-08-22T12:51:52Z [1,158ms] [Warning] [carb.windowing-glfw.plugin] GLFW initialization failed.
2026-08-22T12:51:52Z [1,158ms] [Warning] [carb] Failed to startup plugin carb.windowing-glfw.plugin (interfaces: [carb::windowing::IGLContext v1.0],[carb::windowing::IWindowing v1.5]) (impl: carb.windowing-glfw.plugin)
[1.206s] [ext: omni.kit.renderer.init-0.0.0] startup
2026-08-22T12:51:52Z [1,231ms] [Warning] [omni.platforminfo.plugin] failed to open the default display.  Can't verify X Server version.
2026-08-22T12:51:52Z [1,445ms] [Warning] [carb.windowing-glfw.plugin] GLFW initialization failed.
2026-08-22T12:51:52Z [1,445ms] [Warning] [carb] Failed to startup plugin carb.windowing-glfw.plugin (interfaces: [carb::windowing::IGLContext v1.0],[carb::windowing::IWindowing v1.5]) (impl: carb.windowing-glfw.plugin)

|---------------------------------------------------------------------------------------------|
| Driver Version: 580.105.08    | Graphics API: Vulkan
|=============================================================================================|
| GPU | Name                             | Active | LDA | GPU Memory | Vendor-ID | LUID       |
|     |                                  |        |     |            | Device-ID | UUID       |
|     |                                  |        |     |            | Bus-ID    |            |
|---------------------------------------------------------------------------------------------|
| 0   | NVIDIA GeForce RTX 4090          | Yes: 0 |     | 24810   MB | 10de      | 0          |
|     |                                  |        |     |            | 2684      | ea3ff652.. |
|     |                                  |        |     |            | 0         |            |
|=============================================================================================|
| OS: 24.04.2 LTS (Noble Numbat) ubuntu, Version: 24.04.2, Kernel: 6.8.0-87-generic
| Processor: AMD EPYC 7713 64-Core Processor
| Cores: 40 | Logical Cores: 40
|---------------------------------------------------------------------------------------------|
| Total Memory (MB): 135018 | Free Memory: 128596
| Total Page/Swap (MB): 0 | Free Page/Swap: 0
|---------------------------------------------------------------------------------------------|
[2.277s] [ext: omni.kit.pipapi-0.0.0] startup
[2.291s] [ext: omni.kit.pip_archive-0.0.0] startup
[2.299s] [ext: omni.pip.compute-1.6.3] startup
[2.306s] [ext: omni.materialx.libs-1.0.7] startup
[2.323s] [ext: omni.pip.cloud-1.4.3] startup
[2.354s] [ext: omni.isaac.core_archive-3.0.0] startup
[2.361s] [ext: omni.usd.config-1.0.6] startup
[2.376s] [ext: omni.gpucompute.plugins-0.0.0] startup
[2.377s] [ext: omni.usd.libs-1.0.1] startup
[2.479s] [ext: omni.kit.telemetry-0.5.2] startup
[2.555s] [ext: omni.mdl-56.0.3] startup
[3.119s] [ext: omni.iray.libs-0.0.0] startup
[3.127s] [ext: omni.mdl.neuraylib-0.2.12] startup
[3.147s] [ext: omni.kit.usd.mdl-1.1.5] startup
[3.314s] [ext: omni.isaac.ml_archive-3.0.4] startup
[3.323s] [ext: omni.kit.loop-isaac-1.3.7] startup
[3.344s] [ext: omni.kit.test-2.0.1] startup
[3.715s] [ext: omni.appwindow-1.1.10] startup
2026-08-22T12:51:55Z [3,669ms] [Warning] [carb.windowing-glfw.plugin] GLFW initialization failed.
2026-08-22T12:51:55Z [3,669ms] [Warning] [carb] Failed to startup plugin carb.windowing-glfw.plugin (interfaces: [carb::windowing::IGLContext v1.0],[carb::windowing::IWindowing v1.5]) (impl: carb.windowing-glfw.plugin)
Authorization required, but no authorization protocol specified

2026-08-22T12:51:55Z [3,671ms] [Warning] [carb.windowing-glfw.plugin] GLFW initialization failed.
2026-08-22T12:51:55Z [3,671ms] [Warning] [carb] Failed to startup plugin carb.windowing-glfw.plugin (interfaces: [carb::windowing::IGLContext v1.0],[carb::windowing::IWindowing v1.5]) (impl: carb.windowing-glfw.plugin)
2026-08-22T12:51:55Z [3,671ms] [Error] [omni.appwindow.plugin] Failed to acquire IWindowing interface
2026-08-22T12:51:55Z [3,671ms] [Error] [omni.appwindow.plugin] IAppWindow::startup failed
Authorization required, but no authorization protocol specified

Authorization required, but no authorization protocol specified

[3.727s] [ext: omni.kit.renderer.core-1.1.0] startup
2026-08-22T12:51:55Z [3,707ms] [Warning] [carb.windowing-glfw.plugin] GLFW initialization failed.
2026-08-22T12:51:55Z [3,707ms] [Warning] [carb] Failed to startup plugin carb.windowing-glfw.plugin (interfaces: [carb::windowing::IGLContext v1.0],[carb::windowing::IWindowing v1.5]) (impl: carb.windowing-glfw.plugin)
[3.767s] [ext: omni.kit.renderer.capture-0.0.0] startup
[3.787s] [ext: omni.kit.renderer.imgui-2.0.5] startup
2026-08-22T12:51:55Z [3,746ms] [Warning] [carb.windowing-glfw.plugin] GLFW initialization failed.
2026-08-22T12:51:55Z [3,746ms] [Warning] [carb] Failed to startup plugin carb.windowing-glfw.plugin (interfaces: [carb::windowing::IGLContext v1.0],[carb::windowing::IWindowing v1.5]) (impl: carb.windowing-glfw.plugin)
2026-08-22T12:51:55Z [3,746ms] [Warning] [omni.ui.windowmanager.plugin] Failed to set app window for default window set!
[3.806s] [ext: omni.ui-2.27.1] startup
[3.833s] [ext: omni.kit.mainwindow-1.0.3] startup
[3.847s] [ext: carb.audio-0.1.0] startup
[3.854s] [ext: omni.uiaudio-1.0.0] startup
[3.864s] [ext: omni.kit.uiapp-0.0.0] startup
[3.864s] [ext: omni.usd.schema.metrics.assembler-107.3.1] startup
[3.881s] [ext: omni.usd.schema.audio-0.0.0] startup
[3.897s] [ext: omni.anim.graph.schema-107.3.3] startup
[3.925s] [ext: omni.usd_resolver-1.0.0] startup
[3.940s] [ext: omni.usd.core-1.5.3] startup
[3.943s] [ext: omni.usd.schema.render_settings.rtx-0.0.0] startup
[4.021s] [ext: omni.usd.schema.semantics-0.0.0] startup
[4.036s] [ext: isaacsim.robot.schema-3.6.0] startup
[4.069s] [ext: omni.usd.schema.geospatial-0.0.0] startup
[4.083s] [ext: omni.usd.schema.anim-0.0.0] startup
[4.122s] [ext: omni.kit.window.popup_dialog-2.0.24] startup
[4.146s] [ext: usdrt.scenegraph-7.6.1] startup
[4.249s] [ext: omni.timeline-1.0.14] startup
[4.262s] [ext: omni.resourcemonitor-107.0.1] startup
[4.282s] [ext: omni.activity.core-1.0.3] startup
[4.295s] [ext: omni.kit.widget.nucleus_connector-2.0.1] startup
[4.318s] [ext: omni.hydra.usdrt_delegate-7.5.1] startup
[4.336s] [ext: omni.kit.actions.core-1.0.0] startup
[4.353s] [ext: omni.graph.exec-0.9.6] startup
[4.353s] [ext: omni.kit.commands-1.4.10] startup
[4.380s] [ext: omni.kit.usd_undo-0.1.8] startup
[4.390s] [ext: omni.kit.exec.core-0.13.4] startup
[4.406s] [ext: omni.kit.audiodeviceenum-1.0.2] startup
[4.416s] [ext: omni.hydra.scene_delegate-0.3.4] startup
[4.421s] [ext: omni.usd-1.13.10] startup
[4.512s] [ext: omni.kit.asset_converter-5.0.17] startup
[4.546s] [ext: omni.usd.schema.flow-107.1.1] startup
[4.554s] [ext: omni.usd.schema.omnigraph-1.0.0] startup
[4.572s] [ext: omni.usd.schema.omni_sensors-0.0.0] startup
[4.581s] [ext: omni.anim.navigation.schema-107.3.3] startup
[4.594s] [ext: omni.inspect-1.0.2] startup
[4.601s] [ext: omni.kit.notification_manager-1.0.10] startup
[4.615s] [ext: omni.graph.core-2.184.5] startup
[4.618s] [ext: isaacsim.core.deprecation_manager-0.2.7] startup
[4.627s] [ext: omni.usd.schema.physx-107.3.26] startup
[4.722s] [ext: omni.usd.schema.isaac-3.0.5] startup
[4.722s] [ext: omni.usd.schema.omniscripting-1.0.0] startup
[4.747s] [ext: omni.usd.schema.omni_lens_distortion-0.0.0] startup
[4.760s] [ext: omni.kvdb-107.3.26] startup
[4.773s] [ext: omni.usdphysics-107.3.26] startup
[4.786s] [ext: omni.physx.foundation-107.3.26] startup
[4.799s] [ext: omni.localcache-107.3.26] startup
[4.811s] [ext: omni.convexdecomposition-107.3.26] startup
[4.826s] [ext: omni.physx.cooking-107.3.26] startup
[4.843s] [ext: omni.physx-107.3.26] startup
[4.889s] [ext: omni.physics-107.3.26] startup
[4.907s] [ext: omni.kit.usd.layers-2.2.11] startup
[4.990s] [ext: omni.physics.physx-107.3.26] startup
2026-08-22T12:51:56Z [4,944ms] [Warning] [carb] Acquiring non optional plugin interface which is not listed as dependency: [omni::physx::IPhysxBenchmarks v1.0] (plugin: <default plugin>), by client: omni.physics.physx.plugin. Add it to CARB_PLUGIN_IMPL_DEPS() macro of a client.
[4.998s] [ext: omni.physics.stageupdate-107.3.26] startup
[5.009s] [ext: omni.kit.numpy.common-0.1.3] startup
[5.017s] [ext: isaacsim.core.version-2.0.6] startup
[5.026s] [ext: omni.isaac.dynamic_control-2.0.7] startup
2026-08-22T12:51:56Z [4,995ms] [Warning] [omni.isaac.dynamic_control] omni.isaac.dynamic_control is deprecated as of Isaac Sim 4.5. No action is needed from end-users.
[5.045s] [ext: isaacsim.storage.native-1.5.1] startup
[5.062s] [ext: omni.kit.menu.core-1.1.2] startup
[5.074s] [ext: omni.kit.helper.file_utils-0.1.9] startup
[5.087s] [ext: omni.usd.metrics.assembler-107.3.1] startup
[5.109s] [ext: omni.kit.widget.context_menu-1.2.5] startup
[5.122s] [ext: omni.warp.core-1.8.2] startup
[5.623s] [ext: omni.usd.metrics.assembler.physics-107.3.26] startup
[5.648s] [ext: omni.physics.tensors-107.3.26] startup
[5.686s] [ext: omni.kit.context_menu-1.8.6] startup
[5.713s] [ext: omni.kit.clipboard-1.0.5] startup
[5.721s] [ext: isaacsim.core.utils-3.5.1] startup
[5.741s] [ext: omni.kit.widget.filebrowser-2.12.3] startup
[5.788s] [ext: omni.kit.widget.options_menu-1.1.6] startup
[5.811s] [ext: omni.kit.widget.path_field-2.0.11] startup
[5.824s] [ext: omni.index.libs-380600.8087.0] startup
[5.825s] [ext: omni.ui.scene-1.11.5] startup
[5.836s] [ext: omni.kit.widget.options_button-1.0.3] startup
[5.847s] [ext: omni.kit.widget.browser_bar-2.0.10] startup
[5.860s] [ext: omni.index-1.0.1] startup
[5.861s] [ext: omni.hydra.rtx.shadercache.vulkan-1.0.0] startup
[5.873s] [ext: omni.kit.window.filepicker-2.13.4] startup
[6.005s] [ext: omni.volume-0.5.2] startup
[6.013s] [ext: omni.ujitso.client-0.0.0] startup
[6.014s] [ext: omni.graph.tools-1.79.2] startup
[6.203s] [ext: omni.graph.image.core-0.6.1] startup
[6.205s] [ext: omni.hydra.rtx-1.0.0] startup
2026-08-22T12:51:57Z [6,179ms] [Warning] [omni.log] Source: omni.hydra was already registered.
[6.252s] [ext: omni.kit.window.file_importer-1.1.18] startup
[6.268s] [ext: omni.kit.menu.utils-2.0.5] startup
[6.331s] [ext: omni.graph.image.nodes-1.3.1] startup
[6.333s] [ext: omni.kit.widget.searchable_combobox-1.0.6] startup
[6.347s] [ext: omni.kit.hydra_texture-1.4.6] startup
[6.360s] [ext: omni.kit.material.library-2.0.7] startup
[6.406s] [ext: omni.hydra.engine.stats-1.0.3] startup
[6.417s] [ext: omni.kit.viewport.scene_camera_model-1.0.6] startup
[6.431s] [ext: omni.kit.widget.settings-1.2.6] startup
[6.454s] [ext: omni.kit.viewport.legacy_gizmos-1.0.19] startup
[6.465s] [ext: omni.kit.widget.viewport-107.1.3] startup
[6.504s] [ext: omni.kit.viewport.registry-104.0.6] startup
[6.514s] [ext: omni.kit.raycast.query-1.1.0] startup
[6.532s] [ext: omni.physx.tensors-107.3.26] startup
[6.537s] [ext: omni.kit.window.drop_support-1.0.5] startup
[6.548s] [ext: omni.kit.primitive.mesh-1.0.17] startup
[6.582s] [ext: omni.kit.viewport.window-107.2.0] startup
2026-08-22T12:51:57Z [6,575ms] [Error] [omni.kit.window.drop_support.drop_support] Cannot setup ExternalDragDrop without a default window
2026-08-22T12:51:57Z [6,576ms] [Error] [omni.ui.python] AttributeError: 'NoneType' object has no attribute 'get_window_minimize_event_stream'

At:
  /isaac-sim/extscache/omni.kit.viewport.window-107.2.0+69cbf6ad/omni/kit/viewport/window/window.py(136): __init__
  /isaac-sim/extscache/omni.kit.viewport.window-107.2.0+69cbf6ad/omni/kit/viewport/window/menu_entry.py(203): __show_window
  /isaac-sim/extscache/omni.kit.viewport.window-107.2.0+69cbf6ad/omni/kit/viewport/window/menu_entry.py(139): <lambda>
  /isaac-sim/extscache/omni.kit.viewport.window-107.2.0+69cbf6ad/omni/kit/viewport/window/menu_entry.py(141): __init__
  /isaac-sim/extscache/omni.kit.viewport.window-107.2.0+69cbf6ad/omni/kit/viewport/window/menu_entry.py(250): <listcomp>
  /isaac-sim/extscache/omni.kit.viewport.window-107.2.0+69cbf6ad/omni/kit/viewport/window/menu_entry.py(249): create_viewport_window_menu
  /isaac-sim/extscache/omni.kit.viewport.window-107.2.0+69cbf6ad/omni/kit/viewport/window/extension.py(37): on_startup
  /isaac-sim/kit/kernel/py/omni/ext/_impl/_internal.py(173): _startup_ext
  /isaac-sim/kit/kernel/py/omni/ext/_impl/_internal.py(233): startup
  /isaac-sim/kit/kernel/py/omni/ext/_impl/_internal.py(337): startup_extension
  PythonExtension.cpp::startup()(2): <module>
  /isaac-sim/exts/isaacsim.simulation_app/isaacsim/simulation_app/simulation_app.py(534): _start_app
  /isaac-sim/exts/isaacsim.simulation_app/isaacsim/simulation_app/simulation_app.py(270): __init__
  /workspace/ferox_isaac/run.py(32): <module>

[6.669s] [ext: omni.kit.window.preferences-1.8.0] startup
[6.717s] [ext: isaacsim.core.simulation_manager-1.4.4] startup
[10.972s] [ext: omni.graph.action_core-1.1.7] startup
[10.986s] [ext: omni.graph-1.141.2] startup
[11.191s] [ext: omni.kit.viewport.utility-1.1.2] startup
[11.214s] [ext: omni.kit.viewport.menubar.core-107.2.1] startup
[11.309s] [ext: isaacsim.core.prims-0.6.1] startup
[11.469s] [ext: omni.graph.action_nodes-1.50.4] startup
[11.488s] [ext: omni.kit.stage_template.core-1.1.22] startup
[11.504s] [ext: omni.syntheticdata-0.6.13] startup
[11.852s] [ext: omni.graph.nodes-1.170.10] startup
[11.908s] [ext: omni.graph.action-1.130.0] startup
[11.950s] [ext: omni.kit.stage_templates-2.0.0] startup
[11.998s] [ext: omni.kit.widget.filter-1.1.4] startup
[12.019s] [ext: omni.kit.widget.graph-2.0.0] startup
[12.129s] [ext: omni.kit.property.adapter.core-1.0.2] startup
[12.158s] [ext: omni.kit.window.file_exporter-1.0.33] startup
[12.179s] [ext: omni.kit.widget.searchfield-1.1.8] startup
[12.202s] [ext: omni.kit.hotkeys.core-1.3.10] startup
[12.204s] [ext: omni.kit.graph.delegate.default-1.2.3] startup
[12.226s] [ext: omni.kit.property.adapter.fabric-1.0.3] startup
[12.254s] [ext: omni.kit.widget.stage-3.1.4] startup
[12.344s] [ext: omni.kit.property.adapter.usd-1.0.2] startup
[12.366s] [ext: omni.kit.graph.editor.core-1.5.3] startup
[12.404s] [ext: omni.kit.widget.material_preview-1.0.16] startup
[12.428s] [ext: omni.kit.widget.highlight_label-1.0.3] startup
[12.449s] [ext: omni.kit.window.file-2.0.5] startup
[12.482s] [ext: omni.kit.window.content_browser_registry-0.0.6] startup
[12.499s] [ext: omni.kit.window.property-1.12.1] startup
[12.533s] [ext: omni.kit.window.content_browser-3.1.3] startup
2026-08-22T12:52:03Z [12,533ms] [Error] [omni.kit.window.drop_support.drop_support] Cannot setup ExternalDragDrop without a default window
[12.581s] [ext: omni.kit.graph.usd.commands-1.3.1] startup
[12.607s] [ext: omni.kit.property.usd-4.5.12] startup
[12.725s] [ext: omni.graph.ui_nodes-1.50.5] startup
[12.750s] [ext: omni.videoencoding-0.1.2] startup
[12.767s] [ext: omni.kit.window.material_graph-1.9.1] startup
[12.890s] [ext: omni.warp-1.8.2] startup
[12.944s] [ext: isaacsim.core.api-4.8.0] startup
[13.270s] [ext: omni.graph.scriptnode-1.50.0] startup
[13.305s] [ext: isaacsim.test.docstring-1.1.0] startup
[13.384s] [ext: isaacsim.core.experimental.utils-0.3.0] startup
[13.410s] [ext: omni.replicator.core-1.12.27] startup
2026-08-22T12:52:04Z [13,511ms] [Warning] [pxr.Semantics] pxr.Semantics is deprecated - please use Semantics instead
2026-08-22T12:52:05Z [13,834ms] [Warning] [omni.graph.core.plugin] Found duplicate of category 'Replicator' - was 'Annotators', adding 'Fabric Reader'
2026-08-22T12:52:05Z [13,834ms] [Warning] [omni.graph.core.plugin] Category 'Replicator' not accepted on node type 'omni.replicator.core.FabricReader' in extension 'omni.replicator.core'
2026-08-22T12:52:05Z [13,835ms] [Warning] [omni.replicator.core.scripts.extension] No material configuration file, adding configuration to material settings directly.
[13.889s] [ext: isaacsim.core.experimental.prims-0.8.1] startup
[14.064s] [ext: omni.kit.window.extensions-1.4.27] startup
[14.206s] [ext: isaacsim.core.experimental.objects-0.4.0] startup
[14.330s] [ext: omni.ui_query-1.1.8] startup
[14.357s] [ext: omni.kit.manipulator.viewport-107.0.1] startup
[14.430s] [ext: isaacsim.robot.surface_gripper-3.3.1] startup
[14.511s] [ext: omni.kit.ui_test-1.3.7] startup
[14.616s] [ext: omni.graph.visualization.nodes-2.1.3] startup
[14.797s] [ext: isaacsim.robot_motion.lula-4.0.8] startup
[14.890s] [ext: isaacsim.core.nodes-3.4.3] startup
[15.021s] [ext: isaacsim.gui.components-1.2.1] startup
[15.190s] [ext: isaacsim.robot_motion.motion_generation-8.0.26] startup
[15.574s] [ext: isaacsim.robot.manipulators-3.3.6] startup
[15.881s] [ext: isaacsim.core.experimental.materials-0.4.0] startup
[16.500s] [ext: isaacsim.robot.manipulators.examples-1.1.2] startup
[16.532s] [ext: isaacsim.cortex.framework-1.0.12] startup
[16.548s] [ext: isaacsim.cortex.behaviors-2.0.14] startup
[16.561s] [ext: omni.isaac.cortex.sample_behaviors-2.0.5] startup
2026-08-22T12:52:07Z [16,526ms] [Warning] [omni.isaac.cortex] omni.isaac.cortex has been deprecated in favor of isaacsim.cortex.framework. Please update your code accordingly.
2026-08-22T12:52:07Z [16,538ms] [Warning] [omni.isaac.cortex.sample_behaviors] omni.isaac.cortex.sample_behaviors has been deprecated in favor of isaacsim.cortex.behaviors. Please update your code accordingly.
[16.587s] [ext: omni.kit.widget.zoombar-1.0.6] startup
[16.608s] [ext: isaacsim.gui.content_browser-0.1.11] startup
[16.637s] [ext: omni.kit.browser.core-2.3.13] startup
[16.707s] [ext: omni.kit.widget.stage_icons-1.0.8] startup
[16.724s] [ext: omni.kit.widget.prompt-1.0.7] startup
[16.744s] [ext: omni.kit.usd.collect-2.4.5] startup
[16.797s] [ext: omni.kit.browser.folder.core-1.10.9] startup
[16.883s] [ext: omni.kit.window.stage-2.6.1] startup
[16.914s] [ext: omni.kit.usdz_export-1.0.9] startup
[16.937s] [ext: omni.kit.tool.collect-2.2.18] startup
[16.981s] [ext: omni.kit.menu.stage-1.2.7] startup
[17.002s] [ext: omni.kit.tool.asset_importer-4.3.2] startup
[17.072s] [ext: isaacsim.robot.wheeled_robots-4.0.24] startup
[17.151s] [ext: isaacsim.examples.browser-0.2.1] startup
[17.191s] [ext: isaacsim.asset.importer.urdf-2.4.30] startup
[17.599s] [ext: omni.isaac.wheeled_robots-3.0.7] startup
2026-08-22T12:52:08Z [17,571ms] [Warning] [omni.isaac.wheeled_robots] omni.isaac.wheeled_robots has been deprecated in favor of isaacsim.robot.wheeled_robots. Please update your code accordingly.
2026-08-22T12:52:09Z [17,583ms] [Warning] [omni.isaac.wheeled_robots.controllers] omni.isaac.wheeled_robots has been deprecated in favor of isaacsim.robot.wheeled_robots. Please update your code accordingly.
2026-08-22T12:52:09Z [17,584ms] [Warning] [omni.isaac.wheeled_robots.controllers.ackermann_controller] omni.isaac.wheeled_robots has been deprecated in favor of isaacsim.robot.wheeled_robots. Please update your code accordingly.
2026-08-22T12:52:09Z [17,585ms] [Warning] [omni.isaac.wheeled_robots.controllers.differential_controller] omni.isaac.wheeled_robots has been deprecated in favor of isaacsim.robot.wheeled_robots. Please update your code accordingly.
2026-08-22T12:52:09Z [17,586ms] [Warning] [omni.isaac.wheeled_robots.controllers.holonomic_controller] omni.isaac.wheeled_robots has been deprecated in favor of isaacsim.robot.wheeled_robots. Please update your code accordingly.
2026-08-22T12:52:09Z [17,587ms] [Warning] [omni.isaac.wheeled_robots.controllers.quintic_path_planner] omni.isaac.wheeled_robots has been deprecated in favor of isaacsim.robot.wheeled_robots. Please update your code accordingly.
2026-08-22T12:52:09Z [17,588ms] [Warning] [omni.isaac.wheeled_robots.controllers.stanley_control] omni.isaac.wheeled_robots has been deprecated in favor of isaacsim.robot.wheeled_robots. Please update your code accordingly.
2026-08-22T12:52:09Z [17,589ms] [Warning] [omni.isaac.wheeled_robots.controllers.wheel_base_pose_controller] omni.isaac.wheeled_robots has been deprecated in favor of isaacsim.robot.wheeled_robots. Please update your code accordingly.
2026-08-22T12:52:09Z [17,592ms] [Warning] [omni.isaac.wheeled_robots.impl] omni.isaac.wheeled_robots has been deprecated in favor of isaacsim.robot.wheeled_robots. Please update your code accordingly.
2026-08-22T12:52:09Z [17,595ms] [Warning] [omni.isaac.wheeled_robots.robots] omni.isaac.wheeled_robots has been deprecated in favor of isaacsim.robot.wheeled_robots. Please update your code accordingly.
2026-08-22T12:52:09Z [17,596ms] [Warning] [omni.isaac.wheeled_robots.robots.holonomic_robot_usd_setup] omni.isaac.wheeled_robots has been deprecated in favor of isaacsim.robot.wheeled_robots. Please update your code accordingly.
2026-08-22T12:52:09Z [17,597ms] [Warning] [omni.isaac.wheeled_robots.robots.wheeled_robot] omni.isaac.wheeled_robots has been deprecated in favor of isaacsim.robot.wheeled_robots. Please update your code accordingly.
[17.648s] [ext: isaacsim.simulation_app-2.12.2] startup
[17.653s] [ext: omni.isaac.franka-1.0.7] startup
2026-08-22T12:52:09Z [17,617ms] [Warning] [omni.isaac.franka] omni.isaac.franka has been deprecated in favor of isaacsim.robot.manipulators.examples.franka. Please update your code accordingly.
2026-08-22T12:52:09Z [17,618ms] [Warning] [omni.isaac.franka.franka] omni.isaac.franka has been deprecated in favor of isaacsim.robot.manipulators.examples.franka. Please update your code accordingly.
2026-08-22T12:52:09Z [17,700ms] [Warning] [omni.isaac.franka.kinematics_solver] omni.isaac.franka has been deprecated in favor of isaacsim.robot.manipulators.examples.franka. Please update your code accordingly.
[17.749s] [ext: omni.isaac.kit-2.0.6] startup
2026-08-22T12:52:09Z [17,719ms] [Warning] [omni.isaac.kit] omni.isaac.kit has been deprecated in favor of isaacsim.simulation_app. Please update your code accordingly.
[17.768s] [ext: omni.kit.selection-0.1.6] startup
[17.789s] [ext: omni.isaac.lula-4.0.6] startup
2026-08-22T12:52:09Z [17,754ms] [Warning] [omni.isaac.lula] omni.isaac.lula has been deprecated in favor of isaacsim.robot_motion.lula. Please update your code accordingly.
[17.806s] [ext: isaacsim.robot_motion.lula_test_widget-1.0.12] startup
[17.846s] [ext: isaacsim.asset.browser-1.3.23] startup
[18.163s] [ext: omni.kit.viewport.actions-107.0.2] startup
[18.191s] [ext: isaacsim.gui.menu-2.4.4] startup
[18.248s] [ext: omni.isaac.manipulators-3.0.7] startup
2026-08-22T12:52:09Z [18,212ms] [Warning] [omni.isaac.manipulators] omni.isaac.manipulators has been deprecated in favor of isaacsim.robot.manipulators. Please update your code accordingly.
2026-08-22T12:52:09Z [18,214ms] [Warning] [omni.isaac.manipulators.controllers] omni.isaac.manipulators has been deprecated in favor of isaacsim.robot.manipulators. Please update your code accordingly.
2026-08-22T12:52:09Z [18,215ms] [Warning] [omni.isaac.manipulators.controllers.pick_place_controller] omni.isaac.manipulators has been deprecated in favor of isaacsim.robot.manipulators. Please update your code accordingly.
2026-08-22T12:52:09Z [18,224ms] [Warning] [omni.isaac.manipulators.controllers.stacking_controller] omni.isaac.manipulators has been deprecated in favor of isaacsim.robot.manipulators. Please update your code accordingly.
2026-08-22T12:52:09Z [18,227ms] [Warning] [omni.isaac.manipulators.grippers] omni.isaac.manipulators has been deprecated in favor of isaacsim.robot.manipulators. Please update your code accordingly.
2026-08-22T12:52:09Z [18,227ms] [Warning] [omni.isaac.manipulators.grippers.gripper] omni.isaac.manipulators has been deprecated in favor of isaacsim.robot.manipulators. Please update your code accordingly.
2026-08-22T12:52:09Z [18,228ms] [Warning] [omni.isaac.manipulators.grippers.parallel_gripper] omni.isaac.manipulators has been deprecated in favor of isaacsim.robot.manipulators. Please update your code accordingly.
2026-08-22T12:52:09Z [18,228ms] [Warning] [omni.isaac.manipulators.grippers.surface_gripper] omni.isaac.manipulators has been deprecated in favor of isaacsim.robot.manipulators. Please update your code accordingly.
2026-08-22T12:52:09Z [18,231ms] [Warning] [omni.isaac.manipulators.manipulators] omni.isaac.manipulators has been deprecated in favor of isaacsim.robot.manipulators. Please update your code accordingly.
2026-08-22T12:52:09Z [18,231ms] [Warning] [omni.isaac.manipulators.manipulators.single_manipulator] omni.isaac.manipulators has been deprecated in favor of isaacsim.robot.manipulators. Please update your code accordingly.
[18.282s] [ext: omni.isaac.lula_test_widget-1.0.6] startup
2026-08-22T12:52:09Z [18,249ms] [Warning] [omni.isaac.lula_test_widget] omni.isaac.lula_test_widget has been deprecated in favor of isaacsim.robot_motion.lula_test_widget. Please update your code accordingly.
[18.297s] [ext: omni.isaac.asset_browser-1.0.6] startup
2026-08-22T12:52:09Z [18,264ms] [Warning] [omni.isaac.asset_browser] omni.isaac.asset_browser has been deprecated in favor of isaacsim.asset.browser. Please update your code accordingly.
[18.314s] [ext: omni.kit.viewport.menubar.display-107.0.3] startup
[18.341s] [ext: omni.isaac.menu-1.0.6] startup
2026-08-22T12:52:09Z [18,309ms] [Warning] [omni.isaac.menu] omni.isaac.menu has been deprecated in favor of isaacsim.gui.menu. Please update your code accordingly.
[18.359s] [ext: omni.isaac.motion_generation-8.0.7] startup
2026-08-22T12:52:09Z [18,325ms] [Warning] [omni.isaac.motion_generation] omni.isaac.motion_generation has been deprecated in favor of isaacsim.robot_motion.motion_generation. Please update your code accordingly.
2026-08-22T12:52:09Z [18,326ms] [Warning] [omni.isaac.motion_generation.articulation_kinematics_solver] omni.isaac.motion_generation has been deprecated in favor of isaacsim.robot_motion.motion_generation. Please update your code accordingly.
2026-08-22T12:52:09Z [18,326ms] [Warning] [omni.isaac.motion_generation.articulation_motion_policy] omni.isaac.motion_generation has been deprecated in favor of isaacsim.robot_motion.motion_generation. Please update your code accordingly.
2026-08-22T12:52:09Z [18,327ms] [Warning] [omni.isaac.motion_generation.articulation_trajectory] omni.isaac.motion_generation has been deprecated in favor of isaacsim.robot_motion.motion_generation. Please update your code accordingly.
2026-08-22T12:52:09Z [18,327ms] [Warning] [omni.isaac.motion_generation.kinematics_interface] omni.isaac.motion_generation has been deprecated in favor of isaacsim.robot_motion.motion_generation. Please update your code accordingly.
2026-08-22T12:52:09Z [18,330ms] [Warning] [omni.isaac.motion_generation.lula] omni.isaac.motion_generation has been deprecated in favor of isaacsim.robot_motion.motion_generation. Please update your code accordingly.
2026-08-22T12:52:09Z [18,331ms] [Warning] [omni.isaac.motion_generation.lula.kinematics] omni.isaac.motion_generation has been deprecated in favor of isaacsim.robot_motion.motion_generation. Please update your code accordingly.
2026-08-22T12:52:09Z [18,331ms] [Warning] [omni.isaac.motion_generation.lula.motion_policies] omni.isaac.motion_generation has been deprecated in favor of isaacsim.robot_motion.motion_generation. Please update your code accordingly.
2026-08-22T12:52:09Z [18,332ms] [Warning] [omni.isaac.motion_generation.lula.path_planners] omni.isaac.motion_generation has been deprecated in favor of isaacsim.robot_motion.motion_generation. Please update your code accordingly.
2026-08-22T12:52:09Z [18,332ms] [Warning] [omni.isaac.motion_generation.lula.trajectory_generator] omni.isaac.motion_generation has been deprecated in favor of isaacsim.robot_motion.motion_generation. Please update your code accordingly.
2026-08-22T12:52:09Z [18,333ms] [Warning] [omni.isaac.motion_generation.motion_policy_controller] omni.isaac.motion_generation has been deprecated in favor of isaacsim.robot_motion.motion_generation. Please update your code accordingly.
2026-08-22T12:52:09Z [18,333ms] [Warning] [omni.isaac.motion_generation.motion_policy_interface] omni.isaac.motion_generation has been deprecated in favor of isaacsim.robot_motion.motion_generation. Please update your code accordingly.
2026-08-22T12:52:09Z [18,334ms] [Warning] [omni.isaac.motion_generation.path_planner_visualizer] omni.isaac.motion_generation has been deprecated in favor of isaacsim.robot_motion.motion_generation. Please update your code accordingly.
2026-08-22T12:52:09Z [18,334ms] [Warning] [omni.isaac.motion_generation.path_planning_interface] omni.isaac.motion_generation has been deprecated in favor of isaacsim.robot_motion.motion_generation. Please update your code accordingly.
2026-08-22T12:52:09Z [18,335ms] [Warning] [omni.isaac.motion_generation.trajectory] omni.isaac.motion_generation has been deprecated in favor of isaacsim.robot_motion.motion_generation. Please update your code accordingly.
2026-08-22T12:52:09Z [18,335ms] [Warning] [omni.isaac.motion_generation.world_interface] omni.isaac.motion_generation has been deprecated in favor of isaacsim.robot_motion.motion_generation. Please update your code accordingly.
[18.386s] [ext: omni.isaac.assets_check-0.3.13] startup
2026-08-22T12:52:09Z [18,353ms] [Warning] [omni.isaac.assets_check] omni.isaac.assets_check has been deprecated in favor of isaacsim.asset.browser. Please update your code accordingly.
[18.401s] [ext: isaacsim.gui.sensors.icon-2.0.3] startup
[18.528s] [ext: isaacsim.asset.importer.mjcf-2.5.13] startup
[18.566s] [ext: omni.sensors.nv.common-3.0.0] startup
[18.596s] [ext: isaacsim.sensors.physics-0.4.3] startup
[18.623s] [ext: omni.sensors.net-1.0.0] startup
[18.638s] [ext: omni.isaac.nucleus-1.0.6] startup
2026-08-22T12:52:10Z [18,605ms] [Warning] [omni.isaac.nucleus] omni.isaac.nucleus has been deprecated in favor of isaacsim.storage.native. Please update your code accordingly.
2026-08-22T12:52:10Z [18,609ms] [Warning] [omni.isaac.nucleus.nucleus] omni.isaac.nucleus.nucleus has been deprecated in favor of isaacsim.storage.native. Please update your code accordingly.
[18.659s] [ext: omni.sensors.nv.materials-2.0.0] startup
[18.678s] [ext: isaacsim.robot.policy.examples-4.1.11] startup
[18.695s] [ext: omni.sensors.nv.wpm-3.0.0] startup
[18.702s] [ext: omni.sensors.nv.lidar-3.0.0] startup
[18.724s] [ext: isaacsim.util.debug_draw-3.1.0] startup
[18.741s] [ext: omni.sensors.nv.radar-3.0.0] startup
[18.748s] [ext: omni.sensors.nv.ids-2.0.0] startup
[18.752s] [ext: isaacsim.core.cloner-1.4.10] startup
[18.774s] [ext: isaacsim.sensors.physx-2.3.2] startup
[18.800s] [ext: isaacsim.sensors.rtx-15.8.4] startup
[18.838s] [ext: isaacsim.sensors.camera-1.3.6] startup
[18.883s] [ext: omni.isaac.quadruped-3.0.7] startup
2026-08-22T12:52:10Z [18,849ms] [Warning] [omni.isaac.quadruped] omni.isaac.quadruped has been deprecated in favor of isaacsim.robot.policy.examples. Please update your code accordingly.
[18.900s] [ext: omni.isaac.cloner-1.0.7] startup
2026-08-22T12:52:10Z [18,865ms] [Warning] [omni.isaac.cloner] omni.isaac.cloner has been deprecated in favor of isaacsim.core.cloner. Please update your code accordingly.
[18.916s] [ext: omni.isaac.range_sensor-4.0.6] startup
2026-08-22T12:52:10Z [18,884ms] [Warning] [omni.isaac.range_sensor] omni.isaac.range_sensor has been deprecated in favor of isaacsim.sensors.physx. Please update your code accordingly.
2026-08-22T12:52:10Z [18,884ms] [Warning] [omni.isaac.range_sensor.commands] omni.isaac.range_sensor.commands has been deprecated in favor of isaacsim.sensors.physx.commands. Please update your code accordingly.
[18.936s] [ext: omni.isaac.sensor-13.0.7] startup
2026-08-22T12:52:10Z [18,899ms] [Warning] [omni.isaac.sensor] omni.isaac.sensor has been deprecated in favor of isaacsim.sensors.camera, isaacsim.sensors.physics, isaacsim.sensors.physx, and isaacsim.sensors.rtx. Please update your code accordingly.
2026-08-22T12:52:10Z [18,899ms] [Warning] [omni.isaac.sensor.camera] omni.isaac.sensor.camera has been deprecated in favor of isaacsim.sensors.camera.camera. Please update your code accordingly.
2026-08-22T12:52:10Z [18,900ms] [Warning] [omni.isaac.sensor.camera_view] omni.isaac.sensor.camera_view has been deprecated in favor of isaacsim.sensors.camera.camera_view. Please update your code accordingly.
2026-08-22T12:52:10Z [18,900ms] [Warning] [omni.isaac.sensor.commands] omni.isaac.sensor.commands has been deprecated in favor of isaacsim.sensors.physics.commands, isaacsim.sensors.physx.commands, and isaacsim.sensors.rtx.commands. Please update your code accordingly.
2026-08-22T12:52:10Z [18,901ms] [Warning] [omni.isaac.sensor.contact_sensor] omni.isaac.sensor.contact_sensor has been deprecated in favor of isaacsim.sensors.physics.contact_sensor. Please update your code accordingly.
2026-08-22T12:52:10Z [18,901ms] [Warning] [omni.isaac.sensor.imu_sensor] omni.isaac.sensor.imu_sensor has been deprecated in favor of isaacsim.sensors.physics.imu_sensor. Please update your code accordingly.
2026-08-22T12:52:10Z [18,902ms] [Warning] [omni.isaac.sensor.lidar_rtx] omni.isaac.sensor.lidar_rtx has been deprecated in favor of isaacsim.sensors.rtx.lidar_rtx. Please update your code accordingly.
2026-08-22T12:52:10Z [18,902ms] [Warning] [omni.isaac.sensor.rotating_lidar_physX] omni.isaac.sensor.imu_sensor has been deprecated in favor of isaacsim.sensors.physix.rotating_lidar_physX. Please update your code accordingly.
2026-08-22T12:52:10Z [18,907ms] [Warning] [omni.isaac.sensor.scripts.samples.contact_sensor] omni.isaac.sensor.scripts.samples.contact_sensor has been deprecated in favor of isaacsim.sensors.physics.scripts.samples.contact_sensor. Please update your code accordingly.
2026-08-22T12:52:10Z [18,908ms] [Warning] [omni.isaac.sensor.scripts.samples.imu_sensor] omni.isaac.sensor.scripts.samples.imu_sensor has been deprecated in favor of isaacsim.sensors.physics.scripts.samples.imu_sensor. Please update your code accordingly.
2026-08-22T12:52:10Z [18,908ms] [Warning] [omni.isaac.sensor.scripts.samples.lightbeam_sensor] omni.isaac.sensor.scripts.samples.lightbeam_sensor has been deprecated in favor of isaacsim.sensors.physx.scripts.samples.lightbeam_sensor. Please update your code accordingly.
[18.959s] [ext: omni.kit.menu.create-2.0.1] startup
[18.991s] [ext: omni.kit.widget.toolbar-2.0.1] startup
[19.042s] [ext: omni.kit.manipulator.transform-107.0.0] startup
[19.085s] [ext: omni.isaac.core-4.0.7] startup
2026-08-22T12:52:10Z [19,053ms] [Warning] [omni.isaac.core.physics_context.physics_context] omni.isaac.core.physics_context.physics_context has been deprecated in favor of isaacsim.core.api.physics_context.physics_context. Please update your code accordingly.
2026-08-22T12:52:10Z [19,058ms] [Warning] [omni.isaac.core.simulation_context.simulation_context] omni.isaac.core.simulation_context.simulation_context has been deprecated in favor of isaacsim.core.api.simulation_context.simulation_context. Please update your code accordingly.
2026-08-22T12:52:10Z [19,062ms] [Warning] [omni.isaac.core.world.world] omni.isaac.core.world.world has been deprecated in favor of isaacsim.core.api.world.world. Please update your code accordingly.
2026-08-22T12:52:10Z [19,062ms] [Warning] [omni.isaac.core] omni.isaac.core has been deprecated in favor of isaacsim.core.api. Please update your code accordingly.
[19.114s] [ext: omni.kit.scripting-107.3.2] startup
[19.157s] [ext: omni.kit.manipulator.tool.snap-1.5.13] startup
[19.191s] [ext: omni.kit.manipulator.selector-1.1.3] startup
[19.205s] [ext: isaacsim.app.about-2.0.11] startup
[19.229s] [ext: isaacsim.replicator.behavior-1.1.16] startup
[19.241s] [ext: omni.kit.viewport.manipulator.transform-107.0.4] startup
[19.265s] [ext: omni.isaac.window.about-2.0.7] startup
2026-08-22T12:52:10Z [19,234ms] [Warning] [omni.isaac.window.about] omni.isaac.window.about has been deprecated in favor of isaacsim.app.about. Please update your code accordingly.
2026-08-22T12:52:10Z [19,234ms] [Warning] [omni.isaac.window.about.about] omni.isaac.window.about.about has been deprecated in favor of isaacsim.app.about.about. Please update your code accordingly.
[19.285s] [ext: omni.fabric.commands-1.1.6] startup
[19.320s] [ext: omni.kit.manipulator.prim.core-107.0.8] startup
[19.364s] [ext: omni.kit.property.audio-1.0.16] startup
[19.383s] [ext: omni.kit.property.camera-1.0.10] startup
[19.406s] [ext: omni.kit.property.geometry-2.0.4] startup
[19.436s] [ext: omni.hydra.scene_api-0.1.2] startup
[19.454s] [ext: omni.kit.property.light-1.0.12] startup
[19.502s] [ext: omni.kit.manipulator.prim.fabric-107.0.4] startup
[19.530s] [ext: omni.kit.manipulator.prim.usd-107.0.3] startup
[19.549s] [ext: omni.kit.property.material-1.11.9] startup
[19.617s] [ext: omni.kit.property.render-1.2.1] startup
[19.634s] [ext: omni.kit.property.transform-1.5.13] startup
[19.694s] [ext: isaacsim.gui.property-1.1.3] startup
[19.717s] [ext: omni.kit.manipulator.camera-106.0.4] startup
[19.776s] [ext: omni.kit.manipulator.prim-107.0.0] startup
[19.778s] [ext: omni.isaac.surface_gripper-2.0.6] startup
2026-08-22T12:52:11Z [19,743ms] [Warning] [omni.isaac.surface_gripper] omni.isaac.surface_gripper has been deprecated in favor of isaacsim.robot.surface_gripper. Please update your code accordingly.
[19.797s] [ext: omni.kit.manipulator.selection-106.0.1] startup
[19.824s] [ext: omni.kit.property.bundle-1.4.1] startup
[19.848s] [ext: omni.kit.property.isaac-1.0.6] startup
2026-08-22T12:52:11Z [19,818ms] [Warning] [omni.kit.property.isaac] omni.kit.property.isaac has been deprecated in favor of isaacsim.gui.property. Please update your code accordingly.
2026-08-22T12:52:11Z [19,819ms] [Warning] [omni.kit.property.isaac.widgets] omni.kit.property.isaac.widgets has been deprecated in favor of isaacsim.gui.property.widgets. Please update your code accordingly.
[19.867s] [ext: omni.isaac.universal_robots-1.0.6] startup
2026-08-22T12:52:11Z [19,835ms] [Warning] [omni.isaac.universal_robots] omni.isaac.universal_robots has been deprecated in favor of isaacsim.robot.manipulators.examples.universal_robots. Please update your code accordingly.
2026-08-22T12:52:11Z [19,836ms] [Warning] [omni.isaac.universal_robots.kinematics_solver] omni.isaac.franka has been deprecated in favor of isaacsim.robot.manipulators.examples.universal_robots. Please update your code accordingly.
2026-08-22T12:52:11Z [19,851ms] [Warning] [omni.isaac.universal_robots.ur10] omni.isaac.franka has been deprecated in favor of isaacsim.robot.manipulators.examples.universal_robots. Please update your code accordingly.
[19.900s] [ext: omni.isaac.core_nodes-2.0.6] startup
2026-08-22T12:52:11Z [19,877ms] [Warning] [omni.isaac.core_nodes] omni.isaac.core_nodes has been deprecated in favor of isaacsim.core.nodes. Please update your code accordingly.
[19.931s] [ext: omni.kit.viewport.menubar.camera-107.0.6] startup
[20.002s] [ext: omni.kit.viewport.menubar.lighting-107.3.1] startup
[20.058s] [ext: isaacsim.replicator.writers-1.0.17] startup
[20.267s] [ext: omni.kit.viewport.menubar.render-107.0.10] startup
[20.367s] [ext: omni.kit.viewport.menubar.settings-107.0.3] startup
[20.436s] [ext: omni.kit.window.console-1.1.4] startup
[20.484s] [ext: isaacsim.replicator.domain_randomization-1.0.16] startup
[20.521s] [ext: isaacsim.replicator.examples-1.3.6] startup
[20.544s] [ext: omni.ocio-0.1.1] startup
[20.582s] [ext: omni.rtx.window.settings-0.6.19] startup
[20.712s] [ext: omni.kit.window.status_bar-0.1.9] startup
[20.747s] [ext: omni.kit.window.toolbar-2.0.0] startup
[20.774s] [ext: omni.replicator.isaac-2.0.8] startup
2026-08-22T12:52:12Z [20,739ms] [Warning] [omni.replicator.isaac] omni.replicator.isaac has been deprecated in favor of isaacsim.replicator.domain_randomization, isaacsim.replicator.examples, isaacsim.replicator.writers. Please update your code accordingly.
[20.792s] [ext: omni.replicator.replicator_yaml-2.0.11] startup
[20.937s] [ext: omni.rtx.settings.core-0.6.5] startup
[20.999s] [ext: omni.usd.metrics.assembler.ui-107.3.1] startup
[21.035s] [ext: omni.isaac.utils-2.0.6] startup
[21.051s] [ext: semantics.schema.editor-2.0.2] startup
[21.081s] [ext: omni.kit.ui.actions-1.0.5] startup
[21.096s] [ext: semantics.schema.property-2.0.1] startup
[21.111s] [ext: omni.isaac.version-2.0.7] startup
2026-08-22T12:52:12Z [21,074ms] [Warning] [omni.isaac.version] omni.isaac.version has been deprecated in favor of isaacsim.core.version. Please update your code accordingly.
[21.125s] [ext: omni.isaac.cortex-1.0.5] startup
[21.125s] [ext: omni.anim.curve.core-1.3.1] startup
[21.186s] [ext: isaacsim.core.throttling-2.2.2] startup
[21.202s] [ext: omni.kit.menu.common-2.0.1] startup
[21.221s] [ext: isaacsim.exp.base-5.1.0] startup
[21.223s] [ext: isaacsim.exp.base.python-5.1.0] startup
[21.226s] Simulation App Starting
2026-08-22T12:52:12Z [21,315ms] [Error] [omni.kit.window.drop_support.drop_support] Cannot setup ExternalDragDrop without a default window
2026-08-22T12:52:12Z [21,324ms] [Warning] [omni.fabric.plugin] Warning: attribute viewportHandle not found for bucket id 9

[21.393s] app ready
2026-08-22T12:52:13Z [21,714ms] [Error] [omni.kit.menu.utils.app_menu] Hotkeys cannot be setup without a default window
Starting kit application with the following args:  ['/isaac-sim/exts/isaacsim.simulation_app/isaacsim/simulation_app/simulation_app.py', '/isaac-sim/apps/isaacsim.exp.base.python.kit', '--/app/tokens/exe-path=/isaac-sim/kit', '--/persistent/app/viewport/displayOptions=3094', '--/rtx/materialDb/syncLoads=True', '--/rtx/hydra/materialSyncLoads=True', '--/omni.kit.plugin/syncUsdLoads=True', '--/app/renderer/resolution/width=1280', '--/app/renderer/resolution/height=720', '--/app/window/width=1440', '--/app/window/height=900', '--/renderer/multiGpu/enabled=True', '--/app/fastShutdown=True', '--/app/installSignalHandlers=0', '--ext-folder', '/isaac-sim/exts', '--ext-folder', '/isaac-sim/apps', '--/physics/cudaDevice=0', '--/plugins/carb.tasking.plugin/threadCount=32', '--/plugins/omni.tbb.globalcontrol/maxThreadCount=32', '--portable']
Passing the following args to the base kit application:  ['--robot_type', 'g1', '--cmd_vel_topic', '/ferox/g1_01/cmd_vel', '--ros_namespace', '/ferox/g1_01', '--no_keyboard', '--render_dt', '0.02']
Warp 1.8.2 initialized:
   CUDA Toolkit 12.8, Driver 13.0
   Devices:
     "cpu"      : "x86_64"
     "cuda:0"   : "NVIDIA GeForce RTX 4090" (24 GiB, sm_89, mempool enabled)
   Kernel cache:
     /isaac-sim/.cache/warp/1.8.2
Warp DeprecationWarning: The `warp.sim` module is deprecated and will be removed in v1.10. Please transition to using the forthcoming Newton library instead.
[PANTHERA-MARK] before RobotRosRunner()
[PANTHERA-MARK] camera ros_namespace = '/ferox/g1_01'
[World] SIM_WORLD=hospital -> https://omniverse-content-production.s3-us-west-2.amazonaws.com/Assets/Isaac/5.1/Isaac/Environments/Hospital/hospital.usd
[World] spawn pos=[7.800000190734863, 2.0, 0.800000011920929] yaw=1.570rad (robot=g1)
[PANTHERA-MARK] RobotRosRunner constructed, before reset
[PANTHERA-MARK] A: app.update done, calling _world.reset()
[PANTHERA-MARK] B: world.reset() done
[PANTHERA-MARK] C: app.update done, calling setup()
[PANTHERA-MARK] D: setup() done
[lowlevel-sim] hands: [] (none -- HAND=none)
[lowlevel-sim] TEST RIG ACTIVE: base pinned to spawn pose (C-30)
[lowlevel-sim] spawn base_z=0.7975 hold_pose=spawn q_hold[:6]=[-0.10000000149011612, 0.0, 0.0, 0.30000001192092896, -0.20000000298023224, 0.0]
[lowlevel-sim][trace] set_gains
[lowlevel-sim][trace] set_effort_modes
[lowlevel-sim][trace] switch_control_mode(effort)
[lowlevel-sim][trace] control mode set
[lowlevel-sim] physics 1000.0 Hz, PD every 2 step(s) -> 500.0 Hz, timeout 85 ms
[PANTHERA-MARK] low-level bridge attached (G1_CONTROL=lowcmd)
[lowlevel-sim][GT] t=0.001 quat=[0.70739, 0.0, 0.0, 0.70683] angvel=[0.0, 0.0, 0.0] linvel=[0.0, 0.0, 0.0] z=0.7975
[PANTHERA-MARK] E: app.update done, SKIPPING setup_ros() entirely
[PANTHERA-MARK] E1: entered setup_ros() body
[PANTHERA-MARK] E2: self._cmd_vel_topic = /ferox/g1_01/cmd_vel
[PANTHERA] executor spinning on dedicated thread
[PANTHERA] cmd_vel subscriber active on /ferox/g1_01/cmd_vel (rclpy bypass)
[PANTHERA] reset subscriber active on /twin/reset
[lowlevel-sim][GT] t=0.051 quat=[0.70739, 0.0, 0.0, 0.70683] angvel=[0.0, 0.0, 0.0] linvel=[0.0, 0.0, 0.0] z=0.7975
[lowlevel-sim][GT] t=0.101 quat=[0.70739, 0.0, 0.0, 0.70683] angvel=[0.0, 0.0, 0.0] linvel=[0.0, 0.0, 0.0] z=0.7975
[lowlevel-sim][GT] t=0.151 quat=[0.70739, 0.0, 0.0, 0.70683] angvel=[0.0, 0.0, 0.0] linvel=[0.0, 0.0, 0.0] z=0.7975
[lowlevel-sim][GT] t=0.201 quat=[0.70739, 0.0, 0.0, 0.70683] angvel=[0.0, 0.0, 0.0] linvel=[0.0, 0.0, 0.0] z=0.7975
[TWIN] contract /workspace/ferox_isaac/twin/g1_contract.yaml
[TWIN] namespace /ferox/g1_01  CAMERA_TF=0
[TWIN] Mid-360 SKIPPED (TWIN_LIDAR=0) -- device only, contract untouched
[TWIN] camera SKIPPED (TWIN_CAMERA=0) -- C-23, device only, contract untouched
[TWIN] 2 IMU device(s) SKIPPED (TWIN_IMU=0) -- device only, contract untouched
[lowlevel-sim][GT] t=0.251 quat=[0.70739, 0.0, 0.0, 0.70683] angvel=[0.0, 0.0, 0.0] linvel=[0.0, 0.0, 0.0] z=0.7975
[lowlevel-sim][GT] t=0.301 quat=[0.70739, 0.0, 0.0, 0.70683] angvel=[0.0, 0.0, 0.0] linvel=[0.0, 0.0, 0.0] z=0.7975
[TWIN] /tf_static: 6 edges (base_link->dog_imu_link, livox_frame->livox_imu, camera_link->camera_color_frame, camera_color_frame->camera_color_optical_frame, camera_link->camera_depth_frame, camera_depth_frame->camera_depth_optical_frame)
[TWIN] rendering_dt=0.020000s (50.00 Hz) requested 0.020000s
[TWIN] lidar cloud publisher SKIPPED (TWIN_LIDAR=0)
[TWIN] odom -> /ferox/g1_01/odom
[TWIN] interface up
[PANTHERA-MARK] F: setup_ros() done
[lowlevel-sim][GT] t=0.351 quat=[0.70739, 0.0, 0.0, 0.70683] angvel=[0.0, 0.0, 0.0] linvel=[0.0, 0.0, 0.0] z=0.7975
[PANTHERA-MARK] G: before runner.run() — entering main loop
[lowlevel-sim][GT] t=0.401 quat=[0.70739, 0.0, 0.0, 0.70683] angvel=[0.0, 0.0, 0.0] linvel=[0.0, 0.0, 0.0] z=0.7975
[lowlevel-sim][GT] t=0.451 quat=[0.70739, 0.0, 0.0, 0.70683] angvel=[0.0, 0.0, 0.0] linvel=[0.0, 0.0, 0.0] z=0.7975
[lowlevel-sim] t=   0.50 mode=hold       pd=499 hold=499 failclosed=0 rtf=0.166 base_z=+0.798 pitch=+0.000 roll=+0.000 |tau|max= 35.00 sat=5/29 knee_L=+0.300 hip_p_L=-0.100 torn=499 cmd_age=-1.0ms auth=-1.0s rig_ign=0 fix_base=1 sat_j=left_ankle_roll_joint:+35.0,right_ankle_roll_joint:+35.0,left_wrist_roll_joint:+25.0,right_wrist_roll_joint:+25.0,right_wrist_yaw_joint:-5.0
[lowlevel-sim][GT] t=0.501 quat=[0.70739, 0.0, 0.0, 0.70683] angvel=[0.0, 0.0, 0.0] linvel=[0.0, 0.0, 0.0] z=0.7975
[lowlevel-sim][GT] t=0.551 quat=[0.70739, 0.0, 0.0, 0.70683] angvel=[0.0, 0.0, 0.0] linvel=[0.0, 0.0, 0.0] z=0.7975
[lowlevel-sim][GT] t=0.601 quat=[0.70739, 0.0, 0.0, 0.70683] angvel=[0.0, 0.0, 0.0] linvel=[0.0, 0.0, 0.0] z=0.7975
[lowlevel-sim][GT] t=0.651 quat=[0.70739, 0.0, 0.0, 0.70683] angvel=[0.0, 0.0, 0.0] linvel=[0.0, 0.0, 0.0] z=0.7975
[lowlevel-sim][GT] t=0.701 quat=[0.70739, 0.0, 0.0, 0.70683] angvel=[0.0, 0.0, 0.0] linvel=[0.0, 0.0, 0.0] z=0.7975
[lowlevel-sim][GT] t=0.751 quat=[0.70739, 0.0, 0.0, 0.70683] angvel=[0.0, 0.0, 0.0] linvel=[0.0, 0.0, 0.0] z=0.7975
[lowlevel-sim][GT] t=0.801 quat=[0.70739, 0.0, 0.0, 0.70683] angvel=[0.0, 0.0, 0.0] linvel=[0.0, 0.0, 0.0] z=0.7975
[lowlevel-sim][GT] t=0.851 quat=[0.70739, 0.0, 0.0, 0.70683] angvel=[0.0, 0.0, 0.0] linvel=[0.0, 0.0, 0.0] z=0.7975
[lowlevel-sim][GT] t=0.901 quat=[0.70739, 0.0, 0.0, 0.70683] angvel=[0.0, 0.0, 0.0] linvel=[0.0, 0.0, 0.0] z=0.7975
[lowlevel-sim][GT] t=0.951 quat=[0.70739, 0.0, 0.0, 0.70683] angvel=[0.0, 0.0, 0.0] linvel=[0.0, 0.0, 0.0] z=0.7975
[lowlevel-sim] t=   1.00 mode=hold       pd=999 hold=999 failclosed=0 rtf=0.192 base_z=+0.798 pitch=+0.000 roll=+0.000 |tau|max= 35.00 sat=5/29 knee_L=+0.300 hip_p_L=-0.100 torn=999 cmd_age=-1.0ms auth=-1.0s rig_ign=0 fix_base=1 sat_j=left_ankle_roll_joint:+35.0,right_ankle_roll_joint:+35.0,left_wrist_roll_joint:+25.0,right_wrist_roll_joint:+25.0,right_wrist_yaw_joint:-5.0
[lowlevel-sim][GT] t=1.001 quat=[0.70739, 0.0, 0.0, 0.70683] angvel=[0.0, 0.0, 0.0] linvel=[0.0, 0.0, 0.0] z=0.7975
[lowlevel-sim][GT] t=1.051 quat=[0.70739, 0.0, 0.0, 0.70683] angvel=[0.0, 0.0, 0.0] linvel=[0.0, 0.0, 0.0] z=0.7975
[lowlevel-sim][GT] t=1.101 quat=[0.70739, 0.0, 0.0, 0.70683] angvel=[0.0, 0.0, 0.0] linvel=[0.0, 0.0, 0.0] z=0.7975
[lowlevel-sim][GT] t=1.151 quat=[0.70739, 0.0, 0.0, 0.70683] angvel=[0.0, 0.0, 0.0] linvel=[0.0, 0.0, 0.0] z=0.7975
[lowlevel-sim][GT] t=1.201 quat=[0.70739, 0.0, 0.0, 0.70683] angvel=[0.0, 0.0, 0.0] linvel=[0.0, 0.0, 0.0] z=0.7975
[lowlevel-sim][GT] t=1.251 quat=[0.70739, 0.0, 0.0, 0.70683] angvel=[0.0, 0.0, 0.0] linvel=[0.0, 0.0, 0.0] z=0.7975
[lowlevel-sim][GT] t=1.301 quat=[0.70739, 0.0, 0.0, 0.70683] angvel=[0.0, 0.0, 0.0] linvel=[0.0, 0.0, 0.0] z=0.7975
[lowlevel-sim][GT] t=1.351 quat=[0.70739, 0.0, 0.0, 0.70683] angvel=[0.0, 0.0, 0.0] linvel=[0.0, 0.0, 0.0] z=0.7975
[lowlevel-sim][GT] t=1.401 quat=[0.70739, 0.0, 0.0, 0.70683] angvel=[0.0, 0.0, 0.0] linvel=[0.0, 0.0, 0.0] z=0.7975
[lowlevel-sim][GT] t=1.451 quat=[0.70739, 0.0, 0.0, 0.70683] angvel=[0.0, 0.0, 0.0] linvel=[0.0, 0.0, 0.0] z=0.7975
[lowlevel-sim] t=   1.50 mode=hold       pd=1499 hold=1499 failclosed=0 rtf=0.192 base_z=+0.798 pitch=+0.000 roll=+0.000 |tau|max= 35.00 sat=5/29 knee_L=+0.300 hip_p_L=-0.100 torn=1499 cmd_age=-1.0ms auth=-1.0s rig_ign=0 fix_base=1 sat_j=left_ankle_roll_joint:+35.0,right_ankle_roll_joint:+35.0,left_wrist_roll_joint:+25.0,right_wrist_roll_joint:+25.0,right_wrist_yaw_joint:-5.0
[lowlevel-sim][GT] t=1.501 quat=[0.70739, 0.0, 0.0, 0.70683] angvel=[0.0, 0.0, 0.0] linvel=[0.0, 0.0, 0.0] z=0.7975
[lowlevel-sim][GT] t=1.551 quat=[0.70739, 0.0, 0.0, 0.70683] angvel=[0.0, 0.0, 0.0] linvel=[0.0, 0.0, 0.0] z=0.7975
[lowlevel-sim][GT] t=1.601 quat=[0.70739, 0.0, 0.0, 0.70683] angvel=[0.0, 0.0, 0.0] linvel=[0.0, 0.0, 0.0] z=0.7975
[lowlevel-sim][GT] t=1.651 quat=[0.70739, 0.0, 0.0, 0.70683] angvel=[0.0, 0.0, 0.0] linvel=[0.0, 0.0, 0.0] z=0.7975
[lowlevel-sim][GT] t=1.701 quat=[0.70739, 0.0, 0.0, 0.70683] angvel=[0.0, 0.0, 0.0] linvel=[0.0, 0.0, 0.0] z=0.7975
[lowlevel-sim][GT] t=1.751 quat=[0.70739, 0.0, 0.0, 0.70683] angvel=[0.0, 0.0, 0.0] linvel=[0.0, 0.0, 0.0] z=0.7975
[lowlevel-sim][GT] t=1.801 quat=[0.70739, 0.0, 0.0, 0.70683] angvel=[0.0, 0.0, 0.0] linvel=[0.0, 0.0, 0.0] z=0.7975
[lowlevel-sim][GT] t=1.851 quat=[0.70739, 0.0, 0.0, 0.70683] angvel=[0.0, 0.0, 0.0] linvel=[0.0, 0.0, 0.0] z=0.7975
[lowlevel-sim][GT] t=1.901 quat=[0.70739, 0.0, 0.0, 0.70683] angvel=[0.0, 0.0, 0.0] linvel=[0.0, 0.0, 0.0] z=0.7975
[lowlevel-sim][GT] t=1.951 quat=[0.70739, 0.0, 0.0, 0.70683] angvel=[0.0, 0.0, 0.0] linvel=[0.0, 0.0, 0.0] z=0.7975
[lowlevel-sim] t=   2.00 mode=hold       pd=1999 hold=1999 failclosed=0 rtf=0.200 base_z=+0.798 pitch=+0.000 roll=+0.000 |tau|max= 35.00 sat=5/29 knee_L=+0.300 hip_p_L=-0.100 torn=1999 cmd_age=-1.0ms auth=-1.0s rig_ign=0 fix_base=1 sat_j=left_ankle_roll_joint:+35.0,right_ankle_roll_joint:+35.0,left_wrist_roll_joint:+25.0,right_wrist_roll_joint:+25.0,right_wrist_yaw_joint:-5.0
[lowlevel-sim][GT] t=2.001 quat=[0.70739, 0.0, 0.0, 0.70683] angvel=[0.0, 0.0, 0.0] linvel=[0.0, 0.0, 0.0] z=0.7975
[lowlevel-sim][GT] t=2.051 quat=[0.70739, 0.0, 0.0, 0.70683] angvel=[0.0, 0.0, 0.0] linvel=[0.0, 0.0, 0.0] z=0.7975
[lowlevel-sim][GT] t=2.101 quat=[0.70739, 0.0, 0.0, 0.70683] angvel=[0.0, 0.0, 0.0] linvel=[0.0, 0.0, 0.0] z=0.7975
[lowlevel-sim][GT] t=2.151 quat=[0.70739, 0.0, 0.0, 0.70683] angvel=[0.0, 0.0, 0.0] linvel=[0.0, 0.0, 0.0] z=0.7975
[lowlevel-sim][GT] t=2.201 quat=[0.70739, 0.0, 0.0, 0.70683] angvel=[0.0, 0.0, 0.0] linvel=[0.0, 0.0, 0.0] z=0.7975
[lowlevel-sim][GT] t=2.251 quat=[0.70739, 0.0, 0.0, 0.70683] angvel=[0.0, 0.0, 0.0] linvel=[0.0, 0.0, 0.0] z=0.7975
[lowlevel-sim][GT] t=2.301 quat=[0.70739, 0.0, 0.0, 0.70683] angvel=[0.0, 0.0, 0.0] linvel=[0.0, 0.0, 0.0] z=0.7975
[lowlevel-sim][GT] t=2.351 quat=[0.70739, 0.0, 0.0, 0.70683] angvel=[0.0, 0.0, 0.0] linvel=[0.0, 0.0, 0.0] z=0.7975
[lowlevel-sim][GT] t=2.401 quat=[0.70739, 0.0, 0.0, 0.70683] angvel=[0.0, 0.0, 0.0] linvel=[0.0, 0.0, 0.0] z=0.7975
[lowlevel-sim][GT] t=2.451 quat=[0.70739, 0.0, 0.0, 0.70683] angvel=[0.0, 0.0, 0.0] linvel=[0.0, 0.0, 0.0] z=0.7975
[lowlevel-sim] t=   2.50 mode=hold       pd=2499 hold=2499 failclosed=0 rtf=0.198 base_z=+0.798 pitch=+0.000 roll=+0.000 |tau|max= 35.00 sat=5/29 knee_L=+0.300 hip_p_L=-0.100 torn=2499 cmd_age=-1.0ms auth=-1.0s rig_ign=0 fix_base=1 sat_j=left_ankle_roll_joint:+35.0,right_ankle_roll_joint:+35.0,left_wrist_roll_joint:+25.0,right_wrist_roll_joint:+25.0,right_wrist_yaw_joint:-5.0
[lowlevel-sim][GT] t=2.501 quat=[0.70739, 0.0, 0.0, 0.70683] angvel=[0.0, 0.0, 0.0] linvel=[0.0, 0.0, 0.0] z=0.7975
[lowlevel-sim][GT] t=2.551 quat=[0.70739, 0.0, 0.0, 0.70683] angvel=[0.0, 0.0, 0.0] linvel=[0.0, 0.0, 0.0] z=0.7975
[lowlevel-sim][GT] t=2.601 quat=[0.70739, 0.0, 0.0, 0.70683] angvel=[0.0, 0.0, 0.0] linvel=[0.0, 0.0, 0.0] z=0.7975
[lowlevel-sim][GT] t=2.651 quat=[0.70739, 0.0, 0.0, 0.70683] angvel=[0.0, 0.0, 0.0] linvel=[0.0, 0.0, 0.0] z=0.7975
[lowlevel-sim][GT] t=2.701 quat=[0.70739, 0.0, 0.0, 0.70683] angvel=[0.0, 0.0, 0.0] linvel=[0.0, 0.0, 0.0] z=0.7975
[lowlevel-sim][GT] t=2.751 quat=[0.70739, 0.0, 0.0, 0.70683] angvel=[0.0, 0.0, 0.0] linvel=[0.0, 0.0, 0.0] z=0.7975
[lowlevel-sim][GT] t=2.801 quat=[0.70739, 0.0, 0.0, 0.70683] angvel=[0.0, 0.0, 0.0] linvel=[0.0, 0.0, 0.0] z=0.7975
[lowlevel-sim][GT] t=2.851 quat=[0.70739, 0.0, 0.0, 0.70683] angvel=[0.0, 0.0, 0.0] linvel=[0.0, 0.0, 0.0] z=0.7975
[lowlevel-sim][GT] t=2.901 quat=[0.70739, 0.0, 0.0, 0.70683] angvel=[0.0, 0.0, 0.0] linvel=[0.0, 0.0, 0.0] z=0.7975
[lowlevel-sim][GT] t=2.951 quat=[0.70739, 0.0, 0.0, 0.70683] angvel=[0.0, 0.0, 0.0] linvel=[0.0, 0.0, 0.0] z=0.7975
[lowlevel-sim] t=   3.00 mode=hold       pd=2999 hold=2999 failclosed=0 rtf=0.196 base_z=+0.798 pitch=+0.000 roll=+0.000 |tau|max= 35.00 sat=5/29 knee_L=+0.300 hip_p_L=-0.100 torn=2999 cmd_age=-1.0ms auth=-1.0s rig_ign=0 fix_base=1 sat_j=left_ankle_roll_joint:+35.0,right_ankle_roll_joint:+35.0,left_wrist_roll_joint:+25.0,right_wrist_roll_joint:+25.0,right_wrist_yaw_joint:-5.0
[lowlevel-sim][GT] t=3.001 quat=[0.70739, 0.0, 0.0, 0.70683] angvel=[0.0, 0.0, 0.0] linvel=[0.0, 0.0, 0.0] z=0.7975
[lowlevel-sim][GT] t=3.051 quat=[0.70739, 0.0, 0.0, 0.70683] angvel=[0.0, 0.0, 0.0] linvel=[0.0, 0.0, 0.0] z=0.7975
[lowlevel-sim][GT] t=3.101 quat=[0.70739, 0.0, 0.0, 0.70683] angvel=[0.0, 0.0, 0.0] linvel=[0.0, 0.0, 0.0] z=0.7975
[lowlevel-sim][GT] t=3.151 quat=[0.70739, 0.0, 0.0, 0.70683] angvel=[0.0, 0.0, 0.0] linvel=[0.0, 0.0, 0.0] z=0.7975
[lowlevel-sim][GT] t=3.201 quat=[0.70739, 0.0, 0.0, 0.70683] angvel=[0.0, 0.0, 0.0] linvel=[0.0, 0.0, 0.0] z=0.7975
[lowlevel-sim][GT] t=3.251 quat=[0.70739, 0.0, 0.0, 0.70683] angvel=[0.0, 0.0, 0.0] linvel=[0.0, 0.0, 0.0] z=0.7975
[lowlevel-sim][GT] t=3.301 quat=[0.70739, 0.0, 0.0, 0.70683] angvel=[0.0, 0.0, 0.0] linvel=[0.0, 0.0, 0.0] z=0.7975
[lowlevel-sim][GT] t=3.351 quat=[0.70739, 0.0, 0.0, 0.70683] angvel=[0.0, 0.0, 0.0] linvel=[0.0, 0.0, 0.0] z=0.7975
[lowlevel-sim][GT] t=3.401 quat=[0.70739, 0.0, 0.0, 0.70683] angvel=[0.0, 0.0, 0.0] linvel=[0.0, 0.0, 0.0] z=0.7975
[lowlevel-sim][GT] t=3.451 quat=[0.70739, 0.0, 0.0, 0.70683] angvel=[0.0, 0.0, 0.0] linvel=[0.0, 0.0, 0.0] z=0.7975
[lowlevel-sim] t=   3.50 mode=hold       pd=3499 hold=3499 failclosed=0 rtf=0.194 base_z=+0.798 pitch=+0.000 roll=+0.000 |tau|max= 35.00 sat=5/29 knee_L=+0.300 hip_p_L=-0.100 torn=3499 cmd_age=-1.0ms auth=-1.0s rig_ign=0 fix_base=1 sat_j=left_ankle_roll_joint:+35.0,right_ankle_roll_joint:+35.0,left_wrist_roll_joint:+25.0,right_wrist_roll_joint:+25.0,right_wrist_yaw_joint:-5.0
[lowlevel-sim][GT] t=3.501 quat=[0.70739, 0.0, 0.0, 0.70683] angvel=[0.0, 0.0, 0.0] linvel=[0.0, 0.0, 0.0] z=0.7975
[lowlevel-sim][GT] t=3.551 quat=[0.70739, 0.0, 0.0, 0.70683] angvel=[0.0, 0.0, 0.0] linvel=[0.0, 0.0, 0.0] z=0.7975
[lowlevel-sim][GT] t=3.601 quat=[0.70739, 0.0, 0.0, 0.70683] angvel=[0.0, 0.0, 0.0] linvel=[0.0, 0.0, 0.0] z=0.7975
[lowlevel-sim][GT] t=3.651 quat=[0.70739, 0.0, 0.0, 0.70683] angvel=[0.0, 0.0, 0.0] linvel=[0.0, 0.0, 0.0] z=0.7975
[lowlevel-sim][GT] t=3.701 quat=[0.70739, 0.0, 0.0, 0.70683] angvel=[0.0, 0.0, 0.0] linvel=[0.0, 0.0, 0.0] z=0.7975
[lowlevel-sim][GT] t=3.751 quat=[0.70739, 0.0, 0.0, 0.70683] angvel=[0.0, 0.0, 0.0] linvel=[0.0, 0.0, 0.0] z=0.7975
[lowlevel-sim][GT] t=3.801 quat=[0.70739, 0.0, 0.0, 0.70683] angvel=[0.0, 0.0, 0.0] linvel=[0.0, 0.0, 0.0] z=0.7975
[lowlevel-sim][GT] t=3.851 quat=[0.70739, 0.0, 0.0, 0.70683] angvel=[0.0, 0.0, 0.0] linvel=[0.0, 0.0, 0.0] z=0.7975
[lowlevel-sim][GT] t=3.901 quat=[0.70739, 0.0, 0.0, 0.70683] angvel=[0.0, 0.0, 0.0] linvel=[0.0, 0.0, 0.0] z=0.7975
[lowlevel-sim][GT] t=3.951 quat=[0.70739, 0.0, 0.0, 0.70683] angvel=[0.0, 0.0, 0.0] linvel=[0.0, 0.0, 0.0] z=0.7975
[lowlevel-sim] t=   4.00 mode=hold       pd=3999 hold=3999 failclosed=0 rtf=0.197 base_z=+0.798 pitch=+0.000 roll=+0.000 |tau|max= 35.00 sat=5/29 knee_L=+0.300 hip_p_L=-0.100 torn=3999 cmd_age=-1.0ms auth=-1.0s rig_ign=0 fix_base=1 sat_j=left_ankle_roll_joint:+35.0,right_ankle_roll_joint:+35.0,left_wrist_roll_joint:+25.0,right_wrist_roll_joint:+25.0,right_wrist_yaw_joint:-5.0
[lowlevel-sim][GT] t=4.001 quat=[0.70739, 0.0, 0.0, 0.70683] angvel=[0.0, 0.0, 0.0] linvel=[0.0, 0.0, 0.0] z=0.7975
[lowlevel-sim][GT] t=4.051 quat=[0.70739, 0.0, 0.0, 0.70683] angvel=[0.0, 0.0, 0.0] linvel=[0.0, 0.0, 0.0] z=0.7975
[lowlevel-sim][GT] t=4.101 quat=[0.70739, 0.0, 0.0, 0.70683] angvel=[0.0, 0.0, 0.0] linvel=[0.0, 0.0, 0.0] z=0.7975
[lowlevel-sim][GT] t=4.151 quat=[0.70739, 0.0, 0.0, 0.70683] angvel=[0.0, 0.0, 0.0] linvel=[0.0, 0.0, 0.0] z=0.7975
[lowlevel-sim][GT] t=4.201 quat=[0.70739, 0.0, 0.0, 0.70683] angvel=[0.0, 0.0, 0.0] linvel=[0.0, 0.0, 0.0] z=0.7975
[lowlevel-sim][GT] t=4.251 quat=[0.70739, 0.0, 0.0, 0.70683] angvel=[0.0, 0.0, 0.0] linvel=[0.0, 0.0, 0.0] z=0.7975
[lowlevel-sim][GT] t=4.301 quat=[0.70739, 0.0, 0.0, 0.70683] angvel=[0.0, 0.0, 0.0] linvel=[0.0, 0.0, 0.0] z=0.7975
[lowlevel-sim][GT] t=4.351 quat=[0.70739, 0.0, 0.0, 0.70683] angvel=[0.0, 0.0, 0.0] linvel=[0.0, 0.0, 0.0] z=0.7975
[lowlevel-sim][GT] t=4.401 quat=[0.70739, 0.0, 0.0, 0.70683] angvel=[0.0, 0.0, 0.0] linvel=[0.0, 0.0, 0.0] z=0.7975
[lowlevel-sim][GT] t=4.451 quat=[0.70739, 0.0, 0.0, 0.70683] angvel=[0.0, 0.0, 0.0] linvel=[0.0, 0.0, 0.0] z=0.7975
[lowlevel-sim] t=   4.50 mode=hold       pd=4499 hold=4499 failclosed=0 rtf=0.196 base_z=+0.798 pitch=+0.000 roll=+0.000 |tau|max= 35.00 sat=5/29 knee_L=+0.300 hip_p_L=-0.100 torn=4499 cmd_age=-1.0ms auth=-1.0s rig_ign=0 fix_base=1 sat_j=left_ankle_roll_joint:+35.0,right_ankle_roll_joint:+35.0,left_wrist_roll_joint:+25.0,right_wrist_roll_joint:+25.0,right_wrist_yaw_joint:-5.0
[lowlevel-sim][GT] t=4.501 quat=[0.70739, 0.0, 0.0, 0.70683] angvel=[0.0, 0.0, 0.0] linvel=[0.0, 0.0, 0.0] z=0.7975
[lowlevel-sim][GT] t=4.551 quat=[0.70739, 0.0, 0.0, 0.70683] angvel=[0.0, 0.0, 0.0] linvel=[0.0, 0.0, 0.0] z=0.7975
[lowlevel-sim][GT] t=4.601 quat=[0.70739, 0.0, 0.0, 0.70683] angvel=[0.0, 0.0, 0.0] linvel=[0.0, 0.0, 0.0] z=0.7975
[lowlevel-sim][GT] t=4.651 quat=[0.70739, 0.0, 0.0, 0.70683] angvel=[0.0, 0.0, 0.0] linvel=[0.0, 0.0, 0.0] z=0.7975
[lowlevel-sim][GT] t=4.701 quat=[0.70739, 0.0, 0.0, 0.70683] angvel=[0.0, 0.0, 0.0] linvel=[0.0, 0.0, 0.0] z=0.7975
[lowlevel-sim][GT] t=4.751 quat=[0.70739, 0.0, 0.0, 0.70683] angvel=[0.0, 0.0, 0.0] linvel=[0.0, 0.0, 0.0] z=0.7975
[lowlevel-sim][GT] t=4.801 quat=[0.70739, 0.0, 0.0, 0.70683] angvel=[0.0, 0.0, 0.0] linvel=[0.0, 0.0, 0.0] z=0.7975
[lowlevel-sim][GT] t=4.851 quat=[0.70739, 0.0, 0.0, 0.70683] angvel=[0.0, 0.0, 0.0] linvel=[0.0, 0.0, 0.0] z=0.7975
[lowlevel-sim][GT] t=4.901 quat=[0.70739, 0.0, 0.0, 0.70683] angvel=[0.0, 0.0, 0.0] linvel=[0.0, 0.0, 0.0] z=0.7975
[lowlevel-sim][GT] t=4.951 quat=[0.70739, 0.0, 0.0, 0.70683] angvel=[0.0, 0.0, 0.0] linvel=[0.0, 0.0, 0.0] z=0.7975
[lowlevel-sim] t=   5.00 mode=hold       pd=4999 hold=4999 failclosed=0 rtf=0.195 base_z=+0.798 pitch=+0.000 roll=+0.000 |tau|max= 35.00 sat=5/29 knee_L=+0.300 hip_p_L=-0.100 torn=4999 cmd_age=-1.0ms auth=-1.0s rig_ign=0 fix_base=1 sat_j=left_ankle_roll_joint:+35.0,right_ankle_roll_joint:+35.0,left_wrist_roll_joint:+25.0,right_wrist_roll_joint:+25.0,right_wrist_yaw_joint:-5.0
[lowlevel-sim][GT] t=5.001 quat=[0.70739, 0.0, 0.0, 0.70683] angvel=[0.0, 0.0, 0.0] linvel=[0.0, 0.0, 0.0] z=0.7975
[lowlevel-sim][GT] t=5.051 quat=[0.70739, 0.0, 0.0, 0.70683] angvel=[0.0, 0.0, 0.0] linvel=[0.0, 0.0, 0.0] z=0.7975
[lowlevel-sim][GT] t=5.101 quat=[0.70739, 0.0, 0.0, 0.70683] angvel=[0.0, 0.0, 0.0] linvel=[0.0, 0.0, 0.0] z=0.7975
[lowlevel-sim][GT] t=5.151 quat=[0.70739, 0.0, 0.0, 0.70683] angvel=[0.0, 0.0, 0.0] linvel=[0.0, 0.0, 0.0] z=0.7975
[lowlevel-sim][GT] t=5.201 quat=[0.70739, 0.0, 0.0, 0.70683] angvel=[0.0, 0.0, 0.0] linvel=[0.0, 0.0, 0.0] z=0.7975
[lowlevel-sim][GT] t=5.251 quat=[0.70739, 0.0, 0.0, 0.70683] angvel=[0.0, 0.0, 0.0] linvel=[0.0, 0.0, 0.0] z=0.7975
[lowlevel-sim][GT] t=5.301 quat=[0.70739, 0.0, 0.0, 0.70683] angvel=[0.0, 0.0, 0.0] linvel=[0.0, 0.0, 0.0] z=0.7975
[lowlevel-sim][GT] t=5.351 quat=[0.70739, 0.0, 0.0, 0.70683] angvel=[0.0, 0.0, 0.0] linvel=[0.0, 0.0, 0.0] z=0.7975
[lowlevel-sim][GT] t=5.401 quat=[0.70739, 0.0, 0.0, 0.70683] angvel=[0.0, 0.0, 0.0] linvel=[0.0, 0.0, 0.0] z=0.7975
[lowlevel-sim][GT] t=5.451 quat=[0.70739, 0.0, 0.0, 0.70683] angvel=[0.0, 0.0, 0.0] linvel=[0.0, 0.0, 0.0] z=0.7975
[lowlevel-sim] t=   5.50 mode=hold       pd=5499 hold=5499 failclosed=0 rtf=0.194 base_z=+0.798 pitch=+0.000 roll=+0.000 |tau|max= 35.00 sat=5/29 knee_L=+0.300 hip_p_L=-0.100 torn=5499 cmd_age=-1.0ms auth=-1.0s rig_ign=0 fix_base=1 sat_j=left_ankle_roll_joint:+35.0,right_ankle_roll_joint:+35.0,left_wrist_roll_joint:+25.0,right_wrist_roll_joint:+25.0,right_wrist_yaw_joint:-5.0
[lowlevel-sim][GT] t=5.501 quat=[0.70739, 0.0, 0.0, 0.70683] angvel=[0.0, 0.0, 0.0] linvel=[0.0, 0.0, 0.0] z=0.7975
[lowlevel-sim][GT] t=5.551 quat=[0.70739, 0.0, 0.0, 0.70683] angvel=[0.0, 0.0, 0.0] linvel=[0.0, 0.0, 0.0] z=0.7975
[lowlevel-sim][GT] t=5.601 quat=[0.70739, 0.0, 0.0, 0.70683] angvel=[0.0, 0.0, 0.0] linvel=[0.0, 0.0, 0.0] z=0.7975
[lowlevel-sim][GT] t=5.651 quat=[0.70739, 0.0, 0.0, 0.70683] angvel=[0.0, 0.0, 0.0] linvel=[0.0, 0.0, 0.0] z=0.7975
[lowlevel-sim][GT] t=5.701 quat=[0.70739, 0.0, 0.0, 0.70683] angvel=[0.0, 0.0, 0.0] linvel=[0.0, 0.0, 0.0] z=0.7975
[lowlevel-sim][GT] t=5.751 quat=[0.70739, 0.0, 0.0, 0.70683] angvel=[0.0, 0.0, 0.0] linvel=[0.0, 0.0, 0.0] z=0.7975
[lowlevel-sim][GT] t=5.801 quat=[0.70739, 0.0, 0.0, 0.70683] angvel=[0.0, 0.0, 0.0] linvel=[0.0, 0.0, 0.0] z=0.7975
[lowlevel-sim][GT] t=5.851 quat=[0.70739, 0.0, 0.0, 0.70683] angvel=[0.0, 0.0, 0.0] linvel=[0.0, 0.0, 0.0] z=0.7975
[lowlevel-sim][GT] t=5.901 quat=[0.70739, 0.0, 0.0, 0.70683] angvel=[0.0, 0.0, 0.0] linvel=[0.0, 0.0, 0.0] z=0.7975
[lowlevel-sim][GT] t=5.951 quat=[0.70739, 0.0, 0.0, 0.70683] angvel=[0.0, 0.0, 0.0] linvel=[0.0, 0.0, 0.0] z=0.7975
[lowlevel-sim] t=   6.00 mode=hold       pd=5999 hold=5999 failclosed=0 rtf=0.194 base_z=+0.798 pitch=+0.000 roll=+0.000 |tau|max= 35.00 sat=5/29 knee_L=+0.300 hip_p_L=-0.100 torn=5999 cmd_age=-1.0ms auth=-1.0s rig_ign=0 fix_base=1 sat_j=left_ankle_roll_joint:+35.0,right_ankle_roll_joint:+35.0,left_wrist_roll_joint:+25.0,right_wrist_roll_joint:+25.0,right_wrist_yaw_joint:-5.0
[lowlevel-sim][GT] t=6.001 quat=[0.70739, 0.0, 0.0, 0.70683] angvel=[0.0, 0.0, 0.0] linvel=[0.0, 0.0, 0.0] z=0.7975
[lowlevel-sim][GT] t=6.051 quat=[0.70739, 0.0, 0.0, 0.70683] angvel=[0.0, 0.0, 0.0] linvel=[0.0, 0.0, 0.0] z=0.7975
[lowlevel-sim][GT] t=6.101 quat=[0.70739, 0.0, 0.0, 0.70683] angvel=[0.0, 0.0, 0.0] linvel=[0.0, 0.0, 0.0] z=0.7975
[lowlevel-sim][GT] t=6.151 quat=[0.70739, 0.0, 0.0, 0.70683] angvel=[0.0, 0.0, 0.0] linvel=[0.0, 0.0, 0.0] z=0.7975
[lowlevel-sim][GT] t=6.201 quat=[0.70739, 0.0, 0.0, 0.70683] angvel=[0.0, 0.0, 0.0] linvel=[0.0, 0.0, 0.0] z=0.7975
[lowlevel-sim][GT] t=6.251 quat=[0.70739, 0.0, 0.0, 0.70683] angvel=[0.0, 0.0, 0.0] linvel=[0.0, 0.0, 0.0] z=0.7975
[lowlevel-sim][GT] t=6.301 quat=[0.70739, 0.0, 0.0, 0.70683] angvel=[0.0, 0.0, 0.0] linvel=[0.0, 0.0, 0.0] z=0.7975
[lowlevel-sim][GT] t=6.351 quat=[0.70739, 0.0, 0.0, 0.70683] angvel=[0.0, 0.0, 0.0] linvel=[0.0, 0.0, 0.0] z=0.7975
[lowlevel-sim][GT] t=6.401 quat=[0.70739, 0.0, 0.0, 0.70683] angvel=[0.0, 0.0, 0.0] linvel=[0.0, 0.0, 0.0] z=0.7975
[lowlevel-sim][GT] t=6.451 quat=[0.70739, 0.0, 0.0, 0.70683] angvel=[0.0, 0.0, 0.0] linvel=[0.0, 0.0, 0.0] z=0.7975
[lowlevel-sim] t=   6.50 mode=hold       pd=6499 hold=6499 failclosed=0 rtf=0.195 base_z=+0.798 pitch=+0.000 roll=+0.000 |tau|max= 35.00 sat=5/29 knee_L=+0.300 hip_p_L=-0.100 torn=6499 cmd_age=-1.0ms auth=-1.0s rig_ign=0 fix_base=1 sat_j=left_ankle_roll_joint:+35.0,right_ankle_roll_joint:+35.0,left_wrist_roll_joint:+25.0,right_wrist_roll_joint:+25.0,right_wrist_yaw_joint:-5.0
[lowlevel-sim][GT] t=6.501 quat=[0.70739, 0.0, 0.0, 0.70683] angvel=[0.0, 0.0, 0.0] linvel=[0.0, 0.0, 0.0] z=0.7975
[lowlevel-sim][GT] t=6.551 quat=[0.70739, 0.0, 0.0, 0.70683] angvel=[0.0, 0.0, 0.0] linvel=[0.0, 0.0, 0.0] z=0.7975
[lowlevel-sim][GT] t=6.601 quat=[0.70739, 0.0, 0.0, 0.70683] angvel=[0.0, 0.0, 0.0] linvel=[0.0, 0.0, 0.0] z=0.7975
[lowlevel-sim][GT] t=6.651 quat=[0.70739, 0.0, 0.0, 0.70683] angvel=[0.0, 0.0, 0.0] linvel=[0.0, 0.0, 0.0] z=0.7975
[lowlevel-sim][GT] t=6.701 quat=[0.70739, 0.0, 0.0, 0.70683] angvel=[0.0, 0.0, 0.0] linvel=[0.0, 0.0, 0.0] z=0.7975
[lowlevel-sim][GT] t=6.751 quat=[0.70739, 0.0, 0.0, 0.70683] angvel=[0.0, 0.0, 0.0] linvel=[0.0, 0.0, 0.0] z=0.7975
[lowlevel-sim][GT] t=6.801 quat=[0.70739, 0.0, 0.0, 0.70683] angvel=[0.0, 0.0, 0.0] linvel=[0.0, 0.0, 0.0] z=0.7975
[lowlevel-sim][GT] t=6.851 quat=[0.70739, 0.0, 0.0, 0.70683] angvel=[0.0, 0.0, 0.0] linvel=[0.0, 0.0, 0.0] z=0.7975
[lowlevel-sim][GT] t=6.901 quat=[0.70739, 0.0, 0.0, 0.70683] angvel=[0.0, 0.0, 0.0] linvel=[0.0, 0.0, 0.0] z=0.7975
[lowlevel-sim][GT] t=6.951 quat=[0.70739, 0.0, 0.0, 0.70683] angvel=[0.0, 0.0, 0.0] linvel=[0.0, 0.0, 0.0] z=0.7975
[lowlevel-sim] t=   7.00 mode=hold       pd=6999 hold=6999 failclosed=0 rtf=0.194 base_z=+0.798 pitch=+0.000 roll=+0.000 |tau|max= 35.00 sat=5/29 knee_L=+0.300 hip_p_L=-0.100 torn=6999 cmd_age=-1.0ms auth=-1.0s rig_ign=0 fix_base=1 sat_j=left_ankle_roll_joint:+35.0,right_ankle_roll_joint:+35.0,left_wrist_roll_joint:+25.0,right_wrist_roll_joint:+25.0,right_wrist_yaw_joint:-5.0
[lowlevel-sim][GT] t=7.001 quat=[0.70739, 0.0, 0.0, 0.70683] angvel=[0.0, 0.0, 0.0] linvel=[0.0, 0.0, 0.0] z=0.7975
[lowlevel-sim][GT] t=7.051 quat=[0.70739, 0.0, 0.0, 0.70683] angvel=[0.0, 0.0, 0.0] linvel=[0.0, 0.0, 0.0] z=0.7975
[lowlevel-sim][GT] t=7.101 quat=[0.70739, 0.0, 0.0, 0.70683] angvel=[0.0, 0.0, 0.0] linvel=[0.0, 0.0, 0.0] z=0.7975
[lowlevel-sim][GT] t=7.151 quat=[0.70739, 0.0, 0.0, 0.70683] angvel=[0.0, 0.0, 0.0] linvel=[0.0, 0.0, 0.0] z=0.7975
[lowlevel-sim][GT] t=7.201 quat=[0.70739, 0.0, 0.0, 0.70683] angvel=[0.0, 0.0, 0.0] linvel=[0.0, 0.0, 0.0] z=0.7975
[lowlevel-sim][GT] t=7.251 quat=[0.70739, 0.0, 0.0, 0.70683] angvel=[0.0, 0.0, 0.0] linvel=[0.0, 0.0, 0.0] z=0.7975
[lowlevel-sim][GT] t=7.301 quat=[0.70739, 0.0, 0.0, 0.70683] angvel=[0.0, 0.0, 0.0] linvel=[0.0, 0.0, 0.0] z=0.7975
[lowlevel-sim][GT] t=7.351 quat=[0.70739, 0.0, 0.0, 0.70683] angvel=[0.0, 0.0, 0.0] linvel=[0.0, 0.0, 0.0] z=0.7975
[lowlevel-sim][GT] t=7.401 quat=[0.70739, 0.0, 0.0, 0.70683] angvel=[0.0, 0.0, 0.0] linvel=[0.0, 0.0, 0.0] z=0.7975
[lowlevel-sim][GT] t=7.451 quat=[0.70739, 0.0, 0.0, 0.70683] angvel=[0.0, 0.0, 0.0] linvel=[0.0, 0.0, 0.0] z=0.7975
[lowlevel-sim] t=   7.50 mode=hold       pd=7499 hold=7499 failclosed=0 rtf=0.194 base_z=+0.798 pitch=+0.000 roll=+0.000 |tau|max= 35.00 sat=5/29 knee_L=+0.300 hip_p_L=-0.100 torn=7499 cmd_age=-1.0ms auth=-1.0s rig_ign=0 fix_base=1 sat_j=left_ankle_roll_joint:+35.0,right_ankle_roll_joint:+35.0,left_wrist_roll_joint:+25.0,right_wrist_roll_joint:+25.0,right_wrist_yaw_joint:-5.0
[lowlevel-sim][GT] t=7.501 quat=[0.70739, 0.0, 0.0, 0.70683] angvel=[0.0, 0.0, 0.0] linvel=[0.0, 0.0, 0.0] z=0.7975
[lowlevel-sim][GT] t=7.551 quat=[0.70739, 0.0, 0.0, 0.70683] angvel=[0.0, 0.0, 0.0] linvel=[0.0, 0.0, 0.0] z=0.7975
[lowlevel-sim][GT] t=7.601 quat=[0.70739, 0.0, 0.0, 0.70683] angvel=[0.0, 0.0, 0.0] linvel=[0.0, 0.0, 0.0] z=0.7975
[lowlevel-sim][GT] t=7.651 quat=[0.70739, 0.0, 0.0, 0.70683] angvel=[0.0, 0.0, 0.0] linvel=[0.0, 0.0, 0.0] z=0.7975
[lowlevel-sim][GT] t=7.701 quat=[0.70739, 0.0, 0.0, 0.70683] angvel=[0.0, 0.0, 0.0] linvel=[0.0, 0.0, 0.0] z=0.7975
[lowlevel-sim][GT] t=7.751 quat=[0.70739, 0.0, 0.0, 0.70683] angvel=[0.0, 0.0, 0.0] linvel=[0.0, 0.0, 0.0] z=0.7975
[lowlevel-sim][GT] t=7.801 quat=[0.70739, 0.0, 0.0, 0.70683] angvel=[0.0, 0.0, 0.0] linvel=[0.0, 0.0, 0.0] z=0.7975
[lowlevel-sim][GT] t=7.851 quat=[0.70739, 0.0, 0.0, 0.70683] angvel=[0.0, 0.0, 0.0] linvel=[0.0, 0.0, 0.0] z=0.7975
[lowlevel-sim][GT] t=7.901 quat=[0.70739, 0.0, 0.0, 0.70683] angvel=[0.0, 0.0, 0.0] linvel=[0.0, 0.0, 0.0] z=0.7975
[lowlevel-sim][GT] t=7.951 quat=[0.70739, 0.0, 0.0, 0.70683] angvel=[0.0, 0.0, 0.0] linvel=[0.0, 0.0, 0.0] z=0.7975
[lowlevel-sim] t=   8.00 mode=hold       pd=7999 hold=7999 failclosed=0 rtf=0.193 base_z=+0.798 pitch=+0.000 roll=+0.000 |tau|max= 35.00 sat=5/29 knee_L=+0.300 hip_p_L=-0.100 torn=7999 cmd_age=-1.0ms auth=-1.0s rig_ign=0 fix_base=1 sat_j=left_ankle_roll_joint:+35.0,right_ankle_roll_joint:+35.0,left_wrist_roll_joint:+25.0,right_wrist_roll_joint:+25.0,right_wrist_yaw_joint:-5.0
[lowlevel-sim][GT] t=8.001 quat=[0.70739, 0.0, 0.0, 0.70683] angvel=[0.0, 0.0, 0.0] linvel=[0.0, 0.0, 0.0] z=0.7975
[lowlevel-sim][GT] t=8.051 quat=[0.70739, 0.0, 0.0, 0.70683] angvel=[0.0, 0.0, 0.0] linvel=[0.0, 0.0, 0.0] z=0.7975
[lowlevel-sim][GT] t=8.101 quat=[0.70739, 0.0, 0.0, 0.70683] angvel=[0.0, 0.0, 0.0] linvel=[0.0, 0.0, 0.0] z=0.7975
[lowlevel-sim][GT] t=8.151 quat=[0.70739, 0.0, 0.0, 0.70683] angvel=[0.0, 0.0, 0.0] linvel=[0.0, 0.0, 0.0] z=0.7975
[lowlevel-sim][GT] t=8.201 quat=[0.70739, 0.0, 0.0, 0.70683] angvel=[0.0, 0.0, 0.0] linvel=[0.0, 0.0, 0.0] z=0.7975
[lowlevel-sim][GT] t=8.251 quat=[0.70739, 0.0, 0.0, 0.70683] angvel=[0.0, 0.0, 0.0] linvel=[0.0, 0.0, 0.0] z=0.7975
[lowlevel-sim][GT] t=8.301 quat=[0.70739, 0.0, 0.0, 0.70683] angvel=[0.0, 0.0, 0.0] linvel=[0.0, 0.0, 0.0] z=0.7975
[lowlevel-sim][GT] t=8.351 quat=[0.70739, 0.0, 0.0, 0.70683] angvel=[0.0, 0.0, 0.0] linvel=[0.0, 0.0, 0.0] z=0.7975
[lowlevel-sim][GT] t=8.401 quat=[0.70739, 0.0, 0.0, 0.70683] angvel=[0.0, 0.0, 0.0] linvel=[0.0, 0.0, 0.0] z=0.7975
[lowlevel-sim][GT] t=8.451 quat=[0.70739, 0.0, 0.0, 0.70683] angvel=[0.0, 0.0, 0.0] linvel=[0.0, 0.0, 0.0] z=0.7975
[lowlevel-sim] t=   8.50 mode=hold       pd=8255 hold=8255 failclosed=0 rtf=0.194 base_z=+0.798 pitch=+0.000 roll=+0.000 |tau|max= 35.00 sat=7/29 knee_L=+0.301 hip_p_L=-0.099 torn=8014 cmd_age=17.7ms auth=2.0s rig_ign=245 fix_base=1 sat_j=left_ankle_roll_joint:+35.0,right_ankle_roll_joint:+35.0,left_wrist_roll_joint:+25.0,left_wrist_pitch_joint:-5.0,left_wrist_yaw_joint:-5.0,right_wrist_roll_joint:+25.0
[lowlevel-sim][GT] t=8.501 quat=[0.70739, 0.0, 0.0, 0.70683] angvel=[0.0, 0.0, 0.0] linvel=[0.0, 0.0, 0.0] z=0.7975
[lowlevel-sim][GT] t=8.551 quat=[0.70739, 0.0, 0.0, 0.70683] angvel=[0.0, 0.0, 0.0] linvel=[0.0, 0.0, 0.0] z=0.7975
[lowlevel-sim][GT] t=8.601 quat=[0.70739, 0.0, 0.0, 0.70683] angvel=[0.0, 0.0, 0.0] linvel=[0.0, 0.0, 0.0] z=0.7975
[lowlevel-sim][GT] t=8.651 quat=[0.70739, 0.0, 0.0, 0.70683] angvel=[0.0, 0.0, 0.0] linvel=[0.0, 0.0, 0.0] z=0.7975
[lowlevel-sim][GT] t=8.701 quat=[0.70739, 0.0, 0.0, 0.70683] angvel=[0.0, 0.0, 0.0] linvel=[0.0, 0.0, 0.0] z=0.7975
[lowlevel-sim][GT] t=8.751 quat=[0.70739, 0.0, 0.0, 0.70683] angvel=[0.0, 0.0, 0.0] linvel=[0.0, 0.0, 0.0] z=0.7975
[lowlevel-sim][GT] t=8.801 quat=[0.70739, 0.0, 0.0, 0.70683] angvel=[0.0, 0.0, 0.0] linvel=[0.0, 0.0, 0.0] z=0.7975
[lowlevel-sim][GT] t=8.851 quat=[0.70739, 0.0, 0.0, 0.70683] angvel=[0.0, 0.0, 0.0] linvel=[0.0, 0.0, 0.0] z=0.7975
[lowlevel-sim][GT] t=8.901 quat=[0.70739, 0.0, 0.0, 0.70683] angvel=[0.0, 0.0, 0.0] linvel=[0.0, 0.0, 0.0] z=0.7975
[lowlevel-sim][GT] t=8.951 quat=[0.70739, 0.0, 0.0, 0.70683] angvel=[0.0, 0.0, 0.0] linvel=[0.0, 0.0, 0.0] z=0.7975
[lowlevel-sim] t=   9.00 mode=hold       pd=8505 hold=8505 failclosed=0 rtf=0.196 base_z=+0.798 pitch=+0.000 roll=+0.000 |tau|max= 35.00 sat=6/29 knee_L=+0.301 hip_p_L=-0.100 torn=8030 cmd_age=10.5ms auth=4.2s rig_ign=495 fix_base=1 sat_j=left_ankle_roll_joint:+35.0,right_ankle_roll_joint:+35.0,left_wrist_roll_joint:+25.0,left_wrist_pitch_joint:-5.0,right_wrist_roll_joint:+25.0,right_wrist_pitch_joint:-5.0
[lowlevel-sim][GT] t=9.001 quat=[0.70739, 0.0, 0.0, 0.70683] angvel=[0.0, 0.0, 0.0] linvel=[0.0, 0.0, 0.0] z=0.7975
[lowlevel-sim][GT] t=9.051 quat=[0.70739, 0.0, 0.0, 0.70683] angvel=[0.0, 0.0, 0.0] linvel=[0.0, 0.0, 0.0] z=0.7975
[lowlevel-sim][GT] t=9.101 quat=[0.70739, 0.0, 0.0, 0.70683] angvel=[0.0, 0.0, 0.0] linvel=[0.0, 0.0, 0.0] z=0.7975
[lowlevel-sim][GT] t=9.151 quat=[0.70739, 0.0, 0.0, 0.70683] angvel=[0.0, 0.0, 0.0] linvel=[0.0, 0.0, 0.0] z=0.7975
[lowlevel-sim] TEST RIG RELEASED at t=9.180s -- controller has had authority for 5.0s (C-30)
[lowlevel-sim] COMMANDED at t=9.180s (was idle hold)
[lowlevel-sim][GT] t=9.201 quat=[0.70842, 0.00151, -0.00259, 0.70578] angvel=[0.32611, -0.1121, -0.23277] linvel=[0.07832, -0.08434, -0.24757] z=0.7946
[lowlevel-sim][GT] t=9.251 quat=[0.71141, 0.01398, -0.01543, 0.70247] angvel=[0.74149, -0.04042, -0.07949] linvel=[0.05566, -0.12874, -0.05764] z=0.7817
[lowlevel-sim][GT] t=9.301 quat=[0.7114, 0.01982, -0.02068, 0.7022] angvel=[0.13135, 0.01026, 0.03749] linvel=[0.05422, -0.07768, -0.00874] z=0.7805
[lowlevel-sim][GT] t=9.351 quat=[0.71027, 0.02068, -0.02071, 0.70332] angvel=[-0.05378, -0.01235, 0.09364] linvel=[0.03869, -0.00366, -0.00022] z=0.7804
[lowlevel-sim][GT] t=9.401 quat=[0.70906, 0.01819, -0.01769, 0.70469] angvel=[-0.17977, 0.01709, 0.06167] linvel=[0.03899, 0.10988, 0.00487] z=0.7807
[lowlevel-sim][GT] t=9.451 quat=[0.70847, 0.01462, -0.01393, 0.70545] angvel=[-0.20802, -0.03073, 0.03836] linvel=[0.01964, 0.18141, -0.00599] z=0.7808
[lowlevel-sim] t=   9.50 mode=cmd        pd=8755 hold=8595 failclosed=0 rtf=0.198 base_z=+0.781 pitch=-0.030 roll=+0.001 |tau|max= 25.00 sat=5/29 knee_L=+0.363 hip_p_L=-0.096 torn=8056 cmd_age=83.2ms auth=6.3s rig_ign=585 fix_base=0 sat_j=left_wrist_roll_joint:+25.0,left_wrist_yaw_joint:-5.0,right_wrist_roll_joint:+25.0,right_wrist_pitch_joint:+5.0,right_wrist_yaw_joint:+5.0
[lowlevel-sim][GT] t=9.501 quat=[0.70788, 0.01095, -0.00997, 0.70618] angvel=[-0.22281, 0.01731, 0.0188] linvel=[0.0235, 0.21603, -0.01161] z=0.7805
[lowlevel-sim][GT] t=9.551 quat=[0.70783, 0.00702, -0.0057, 0.70632] angvel=[-0.23958, 0.00218, 0.00692] linvel=[0.01649, 0.23339, -0.01704] z=0.7798
[lowlevel-sim][GT] t=9.601 quat=[0.70748, 0.00248, -0.0008, 0.70673] angvel=[-0.29303, 0.03675, 0.01333] linvel=[0.01843, 0.23729, -0.0225] z=0.7788
[lowlevel-sim][GT] t=9.651 quat=[0.70684, -0.00297, 0.00519, 0.70735] angvel=[-0.34707, 0.0004, 0.03938] linvel=[0.01084, 0.23397, -0.02366] z=0.7778
[lowlevel-sim][GT] t=9.701 quat=[0.70636, -0.00965, 0.01218, 0.70768] angvel=[-0.44038, 0.03335, 0.01309] linvel=[0.01083, 0.23961, -0.02534] z=0.7765
[lowlevel-sim][GT] t=9.751 quat=[0.7061, -0.01801, 0.02063, 0.70759] angvel=[-0.51067, -0.01094, -0.00111] linvel=[0.00593, 0.25663, -0.029] z=0.7752
[lowlevel-sim][GT] t=9.801 quat=[0.70574, -0.02782, 0.03065, 0.70726] angvel=[-0.60744, -0.00422, -0.00436] linvel=[0.01313, 0.29093, -0.03722] z=0.7734
[lowlevel-sim][GT] t=9.851 quat=[0.70506, -0.03932, 0.04245, 0.70678] angvel=[-0.71182, -0.02121, 0.0088] linvel=[0.006, 0.34458, -0.05441] z=0.7710
[lowlevel-sim][GT] t=9.901 quat=[0.70402, -0.05282, 0.05614, 0.70598] angvel=[-0.82671, 0.04068, -0.01374] linvel=[0.00825, 0.41617, -0.07241] z=0.7674
[lowlevel-sim][GT] t=9.951 quat=[0.70244, -0.0685, 0.07203, 0.70476] angvel=[-0.96137, -0.0197, 0.01266] linvel=[0.00188, 0.5067, -0.11539] z=0.7620
[lowlevel-sim] t=  10.00 mode=cmd        pd=9005 hold=8595 failclosed=0 rtf=0.200 base_z=+0.754 pitch=+0.250 roll=+0.006 |tau|max= 25.00 sat=5/29 knee_L=+0.317 hip_p_L=-0.113 torn=8083 cmd_age=28.0ms auth=8.2s rig_ign=585 fix_base=0 sat_j=left_wrist_roll_joint:+25.0,left_wrist_pitch_joint:-5.0,left_wrist_yaw_joint:-5.0,right_wrist_roll_joint:+25.0,right_wrist_yaw_joint:-5.0
[lowlevel-sim][GT] t=10.001 quat=[0.70018, -0.08669, 0.09052, 0.70288] angvel=[-1.12745, 0.02645, 0.01184] linvel=[0.00651, 0.6065, -0.17094] z=0.7540
[lowlevel-sim][GT] t=10.051 quat=[0.69664, -0.10774, 0.11192, 0.70039] angvel=[-1.29547, 0.0089, 0.00543] linvel=[-0.00323, 0.70823, -0.23516] z=0.7426
[lowlevel-sim][GT] t=10.101 quat=[0.69234, -0.13195, 0.13649, 0.69615] angvel=[-1.49931, -0.0, -0.03303] linvel=[-0.00435, 0.80787, -0.33] z=0.7267
[lowlevel-sim][GT] t=10.151 quat=[0.68727, -0.16, 0.1646, 0.68918] angvel=[-1.74003, -0.03178, -0.03635] linvel=[-0.01013, 0.90458, -0.44781] z=0.7047
[lowlevel-sim][GT] t=10.201 quat=[0.68017, -0.19065, 0.19754, 0.67971] angvel=[-1.97647, 0.07793, -0.13751] linvel=[-0.0047, 1.01415, -0.57425] z=0.6757
[lowlevel-sim][GT] t=10.251 quat=[0.67046, -0.22463, 0.23415, 0.66723] angvel=[-2.22595, 0.0187, -0.04937] linvel=[0.0001, 1.16886, -0.69446] z=0.6394
[lowlevel-sim][GT] t=10.301 quat=[0.65662, -0.26366, 0.27415, 0.65129] angvel=[-2.62303, -0.09234, 0.02005] linvel=[0.04668, 1.37495, -0.8571] z=0.5948
[lowlevel-sim][GT] t=10.351 quat=[0.63435, -0.3113, 0.32186, 0.63015] angvel=[-3.25315, 0.19845, 0.01897] linvel=[-0.02315, 1.53928, -1.18585] z=0.5361
[lowlevel-sim][GT] t=10.401 quat=[0.60337, -0.36449, 0.37727, 0.60064] angvel=[-3.61692, -0.03529, 0.02085] linvel=[0.05074, 1.55463, -1.68352] z=0.4532
[lowlevel-sim][GT] t=10.451 quat=[0.5682, -0.41589, 0.43043, 0.56473] angvel=[-3.53304, 0.1416, -0.06146] linvel=[-0.02481, 1.48682, -2.16103] z=0.3439
[lowlevel-sim] t=  10.50 mode=cmd        pd=9255 hold=8595 failclosed=0 rtf=0.203 base_z=+0.218 pitch=+1.443 roll=+0.087 |tau|max= 35.00 sat=5/29 knee_L=+0.303 hip_p_L=-0.083 torn=8113 cmd_age=49.7ms auth=10.1s rig_ign=585 fix_base=0 sat_j=left_ankle_roll_joint:+35.0,right_ankle_roll_joint:+35.0,left_wrist_yaw_joint:+5.0,right_wrist_pitch_joint:+5.0,right_wrist_yaw_joint:-5.0
[lowlevel-sim][GT] t=10.501 quat=[0.53267, -0.4605, 0.47512, 0.5277] angvel=[-2.83267, -0.18684, 0.06452] linvel=[0.04404, 1.50247, -2.43405] z=0.2149
[lowlevel-sim][GT] t=10.551 quat=[0.48495, -0.51184, 0.52171, 0.48027] angvel=[-16.33718, 0.2573, 0.28692] linvel=[-0.08733, 0.7087, -1.37485] z=0.0954
[lowlevel-sim][GT] t=10.601 quat=[0.47645, -0.52742, 0.52885, 0.46384] angvel=[0.36652, -0.20456, 0.1192] linvel=[0.08763, 0.19398, 0.10765] z=0.0832
[lowlevel-sim][GT] t=10.651 quat=[0.47571, -0.52965, 0.52806, 0.46296] angvel=[0.29312, 0.11885, 3e-05] linvel=[0.00719, 0.10321, -0.03447] z=0.0851
[lowlevel-sim][GT] t=10.701 quat=[0.47597, -0.52127, 0.52397, 0.47663] angvel=[0.42434, 1.38693, 0.37308] linvel=[0.09517, -0.01567, -0.03714] z=0.0841
[lowlevel-sim][GT] t=10.751 quat=[0.47936, -0.51747, 0.52102, 0.48059] angvel=[0.45911, 0.13443, -0.04493] linvel=[-0.02818, -0.0841, 0.17897] z=0.0915
[lowlevel-sim][GT] t=10.801 quat=[0.48641, -0.51133, 0.51341, 0.48822] angvel=[0.6735, -0.14153, -0.02586] linvel=[0.0365, -0.0681, 0.11631] z=0.1022
[lowlevel-sim][GT] t=10.851 quat=[0.49018, -0.50873, 0.51074, 0.48996] angvel=[0.02632, 0.02742, -0.12719] linvel=[-0.0136, 0.0077, 0.00749] z=0.1051
[lowlevel-sim][GT] t=10.901 quat=[0.49201, -0.50682, 0.51111, 0.48972] angvel=[0.09622, -0.06468, -0.02831] linvel=[0.05888, 0.01067, 0.01522] z=0.1058
[lowlevel-sim][GT] t=10.951 quat=[0.49351, -0.50502, 0.5115, 0.48966] angvel=[0.00493, 0.041, -0.08171] linvel=[-0.04336, 0.00761, 0.00365] z=0.1065
[lowlevel-sim] t=  11.00 mode=cmd        pd=9505 hold=8595 failclosed=0 rtf=0.203 base_z=+0.106 pitch=+1.536 roll=+3.022 |tau|max= 35.00 sat=7/29 knee_L=+0.282 hip_p_L=-0.112 torn=8131 cmd_age=39.8ms auth=12.4s rig_ign=585 fix_base=0 sat_j=left_ankle_roll_joint:+35.0,right_ankle_roll_joint:+35.0,left_wrist_pitch_joint:+5.0,left_wrist_yaw_joint:+5.0,right_wrist_roll_joint:+25.0,right_wrist_pitch_joint:+5.0
[lowlevel-sim][GT] t=11.001 quat=[0.49233, -0.50533, 0.51184, 0.49017] angvel=[-0.05755, 0.01028, 0.14475] linvel=[-0.03144, 0.00737, -0.00193] z=0.1063
[lowlevel-sim][GT] t=11.051 quat=[0.49045, -0.50584, 0.51133, 0.49205] angvel=[0.05185, 0.12701, 0.02216] linvel=[-0.09389, 0.01266, 0.00173] z=0.1062
[lowlevel-sim][GT] t=11.101 quat=[0.48925, -0.50627, 0.5101, 0.49409] angvel=[0.04498, -0.12856, 0.1491] linvel=[-0.01126, 0.00899, 0.00233] z=0.1065
[lowlevel-sim][GT] t=11.151 quat=[0.48823, -0.50741, 0.50944, 0.49461] angvel=[-0.04668, 0.0483, -0.03396] linvel=[-0.04367, 0.00828, 0.00184] z=0.1064
[lowlevel-sim][GT] t=11.201 quat=[0.48761, -0.50867, 0.50883, 0.49455] angvel=[-0.04414, -0.09669, 0.0746] linvel=[0.01885, 0.00763, -0.00044] z=0.1063
[lowlevel-sim][GT] t=11.251 quat=[0.48817, -0.50987, 0.5079, 0.49372] angvel=[0.01777, -0.00448, -0.04719] linvel=[-0.04162, 0.00758, 0.00834] z=0.1063
[lowlevel-sim][GT] t=11.301 quat=[0.48971, -0.51061, 0.50629, 0.49308] angvel=[0.09762, -0.21953, 0.1102] linvel=[0.01251, 0.01023, -0.00346] z=0.1066
[lowlevel-sim][GT] t=11.351 quat=[0.4894, -0.51109, 0.50511, 0.4941] angvel=[0.03484, 0.11797, -0.00137] linvel=[-0.04114, 0.00688, 0.01006] z=0.1073
[lowlevel-sim][GT] t=11.401 quat=[0.48959, -0.51206, 0.50392, 0.49413] angvel=[0.01898, -0.1926, 0.07918] linvel=[0.01087, 0.0071, 0.01047] z=0.1079
[lowlevel-sim][GT] t=11.451 quat=[0.48927, -0.51323, 0.50228, 0.49489] angvel=[0.07086, 0.04808, 0.03637] linvel=[-0.04149, 0.00152, 0.00989] z=0.1086
[lowlevel-sim] t=  11.50 mode=cmd        pd=9755 hold=8595 failclosed=0 rtf=0.205 base_z=+0.109 pitch=+1.540 roll=-2.943 |tau|max= 35.00 sat=2/29 knee_L=+0.293 hip_p_L=-0.115 torn=8155 cmd_age=48.4ms auth=14.5s rig_ign=585 fix_base=0 sat_j=left_ankle_roll_joint:+35.0,right_ankle_roll_joint:+35.0
[lowlevel-sim][GT] t=11.501 quat=[0.48897, -0.51402, 0.50066, 0.49601] angvel=[-0.01091, -0.02166, 0.14503] linvel=[0.01713, 0.00323, 0.01366] z=0.1093
[lowlevel-sim][GT] t=11.551 quat=[0.48836, -0.51452, 0.49928, 0.49748] angvel=[0.05593, -0.04457, 0.00147] linvel=[-0.03747, 0.00369, 0.00538] z=0.1099
[lowlevel-sim][GT] t=11.601 quat=[0.48805, -0.51482, 0.49878, 0.49797] angvel=[0.00391, -0.07673, 0.10644] linvel=[0.01707, -0.00594, -0.00091] z=0.1102
[lowlevel-sim][GT] t=11.651 quat=[0.48744, -0.515, 0.4986, 0.49858] angvel=[-0.0271, 0.22506, -0.09905] linvel=[-0.05138, -0.0079, -0.00032] z=0.1102
[lowlevel-sim][GT] t=11.701 quat=[0.48739, -0.51492, 0.49871, 0.4986] angvel=[-0.032, -0.02365, 0.03764] linvel=[0.01214, 0.00136, 0.00327] z=0.1100
[lowlevel-sim][GT] t=11.751 quat=[0.48706, -0.51493, 0.49845, 0.49916] angvel=[0.10224, -0.06361, -0.00164] linvel=[-0.0193, -0.00887, -0.00372] z=0.1102
[lowlevel-sim][GT] t=11.801 quat=[0.48702, -0.51505, 0.498, 0.49953] angvel=[0.04217, -0.09849, 0.08943] linvel=[0.01518, -0.00116, -0.00302] z=0.1102
[lowlevel-sim] FAIL-CLOSED engaged at t=11.821s, last command age 86.91 ms (deadline <= 100 ms) PASS
[lowlevel-sim] COMMANDED at t=11.824s (was fail-closed)
[lowlevel-sim][GT] t=11.851 quat=[0.48701, -0.51541, 0.49769, 0.49948] angvel=[0.07667, -0.06391, 0.01264] linvel=[0.00779, -0.00356, -0.00866] z=0.1102
[lowlevel-sim][GT] t=11.901 quat=[0.48679, -0.51549, 0.49771, 0.49959] angvel=[-0.03517, 0.01154, -0.00447] linvel=[0.00092, -0.00333, 0.00706] z=0.1102
[lowlevel-sim][GT] t=11.951 quat=[0.48672, -0.51544, 0.49741, 0.50001] angvel=[0.09028, 0.07593, -0.00472] linvel=[-0.00192, -0.0039, -0.00908] z=0.1103
[lowlevel-sim] t=  12.00 mode=cmd        pd=10006 hold=8595 failclosed=2 rtf=0.205 base_z=+0.110 pitch=+1.544 roll=-2.966 |tau|max= 35.00 sat=2/29 knee_L=+0.294 hip_p_L=-0.116 torn=8172 cmd_age=28.0ms auth=16.8s rig_ign=585 fix_base=0 sat_j=left_ankle_roll_joint:+35.0,right_ankle_roll_joint:-35.0
[lowlevel-sim][GT] t=12.001 quat=[0.4867, -0.51558, 0.49718, 0.50011] angvel=[0.01013, -0.01255, 0.01411] linvel=[-0.00743, -0.00166, -0.00137] z=0.1103
[lowlevel-sim][GT] t=12.051 quat=[0.4865, -0.51578, 0.49712, 0.50016] angvel=[0.03061, -0.01313, 0.00369] linvel=[-0.00777, -0.00214, -0.00167] z=0.1102
[lowlevel-sim][GT] t=12.101 quat=[0.48658, -0.51592, 0.497, 0.50005] angvel=[-0.02631, 0.08895, 0.00621] linvel=[-0.00771, 0.00235, 0.00205] z=0.1102
[lowlevel-sim][GT] t=12.151 quat=[0.4866, -0.51614, 0.49669, 0.50012] angvel=[0.09872, 0.03996, 0.00087] linvel=[-0.00774, -0.00539, -0.01373] z=0.1102
[lowlevel-sim][GT] t=12.201 quat=[0.48662, -0.51642, 0.49633, 0.50016] angvel=[0.08945, -0.03385, -0.00536] linvel=[0.00308, -0.00198, -0.01093] z=0.1102
[lowlevel-sim][GT] t=12.251 quat=[0.48655, -0.51666, 0.49625, 0.50007] angvel=[0.01839, 0.00038, 0.03672] linvel=[0.01077, -0.00587, -0.00347] z=0.1101
[lowlevel-sim][GT] t=12.301 quat=[0.48638, -0.51667, 0.49603, 0.50044] angvel=[0.03935, -0.09217, 0.00399] linvel=[0.01284, -0.00245, -0.00839] z=0.1100
[lowlevel-sim][GT] t=12.351 quat=[0.48594, -0.51653, 0.4962, 0.50085] angvel=[0.05762, 0.02416, -0.01121] linvel=[0.00353, -0.00703, -0.00153] z=0.1099
[lowlevel-sim][GT] t=12.401 quat=[0.48564, -0.51662, 0.49611, 0.50112] angvel=[-0.00354, -0.09725, -0.01151] linvel=[0.00454, -0.00393, 0.00143] z=0.1099
[lowlevel-sim][GT] t=12.451 quat=[0.48541, -0.51697, 0.49602, 0.50109] angvel=[0.02475, 0.01948, 0.07718] linvel=[0.01662, -0.00598, -0.00405] z=0.1098
[lowlevel-sim] t=  12.50 mode=cmd        pd=10256 hold=8595 failclosed=2 rtf=0.205 base_z=+0.110 pitch=+1.543 roll=-2.967 |tau|max= 35.00 sat=2/29 knee_L=+0.291 hip_p_L=-0.115 torn=8200 cmd_age=30.0ms auth=19.3s rig_ign=585 fix_base=0 sat_j=left_ankle_roll_joint:+35.0,right_ankle_roll_joint:-35.0
[lowlevel-sim][GT] t=12.501 quat=[0.48516, -0.51718, 0.49599, 0.50114] angvel=[-0.01599, 0.07073, 0.01008] linvel=[0.00605, -0.00245, 0.00141] z=0.1097
[lowlevel-sim][GT] t=12.551 quat=[0.48494, -0.51718, 0.49615, 0.5012] angvel=[-0.00079, 0.07232, -0.01803] linvel=[0.00804, -0.00581, -0.00418] z=0.1097
[lowlevel-sim][GT] t=12.601 quat=[0.48505, -0.51712, 0.49594, 0.50136] angvel=[-0.00083, -0.02701, 0.02961] linvel=[0.01329, -4e-05, 0.00023] z=0.1097
[lowlevel-sim][GT] t=12.651 quat=[0.48487, -0.51712, 0.49601, 0.50145] angvel=[-0.00791, 0.02105, 0.06637] linvel=[0.01972, -0.00497, 0.00115] z=0.1096
[lowlevel-sim][GT] t=12.701 quat=[0.48483, -0.51719, 0.49584, 0.5016] angvel=[-0.02281, -0.00778, 0.015] linvel=[0.01169, -0.00332, 0.00208] z=0.1096
[lowlevel-sim][GT] t=12.751 quat=[0.48466, -0.51724, 0.49577, 0.50178] angvel=[0.0168, -0.03328, -0.03084] linvel=[0.00855, -0.00604, -0.00159] z=0.1096
[lowlevel-sim][GT] t=12.801 quat=[0.48464, -0.51727, 0.49576, 0.50178] angvel=[-0.00193, 0.00655, -0.01681] linvel=[0.00743, -0.00487, -0.00165] z=0.1095
[lowlevel-sim][GT] t=12.851 quat=[0.48472, -0.51737, 0.49587, 0.50149] angvel=[0.01057, -0.09956, 0.00367] linvel=[0.01671, -0.00751, -0.00355] z=0.1095
[lowlevel-sim][GT] t=12.901 quat=[0.48473, -0.51736, 0.49582, 0.50153] angvel=[-0.01857, -0.05661, 0.01157] linvel=[0.008, -0.00382, 0.00189] z=0.1094
[lowlevel-sim][GT] t=12.951 quat=[0.48482, -0.51742, 0.49588, 0.50132] angvel=[0.03126, -0.00965, -0.0044] linvel=[0.00745, -0.00609, -0.00523] z=0.1094
[lowlevel-sim] t=  13.00 mode=cmd        pd=10506 hold=8595 failclosed=2 rtf=0.205 base_z=+0.109 pitch=+1.543 roll=-2.968 |tau|max= 35.00 sat=2/29 knee_L=+0.288 hip_p_L=-0.114 torn=8215 cmd_age=48.1ms auth=21.6s rig_ign=585 fix_base=0 sat_j=left_ankle_roll_joint:+35.0,right_ankle_roll_joint:-35.0
[lowlevel-sim][GT] t=13.001 quat=[0.4847, -0.51769, 0.49575, 0.50129] angvel=[0.06021, 0.0288, 0.01078] linvel=[0.01007, -0.00082, -0.00756] z=0.1094
[lowlevel-sim][GT] t=13.051 quat=[0.4847, -0.51779, 0.49563, 0.50131] angvel=[0.01067, -0.0309, -0.01752] linvel=[0.00438, -0.00255, -0.00191] z=0.1093
[lowlevel-sim][GT] t=13.101 quat=[0.48457, -0.51796, 0.49547, 0.50142] angvel=[0.00478, 0.02961, -0.01277] linvel=[0.00422, -0.00677, -0.0026] z=0.1093
[lowlevel-sim][GT] t=13.151 quat=[0.48434, -0.51826, 0.49532, 0.50148] angvel=[0.02698, -0.0217, 0.0575] linvel=[0.01347, -0.00569, -0.00084] z=0.1092
[lowlevel-sim][GT] t=13.201 quat=[0.48416, -0.5183, 0.49517, 0.50175] angvel=[0.05037, 0.02073, 0.01902] linvel=[0.01208, -0.00304, 0.00113] z=0.1092
[lowlevel-sim][GT] t=13.251 quat=[0.48393, -0.51842, 0.49508, 0.50195] angvel=[0.01365, -0.01186, -0.03963] linvel=[0.01129, -0.00688, -0.00056] z=0.1092
[lowlevel-sim][GT] t=13.301 quat=[0.48387, -0.51841, 0.49508, 0.50201] angvel=[-0.01392, -0.05603, -0.00134] linvel=[0.01473, -0.00521, 0.00187] z=0.1091
[lowlevel-sim][GT] t=13.351 quat=[0.48379, -0.5183, 0.49528, 0.502] angvel=[0.0108, -0.0214, 0.00566] linvel=[0.00723, -0.00606, 0.00106] z=0.1091
[lowlevel-sim][GT] t=13.401 quat=[0.484, -0.51814, 0.49537, 0.50188] angvel=[-0.03359, -0.00795, 0.00824] linvel=[0.01214, -0.0004, 0.00303] z=0.1091
[lowlevel-sim][GT] t=13.451 quat=[0.48401, -0.51819, 0.49543, 0.50177] angvel=[-0.00982, -0.00381, -0.02258] linvel=[0.01124, -0.00642, 0.00135] z=0.1091
[lowlevel-sim] t=  13.50 mode=cmd        pd=10756 hold=8595 failclosed=2 rtf=0.206 base_z=+0.109 pitch=+1.543 roll=-2.984 |tau|max= 35.00 sat=2/29 knee_L=+0.287 hip_p_L=-0.112 torn=8239 cmd_age=46.8ms auth=23.9s rig_ign=585 fix_base=0 sat_j=left_ankle_roll_joint:+35.0,right_ankle_roll_joint:-35.0
[lowlevel-sim][GT] t=13.501 quat=[0.48422, -0.51794, 0.49548, 0.50176] angvel=[0.00559, 0.00553, -0.01741] linvel=[0.00955, -0.00562, 0.0001] z=0.1091
[lowlevel-sim][GT] t=13.551 quat=[0.48423, -0.5178, 0.49569, 0.5017] angvel=[-0.01622, -0.06525, -0.06247] linvel=[0.00579, -0.00552, 0.00245] z=0.1090
[lowlevel-sim][GT] t=13.601 quat=[0.48442, -0.51772, 0.49565, 0.50164] angvel=[-0.04219, -0.08828, -0.03326] linvel=[0.01148, -0.00476, 0.00625] z=0.1090
[lowlevel-sim][GT] t=13.651 quat=[0.48438, -0.5178, 0.4957, 0.50154] angvel=[0.00563, 0.00559, -0.00129] linvel=[0.01664, -0.00382, 0.00343] z=0.1091
[lowlevel-sim][GT] t=13.701 quat=[0.48441, -0.51761, 0.49564, 0.50176] angvel=[-0.03616, -0.04543, 0.00589] linvel=[0.00719, -0.00159, 0.00471] z=0.1091
[lowlevel-sim][GT] t=13.751 quat=[0.48425, -0.51783, 0.49569, 0.50165] angvel=[-0.01091, 0.00221, 0.02766] linvel=[0.01397, -0.0068, 0.0028] z=0.1090
[lowlevel-sim][GT] t=13.801 quat=[0.48408, -0.51779, 0.4957, 0.50184] angvel=[-0.01452, -0.00941, 0.03554] linvel=[0.01255, -0.00123, 0.00031] z=0.1090
[lowlevel-sim][GT] t=13.851 quat=[0.484, -0.51801, 0.4956, 0.50179] angvel=[0.03293, -0.01674, 0.02027] linvel=[0.00883, -0.00657, -0.00357] z=0.1090
[lowlevel-sim][GT] t=13.901 quat=[0.48385, -0.51805, 0.49554, 0.50195] angvel=[0.00481, -0.04758, 0.01221] linvel=[0.01245, 0.00132, -0.00033] z=0.1090
[lowlevel-sim][GT] t=13.951 quat=[0.48375, -0.518, 0.49565, 0.502] angvel=[0.02994, 0.01586, -0.00054] linvel=[0.0103, -0.00476, -0.00222] z=0.1089
[lowlevel-sim] t=  14.00 mode=cmd        pd=11006 hold=8595 failclosed=2 rtf=0.207 base_z=+0.109 pitch=+1.543 roll=-3.015 |tau|max= 35.00 sat=2/29 knee_L=+0.286 hip_p_L=-0.112 torn=8257 cmd_age=40.3ms auth=26.0s rig_ign=585 fix_base=0 sat_j=left_ankle_roll_joint:+35.0,right_ankle_roll_joint:-35.0
[lowlevel-sim][GT] t=14.001 quat=[0.48375, -0.518, 0.49553, 0.50211] angvel=[-0.00394, 0.05841, 0.0011] linvel=[0.00476, -0.00218, -0.0029] z=0.1089
[lowlevel-sim][GT] t=14.051 quat=[0.48366, -0.51804, 0.49561, 0.50208] angvel=[0.01209, -0.00318, 0.01788] linvel=[0.01106, -0.00554, -0.00386] z=0.1089
[lowlevel-sim][GT] t=14.101 quat=[0.48391, -0.51799, 0.49554, 0.50196] angvel=[-0.06335, 0.01063, 0.00798] linvel=[0.01021, -0.00174, 0.00729] z=0.1088
[lowlevel-sim][GT] t=14.151 quat=[0.48386, -0.518, 0.49564, 0.50189] angvel=[0.01838, -0.0005, -0.01523] linvel=[0.00895, -0.00421, -0.00175] z=0.1088
[lowlevel-sim] FAIL-CLOSED engaged at t=14.173s, last command age 87.45 ms (deadline <= 100 ms) PASS
[lowlevel-sim] COMMANDED at t=14.176s (was fail-closed)
[lowlevel-sim][GT] t=14.201 quat=[0.48381, -0.51817, 0.49585, 0.50156] angvel=[-0.02055, 0.01801, 0.00129] linvel=[0.01028, -0.00069, 0.00217] z=0.1086
[lowlevel-sim] FAIL-CLOSED engaged at t=14.212s, last command age 88.67 ms (deadline <= 100 ms) PASS
[lowlevel-sim] COMMANDED at t=14.214s (was fail-closed)
[lowlevel-sim][GT] t=14.251 quat=[0.48377, -0.51813, 0.49598, 0.5015] angvel=[0.02728, -0.04336, -0.00762] linvel=[0.01234, 0.00055, -0.00109] z=0.1085
[lowlevel-sim][GT] t=14.301 quat=[0.48383, -0.51802, 0.49616, 0.50139] angvel=[-0.05668, -0.00341, -0.06862] linvel=[0.0023, -0.00743, 0.00379] z=0.1085
[lowlevel-sim][GT] t=14.351 quat=[0.48381, -0.51792, 0.4962, 0.50147] angvel=[-0.01886, -0.009, -0.03961] linvel=[0.00628, -0.00346, 0.00267] z=0.1085
[lowlevel-sim][GT] t=14.401 quat=[0.4837, -0.51795, 0.49629, 0.50145] angvel=[0.00276, -0.01781, 0.01147] linvel=[0.01188, -0.00188, 0.00189] z=0.1085
[lowlevel-sim][GT] t=14.451 quat=[0.48375, -0.51793, 0.49628, 0.50143] angvel=[0.00749, 0.02637, 0.02265] linvel=[0.01228, -0.0032, 0.00032] z=0.1085
[lowlevel-sim] t=  14.50 mode=cmd        pd=11257 hold=8595 failclosed=5 rtf=0.207 base_z=+0.108 pitch=+1.542 roll=-3.018 |tau|max=  9.36 sat=0/29 knee_L=+0.284 hip_p_L=-0.112 torn=8283 cmd_age=37.5ms auth=28.2s rig_ign=585 fix_base=0
[lowlevel-sim][GT] t=14.501 quat=[0.48402, -0.51777, 0.49634, 0.50128] angvel=[0.03621, 0.02292, 0.00587] linvel=[0.00849, -0.00508, -0.00466] z=0.1085
[lowlevel-sim][GT] t=14.551 quat=[0.48404, -0.51758, 0.49652, 0.50129] angvel=[0.01036, 0.01022, -0.00923] linvel=[0.00723, -0.00388, -0.00018] z=0.1085
[lowlevel-sim][GT] t=14.601 quat=[0.48399, -0.51752, 0.4966, 0.50131] angvel=[0.02981, 0.02248, -0.02303] linvel=[0.01335, -0.00486, -0.00377] z=0.1085
[lowlevel-sim][GT] t=14.651 quat=[0.48408, -0.51736, 0.49671, 0.50128] angvel=[-0.0378, 0.03245, 0.01238] linvel=[0.0091, -0.00359, 0.00588] z=0.1084
[lowlevel-sim][GT] t=14.701 quat=[0.48419, -0.51726, 0.49686, 0.50112] angvel=[-0.00627, -0.02234, -0.05786] linvel=[0.00842, -0.00591, 0.00172] z=0.1084
[lowlevel-sim][GT] t=14.751 quat=[0.48443, -0.51689, 0.49706, 0.50109] angvel=[-0.00971, 0.09739, 0.00218] linvel=[0.01024, -0.00558, -0.00543] z=0.1084
[lowlevel-sim][GT] t=14.801 quat=[0.48428, -0.51697, 0.49721, 0.50099] angvel=[-0.00519, -0.02451, -0.04166] linvel=[0.00908, -0.00696, 0.00049] z=0.1083
[lowlevel-sim] FAIL-CLOSED engaged at t=14.840s, last command age 93.04 ms (deadline <= 100 ms) PASS
[lowlevel-sim] COMMANDED at t=14.844s (was fail-closed)
[lowlevel-sim][GT] t=14.851 quat=[0.48388, -0.51736, 0.49765, 0.50055] angvel=[-0.03094, -0.0207, -0.03146] linvel=[0.01337, -0.00682, -0.0113] z=0.1081
[lowlevel-sim][GT] t=14.901 quat=[0.48416, -0.51702, 0.49781, 0.50047] angvel=[0.03328, -0.02957, -0.04454] linvel=[0.01376, 6e-05, -0.00264] z=0.1080
[lowlevel-sim][GT] t=14.951 quat=[0.48419, -0.51679, 0.49798, 0.5005] angvel=[-0.00429, 0.02354, -0.00239] linvel=[0.0127, -0.00381, 0.0019] z=0.1080
[lowlevel-sim] t=  15.00 mode=cmd        pd=11508 hold=8595 failclosed=8 rtf=0.208 base_z=+0.108 pitch=+1.541 roll=-3.087 |tau|max= 35.00 sat=2/29 knee_L=+0.283 hip_p_L=-0.112 torn=8304 cmd_age=40.0ms auth=30.4s rig_ign=585 fix_base=0 sat_j=left_ankle_roll_joint:+35.0,right_ankle_roll_joint:-35.0
[lowlevel-sim][GT] t=15.001 quat=[0.48418, -0.51663, 0.49808, 0.50057] angvel=[-0.02853, 0.00573, 0.01411] linvel=[0.01276, -0.00444, 0.00374] z=0.1080
[lowlevel-sim][GT] t=15.051 quat=[0.4842, -0.51664, 0.49819, 0.50044] angvel=[0.00556, -0.02646, -0.04481] linvel=[0.00798, -0.01069, -0.0007] z=0.1080
[lowlevel-sim][GT] t=15.101 quat=[0.48445, -0.51638, 0.49822, 0.50043] angvel=[0.01338, -0.01635, -0.02403] linvel=[0.00825, -0.00154, -0.00053] z=0.1080
[lowlevel-sim][GT] t=15.151 quat=[0.48453, -0.51623, 0.49849, 0.50024] angvel=[0.00469, 0.02293, -0.01995] linvel=[0.01163, -0.00343, 0.00015] z=0.1080
[lowlevel-sim][GT] t=15.201 quat=[0.48453, -0.51605, 0.49853, 0.50039] angvel=[0.05218, 0.05509, 0.01948] linvel=[0.01115, -0.00079, -0.00643] z=0.1080
[lowlevel-sim][GT] t=15.251 quat=[0.48446, -0.51602, 0.49854, 0.50048] angvel=[-0.00046, -0.01612, -0.01605] linvel=[0.00889, -0.00619, 0.00019] z=0.1080
[lowlevel-sim][GT] t=15.301 quat=[0.48451, -0.51574, 0.49864, 0.50063] angvel=[0.05316, 0.06302, 0.01871] linvel=[0.01182, -0.00066, -0.00522] z=0.1080
[lowlevel-sim][GT] t=15.351 quat=[0.48434, -0.51574, 0.49871, 0.50071] angvel=[0.01122, 0.02236, -0.00169] linvel=[0.00535, -0.00275, -0.00189] z=0.1080
[lowlevel-sim][GT] t=15.401 quat=[0.48451, -0.51561, 0.49874, 0.50065] angvel=[0.00653, 0.00899, -0.04283] linvel=[0.00345, -0.0006, -0.00069] z=0.1080
[lowlevel-sim][GT] t=15.451 quat=[0.48459, -0.51543, 0.49913, 0.50037] angvel=[0.00992, 0.01302, -0.01874] linvel=[0.00327, -0.00434, -0.00185] z=0.1079
[lowlevel-sim] t=  15.50 mode=cmd        pd=11758 hold=8595 failclosed=8 rtf=0.208 base_z=+0.108 pitch=+1.541 roll=+3.138 |tau|max= 35.00 sat=2/29 knee_L=+0.283 hip_p_L=-0.112 torn=8330 cmd_age=34.9ms auth=32.8s rig_ign=585 fix_base=0 sat_j=left_ankle_roll_joint:+35.0,right_ankle_roll_joint:-35.0
[lowlevel-sim][GT] t=15.501 quat=[0.48473, -0.51517, 0.49925, 0.50038] angvel=[-0.01845, 0.05448, -0.00439] linvel=[-0.00176, -0.00248, -0.00049] z=0.1079
[lowlevel-sim][GT] t=15.551 quat=[0.4848, -0.51509, 0.4994, 0.50024] angvel=[0.01787, -0.03926, -0.00219] linvel=[0.00069, -0.00214, -0.00014] z=0.1079
[lowlevel-sim][GT] t=15.601 quat=[0.48482, -0.51504, 0.49951, 0.50018] angvel=[-0.02687, -0.00876, 0.01326] linvel=[-0.0019, -0.0038, 0.00212] z=0.1079
[lowlevel-sim][GT] t=15.651 quat=[0.48477, -0.51508, 0.49956, 0.50013] angvel=[-0.00694, 0.04314, 0.01895] linvel=[-0.0065, -0.0059, 0.00182] z=0.1079
[lowlevel-sim][GT] t=15.701 quat=[0.48469, -0.51515, 0.49941, 0.50028] angvel=[0.05713, -0.02004, 0.01933] linvel=[-0.00438, 0.00043, -0.00503] z=0.1079
[lowlevel-sim][GT] t=15.751 quat=[0.48491, -0.51509, 0.49944, 0.50011] angvel=[0.02217, 0.00311, -0.01279] linvel=[-0.00889, -0.00772, -0.00556] z=0.1079
[lowlevel-sim][GT] t=15.801 quat=[0.48509, -0.51511, 0.49945, 0.4999] angvel=[-0.00686, -0.0043, -0.0363] linvel=[-0.00721, -0.00264, 0.00206] z=0.1080
[lowlevel-sim][GT] t=15.851 quat=[0.48521, -0.51502, 0.49955, 0.49977] angvel=[0.03117, 0.00748, 6e-05] linvel=[-0.00767, -0.00513, -0.00552] z=0.1080
[lowlevel-sim][GT] t=15.901 quat=[0.48541, -0.51485, 0.49964, 0.49967] angvel=[0.00678, -0.03439, -0.00435] linvel=[-0.0071, -0.00171, -0.00069] z=0.1080
[lowlevel-sim][GT] t=15.951 quat=[0.48551, -0.51479, 0.49976, 0.49952] angvel=[0.00909, 0.04226, 0.01815] linvel=[-0.00058, -0.00487, 0.00094] z=0.1080
[lowlevel-sim] t=  16.00 mode=cmd        pd=12008 hold=8595 failclosed=8 rtf=0.208 base_z=+0.108 pitch=+1.542 roll=-3.119 |tau|max= 35.00 sat=2/29 knee_L=+0.283 hip_p_L=-0.111 torn=8354 cmd_age=35.7ms auth=35.2s rig_ign=585 fix_base=0 sat_j=left_ankle_roll_joint:+35.0,right_ankle_roll_joint:-35.0
[lowlevel-sim][GT] t=16.001 quat=[0.48571, -0.51463, 0.49979, 0.49946] angvel=[0.01238, -0.01234, -0.0366] linvel=[-0.00789, -0.00065, 0.00016] z=0.1080
[lowlevel-sim][GT] t=16.051 quat=[0.48571, -0.51469, 0.49977, 0.49942] angvel=[0.0055, 0.00509, -0.04634] linvel=[-0.00732, -0.00658, -0.00076] z=0.1080
[lowlevel-sim][GT] t=16.101 quat=[0.48593, -0.51451, 0.49988, 0.49927] angvel=[-0.00959, -0.02443, -0.02386] linvel=[-0.00234, -0.00156, 0.00182] z=0.1080
[lowlevel-sim][GT] t=16.151 quat=[0.48599, -0.51445, 0.50002, 0.49913] angvel=[-0.00522, 0.04348, -0.00384] linvel=[-0.01109, -0.00625, 0.00194] z=0.1079
[lowlevel-sim][GT] t=16.201 quat=[0.48592, -0.51442, 0.49994, 0.49931] angvel=[-0.00708, 0.02263, 0.00734] linvel=[-0.00952, -0.00125, 0.00368] z=0.1079
[lowlevel-sim][GT] t=16.251 quat=[0.48592, -0.5144, 0.50001, 0.49926] angvel=[-0.01869, 0.00119, 0.00665] linvel=[-0.00781, -0.00705, 0.00251] z=0.1079
[lowlevel-sim][GT] t=16.301 quat=[0.48602, -0.51433, 0.5001, 0.49914] angvel=[-0.01441, 0.00671, 0.01864] linvel=[-0.00137, -0.00342, 0.00164] z=0.1079
[lowlevel-sim][GT] t=16.351 quat=[0.48593, -0.51445, 0.5001, 0.49912] angvel=[0.0208, 0.00949, 0.01225] linvel=[-0.00285, -0.0091, -0.00679] z=0.1079
[lowlevel-sim][GT] t=16.401 quat=[0.48599, -0.51447, 0.50005, 0.49909] angvel=[-0.0259, 0.03497, 0.02716] linvel=[-0.00019, -0.0027, 0.00398] z=0.1079
[lowlevel-sim][GT] t=16.451 quat=[0.48584, -0.51455, 0.50013, 0.49906] angvel=[-0.01292, 0.03986, 0.04298] linvel=[0.00208, -0.00554, 0.00286] z=0.1079
[lowlevel-sim] t=  16.50 mode=cmd        pd=12258 hold=8595 failclosed=8 rtf=0.208 base_z=+0.108 pitch=+1.541 roll=-3.108 |tau|max= 35.00 sat=2/29 knee_L=+0.281 hip_p_L=-0.111 torn=8384 cmd_age=67.8ms auth=37.4s rig_ign=585 fix_base=0 sat_j=left_ankle_roll_joint:+35.0,right_ankle_roll_joint:-35.0
[lowlevel-sim][GT] t=16.501 quat=[0.48607, -0.51444, 0.50009, 0.49899] angvel=[0.00024, -0.03694, -0.03505] linvel=[-0.00159, -0.00125, 0.00259] z=0.1079
[lowlevel-sim][GT] t=16.551 quat=[0.4862, -0.51427, 0.50024, 0.49889] angvel=[0.02053, 0.03011, -0.00439] linvel=[0.00603, -0.00491, 0.00026] z=0.1079
[lowlevel-sim][GT] t=16.601 quat=[0.48632, -0.51418, 0.50023, 0.49888] angvel=[-0.00658, -0.03872, -0.03003] linvel=[0.0007, -0.00165, 0.00272] z=0.1078
[lowlevel-sim][GT] t=16.651 quat=[0.48617, -0.5142, 0.50036, 0.49887] angvel=[-0.00808, 0.04346, 0.04365] linvel=[0.00949, -0.0053, 0.00183] z=0.1078
[lowlevel-sim][GT] t=16.701 quat=[0.48635, -0.51393, 0.50042, 0.49892] angvel=[-0.02952, 0.06229, 0.00419] linvel=[0.01497, -0.00464, 7e-05] z=0.1078
[lowlevel-sim][GT] t=16.751 quat=[0.48628, -0.51374, 0.50076, 0.49884] angvel=[-0.00427, 0.01214, -0.00269] linvel=[0.01107, -0.00448, 0.00165] z=0.1078
[lowlevel-sim][GT] t=16.801 quat=[0.48643, -0.51362, 0.50072, 0.49887] angvel=[0.03564, 0.00776, -0.01505] linvel=[0.00927, -0.00155, -0.00178] z=0.1078
[lowlevel-sim][GT] t=16.851 quat=[0.48656, -0.51358, 0.50077, 0.49872] angvel=[0.01675, -0.01893, -0.01007] linvel=[0.00322, -0.00589, -0.00092] z=0.1078
[lowlevel-sim][GT] t=16.901 quat=[0.4865, -0.51348, 0.50083, 0.49883] angvel=[-0.0146, 0.06255, -0.02189] linvel=[3e-05, -0.00277, 0.00067] z=0.1078
[lowlevel-sim][GT] t=16.951 quat=[0.48646, -0.5134, 0.50102, 0.49876] angvel=[-0.00326, -0.02479, -0.00656] linvel=[-0.00043, -0.00439, 0.00126] z=0.1077
[lowlevel-sim] t=  17.00 mode=cmd        pd=12508 hold=8595 failclosed=8 rtf=0.209 base_z=+0.108 pitch=+1.542 roll=+3.135 |tau|max= 35.00 sat=2/29 knee_L=+0.282 hip_p_L=-0.111 torn=8409 cmd_age=29.2ms auth=39.6s rig_ign=585 fix_base=0 sat_j=left_ankle_roll_joint:+35.0,right_ankle_roll_joint:-35.0
[lowlevel-sim][GT] t=17.001 quat=[0.48655, -0.51334, 0.50111, 0.49863] angvel=[-0.01445, -0.01916, -0.04425] linvel=[-0.00152, -0.004, 0.00148] z=0.1077
[lowlevel-sim][GT] t=17.051 quat=[0.48629, -0.51365, 0.50104, 0.49865] angvel=[-0.00639, 0.01599, 0.02961] linvel=[-0.00357, -0.00479, 0.00158] z=0.1077
[lowlevel-sim][GT] t=17.101 quat=[0.48624, -0.51362, 0.50098, 0.49878] angvel=[0.02322, 0.00154, -0.00015] linvel=[-0.00923, -0.00136, -0.00353] z=0.1077
[lowlevel-sim][GT] t=17.151 quat=[0.48633, -0.5137, 0.50104, 0.49855] angvel=[0.00658, 0.00663, -0.04014] linvel=[-0.00774, -0.00497, -0.00228] z=0.1076
[lowlevel-sim][GT] t=17.201 quat=[0.48648, -0.51355, 0.50127, 0.49832] angvel=[0.07963, 0.01849, -0.01765] linvel=[-0.00786, 0.00107, -0.00407] z=0.1076
[lowlevel-sim][GT] t=17.251 quat=[0.4867, -0.51348, 0.50145, 0.49801] angvel=[-0.01935, 0.01124, -0.00172] linvel=[-0.00321, -0.00543, 0.00303] z=0.1076
[lowlevel-sim][GT] t=17.301 quat=[0.48669, -0.51345, 0.50147, 0.49803] angvel=[0.00303, 0.00745, 0.02655] linvel=[-0.00293, -0.0011, 0.00181] z=0.1076
[lowlevel-sim][GT] t=17.351 quat=[0.48685, -0.51349, 0.50147, 0.49784] angvel=[0.0031, -0.01362, -0.01503] linvel=[-0.00234, -0.0045, -0.00084] z=0.1076
[lowlevel-sim] FAIL-CLOSED engaged at t=17.358s, last command age 86.13 ms (deadline <= 100 ms) PASS
[lowlevel-sim] COMMANDED at t=17.360s (was fail-closed)
[lowlevel-sim] FAIL-CLOSED engaged at t=17.366s, last command age 86.86 ms (deadline <= 100 ms) PASS
[lowlevel-sim] COMMANDED at t=17.368s (was fail-closed)
[lowlevel-sim][GT] t=17.401 quat=[0.48682, -0.51369, 0.50182, 0.49728] angvel=[-0.00327, 0.01004, -0.01389] linvel=[-0.00267, -0.00137, 0.00259] z=0.1074
[lowlevel-sim][GT] t=17.451 quat=[0.48693, -0.51362, 0.5019, 0.49719] angvel=[-0.00326, -0.0242, -0.07549] linvel=[-0.00891, -0.00423, 0.00407] z=0.1074
[lowlevel-sim] t=  17.50 mode=cmd        pd=12759 hold=8595 failclosed=11 rtf=0.209 base_z=+0.107 pitch=+1.540 roll=-3.098 |tau|max= 35.00 sat=2/29 knee_L=+0.279 hip_p_L=-0.110 torn=8431 cmd_age=28.6ms auth=41.9s rig_ign=585 fix_base=0 sat_j=left_ankle_roll_joint:+35.0,right_ankle_roll_joint:-35.0
[lowlevel-sim][GT] t=17.501 quat=[0.48725, -0.51342, 0.50183, 0.49715] angvel=[0.02861, -0.00414, -0.01772] linvel=[-0.0009, 0.00066, -0.00026] z=0.1074
[lowlevel-sim][GT] t=17.551 quat=[0.48735, -0.51332, 0.50185, 0.49714] angvel=[-0.00287, -0.01948, -0.04557] linvel=[-0.0036, -0.00639, 0.00247] z=0.1075
[lowlevel-sim][GT] t=17.601 quat=[0.48747, -0.51318, 0.50181, 0.4972] angvel=[0.0031, -0.00656, -0.01444] linvel=[0.00059, -0.00262, -0.00091] z=0.1075
[lowlevel-sim][GT] t=17.651 quat=[0.48728, -0.51323, 0.50193, 0.49721] angvel=[0.02896, 0.03889, 0.03666] linvel=[0.00562, -0.00531, -0.00058] z=0.1074
[lowlevel-sim][GT] t=17.701 quat=[0.48737, -0.51308, 0.50191, 0.49729] angvel=[-0.03706, -0.00153, -0.00198] linvel=[0.0061, -0.00655, 0.00113] z=0.1074
[lowlevel-sim][GT] t=17.751 quat=[0.48721, -0.5132, 0.50193, 0.49731] angvel=[-0.00014, 0.00089, 0.00184] linvel=[0.00674, -0.00579, -0.00432] z=0.1074
[lowlevel-sim][GT] t=17.801 quat=[0.48731, -0.51313, 0.50193, 0.49728] angvel=[-0.04532, 0.03179, 0.03345] linvel=[0.00668, -0.00294, 0.00522] z=0.1074
[lowlevel-sim][GT] t=17.851 quat=[0.48726, -0.51314, 0.50187, 0.49739] angvel=[-0.0046, 0.03264, -0.02025] linvel=[0.01081, -0.00766, -0.00071] z=0.1075
[lowlevel-sim][GT] t=17.901 quat=[0.48714, -0.51311, 0.50182, 0.49759] angvel=[-0.01246, -0.01171, -0.00364] linvel=[0.00962, -0.00293, 0.00249] z=0.1074
[lowlevel-sim][GT] t=17.951 quat=[0.48703, -0.51303, 0.50206, 0.49754] angvel=[-0.03774, -0.02041, -0.04493] linvel=[0.00625, -0.00745, 0.00366] z=0.1074
[lowlevel-sim] t=  18.00 mode=cmd        pd=13009 hold=8595 failclosed=11 rtf=0.210 base_z=+0.107 pitch=+1.541 roll=+3.135 |tau|max= 35.00 sat=2/29 knee_L=+0.279 hip_p_L=-0.110 torn=8454 cmd_age=46.3ms auth=44.0s rig_ign=585 fix_base=0 sat_j=left_ankle_roll_joint:+35.0,right_ankle_roll_joint:-35.0
[lowlevel-sim][GT] t=18.001 quat=[0.48706, -0.51283, 0.50207, 0.4977] angvel=[0.02257, -0.00887, -0.00326] linvel=[0.00749, 0.00045, -0.0022] z=0.1074
[lowlevel-sim][GT] t=18.051 quat=[0.48704, -0.5128, 0.50221, 0.49761] angvel=[0.02007, 0.01953, 0.05076] linvel=[0.01245, -0.00471, -0.00214] z=0.1073
[lowlevel-sim][GT] t=18.101 quat=[0.48716, -0.51261, 0.50233, 0.49755] angvel=[-0.00491, -0.01584, 0.01906] linvel=[0.01223, -0.00356, 0.00126] z=0.1073
[lowlevel-sim][GT] t=18.151 quat=[0.48724, -0.51252, 0.50249, 0.49741] angvel=[0.0018, -0.02827, 0.03783] linvel=[0.00951, -0.00653, -0.00099] z=0.1072
[lowlevel-sim][GT] t=18.201 quat=[0.48723, -0.51237, 0.50263, 0.49744] angvel=[-0.12377, 0.03028, 0.01166] linvel=[0.00275, -0.00612, 0.01164] z=0.1073
[lowlevel-sim][GT] t=18.251 quat=[0.48716, -0.51233, 0.50289, 0.49729] angvel=[-0.03697, -0.00449, 0.01211] linvel=[-0.00036, -0.0025, 0.00424] z=0.1073
[lowlevel-sim][GT] t=18.301 quat=[0.48736, -0.51218, 0.50283, 0.49731] angvel=[0.02992, 0.01357, -0.01426] linvel=[-0.00314, -0.00011, 0.00069] z=0.1073
[lowlevel-sim][GT] t=18.351 quat=[0.48743, -0.51222, 0.50298, 0.49705] angvel=[-0.03538, -0.02411, -0.01071] linvel=[-0.00375, -0.00712, 0.00366] z=0.1073
[lowlevel-sim][GT] t=18.401 quat=[0.48745, -0.51214, 0.50283, 0.49726] angvel=[-0.05262, 0.01361, 0.0112] linvel=[-0.01294, -0.00157, 0.00714] z=0.1073
[lowlevel-sim][GT] t=18.451 quat=[0.48759, -0.51232, 0.50281, 0.49695] angvel=[0.0054, -0.01001, -0.01001] linvel=[-0.01208, -0.00738, -0.00222] z=0.1074
[lowlevel-sim] t=  18.50 mode=cmd        pd=13259 hold=8595 failclosed=11 rtf=0.210 base_z=+0.107 pitch=+1.540 roll=-3.130 |tau|max= 35.00 sat=2/29 knee_L=+0.279 hip_p_L=-0.110 torn=8482 cmd_age=21.7ms auth=46.3s rig_ign=585 fix_base=0 sat_j=left_ankle_roll_joint:+35.0,right_ankle_roll_joint:-35.0
[lowlevel-sim][GT] t=18.501 quat=[0.48791, -0.51225, 0.50282, 0.49671] angvel=[-0.01063, 0.00781, -0.01976] linvel=[-0.01036, -0.00081, 1e-05] z=0.1074
[lowlevel-sim][GT] t=18.551 quat=[0.48813, -0.51223, 0.50284, 0.49649] angvel=[-0.04768, -0.00065, -0.00542] linvel=[-0.00862, -0.0043, 0.00385] z=0.1074
[lowlevel-sim][GT] t=18.601 quat=[0.48806, -0.51222, 0.50282, 0.4966] angvel=[0.05214, 0.0172, 0.02782] linvel=[-0.00978, 0.00118, -0.00263] z=0.1074
[lowlevel-sim][GT] t=18.651 quat=[0.48809, -0.51224, 0.50285, 0.49651] angvel=[-0.01865, 0.01904, -0.00875] linvel=[-0.01353, -0.00405, 0.00482] z=0.1074
[lowlevel-sim][GT] t=18.701 quat=[0.48816, -0.51223, 0.50284, 0.49646] angvel=[-0.06716, 0.06686, -0.0018] linvel=[-0.00465, -0.00323, 0.00751] z=0.1074
[lowlevel-sim][GT] t=18.751 quat=[0.48804, -0.51224, 0.50292, 0.49648] angvel=[-0.02171, -0.01238, 0.05019] linvel=[-0.00055, -0.00479, 0.00094] z=0.1075
[lowlevel-sim][GT] t=18.801 quat=[0.48808, -0.51209, 0.50288, 0.49664] angvel=[-0.03425, -0.00401, -0.02397] linvel=[-0.00192, -0.00598, 0.00112] z=0.1075
[lowlevel-sim][GT] t=18.851 quat=[0.48834, -0.51198, 0.50282, 0.49656] angvel=[0.02971, 0.01349, 0.0047] linvel=[-0.00509, -0.00572, -0.00129] z=0.1076
[lowlevel-sim][GT] t=18.901 quat=[0.48832, -0.51193, 0.50284, 0.49661] angvel=[0.04846, 0.0129, 0.02852] linvel=[-0.00054, -0.00094, -0.00352] z=0.1076
[lowlevel-sim][GT] t=18.951 quat=[0.48828, -0.51191, 0.5028, 0.49671] angvel=[-0.00047, -0.00073, -0.01936] linvel=[-0.00093, -0.00391, -0.0005] z=0.1076
[lowlevel-sim] t=  19.00 mode=cmd        pd=13509 hold=8595 failclosed=11 rtf=0.211 base_z=+0.108 pitch=+1.541 roll=-3.124 |tau|max= 35.00 sat=2/29 knee_L=+0.280 hip_p_L=-0.110 torn=8497 cmd_age=38.6ms auth=48.5s rig_ign=585 fix_base=0 sat_j=left_ankle_roll_joint:+35.0,right_ankle_roll_joint:-35.0
[lowlevel-sim][GT] t=19.001 quat=[0.48851, -0.51173, 0.50279, 0.49668] angvel=[-0.05432, 0.02128, 0.00402] linvel=[-0.00048, -0.00406, 0.00378] z=0.1076
[lowlevel-sim][GT] t=19.051 quat=[0.48847, -0.51173, 0.50297, 0.49654] angvel=[-0.0395, 0.00702, -0.04461] linvel=[-0.01187, -0.00696, 0.00527] z=0.1076
[lowlevel-sim][GT] t=19.101 quat=[0.48867, -0.51157, 0.50294, 0.49654] angvel=[-0.0424, 0.00137, -0.01142] linvel=[-0.00555, -0.00287, 0.00272] z=0.1077
[lowlevel-sim][GT] t=19.151 quat=[0.48841, -0.51176, 0.50282, 0.49673] angvel=[0.00392, -0.01276, 0.03694] linvel=[-0.01083, -0.00371, -0.00102] z=0.1077
[lowlevel-sim][GT] t=19.201 quat=[0.48846, -0.51184, 0.50275, 0.49666] angvel=[-0.03205, 0.02731, -0.00559] linvel=[-0.00882, -0.00097, 0.00333] z=0.1077
[lowlevel-sim][GT] t=19.251 quat=[0.4884, -0.51198, 0.50278, 0.49655] angvel=[-0.02131, -0.02374, 0.00946] linvel=[-0.00306, -0.00346, 0.00429] z=0.1077
[lowlevel-sim][GT] t=19.301 quat=[0.48841, -0.51177, 0.5028, 0.49673] angvel=[0.04601, -0.03766, -0.00485] linvel=[-0.01029, 0.00217, -0.00054] z=0.1077
[lowlevel-sim][GT] t=19.351 quat=[0.48836, -0.51186, 0.50284, 0.49665] angvel=[-0.04802, 0.01086, 0.03265] linvel=[-0.00504, -0.0076, 0.00602] z=0.1077
[lowlevel-sim][GT] t=19.401 quat=[0.4886, -0.51181, 0.50275, 0.49655] angvel=[-0.05805, 0.05991, 1e-05] linvel=[-0.0107, -0.00503, 0.00757] z=0.1077
[lowlevel-sim][GT] t=19.451 quat=[0.48862, -0.51163, 0.50279, 0.49668] angvel=[-0.0066, 0.02263, 0.03123] linvel=[-0.00889, -0.00586, 0.00179] z=0.1078
[lowlevel-sim] t=  19.50 mode=cmd        pd=13759 hold=8595 failclosed=11 rtf=0.211 base_z=+0.108 pitch=+1.542 roll=-3.107 |tau|max= 35.00 sat=2/29 knee_L=+0.281 hip_p_L=-0.109 torn=8526 cmd_age=35.7ms auth=50.7s rig_ign=585 fix_base=0 sat_j=left_ankle_roll_joint:+35.0,right_ankle_roll_joint:-35.0
[lowlevel-sim][GT] t=19.501 quat=[0.48896, -0.51153, 0.50278, 0.49646] angvel=[0.00023, 0.01205, -0.00191] linvel=[-0.00687, -0.00343, -0.00144] z=0.1078
[lowlevel-sim][GT] t=19.551 quat=[0.48904, -0.51148, 0.50283, 0.49637] angvel=[0.00416, -0.00208, -0.03155] linvel=[-0.00037, -0.0036, 0.00037] z=0.1078
[lowlevel-sim][GT] t=19.601 quat=[0.48925, -0.51147, 0.50285, 0.49616] angvel=[0.0029, -0.03851, -0.02565] linvel=[0.00262, -0.00139, -0.00118] z=0.1078
[lowlevel-sim][GT] t=19.651 quat=[0.48927, -0.51153, 0.50303, 0.4959] angvel=[-0.03547, -0.0199, -0.06651] linvel=[0.00352, -0.00555, 0.00413] z=0.1077
[lowlevel-sim][GT] t=19.701 quat=[0.48934, -0.51135, 0.50302, 0.49602] angvel=[-0.00395, -0.01374, -0.02047] linvel=[0.00621, -0.0023, 0.00171] z=0.1077
[lowlevel-sim][GT] t=19.751 quat=[0.48917, -0.51126, 0.50305, 0.49626] angvel=[0.0104, 0.01936, 0.02695] linvel=[0.0051, -0.00502, -0.00119] z=0.1077
[lowlevel-sim][GT] t=19.801 quat=[0.48899, -0.51124, 0.50297, 0.49653] angvel=[0.0535, -0.03639, -0.00447] linvel=[0.01274, 0.0009, -0.00171] z=0.1077
[lowlevel-sim][GT] t=19.851 quat=[0.48872, -0.51122, 0.50298, 0.49681] angvel=[-0.02524, 0.04369, 0.03195] linvel=[0.01693, -0.00755, 0.00168] z=0.1077
[lowlevel-sim][GT] t=19.901 quat=[0.48876, -0.51113, 0.50299, 0.49685] angvel=[0.04126, 0.00713, 0.00647] linvel=[0.00827, -0.00114, -0.00144] z=0.1077
[lowlevel-sim][GT] t=19.951 quat=[0.48853, -0.51119, 0.50318, 0.49682] angvel=[0.02048, -0.01349, 0.00935] linvel=[0.00657, -0.00628, 0.00034] z=0.1077
[lowlevel-sim] t=  20.00 mode=cmd        pd=14009 hold=8595 failclosed=11 rtf=0.211 base_z=+0.108 pitch=+1.542 roll=+3.126 |tau|max= 35.00 sat=2/29 knee_L=+0.281 hip_p_L=-0.110 torn=8547 cmd_age=26.8ms auth=53.1s rig_ign=585 fix_base=0 sat_j=left_ankle_roll_joint:+35.0,right_ankle_roll_joint:-35.0
[lowlevel-sim][GT] t=20.001 quat=[0.48857, -0.51117, 0.50311, 0.49687] angvel=[-0.04625, 0.04558, 0.01163] linvel=[0.00767, -0.0061, 0.00094] z=0.1077
[lowlevel-sim][GT] t=20.051 quat=[0.48848, -0.51127, 0.50324, 0.49672] angvel=[-0.04991, -0.0258, -0.00676] linvel=[0.0083, -0.00448, 0.00314] z=0.1076
[lowlevel-sim][GT] t=20.101 quat=[0.48865, -0.51115, 0.50323, 0.49669] angvel=[-0.00856, 0.04797, 0.00044] linvel=[0.00651, -0.00018, 0.00268] z=0.1076
[lowlevel-sim][GT] t=20.151 quat=[0.48863, -0.51115, 0.50334, 0.49661] angvel=[-0.02111, -0.03187, -0.02764] linvel=[0.00108, -0.00758, -0.00067] z=0.1076
[lowlevel-sim][GT] t=20.201 quat=[0.48856, -0.51133, 0.50306, 0.49677] angvel=[0.00076, -0.00468, 0.02958] linvel=[0.00969, 0.00022, 0.00075] z=0.1076
[lowlevel-sim][GT] t=20.251 quat=[0.48851, -0.5113, 0.50322, 0.4967] angvel=[-0.04492, -0.03382, 0.00549] linvel=[0.00746, -0.00014, 0.00641] z=0.1076
[lowlevel-sim][GT] t=20.301 quat=[0.48852, -0.51133, 0.50311, 0.49676] angvel=[-0.05627, 0.05312, 0.0068] linvel=[0.00608, -0.00376, 0.0063] z=0.1076
[lowlevel-sim][GT] t=20.351 quat=[0.48835, -0.51146, 0.50304, 0.49687] angvel=[-0.00403, -0.01005, 0.01754] linvel=[0.00109, -0.00374, -0.00039] z=0.1076
[lowlevel-sim][GT] t=20.401 quat=[0.48843, -0.51146, 0.50291, 0.49692] angvel=[-0.02449, -0.00276, 0.01011] linvel=[0.00258, -0.00293, 0.00055] z=0.1076
[lowlevel-sim][GT] t=20.451 quat=[0.48821, -0.51175, 0.50287, 0.49689] angvel=[-0.02913, 0.00416, 0.07369] linvel=[0.00959, -0.00564, 0.00284] z=0.1075
[lowlevel-sim] t=  20.50 mode=cmd        pd=14259 hold=8595 failclosed=11 rtf=0.211 base_z=+0.108 pitch=+1.541 roll=+3.140 |tau|max= 35.00 sat=2/29 knee_L=+0.280 hip_p_L=-0.110 torn=8563 cmd_age=49.5ms auth=55.5s rig_ign=585 fix_base=0 sat_j=left_ankle_roll_joint:+35.0,right_ankle_roll_joint:-35.0
[lowlevel-sim][GT] t=20.501 quat=[0.48821, -0.51178, 0.50273, 0.49699] angvel=[-0.00617, 0.00274, 0.02318] linvel=[0.01062, 0.00095, 0.0035] z=0.1075
[lowlevel-sim][GT] t=20.551 quat=[0.48812, -0.51183, 0.50288, 0.49687] angvel=[-0.0227, -0.0139, -0.00827] linvel=[0.01184, -0.00307, 0.0037] z=0.1075
[lowlevel-sim][GT] t=20.601 quat=[0.48812, -0.51172, 0.50277, 0.4971] angvel=[0.06268, 0.02136, 0.00881] linvel=[0.00727, 0.00138, -0.00299] z=0.1074
[lowlevel-sim][GT] t=20.651 quat=[0.4881, -0.51158, 0.50302, 0.497] angvel=[0.01035, 0.02993, -0.01725] linvel=[0.00455, -0.00596, -0.0008] z=0.1074
[lowlevel-sim][GT] t=20.701 quat=[0.48814, -0.51152, 0.5031, 0.49695] angvel=[0.03003, 0.01123, 0.012] linvel=[0.00482, -0.00108, -0.00039] z=0.1074
[lowlevel-sim][GT] t=20.751 quat=[0.48822, -0.51149, 0.50314, 0.49686] angvel=[-0.01666, -0.04864, 0.01716] linvel=[0.00334, -0.00306, 0.00165] z=0.1074
[lowlevel-sim][GT] t=20.801 quat=[0.48815, -0.51139, 0.50313, 0.49705] angvel=[-0.03745, -0.05321, -0.02262] linvel=[-0.00468, -0.00167, 0.00429] z=0.1074
[lowlevel-sim][GT] t=20.851 quat=[0.48817, -0.51151, 0.50329, 0.49674] angvel=[0.00662, 0.03169, 0.02521] linvel=[-0.00229, -0.00644, -0.0013] z=0.1074
[lowlevel-sim][GT] t=20.901 quat=[0.48846, -0.51124, 0.50339, 0.49663] angvel=[-0.03335, 0.014, 0.01057] linvel=[-0.0002, -0.0009, 0.00442] z=0.1074
[lowlevel-sim][GT] t=20.951 quat=[0.48868, -0.51109, 0.50354, 0.49642] angvel=[0.01163, -0.01515, -0.00233] linvel=[-0.00196, -0.00527, 0.00142] z=0.1074
[lowlevel-sim] t=  21.00 mode=cmd        pd=14509 hold=8595 failclosed=11 rtf=0.210 base_z=+0.107 pitch=+1.542 roll=+3.126 |tau|max= 35.00 sat=2/29 knee_L=+0.280 hip_p_L=-0.109 torn=8587 cmd_age=32.3ms auth=58.1s rig_ign=585 fix_base=0 sat_j=left_ankle_roll_joint:+35.0,right_ankle_roll_joint:-35.0
[lowlevel-sim][GT] t=21.001 quat=[0.48888, -0.51087, 0.50363, 0.49634] angvel=[-0.01172, -0.0404, 0.0039] linvel=[-0.00386, -0.00132, 0.00055] z=0.1074
[lowlevel-sim][GT] t=21.051 quat=[0.48902, -0.51081, 0.50382, 0.49609] angvel=[-0.02628, -0.00723, -0.00491] linvel=[-0.00737, -0.00378, 0.00331] z=0.1075
[lowlevel-sim][GT] t=21.101 quat=[0.4892, -0.51067, 0.50388, 0.49599] angvel=[0.01224, 0.05065, 0.00965] linvel=[-0.0093, -0.00192, -0.00251] z=0.1075
[lowlevel-sim][GT] t=21.151 quat=[0.48936, -0.51072, 0.50409, 0.49557] angvel=[-0.00432, 0.01499, -0.00959] linvel=[-0.00669, -0.00819, -0.00439] z=0.1074
[lowlevel-sim][GT] t=21.201 quat=[0.48949, -0.5106, 0.50411, 0.49553] angvel=[0.02202, 0.04373, 0.01696] linvel=[-0.00881, -0.00047, -7e-05] z=0.1074
[lowlevel-sim][GT] t=21.251 quat=[0.48952, -0.51049, 0.50422, 0.49551] angvel=[0.0087, -0.00177, -0.01735] linvel=[-0.01031, -0.00515, -0.00135] z=0.1074
[lowlevel-sim][GT] t=21.301 quat=[0.48965, -0.51048, 0.50415, 0.49547] angvel=[-0.00346, -0.01844, -0.0084] linvel=[-0.00678, -0.00074, 0.00075] z=0.1074
[lowlevel-sim][GT] t=21.351 quat=[0.48974, -0.51061, 0.50415, 0.49523] angvel=[0.03461, -0.11146, -0.04636] linvel=[-0.01622, -0.00714, -0.00408] z=0.1074
[lowlevel-sim][GT] t=21.401 quat=[0.48998, -0.51049, 0.50422, 0.49506] angvel=[-0.00935, -0.04574, -0.0125] linvel=[-0.01397, -0.00088, 0.00095] z=0.1074
[lowlevel-sim][GT] t=21.451 quat=[0.48996, -0.51058, 0.50444, 0.49476] angvel=[-0.01194, 0.0225, 0.00145] linvel=[-0.00283, -0.00627, 0.00062] z=0.1073
[lowlevel-sim] t=  21.50 mode=cmd        pd=14759 hold=8595 failclosed=11 rtf=0.211 base_z=+0.107 pitch=+1.541 roll=-3.105 |tau|max= 35.00 sat=2/29 knee_L=+0.278 hip_p_L=-0.109 torn=8602 cmd_age=36.7ms auth=60.4s rig_ign=585 fix_base=0 sat_j=left_ankle_roll_joint:+35.0,right_ankle_roll_joint:-35.0
[lowlevel-sim][GT] t=21.501 quat=[0.49, -0.51054, 0.50442, 0.49479] angvel=[-0.03139, -0.01547, -0.00238] linvel=[-0.00054, -0.00408, 0.00276] z=0.1073
[lowlevel-sim] FAIL-CLOSED engaged at t=21.547s, last command age 86.24 ms (deadline <= 100 ms) PASS
[lowlevel-sim][GT] t=21.551 quat=[0.48979, -0.51071, 0.50472, 0.49451] angvel=[-0.23004, -0.00769, 0.01082] linvel=[0.00653, -0.00545, -0.02055] z=0.1072
[lowlevel-sim] COMMANDED at t=21.554s (was fail-closed)
[lowlevel-sim][GT] t=21.601 quat=[0.48911, -0.51131, 0.50518, 0.49409] angvel=[-0.00766, 0.00379, 0.00694] linvel=[0.00307, -0.0013, 0.00641] z=0.1068
[lowlevel-sim][GT] t=21.651 quat=[0.48949, -0.51097, 0.50479, 0.49446] angvel=[0.10303, 0.00602, 0.01189] linvel=[0.00649, 0.00286, -0.0045] z=0.1070
[lowlevel-sim][GT] t=21.701 quat=[0.48952, -0.51102, 0.50455, 0.49463] angvel=[-0.00025, -0.02825, -0.04824] linvel=[0.00909, -0.00389, 0.00743] z=0.1070
[lowlevel-sim][GT] t=21.751 quat=[0.48959, -0.51076, 0.50453, 0.49486] angvel=[0.00897, 0.02375, -0.01468] linvel=[0.00989, -0.00202, 0.00379] z=0.1071
[lowlevel-sim][GT] t=21.801 quat=[0.48942, -0.51062, 0.50461, 0.49508] angvel=[-0.02854, 0.07234, 0.01804] linvel=[0.01782, -0.00685, 0.00232] z=0.1071
[lowlevel-sim][GT] t=21.851 quat=[0.48928, -0.51034, 0.50464, 0.49549] angvel=[-0.0401, -0.025, 0.00505] linvel=[0.01377, -0.00355, 0.00203] z=0.1072
[lowlevel-sim][GT] t=21.901 quat=[0.48912, -0.5104, 0.50471, 0.4955] angvel=[0.01172, -0.00315, 0.00827] linvel=[0.01318, -0.00538, -0.00318] z=0.1072
[lowlevel-sim][GT] t=21.951 quat=[0.48927, -0.51019, 0.50466, 0.49563] angvel=[0.02048, -0.00382, -0.00473] linvel=[0.0098, 0.00156, -0.00174] z=0.1073
[lowlevel-sim] t=  22.00 mode=cmd        pd=15012 hold=8595 failclosed=17 rtf=0.210 base_z=+0.107 pitch=+1.541 roll=+3.099 |tau|max=  9.21 sat=0/29 knee_L=+0.281 hip_p_L=-0.110 torn=8633 cmd_age=33.9ms auth=62.9s rig_ign=585 fix_base=0
[lowlevel-sim][GT] t=22.001 quat=[0.48915, -0.51017, 0.50459, 0.49583] angvel=[0.00852, 0.02465, 0.02178] linvel=[0.00086, -0.00713, -0.00103] z=0.1073
[lowlevel-sim][GT] t=22.051 quat=[0.48931, -0.51005, 0.50462, 0.49577] angvel=[0.01725, 0.01954, -0.0239] linvel=[0.00135, 2e-05, -0.0006] z=0.1073
[lowlevel-sim][GT] t=22.101 quat=[0.48941, -0.51006, 0.50468, 0.4956] angvel=[-0.02185, -0.04596, -0.06686] linvel=[-0.00482, -0.00653, 0.00089] z=0.1073
[lowlevel-sim][GT] t=22.151 quat=[0.48959, -0.51002, 0.50464, 0.4955] angvel=[-0.0018, -0.02977, -0.02481] linvel=[0.00037, 0.0, 0.00095] z=0.1073
[lowlevel-sim][GT] t=22.201 quat=[0.48962, -0.51016, 0.50453, 0.49544] angvel=[0.00368, -0.00677, -0.01847] linvel=[-0.00147, -0.00691, -0.00465] z=0.1073
[lowlevel-sim][GT] t=22.251 quat=[0.48954, -0.51021, 0.50451, 0.49549] angvel=[0.01064, 0.02734, 0.00291] linvel=[-0.00609, -0.0015, -0.00059] z=0.1073
[lowlevel-sim][GT] t=22.301 quat=[0.48944, -0.51027, 0.5045, 0.49554] angvel=[-0.01333, 0.00241, 0.01011] linvel=[-0.00554, -0.00818, -0.00256] z=0.1073
[lowlevel-sim][GT] t=22.351 quat=[0.48941, -0.51029, 0.50444, 0.4956] angvel=[0.03308, 0.03062, 0.02523] linvel=[-0.00932, -0.0009, 0.00256] z=0.1073
[lowlevel-sim][GT] t=22.401 quat=[0.48935, -0.51037, 0.50442, 0.4956] angvel=[-0.01234, 0.01353, 0.02937] linvel=[-0.00209, -0.00344, 0.00077] z=0.1073
[lowlevel-sim][GT] t=22.451 quat=[0.48929, -0.51049, 0.50431, 0.49565] angvel=[0.01149, 0.01777, -0.00491] linvel=[-0.00654, 0.00065, -0.00171] z=0.1073
[lowlevel-sim] t=  22.50 mode=cmd        pd=15262 hold=8595 failclosed=17 rtf=0.210 base_z=+0.107 pitch=+1.541 roll=+3.139 |tau|max= 10.22 sat=0/29 knee_L=+0.280 hip_p_L=-0.109 torn=8654 cmd_age=34.1ms auth=65.3s rig_ign=585 fix_base=0
[lowlevel-sim][GT] t=22.501 quat=[0.48938, -0.51055, 0.5043, 0.4955] angvel=[-0.01203, -0.011, -0.03436] linvel=[-0.01871, -0.00435, 0.0048] z=0.1073
[lowlevel-sim][GT] t=22.551 quat=[0.48982, -0.51037, 0.50437, 0.49518] angvel=[0.01675, -0.00489, -0.04633] linvel=[-0.00744, -7e-05, -0.00089] z=0.1073
[lowlevel-sim][GT] t=22.601 quat=[0.48974, -0.51042, 0.50433, 0.49525] angvel=[0.01522, 0.02379, 0.01145] linvel=[-0.00943, -0.00615, -0.00149] z=0.1073
[lowlevel-sim][GT] t=22.651 quat=[0.48983, -0.51041, 0.50439, 0.49513] angvel=[0.02062, -0.01557, -0.04339] linvel=[-0.01049, 0.00217, 0.00127] z=0.1073
[lowlevel-sim][GT] t=22.701 quat=[0.48981, -0.51055, 0.50434, 0.49504] angvel=[-0.01659, 0.04178, 0.02364] linvel=[-0.00303, -0.00763, 0.00048] z=0.1073
[lowlevel-sim][GT] t=22.751 quat=[0.48979, -0.51064, 0.50414, 0.49518] angvel=[0.03573, -0.01035, 0.0067] linvel=[-0.00506, -0.00019, -0.0028] z=0.1073
[lowlevel-sim][GT] t=22.801 quat=[0.48974, -0.51063, 0.50418, 0.49519] angvel=[9e-05, 0.01227, -0.00759] linvel=[-0.00428, -0.00195, 5e-05] z=0.1073
[lowlevel-sim][GT] t=22.851 quat=[0.48972, -0.51059, 0.50414, 0.49529] angvel=[-0.02475, -0.05462, -0.01104] linvel=[0.002, 0.00139, 0.00396] z=0.1073
[lowlevel-sim][GT] t=22.901 quat=[0.48956, -0.51079, 0.5043, 0.49508] angvel=[-0.01305, 0.00835, 0.0194] linvel=[0.00367, -0.00439, 0.0017] z=0.1072
[lowlevel-sim][GT] t=22.951 quat=[0.48968, -0.51077, 0.50421, 0.49507] angvel=[0.02948, -0.03003, -0.00465] linvel=[0.01094, -0.00067, 0.00265] z=0.1072
[lowlevel-sim] t=  23.00 mode=cmd        pd=15512 hold=8595 failclosed=17 rtf=0.211 base_z=+0.107 pitch=+1.541 roll=-3.114 |tau|max=  9.35 sat=0/29 knee_L=+0.279 hip_p_L=-0.109 torn=8673 cmd_age=30.2ms auth=67.6s rig_ign=585 fix_base=0
[lowlevel-sim][GT] t=23.001 quat=[0.48968, -0.51069, 0.50422, 0.49515] angvel=[-0.00462, 0.01557, 0.01319] linvel=[0.013, -0.00016, 0.00662] z=0.1073
[lowlevel-sim][GT] t=23.051 quat=[0.48972, -0.51056, 0.5041, 0.49536] angvel=[-0.01711, 0.06716, 0.00335] linvel=[0.01863, -0.00317, -0.00072] z=0.1073
[lowlevel-sim][GT] t=23.101 quat=[0.4894, -0.51051, 0.50427, 0.49556] angvel=[-0.03509, -0.00079, -0.03293] linvel=[0.00582, -0.00458, 0.00353] z=0.1073
[lowlevel-sim][GT] t=23.151 quat=[0.48921, -0.51031, 0.50423, 0.49598] angvel=[-0.02239, 0.01724, 0.00565] linvel=[0.0088, -0.00508, 0.00314] z=0.1073
[lowlevel-sim][GT] t=23.201 quat=[0.48907, -0.51023, 0.50438, 0.49606] angvel=[-0.0138, 0.05032, 0.04714] linvel=[0.01242, -0.00603, 0.00189] z=0.1073
[lowlevel-sim][GT] t=23.251 quat=[0.48918, -0.51001, 0.50446, 0.4961] angvel=[0.01151, 0.04838, 0.01617] linvel=[0.0117, -0.00331, -0.00287] z=0.1074
[lowlevel-sim][GT] t=23.301 quat=[0.48911, -0.51012, 0.50458, 0.49593] angvel=[0.01477, -0.01245, -0.00559] linvel=[0.00777, -0.00707, -0.00151] z=0.1073
[lowlevel-sim][GT] t=23.351 quat=[0.48917, -0.51013, 0.50461, 0.49583] angvel=[0.01953, 0.01101, 0.00573] linvel=[0.00443, 0.00072, -0.00065] z=0.1073
[lowlevel-sim][GT] t=23.401 quat=[0.48917, -0.51023, 0.50472, 0.49561] angvel=[-0.00887, -0.04013, -0.03048] linvel=[-0.0049, -0.00582, 0.00225] z=0.1073
[lowlevel-sim][GT] t=23.451 quat=[0.48918, -0.5102, 0.50459, 0.49577] angvel=[0.01441, 0.00044, 0.03185] linvel=[0.00143, -0.00035, 0.00291] z=0.1072
[lowlevel-sim] t=  23.50 mode=cmd        pd=15762 hold=8595 failclosed=17 rtf=0.211 base_z=+0.107 pitch=+1.541 roll=+3.103 |tau|max=  9.28 sat=0/29 knee_L=+0.281 hip_p_L=-0.110 torn=8691 cmd_age=42.9ms auth=69.9s rig_ign=585 fix_base=0
[lowlevel-sim][GT] t=23.501 quat=[0.48908, -0.51028, 0.50452, 0.49586] angvel=[-0.04203, 0.04308, -0.00153] linvel=[-0.0079, -0.00229, 0.00538] z=0.1073
[lowlevel-sim][GT] t=23.551 quat=[0.48914, -0.5103, 0.50452, 0.49577] angvel=[-0.03612, 0.03587, 0.00894] linvel=[-0.01098, -0.00411, 0.00201] z=0.1072
[lowlevel-sim][GT] t=23.601 quat=[0.48907, -0.51039, 0.50456, 0.49571] angvel=[-0.02037, 0.01266, 0.04796] linvel=[-0.00482, -0.00812, 0.00328] z=0.1072
[lowlevel-sim][GT] t=23.651 quat=[0.48921, -0.5104, 0.50447, 0.49566] angvel=[-0.03876, 0.05069, 0.01258] linvel=[-0.00631, -0.00286, 0.00298] z=0.1072
[lowlevel-sim][GT] t=23.701 quat=[0.48927, -0.51051, 0.50438, 0.49557] angvel=[0.00993, -0.01043, -0.01537] linvel=[-0.00672, -0.00369, -0.00067] z=0.1072
[lowlevel-sim][GT] t=23.751 quat=[0.48942, -0.51047, 0.50439, 0.49546] angvel=[0.06453, -7e-05, 0.00102] linvel=[-0.00712, 0.00091, -0.00563] z=0.1072
[lowlevel-sim][GT] t=23.801 quat=[0.48934, -0.51067, 0.50431, 0.49542] angvel=[0.00037, 0.00169, 0.01005] linvel=[-0.00972, -0.00506, -0.00014] z=0.1072
[lowlevel-sim][GT] t=23.851 quat=[0.48931, -0.51062, 0.50428, 0.49553] angvel=[0.06024, -0.05968, 0.02876] linvel=[-0.00478, 0.00109, -0.00563] z=0.1072
[lowlevel-sim][GT] t=23.901 quat=[0.48941, -0.51067, 0.50419, 0.49547] angvel=[-0.00396, -0.02386, -0.02677] linvel=[-0.01581, -0.00556, 0.00215] z=0.1072
[lowlevel-sim][GT] t=23.951 quat=[0.48957, -0.51074, 0.50422, 0.4952] angvel=[-0.03544, 0.0253, 0.00909] linvel=[-0.00468, -0.00499, 0.00301] z=0.1072
[lowlevel-sim] t=  24.00 mode=cmd        pd=16012 hold=8595 failclosed=17 rtf=0.211 base_z=+0.107 pitch=+1.540 roll=-3.107 |tau|max=  9.30 sat=0/29 knee_L=+0.278 hip_p_L=-0.108 torn=8714 cmd_age=31.5ms auth=72.3s rig_ign=585 fix_base=0
[lowlevel-sim][GT] t=24.001 quat=[0.4897, -0.51078, 0.50424, 0.49501] angvel=[-4e-05, -0.00202, -0.01571] linvel=[0.00058, -0.00613, -0.00118] z=0.1072
[lowlevel-sim][GT] t=24.051 quat=[0.48991, -0.51065, 0.50425, 0.49493] angvel=[0.00515, 0.02901, 0.00528] linvel=[5e-05, -0.00055, 0.00107] z=0.1072
[lowlevel-sim][GT] t=24.101 quat=[0.48973, -0.5107, 0.50439, 0.49491] angvel=[-0.00309, -0.02193, -0.01501] linvel=[0.00747, -0.00586, -0.00071] z=0.1071
[lowlevel-sim][GT] t=24.151 quat=[0.48976, -0.5106, 0.50437, 0.495] angvel=[0.07816, -0.05256, -0.0235] linvel=[0.00618, 1e-05, -0.00123] z=0.1071
[lowlevel-sim][GT] t=24.201 quat=[0.48981, -0.51052, 0.50449, 0.49493] angvel=[0.00601, -0.0233, -0.01077] linvel=[0.00929, -0.00543, 0.00113] z=0.1072
[lowlevel-sim][GT] t=24.251 quat=[0.48986, -0.51047, 0.50436, 0.49506] angvel=[0.05349, 0.03462, -0.01142] linvel=[0.00696, -0.0009, -0.00617] z=0.1072
[lowlevel-sim][GT] t=24.301 quat=[0.48965, -0.51045, 0.50447, 0.49516] angvel=[-0.03016, 0.02562, 0.00405] linvel=[0.00843, -0.00464, 0.00435] z=0.1072
[lowlevel-sim][GT] t=24.351 quat=[0.48955, -0.51041, 0.50445, 0.49533] angvel=[-0.024, -0.01924, -0.00645] linvel=[0.01311, -0.00354, 0.00414] z=0.1072
[lowlevel-sim][GT] t=24.401 quat=[0.48923, -0.51043, 0.50446, 0.49561] angvel=[-0.00777, 0.01953, 0.06948] linvel=[0.01362, -0.00286, 0.00146] z=0.1073
[lowlevel-sim][GT] t=24.451 quat=[0.48916, -0.51043, 0.50443, 0.49572] angvel=[-0.00384, -0.02829, 0.0314] linvel=[0.01454, -0.00102, 0.00224] z=0.1073
[lowlevel-sim] t=  24.50 mode=cmd        pd=16262 hold=8595 failclosed=17 rtf=0.211 base_z=+0.107 pitch=+1.541 roll=+3.113 |tau|max=  9.39 sat=0/29 knee_L=+0.281 hip_p_L=-0.110 torn=8733 cmd_age=34.3ms auth=74.4s rig_ign=585 fix_base=0
[lowlevel-sim][GT] t=24.501 quat=[0.48911, -0.51043, 0.50442, 0.49578] angvel=[-0.00922, -0.01379, -0.02513] linvel=[0.00912, -0.00314, 0.00048] z=0.1073
[lowlevel-sim][GT] t=24.551 quat=[0.48933, -0.51029, 0.50447, 0.49566] angvel=[-0.03258, -0.00872, -0.00084] linvel=[0.01118, -0.00293, 0.00243] z=0.1073
[lowlevel-sim][GT] t=24.601 quat=[0.48933, -0.51033, 0.50454, 0.49555] angvel=[-0.03819, -0.04194, -0.06709] linvel=[0.00633, -0.00418, 0.00562] z=0.1073
[lowlevel-sim][GT] t=24.651 quat=[0.48937, -0.5102, 0.5046, 0.49557] angvel=[-0.03379, -0.02438, 0.00287] linvel=[0.0011, -0.0015, 0.00258] z=0.1073
[lowlevel-sim][GT] t=24.701 quat=[0.48913, -0.51029, 0.5047, 0.49562] angvel=[0.0402, 0.01255, 0.02087] linvel=[0.00739, -0.00558, -0.00372] z=0.1073
[lowlevel-sim][GT] t=24.751 quat=[0.48903, -0.5102, 0.50464, 0.49587] angvel=[-0.01263, 0.01404, 0.00069] linvel=[-0.00036, -0.00037, 0.00211] z=0.1073
[lowlevel-sim][GT] t=24.801 quat=[0.48903, -0.51024, 0.5046, 0.49586] angvel=[-0.00851, 0.03269, -0.00314] linvel=[-2e-05, -0.00422, 0.00044] z=0.1073
[lowlevel-sim][GT] t=24.851 quat=[0.48926, -0.51004, 0.50458, 0.49587] angvel=[0.08723, 0.01569, -0.00674] linvel=[-0.00327, 0.00153, -0.00504] z=0.1074
[lowlevel-sim][GT] t=24.901 quat=[0.48938, -0.51005, 0.50467, 0.49565] angvel=[-0.02695, 0.02176, 0.03045] linvel=[0.00445, -0.00588, 0.00366] z=0.1074
[lowlevel-sim][GT] t=24.951 quat=[0.4896, -0.50991, 0.50453, 0.49571] angvel=[0.05077, 0.0659, 0.00847] linvel=[0.00377, 0.00413, -0.00167] z=0.1074
[lowlevel-sim] t=  25.00 mode=cmd        pd=16512 hold=8595 failclosed=17 rtf=0.211 base_z=+0.107 pitch=+1.542 roll=+3.111 |tau|max=  9.75 sat=0/29 knee_L=+0.281 hip_p_L=-0.110 torn=8763 cmd_age=52.4ms auth=76.7s rig_ign=585 fix_base=0
[lowlevel-sim][GT] t=25.001 quat=[0.48954, -0.51, 0.50452, 0.49569] angvel=[-0.01849, -0.04578, -0.06406] linvel=[-0.00727, -0.00567, 0.00019] z=0.1074
[lowlevel-sim][GT] t=25.051 quat=[0.48966, -0.50978, 0.50459, 0.49573] angvel=[0.0096, -0.04945, -0.01623] linvel=[-0.01041, -3e-05, -0.00075] z=0.1074
[lowlevel-sim][GT] t=25.101 quat=[0.48976, -0.50983, 0.50462, 0.49555] angvel=[0.01022, -0.01484, 0.02893] linvel=[-0.00456, -0.00416, -0.00066] z=0.1075
[lowlevel-sim][GT] t=25.151 quat=[0.48982, -0.50966, 0.50466, 0.49561] angvel=[-0.02052, 0.01961, -0.00861] linvel=[-0.00846, -0.00368, 0.00342] z=0.1075
[lowlevel-sim][GT] t=25.201 quat=[0.4898, -0.50978, 0.50476, 0.49542] angvel=[0.00709, 0.01507, -0.02334] linvel=[-0.01024, -0.00739, -0.00064] z=0.1074
[lowlevel-sim][GT] t=25.251 quat=[0.48999, -0.5096, 0.50481, 0.49536] angvel=[0.00872, -0.02043, -0.00801] linvel=[-0.00985, 0.00207, 0.00094] z=0.1075
[lowlevel-sim][GT] t=25.301 quat=[0.49006, -0.50968, 0.50484, 0.49518] angvel=[-0.02166, 0.03351, 0.02282] linvel=[-0.00388, -0.00737, 0.00296] z=0.1075
[lowlevel-sim][GT] t=25.351 quat=[0.49025, -0.50962, 0.50484, 0.49506] angvel=[0.06023, -0.04512, 0.03685] linvel=[-0.0024, -0.00049, -0.00687] z=0.1074
[lowlevel-sim][GT] t=25.401 quat=[0.4902, -0.5097, 0.50491, 0.49495] angvel=[-0.00835, -0.02045, -0.04154] linvel=[-0.00925, -0.00538, 0.00042] z=0.1075
[lowlevel-sim][GT] t=25.451 quat=[0.49024, -0.50967, 0.50476, 0.49509] angvel=[-0.01097, -0.0511, -0.00256] linvel=[-0.01095, 0.00065, 0.0022] z=0.1075
[lowlevel-sim] t=  25.50 mode=cmd        pd=16762 hold=8595 failclosed=17 rtf=0.211 base_z=+0.107 pitch=+1.541 roll=+3.134 |tau|max=  9.20 sat=0/29 knee_L=+0.281 hip_p_L=-0.109 torn=8780 cmd_age=30.9ms auth=79.1s rig_ign=585 fix_base=0
[lowlevel-sim][GT] t=25.501 quat=[0.49, -0.50983, 0.50475, 0.49517] angvel=[-0.04265, 0.03368, 0.01652] linvel=[-0.00996, -0.0043, 0.00571] z=0.1075
[lowlevel-sim][GT] t=25.551 quat=[0.48992, -0.50978, 0.50475, 0.49531] angvel=[0.0332, -0.03143, 0.02348] linvel=[-0.01286, -0.00107, -0.00062] z=0.1074
[lowlevel-sim][GT] t=25.601 quat=[0.48979, -0.50999, 0.50466, 0.49531] angvel=[-0.03701, 0.00195, 0.00279] linvel=[-0.00834, -0.00626, 0.00489] z=0.1074
[lowlevel-sim][GT] t=25.651 quat=[0.48981, -0.50996, 0.50462, 0.49537] angvel=[-0.03028, 0.00661, 0.00232] linvel=[-0.00635, -0.00026, 0.00579] z=0.1074
[lowlevel-sim][GT] t=25.701 quat=[0.48964, -0.51006, 0.50459, 0.49546] angvel=[0.00635, -0.01247, -0.00733] linvel=[-0.01, -0.00602, -0.00021] z=0.1074
[lowlevel-sim][GT] t=25.751 quat=[0.48967, -0.51002, 0.50447, 0.49559] angvel=[-0.04085, -0.01616, 0.00099] linvel=[-0.00797, -0.00577, 0.00192] z=0.1074
[lowlevel-sim][GT] t=25.801 quat=[0.48967, -0.51021, 0.50429, 0.49559] angvel=[-0.01696, -0.02377, -0.00651] linvel=[-0.0081, -0.00583, 0.00221] z=0.1074
[lowlevel-sim][GT] t=25.851 quat=[0.48966, -0.51018, 0.50407, 0.49584] angvel=[0.01973, 0.04876, 0.02432] linvel=[-0.01305, 0.0019, -0.00055] z=0.1075
[lowlevel-sim][GT] t=25.901 quat=[0.48958, -0.51022, 0.50412, 0.49583] angvel=[0.0014, 0.02267, -0.02697] linvel=[-0.01231, -0.00215, 0.00126] z=0.1075
[lowlevel-sim] FAIL-CLOSED engaged at t=25.908s, last command age 88.51 ms (deadline <= 100 ms) PASS
[lowlevel-sim] COMMANDED at t=25.912s (was fail-closed)
[lowlevel-sim][GT] t=25.951 quat=[0.4893, -0.51067, 0.50455, 0.49521] angvel=[0.01164, 0.00149, -0.01048] linvel=[-0.0101, -0.00531, -7e-05] z=0.1073
[lowlevel-sim] t=  26.00 mode=cmd        pd=17013 hold=8595 failclosed=20 rtf=0.211 base_z=+0.107 pitch=+1.541 roll=-3.140 |tau|max= 35.00 sat=2/29 knee_L=+0.279 hip_p_L=-0.109 torn=8797 cmd_age=43.6ms auth=81.3s rig_ign=585 fix_base=0 sat_j=left_ankle_roll_joint:+35.0,right_ankle_roll_joint:-35.0
[lowlevel-sim][GT] t=26.001 quat=[0.4894, -0.51058, 0.50437, 0.49538] angvel=[0.04075, -0.0297, -0.0036] linvel=[-0.0114, -0.00109, 0.00337] z=0.1073
[lowlevel-sim][GT] t=26.051 quat=[0.48948, -0.51053, 0.50444, 0.49529] angvel=[-0.01245, 0.00656, -0.01951] linvel=[-0.00909, -0.00172, 0.00014] z=0.1073
[lowlevel-sim][GT] t=26.101 quat=[0.48963, -0.51036, 0.50443, 0.49532] angvel=[0.00368, 0.05933, 0.00362] linvel=[-0.01256, -0.00047, 0.00242] z=0.1074
[lowlevel-sim][GT] t=26.151 quat=[0.48975, -0.51029, 0.50446, 0.49524] angvel=[0.0013, 0.02289, -0.009] linvel=[-0.00784, -0.00694, -0.00135] z=0.1074
[lowlevel-sim][GT] t=26.201 quat=[0.48982, -0.51018, 0.50446, 0.49529] angvel=[0.05211, 0.01854, 0.01793] linvel=[-0.00832, 0.00218, -0.00164] z=0.1074
[lowlevel-sim][GT] t=26.251 quat=[0.48994, -0.51017, 0.50439, 0.49526] angvel=[-0.00996, -0.04047, -0.00678] linvel=[-0.01708, -0.0066, -0.0005] z=0.1074
[lowlevel-sim][GT] t=26.301 quat=[0.49009, -0.51017, 0.50436, 0.49513] angvel=[0.01539, 0.04739, 0.00198] linvel=[-0.014, -0.00196, -0.0032] z=0.1074
[lowlevel-sim][GT] t=26.351 quat=[0.49017, -0.51019, 0.50442, 0.49498] angvel=[-0.00073, 0.01549, -0.01093] linvel=[-0.0111, -0.00763, -0.00254] z=0.1074
[lowlevel-sim][GT] t=26.401 quat=[0.49033, -0.51012, 0.50434, 0.49498] angvel=[0.00161, 0.07482, 0.00931] linvel=[-0.00923, -0.00013, 0.00257] z=0.1074
[lowlevel-sim][GT] t=26.451 quat=[0.49031, -0.51025, 0.50426, 0.49493] angvel=[-0.00809, -0.03943, -0.02842] linvel=[-0.01205, -0.00717, -0.00089] z=0.1075
[lowlevel-sim] t=  26.50 mode=cmd        pd=17263 hold=8595 failclosed=20 rtf=0.212 base_z=+0.107 pitch=+1.542 roll=-3.093 |tau|max= 35.00 sat=2/29 knee_L=+0.278 hip_p_L=-0.108 torn=8813 cmd_age=54.5ms auth=83.6s rig_ign=585 fix_base=0 sat_j=left_ankle_roll_joint:+35.0,right_ankle_roll_joint:-35.0
[lowlevel-sim][GT] t=26.501 quat=[0.4905, -0.51015, 0.50432, 0.49479] angvel=[0.00706, -0.03787, -0.01121] linvel=[-0.00665, 0.00118, -5e-05] z=0.1074
[lowlevel-sim][GT] t=26.551 quat=[0.4904, -0.51027, 0.5043, 0.49479] angvel=[-0.04765, 0.01796, 0.01817] linvel=[-0.0033, -0.00343, 0.0053] z=0.1074
[lowlevel-sim][GT] t=26.601 quat=[0.49048, -0.51015, 0.50419, 0.49495] angvel=[0.05614, -0.02282, -0.01473] linvel=[-0.00133, 0.00286, 0.00027] z=0.1075
[lowlevel-sim][GT] t=26.651 quat=[0.49055, -0.51023, 0.50421, 0.49477] angvel=[-0.04979, 0.00307, 0.04637] linvel=[0.0129, -0.00562, 0.0035] z=0.1075
[lowlevel-sim][GT] t=26.701 quat=[0.49054, -0.51021, 0.50411, 0.4949] angvel=[0.01502, 0.06294, 0.04438] linvel=[0.01561, -0.00281, 0.00032] z=0.1075
[lowlevel-sim][GT] t=26.751 quat=[0.49034, -0.51015, 0.50426, 0.49502] angvel=[-0.01422, 0.00321, -0.00593] linvel=[0.00336, -0.00588, 0.00297] z=0.1075
[lowlevel-sim][GT] t=26.801 quat=[0.49016, -0.51013, 0.5042, 0.49527] angvel=[0.00091, -0.02332, 0.00267] linvel=[0.0133, 4e-05, 0.00189] z=0.1075
[lowlevel-sim][GT] t=26.851 quat=[0.49015, -0.51003, 0.50426, 0.49533] angvel=[-0.00634, 0.00364, 0.02002] linvel=[0.01413, -0.0069, 0.00256] z=0.1076
[lowlevel-sim][GT] t=26.901 quat=[0.48978, -0.5101, 0.50426, 0.49561] angvel=[0.05667, 0.05394, 0.02072] linvel=[0.009, -0.00142, -0.00288] z=0.1075
[lowlevel-sim][GT] t=26.951 quat=[0.48967, -0.51007, 0.50433, 0.49569] angvel=[4e-05, 0.01524, 0.01797] linvel=[0.00996, -0.00756, -0.00035] z=0.1075
[lowlevel-sim] t=  27.00 mode=cmd        pd=17513 hold=8595 failclosed=20 rtf=0.212 base_z=+0.107 pitch=+1.542 roll=+3.135 |tau|max= 35.00 sat=2/29 knee_L=+0.279 hip_p_L=-0.109 torn=8825 cmd_age=38.9ms auth=85.8s rig_ign=585 fix_base=0 sat_j=left_ankle_roll_joint:+35.0,right_ankle_roll_joint:-35.0
[lowlevel-sim][GT] t=27.001 quat=[0.48978, -0.51011, 0.50429, 0.49557] angvel=[-0.02454, -0.00116, -0.00411] linvel=[0.01366, -0.00264, 0.00771] z=0.1074
[lowlevel-sim][GT] t=27.051 quat=[0.48961, -0.51012, 0.50441, 0.49561] angvel=[-0.0532, -0.00031, 0.04685] linvel=[0.01791, -0.00718, 0.00474] z=0.1074
[lowlevel-sim][GT] t=27.101 quat=[0.48954, -0.51005, 0.50443, 0.49573] angvel=[0.00613, 0.08751, 0.03006] linvel=[0.01481, -0.00239, 0.00426] z=0.1074
[lowlevel-sim][GT] t=27.151 quat=[0.48939, -0.51017, 0.50452, 0.49566] angvel=[-0.04593, -0.01244, -0.03666] linvel=[0.00201, -0.00733, 0.00576] z=0.1074
[lowlevel-sim][GT] t=27.201 quat=[0.48939, -0.51022, 0.50434, 0.4958] angvel=[0.01285, -0.03306, -0.00277] linvel=[-0.00048, 0.00081, 0.00293] z=0.1075
[lowlevel-sim][GT] t=27.251 quat=[0.4891, -0.51042, 0.50431, 0.49592] angvel=[-0.01186, 0.05949, 0.04458] linvel=[0.00109, -0.00612, 0.00289] z=0.1074
[lowlevel-sim][GT] t=27.301 quat=[0.48913, -0.51032, 0.50428, 0.49602] angvel=[0.01566, 0.00765, -0.01246] linvel=[-0.00513, -0.00248, -0.00194] z=0.1074
[lowlevel-sim][GT] t=27.351 quat=[0.48921, -0.51035, 0.50425, 0.49593] angvel=[0.02525, 0.01629, 0.00336] linvel=[-0.0084, -0.00614, -0.00308] z=0.1074
[lowlevel-sim][GT] t=27.401 quat=[0.48931, -0.51024, 0.5042, 0.49599] angvel=[-0.04095, 0.00665, 0.01423] linvel=[-0.01153, -0.00381, 0.00314] z=0.1075
[lowlevel-sim][GT] t=27.451 quat=[0.48938, -0.51036, 0.50411, 0.4959] angvel=[0.00016, -0.05617, 0.00065] linvel=[-0.01756, -0.00629, 0.00061] z=0.1075
[lowlevel-sim] t=  27.50 mode=cmd        pd=17763 hold=8595 failclosed=20 rtf=0.212 base_z=+0.108 pitch=+1.542 roll=-3.128 |tau|max= 35.00 sat=2/29 knee_L=+0.280 hip_p_L=-0.109 torn=8854 cmd_age=27.2ms auth=88.0s rig_ign=585 fix_base=0 sat_j=left_ankle_roll_joint:+35.0,right_ankle_roll_joint:-35.0
[lowlevel-sim][GT] t=27.501 quat=[0.48976, -0.51045, 0.50386, 0.49569] angvel=[-0.00855, -0.05779, -0.01714] linvel=[-0.01617, -0.00313, 0.0018] z=0.1076
[lowlevel-sim][GT] t=27.551 quat=[0.48977, -0.51044, 0.50402, 0.49552] angvel=[-0.03117, 0.01593, 0.01335] linvel=[-0.0157, -0.00569, 0.00654] z=0.1076
[lowlevel-sim][GT] t=27.601 quat=[0.48993, -0.51049, 0.50396, 0.49537] angvel=[0.00031, -0.05387, -0.01358] linvel=[-0.01513, -0.00231, -0.00025] z=0.1076
[lowlevel-sim][GT] t=27.651 quat=[0.49002, -0.51051, 0.50401, 0.49522] angvel=[0.01042, 0.0278, -0.00329] linvel=[-0.01146, -0.00304, 0.00036] z=0.1076
[lowlevel-sim] FAIL-CLOSED engaged at t=27.660s, last command age 104.14 ms (deadline <= 100 ms) FAIL
[lowlevel-sim] COMMANDED at t=27.664s (was fail-closed)
[lowlevel-sim][GT] t=27.701 quat=[0.48967, -0.51086, 0.50417, 0.49503] angvel=[0.04054, 0.0879, 0.04254] linvel=[-0.00594, 0.00012, -0.00466] z=0.1074
[lowlevel-sim][GT] t=27.751 quat=[0.48967, -0.51086, 0.50399, 0.49522] angvel=[-0.00417, -0.02457, 0.01906] linvel=[-0.00482, -0.0029, 0.00075] z=0.1075
[lowlevel-sim][GT] t=27.801 quat=[0.48983, -0.5107, 0.5039, 0.49531] angvel=[0.0158, -0.04164, -0.03664] linvel=[-0.00809, -0.00061, -0.00119] z=0.1075
[lowlevel-sim][GT] t=27.851 quat=[0.48998, -0.51075, 0.50381, 0.49521] angvel=[0.00049, -0.025, 0.01561] linvel=[-0.00241, -0.00507, -0.00012] z=0.1075
[lowlevel-sim][GT] t=27.901 quat=[0.49024, -0.51067, 0.50365, 0.49519] angvel=[0.02614, -0.03866, 0.00637] linvel=[0.00605, -0.00414, 0.00171] z=0.1076
[lowlevel-sim][GT] t=27.951 quat=[0.49011, -0.51062, 0.50363, 0.4954] angvel=[-0.02681, 0.04011, 0.00521] linvel=[0.00207, -0.00367, 0.00418] z=0.1076
[lowlevel-sim] t=  28.00 mode=cmd        pd=18014 hold=8595 failclosed=23 rtf=0.212 base_z=+0.108 pitch=+1.542 roll=-3.092 |tau|max= 35.00 sat=2/29 knee_L=+0.278 hip_p_L=-0.107 torn=8877 cmd_age=36.4ms auth=90.4s rig_ign=585 fix_base=0 sat_j=left_ankle_roll_joint:+35.0,right_ankle_roll_joint:-35.0
[lowlevel-sim][GT] t=28.001 quat=[0.49016, -0.51053, 0.50359, 0.49548] angvel=[0.00038, 0.00484, 0.01395] linvel=[0.00877, -0.00273, -0.0012] z=0.1076
[lowlevel-sim][GT] t=28.051 quat=[0.48986, -0.51065, 0.50363, 0.49561] angvel=[0.00392, 0.02134, 0.04967] linvel=[0.00971, -0.00656, 0.00075] z=0.1076
[lowlevel-sim][GT] t=28.101 quat=[0.48976, -0.51044, 0.50369, 0.49587] angvel=[0.052, 0.03977, 0.03257] linvel=[0.01332, 0.00157, -0.00451] z=0.1076
[lowlevel-sim][GT] t=28.151 quat=[0.48976, -0.51023, 0.50394, 0.49583] angvel=[-0.02105, -0.01932, -0.05376] linvel=[0.00597, -0.00526, 0.00136] z=0.1077
[lowlevel-sim][GT] t=28.201 quat=[0.48984, -0.51005, 0.50388, 0.496] angvel=[0.05558, 0.03138, 0.00226] linvel=[0.00796, 0.00199, -0.00349] z=0.1077
[lowlevel-sim][GT] t=28.251 quat=[0.48973, -0.51019, 0.50396, 0.49587] angvel=[-0.01782, -0.02246, 0.04818] linvel=[0.00972, -0.00303, 0.00209] z=0.1077
[lowlevel-sim][GT] t=28.301 quat=[0.48965, -0.5102, 0.50391, 0.496] angvel=[0.06253, -0.03324, -0.01647] linvel=[0.00478, -0.00094, -0.00283] z=0.1076
[lowlevel-sim][GT] t=28.351 quat=[0.48982, -0.51016, 0.50401, 0.49577] angvel=[-0.0487, -0.00767, 0.00335] linvel=[0.00764, -0.01059, 0.00466] z=0.1077
[lowlevel-sim][GT] t=28.401 quat=[0.49004, -0.50991, 0.50401, 0.4958] angvel=[0.02322, -0.00806, 0.00067] linvel=[0.00635, 0.00177, -0.00115] z=0.1077
[lowlevel-sim][GT] t=28.451 quat=[0.49012, -0.50986, 0.50424, 0.49554] angvel=[-0.01889, 0.04747, 0.0153] linvel=[0.01357, -0.00697, -0.00165] z=0.1077
[lowlevel-sim] t=  28.50 mode=cmd        pd=18264 hold=8595 failclosed=23 rtf=0.212 base_z=+0.108 pitch=+1.542 roll=+3.135 |tau|max= 35.00 sat=2/29 knee_L=+0.281 hip_p_L=-0.109 torn=8893 cmd_age=63.7ms auth=92.9s rig_ign=585 fix_base=0 sat_j=left_ankle_roll_joint:+35.0,right_ankle_roll_joint:-35.0
[lowlevel-sim][GT] t=28.501 quat=[0.49008, -0.50978, 0.50437, 0.49554] angvel=[0.01911, 0.01405, 0.02456] linvel=[0.01034, -0.00155, -0.00164] z=0.1076
[lowlevel-sim][GT] t=28.551 quat=[0.48991, -0.50987, 0.50446, 0.49552] angvel=[0.05117, 0.02719, 0.00172] linvel=[0.01084, -0.00379, -0.00138] z=0.1076
[lowlevel-sim][GT] t=28.601 quat=[0.4899, -0.50973, 0.50438, 0.49576] angvel=[-0.05919, -0.03713, -0.01912] linvel=[0.00968, -0.00338, 0.00788] z=0.1077
[lowlevel-sim][GT] t=28.651 quat=[0.48976, -0.50978, 0.50452, 0.4957] angvel=[-0.03488, 0.00584, 0.00574] linvel=[0.00492, -0.00488, 0.0052] z=0.1077
[lowlevel-sim][GT] t=28.701 quat=[0.48987, -0.50967, 0.5044, 0.49583] angvel=[0.01271, 0.03704, 0.02853] linvel=[0.00032, -0.00079, -0.00369] z=0.1077
[lowlevel-sim][GT] t=28.751 quat=[0.48968, -0.5098, 0.50439, 0.49589] angvel=[-0.03966, -0.00086, 0.00562] linvel=[-0.00605, -0.00291, 0.00339] z=0.1077
[lowlevel-sim][GT] t=28.801 quat=[0.48967, -0.5098, 0.50431, 0.49598] angvel=[-0.02883, -0.00023, -0.00184] linvel=[-0.00662, -0.00239, 0.00251] z=0.1076
[lowlevel-sim][GT] t=28.851 quat=[0.4897, -0.50984, 0.50428, 0.49594] angvel=[-0.00114, 0.02645, 0.02084] linvel=[-0.00349, -0.00428, -0.00058] z=0.1077
[lowlevel-sim][GT] t=28.901 quat=[0.48987, -0.50989, 0.50431, 0.4957] angvel=[0.00222, -0.01149, -0.00972] linvel=[-0.00697, -0.00308, -0.00286] z=0.1076
[lowlevel-sim][GT] t=28.951 quat=[0.48987, -0.51003, 0.50441, 0.49545] angvel=[-0.00618, 0.01387, -0.05713] linvel=[-0.01188, -0.00554, -0.00019] z=0.1076
[lowlevel-sim] t=  29.00 mode=cmd        pd=18514 hold=8595 failclosed=23 rtf=0.212 base_z=+0.108 pitch=+1.542 roll=-3.136 |tau|max= 35.00 sat=2/29 knee_L=+0.280 hip_p_L=-0.109 torn=8915 cmd_age=27.9ms auth=95.3s rig_ign=585 fix_base=0 sat_j=left_ankle_roll_joint:+35.0,right_ankle_roll_joint:-35.0
[lowlevel-sim][GT] t=29.001 quat=[0.48996, -0.51009, 0.50421, 0.4955] angvel=[-0.02952, -0.02027, 0.01217] linvel=[-0.00969, -0.00597, -0.00044] z=0.1076
[lowlevel-sim][GT] t=29.051 quat=[0.48987, -0.51022, 0.50409, 0.49558] angvel=[-0.0393, -0.01405, 0.01887] linvel=[-0.01262, -0.00073, 0.00517] z=0.1076
[lowlevel-sim][GT] t=29.101 quat=[0.49, -0.51029, 0.50382, 0.49565] angvel=[-0.01061, 0.03968, 0.01746] linvel=[-0.01617, -0.00273, 0.0058] z=0.1076
[lowlevel-sim][GT] t=29.151 quat=[0.49012, -0.51038, 0.50387, 0.49538] angvel=[-0.04005, 0.00491, 0.0466] linvel=[-0.0036, -0.0039, 0.00468] z=0.1077
[lowlevel-sim][GT] t=29.201 quat=[0.49014, -0.51031, 0.50373, 0.49558] angvel=[0.03179, -0.02988, -0.0021] linvel=[-0.01046, 0.00065, -0.00181] z=0.1077
[lowlevel-sim][GT] t=29.251 quat=[0.49003, -0.51041, 0.50374, 0.49558] angvel=[0.01244, 0.02448, -0.00516] linvel=[-0.00705, -0.00423, -0.00165] z=0.1077
[lowlevel-sim][GT] t=29.301 quat=[0.49022, -0.51049, 0.50364, 0.49541] angvel=[-0.03216, 0.04743, -0.01975] linvel=[8e-05, -0.00401, -0.00127] z=0.1076
[lowlevel-sim][GT] t=29.351 quat=[0.49018, -0.51057, 0.50367, 0.49534] angvel=[-0.04205, -0.03145, 0.01294] linvel=[0.00879, -0.00297, 0.00554] z=0.1077
[lowlevel-sim][GT] t=29.401 quat=[0.49009, -0.51065, 0.50347, 0.49555] angvel=[-0.01785, -0.00293, -0.02143] linvel=[0.00594, -0.00466, -0.0017] z=0.1076
[lowlevel-sim][GT] t=29.451 quat=[0.48973, -0.51069, 0.50357, 0.49577] angvel=[-0.02615, 0.01622, 0.05937] linvel=[0.01274, -0.00732, 0.00298] z=0.1076
[lowlevel-sim] t=  29.50 mode=cmd        pd=18764 hold=8595 failclosed=23 rtf=0.212 base_z=+0.108 pitch=+1.542 roll=-3.120 |tau|max= 35.00 sat=2/29 knee_L=+0.280 hip_p_L=-0.108 torn=8942 cmd_age=31.8ms auth=97.5s rig_ign=585 fix_base=0 sat_j=left_ankle_roll_joint:+35.0,right_ankle_roll_joint:-35.0
[lowlevel-sim][GT] t=29.501 quat=[0.48967, -0.51058, 0.50349, 0.49601] angvel=[0.04217, -0.017, 0.00784] linvel=[0.01544, -0.00122, -0.00125] z=0.1077
[lowlevel-sim][GT] t=29.551 quat=[0.48951, -0.51057, 0.50354, 0.49613] angvel=[-0.018, 0.00029, 0.01259] linvel=[0.01331, -0.00473, 0.00181] z=0.1077
[lowlevel-sim][GT] t=29.601 quat=[0.4894, -0.51058, 0.50356, 0.49621] angvel=[0.05832, 0.02569, 0.01294] linvel=[0.01235, 0.00017, -0.00307] z=0.1076
[lowlevel-sim][GT] t=29.651 quat=[0.48936, -0.5105, 0.50368, 0.49621] angvel=[-0.03253, -0.01783, -0.05065] linvel=[0.00828, -0.00504, 0.0037] z=0.1076
[lowlevel-sim][GT] t=29.701 quat=[0.48938, -0.51025, 0.50378, 0.49634] angvel=[0.01048, -0.02006, 0.00362] linvel=[0.00384, 0.00018, 0.00384] z=0.1076
[lowlevel-sim][GT] t=29.751 quat=[0.48933, -0.51029, 0.50386, 0.49628] angvel=[0.01508, 0.02125, 0.02437] linvel=[0.01005, -0.00526, -0.00312] z=0.1076
[lowlevel-sim][GT] t=29.801 quat=[0.48951, -0.50998, 0.50398, 0.49628] angvel=[0.01573, 0.0546, 0.01271] linvel=[0.00843, -0.00014, -0.00238] z=0.1077
[lowlevel-sim][GT] t=29.851 quat=[0.48958, -0.50997, 0.50406, 0.49616] angvel=[0.01072, 0.02168, -0.0326] linvel=[0.00123, -0.00523, -0.00011] z=0.1076
[lowlevel-sim][GT] t=29.901 quat=[0.48971, -0.50982, 0.50411, 0.49613] angvel=[-0.04624, -0.01095, -0.00702] linvel=[0.00159, -0.00456, 0.00013] z=0.1076
[lowlevel-sim][GT] t=29.951 quat=[0.48967, -0.50998, 0.50423, 0.49588] angvel=[-0.02403, -0.02273, -0.05899] linvel=[-0.00526, -0.00417, 0.00383] z=0.1076
[lowlevel-sim] t=  30.00 mode=cmd        pd=19014 hold=8595 failclosed=23 rtf=0.212 base_z=+0.108 pitch=+1.543 roll=+3.101 |tau|max= 35.00 sat=2/29 knee_L=+0.281 hip_p_L=-0.109 torn=8958 cmd_age=50.0ms auth=99.8s rig_ign=585 fix_base=0 sat_j=left_ankle_roll_joint:+35.0,right_ankle_roll_joint:-35.0
[lowlevel-sim][GT] t=30.001 quat=[0.48968, -0.50972, 0.50429, 0.49608] angvel=[-0.01433, 0.01731, -0.01606] linvel=[-0.01393, -0.00234, 0.00456] z=0.1076
[lowlevel-sim][GT] t=30.051 quat=[0.48984, -0.50976, 0.50424, 0.49593] angvel=[-0.01535, 0.01933, 0.03357] linvel=[-0.00473, -0.00758, 0.00093] z=0.1077
[lowlevel-sim][GT] t=30.101 quat=[0.48997, -0.50975, 0.50419, 0.49586] angvel=[-0.05006, 0.04077, -0.0023] linvel=[-0.01028, -0.00127, 0.00491] z=0.1077
[lowlevel-sim][GT] t=30.151 quat=[0.48987, -0.50988, 0.5043, 0.4957] angvel=[-0.04576, 0.03356, 0.02616] linvel=[-0.00815, -0.00899, 0.00357] z=0.1077
[lowlevel-sim][GT] t=30.201 quat=[0.49018, -0.50976, 0.50421, 0.49562] angvel=[-0.00376, -0.02048, -0.00196] linvel=[-0.00769, -0.00094, 0.00013] z=0.1077
[lowlevel-sim][GT] t=30.251 quat=[0.49029, -0.50979, 0.50411, 0.49558] angvel=[0.01182, 0.0116, -0.0367] linvel=[-0.00898, -0.00383, -0.00023] z=0.1078
[lowlevel-sim][GT] t=30.301 quat=[0.49025, -0.5099, 0.50407, 0.49556] angvel=[-0.02035, 0.01485, 0.00708] linvel=[-0.00836, -0.00284, 0.00172] z=0.1077
[lowlevel-sim][GT] t=30.351 quat=[0.49009, -0.5101, 0.50398, 0.49559] angvel=[0.01268, 0.02395, -0.01816] linvel=[-0.00983, -0.00594, -0.0006] z=0.1077
[lowlevel-sim][GT] t=30.401 quat=[0.49022, -0.50994, 0.50404, 0.49558] angvel=[-0.04179, 0.00349, -0.01441] linvel=[-0.00779, -0.00521, 7e-05] z=0.1077
[lowlevel-sim][GT] t=30.451 quat=[0.49016, -0.50998, 0.50414, 0.49549] angvel=[-0.02741, -0.0196, -0.02226] linvel=[-0.0134, -0.00552, 0.00415] z=0.1077
[lowlevel-sim] t=  30.50 mode=cmd        pd=19264 hold=8595 failclosed=23 rtf=0.212 base_z=+0.108 pitch=+1.543 roll=-3.128 |tau|max= 35.00 sat=2/29 knee_L=+0.279 hip_p_L=-0.108 torn=8969 cmd_age=36.8ms auth=102.1s rig_ign=585 fix_base=0 sat_j=left_ankle_roll_joint:+35.0,right_ankle_roll_joint:-35.0
[lowlevel-sim][GT] t=30.501 quat=[0.49024, -0.50992, 0.50404, 0.49557] angvel=[-0.01592, 0.02937, -0.00898] linvel=[-0.01348, -0.00437, 0.00175] z=0.1077
[lowlevel-sim][GT] t=30.551 quat=[0.49017, -0.51006, 0.50416, 0.49537] angvel=[-0.03118, 0.02916, 0.01093] linvel=[-0.0002, -0.00624, 0.0006] z=0.1077
[lowlevel-sim][GT] t=30.601 quat=[0.49031, -0.51001, 0.50417, 0.49527] angvel=[0.00653, 0.02539, 0.01139] linvel=[-0.00613, -0.00284, -0.00146] z=0.1076
[lowlevel-sim][GT] t=30.651 quat=[0.49036, -0.50996, 0.50423, 0.49522] angvel=[0.00664, -0.01834, -0.00336] linvel=[-0.00511, -0.00119, -0.00021] z=0.1077
[lowlevel-sim][GT] t=30.701 quat=[0.49044, -0.50991, 0.50428, 0.49514] angvel=[-0.01729, -0.03153, -0.00428] linvel=[-0.00217, -0.00035, 0.00346] z=0.1076
[lowlevel-sim][GT] t=30.751 quat=[0.49049, -0.50988, 0.50444, 0.49497] angvel=[-0.04076, -0.015, -0.00503] linvel=[0.00081, -0.00658, 0.00775] z=0.1076
[lowlevel-sim][GT] t=30.801 quat=[0.4906, -0.5098, 0.50429, 0.49509] angvel=[-0.07109, -0.08002, -0.0023] linvel=[0.00374, -0.00472, 0.00722] z=0.1077
[lowlevel-sim][GT] t=30.851 quat=[0.49057, -0.5098, 0.50445, 0.49496] angvel=[-0.00575, -0.03193, 0.04836] linvel=[0.00606, -0.00554, 0.00079] z=0.1076
[lowlevel-sim][GT] t=30.901 quat=[0.49073, -0.50972, 0.50441, 0.49491] angvel=[-0.00563, 0.01552, 0.01705] linvel=[0.00853, -0.00179, 0.00027] z=0.1076
[lowlevel-sim][GT] t=30.951 quat=[0.49062, -0.50985, 0.50439, 0.49491] angvel=[-0.06799, -0.05113, -0.01435] linvel=[0.01425, -0.00304, 0.00884] z=0.1076
[lowlevel-sim] t=  31.00 mode=cmd        pd=19514 hold=8595 failclosed=23 rtf=0.212 base_z=+0.108 pitch=+1.543 roll=-3.108 |tau|max= 35.00 sat=2/29 knee_L=+0.279 hip_p_L=-0.108 torn=8987 cmd_age=39.6ms auth=104.2s rig_ign=585 fix_base=0 sat_j=left_ankle_roll_joint:+35.0,right_ankle_roll_joint:-35.0
[lowlevel-sim][GT] t=31.001 quat=[0.4906, -0.50983, 0.5041, 0.49525] angvel=[-0.00912, 0.00123, -0.02575] linvel=[0.00785, 0.00011, 0.00241] z=0.1077
[lowlevel-sim] FAIL-CLOSED engaged at t=31.041s, last command age 86.25 ms (deadline <= 100 ms) PASS
[lowlevel-sim] COMMANDED at t=31.048s (was fail-closed)
[lowlevel-sim][GT] t=31.051 quat=[0.48971, -0.51063, 0.50463, 0.49476] angvel=[-0.20947, -0.07014, -0.01773] linvel=[0.01456, 0.00169, -0.01499] z=0.1074
[lowlevel-sim][GT] t=31.101 quat=[0.48962, -0.51048, 0.50464, 0.49499] angvel=[-0.02806, 0.00134, -0.02849] linvel=[0.01034, -0.00203, 0.00399] z=0.1074
[lowlevel-sim][GT] t=31.151 quat=[0.48963, -0.51037, 0.50451, 0.49523] angvel=[0.00984, -0.02338, -0.01331] linvel=[0.005, -0.00582, -0.00079] z=0.1074
[lowlevel-sim][GT] t=31.201 quat=[0.48967, -0.51013, 0.50457, 0.49537] angvel=[0.0222, 0.07193, 0.00671] linvel=[0.00707, 0.00043, -0.00354] z=0.1074
[lowlevel-sim][GT] t=31.251 quat=[0.48966, -0.51016, 0.5045, 0.49542] angvel=[-0.01141, 0.00446, 0.02449] linvel=[0.01849, -0.00503, 0.0012] z=0.1074
[lowlevel-sim][GT] t=31.301 quat=[0.4897, -0.5099, 0.50464, 0.49551] angvel=[0.01389, -0.01471, -0.00522] linvel=[0.01381, -0.00018, 0.00169] z=0.1074
[lowlevel-sim][GT] t=31.351 quat=[0.48983, -0.50982, 0.50478, 0.49532] angvel=[-0.0047, -0.02085, -0.01177] linvel=[0.00797, -0.00304, -0.00023] z=0.1074
[lowlevel-sim][GT] t=31.401 quat=[0.48991, -0.50977, 0.5048, 0.49528] angvel=[-0.01612, -0.01559, -0.00579] linvel=[0.01067, -0.00316, -0.00157] z=0.1074
[lowlevel-sim][GT] t=31.451 quat=[0.48993, -0.5098, 0.5048, 0.49523] angvel=[-0.01362, 0.01871, -0.00275] linvel=[0.01051, -0.00562, 0.00158] z=0.1075
[lowlevel-sim] t=  31.50 mode=cmd        pd=19768 hold=8595 failclosed=30 rtf=0.212 base_z=+0.107 pitch=+1.541 roll=+3.117 |tau|max= 35.00 sat=2/29 knee_L=+0.280 hip_p_L=-0.110 torn=9019 cmd_age=48.0ms auth=106.7s rig_ign=585 fix_base=0 sat_j=left_ankle_roll_joint:+35.0,right_ankle_roll_joint:-35.0
[lowlevel-sim][GT] t=31.501 quat=[0.48981, -0.50976, 0.5048, 0.49538] angvel=[0.0044, -0.01134, 0.00103] linvel=[0.01077, -0.00314, 0.00372] z=0.1074
[lowlevel-sim][GT] t=31.551 quat=[0.48967, -0.50974, 0.50471, 0.49564] angvel=[-0.00026, 0.02801, 0.01362] linvel=[0.00556, -0.00068, 0.00211] z=0.1075
[lowlevel-sim][GT] t=31.601 quat=[0.48967, -0.5097, 0.50468, 0.49571] angvel=[0.07644, -0.01233, -0.00914] linvel=[0.00636, 0.00186, -0.0032] z=0.1075
[lowlevel-sim][GT] t=31.651 quat=[0.48969, -0.50976, 0.50465, 0.49566] angvel=[0.00177, -0.00894, -0.00145] linvel=[0.00768, -0.00528, -0.00043] z=0.1075
[lowlevel-sim][GT] t=31.701 quat=[0.4897, -0.50971, 0.50467, 0.49569] angvel=[-0.02847, -0.01209, -0.02494] linvel=[0.00304, -0.00409, 0.00103] z=0.1075
[lowlevel-sim][GT] t=31.751 quat=[0.48945, -0.50973, 0.5048, 0.49576] angvel=[-0.00652, -0.00631, 0.0133] linvel=[-0.00069, -0.00755, -0.00172] z=0.1075
[lowlevel-sim][GT] t=31.801 quat=[0.48951, -0.50977, 0.50478, 0.4957] angvel=[0.00643, 0.00846, -0.00542] linvel=[-0.00076, -9e-05, 0.00052] z=0.1074
[lowlevel-sim][GT] t=31.851 quat=[0.48944, -0.50983, 0.5048, 0.49568] angvel=[-0.01822, 0.02432, 0.02121] linvel=[-0.0071, -0.00429, 0.00307] z=0.1075
[lowlevel-sim][GT] t=31.901 quat=[0.48963, -0.50973, 0.50467, 0.49572] angvel=[-0.00354, -0.00226, 0.0065] linvel=[-0.00524, -0.00105, -0.00091] z=0.1075
[lowlevel-sim][GT] t=31.951 quat=[0.48965, -0.50974, 0.50477, 0.49559] angvel=[-0.01745, -0.04626, -0.01801] linvel=[-0.00621, -0.00364, 0.00026] z=0.1075
[lowlevel-sim] t=  32.00 mode=cmd        pd=20018 hold=8595 failclosed=30 rtf=0.213 base_z=+0.107 pitch=+1.542 roll=+3.117 |tau|max= 35.00 sat=2/29 knee_L=+0.280 hip_p_L=-0.109 torn=9042 cmd_age=32.4ms auth=108.7s rig_ign=585 fix_base=0 sat_j=left_ankle_roll_joint:+35.0,right_ankle_roll_joint:-35.0
[lowlevel-sim][GT] t=32.001 quat=[0.4899, -0.5097, 0.50471, 0.49546] angvel=[-0.01161, 0.0271, -0.01208] linvel=[-0.01334, -0.00231, 0.00215] z=0.1075
[lowlevel-sim][GT] t=32.051 quat=[0.49007, -0.50978, 0.50473, 0.49518] angvel=[-0.00838, -0.01246, -0.02794] linvel=[-0.01738, -0.00546, 0.00438] z=0.1075
[lowlevel-sim][GT] t=32.101 quat=[0.49035, -0.5098, 0.50465, 0.49497] angvel=[0.0248, -0.00498, -0.03326] linvel=[-0.01312, -0.00263, -0.00111] z=0.1075
[lowlevel-sim][GT] t=32.151 quat=[0.49028, -0.51009, 0.50457, 0.49482] angvel=[0.00199, -0.00837, 0.01525] linvel=[-0.01166, -0.00438, 0.00084] z=0.1075
[lowlevel-sim][GT] t=32.201 quat=[0.49036, -0.51009, 0.50436, 0.49495] angvel=[-0.05583, 0.02115, 0.00608] linvel=[-0.01263, -0.00451, 0.00317] z=0.1075
[lowlevel-sim][GT] t=32.251 quat=[0.49033, -0.51017, 0.50435, 0.49491] angvel=[-0.02264, 0.04044, 0.04761] linvel=[-0.00434, -0.00735, 0.0026] z=0.1075
[lowlevel-sim][GT] t=32.301 quat=[0.49033, -0.51029, 0.50407, 0.49507] angvel=[0.03136, 0.08467, 0.05314] linvel=[-0.00399, 0.00138, 0.00211] z=0.1075
[lowlevel-sim][GT] t=32.351 quat=[0.49024, -0.51046, 0.50403, 0.49502] angvel=[-0.02682, -0.03706, -0.04756] linvel=[-0.00906, -0.00533, 0.00284] z=0.1075
[lowlevel-sim][GT] t=32.401 quat=[0.49027, -0.51042, 0.50404, 0.49503] angvel=[-0.01932, -0.07804, -0.01546] linvel=[-0.00948, -0.00018, 0.00335] z=0.1075
[lowlevel-sim][GT] t=32.451 quat=[0.49021, -0.51058, 0.50395, 0.49501] angvel=[-0.02782, -0.00925, 0.00309] linvel=[-0.00462, -0.0026, 0.00313] z=0.1075
[lowlevel-sim] t=  32.50 mode=cmd        pd=20268 hold=8595 failclosed=30 rtf=0.213 base_z=+0.108 pitch=+1.542 roll=-3.070 |tau|max= 35.00 sat=2/29 knee_L=+0.278 hip_p_L=-0.107 torn=9068 cmd_age=40.1ms auth=111.1s rig_ign=585 fix_base=0 sat_j=left_ankle_roll_joint:+35.0,right_ankle_roll_joint:-35.0
[lowlevel-sim][GT] t=32.501 quat=[0.49044, -0.51056, 0.5037, 0.49506] angvel=[-0.00428, -0.02584, 0.01421] linvel=[0.00161, 0.00078, 0.00317] z=0.1075
[lowlevel-sim][GT] t=32.551 quat=[0.49041, -0.51059, 0.50367, 0.49509] angvel=[0.00185, 0.03114, -0.00535] linvel=[0.00461, -0.00575, 1e-05] z=0.1075
[lowlevel-sim][GT] t=32.601 quat=[0.49041, -0.51058, 0.50356, 0.49521] angvel=[0.07716, -0.01078, -0.0049] linvel=[0.0082, 0.00275, -0.00514] z=0.1075
[lowlevel-sim] FAIL-CLOSED engaged at t=32.637s, last command age 88.48 ms (deadline <= 100 ms) PASS
[lowlevel-sim] COMMANDED at t=32.638s (was fail-closed)
[lowlevel-sim][GT] t=32.651 quat=[0.49032, -0.51063, 0.50364, 0.49517] angvel=[-0.01936, 0.03226, -0.01272] linvel=[0.00989, -0.00089, 0.00292] z=0.1075
[lowlevel-sim][GT] t=32.701 quat=[0.49006, -0.51071, 0.50365, 0.49533] angvel=[-0.02243, 0.01892, 0.03285] linvel=[0.01845, -0.00433, 0.00612] z=0.1075
[lowlevel-sim][GT] t=32.751 quat=[0.4899, -0.51054, 0.50358, 0.49573] angvel=[0.01144, 0.03014, 0.05022] linvel=[0.01324, -0.00024, 0.00047] z=0.1075
[lowlevel-sim][GT] t=32.801 quat=[0.48961, -0.51057, 0.50353, 0.49604] angvel=[0.01577, -0.01608, 0.00698] linvel=[0.0123, -0.004, -0.00189] z=0.1076
[lowlevel-sim][GT] t=32.851 quat=[0.48953, -0.51061, 0.50348, 0.49613] angvel=[0.01254, 0.00312, 0.00653] linvel=[0.0122, -0.00082, 0.00092] z=0.1076
[lowlevel-sim][GT] t=32.901 quat=[0.48935, -0.51069, 0.50352, 0.49618] angvel=[-0.03493, -0.02337, -0.07658] linvel=[0.00353, -0.00469, 0.00301] z=0.1076
[lowlevel-sim][GT] t=32.951 quat=[0.48927, -0.51075, 0.5033, 0.49642] angvel=[0.02144, 0.05132, 0.02645] linvel=[0.0041, 0.00108, -0.0023] z=0.1076
[lowlevel-sim] t=  33.00 mode=cmd        pd=20519 hold=8595 failclosed=31 rtf=0.213 base_z=+0.108 pitch=+1.542 roll=+3.140 |tau|max=  9.42 sat=0/29 knee_L=+0.281 hip_p_L=-0.109 torn=9078 cmd_age=38.0ms auth=113.3s rig_ign=585 fix_base=0
[lowlevel-sim][GT] t=33.001 quat=[0.48924, -0.51071, 0.50343, 0.49636] angvel=[-0.05516, 0.01721, 0.0073] linvel=[0.00894, -0.00255, 0.00635] z=0.1076
[lowlevel-sim][GT] t=33.051 quat=[0.48921, -0.51069, 0.50338, 0.49647] angvel=[0.03039, 0.08191, 0.02769] linvel=[0.00328, -0.00209, -0.00108] z=0.1076
[lowlevel-sim][GT] t=33.101 quat=[0.48893, -0.51078, 0.50342, 0.4966] angvel=[-0.00163, 0.03389, 0.03559] linvel=[0.0096, -0.0073, 0.00161] z=0.1076
[lowlevel-sim][GT] t=33.151 quat=[0.48907, -0.51075, 0.50339, 0.49652] angvel=[0.01512, -0.02312, 0.01875] linvel=[0.00942, -0.00145, 0.00256] z=0.1076
[lowlevel-sim][GT] t=33.201 quat=[0.48919, -0.5108, 0.50349, 0.49626] angvel=[-0.02219, -0.00462, -0.01824] linvel=[0.01016, -0.00787, -0.00151] z=0.1076
[lowlevel-sim] FAIL-CLOSED engaged at t=33.214s, last command age 88.53 ms (deadline <= 100 ms) PASS
[lowlevel-sim] COMMANDED at t=33.216s (was fail-closed)
[lowlevel-sim][GT] t=33.251 quat=[0.48911, -0.51099, 0.50366, 0.49597] angvel=[-0.00588, -0.00921, 0.02257] linvel=[0.01629, -0.00548, 0.00096] z=0.1075
[lowlevel-sim][GT] t=33.301 quat=[0.48936, -0.51064, 0.50367, 0.49608] angvel=[0.01417, 0.04136, 0.02923] linvel=[0.01339, -0.00238, -0.00234] z=0.1076
[lowlevel-sim][GT] t=33.351 quat=[0.48929, -0.51061, 0.50385, 0.49599] angvel=[-0.02223, -0.02181, -0.02765] linvel=[0.01583, -0.00374, 0.00619] z=0.1076
[lowlevel-sim][GT] t=33.401 quat=[0.48944, -0.51046, 0.50376, 0.49609] angvel=[0.09971, -0.03778, 0.00082] linvel=[0.01354, 0.00418, -0.00521] z=0.1076
[lowlevel-sim][GT] t=33.451 quat=[0.48926, -0.51044, 0.50392, 0.49612] angvel=[-0.00135, 0.02355, 0.04581] linvel=[0.01744, -0.00491, 0.00178] z=0.1076
[lowlevel-sim] t=  33.50 mode=cmd        pd=20769 hold=8595 failclosed=32 rtf=0.213 base_z=+0.108 pitch=+1.542 roll=+3.125 |tau|max= 35.00 sat=2/29 knee_L=+0.281 hip_p_L=-0.110 torn=9101 cmd_age=42.2ms auth=115.6s rig_ign=585 fix_base=0 sat_j=left_ankle_roll_joint:+35.0,right_ankle_roll_joint:-35.0
[lowlevel-sim][GT] t=33.501 quat=[0.48924, -0.51045, 0.50383, 0.49622] angvel=[0.02697, 0.06408, 0.02576] linvel=[0.01561, -0.00135, -0.00389] z=0.1076
[lowlevel-sim][GT] t=33.551 quat=[0.48918, -0.51041, 0.50407, 0.49608] angvel=[-0.02158, -0.01418, -0.01489] linvel=[0.00701, -0.00261, 0.00528] z=0.1076
[lowlevel-sim][GT] t=33.601 quat=[0.48935, -0.51022, 0.50401, 0.49617] angvel=[0.04384, -7e-05, 0.00184] linvel=[0.01033, 0.00206, 0.00032] z=0.1077
[lowlevel-sim][GT] t=33.651 quat=[0.48941, -0.51007, 0.50407, 0.49621] angvel=[0.01412, 0.0056, 0.00434] linvel=[0.00998, -0.00516, -0.0006] z=0.1077
[lowlevel-sim][GT] t=33.701 quat=[0.48943, -0.51008, 0.50391, 0.49634] angvel=[-0.02131, -0.01973, 0.01093] linvel=[0.01193, -0.00383, 0.00485] z=0.1077
[lowlevel-sim][GT] t=33.751 quat=[0.4893, -0.51022, 0.5039, 0.49633] angvel=[-0.01011, 0.03235, 0.03168] linvel=[0.00618, -0.00614, 0.00054] z=0.1077
[lowlevel-sim][GT] t=33.801 quat=[0.48951, -0.51018, 0.50378, 0.49629] angvel=[0.08687, -0.06403, -0.03076] linvel=[0.01112, 0.00177, -0.00912] z=0.1077
[lowlevel-sim][GT] t=33.851 quat=[0.48952, -0.51024, 0.50405, 0.49594] angvel=[0.00686, -0.0244, -0.01328] linvel=[0.01084, -0.00569, -0.00075] z=0.1076
[lowlevel-sim][GT] t=33.901 quat=[0.48951, -0.51011, 0.50416, 0.49597] angvel=[-0.02827, -0.0239, -0.0113] linvel=[0.01572, -0.00369, 0.00267] z=0.1076
[lowlevel-sim][GT] t=33.951 quat=[0.48942, -0.50997, 0.50428, 0.49608] angvel=[-0.01306, -0.00245, -0.00222] linvel=[0.01254, -0.00675, 0.00211] z=0.1077
[lowlevel-sim] t=  34.00 mode=cmd        pd=21019 hold=8595 failclosed=32 rtf=0.213 base_z=+0.108 pitch=+1.542 roll=+3.091 |tau|max= 35.00 sat=2/29 knee_L=+0.282 hip_p_L=-0.110 torn=9129 cmd_age=43.1ms auth=118.1s rig_ign=585 fix_base=0 sat_j=left_ankle_roll_joint:+35.0,right_ankle_roll_joint:-35.0
[lowlevel-sim][GT] t=34.001 quat=[0.48945, -0.5098, 0.5045, 0.49601] angvel=[0.02032, -0.06169, -0.02165] linvel=[0.00677, 0.00439, -0.00144] z=0.1076
[lowlevel-sim][GT] t=34.051 quat=[0.48942, -0.50962, 0.50455, 0.49617] angvel=[0.04611, 0.01695, -0.00059] linvel=[-0.0033, -0.00166, -0.00141] z=0.1077
[lowlevel-sim][GT] t=34.101 quat=[0.48921, -0.50974, 0.50443, 0.49637] angvel=[0.02864, -0.03454, 0.00498] linvel=[-0.00379, 1e-05, -0.00447] z=0.1077
[lowlevel-sim][GT] t=34.151 quat=[0.48945, -0.50984, 0.50445, 0.49602] angvel=[-0.04788, 0.01142, 0.05506] linvel=[0.00153, -0.00859, 0.00238] z=0.1076
[lowlevel-sim][GT] t=34.201 quat=[0.48954, -0.50989, 0.50427, 0.49606] angvel=[-0.01046, -0.01628, -0.01759] linvel=[-0.0075, -0.00277, -0.00035] z=0.1076
[lowlevel-sim][GT] t=34.251 quat=[0.48975, -0.51003, 0.50435, 0.49563] angvel=[-0.02752, -0.04705, -0.07801] linvel=[-0.01375, -0.00671, 0.00148] z=0.1076
[lowlevel-sim][GT] t=34.301 quat=[0.48987, -0.50993, 0.50434, 0.49561] angvel=[-0.00662, 0.02655, -0.00694] linvel=[-0.01326, -0.00556, -0.00089] z=0.1076
[lowlevel-sim][GT] t=34.351 quat=[0.48972, -0.51002, 0.50437, 0.49564] angvel=[0.01334, -0.00298, -0.00064] linvel=[-0.01189, -0.00224, -0.00201] z=0.1076
[lowlevel-sim][GT] t=34.401 quat=[0.48986, -0.51003, 0.50444, 0.49544] angvel=[0.01715, -0.10326, -0.02803] linvel=[-0.00501, -0.00277, -0.00315] z=0.1076
[lowlevel-sim][GT] t=34.451 quat=[0.48989, -0.50999, 0.50442, 0.49546] angvel=[0.01896, -0.01257, -0.01398] linvel=[-0.0115, -0.00707, -0.00269] z=0.1076
[lowlevel-sim] t=  34.50 mode=cmd        pd=21269 hold=8595 failclosed=32 rtf=0.213 base_z=+0.108 pitch=+1.542 roll=-3.140 |tau|max= 35.00 sat=2/29 knee_L=+0.280 hip_p_L=-0.109 torn=9146 cmd_age=49.6ms auth=120.4s rig_ign=585 fix_base=0 sat_j=left_ankle_roll_joint:+35.0,right_ankle_roll_joint:-35.0
[lowlevel-sim][GT] t=34.501 quat=[0.49002, -0.50996, 0.5044, 0.49538] angvel=[-0.0076, -0.11719, -0.00832] linvel=[-0.0077, -0.00201, -0.0017] z=0.1076
[lowlevel-sim][GT] t=34.551 quat=[0.48998, -0.51012, 0.50443, 0.49522] angvel=[0.00018, -0.00517, 0.00222] linvel=[-0.01187, -0.00664, 7e-05] z=0.1076
[lowlevel-sim][GT] t=34.601 quat=[0.49003, -0.51018, 0.50431, 0.49523] angvel=[0.00102, -0.06098, -0.03274] linvel=[-0.00882, -0.00258, -0.00444] z=0.1075
[lowlevel-sim][GT] t=34.651 quat=[0.48991, -0.51023, 0.5043, 0.49531] angvel=[0.00318, -0.00385, -0.00383] linvel=[-0.00993, -0.00572, -0.0022] z=0.1076
[lowlevel-sim][GT] t=34.701 quat=[0.48993, -0.5102, 0.5042, 0.49542] angvel=[0.01637, -0.0098, -0.01215] linvel=[-0.00628, -0.00027, -0.00156] z=0.1076
[lowlevel-sim][GT] t=34.751 quat=[0.48976, -0.51028, 0.5042, 0.49551] angvel=[-0.02477, 0.03275, -0.02066] linvel=[-0.01861, -0.00431, 0.00789] z=0.1076
[lowlevel-sim][GT] t=34.801 quat=[0.49011, -0.51015, 0.50406, 0.49544] angvel=[0.05821, -0.03737, -0.01508] linvel=[-0.00536, 0.00361, -0.00219] z=0.1076
[lowlevel-sim][GT] t=34.851 quat=[0.48993, -0.51033, 0.50424, 0.49526] angvel=[-0.02697, -0.01472, -0.00742] linvel=[0.00027, -0.00529, 0.00128] z=0.1076
[lowlevel-sim][GT] t=34.901 quat=[0.49031, -0.51012, 0.50418, 0.49516] angvel=[0.0407, -0.03482, -0.00758] linvel=[0.00632, 0.00303, -0.00131] z=0.1076
[lowlevel-sim][GT] t=34.951 quat=[0.49038, -0.51006, 0.50431, 0.49501] angvel=[0.0035, -0.02318, -0.01564] linvel=[0.00866, -0.00666, -0.00188] z=0.1076
[lowlevel-sim] FAIL-CLOSED engaged at t=34.987s, last command age 88.09 ms (deadline <= 100 ms) PASS
[lowlevel-sim] COMMANDED at t=34.990s (was fail-closed)
[lowlevel-sim] t=  35.00 mode=cmd        pd=21520 hold=8595 failclosed=34 rtf=0.213 base_z=+0.107 pitch=+1.540 roll=-3.117 |tau|max=  8.10 sat=0/29 knee_L=+0.280 hip_p_L=-0.110 torn=9165 cmd_age=52.7ms auth=122.6s rig_ign=585 fix_base=0
[lowlevel-sim][GT] t=35.001 quat=[0.4901, -0.51021, 0.50482, 0.49462] angvel=[0.01159, 0.00738, 0.00016] linvel=[0.01116, -0.00664, -0.00224] z=0.1074
[lowlevel-sim][GT] t=35.051 quat=[0.49027, -0.50996, 0.50473, 0.4948] angvel=[-0.00809, 0.0078, 0.01218] linvel=[0.01137, -0.00326, 0.00239] z=0.1075
[lowlevel-sim][GT] t=35.101 quat=[0.49015, -0.50994, 0.50475, 0.49491] angvel=[0.00916, 0.01354, 0.0049] linvel=[0.0122, -0.00745, -0.0037] z=0.1075
[lowlevel-sim][GT] t=35.151 quat=[0.49016, -0.50976, 0.5047, 0.49514] angvel=[0.04652, -0.04573, -0.02473] linvel=[0.01487, 0.00179, -0.00731] z=0.1075
[lowlevel-sim][GT] t=35.201 quat=[0.49006, -0.50975, 0.50487, 0.49509] angvel=[0.01937, 0.00749, -0.02181] linvel=[0.01119, -0.00364, -0.00079] z=0.1075
[lowlevel-sim][GT] t=35.251 quat=[0.49009, -0.5095, 0.50499, 0.49518] angvel=[0.05036, 0.02444, -0.02412] linvel=[0.01696, 0.00029, -0.00504] z=0.1076
[lowlevel-sim] FAIL-CLOSED engaged at t=35.269s, last command age 86.76 ms (deadline <= 100 ms) PASS
[lowlevel-sim] COMMANDED at t=35.274s (was fail-closed)
[lowlevel-sim][GT] t=35.301 quat=[0.48944, -0.51003, 0.50555, 0.4947] angvel=[0.03329, -0.00983, -0.01397] linvel=[0.00946, -0.00381, -0.00285] z=0.1072
[lowlevel-sim] FAIL-CLOSED engaged at t=35.316s, last command age 89.01 ms (deadline <= 100 ms) PASS
[lowlevel-sim] COMMANDED at t=35.320s (was fail-closed)
[lowlevel-sim][GT] t=35.351 quat=[0.48915, -0.5101, 0.50584, 0.49463] angvel=[0.04464, 0.08635, 0.01336] linvel=[0.00692, -0.00045, 0.00215] z=0.1071
[lowlevel-sim][GT] t=35.401 quat=[0.48932, -0.50996, 0.50555, 0.4949] angvel=[0.00197, 0.01155, 0.00733] linvel=[0.01223, -0.00518, -0.00061] z=0.1072
[lowlevel-sim][GT] t=35.451 quat=[0.48949, -0.50977, 0.50557, 0.4949] angvel=[0.04816, -0.02508, 0.02073] linvel=[0.00694, -0.00114, -0.00235] z=0.1072
[lowlevel-sim] t=  35.50 mode=cmd        pd=21774 hold=8595 failclosed=42 rtf=0.213 base_z=+0.107 pitch=+1.540 roll=+3.091 |tau|max=  8.14 sat=0/29 knee_L=+0.282 hip_p_L=-0.111 torn=9194 cmd_age=67.8ms auth=125.1s rig_ign=585 fix_base=0
[lowlevel-sim][GT] t=35.501 quat=[0.48945, -0.50972, 0.50553, 0.49504] angvel=[0.00882, -0.0165, 0.02192] linvel=[0.00424, -0.00564, -0.00183] z=0.1072
[lowlevel-sim][GT] t=35.551 quat=[0.48932, -0.50978, 0.50544, 0.4952] angvel=[0.05201, -0.03537, -0.00016] linvel=[-0.00222, -0.00159, -0.00623] z=0.1072
[lowlevel-sim][GT] t=35.601 quat=[0.48924, -0.50979, 0.50547, 0.49523] angvel=[-0.03959, 0.00549, -0.00989] linvel=[-0.00964, -0.00354, 0.00559] z=0.1073
[lowlevel-sim][GT] t=35.651 quat=[0.48935, -0.50975, 0.50513, 0.49552] angvel=[-0.0182, 0.07347, 0.01327] linvel=[-0.01349, -0.00212, 0.00382] z=0.1073
[lowlevel-sim][GT] t=35.701 quat=[0.48947, -0.50997, 0.50495, 0.49536] angvel=[-0.03864, -0.00412, 0.05007] linvel=[-0.00807, -0.00747, 0.00749] z=0.1074
[lowlevel-sim] FAIL-CLOSED engaged at t=35.713s, last command age 85.22 ms (deadline <= 100 ms) PASS
[lowlevel-sim] COMMANDED at t=35.716s (was fail-closed)
[lowlevel-sim] FAIL-CLOSED engaged at t=35.731s, last command age 87.50 ms (deadline <= 100 ms) PASS
[lowlevel-sim] COMMANDED at t=35.734s (was fail-closed)
[lowlevel-sim][GT] t=35.751 quat=[0.48912, -0.51047, 0.50525, 0.49489] angvel=[0.01894, -0.01534, -0.02849] linvel=[-0.01833, -0.00155, 0.00343] z=0.1071
[lowlevel-sim][GT] t=35.801 quat=[0.48958, -0.51039, 0.50494, 0.49482] angvel=[0.01826, -0.01028, 0.02325] linvel=[-0.01096, -0.00307, -0.00078] z=0.1073
[lowlevel-sim][GT] t=35.851 quat=[0.48957, -0.51041, 0.50473, 0.49503] angvel=[0.03524, 0.00375, 0.01122] linvel=[-0.00798, -0.00115, -0.00053] z=0.1073
[lowlevel-sim][GT] t=35.901 quat=[0.48961, -0.51048, 0.5044, 0.49525] angvel=[0.00759, 0.00298, 0.07593] linvel=[-0.00419, -0.00317, 0.00382] z=0.1075
[lowlevel-sim][GT] t=35.951 quat=[0.48978, -0.51042, 0.50413, 0.49542] angvel=[-0.04788, 0.0289, 0.00918] linvel=[-0.01131, -0.00307, 0.0067] z=0.1075
[lowlevel-sim] t=  36.00 mode=cmd        pd=22028 hold=8595 failclosed=48 rtf=0.213 base_z=+0.108 pitch=+1.541 roll=-3.125 |tau|max=  9.99 sat=0/29 knee_L=+0.280 hip_p_L=-0.109 torn=9225 cmd_age=37.9ms auth=127.6s rig_ign=585 fix_base=0
[lowlevel-sim][GT] t=36.001 quat=[0.48967, -0.51053, 0.504, 0.49555] angvel=[0.01775, 0.02105, 0.04333] linvel=[-0.00633, -0.0057, 0.00035] z=0.1075
[lowlevel-sim][GT] t=36.051 quat=[0.48968, -0.5105, 0.50393, 0.49563] angvel=[-0.08472, 0.0811, 0.01979] linvel=[-0.00868, -0.00479, 0.00986] z=0.1076
[lowlevel-sim][GT] t=36.101 quat=[0.48954, -0.5106, 0.50393, 0.49567] angvel=[0.0111, -0.03453, -0.02708] linvel=[-0.01243, -0.00659, -0.00263] z=0.1076
[lowlevel-sim][GT] t=36.151 quat=[0.48965, -0.51063, 0.50372, 0.49575] angvel=[0.00334, -0.0033, 0.00185] linvel=[-0.01198, -0.00234, 0.00165] z=0.1076
[lowlevel-sim][GT] t=36.201 quat=[0.48973, -0.51065, 0.50377, 0.49559] angvel=[0.00262, -0.0078, 0.03468] linvel=[-0.01049, -0.00593, -7e-05] z=0.1076
[lowlevel-sim][GT] t=36.251 quat=[0.48971, -0.51063, 0.50382, 0.49559] angvel=[-0.08161, 0.04916, 0.02593] linvel=[-0.00821, -0.00543, 0.0094] z=0.1075
[lowlevel-sim][GT] t=36.301 quat=[0.48967, -0.51061, 0.50399, 0.49548] angvel=[-0.03974, 0.04067, 0.0154] linvel=[-0.01068, -0.00542, 0.00652] z=0.1076
[lowlevel-sim][GT] t=36.351 quat=[0.48997, -0.51043, 0.50379, 0.49557] angvel=[0.01207, -0.00489, -0.01482] linvel=[-0.00504, -0.00129, -0.00125] z=0.1077
[lowlevel-sim][GT] t=36.401 quat=[0.49, -0.51034, 0.50402, 0.49539] angvel=[-0.04386, -0.00739, 0.00416] linvel=[-0.00998, -0.00324, 0.00721] z=0.1077
[lowlevel-sim][GT] t=36.451 quat=[0.49024, -0.5103, 0.50388, 0.49534] angvel=[-0.02547, -0.02286, -0.04801] linvel=[-0.00703, -0.00218, 0.00076] z=0.1077
[lowlevel-sim] t=  36.50 mode=cmd        pd=22278 hold=8595 failclosed=48 rtf=0.212 base_z=+0.108 pitch=+1.542 roll=-3.097 |tau|max=  9.40 sat=0/29 knee_L=+0.280 hip_p_L=-0.109 torn=9242 cmd_age=29.3ms auth=130.1s rig_ign=585 fix_base=0
[lowlevel-sim][GT] t=36.501 quat=[0.49032, -0.51029, 0.50405, 0.4951] angvel=[0.01649, -0.00892, 0.03612] linvel=[-0.01148, -0.003, -0.0011] z=0.1076
[lowlevel-sim][GT] t=36.551 quat=[0.49027, -0.51034, 0.50395, 0.49521] angvel=[0.00055, 0.02101, 0.00923] linvel=[-0.00618, -0.00067, 0.00172] z=0.1076
[lowlevel-sim][GT] t=36.601 quat=[0.49021, -0.51035, 0.50401, 0.49518] angvel=[-0.01342, 0.01719, -0.02897] linvel=[-0.00793, -0.00655, 0.00061] z=0.1077
[lowlevel-sim][GT] t=36.651 quat=[0.49039, -0.51037, 0.50384, 0.49516] angvel=[-0.01787, 0.02162, -0.00947] linvel=[-0.00485, -0.00166, 0.00348] z=0.1077
[lowlevel-sim][GT] t=36.701 quat=[0.49038, -0.51046, 0.5038, 0.49512] angvel=[-0.00356, -0.04682, 0.00143] linvel=[-0.00199, -0.00398, -0.00068] z=0.1077
[lowlevel-sim][GT] t=36.751 quat=[0.49017, -0.51049, 0.50375, 0.49534] angvel=[0.00849, -0.00934, 0.04645] linvel=[-0.00599, -0.00249, 0.00029] z=0.1076
[lowlevel-sim][GT] t=36.801 quat=[0.4901, -0.51064, 0.50373, 0.49529] angvel=[-0.02235, -0.04135, -0.01725] linvel=[-0.00429, -0.01038, -0.00267] z=0.1076
[lowlevel-sim][GT] t=36.851 quat=[0.49, -0.5106, 0.50354, 0.49562] angvel=[0.00708, -0.04306, -0.01893] linvel=[-0.00957, 0.00162, 0.00125] z=0.1076
[lowlevel-sim][GT] t=36.901 quat=[0.48971, -0.51075, 0.5035, 0.49578] angvel=[-0.00617, -0.0112, 0.02532] linvel=[-0.00892, -0.00225, 0.00093] z=0.1077
[lowlevel-sim][GT] t=36.951 quat=[0.48962, -0.51084, 0.50333, 0.49596] angvel=[-0.02832, -0.00515, 0.01429] linvel=[-0.0151, -0.00467, 0.00158] z=0.1076
[lowlevel-sim] t=  37.00 mode=cmd        pd=22528 hold=8595 failclosed=48 rtf=0.213 base_z=+0.108 pitch=+1.542 roll=-3.091 |tau|max=  9.26 sat=0/29 knee_L=+0.280 hip_p_L=-0.109 torn=9258 cmd_age=40.1ms auth=132.3s rig_ign=585 fix_base=0
[lowlevel-sim][GT] t=37.001 quat=[0.48967, -0.51102, 0.50338, 0.49567] angvel=[-0.06325, 0.05231, 0.01217] linvel=[-0.00913, -0.00471, 0.00625] z=0.1076
[lowlevel-sim][GT] t=37.051 quat=[0.48962, -0.51087, 0.50326, 0.49599] angvel=[-0.00473, -0.00968, 0.00495] linvel=[-0.00746, -0.00231, -0.00048] z=0.1077
[lowlevel-sim][GT] t=37.101 quat=[0.48967, -0.51108, 0.50323, 0.49576] angvel=[-0.04797, -0.02005, 0.05229] linvel=[0.00575, -0.00568, 0.00642] z=0.1077
[lowlevel-sim][GT] t=37.151 quat=[0.48957, -0.51112, 0.50297, 0.49609] angvel=[-0.05666, 0.0665, 0.006] linvel=[-0.00434, -0.0045, 0.00736] z=0.1077
[lowlevel-sim][GT] t=37.201 quat=[0.48965, -0.51108, 0.50292, 0.49609] angvel=[0.0128, -0.01675, -0.0042] linvel=[0.00139, -0.00579, -0.00223] z=0.1078
[lowlevel-sim][GT] t=37.251 quat=[0.48982, -0.51094, 0.503, 0.49599] angvel=[-0.0197, 0.00881, 0.00965] linvel=[0.00272, -0.00439, 0.00518] z=0.1078
[lowlevel-sim][GT] t=37.301 quat=[0.48975, -0.51102, 0.5031, 0.49587] angvel=[-0.04003, 0.01426, -0.01324] linvel=[0.00951, -0.00665, -0.0002] z=0.1077
[lowlevel-sim][GT] t=37.351 quat=[0.48968, -0.51104, 0.50311, 0.49591] angvel=[0.05432, 0.0161, 0.00522] linvel=[0.00895, 0.00132, -0.00223] z=0.1077
[lowlevel-sim][GT] t=37.401 quat=[0.48962, -0.51111, 0.50323, 0.49579] angvel=[-0.01567, -0.0403, -0.03328] linvel=[0.00383, -0.00505, 0.00335] z=0.1076
[lowlevel-sim][GT] t=37.451 quat=[0.48968, -0.51105, 0.5032, 0.4958] angvel=[-0.02239, 0.04269, 0.0143] linvel=[0.00636, -0.00208, 0.0015] z=0.1076
[lowlevel-sim] t=  37.50 mode=cmd        pd=22778 hold=8595 failclosed=48 rtf=0.212 base_z=+0.108 pitch=+1.542 roll=-3.085 |tau|max=  9.70 sat=0/29 knee_L=+0.279 hip_p_L=-0.108 torn=9274 cmd_age=43.2ms auth=134.8s rig_ign=585 fix_base=0
[lowlevel-sim][GT] t=37.501 quat=[0.48963, -0.51115, 0.5032, 0.49576] angvel=[-0.02322, 0.00079, -0.00311] linvel=[0.01952, -0.0064, 0.00376] z=0.1076
[lowlevel-sim][GT] t=37.551 quat=[0.4895, -0.51101, 0.50319, 0.49604] angvel=[0.01843, 0.0244, 0.05452] linvel=[0.01085, -0.00369, -0.00182] z=0.1076
[lowlevel-sim][GT] t=37.601 quat=[0.48958, -0.51096, 0.50317, 0.49604] angvel=[0.0181, -0.00073, 0.00901] linvel=[0.01369, -0.00097, -0.00269] z=0.1076
[lowlevel-sim][GT] t=37.651 quat=[0.48937, -0.51087, 0.50329, 0.49621] angvel=[0.00554, -0.03302, -0.00277] linvel=[0.01225, -0.00146, 0.00056] z=0.1076
[lowlevel-sim][GT] t=37.701 quat=[0.48923, -0.51088, 0.50334, 0.4963] angvel=[-0.02331, -0.00512, -0.02702] linvel=[0.0055, -0.00411, 0.00421] z=0.1077
[lowlevel-sim][GT] t=37.751 quat=[0.48915, -0.51098, 0.50318, 0.49642] angvel=[-0.04074, -0.031, -0.01281] linvel=[0.00593, -0.00348, 0.0037] z=0.1076
[lowlevel-sim] FAIL-CLOSED engaged at t=37.793s, last command age 86.62 ms (deadline <= 100 ms) PASS
[lowlevel-sim] COMMANDED at t=37.796s (was fail-closed)
[lowlevel-sim][GT] t=37.801 quat=[0.4889, -0.51121, 0.5036, 0.49601] angvel=[-0.00888, -0.01023, -0.01253] linvel=[0.01514, -0.00559, -0.01451] z=0.1075
[lowlevel-sim][GT] t=37.851 quat=[0.48898, -0.51119, 0.50367, 0.49588] angvel=[0.02054, -0.06277, -0.01468] linvel=[0.011, 0.00117, -0.00362] z=0.1075
[lowlevel-sim][GT] t=37.901 quat=[0.48885, -0.51116, 0.50363, 0.49609] angvel=[0.01199, 0.00904, -0.01821] linvel=[0.00777, -0.00533, -0.00154] z=0.1075
[lowlevel-sim][GT] t=37.951 quat=[0.48891, -0.51093, 0.50359, 0.49629] angvel=[0.0188, 0.00656, 0.00523] linvel=[0.00784, -0.00238, 0.00045] z=0.1076
[lowlevel-sim] t=  38.00 mode=cmd        pd=23030 hold=8595 failclosed=51 rtf=0.213 base_z=+0.108 pitch=+1.542 roll=+3.138 |tau|max=  9.49 sat=0/29 knee_L=+0.282 hip_p_L=-0.110 torn=9296 cmd_age=31.3ms auth=137.0s rig_ign=585 fix_base=0
[lowlevel-sim][GT] t=38.001 quat=[0.48907, -0.51085, 0.50356, 0.49625] angvel=[-0.01233, -0.02419, -0.01302] linvel=[0.00128, -0.00553, 0.00219] z=0.1077
[lowlevel-sim][GT] t=38.051 quat=[0.48912, -0.51078, 0.50357, 0.49627] angvel=[0.00722, -0.02858, -0.01504] linvel=[0.00109, -4e-05, 0.00331] z=0.1076
[lowlevel-sim][GT] t=38.101 quat=[0.48932, -0.51076, 0.50346, 0.4962] angvel=[-0.03202, -0.01599, 0.02095] linvel=[0.00837, -0.00515, 0.00425] z=0.1077
[lowlevel-sim][GT] t=38.151 quat=[0.4895, -0.51065, 0.50349, 0.49611] angvel=[0.02728, -0.01699, -0.01759] linvel=[0.00851, 0.00174, 0.00069] z=0.1077
[lowlevel-sim] FAIL-CLOSED engaged at t=38.159s, last command age 86.89 ms (deadline <= 100 ms) PASS
[lowlevel-sim] COMMANDED at t=38.160s (was fail-closed)
[lowlevel-sim][GT] t=38.201 quat=[0.48948, -0.51056, 0.50367, 0.49604] angvel=[0.01346, 0.07397, -0.01961] linvel=[0.00449, 0.00105, 0.0017] z=0.1077
[lowlevel-sim][GT] t=38.251 quat=[0.48947, -0.51052, 0.50361, 0.49615] angvel=[0.02961, -0.03055, 0.03523] linvel=[0.00118, -0.00386, -0.00131] z=0.1078
[lowlevel-sim][GT] t=38.301 quat=[0.4896, -0.51037, 0.50374, 0.49605] angvel=[0.06731, 0.01851, 0.01985] linvel=[0.01064, 0.00155, -0.00424] z=0.1077
[lowlevel-sim][GT] t=38.351 quat=[0.48967, -0.51028, 0.50382, 0.49599] angvel=[0.02031, 0.00342, -0.00956] linvel=[0.00923, -0.0048, -0.00235] z=0.1077
[lowlevel-sim][GT] t=38.401 quat=[0.48976, -0.51024, 0.50389, 0.49586] angvel=[0.06085, -0.03302, -0.0053] linvel=[0.01044, 0.00057, -0.0024] z=0.1077
[lowlevel-sim][GT] t=38.451 quat=[0.48964, -0.51023, 0.50405, 0.49584] angvel=[-0.01641, -0.0409, -0.04172] linvel=[0.003, -0.00687, 0.00166] z=0.1077
[lowlevel-sim] t=  38.50 mode=cmd        pd=23281 hold=8595 failclosed=52 rtf=0.213 base_z=+0.108 pitch=+1.542 roll=+3.138 |tau|max= 35.00 sat=2/29 knee_L=+0.282 hip_p_L=-0.110 torn=9332 cmd_age=26.0ms auth=139.0s rig_ign=585 fix_base=0 sat_j=left_ankle_roll_joint:+35.0,right_ankle_roll_joint:-35.0
[lowlevel-sim][GT] t=38.501 quat=[0.4897, -0.51019, 0.50414, 0.49573] angvel=[0.00708, 0.05142, 0.00391] linvel=[0.00589, -0.00359, -9e-05] z=0.1077
[lowlevel-sim][GT] t=38.551 quat=[0.48986, -0.5101, 0.50429, 0.49551] angvel=[0.00593, -0.03994, 0.03019] linvel=[0.00871, -0.00452, -0.00146] z=0.1077
[lowlevel-sim][GT] t=38.601 quat=[0.49002, -0.50995, 0.50416, 0.49564] angvel=[0.04883, -0.02116, 0.01558] linvel=[0.00755, 0.00066, -0.00584] z=0.1077
[lowlevel-sim][GT] t=38.651 quat=[0.48986, -0.51008, 0.50418, 0.49565] angvel=[-0.00668, 0.0141, -0.00519] linvel=[0.00655, -0.00332, 0.00106] z=0.1077
[lowlevel-sim][GT] t=38.701 quat=[0.48983, -0.51019, 0.50416, 0.49559] angvel=[-0.00173, -0.00465, 0.02071] linvel=[0.01067, -0.00345, 0.0001] z=0.1076
[lowlevel-sim][GT] t=38.751 quat=[0.48959, -0.51016, 0.50423, 0.49576] angvel=[-0.01306, 0.00679, 0.03178] linvel=[0.01151, 0.00026, 0.00373] z=0.1077
[lowlevel-sim][GT] t=38.801 quat=[0.48962, -0.51, 0.50412, 0.49602] angvel=[0.00379, 0.01739, 0.00151] linvel=[0.00166, 0.00063, 0.00803] z=0.1077
[lowlevel-sim][GT] t=38.851 quat=[0.48953, -0.51001, 0.50428, 0.49593] angvel=[0.00759, -0.00741, 0.03703] linvel=[0.01176, -0.00566, 0.00027] z=0.1077
[lowlevel-sim][GT] t=38.901 quat=[0.48948, -0.50997, 0.5043, 0.49601] angvel=[0.04931, -0.03743, -0.01912] linvel=[0.0085, 0.00086, -0.00583] z=0.1077
[lowlevel-sim] FAIL-CLOSED engaged at t=38.941s, last command age 86.37 ms (deadline <= 100 ms) PASS
[lowlevel-sim] COMMANDED at t=38.948s (was fail-closed)
[lowlevel-sim][GT] t=38.951 quat=[0.48865, -0.51047, 0.50489, 0.4957] angvel=[-0.07207, -0.03549, -0.01863] linvel=[-0.00749, 0.00357, -0.0234] z=0.1075
[lowlevel-sim] t=  39.00 mode=cmd        pd=23535 hold=8595 failclosed=59 rtf=0.213 base_z=+0.107 pitch=+1.540 roll=+3.085 |tau|max= 35.00 sat=2/29 knee_L=+0.282 hip_p_L=-0.112 torn=9360 cmd_age=38.0ms auth=141.1s rig_ign=585 fix_base=0 sat_j=left_ankle_roll_joint:+35.0,right_ankle_roll_joint:-35.0
[lowlevel-sim][GT] t=39.001 quat=[0.48878, -0.51029, 0.50489, 0.49577] angvel=[0.03113, 0.00326, -0.0071] linvel=[-0.01254, -0.00134, -0.00426] z=0.1075
[lowlevel-sim][GT] t=39.051 quat=[0.48904, -0.51027, 0.50485, 0.49557] angvel=[-0.00622, -0.06797, 0.00601] linvel=[-0.01134, -0.00168, 0.00164] z=0.1074
[lowlevel-sim][GT] t=39.101 quat=[0.48929, -0.51005, 0.50485, 0.49556] angvel=[-0.04032, -0.02837, 0.00752] linvel=[-0.01088, -0.00525, 0.00385] z=0.1075
[lowlevel-sim][GT] t=39.151 quat=[0.48959, -0.51003, 0.50477, 0.49536] angvel=[0.02041, -0.03425, -0.02909] linvel=[-0.01209, -0.00561, 0.00179] z=0.1075
[lowlevel-sim][GT] t=39.201 quat=[0.48986, -0.51, 0.50452, 0.49537] angvel=[0.02986, 0.02779, -0.00847] linvel=[-0.01368, -0.00249, 0.00285] z=0.1076
[lowlevel-sim] FAIL-CLOSED engaged at t=39.220s, last command age 102.61 ms (deadline <= 100 ms) FAIL
[lowlevel-sim] COMMANDED at t=39.222s (was fail-closed)
[lowlevel-sim][GT] t=39.251 quat=[0.48991, -0.5102, 0.50453, 0.4951] angvel=[0.00025, 0.02914, 0.01485] linvel=[-0.01277, -0.0032, 0.00728] z=0.1075
[lowlevel-sim][GT] t=39.301 quat=[0.48994, -0.51016, 0.50439, 0.49526] angvel=[0.00606, 0.02784, -0.0084] linvel=[-0.00906, -0.00682, -0.00053] z=0.1076
[lowlevel-sim][GT] t=39.351 quat=[0.49, -0.51019, 0.50417, 0.4954] angvel=[0.08348, -0.05559, 0.00765] linvel=[-0.00493, 0.0016, -0.00589] z=0.1077
[lowlevel-sim][GT] t=39.401 quat=[0.49009, -0.51006, 0.5042, 0.49541] angvel=[0.00384, -0.07341, -0.04784] linvel=[-0.01069, -0.0069, 0.00094] z=0.1078
[lowlevel-sim][GT] t=39.451 quat=[0.49041, -0.51004, 0.50407, 0.49526] angvel=[0.05722, -0.04363, 0.01127] linvel=[-0.00524, 0.00023, -0.00352] z=0.1078
[lowlevel-sim] t=  39.50 mode=cmd        pd=23785 hold=8595 failclosed=60 rtf=0.213 base_z=+0.108 pitch=+1.542 roll=-3.093 |tau|max=  8.55 sat=0/29 knee_L=+0.281 hip_p_L=-0.108 torn=9390 cmd_age=26.6ms auth=143.3s rig_ign=585 fix_base=0
[lowlevel-sim][GT] t=39.501 quat=[0.49054, -0.51013, 0.50403, 0.49507] angvel=[-0.03269, -0.03236, 0.02615] linvel=[-0.004, -0.00524, -0.00048] z=0.1078
[lowlevel-sim][GT] t=39.551 quat=[0.49045, -0.51011, 0.50402, 0.49519] angvel=[0.07091, 0.01113, 0.00971] linvel=[-0.00376, 0.00311, -0.00545] z=0.1077
[lowlevel-sim][GT] t=39.601 quat=[0.49029, -0.5101, 0.50406, 0.49531] angvel=[-0.01561, -0.01972, -0.01082] linvel=[-0.00383, 0.00088, 0.0031] z=0.1078
[lowlevel-sim][GT] t=39.651 quat=[0.49046, -0.51007, 0.50387, 0.49537] angvel=[-0.04456, -0.0376, 0.00755] linvel=[0.00947, -0.00271, 0.00452] z=0.1078
[lowlevel-sim][GT] t=39.701 quat=[0.49021, -0.51026, 0.50379, 0.4955] angvel=[-0.02691, -0.02719, -0.00576] linvel=[0.01035, -0.00241, 0.00462] z=0.1078
[lowlevel-sim][GT] t=39.751 quat=[0.49023, -0.51009, 0.50377, 0.49569] angvel=[0.06475, 0.04264, 0.00572] linvel=[0.00513, 0.00062, -0.00528] z=0.1079
[lowlevel-sim][GT] t=39.801 quat=[0.4901, -0.51021, 0.50375, 0.49571] angvel=[-0.00019, 0.02905, -0.00245] linvel=[0.01589, -0.007, -0.00059] z=0.1079
[lowlevel-sim][GT] t=39.851 quat=[0.48991, -0.51013, 0.50376, 0.49597] angvel=[-0.00988, -0.05878, -0.00942] linvel=[0.00677, -0.00439, 0.00087] z=0.1079
[lowlevel-sim] FAIL-CLOSED engaged at t=39.900s, last command age 90.70 ms (deadline <= 100 ms) PASS
[lowlevel-sim][GT] t=39.901 quat=[0.48994, -0.51015, 0.50381, 0.49586] angvel=[-0.04171, -0.03475, -0.00235] linvel=[0.00958, -0.00217, -0.00957] z=0.1079
[lowlevel-sim] COMMANDED at t=39.908s (was fail-closed)
[lowlevel-sim][GT] t=39.951 quat=[0.48924, -0.51092, 0.50482, 0.49473] angvel=[0.02558, 0.00672, -0.04414] linvel=[0.0117, -0.00245, -0.00311] z=0.1073
[lowlevel-sim] t=  40.00 mode=cmd        pd=24038 hold=8595 failclosed=67 rtf=0.214 base_z=+0.107 pitch=+1.540 roll=-3.128 |tau|max= 35.00 sat=2/29 knee_L=+0.280 hip_p_L=-0.111 torn=9419 cmd_age=22.4ms auth=145.6s rig_ign=585 fix_base=0 sat_j=left_ankle_roll_joint:+35.0,right_ankle_roll_joint:-35.0
[lowlevel-sim][GT] t=40.001 quat=[0.48952, -0.51063, 0.50461, 0.49496] angvel=[0.03822, -0.01746, 0.00661] linvel=[0.0097, -0.00143, -0.00244] z=0.1074
[lowlevel-sim][GT] t=40.051 quat=[0.48956, -0.51036, 0.50454, 0.49528] angvel=[0.0327, -0.00349, -0.01577] linvel=[0.00574, -0.00312, -0.0005] z=0.1075
[lowlevel-sim][GT] t=40.101 quat=[0.48971, -0.51015, 0.50449, 0.4954] angvel=[0.04997, 0.00608, -0.02069] linvel=[0.00696, 0.00024, -0.00563] z=0.1075
[lowlevel-sim][GT] t=40.151 quat=[0.48984, -0.51026, 0.50436, 0.49529] angvel=[0.02627, -0.05692, 0.00074] linvel=[0.0089, -0.00578, -0.00782] z=0.1076
[lowlevel-sim][GT] t=40.201 quat=[0.48965, -0.51014, 0.5045, 0.49546] angvel=[0.02593, -0.04112, -0.03014] linvel=[0.00719, 0.00049, -0.00221] z=0.1076
[lowlevel-sim][GT] t=40.251 quat=[0.48986, -0.51007, 0.50461, 0.49522] angvel=[-0.00663, -0.04078, -0.03309] linvel=[0.00359, -0.00728, -0.00324] z=0.1075
[lowlevel-sim][GT] t=40.301 quat=[0.48991, -0.50999, 0.50467, 0.49518] angvel=[-0.00216, -0.02692, -0.03451] linvel=[0.00733, -0.00376, -0.00037] z=0.1075
[lowlevel-sim][GT] t=40.351 quat=[0.49003, -0.50989, 0.5048, 0.49504] angvel=[0.0169, 0.03596, 0.00744] linvel=[0.01255, -0.00662, -0.00228] z=0.1075
[lowlevel-sim][GT] t=40.401 quat=[0.49019, -0.50964, 0.50485, 0.49509] angvel=[-0.05788, 0.04229, 0.02082] linvel=[0.01279, -0.00151, 0.0086] z=0.1076
[lowlevel-sim][GT] t=40.451 quat=[0.49022, -0.50959, 0.50498, 0.49498] angvel=[-0.04942, -0.00851, 0.00518] linvel=[0.00903, -0.00154, 0.00842] z=0.1076
[lowlevel-sim] t=  40.50 mode=cmd        pd=24288 hold=8595 failclosed=67 rtf=0.214 base_z=+0.108 pitch=+1.542 roll=+3.132 |tau|max= 35.00 sat=2/29 knee_L=+0.280 hip_p_L=-0.110 torn=9439 cmd_age=29.9ms auth=147.8s rig_ign=585 fix_base=0 sat_j=left_ankle_roll_joint:+35.0,right_ankle_roll_joint:-35.0
[lowlevel-sim][GT] t=40.501 quat=[0.49031, -0.50951, 0.50491, 0.49504] angvel=[-0.02706, 0.02515, 0.01895] linvel=[0.00793, -0.00498, 0.00238] z=0.1076
[lowlevel-sim][GT] t=40.551 quat=[0.49025, -0.50952, 0.50491, 0.49509] angvel=[-0.01633, 0.01992, 0.05549] linvel=[0.01282, -0.00716, 0.0016] z=0.1076
[lowlevel-sim][GT] t=40.601 quat=[0.49032, -0.50947, 0.50469, 0.49529] angvel=[0.04768, -0.06032, -0.00153] linvel=[0.01058, -0.00068, -0.00189] z=0.1077
[lowlevel-sim][GT] t=40.651 quat=[0.49015, -0.50951, 0.50469, 0.49542] angvel=[-0.0329, 0.01707, 0.01732] linvel=[0.00281, -0.00468, 0.00502] z=0.1077
[lowlevel-sim][GT] t=40.701 quat=[0.49029, -0.5094, 0.50451, 0.49558] angvel=[0.00882, 0.00148, -0.00354] linvel=[0.00404, -0.00243, -0.00033] z=0.1077
[lowlevel-sim][GT] t=40.751 quat=[0.49005, -0.5094, 0.50464, 0.49568] angvel=[0.00295, 0.02257, 0.01013] linvel=[0.00093, -0.00605, -0.00096] z=0.1077
[lowlevel-sim][GT] t=40.801 quat=[0.49001, -0.5095, 0.50451, 0.49575] angvel=[0.00039, -0.03466, 0.00876] linvel=[0.00624, -0.00487, 0.00031] z=0.1077
[lowlevel-sim][GT] t=40.851 quat=[0.48972, -0.50951, 0.5046, 0.49593] angvel=[0.00339, 0.03033, 0.03952] linvel=[-0.00686, -0.00463, 0.00281] z=0.1077
[lowlevel-sim][GT] t=40.901 quat=[0.48985, -0.50953, 0.50444, 0.49594] angvel=[0.06571, -0.07456, -0.01946] linvel=[-0.01368, -0.00129, -0.00878] z=0.1077
[lowlevel-sim][GT] t=40.951 quat=[0.48993, -0.50968, 0.50442, 0.49573] angvel=[-0.027, 0.01398, 0.04067] linvel=[-0.00593, -0.00476, 0.00658] z=0.1078
[lowlevel-sim] t=  41.00 mode=cmd        pd=24538 hold=8595 failclosed=67 rtf=0.214 base_z=+0.108 pitch=+1.542 roll=+3.137 |tau|max= 35.00 sat=2/29 knee_L=+0.281 hip_p_L=-0.109 torn=9454 cmd_age=20.3ms auth=149.8s rig_ign=585 fix_base=0 sat_j=left_ankle_roll_joint:+35.0,right_ankle_roll_joint:-35.0
[lowlevel-sim][GT] t=41.001 quat=[0.49006, -0.50984, 0.50435, 0.49552] angvel=[0.07281, -0.08896, -0.00521] linvel=[-0.00834, 0.00159, -0.00787] z=0.1077
[lowlevel-sim][GT] t=41.051 quat=[0.49017, -0.5099, 0.50442, 0.49527] angvel=[-0.0177, -0.00235, -0.01208] linvel=[-0.00635, -0.00419, 0.00164] z=0.1077
[lowlevel-sim][GT] t=41.101 quat=[0.4904, -0.50989, 0.50419, 0.49529] angvel=[0.06145, -0.06606, 0.0201] linvel=[-0.00653, 0.00056, -0.00219] z=0.1078
[lowlevel-sim][GT] t=41.151 quat=[0.49032, -0.51003, 0.50406, 0.49536] angvel=[-0.0387, -0.04525, -0.04534] linvel=[-0.00968, -0.00429, 0.00623] z=0.1078
[lowlevel-sim][GT] t=41.201 quat=[0.49041, -0.51001, 0.50391, 0.49545] angvel=[-0.02356, 0.03162, -0.01346] linvel=[0.00381, -0.00304, 0.00173] z=0.1079
[lowlevel-sim][GT] t=41.251 quat=[0.49032, -0.51007, 0.50384, 0.49555] angvel=[0.01132, 0.00674, -0.05426] linvel=[-0.00057, -0.0026, -0.00042] z=0.1079
[lowlevel-sim][GT] t=41.301 quat=[0.49035, -0.50993, 0.50388, 0.49561] angvel=[-0.00382, 0.11672, 0.02074] linvel=[-0.00171, -0.00625, -0.00171] z=0.1079
[lowlevel-sim][GT] t=41.351 quat=[0.49014, -0.50997, 0.50396, 0.4957] angvel=[-0.00295, 0.04641, 0.01107] linvel=[0.00827, -0.00716, 0.00241] z=0.1079
[lowlevel-sim][GT] t=41.401 quat=[0.49038, -0.50977, 0.50396, 0.49567] angvel=[-0.02579, 0.0486, 0.03336] linvel=[0.0028, -0.00217, 0.0011] z=0.1079
[lowlevel-sim][GT] t=41.451 quat=[0.49012, -0.5098, 0.50409, 0.49577] angvel=[-0.0202, -0.02085, -0.02065] linvel=[-0.00958, -0.00753, 0.00263] z=0.1079
[lowlevel-sim] t=  41.50 mode=cmd        pd=24788 hold=8595 failclosed=67 rtf=0.214 base_z=+0.108 pitch=+1.543 roll=+3.128 |tau|max= 35.00 sat=2/29 knee_L=+0.283 hip_p_L=-0.110 torn=9473 cmd_age=51.1ms auth=151.9s rig_ign=585 fix_base=0 sat_j=left_ankle_roll_joint:+35.0,right_ankle_roll_joint:-35.0
[lowlevel-sim][GT] t=41.501 quat=[0.49003, -0.50975, 0.50396, 0.49604] angvel=[-0.04662, 0.02451, 0.02526] linvel=[-0.00764, -0.0033, 0.00575] z=0.1080
[lowlevel-sim][GT] t=41.551 quat=[0.49008, -0.50996, 0.50388, 0.49586] angvel=[-0.04587, -0.00954, 0.00636] linvel=[-0.00459, -0.00392, 0.00583] z=0.1080
[lowlevel-sim][GT] t=41.601 quat=[0.49021, -0.50997, 0.50369, 0.4959] angvel=[-0.01693, 0.01471, -0.00998] linvel=[0.00193, -0.00354, -0.00053] z=0.1080
[lowlevel-sim][GT] t=41.651 quat=[0.49006, -0.5102, 0.50363, 0.49589] angvel=[0.01958, -0.00224, 0.03387] linvel=[-0.00488, -0.00343, 1e-05] z=0.1080
[lowlevel-sim][GT] t=41.701 quat=[0.4901, -0.51003, 0.50376, 0.49588] angvel=[-0.00277, 0.0012, -0.00403] linvel=[-0.00114, -0.00151, 0.00122] z=0.1080
[lowlevel-sim] FAIL-CLOSED engaged at t=41.717s, last command age 85.96 ms (deadline <= 100 ms) PASS
[lowlevel-sim] COMMANDED at t=41.724s (was fail-closed)
[lowlevel-sim][GT] t=41.751 quat=[0.48928, -0.5107, 0.50458, 0.49517] angvel=[0.01018, 0.0024, -0.0438] linvel=[-0.00253, -0.00714, -0.00195] z=0.1076
[lowlevel-sim][GT] t=41.801 quat=[0.4897, -0.51025, 0.50442, 0.49538] angvel=[0.08509, 0.00694, 0.00656] linvel=[-0.00693, 0.00311, -0.00374] z=0.1077
[lowlevel-sim][GT] t=41.851 quat=[0.48995, -0.51026, 0.50416, 0.49538] angvel=[0.01231, 0.01357, 0.01131] linvel=[-0.01178, -0.00618, -0.00033] z=0.1078
[lowlevel-sim][GT] t=41.901 quat=[0.4903, -0.51021, 0.50396, 0.49529] angvel=[0.01958, -0.12469, 0.00456] linvel=[-0.00769, -0.00235, -0.0033] z=0.1078
[lowlevel-sim][GT] t=41.951 quat=[0.49034, -0.51011, 0.50412, 0.49519] angvel=[-0.02562, 0.04549, -0.00074] linvel=[-0.01011, -0.00486, 0.00432] z=0.1078
[lowlevel-sim] t=  42.00 mode=cmd        pd=25041 hold=8595 failclosed=73 rtf=0.214 base_z=+0.108 pitch=+1.543 roll=-3.107 |tau|max= 35.00 sat=2/29 knee_L=+0.281 hip_p_L=-0.109 torn=9499 cmd_age=25.0ms auth=154.2s rig_ign=585 fix_base=0 sat_j=left_ankle_roll_joint:+35.0,right_ankle_roll_joint:-35.0
[lowlevel-sim][GT] t=42.001 quat=[0.49052, -0.50995, 0.50392, 0.49539] angvel=[-0.01209, 0.03552, -0.00286] linvel=[-0.00723, -0.00332, 0.00429] z=0.1079
[lowlevel-sim][GT] t=42.051 quat=[0.4904, -0.51006, 0.50396, 0.49535] angvel=[0.0021, -0.01007, 0.00124] linvel=[-0.00735, -0.00412, 0.00079] z=0.1079
[lowlevel-sim][GT] t=42.101 quat=[0.49044, -0.51002, 0.504, 0.49531] angvel=[0.00899, -0.03818, -0.00862] linvel=[-0.00263, -0.00152, -0.00164] z=0.1078
[lowlevel-sim][GT] t=42.151 quat=[0.49024, -0.51002, 0.50411, 0.49539] angvel=[-0.01544, -0.01442, -0.02579] linvel=[-0.01381, -0.00934, -0.00046] z=0.1078
[lowlevel-sim][GT] t=42.201 quat=[0.49057, -0.50987, 0.50405, 0.49528] angvel=[0.08076, 0.0281, -0.03988] linvel=[-0.00131, 0.00054, -0.00412] z=0.1078
[lowlevel-sim][GT] t=42.251 quat=[0.49058, -0.50983, 0.50415, 0.49522] angvel=[0.00247, -9e-05, 0.00749] linvel=[0.00395, -0.00701, 0.00221] z=0.1079
[lowlevel-sim][GT] t=42.301 quat=[0.49045, -0.5097, 0.50409, 0.49554] angvel=[5e-05, 0.0547, 0.04284] linvel=[-0.00417, -0.00287, 0.00153] z=0.1079
[lowlevel-sim][GT] t=42.351 quat=[0.49026, -0.50975, 0.50395, 0.49582] angvel=[0.02522, -0.01857, -0.02491] linvel=[-0.00974, -0.00547, -0.00364] z=0.1079
[lowlevel-sim][GT] t=42.401 quat=[0.49022, -0.50973, 0.50392, 0.49591] angvel=[-5e-05, -0.04557, -0.01856] linvel=[-0.00679, -0.00171, 0.00358] z=0.1080
[lowlevel-sim][GT] t=42.451 quat=[0.49023, -0.50961, 0.5041, 0.49583] angvel=[-0.04457, -0.03064, -0.02838] linvel=[-0.01435, -0.00478, 0.00459] z=0.1080
[lowlevel-sim] t=  42.50 mode=cmd        pd=25291 hold=8595 failclosed=73 rtf=0.215 base_z=+0.108 pitch=+1.543 roll=-3.135 |tau|max= 35.00 sat=2/29 knee_L=+0.282 hip_p_L=-0.109 torn=9521 cmd_age=44.1ms auth=156.3s rig_ign=585 fix_base=0 sat_j=left_ankle_roll_joint:+35.0,right_ankle_roll_joint:-35.0
[lowlevel-sim][GT] t=42.501 quat=[0.49037, -0.50969, 0.50388, 0.49584] angvel=[0.03532, 0.00114, 0.01381] linvel=[-0.00825, -0.00012, -0.00116] z=0.1080
[lowlevel-sim][GT] t=42.551 quat=[0.49046, -0.50966, 0.50398, 0.49569] angvel=[-0.01809, 0.04562, 0.01822] linvel=[-0.00621, -0.00701, -0.00305] z=0.1080
[lowlevel-sim][GT] t=42.601 quat=[0.49055, -0.50955, 0.50395, 0.49574] angvel=[0.00174, 0.02256, 0.01223] linvel=[-0.00879, -0.00447, -0.00089] z=0.1080
[lowlevel-sim][GT] t=42.651 quat=[0.49038, -0.50977, 0.50408, 0.49555] angvel=[-0.04581, 0.01633, 0.01137] linvel=[-0.01004, -0.00514, 0.00553] z=0.1079
[lowlevel-sim][GT] t=42.701 quat=[0.49051, -0.50989, 0.5039, 0.49547] angvel=[0.01225, 0.06424, 0.00637] linvel=[-0.00387, -0.00133, 0.00274] z=0.1079
[lowlevel-sim][GT] t=42.751 quat=[0.49039, -0.50999, 0.50391, 0.49548] angvel=[-0.03626, -0.03094, -0.06851] linvel=[-0.01297, -0.0036, 0.00594] z=0.1079
[lowlevel-sim][GT] t=42.801 quat=[0.49047, -0.50997, 0.50393, 0.4954] angvel=[0.01998, -0.00449, -0.00702] linvel=[-0.00543, 0.00124, -0.00069] z=0.1078
[lowlevel-sim][GT] t=42.851 quat=[0.4903, -0.50995, 0.5041, 0.49541] angvel=[-0.01955, -0.0112, 0.06559] linvel=[-0.00167, -0.00373, 0.00242] z=0.1078
[lowlevel-sim][GT] t=42.901 quat=[0.49041, -0.51013, 0.50384, 0.49539] angvel=[-0.03248, 0.06608, 0.03756] linvel=[-0.00281, -0.00212, 0.00817] z=0.1078
[lowlevel-sim][GT] t=42.951 quat=[0.4904, -0.51014, 0.50386, 0.49537] angvel=[-0.00356, 0.02102, 0.05583] linvel=[-0.00258, -0.00375, 0.005] z=0.1079
[lowlevel-sim] t=  43.00 mode=cmd        pd=25541 hold=8595 failclosed=73 rtf=0.215 base_z=+0.108 pitch=+1.543 roll=-3.116 |tau|max= 35.00 sat=2/29 knee_L=+0.281 hip_p_L=-0.109 torn=9539 cmd_age=48.3ms auth=158.4s rig_ign=585 fix_base=0 sat_j=left_ankle_roll_joint:+35.0,right_ankle_roll_joint:-35.0
[lowlevel-sim][GT] t=43.001 quat=[0.49029, -0.51001, 0.50382, 0.49566] angvel=[0.00755, 0.01876, 0.00309] linvel=[-0.00867, -0.0008, -0.00079] z=0.1079
[lowlevel-sim][GT] t=43.051 quat=[0.49012, -0.51009, 0.50375, 0.49581] angvel=[-0.01518, -0.01388, -0.06268] linvel=[-0.01779, -0.00419, 0.00298] z=0.1079
[lowlevel-sim][GT] t=43.101 quat=[0.49039, -0.51003, 0.50368, 0.49568] angvel=[0.02646, -0.03683, -0.04241] linvel=[-0.00879, -0.0005, -0.00273] z=0.1079
[lowlevel-sim][GT] t=43.151 quat=[0.49014, -0.5102, 0.50376, 0.49566] angvel=[0.00381, 0.02774, 0.03785] linvel=[-0.01267, -0.00414, -0.00056] z=0.1078
[lowlevel-sim][GT] t=43.201 quat=[0.4901, -0.51026, 0.50369, 0.49571] angvel=[0.04649, 0.00723, -0.00853] linvel=[-0.01058, 0.00077, -0.00541] z=0.1078
[lowlevel-sim][GT] t=43.251 quat=[0.49016, -0.5104, 0.50371, 0.49549] angvel=[0.00039, -0.00971, -0.01274] linvel=[0.0005, -0.00682, 0.00195] z=0.1078
[lowlevel-sim] FAIL-CLOSED engaged at t=43.272s, last command age 85.12 ms (deadline <= 100 ms) PASS
[lowlevel-sim] COMMANDED at t=43.274s (was fail-closed)
[lowlevel-sim][GT] t=43.301 quat=[0.4901, -0.5106, 0.50365, 0.49541] angvel=[0.03085, -0.02694, -0.04379] linvel=[-0.01018, -0.00559, -0.005] z=0.1077
[lowlevel-sim][GT] t=43.351 quat=[0.49026, -0.51063, 0.50356, 0.4953] angvel=[0.00254, 0.00049, -0.01947] linvel=[-3e-05, -0.00264, -0.0021] z=0.1077
[lowlevel-sim][GT] t=43.401 quat=[0.49004, -0.51077, 0.50366, 0.49528] angvel=[-0.0197, -0.05769, -0.05853] linvel=[-0.00486, -0.0071, 0.00273] z=0.1077
[lowlevel-sim][GT] t=43.451 quat=[0.48985, -0.51092, 0.50355, 0.49542] angvel=[-0.08006, 0.02975, 0.01648] linvel=[-0.00103, -0.00577, 0.0055] z=0.1076
[lowlevel-sim] t=  43.50 mode=cmd        pd=25791 hold=8595 failclosed=74 rtf=0.215 base_z=+0.108 pitch=+1.542 roll=-3.099 |tau|max=  8.62 sat=0/29 knee_L=+0.281 hip_p_L=-0.109 torn=9579 cmd_age=59.4ms auth=160.5s rig_ign=585 fix_base=0
[lowlevel-sim][GT] t=43.501 quat=[0.4897, -0.51088, 0.50347, 0.4957] angvel=[0.00716, 0.01608, 0.00154] linvel=[-0.00426, -0.00221, 0.00037] z=0.1077
[lowlevel-sim][GT] t=43.551 quat=[0.48991, -0.51091, 0.50331, 0.49562] angvel=[0.06686, 0.05515, -0.00412] linvel=[-0.00136, -0.00137, -0.00911] z=0.1077
[lowlevel-sim][GT] t=43.601 quat=[0.48997, -0.51096, 0.50328, 0.49554] angvel=[0.00262, 0.02214, -0.01441] linvel=[0.01056, -0.00344, 0.00115] z=0.1077
[lowlevel-sim][GT] t=43.651 quat=[0.49008, -0.51088, 0.50318, 0.49561] angvel=[0.10581, -0.02787, -0.02156] linvel=[0.01014, 0.00336, -0.0055] z=0.1077
[lowlevel-sim][GT] t=43.701 quat=[0.49007, -0.51077, 0.50334, 0.49557] angvel=[0.03093, 0.02243, 0.03163] linvel=[0.01753, -0.00413, -2e-05] z=0.1078
[lowlevel-sim][GT] t=43.751 quat=[0.49002, -0.5106, 0.50333, 0.4958] angvel=[-0.04732, 0.17467, 0.04456] linvel=[0.01516, -0.00258, 0.00937] z=0.1078
[lowlevel-sim][GT] t=43.801 quat=[0.4899, -0.51055, 0.50346, 0.49584] angvel=[-0.04534, 0.02844, 0.01201] linvel=[0.01725, -0.00748, 0.00602] z=0.1079
[lowlevel-sim][GT] t=43.851 quat=[0.4901, -0.5103, 0.50356, 0.4958] angvel=[-0.07074, -0.0231, 0.01667] linvel=[0.01373, -0.00545, 0.00755] z=0.1079
[lowlevel-sim][GT] t=43.901 quat=[0.49023, -0.51017, 0.50365, 0.49572] angvel=[-0.02913, -0.01541, -0.00248] linvel=[0.01704, -0.00164, 0.00296] z=0.1079
[lowlevel-sim][GT] t=43.951 quat=[0.49031, -0.51007, 0.50382, 0.49557] angvel=[-0.03261, -0.02893, -0.0165] linvel=[0.01049, -0.00129, 0.00267] z=0.1079
[lowlevel-sim] t=  44.00 mode=cmd        pd=26041 hold=8595 failclosed=74 rtf=0.215 base_z=+0.108 pitch=+1.542 roll=-3.114 |tau|max= 10.03 sat=0/29 knee_L=+0.282 hip_p_L=-0.110 torn=9616 cmd_age=34.2ms auth=162.7s rig_ign=585 fix_base=0
[lowlevel-sim][GT] t=44.001 quat=[0.49026, -0.51009, 0.50404, 0.49537] angvel=[0.00245, 0.00757, 0.04011] linvel=[0.01756, -0.00315, 0.00368] z=0.1079
[lowlevel-sim][GT] t=44.051 quat=[0.49022, -0.51002, 0.50409, 0.49543] angvel=[-0.07047, -0.05885, -0.03353] linvel=[0.01484, -0.00347, 0.00436] z=0.1078
[lowlevel-sim][GT] t=44.101 quat=[0.49043, -0.50978, 0.50445, 0.49511] angvel=[-0.0051, 0.00291, -0.06168] linvel=[0.00535, -0.00494, 0.00214] z=0.1078
[lowlevel-sim][GT] t=44.151 quat=[0.49038, -0.50971, 0.50449, 0.49519] angvel=[0.01928, 0.0249, 0.00071] linvel=[0.00657, -0.00106, -0.00252] z=0.1078
[lowlevel-sim][GT] t=44.201 quat=[0.49035, -0.50966, 0.50454, 0.49523] angvel=[-0.02493, -0.01307, 0.03617] linvel=[0.0123, -0.00432, 0.00156] z=0.1078
[lowlevel-sim][GT] t=44.251 quat=[0.49064, -0.50945, 0.50472, 0.49497] angvel=[-0.008, 0.14303, 0.02274] linvel=[0.01407, -0.00205, 0.00376] z=0.1078
[lowlevel-sim][GT] t=44.301 quat=[0.49057, -0.50932, 0.50478, 0.49511] angvel=[0.01121, -0.00161, -0.03265] linvel=[0.00535, -0.0057, 0.0015] z=0.1079
[lowlevel-sim][GT] t=44.351 quat=[0.49067, -0.50937, 0.50465, 0.49509] angvel=[0.02552, -0.06059, -0.02624] linvel=[0.00658, -0.00241, -0.00651] z=0.1078
[lowlevel-sim][GT] t=44.401 quat=[0.49066, -0.50936, 0.50464, 0.49513] angvel=[0.02381, -0.01219, -0.01613] linvel=[0.00346, -0.00611, -0.00655] z=0.1078
[lowlevel-sim][GT] t=44.451 quat=[0.49068, -0.50931, 0.50472, 0.49507] angvel=[0.03461, -0.01662, -0.02473] linvel=[0.00414, 0.001, -0.00334] z=0.1078
[lowlevel-sim] t=  44.50 mode=cmd        pd=26291 hold=8595 failclosed=74 rtf=0.215 base_z=+0.108 pitch=+1.542 roll=+3.113 |tau|max=  9.39 sat=0/29 knee_L=+0.284 hip_p_L=-0.111 torn=9633 cmd_age=39.2ms auth=164.9s rig_ign=585 fix_base=0
[lowlevel-sim][GT] t=44.501 quat=[0.4902, -0.50935, 0.50478, 0.49543] angvel=[0.00825, -0.01372, -0.03962] linvel=[-0.00718, -0.0038, 0.00053] z=0.1079
[lowlevel-sim][GT] t=44.551 quat=[0.49016, -0.5094, 0.50458, 0.49562] angvel=[-0.03296, 0.00799, -0.02137] linvel=[-0.00486, -0.00491, 0.00373] z=0.1079
[lowlevel-sim][GT] t=44.601 quat=[0.49017, -0.50942, 0.5045, 0.49569] angvel=[-0.02764, -0.02205, 0.03856] linvel=[-0.00405, -0.0039, 0.00482] z=0.1080
[lowlevel-sim][GT] t=44.651 quat=[0.49026, -0.50936, 0.5044, 0.49576] angvel=[-0.02191, 0.02318, 0.01275] linvel=[-0.00614, -0.00388, 0.00194] z=0.1079
[lowlevel-sim] FAIL-CLOSED engaged at t=44.671s, last command age 86.41 ms (deadline <= 100 ms) PASS
[lowlevel-sim] COMMANDED at t=44.672s (was fail-closed)
[lowlevel-sim][GT] t=44.701 quat=[0.49049, -0.50941, 0.50441, 0.49547] angvel=[-0.03992, -0.0163, -0.01097] linvel=[-0.0125, -0.00196, 0.00526] z=0.1080
[lowlevel-sim][GT] t=44.751 quat=[0.49041, -0.50954, 0.50438, 0.49545] angvel=[0.01507, -0.04778, -0.06307] linvel=[-0.01316, -0.00582, -0.00212] z=0.1079
[lowlevel-sim][GT] t=44.801 quat=[0.49038, -0.50947, 0.50419, 0.49575] angvel=[-1e-05, 0.06595, 0.02703] linvel=[-0.01319, -5e-05, -0.00025] z=0.1080
[lowlevel-sim][GT] t=44.851 quat=[0.49022, -0.50967, 0.50431, 0.49557] angvel=[-0.03939, 0.02283, -0.01947] linvel=[-0.01317, -0.00494, 0.00403] z=0.1079
[lowlevel-sim][GT] t=44.901 quat=[0.49024, -0.50964, 0.50419, 0.4957] angvel=[0.02831, 0.04437, 0.02089] linvel=[-0.01147, -0.00153, 0.00177] z=0.1080
[lowlevel-sim][GT] t=44.951 quat=[0.49035, -0.50971, 0.50425, 0.49547] angvel=[-0.00559, -0.01552, -0.02344] linvel=[-0.00157, -0.00502, 0.00124] z=0.1080
[lowlevel-sim] t=  45.00 mode=cmd        pd=26542 hold=8595 failclosed=75 rtf=0.215 base_z=+0.108 pitch=+1.543 roll=-3.135 |tau|max= 35.00 sat=2/29 knee_L=+0.282 hip_p_L=-0.110 torn=9652 cmd_age=40.2ms auth=167.3s rig_ign=585 fix_base=0 sat_j=left_ankle_roll_joint:+35.0,right_ankle_roll_joint:-35.0
[lowlevel-sim][GT] t=45.001 quat=[0.49049, -0.50954, 0.50433, 0.49541] angvel=[0.03486, 0.01179, 0.00959] linvel=[-0.0075, -0.00105, 0.00268] z=0.1080
[lowlevel-sim][GT] t=45.051 quat=[0.49041, -0.50951, 0.50442, 0.49544] angvel=[-0.00527, 0.01308, -0.01501] linvel=[-0.00479, -0.00563, -0.00035] z=0.1080
[lowlevel-sim] FAIL-CLOSED engaged at t=45.089s, last command age 85.22 ms (deadline <= 100 ms) PASS
[lowlevel-sim] COMMANDED at t=45.096s (was fail-closed)
[lowlevel-sim][GT] t=45.101 quat=[0.48984, -0.51002, 0.50522, 0.49466] angvel=[-0.1976, -0.05881, -0.01309] linvel=[-0.00864, -0.00433, -0.00061] z=0.1076
[lowlevel-sim][GT] t=45.151 quat=[0.49019, -0.5099, 0.50519, 0.49447] angvel=[0.00612, -0.02817, -0.07266] linvel=[-0.01278, -0.00516, 0.00029] z=0.1076
[lowlevel-sim] FAIL-CLOSED engaged at t=45.177s, last command age 87.15 ms (deadline <= 100 ms) PASS
[lowlevel-sim] COMMANDED at t=45.182s (was fail-closed)
[lowlevel-sim][GT] t=45.201 quat=[0.48999, -0.51, 0.50559, 0.49415] angvel=[0.03432, 0.01055, -0.00985] linvel=[-0.00955, -0.00491, -0.00257] z=0.1074
[lowlevel-sim][GT] t=45.251 quat=[0.49039, -0.50972, 0.50519, 0.49446] angvel=[0.10558, 0.00784, -0.01154] linvel=[-0.01418, 0.00382, -0.00045] z=0.1076
[lowlevel-sim][GT] t=45.301 quat=[0.4906, -0.50947, 0.5051, 0.49459] angvel=[-0.00345, -0.0008, -0.00854] linvel=[-0.01299, -0.00507, 0.00259] z=0.1077
[lowlevel-sim][GT] t=45.351 quat=[0.49068, -0.50952, 0.50469, 0.49489] angvel=[-0.01661, 0.05136, 0.01923] linvel=[-0.01351, -0.00427, 0.00665] z=0.1078
[lowlevel-sim][GT] t=45.401 quat=[0.49075, -0.50939, 0.50462, 0.49502] angvel=[0.01986, 0.00282, 0.01464] linvel=[-0.01232, -0.00535, -0.00161] z=0.1078
[lowlevel-sim][GT] t=45.451 quat=[0.49081, -0.50947, 0.50451, 0.49499] angvel=[0.06485, 0.04562, 0.01443] linvel=[-0.01381, -5e-05, 0.00046] z=0.1078
[lowlevel-sim] t=  45.50 mode=cmd        pd=26798 hold=8595 failclosed=86 rtf=0.215 base_z=+0.108 pitch=+1.543 roll=-3.120 |tau|max=  9.64 sat=0/29 knee_L=+0.281 hip_p_L=-0.109 torn=9679 cmd_age=34.0ms auth=169.6s rig_ign=585 fix_base=0
[lowlevel-sim][GT] t=45.501 quat=[0.49047, -0.50977, 0.50427, 0.49526] angvel=[-0.02869, 0.0708, 0.08054] linvel=[-0.00778, -0.00668, 0.00239] z=0.1079
[lowlevel-sim][GT] t=45.551 quat=[0.49052, -0.50982, 0.50421, 0.49523] angvel=[0.02755, 0.00012, 0.00815] linvel=[-0.00954, -0.00169, 0.00132] z=0.1079
[lowlevel-sim] FAIL-CLOSED engaged at t=45.572s, last command age 88.29 ms (deadline <= 100 ms) PASS
[lowlevel-sim] COMMANDED at t=45.574s (was fail-closed)
[lowlevel-sim][GT] t=45.601 quat=[0.49051, -0.51011, 0.50428, 0.49486] angvel=[0.09921, -0.01176, 0.0095] linvel=[-0.00093, 0.00145, -0.0103] z=0.1078
[lowlevel-sim] FAIL-CLOSED engaged at t=45.649s, last command age 85.64 ms (deadline <= 100 ms) PASS
[lowlevel-sim][GT] t=45.651 quat=[0.49039, -0.51011, 0.50438, 0.49488] angvel=[-0.10239, -0.01081, -0.00357] linvel=[-0.00457, -0.00623, -0.01298] z=0.1077
[lowlevel-sim] COMMANDED at t=45.652s (was fail-closed)
[lowlevel-sim][GT] t=45.701 quat=[0.49005, -0.51026, 0.50433, 0.49511] angvel=[0.02734, 0.02357, 0.00365] linvel=[-0.01228, 0.00185, -0.00217] z=0.1077
[lowlevel-sim][GT] t=45.751 quat=[0.49, -0.51032, 0.50408, 0.49535] angvel=[-0.03621, 0.0236, 0.04727] linvel=[-0.00769, -0.00469, 0.00446] z=0.1078
[lowlevel-sim][GT] t=45.801 quat=[0.48997, -0.51037, 0.50382, 0.4956] angvel=[0.00502, 0.00511, 0.01362] linvel=[-0.0045, -0.00039, -4e-05] z=0.1078
[lowlevel-sim][GT] t=45.851 quat=[0.49012, -0.51034, 0.50377, 0.49553] angvel=[0.012, -0.00945, -0.03792] linvel=[-0.00579, -0.00672, -0.00246] z=0.1078
[lowlevel-sim][GT] t=45.901 quat=[0.49035, -0.5104, 0.50367, 0.49534] angvel=[-0.05267, 0.07733, 0.02648] linvel=[0.00111, -0.00475, 0.00494] z=0.1078
[lowlevel-sim][GT] t=45.951 quat=[0.4903, -0.51045, 0.50371, 0.4953] angvel=[-0.04196, -0.00168, 0.0193] linvel=[0.00202, -0.00538, 0.00393] z=0.1078
[lowlevel-sim] t=  46.00 mode=cmd        pd=27050 hold=8595 failclosed=90 rtf=0.216 base_z=+0.108 pitch=+1.543 roll=-3.080 |tau|max= 35.00 sat=2/29 knee_L=+0.280 hip_p_L=-0.108 torn=9710 cmd_age=36.4ms auth=171.7s rig_ign=585 fix_base=0 sat_j=left_ankle_roll_joint:+35.0,right_ankle_roll_joint:-35.0
[lowlevel-sim][GT] t=46.001 quat=[0.49058, -0.51026, 0.50371, 0.49522] angvel=[0.0051, -0.0205, -0.04395] linvel=[0.00058, 0.00014, 0.00058] z=0.1079
[lowlevel-sim][GT] t=46.051 quat=[0.49058, -0.5105, 0.50365, 0.49503] angvel=[0.03761, -0.00089, 0.01966] linvel=[0.01891, -0.00672, -0.00141] z=0.1079
[lowlevel-sim][GT] t=46.101 quat=[0.49052, -0.51041, 0.50366, 0.49518] angvel=[0.04748, 0.05444, 0.00219] linvel=[0.01671, -0.00506, -0.00376] z=0.1079
[lowlevel-sim][GT] t=46.151 quat=[0.49029, -0.51025, 0.50377, 0.49546] angvel=[0.02298, -0.03487, -0.03614] linvel=[0.00489, -0.00454, 0.00263] z=0.1079
[lowlevel-sim][GT] t=46.201 quat=[0.49005, -0.51026, 0.5037, 0.49575] angvel=[0.00307, -0.02847, -0.00211] linvel=[0.00968, -0.00393, 0.00107] z=0.1079
[lowlevel-sim][GT] t=46.251 quat=[0.49029, -0.51022, 0.50366, 0.4956] angvel=[0.02963, -0.02789, 0.0165] linvel=[0.01605, -0.00406, -0.00504] z=0.1080
[lowlevel-sim][GT] t=46.301 quat=[0.49014, -0.51025, 0.50372, 0.49566] angvel=[-0.02793, 0.02805, 0.01618] linvel=[0.01349, -0.00363, 0.00352] z=0.1080
[lowlevel-sim][GT] t=46.351 quat=[0.48994, -0.51012, 0.50387, 0.49582] angvel=[0.01556, -0.012, -0.01439] linvel=[0.01061, -0.00655, -0.00349] z=0.1079
[lowlevel-sim][GT] t=46.401 quat=[0.48997, -0.51015, 0.50383, 0.49581] angvel=[-8e-05, 0.08193, 0.04968] linvel=[0.00586, -0.00346, -0.00067] z=0.1079
[lowlevel-sim][GT] t=46.451 quat=[0.48984, -0.51025, 0.50377, 0.4959] angvel=[0.01546, -0.01646, -0.00919] linvel=[0.00647, -0.00509, 0.00135] z=0.1080
[lowlevel-sim] t=  46.50 mode=cmd        pd=27300 hold=8595 failclosed=90 rtf=0.216 base_z=+0.108 pitch=+1.543 roll=-3.130 |tau|max= 35.00 sat=2/29 knee_L=+0.283 hip_p_L=-0.110 torn=9731 cmd_age=38.9ms auth=174.0s rig_ign=585 fix_base=0 sat_j=left_ankle_roll_joint:+35.0,right_ankle_roll_joint:-35.0
[lowlevel-sim][GT] t=46.501 quat=[0.48999, -0.51016, 0.5038, 0.49581] angvel=[0.13079, -0.03277, -0.01339] linvel=[0.00758, -0.00374, -0.01607] z=0.1079
[lowlevel-sim][GT] t=46.551 quat=[0.49002, -0.51021, 0.50384, 0.4957] angvel=[-0.01136, 0.02439, 0.01438] linvel=[0.01653, -0.00501, 0.00605] z=0.1080
[lowlevel-sim][GT] t=46.601 quat=[0.49016, -0.51002, 0.5037, 0.49589] angvel=[0.05451, 0.08974, -0.02247] linvel=[0.00716, -0.00277, -0.00727] z=0.1080
[lowlevel-sim][GT] t=46.651 quat=[0.48996, -0.51008, 0.50388, 0.49584] angvel=[-0.04191, 0.01085, -0.00963] linvel=[0.01805, -0.00826, 0.00442] z=0.1080
[lowlevel-sim][GT] t=46.701 quat=[0.49024, -0.50985, 0.50385, 0.49584] angvel=[-0.05333, -0.00859, 0.00019] linvel=[0.01233, -0.00495, 0.00741] z=0.1080
[lowlevel-sim][GT] t=46.751 quat=[0.49021, -0.50972, 0.50399, 0.49586] angvel=[0.02345, 0.00427, -0.01217] linvel=[0.00489, -0.00714, -0.00228] z=0.1081
[lowlevel-sim][GT] t=46.801 quat=[0.49024, -0.50977, 0.50386, 0.49591] angvel=[0.04088, 0.02785, -0.0034] linvel=[0.00233, 0.00043, -0.00347] z=0.1081
[lowlevel-sim][GT] t=46.851 quat=[0.49024, -0.50994, 0.50396, 0.49563] angvel=[-0.02636, -0.02922, -0.01372] linvel=[0.01897, -0.0087, 0.0042] z=0.1081
[lowlevel-sim][GT] t=46.901 quat=[0.49047, -0.50973, 0.50396, 0.49562] angvel=[0.06525, 0.04657, -0.0287] linvel=[0.0078, -0.00096, -0.00796] z=0.1081
[lowlevel-sim][GT] t=46.951 quat=[0.49037, -0.50979, 0.50394, 0.49567] angvel=[-0.0205, 0.04366, 0.04055] linvel=[0.01272, -0.00745, 0.00176] z=0.1081
[lowlevel-sim] t=  47.00 mode=cmd        pd=27550 hold=8595 failclosed=90 rtf=0.216 base_z=+0.108 pitch=+1.543 roll=-3.129 |tau|max= 35.00 sat=2/29 knee_L=+0.283 hip_p_L=-0.110 torn=9750 cmd_age=39.3ms auth=176.3s rig_ign=585 fix_base=0 sat_j=left_ankle_roll_joint:+35.0,right_ankle_roll_joint:-35.0
[lowlevel-sim][GT] t=47.001 quat=[0.49039, -0.50975, 0.50384, 0.4958] angvel=[0.07501, -0.00193, 0.02384] linvel=[0.00534, 0.00153, -0.00989] z=0.1082
[lowlevel-sim][GT] t=47.051 quat=[0.49023, -0.50992, 0.50393, 0.4957] angvel=[0.02337, 0.01259, -0.0118] linvel=[0.00949, -0.00254, -0.00065] z=0.1081
[lowlevel-sim][GT] t=47.101 quat=[0.49007, -0.50991, 0.50384, 0.49595] angvel=[0.00278, 0.01852, 0.01748] linvel=[0.00628, -0.00438, -0.00353] z=0.1081
[lowlevel-sim][GT] t=47.151 quat=[0.48994, -0.50998, 0.50393, 0.49592] angvel=[0.05583, -0.00641, 0.02844] linvel=[-0.0025, -0.00205, -0.00377] z=0.1080
[lowlevel-sim][GT] t=47.201 quat=[0.48981, -0.51018, 0.50371, 0.49607] angvel=[0.04197, -0.06672, 0.02285] linvel=[-0.00251, -0.00246, -0.00045] z=0.1080
[lowlevel-sim][GT] t=47.251 quat=[0.48988, -0.51031, 0.50364, 0.49593] angvel=[-0.00013, 0.00585, -0.02877] linvel=[-0.00185, -0.00692, -1e-05] z=0.1080
[lowlevel-sim][GT] t=47.301 quat=[0.48969, -0.51024, 0.50357, 0.49627] angvel=[0.0026, 0.01404, 0.03916] linvel=[-0.00443, 0.00026, 0.00049] z=0.1081
[lowlevel-sim][GT] t=47.351 quat=[0.48959, -0.51031, 0.50364, 0.49621] angvel=[0.00297, 0.0189, -0.02446] linvel=[-0.00425, -0.00743, -0.00315] z=0.1080
[lowlevel-sim][GT] t=47.401 quat=[0.48966, -0.51037, 0.50373, 0.49599] angvel=[0.04689, -0.01117, -0.02952] linvel=[-0.00093, -0.00146, -0.00067] z=0.1080
[lowlevel-sim][GT] t=47.451 quat=[0.48964, -0.51046, 0.50379, 0.49586] angvel=[-0.00599, 0.00375, -0.0001] linvel=[0.00403, -0.00306, -0.0003] z=0.1080
[lowlevel-sim] t=  47.50 mode=cmd        pd=27800 hold=8595 failclosed=90 rtf=0.216 base_z=+0.108 pitch=+1.542 roll=-3.126 |tau|max= 35.00 sat=2/29 knee_L=+0.282 hip_p_L=-0.110 torn=9771 cmd_age=45.5ms auth=178.6s rig_ign=585 fix_base=0 sat_j=left_ankle_roll_joint:+35.0,right_ankle_roll_joint:-35.0
[lowlevel-sim][GT] t=47.501 quat=[0.48966, -0.51053, 0.50363, 0.49593] angvel=[-0.05412, -0.01735, -0.00477] linvel=[0.00627, -0.00447, 0.00594] z=0.1079
[lowlevel-sim][GT] t=47.551 quat=[0.48952, -0.51053, 0.50365, 0.49605] angvel=[0.02098, 0.02741, 0.06285] linvel=[0.00802, -0.00536, -0.0006] z=0.1079
[lowlevel-sim][GT] t=47.601 quat=[0.48957, -0.51052, 0.50352, 0.49614] angvel=[-0.01644, -0.02546, 0.01558] linvel=[0.00639, -0.00373, -0.00051] z=0.1080
[lowlevel-sim][GT] t=47.651 quat=[0.48925, -0.51051, 0.50352, 0.49647] angvel=[0.02527, 0.02932, -0.01897] linvel=[-0.00983, -0.00578, -0.00038] z=0.1080
[lowlevel-sim][GT] t=47.701 quat=[0.48932, -0.51061, 0.50351, 0.49631] angvel=[0.03866, 0.02091, 0.01789] linvel=[-0.00499, -0.00251, -0.00534] z=0.1080
[lowlevel-sim][GT] t=47.751 quat=[0.48927, -0.5107, 0.50358, 0.49619] angvel=[-0.01674, -0.01699, -0.05363] linvel=[-0.01474, -0.00679, 0.00075] z=0.1079
[lowlevel-sim][GT] t=47.801 quat=[0.48922, -0.51055, 0.50359, 0.49638] angvel=[0.00491, -0.02067, -0.01067] linvel=[-0.00558, 0.00054, 0.00016] z=0.1079
[lowlevel-sim][GT] t=47.851 quat=[0.48923, -0.51073, 0.50359, 0.49618] angvel=[-0.00922, -0.03327, -0.02608] linvel=[-0.00674, -0.00155, 0.0033] z=0.1079
[lowlevel-sim][GT] t=47.901 quat=[0.4895, -0.51065, 0.50345, 0.49614] angvel=[-0.01961, 0.05209, 0.0185] linvel=[-0.00114, -0.00359, 0.00192] z=0.1079
[lowlevel-sim][GT] t=47.951 quat=[0.4894, -0.51064, 0.50359, 0.49613] angvel=[0.00162, 0.02134, -0.02017] linvel=[-0.003, -0.00307, 0.00308] z=0.1079
[lowlevel-sim] t=  48.00 mode=cmd        pd=28050 hold=8595 failclosed=90 rtf=0.216 base_z=+0.108 pitch=+1.543 roll=-3.137 |tau|max= 35.00 sat=2/29 knee_L=+0.282 hip_p_L=-0.110 torn=9789 cmd_age=54.9ms auth=180.8s rig_ign=585 fix_base=0 sat_j=left_ankle_roll_joint:+35.0,right_ankle_roll_joint:-35.0
[lowlevel-sim][GT] t=48.001 quat=[0.48952, -0.51052, 0.50347, 0.49623] angvel=[0.0241, 0.00789, -0.00721] linvel=[-0.00657, -0.00027, 0.0019] z=0.1079
[lowlevel-sim][GT] t=48.051 quat=[0.48965, -0.51051, 0.50349, 0.49611] angvel=[-0.02895, -0.0192, -0.02047] linvel=[0.00031, -0.00518, 0.00401] z=0.1080
[lowlevel-sim][GT] t=48.101 quat=[0.48955, -0.51047, 0.50344, 0.4963] angvel=[-0.14363, 0.06929, 0.02236] linvel=[0.0018, -0.00577, 0.0171] z=0.1080
[lowlevel-sim][GT] t=48.151 quat=[0.48953, -0.51051, 0.50347, 0.49625] angvel=[0.02436, -0.00877, -0.01304] linvel=[0.00162, -0.00579, -0.00304] z=0.1080
[lowlevel-sim][GT] t=48.201 quat=[0.48967, -0.51033, 0.50352, 0.49624] angvel=[-0.00291, 0.08035, 0.01757] linvel=[-0.00062, -0.00276, 0.00133] z=0.1080
[lowlevel-sim][GT] t=48.251 quat=[0.48967, -0.51031, 0.50359, 0.4962] angvel=[-0.00083, -0.00848, -0.00633] linvel=[0.00012, -0.00381, -0.00081] z=0.1080
[lowlevel-sim][GT] t=48.301 quat=[0.4899, -0.51021, 0.50368, 0.49597] angvel=[0.00125, 0.04562, -0.02012] linvel=[0.01067, -0.00206, -0.00114] z=0.1080
[lowlevel-sim][GT] t=48.351 quat=[0.48999, -0.51005, 0.50382, 0.49591] angvel=[-0.00264, 0.02054, -0.0775] linvel=[-0.00026, -0.00302, 0.00208] z=0.1080
[lowlevel-sim][GT] t=48.401 quat=[0.49028, -0.50992, 0.50387, 0.49571] angvel=[0.00653, 0.0187, -0.02464] linvel=[0.01622, 0.0001, -0.00353] z=0.1080
[lowlevel-sim][GT] t=48.451 quat=[0.49014, -0.51007, 0.50387, 0.49568] angvel=[-0.01247, -0.02792, -0.06658] linvel=[0.00359, -0.00594, -2e-05] z=0.1079
[lowlevel-sim] FAIL-CLOSED engaged at t=48.489s, last command age 87.62 ms (deadline <= 100 ms) PASS
[lowlevel-sim] COMMANDED at t=48.492s (was fail-closed)
[lowlevel-sim] t=  48.50 mode=cmd        pd=28301 hold=8595 failclosed=92 rtf=0.216 base_z=+0.108 pitch=+1.542 roll=-3.139 |tau|max= 35.00 sat=2/29 knee_L=+0.282 hip_p_L=-0.111 torn=9819 cmd_age=21.4ms auth=183.1s rig_ign=585 fix_base=0 sat_j=left_ankle_roll_joint:+35.0,right_ankle_roll_joint:-35.0
[lowlevel-sim][GT] t=48.501 quat=[0.48971, -0.51032, 0.50413, 0.49559] angvel=[-0.02976, -0.02204, 0.00057] linvel=[0.01155, -0.001, 0.0] z=0.1077
[lowlevel-sim][GT] t=48.551 quat=[0.4896, -0.51042, 0.50424, 0.49549] angvel=[-0.0172, -0.04925, -0.04065] linvel=[0.00693, -0.00671, 0.00031] z=0.1077
[lowlevel-sim][GT] t=48.601 quat=[0.48975, -0.51038, 0.50413, 0.49548] angvel=[0.05858, 0.02857, 0.01461] linvel=[0.00995, -8e-05, -0.00322] z=0.1077
[lowlevel-sim][GT] t=48.651 quat=[0.48962, -0.51013, 0.50436, 0.49565] angvel=[0.01613, -0.01221, -0.01255] linvel=[0.01231, -0.00366, -0.00218] z=0.1077
[lowlevel-sim][GT] t=48.701 quat=[0.49002, -0.50988, 0.50433, 0.49555] angvel=[0.00085, 0.01248, -0.00339] linvel=[0.01153, -0.00229, -0.00095] z=0.1078
[lowlevel-sim][GT] t=48.751 quat=[0.49014, -0.50975, 0.50447, 0.49541] angvel=[0.01603, 0.0513, 0.01953] linvel=[0.01644, -0.00749, -0.00146] z=0.1078
[lowlevel-sim][GT] t=48.801 quat=[0.49045, -0.50945, 0.50454, 0.49533] angvel=[0.0585, 0.0675, 0.00874] linvel=[0.01073, 0.00193, -0.00277] z=0.1078
[lowlevel-sim][GT] t=48.851 quat=[0.49023, -0.50964, 0.5047, 0.4952] angvel=[0.01857, -0.01825, -0.03622] linvel=[-0.00055, -0.00702, -0.00387] z=0.1077
[lowlevel-sim][GT] t=48.901 quat=[0.49027, -0.50964, 0.50477, 0.49509] angvel=[-0.07981, -0.03091, -0.02454] linvel=[-0.00256, -0.00671, 0.00731] z=0.1077
[lowlevel-sim][GT] t=48.951 quat=[0.49028, -0.5096, 0.50472, 0.49516] angvel=[0.02722, 0.02444, 0.02315] linvel=[-0.00263, -0.00304, 0.0006] z=0.1078
[lowlevel-sim] t=  49.00 mode=cmd        pd=28551 hold=8595 failclosed=92 rtf=0.216 base_z=+0.108 pitch=+1.542 roll=-3.126 |tau|max= 35.00 sat=2/29 knee_L=+0.282 hip_p_L=-0.110 torn=9832 cmd_age=23.9ms auth=185.3s rig_ign=585 fix_base=0 sat_j=left_ankle_roll_joint:+35.0,right_ankle_roll_joint:-35.0
[lowlevel-sim][GT] t=49.001 quat=[0.49053, -0.50965, 0.50458, 0.49501] angvel=[0.04525, 0.05335, 0.02104] linvel=[0.00663, 6e-05, 0.00027] z=0.1078
[lowlevel-sim][GT] t=49.051 quat=[0.49041, -0.5097, 0.50448, 0.49518] angvel=[0.00349, -0.03093, 0.022] linvel=[0.01127, -0.0069, -0.00141] z=0.1079
[lowlevel-sim][GT] t=49.101 quat=[0.49027, -0.50977, 0.50441, 0.49531] angvel=[0.08077, 0.04438, 0.01002] linvel=[0.00777, 0.00069, -0.00293] z=0.1079
[lowlevel-sim][GT] t=49.151 quat=[0.49016, -0.50994, 0.50445, 0.49521] angvel=[-0.03966, 0.01347, 0.02855] linvel=[0.01708, -0.00509, 0.00573] z=0.1078
[lowlevel-sim][GT] t=49.201 quat=[0.48999, -0.50976, 0.50435, 0.49568] angvel=[0.06984, 0.1048, 0.03154] linvel=[0.00345, -0.00069, -0.00421] z=0.1079
[lowlevel-sim][GT] t=49.251 quat=[0.48978, -0.51, 0.50416, 0.49583] angvel=[-0.00279, 0.01145, 0.01635] linvel=[0.00339, -0.00553, 0.00069] z=0.1078
[lowlevel-sim][GT] t=49.301 quat=[0.48962, -0.51009, 0.50412, 0.49592] angvel=[0.00791, -8e-05, 0.00744] linvel=[0.00998, -0.00555, -4e-05] z=0.1078
[lowlevel-sim][GT] t=49.351 quat=[0.48958, -0.51005, 0.50416, 0.49597] angvel=[0.00772, 0.02249, -0.01814] linvel=[-0.00114, -0.00604, -0.00489] z=0.1078
[lowlevel-sim][GT] t=49.401 quat=[0.48956, -0.51003, 0.50422, 0.49594] angvel=[0.0152, -0.05815, 0.01551] linvel=[0.00246, 0.00146, 0.00218] z=0.1078
[lowlevel-sim][GT] t=49.451 quat=[0.48947, -0.51016, 0.50424, 0.49587] angvel=[0.00187, -0.03572, -0.01181] linvel=[-0.00967, -0.00705, -0.0015] z=0.1078
[lowlevel-sim] t=  49.50 mode=cmd        pd=28801 hold=8595 failclosed=92 rtf=0.216 base_z=+0.108 pitch=+1.542 roll=+3.119 |tau|max= 35.00 sat=2/29 knee_L=+0.282 hip_p_L=-0.111 torn=9851 cmd_age=49.2ms auth=187.7s rig_ign=585 fix_base=0 sat_j=left_ankle_roll_joint:+35.0,right_ankle_roll_joint:-35.0
[lowlevel-sim][GT] t=49.501 quat=[0.48952, -0.51012, 0.50414, 0.49596] angvel=[-0.01203, -0.00081, 0.00608] linvel=[-0.01161, -0.00542, 0.00293] z=0.1078
[lowlevel-sim][GT] t=49.551 quat=[0.48939, -0.51016, 0.50418, 0.49602] angvel=[-0.0033, 0.02918, -0.00382] linvel=[-0.01209, -0.00398, -0.00027] z=0.1078
[lowlevel-sim][GT] t=49.601 quat=[0.48957, -0.51009, 0.504, 0.4961] angvel=[0.01068, -0.0089, -0.01763] linvel=[-0.009, -0.00138, 0.00255] z=0.1078
[lowlevel-sim][GT] t=49.651 quat=[0.48967, -0.5101, 0.50391, 0.49608] angvel=[-0.03149, -0.04354, 0.01426] linvel=[-0.01225, -0.0025, 0.00645] z=0.1079
[lowlevel-sim][GT] t=49.701 quat=[0.48978, -0.51017, 0.5035, 0.49631] angvel=[0.02635, -0.04893, -0.01459] linvel=[-0.01317, 0.00033, -0.00376] z=0.1080
[lowlevel-sim][GT] t=49.751 quat=[0.48973, -0.51044, 0.5034, 0.49619] angvel=[-0.04694, 0.00567, 0.03502] linvel=[-0.00242, -0.01049, 0.00202] z=0.1079
[lowlevel-sim][GT] t=49.801 quat=[0.48963, -0.51047, 0.50323, 0.49642] angvel=[-0.02393, -0.00184, -0.01093] linvel=[-0.00698, -0.00312, 0.00273] z=0.1080
[lowlevel-sim][GT] t=49.851 quat=[0.48948, -0.51055, 0.50315, 0.49658] angvel=[0.0173, 0.01867, 0.03524] linvel=[-0.00354, -0.00498, 0.00219] z=0.1080
[lowlevel-sim][GT] t=49.901 quat=[0.48974, -0.51072, 0.50284, 0.49646] angvel=[-0.05204, 0.05348, 0.03067] linvel=[0.00503, -0.00189, 0.00513] z=0.1080
[lowlevel-sim][GT] t=49.951 quat=[0.48947, -0.51082, 0.50291, 0.49655] angvel=[-0.00945, -0.00237, -0.02805] linvel=[-0.01097, -0.00433, 0.00093] z=0.1081
[lowlevel-sim] t=  50.00 mode=cmd        pd=29051 hold=8595 failclosed=92 rtf=0.216 base_z=+0.108 pitch=+1.543 roll=-3.122 |tau|max= 35.00 sat=2/29 knee_L=+0.282 hip_p_L=-0.110 torn=9879 cmd_age=44.3ms auth=189.8s rig_ign=585 fix_base=0 sat_j=left_ankle_roll_joint:+35.0,right_ankle_roll_joint:-35.0
[lowlevel-sim][GT] t=50.001 quat=[0.48931, -0.51094, 0.50289, 0.49661] angvel=[0.02701, 0.07295, 0.04242] linvel=[0.00079, -0.00011, 0.00238] z=0.1080
[lowlevel-sim][GT] t=50.051 quat=[0.48943, -0.51098, 0.50285, 0.4965] angvel=[-0.00938, 0.03017, 0.00429] linvel=[0.00922, -0.00664, 0.001] z=0.1081
[lowlevel-sim][GT] t=50.101 quat=[0.4895, -0.51085, 0.50292, 0.49648] angvel=[0.01898, 0.09718, 0.02975] linvel=[0.00895, -0.00144, 0.00061] z=0.1081
[lowlevel-sim][GT] t=50.151 quat=[0.48933, -0.51094, 0.50295, 0.49653] angvel=[-0.00197, 0.00341, 0.00701] linvel=[0.00628, -0.00193, -0.00071] z=0.1080
[lowlevel-sim][GT] t=50.201 quat=[0.48923, -0.51101, 0.50294, 0.49657] angvel=[0.05272, 0.00687, 0.01167] linvel=[0.00343, -0.00089, 5e-05] z=0.1080
[lowlevel-sim][GT] t=50.251 quat=[0.48906, -0.51119, 0.50288, 0.49661] angvel=[-0.00914, -0.00919, -0.00848] linvel=[-0.00348, -0.00602, 0.0032] z=0.1080
[lowlevel-sim][GT] t=50.301 quat=[0.48899, -0.5112, 0.50271, 0.49684] angvel=[-0.00142, -0.05678, -0.0168] linvel=[-0.00069, 4e-05, 0.00316] z=0.1080
[lowlevel-sim][GT] t=50.351 quat=[0.48922, -0.51121, 0.5029, 0.49641] angvel=[-0.01724, -0.01862, -0.04114] linvel=[0.00011, -0.00497, 0.00169] z=0.1080
[lowlevel-sim][GT] t=50.401 quat=[0.48932, -0.51115, 0.50279, 0.49648] angvel=[0.0251, 0.04321, 0.02475] linvel=[0.01337, 0.00123, -0.00235] z=0.1080
[lowlevel-sim][GT] t=50.451 quat=[0.48915, -0.51121, 0.50291, 0.49647] angvel=[-0.00439, -0.02105, -0.04828] linvel=[0.0057, -0.00494, 0.00103] z=0.1080
[lowlevel-sim] t=  50.50 mode=cmd        pd=29301 hold=8595 failclosed=92 rtf=0.216 base_z=+0.108 pitch=+1.543 roll=-3.116 |tau|max= 35.00 sat=2/29 knee_L=+0.282 hip_p_L=-0.110 torn=9899 cmd_age=33.8ms auth=192.2s rig_ign=585 fix_base=0 sat_j=left_ankle_roll_joint:+35.0,right_ankle_roll_joint:-35.0
[lowlevel-sim][GT] t=50.501 quat=[0.48923, -0.51111, 0.50291, 0.49649] angvel=[0.06223, 0.05378, 0.02022] linvel=[0.0097, -0.00244, -0.0087] z=0.1080
[lowlevel-sim][GT] t=50.551 quat=[0.48917, -0.51112, 0.503, 0.49644] angvel=[-0.01437, 0.01926, 0.02211] linvel=[0.01836, -0.00472, 0.00279] z=0.1080
[lowlevel-sim][GT] t=50.601 quat=[0.48931, -0.51102, 0.50288, 0.49654] angvel=[-0.01348, 0.10697, 0.01771] linvel=[0.01331, -0.00305, 0.00061] z=0.1080
[lowlevel-sim][GT] t=50.651 quat=[0.48906, -0.51111, 0.50303, 0.49654] angvel=[-0.01646, -0.05024, -0.04576] linvel=[0.00158, -0.00698, -0.0005] z=0.1079
[lowlevel-sim][GT] t=50.701 quat=[0.48927, -0.51089, 0.50308, 0.4965] angvel=[0.06751, 0.05199, -0.04186] linvel=[0.00783, 0.0002, -0.00485] z=0.1079
[lowlevel-sim][GT] t=50.751 quat=[0.48912, -0.51089, 0.50315, 0.49658] angvel=[-0.0053, 0.01755, 0.04071] linvel=[0.01214, -0.00724, -0.00145] z=0.1079
[lowlevel-sim][GT] t=50.801 quat=[0.48906, -0.51089, 0.50312, 0.49667] angvel=[0.05356, -0.06684, -0.01767] linvel=[0.00224, -0.00217, -0.0105] z=0.1079
[lowlevel-sim][GT] t=50.851 quat=[0.48903, -0.51104, 0.50319, 0.49648] angvel=[0.00836, 0.02233, -0.00798] linvel=[0.00672, -0.00283, -4e-05] z=0.1079
[lowlevel-sim][GT] t=50.901 quat=[0.48875, -0.51106, 0.50314, 0.49677] angvel=[0.07679, 0.0337, 0.01752] linvel=[-0.00383, 0.00156, -0.00562] z=0.1078
[lowlevel-sim][GT] t=50.951 quat=[0.48869, -0.51133, 0.50285, 0.49685] angvel=[0.01432, -0.00658, 0.03425] linvel=[-0.00478, -0.00475, -0.00189] z=0.1079
[lowlevel-sim] t=  51.00 mode=cmd        pd=29551 hold=8595 failclosed=92 rtf=0.216 base_z=+0.108 pitch=+1.542 roll=-3.140 |tau|max= 35.00 sat=2/29 knee_L=+0.282 hip_p_L=-0.110 torn=9917 cmd_age=41.5ms auth=194.4s rig_ign=585 fix_base=0 sat_j=left_ankle_roll_joint:+35.0,right_ankle_roll_joint:-35.0
[lowlevel-sim][GT] t=51.001 quat=[0.48854, -0.51149, 0.50264, 0.49705] angvel=[0.05912, 0.05813, 0.0095] linvel=[-0.01014, 0.00112, -0.00686] z=0.1078
[lowlevel-sim][GT] t=51.051 quat=[0.48875, -0.51154, 0.50265, 0.49679] angvel=[0.02303, 0.00422, -0.01893] linvel=[0.00182, -0.006, -0.00189] z=0.1079
[lowlevel-sim][GT] t=51.101 quat=[0.48884, -0.5116, 0.50244, 0.49684] angvel=[0.01355, 0.0603, -0.00031] linvel=[0.0074, -0.0046, -0.00408] z=0.1079
[lowlevel-sim][GT] t=51.151 quat=[0.4887, -0.51161, 0.50258, 0.49683] angvel=[0.01889, 0.03861, 0.03214] linvel=[0.01596, -0.0065, 0.0021] z=0.1079
[lowlevel-sim] FAIL-CLOSED engaged at t=51.172s, last command age 86.17 ms (deadline <= 100 ms) PASS
[lowlevel-sim] COMMANDED at t=51.174s (was fail-closed)
[lowlevel-sim][GT] t=51.201 quat=[0.48857, -0.51168, 0.50267, 0.49679] angvel=[0.0331, 0.01783, 0.00062] linvel=[0.01971, -0.00503, -0.00272] z=0.1078
[lowlevel-sim][GT] t=51.251 quat=[0.48857, -0.51156, 0.50265, 0.49694] angvel=[-0.00742, -0.0906, 0.00564] linvel=[0.00879, -0.00281, 0.00373] z=0.1078
[lowlevel-sim][GT] t=51.301 quat=[0.48855, -0.51157, 0.5027, 0.4969] angvel=[0.00535, -0.05118, -0.01615] linvel=[0.0118, -0.00569, 0.00041] z=0.1078
[lowlevel-sim][GT] t=51.351 quat=[0.48873, -0.51139, 0.50267, 0.49694] angvel=[0.02706, -0.02903, -0.01322] linvel=[0.01077, -0.00075, -0.00335] z=0.1079
[lowlevel-sim][GT] t=51.401 quat=[0.48868, -0.51138, 0.50279, 0.49687] angvel=[0.01111, 0.01127, -0.03899] linvel=[7e-05, -0.0063, 0.00097] z=0.1078
[lowlevel-sim][GT] t=51.451 quat=[0.48915, -0.51114, 0.50286, 0.49659] angvel=[0.00094, 0.03319, -0.02013] linvel=[0.00867, -0.00208, 0.00165] z=0.1079
[lowlevel-sim] t=  51.50 mode=cmd        pd=29801 hold=8595 failclosed=93 rtf=0.216 base_z=+0.108 pitch=+1.542 roll=-3.125 |tau|max=  8.27 sat=0/29 knee_L=+0.283 hip_p_L=-0.110 torn=9941 cmd_age=64.9ms auth=196.8s rig_ign=585 fix_base=0
[lowlevel-sim][GT] t=51.501 quat=[0.48909, -0.5111, 0.50302, 0.49653] angvel=[-0.01087, 0.03797, 0.0506] linvel=[0.00773, -0.00563, 0.00166] z=0.1079
[lowlevel-sim][GT] t=51.551 quat=[0.48921, -0.51094, 0.50296, 0.49663] angvel=[0.05255, -0.00117, -0.00059] linvel=[0.00947, 0.00315, -0.00257] z=0.1079
[lowlevel-sim][GT] t=51.601 quat=[0.4893, -0.5109, 0.50312, 0.49643] angvel=[-0.02649, -0.01776, -0.01114] linvel=[0.01271, -0.00774, 0.00078] z=0.1079
[lowlevel-sim][GT] t=51.651 quat=[0.4894, -0.51075, 0.50316, 0.49643] angvel=[0.06107, 0.07064, 0.01794] linvel=[0.01904, -0.00301, -0.00332] z=0.1080
[lowlevel-sim][GT] t=51.701 quat=[0.48916, -0.5109, 0.50315, 0.49653] angvel=[0.014, -0.01985, 0.02873] linvel=[0.00634, -0.00222, -0.00024] z=0.1079
[lowlevel-sim][GT] t=51.751 quat=[0.48893, -0.51082, 0.50317, 0.49682] angvel=[0.02857, -0.03443, -0.01664] linvel=[0.00608, 0.00061, -0.00164] z=0.1079
[lowlevel-sim][GT] t=51.801 quat=[0.48888, -0.51092, 0.50312, 0.49681] angvel=[-0.02161, 0.00022, 0.06296] linvel=[0.01167, -0.00809, 0.00028] z=0.1079
[lowlevel-sim][GT] t=51.851 quat=[0.48878, -0.51098, 0.50312, 0.49686] angvel=[0.0273, 0.02886, 0.01423] linvel=[0.00022, -0.00356, -0.00174] z=0.1078
[lowlevel-sim][GT] t=51.901 quat=[0.48864, -0.51112, 0.50308, 0.4969] angvel=[0.02427, -0.04794, -0.03361] linvel=[-0.00437, -0.00696, -0.00164] z=0.1078
[lowlevel-sim][GT] t=51.951 quat=[0.4889, -0.51107, 0.503, 0.49677] angvel=[-0.0415, -0.04717, -0.03684] linvel=[0.00091, -0.00301, 0.0044] z=0.1078
[lowlevel-sim] t=  52.00 mode=cmd        pd=30051 hold=8595 failclosed=93 rtf=0.216 base_z=+0.108 pitch=+1.542 roll=-3.135 |tau|max=  8.56 sat=0/29 knee_L=+0.283 hip_p_L=-0.110 torn=9965 cmd_age=61.5ms auth=199.0s rig_ign=585 fix_base=0
[lowlevel-sim][GT] t=52.001 quat=[0.48894, -0.51114, 0.50301, 0.49665] angvel=[0.0212, -0.00737, -0.00305] linvel=[0.00559, -0.00546, -0.00223] z=0.1078
[lowlevel-sim][GT] t=52.051 quat=[0.48908, -0.51105, 0.50301, 0.49659] angvel=[-0.11556, -0.00549, 0.01998] linvel=[0.0117, -0.00873, 0.01164] z=0.1078
[lowlevel-sim][GT] t=52.101 quat=[0.4893, -0.51101, 0.50311, 0.49631] angvel=[0.01124, -0.00688, -0.00458] linvel=[0.01331, -0.00685, -0.00273] z=0.1079
[lowlevel-sim][GT] t=52.151 quat=[0.48942, -0.51084, 0.50308, 0.4964] angvel=[0.0704, 0.01635, 0.00023] linvel=[0.01259, 0.00131, -0.00327] z=0.1079
[lowlevel-sim][GT] t=52.201 quat=[0.48934, -0.51096, 0.50314, 0.49631] angvel=[0.0165, 0.00207, 0.02999] linvel=[0.01187, -0.00249, -0.00226] z=0.1079
[lowlevel-sim][GT] t=52.251 quat=[0.48918, -0.51118, 0.50298, 0.49639] angvel=[-0.09842, 0.051, 0.00858] linvel=[0.01049, -0.00677, 0.00559] z=0.1079
[lowlevel-sim][GT] t=52.301 quat=[0.48898, -0.51131, 0.5028, 0.49663] angvel=[0.03074, 0.02825, 0.05101] linvel=[0.00759, -0.00556, -0.00492] z=0.1078
[lowlevel-sim][GT] t=52.351 quat=[0.4886, -0.51124, 0.50263, 0.49725] angvel=[-0.04472, -0.12237, -0.00415] linvel=[0.00351, -0.00558, 0.00491] z=0.1079
[lowlevel-sim][GT] t=52.401 quat=[0.48856, -0.51137, 0.50268, 0.49711] angvel=[-0.03597, -0.03071, -0.00167] linvel=[0.0063, -0.00113, 0.00713] z=0.1079
[lowlevel-sim][GT] t=52.451 quat=[0.4887, -0.51124, 0.50254, 0.49725] angvel=[-0.06411, -0.07163, -0.00796] linvel=[0.01585, -0.00439, 0.00867] z=0.1080
[lowlevel-sim] t=  52.50 mode=cmd        pd=30301 hold=8595 failclosed=93 rtf=0.216 base_z=+0.108 pitch=+1.543 roll=+3.141 |tau|max=  9.88 sat=0/29 knee_L=+0.284 hip_p_L=-0.111 torn=9984 cmd_age=40.2ms auth=201.2s rig_ign=585 fix_base=0
[lowlevel-sim][GT] t=52.501 quat=[0.4887, -0.51127, 0.50258, 0.49718] angvel=[0.04029, 0.02, 0.03391] linvel=[0.01266, -0.00375, -0.00192] z=0.1080
[lowlevel-sim][GT] t=52.551 quat=[0.48899, -0.51114, 0.5027, 0.4969] angvel=[0.07593, -0.01325, -0.00623] linvel=[0.01439, -0.00016, -0.00658] z=0.1080
[lowlevel-sim][GT] t=52.601 quat=[0.48888, -0.51099, 0.50287, 0.49701] angvel=[-0.0134, -0.02332, -0.00516] linvel=[0.00244, -0.00644, 0.00172] z=0.1080
[lowlevel-sim] FAIL-CLOSED engaged at t=52.630s, last command age 87.09 ms (deadline <= 100 ms) PASS
[lowlevel-sim] COMMANDED at t=52.632s (was fail-closed)
[lowlevel-sim][GT] t=52.651 quat=[0.48863, -0.51115, 0.50307, 0.49687] angvel=[0.01538, -0.02814, 0.00586] linvel=[0.00773, -0.00427, -0.00463] z=0.1078
[lowlevel-sim][GT] t=52.701 quat=[0.48848, -0.51106, 0.50296, 0.49722] angvel=[-0.00463, 0.01424, 0.00627] linvel=[-0.00467, -0.0028, -0.00021] z=0.1079
[lowlevel-sim] FAIL-CLOSED engaged at t=52.748s, last command age 87.42 ms (deadline <= 100 ms) PASS
[lowlevel-sim][GT] t=52.751 quat=[0.48837, -0.51128, 0.50286, 0.4972] angvel=[-0.23912, -0.00962, -0.00358] linvel=[-0.00314, -0.00193, -0.00927] z=0.1078
[lowlevel-sim] COMMANDED at t=52.764s (was fail-closed)
[lowlevel-sim] FAIL-CLOSED engaged at t=52.776s, last command age 85.95 ms (deadline <= 100 ms) PASS
[lowlevel-sim] COMMANDED at t=52.792s (was fail-closed)
[lowlevel-sim][GT] t=52.801 quat=[0.48384, -0.5153, 0.50687, 0.49341] angvel=[0.04401, 0.05933, 0.04348] linvel=[-0.01652, 0.00414, -0.01246] z=0.1055
[lowlevel-sim][GT] t=52.851 quat=[0.48506, -0.5139, 0.5053, 0.49528] angvel=[0.06747, -0.03831, -0.0062] linvel=[-0.005, -0.00529, 0.00427] z=0.1060
[lowlevel-sim][GT] t=52.901 quat=[0.48625, -0.51295, 0.50441, 0.496] angvel=[0.04834, -0.01262, -0.00598] linvel=[-0.00468, 0.00043, 0.00222] z=0.1064
[lowlevel-sim][GT] t=52.951 quat=[0.48697, -0.51245, 0.50412, 0.49611] angvel=[0.02815, -0.0188, -0.02737] linvel=[-0.00493, -0.00267, 0.00377] z=0.1067
[lowlevel-sim] t=  53.00 mode=cmd        pd=30567 hold=8595 failclosed=126 rtf=0.216 base_z=+0.107 pitch=+1.538 roll=+3.110 |tau|max= 35.00 sat=2/29 knee_L=+0.278 hip_p_L=-0.111 torn=10008 cmd_age=40.5ms auth=203.4s rig_ign=585 fix_base=0 sat_j=left_ankle_roll_joint:+35.0,right_ankle_roll_joint:-35.0
[lowlevel-sim][GT] t=53.001 quat=[0.48746, -0.51199, 0.50405, 0.49616] angvel=[0.01653, 0.00199, -0.00213] linvel=[-0.00223, -0.00217, -0.0012] z=0.1068
[lowlevel-sim][GT] t=53.051 quat=[0.4879, -0.51171, 0.50412, 0.49595] angvel=[-0.0118, 0.00421, -0.02015] linvel=[-0.0024, -0.00376, 0.00261] z=0.1069
[lowlevel-sim][GT] t=53.101 quat=[0.48827, -0.5114, 0.50405, 0.49599] angvel=[0.05319, 0.00901, -0.02802] linvel=[0.00016, 0.00287, 0.00382] z=0.1070
[lowlevel-sim][GT] t=53.151 quat=[0.48844, -0.51131, 0.50397, 0.496] angvel=[0.0143, 0.01333, 0.00918] linvel=[-0.00453, -0.00736, 0.00231] z=0.1072
[lowlevel-sim][GT] t=53.201 quat=[0.48853, -0.51117, 0.50402, 0.49599] angvel=[0.01032, -0.01445, 0.01404] linvel=[3e-05, -0.00146, 0.00447] z=0.1072
[lowlevel-sim][GT] t=53.251 quat=[0.48831, -0.51119, 0.50393, 0.49628] angvel=[0.00469, 0.01567, 0.02098] linvel=[-0.00878, -0.00666, -0.002] z=0.1073
[lowlevel-sim][GT] t=53.301 quat=[0.48838, -0.51117, 0.50385, 0.49631] angvel=[-0.03256, -0.06717, -0.03268] linvel=[-0.00973, -0.00204, 0.00663] z=0.1073
[lowlevel-sim][GT] t=53.351 quat=[0.48835, -0.51123, 0.50371, 0.49642] angvel=[0.02471, 0.02656, 0.01323] linvel=[-0.01305, -0.00767, -0.00103] z=0.1074
[lowlevel-sim][GT] t=53.401 quat=[0.48841, -0.51121, 0.50348, 0.49662] angvel=[0.01423, -0.02576, 0.00524] linvel=[-0.01534, -0.00275, 0.00122] z=0.1074
[lowlevel-sim][GT] t=53.451 quat=[0.48818, -0.51139, 0.50339, 0.49676] angvel=[0.01712, -0.00136, -0.02024] linvel=[-0.01211, -0.00302, -0.00257] z=0.1075
[lowlevel-sim] t=  53.50 mode=cmd        pd=30817 hold=8595 failclosed=126 rtf=0.216 base_z=+0.108 pitch=+1.541 roll=+3.126 |tau|max= 35.00 sat=2/29 knee_L=+0.281 hip_p_L=-0.110 torn=10035 cmd_age=33.2ms auth=205.4s rig_ign=585 fix_base=0 sat_j=left_ankle_roll_joint:+35.0,right_ankle_roll_joint:-35.0
[lowlevel-sim][GT] t=53.501 quat=[0.48832, -0.51144, 0.50317, 0.49678] angvel=[-0.09351, -0.10782, -0.01618] linvel=[-0.00731, -0.00263, 0.00896] z=0.1075
[lowlevel-sim][GT] t=53.551 quat=[0.48847, -0.51142, 0.50332, 0.49651] angvel=[-0.00681, 0.0056, -0.00049] linvel=[-0.01025, -0.00378, 0.00052] z=0.1076
[lowlevel-sim][GT] t=53.601 quat=[0.48845, -0.51141, 0.50318, 0.49668] angvel=[0.03285, 0.01064, 0.02375] linvel=[-0.01008, 0.00049, -0.00033] z=0.1076
[lowlevel-sim][GT] t=53.651 quat=[0.4885, -0.51153, 0.50297, 0.49671] angvel=[-0.04493, -0.00806, -0.07273] linvel=[-0.01269, -0.00542, 0.00532] z=0.1076
[lowlevel-sim][GT] t=53.701 quat=[0.48855, -0.51136, 0.50307, 0.49674] angvel=[0.06107, 0.06124, 0.00555] linvel=[-0.00737, 0.00227, -0.0058] z=0.1076
[lowlevel-sim][GT] t=53.751 quat=[0.48849, -0.51136, 0.50312, 0.49675] angvel=[0.03513, -0.0149, 0.02757] linvel=[-0.00609, -0.00541, -0.00169] z=0.1077
[lowlevel-sim][GT] t=53.801 quat=[0.48881, -0.5112, 0.50291, 0.49681] angvel=[1e-05, 0.01179, -0.01443] linvel=[-0.00985, -0.00036, 0.00017] z=0.1078
[lowlevel-sim][GT] t=53.851 quat=[0.48882, -0.51125, 0.50298, 0.49667] angvel=[0.01046, 0.02601, 0.00937] linvel=[-0.00567, 7e-05, 0.00027] z=0.1078
[lowlevel-sim][GT] t=53.901 quat=[0.48916, -0.5113, 0.50285, 0.49643] angvel=[-0.06358, -0.07731, -0.02137] linvel=[0.00309, -0.00607, 0.0059] z=0.1078
[lowlevel-sim][GT] t=53.951 quat=[0.48913, -0.51137, 0.50288, 0.49634] angvel=[-0.00845, -0.00262, 0.01015] linvel=[0.00763, -0.00596, 0.00057] z=0.1078
[lowlevel-sim] t=  54.00 mode=cmd        pd=31067 hold=8595 failclosed=126 rtf=0.217 base_z=+0.108 pitch=+1.542 roll=-3.113 |tau|max= 35.00 sat=2/29 knee_L=+0.281 hip_p_L=-0.109 torn=10059 cmd_age=23.1ms auth=207.5s rig_ign=585 fix_base=0 sat_j=left_ankle_roll_joint:+35.0,right_ankle_roll_joint:-35.0
[lowlevel-sim][GT] t=54.001 quat=[0.4891, -0.51128, 0.50281, 0.49655] angvel=[-0.0409, -0.02793, -0.03417] linvel=[0.00768, -0.00332, 0.00436] z=0.1079
[lowlevel-sim][GT] t=54.051 quat=[0.48889, -0.5113, 0.50283, 0.49671] angvel=[-0.00845, 0.02697, 0.05088] linvel=[0.01385, -0.00448, 0.00278] z=0.1079
[lowlevel-sim][GT] t=54.101 quat=[0.4888, -0.51123, 0.50286, 0.49683] angvel=[-0.05651, -0.02025, 0.02181] linvel=[0.01293, -0.00511, 0.00964] z=0.1079
[lowlevel-sim][GT] t=54.151 quat=[0.48883, -0.51111, 0.50301, 0.49678] angvel=[-0.03295, 0.02562, -0.007] linvel=[0.01069, -0.00501, 0.00533] z=0.1079
[lowlevel-sim][GT] t=54.201 quat=[0.48905, -0.51091, 0.50295, 0.49683] angvel=[-0.01388, -0.04979, -0.01106] linvel=[0.00434, -0.00334, 0.00179] z=0.1079
[lowlevel-sim][GT] t=54.251 quat=[0.48896, -0.51098, 0.50293, 0.49686] angvel=[0.03431, 0.01796, -0.03265] linvel=[0.00755, -0.00282, -0.00149] z=0.1080
[lowlevel-sim][GT] t=54.301 quat=[0.48915, -0.51093, 0.50297, 0.49669] angvel=[0.07412, -0.00025, -0.02496] linvel=[0.00801, 0.00079, -0.00398] z=0.1080
[lowlevel-sim][GT] t=54.351 quat=[0.48913, -0.51094, 0.50307, 0.49661] angvel=[-0.03959, -0.00968, -0.05342] linvel=[0.00314, -0.00629, 0.00477] z=0.1080
[lowlevel-sim][GT] t=54.401 quat=[0.48925, -0.51078, 0.50307, 0.49666] angvel=[-0.03038, 0.02521, -0.00186] linvel=[0.00633, -0.00556, 0.00207] z=0.1080
[lowlevel-sim][GT] t=54.451 quat=[0.4891, -0.51086, 0.50304, 0.49674] angvel=[0.01566, 0.00705, 0.01242] linvel=[0.00932, -0.00641, -0.00103] z=0.1080
[lowlevel-sim] t=  54.50 mode=cmd        pd=31317 hold=8595 failclosed=126 rtf=0.217 base_z=+0.108 pitch=+1.543 roll=-3.140 |tau|max= 35.00 sat=2/29 knee_L=+0.283 hip_p_L=-0.110 torn=10084 cmd_age=19.5ms auth=209.6s rig_ign=585 fix_base=0 sat_j=left_ankle_roll_joint:+35.0,right_ankle_roll_joint:-35.0
[lowlevel-sim][GT] t=54.501 quat=[0.48917, -0.51085, 0.50293, 0.4968] angvel=[0.00468, 0.01923, 0.0038] linvel=[0.00941, -0.00358, 0.00025] z=0.1080
[lowlevel-sim][GT] t=54.551 quat=[0.48897, -0.511, 0.50285, 0.49692] angvel=[0.01477, -0.03115, -0.02702] linvel=[0.00808, -0.00534, -0.00078] z=0.1080
[lowlevel-sim][GT] t=54.601 quat=[0.48883, -0.51083, 0.50289, 0.49719] angvel=[0.04884, -0.01518, -0.00304] linvel=[-0.0062, 0.00278, 0.00031] z=0.1080
[lowlevel-sim][GT] t=54.651 quat=[0.48862, -0.51094, 0.50279, 0.4974] angvel=[0.04769, 0.04153, 0.01799] linvel=[-0.00729, -0.00488, -0.00521] z=0.1080
[lowlevel-sim][GT] t=54.701 quat=[0.48863, -0.511, 0.50263, 0.49747] angvel=[-0.00553, -0.01263, 0.0337] linvel=[-0.00337, -0.00198, 0.00334] z=0.1081
[lowlevel-sim][GT] t=54.751 quat=[0.48884, -0.51101, 0.50276, 0.49712] angvel=[-0.03081, -0.0431, -0.03191] linvel=[-0.0038, -0.00216, 0.00385] z=0.1081
[lowlevel-sim][GT] t=54.801 quat=[0.48866, -0.51113, 0.50255, 0.49739] angvel=[0.09293, 0.02389, 0.05146] linvel=[-0.00743, -1e-05, -0.01109] z=0.1081
[lowlevel-sim][GT] t=54.851 quat=[0.4888, -0.51124, 0.50259, 0.49711] angvel=[-0.01884, -0.04111, -0.03292] linvel=[-0.00376, -0.00104, 0.00265] z=0.1081
[lowlevel-sim][GT] t=54.901 quat=[0.48887, -0.51124, 0.50253, 0.49709] angvel=[0.07775, 0.0044, 0.02763] linvel=[-0.00268, -0.00155, -0.01012] z=0.1081
[lowlevel-sim][GT] t=54.951 quat=[0.48888, -0.5112, 0.5026, 0.49705] angvel=[0.02284, 0.01718, 0.00205] linvel=[0.00021, -0.00754, -0.0024] z=0.1081
[lowlevel-sim] t=  55.00 mode=cmd        pd=31567 hold=8595 failclosed=126 rtf=0.217 base_z=+0.108 pitch=+1.543 roll=-3.134 |tau|max= 35.00 sat=2/29 knee_L=+0.283 hip_p_L=-0.110 torn=10098 cmd_age=32.3ms auth=211.6s rig_ign=585 fix_base=0 sat_j=left_ankle_roll_joint:+35.0,right_ankle_roll_joint:-35.0
[lowlevel-sim][GT] t=55.001 quat=[0.48885, -0.51122, 0.50264, 0.49702] angvel=[-0.07529, -0.05481, -0.00136] linvel=[-0.00029, -0.00459, 0.00994] z=0.1080
[lowlevel-sim][GT] t=55.051 quat=[0.48888, -0.51137, 0.50263, 0.49685] angvel=[-0.02769, 0.01287, 0.04636] linvel=[0.00831, -0.00501, 0.00375] z=0.1080
[lowlevel-sim][GT] t=55.101 quat=[0.48887, -0.51144, 0.5026, 0.49681] angvel=[0.00685, -0.02732, 0.01851] linvel=[0.00916, -0.00179, 0.00072] z=0.1080
[lowlevel-sim][GT] t=55.151 quat=[0.48873, -0.51151, 0.50262, 0.49687] angvel=[0.02521, -0.00446, 0.00343] linvel=[0.00479, -0.00112, -0.00458] z=0.1080
[lowlevel-sim][GT] t=55.201 quat=[0.48869, -0.51149, 0.50261, 0.49694] angvel=[-0.01746, -0.02956, -0.00854] linvel=[0.00684, -0.00308, 0.00174] z=0.1080
[lowlevel-sim][GT] t=55.251 quat=[0.48853, -0.51144, 0.50259, 0.49716] angvel=[-0.00415, -0.00192, -0.05406] linvel=[-0.00209, -0.00668, -0.00255] z=0.1080
[lowlevel-sim][GT] t=55.301 quat=[0.48846, -0.51149, 0.50252, 0.49726] angvel=[0.00671, -0.11832, -0.03283] linvel=[0.00555, -0.00254, 0.0062] z=0.1080
[lowlevel-sim][GT] t=55.351 quat=[0.48857, -0.51168, 0.5023, 0.49717] angvel=[-0.01723, -0.00663, -0.01983] linvel=[-0.00404, -0.0111, 0.00181] z=0.1080
[lowlevel-sim][GT] t=55.401 quat=[0.48845, -0.51185, 0.50212, 0.4973] angvel=[0.06765, -0.03158, 0.04702] linvel=[0.00835, -0.00082, -0.00745] z=0.1080
[lowlevel-sim][GT] t=55.451 quat=[0.48835, -0.51188, 0.50216, 0.49732] angvel=[0.01909, 0.01553, 0.00821] linvel=[0.00655, -0.00667, -0.00432] z=0.1080
[lowlevel-sim] t=  55.50 mode=cmd        pd=31817 hold=8595 failclosed=126 rtf=0.217 base_z=+0.108 pitch=+1.542 roll=-3.123 |tau|max= 35.00 sat=2/29 knee_L=+0.283 hip_p_L=-0.110 torn=10119 cmd_age=26.8ms auth=213.8s rig_ign=585 fix_base=0 sat_j=left_ankle_roll_joint:+35.0,right_ankle_roll_joint:-35.0
[lowlevel-sim][GT] t=55.501 quat=[0.4883, -0.51194, 0.50207, 0.49739] angvel=[-0.03026, 0.05722, 0.00723] linvel=[0.00869, -0.00307, 0.00353] z=0.1080
[lowlevel-sim][GT] t=55.551 quat=[0.4884, -0.5119, 0.50199, 0.49742] angvel=[0.04915, 0.01369, 0.00385] linvel=[0.01666, -0.00685, -0.00655] z=0.1080
[lowlevel-sim][GT] t=55.601 quat=[0.4883, -0.51186, 0.50205, 0.4975] angvel=[0.03391, 0.01426, -0.01304] linvel=[0.0067, -0.0007, -0.00336] z=0.1080
[lowlevel-sim][GT] t=55.651 quat=[0.48802, -0.51183, 0.50221, 0.49765] angvel=[-0.00945, 0.00954, 0.00744] linvel=[-0.00112, -0.00666, -0.00304] z=0.1080
[lowlevel-sim][GT] t=55.701 quat=[0.48792, -0.5119, 0.50216, 0.49773] angvel=[-0.07077, 0.04588, 0.02589] linvel=[-0.00555, -0.00272, 0.00638] z=0.1080
[lowlevel-sim][GT] t=55.751 quat=[0.48782, -0.51188, 0.50223, 0.49777] angvel=[0.00142, -0.01046, -0.0298] linvel=[-0.01043, -0.00471, 0.0023] z=0.1080
[lowlevel-sim][GT] t=55.801 quat=[0.48812, -0.51175, 0.50218, 0.49767] angvel=[0.02675, -0.00364, -0.02421] linvel=[-0.00958, -0.00324, -0.00234] z=0.1080
[lowlevel-sim][GT] t=55.851 quat=[0.48808, -0.51181, 0.50234, 0.49747] angvel=[0.02167, 0.01469, 0.00974] linvel=[-0.01031, -0.00268, -0.0008] z=0.1080
[lowlevel-sim][GT] t=55.901 quat=[0.48828, -0.51179, 0.5022, 0.49744] angvel=[-0.00306, -0.05463, -0.05794] linvel=[-0.00769, -0.00202, 0.00426] z=0.1080
[lowlevel-sim][GT] t=55.951 quat=[0.48839, -0.5119, 0.50227, 0.49715] angvel=[-0.01525, -0.00148, 0.03803] linvel=[0.00656, -0.00249, 0.00366] z=0.1080
[lowlevel-sim] t=  56.00 mode=cmd        pd=32067 hold=8595 failclosed=126 rtf=0.217 base_z=+0.108 pitch=+1.543 roll=-3.113 |tau|max= 35.00 sat=2/29 knee_L=+0.283 hip_p_L=-0.110 torn=10149 cmd_age=39.2ms auth=215.9s rig_ign=585 fix_base=0 sat_j=left_ankle_roll_joint:+35.0,right_ankle_roll_joint:-35.0
[lowlevel-sim][GT] t=56.001 quat=[0.48858, -0.51178, 0.50211, 0.49725] angvel=[0.14576, -0.00578, 0.02082] linvel=[0.00826, 0.00484, -0.01201] z=0.1081
[lowlevel-sim][GT] t=56.051 quat=[0.48848, -0.51179, 0.5022, 0.49725] angvel=[0.00935, 0.02954, 0.01006] linvel=[-0.00173, -0.00502, -0.00131] z=0.1080
[lowlevel-sim][GT] t=56.101 quat=[0.48834, -0.51176, 0.50211, 0.49751] angvel=[-0.01204, 0.12566, 0.01076] linvel=[0.00161, -0.00156, 0.00511] z=0.1080
[lowlevel-sim][GT] t=56.151 quat=[0.48815, -0.51193, 0.50203, 0.4976] angvel=[0.02511, 0.03857, 0.01506] linvel=[0.00351, -0.00537, -0.00365] z=0.1080
[lowlevel-sim][GT] t=56.201 quat=[0.48805, -0.51196, 0.50185, 0.49784] angvel=[0.05482, -0.00263, 0.00912] linvel=[-0.00713, -0.00085, -0.00724] z=0.1080
[lowlevel-sim][GT] t=56.251 quat=[0.48768, -0.51211, 0.50195, 0.49795] angvel=[0.00762, 0.0097, 0.00094] linvel=[-0.01142, -0.00643, 0.0048] z=0.1079
[lowlevel-sim][GT] t=56.301 quat=[0.48774, -0.51211, 0.50186, 0.49799] angvel=[0.07805, 0.01703, -0.03294] linvel=[-0.01312, -0.00032, -0.00545] z=0.1079
[lowlevel-sim][GT] t=56.351 quat=[0.48765, -0.51231, 0.50179, 0.49794] angvel=[-0.03248, -0.01281, 0.07525] linvel=[-0.00523, -0.00609, 0.00482] z=0.1079
[lowlevel-sim][GT] t=56.401 quat=[0.48772, -0.51237, 0.50158, 0.49801] angvel=[-0.02878, -0.00421, 0.03012] linvel=[-0.00854, -0.00379, 0.00383] z=0.1079
[lowlevel-sim][GT] t=56.451 quat=[0.48758, -0.51251, 0.50155, 0.49805] angvel=[0.01647, 0.0206, 0.00718] linvel=[-0.01072, -0.00613, -0.00263] z=0.1079
[lowlevel-sim] t=  56.50 mode=cmd        pd=32317 hold=8595 failclosed=126 rtf=0.218 base_z=+0.108 pitch=+1.542 roll=-3.141 |tau|max= 35.00 sat=2/29 knee_L=+0.282 hip_p_L=-0.110 torn=10194 cmd_age=46.8ms auth=217.8s rig_ign=585 fix_base=0 sat_j=left_ankle_roll_joint:+35.0,right_ankle_roll_joint:-35.0
[lowlevel-sim][GT] t=56.501 quat=[0.4873, -0.5127, 0.50132, 0.49836] angvel=[-0.07281, -0.04414, 0.01253] linvel=[-0.00858, -0.00573, 0.00345] z=0.1079
[lowlevel-sim][GT] t=56.551 quat=[0.48727, -0.51274, 0.50125, 0.49841] angvel=[-0.01352, -0.01631, -0.01186] linvel=[-0.01545, -0.00524, 0.00208] z=0.1079
[lowlevel-sim][GT] t=56.601 quat=[0.48736, -0.51267, 0.50129, 0.49835] angvel=[0.0576, 0.04242, 0.00803] linvel=[-0.01221, -0.00294, -0.00541] z=0.1079
[lowlevel-sim][GT] t=56.651 quat=[0.48733, -0.51283, 0.50125, 0.49827] angvel=[-0.00563, 0.02369, 0.0864] linvel=[-0.00482, -0.00451, 0.00254] z=0.1079
[lowlevel-sim][GT] t=56.701 quat=[0.48719, -0.51293, 0.50126, 0.49829] angvel=[-0.10112, -0.1096, -0.03877] linvel=[-0.00921, -0.00769, 0.01046] z=0.1079
[lowlevel-sim][GT] t=56.751 quat=[0.48716, -0.51313, 0.50113, 0.49823] angvel=[0.02355, 0.00479, 0.01222] linvel=[-0.00896, -0.00441, -0.00315] z=0.1078
[lowlevel-sim][GT] t=56.801 quat=[0.48731, -0.51302, 0.50114, 0.49819] angvel=[-0.01398, -0.03532, -0.02918] linvel=[-0.00145, -0.00463, 0.00038] z=0.1078
[lowlevel-sim][GT] t=56.851 quat=[0.48732, -0.51309, 0.50122, 0.49803] angvel=[-0.02988, -0.0216, 0.01088] linvel=[0.00342, -0.00678, -0.0029] z=0.1078
[lowlevel-sim] FAIL-CLOSED engaged at t=56.881s, last command age 86.20 ms (deadline <= 100 ms) PASS
[lowlevel-sim] COMMANDED at t=56.884s (was fail-closed)
[lowlevel-sim][GT] t=56.901 quat=[0.48731, -0.51333, 0.50135, 0.49767] angvel=[-0.0057, 0.01252, 0.0223] linvel=[0.00741, -0.00062, 0.0023] z=0.1076
[lowlevel-sim][GT] t=56.951 quat=[0.4874, -0.51316, 0.50141, 0.4977] angvel=[0.02032, 0.0037, -0.01542] linvel=[0.01243, -0.00665, -0.00023] z=0.1077
[lowlevel-sim] t=  57.00 mode=cmd        pd=32568 hold=8595 failclosed=128 rtf=0.218 base_z=+0.108 pitch=+1.542 roll=-3.107 |tau|max= 35.00 sat=2/29 knee_L=+0.281 hip_p_L=-0.110 torn=10224 cmd_age=42.0ms auth=220.1s rig_ign=585 fix_base=0 sat_j=left_ankle_roll_joint:+35.0,right_ankle_roll_joint:-35.0
[lowlevel-sim][GT] t=57.001 quat=[0.48757, -0.51296, 0.50143, 0.49772] angvel=[0.01835, 0.04984, 0.00883] linvel=[0.01415, -0.00321, -0.00087] z=0.1077
[lowlevel-sim][GT] t=57.051 quat=[0.48781, -0.51278, 0.50164, 0.49745] angvel=[0.01695, -0.04894, -0.05067] linvel=[0.00659, -0.00639, -0.00238] z=0.1077
[lowlevel-sim][GT] t=57.101 quat=[0.48811, -0.51252, 0.50179, 0.49727] angvel=[-0.0067, 0.04713, 0.02954] linvel=[0.01148, -0.00069, 0.00117] z=0.1077
[lowlevel-sim][GT] t=57.151 quat=[0.48791, -0.51249, 0.502, 0.49729] angvel=[-0.03162, 0.0515, 0.04786] linvel=[0.01389, -0.00806, 0.00318] z=0.1077
[lowlevel-sim][GT] t=57.201 quat=[0.48802, -0.51236, 0.50207, 0.49724] angvel=[0.02118, -0.02311, -0.01283] linvel=[0.00961, -0.00112, 0.00015] z=0.1077
[lowlevel-sim][GT] t=57.251 quat=[0.48788, -0.51238, 0.502, 0.49743] angvel=[0.0064, 0.02165, 0.02792] linvel=[0.01019, -0.0058, 0.00144] z=0.1078
[lowlevel-sim][GT] t=57.301 quat=[0.48806, -0.51215, 0.50199, 0.4975] angvel=[0.07436, 0.04237, -0.01538] linvel=[0.01536, 0.00128, -0.00325] z=0.1078
[lowlevel-sim][GT] t=57.351 quat=[0.48805, -0.51207, 0.50217, 0.4974] angvel=[0.00575, -0.03304, -0.02999] linvel=[0.00442, -0.00563, 0.00119] z=0.1078
[lowlevel-sim][GT] t=57.401 quat=[0.48807, -0.512, 0.50214, 0.49749] angvel=[0.05951, 0.05293, 0.02141] linvel=[0.01095, -0.00023, -0.00244] z=0.1078
[lowlevel-sim][GT] t=57.451 quat=[0.48777, -0.51191, 0.50214, 0.49788] angvel=[-0.03147, -0.04084, 0.01963] linvel=[0.003, -0.00132, 0.0048] z=0.1079
[lowlevel-sim] t=  57.50 mode=cmd        pd=32818 hold=8595 failclosed=128 rtf=0.218 base_z=+0.108 pitch=+1.542 roll=+3.112 |tau|max= 35.00 sat=2/29 knee_L=+0.283 hip_p_L=-0.110 torn=10249 cmd_age=34.7ms auth=222.3s rig_ign=585 fix_base=0 sat_j=left_ankle_roll_joint:+35.0,right_ankle_roll_joint:-35.0
[lowlevel-sim][GT] t=57.501 quat=[0.48754, -0.51204, 0.502, 0.49812] angvel=[-0.06341, -0.0058, 0.00334] linvel=[-0.00462, -0.00443, 0.00663] z=0.1078
[lowlevel-sim][GT] t=57.551 quat=[0.4877, -0.51216, 0.50203, 0.49781] angvel=[0.0033, -0.01986, -0.01263] linvel=[-0.00143, -0.00722, -0.0024] z=0.1078
[lowlevel-sim][GT] t=57.601 quat=[0.48776, -0.51219, 0.50194, 0.49781] angvel=[0.01599, 0.02299, 0.01072] linvel=[-0.00087, -0.00238, 0.0025] z=0.1078
[lowlevel-sim][GT] t=57.651 quat=[0.48762, -0.51229, 0.50196, 0.49781] angvel=[-0.01107, -0.03442, -0.00562] linvel=[-0.00619, -0.00462, 0.0052] z=0.1078
[lowlevel-sim][GT] t=57.701 quat=[0.48769, -0.51219, 0.50192, 0.49789] angvel=[-0.00253, -0.05094, 0.00397] linvel=[-0.00462, -0.00148, 0.00653] z=0.1078
[lowlevel-sim][GT] t=57.751 quat=[0.48766, -0.51216, 0.50187, 0.498] angvel=[0.00476, -0.05583, -0.03982] linvel=[-0.0101, -0.00601, 0.00034] z=0.1079
[lowlevel-sim][GT] t=57.801 quat=[0.48788, -0.51219, 0.50179, 0.49784] angvel=[0.00081, -0.09941, -0.02787] linvel=[-0.00745, -0.00397, -0.00138] z=0.1079
[lowlevel-sim][GT] t=57.851 quat=[0.48777, -0.51221, 0.50176, 0.49796] angvel=[0.01325, -0.00122, 0.0359] linvel=[-0.01461, -0.00075, 0.00185] z=0.1079
[lowlevel-sim][GT] t=57.901 quat=[0.48775, -0.5122, 0.50153, 0.49823] angvel=[0.03349, -0.0069, 0.02366] linvel=[-0.00843, -0.0006, 0.00041] z=0.1080
[lowlevel-sim][GT] t=57.951 quat=[0.48784, -0.51222, 0.50161, 0.49802] angvel=[0.04345, -0.00539, 0.02332] linvel=[-0.0067, -0.00389, -0.0032] z=0.1080
[lowlevel-sim] t=  58.00 mode=cmd        pd=33068 hold=8595 failclosed=128 rtf=0.218 base_z=+0.108 pitch=+1.543 roll=-3.119 |tau|max= 35.00 sat=2/29 knee_L=+0.282 hip_p_L=-0.109 torn=10276 cmd_age=36.2ms auth=224.4s rig_ign=585 fix_base=0 sat_j=left_ankle_roll_joint:+35.0,right_ankle_roll_joint:-35.0
[lowlevel-sim][GT] t=58.001 quat=[0.48802, -0.51226, 0.50153, 0.49788] angvel=[0.05269, 0.04589, 0.00665] linvel=[0.00293, 0.00081, -0.00099] z=0.1080
[lowlevel-sim][GT] t=58.051 quat=[0.48798, -0.51243, 0.5015, 0.49778] angvel=[-0.02069, 0.00375, 0.02412] linvel=[0.01608, -0.00421, 0.00404] z=0.1080
[lowlevel-sim][GT] t=58.101 quat=[0.48777, -0.51247, 0.50137, 0.49809] angvel=[-0.05396, 0.01081, 0.03651] linvel=[0.00206, -0.00097, 0.00815] z=0.1080
[lowlevel-sim][GT] t=58.151 quat=[0.48749, -0.51261, 0.50145, 0.49813] angvel=[0.01133, -0.03009, -0.01399] linvel=[-0.00512, -0.00701, -0.00131] z=0.1079
[lowlevel-sim][GT] t=58.201 quat=[0.48712, -0.51265, 0.5013, 0.4986] angvel=[-0.0399, 0.00825, 0.02626] linvel=[-0.00841, -0.00307, 0.00518] z=0.1079
[lowlevel-sim][GT] t=58.251 quat=[0.48718, -0.51287, 0.50119, 0.49843] angvel=[-0.00607, -0.03936, -0.0418] linvel=[-0.01053, -0.00458, 0.00157] z=0.1079
[lowlevel-sim][GT] t=58.301 quat=[0.48703, -0.51299, 0.50104, 0.49861] angvel=[-0.0074, -0.0, 0.03427] linvel=[-0.01392, -0.00246, 0.00248] z=0.1079
[lowlevel-sim][GT] t=58.351 quat=[0.48696, -0.51303, 0.501, 0.49867] angvel=[0.01666, -0.00792, -0.0488] linvel=[-0.00906, -0.00562, -0.00169] z=0.1080
[lowlevel-sim][GT] t=58.401 quat=[0.48714, -0.51304, 0.50097, 0.49851] angvel=[0.04303, -0.0257, -0.03374] linvel=[-0.00211, -0.00206, -0.00372] z=0.1079
[lowlevel-sim][GT] t=58.451 quat=[0.48717, -0.51313, 0.50105, 0.49831] angvel=[-0.00204, 0.01967, -0.00438] linvel=[0.00308, -0.00182, 0.00059] z=0.1079
[lowlevel-sim] t=  58.50 mode=cmd        pd=33318 hold=8595 failclosed=128 rtf=0.218 base_z=+0.108 pitch=+1.542 roll=-3.118 |tau|max= 35.00 sat=2/29 knee_L=+0.281 hip_p_L=-0.110 torn=10303 cmd_age=37.4ms auth=226.7s rig_ign=585 fix_base=0 sat_j=left_ankle_roll_joint:+35.0,right_ankle_roll_joint:-35.0
[lowlevel-sim][GT] t=58.501 quat=[0.4873, -0.51302, 0.50098, 0.49836] angvel=[0.07467, 0.03354, -0.00618] linvel=[0.00418, 0.00318, -0.00421] z=0.1079
[lowlevel-sim][GT] t=58.551 quat=[0.48728, -0.51306, 0.50107, 0.49825] angvel=[0.03207, 0.01681, 0.03488] linvel=[0.01541, -0.00475, -0.00205] z=0.1079
[lowlevel-sim][GT] t=58.601 quat=[0.48717, -0.51305, 0.501, 0.49845] angvel=[-0.04828, 0.02944, 0.00423] linvel=[0.0053, -0.00243, 0.00327] z=0.1078
[lowlevel-sim][GT] t=58.651 quat=[0.48716, -0.51305, 0.50102, 0.49843] angvel=[-0.02353, -0.00845, -0.00362] linvel=[0.01208, -0.00012, 0.00406] z=0.1079
[lowlevel-sim][GT] t=58.701 quat=[0.48726, -0.51279, 0.50107, 0.49855] angvel=[0.02104, -0.01583, 0.0068] linvel=[0.01172, -0.00223, -0.00173] z=0.1079
[lowlevel-sim][GT] t=58.751 quat=[0.48747, -0.5127, 0.5012, 0.4983] angvel=[0.03572, -0.01417, -0.02762] linvel=[0.01081, -0.00499, -0.00303] z=0.1079
[lowlevel-sim][GT] t=58.801 quat=[0.48755, -0.51252, 0.5013, 0.49831] angvel=[-0.07075, -0.0789, -0.03235] linvel=[0.01225, -0.0036, 0.00737] z=0.1080
[lowlevel-sim][GT] t=58.851 quat=[0.48753, -0.51245, 0.50148, 0.49822] angvel=[0.00341, 0.02589, 0.02083] linvel=[0.00565, -0.00141, -0.00028] z=0.1080
[lowlevel-sim][GT] t=58.901 quat=[0.48742, -0.51241, 0.50142, 0.49844] angvel=[-0.00761, 0.0151, 0.01087] linvel=[-0.00185, -0.00466, -0.00019] z=0.1080
[lowlevel-sim][GT] t=58.951 quat=[0.48735, -0.5125, 0.50136, 0.49848] angvel=[0.03122, -0.00846, -0.0288] linvel=[-0.00335, -0.00559, -5e-05] z=0.1079
[lowlevel-sim] t=  59.00 mode=cmd        pd=33568 hold=8595 failclosed=128 rtf=0.218 base_z=+0.108 pitch=+1.543 roll=+3.126 |tau|max= 35.00 sat=2/29 knee_L=+0.283 hip_p_L=-0.110 torn=10326 cmd_age=40.5ms auth=228.9s rig_ign=585 fix_base=0 sat_j=left_ankle_roll_joint:+35.0,right_ankle_roll_joint:-35.0
[lowlevel-sim][GT] t=59.001 quat=[0.48731, -0.51247, 0.50133, 0.49857] angvel=[-0.03807, -0.09922, 0.00966] linvel=[0.00307, -0.00633, 0.00159] z=0.1079
[lowlevel-sim][GT] t=59.051 quat=[0.48734, -0.51255, 0.50147, 0.49831] angvel=[0.0061, 0.00289, -0.01715] linvel=[-0.00096, -0.00246, 0.00057] z=0.1079
[lowlevel-sim][GT] t=59.101 quat=[0.48757, -0.51242, 0.50144, 0.49826] angvel=[-0.02457, -0.0308, -0.00328] linvel=[0.00765, -0.00158, 0.00324] z=0.1079
[lowlevel-sim][GT] t=59.151 quat=[0.48761, -0.51256, 0.50144, 0.49808] angvel=[-0.01487, -0.01832, -0.05547] linvel=[0.00408, -0.00462, 0.00284] z=0.1079
[lowlevel-sim][GT] t=59.201 quat=[0.48763, -0.51239, 0.50155, 0.49811] angvel=[0.05965, 0.01306, -0.03547] linvel=[0.00585, 0.00207, -0.00334] z=0.1079
[lowlevel-sim][GT] t=59.251 quat=[0.48797, -0.51229, 0.50158, 0.49786] angvel=[0.01357, -0.0255, -0.00825] linvel=[0.00688, -0.00651, -0.00037] z=0.1079
[lowlevel-sim][GT] t=59.301 quat=[0.4881, -0.51215, 0.50172, 0.49774] angvel=[0.04315, -0.03414, 0.00529] linvel=[0.0053, -0.00229, -0.00556] z=0.1079
[lowlevel-sim][GT] t=59.351 quat=[0.4879, -0.51221, 0.50185, 0.49773] angvel=[0.00984, 0.04078, 0.02983] linvel=[0.01354, -0.00653, -0.0013] z=0.1079
[lowlevel-sim][GT] t=59.401 quat=[0.48765, -0.51235, 0.50163, 0.49806] angvel=[-0.00203, -0.00674, 0.03455] linvel=[0.0066, 8e-05, 0.00261] z=0.1079
[lowlevel-sim][GT] t=59.451 quat=[0.48735, -0.51245, 0.50164, 0.49823] angvel=[-0.03635, -0.01748, -0.07553] linvel=[-0.00491, -0.00716, 0.00389] z=0.1078
[lowlevel-sim] t=  59.50 mode=cmd        pd=33818 hold=8595 failclosed=128 rtf=0.218 base_z=+0.108 pitch=+1.542 roll=+3.130 |tau|max= 35.00 sat=2/29 knee_L=+0.282 hip_p_L=-0.110 torn=10348 cmd_age=35.1ms auth=231.1s rig_ign=585 fix_base=0 sat_j=left_ankle_roll_joint:+35.0,right_ankle_roll_joint:-35.0
[lowlevel-sim][GT] t=59.501 quat=[0.48751, -0.5123, 0.50172, 0.49817] angvel=[0.04788, 0.04769, -0.01204] linvel=[0.00063, -0.0032, -0.00595] z=0.1078
[lowlevel-sim][GT] t=59.551 quat=[0.48744, -0.51233, 0.50169, 0.49823] angvel=[0.00757, -0.00234, -0.00459] linvel=[0.00194, -0.00642, -0.00199] z=0.1078
[lowlevel-sim][GT] t=59.601 quat=[0.48758, -0.5124, 0.50149, 0.49822] angvel=[0.02759, 0.04942, 0.02592] linvel=[0.00146, -0.00171, -0.00297] z=0.1079
[lowlevel-sim][GT] t=59.651 quat=[0.48763, -0.51254, 0.5015, 0.49801] angvel=[-0.03915, -0.03503, 0.00961] linvel=[0.0177, -0.01212, 0.00435] z=0.1079
[lowlevel-sim][GT] t=59.701 quat=[0.48755, -0.51251, 0.50142, 0.4982] angvel=[0.11041, -0.03709, 0.02578] linvel=[0.01069, 0.0022, -0.00604] z=0.1079
[lowlevel-sim][GT] t=59.751 quat=[0.48755, -0.51259, 0.50148, 0.49806] angvel=[0.01764, -0.03884, -0.03145] linvel=[0.00797, -0.00727, -0.00143] z=0.1078
[lowlevel-sim][GT] t=59.801 quat=[0.48768, -0.51257, 0.50144, 0.49799] angvel=[0.0275, 0.01314, -0.00052] linvel=[0.01178, -0.00161, -0.00258] z=0.1078
[lowlevel-sim][GT] t=59.851 quat=[0.48748, -0.51244, 0.50176, 0.49799] angvel=[0.02382, 0.02005, -0.07047] linvel=[0.00357, -0.00472, -0.00105] z=0.1078
[lowlevel-sim][GT] t=59.901 quat=[0.48755, -0.51238, 0.50167, 0.49808] angvel=[0.00847, -0.01457, 0.01918] linvel=[0.00952, -0.0026, 0.00163] z=0.1078
[lowlevel-sim][GT] t=59.951 quat=[0.4872, -0.51246, 0.50159, 0.49843] angvel=[0.0129, 0.00725, 0.02041] linvel=[0.00625, -0.00201, -0.00158] z=0.1078
[lowlevel-sim] t=  60.00 mode=cmd        pd=34068 hold=8595 failclosed=128 rtf=0.218 base_z=+0.108 pitch=+1.542 roll=+3.129 |tau|max= 35.00 sat=2/29 knee_L=+0.282 hip_p_L=-0.110 torn=10384 cmd_age=44.5ms auth=233.1s rig_ign=585 fix_base=0 sat_j=left_ankle_roll_joint:+35.0,right_ankle_roll_joint:-35.0
[lowlevel-sim][GT] t=60.001 quat=[0.48728, -0.51254, 0.50152, 0.49834] angvel=[-0.01526, -0.02166, -0.01778] linvel=[0.00425, -0.0022, 0.0005] z=0.1078
[lowlevel-sim][GT] t=60.051 quat=[0.48731, -0.51252, 0.50167, 0.49816] angvel=[-0.02013, -0.01876, -0.01801] linvel=[0.00321, -0.00713, 0.00292] z=0.1078
[lowlevel-sim][GT] t=60.101 quat=[0.4872, -0.51235, 0.50174, 0.49839] angvel=[-0.08254, 0.0946, 0.01766] linvel=[-0.01384, -0.00887, 0.00739] z=0.1078
[lowlevel-sim][GT] t=60.151 quat=[0.4872, -0.51242, 0.50186, 0.49819] angvel=[-0.0099, 0.01635, 0.05584] linvel=[-0.00206, -0.00476, 0.00161] z=0.1078
[lowlevel-sim][GT] t=60.201 quat=[0.48728, -0.51238, 0.5017, 0.49832] angvel=[0.0084, -0.00751, 0.01607] linvel=[-0.00664, -0.00071, 0.00035] z=0.1078
[lowlevel-sim][GT] t=60.251 quat=[0.48747, -0.51244, 0.50185, 0.49792] angvel=[-0.00241, -0.03942, -0.00164] linvel=[-0.00753, -0.0071, -0.003] z=0.1078
[lowlevel-sim][GT] t=60.301 quat=[0.48773, -0.51237, 0.50182, 0.49777] angvel=[-0.00783, -0.01545, -0.02881] linvel=[-0.00507, -0.00092, -0.00015] z=0.1078
[lowlevel-sim][GT] t=60.351 quat=[0.48784, -0.51229, 0.50189, 0.49766] angvel=[-0.0194, -0.03918, -0.07279] linvel=[-0.01641, -0.00529, 0.00448] z=0.1078
[lowlevel-sim][GT] t=60.401 quat=[0.488, -0.51229, 0.50176, 0.49764] angvel=[-0.02093, 0.00576, 0.01419] linvel=[-0.00864, -0.00282, 0.00189] z=0.1078
[lowlevel-sim][GT] t=60.451 quat=[0.48774, -0.5125, 0.50186, 0.49758] angvel=[-0.05264, 0.02371, -0.01066] linvel=[-0.00561, -0.00803, -0.00039] z=0.1077
[lowlevel-sim] t=  60.50 mode=cmd        pd=34318 hold=8595 failclosed=128 rtf=0.218 base_z=+0.108 pitch=+1.542 roll=-3.135 |tau|max= 35.00 sat=2/29 knee_L=+0.281 hip_p_L=-0.110 torn=10409 cmd_age=40.3ms auth=235.3s rig_ign=585 fix_base=0 sat_j=left_ankle_roll_joint:+35.0,right_ankle_roll_joint:-35.0
[lowlevel-sim][GT] t=60.501 quat=[0.48757, -0.51254, 0.50176, 0.49781] angvel=[0.05623, -0.01802, 0.04807] linvel=[-0.00662, 0.00213, -0.00328] z=0.1077
[lowlevel-sim][GT] t=60.551 quat=[0.48747, -0.51264, 0.50142, 0.49814] angvel=[0.04371, -0.02601, -0.0086] linvel=[-0.0153, -0.00569, 0.00242] z=0.1078
[lowlevel-sim][GT] t=60.601 quat=[0.48751, -0.51271, 0.50113, 0.49833] angvel=[0.01867, -0.00694, -0.00159] linvel=[-0.0103, 0.00029, -0.00315] z=0.1078
[lowlevel-sim][GT] t=60.651 quat=[0.4872, -0.51303, 0.50097, 0.49846] angvel=[-0.00846, 0.00293, 0.04433] linvel=[-0.01364, -0.00616, 0.00098] z=0.1078
[lowlevel-sim][GT] t=60.701 quat=[0.48716, -0.51311, 0.50079, 0.4986] angvel=[-0.04465, 0.11385, 0.05582] linvel=[-0.01055, -0.00229, 0.01088] z=0.1079
[lowlevel-sim][GT] t=60.751 quat=[0.48715, -0.51323, 0.5008, 0.49849] angvel=[0.00211, -0.02389, -0.05361] linvel=[-0.01095, -0.00715, -0.00269] z=0.1078
[lowlevel-sim][GT] t=60.801 quat=[0.48703, -0.51319, 0.50097, 0.49847] angvel=[0.02847, -0.06275, -0.01295] linvel=[-0.01466, -0.00218, -0.00022] z=0.1078
[lowlevel-sim][GT] t=60.851 quat=[0.48707, -0.51316, 0.50096, 0.49847] angvel=[0.01558, 0.04344, 0.04952] linvel=[0.0019, -0.00486, -0.00367] z=0.1078
[lowlevel-sim][GT] t=60.901 quat=[0.48714, -0.51311, 0.50106, 0.49834] angvel=[0.0735, 0.03846, 0.0091] linvel=[-0.00093, -0.00116, -0.00746] z=0.1078
[lowlevel-sim][GT] t=60.951 quat=[0.48708, -0.51303, 0.50112, 0.49843] angvel=[-0.01051, -0.01212, -0.00883] linvel=[-0.00729, -0.00448, 0.00265] z=0.1079
[lowlevel-sim] t=  61.00 mode=cmd        pd=34568 hold=8595 failclosed=128 rtf=0.218 base_z=+0.108 pitch=+1.542 roll=-3.120 |tau|max= 35.00 sat=2/29 knee_L=+0.281 hip_p_L=-0.110 torn=10431 cmd_age=24.7ms auth=237.8s rig_ign=585 fix_base=0 sat_j=left_ankle_roll_joint:+35.0,right_ankle_roll_joint:-35.0
[lowlevel-sim][GT] t=61.001 quat=[0.48739, -0.51294, 0.50115, 0.4982] angvel=[0.07907, 0.04317, -0.02003] linvel=[-0.00581, 0.00221, -0.0064] z=0.1079
[lowlevel-sim][GT] t=61.051 quat=[0.48763, -0.51294, 0.50119, 0.49791] angvel=[0.01822, 0.04193, 0.03301] linvel=[0.01941, -0.0062, -0.00102] z=0.1079
[lowlevel-sim][GT] t=61.101 quat=[0.48765, -0.51275, 0.50123, 0.49806] angvel=[0.01866, -0.03082, -0.03227] linvel=[0.00369, -0.00053, 0.00181] z=0.1079
[lowlevel-sim][GT] t=61.151 quat=[0.48755, -0.51274, 0.5012, 0.49818] angvel=[0.03078, 0.00443, 0.03239] linvel=[0.0025, -0.00712, -0.0027] z=0.1079
[lowlevel-sim][GT] t=61.201 quat=[0.48769, -0.51273, 0.50105, 0.4982] angvel=[0.00167, 0.09485, 0.0456] linvel=[0.01033, -0.00135, 0.0056] z=0.1080
[lowlevel-sim][GT] t=61.251 quat=[0.4875, -0.51275, 0.50115, 0.49828] angvel=[-0.0084, 0.0186, 0.01401] linvel=[0.0029, -0.0058, 0.00066] z=0.1080
[lowlevel-sim][GT] t=61.301 quat=[0.48721, -0.51276, 0.50103, 0.49867] angvel=[0.04474, 0.04313, 0.01502] linvel=[-0.01072, 8e-05, -0.00097] z=0.1081
[lowlevel-sim][GT] t=61.351 quat=[0.48716, -0.51285, 0.50099, 0.49867] angvel=[-0.01548, 0.00796, 0.00064] linvel=[-0.01152, -0.00459, 0.00291] z=0.1081
[lowlevel-sim][GT] t=61.401 quat=[0.48733, -0.51277, 0.50087, 0.49869] angvel=[0.02257, -0.02647, -0.02256] linvel=[-0.00111, -0.00258, -0.00373] z=0.1081
[lowlevel-sim][GT] t=61.451 quat=[0.48739, -0.51294, 0.50088, 0.49847] angvel=[0.03507, 0.03159, 0.0458] linvel=[0.01253, -0.00498, 0.00018] z=0.1081
[lowlevel-sim] t=  61.50 mode=cmd        pd=34818 hold=8595 failclosed=128 rtf=0.218 base_z=+0.108 pitch=+1.543 roll=-3.110 |tau|max= 35.00 sat=2/29 knee_L=+0.282 hip_p_L=-0.110 torn=10449 cmd_age=45.5ms auth=240.1s rig_ign=585 fix_base=0 sat_j=left_ankle_roll_joint:+35.0,right_ankle_roll_joint:-35.0
[lowlevel-sim][GT] t=61.501 quat=[0.48751, -0.51292, 0.50079, 0.49845] angvel=[0.0502, -0.03394, 0.02042] linvel=[0.01458, 0.0009, -0.00397] z=0.1081
[lowlevel-sim][GT] t=61.551 quat=[0.4876, -0.51298, 0.50088, 0.4982] angvel=[-0.00674, -0.02094, -0.03534] linvel=[0.01271, -0.00658, 0.00114] z=0.1080
[lowlevel-sim] FAIL-CLOSED engaged at t=61.591s, last command age 86.49 ms (deadline <= 100 ms) PASS
[lowlevel-sim][GT] t=61.601 quat=[0.48702, -0.51355, 0.50168, 0.49739] angvel=[-0.49132, -0.0369, -0.00454] linvel=[0.01479, -0.00643, -0.03337] z=0.1077
[lowlevel-sim] COMMANDED at t=61.624s (was fail-closed)
[lowlevel-sim][GT] t=61.651 quat=[0.48312, -0.51736, 0.50561, 0.49326] angvel=[0.12539, 0.01544, 0.00988] linvel=[0.01678, -0.00071, 0.0097] z=0.1050
[lowlevel-sim] FAIL-CLOSED engaged at t=61.680s, last command age 108.69 ms (deadline <= 100 ms) FAIL
[lowlevel-sim] COMMANDED at t=61.682s (was fail-closed)
[lowlevel-sim][GT] t=61.701 quat=[0.4845, -0.51551, 0.50406, 0.49541] angvel=[0.12283, -0.00766, -0.00113] linvel=[0.01466, -0.00456, 0.00567] z=0.1058
[lowlevel-sim] FAIL-CLOSED engaged at t=61.701s, last command age 88.30 ms (deadline <= 100 ms) PASS
[lowlevel-sim] COMMANDED at t=61.702s (was fail-closed)
[lowlevel-sim][GT] t=61.751 quat=[0.48525, -0.51433, 0.5033, 0.49667] angvel=[0.08763, 0.02727, 0.01072] linvel=[0.01443, -0.00226, 0.0069] z=0.1063
[lowlevel-sim][GT] t=61.801 quat=[0.48591, -0.51352, 0.50288, 0.49728] angvel=[0.00251, -0.0065, -0.0182] linvel=[0.00611, -0.00442, 0.00051] z=0.1067
[lowlevel-sim][GT] t=61.851 quat=[0.48648, -0.51319, 0.50282, 0.49714] angvel=[0.00657, -0.02848, -0.0699] linvel=[0.00452, -0.00328, 0.00383] z=0.1069
[lowlevel-sim][GT] t=61.901 quat=[0.4867, -0.5129, 0.50278, 0.49726] angvel=[0.02689, -0.02329, -0.00713] linvel=[-0.00471, -0.00043, 0.00215] z=0.1070
[lowlevel-sim][GT] t=61.951 quat=[0.48679, -0.51276, 0.50275, 0.49735] angvel=[0.02811, 0.00273, 0.00372] linvel=[-0.00613, -0.0042, -0.0043] z=0.1071
[lowlevel-sim] t=  62.00 mode=cmd        pd=35085 hold=8595 failclosed=162 rtf=0.218 base_z=+0.107 pitch=+1.539 roll=+3.110 |tau|max= 35.00 sat=2/29 knee_L=+0.279 hip_p_L=-0.111 torn=10471 cmd_age=36.7ms auth=242.2s rig_ign=585 fix_base=0 sat_j=left_ankle_roll_joint:+35.0,right_ankle_roll_joint:-35.0
[lowlevel-sim][GT] t=62.001 quat=[0.48679, -0.5127, 0.50276, 0.49739] angvel=[0.02652, -0.0003, -0.02237] linvel=[-0.00954, -0.00015, 9e-05] z=0.1071
[lowlevel-sim][GT] t=62.051 quat=[0.48691, -0.51262, 0.50284, 0.49729] angvel=[0.04263, 0.02295, 0.02975] linvel=[0.0007, -0.00504, -0.00108] z=0.1071
[lowlevel-sim][GT] t=62.101 quat=[0.48704, -0.51254, 0.50274, 0.49734] angvel=[0.0225, -0.00106, 0.01209] linvel=[-0.00687, -6e-05, 0.00079] z=0.1072
[lowlevel-sim][GT] t=62.151 quat=[0.48716, -0.51242, 0.50275, 0.49734] angvel=[-0.00452, -0.01526, -0.00221] linvel=[-0.00881, -0.00335, 0.0008] z=0.1072
[lowlevel-sim][GT] t=62.201 quat=[0.4873, -0.51237, 0.50259, 0.49741] angvel=[0.03908, 0.03889, 0.02605] linvel=[-0.01006, 0.00173, -0.0043] z=0.1073
[lowlevel-sim][GT] t=62.251 quat=[0.48738, -0.51246, 0.50274, 0.49709] angvel=[-0.00616, -0.01958, 0.02935] linvel=[-0.00994, -0.00519, 0.00202] z=0.1073
[lowlevel-sim][GT] t=62.301 quat=[0.48753, -0.51227, 0.5027, 0.49719] angvel=[0.0102, -0.00327, -0.01285] linvel=[-0.01186, -0.00024, -9e-05] z=0.1073
[lowlevel-sim][GT] t=62.351 quat=[0.48764, -0.51242, 0.50264, 0.49698] angvel=[-0.01091, -0.01391, -0.00985] linvel=[-0.00985, -0.00898, 0.00236] z=0.1073
[lowlevel-sim][GT] t=62.401 quat=[0.4878, -0.51233, 0.50241, 0.49715] angvel=[0.04367, 0.00751, -0.00409] linvel=[-0.012, 0.00068, -0.00135] z=0.1075
[lowlevel-sim][GT] t=62.451 quat=[0.48777, -0.51252, 0.50218, 0.49722] angvel=[-0.00092, 0.00014, 0.00885] linvel=[-0.01281, -0.00449, -0.0008] z=0.1075
[lowlevel-sim] t=  62.50 mode=cmd        pd=35335 hold=8595 failclosed=162 rtf=0.218 base_z=+0.108 pitch=+1.542 roll=-3.128 |tau|max= 35.00 sat=2/29 knee_L=+0.280 hip_p_L=-0.109 torn=10490 cmd_age=48.9ms auth=244.5s rig_ign=585 fix_base=0 sat_j=left_ankle_roll_joint:+35.0,right_ankle_roll_joint:-35.0
[lowlevel-sim][GT] t=62.501 quat=[0.48773, -0.51243, 0.50199, 0.49754] angvel=[0.00487, 0.02052, 0.02113] linvel=[-0.01304, -0.00045, 0.00153] z=0.1076
[lowlevel-sim][GT] t=62.551 quat=[0.48762, -0.5126, 0.50187, 0.49759] angvel=[0.00653, 0.02315, 0.03887] linvel=[-0.00206, -0.00742, 0.0016] z=0.1076
[lowlevel-sim][GT] t=62.601 quat=[0.48748, -0.51265, 0.50166, 0.49789] angvel=[0.00093, -0.00136, 0.01265] linvel=[-0.01056, -0.00077, -0.00016] z=0.1077
[lowlevel-sim][GT] t=62.651 quat=[0.4874, -0.51278, 0.50162, 0.49787] angvel=[-0.02633, -0.02184, -0.01577] linvel=[-0.00599, -0.00489, 0.00266] z=0.1076
[lowlevel-sim][GT] t=62.701 quat=[0.48739, -0.51286, 0.50147, 0.49794] angvel=[0.02383, 0.01521, -0.00046] linvel=[-0.00905, -0.00027, -0.00069] z=0.1077
[lowlevel-sim][GT] t=62.751 quat=[0.48719, -0.51313, 0.50128, 0.49806] angvel=[-0.02369, 0.02245, 0.01004] linvel=[-0.01153, -0.0015, 0.00788] z=0.1077
[lowlevel-sim][GT] t=62.801 quat=[0.48728, -0.51291, 0.50126, 0.49821] angvel=[-0.06358, -0.05838, -0.03205] linvel=[-0.00878, -0.00319, 0.00737] z=0.1078
[lowlevel-sim][GT] t=62.851 quat=[0.48747, -0.5129, 0.50137, 0.49793] angvel=[0.01713, -0.00832, 0.02924] linvel=[0.00312, -0.00451, 0.0059] z=0.1078
[lowlevel-sim][GT] t=62.901 quat=[0.48779, -0.51272, 0.50128, 0.4979] angvel=[-0.06219, 0.05445, 0.03589] linvel=[0.00678, -0.003, 0.0074] z=0.1078
[lowlevel-sim][GT] t=62.951 quat=[0.48767, -0.51265, 0.50128, 0.49809] angvel=[-0.0018, 0.01213, -0.03271] linvel=[-0.00381, -0.00519, 0.00183] z=0.1079
[lowlevel-sim] t=  63.00 mode=cmd        pd=35585 hold=8595 failclosed=162 rtf=0.218 base_z=+0.108 pitch=+1.543 roll=-3.110 |tau|max= 35.00 sat=2/29 knee_L=+0.281 hip_p_L=-0.109 torn=10509 cmd_age=25.9ms auth=246.7s rig_ign=585 fix_base=0 sat_j=left_ankle_roll_joint:+35.0,right_ankle_roll_joint:-35.0
[lowlevel-sim][GT] t=63.001 quat=[0.48774, -0.5127, 0.50116, 0.49808] angvel=[0.01511, 0.01791, 0.01665] linvel=[0.0003, 0.00087, 0.00037] z=0.1079
[lowlevel-sim][GT] t=63.051 quat=[0.48762, -0.51279, 0.50124, 0.49802] angvel=[-0.02898, 0.0102, 0.00841] linvel=[0.00236, -0.00319, 0.00355] z=0.1079
[lowlevel-sim][GT] t=63.101 quat=[0.48772, -0.51267, 0.5011, 0.4982] angvel=[0.05118, 0.01506, -0.01647] linvel=[0.00355, 0.0009, -0.00173] z=0.1079
[lowlevel-sim][GT] t=63.151 quat=[0.48786, -0.51271, 0.50116, 0.49795] angvel=[-0.00419, -0.00424, 0.04885] linvel=[0.0209, -0.00371, -0.00019] z=0.1079
[lowlevel-sim][GT] t=63.201 quat=[0.48772, -0.51273, 0.50114, 0.49809] angvel=[0.01312, 0.05649, 0.03321] linvel=[0.01216, 0.00094, 0.00257] z=0.1079
[lowlevel-sim][GT] t=63.251 quat=[0.48757, -0.51278, 0.50127, 0.49806] angvel=[0.00871, 0.02126, 0.02803] linvel=[0.00678, -0.00409, -0.00147] z=0.1079
[lowlevel-sim][GT] t=63.301 quat=[0.48756, -0.51286, 0.50107, 0.49818] angvel=[0.01286, -0.00309, 0.03326] linvel=[0.00312, -0.00217, -0.00178] z=0.1079
[lowlevel-sim][GT] t=63.351 quat=[0.48714, -0.51302, 0.50113, 0.49837] angvel=[0.00142, 0.00867, 0.02317] linvel=[0.00061, -0.00203, 0.00328] z=0.1079
[lowlevel-sim][GT] t=63.401 quat=[0.48698, -0.51304, 0.501, 0.49863] angvel=[-0.02073, -0.00248, -0.0002] linvel=[0.00257, -0.0041, 0.00278] z=0.1078
[lowlevel-sim][GT] t=63.451 quat=[0.48699, -0.51308, 0.50096, 0.49864] angvel=[-0.01283, -0.00155, -0.04107] linvel=[-0.00681, -0.00397, 0.00432] z=0.1079
[lowlevel-sim] t=  63.50 mode=cmd        pd=35835 hold=8595 failclosed=162 rtf=0.218 base_z=+0.108 pitch=+1.542 roll=-3.138 |tau|max= 35.00 sat=2/29 knee_L=+0.282 hip_p_L=-0.110 torn=10533 cmd_age=34.0ms auth=249.0s rig_ign=585 fix_base=0 sat_j=left_ankle_roll_joint:+35.0,right_ankle_roll_joint:-35.0
[lowlevel-sim][GT] t=63.501 quat=[0.48695, -0.51312, 0.50099, 0.4986] angvel=[-0.01835, -0.05668, -0.01239] linvel=[-0.00093, -0.00492, 0.00039] z=0.1078
[lowlevel-sim][GT] t=63.551 quat=[0.48694, -0.51317, 0.50112, 0.49843] angvel=[0.01239, 0.01652, 0.00193] linvel=[-0.00358, -0.00784, -0.00157] z=0.1078
[lowlevel-sim][GT] t=63.601 quat=[0.48711, -0.51309, 0.50116, 0.49829] angvel=[0.02411, -0.02137, -0.01354] linvel=[0.0104, -0.0013, 0.00115] z=0.1078
[lowlevel-sim][GT] t=63.651 quat=[0.48742, -0.51284, 0.50131, 0.4981] angvel=[-0.01651, -0.00781, 0.01552] linvel=[0.01869, -0.00631, 0.00569] z=0.1078
[lowlevel-sim][GT] t=63.701 quat=[0.48772, -0.51249, 0.5013, 0.49818] angvel=[0.0364, 0.03707, 0.02515] linvel=[0.01411, -0.00044, -0.00337] z=0.1079
[lowlevel-sim][GT] t=63.751 quat=[0.48788, -0.51249, 0.50145, 0.49787] angvel=[0.0123, 0.00262, -0.01457] linvel=[0.01352, -0.00286, -0.00042] z=0.1079
[lowlevel-sim][GT] t=63.801 quat=[0.48779, -0.51242, 0.50148, 0.49799] angvel=[-0.03498, 0.03615, 0.02189] linvel=[0.00761, -0.00384, 0.00293] z=0.1079
[lowlevel-sim][GT] t=63.851 quat=[0.48772, -0.51237, 0.50159, 0.49801] angvel=[-0.02279, -0.0262, -0.05312] linvel=[-0.00092, -0.00417, 0.00292] z=0.1079
[lowlevel-sim][GT] t=63.901 quat=[0.48781, -0.51225, 0.50157, 0.49807] angvel=[0.01727, 0.00448, -0.02006] linvel=[0.00453, 0.00022, -0.00135] z=0.1079
[lowlevel-sim][GT] t=63.951 quat=[0.48768, -0.51234, 0.50157, 0.4981] angvel=[-0.04053, -0.04962, -0.00577] linvel=[0.00311, -0.00526, 0.00525] z=0.1079
[lowlevel-sim] t=  64.00 mode=cmd        pd=36085 hold=8595 failclosed=162 rtf=0.219 base_z=+0.108 pitch=+1.543 roll=-3.136 |tau|max= 35.00 sat=2/29 knee_L=+0.282 hip_p_L=-0.110 torn=10553 cmd_age=35.0ms auth=251.0s rig_ign=585 fix_base=0 sat_j=left_ankle_roll_joint:+35.0,right_ankle_roll_joint:-35.0
[lowlevel-sim][GT] t=64.001 quat=[0.48777, -0.51231, 0.50143, 0.49819] angvel=[0.05315, -0.04256, -0.01126] linvel=[0.01028, -0.00167, -0.00524] z=0.1080
[lowlevel-sim][GT] t=64.051 quat=[0.48791, -0.51234, 0.50149, 0.49795] angvel=[-0.01431, -0.02388, -0.05003] linvel=[0.00445, -0.00719, 0.00066] z=0.1079
[lowlevel-sim][GT] t=64.101 quat=[0.48813, -0.5122, 0.50144, 0.49793] angvel=[0.00777, -0.0071, 0.01515] linvel=[0.01162, -0.00441, -0.00399] z=0.1080
[lowlevel-sim][GT] t=64.151 quat=[0.48814, -0.51215, 0.50162, 0.49779] angvel=[0.01886, -0.00225, 0.00061] linvel=[0.00559, -0.00414, 0.00164] z=0.1080
[lowlevel-sim][GT] t=64.201 quat=[0.48786, -0.51204, 0.50172, 0.49809] angvel=[0.04216, -0.02274, -0.01175] linvel=[-0.00441, -0.00108, -0.00441] z=0.1080
[lowlevel-sim][GT] t=64.251 quat=[0.48794, -0.51214, 0.50184, 0.49778] angvel=[-0.01801, 0.01156, -0.01898] linvel=[0.00287, -0.00171, 0.00221] z=0.1080
[lowlevel-sim][GT] t=64.301 quat=[0.48815, -0.51198, 0.50184, 0.49773] angvel=[0.00244, 0.00545, -0.01898] linvel=[0.00371, -0.0038, -8e-05] z=0.1079
[lowlevel-sim][GT] t=64.351 quat=[0.4878, -0.51209, 0.50195, 0.49786] angvel=[-0.01855, 0.03484, 0.02711] linvel=[-0.00374, -0.00948, 0.00365] z=0.1079
[lowlevel-sim][GT] t=64.401 quat=[0.48781, -0.51211, 0.50192, 0.49785] angvel=[0.07628, 0.03742, 0.0097] linvel=[-0.00181, -0.00352, -0.01025] z=0.1079
[lowlevel-sim][GT] t=64.451 quat=[0.48758, -0.51222, 0.50189, 0.49801] angvel=[0.02287, -0.01904, 0.02227] linvel=[-0.01777, -0.00264, 0.00119] z=0.1079
[lowlevel-sim] t=  64.50 mode=cmd        pd=36335 hold=8595 failclosed=162 rtf=0.219 base_z=+0.108 pitch=+1.542 roll=-3.136 |tau|max= 35.00 sat=2/29 knee_L=+0.282 hip_p_L=-0.110 torn=10574 cmd_age=40.6ms auth=253.2s rig_ign=585 fix_base=0 sat_j=left_ankle_roll_joint:+35.0,right_ankle_roll_joint:-35.0
[lowlevel-sim][GT] t=64.501 quat=[0.48766, -0.51241, 0.50159, 0.49803] angvel=[0.00151, 0.00067, -0.01083] linvel=[-0.01233, 0.00025, -0.00116] z=0.1079
[lowlevel-sim][GT] t=64.551 quat=[0.48763, -0.51257, 0.50144, 0.49804] angvel=[0.00286, 0.04205, 0.04161] linvel=[-0.00298, 0.00137, 0.00299] z=0.1079
[lowlevel-sim][GT] t=64.601 quat=[0.4874, -0.51269, 0.50127, 0.49831] angvel=[-0.07682, -0.01967, 0.03725] linvel=[-0.0102, -0.00526, 0.00881] z=0.1079
[lowlevel-sim][GT] t=64.651 quat=[0.48728, -0.51286, 0.50108, 0.49844] angvel=[-0.03877, -0.03868, -0.00962] linvel=[-0.0057, -0.00511, 0.00289] z=0.1079
[lowlevel-sim][GT] t=64.701 quat=[0.48718, -0.51296, 0.50088, 0.49865] angvel=[0.03023, 0.03815, 0.02989] linvel=[-0.00976, -0.00077, 0.00056] z=0.1079
[lowlevel-sim] FAIL-CLOSED engaged at t=64.707s, last command age 86.89 ms (deadline <= 100 ms) PASS
[lowlevel-sim] COMMANDED at t=64.712s (was fail-closed)
[lowlevel-sim][GT] t=64.751 quat=[0.48667, -0.51364, 0.50135, 0.49797] angvel=[0.01843, -0.0226, 0.02891] linvel=[0.00348, -0.00522, -0.00359] z=0.1076
[lowlevel-sim][GT] t=64.801 quat=[0.48681, -0.5135, 0.50117, 0.49815] angvel=[0.00306, -7e-05, 0.00746] linvel=[-0.00384, -0.00271, -0.00034] z=0.1076
[lowlevel-sim][GT] t=64.851 quat=[0.48691, -0.51351, 0.50106, 0.49816] angvel=[-0.00563, -0.00543, -0.06353] linvel=[-0.00099, -0.00624, 0.00143] z=0.1077
[lowlevel-sim][GT] t=64.901 quat=[0.48702, -0.51335, 0.50092, 0.49837] angvel=[0.06377, 0.06281, -0.01432] linvel=[0.00243, 0.00075, -0.00286] z=0.1077
[lowlevel-sim][GT] t=64.951 quat=[0.48678, -0.51347, 0.50111, 0.49828] angvel=[-0.02741, 0.01683, 0.04151] linvel=[0.0058, -0.00707, 0.00413] z=0.1077
[lowlevel-sim] FAIL-CLOSED engaged at t=64.985s, last command age 87.95 ms (deadline <= 100 ms) PASS
[lowlevel-sim] COMMANDED at t=64.990s (was fail-closed)
[lowlevel-sim] t=  65.00 mode=cmd        pd=36589 hold=8595 failclosed=170 rtf=0.219 base_z=+0.107 pitch=+1.540 roll=-3.132 |tau|max=  8.34 sat=0/29 knee_L=+0.282 hip_p_L=-0.112 torn=10600 cmd_age=55.4ms auth=255.3s rig_ign=585 fix_base=0
[lowlevel-sim][GT] t=65.001 quat=[0.48624, -0.5139, 0.5015, 0.49797] angvel=[0.03526, 0.0088, 0.00527] linvel=[0.00178, -0.00496, -0.00368] z=0.1075
[lowlevel-sim] FAIL-CLOSED engaged at t=65.012s, last command age 86.69 ms (deadline <= 100 ms) PASS
[lowlevel-sim] COMMANDED at t=65.016s (was fail-closed)
[lowlevel-sim][GT] t=65.051 quat=[0.4861, -0.51421, 0.50172, 0.49757] angvel=[0.00583, 0.00085, -0.00393] linvel=[0.00729, -0.00636, 0.00279] z=0.1073
[lowlevel-sim][GT] t=65.101 quat=[0.48632, -0.51388, 0.50149, 0.49792] angvel=[0.02172, -0.0324, 0.013] linvel=[0.00323, -0.00698, -0.00158] z=0.1075
[lowlevel-sim][GT] t=65.151 quat=[0.4865, -0.51365, 0.50134, 0.49814] angvel=[0.04151, 0.01216, 0.00868] linvel=[-0.00422, -0.00054, -0.00503] z=0.1076
[lowlevel-sim][GT] t=65.201 quat=[0.4867, -0.51357, 0.50144, 0.49792] angvel=[0.00149, -0.07221, 0.00125] linvel=[-0.00036, -0.00517, 0.00244] z=0.1076
[lowlevel-sim][GT] t=65.251 quat=[0.48676, -0.51342, 0.50132, 0.49815] angvel=[0.02901, 0.04663, -0.00478] linvel=[-0.00421, 0.00189, -0.00308] z=0.1076
[lowlevel-sim][GT] t=65.301 quat=[0.48674, -0.51348, 0.50126, 0.49816] angvel=[-0.01315, 0.0039, 0.03379] linvel=[-0.00407, -0.006, 0.00333] z=0.1076
[lowlevel-sim][GT] t=65.351 quat=[0.48685, -0.51332, 0.50103, 0.49844] angvel=[0.02866, -0.00532, -0.00613] linvel=[-0.01356, 0.00103, -0.0048] z=0.1077
[lowlevel-sim][GT] t=65.401 quat=[0.48701, -0.51334, 0.50106, 0.49824] angvel=[0.01198, 0.01528, 0.00034] linvel=[-0.0099, -0.00682, 0.00306] z=0.1078
[lowlevel-sim][GT] t=65.451 quat=[0.48708, -0.51331, 0.50107, 0.4982] angvel=[0.01076, 0.04909, 0.02269] linvel=[-0.0057, -0.0005, 0.00016] z=0.1077
[lowlevel-sim] t=  65.50 mode=cmd        pd=36841 hold=8595 failclosed=174 rtf=0.219 base_z=+0.108 pitch=+1.542 roll=-3.126 |tau|max=  8.26 sat=0/29 knee_L=+0.282 hip_p_L=-0.110 torn=10612 cmd_age=38.7ms auth=257.6s rig_ign=585 fix_base=0
[lowlevel-sim][GT] t=65.501 quat=[0.48696, -0.51329, 0.50111, 0.4983] angvel=[0.01581, -0.03781, -0.00657] linvel=[-0.00809, -0.00267, 0.00134] z=0.1078
[lowlevel-sim][GT] t=65.551 quat=[0.48724, -0.51323, 0.50104, 0.49814] angvel=[0.00955, -0.0026, -0.00064] linvel=[0.00403, -0.00633, -0.00565] z=0.1078
[lowlevel-sim][GT] t=65.601 quat=[0.48725, -0.51331, 0.50118, 0.49792] angvel=[-0.00563, 0.00284, 0.00296] linvel=[0.00414, -0.00406, 0.00097] z=0.1077
[lowlevel-sim] FAIL-CLOSED engaged at t=65.631s, last command age 87.35 ms (deadline <= 100 ms) PASS
[lowlevel-sim] COMMANDED at t=65.638s (was fail-closed)
[lowlevel-sim][GT] t=65.651 quat=[0.48649, -0.51402, 0.50176, 0.49734] angvel=[0.03907, 0.04641, 0.02599] linvel=[0.0156, -0.00396, -0.00171] z=0.1073
[lowlevel-sim][GT] t=65.701 quat=[0.48671, -0.51382, 0.50161, 0.49748] angvel=[0.07315, 0.02807, 0.00412] linvel=[0.00472, -0.00411, 0.00241] z=0.1074
[lowlevel-sim][GT] t=65.751 quat=[0.48716, -0.51342, 0.50149, 0.49758] angvel=[-0.04194, -0.06973, -0.01787] linvel=[0.01572, -0.00117, 0.00584] z=0.1075
[lowlevel-sim][GT] t=65.801 quat=[0.48731, -0.51316, 0.50164, 0.49754] angvel=[-0.01201, 0.01229, -0.02478] linvel=[0.00905, -0.0042, 0.00108] z=0.1076
[lowlevel-sim][GT] t=65.851 quat=[0.48725, -0.51301, 0.50156, 0.49784] angvel=[0.02488, 0.01165, -0.00046] linvel=[0.0044, -0.0012, -0.00301] z=0.1077
[lowlevel-sim][GT] t=65.901 quat=[0.48739, -0.51294, 0.50162, 0.49772] angvel=[0.00116, -0.01036, -0.03871] linvel=[-0.00096, -0.00454, 0.00282] z=0.1077
[lowlevel-sim][GT] t=65.951 quat=[0.48768, -0.51289, 0.50144, 0.49767] angvel=[-0.01457, -0.01034, 0.00887] linvel=[0.01224, -0.00363, -0.00075] z=0.1077
[lowlevel-sim] t=  66.00 mode=cmd        pd=37095 hold=8595 failclosed=181 rtf=0.219 base_z=+0.108 pitch=+1.541 roll=-3.116 |tau|max= 10.02 sat=0/29 knee_L=+0.281 hip_p_L=-0.110 torn=10630 cmd_age=26.5ms auth=259.7s rig_ign=585 fix_base=0
[lowlevel-sim][GT] t=66.001 quat=[0.48738, -0.51297, 0.50154, 0.49778] angvel=[-0.0407, 0.04105, 0.05826] linvel=[0.01353, -0.00836, 0.00222] z=0.1077
[lowlevel-sim][GT] t=66.051 quat=[0.48732, -0.51293, 0.50149, 0.49792] angvel=[-0.01063, -0.01926, 0.01123] linvel=[0.00957, -0.006, 0.00158] z=0.1077
[lowlevel-sim][GT] t=66.101 quat=[0.48708, -0.51288, 0.50144, 0.49826] angvel=[-0.01471, -0.01809, 0.00731] linvel=[-0.00571, -0.00629, 0.00222] z=0.1078
[lowlevel-sim][GT] t=66.151 quat=[0.48712, -0.51293, 0.5013, 0.49832] angvel=[0.02223, -0.003, -0.00952] linvel=[0.00101, -0.00101, 0.00214] z=0.1078
[lowlevel-sim][GT] t=66.201 quat=[0.48705, -0.51291, 0.50128, 0.49842] angvel=[-0.04735, 0.03593, -0.003] linvel=[-0.00939, -0.01362, 0.00172] z=0.1078
[lowlevel-sim][GT] t=66.251 quat=[0.48695, -0.51291, 0.50108, 0.49872] angvel=[0.00365, -0.03499, -0.00182] linvel=[-0.01189, -0.00063, 0.00171] z=0.1078
[lowlevel-sim][GT] t=66.301 quat=[0.4869, -0.51298, 0.50113, 0.49865] angvel=[-0.04272, -0.02427, -0.01907] linvel=[-0.00637, -0.00346, 0.00387] z=0.1078
[lowlevel-sim][GT] t=66.351 quat=[0.48711, -0.51286, 0.50114, 0.49855] angvel=[0.00442, -0.02472, -0.01683] linvel=[-0.00721, -0.00136, 0.003] z=0.1078
[lowlevel-sim][GT] t=66.401 quat=[0.48721, -0.51283, 0.50124, 0.49839] angvel=[-0.02246, -0.0222, -0.06519] linvel=[-0.01383, -0.00647, 0.00237] z=0.1079
[lowlevel-sim][GT] t=66.451 quat=[0.48737, -0.51271, 0.50121, 0.49838] angvel=[-0.06614, 0.03484, -0.00839] linvel=[-0.01421, -0.00646, 0.00725] z=0.1079
[lowlevel-sim] t=  66.50 mode=cmd        pd=37345 hold=8595 failclosed=181 rtf=0.219 base_z=+0.108 pitch=+1.543 roll=-3.128 |tau|max=  9.49 sat=0/29 knee_L=+0.283 hip_p_L=-0.110 torn=10648 cmd_age=35.0ms auth=261.8s rig_ign=585 fix_base=0
[lowlevel-sim][GT] t=66.501 quat=[0.48745, -0.51276, 0.50123, 0.49824] angvel=[0.01348, -0.07219, -0.05296] linvel=[-0.01248, -0.00581, -0.00311] z=0.1079
[lowlevel-sim][GT] t=66.551 quat=[0.48751, -0.51288, 0.50115, 0.49813] angvel=[0.02662, -0.02954, -0.03543] linvel=[-0.00545, 0.00158, -0.00225] z=0.1078
[lowlevel-sim][GT] t=66.601 quat=[0.48749, -0.51291, 0.50125, 0.49802] angvel=[-0.00361, 0.03323, -0.01354] linvel=[-0.00779, -0.00074, 0.00271] z=0.1078
[lowlevel-sim][GT] t=66.651 quat=[0.48766, -0.51276, 0.50134, 0.49792] angvel=[0.00882, 0.00677, -0.0233] linvel=[0.00773, -0.00178, -0.00066] z=0.1078
[lowlevel-sim][GT] t=66.701 quat=[0.48773, -0.51266, 0.5015, 0.4978] angvel=[-0.03595, -0.00866, -0.00442] linvel=[0.01227, -0.00624, 0.00395] z=0.1078
[lowlevel-sim][GT] t=66.751 quat=[0.48784, -0.51258, 0.50156, 0.49771] angvel=[0.03425, 0.0315, -0.02819] linvel=[0.00728, -0.00043, -0.00307] z=0.1078
[lowlevel-sim][GT] t=66.801 quat=[0.48767, -0.51264, 0.50151, 0.49785] angvel=[-0.00777, -0.00668, -0.01835] linvel=[0.001, -0.00627, -0.00322] z=0.1078
[lowlevel-sim][GT] t=66.851 quat=[0.48747, -0.51265, 0.50143, 0.49813] angvel=[0.0187, 0.00647, 0.00171] linvel=[-0.00395, -0.00405, 8e-05] z=0.1078
[lowlevel-sim][GT] t=66.901 quat=[0.4875, -0.51255, 0.5016, 0.49803] angvel=[0.02717, 0.01293, -0.03233] linvel=[0.00338, -0.00275, -0.00283] z=0.1078
[lowlevel-sim][GT] t=66.951 quat=[0.48741, -0.51262, 0.50159, 0.49805] angvel=[0.00103, 0.00709, 0.00089] linvel=[-0.004, -0.00144, 0.00158] z=0.1078
[lowlevel-sim] t=  67.00 mode=cmd        pd=37595 hold=8595 failclosed=181 rtf=0.219 base_z=+0.108 pitch=+1.542 roll=-3.121 |tau|max=  9.51 sat=0/29 knee_L=+0.282 hip_p_L=-0.110 torn=10674 cmd_age=44.6ms auth=264.0s rig_ign=585 fix_base=0
[lowlevel-sim][GT] t=67.001 quat=[0.48749, -0.51281, 0.50153, 0.49785] angvel=[-0.04915, -0.0117, -0.01172] linvel=[0.00014, -0.00607, 0.00508] z=0.1078
[lowlevel-sim][GT] t=67.051 quat=[0.48752, -0.51264, 0.50141, 0.49811] angvel=[0.04793, 0.04789, 0.02423] linvel=[-0.00876, -0.00069, -0.0033] z=0.1078
[lowlevel-sim][GT] t=67.101 quat=[0.48734, -0.51269, 0.50141, 0.49823] angvel=[0.0212, 0.03072, 0.04133] linvel=[-0.00585, -0.00623, -0.0032] z=0.1078
[lowlevel-sim][GT] t=67.151 quat=[0.48743, -0.51262, 0.50144, 0.49818] angvel=[0.04355, -0.03838, 0.00214] linvel=[-0.00276, -0.00173, -0.00523] z=0.1078
[lowlevel-sim][GT] t=67.201 quat=[0.48755, -0.51268, 0.50143, 0.49802] angvel=[-0.00382, -0.0154, 0.00733] linvel=[0.00261, -0.00641, -0.00095] z=0.1078
[lowlevel-sim][GT] t=67.251 quat=[0.48748, -0.51268, 0.50135, 0.49816] angvel=[-0.10396, -0.00639, 0.00486] linvel=[-0.00625, -0.0086, 0.01] z=0.1078
[lowlevel-sim][GT] t=67.301 quat=[0.48738, -0.51274, 0.50139, 0.49816] angvel=[0.01016, 0.02762, 0.00718] linvel=[-0.00169, -0.00512, -0.00168] z=0.1078
[lowlevel-sim][GT] t=67.351 quat=[0.48746, -0.51269, 0.50137, 0.49816] angvel=[0.01414, -0.02138, -0.00474] linvel=[-0.00615, -0.00135, 0.0006] z=0.1078
[lowlevel-sim][GT] t=67.401 quat=[0.48742, -0.51274, 0.50141, 0.49811] angvel=[-0.00661, -0.01939, 0.01603] linvel=[-0.01128, -0.00325, 0.00124] z=0.1078
[lowlevel-sim][GT] t=67.451 quat=[0.48757, -0.51289, 0.50116, 0.49805] angvel=[-0.01078, 0.01741, 0.0107] linvel=[-0.01206, -0.00254, 0.00268] z=0.1078
[lowlevel-sim] t=  67.50 mode=cmd        pd=37845 hold=8595 failclosed=181 rtf=0.219 base_z=+0.108 pitch=+1.542 roll=-3.104 |tau|max=  9.32 sat=0/29 knee_L=+0.281 hip_p_L=-0.109 torn=10700 cmd_age=19.5ms auth=266.1s rig_ign=585 fix_base=0
[lowlevel-sim][GT] t=67.501 quat=[0.48744, -0.5131, 0.50102, 0.4981] angvel=[0.00024, -0.03113, 0.00792] linvel=[-0.00771, -0.00747, 0.00182] z=0.1078
[lowlevel-sim][GT] t=67.551 quat=[0.48716, -0.51318, 0.50077, 0.49856] angvel=[-0.00332, 0.02172, 0.03398] linvel=[-0.00983, 0.00012, 0.00186] z=0.1078
[lowlevel-sim][GT] t=67.601 quat=[0.48705, -0.51323, 0.5008, 0.49858] angvel=[0.02177, 0.00416, 0.01155] linvel=[-0.01436, -0.00944, 0.00353] z=0.1078
[lowlevel-sim][GT] t=67.651 quat=[0.48711, -0.51323, 0.50062, 0.4987] angvel=[0.00108, -0.01402, 0.01741] linvel=[-0.00736, -0.00389, -0.00176] z=0.1078
[lowlevel-sim][GT] t=67.701 quat=[0.48709, -0.51336, 0.50057, 0.49864] angvel=[-0.02443, 0.02237, 0.01242] linvel=[-0.01079, -0.00462, 0.00304] z=0.1079
[lowlevel-sim][GT] t=67.751 quat=[0.48722, -0.51326, 0.50057, 0.49861] angvel=[0.02081, 0.0429, 0.01074] linvel=[-0.0036, -0.00151, 0.00102] z=0.1078
[lowlevel-sim][GT] t=67.801 quat=[0.48696, -0.51337, 0.50075, 0.49857] angvel=[-0.03011, 0.00166, -0.05901] linvel=[-0.00966, -0.00316, 0.00498] z=0.1078
[lowlevel-sim][GT] t=67.851 quat=[0.48708, -0.51315, 0.5007, 0.49873] angvel=[0.02361, -0.00324, -0.0176] linvel=[-0.01287, -0.00112, -0.00216] z=0.1079
[lowlevel-sim][GT] t=67.901 quat=[0.4872, -0.51333, 0.50078, 0.49835] angvel=[-0.00905, -0.01961, -0.02442] linvel=[-0.00222, -0.00372, 0.00026] z=0.1078
[lowlevel-sim][GT] t=67.951 quat=[0.48737, -0.51329, 0.50075, 0.49824] angvel=[0.02003, 0.05033, 0.0108] linvel=[0.00636, -0.00128, -0.00334] z=0.1078
[lowlevel-sim] t=  68.00 mode=cmd        pd=38095 hold=8595 failclosed=181 rtf=0.219 base_z=+0.108 pitch=+1.542 roll=-3.091 |tau|max=  9.77 sat=0/29 knee_L=+0.281 hip_p_L=-0.109 torn=10723 cmd_age=29.2ms auth=268.4s rig_ign=585 fix_base=0
[lowlevel-sim][GT] t=68.001 quat=[0.48739, -0.51338, 0.50093, 0.49795] angvel=[-0.02304, -0.06656, -0.05899] linvel=[0.00734, -0.00736, 0.00428] z=0.1078
[lowlevel-sim][GT] t=68.051 quat=[0.48736, -0.51317, 0.50094, 0.49819] angvel=[0.01167, -0.01432, -0.00707] linvel=[0.00497, -0.00288, 0.00248] z=0.1078
[lowlevel-sim][GT] t=68.101 quat=[0.48723, -0.51333, 0.50098, 0.49812] angvel=[-0.00232, -0.00604, 0.02693] linvel=[0.0058, -0.00274, 0.00223] z=0.1078
[lowlevel-sim][GT] t=68.151 quat=[0.48714, -0.51325, 0.50084, 0.49844] angvel=[0.04798, 0.00809, 0.00052] linvel=[-0.0007, -0.00242, -0.00324] z=0.1078
[lowlevel-sim][GT] t=68.201 quat=[0.48698, -0.51317, 0.50086, 0.49864] angvel=[-0.0169, -0.02834, 0.01918] linvel=[4e-05, -0.00283, 0.00205] z=0.1078
[lowlevel-sim][GT] t=68.251 quat=[0.48706, -0.51321, 0.50076, 0.49863] angvel=[-0.01639, -0.02723, 0.00378] linvel=[0.00726, -0.0032, 0.00527] z=0.1078
[lowlevel-sim][GT] t=68.301 quat=[0.48717, -0.51319, 0.50094, 0.49836] angvel=[-0.01654, 0.01443, -0.03553] linvel=[0.01288, -0.00084, 0.00189] z=0.1078
[lowlevel-sim][GT] t=68.351 quat=[0.48742, -0.5129, 0.50101, 0.49834] angvel=[-0.05975, 0.0299, 0.018] linvel=[0.00798, -0.00603, 0.00626] z=0.1078
[lowlevel-sim][GT] t=68.401 quat=[0.4876, -0.5129, 0.50123, 0.49795] angvel=[-0.00176, -0.00079, -0.0476] linvel=[0.01604, -0.00449, 0.0018] z=0.1078
[lowlevel-sim][GT] t=68.451 quat=[0.48791, -0.51255, 0.50143, 0.4978] angvel=[-0.02382, -0.02577, -0.04129] linvel=[0.00915, -0.00179, 0.00227] z=0.1079
[lowlevel-sim] t=  68.50 mode=cmd        pd=38345 hold=8595 failclosed=181 rtf=0.219 base_z=+0.108 pitch=+1.542 roll=-3.099 |tau|max=  9.70 sat=0/29 knee_L=+0.281 hip_p_L=-0.109 torn=10735 cmd_age=27.1ms auth=270.7s rig_ign=585 fix_base=0
[lowlevel-sim][GT] t=68.501 quat=[0.4881, -0.51249, 0.50156, 0.49754] angvel=[0.01539, 0.01427, 0.03339] linvel=[0.01407, -0.00539, -0.00145] z=0.1079
[lowlevel-sim][GT] t=68.551 quat=[0.48821, -0.5122, 0.50173, 0.49756] angvel=[0.0091, -0.04381, -0.0345] linvel=[0.00808, -0.00119, -0.00077] z=0.1079
[lowlevel-sim][GT] t=68.601 quat=[0.48822, -0.5121, 0.50197, 0.49741] angvel=[-0.03028, -0.01279, -0.01571] linvel=[0.01546, -0.00425, 0.00459] z=0.1079
[lowlevel-sim][GT] t=68.651 quat=[0.48821, -0.51205, 0.50188, 0.49757] angvel=[-0.00723, -0.01548, 0.00883] linvel=[0.0056, -0.00267, 0.00145] z=0.1079
[lowlevel-sim][GT] t=68.701 quat=[0.48805, -0.5122, 0.50195, 0.4975] angvel=[-0.02038, 0.01233, 0.00685] linvel=[0.00457, -0.0012, 0.00427] z=0.1079
[lowlevel-sim][GT] t=68.751 quat=[0.48799, -0.51233, 0.5017, 0.49768] angvel=[-0.01031, 0.0131, -0.00575] linvel=[0.00726, -0.00351, 0.00144] z=0.1079
[lowlevel-sim][GT] t=68.801 quat=[0.48784, -0.51238, 0.50157, 0.4979] angvel=[0.01012, 8e-05, 0.00925] linvel=[-0.00073, -0.00679, 0.00021] z=0.1079
[lowlevel-sim][GT] t=68.851 quat=[0.48757, -0.51232, 0.50159, 0.49821] angvel=[0.00433, -0.02868, -0.01765] linvel=[-0.01275, -0.00461, -0.00137] z=0.1079
[lowlevel-sim][GT] t=68.901 quat=[0.48774, -0.51243, 0.50165, 0.49786] angvel=[-0.00898, -0.01838, -0.00048] linvel=[0.0018, -0.00313, 0.00157] z=0.1078
[lowlevel-sim][GT] t=68.951 quat=[0.48779, -0.51232, 0.50172, 0.49786] angvel=[0.03692, 0.00877, -0.01057] linvel=[0.0016, 0.00095, 0.00013] z=0.1078
[lowlevel-sim] t=  69.00 mode=cmd        pd=38595 hold=8595 failclosed=181 rtf=0.219 base_z=+0.108 pitch=+1.542 roll=-3.133 |tau|max=  9.99 sat=0/29 knee_L=+0.283 hip_p_L=-0.110 torn=10752 cmd_age=23.8ms auth=272.9s rig_ign=585 fix_base=0
[lowlevel-sim][GT] t=69.001 quat=[0.48775, -0.51237, 0.50175, 0.49782] angvel=[-0.00111, -0.0127, -0.04813] linvel=[0.00299, -0.00545, -0.0002] z=0.1079
[lowlevel-sim][GT] t=69.051 quat=[0.48782, -0.51225, 0.50166, 0.49797] angvel=[0.04498, -0.0096, -0.03096] linvel=[0.00032, 0.0005, -0.00543] z=0.1079
[lowlevel-sim][GT] t=69.101 quat=[0.48766, -0.51222, 0.50182, 0.49799] angvel=[-0.03291, 0.03369, 0.04525] linvel=[0.00137, -0.00711, 0.00489] z=0.1079
[lowlevel-sim][GT] t=69.151 quat=[0.48791, -0.51211, 0.50189, 0.49778] angvel=[0.00943, 0.01352, -0.00794] linvel=[-0.00248, -0.00328, -0.00054] z=0.1079
[lowlevel-sim][GT] t=69.201 quat=[0.48817, -0.51209, 0.50195, 0.49749] angvel=[0.00867, -0.03386, 0.00625] linvel=[0.00831, -0.00294, 0.00036] z=0.1079
[lowlevel-sim][GT] t=69.251 quat=[0.48808, -0.512, 0.50184, 0.49778] angvel=[-0.00234, 0.02982, 0.00566] linvel=[-0.0134, -0.00476, 0.00181] z=0.1079
[lowlevel-sim][GT] t=69.301 quat=[0.48792, -0.51217, 0.50174, 0.49787] angvel=[-0.01154, 0.01979, -0.04293] linvel=[-0.01782, -0.007, 0.00232] z=0.1080
[lowlevel-sim][GT] t=69.351 quat=[0.48796, -0.51224, 0.50169, 0.49781] angvel=[0.12565, 0.01051, 0.0005] linvel=[-0.00461, 0.00379, -0.00329] z=0.1080
[lowlevel-sim][GT] t=69.401 quat=[0.4879, -0.51226, 0.5016, 0.49793] angvel=[-0.01643, 0.00395, 0.01101] linvel=[-0.00793, -0.00739, 0.0032] z=0.1080
[lowlevel-sim][GT] t=69.451 quat=[0.48763, -0.51249, 0.50132, 0.49825] angvel=[-0.01104, -0.01959, 0.04717] linvel=[-0.00794, -0.00487, 0.00147] z=0.1080
[lowlevel-sim] t=  69.50 mode=cmd        pd=38845 hold=8595 failclosed=181 rtf=0.219 base_z=+0.108 pitch=+1.543 roll=-3.135 |tau|max=  8.40 sat=0/29 knee_L=+0.284 hip_p_L=-0.110 torn=10777 cmd_age=41.7ms auth=275.1s rig_ign=585 fix_base=0
[lowlevel-sim][GT] t=69.501 quat=[0.48746, -0.51262, 0.50111, 0.49849] angvel=[-0.01621, 0.01833, -0.00442] linvel=[-0.0171, -0.00747, 0.00181] z=0.1080
[lowlevel-sim][GT] t=69.551 quat=[0.48724, -0.51283, 0.50074, 0.49886] angvel=[-0.01077, -0.02935, 0.01259] linvel=[-0.00578, -0.00311, 0.0003] z=0.1080
[lowlevel-sim][GT] t=69.601 quat=[0.48702, -0.51298, 0.50081, 0.49884] angvel=[0.03341, 0.03641, -0.00066] linvel=[-0.00949, -0.00615, -0.00333] z=0.1080
[lowlevel-sim][GT] t=69.651 quat=[0.48704, -0.51299, 0.50085, 0.49878] angvel=[0.0137, -0.01928, -0.0232] linvel=[-0.00377, -0.00158, -0.00112] z=0.1079
[lowlevel-sim][GT] t=69.701 quat=[0.48729, -0.51289, 0.50096, 0.49854] angvel=[0.02755, 0.00085, -0.02537] linvel=[0.00203, -0.00088, -0.00045] z=0.1079
[lowlevel-sim][GT] t=69.751 quat=[0.48771, -0.5127, 0.50108, 0.4982] angvel=[0.09632, 0.01065, -0.0192] linvel=[0.00385, -0.00102, -0.0098] z=0.1079
[lowlevel-sim][GT] t=69.801 quat=[0.48761, -0.51279, 0.50121, 0.49806] angvel=[-0.0149, 0.00253, -0.01792] linvel=[0.00676, -0.00421, 0.00259] z=0.1079
[lowlevel-sim][GT] t=69.851 quat=[0.48789, -0.51267, 0.50113, 0.49799] angvel=[0.04437, -0.00758, 0.01391] linvel=[0.01389, 0.00115, 0.00122] z=0.1079
[lowlevel-sim][GT] t=69.901 quat=[0.48787, -0.51276, 0.50117, 0.49789] angvel=[-0.0251, 0.00912, 0.06009] linvel=[0.01728, -0.00514, 0.00203] z=0.1079
[lowlevel-sim][GT] t=69.951 quat=[0.48761, -0.51284, 0.50106, 0.49816] angvel=[0.03834, -0.09995, -0.01344] linvel=[0.00689, -0.00358, -0.00294] z=0.1079
[lowlevel-sim] FAIL-CLOSED engaged at t=69.989s, last command age 85.86 ms (deadline <= 100 ms) PASS
[lowlevel-sim] COMMANDED at t=69.996s (was fail-closed)
[lowlevel-sim] t=  70.00 mode=cmd        pd=39098 hold=8595 failclosed=187 rtf=0.219 base_z=+0.107 pitch=+1.540 roll=-3.120 |tau|max= 35.00 sat=2/29 knee_L=+0.281 hip_p_L=-0.112 torn=10791 cmd_age=86.8ms auth=277.4s rig_ign=585 fix_base=0 sat_j=left_ankle_roll_joint:+35.0,right_ankle_roll_joint:-35.0
[lowlevel-sim][GT] t=70.001 quat=[0.48661, -0.51373, 0.50179, 0.49749] angvel=[-0.125, 0.01559, 0.02468] linvel=[0.00561, -0.00607, -0.01685] z=0.1074
[lowlevel-sim][GT] t=70.051 quat=[0.4866, -0.51363, 0.50157, 0.49782] angvel=[0.03892, -0.02156, -0.06174] linvel=[-0.00595, -0.00507, 0.00232] z=0.1075
[lowlevel-sim][GT] t=70.101 quat=[0.4866, -0.51348, 0.50123, 0.49832] angvel=[0.07193, -0.02513, -0.00707] linvel=[-0.01048, 0.00261, -0.00335] z=0.1076
[lowlevel-sim][GT] t=70.151 quat=[0.48651, -0.51352, 0.50106, 0.49854] angvel=[0.00202, 0.00796, 0.00194] linvel=[-0.00832, -0.00419, 0.00174] z=0.1077
[lowlevel-sim][GT] t=70.201 quat=[0.48684, -0.51344, 0.50098, 0.49839] angvel=[-0.03787, 0.01232, -0.01281] linvel=[-0.00154, -0.0027, 0.00248] z=0.1077
[lowlevel-sim][GT] t=70.251 quat=[0.48678, -0.51322, 0.50116, 0.4985] angvel=[0.00212, -0.02358, -0.00576] linvel=[-0.0083, -0.00585, 0.00242] z=0.1077
[lowlevel-sim][GT] t=70.301 quat=[0.48679, -0.51323, 0.5009, 0.49873] angvel=[0.04408, -0.02012, -0.0156] linvel=[-0.01149, -0.00084, -0.00038] z=0.1077
[lowlevel-sim][GT] t=70.351 quat=[0.48687, -0.51339, 0.50096, 0.49842] angvel=[0.03448, 0.0213, 0.05809] linvel=[-0.00065, -0.00474, -0.00016] z=0.1077
[lowlevel-sim][GT] t=70.401 quat=[0.48696, -0.51336, 0.5009, 0.49843] angvel=[-0.00556, -0.04089, -0.01585] linvel=[-0.00312, -0.00391, 0.00397] z=0.1077
[lowlevel-sim][GT] t=70.451 quat=[0.48693, -0.51333, 0.50091, 0.49847] angvel=[-0.00657, -0.00229, -0.02824] linvel=[-0.01271, -0.00283, 0.00264] z=0.1078
[lowlevel-sim] t=  70.50 mode=cmd        pd=39348 hold=8595 failclosed=187 rtf=0.219 base_z=+0.108 pitch=+1.542 roll=-3.108 |tau|max= 35.00 sat=2/29 knee_L=+0.280 hip_p_L=-0.109 torn=10804 cmd_age=31.6ms auth=279.7s rig_ign=585 fix_base=0 sat_j=left_ankle_roll_joint:+35.0,right_ankle_roll_joint:-35.0
[lowlevel-sim][GT] t=70.501 quat=[0.48723, -0.51323, 0.50081, 0.49839] angvel=[-0.04237, 0.00992, -0.00444] linvel=[-0.00864, -0.00546, 0.00089] z=0.1078
[lowlevel-sim][GT] t=70.551 quat=[0.4872, -0.51329, 0.50099, 0.49817] angvel=[-0.0283, 0.05646, 0.07261] linvel=[0.00235, -0.00767, -0.00012] z=0.1077
[lowlevel-sim][GT] t=70.601 quat=[0.48737, -0.51327, 0.50089, 0.49814] angvel=[0.01937, 0.00549, 0.01864] linvel=[0.00374, -0.0033, -0.00171] z=0.1077
[lowlevel-sim][GT] t=70.651 quat=[0.48749, -0.51316, 0.50102, 0.49799] angvel=[-0.00502, 0.03359, -0.02416] linvel=[0.00748, -0.00384, 0.00133] z=0.1078
[lowlevel-sim][GT] t=70.701 quat=[0.48763, -0.51296, 0.50116, 0.49793] angvel=[0.07852, 0.02634, -0.00248] linvel=[0.00826, -0.00377, -0.01507] z=0.1078
[lowlevel-sim][GT] t=70.751 quat=[0.48753, -0.5131, 0.50123, 0.4978] angvel=[-0.00219, 0.03071, 0.05596] linvel=[0.01208, -0.00488, 0.00148] z=0.1077
[lowlevel-sim][GT] t=70.801 quat=[0.48733, -0.51302, 0.50117, 0.49814] angvel=[0.02643, 0.03043, 0.05326] linvel=[-0.00102, -0.00128, 0.00193] z=0.1078
[lowlevel-sim][GT] t=70.851 quat=[0.48714, -0.51309, 0.50123, 0.4982] angvel=[-0.01102, -0.01782, -0.05412] linvel=[-0.00571, -0.00544, 0.00264] z=0.1077
[lowlevel-sim][GT] t=70.901 quat=[0.48714, -0.51313, 0.50115, 0.49824] angvel=[0.0118, -0.00109, -0.01676] linvel=[-0.00552, -0.00063, -0.0] z=0.1077
[lowlevel-sim][GT] t=70.951 quat=[0.48726, -0.51304, 0.50115, 0.49821] angvel=[0.04202, -0.01597, 0.00373] linvel=[0.00858, -0.00284, -0.00424] z=0.1078
[lowlevel-sim] t=  71.00 mode=cmd        pd=39598 hold=8595 failclosed=187 rtf=0.219 base_z=+0.108 pitch=+1.542 roll=-3.118 |tau|max= 35.00 sat=2/29 knee_L=+0.281 hip_p_L=-0.109 torn=10830 cmd_age=93.4ms auth=282.1s rig_ign=585 fix_base=0 sat_j=left_ankle_roll_joint:+35.0,right_ankle_roll_joint:-35.0
[lowlevel-sim] FAIL-CLOSED engaged at t=71.000s, last command age 94.10 ms (deadline <= 100 ms) PASS
[lowlevel-sim][GT] t=71.001 quat=[0.48734, -0.51297, 0.50113, 0.49823] angvel=[0.00675, 0.04677, 0.01076] linvel=[0.00269, 0.00133, -0.01303] z=0.1078
[lowlevel-sim] COMMANDED at t=71.004s (was fail-closed)
[lowlevel-sim] FAIL-CLOSED engaged at t=71.048s, last command age 86.56 ms (deadline <= 100 ms) PASS
[lowlevel-sim] COMMANDED at t=71.050s (was fail-closed)
[lowlevel-sim][GT] t=71.051 quat=[0.48702, -0.51335, 0.50156, 0.49772] angvel=[-0.21038, -0.0691, -0.08465] linvel=[0.00641, -0.00647, 0.00381] z=0.1075
[lowlevel-sim][GT] t=71.101 quat=[0.48728, -0.51317, 0.50174, 0.49747] angvel=[0.01466, 0.05132, 0.01268] linvel=[0.01733, -0.00752, 0.00019] z=0.1076
[lowlevel-sim][GT] t=71.151 quat=[0.48764, -0.51272, 0.50172, 0.49759] angvel=[0.02531, 0.00456, 0.00306] linvel=[0.01156, -0.00047, -0.00058] z=0.1077
[lowlevel-sim][GT] t=71.201 quat=[0.48776, -0.51269, 0.50176, 0.49747] angvel=[-0.02013, 0.00755, 0.0026] linvel=[0.00468, -0.0058, 0.00257] z=0.1077
[lowlevel-sim][GT] t=71.251 quat=[0.48761, -0.5128, 0.50158, 0.49769] angvel=[0.01741, -0.00036, 0.01338] linvel=[0.00474, -9e-05, 0.00273] z=0.1077
[lowlevel-sim][GT] t=71.301 quat=[0.48756, -0.51288, 0.50146, 0.49776] angvel=[-0.01025, -0.02761, -0.00539] linvel=[0.00487, -0.00667, 0.00425] z=0.1077
[lowlevel-sim][GT] t=71.351 quat=[0.48736, -0.51278, 0.5013, 0.49824] angvel=[-0.0019, 0.00357, 0.00346] linvel=[-0.00371, -0.00117, 0.00282] z=0.1078
[lowlevel-sim][GT] t=71.401 quat=[0.48719, -0.51291, 0.50126, 0.4983] angvel=[0.00644, 0.00735, 0.03923] linvel=[-0.00831, -0.00509, -0.00206] z=0.1078
[lowlevel-sim][GT] t=71.451 quat=[0.48715, -0.51293, 0.50118, 0.49841] angvel=[0.03621, 0.02593, 0.01349] linvel=[-0.00917, -0.0002, -0.00372] z=0.1078
[lowlevel-sim] t=  71.50 mode=cmd        pd=39850 hold=8595 failclosed=192 rtf=0.219 base_z=+0.108 pitch=+1.542 roll=+3.141 |tau|max=  9.31 sat=0/29 knee_L=+0.283 hip_p_L=-0.110 torn=10860 cmd_age=38.6ms auth=284.4s rig_ign=585 fix_base=0
[lowlevel-sim][GT] t=71.501 quat=[0.48707, -0.51292, 0.50125, 0.49842] angvel=[-0.01438, -0.0136, -0.01677] linvel=[-0.00662, -0.00277, 0.00159] z=0.1078
[lowlevel-sim][GT] t=71.551 quat=[0.48728, -0.51277, 0.50122, 0.4984] angvel=[0.03942, 0.04174, -0.01622] linvel=[-0.00829, 0.00155, -0.00448] z=0.1078
[lowlevel-sim][GT] t=71.601 quat=[0.48727, -0.51285, 0.50119, 0.49836] angvel=[-0.00414, 0.02425, 0.04589] linvel=[-0.00411, -0.0045, 0.00183] z=0.1079
[lowlevel-sim][GT] t=71.651 quat=[0.48741, -0.51288, 0.50098, 0.49841] angvel=[0.04247, -0.012, 0.04581] linvel=[-0.0079, 0.00106, -0.00367] z=0.1079
[lowlevel-sim][GT] t=71.701 quat=[0.4876, -0.51292, 0.50121, 0.49795] angvel=[-0.02158, -0.02364, 2e-05] linvel=[0.0024, -0.00256, 0.00177] z=0.1078
[lowlevel-sim][GT] t=71.751 quat=[0.48768, -0.51277, 0.50138, 0.49786] angvel=[0.0238, -0.0001, -0.01399] linvel=[-0.00157, -0.00211, -0.00215] z=0.1078
[lowlevel-sim][GT] t=71.801 quat=[0.48768, -0.51267, 0.50155, 0.49778] angvel=[-0.00905, -0.02708, -0.02135] linvel=[-0.00677, -0.00932, -0.00072] z=0.1078
[lowlevel-sim][GT] t=71.851 quat=[0.48774, -0.51265, 0.50151, 0.49778] angvel=[0.01094, 0.06727, 0.02948] linvel=[-0.00185, -0.00112, 0.00106] z=0.1078
[lowlevel-sim][GT] t=71.901 quat=[0.4879, -0.51257, 0.50158, 0.49764] angvel=[0.0354, -0.02181, -0.01488] linvel=[-0.00098, -0.00345, -0.00355] z=0.1078
[lowlevel-sim][GT] t=71.951 quat=[0.48782, -0.51257, 0.50149, 0.49781] angvel=[-0.005, -0.05246, -0.01382] linvel=[-0.0082, -0.00169, 0.00054] z=0.1078
[lowlevel-sim] t=  72.00 mode=cmd        pd=40100 hold=8595 failclosed=192 rtf=0.219 base_z=+0.108 pitch=+1.542 roll=-3.110 |tau|max= 10.17 sat=0/29 knee_L=+0.282 hip_p_L=-0.110 torn=10877 cmd_age=44.0ms auth=286.4s rig_ign=585 fix_base=0
[lowlevel-sim][GT] t=72.001 quat=[0.48784, -0.51262, 0.50153, 0.49769] angvel=[-0.00499, -0.03361, -0.01596] linvel=[-0.01345, -0.00645, 0.00075] z=0.1079
[lowlevel-sim][GT] t=72.051 quat=[0.48775, -0.51265, 0.50136, 0.49793] angvel=[0.00929, -0.03257, 0.01388] linvel=[-0.01365, -0.00067, -0.00225] z=0.1078
[lowlevel-sim][GT] t=72.101 quat=[0.48786, -0.51272, 0.50128, 0.49783] angvel=[-0.00213, 0.02747, 0.02754] linvel=[0.00146, -0.00543, -0.00027] z=0.1078
[lowlevel-sim][GT] t=72.151 quat=[0.48778, -0.5127, 0.50129, 0.49791] angvel=[-0.01128, 0.04149, 0.03932] linvel=[-0.00653, -0.00398, 0.00072] z=0.1078
[lowlevel-sim][GT] t=72.201 quat=[0.48779, -0.5127, 0.50127, 0.49792] angvel=[-0.00336, 0.03201, -0.01011] linvel=[-0.00408, -0.00366, -0.0009] z=0.1078
[lowlevel-sim][GT] t=72.251 quat=[0.48788, -0.51271, 0.50129, 0.49781] angvel=[-0.03567, -0.05047, -0.01774] linvel=[0.00183, -0.007, 0.00118] z=0.1078
[lowlevel-sim][GT] t=72.301 quat=[0.48768, -0.51284, 0.50144, 0.49772] angvel=[0.0086, 0.04265, -0.02328] linvel=[0.0054, -0.00573, -0.00176] z=0.1077
[lowlevel-sim][GT] t=72.351 quat=[0.48769, -0.51284, 0.50143, 0.49772] angvel=[-0.00546, -0.01836, 0.00092] linvel=[0.00363, -0.00124, 0.00147] z=0.1077
[lowlevel-sim] FAIL-CLOSED engaged at t=72.382s, last command age 88.62 ms (deadline <= 100 ms) PASS
[lowlevel-sim] COMMANDED at t=72.384s (was fail-closed)
[lowlevel-sim][GT] t=72.401 quat=[0.48749, -0.51294, 0.50149, 0.49776] angvel=[-0.01486, -0.05442, -0.00229] linvel=[0.01143, -0.00674, 0.0019] z=0.1076
[lowlevel-sim][GT] t=72.451 quat=[0.4876, -0.51273, 0.50175, 0.4976] angvel=[0.01499, 0.00792, -0.00997] linvel=[0.01178, -0.00088, -0.00048] z=0.1076
[lowlevel-sim] t=  72.50 mode=cmd        pd=40350 hold=8595 failclosed=193 rtf=0.219 base_z=+0.108 pitch=+1.542 roll=-3.117 |tau|max= 35.00 sat=2/29 knee_L=+0.281 hip_p_L=-0.109 torn=10908 cmd_age=41.5ms auth=289.0s rig_ign=585 fix_base=0 sat_j=left_ankle_roll_joint:+35.0,right_ankle_roll_joint:-35.0
[lowlevel-sim][GT] t=72.501 quat=[0.48787, -0.51245, 0.50182, 0.49755] angvel=[-0.0182, 0.04304, -0.0023] linvel=[0.01135, -0.00143, 0.00377] z=0.1077
[lowlevel-sim][GT] t=72.551 quat=[0.4878, -0.51243, 0.50195, 0.49751] angvel=[0.00277, 0.02314, -0.03453] linvel=[0.00622, -0.00518, 0.00142] z=0.1077
[lowlevel-sim] FAIL-CLOSED engaged at t=72.575s, last command age 86.12 ms (deadline <= 100 ms) PASS
[lowlevel-sim] COMMANDED at t=72.580s (was fail-closed)
[lowlevel-sim][GT] t=72.601 quat=[0.48747, -0.51278, 0.50255, 0.49686] angvel=[0.01065, 0.0027, 0.02395] linvel=[0.01573, -0.00558, -9e-05] z=0.1074
[lowlevel-sim][GT] t=72.651 quat=[0.4879, -0.51241, 0.5024, 0.49698] angvel=[0.05617, 0.06432, 0.00252] linvel=[0.01478, -0.00073, 0.00089] z=0.1075
[lowlevel-sim][GT] t=72.701 quat=[0.488, -0.51225, 0.50248, 0.49696] angvel=[-0.02607, -0.01706, -0.04628] linvel=[-0.00069, -0.00406, 0.00642] z=0.1076
[lowlevel-sim][GT] t=72.751 quat=[0.48799, -0.51214, 0.50244, 0.49712] angvel=[0.00224, -0.00174, -0.01067] linvel=[0.00062, -0.0026, 0.00087] z=0.1076
[lowlevel-sim][GT] t=72.801 quat=[0.48791, -0.51221, 0.50242, 0.49715] angvel=[-0.01603, 0.00086, 0.02241] linvel=[0.00197, -0.00611, 0.00265] z=0.1077
[lowlevel-sim][GT] t=72.851 quat=[0.48805, -0.51214, 0.5023, 0.49721] angvel=[0.04724, -0.01726, 0.0315] linvel=[0.00512, -0.00198, -0.0033] z=0.1077
[lowlevel-sim][GT] t=72.901 quat=[0.4879, -0.51215, 0.50223, 0.49741] angvel=[0.03349, -0.02338, 0.01121] linvel=[0.00025, -0.00517, -0.00356] z=0.1077
[lowlevel-sim][GT] t=72.951 quat=[0.48772, -0.51223, 0.50206, 0.49767] angvel=[0.03357, -0.03938, 0.00395] linvel=[-0.01323, -0.00385, -0.00273] z=0.1077
[lowlevel-sim] t=  73.00 mode=cmd        pd=40603 hold=8595 failclosed=198 rtf=0.219 base_z=+0.108 pitch=+1.542 roll=-3.138 |tau|max=  8.40 sat=0/29 knee_L=+0.282 hip_p_L=-0.110 torn=10934 cmd_age=22.9ms auth=291.5s rig_ign=585 fix_base=0
[lowlevel-sim][GT] t=73.001 quat=[0.48768, -0.51238, 0.502, 0.49763] angvel=[0.01569, -0.0276, 0.02616] linvel=[-0.00707, -0.00412, -0.0022] z=0.1077
[lowlevel-sim][GT] t=73.051 quat=[0.48777, -0.51237, 0.50177, 0.49778] angvel=[-0.01271, -0.01333, -0.01281] linvel=[-0.00654, -0.00146, 0.00108] z=0.1077
[lowlevel-sim][GT] t=73.101 quat=[0.48784, -0.51244, 0.50177, 0.49764] angvel=[-0.01595, -0.01404, -0.02332] linvel=[-0.0117, -0.00735, -0.00011] z=0.1077
[lowlevel-sim][GT] t=73.151 quat=[0.48789, -0.51246, 0.50188, 0.49746] angvel=[-0.02888, -0.02619, -0.00984] linvel=[-0.00578, -0.00573, 0.00124] z=0.1077
[lowlevel-sim][GT] t=73.201 quat=[0.48789, -0.51253, 0.50187, 0.4974] angvel=[-0.05047, 0.02343, 0.0234] linvel=[0.00552, -0.00679, 0.00056] z=0.1077
[lowlevel-sim][GT] t=73.251 quat=[0.48807, -0.5124, 0.50185, 0.49737] angvel=[0.0049, 0.01694, 0.02162] linvel=[0.00902, -0.00095, 0.00127] z=0.1077
[lowlevel-sim][GT] t=73.301 quat=[0.48823, -0.51238, 0.50183, 0.49726] angvel=[0.02807, 0.00345, -0.05052] linvel=[0.00397, -0.00371, 0.00234] z=0.1077
[lowlevel-sim][GT] t=73.351 quat=[0.48836, -0.5123, 0.50191, 0.49714] angvel=[-0.03943, -0.05431, -0.01046] linvel=[0.01247, -0.00241, 0.00572] z=0.1077
[lowlevel-sim][GT] t=73.401 quat=[0.48821, -0.51224, 0.50198, 0.49727] angvel=[-0.01126, 0.041, 0.0368] linvel=[-0.00291, -0.00578, 0.00234] z=0.1077
[lowlevel-sim][GT] t=73.451 quat=[0.48784, -0.51215, 0.50181, 0.49789] angvel=[0.00622, 0.04153, -0.0001] linvel=[-0.01522, -0.00262, 0.00306] z=0.1078
[lowlevel-sim] t=  73.50 mode=cmd        pd=40853 hold=8595 failclosed=198 rtf=0.219 base_z=+0.108 pitch=+1.543 roll=+3.137 |tau|max=  9.90 sat=0/29 knee_L=+0.282 hip_p_L=-0.110 torn=10957 cmd_age=80.6ms auth=293.5s rig_ign=585 fix_base=0
[lowlevel-sim][GT] t=73.501 quat=[0.48761, -0.51231, 0.50167, 0.4981] angvel=[0.01104, 0.03009, 0.05243] linvel=[-0.00518, -0.00476, 0.00184] z=0.1078
[lowlevel-sim][GT] t=73.551 quat=[0.48749, -0.51243, 0.50141, 0.49835] angvel=[-0.00657, -0.01422, 0.01004] linvel=[-0.01241, -0.00259, 0.00172] z=0.1079
[lowlevel-sim][GT] t=73.601 quat=[0.48738, -0.5125, 0.50136, 0.49844] angvel=[0.00846, -0.02007, 0.00945] linvel=[-0.01185, -0.00669, -0.00229] z=0.1079
[lowlevel-sim][GT] t=73.651 quat=[0.48752, -0.51258, 0.50132, 0.49826] angvel=[-0.01309, 0.02386, -0.00156] linvel=[-0.00469, -0.00401, -0.00582] z=0.1078
[lowlevel-sim][GT] t=73.701 quat=[0.48751, -0.51266, 0.50151, 0.498] angvel=[0.00638, -0.03703, -0.04087] linvel=[-0.01281, -0.00718, -0.00263] z=0.1078
[lowlevel-sim][GT] t=73.751 quat=[0.48766, -0.51258, 0.50151, 0.49793] angvel=[0.01603, 0.00112, -0.00102] linvel=[-0.00438, -0.00431, -0.00052] z=0.1078
[lowlevel-sim][GT] t=73.801 quat=[0.48771, -0.51255, 0.50168, 0.49775] angvel=[0.02856, 0.00801, -0.01041] linvel=[-0.0021, -0.00028, 0.00089] z=0.1078
[lowlevel-sim][GT] t=73.851 quat=[0.48792, -0.51251, 0.5017, 0.49755] angvel=[0.05943, 0.06557, -0.01281] linvel=[-0.00065, -0.00017, -0.006] z=0.1078
[lowlevel-sim][GT] t=73.901 quat=[0.48825, -0.51233, 0.50181, 0.49732] angvel=[-0.01714, 0.02524, 0.03314] linvel=[0.01046, -0.00572, 0.00232] z=0.1078
[lowlevel-sim][GT] t=73.951 quat=[0.48842, -0.51224, 0.50192, 0.49712] angvel=[0.02372, -0.06038, -0.01081] linvel=[0.0145, -0.00071, 0.00269] z=0.1077
[lowlevel-sim] t=  74.00 mode=cmd        pd=41103 hold=8595 failclosed=198 rtf=0.220 base_z=+0.108 pitch=+1.542 roll=-3.091 |tau|max=  9.37 sat=0/29 knee_L=+0.281 hip_p_L=-0.109 torn=10982 cmd_age=32.9ms auth=295.4s rig_ign=585 fix_base=0
[lowlevel-sim][GT] t=74.001 quat=[0.48861, -0.51212, 0.50212, 0.49686] angvel=[-0.01681, -0.04009, -0.04686] linvel=[0.01214, -0.00474, 0.00407] z=0.1077
[lowlevel-sim][GT] t=74.051 quat=[0.48867, -0.51192, 0.50226, 0.49686] angvel=[-0.00132, -0.03376, -0.02914] linvel=[0.00715, 0.0008, 0.00158] z=0.1077
[lowlevel-sim][GT] t=74.101 quat=[0.48811, -0.51197, 0.5024, 0.49722] angvel=[0.01676, 0.03738, 0.06258] linvel=[0.00086, -0.00584, -0.00056] z=0.1077
[lowlevel-sim][GT] t=74.151 quat=[0.48824, -0.51196, 0.50219, 0.49731] angvel=[-0.00243, -0.00163, 0.00162] linvel=[-0.00164, -0.00435, -0.00244] z=0.1077
[lowlevel-sim][GT] t=74.201 quat=[0.48793, -0.51215, 0.50218, 0.49744] angvel=[-0.03623, 0.01594, 0.0267] linvel=[-0.00465, -0.00249, 0.00447] z=0.1077
[lowlevel-sim][GT] t=74.251 quat=[0.48783, -0.51218, 0.50187, 0.4978] angvel=[-0.01239, 0.06632, 0.02614] linvel=[-0.00753, -0.00105, 0.00519] z=0.1077
[lowlevel-sim][GT] t=74.301 quat=[0.48769, -0.5124, 0.50177, 0.49783] angvel=[-0.03859, -0.02766, -0.03893] linvel=[-0.01691, -0.00639, 0.00641] z=0.1077
[lowlevel-sim][GT] t=74.351 quat=[0.48768, -0.5124, 0.50164, 0.49797] angvel=[0.00788, -0.06869, -0.03128] linvel=[-0.0139, -6e-05, 0.00095] z=0.1077
[lowlevel-sim][GT] t=74.401 quat=[0.48771, -0.51249, 0.50157, 0.49791] angvel=[0.01291, 0.01513, 0.05226] linvel=[0.00234, -0.00659, -0.00178] z=0.1078
[lowlevel-sim][GT] t=74.451 quat=[0.48772, -0.51264, 0.50146, 0.49787] angvel=[0.05415, -0.04151, 0.01541] linvel=[0.00153, 0.00272, -0.00649] z=0.1077
[lowlevel-sim] t=  74.50 mode=cmd        pd=41353 hold=8595 failclosed=198 rtf=0.220 base_z=+0.108 pitch=+1.542 roll=-3.126 |tau|max=  9.74 sat=0/29 knee_L=+0.282 hip_p_L=-0.109 torn=10996 cmd_age=31.0ms auth=297.6s rig_ign=585 fix_base=0
[lowlevel-sim][GT] t=74.501 quat=[0.48761, -0.51261, 0.50161, 0.49784] angvel=[-0.00884, -0.0276, -0.06632] linvel=[-0.00846, -0.00515, 0.00075] z=0.1077
[lowlevel-sim][GT] t=74.551 quat=[0.48774, -0.51257, 0.50159, 0.49779] angvel=[0.05252, -0.03583, -0.04602] linvel=[-0.00448, -0.00152, -0.00382] z=0.1077
[lowlevel-sim][GT] t=74.601 quat=[0.48792, -0.51243, 0.5018, 0.49754] angvel=[-0.00729, -0.00037, -0.03578] linvel=[0.00639, -0.00438, 0.00151] z=0.1077
[lowlevel-sim][GT] t=74.651 quat=[0.48823, -0.51221, 0.5018, 0.49746] angvel=[0.02323, -0.01563, -0.02946] linvel=[0.00599, -0.00188, -0.00162] z=0.1077
[lowlevel-sim][GT] t=74.701 quat=[0.48818, -0.51241, 0.50183, 0.49727] angvel=[-0.03999, 0.02239, 0.02007] linvel=[0.00513, -0.00243, 0.00907] z=0.1078
[lowlevel-sim][GT] t=74.751 quat=[0.48802, -0.51229, 0.50186, 0.49754] angvel=[-0.02013, -0.08353, -0.02292] linvel=[-0.00166, -0.00235, 0.01002] z=0.1078
[lowlevel-sim][GT] t=74.801 quat=[0.48779, -0.51226, 0.50177, 0.49788] angvel=[-0.00465, 0.0348, 0.05918] linvel=[-0.00461, -0.00535, 0.00088] z=0.1078
[lowlevel-sim][GT] t=74.851 quat=[0.48763, -0.51249, 0.50159, 0.49798] angvel=[-0.03609, 0.02072, 0.02301] linvel=[-0.00584, -0.00703, 0.00341] z=0.1078
[lowlevel-sim][GT] t=74.901 quat=[0.48775, -0.51259, 0.50168, 0.49766] angvel=[0.01004, -0.0358, -0.04375] linvel=[-0.00711, -0.00694, -0.00067] z=0.1077
[lowlevel-sim][GT] t=74.951 quat=[0.48772, -0.51265, 0.50156, 0.49775] angvel=[-0.00396, -0.02689, -0.00648] linvel=[-0.00824, -0.00241, 0.0021] z=0.1077
[lowlevel-sim] t=  75.00 mode=cmd        pd=41603 hold=8595 failclosed=198 rtf=0.220 base_z=+0.108 pitch=+1.542 roll=-3.111 |tau|max=  8.31 sat=0/29 knee_L=+0.282 hip_p_L=-0.109 torn=11015 cmd_age=35.5ms auth=299.7s rig_ign=585 fix_base=0
[lowlevel-sim][GT] t=75.001 quat=[0.48775, -0.51267, 0.50151, 0.49775] angvel=[-0.00508, 0.01236, 0.0257] linvel=[-0.00318, -0.0069, -0.00095] z=0.1078
[lowlevel-sim][GT] t=75.051 quat=[0.48779, -0.51259, 0.50151, 0.4978] angvel=[0.01991, -0.02278, 0.00225] linvel=[-0.00251, -0.00134, -0.00212] z=0.1078
[lowlevel-sim][GT] t=75.101 quat=[0.48805, -0.51275, 0.50161, 0.49727] angvel=[-0.02192, -0.02179, -0.01591] linvel=[0.01283, -0.00491, 0.00198] z=0.1077
[lowlevel-sim][GT] t=75.151 quat=[0.48816, -0.51243, 0.50177, 0.49733] angvel=[0.02885, -0.00087, -0.02632] linvel=[0.01196, -0.00156, -0.00408] z=0.1077
[lowlevel-sim][GT] t=75.201 quat=[0.48811, -0.51233, 0.50183, 0.49743] angvel=[-0.00684, 0.02164, 0.02257] linvel=[0.01195, -0.00431, 0.00134] z=0.1078
[lowlevel-sim][GT] t=75.251 quat=[0.48815, -0.51225, 0.50185, 0.49745] angvel=[0.01096, -0.03714, 0.00851] linvel=[0.00531, -0.00218, -0.00119] z=0.1078
[lowlevel-sim][GT] t=75.301 quat=[0.48789, -0.51237, 0.50177, 0.49766] angvel=[0.00735, 0.00039, 0.00149] linvel=[-0.00305, -0.00557, -0.00396] z=0.1078
[lowlevel-sim][GT] t=75.351 quat=[0.48775, -0.51243, 0.50177, 0.49774] angvel=[0.02919, -0.00303, 0.0099] linvel=[-0.0079, -0.00229, -0.00111] z=0.1078
[lowlevel-sim][GT] t=75.401 quat=[0.48754, -0.51265, 0.50181, 0.49767] angvel=[0.00098, -0.01533, 0.0379] linvel=[-0.00882, -0.0053, 0.00128] z=0.1077
[lowlevel-sim][GT] t=75.451 quat=[0.48765, -0.51269, 0.5015, 0.49783] angvel=[0.00108, -0.04348, -0.01739] linvel=[-0.00056, -0.00159, -0.00106] z=0.1077
[lowlevel-sim] t=  75.50 mode=cmd        pd=41853 hold=8595 failclosed=198 rtf=0.220 base_z=+0.108 pitch=+1.542 roll=-3.107 |tau|max=  8.31 sat=0/29 knee_L=+0.282 hip_p_L=-0.109 torn=11031 cmd_age=34.2ms auth=301.6s rig_ign=585 fix_base=0
[lowlevel-sim][GT] t=75.501 quat=[0.48786, -0.51265, 0.50161, 0.49758] angvel=[-0.00096, -0.03441, -0.00993] linvel=[0.00434, -0.0017, 0.00287] z=0.1078
[lowlevel-sim][GT] t=75.551 quat=[0.48806, -0.51253, 0.50159, 0.49751] angvel=[0.05561, -0.02991, -0.00653] linvel=[0.01445, 0.00175, -0.00684] z=0.1078
[lowlevel-sim][GT] t=75.601 quat=[0.488, -0.51244, 0.50181, 0.49745] angvel=[0.03896, -0.02068, 0.02838] linvel=[0.00413, -0.00356, -0.00154] z=0.1077
[lowlevel-sim][GT] t=75.651 quat=[0.48805, -0.51235, 0.50186, 0.49744] angvel=[0.03356, -0.03356, -0.02403] linvel=[0.00795, -0.00327, -0.00381] z=0.1077
[lowlevel-sim][GT] t=75.701 quat=[0.48798, -0.51231, 0.50202, 0.49737] angvel=[-0.03567, 0.04051, 0.00622] linvel=[0.0054, -0.00306, 0.00488] z=0.1077
[lowlevel-sim][GT] t=75.751 quat=[0.48797, -0.51229, 0.5019, 0.49754] angvel=[0.00079, 0.03434, -0.01101] linvel=[0.00516, -0.002, -0.00307] z=0.1077
[lowlevel-sim][GT] t=75.801 quat=[0.48804, -0.51234, 0.50192, 0.4974] angvel=[0.03938, 0.00867, 0.02902] linvel=[0.01306, -0.00482, 0.00058] z=0.1077
[lowlevel-sim][GT] t=75.851 quat=[0.4882, -0.51209, 0.50183, 0.49758] angvel=[-0.01833, -0.01174, -0.00474] linvel=[0.00852, -0.00484, 0.00169] z=0.1078
[lowlevel-sim][GT] t=75.901 quat=[0.48827, -0.512, 0.50207, 0.49737] angvel=[-0.03824, 0.00345, -0.02541] linvel=[0.01342, -0.00724, 0.00215] z=0.1078
[lowlevel-sim][GT] t=75.951 quat=[0.48849, -0.51179, 0.50227, 0.49716] angvel=[0.00102, -0.02529, -0.01161] linvel=[0.01353, -0.00287, 0.00209] z=0.1078
[lowlevel-sim] t=  76.00 mode=cmd        pd=42103 hold=8595 failclosed=198 rtf=0.220 base_z=+0.108 pitch=+1.542 roll=-3.119 |tau|max=  9.84 sat=0/29 knee_L=+0.282 hip_p_L=-0.110 torn=11053 cmd_age=34.7ms auth=303.4s rig_ign=585 fix_base=0
[lowlevel-sim][GT] t=76.001 quat=[0.48872, -0.5116, 0.50247, 0.49693] angvel=[-0.02579, -0.02742, -0.07249] linvel=[0.00429, -0.00495, 0.0039] z=0.1078
[lowlevel-sim][GT] t=76.051 quat=[0.48906, -0.5113, 0.50267, 0.4967] angvel=[0.02236, 0.00172, -0.0543] linvel=[0.00922, -0.00197, -0.00405] z=0.1078
[lowlevel-sim][GT] t=76.101 quat=[0.48902, -0.51128, 0.50279, 0.49664] angvel=[0.01407, 0.01411, 0.03387] linvel=[0.00603, -0.00573, -0.00319] z=0.1078
[lowlevel-sim][GT] t=76.151 quat=[0.48906, -0.51131, 0.50278, 0.49659] angvel=[-0.01237, -0.01076, 0.00955] linvel=[0.00883, -0.00225, -2e-05] z=0.1078
[lowlevel-sim][GT] t=76.201 quat=[0.48922, -0.51122, 0.50289, 0.49642] angvel=[-0.03103, -0.01277, -0.03704] linvel=[0.0088, -0.00424, 0.00346] z=0.1079
[lowlevel-sim][GT] t=76.251 quat=[0.48909, -0.51113, 0.50285, 0.49666] angvel=[0.01669, -0.00388, -0.00125] linvel=[-0.0034, -0.00255, 0.00406] z=0.1079
[lowlevel-sim][GT] t=76.301 quat=[0.48913, -0.511, 0.5029, 0.4967] angvel=[0.00505, 0.0202, 0.01111] linvel=[0.00103, -0.00313, -0.00095] z=0.1079
[lowlevel-sim][GT] t=76.351 quat=[0.48914, -0.51091, 0.50305, 0.49664] angvel=[0.02037, -0.03431, 0.0043] linvel=[0.00582, -0.00269, -0.00079] z=0.1078
[lowlevel-sim][GT] t=76.401 quat=[0.48902, -0.511, 0.50313, 0.49658] angvel=[-0.02251, -0.02554, -0.04725] linvel=[-0.00637, -0.00457, 0.00309] z=0.1078
[lowlevel-sim][GT] t=76.451 quat=[0.4891, -0.51092, 0.50318, 0.49653] angvel=[-0.00555, -0.04252, -0.03777] linvel=[0.00071, -0.00186, 0.00172] z=0.1078
[lowlevel-sim] t=  76.50 mode=cmd        pd=42353 hold=8595 failclosed=198 rtf=0.220 base_z=+0.108 pitch=+1.542 roll=+3.135 |tau|max=  9.24 sat=0/29 knee_L=+0.283 hip_p_L=-0.111 torn=11068 cmd_age=33.6ms auth=305.4s rig_ign=585 fix_base=0
[lowlevel-sim][GT] t=76.501 quat=[0.48888, -0.51101, 0.50318, 0.49667] angvel=[-0.02952, 0.00505, 0.00568] linvel=[-0.01124, -0.00658, 0.00135] z=0.1078
[lowlevel-sim][GT] t=76.551 quat=[0.48901, -0.51095, 0.50321, 0.49657] angvel=[-0.01312, 0.06279, 0.01931] linvel=[-0.00976, -0.00503, 0.00229] z=0.1078
[lowlevel-sim][GT] t=76.601 quat=[0.48894, -0.511, 0.50323, 0.49656] angvel=[0.00874, -0.0056, -0.0065] linvel=[-0.01144, -0.00425, -0.00048] z=0.1078
[lowlevel-sim][GT] t=76.651 quat=[0.48902, -0.51102, 0.50313, 0.49657] angvel=[0.03483, 0.01499, 0.04302] linvel=[-0.00408, -0.00065, 0.00119] z=0.1078
[lowlevel-sim][GT] t=76.701 quat=[0.48896, -0.51109, 0.50307, 0.49662] angvel=[0.0151, 0.00378, 0.00898] linvel=[-0.01423, -0.00504, -0.00126] z=0.1078
[lowlevel-sim][GT] t=76.751 quat=[0.48892, -0.51121, 0.50296, 0.49665] angvel=[-0.05371, -0.1683, -0.01757] linvel=[-0.0119, -0.00721, 0.00684] z=0.1077
