Authorization required, but no authorization protocol specified

Authorization required, but no authorization protocol specified

Authorization required, but no authorization protocol specified

Authorization required, but no authorization protocol specified

cat: '/sys/devices/system/cpu/cpu*/cpufreq/scaling_governor': No such file or directory
Authorization required, but no authorization protocol specified

Authorization required, but no authorization protocol specified

[Info] [carb] Logging to file: /isaac-sim/kit/logs/Kit/Isaac-Sim Python/5.1/kit_20260819_040017.log
2026-08-19T04:00:17Z [0ms] [Warning] [carb.crashreporter-breakpad.plugin] [previous crash] preventing upload of minidump due to user opt-out: '/isaac-sim/kit/data/Kit/Isaac-Sim Python/5.1/16f901ce-e1ad-413c-e2efc98a-34032d35.dmp'
2026-08-19T04:00:17Z [0ms] [Warning] [carb.crashreporter-breakpad.plugin] [previous crash] preventing upload of minidump due to user opt-out: '/isaac-sim/kit/data/Kit/Isaac-Sim Python/5.1/91a294f6-0c44-4b63-dbb36b9e-298f9439.dmp'
[0.031s] [ext: omni.kit.async_engine-0.0.3] startup
[0.292s] [ext: omni.metrics.core-0.0.3] startup
[0.292s] [ext: omni.client.lib-1.1.0] startup
[0.300s] [ext: omni.blobkey-1.1.2] startup
[0.300s] [ext: omni.stats-1.0.1] startup
[0.301s] [ext: omni.datastore-0.0.0] startup
[0.305s] [ext: omni.client-1.3.0] startup
[0.307s] [ext: omni.ujitso.default-1.0.0] startup
[0.308s] [ext: omni.hsscclient-1.1.2] startup
[0.312s] [ext: omni.gpu_foundation.shadercache.vulkan-1.0.0] startup
[0.313s] [ext: omni.assets.plugins-0.0.0] startup
[0.314s] [ext: omni.gpu_foundation-0.0.0] startup
[0.318s] [ext: carb.windowing.plugins-1.0.0] startup
2026-08-19T04:00:17Z [308ms] [Warning] [carb.windowing-glfw.plugin] GLFW initialization failed.
2026-08-19T04:00:17Z [308ms] [Warning] [carb] Failed to startup plugin carb.windowing-glfw.plugin (interfaces: [carb::windowing::IGLContext v1.0],[carb::windowing::IWindowing v1.5]) (impl: carb.windowing-glfw.plugin)
[0.319s] [ext: omni.kit.renderer.init-0.0.0] startup
2026-08-19T04:00:17Z [319ms] [Warning] [omni.platforminfo.plugin] failed to open the default display.  Can't verify X Server version.

|---------------------------------------------------------------------------------------------|
| Driver Version: 580.105.08    | Graphics API: Vulkan
|=============================================================================================|
| GPU | Name                             | Active | LDA | GPU Memory | Vendor-ID | LUID       |
|     |                                  |        |     |            | Device-ID | UUID       |
|     |                                  |        |     |            | Bus-ID    |            |
|---------------------------------------------------------------------------------------------|
| 0   | NVIDIA GeForce RTX 4080 SUPER    | Yes: 0 |     | 16376   MB | 10de      | 0          |
|     |                                  |        |     |            | 2702      | e61c4d7d.. |
|     |                                  |        |     |            | 0         |            |
|=============================================================================================|
| OS: 24.04.2 LTS (Noble Numbat) ubuntu, Version: 24.04.2, Kernel: 6.8.0-87-generic
| Processor: AMD Ryzen 9 9950X 16-Core Processor
| Cores: 30 | Logical Cores: 30
|---------------------------------------------------------------------------------------------|
| Total Memory (MB): 48541 | Free Memory: 37199
| Total Page/Swap (MB): 0 | Free Page/Swap: 0
|---------------------------------------------------------------------------------------------|
[0.873s] [ext: omni.kit.pipapi-0.0.0] startup
[0.874s] [ext: omni.kit.pip_archive-0.0.0] startup
[0.874s] [ext: omni.pip.compute-1.6.3] startup
[0.874s] [ext: omni.materialx.libs-1.0.7] startup
[0.880s] [ext: omni.pip.cloud-1.4.3] startup
[0.882s] [ext: omni.isaac.core_archive-3.0.0] startup
[0.882s] [ext: omni.usd.config-1.0.6] startup
[0.885s] [ext: omni.gpucompute.plugins-0.0.0] startup
[0.885s] [ext: omni.usd.libs-1.0.1] startup
[0.935s] [ext: omni.kit.telemetry-0.5.2] startup
[0.952s] [ext: omni.mdl-56.0.3] startup
[1.022s] [ext: omni.iray.libs-0.0.0] startup
[1.027s] [ext: omni.mdl.neuraylib-0.2.12] startup
[1.029s] [ext: omni.kit.usd.mdl-1.1.5] startup
[1.094s] [ext: omni.isaac.ml_archive-3.0.4] startup
[1.094s] [ext: omni.kit.loop-isaac-1.3.7] startup
[1.095s] [ext: omni.kit.test-2.0.1] startup
[1.134s] [ext: omni.appwindow-1.1.10] startup
2026-08-19T04:00:18Z [1,125ms] [Warning] [carb.windowing-glfw.plugin] GLFW initialization failed.
Authorization required, but no authorization protocol specified

Authorization required, but no authorization protocol specified

Authorization required, but no authorization protocol specified

Authorization required, but no authorization protocol specified

Authorization required, but no authorization protocol specified

2026-08-19T04:00:18Z [1,125ms] [Warning] [carb] Failed to startup plugin carb.windowing-glfw.plugin (interfaces: [carb::windowing::IGLContext v1.0],[carb::windowing::IWindowing v1.5]) (impl: carb.windowing-glfw.plugin)
[1.137s] [ext: omni.kit.renderer.core-1.1.0] startup
2026-08-19T04:00:18Z [1,138ms] [Warning] [carb.windowing-glfw.plugin] GLFW initialization failed.
2026-08-19T04:00:18Z [1,138ms] [Warning] [carb] Failed to startup plugin carb.windowing-glfw.plugin (interfaces: [carb::windowing::IGLContext v1.0],[carb::windowing::IWindowing v1.5]) (impl: carb.windowing-glfw.plugin)
2026-08-19T04:00:18Z [1,143ms] [Warning] [carb.windowing-glfw.plugin] GLFW initialization failed.
2026-08-19T04:00:18Z [1,143ms] [Warning] [carb] Failed to startup plugin carb.windowing-glfw.plugin (interfaces: [carb::windowing::IGLContext v1.0],[carb::windowing::IWindowing v1.5]) (impl: carb.windowing-glfw.plugin)
[1.155s] [ext: omni.kit.renderer.capture-0.0.0] startup
[1.156s] [ext: omni.kit.renderer.imgui-2.0.5] startup
2026-08-19T04:00:18Z [1,148ms] [Warning] [carb.windowing-glfw.plugin] GLFW initialization failed.
2026-08-19T04:00:18Z [1,148ms] [Warning] [carb] Failed to startup plugin carb.windowing-glfw.plugin (interfaces: [carb::windowing::IGLContext v1.0],[carb::windowing::IWindowing v1.5]) (impl: carb.windowing-glfw.plugin)
2026-08-19T04:00:18Z [1,149ms] [Warning] [carb.windowing-glfw.plugin] GLFW initialization failed.
2026-08-19T04:00:18Z [1,149ms] [Warning] [carb] Failed to startup plugin carb.windowing-glfw.plugin (interfaces: [carb::windowing::IGLContext v1.0],[carb::windowing::IWindowing v1.5]) (impl: carb.windowing-glfw.plugin)
2026-08-19T04:00:18Z [1,149ms] [Warning] [carb.windowing-glfw.plugin] GLFW initialization failed.
2026-08-19T04:00:18Z [1,149ms] [Warning] [carb] Failed to startup plugin carb.windowing-glfw.plugin (interfaces: [carb::windowing::IGLContext v1.0],[carb::windowing::IWindowing v1.5]) (impl: carb.windowing-glfw.plugin)
[1.191s] [ext: omni.ui-2.27.1] startup
[1.197s] [ext: omni.kit.mainwindow-1.0.3] startup
[1.197s] [ext: carb.audio-0.1.0] startup
[1.199s] [ext: omni.uiaudio-1.0.0] startup
[1.200s] [ext: omni.kit.uiapp-0.0.0] startup
[1.200s] [ext: omni.usd.schema.metrics.assembler-107.3.1] startup
[1.202s] [ext: omni.usd.schema.audio-0.0.0] startup
[1.203s] [ext: omni.anim.graph.schema-107.3.3] startup
[1.209s] [ext: omni.usd_resolver-1.0.0] startup
[1.211s] [ext: omni.usd.core-1.5.3] startup
[1.213s] [ext: omni.usd.schema.render_settings.rtx-0.0.0] startup
[1.222s] [ext: omni.usd.schema.semantics-0.0.0] startup
[1.223s] [ext: isaacsim.robot.schema-3.6.0] startup
[1.228s] [ext: omni.usd.schema.geospatial-0.0.0] startup
[1.229s] [ext: omni.usd.schema.anim-0.0.0] startup
[1.237s] [ext: omni.kit.window.popup_dialog-2.0.24] startup
[1.240s] [ext: usdrt.scenegraph-7.6.1] startup
[1.262s] [ext: omni.timeline-1.0.14] startup
[1.264s] [ext: omni.resourcemonitor-107.0.1] startup
[1.265s] [ext: omni.activity.core-1.0.3] startup
[1.266s] [ext: omni.kit.widget.nucleus_connector-2.0.1] startup
[1.267s] [ext: omni.hydra.usdrt_delegate-7.5.1] startup
[1.270s] [ext: omni.kit.actions.core-1.0.0] startup
[1.272s] [ext: omni.graph.exec-0.9.6] startup
[1.272s] [ext: omni.kit.commands-1.4.10] startup
[1.274s] [ext: omni.kit.usd_undo-0.1.8] startup
[1.274s] [ext: omni.kit.exec.core-0.13.4] startup
[1.275s] [ext: omni.kit.audiodeviceenum-1.0.2] startup
[1.276s] [ext: omni.hydra.scene_delegate-0.3.4] startup
[1.278s] [ext: omni.usd-1.13.10] startup
[1.289s] [ext: omni.kit.asset_converter-5.0.17] startup
[1.296s] [ext: omni.usd.schema.flow-107.1.1] startup
[1.297s] [ext: omni.usd.schema.omnigraph-1.0.0] startup
[1.300s] [ext: omni.usd.schema.omni_sensors-0.0.0] startup
[1.300s] [ext: omni.anim.navigation.schema-107.3.3] startup
[1.302s] [ext: omni.inspect-1.0.2] startup
[1.303s] [ext: omni.kit.notification_manager-1.0.10] startup
[1.304s] [ext: omni.graph.core-2.184.5] startup
[1.305s] [ext: isaacsim.core.deprecation_manager-0.2.7] startup
[1.306s] [ext: omni.usd.schema.physx-107.3.26] startup
[1.326s] [ext: omni.usd.schema.isaac-3.0.5] startup
[1.326s] [ext: omni.usd.schema.omniscripting-1.0.0] startup
[1.329s] [ext: omni.usd.schema.omni_lens_distortion-0.0.0] startup
[1.329s] [ext: omni.kvdb-107.3.26] startup
[1.330s] [ext: omni.usdphysics-107.3.26] startup
[1.331s] [ext: omni.physx.foundation-107.3.26] startup
[1.332s] [ext: omni.localcache-107.3.26] startup
[1.333s] [ext: omni.convexdecomposition-107.3.26] startup
[1.335s] [ext: omni.physx.cooking-107.3.26] startup
[1.336s] [ext: omni.physx-107.3.26] startup
[1.342s] [ext: omni.physics-107.3.26] startup
[1.344s] [ext: omni.kit.usd.layers-2.2.11] startup
[1.349s] [ext: omni.physics.physx-107.3.26] startup
2026-08-19T04:00:18Z [1,339ms] [Warning] [carb] Acquiring non optional plugin interface which is not listed as dependency: [omni::physx::IPhysxBenchmarks v1.0] (plugin: <default plugin>), by client: omni.physics.physx.plugin. Add it to CARB_PLUGIN_IMPL_DEPS() macro of a client.
[1.350s] [ext: omni.physics.stageupdate-107.3.26] startup
[1.351s] [ext: omni.kit.numpy.common-0.1.3] startup
[1.352s] [ext: isaacsim.core.version-2.0.6] startup
[1.352s] [ext: omni.isaac.dynamic_control-2.0.7] startup
2026-08-19T04:00:18Z [1,344ms] [Warning] [omni.isaac.dynamic_control] omni.isaac.dynamic_control is deprecated as of Isaac Sim 4.5. No action is needed from end-users.
[1.355s] [ext: isaacsim.storage.native-1.5.1] startup
[1.356s] [ext: omni.kit.menu.core-1.1.2] startup
[1.357s] [ext: omni.kit.helper.file_utils-0.1.9] startup
[1.358s] [ext: omni.usd.metrics.assembler-107.3.1] startup
[1.362s] [ext: omni.kit.widget.context_menu-1.2.5] startup
[1.363s] [ext: omni.warp.core-1.8.2] startup
[1.490s] [ext: omni.usd.metrics.assembler.physics-107.3.26] startup
[1.492s] [ext: omni.physics.tensors-107.3.26] startup
[1.495s] [ext: omni.kit.context_menu-1.8.6] startup
[1.496s] [ext: omni.kit.clipboard-1.0.5] startup
[1.496s] [ext: isaacsim.core.utils-3.5.1] startup
[1.498s] [ext: omni.kit.widget.filebrowser-2.12.3] startup
[1.501s] [ext: omni.kit.widget.options_menu-1.1.6] startup
[1.503s] [ext: omni.kit.widget.path_field-2.0.11] startup
[1.503s] [ext: omni.index.libs-380600.8087.0] startup
[1.503s] [ext: omni.ui.scene-1.11.5] startup
[1.506s] [ext: omni.kit.widget.options_button-1.0.3] startup
[1.506s] [ext: omni.kit.widget.browser_bar-2.0.10] startup
[1.507s] [ext: omni.index-1.0.1] startup
[1.507s] [ext: omni.hydra.rtx.shadercache.vulkan-1.0.0] startup
[1.508s] [ext: omni.kit.window.filepicker-2.13.4] startup
[1.519s] [ext: omni.volume-0.5.2] startup
[1.521s] [ext: omni.ujitso.client-0.0.0] startup
[1.521s] [ext: omni.graph.tools-1.79.2] startup
[1.536s] [ext: omni.graph.image.core-0.6.1] startup
[1.537s] [ext: omni.hydra.rtx-1.0.0] startup
2026-08-19T04:00:18Z [1,537ms] [Warning] [omni.log] Source: omni.hydra was already registered.
[1.556s] [ext: omni.kit.window.file_importer-1.1.18] startup
[1.558s] [ext: omni.kit.menu.utils-2.0.5] startup
[1.563s] [ext: omni.graph.image.nodes-1.3.1] startup
[1.564s] [ext: omni.kit.widget.searchable_combobox-1.0.6] startup
[1.564s] [ext: omni.kit.hydra_texture-1.4.6] startup
[1.567s] [ext: omni.kit.material.library-2.0.7] startup
[1.570s] [ext: omni.hydra.engine.stats-1.0.3] startup
[1.571s] [ext: omni.kit.viewport.scene_camera_model-1.0.6] startup
[1.573s] [ext: omni.kit.widget.settings-1.2.6] startup
[1.574s] [ext: omni.kit.viewport.legacy_gizmos-1.0.19] startup
[1.575s] [ext: omni.kit.widget.viewport-107.1.3] startup
[1.578s] [ext: omni.kit.viewport.registry-104.0.6] startup
[1.578s] [ext: omni.kit.raycast.query-1.1.0] startup
[1.581s] [ext: omni.physx.tensors-107.3.26] startup
[1.585s] [ext: omni.kit.window.drop_support-1.0.5] startup
[1.585s] [ext: omni.kit.primitive.mesh-1.0.17] startup
[1.587s] [ext: omni.kit.viewport.window-107.2.0] startup
[1.598s] [ext: omni.kit.window.preferences-1.8.0] startup
[1.602s] [ext: isaacsim.core.simulation_manager-1.4.4] startup
[2.467s] [ext: omni.graph.action_core-1.1.7] startup
[2.468s] [ext: omni.graph-1.141.2] startup
[2.494s] [ext: omni.kit.viewport.utility-1.1.2] startup
[2.495s] [ext: omni.kit.viewport.menubar.core-107.2.1] startup
[2.504s] [ext: isaacsim.core.prims-0.6.1] startup
[2.523s] [ext: omni.graph.action_nodes-1.50.4] startup
[2.525s] [ext: omni.kit.stage_template.core-1.1.22] startup
[2.526s] [ext: omni.syntheticdata-0.6.13] startup
[2.546s] [ext: omni.graph.nodes-1.170.10] startup
[2.553s] [ext: omni.graph.action-1.130.0] startup
[2.554s] [ext: omni.kit.stage_templates-2.0.0] startup
[2.559s] [ext: omni.kit.widget.filter-1.1.4] startup
[2.560s] [ext: omni.kit.widget.graph-2.0.0] startup
[2.575s] [ext: omni.kit.property.adapter.core-1.0.2] startup
[2.578s] [ext: omni.kit.window.file_exporter-1.0.33] startup
[2.580s] [ext: omni.kit.widget.searchfield-1.1.8] startup
[2.583s] [ext: omni.kit.hotkeys.core-1.3.10] startup
[2.584s] [ext: omni.kit.graph.delegate.default-1.2.3] startup
[2.585s] [ext: omni.kit.property.adapter.fabric-1.0.3] startup
[2.590s] [ext: omni.kit.widget.stage-3.1.4] startup
[2.612s] [ext: omni.kit.property.adapter.usd-1.0.2] startup
[2.613s] [ext: omni.kit.graph.editor.core-1.5.3] startup
[2.615s] [ext: omni.kit.widget.material_preview-1.0.16] startup
[2.616s] [ext: omni.kit.widget.highlight_label-1.0.3] startup
[2.617s] [ext: omni.kit.window.file-2.0.5] startup
[2.619s] [ext: omni.kit.window.content_browser_registry-0.0.6] startup
[2.620s] [ext: omni.kit.window.property-1.12.1] startup
[2.623s] [ext: omni.kit.window.content_browser-3.1.3] startup
[2.630s] [ext: omni.kit.graph.usd.commands-1.3.1] startup
[2.631s] [ext: omni.kit.property.usd-4.5.12] startup
[2.639s] [ext: omni.graph.ui_nodes-1.50.5] startup
[2.641s] [ext: omni.videoencoding-0.1.2] startup
[2.642s] [ext: omni.kit.window.material_graph-1.9.1] startup
[2.650s] [ext: omni.warp-1.8.2] startup
[2.655s] [ext: isaacsim.core.api-4.8.0] startup
[2.667s] [ext: omni.graph.scriptnode-1.50.0] startup
[2.670s] [ext: isaacsim.test.docstring-1.1.0] startup
[2.675s] [ext: isaacsim.core.experimental.utils-0.3.0] startup
[2.687s] [ext: omni.replicator.core-1.12.27] startup
2026-08-19T04:00:19Z [2,695ms] [Warning] [pxr.Semantics] pxr.Semantics is deprecated - please use Semantics instead
2026-08-19T04:00:19Z [2,808ms] [Warning] [omni.graph.core.plugin] Found duplicate of category 'Replicator' - was 'Annotators', adding 'Fabric Reader'
2026-08-19T04:00:19Z [2,809ms] [Warning] [omni.graph.core.plugin] Category 'Replicator' not accepted on node type 'omni.replicator.core.FabricReader' in extension 'omni.replicator.core'
2026-08-19T04:00:19Z [2,809ms] [Warning] [omni.replicator.core.scripts.extension] No material configuration file, adding configuration to material settings directly.
[2.822s] [ext: isaacsim.core.experimental.prims-0.8.1] startup
[2.856s] [ext: omni.kit.window.extensions-1.4.27] startup
[2.870s] [ext: isaacsim.core.experimental.objects-0.4.0] startup
[2.875s] [ext: omni.ui_query-1.1.8] startup
[2.877s] [ext: omni.kit.manipulator.viewport-107.0.1] startup
[2.879s] [ext: isaacsim.robot.surface_gripper-3.3.1] startup
[2.882s] [ext: omni.kit.ui_test-1.3.7] startup
[2.885s] [ext: omni.graph.visualization.nodes-2.1.3] startup
[2.914s] [ext: isaacsim.robot_motion.lula-4.0.8] startup
[2.921s] [ext: isaacsim.core.nodes-3.4.3] startup
[2.932s] [ext: isaacsim.gui.components-1.2.1] startup
[2.945s] [ext: isaacsim.robot_motion.motion_generation-8.0.26] startup
[2.971s] [ext: isaacsim.robot.manipulators-3.3.6] startup
[2.983s] [ext: isaacsim.core.experimental.materials-0.4.0] startup
[3.003s] [ext: isaacsim.robot.manipulators.examples-1.1.2] startup
[3.008s] [ext: isaacsim.cortex.framework-1.0.12] startup
[3.017s] [ext: isaacsim.cortex.behaviors-2.0.14] startup
[3.020s] [ext: omni.isaac.cortex.sample_behaviors-2.0.5] startup
2026-08-19T04:00:20Z [3,015ms] [Warning] [omni.isaac.cortex] omni.isaac.cortex has been deprecated in favor of isaacsim.cortex.framework. Please update your code accordingly.
2026-08-19T04:00:20Z [3,015ms] [Warning] [omni.isaac.cortex.sample_behaviors] omni.isaac.cortex.sample_behaviors has been deprecated in favor of isaacsim.cortex.behaviors. Please update your code accordingly.
[3.026s] [ext: omni.kit.widget.zoombar-1.0.6] startup
[3.031s] [ext: isaacsim.gui.content_browser-0.1.11] startup
[3.037s] [ext: omni.kit.browser.core-2.3.13] startup
[3.046s] [ext: omni.kit.widget.stage_icons-1.0.8] startup
[3.048s] [ext: omni.kit.widget.prompt-1.0.7] startup
[3.049s] [ext: omni.kit.usd.collect-2.4.5] startup
[3.055s] [ext: omni.kit.browser.folder.core-1.10.9] startup
[3.063s] [ext: omni.kit.window.stage-2.6.1] startup
[3.068s] [ext: omni.kit.usdz_export-1.0.9] startup
[3.073s] [ext: omni.kit.tool.collect-2.2.18] startup
[3.076s] [ext: omni.kit.menu.stage-1.2.7] startup
[3.078s] [ext: omni.kit.tool.asset_importer-4.3.2] startup
[3.127s] [ext: isaacsim.robot.wheeled_robots-4.0.24] startup
[3.192s] [ext: isaacsim.examples.browser-0.2.1] startup
[3.255s] [ext: isaacsim.asset.importer.urdf-2.4.30] startup
[3.464s] [ext: omni.isaac.wheeled_robots-3.0.7] startup
2026-08-19T04:00:20Z [3,454ms] [Warning] [omni.isaac.wheeled_robots] omni.isaac.wheeled_robots has been deprecated in favor of isaacsim.robot.wheeled_robots. Please update your code accordingly.
2026-08-19T04:00:20Z [3,455ms] [Warning] [omni.isaac.wheeled_robots.controllers] omni.isaac.wheeled_robots has been deprecated in favor of isaacsim.robot.wheeled_robots. Please update your code accordingly.
2026-08-19T04:00:20Z [3,455ms] [Warning] [omni.isaac.wheeled_robots.controllers.ackermann_controller] omni.isaac.wheeled_robots has been deprecated in favor of isaacsim.robot.wheeled_robots. Please update your code accordingly.
2026-08-19T04:00:20Z [3,455ms] [Warning] [omni.isaac.wheeled_robots.controllers.differential_controller] omni.isaac.wheeled_robots has been deprecated in favor of isaacsim.robot.wheeled_robots. Please update your code accordingly.
2026-08-19T04:00:20Z [3,455ms] [Warning] [omni.isaac.wheeled_robots.controllers.holonomic_controller] omni.isaac.wheeled_robots has been deprecated in favor of isaacsim.robot.wheeled_robots. Please update your code accordingly.
2026-08-19T04:00:20Z [3,455ms] [Warning] [omni.isaac.wheeled_robots.controllers.quintic_path_planner] omni.isaac.wheeled_robots has been deprecated in favor of isaacsim.robot.wheeled_robots. Please update your code accordingly.
2026-08-19T04:00:20Z [3,455ms] [Warning] [omni.isaac.wheeled_robots.controllers.stanley_control] omni.isaac.wheeled_robots has been deprecated in favor of isaacsim.robot.wheeled_robots. Please update your code accordingly.
2026-08-19T04:00:20Z [3,455ms] [Warning] [omni.isaac.wheeled_robots.controllers.wheel_base_pose_controller] omni.isaac.wheeled_robots has been deprecated in favor of isaacsim.robot.wheeled_robots. Please update your code accordingly.
2026-08-19T04:00:20Z [3,455ms] [Warning] [omni.isaac.wheeled_robots.impl] omni.isaac.wheeled_robots has been deprecated in favor of isaacsim.robot.wheeled_robots. Please update your code accordingly.
2026-08-19T04:00:20Z [3,456ms] [Warning] [omni.isaac.wheeled_robots.robots] omni.isaac.wheeled_robots has been deprecated in favor of isaacsim.robot.wheeled_robots. Please update your code accordingly.
2026-08-19T04:00:20Z [3,457ms] [Warning] [omni.isaac.wheeled_robots.robots.holonomic_robot_usd_setup] omni.isaac.wheeled_robots has been deprecated in favor of isaacsim.robot.wheeled_robots. Please update your code accordingly.
2026-08-19T04:00:20Z [3,460ms] [Warning] [omni.isaac.wheeled_robots.robots.wheeled_robot] omni.isaac.wheeled_robots has been deprecated in favor of isaacsim.robot.wheeled_robots. Please update your code accordingly.
[3.471s] [ext: isaacsim.simulation_app-2.12.2] startup
[3.472s] [ext: omni.isaac.franka-1.0.7] startup
2026-08-19T04:00:20Z [3,462ms] [Warning] [omni.isaac.franka] omni.isaac.franka has been deprecated in favor of isaacsim.robot.manipulators.examples.franka. Please update your code accordingly.
2026-08-19T04:00:20Z [3,462ms] [Warning] [omni.isaac.franka.franka] omni.isaac.franka has been deprecated in favor of isaacsim.robot.manipulators.examples.franka. Please update your code accordingly.
2026-08-19T04:00:20Z [3,475ms] [Warning] [omni.isaac.franka.kinematics_solver] omni.isaac.franka has been deprecated in favor of isaacsim.robot.manipulators.examples.franka. Please update your code accordingly.
[3.486s] [ext: omni.isaac.kit-2.0.6] startup
2026-08-19T04:00:20Z [3,476ms] [Warning] [omni.isaac.kit] omni.isaac.kit has been deprecated in favor of isaacsim.simulation_app. Please update your code accordingly.
[3.487s] [ext: omni.kit.selection-0.1.6] startup
[3.488s] [ext: omni.isaac.lula-4.0.6] startup
2026-08-19T04:00:20Z [3,478ms] [Warning] [omni.isaac.lula] omni.isaac.lula has been deprecated in favor of isaacsim.robot_motion.lula. Please update your code accordingly.
[3.489s] [ext: isaacsim.robot_motion.lula_test_widget-1.0.12] startup
[3.490s] [ext: isaacsim.asset.browser-1.3.23] startup
[3.548s] [ext: omni.kit.viewport.actions-107.0.2] startup
[3.552s] [ext: isaacsim.gui.menu-2.4.4] startup
[3.556s] [ext: omni.isaac.manipulators-3.0.7] startup
2026-08-19T04:00:20Z [3,547ms] [Warning] [omni.isaac.manipulators] omni.isaac.manipulators has been deprecated in favor of isaacsim.robot.manipulators. Please update your code accordingly.
2026-08-19T04:00:20Z [3,547ms] [Warning] [omni.isaac.manipulators.controllers] omni.isaac.manipulators has been deprecated in favor of isaacsim.robot.manipulators. Please update your code accordingly.
2026-08-19T04:00:20Z [3,548ms] [Warning] [omni.isaac.manipulators.controllers.pick_place_controller] omni.isaac.manipulators has been deprecated in favor of isaacsim.robot.manipulators. Please update your code accordingly.
2026-08-19T04:00:20Z [3,548ms] [Warning] [omni.isaac.manipulators.controllers.stacking_controller] omni.isaac.manipulators has been deprecated in favor of isaacsim.robot.manipulators. Please update your code accordingly.
2026-08-19T04:00:20Z [3,548ms] [Warning] [omni.isaac.manipulators.grippers] omni.isaac.manipulators has been deprecated in favor of isaacsim.robot.manipulators. Please update your code accordingly.
2026-08-19T04:00:20Z [3,548ms] [Warning] [omni.isaac.manipulators.grippers.gripper] omni.isaac.manipulators has been deprecated in favor of isaacsim.robot.manipulators. Please update your code accordingly.
2026-08-19T04:00:20Z [3,548ms] [Warning] [omni.isaac.manipulators.grippers.parallel_gripper] omni.isaac.manipulators has been deprecated in favor of isaacsim.robot.manipulators. Please update your code accordingly.
2026-08-19T04:00:20Z [3,549ms] [Warning] [omni.isaac.manipulators.grippers.surface_gripper] omni.isaac.manipulators has been deprecated in favor of isaacsim.robot.manipulators. Please update your code accordingly.
2026-08-19T04:00:20Z [3,549ms] [Warning] [omni.isaac.manipulators.manipulators] omni.isaac.manipulators has been deprecated in favor of isaacsim.robot.manipulators. Please update your code accordingly.
2026-08-19T04:00:20Z [3,550ms] [Warning] [omni.isaac.manipulators.manipulators.single_manipulator] omni.isaac.manipulators has been deprecated in favor of isaacsim.robot.manipulators. Please update your code accordingly.
[3.561s] [ext: omni.isaac.lula_test_widget-1.0.6] startup
2026-08-19T04:00:20Z [3,552ms] [Warning] [omni.isaac.lula_test_widget] omni.isaac.lula_test_widget has been deprecated in favor of isaacsim.robot_motion.lula_test_widget. Please update your code accordingly.
[3.563s] [ext: omni.isaac.asset_browser-1.0.6] startup
2026-08-19T04:00:20Z [3,554ms] [Warning] [omni.isaac.asset_browser] omni.isaac.asset_browser has been deprecated in favor of isaacsim.asset.browser. Please update your code accordingly.
[3.566s] [ext: omni.kit.viewport.menubar.display-107.0.3] startup
[3.570s] [ext: omni.isaac.menu-1.0.6] startup
2026-08-19T04:00:20Z [3,560ms] [Warning] [omni.isaac.menu] omni.isaac.menu has been deprecated in favor of isaacsim.gui.menu. Please update your code accordingly.
[3.571s] [ext: omni.isaac.motion_generation-8.0.7] startup
2026-08-19T04:00:20Z [3,562ms] [Warning] [omni.isaac.motion_generation] omni.isaac.motion_generation has been deprecated in favor of isaacsim.robot_motion.motion_generation. Please update your code accordingly.
2026-08-19T04:00:20Z [3,562ms] [Warning] [omni.isaac.motion_generation.articulation_kinematics_solver] omni.isaac.motion_generation has been deprecated in favor of isaacsim.robot_motion.motion_generation. Please update your code accordingly.
2026-08-19T04:00:20Z [3,562ms] [Warning] [omni.isaac.motion_generation.articulation_motion_policy] omni.isaac.motion_generation has been deprecated in favor of isaacsim.robot_motion.motion_generation. Please update your code accordingly.
2026-08-19T04:00:20Z [3,562ms] [Warning] [omni.isaac.motion_generation.articulation_trajectory] omni.isaac.motion_generation has been deprecated in favor of isaacsim.robot_motion.motion_generation. Please update your code accordingly.
2026-08-19T04:00:20Z [3,563ms] [Warning] [omni.isaac.motion_generation.kinematics_interface] omni.isaac.motion_generation has been deprecated in favor of isaacsim.robot_motion.motion_generation. Please update your code accordingly.
2026-08-19T04:00:20Z [3,564ms] [Warning] [omni.isaac.motion_generation.lula] omni.isaac.motion_generation has been deprecated in favor of isaacsim.robot_motion.motion_generation. Please update your code accordingly.
2026-08-19T04:00:20Z [3,564ms] [Warning] [omni.isaac.motion_generation.lula.kinematics] omni.isaac.motion_generation has been deprecated in favor of isaacsim.robot_motion.motion_generation. Please update your code accordingly.
2026-08-19T04:00:20Z [3,564ms] [Warning] [omni.isaac.motion_generation.lula.motion_policies] omni.isaac.motion_generation has been deprecated in favor of isaacsim.robot_motion.motion_generation. Please update your code accordingly.
2026-08-19T04:00:20Z [3,564ms] [Warning] [omni.isaac.motion_generation.lula.path_planners] omni.isaac.motion_generation has been deprecated in favor of isaacsim.robot_motion.motion_generation. Please update your code accordingly.
2026-08-19T04:00:20Z [3,564ms] [Warning] [omni.isaac.motion_generation.lula.trajectory_generator] omni.isaac.motion_generation has been deprecated in favor of isaacsim.robot_motion.motion_generation. Please update your code accordingly.
2026-08-19T04:00:20Z [3,564ms] [Warning] [omni.isaac.motion_generation.motion_policy_controller] omni.isaac.motion_generation has been deprecated in favor of isaacsim.robot_motion.motion_generation. Please update your code accordingly.
2026-08-19T04:00:20Z [3,564ms] [Warning] [omni.isaac.motion_generation.motion_policy_interface] omni.isaac.motion_generation has been deprecated in favor of isaacsim.robot_motion.motion_generation. Please update your code accordingly.
2026-08-19T04:00:20Z [3,564ms] [Warning] [omni.isaac.motion_generation.path_planner_visualizer] omni.isaac.motion_generation has been deprecated in favor of isaacsim.robot_motion.motion_generation. Please update your code accordingly.
2026-08-19T04:00:20Z [3,564ms] [Warning] [omni.isaac.motion_generation.path_planning_interface] omni.isaac.motion_generation has been deprecated in favor of isaacsim.robot_motion.motion_generation. Please update your code accordingly.
2026-08-19T04:00:20Z [3,564ms] [Warning] [omni.isaac.motion_generation.trajectory] omni.isaac.motion_generation has been deprecated in favor of isaacsim.robot_motion.motion_generation. Please update your code accordingly.
2026-08-19T04:00:20Z [3,564ms] [Warning] [omni.isaac.motion_generation.world_interface] omni.isaac.motion_generation has been deprecated in favor of isaacsim.robot_motion.motion_generation. Please update your code accordingly.
[3.575s] [ext: omni.isaac.assets_check-0.3.13] startup
2026-08-19T04:00:20Z [3,565ms] [Warning] [omni.isaac.assets_check] omni.isaac.assets_check has been deprecated in favor of isaacsim.asset.browser. Please update your code accordingly.
[3.576s] [ext: isaacsim.gui.sensors.icon-2.0.3] startup
[3.586s] [ext: isaacsim.asset.importer.mjcf-2.5.13] startup
[3.590s] [ext: omni.sensors.nv.common-3.0.0] startup
[3.597s] [ext: isaacsim.sensors.physics-0.4.3] startup
[3.602s] [ext: omni.sensors.net-1.0.0] startup
[3.604s] [ext: omni.isaac.nucleus-1.0.6] startup
2026-08-19T04:00:20Z [3,594ms] [Warning] [omni.isaac.nucleus] omni.isaac.nucleus has been deprecated in favor of isaacsim.storage.native. Please update your code accordingly.
2026-08-19T04:00:20Z [3,594ms] [Warning] [omni.isaac.nucleus.nucleus] omni.isaac.nucleus.nucleus has been deprecated in favor of isaacsim.storage.native. Please update your code accordingly.
[3.605s] [ext: omni.sensors.nv.materials-2.0.0] startup
[3.609s] [ext: isaacsim.robot.policy.examples-4.1.11] startup
[3.611s] [ext: omni.sensors.nv.wpm-3.0.0] startup
[3.613s] [ext: omni.sensors.nv.lidar-3.0.0] startup
[3.618s] [ext: isaacsim.util.debug_draw-3.1.0] startup
[3.622s] [ext: omni.sensors.nv.radar-3.0.0] startup
[3.624s] [ext: omni.sensors.nv.ids-2.0.0] startup
[3.625s] [ext: isaacsim.core.cloner-1.4.10] startup
[3.627s] [ext: isaacsim.sensors.physx-2.3.2] startup
[3.630s] [ext: isaacsim.sensors.rtx-15.8.4] startup
[3.636s] [ext: isaacsim.sensors.camera-1.3.6] startup
[3.643s] [ext: omni.isaac.quadruped-3.0.7] startup
2026-08-19T04:00:20Z [3,636ms] [Warning] [omni.isaac.quadruped] omni.isaac.quadruped has been deprecated in favor of isaacsim.robot.policy.examples. Please update your code accordingly.
[3.647s] [ext: omni.isaac.cloner-1.0.7] startup
2026-08-19T04:00:20Z [3,637ms] [Warning] [omni.isaac.cloner] omni.isaac.cloner has been deprecated in favor of isaacsim.core.cloner. Please update your code accordingly.
[3.648s] [ext: omni.isaac.range_sensor-4.0.6] startup
2026-08-19T04:00:20Z [3,640ms] [Warning] [omni.isaac.range_sensor] omni.isaac.range_sensor has been deprecated in favor of isaacsim.sensors.physx. Please update your code accordingly.
2026-08-19T04:00:20Z [3,641ms] [Warning] [omni.isaac.range_sensor.commands] omni.isaac.range_sensor.commands has been deprecated in favor of isaacsim.sensors.physx.commands. Please update your code accordingly.
[3.652s] [ext: omni.isaac.sensor-13.0.7] startup
2026-08-19T04:00:20Z [3,643ms] [Warning] [omni.isaac.sensor] omni.isaac.sensor has been deprecated in favor of isaacsim.sensors.camera, isaacsim.sensors.physics, isaacsim.sensors.physx, and isaacsim.sensors.rtx. Please update your code accordingly.
2026-08-19T04:00:20Z [3,643ms] [Warning] [omni.isaac.sensor.camera] omni.isaac.sensor.camera has been deprecated in favor of isaacsim.sensors.camera.camera. Please update your code accordingly.
2026-08-19T04:00:20Z [3,644ms] [Warning] [omni.isaac.sensor.camera_view] omni.isaac.sensor.camera_view has been deprecated in favor of isaacsim.sensors.camera.camera_view. Please update your code accordingly.
2026-08-19T04:00:20Z [3,644ms] [Warning] [omni.isaac.sensor.commands] omni.isaac.sensor.commands has been deprecated in favor of isaacsim.sensors.physics.commands, isaacsim.sensors.physx.commands, and isaacsim.sensors.rtx.commands. Please update your code accordingly.
2026-08-19T04:00:20Z [3,646ms] [Warning] [omni.isaac.sensor.contact_sensor] omni.isaac.sensor.contact_sensor has been deprecated in favor of isaacsim.sensors.physics.contact_sensor. Please update your code accordingly.
2026-08-19T04:00:20Z [3,646ms] [Warning] [omni.isaac.sensor.imu_sensor] omni.isaac.sensor.imu_sensor has been deprecated in favor of isaacsim.sensors.physics.imu_sensor. Please update your code accordingly.
2026-08-19T04:00:20Z [3,646ms] [Warning] [omni.isaac.sensor.lidar_rtx] omni.isaac.sensor.lidar_rtx has been deprecated in favor of isaacsim.sensors.rtx.lidar_rtx. Please update your code accordingly.
2026-08-19T04:00:20Z [3,646ms] [Warning] [omni.isaac.sensor.rotating_lidar_physX] omni.isaac.sensor.imu_sensor has been deprecated in favor of isaacsim.sensors.physix.rotating_lidar_physX. Please update your code accordingly.
2026-08-19T04:00:20Z [3,646ms] [Warning] [omni.isaac.sensor.scripts.samples.contact_sensor] omni.isaac.sensor.scripts.samples.contact_sensor has been deprecated in favor of isaacsim.sensors.physics.scripts.samples.contact_sensor. Please update your code accordingly.
2026-08-19T04:00:20Z [3,647ms] [Warning] [omni.isaac.sensor.scripts.samples.imu_sensor] omni.isaac.sensor.scripts.samples.imu_sensor has been deprecated in favor of isaacsim.sensors.physics.scripts.samples.imu_sensor. Please update your code accordingly.
2026-08-19T04:00:20Z [3,647ms] [Warning] [omni.isaac.sensor.scripts.samples.lightbeam_sensor] omni.isaac.sensor.scripts.samples.lightbeam_sensor has been deprecated in favor of isaacsim.sensors.physx.scripts.samples.lightbeam_sensor. Please update your code accordingly.
[3.658s] [ext: omni.kit.menu.create-2.0.1] startup
[3.661s] [ext: omni.kit.widget.toolbar-2.0.1] startup
[3.673s] [ext: omni.kit.manipulator.transform-107.0.0] startup
[3.678s] [ext: omni.isaac.core-4.0.7] startup
2026-08-19T04:00:20Z [3,668ms] [Warning] [omni.isaac.core.physics_context.physics_context] omni.isaac.core.physics_context.physics_context has been deprecated in favor of isaacsim.core.api.physics_context.physics_context. Please update your code accordingly.
2026-08-19T04:00:20Z [3,668ms] [Warning] [omni.isaac.core.simulation_context.simulation_context] omni.isaac.core.simulation_context.simulation_context has been deprecated in favor of isaacsim.core.api.simulation_context.simulation_context. Please update your code accordingly.
2026-08-19T04:00:20Z [3,668ms] [Warning] [omni.isaac.core.world.world] omni.isaac.core.world.world has been deprecated in favor of isaacsim.core.api.world.world. Please update your code accordingly.
2026-08-19T04:00:20Z [3,668ms] [Warning] [omni.isaac.core] omni.isaac.core has been deprecated in favor of isaacsim.core.api. Please update your code accordingly.
[3.679s] [ext: omni.kit.scripting-107.3.2] startup
[3.684s] [ext: omni.kit.manipulator.tool.snap-1.5.13] startup
[3.689s] [ext: omni.kit.manipulator.selector-1.1.3] startup
[3.690s] [ext: isaacsim.app.about-2.0.11] startup
[3.696s] [ext: isaacsim.replicator.behavior-1.1.16] startup
[3.697s] [ext: omni.kit.viewport.manipulator.transform-107.0.4] startup
[3.698s] [ext: omni.isaac.window.about-2.0.7] startup
2026-08-19T04:00:20Z [3,689ms] [Warning] [omni.isaac.window.about] omni.isaac.window.about has been deprecated in favor of isaacsim.app.about. Please update your code accordingly.
2026-08-19T04:00:20Z [3,690ms] [Warning] [omni.isaac.window.about.about] omni.isaac.window.about.about has been deprecated in favor of isaacsim.app.about.about. Please update your code accordingly.
[3.700s] [ext: omni.fabric.commands-1.1.6] startup
[3.703s] [ext: omni.kit.manipulator.prim.core-107.0.8] startup
[3.708s] [ext: omni.kit.property.audio-1.0.16] startup
[3.709s] [ext: omni.kit.property.camera-1.0.10] startup
[3.711s] [ext: omni.kit.property.geometry-2.0.4] startup
[3.713s] [ext: omni.hydra.scene_api-0.1.2] startup
[3.717s] [ext: omni.kit.property.light-1.0.12] startup
[3.726s] [ext: omni.kit.manipulator.prim.fabric-107.0.4] startup
[3.728s] [ext: omni.kit.manipulator.prim.usd-107.0.3] startup
[3.729s] [ext: omni.kit.property.material-1.11.9] startup
[3.733s] [ext: omni.kit.property.render-1.2.1] startup
[3.734s] [ext: omni.kit.property.transform-1.5.13] startup
[3.737s] [ext: isaacsim.gui.property-1.1.3] startup
[3.739s] [ext: omni.kit.manipulator.camera-106.0.4] startup
[3.742s] [ext: omni.kit.manipulator.prim-107.0.0] startup
[3.743s] [ext: omni.isaac.surface_gripper-2.0.6] startup
2026-08-19T04:00:20Z [3,732ms] [Warning] [omni.isaac.surface_gripper] omni.isaac.surface_gripper has been deprecated in favor of isaacsim.robot.surface_gripper. Please update your code accordingly.
[3.743s] [ext: omni.kit.manipulator.selection-106.0.1] startup
[3.745s] [ext: omni.kit.property.bundle-1.4.1] startup
[3.748s] [ext: omni.kit.property.isaac-1.0.6] startup
2026-08-19T04:00:20Z [3,738ms] [Warning] [omni.kit.property.isaac] omni.kit.property.isaac has been deprecated in favor of isaacsim.gui.property. Please update your code accordingly.
2026-08-19T04:00:20Z [3,738ms] [Warning] [omni.kit.property.isaac.widgets] omni.kit.property.isaac.widgets has been deprecated in favor of isaacsim.gui.property.widgets. Please update your code accordingly.
[3.749s] [ext: omni.isaac.universal_robots-1.0.6] startup
2026-08-19T04:00:20Z [3,739ms] [Warning] [omni.isaac.universal_robots] omni.isaac.universal_robots has been deprecated in favor of isaacsim.robot.manipulators.examples.universal_robots. Please update your code accordingly.
2026-08-19T04:00:20Z [3,739ms] [Warning] [omni.isaac.universal_robots.kinematics_solver] omni.isaac.franka has been deprecated in favor of isaacsim.robot.manipulators.examples.universal_robots. Please update your code accordingly.
2026-08-19T04:00:20Z [3,740ms] [Warning] [omni.isaac.universal_robots.ur10] omni.isaac.franka has been deprecated in favor of isaacsim.robot.manipulators.examples.universal_robots. Please update your code accordingly.
[3.751s] [ext: omni.isaac.core_nodes-2.0.6] startup
2026-08-19T04:00:20Z [3,742ms] [Warning] [omni.isaac.core_nodes] omni.isaac.core_nodes has been deprecated in favor of isaacsim.core.nodes. Please update your code accordingly.
[3.753s] [ext: omni.kit.viewport.menubar.camera-107.0.6] startup
[3.760s] [ext: omni.kit.viewport.menubar.lighting-107.3.1] startup
[3.762s] [ext: isaacsim.replicator.writers-1.0.17] startup
[3.772s] [ext: omni.kit.viewport.menubar.render-107.0.10] startup
[3.776s] [ext: omni.kit.viewport.menubar.settings-107.0.3] startup
[3.782s] [ext: omni.kit.window.console-1.1.4] startup
[3.788s] [ext: isaacsim.replicator.domain_randomization-1.0.16] startup
[3.790s] [ext: isaacsim.replicator.examples-1.3.6] startup
[3.792s] [ext: omni.ocio-0.1.1] startup
[3.795s] [ext: omni.rtx.window.settings-0.6.19] startup
[3.800s] [ext: omni.kit.window.status_bar-0.1.9] startup
[3.806s] [ext: omni.kit.window.toolbar-2.0.0] startup
[3.809s] [ext: omni.replicator.isaac-2.0.8] startup
2026-08-19T04:00:20Z [3,800ms] [Warning] [omni.replicator.isaac] omni.replicator.isaac has been deprecated in favor of isaacsim.replicator.domain_randomization, isaacsim.replicator.examples, isaacsim.replicator.writers. Please update your code accordingly.
[3.814s] [ext: omni.replicator.replicator_yaml-2.0.11] startup
[3.837s] [ext: omni.rtx.settings.core-0.6.5] startup
[3.842s] [ext: omni.usd.metrics.assembler.ui-107.3.1] startup
[3.853s] [ext: omni.isaac.utils-2.0.6] startup
[3.854s] [ext: semantics.schema.editor-2.0.2] startup
[3.858s] [ext: omni.kit.ui.actions-1.0.5] startup
[3.860s] [ext: semantics.schema.property-2.0.1] startup
[3.861s] [ext: omni.isaac.version-2.0.7] startup
2026-08-19T04:00:20Z [3,852ms] [Warning] [omni.isaac.version] omni.isaac.version has been deprecated in favor of isaacsim.core.version. Please update your code accordingly.
[3.863s] [ext: omni.isaac.cortex-1.0.5] startup
[3.864s] [ext: omni.anim.curve.core-1.3.1] startup
[3.872s] [ext: isaacsim.core.throttling-2.2.2] startup
[3.874s] [ext: omni.kit.menu.common-2.0.1] startup
[3.875s] [ext: isaacsim.exp.base-5.1.0] startup
[3.876s] [ext: isaacsim.exp.base.python-5.1.0] startup
[3.877s] Simulation App Starting
2026-08-19T04:00:20Z [3,925ms] [Warning] [omni.kvdb.plugin] Disabling key-value database because another kit process is locking it
2026-08-19T04:00:20Z [3,946ms] [Warning] [omni.fabric.plugin] Warning: attribute viewportHandle not found for bucket id 9

[3.972s] app ready
[5.784s] Simulation App Startup Complete
2026-08-19T04:00:23Z [6,870ms] [Warning] [omni.usd] Warning: in _ReportErrors at line 3172 of /builds/omniverse/usd-ci/USD/pxr/usd/usd/stage.cpp -- In </World/G1/imu_in_pelvis/visuals>: Unresolved reference prim path @/workspace/ferox_isaac/assets/g1_dex5/configuration/g1_dex5_1p_physics.usd@</visuals/imu_in_pelvis> introduced by @/workspace/ferox_isaac/assets/g1_dex5/configuration/g1_dex5_1p_base.usd@</g1_29dof_rev_1_0/imu_in_pelvis/visuals> (recomposing stage on stage @anon:0x7b7c2d9fcbf0:World0.usd@ <0x7b7c2d4fe090>)

2026-08-19T04:00:23Z [6,870ms] [Warning] [omni.usd] Warning: in _ReportErrors at line 3172 of /builds/omniverse/usd-ci/USD/pxr/usd/usd/stage.cpp -- In </World/G1/d435_link/visuals>: Unresolved reference prim path @/workspace/ferox_isaac/assets/g1_dex5/configuration/g1_dex5_1p_physics.usd@</visuals/d435_link> introduced by @/workspace/ferox_isaac/assets/g1_dex5/configuration/g1_dex5_1p_base.usd@</g1_29dof_rev_1_0/d435_link/visuals> (recomposing stage on stage @anon:0x7b7c2d9fcbf0:World0.usd@ <0x7b7c2d4fe090>)

2026-08-19T04:00:23Z [6,870ms] [Warning] [omni.usd] Warning: in _ReportErrors at line 3172 of /builds/omniverse/usd-ci/USD/pxr/usd/usd/stage.cpp -- In </World/G1/imu_in_torso/visuals>: Unresolved reference prim path @/workspace/ferox_isaac/assets/g1_dex5/configuration/g1_dex5_1p_physics.usd@</visuals/imu_in_torso> introduced by @/workspace/ferox_isaac/assets/g1_dex5/configuration/g1_dex5_1p_base.usd@</g1_29dof_rev_1_0/imu_in_torso/visuals> (recomposing stage on stage @anon:0x7b7c2d9fcbf0:World0.usd@ <0x7b7c2d4fe090>)

2026-08-19T04:00:23Z [6,870ms] [Warning] [omni.usd] Warning: in _ReportErrors at line 3172 of /builds/omniverse/usd-ci/USD/pxr/usd/usd/stage.cpp -- In </World/G1/mid360_link/visuals>: Unresolved reference prim path @/workspace/ferox_isaac/assets/g1_dex5/configuration/g1_dex5_1p_physics.usd@</visuals/mid360_link> introduced by @/workspace/ferox_isaac/assets/g1_dex5/configuration/g1_dex5_1p_base.usd@</g1_29dof_rev_1_0/mid360_link/visuals> (recomposing stage on stage @anon:0x7b7c2d9fcbf0:World0.usd@ <0x7b7c2d4fe090>)

2026-08-19T04:00:24Z [7,168ms] [Warning] [omni.fabric.plugin] getAttributeCount called on non-existent path /World/G1/waist_yaw_link/visuals/waist_yaw_link_rev_1_0/node_STL_BINARY_
2026-08-19T04:00:24Z [7,168ms] [Warning] [omni.fabric.plugin] getTypes called on non-existent path /World/G1/waist_yaw_link/visuals/waist_yaw_link_rev_1_0/node_STL_BINARY_
2026-08-19T04:00:25Z [8,165ms] [Warning] [isaacsim.sensors.camera.camera] 'verticalAperture' (1.5290800094604493) and 'horizontalAperture' (2.0954999923706055) are inconsistent with the pixel resolution aspect ratio (1.7777777777777777). Setting 'verticalAperture' to 1.1787187457084656 to ensure square pixels.
2026-08-19T04:00:25Z [8,186ms] [Warning] [omni.fabric.plugin] USD->Fabric: Unhandled array type string[]
2026-08-19T04:00:25Z [8,190ms] [Warning] [usdrt.population.plugin] [UsdNoticeHandler] Unhandled attribute type VtArray<std::string> (prim attribute: omni:rtx:material:db:flattener:ior_constant)
2026-08-19T04:00:25Z [8,190ms] [Warning] [usdrt.population.plugin] [UsdNoticeHandler] Unhandled attribute type VtArray<std::string> (prim attribute: omni:rtx:material:db:flattener:transmittance_color)
2026-08-19T04:00:25Z [8,190ms] [Warning] [usdrt.population.plugin] [UsdNoticeHandler] Unhandled attribute type VtArray<std::string> (prim attribute: omni:rtx:material:db:flattener:reflection_roughness_constant)
2026-08-19T04:00:25Z [8,266ms] [Warning] [omni.syntheticdata.plugin] OgnSdPostRenderVarToHost : rendervar copy from texture directly to host buffer is counter-performant. Please use copy from texture to device buffer first.
2026-08-19T04:00:25Z [8,292ms] [Warning] [isaacsim.core.simulation_manager.plugin] No adjacent samples found for interpolation at time 27/30
2026-08-19T04:00:25Z [8,318ms] [Warning] [isaacsim.core.simulation_manager.plugin] No adjacent samples found for interpolation at time 28/30
2026-08-19T04:00:25Z [8,343ms] [Warning] [isaacsim.core.simulation_manager.plugin] No adjacent samples found for interpolation at time 29/30
2026-08-19T04:00:25Z [8,367ms] [Warning] [isaacsim.core.simulation_manager.plugin] No adjacent samples found for interpolation at time 30/30
2026-08-19T04:00:25Z [8,389ms] [Warning] [isaacsim.core.simulation_manager.plugin] No adjacent samples found for interpolation at time 31/30
2026-08-19T04:00:25Z [8,418ms] [Warning] [isaacsim.core.simulation_manager.plugin] No adjacent samples found for interpolation at time 32/30
2026-08-19T04:00:25Z [8,443ms] [Warning] [isaacsim.core.simulation_manager.plugin] No adjacent samples found for interpolation at time 33/30
2026-08-19T04:00:25Z [8,469ms] [Warning] [isaacsim.core.simulation_manager.plugin] No adjacent samples found for interpolation at time 34/30
2026-08-19T04:00:25Z [8,496ms] [Warning] [isaacsim.core.simulation_manager.plugin] No adjacent samples found for interpolation at time 35/30
2026-08-19T04:00:25Z [8,523ms] [Warning] [isaacsim.core.simulation_manager.plugin] No adjacent samples found for interpolation at time 36/30
2026-08-19T04:00:25Z [8,547ms] [Warning] [isaacsim.core.simulation_manager.plugin] No adjacent samples found for interpolation at time 37/30
2026-08-19T04:00:25Z [8,573ms] [Warning] [isaacsim.core.simulation_manager.plugin] No adjacent samples found for interpolation at time 38/30
2026-08-19T04:00:25Z [8,598ms] [Warning] [isaacsim.core.simulation_manager.plugin] No adjacent samples found for interpolation at time 39/30
2026-08-19T04:00:25Z [8,624ms] [Warning] [isaacsim.core.simulation_manager.plugin] No adjacent samples found for interpolation at time 40/30
2026-08-19T04:00:25Z [8,648ms] [Warning] [isaacsim.core.simulation_manager.plugin] No adjacent samples found for interpolation at time 41/30
2026-08-19T04:00:25Z [8,673ms] [Warning] [isaacsim.core.simulation_manager.plugin] No adjacent samples found for interpolation at time 42/30
2026-08-19T04:00:25Z [8,707ms] [Warning] [isaacsim.core.simulation_manager.plugin] No adjacent samples found for interpolation at time 43/30
2026-08-19T04:00:25Z [8,724ms] [Warning] [isaacsim.core.simulation_manager.plugin] No adjacent samples found for interpolation at time 44/30
2026-08-19T04:00:25Z [8,749ms] [Warning] [isaacsim.core.simulation_manager.plugin] No adjacent samples found for interpolation at time 45/30
2026-08-19T04:00:25Z [8,774ms] [Warning] [isaacsim.core.simulation_manager.plugin] No adjacent samples found for interpolation at time 46/30
2026-08-19T04:00:25Z [8,799ms] [Warning] [isaacsim.core.simulation_manager.plugin] No adjacent samples found for interpolation at time 47/30
2026-08-19T04:00:25Z [8,826ms] [Warning] [isaacsim.core.simulation_manager.plugin] No adjacent samples found for interpolation at time 48/30
2026-08-19T04:00:25Z [8,851ms] [Warning] [isaacsim.core.simulation_manager.plugin] No adjacent samples found for interpolation at time 49/30
2026-08-19T04:00:25Z [8,876ms] [Warning] [isaacsim.core.simulation_manager.plugin] No adjacent samples found for interpolation at time 50/30
2026-08-19T04:00:25Z [8,901ms] [Warning] [isaacsim.core.simulation_manager.plugin] No adjacent samples found for interpolation at time 51/30
2026-08-19T04:00:25Z [8,928ms] [Warning] [isaacsim.core.simulation_manager.plugin] No adjacent samples found for interpolation at time 52/30
2026-08-19T04:00:25Z [8,953ms] [Warning] [isaacsim.core.simulation_manager.plugin] No adjacent samples found for interpolation at time 53/30
2026-08-19T04:00:26Z [8,978ms] [Warning] [isaacsim.core.simulation_manager.plugin] No adjacent samples found for interpolation at time 54/30
2026-08-19T04:00:26Z [9,003ms] [Warning] [isaacsim.core.simulation_manager.plugin] No adjacent samples found for interpolation at time 55/30
2026-08-19T04:00:26Z [9,028ms] [Warning] [isaacsim.core.simulation_manager.plugin] No adjacent samples found for interpolation at time 56/30
2026-08-19T04:00:26Z [9,055ms] [Warning] [isaacsim.core.simulation_manager.plugin] No adjacent samples found for interpolation at time 57/30
2026-08-19T04:00:26Z [9,080ms] [Warning] [isaacsim.core.simulation_manager.plugin] No adjacent samples found for interpolation at time 58/30
2026-08-19T04:00:26Z [9,114ms] [Warning] [isaacsim.core.simulation_manager.plugin] No adjacent samples found for interpolation at time 59/30
2026-08-19T04:00:26Z [9,131ms] [Warning] [isaacsim.core.simulation_manager.plugin] No adjacent samples found for interpolation at time 60/30
2026-08-19T04:00:26Z [9,155ms] [Warning] [isaacsim.core.simulation_manager.plugin] No adjacent samples found for interpolation at time 61/30
2026-08-19T04:00:26Z [9,181ms] [Warning] [isaacsim.core.simulation_manager.plugin] No adjacent samples found for interpolation at time 62/30
2026-08-19T04:00:26Z [9,208ms] [Warning] [isaacsim.core.simulation_manager.plugin] No adjacent samples found for interpolation at time 63/30
2026-08-19T04:00:26Z [9,234ms] [Warning] [isaacsim.core.simulation_manager.plugin] No adjacent samples found for interpolation at time 64/30
2026-08-19T04:00:26Z [9,260ms] [Warning] [isaacsim.core.simulation_manager.plugin] No adjacent samples found for interpolation at time 65/30
2026-08-19T04:00:26Z [9,283ms] [Warning] [isaacsim.core.simulation_manager.plugin] No adjacent samples found for interpolation at time 66/30
2026-08-19T04:00:26Z [9,310ms] [Warning] [isaacsim.core.simulation_manager.plugin] No adjacent samples found for interpolation at time 67/30
2026-08-19T04:00:26Z [9,335ms] [Warning] [isaacsim.core.simulation_manager.plugin] No adjacent samples found for interpolation at time 68/30
2026-08-19T04:00:26Z [9,361ms] [Warning] [isaacsim.core.simulation_manager.plugin] No adjacent samples found for interpolation at time 69/30
2026-08-19T04:00:26Z [9,386ms] [Warning] [isaacsim.core.simulation_manager.plugin] No adjacent samples found for interpolation at time 70/30
2026-08-19T04:00:26Z [9,411ms] [Warning] [isaacsim.core.simulation_manager.plugin] No adjacent samples found for interpolation at time 71/30
2026-08-19T04:00:26Z [9,438ms] [Warning] [isaacsim.core.simulation_manager.plugin] No adjacent samples found for interpolation at time 72/30
2026-08-19T04:00:26Z [9,462ms] [Warning] [isaacsim.core.simulation_manager.plugin] No adjacent samples found for interpolation at time 73/30
2026-08-19T04:00:26Z [9,487ms] [Warning] [isaacsim.core.simulation_manager.plugin] No adjacent samples found for interpolation at time 74/30
2026-08-19T04:00:26Z [9,514ms] [Warning] [isaacsim.core.simulation_manager.plugin] No adjacent samples found for interpolation at time 75/30
2026-08-19T04:00:26Z [9,540ms] [Warning] [isaacsim.core.simulation_manager.plugin] No adjacent samples found for interpolation at time 76/30
2026-08-19T04:00:26Z [9,566ms] [Warning] [isaacsim.core.simulation_manager.plugin] No adjacent samples found for interpolation at time 77/30
2026-08-19T04:00:26Z [9,591ms] [Warning] [isaacsim.core.simulation_manager.plugin] No adjacent samples found for interpolation at time 78/30
2026-08-19T04:00:26Z [9,616ms] [Warning] [isaacsim.core.simulation_manager.plugin] No adjacent samples found for interpolation at time 79/30
2026-08-19T04:00:26Z [9,642ms] [Warning] [isaacsim.core.simulation_manager.plugin] No adjacent samples found for interpolation at time 80/30
2026-08-19T04:00:26Z [9,667ms] [Warning] [isaacsim.core.simulation_manager.plugin] No adjacent samples found for interpolation at time 81/30
2026-08-19T04:00:26Z [9,693ms] [Warning] [isaacsim.core.simulation_manager.plugin] No adjacent samples found for interpolation at time 82/30
2026-08-19T04:00:26Z [9,718ms] [Warning] [isaacsim.core.simulation_manager.plugin] No adjacent samples found for interpolation at time 83/30
2026-08-19T04:00:26Z [9,745ms] [Warning] [isaacsim.core.simulation_manager.plugin] No adjacent samples found for interpolation at time 84/30
2026-08-19T04:00:26Z [9,770ms] [Warning] [isaacsim.core.simulation_manager.plugin] No adjacent samples found for interpolation at time 85/30
2026-08-19T04:00:26Z [9,795ms] [Warning] [isaacsim.core.simulation_manager.plugin] No adjacent samples found for interpolation at time 86/30
2026-08-19T04:00:26Z [9,821ms] [Warning] [isaacsim.core.simulation_manager.plugin] No adjacent samples found for interpolation at time 87/30
2026-08-19T04:00:26Z [9,846ms] [Warning] [isaacsim.core.simulation_manager.plugin] No adjacent samples found for interpolation at time 88/30
2026-08-19T04:00:26Z [9,872ms] [Warning] [isaacsim.core.simulation_manager.plugin] No adjacent samples found for interpolation at time 89/30
2026-08-19T04:00:26Z [9,898ms] [Warning] [isaacsim.core.simulation_manager.plugin] No adjacent samples found for interpolation at time 90/30
2026-08-19T04:00:26Z [9,923ms] [Warning] [isaacsim.core.simulation_manager.plugin] No adjacent samples found for interpolation at time 91/30
2026-08-19T04:00:26Z [9,949ms] [Warning] [isaacsim.core.simulation_manager.plugin] No adjacent samples found for interpolation at time 92/30
2026-08-19T04:00:27Z [9,974ms] [Warning] [isaacsim.core.simulation_manager.plugin] No adjacent samples found for interpolation at time 93/30
2026-08-19T04:00:27Z [10,000ms] [Warning] [isaacsim.core.simulation_manager.plugin] No adjacent samples found for interpolation at time 94/30
2026-08-19T04:00:27Z [10,033ms] [Warning] [isaacsim.core.simulation_manager.plugin] No adjacent samples found for interpolation at time 95/30
2026-08-19T04:00:27Z [10,051ms] [Warning] [isaacsim.core.simulation_manager.plugin] No adjacent samples found for interpolation at time 96/30
2026-08-19T04:00:27Z [10,077ms] [Warning] [isaacsim.core.simulation_manager.plugin] No adjacent samples found for interpolation at time 97/30
2026-08-19T04:00:27Z [10,103ms] [Warning] [isaacsim.core.simulation_manager.plugin] No adjacent samples found for interpolation at time 98/30
2026-08-19T04:00:27Z [10,125ms] [Warning] [carb] Client gpu.foundation.plugin has acquired [gpu::unstable::IMemoryBudgetManagerFactory v0.1] 100 times. Consider accessing this interface with carb::getCachedInterface() (Performance warning)
2026-08-19T04:00:27Z [10,129ms] [Warning] [isaacsim.core.simulation_manager.plugin] No adjacent samples found for interpolation at time 99/30
2026-08-19T04:00:27Z [10,153ms] [Warning] [isaacsim.core.simulation_manager.plugin] No adjacent samples found for interpolation at time 100/30
2026-08-19T04:00:27Z [10,179ms] [Warning] [isaacsim.core.simulation_manager.plugin] No adjacent samples found for interpolation at time 101/30
2026-08-19T04:00:27Z [10,205ms] [Warning] [isaacsim.core.simulation_manager.plugin] No adjacent samples found for interpolation at time 102/30
2026-08-19T04:00:27Z [10,232ms] [Warning] [isaacsim.core.simulation_manager.plugin] No adjacent samples found for interpolation at time 103/30
2026-08-19T04:00:27Z [10,257ms] [Warning] [isaacsim.core.simulation_manager.plugin] No adjacent samples found for interpolation at time 104/30
2026-08-19T04:00:27Z [10,282ms] [Warning] [isaacsim.core.simulation_manager.plugin] No adjacent samples found for interpolation at time 105/30
2026-08-19T04:00:27Z [10,309ms] [Warning] [isaacsim.core.simulation_manager.plugin] No adjacent samples found for interpolation at time 106/30
2026-08-19T04:00:27Z [10,335ms] [Warning] [isaacsim.core.simulation_manager.plugin] No adjacent samples found for interpolation at time 107/30
2026-08-19T04:00:27Z [10,358ms] [Warning] [isaacsim.core.simulation_manager.plugin] No adjacent samples found for interpolation at time 108/30
2026-08-19T04:00:27Z [10,384ms] [Warning] [isaacsim.core.simulation_manager.plugin] No adjacent samples found for interpolation at time 109/30
2026-08-19T04:00:27Z [10,411ms] [Warning] [isaacsim.core.simulation_manager.plugin] No adjacent samples found for interpolation at time 110/30
2026-08-19T04:00:27Z [10,434ms] [Warning] [isaacsim.core.simulation_manager.plugin] No adjacent samples found for interpolation at time 111/30
2026-08-19T04:00:27Z [10,460ms] [Warning] [isaacsim.core.simulation_manager.plugin] No adjacent samples found for interpolation at time 112/30
2026-08-19T04:00:27Z [10,486ms] [Warning] [isaacsim.core.simulation_manager.plugin] No adjacent samples found for interpolation at time 113/30
2026-08-19T04:00:27Z [10,512ms] [Warning] [isaacsim.core.simulation_manager.plugin] No adjacent samples found for interpolation at time 114/30
2026-08-19T04:00:27Z [10,537ms] [Warning] [isaacsim.core.simulation_manager.plugin] No adjacent samples found for interpolation at time 115/30
2026-08-19T04:00:27Z [10,562ms] [Warning] [isaacsim.core.simulation_manager.plugin] No adjacent samples found for interpolation at time 116/30
2026-08-19T04:00:27Z [10,589ms] [Warning] [isaacsim.core.simulation_manager.plugin] No adjacent samples found for interpolation at time 117/30
2026-08-19T04:00:27Z [10,614ms] [Warning] [isaacsim.core.simulation_manager.plugin] No adjacent samples found for interpolation at time 118/30
2026-08-19T04:00:27Z [10,640ms] [Warning] [isaacsim.core.simulation_manager.plugin] No adjacent samples found for interpolation at time 119/30
2026-08-19T04:00:27Z [10,665ms] [Warning] [isaacsim.core.simulation_manager.plugin] No adjacent samples found for interpolation at time 120/30
2026-08-19T04:00:27Z [10,691ms] [Warning] [isaacsim.core.simulation_manager.plugin] No adjacent samples found for interpolation at time 121/30
2026-08-19T04:00:27Z [10,717ms] [Warning] [isaacsim.core.simulation_manager.plugin] No adjacent samples found for interpolation at time 122/30
2026-08-19T04:00:27Z [10,743ms] [Warning] [isaacsim.core.simulation_manager.plugin] No adjacent samples found for interpolation at time 123/30
2026-08-19T04:00:27Z [10,768ms] [Warning] [isaacsim.core.simulation_manager.plugin] No adjacent samples found for interpolation at time 124/30
2026-08-19T04:00:27Z [10,794ms] [Warning] [isaacsim.core.simulation_manager.plugin] No adjacent samples found for interpolation at time 125/30
2026-08-19T04:00:27Z [10,818ms] [Warning] [isaacsim.core.simulation_manager.plugin] No adjacent samples found for interpolation at time 126/30
2026-08-19T04:00:27Z [10,845ms] [Warning] [isaacsim.core.simulation_manager.plugin] No adjacent samples found for interpolation at time 127/30
2026-08-19T04:00:27Z [10,871ms] [Warning] [isaacsim.core.simulation_manager.plugin] No adjacent samples found for interpolation at time 128/30
2026-08-19T04:00:27Z [10,895ms] [Warning] [isaacsim.core.simulation_manager.plugin] No adjacent samples found for interpolation at time 129/30
2026-08-19T04:00:27Z [10,922ms] [Warning] [isaacsim.core.simulation_manager.plugin] No adjacent samples found for interpolation at time 130/30
2026-08-19T04:00:28Z [10,957ms] [Warning] [isaacsim.core.simulation_manager.plugin] No adjacent samples found for interpolation at time 131/30
2026-08-19T04:00:28Z [10,973ms] [Warning] [isaacsim.core.simulation_manager.plugin] No adjacent samples found for interpolation at time 132/30
2026-08-19T04:00:28Z [10,999ms] [Warning] [isaacsim.core.simulation_manager.plugin] No adjacent samples found for interpolation at time 133/30
2026-08-19T04:00:28Z [11,025ms] [Warning] [isaacsim.core.simulation_manager.plugin] No adjacent samples found for interpolation at time 134/30
2026-08-19T04:00:28Z [11,049ms] [Warning] [isaacsim.core.simulation_manager.plugin] No adjacent samples found for interpolation at time 135/30
2026-08-19T04:00:28Z [11,074ms] [Warning] [isaacsim.core.simulation_manager.plugin] No adjacent samples found for interpolation at time 136/30
2026-08-19T04:00:28Z [11,100ms] [Warning] [isaacsim.core.simulation_manager.plugin] No adjacent samples found for interpolation at time 137/30
2026-08-19T04:00:28Z [11,127ms] [Warning] [isaacsim.core.simulation_manager.plugin] No adjacent samples found for interpolation at time 138/30
2026-08-19T04:00:28Z [11,152ms] [Warning] [isaacsim.core.simulation_manager.plugin] No adjacent samples found for interpolation at time 139/30
2026-08-19T04:00:28Z [11,177ms] [Warning] [isaacsim.core.simulation_manager.plugin] No adjacent samples found for interpolation at time 140/30
2026-08-19T04:00:28Z [11,202ms] [Warning] [isaacsim.core.simulation_manager.plugin] No adjacent samples found for interpolation at time 141/30
2026-08-19T04:00:28Z [11,229ms] [Warning] [isaacsim.core.simulation_manager.plugin] No adjacent samples found for interpolation at time 142/30
2026-08-19T04:00:28Z [11,253ms] [Warning] [isaacsim.core.simulation_manager.plugin] No adjacent samples found for interpolation at time 143/30
2026-08-19T04:00:28Z [11,280ms] [Warning] [isaacsim.core.simulation_manager.plugin] No adjacent samples found for interpolation at time 144/30
2026-08-19T04:00:28Z [11,305ms] [Warning] [isaacsim.core.simulation_manager.plugin] No adjacent samples found for interpolation at time 145/30
2026-08-19T04:00:28Z [11,330ms] [Warning] [isaacsim.core.simulation_manager.plugin] No adjacent samples found for interpolation at time 146/30
2026-08-19T04:00:28Z [11,359ms] [Warning] [isaacsim.core.simulation_manager.plugin] No adjacent samples found for interpolation at time 147/30
2026-08-19T04:00:28Z [11,382ms] [Warning] [isaacsim.core.simulation_manager.plugin] No adjacent samples found for interpolation at time 148/30
2026-08-19T04:00:28Z [11,407ms] [Warning] [isaacsim.core.simulation_manager.plugin] No adjacent samples found for interpolation at time 149/30
2026-08-19T04:00:28Z [11,433ms] [Warning] [isaacsim.core.simulation_manager.plugin] No adjacent samples found for interpolation at time 150/30
2026-08-19T04:00:28Z [11,458ms] [Warning] [isaacsim.core.simulation_manager.plugin] No adjacent samples found for interpolation at time 151/30
2026-08-19T04:00:28Z [11,484ms] [Warning] [isaacsim.core.simulation_manager.plugin] No adjacent samples found for interpolation at time 152/30
2026-08-19T04:00:28Z [11,510ms] [Warning] [isaacsim.core.simulation_manager.plugin] No adjacent samples found for interpolation at time 153/30
2026-08-19T04:00:28Z [11,536ms] [Warning] [isaacsim.core.simulation_manager.plugin] No adjacent samples found for interpolation at time 154/30
2026-08-19T04:00:28Z [11,562ms] [Warning] [isaacsim.core.simulation_manager.plugin] No adjacent samples found for interpolation at time 155/30
2026-08-19T04:00:28Z [11,585ms] [Warning] [isaacsim.core.simulation_manager.plugin] No adjacent samples found for interpolation at time 156/30
2026-08-19T04:00:28Z [11,613ms] [Warning] [isaacsim.core.simulation_manager.plugin] No adjacent samples found for interpolation at time 157/30
2026-08-19T04:00:28Z [11,637ms] [Warning] [isaacsim.core.simulation_manager.plugin] No adjacent samples found for interpolation at time 158/30
2026-08-19T04:00:28Z [11,664ms] [Warning] [isaacsim.core.simulation_manager.plugin] No adjacent samples found for interpolation at time 159/30
2026-08-19T04:00:28Z [11,688ms] [Warning] [isaacsim.core.simulation_manager.plugin] No adjacent samples found for interpolation at time 160/30
2026-08-19T04:00:28Z [11,714ms] [Warning] [isaacsim.core.simulation_manager.plugin] No adjacent samples found for interpolation at time 161/30
2026-08-19T04:00:28Z [11,742ms] [Warning] [isaacsim.core.simulation_manager.plugin] No adjacent samples found for interpolation at time 162/30
2026-08-19T04:00:28Z [11,766ms] [Warning] [isaacsim.core.simulation_manager.plugin] No adjacent samples found for interpolation at time 163/30
2026-08-19T04:00:28Z [11,791ms] [Warning] [isaacsim.core.simulation_manager.plugin] No adjacent samples found for interpolation at time 164/30
2026-08-19T04:00:28Z [11,817ms] [Warning] [isaacsim.core.simulation_manager.plugin] No adjacent samples found for interpolation at time 165/30
2026-08-19T04:00:28Z [11,841ms] [Warning] [isaacsim.core.simulation_manager.plugin] No adjacent samples found for interpolation at time 166/30
2026-08-19T04:00:28Z [11,875ms] [Warning] [isaacsim.core.simulation_manager.plugin] No adjacent samples found for interpolation at time 167/30
2026-08-19T04:00:28Z [11,897ms] [Warning] [isaacsim.core.simulation_manager.plugin] No adjacent samples found for interpolation at time 168/30
2026-08-19T04:00:28Z [11,919ms] [Warning] [isaacsim.core.simulation_manager.plugin] No adjacent samples found for interpolation at time 169/30
2026-08-19T04:00:28Z [11,946ms] [Warning] [isaacsim.core.simulation_manager.plugin] No adjacent samples found for interpolation at time 170/30
2026-08-19T04:00:29Z [11,970ms] [Warning] [isaacsim.core.simulation_manager.plugin] No adjacent samples found for interpolation at time 171/30
2026-08-19T04:00:29Z [11,996ms] [Warning] [isaacsim.core.simulation_manager.plugin] No adjacent samples found for interpolation at time 172/30
2026-08-19T04:00:29Z [12,022ms] [Warning] [isaacsim.core.simulation_manager.plugin] No adjacent samples found for interpolation at time 173/30
2026-08-19T04:00:29Z [12,049ms] [Warning] [isaacsim.core.simulation_manager.plugin] No adjacent samples found for interpolation at time 174/30
2026-08-19T04:00:29Z [12,074ms] [Warning] [isaacsim.core.simulation_manager.plugin] No adjacent samples found for interpolation at time 175/30
2026-08-19T04:00:29Z [12,098ms] [Warning] [isaacsim.core.simulation_manager.plugin] No adjacent samples found for interpolation at time 176/30
2026-08-19T04:00:29Z [12,124ms] [Warning] [isaacsim.core.simulation_manager.plugin] No adjacent samples found for interpolation at time 177/30
2026-08-19T04:00:29Z [12,150ms] [Warning] [isaacsim.core.simulation_manager.plugin] No adjacent samples found for interpolation at time 178/30
2026-08-19T04:00:29Z [12,176ms] [Warning] [isaacsim.core.simulation_manager.plugin] No adjacent samples found for interpolation at time 179/30
2026-08-19T04:00:29Z [12,202ms] [Warning] [isaacsim.core.simulation_manager.plugin] No adjacent samples found for interpolation at time 180/30
2026-08-19T04:00:29Z [12,226ms] [Warning] [isaacsim.core.simulation_manager.plugin] No adjacent samples found for interpolation at time 181/30
2026-08-19T04:00:29Z [12,253ms] [Warning] [isaacsim.core.simulation_manager.plugin] No adjacent samples found for interpolation at time 182/30
2026-08-19T04:00:29Z [12,279ms] [Warning] [isaacsim.core.simulation_manager.plugin] No adjacent samples found for interpolation at time 183/30
2026-08-19T04:00:29Z [12,304ms] [Warning] [isaacsim.core.simulation_manager.plugin] No adjacent samples found for interpolation at time 184/30
2026-08-19T04:00:29Z [12,330ms] [Warning] [isaacsim.core.simulation_manager.plugin] No adjacent samples found for interpolation at time 185/30
2026-08-19T04:00:29Z [12,355ms] [Warning] [isaacsim.core.simulation_manager.plugin] No adjacent samples found for interpolation at time 186/30
2026-08-19T04:00:29Z [12,382ms] [Warning] [isaacsim.core.simulation_manager.plugin] No adjacent samples found for interpolation at time 187/30
2026-08-19T04:00:29Z [12,409ms] [Warning] [isaacsim.core.simulation_manager.plugin] No adjacent samples found for interpolation at time 188/30
2026-08-19T04:00:29Z [12,433ms] [Warning] [isaacsim.core.simulation_manager.plugin] No adjacent samples found for interpolation at time 189/30
2026-08-19T04:00:29Z [12,458ms] [Warning] [isaacsim.core.simulation_manager.plugin] No adjacent samples found for interpolation at time 190/30
2026-08-19T04:00:29Z [12,482ms] [Warning] [isaacsim.core.simulation_manager.plugin] No adjacent samples found for interpolation at time 191/30
2026-08-19T04:00:29Z [12,509ms] [Warning] [isaacsim.core.simulation_manager.plugin] No adjacent samples found for interpolation at time 192/30
2026-08-19T04:00:29Z [12,534ms] [Warning] [isaacsim.core.simulation_manager.plugin] No adjacent samples found for interpolation at time 193/30
2026-08-19T04:00:29Z [12,561ms] [Warning] [isaacsim.core.simulation_manager.plugin] No adjacent samples found for interpolation at time 194/30
2026-08-19T04:00:29Z [12,585ms] [Warning] [isaacsim.core.simulation_manager.plugin] No adjacent samples found for interpolation at time 195/30
2026-08-19T04:00:29Z [12,610ms] [Warning] [isaacsim.core.simulation_manager.plugin] No adjacent samples found for interpolation at time 196/30
2026-08-19T04:00:29Z [12,639ms] [Warning] [isaacsim.core.simulation_manager.plugin] No adjacent samples found for interpolation at time 197/30
2026-08-19T04:00:29Z [12,662ms] [Warning] [isaacsim.core.simulation_manager.plugin] No adjacent samples found for interpolation at time 198/30
2026-08-19T04:00:29Z [12,688ms] [Warning] [isaacsim.core.simulation_manager.plugin] No adjacent samples found for interpolation at time 199/30
2026-08-19T04:00:29Z [12,714ms] [Warning] [isaacsim.core.simulation_manager.plugin] No adjacent samples found for interpolation at time 200/30
2026-08-19T04:00:29Z [12,740ms] [Warning] [isaacsim.core.simulation_manager.plugin] No adjacent samples found for interpolation at time 201/30
2026-08-19T04:00:29Z [12,766ms] [Warning] [isaacsim.core.simulation_manager.plugin] No adjacent samples found for interpolation at time 202/30
2026-08-19T04:00:29Z [12,800ms] [Warning] [isaacsim.core.simulation_manager.plugin] No adjacent samples found for interpolation at time 203/30
2026-08-19T04:00:29Z [12,816ms] [Warning] [isaacsim.core.simulation_manager.plugin] No adjacent samples found for interpolation at time 204/30
2026-08-19T04:00:29Z [12,843ms] [Warning] [isaacsim.core.simulation_manager.plugin] No adjacent samples found for interpolation at time 205/30
2026-08-19T04:00:29Z [12,871ms] [Warning] [isaacsim.core.simulation_manager.plugin] No adjacent samples found for interpolation at time 206/30
2026-08-19T04:00:29Z [12,893ms] [Warning] [isaacsim.core.simulation_manager.plugin] No adjacent samples found for interpolation at time 207/30
2026-08-19T04:00:29Z [12,919ms] [Warning] [isaacsim.core.simulation_manager.plugin] No adjacent samples found for interpolation at time 208/30
2026-08-19T04:00:29Z [12,944ms] [Warning] [isaacsim.core.simulation_manager.plugin] No adjacent samples found for interpolation at time 209/30
2026-08-19T04:00:30Z [12,969ms] [Warning] [isaacsim.core.simulation_manager.plugin] No adjacent samples found for interpolation at time 210/30
2026-08-19T04:00:30Z [12,995ms] [Warning] [isaacsim.core.simulation_manager.plugin] No adjacent samples found for interpolation at time 211/30
2026-08-19T04:00:30Z [13,021ms] [Warning] [isaacsim.core.simulation_manager.plugin] No adjacent samples found for interpolation at time 212/30
2026-08-19T04:00:30Z [13,046ms] [Warning] [isaacsim.core.simulation_manager.plugin] No adjacent samples found for interpolation at time 213/30
2026-08-19T04:00:30Z [13,074ms] [Warning] [isaacsim.core.simulation_manager.plugin] No adjacent samples found for interpolation at time 214/30
2026-08-19T04:00:30Z [13,097ms] [Warning] [isaacsim.core.simulation_manager.plugin] No adjacent samples found for interpolation at time 215/30
2026-08-19T04:00:30Z [13,124ms] [Warning] [isaacsim.core.simulation_manager.plugin] No adjacent samples found for interpolation at time 216/30
2026-08-19T04:00:30Z [13,151ms] [Warning] [isaacsim.core.simulation_manager.plugin] No adjacent samples found for interpolation at time 217/30
2026-08-19T04:00:30Z [13,175ms] [Warning] [isaacsim.core.simulation_manager.plugin] No adjacent samples found for interpolation at time 218/30
2026-08-19T04:00:30Z [13,201ms] [Warning] [isaacsim.core.simulation_manager.plugin] No adjacent samples found for interpolation at time 219/30
2026-08-19T04:00:30Z [13,226ms] [Warning] [isaacsim.core.simulation_manager.plugin] No adjacent samples found for interpolation at time 220/30
2026-08-19T04:00:30Z [13,251ms] [Warning] [isaacsim.core.simulation_manager.plugin] No adjacent samples found for interpolation at time 221/30
2026-08-19T04:00:30Z [13,278ms] [Warning] [isaacsim.core.simulation_manager.plugin] No adjacent samples found for interpolation at time 222/30
2026-08-19T04:00:30Z [13,304ms] [Warning] [isaacsim.core.simulation_manager.plugin] No adjacent samples found for interpolation at time 223/30
2026-08-19T04:00:30Z [13,329ms] [Warning] [isaacsim.core.simulation_manager.plugin] No adjacent samples found for interpolation at time 224/30
2026-08-19T04:00:30Z [13,355ms] [Warning] [isaacsim.core.simulation_manager.plugin] No adjacent samples found for interpolation at time 225/30
2026-08-19T04:00:30Z [13,380ms] [Warning] [isaacsim.core.simulation_manager.plugin] No adjacent samples found for interpolation at time 226/30
2026-08-19T04:00:30Z [13,411ms] [Warning] [isaacsim.core.simulation_manager.plugin] No adjacent samples found for interpolation at time 227/30
2026-08-19T04:00:30Z [13,429ms] [Warning] [isaacsim.core.simulation_manager.plugin] No adjacent samples found for interpolation at time 228/30
2026-08-19T04:00:30Z [13,453ms] [Warning] [isaacsim.core.simulation_manager.plugin] No adjacent samples found for interpolation at time 229/30
2026-08-19T04:00:30Z [13,477ms] [Warning] [isaacsim.core.simulation_manager.plugin] No adjacent samples found for interpolation at time 230/30
2026-08-19T04:00:30Z [13,500ms] [Warning] [isaacsim.core.simulation_manager.plugin] No adjacent samples found for interpolation at time 231/30
2026-08-19T04:00:30Z [13,525ms] [Warning] [isaacsim.core.simulation_manager.plugin] No adjacent samples found for interpolation at time 232/30
2026-08-19T04:00:30Z [13,549ms] [Warning] [isaacsim.core.simulation_manager.plugin] No adjacent samples found for interpolation at time 233/30
2026-08-19T04:00:30Z [13,572ms] [Warning] [isaacsim.core.simulation_manager.plugin] No adjacent samples found for interpolation at time 234/30
2026-08-19T04:00:30Z [13,597ms] [Warning] [isaacsim.core.simulation_manager.plugin] No adjacent samples found for interpolation at time 235/30
2026-08-19T04:00:30Z [13,622ms] [Warning] [isaacsim.core.simulation_manager.plugin] No adjacent samples found for interpolation at time 236/30
2026-08-19T04:00:30Z [13,647ms] [Warning] [isaacsim.core.simulation_manager.plugin] No adjacent samples found for interpolation at time 237/30
2026-08-19T04:00:30Z [13,673ms] [Warning] [isaacsim.core.simulation_manager.plugin] No adjacent samples found for interpolation at time 238/30
2026-08-19T04:00:30Z [13,708ms] [Warning] [isaacsim.core.simulation_manager.plugin] No adjacent samples found for interpolation at time 239/30
2026-08-19T04:00:30Z [13,725ms] [Warning] [isaacsim.core.simulation_manager.plugin] No adjacent samples found for interpolation at time 240/30
2026-08-19T04:00:30Z [13,750ms] [Warning] [isaacsim.core.simulation_manager.plugin] No adjacent samples found for interpolation at time 241/30
2026-08-19T04:00:30Z [13,775ms] [Warning] [isaacsim.core.simulation_manager.plugin] No adjacent samples found for interpolation at time 242/30
2026-08-19T04:00:30Z [13,802ms] [Warning] [isaacsim.core.simulation_manager.plugin] No adjacent samples found for interpolation at time 243/30
2026-08-19T04:00:30Z [13,826ms] [Warning] [isaacsim.core.simulation_manager.plugin] No adjacent samples found for interpolation at time 244/30
2026-08-19T04:00:30Z [13,853ms] [Warning] [isaacsim.core.simulation_manager.plugin] No adjacent samples found for interpolation at time 245/30
2026-08-19T04:00:30Z [13,878ms] [Warning] [isaacsim.core.simulation_manager.plugin] No adjacent samples found for interpolation at time 246/30
2026-08-19T04:00:30Z [13,903ms] [Warning] [isaacsim.core.simulation_manager.plugin] No adjacent samples found for interpolation at time 247/30
2026-08-19T04:00:30Z [13,929ms] [Warning] [isaacsim.core.simulation_manager.plugin] No adjacent samples found for interpolation at time 248/30
2026-08-19T04:00:31Z [13,956ms] [Warning] [isaacsim.core.simulation_manager.plugin] No adjacent samples found for interpolation at time 249/30
2026-08-19T04:00:31Z [13,981ms] [Warning] [isaacsim.core.simulation_manager.plugin] No adjacent samples found for interpolation at time 250/30
2026-08-19T04:00:31Z [14,006ms] [Warning] [isaacsim.core.simulation_manager.plugin] No adjacent samples found for interpolation at time 251/30
2026-08-19T04:00:31Z [14,034ms] [Warning] [isaacsim.core.simulation_manager.plugin] No adjacent samples found for interpolation at time 252/30
2026-08-19T04:00:31Z [14,058ms] [Warning] [isaacsim.core.simulation_manager.plugin] No adjacent samples found for interpolation at time 253/30
2026-08-19T04:00:31Z [14,084ms] [Warning] [isaacsim.core.simulation_manager.plugin] No adjacent samples found for interpolation at time 254/30
2026-08-19T04:00:31Z [14,109ms] [Warning] [isaacsim.core.simulation_manager.plugin] No adjacent samples found for interpolation at time 255/30
2026-08-19T04:00:31Z [14,137ms] [Warning] [isaacsim.core.simulation_manager.plugin] No adjacent samples found for interpolation at time 256/30
2026-08-19T04:00:31Z [14,160ms] [Warning] [isaacsim.core.simulation_manager.plugin] No adjacent samples found for interpolation at time 257/30
2026-08-19T04:00:31Z [14,187ms] [Warning] [isaacsim.core.simulation_manager.plugin] No adjacent samples found for interpolation at time 258/30
2026-08-19T04:00:31Z [14,212ms] [Warning] [isaacsim.core.simulation_manager.plugin] No adjacent samples found for interpolation at time 259/30
2026-08-19T04:00:31Z [14,238ms] [Warning] [isaacsim.core.simulation_manager.plugin] No adjacent samples found for interpolation at time 260/30
2026-08-19T04:00:31Z [14,265ms] [Warning] [isaacsim.core.simulation_manager.plugin] No adjacent samples found for interpolation at time 261/30
2026-08-19T04:00:31Z [14,288ms] [Warning] [isaacsim.core.simulation_manager.plugin] No adjacent samples found for interpolation at time 262/30
2026-08-19T04:00:31Z [14,314ms] [Warning] [isaacsim.core.simulation_manager.plugin] No adjacent samples found for interpolation at time 263/30
2026-08-19T04:00:31Z [14,341ms] [Warning] [isaacsim.core.simulation_manager.plugin] No adjacent samples found for interpolation at time 264/30
2026-08-19T04:00:31Z [14,366ms] [Warning] [isaacsim.core.simulation_manager.plugin] No adjacent samples found for interpolation at time 265/30
2026-08-19T04:00:31Z [14,393ms] [Warning] [isaacsim.core.simulation_manager.plugin] No adjacent samples found for interpolation at time 266/30
2026-08-19T04:00:31Z [14,417ms] [Warning] [isaacsim.core.simulation_manager.plugin] No adjacent samples found for interpolation at time 267/30
2026-08-19T04:00:31Z [14,444ms] [Warning] [isaacsim.core.simulation_manager.plugin] No adjacent samples found for interpolation at time 268/30
2026-08-19T04:00:31Z [14,469ms] [Warning] [isaacsim.core.simulation_manager.plugin] No adjacent samples found for interpolation at time 269/30
2026-08-19T04:00:31Z [14,497ms] [Warning] [isaacsim.core.simulation_manager.plugin] No adjacent samples found for interpolation at time 270/30
2026-08-19T04:00:31Z [14,520ms] [Warning] [isaacsim.core.simulation_manager.plugin] No adjacent samples found for interpolation at time 271/30
2026-08-19T04:00:31Z [14,546ms] [Warning] [isaacsim.core.simulation_manager.plugin] No adjacent samples found for interpolation at time 272/30
2026-08-19T04:00:31Z [14,571ms] [Warning] [isaacsim.core.simulation_manager.plugin] No adjacent samples found for interpolation at time 273/30
2026-08-19T04:00:31Z [14,597ms] [Warning] [isaacsim.core.simulation_manager.plugin] No adjacent samples found for interpolation at time 274/30
2026-08-19T04:00:31Z [14,860ms] [Warning] [isaacsim.core.simulation_manager.plugin] No adjacent samples found for interpolation at time 275/30
2026-08-19T04:00:31Z [14,860ms] [Warning] [isaacsim.core.simulation_manager.plugin] No adjacent samples found for interpolation at time 276/30
2026-08-19T04:00:31Z [14,860ms] [Warning] [isaacsim.core.simulation_manager.plugin] No adjacent samples found for interpolation at time 277/30
2026-08-19T04:00:31Z [14,860ms] [Warning] [isaacsim.core.simulation_manager.plugin] No adjacent samples found for interpolation at time 278/30
2026-08-19T04:00:31Z [14,894ms] [Warning] [isaacsim.core.simulation_manager.plugin] No adjacent samples found for interpolation at time 279/30
2026-08-19T04:00:31Z [14,921ms] [Warning] [isaacsim.core.simulation_manager.plugin] No adjacent samples found for interpolation at time 280/30
2026-08-19T04:00:31Z [14,948ms] [Warning] [isaacsim.core.simulation_manager.plugin] No adjacent samples found for interpolation at time 281/30
2026-08-19T04:00:32Z [14,974ms] [Warning] [isaacsim.core.simulation_manager.plugin] No adjacent samples found for interpolation at time 282/30
2026-08-19T04:00:32Z [15,000ms] [Warning] [isaacsim.core.simulation_manager.plugin] No adjacent samples found for interpolation at time 283/30
2026-08-19T04:00:32Z [15,026ms] [Warning] [isaacsim.core.simulation_manager.plugin] No adjacent samples found for interpolation at time 284/30
2026-08-19T04:00:32Z [15,053ms] [Warning] [isaacsim.core.simulation_manager.plugin] No adjacent samples found for interpolation at time 285/30
2026-08-19T04:00:32Z [15,083ms] [Warning] [isaacsim.core.simulation_manager.plugin] No adjacent samples found for interpolation at time 286/30
2026-08-19T04:00:32Z [15,108ms] [Warning] [isaacsim.core.simulation_manager.plugin] No adjacent samples found for interpolation at time 287/30
2026-08-19T04:00:32Z [15,134ms] [Warning] [isaacsim.core.simulation_manager.plugin] No adjacent samples found for interpolation at time 288/30
2026-08-19T04:00:32Z [15,161ms] [Warning] [isaacsim.core.simulation_manager.plugin] No adjacent samples found for interpolation at time 289/30
2026-08-19T04:00:32Z [15,186ms] [Warning] [isaacsim.core.simulation_manager.plugin] No adjacent samples found for interpolation at time 290/30
2026-08-19T04:00:32Z [15,214ms] [Warning] [isaacsim.core.simulation_manager.plugin] No adjacent samples found for interpolation at time 291/30
2026-08-19T04:00:32Z [15,241ms] [Warning] [isaacsim.core.simulation_manager.plugin] No adjacent samples found for interpolation at time 292/30
2026-08-19T04:00:32Z [15,266ms] [Warning] [isaacsim.core.simulation_manager.plugin] No adjacent samples found for interpolation at time 293/30
2026-08-19T04:00:32Z [15,292ms] [Warning] [isaacsim.core.simulation_manager.plugin] No adjacent samples found for interpolation at time 294/30
2026-08-19T04:00:32Z [15,317ms] [Warning] [isaacsim.core.simulation_manager.plugin] No adjacent samples found for interpolation at time 295/30
2026-08-19T04:00:32Z [15,343ms] [Warning] [isaacsim.core.simulation_manager.plugin] No adjacent samples found for interpolation at time 296/30
2026-08-19T04:00:32Z [15,370ms] [Warning] [isaacsim.core.simulation_manager.plugin] No adjacent samples found for interpolation at time 297/30
2026-08-19T04:00:32Z [15,395ms] [Warning] [isaacsim.core.simulation_manager.plugin] No adjacent samples found for interpolation at time 298/30
2026-08-19T04:00:32Z [15,420ms] [Warning] [isaacsim.core.simulation_manager.plugin] No adjacent samples found for interpolation at time 299/30
2026-08-19T04:00:32Z [15,446ms] [Warning] [isaacsim.core.simulation_manager.plugin] No adjacent samples found for interpolation at time 300/30
2026-08-19T04:00:32Z [15,472ms] [Warning] [isaacsim.core.simulation_manager.plugin] No adjacent samples found for interpolation at time 301/30
2026-08-19T04:00:32Z [15,497ms] [Warning] [isaacsim.core.simulation_manager.plugin] No adjacent samples found for interpolation at time 302/30
2026-08-19T04:00:32Z [15,523ms] [Warning] [isaacsim.core.simulation_manager.plugin] No adjacent samples found for interpolation at time 303/30
2026-08-19T04:00:32Z [15,548ms] [Warning] [isaacsim.core.simulation_manager.plugin] No adjacent samples found for interpolation at time 304/30
2026-08-19T04:00:32Z [15,573ms] [Warning] [isaacsim.core.simulation_manager.plugin] No adjacent samples found for interpolation at time 305/30
2026-08-19T04:00:32Z [15,600ms] [Warning] [isaacsim.core.simulation_manager.plugin] No adjacent samples found for interpolation at time 306/30
2026-08-19T04:00:32Z [15,625ms] [Warning] [isaacsim.core.simulation_manager.plugin] No adjacent samples found for interpolation at time 307/30
2026-08-19T04:00:32Z [15,650ms] [Warning] [isaacsim.core.simulation_manager.plugin] No adjacent samples found for interpolation at time 308/30
2026-08-19T04:00:32Z [15,676ms] [Warning] [isaacsim.core.simulation_manager.plugin] No adjacent samples found for interpolation at time 309/30
2026-08-19T04:00:32Z [15,703ms] [Warning] [isaacsim.core.simulation_manager.plugin] No adjacent samples found for interpolation at time 310/30
2026-08-19T04:00:32Z [15,737ms] [Warning] [isaacsim.core.simulation_manager.plugin] No adjacent samples found for interpolation at time 311/30
2026-08-19T04:00:32Z [15,754ms] [Warning] [isaacsim.core.simulation_manager.plugin] No adjacent samples found for interpolation at time 312/30
2026-08-19T04:00:32Z [15,779ms] [Warning] [isaacsim.core.simulation_manager.plugin] No adjacent samples found for interpolation at time 313/30
2026-08-19T04:00:32Z [15,806ms] [Warning] [isaacsim.core.simulation_manager.plugin] No adjacent samples found for interpolation at time 314/30
2026-08-19T04:00:32Z [15,830ms] [Warning] [isaacsim.core.simulation_manager.plugin] No adjacent samples found for interpolation at time 315/30
2026-08-19T04:00:32Z [15,856ms] [Warning] [isaacsim.core.simulation_manager.plugin] No adjacent samples found for interpolation at time 316/30
2026-08-19T04:00:32Z [15,883ms] [Warning] [isaacsim.core.simulation_manager.plugin] No adjacent samples found for interpolation at time 317/30
2026-08-19T04:00:32Z [15,909ms] [Warning] [isaacsim.core.simulation_manager.plugin] No adjacent samples found for interpolation at time 318/30
2026-08-19T04:00:32Z [15,933ms] [Warning] [isaacsim.core.simulation_manager.plugin] No adjacent samples found for interpolation at time 319/30
2026-08-19T04:00:33Z [15,958ms] [Warning] [isaacsim.core.simulation_manager.plugin] No adjacent samples found for interpolation at time 320/30
2026-08-19T04:00:33Z [15,984ms] [Warning] [isaacsim.core.simulation_manager.plugin] No adjacent samples found for interpolation at time 321/30
2026-08-19T04:00:33Z [16,010ms] [Warning] [isaacsim.core.simulation_manager.plugin] No adjacent samples found for interpolation at time 322/30
2026-08-19T04:00:33Z [16,035ms] [Warning] [isaacsim.core.simulation_manager.plugin] No adjacent samples found for interpolation at time 323/30
2026-08-19T04:00:33Z [16,061ms] [Warning] [isaacsim.core.simulation_manager.plugin] No adjacent samples found for interpolation at time 324/30
2026-08-19T04:00:33Z [16,086ms] [Warning] [isaacsim.core.simulation_manager.plugin] No adjacent samples found for interpolation at time 325/30
2026-08-19T04:00:33Z [16,112ms] [Warning] [isaacsim.core.simulation_manager.plugin] No adjacent samples found for interpolation at time 326/30
2026-08-19T04:00:33Z [16,139ms] [Warning] [isaacsim.core.simulation_manager.plugin] No adjacent samples found for interpolation at time 327/30
2026-08-19T04:00:33Z [16,164ms] [Warning] [isaacsim.core.simulation_manager.plugin] No adjacent samples found for interpolation at time 328/30
2026-08-19T04:00:33Z [16,189ms] [Warning] [isaacsim.core.simulation_manager.plugin] No adjacent samples found for interpolation at time 329/30
2026-08-19T04:00:33Z [16,215ms] [Warning] [isaacsim.core.simulation_manager.plugin] No adjacent samples found for interpolation at time 330/30
2026-08-19T04:00:33Z [16,240ms] [Warning] [isaacsim.core.simulation_manager.plugin] No adjacent samples found for interpolation at time 331/30
2026-08-19T04:00:33Z [16,267ms] [Warning] [isaacsim.core.simulation_manager.plugin] No adjacent samples found for interpolation at time 332/30
2026-08-19T04:00:33Z [16,291ms] [Warning] [isaacsim.core.simulation_manager.plugin] No adjacent samples found for interpolation at time 333/30
2026-08-19T04:00:33Z [16,317ms] [Warning] [isaacsim.core.simulation_manager.plugin] No adjacent samples found for interpolation at time 334/30
2026-08-19T04:00:33Z [16,343ms] [Warning] [isaacsim.core.simulation_manager.plugin] No adjacent samples found for interpolation at time 335/30
2026-08-19T04:00:33Z [16,371ms] [Warning] [isaacsim.core.simulation_manager.plugin] No adjacent samples found for interpolation at time 336/30
2026-08-19T04:00:33Z [16,395ms] [Warning] [isaacsim.core.simulation_manager.plugin] No adjacent samples found for interpolation at time 337/30
2026-08-19T04:00:33Z [16,419ms] [Warning] [isaacsim.core.simulation_manager.plugin] No adjacent samples found for interpolation at time 338/30
2026-08-19T04:00:33Z [16,445ms] [Warning] [isaacsim.core.simulation_manager.plugin] No adjacent samples found for interpolation at time 339/30
2026-08-19T04:00:33Z [16,470ms] [Warning] [isaacsim.core.simulation_manager.plugin] No adjacent samples found for interpolation at time 340/30
2026-08-19T04:00:33Z [16,497ms] [Warning] [isaacsim.core.simulation_manager.plugin] No adjacent samples found for interpolation at time 341/30
2026-08-19T04:00:33Z [16,521ms] [Warning] [isaacsim.core.simulation_manager.plugin] No adjacent samples found for interpolation at time 342/30
2026-08-19T04:00:33Z [16,547ms] [Warning] [isaacsim.core.simulation_manager.plugin] No adjacent samples found for interpolation at time 343/30
2026-08-19T04:00:33Z [16,575ms] [Warning] [isaacsim.core.simulation_manager.plugin] No adjacent samples found for interpolation at time 344/30
2026-08-19T04:00:33Z [16,598ms] [Warning] [isaacsim.core.simulation_manager.plugin] No adjacent samples found for interpolation at time 345/30
2026-08-19T04:00:33Z [16,623ms] [Warning] [isaacsim.core.simulation_manager.plugin] No adjacent samples found for interpolation at time 346/30
2026-08-19T04:00:33Z [16,658ms] [Warning] [isaacsim.core.simulation_manager.plugin] No adjacent samples found for interpolation at time 347/30
2026-08-19T04:00:33Z [16,676ms] [Warning] [isaacsim.core.simulation_manager.plugin] No adjacent samples found for interpolation at time 348/30
2026-08-19T04:00:33Z [16,701ms] [Warning] [isaacsim.core.simulation_manager.plugin] No adjacent samples found for interpolation at time 349/30
2026-08-19T04:00:33Z [16,726ms] [Warning] [isaacsim.core.simulation_manager.plugin] No adjacent samples found for interpolation at time 350/30
2026-08-19T04:00:33Z [16,752ms] [Warning] [isaacsim.core.simulation_manager.plugin] No adjacent samples found for interpolation at time 351/30
2026-08-19T04:00:33Z [16,778ms] [Warning] [isaacsim.core.simulation_manager.plugin] No adjacent samples found for interpolation at time 352/30
2026-08-19T04:00:33Z [16,803ms] [Warning] [isaacsim.core.simulation_manager.plugin] No adjacent samples found for interpolation at time 353/30
2026-08-19T04:00:33Z [16,829ms] [Warning] [isaacsim.core.simulation_manager.plugin] No adjacent samples found for interpolation at time 354/30
2026-08-19T04:00:33Z [16,854ms] [Warning] [isaacsim.core.simulation_manager.plugin] No adjacent samples found for interpolation at time 355/30
2026-08-19T04:00:33Z [16,881ms] [Warning] [isaacsim.core.simulation_manager.plugin] No adjacent samples found for interpolation at time 356/30
2026-08-19T04:00:33Z [16,906ms] [Warning] [isaacsim.core.simulation_manager.plugin] No adjacent samples found for interpolation at time 357/30
2026-08-19T04:00:33Z [16,934ms] [Warning] [isaacsim.core.simulation_manager.plugin] No adjacent samples found for interpolation at time 358/30
2026-08-19T04:00:34Z [16,959ms] [Warning] [isaacsim.core.simulation_manager.plugin] No adjacent samples found for interpolation at time 359/30
2026-08-19T04:00:34Z [16,983ms] [Warning] [isaacsim.core.simulation_manager.plugin] No adjacent samples found for interpolation at time 360/30
2026-08-19T04:00:34Z [17,009ms] [Warning] [isaacsim.core.simulation_manager.plugin] No adjacent samples found for interpolation at time 361/30
2026-08-19T04:00:34Z [17,034ms] [Warning] [isaacsim.core.simulation_manager.plugin] No adjacent samples found for interpolation at time 362/30
2026-08-19T04:00:34Z [17,059ms] [Warning] [isaacsim.core.simulation_manager.plugin] No adjacent samples found for interpolation at time 363/30
2026-08-19T04:00:34Z [17,085ms] [Warning] [isaacsim.core.simulation_manager.plugin] No adjacent samples found for interpolation at time 364/30
2026-08-19T04:00:34Z [17,110ms] [Warning] [isaacsim.core.simulation_manager.plugin] No adjacent samples found for interpolation at time 365/30
2026-08-19T04:00:34Z [17,137ms] [Warning] [isaacsim.core.simulation_manager.plugin] No adjacent samples found for interpolation at time 366/30
2026-08-19T04:00:34Z [17,163ms] [Warning] [isaacsim.core.simulation_manager.plugin] No adjacent samples found for interpolation at time 367/30
2026-08-19T04:00:34Z [17,188ms] [Warning] [isaacsim.core.simulation_manager.plugin] No adjacent samples found for interpolation at time 368/30
2026-08-19T04:00:34Z [17,213ms] [Warning] [isaacsim.core.simulation_manager.plugin] No adjacent samples found for interpolation at time 369/30
2026-08-19T04:00:34Z [17,241ms] [Warning] [isaacsim.core.simulation_manager.plugin] No adjacent samples found for interpolation at time 370/30
2026-08-19T04:00:34Z [17,265ms] [Warning] [isaacsim.core.simulation_manager.plugin] No adjacent samples found for interpolation at time 371/30
2026-08-19T04:00:34Z [17,290ms] [Warning] [isaacsim.core.simulation_manager.plugin] No adjacent samples found for interpolation at time 372/30
2026-08-19T04:00:34Z [17,318ms] [Warning] [isaacsim.core.simulation_manager.plugin] No adjacent samples found for interpolation at time 373/30
2026-08-19T04:00:34Z [17,342ms] [Warning] [isaacsim.core.simulation_manager.plugin] No adjacent samples found for interpolation at time 374/30
2026-08-19T04:00:34Z [17,369ms] [Warning] [isaacsim.core.simulation_manager.plugin] No adjacent samples found for interpolation at time 375/30
2026-08-19T04:00:34Z [17,393ms] [Warning] [isaacsim.core.simulation_manager.plugin] No adjacent samples found for interpolation at time 376/30
2026-08-19T04:00:34Z [17,418ms] [Warning] [isaacsim.core.simulation_manager.plugin] No adjacent samples found for interpolation at time 377/30
2026-08-19T04:00:34Z [17,444ms] [Warning] [isaacsim.core.simulation_manager.plugin] No adjacent samples found for interpolation at time 378/30
2026-08-19T04:00:34Z [17,470ms] [Warning] [isaacsim.core.simulation_manager.plugin] No adjacent samples found for interpolation at time 379/30
2026-08-19T04:00:34Z [17,494ms] [Warning] [isaacsim.core.simulation_manager.plugin] No adjacent samples found for interpolation at time 380/30
2026-08-19T04:00:34Z [17,521ms] [Warning] [isaacsim.core.simulation_manager.plugin] No adjacent samples found for interpolation at time 381/30
2026-08-19T04:00:34Z [17,546ms] [Warning] [isaacsim.core.simulation_manager.plugin] No adjacent samples found for interpolation at time 382/30
2026-08-19T04:00:34Z [17,580ms] [Warning] [isaacsim.core.simulation_manager.plugin] No adjacent samples found for interpolation at time 383/30
2026-08-19T04:00:34Z [17,598ms] [Warning] [isaacsim.core.simulation_manager.plugin] No adjacent samples found for interpolation at time 384/30
2026-08-19T04:00:34Z [17,624ms] [Warning] [isaacsim.core.simulation_manager.plugin] No adjacent samples found for interpolation at time 385/30
2026-08-19T04:00:34Z [17,648ms] [Warning] [isaacsim.core.simulation_manager.plugin] No adjacent samples found for interpolation at time 386/30
2026-08-19T04:00:34Z [17,674ms] [Warning] [isaacsim.core.simulation_manager.plugin] No adjacent samples found for interpolation at time 387/30
2026-08-19T04:00:34Z [17,700ms] [Warning] [isaacsim.core.simulation_manager.plugin] No adjacent samples found for interpolation at time 388/30
2026-08-19T04:00:34Z [17,724ms] [Warning] [isaacsim.core.simulation_manager.plugin] No adjacent samples found for interpolation at time 389/30
2026-08-19T04:00:34Z [17,752ms] [Warning] [isaacsim.core.simulation_manager.plugin] No adjacent samples found for interpolation at time 390/30
2026-08-19T04:00:34Z [17,775ms] [Warning] [isaacsim.core.simulation_manager.plugin] No adjacent samples found for interpolation at time 391/30
2026-08-19T04:00:34Z [17,801ms] [Warning] [isaacsim.core.simulation_manager.plugin] No adjacent samples found for interpolation at time 392/30
2026-08-19T04:00:34Z [17,827ms] [Warning] [isaacsim.core.simulation_manager.plugin] No adjacent samples found for interpolation at time 393/30
2026-08-19T04:00:34Z [17,852ms] [Warning] [isaacsim.core.simulation_manager.plugin] No adjacent samples found for interpolation at time 394/30
2026-08-19T04:00:34Z [17,878ms] [Warning] [isaacsim.core.simulation_manager.plugin] No adjacent samples found for interpolation at time 395/30
2026-08-19T04:00:34Z [17,903ms] [Warning] [isaacsim.core.simulation_manager.plugin] No adjacent samples found for interpolation at time 396/30
2026-08-19T04:00:34Z [17,929ms] [Warning] [isaacsim.core.simulation_manager.plugin] No adjacent samples found for interpolation at time 397/30
2026-08-19T04:00:34Z [17,955ms] [Warning] [isaacsim.core.simulation_manager.plugin] No adjacent samples found for interpolation at time 398/30
2026-08-19T04:00:35Z [17,980ms] [Warning] [isaacsim.core.simulation_manager.plugin] No adjacent samples found for interpolation at time 399/30
2026-08-19T04:00:35Z [18,004ms] [Warning] [isaacsim.core.simulation_manager.plugin] No adjacent samples found for interpolation at time 400/30
2026-08-19T04:00:35Z [18,031ms] [Warning] [isaacsim.core.simulation_manager.plugin] No adjacent samples found for interpolation at time 401/30
2026-08-19T04:00:35Z [18,058ms] [Warning] [isaacsim.core.simulation_manager.plugin] No adjacent samples found for interpolation at time 402/30
2026-08-19T04:00:35Z [18,082ms] [Warning] [isaacsim.core.simulation_manager.plugin] No adjacent samples found for interpolation at time 403/30
2026-08-19T04:00:35Z [18,107ms] [Warning] [isaacsim.core.simulation_manager.plugin] No adjacent samples found for interpolation at time 404/30
2026-08-19T04:00:35Z [18,133ms] [Warning] [isaacsim.core.simulation_manager.plugin] No adjacent samples found for interpolation at time 405/30
2026-08-19T04:00:35Z [18,159ms] [Warning] [isaacsim.core.simulation_manager.plugin] No adjacent samples found for interpolation at time 406/30
2026-08-19T04:00:35Z [18,185ms] [Warning] [isaacsim.core.simulation_manager.plugin] No adjacent samples found for interpolation at time 407/30
2026-08-19T04:00:35Z [18,209ms] [Warning] [isaacsim.core.simulation_manager.plugin] No adjacent samples found for interpolation at time 408/30
2026-08-19T04:00:35Z [18,236ms] [Warning] [isaacsim.core.simulation_manager.plugin] No adjacent samples found for interpolation at time 409/30
2026-08-19T04:00:35Z [18,261ms] [Warning] [isaacsim.core.simulation_manager.plugin] No adjacent samples found for interpolation at time 410/30
2026-08-19T04:00:35Z [18,287ms] [Warning] [isaacsim.core.simulation_manager.plugin] No adjacent samples found for interpolation at time 411/30
2026-08-19T04:00:35Z [18,312ms] [Warning] [isaacsim.core.simulation_manager.plugin] No adjacent samples found for interpolation at time 412/30
2026-08-19T04:00:35Z [18,338ms] [Warning] [isaacsim.core.simulation_manager.plugin] No adjacent samples found for interpolation at time 413/30
2026-08-19T04:00:35Z [18,363ms] [Warning] [isaacsim.core.simulation_manager.plugin] No adjacent samples found for interpolation at time 414/30
2026-08-19T04:00:35Z [18,387ms] [Warning] [isaacsim.core.simulation_manager.plugin] No adjacent samples found for interpolation at time 415/30
2026-08-19T04:00:35Z [18,413ms] [Warning] [isaacsim.core.simulation_manager.plugin] No adjacent samples found for interpolation at time 416/30
2026-08-19T04:00:35Z [18,439ms] [Warning] [isaacsim.core.simulation_manager.plugin] No adjacent samples found for interpolation at time 417/30
2026-08-19T04:00:35Z [18,464ms] [Warning] [isaacsim.core.simulation_manager.plugin] No adjacent samples found for interpolation at time 418/30
2026-08-19T04:00:35Z [18,498ms] [Warning] [isaacsim.core.simulation_manager.plugin] No adjacent samples found for interpolation at time 419/30
2026-08-19T04:00:35Z [18,515ms] [Warning] [isaacsim.core.simulation_manager.plugin] No adjacent samples found for interpolation at time 420/30
2026-08-19T04:00:35Z [18,540ms] [Warning] [isaacsim.core.simulation_manager.plugin] No adjacent samples found for interpolation at time 421/30
2026-08-19T04:00:35Z [18,568ms] [Warning] [isaacsim.core.simulation_manager.plugin] No adjacent samples found for interpolation at time 422/30
2026-08-19T04:00:35Z [18,591ms] [Warning] [isaacsim.core.simulation_manager.plugin] No adjacent samples found for interpolation at time 423/30
2026-08-19T04:00:35Z [18,617ms] [Warning] [isaacsim.core.simulation_manager.plugin] No adjacent samples found for interpolation at time 424/30
2026-08-19T04:00:35Z [18,643ms] [Warning] [isaacsim.core.simulation_manager.plugin] No adjacent samples found for interpolation at time 425/30
2026-08-19T04:00:35Z [18,668ms] [Warning] [isaacsim.core.simulation_manager.plugin] No adjacent samples found for interpolation at time 426/30
2026-08-19T04:00:35Z [18,694ms] [Warning] [isaacsim.core.simulation_manager.plugin] No adjacent samples found for interpolation at time 427/30
2026-08-19T04:00:35Z [18,718ms] [Warning] [isaacsim.core.simulation_manager.plugin] No adjacent samples found for interpolation at time 428/30
2026-08-19T04:00:35Z [18,743ms] [Warning] [isaacsim.core.simulation_manager.plugin] No adjacent samples found for interpolation at time 429/30
2026-08-19T04:00:35Z [18,768ms] [Warning] [isaacsim.core.simulation_manager.plugin] No adjacent samples found for interpolation at time 430/30
2026-08-19T04:00:35Z [18,794ms] [Warning] [isaacsim.core.simulation_manager.plugin] No adjacent samples found for interpolation at time 431/30
2026-08-19T04:00:35Z [18,819ms] [Warning] [isaacsim.core.simulation_manager.plugin] No adjacent samples found for interpolation at time 432/30
2026-08-19T04:00:35Z [18,846ms] [Warning] [isaacsim.core.simulation_manager.plugin] No adjacent samples found for interpolation at time 433/30
2026-08-19T04:00:35Z [18,871ms] [Warning] [isaacsim.core.simulation_manager.plugin] No adjacent samples found for interpolation at time 434/30
2026-08-19T04:00:35Z [18,897ms] [Warning] [isaacsim.core.simulation_manager.plugin] No adjacent samples found for interpolation at time 435/30
2026-08-19T04:00:35Z [18,922ms] [Warning] [isaacsim.core.simulation_manager.plugin] No adjacent samples found for interpolation at time 436/30
2026-08-19T04:00:35Z [18,949ms] [Warning] [isaacsim.core.simulation_manager.plugin] No adjacent samples found for interpolation at time 437/30
2026-08-19T04:00:36Z [18,973ms] [Warning] [isaacsim.core.simulation_manager.plugin] No adjacent samples found for interpolation at time 438/30
2026-08-19T04:00:36Z [18,998ms] [Warning] [isaacsim.core.simulation_manager.plugin] No adjacent samples found for interpolation at time 439/30
2026-08-19T04:00:36Z [19,022ms] [Warning] [isaacsim.core.simulation_manager.plugin] No adjacent samples found for interpolation at time 440/30
2026-08-19T04:00:36Z [19,047ms] [Warning] [isaacsim.core.simulation_manager.plugin] No adjacent samples found for interpolation at time 441/30
2026-08-19T04:00:36Z [19,075ms] [Warning] [isaacsim.core.simulation_manager.plugin] No adjacent samples found for interpolation at time 442/30
2026-08-19T04:00:36Z [19,100ms] [Warning] [isaacsim.core.simulation_manager.plugin] No adjacent samples found for interpolation at time 443/30
2026-08-19T04:00:36Z [19,124ms] [Warning] [isaacsim.core.simulation_manager.plugin] No adjacent samples found for interpolation at time 444/30
2026-08-19T04:00:36Z [19,150ms] [Warning] [isaacsim.core.simulation_manager.plugin] No adjacent samples found for interpolation at time 445/30
2026-08-19T04:00:36Z [19,175ms] [Warning] [isaacsim.core.simulation_manager.plugin] No adjacent samples found for interpolation at time 446/30
2026-08-19T04:00:36Z [19,200ms] [Warning] [isaacsim.core.simulation_manager.plugin] No adjacent samples found for interpolation at time 447/30
2026-08-19T04:00:36Z [19,226ms] [Warning] [isaacsim.core.simulation_manager.plugin] No adjacent samples found for interpolation at time 448/30
2026-08-19T04:00:36Z [19,253ms] [Warning] [isaacsim.core.simulation_manager.plugin] No adjacent samples found for interpolation at time 449/30
2026-08-19T04:00:36Z [19,277ms] [Warning] [isaacsim.core.simulation_manager.plugin] No adjacent samples found for interpolation at time 450/30
2026-08-19T04:00:36Z [19,302ms] [Warning] [isaacsim.core.simulation_manager.plugin] No adjacent samples found for interpolation at time 451/30
2026-08-19T04:00:36Z [19,314ms] [Warning] [isaacsim.core.simulation_manager.plugin] No adjacent samples found for interpolation at time 452/30
2026-08-19T04:00:36Z [19,327ms] [Warning] [isaacsim.core.simulation_manager.plugin] No adjacent samples found for interpolation at time 453/30
2026-08-19T04:00:36Z [19,345ms] [Warning] [isaacsim.core.simulation_manager.plugin] No adjacent samples found for interpolation at time 454/30
2026-08-19T04:00:36Z [19,366ms] [Warning] [isaacsim.core.simulation_manager.plugin] No adjacent samples found for interpolation at time 455/30
2026-08-19T04:00:36Z [19,366ms] [Warning] [isaacsim.core.simulation_manager.plugin] No adjacent samples found for interpolation at time 456/30
2026-08-19T04:00:36Z [19,382ms] [Warning] [isaacsim.core.simulation_manager.plugin] No adjacent samples found for interpolation at time 457/30
2026-08-19T04:00:36Z [19,395ms] [Warning] [isaacsim.core.simulation_manager.plugin] No adjacent samples found for interpolation at time 458/30
2026-08-19T04:00:36Z [19,409ms] [Warning] [isaacsim.core.simulation_manager.plugin] No adjacent samples found for interpolation at time 459/30
2026-08-19T04:00:36Z [19,423ms] [Warning] [isaacsim.core.simulation_manager.plugin] No adjacent samples found for interpolation at time 460/30
2026-08-19T04:00:36Z [19,437ms] [Warning] [isaacsim.core.simulation_manager.plugin] No adjacent samples found for interpolation at time 461/30
2026-08-19T04:00:36Z [19,450ms] [Warning] [isaacsim.core.simulation_manager.plugin] No adjacent samples found for interpolation at time 462/30
2026-08-19T04:00:36Z [19,463ms] [Warning] [isaacsim.core.simulation_manager.plugin] No adjacent samples found for interpolation at time 463/30
2026-08-19T04:00:36Z [19,479ms] [Warning] [isaacsim.core.simulation_manager.plugin] No adjacent samples found for interpolation at time 464/30
2026-08-19T04:00:36Z [19,492ms] [Warning] [isaacsim.core.simulation_manager.plugin] No adjacent samples found for interpolation at time 465/30
2026-08-19T04:00:36Z [19,505ms] [Warning] [isaacsim.core.simulation_manager.plugin] No adjacent samples found for interpolation at time 466/30
2026-08-19T04:00:36Z [19,526ms] [Warning] [isaacsim.core.simulation_manager.plugin] No adjacent samples found for interpolation at time 467/30
2026-08-19T04:00:36Z [19,547ms] [Warning] [isaacsim.core.simulation_manager.plugin] No adjacent samples found for interpolation at time 468/30
2026-08-19T04:00:36Z [19,573ms] [Warning] [isaacsim.core.simulation_manager.plugin] No adjacent samples found for interpolation at time 469/30
2026-08-19T04:00:36Z [19,598ms] [Warning] [isaacsim.core.simulation_manager.plugin] No adjacent samples found for interpolation at time 470/30
2026-08-19T04:00:36Z [19,623ms] [Warning] [isaacsim.core.simulation_manager.plugin] No adjacent samples found for interpolation at time 471/30
2026-08-19T04:00:36Z [19,648ms] [Warning] [isaacsim.core.simulation_manager.plugin] No adjacent samples found for interpolation at time 472/30
2026-08-19T04:00:36Z [19,673ms] [Warning] [isaacsim.core.simulation_manager.plugin] No adjacent samples found for interpolation at time 473/30
2026-08-19T04:00:36Z [19,699ms] [Warning] [isaacsim.core.simulation_manager.plugin] No adjacent samples found for interpolation at time 474/30
2026-08-19T04:00:36Z [19,723ms] [Warning] [isaacsim.core.simulation_manager.plugin] No adjacent samples found for interpolation at time 475/30
2026-08-19T04:00:36Z [19,749ms] [Warning] [isaacsim.core.simulation_manager.plugin] No adjacent samples found for interpolation at time 476/30
2026-08-19T04:00:36Z [19,774ms] [Warning] [isaacsim.core.simulation_manager.plugin] No adjacent samples found for interpolation at time 477/30
2026-08-19T04:00:36Z [19,799ms] [Warning] [isaacsim.core.simulation_manager.plugin] No adjacent samples found for interpolation at time 478/30
2026-08-19T04:00:36Z [19,825ms] [Warning] [isaacsim.core.simulation_manager.plugin] No adjacent samples found for interpolation at time 479/30
2026-08-19T04:00:36Z [19,850ms] [Warning] [isaacsim.core.simulation_manager.plugin] No adjacent samples found for interpolation at time 480/30
2026-08-19T04:00:36Z [19,875ms] [Warning] [isaacsim.core.simulation_manager.plugin] No adjacent samples found for interpolation at time 481/30
2026-08-19T04:00:36Z [19,898ms] [Warning] [isaacsim.core.simulation_manager.plugin] No adjacent samples found for interpolation at time 482/30
2026-08-19T04:00:36Z [19,922ms] [Warning] [isaacsim.core.simulation_manager.plugin] No adjacent samples found for interpolation at time 483/30
2026-08-19T04:00:36Z [19,947ms] [Warning] [isaacsim.core.simulation_manager.plugin] No adjacent samples found for interpolation at time 484/30
2026-08-19T04:00:37Z [19,971ms] [Warning] [isaacsim.core.simulation_manager.plugin] No adjacent samples found for interpolation at time 485/30
2026-08-19T04:00:37Z [19,996ms] [Warning] [isaacsim.core.simulation_manager.plugin] No adjacent samples found for interpolation at time 486/30
2026-08-19T04:00:37Z [20,019ms] [Warning] [isaacsim.core.simulation_manager.plugin] No adjacent samples found for interpolation at time 487/30
2026-08-19T04:00:37Z [20,043ms] [Warning] [isaacsim.core.simulation_manager.plugin] No adjacent samples found for interpolation at time 488/30
2026-08-19T04:00:37Z [20,066ms] [Warning] [isaacsim.core.simulation_manager.plugin] No adjacent samples found for interpolation at time 489/30
2026-08-19T04:00:37Z [20,093ms] [Warning] [isaacsim.core.simulation_manager.plugin] No adjacent samples found for interpolation at time 490/30
2026-08-19T04:00:37Z [20,127ms] [Warning] [isaacsim.core.simulation_manager.plugin] No adjacent samples found for interpolation at time 491/30
2026-08-19T04:00:37Z [20,143ms] [Warning] [isaacsim.core.simulation_manager.plugin] No adjacent samples found for interpolation at time 492/30
2026-08-19T04:00:37Z [20,168ms] [Warning] [isaacsim.core.simulation_manager.plugin] No adjacent samples found for interpolation at time 493/30
2026-08-19T04:00:37Z [20,193ms] [Warning] [isaacsim.core.simulation_manager.plugin] No adjacent samples found for interpolation at time 494/30
2026-08-19T04:00:37Z [20,218ms] [Warning] [isaacsim.core.simulation_manager.plugin] No adjacent samples found for interpolation at time 495/30
2026-08-19T04:00:37Z [20,242ms] [Warning] [isaacsim.core.simulation_manager.plugin] No adjacent samples found for interpolation at time 496/30
2026-08-19T04:00:37Z [20,268ms] [Warning] [isaacsim.core.simulation_manager.plugin] No adjacent samples found for interpolation at time 497/30
2026-08-19T04:00:37Z [20,294ms] [Warning] [isaacsim.core.simulation_manager.plugin] No adjacent samples found for interpolation at time 498/30
2026-08-19T04:00:37Z [20,317ms] [Warning] [isaacsim.core.simulation_manager.plugin] No adjacent samples found for interpolation at time 499/30
2026-08-19T04:00:37Z [20,342ms] [Warning] [isaacsim.core.simulation_manager.plugin] No adjacent samples found for interpolation at time 500/30
2026-08-19T04:00:37Z [20,365ms] [Warning] [isaacsim.core.simulation_manager.plugin] No adjacent samples found for interpolation at time 501/30
2026-08-19T04:00:37Z [20,389ms] [Warning] [isaacsim.core.simulation_manager.plugin] No adjacent samples found for interpolation at time 502/30
2026-08-19T04:00:37Z [20,412ms] [Warning] [isaacsim.core.simulation_manager.plugin] No adjacent samples found for interpolation at time 503/30
2026-08-19T04:00:37Z [20,438ms] [Warning] [isaacsim.core.simulation_manager.plugin] No adjacent samples found for interpolation at time 504/30
2026-08-19T04:00:37Z [20,464ms] [Warning] [isaacsim.core.simulation_manager.plugin] No adjacent samples found for interpolation at time 505/30
2026-08-19T04:00:37Z [20,489ms] [Warning] [isaacsim.core.simulation_manager.plugin] No adjacent samples found for interpolation at time 506/30
2026-08-19T04:00:37Z [20,515ms] [Warning] [isaacsim.core.simulation_manager.plugin] No adjacent samples found for interpolation at time 507/30
2026-08-19T04:00:37Z [20,542ms] [Warning] [isaacsim.core.simulation_manager.plugin] No adjacent samples found for interpolation at time 508/30
2026-08-19T04:00:37Z [20,565ms] [Warning] [isaacsim.core.simulation_manager.plugin] No adjacent samples found for interpolation at time 509/30
2026-08-19T04:00:37Z [20,591ms] [Warning] [isaacsim.core.simulation_manager.plugin] No adjacent samples found for interpolation at time 510/30
2026-08-19T04:00:37Z [20,616ms] [Warning] [isaacsim.core.simulation_manager.plugin] No adjacent samples found for interpolation at time 511/30
2026-08-19T04:00:37Z [20,643ms] [Warning] [isaacsim.core.simulation_manager.plugin] No adjacent samples found for interpolation at time 512/30
2026-08-19T04:00:37Z [20,669ms] [Warning] [isaacsim.core.simulation_manager.plugin] No adjacent samples found for interpolation at time 513/30
2026-08-19T04:00:37Z [20,695ms] [Warning] [isaacsim.core.simulation_manager.plugin] No adjacent samples found for interpolation at time 514/30
2026-08-19T04:00:37Z [20,719ms] [Warning] [isaacsim.core.simulation_manager.plugin] No adjacent samples found for interpolation at time 515/30
2026-08-19T04:00:37Z [20,744ms] [Warning] [isaacsim.core.simulation_manager.plugin] No adjacent samples found for interpolation at time 516/30
2026-08-19T04:00:37Z [20,769ms] [Warning] [isaacsim.core.simulation_manager.plugin] No adjacent samples found for interpolation at time 517/30
2026-08-19T04:00:37Z [20,796ms] [Warning] [isaacsim.core.simulation_manager.plugin] No adjacent samples found for interpolation at time 518/30
2026-08-19T04:00:37Z [20,821ms] [Warning] [isaacsim.core.simulation_manager.plugin] No adjacent samples found for interpolation at time 519/30
2026-08-19T04:00:37Z [20,848ms] [Warning] [isaacsim.core.simulation_manager.plugin] No adjacent samples found for interpolation at time 520/30
2026-08-19T04:00:37Z [20,871ms] [Warning] [isaacsim.core.simulation_manager.plugin] No adjacent samples found for interpolation at time 521/30
2026-08-19T04:00:37Z [20,896ms] [Warning] [isaacsim.core.simulation_manager.plugin] No adjacent samples found for interpolation at time 522/30
2026-08-19T04:00:37Z [20,921ms] [Warning] [isaacsim.core.simulation_manager.plugin] No adjacent samples found for interpolation at time 523/30
2026-08-19T04:00:37Z [20,947ms] [Warning] [isaacsim.core.simulation_manager.plugin] No adjacent samples found for interpolation at time 524/30
2026-08-19T04:00:38Z [20,973ms] [Warning] [isaacsim.core.simulation_manager.plugin] No adjacent samples found for interpolation at time 525/30
2026-08-19T04:00:38Z [21,000ms] [Warning] [isaacsim.core.simulation_manager.plugin] No adjacent samples found for interpolation at time 526/30
2026-08-19T04:00:38Z [21,031ms] [Warning] [isaacsim.core.simulation_manager.plugin] No adjacent samples found for interpolation at time 527/30
2026-08-19T04:00:38Z [21,049ms] [Warning] [isaacsim.core.simulation_manager.plugin] No adjacent samples found for interpolation at time 528/30
2026-08-19T04:00:38Z [21,074ms] [Warning] [isaacsim.core.simulation_manager.plugin] No adjacent samples found for interpolation at time 529/30
2026-08-19T04:00:38Z [21,103ms] [Warning] [isaacsim.core.simulation_manager.plugin] No adjacent samples found for interpolation at time 530/30
2026-08-19T04:00:38Z [21,126ms] [Warning] [isaacsim.core.simulation_manager.plugin] No adjacent samples found for interpolation at time 531/30
2026-08-19T04:00:38Z [21,152ms] [Warning] [isaacsim.core.simulation_manager.plugin] No adjacent samples found for interpolation at time 532/30
2026-08-19T04:00:38Z [21,176ms] [Warning] [isaacsim.core.simulation_manager.plugin] No adjacent samples found for interpolation at time 533/30
2026-08-19T04:00:38Z [21,203ms] [Warning] [isaacsim.core.simulation_manager.plugin] No adjacent samples found for interpolation at time 534/30
2026-08-19T04:00:38Z [21,228ms] [Warning] [isaacsim.core.simulation_manager.plugin] No adjacent samples found for interpolation at time 535/30
2026-08-19T04:00:38Z [21,254ms] [Warning] [isaacsim.core.simulation_manager.plugin] No adjacent samples found for interpolation at time 536/30
2026-08-19T04:00:38Z [21,281ms] [Warning] [isaacsim.core.simulation_manager.plugin] No adjacent samples found for interpolation at time 537/30
2026-08-19T04:00:38Z [21,305ms] [Warning] [isaacsim.core.simulation_manager.plugin] No adjacent samples found for interpolation at time 538/30
2026-08-19T04:00:38Z [21,331ms] [Warning] [isaacsim.core.simulation_manager.plugin] No adjacent samples found for interpolation at time 539/30
2026-08-19T04:00:38Z [21,357ms] [Warning] [isaacsim.core.simulation_manager.plugin] No adjacent samples found for interpolation at time 540/30
2026-08-19T04:00:38Z [21,382ms] [Warning] [isaacsim.core.simulation_manager.plugin] No adjacent samples found for interpolation at time 541/30
2026-08-19T04:00:38Z [21,407ms] [Warning] [isaacsim.core.simulation_manager.plugin] No adjacent samples found for interpolation at time 542/30
2026-08-19T04:00:38Z [21,432ms] [Warning] [isaacsim.core.simulation_manager.plugin] No adjacent samples found for interpolation at time 543/30
2026-08-19T04:00:38Z [21,459ms] [Warning] [isaacsim.core.simulation_manager.plugin] No adjacent samples found for interpolation at time 544/30
2026-08-19T04:00:38Z [21,484ms] [Warning] [isaacsim.core.simulation_manager.plugin] No adjacent samples found for interpolation at time 545/30
2026-08-19T04:00:38Z [21,510ms] [Warning] [isaacsim.core.simulation_manager.plugin] No adjacent samples found for interpolation at time 546/30
2026-08-19T04:00:38Z [21,536ms] [Warning] [isaacsim.core.simulation_manager.plugin] No adjacent samples found for interpolation at time 547/30
2026-08-19T04:00:38Z [21,561ms] [Warning] [isaacsim.core.simulation_manager.plugin] No adjacent samples found for interpolation at time 548/30
2026-08-19T04:00:38Z [21,586ms] [Warning] [isaacsim.core.simulation_manager.plugin] No adjacent samples found for interpolation at time 549/30
2026-08-19T04:00:38Z [21,612ms] [Warning] [isaacsim.core.simulation_manager.plugin] No adjacent samples found for interpolation at time 550/30
2026-08-19T04:00:38Z [21,638ms] [Warning] [isaacsim.core.simulation_manager.plugin] No adjacent samples found for interpolation at time 551/30
2026-08-19T04:00:38Z [21,663ms] [Warning] [isaacsim.core.simulation_manager.plugin] No adjacent samples found for interpolation at time 552/30
2026-08-19T04:00:38Z [21,688ms] [Warning] [isaacsim.core.simulation_manager.plugin] No adjacent samples found for interpolation at time 553/30
2026-08-19T04:00:38Z [21,714ms] [Warning] [isaacsim.core.simulation_manager.plugin] No adjacent samples found for interpolation at time 554/30
2026-08-19T04:00:38Z [21,740ms] [Warning] [isaacsim.core.simulation_manager.plugin] No adjacent samples found for interpolation at time 555/30
2026-08-19T04:00:38Z [21,765ms] [Warning] [isaacsim.core.simulation_manager.plugin] No adjacent samples found for interpolation at time 556/30
2026-08-19T04:00:38Z [21,790ms] [Warning] [isaacsim.core.simulation_manager.plugin] No adjacent samples found for interpolation at time 557/30
2026-08-19T04:00:38Z [21,816ms] [Warning] [isaacsim.core.simulation_manager.plugin] No adjacent samples found for interpolation at time 558/30
2026-08-19T04:00:38Z [21,842ms] [Warning] [isaacsim.core.simulation_manager.plugin] No adjacent samples found for interpolation at time 559/30
2026-08-19T04:00:38Z [21,867ms] [Warning] [isaacsim.core.simulation_manager.plugin] No adjacent samples found for interpolation at time 560/30
2026-08-19T04:00:38Z [21,893ms] [Warning] [isaacsim.core.simulation_manager.plugin] No adjacent samples found for interpolation at time 561/30
2026-08-19T04:00:38Z [21,919ms] [Warning] [isaacsim.core.simulation_manager.plugin] No adjacent samples found for interpolation at time 562/30
2026-08-19T04:00:38Z [21,953ms] [Warning] [isaacsim.core.simulation_manager.plugin] No adjacent samples found for interpolation at time 563/30
2026-08-19T04:00:39Z [21,971ms] [Warning] [isaacsim.core.simulation_manager.plugin] No adjacent samples found for interpolation at time 564/30
2026-08-19T04:00:39Z [21,997ms] [Warning] [isaacsim.core.simulation_manager.plugin] No adjacent samples found for interpolation at time 565/30
2026-08-19T04:00:39Z [22,020ms] [Warning] [isaacsim.core.simulation_manager.plugin] No adjacent samples found for interpolation at time 566/30
2026-08-19T04:00:39Z [22,047ms] [Warning] [isaacsim.core.simulation_manager.plugin] No adjacent samples found for interpolation at time 567/30
2026-08-19T04:00:39Z [22,072ms] [Warning] [isaacsim.core.simulation_manager.plugin] No adjacent samples found for interpolation at time 568/30
2026-08-19T04:00:39Z [22,099ms] [Warning] [isaacsim.core.simulation_manager.plugin] No adjacent samples found for interpolation at time 569/30
2026-08-19T04:00:39Z [22,124ms] [Warning] [isaacsim.core.simulation_manager.plugin] No adjacent samples found for interpolation at time 570/30
2026-08-19T04:00:39Z [22,149ms] [Warning] [isaacsim.core.simulation_manager.plugin] No adjacent samples found for interpolation at time 571/30
2026-08-19T04:00:39Z [22,175ms] [Warning] [isaacsim.core.simulation_manager.plugin] No adjacent samples found for interpolation at time 572/30
2026-08-19T04:00:39Z [22,202ms] [Warning] [isaacsim.core.simulation_manager.plugin] No adjacent samples found for interpolation at time 573/30
2026-08-19T04:00:39Z [22,226ms] [Warning] [isaacsim.core.simulation_manager.plugin] No adjacent samples found for interpolation at time 574/30
2026-08-19T04:00:39Z [22,253ms] [Warning] [isaacsim.core.simulation_manager.plugin] No adjacent samples found for interpolation at time 575/30
2026-08-19T04:00:39Z [22,279ms] [Warning] [isaacsim.core.simulation_manager.plugin] No adjacent samples found for interpolation at time 576/30
2026-08-19T04:00:39Z [22,306ms] [Warning] [isaacsim.core.simulation_manager.plugin] No adjacent samples found for interpolation at time 577/30
2026-08-19T04:00:39Z [22,332ms] [Warning] [isaacsim.core.simulation_manager.plugin] No adjacent samples found for interpolation at time 578/30
2026-08-19T04:00:39Z [22,355ms] [Warning] [isaacsim.core.simulation_manager.plugin] No adjacent samples found for interpolation at time 579/30
2026-08-19T04:00:39Z [22,380ms] [Warning] [isaacsim.core.simulation_manager.plugin] No adjacent samples found for interpolation at time 580/30
2026-08-19T04:00:39Z [22,406ms] [Warning] [isaacsim.core.simulation_manager.plugin] No adjacent samples found for interpolation at time 581/30
2026-08-19T04:00:39Z [22,432ms] [Warning] [isaacsim.core.simulation_manager.plugin] No adjacent samples found for interpolation at time 582/30
2026-08-19T04:00:39Z [22,457ms] [Warning] [isaacsim.core.simulation_manager.plugin] No adjacent samples found for interpolation at time 583/30
2026-08-19T04:00:39Z [22,483ms] [Warning] [isaacsim.core.simulation_manager.plugin] No adjacent samples found for interpolation at time 584/30
2026-08-19T04:00:39Z [22,509ms] [Warning] [isaacsim.core.simulation_manager.plugin] No adjacent samples found for interpolation at time 585/30
2026-08-19T04:00:39Z [22,534ms] [Warning] [isaacsim.core.simulation_manager.plugin] No adjacent samples found for interpolation at time 586/30
2026-08-19T04:00:39Z [22,560ms] [Warning] [isaacsim.core.simulation_manager.plugin] No adjacent samples found for interpolation at time 587/30
2026-08-19T04:00:39Z [22,585ms] [Warning] [isaacsim.core.simulation_manager.plugin] No adjacent samples found for interpolation at time 588/30
2026-08-19T04:00:39Z [22,613ms] [Warning] [isaacsim.core.simulation_manager.plugin] No adjacent samples found for interpolation at time 589/30
2026-08-19T04:00:39Z [22,638ms] [Warning] [isaacsim.core.simulation_manager.plugin] No adjacent samples found for interpolation at time 590/30
2026-08-19T04:00:39Z [22,665ms] [Warning] [isaacsim.core.simulation_manager.plugin] No adjacent samples found for interpolation at time 591/30
2026-08-19T04:00:39Z [22,690ms] [Warning] [isaacsim.core.simulation_manager.plugin] No adjacent samples found for interpolation at time 592/30
2026-08-19T04:00:39Z [22,715ms] [Warning] [isaacsim.core.simulation_manager.plugin] No adjacent samples found for interpolation at time 593/30
2026-08-19T04:00:39Z [22,742ms] [Warning] [isaacsim.core.simulation_manager.plugin] No adjacent samples found for interpolation at time 594/30
2026-08-19T04:00:39Z [22,767ms] [Warning] [isaacsim.core.simulation_manager.plugin] No adjacent samples found for interpolation at time 595/30
2026-08-19T04:00:39Z [22,793ms] [Warning] [isaacsim.core.simulation_manager.plugin] No adjacent samples found for interpolation at time 596/30
2026-08-19T04:00:39Z [22,821ms] [Warning] [isaacsim.core.simulation_manager.plugin] No adjacent samples found for interpolation at time 597/30
2026-08-19T04:00:39Z [22,846ms] [Warning] [isaacsim.core.simulation_manager.plugin] No adjacent samples found for interpolation at time 598/30
2026-08-19T04:00:39Z [22,880ms] [Warning] [isaacsim.core.simulation_manager.plugin] No adjacent samples found for interpolation at time 599/30
2026-08-19T04:00:39Z [22,899ms] [Warning] [isaacsim.core.simulation_manager.plugin] No adjacent samples found for interpolation at time 600/30
2026-08-19T04:00:39Z [22,923ms] [Warning] [isaacsim.core.simulation_manager.plugin] No adjacent samples found for interpolation at time 601/30
2026-08-19T04:00:39Z [22,948ms] [Warning] [isaacsim.core.simulation_manager.plugin] No adjacent samples found for interpolation at time 602/30
2026-08-19T04:00:40Z [22,974ms] [Warning] [isaacsim.core.simulation_manager.plugin] No adjacent samples found for interpolation at time 603/30
2026-08-19T04:00:40Z [23,002ms] [Warning] [isaacsim.core.simulation_manager.plugin] No adjacent samples found for interpolation at time 604/30
2026-08-19T04:00:40Z [23,025ms] [Warning] [isaacsim.core.simulation_manager.plugin] No adjacent samples found for interpolation at time 605/30
2026-08-19T04:00:40Z [23,052ms] [Warning] [isaacsim.core.simulation_manager.plugin] No adjacent samples found for interpolation at time 606/30
2026-08-19T04:00:40Z [23,077ms] [Warning] [isaacsim.core.simulation_manager.plugin] No adjacent samples found for interpolation at time 607/30
2026-08-19T04:00:40Z [23,103ms] [Warning] [isaacsim.core.simulation_manager.plugin] No adjacent samples found for interpolation at time 608/30
2026-08-19T04:00:40Z [23,130ms] [Warning] [isaacsim.core.simulation_manager.plugin] No adjacent samples found for interpolation at time 609/30
2026-08-19T04:00:40Z [23,155ms] [Warning] [isaacsim.core.simulation_manager.plugin] No adjacent samples found for interpolation at time 610/30
2026-08-19T04:00:40Z [23,181ms] [Warning] [isaacsim.core.simulation_manager.plugin] No adjacent samples found for interpolation at time 611/30
2026-08-19T04:00:40Z [23,206ms] [Warning] [isaacsim.core.simulation_manager.plugin] No adjacent samples found for interpolation at time 612/30
2026-08-19T04:00:40Z [23,234ms] [Warning] [isaacsim.core.simulation_manager.plugin] No adjacent samples found for interpolation at time 613/30
2026-08-19T04:00:40Z [23,259ms] [Warning] [isaacsim.core.simulation_manager.plugin] No adjacent samples found for interpolation at time 614/30
2026-08-19T04:00:40Z [23,285ms] [Warning] [isaacsim.core.simulation_manager.plugin] No adjacent samples found for interpolation at time 615/30
2026-08-19T04:00:40Z [23,310ms] [Warning] [isaacsim.core.simulation_manager.plugin] No adjacent samples found for interpolation at time 616/30
2026-08-19T04:00:40Z [23,336ms] [Warning] [isaacsim.core.simulation_manager.plugin] No adjacent samples found for interpolation at time 617/30
2026-08-19T04:00:40Z [23,361ms] [Warning] [isaacsim.core.simulation_manager.plugin] No adjacent samples found for interpolation at time 618/30
2026-08-19T04:00:40Z [23,388ms] [Warning] [isaacsim.core.simulation_manager.plugin] No adjacent samples found for interpolation at time 619/30
2026-08-19T04:00:40Z [23,416ms] [Warning] [isaacsim.core.simulation_manager.plugin] No adjacent samples found for interpolation at time 620/30
2026-08-19T04:00:40Z [23,440ms] [Warning] [isaacsim.core.simulation_manager.plugin] No adjacent samples found for interpolation at time 621/30
2026-08-19T04:00:40Z [23,466ms] [Warning] [isaacsim.core.simulation_manager.plugin] No adjacent samples found for interpolation at time 622/30
2026-08-19T04:00:40Z [23,491ms] [Warning] [isaacsim.core.simulation_manager.plugin] No adjacent samples found for interpolation at time 623/30
2026-08-19T04:00:40Z [23,517ms] [Warning] [isaacsim.core.simulation_manager.plugin] No adjacent samples found for interpolation at time 624/30
2026-08-19T04:00:40Z [23,543ms] [Warning] [isaacsim.core.simulation_manager.plugin] No adjacent samples found for interpolation at time 625/30
2026-08-19T04:00:40Z [23,569ms] [Warning] [isaacsim.core.simulation_manager.plugin] No adjacent samples found for interpolation at time 626/30
2026-08-19T04:00:40Z [23,595ms] [Warning] [isaacsim.core.simulation_manager.plugin] No adjacent samples found for interpolation at time 627/30
2026-08-19T04:00:40Z [23,619ms] [Warning] [isaacsim.core.simulation_manager.plugin] No adjacent samples found for interpolation at time 628/30
2026-08-19T04:00:40Z [23,646ms] [Warning] [isaacsim.core.simulation_manager.plugin] No adjacent samples found for interpolation at time 629/30
2026-08-19T04:00:40Z [23,673ms] [Warning] [isaacsim.core.simulation_manager.plugin] No adjacent samples found for interpolation at time 630/30
2026-08-19T04:00:40Z [23,698ms] [Warning] [isaacsim.core.simulation_manager.plugin] No adjacent samples found for interpolation at time 631/30
2026-08-19T04:00:40Z [23,723ms] [Warning] [isaacsim.core.simulation_manager.plugin] No adjacent samples found for interpolation at time 632/30
2026-08-19T04:00:40Z [23,748ms] [Warning] [isaacsim.core.simulation_manager.plugin] No adjacent samples found for interpolation at time 633/30
2026-08-19T04:00:40Z [23,775ms] [Warning] [isaacsim.core.simulation_manager.plugin] No adjacent samples found for interpolation at time 634/30
2026-08-19T04:00:40Z [23,810ms] [Warning] [isaacsim.core.simulation_manager.plugin] No adjacent samples found for interpolation at time 635/30
2026-08-19T04:00:40Z [23,827ms] [Warning] [isaacsim.core.simulation_manager.plugin] No adjacent samples found for interpolation at time 636/30
2026-08-19T04:00:40Z [23,852ms] [Warning] [isaacsim.core.simulation_manager.plugin] No adjacent samples found for interpolation at time 637/30
2026-08-19T04:00:40Z [23,878ms] [Warning] [isaacsim.core.simulation_manager.plugin] No adjacent samples found for interpolation at time 638/30
2026-08-19T04:00:40Z [23,904ms] [Warning] [isaacsim.core.simulation_manager.plugin] No adjacent samples found for interpolation at time 639/30
2026-08-19T04:00:40Z [23,930ms] [Warning] [isaacsim.core.simulation_manager.plugin] No adjacent samples found for interpolation at time 640/30
2026-08-19T04:00:41Z [23,959ms] [Warning] [isaacsim.core.simulation_manager.plugin] No adjacent samples found for interpolation at time 641/30
2026-08-19T04:00:41Z [23,982ms] [Warning] [isaacsim.core.simulation_manager.plugin] No adjacent samples found for interpolation at time 642/30
2026-08-19T04:00:41Z [24,007ms] [Warning] [isaacsim.core.simulation_manager.plugin] No adjacent samples found for interpolation at time 643/30
2026-08-19T04:00:41Z [24,033ms] [Warning] [isaacsim.core.simulation_manager.plugin] No adjacent samples found for interpolation at time 644/30
2026-08-19T04:00:41Z [24,060ms] [Warning] [isaacsim.core.simulation_manager.plugin] No adjacent samples found for interpolation at time 645/30
2026-08-19T04:00:41Z [24,085ms] [Warning] [isaacsim.core.simulation_manager.plugin] No adjacent samples found for interpolation at time 646/30
2026-08-19T04:00:41Z [24,110ms] [Warning] [isaacsim.core.simulation_manager.plugin] No adjacent samples found for interpolation at time 647/30
2026-08-19T04:00:41Z [24,135ms] [Warning] [isaacsim.core.simulation_manager.plugin] No adjacent samples found for interpolation at time 648/30
2026-08-19T04:00:41Z [24,163ms] [Warning] [isaacsim.core.simulation_manager.plugin] No adjacent samples found for interpolation at time 649/30
2026-08-19T04:00:41Z [24,188ms] [Warning] [isaacsim.core.simulation_manager.plugin] No adjacent samples found for interpolation at time 650/30
2026-08-19T04:00:41Z [24,214ms] [Warning] [isaacsim.core.simulation_manager.plugin] No adjacent samples found for interpolation at time 651/30
2026-08-19T04:00:41Z [24,240ms] [Warning] [isaacsim.core.simulation_manager.plugin] No adjacent samples found for interpolation at time 652/30
2026-08-19T04:00:41Z [24,266ms] [Warning] [isaacsim.core.simulation_manager.plugin] No adjacent samples found for interpolation at time 653/30
2026-08-19T04:00:41Z [24,292ms] [Warning] [isaacsim.core.simulation_manager.plugin] No adjacent samples found for interpolation at time 654/30
2026-08-19T04:00:41Z [24,319ms] [Warning] [isaacsim.core.simulation_manager.plugin] No adjacent samples found for interpolation at time 655/30
2026-08-19T04:00:41Z [24,344ms] [Warning] [isaacsim.core.simulation_manager.plugin] No adjacent samples found for interpolation at time 656/30
2026-08-19T04:00:41Z [24,369ms] [Warning] [isaacsim.core.simulation_manager.plugin] No adjacent samples found for interpolation at time 657/30
2026-08-19T04:00:41Z [24,394ms] [Warning] [isaacsim.core.simulation_manager.plugin] No adjacent samples found for interpolation at time 658/30
2026-08-19T04:00:41Z [24,421ms] [Warning] [isaacsim.core.simulation_manager.plugin] No adjacent samples found for interpolation at time 659/30
2026-08-19T04:00:41Z [24,447ms] [Warning] [isaacsim.core.simulation_manager.plugin] No adjacent samples found for interpolation at time 660/30
2026-08-19T04:00:41Z [24,472ms] [Warning] [isaacsim.core.simulation_manager.plugin] No adjacent samples found for interpolation at time 661/30
2026-08-19T04:00:41Z [24,499ms] [Warning] [isaacsim.core.simulation_manager.plugin] No adjacent samples found for interpolation at time 662/30
2026-08-19T04:00:41Z [24,523ms] [Warning] [isaacsim.core.simulation_manager.plugin] No adjacent samples found for interpolation at time 663/30
2026-08-19T04:00:41Z [24,550ms] [Warning] [isaacsim.core.simulation_manager.plugin] No adjacent samples found for interpolation at time 664/30
2026-08-19T04:00:41Z [24,576ms] [Warning] [isaacsim.core.simulation_manager.plugin] No adjacent samples found for interpolation at time 665/30
2026-08-19T04:00:41Z [24,601ms] [Warning] [isaacsim.core.simulation_manager.plugin] No adjacent samples found for interpolation at time 666/30
2026-08-19T04:00:41Z [24,627ms] [Warning] [isaacsim.core.simulation_manager.plugin] No adjacent samples found for interpolation at time 667/30
2026-08-19T04:00:41Z [24,652ms] [Warning] [isaacsim.core.simulation_manager.plugin] No adjacent samples found for interpolation at time 668/30
2026-08-19T04:00:41Z [24,680ms] [Warning] [isaacsim.core.simulation_manager.plugin] No adjacent samples found for interpolation at time 669/30
2026-08-19T04:00:41Z [24,706ms] [Warning] [isaacsim.core.simulation_manager.plugin] No adjacent samples found for interpolation at time 670/30
2026-08-19T04:00:41Z [24,739ms] [Warning] [isaacsim.core.simulation_manager.plugin] No adjacent samples found for interpolation at time 671/30
2026-08-19T04:00:41Z [24,757ms] [Warning] [isaacsim.core.simulation_manager.plugin] No adjacent samples found for interpolation at time 672/30
2026-08-19T04:00:41Z [24,783ms] [Warning] [isaacsim.core.simulation_manager.plugin] No adjacent samples found for interpolation at time 673/30
2026-08-19T04:00:41Z [24,808ms] [Warning] [isaacsim.core.simulation_manager.plugin] No adjacent samples found for interpolation at time 674/30
2026-08-19T04:00:41Z [24,835ms] [Warning] [isaacsim.core.simulation_manager.plugin] No adjacent samples found for interpolation at time 675/30
2026-08-19T04:00:41Z [24,860ms] [Warning] [isaacsim.core.simulation_manager.plugin] No adjacent samples found for interpolation at time 676/30
2026-08-19T04:00:41Z [24,886ms] [Warning] [isaacsim.core.simulation_manager.plugin] No adjacent samples found for interpolation at time 677/30
2026-08-19T04:00:41Z [24,911ms] [Warning] [isaacsim.core.simulation_manager.plugin] No adjacent samples found for interpolation at time 678/30
2026-08-19T04:00:41Z [24,939ms] [Warning] [isaacsim.core.simulation_manager.plugin] No adjacent samples found for interpolation at time 679/30
2026-08-19T04:00:42Z [24,964ms] [Warning] [isaacsim.core.simulation_manager.plugin] No adjacent samples found for interpolation at time 680/30
2026-08-19T04:00:42Z [24,992ms] [Warning] [isaacsim.core.simulation_manager.plugin] No adjacent samples found for interpolation at time 681/30
2026-08-19T04:00:42Z [25,018ms] [Warning] [isaacsim.core.simulation_manager.plugin] No adjacent samples found for interpolation at time 682/30
2026-08-19T04:00:42Z [25,043ms] [Warning] [isaacsim.core.simulation_manager.plugin] No adjacent samples found for interpolation at time 683/30
2026-08-19T04:00:42Z [25,068ms] [Warning] [isaacsim.core.simulation_manager.plugin] No adjacent samples found for interpolation at time 684/30
2026-08-19T04:00:42Z [25,094ms] [Warning] [isaacsim.core.simulation_manager.plugin] No adjacent samples found for interpolation at time 685/30
2026-08-19T04:00:42Z [25,119ms] [Warning] [isaacsim.core.simulation_manager.plugin] No adjacent samples found for interpolation at time 686/30
2026-08-19T04:00:42Z [25,145ms] [Warning] [isaacsim.core.simulation_manager.plugin] No adjacent samples found for interpolation at time 687/30
2026-08-19T04:00:42Z [25,170ms] [Warning] [isaacsim.core.simulation_manager.plugin] No adjacent samples found for interpolation at time 688/30
2026-08-19T04:00:42Z [25,197ms] [Warning] [isaacsim.core.simulation_manager.plugin] No adjacent samples found for interpolation at time 689/30
2026-08-19T04:00:42Z [25,223ms] [Warning] [isaacsim.core.simulation_manager.plugin] No adjacent samples found for interpolation at time 690/30
2026-08-19T04:00:42Z [25,250ms] [Warning] [isaacsim.core.simulation_manager.plugin] No adjacent samples found for interpolation at time 691/30
2026-08-19T04:00:42Z [25,275ms] [Warning] [isaacsim.core.simulation_manager.plugin] No adjacent samples found for interpolation at time 692/30
2026-08-19T04:00:42Z [25,299ms] [Warning] [isaacsim.core.simulation_manager.plugin] No adjacent samples found for interpolation at time 693/30
2026-08-19T04:00:42Z [25,326ms] [Warning] [isaacsim.core.simulation_manager.plugin] No adjacent samples found for interpolation at time 694/30
2026-08-19T04:00:42Z [25,352ms] [Warning] [isaacsim.core.simulation_manager.plugin] No adjacent samples found for interpolation at time 695/30
2026-08-19T04:00:42Z [25,378ms] [Warning] [isaacsim.core.simulation_manager.plugin] No adjacent samples found for interpolation at time 696/30
2026-08-19T04:00:42Z [25,403ms] [Warning] [isaacsim.core.simulation_manager.plugin] No adjacent samples found for interpolation at time 697/30
2026-08-19T04:00:42Z [25,429ms] [Warning] [isaacsim.core.simulation_manager.plugin] No adjacent samples found for interpolation at time 698/30
2026-08-19T04:00:42Z [25,456ms] [Warning] [isaacsim.core.simulation_manager.plugin] No adjacent samples found for interpolation at time 699/30
2026-08-19T04:00:42Z [25,481ms] [Warning] [isaacsim.core.simulation_manager.plugin] No adjacent samples found for interpolation at time 700/30
2026-08-19T04:00:42Z [25,507ms] [Warning] [isaacsim.core.simulation_manager.plugin] No adjacent samples found for interpolation at time 701/30
2026-08-19T04:00:42Z [25,533ms] [Warning] [isaacsim.core.simulation_manager.plugin] No adjacent samples found for interpolation at time 702/30
2026-08-19T04:00:42Z [25,558ms] [Warning] [isaacsim.core.simulation_manager.plugin] No adjacent samples found for interpolation at time 703/30
2026-08-19T04:00:42Z [25,584ms] [Warning] [isaacsim.core.simulation_manager.plugin] No adjacent samples found for interpolation at time 704/30
2026-08-19T04:00:42Z [25,610ms] [Warning] [isaacsim.core.simulation_manager.plugin] No adjacent samples found for interpolation at time 705/30
2026-08-19T04:00:42Z [25,635ms] [Warning] [isaacsim.core.simulation_manager.plugin] No adjacent samples found for interpolation at time 706/30
2026-08-19T04:00:42Z [25,670ms] [Warning] [isaacsim.core.simulation_manager.plugin] No adjacent samples found for interpolation at time 707/30
2026-08-19T04:00:42Z [25,687ms] [Warning] [isaacsim.core.simulation_manager.plugin] No adjacent samples found for interpolation at time 708/30
2026-08-19T04:00:42Z [25,714ms] [Warning] [isaacsim.core.simulation_manager.plugin] No adjacent samples found for interpolation at time 709/30
2026-08-19T04:00:42Z [25,739ms] [Warning] [isaacsim.core.simulation_manager.plugin] No adjacent samples found for interpolation at time 710/30
2026-08-19T04:00:42Z [25,765ms] [Warning] [isaacsim.core.simulation_manager.plugin] No adjacent samples found for interpolation at time 711/30
2026-08-19T04:00:42Z [25,791ms] [Warning] [isaacsim.core.simulation_manager.plugin] No adjacent samples found for interpolation at time 712/30
2026-08-19T04:00:42Z [25,816ms] [Warning] [isaacsim.core.simulation_manager.plugin] No adjacent samples found for interpolation at time 713/30
2026-08-19T04:00:42Z [25,844ms] [Warning] [isaacsim.core.simulation_manager.plugin] No adjacent samples found for interpolation at time 714/30
2026-08-19T04:00:42Z [25,869ms] [Warning] [isaacsim.core.simulation_manager.plugin] No adjacent samples found for interpolation at time 715/30
2026-08-19T04:00:42Z [25,895ms] [Warning] [isaacsim.core.simulation_manager.plugin] No adjacent samples found for interpolation at time 716/30
2026-08-19T04:00:42Z [25,920ms] [Warning] [isaacsim.core.simulation_manager.plugin] No adjacent samples found for interpolation at time 717/30
2026-08-19T04:00:42Z [25,945ms] [Warning] [isaacsim.core.simulation_manager.plugin] No adjacent samples found for interpolation at time 718/30
2026-08-19T04:00:43Z [25,973ms] [Warning] [isaacsim.core.simulation_manager.plugin] No adjacent samples found for interpolation at time 719/30
2026-08-19T04:00:43Z [25,998ms] [Warning] [isaacsim.core.simulation_manager.plugin] No adjacent samples found for interpolation at time 720/30
2026-08-19T04:00:43Z [26,024ms] [Warning] [isaacsim.core.simulation_manager.plugin] No adjacent samples found for interpolation at time 721/30
2026-08-19T04:00:43Z [26,051ms] [Warning] [isaacsim.core.simulation_manager.plugin] No adjacent samples found for interpolation at time 722/30
2026-08-19T04:00:43Z [26,075ms] [Warning] [isaacsim.core.simulation_manager.plugin] No adjacent samples found for interpolation at time 723/30
2026-08-19T04:00:43Z [26,103ms] [Warning] [isaacsim.core.simulation_manager.plugin] No adjacent samples found for interpolation at time 724/30
2026-08-19T04:00:43Z [26,130ms] [Warning] [isaacsim.core.simulation_manager.plugin] No adjacent samples found for interpolation at time 725/30
2026-08-19T04:00:43Z [26,154ms] [Warning] [isaacsim.core.simulation_manager.plugin] No adjacent samples found for interpolation at time 726/30
2026-08-19T04:00:43Z [26,180ms] [Warning] [isaacsim.core.simulation_manager.plugin] No adjacent samples found for interpolation at time 727/30
2026-08-19T04:00:43Z [26,206ms] [Warning] [isaacsim.core.simulation_manager.plugin] No adjacent samples found for interpolation at time 728/30
2026-08-19T04:00:43Z [26,233ms] [Warning] [isaacsim.core.simulation_manager.plugin] No adjacent samples found for interpolation at time 729/30
2026-08-19T04:00:43Z [26,259ms] [Warning] [isaacsim.core.simulation_manager.plugin] No adjacent samples found for interpolation at time 730/30
2026-08-19T04:00:43Z [26,284ms] [Warning] [isaacsim.core.simulation_manager.plugin] No adjacent samples found for interpolation at time 731/30
2026-08-19T04:00:43Z [26,309ms] [Warning] [isaacsim.core.simulation_manager.plugin] No adjacent samples found for interpolation at time 732/30
2026-08-19T04:00:43Z [26,335ms] [Warning] [isaacsim.core.simulation_manager.plugin] No adjacent samples found for interpolation at time 733/30
2026-08-19T04:00:43Z [26,363ms] [Warning] [isaacsim.core.simulation_manager.plugin] No adjacent samples found for interpolation at time 734/30
2026-08-19T04:00:43Z [26,387ms] [Warning] [isaacsim.core.simulation_manager.plugin] No adjacent samples found for interpolation at time 735/30
2026-08-19T04:00:43Z [26,413ms] [Warning] [isaacsim.core.simulation_manager.plugin] No adjacent samples found for interpolation at time 736/30
2026-08-19T04:00:43Z [26,439ms] [Warning] [isaacsim.core.simulation_manager.plugin] No adjacent samples found for interpolation at time 737/30
2026-08-19T04:00:43Z [26,464ms] [Warning] [isaacsim.core.simulation_manager.plugin] No adjacent samples found for interpolation at time 738/30
2026-08-19T04:00:43Z [26,491ms] [Warning] [isaacsim.core.simulation_manager.plugin] No adjacent samples found for interpolation at time 739/30
2026-08-19T04:00:43Z [26,516ms] [Warning] [isaacsim.core.simulation_manager.plugin] No adjacent samples found for interpolation at time 740/30
2026-08-19T04:00:43Z [26,542ms] [Warning] [isaacsim.core.simulation_manager.plugin] No adjacent samples found for interpolation at time 741/30
2026-08-19T04:00:43Z [26,569ms] [Warning] [isaacsim.core.simulation_manager.plugin] No adjacent samples found for interpolation at time 742/30
2026-08-19T04:00:43Z [26,603ms] [Warning] [isaacsim.core.simulation_manager.plugin] No adjacent samples found for interpolation at time 743/30
2026-08-19T04:00:43Z [26,620ms] [Warning] [isaacsim.core.simulation_manager.plugin] No adjacent samples found for interpolation at time 744/30
2026-08-19T04:00:43Z [26,646ms] [Warning] [isaacsim.core.simulation_manager.plugin] No adjacent samples found for interpolation at time 745/30
2026-08-19T04:00:43Z [26,671ms] [Warning] [isaacsim.core.simulation_manager.plugin] No adjacent samples found for interpolation at time 746/30
2026-08-19T04:00:43Z [26,697ms] [Warning] [isaacsim.core.simulation_manager.plugin] No adjacent samples found for interpolation at time 747/30
2026-08-19T04:00:43Z [26,722ms] [Warning] [isaacsim.core.simulation_manager.plugin] No adjacent samples found for interpolation at time 748/30
2026-08-19T04:00:43Z [26,749ms] [Warning] [isaacsim.core.simulation_manager.plugin] No adjacent samples found for interpolation at time 749/30
2026-08-19T04:00:43Z [26,775ms] [Warning] [isaacsim.core.simulation_manager.plugin] No adjacent samples found for interpolation at time 750/30
2026-08-19T04:00:43Z [26,801ms] [Warning] [isaacsim.core.simulation_manager.plugin] No adjacent samples found for interpolation at time 751/30
2026-08-19T04:00:43Z [26,827ms] [Warning] [isaacsim.core.simulation_manager.plugin] No adjacent samples found for interpolation at time 752/30
2026-08-19T04:00:43Z [26,852ms] [Warning] [isaacsim.core.simulation_manager.plugin] No adjacent samples found for interpolation at time 753/30
2026-08-19T04:00:43Z [26,879ms] [Warning] [isaacsim.core.simulation_manager.plugin] No adjacent samples found for interpolation at time 754/30
2026-08-19T04:00:43Z [26,906ms] [Warning] [isaacsim.core.simulation_manager.plugin] No adjacent samples found for interpolation at time 755/30
2026-08-19T04:00:43Z [26,932ms] [Warning] [isaacsim.core.simulation_manager.plugin] No adjacent samples found for interpolation at time 756/30
2026-08-19T04:00:44Z [26,956ms] [Warning] [isaacsim.core.simulation_manager.plugin] No adjacent samples found for interpolation at time 757/30
2026-08-19T04:00:44Z [26,981ms] [Warning] [isaacsim.core.simulation_manager.plugin] No adjacent samples found for interpolation at time 758/30
2026-08-19T04:00:44Z [27,009ms] [Warning] [isaacsim.core.simulation_manager.plugin] No adjacent samples found for interpolation at time 759/30
2026-08-19T04:00:44Z [27,035ms] [Warning] [isaacsim.core.simulation_manager.plugin] No adjacent samples found for interpolation at time 760/30
2026-08-19T04:00:44Z [27,061ms] [Warning] [isaacsim.core.simulation_manager.plugin] No adjacent samples found for interpolation at time 761/30
2026-08-19T04:00:44Z [27,087ms] [Warning] [isaacsim.core.simulation_manager.plugin] No adjacent samples found for interpolation at time 762/30
2026-08-19T04:00:44Z [27,113ms] [Warning] [isaacsim.core.simulation_manager.plugin] No adjacent samples found for interpolation at time 763/30
2026-08-19T04:00:44Z [27,139ms] [Warning] [isaacsim.core.simulation_manager.plugin] No adjacent samples found for interpolation at time 764/30
2026-08-19T04:00:44Z [27,164ms] [Warning] [isaacsim.core.simulation_manager.plugin] No adjacent samples found for interpolation at time 765/30
2026-08-19T04:00:44Z [27,189ms] [Warning] [isaacsim.core.simulation_manager.plugin] No adjacent samples found for interpolation at time 766/30
2026-08-19T04:00:44Z [27,215ms] [Warning] [isaacsim.core.simulation_manager.plugin] No adjacent samples found for interpolation at time 767/30
2026-08-19T04:00:44Z [27,241ms] [Warning] [isaacsim.core.simulation_manager.plugin] No adjacent samples found for interpolation at time 768/30
2026-08-19T04:00:44Z [27,270ms] [Warning] [isaacsim.core.simulation_manager.plugin] No adjacent samples found for interpolation at time 769/30
2026-08-19T04:00:44Z [27,294ms] [Warning] [isaacsim.core.simulation_manager.plugin] No adjacent samples found for interpolation at time 770/30
2026-08-19T04:00:44Z [27,320ms] [Warning] [isaacsim.core.simulation_manager.plugin] No adjacent samples found for interpolation at time 771/30
2026-08-19T04:00:44Z [27,346ms] [Warning] [isaacsim.core.simulation_manager.plugin] No adjacent samples found for interpolation at time 772/30
2026-08-19T04:00:44Z [27,372ms] [Warning] [isaacsim.core.simulation_manager.plugin] No adjacent samples found for interpolation at time 773/30
2026-08-19T04:00:44Z [27,399ms] [Warning] [isaacsim.core.simulation_manager.plugin] No adjacent samples found for interpolation at time 774/30
2026-08-19T04:00:44Z [27,423ms] [Warning] [isaacsim.core.simulation_manager.plugin] No adjacent samples found for interpolation at time 775/30
2026-08-19T04:00:44Z [27,450ms] [Warning] [isaacsim.core.simulation_manager.plugin] No adjacent samples found for interpolation at time 776/30
2026-08-19T04:00:44Z [27,474ms] [Warning] [isaacsim.core.simulation_manager.plugin] No adjacent samples found for interpolation at time 777/30
2026-08-19T04:00:44Z [27,501ms] [Warning] [isaacsim.core.simulation_manager.plugin] No adjacent samples found for interpolation at time 778/30
2026-08-19T04:00:44Z [27,534ms] [Warning] [isaacsim.core.simulation_manager.plugin] No adjacent samples found for interpolation at time 779/30
2026-08-19T04:00:44Z [27,552ms] [Warning] [isaacsim.core.simulation_manager.plugin] No adjacent samples found for interpolation at time 780/30
2026-08-19T04:00:44Z [27,578ms] [Warning] [isaacsim.core.simulation_manager.plugin] No adjacent samples found for interpolation at time 781/30
2026-08-19T04:00:44Z [27,604ms] [Warning] [isaacsim.core.simulation_manager.plugin] No adjacent samples found for interpolation at time 782/30
2026-08-19T04:00:44Z [27,628ms] [Warning] [isaacsim.core.simulation_manager.plugin] No adjacent samples found for interpolation at time 783/30
2026-08-19T04:00:44Z [27,655ms] [Warning] [isaacsim.core.simulation_manager.plugin] No adjacent samples found for interpolation at time 784/30
2026-08-19T04:00:44Z [27,682ms] [Warning] [isaacsim.core.simulation_manager.plugin] No adjacent samples found for interpolation at time 785/30
2026-08-19T04:00:44Z [27,708ms] [Warning] [isaacsim.core.simulation_manager.plugin] No adjacent samples found for interpolation at time 786/30
2026-08-19T04:00:44Z [27,732ms] [Warning] [isaacsim.core.simulation_manager.plugin] No adjacent samples found for interpolation at time 787/30
2026-08-19T04:00:44Z [27,758ms] [Warning] [isaacsim.core.simulation_manager.plugin] No adjacent samples found for interpolation at time 788/30
2026-08-19T04:00:44Z [27,784ms] [Warning] [isaacsim.core.simulation_manager.plugin] No adjacent samples found for interpolation at time 789/30
2026-08-19T04:00:44Z [27,809ms] [Warning] [isaacsim.core.simulation_manager.plugin] No adjacent samples found for interpolation at time 790/30
2026-08-19T04:00:44Z [27,835ms] [Warning] [isaacsim.core.simulation_manager.plugin] No adjacent samples found for interpolation at time 791/30
2026-08-19T04:00:44Z [27,861ms] [Warning] [isaacsim.core.simulation_manager.plugin] No adjacent samples found for interpolation at time 792/30
2026-08-19T04:00:44Z [27,886ms] [Warning] [isaacsim.core.simulation_manager.plugin] No adjacent samples found for interpolation at time 793/30
2026-08-19T04:00:44Z [27,913ms] [Warning] [isaacsim.core.simulation_manager.plugin] No adjacent samples found for interpolation at time 794/30
2026-08-19T04:00:44Z [27,941ms] [Warning] [isaacsim.core.simulation_manager.plugin] No adjacent samples found for interpolation at time 795/30
2026-08-19T04:00:45Z [27,966ms] [Warning] [isaacsim.core.simulation_manager.plugin] No adjacent samples found for interpolation at time 796/30
2026-08-19T04:00:45Z [27,991ms] [Warning] [isaacsim.core.simulation_manager.plugin] No adjacent samples found for interpolation at time 797/30
2026-08-19T04:00:45Z [28,017ms] [Warning] [isaacsim.core.simulation_manager.plugin] No adjacent samples found for interpolation at time 798/30
2026-08-19T04:00:45Z [28,043ms] [Warning] [isaacsim.core.simulation_manager.plugin] No adjacent samples found for interpolation at time 799/30
2026-08-19T04:00:45Z [28,069ms] [Warning] [isaacsim.core.simulation_manager.plugin] No adjacent samples found for interpolation at time 800/30
2026-08-19T04:00:45Z [28,094ms] [Warning] [isaacsim.core.simulation_manager.plugin] No adjacent samples found for interpolation at time 801/30
2026-08-19T04:00:45Z [28,119ms] [Warning] [isaacsim.core.simulation_manager.plugin] No adjacent samples found for interpolation at time 802/30
2026-08-19T04:00:45Z [28,144ms] [Warning] [isaacsim.core.simulation_manager.plugin] No adjacent samples found for interpolation at time 803/30
2026-08-19T04:00:45Z [28,171ms] [Warning] [isaacsim.core.simulation_manager.plugin] No adjacent samples found for interpolation at time 804/30
2026-08-19T04:00:45Z [28,198ms] [Warning] [isaacsim.core.simulation_manager.plugin] No adjacent samples found for interpolation at time 805/30
2026-08-19T04:00:45Z [28,224ms] [Warning] [isaacsim.core.simulation_manager.plugin] No adjacent samples found for interpolation at time 806/30
2026-08-19T04:00:45Z [28,249ms] [Warning] [isaacsim.core.simulation_manager.plugin] No adjacent samples found for interpolation at time 807/30
2026-08-19T04:00:45Z [28,275ms] [Warning] [isaacsim.core.simulation_manager.plugin] No adjacent samples found for interpolation at time 808/30
2026-08-19T04:00:45Z [28,300ms] [Warning] [isaacsim.core.simulation_manager.plugin] No adjacent samples found for interpolation at time 809/30
2026-08-19T04:00:45Z [28,326ms] [Warning] [isaacsim.core.simulation_manager.plugin] No adjacent samples found for interpolation at time 810/30
2026-08-19T04:00:45Z [28,352ms] [Warning] [isaacsim.core.simulation_manager.plugin] No adjacent samples found for interpolation at time 811/30
2026-08-19T04:00:45Z [28,377ms] [Warning] [isaacsim.core.simulation_manager.plugin] No adjacent samples found for interpolation at time 812/30
2026-08-19T04:00:45Z [28,403ms] [Warning] [isaacsim.core.simulation_manager.plugin] No adjacent samples found for interpolation at time 813/30
2026-08-19T04:00:45Z [28,429ms] [Warning] [isaacsim.core.simulation_manager.plugin] No adjacent samples found for interpolation at time 814/30
2026-08-19T04:00:45Z [28,648ms] [Warning] [isaacsim.core.simulation_manager.plugin] No adjacent samples found for interpolation at time 815/30
2026-08-19T04:00:45Z [28,648ms] [Warning] [isaacsim.core.simulation_manager.plugin] No adjacent samples found for interpolation at time 816/30
2026-08-19T04:00:45Z [28,648ms] [Warning] [isaacsim.core.simulation_manager.plugin] No adjacent samples found for interpolation at time 817/30
2026-08-19T04:00:45Z [28,648ms] [Warning] [isaacsim.core.simulation_manager.plugin] No adjacent samples found for interpolation at time 818/30
2026-08-19T04:00:45Z [28,681ms] [Warning] [isaacsim.core.simulation_manager.plugin] No adjacent samples found for interpolation at time 819/30
2026-08-19T04:00:45Z [28,706ms] [Warning] [isaacsim.core.simulation_manager.plugin] No adjacent samples found for interpolation at time 820/30
2026-08-19T04:00:45Z [28,731ms] [Warning] [isaacsim.core.simulation_manager.plugin] No adjacent samples found for interpolation at time 821/30
2026-08-19T04:00:45Z [28,760ms] [Warning] [isaacsim.core.simulation_manager.plugin] No adjacent samples found for interpolation at time 822/30
2026-08-19T04:00:45Z [28,782ms] [Warning] [isaacsim.core.simulation_manager.plugin] No adjacent samples found for interpolation at time 823/30
2026-08-19T04:00:45Z [28,808ms] [Warning] [isaacsim.core.simulation_manager.plugin] No adjacent samples found for interpolation at time 824/30
2026-08-19T04:00:45Z [28,832ms] [Warning] [isaacsim.core.simulation_manager.plugin] No adjacent samples found for interpolation at time 825/30
2026-08-19T04:00:45Z [28,860ms] [Warning] [isaacsim.core.simulation_manager.plugin] No adjacent samples found for interpolation at time 826/30
2026-08-19T04:00:45Z [28,887ms] [Warning] [isaacsim.core.simulation_manager.plugin] No adjacent samples found for interpolation at time 827/30
2026-08-19T04:00:45Z [28,912ms] [Warning] [isaacsim.core.simulation_manager.plugin] No adjacent samples found for interpolation at time 828/30
2026-08-19T04:00:45Z [28,938ms] [Warning] [isaacsim.core.simulation_manager.plugin] No adjacent samples found for interpolation at time 829/30
2026-08-19T04:00:46Z [28,964ms] [Warning] [isaacsim.core.simulation_manager.plugin] No adjacent samples found for interpolation at time 830/30
2026-08-19T04:00:46Z [28,989ms] [Warning] [isaacsim.core.simulation_manager.plugin] No adjacent samples found for interpolation at time 831/30
2026-08-19T04:00:46Z [29,017ms] [Warning] [isaacsim.core.simulation_manager.plugin] No adjacent samples found for interpolation at time 832/30
2026-08-19T04:00:46Z [29,042ms] [Warning] [isaacsim.core.simulation_manager.plugin] No adjacent samples found for interpolation at time 833/30
2026-08-19T04:00:46Z [29,067ms] [Warning] [isaacsim.core.simulation_manager.plugin] No adjacent samples found for interpolation at time 834/30
2026-08-19T04:00:46Z [29,092ms] [Warning] [isaacsim.core.simulation_manager.plugin] No adjacent samples found for interpolation at time 835/30
2026-08-19T04:00:46Z [29,120ms] [Warning] [isaacsim.core.simulation_manager.plugin] No adjacent samples found for interpolation at time 836/30
2026-08-19T04:00:46Z [29,146ms] [Warning] [isaacsim.core.simulation_manager.plugin] No adjacent samples found for interpolation at time 837/30
2026-08-19T04:00:46Z [29,172ms] [Warning] [isaacsim.core.simulation_manager.plugin] No adjacent samples found for interpolation at time 838/30
2026-08-19T04:00:46Z [29,195ms] [Warning] [isaacsim.core.simulation_manager.plugin] No adjacent samples found for interpolation at time 839/30
2026-08-19T04:00:46Z [29,221ms] [Warning] [isaacsim.core.simulation_manager.plugin] No adjacent samples found for interpolation at time 840/30
2026-08-19T04:00:46Z [29,246ms] [Warning] [isaacsim.core.simulation_manager.plugin] No adjacent samples found for interpolation at time 841/30
2026-08-19T04:00:46Z [29,272ms] [Warning] [isaacsim.core.simulation_manager.plugin] No adjacent samples found for interpolation at time 842/30
2026-08-19T04:00:46Z [29,297ms] [Warning] [isaacsim.core.simulation_manager.plugin] No adjacent samples found for interpolation at time 843/30
2026-08-19T04:00:46Z [29,322ms] [Warning] [isaacsim.core.simulation_manager.plugin] No adjacent samples found for interpolation at time 844/30
2026-08-19T04:00:46Z [29,347ms] [Warning] [isaacsim.core.simulation_manager.plugin] No adjacent samples found for interpolation at time 845/30
2026-08-19T04:00:46Z [29,373ms] [Warning] [isaacsim.core.simulation_manager.plugin] No adjacent samples found for interpolation at time 846/30
2026-08-19T04:00:46Z [29,400ms] [Warning] [isaacsim.core.simulation_manager.plugin] No adjacent samples found for interpolation at time 847/30
2026-08-19T04:00:46Z [29,425ms] [Warning] [isaacsim.core.simulation_manager.plugin] No adjacent samples found for interpolation at time 848/30
2026-08-19T04:00:46Z [29,450ms] [Warning] [isaacsim.core.simulation_manager.plugin] No adjacent samples found for interpolation at time 849/30
2026-08-19T04:00:46Z [29,474ms] [Warning] [isaacsim.core.simulation_manager.plugin] No adjacent samples found for interpolation at time 850/30
2026-08-19T04:00:46Z [29,508ms] [Warning] [isaacsim.core.simulation_manager.plugin] No adjacent samples found for interpolation at time 851/30
2026-08-19T04:00:46Z [29,526ms] [Warning] [isaacsim.core.simulation_manager.plugin] No adjacent samples found for interpolation at time 852/30
2026-08-19T04:00:46Z [29,552ms] [Warning] [isaacsim.core.simulation_manager.plugin] No adjacent samples found for interpolation at time 853/30
2026-08-19T04:00:46Z [29,577ms] [Warning] [isaacsim.core.simulation_manager.plugin] No adjacent samples found for interpolation at time 854/30
2026-08-19T04:00:46Z [29,601ms] [Warning] [isaacsim.core.simulation_manager.plugin] No adjacent samples found for interpolation at time 855/30
2026-08-19T04:00:46Z [29,627ms] [Warning] [isaacsim.core.simulation_manager.plugin] No adjacent samples found for interpolation at time 856/30
2026-08-19T04:00:46Z [29,652ms] [Warning] [isaacsim.core.simulation_manager.plugin] No adjacent samples found for interpolation at time 857/30
2026-08-19T04:00:46Z [29,677ms] [Warning] [isaacsim.core.simulation_manager.plugin] No adjacent samples found for interpolation at time 858/30
2026-08-19T04:00:46Z [29,703ms] [Warning] [isaacsim.core.simulation_manager.plugin] No adjacent samples found for interpolation at time 859/30
2026-08-19T04:00:46Z [29,729ms] [Warning] [isaacsim.core.simulation_manager.plugin] No adjacent samples found for interpolation at time 860/30
2026-08-19T04:00:46Z [29,754ms] [Warning] [isaacsim.core.simulation_manager.plugin] No adjacent samples found for interpolation at time 861/30
2026-08-19T04:00:46Z [29,780ms] [Warning] [isaacsim.core.simulation_manager.plugin] No adjacent samples found for interpolation at time 862/30
2026-08-19T04:00:46Z [29,805ms] [Warning] [isaacsim.core.simulation_manager.plugin] No adjacent samples found for interpolation at time 863/30
2026-08-19T04:00:46Z [29,830ms] [Warning] [isaacsim.core.simulation_manager.plugin] No adjacent samples found for interpolation at time 864/30
2026-08-19T04:00:46Z [29,856ms] [Warning] [isaacsim.core.simulation_manager.plugin] No adjacent samples found for interpolation at time 865/30
2026-08-19T04:00:46Z [29,882ms] [Warning] [isaacsim.core.simulation_manager.plugin] No adjacent samples found for interpolation at time 866/30
2026-08-19T04:00:46Z [29,907ms] [Warning] [isaacsim.core.simulation_manager.plugin] No adjacent samples found for interpolation at time 867/30
2026-08-19T04:00:46Z [29,932ms] [Warning] [isaacsim.core.simulation_manager.plugin] No adjacent samples found for interpolation at time 868/30
2026-08-19T04:00:47Z [29,958ms] [Warning] [isaacsim.core.simulation_manager.plugin] No adjacent samples found for interpolation at time 869/30
2026-08-19T04:00:47Z [29,983ms] [Warning] [isaacsim.core.simulation_manager.plugin] No adjacent samples found for interpolation at time 870/30
2026-08-19T04:00:47Z [30,009ms] [Warning] [isaacsim.core.simulation_manager.plugin] No adjacent samples found for interpolation at time 871/30
2026-08-19T04:00:47Z [30,035ms] [Warning] [isaacsim.core.simulation_manager.plugin] No adjacent samples found for interpolation at time 872/30
2026-08-19T04:00:47Z [30,060ms] [Warning] [isaacsim.core.simulation_manager.plugin] No adjacent samples found for interpolation at time 873/30
2026-08-19T04:00:47Z [30,085ms] [Warning] [isaacsim.core.simulation_manager.plugin] No adjacent samples found for interpolation at time 874/30
2026-08-19T04:00:47Z [30,111ms] [Warning] [isaacsim.core.simulation_manager.plugin] No adjacent samples found for interpolation at time 875/30
2026-08-19T04:00:47Z [30,137ms] [Warning] [isaacsim.core.simulation_manager.plugin] No adjacent samples found for interpolation at time 876/30
2026-08-19T04:00:47Z [30,162ms] [Warning] [isaacsim.core.simulation_manager.plugin] No adjacent samples found for interpolation at time 877/30
2026-08-19T04:00:47Z [30,186ms] [Warning] [isaacsim.core.simulation_manager.plugin] No adjacent samples found for interpolation at time 878/30
2026-08-19T04:00:47Z [30,212ms] [Warning] [isaacsim.core.simulation_manager.plugin] No adjacent samples found for interpolation at time 879/30
2026-08-19T04:00:47Z [30,237ms] [Warning] [isaacsim.core.simulation_manager.plugin] No adjacent samples found for interpolation at time 880/30
2026-08-19T04:00:47Z [30,264ms] [Warning] [isaacsim.core.simulation_manager.plugin] No adjacent samples found for interpolation at time 881/30
2026-08-19T04:00:47Z [30,289ms] [Warning] [isaacsim.core.simulation_manager.plugin] No adjacent samples found for interpolation at time 882/30
2026-08-19T04:00:47Z [30,314ms] [Warning] [isaacsim.core.simulation_manager.plugin] No adjacent samples found for interpolation at time 883/30
2026-08-19T04:00:47Z [30,339ms] [Warning] [isaacsim.core.simulation_manager.plugin] No adjacent samples found for interpolation at time 884/30
2026-08-19T04:00:47Z [30,363ms] [Warning] [isaacsim.core.simulation_manager.plugin] No adjacent samples found for interpolation at time 885/30
2026-08-19T04:00:47Z [30,390ms] [Warning] [isaacsim.core.simulation_manager.plugin] No adjacent samples found for interpolation at time 886/30
2026-08-19T04:00:47Z [30,424ms] [Warning] [isaacsim.core.simulation_manager.plugin] No adjacent samples found for interpolation at time 887/30
2026-08-19T04:00:47Z [30,441ms] [Warning] [isaacsim.core.simulation_manager.plugin] No adjacent samples found for interpolation at time 888/30
2026-08-19T04:00:47Z [30,466ms] [Warning] [isaacsim.core.simulation_manager.plugin] No adjacent samples found for interpolation at time 889/30
2026-08-19T04:00:47Z [30,493ms] [Warning] [isaacsim.core.simulation_manager.plugin] No adjacent samples found for interpolation at time 890/30
2026-08-19T04:00:47Z [30,517ms] [Warning] [isaacsim.core.simulation_manager.plugin] No adjacent samples found for interpolation at time 891/30
2026-08-19T04:00:47Z [30,544ms] [Warning] [isaacsim.core.simulation_manager.plugin] No adjacent samples found for interpolation at time 892/30
2026-08-19T04:00:47Z [30,568ms] [Warning] [isaacsim.core.simulation_manager.plugin] No adjacent samples found for interpolation at time 893/30
2026-08-19T04:00:47Z [30,593ms] [Warning] [isaacsim.core.simulation_manager.plugin] No adjacent samples found for interpolation at time 894/30
2026-08-19T04:00:47Z [30,619ms] [Warning] [isaacsim.core.simulation_manager.plugin] No adjacent samples found for interpolation at time 895/30
2026-08-19T04:00:47Z [30,645ms] [Warning] [isaacsim.core.simulation_manager.plugin] No adjacent samples found for interpolation at time 896/30
2026-08-19T04:00:47Z [30,670ms] [Warning] [isaacsim.core.simulation_manager.plugin] No adjacent samples found for interpolation at time 897/30
2026-08-19T04:00:47Z [30,697ms] [Warning] [isaacsim.core.simulation_manager.plugin] No adjacent samples found for interpolation at time 898/30
2026-08-19T04:00:47Z [30,721ms] [Warning] [isaacsim.core.simulation_manager.plugin] No adjacent samples found for interpolation at time 899/30
2026-08-19T04:00:47Z [30,746ms] [Warning] [isaacsim.core.simulation_manager.plugin] No adjacent samples found for interpolation at time 900/30
2026-08-19T04:00:47Z [30,772ms] [Warning] [isaacsim.core.simulation_manager.plugin] No adjacent samples found for interpolation at time 901/30
2026-08-19T04:00:47Z [30,797ms] [Warning] [isaacsim.core.simulation_manager.plugin] No adjacent samples found for interpolation at time 902/30
2026-08-19T04:00:47Z [30,823ms] [Warning] [isaacsim.core.simulation_manager.plugin] No adjacent samples found for interpolation at time 903/30
2026-08-19T04:00:47Z [30,850ms] [Warning] [isaacsim.core.simulation_manager.plugin] No adjacent samples found for interpolation at time 904/30
2026-08-19T04:00:47Z [30,874ms] [Warning] [isaacsim.core.simulation_manager.plugin] No adjacent samples found for interpolation at time 905/30
2026-08-19T04:00:47Z [30,899ms] [Warning] [isaacsim.core.simulation_manager.plugin] No adjacent samples found for interpolation at time 906/30
2026-08-19T04:00:47Z [30,925ms] [Warning] [isaacsim.core.simulation_manager.plugin] No adjacent samples found for interpolation at time 907/30
2026-08-19T04:00:47Z [30,951ms] [Warning] [isaacsim.core.simulation_manager.plugin] No adjacent samples found for interpolation at time 908/30
2026-08-19T04:00:48Z [30,976ms] [Warning] [isaacsim.core.simulation_manager.plugin] No adjacent samples found for interpolation at time 909/30
2026-08-19T04:00:48Z [31,001ms] [Warning] [isaacsim.core.simulation_manager.plugin] No adjacent samples found for interpolation at time 910/30
2026-08-19T04:00:48Z [31,027ms] [Warning] [isaacsim.core.simulation_manager.plugin] No adjacent samples found for interpolation at time 911/30
2026-08-19T04:00:48Z [31,053ms] [Warning] [isaacsim.core.simulation_manager.plugin] No adjacent samples found for interpolation at time 912/30
2026-08-19T04:00:48Z [31,078ms] [Warning] [isaacsim.core.simulation_manager.plugin] No adjacent samples found for interpolation at time 913/30
2026-08-19T04:00:48Z [31,103ms] [Warning] [isaacsim.core.simulation_manager.plugin] No adjacent samples found for interpolation at time 914/30
2026-08-19T04:00:48Z [31,128ms] [Warning] [isaacsim.core.simulation_manager.plugin] No adjacent samples found for interpolation at time 915/30
2026-08-19T04:00:48Z [31,154ms] [Warning] [isaacsim.core.simulation_manager.plugin] No adjacent samples found for interpolation at time 916/30
2026-08-19T04:00:48Z [31,180ms] [Warning] [isaacsim.core.simulation_manager.plugin] No adjacent samples found for interpolation at time 917/30
2026-08-19T04:00:48Z [31,206ms] [Warning] [isaacsim.core.simulation_manager.plugin] No adjacent samples found for interpolation at time 918/30
2026-08-19T04:00:48Z [31,234ms] [Warning] [isaacsim.core.simulation_manager.plugin] No adjacent samples found for interpolation at time 919/30
2026-08-19T04:00:48Z [31,258ms] [Warning] [isaacsim.core.simulation_manager.plugin] No adjacent samples found for interpolation at time 920/30
2026-08-19T04:00:48Z [31,282ms] [Warning] [isaacsim.core.simulation_manager.plugin] No adjacent samples found for interpolation at time 921/30
2026-08-19T04:00:48Z [31,308ms] [Warning] [isaacsim.core.simulation_manager.plugin] No adjacent samples found for interpolation at time 922/30
2026-08-19T04:00:48Z [31,342ms] [Warning] [isaacsim.core.simulation_manager.plugin] No adjacent samples found for interpolation at time 923/30
2026-08-19T04:00:48Z [31,358ms] [Warning] [isaacsim.core.simulation_manager.plugin] No adjacent samples found for interpolation at time 924/30
2026-08-19T04:00:48Z [31,384ms] [Warning] [isaacsim.core.simulation_manager.plugin] No adjacent samples found for interpolation at time 925/30
2026-08-19T04:00:48Z [31,410ms] [Warning] [isaacsim.core.simulation_manager.plugin] No adjacent samples found for interpolation at time 926/30
2026-08-19T04:00:48Z [31,435ms] [Warning] [isaacsim.core.simulation_manager.plugin] No adjacent samples found for interpolation at time 927/30
2026-08-19T04:00:48Z [31,461ms] [Warning] [isaacsim.core.simulation_manager.plugin] No adjacent samples found for interpolation at time 928/30
2026-08-19T04:00:48Z [31,487ms] [Warning] [isaacsim.core.simulation_manager.plugin] No adjacent samples found for interpolation at time 929/30
2026-08-19T04:00:48Z [31,512ms] [Warning] [isaacsim.core.simulation_manager.plugin] No adjacent samples found for interpolation at time 930/30
2026-08-19T04:00:48Z [31,538ms] [Warning] [isaacsim.core.simulation_manager.plugin] No adjacent samples found for interpolation at time 931/30
2026-08-19T04:00:48Z [31,563ms] [Warning] [isaacsim.core.simulation_manager.plugin] No adjacent samples found for interpolation at time 932/30
2026-08-19T04:00:48Z [31,588ms] [Warning] [isaacsim.core.simulation_manager.plugin] No adjacent samples found for interpolation at time 933/30
2026-08-19T04:00:48Z [31,614ms] [Warning] [isaacsim.core.simulation_manager.plugin] No adjacent samples found for interpolation at time 934/30
2026-08-19T04:00:48Z [31,639ms] [Warning] [isaacsim.core.simulation_manager.plugin] No adjacent samples found for interpolation at time 935/30
2026-08-19T04:00:48Z [31,665ms] [Warning] [isaacsim.core.simulation_manager.plugin] No adjacent samples found for interpolation at time 936/30
2026-08-19T04:00:48Z [31,692ms] [Warning] [isaacsim.core.simulation_manager.plugin] No adjacent samples found for interpolation at time 937/30
2026-08-19T04:00:48Z [31,716ms] [Warning] [isaacsim.core.simulation_manager.plugin] No adjacent samples found for interpolation at time 938/30
2026-08-19T04:00:48Z [31,742ms] [Warning] [isaacsim.core.simulation_manager.plugin] No adjacent samples found for interpolation at time 939/30
2026-08-19T04:00:48Z [31,767ms] [Warning] [isaacsim.core.simulation_manager.plugin] No adjacent samples found for interpolation at time 940/30
2026-08-19T04:00:48Z [31,793ms] [Warning] [isaacsim.core.simulation_manager.plugin] No adjacent samples found for interpolation at time 941/30
2026-08-19T04:00:48Z [31,822ms] [Warning] [isaacsim.core.simulation_manager.plugin] No adjacent samples found for interpolation at time 942/30
2026-08-19T04:00:48Z [31,844ms] [Warning] [isaacsim.core.simulation_manager.plugin] No adjacent samples found for interpolation at time 943/30
2026-08-19T04:00:48Z [31,870ms] [Warning] [isaacsim.core.simulation_manager.plugin] No adjacent samples found for interpolation at time 944/30
2026-08-19T04:00:48Z [31,895ms] [Warning] [isaacsim.core.simulation_manager.plugin] No adjacent samples found for interpolation at time 945/30
2026-08-19T04:00:48Z [31,921ms] [Warning] [isaacsim.core.simulation_manager.plugin] No adjacent samples found for interpolation at time 946/30
2026-08-19T04:00:48Z [31,948ms] [Warning] [isaacsim.core.simulation_manager.plugin] No adjacent samples found for interpolation at time 947/30
2026-08-19T04:00:49Z [31,973ms] [Warning] [isaacsim.core.simulation_manager.plugin] No adjacent samples found for interpolation at time 948/30
2026-08-19T04:00:49Z [31,997ms] [Warning] [isaacsim.core.simulation_manager.plugin] No adjacent samples found for interpolation at time 949/30
2026-08-19T04:00:49Z [32,024ms] [Warning] [isaacsim.core.simulation_manager.plugin] No adjacent samples found for interpolation at time 950/30
2026-08-19T04:00:49Z [32,050ms] [Warning] [isaacsim.core.simulation_manager.plugin] No adjacent samples found for interpolation at time 951/30
2026-08-19T04:00:49Z [32,075ms] [Warning] [isaacsim.core.simulation_manager.plugin] No adjacent samples found for interpolation at time 952/30
2026-08-19T04:00:49Z [32,099ms] [Warning] [isaacsim.core.simulation_manager.plugin] No adjacent samples found for interpolation at time 953/30
2026-08-19T04:00:49Z [32,125ms] [Warning] [isaacsim.core.simulation_manager.plugin] No adjacent samples found for interpolation at time 954/30
2026-08-19T04:00:49Z [32,151ms] [Warning] [isaacsim.core.simulation_manager.plugin] No adjacent samples found for interpolation at time 955/30
2026-08-19T04:00:49Z [32,176ms] [Warning] [isaacsim.core.simulation_manager.plugin] No adjacent samples found for interpolation at time 956/30
2026-08-19T04:00:49Z [32,202ms] [Warning] [isaacsim.core.simulation_manager.plugin] No adjacent samples found for interpolation at time 957/30
2026-08-19T04:00:49Z [32,228ms] [Warning] [isaacsim.core.simulation_manager.plugin] No adjacent samples found for interpolation at time 958/30
2026-08-19T04:00:49Z [32,263ms] [Warning] [isaacsim.core.simulation_manager.plugin] No adjacent samples found for interpolation at time 959/30
2026-08-19T04:00:49Z [32,280ms] [Warning] [isaacsim.core.simulation_manager.plugin] No adjacent samples found for interpolation at time 960/30
2026-08-19T04:00:49Z [32,306ms] [Warning] [isaacsim.core.simulation_manager.plugin] No adjacent samples found for interpolation at time 961/30
2026-08-19T04:00:49Z [32,331ms] [Warning] [isaacsim.core.simulation_manager.plugin] No adjacent samples found for interpolation at time 962/30
2026-08-19T04:00:49Z [32,356ms] [Warning] [isaacsim.core.simulation_manager.plugin] No adjacent samples found for interpolation at time 963/30
2026-08-19T04:00:49Z [32,383ms] [Warning] [isaacsim.core.simulation_manager.plugin] No adjacent samples found for interpolation at time 964/30
2026-08-19T04:00:49Z [32,408ms] [Warning] [isaacsim.core.simulation_manager.plugin] No adjacent samples found for interpolation at time 965/30
2026-08-19T04:00:49Z [32,433ms] [Warning] [isaacsim.core.simulation_manager.plugin] No adjacent samples found for interpolation at time 966/30
2026-08-19T04:00:49Z [32,460ms] [Warning] [isaacsim.core.simulation_manager.plugin] No adjacent samples found for interpolation at time 967/30
2026-08-19T04:00:49Z [32,484ms] [Warning] [isaacsim.core.simulation_manager.plugin] No adjacent samples found for interpolation at time 968/30
2026-08-19T04:00:49Z [32,509ms] [Warning] [isaacsim.core.simulation_manager.plugin] No adjacent samples found for interpolation at time 969/30
2026-08-19T04:00:49Z [32,536ms] [Warning] [isaacsim.core.simulation_manager.plugin] No adjacent samples found for interpolation at time 970/30
2026-08-19T04:00:49Z [32,562ms] [Warning] [isaacsim.core.simulation_manager.plugin] No adjacent samples found for interpolation at time 971/30
2026-08-19T04:00:49Z [32,587ms] [Warning] [isaacsim.core.simulation_manager.plugin] No adjacent samples found for interpolation at time 972/30
2026-08-19T04:00:49Z [32,612ms] [Warning] [isaacsim.core.simulation_manager.plugin] No adjacent samples found for interpolation at time 973/30
2026-08-19T04:00:49Z [32,638ms] [Warning] [isaacsim.core.simulation_manager.plugin] No adjacent samples found for interpolation at time 974/30
2026-08-19T04:00:49Z [32,663ms] [Warning] [isaacsim.core.simulation_manager.plugin] No adjacent samples found for interpolation at time 975/30
2026-08-19T04:00:49Z [32,690ms] [Warning] [isaacsim.core.simulation_manager.plugin] No adjacent samples found for interpolation at time 976/30
2026-08-19T04:00:49Z [32,715ms] [Warning] [isaacsim.core.simulation_manager.plugin] No adjacent samples found for interpolation at time 977/30
2026-08-19T04:00:49Z [32,740ms] [Warning] [isaacsim.core.simulation_manager.plugin] No adjacent samples found for interpolation at time 978/30
2026-08-19T04:00:49Z [32,766ms] [Warning] [isaacsim.core.simulation_manager.plugin] No adjacent samples found for interpolation at time 979/30
2026-08-19T04:00:49Z [32,791ms] [Warning] [isaacsim.core.simulation_manager.plugin] No adjacent samples found for interpolation at time 980/30
2026-08-19T04:00:49Z [32,818ms] [Warning] [isaacsim.core.simulation_manager.plugin] No adjacent samples found for interpolation at time 981/30
2026-08-19T04:00:49Z [32,844ms] [Warning] [isaacsim.core.simulation_manager.plugin] No adjacent samples found for interpolation at time 982/30
2026-08-19T04:00:49Z [32,868ms] [Warning] [isaacsim.core.simulation_manager.plugin] No adjacent samples found for interpolation at time 983/30
2026-08-19T04:00:49Z [32,894ms] [Warning] [isaacsim.core.simulation_manager.plugin] No adjacent samples found for interpolation at time 984/30
2026-08-19T04:00:49Z [32,919ms] [Warning] [isaacsim.core.simulation_manager.plugin] No adjacent samples found for interpolation at time 985/30
2026-08-19T04:00:49Z [32,946ms] [Warning] [isaacsim.core.simulation_manager.plugin] No adjacent samples found for interpolation at time 986/30
2026-08-19T04:00:50Z [32,972ms] [Warning] [isaacsim.core.simulation_manager.plugin] No adjacent samples found for interpolation at time 987/30
2026-08-19T04:00:50Z [32,997ms] [Warning] [isaacsim.core.simulation_manager.plugin] No adjacent samples found for interpolation at time 988/30
2026-08-19T04:00:50Z [33,023ms] [Warning] [isaacsim.core.simulation_manager.plugin] No adjacent samples found for interpolation at time 989/30
2026-08-19T04:00:50Z [33,048ms] [Warning] [isaacsim.core.simulation_manager.plugin] No adjacent samples found for interpolation at time 990/30
2026-08-19T04:00:50Z [33,075ms] [Warning] [isaacsim.core.simulation_manager.plugin] No adjacent samples found for interpolation at time 991/30
2026-08-19T04:00:50Z [33,100ms] [Warning] [isaacsim.core.simulation_manager.plugin] No adjacent samples found for interpolation at time 992/30
2026-08-19T04:00:50Z [33,126ms] [Warning] [isaacsim.core.simulation_manager.plugin] No adjacent samples found for interpolation at time 993/30
2026-08-19T04:00:50Z [33,153ms] [Warning] [isaacsim.core.simulation_manager.plugin] No adjacent samples found for interpolation at time 994/30
2026-08-19T04:00:50Z [33,184ms] [Warning] [isaacsim.core.simulation_manager.plugin] No adjacent samples found for interpolation at time 995/30
2026-08-19T04:00:50Z [33,203ms] [Warning] [isaacsim.core.simulation_manager.plugin] No adjacent samples found for interpolation at time 996/30
2026-08-19T04:00:50Z [33,228ms] [Warning] [isaacsim.core.simulation_manager.plugin] No adjacent samples found for interpolation at time 997/30
2026-08-19T04:00:50Z [33,253ms] [Warning] [isaacsim.core.simulation_manager.plugin] No adjacent samples found for interpolation at time 998/30
2026-08-19T04:00:50Z [33,281ms] [Warning] [isaacsim.core.simulation_manager.plugin] No adjacent samples found for interpolation at time 999/30
2026-08-19T04:00:50Z [33,305ms] [Warning] [isaacsim.core.simulation_manager.plugin] No adjacent samples found for interpolation at time 1000/30
2026-08-19T04:00:50Z [33,333ms] [Warning] [isaacsim.core.simulation_manager.plugin] No adjacent samples found for interpolation at time 1001/30
2026-08-19T04:00:50Z [33,358ms] [Warning] [isaacsim.core.simulation_manager.plugin] No adjacent samples found for interpolation at time 1002/30
2026-08-19T04:00:50Z [33,383ms] [Warning] [isaacsim.core.simulation_manager.plugin] No adjacent samples found for interpolation at time 1003/30
2026-08-19T04:00:50Z [33,410ms] [Warning] [isaacsim.core.simulation_manager.plugin] No adjacent samples found for interpolation at time 1004/30
2026-08-19T04:00:50Z [33,434ms] [Warning] [isaacsim.core.simulation_manager.plugin] No adjacent samples found for interpolation at time 1005/30
2026-08-19T04:00:50Z [33,460ms] [Warning] [isaacsim.core.simulation_manager.plugin] No adjacent samples found for interpolation at time 1006/30
2026-08-19T04:00:50Z [33,485ms] [Warning] [isaacsim.core.simulation_manager.plugin] No adjacent samples found for interpolation at time 1007/30
2026-08-19T04:00:50Z [33,510ms] [Warning] [isaacsim.core.simulation_manager.plugin] No adjacent samples found for interpolation at time 1008/30
2026-08-19T04:00:50Z [33,536ms] [Warning] [isaacsim.core.simulation_manager.plugin] No adjacent samples found for interpolation at time 1009/30
2026-08-19T04:00:50Z [33,563ms] [Warning] [isaacsim.core.simulation_manager.plugin] No adjacent samples found for interpolation at time 1010/30
2026-08-19T04:00:50Z [33,589ms] [Warning] [isaacsim.core.simulation_manager.plugin] No adjacent samples found for interpolation at time 1011/30
2026-08-19T04:00:50Z [33,614ms] [Warning] [isaacsim.core.simulation_manager.plugin] No adjacent samples found for interpolation at time 1012/30
2026-08-19T04:00:50Z [33,640ms] [Warning] [isaacsim.core.simulation_manager.plugin] No adjacent samples found for interpolation at time 1013/30
2026-08-19T04:00:50Z [33,665ms] [Warning] [isaacsim.core.simulation_manager.plugin] No adjacent samples found for interpolation at time 1014/30
2026-08-19T04:00:50Z [33,690ms] [Warning] [isaacsim.core.simulation_manager.plugin] No adjacent samples found for interpolation at time 1015/30
2026-08-19T04:00:50Z [33,716ms] [Warning] [isaacsim.core.simulation_manager.plugin] No adjacent samples found for interpolation at time 1016/30
2026-08-19T04:00:50Z [33,743ms] [Warning] [isaacsim.core.simulation_manager.plugin] No adjacent samples found for interpolation at time 1017/30
2026-08-19T04:00:50Z [33,768ms] [Warning] [isaacsim.core.simulation_manager.plugin] No adjacent samples found for interpolation at time 1018/30
2026-08-19T04:00:50Z [33,794ms] [Warning] [isaacsim.core.simulation_manager.plugin] No adjacent samples found for interpolation at time 1019/30
2026-08-19T04:00:50Z [33,820ms] [Warning] [isaacsim.core.simulation_manager.plugin] No adjacent samples found for interpolation at time 1020/30
2026-08-19T04:00:50Z [33,844ms] [Warning] [isaacsim.core.simulation_manager.plugin] No adjacent samples found for interpolation at time 1021/30
2026-08-19T04:00:50Z [33,871ms] [Warning] [isaacsim.core.simulation_manager.plugin] No adjacent samples found for interpolation at time 1022/30
2026-08-19T04:00:50Z [33,896ms] [Warning] [isaacsim.core.simulation_manager.plugin] No adjacent samples found for interpolation at time 1023/30
2026-08-19T04:00:50Z [33,922ms] [Warning] [isaacsim.core.simulation_manager.plugin] No adjacent samples found for interpolation at time 1024/30
2026-08-19T04:00:50Z [33,946ms] [Warning] [isaacsim.core.simulation_manager.plugin] No adjacent samples found for interpolation at time 1025/30
2026-08-19T04:00:51Z [33,975ms] [Warning] [isaacsim.core.simulation_manager.plugin] No adjacent samples found for interpolation at time 1026/30
2026-08-19T04:00:51Z [34,000ms] [Warning] [isaacsim.core.simulation_manager.plugin] No adjacent samples found for interpolation at time 1027/30
2026-08-19T04:00:51Z [34,025ms] [Warning] [isaacsim.core.simulation_manager.plugin] No adjacent samples found for interpolation at time 1028/30
2026-08-19T04:00:51Z [34,051ms] [Warning] [isaacsim.core.simulation_manager.plugin] No adjacent samples found for interpolation at time 1029/30
2026-08-19T04:00:51Z [34,078ms] [Warning] [isaacsim.core.simulation_manager.plugin] No adjacent samples found for interpolation at time 1030/30
2026-08-19T04:00:51Z [34,110ms] [Warning] [isaacsim.core.simulation_manager.plugin] No adjacent samples found for interpolation at time 1031/30
2026-08-19T04:00:51Z [34,127ms] [Warning] [isaacsim.core.simulation_manager.plugin] No adjacent samples found for interpolation at time 1032/30
2026-08-19T04:00:51Z [34,153ms] [Warning] [isaacsim.core.simulation_manager.plugin] No adjacent samples found for interpolation at time 1033/30
2026-08-19T04:00:51Z [34,179ms] [Warning] [isaacsim.core.simulation_manager.plugin] No adjacent samples found for interpolation at time 1034/30
2026-08-19T04:00:51Z [34,203ms] [Warning] [isaacsim.core.simulation_manager.plugin] No adjacent samples found for interpolation at time 1035/30
2026-08-19T04:00:51Z [34,232ms] [Warning] [isaacsim.core.simulation_manager.plugin] No adjacent samples found for interpolation at time 1036/30
2026-08-19T04:00:51Z [34,256ms] [Warning] [isaacsim.core.simulation_manager.plugin] No adjacent samples found for interpolation at time 1037/30
2026-08-19T04:00:51Z [34,282ms] [Warning] [isaacsim.core.simulation_manager.plugin] No adjacent samples found for interpolation at time 1038/30
2026-08-19T04:00:51Z [34,308ms] [Warning] [isaacsim.core.simulation_manager.plugin] No adjacent samples found for interpolation at time 1039/30
2026-08-19T04:00:51Z [34,332ms] [Warning] [isaacsim.core.simulation_manager.plugin] No adjacent samples found for interpolation at time 1040/30
2026-08-19T04:00:51Z [34,359ms] [Warning] [isaacsim.core.simulation_manager.plugin] No adjacent samples found for interpolation at time 1041/30
2026-08-19T04:00:51Z [34,385ms] [Warning] [isaacsim.core.simulation_manager.plugin] No adjacent samples found for interpolation at time 1042/30
2026-08-19T04:00:51Z [34,410ms] [Warning] [isaacsim.core.simulation_manager.plugin] No adjacent samples found for interpolation at time 1043/30
2026-08-19T04:00:51Z [34,435ms] [Warning] [isaacsim.core.simulation_manager.plugin] No adjacent samples found for interpolation at time 1044/30
2026-08-19T04:00:51Z [34,460ms] [Warning] [isaacsim.core.simulation_manager.plugin] No adjacent samples found for interpolation at time 1045/30
2026-08-19T04:00:51Z [34,489ms] [Warning] [isaacsim.core.simulation_manager.plugin] No adjacent samples found for interpolation at time 1046/30
2026-08-19T04:00:51Z [34,513ms] [Warning] [isaacsim.core.simulation_manager.plugin] No adjacent samples found for interpolation at time 1047/30
2026-08-19T04:00:51Z [34,538ms] [Warning] [isaacsim.core.simulation_manager.plugin] No adjacent samples found for interpolation at time 1048/30
2026-08-19T04:00:51Z [34,564ms] [Warning] [isaacsim.core.simulation_manager.plugin] No adjacent samples found for interpolation at time 1049/30
2026-08-19T04:00:51Z [34,589ms] [Warning] [isaacsim.core.simulation_manager.plugin] No adjacent samples found for interpolation at time 1050/30
2026-08-19T04:00:51Z [34,618ms] [Warning] [isaacsim.core.simulation_manager.plugin] No adjacent samples found for interpolation at time 1051/30
2026-08-19T04:00:51Z [34,643ms] [Warning] [isaacsim.core.simulation_manager.plugin] No adjacent samples found for interpolation at time 1052/30
2026-08-19T04:00:51Z [34,667ms] [Warning] [isaacsim.core.simulation_manager.plugin] No adjacent samples found for interpolation at time 1053/30
2026-08-19T04:00:51Z [34,693ms] [Warning] [isaacsim.core.simulation_manager.plugin] No adjacent samples found for interpolation at time 1054/30
2026-08-19T04:00:51Z [34,720ms] [Warning] [isaacsim.core.simulation_manager.plugin] No adjacent samples found for interpolation at time 1055/30
2026-08-19T04:00:51Z [34,745ms] [Warning] [isaacsim.core.simulation_manager.plugin] No adjacent samples found for interpolation at time 1056/30
2026-08-19T04:00:51Z [34,771ms] [Warning] [isaacsim.core.simulation_manager.plugin] No adjacent samples found for interpolation at time 1057/30
2026-08-19T04:00:51Z [34,797ms] [Warning] [isaacsim.core.simulation_manager.plugin] No adjacent samples found for interpolation at time 1058/30
2026-08-19T04:00:51Z [34,821ms] [Warning] [isaacsim.core.simulation_manager.plugin] No adjacent samples found for interpolation at time 1059/30
2026-08-19T04:00:51Z [34,847ms] [Warning] [isaacsim.core.simulation_manager.plugin] No adjacent samples found for interpolation at time 1060/30
2026-08-19T04:00:51Z [34,874ms] [Warning] [isaacsim.core.simulation_manager.plugin] No adjacent samples found for interpolation at time 1061/30
2026-08-19T04:00:51Z [34,899ms] [Warning] [isaacsim.core.simulation_manager.plugin] No adjacent samples found for interpolation at time 1062/30
2026-08-19T04:00:51Z [34,925ms] [Warning] [isaacsim.core.simulation_manager.plugin] No adjacent samples found for interpolation at time 1063/30
2026-08-19T04:00:51Z [34,950ms] [Warning] [isaacsim.core.simulation_manager.plugin] No adjacent samples found for interpolation at time 1064/30
2026-08-19T04:00:52Z [34,975ms] [Warning] [isaacsim.core.simulation_manager.plugin] No adjacent samples found for interpolation at time 1065/30
2026-08-19T04:00:52Z [35,000ms] [Warning] [isaacsim.core.simulation_manager.plugin] No adjacent samples found for interpolation at time 1066/30
2026-08-19T04:00:52Z [35,034ms] [Warning] [isaacsim.core.simulation_manager.plugin] No adjacent samples found for interpolation at time 1067/30
2026-08-19T04:00:52Z [35,052ms] [Warning] [isaacsim.core.simulation_manager.plugin] No adjacent samples found for interpolation at time 1068/30
2026-08-19T04:00:52Z [35,077ms] [Warning] [isaacsim.core.simulation_manager.plugin] No adjacent samples found for interpolation at time 1069/30
2026-08-19T04:00:52Z [35,103ms] [Warning] [isaacsim.core.simulation_manager.plugin] No adjacent samples found for interpolation at time 1070/30
2026-08-19T04:00:52Z [35,131ms] [Warning] [isaacsim.core.simulation_manager.plugin] No adjacent samples found for interpolation at time 1071/30
2026-08-19T04:00:52Z [35,156ms] [Warning] [isaacsim.core.simulation_manager.plugin] No adjacent samples found for interpolation at time 1072/30
2026-08-19T04:00:52Z [35,181ms] [Warning] [isaacsim.core.simulation_manager.plugin] No adjacent samples found for interpolation at time 1073/30
2026-08-19T04:00:52Z [35,206ms] [Warning] [isaacsim.core.simulation_manager.plugin] No adjacent samples found for interpolation at time 1074/30
2026-08-19T04:00:52Z [35,232ms] [Warning] [isaacsim.core.simulation_manager.plugin] No adjacent samples found for interpolation at time 1075/30
2026-08-19T04:00:52Z [35,263ms] [Warning] [isaacsim.core.simulation_manager.plugin] No adjacent samples found for interpolation at time 1076/30
2026-08-19T04:00:52Z [35,284ms] [Warning] [isaacsim.core.simulation_manager.plugin] No adjacent samples found for interpolation at time 1077/30
2026-08-19T04:00:52Z [35,310ms] [Warning] [isaacsim.core.simulation_manager.plugin] No adjacent samples found for interpolation at time 1078/30
2026-08-19T04:00:52Z [35,336ms] [Warning] [isaacsim.core.simulation_manager.plugin] No adjacent samples found for interpolation at time 1079/30
2026-08-19T04:00:52Z [35,362ms] [Warning] [isaacsim.core.simulation_manager.plugin] No adjacent samples found for interpolation at time 1080/30
2026-08-19T04:00:52Z [35,387ms] [Warning] [isaacsim.core.simulation_manager.plugin] No adjacent samples found for interpolation at time 1081/30
2026-08-19T04:00:52Z [35,413ms] [Warning] [isaacsim.core.simulation_manager.plugin] No adjacent samples found for interpolation at time 1082/30
2026-08-19T04:00:52Z [35,439ms] [Warning] [isaacsim.core.simulation_manager.plugin] No adjacent samples found for interpolation at time 1083/30
2026-08-19T04:00:52Z [35,465ms] [Warning] [isaacsim.core.simulation_manager.plugin] No adjacent samples found for interpolation at time 1084/30
2026-08-19T04:00:52Z [35,490ms] [Warning] [isaacsim.core.simulation_manager.plugin] No adjacent samples found for interpolation at time 1085/30
2026-08-19T04:00:52Z [35,516ms] [Warning] [isaacsim.core.simulation_manager.plugin] No adjacent samples found for interpolation at time 1086/30
2026-08-19T04:00:52Z [35,542ms] [Warning] [isaacsim.core.simulation_manager.plugin] No adjacent samples found for interpolation at time 1087/30
2026-08-19T04:00:52Z [35,567ms] [Warning] [isaacsim.core.simulation_manager.plugin] No adjacent samples found for interpolation at time 1088/30
2026-08-19T04:00:52Z [35,593ms] [Warning] [isaacsim.core.simulation_manager.plugin] No adjacent samples found for interpolation at time 1089/30
2026-08-19T04:00:52Z [35,618ms] [Warning] [isaacsim.core.simulation_manager.plugin] No adjacent samples found for interpolation at time 1090/30
2026-08-19T04:00:52Z [35,645ms] [Warning] [isaacsim.core.simulation_manager.plugin] No adjacent samples found for interpolation at time 1091/30
2026-08-19T04:00:52Z [35,669ms] [Warning] [isaacsim.core.simulation_manager.plugin] No adjacent samples found for interpolation at time 1092/30
2026-08-19T04:00:52Z [35,696ms] [Warning] [isaacsim.core.simulation_manager.plugin] No adjacent samples found for interpolation at time 1093/30
2026-08-19T04:00:52Z [35,724ms] [Warning] [isaacsim.core.simulation_manager.plugin] No adjacent samples found for interpolation at time 1094/30
2026-08-19T04:00:52Z [35,747ms] [Warning] [isaacsim.core.simulation_manager.plugin] No adjacent samples found for interpolation at time 1095/30
2026-08-19T04:00:52Z [35,773ms] [Warning] [isaacsim.core.simulation_manager.plugin] No adjacent samples found for interpolation at time 1096/30
2026-08-19T04:00:52Z [35,799ms] [Warning] [isaacsim.core.simulation_manager.plugin] No adjacent samples found for interpolation at time 1097/30
2026-08-19T04:00:52Z [35,827ms] [Warning] [isaacsim.core.simulation_manager.plugin] No adjacent samples found for interpolation at time 1098/30
2026-08-19T04:00:52Z [35,849ms] [Warning] [isaacsim.core.simulation_manager.plugin] No adjacent samples found for interpolation at time 1099/30
2026-08-19T04:00:52Z [35,874ms] [Warning] [isaacsim.core.simulation_manager.plugin] No adjacent samples found for interpolation at time 1100/30
2026-08-19T04:00:52Z [35,902ms] [Warning] [isaacsim.core.simulation_manager.plugin] No adjacent samples found for interpolation at time 1101/30
2026-08-19T04:00:52Z [35,926ms] [Warning] [isaacsim.core.simulation_manager.plugin] No adjacent samples found for interpolation at time 1102/30
2026-08-19T04:00:53Z [35,962ms] [Warning] [isaacsim.core.simulation_manager.plugin] No adjacent samples found for interpolation at time 1103/30
2026-08-19T04:00:53Z [35,979ms] [Warning] [isaacsim.core.simulation_manager.plugin] No adjacent samples found for interpolation at time 1104/30
2026-08-19T04:00:53Z [36,004ms] [Warning] [isaacsim.core.simulation_manager.plugin] No adjacent samples found for interpolation at time 1105/30
2026-08-19T04:00:53Z [36,029ms] [Warning] [isaacsim.core.simulation_manager.plugin] No adjacent samples found for interpolation at time 1106/30
2026-08-19T04:00:53Z [36,056ms] [Warning] [isaacsim.core.simulation_manager.plugin] No adjacent samples found for interpolation at time 1107/30
2026-08-19T04:00:53Z [36,080ms] [Warning] [isaacsim.core.simulation_manager.plugin] No adjacent samples found for interpolation at time 1108/30
2026-08-19T04:00:53Z [36,107ms] [Warning] [isaacsim.core.simulation_manager.plugin] No adjacent samples found for interpolation at time 1109/30
2026-08-19T04:00:53Z [36,133ms] [Warning] [isaacsim.core.simulation_manager.plugin] No adjacent samples found for interpolation at time 1110/30
2026-08-19T04:00:53Z [36,162ms] [Warning] [isaacsim.core.simulation_manager.plugin] No adjacent samples found for interpolation at time 1111/30
2026-08-19T04:00:53Z [36,186ms] [Warning] [isaacsim.core.simulation_manager.plugin] No adjacent samples found for interpolation at time 1112/30
2026-08-19T04:00:53Z [36,210ms] [Warning] [isaacsim.core.simulation_manager.plugin] No adjacent samples found for interpolation at time 1113/30
2026-08-19T04:00:53Z [36,236ms] [Warning] [isaacsim.core.simulation_manager.plugin] No adjacent samples found for interpolation at time 1114/30
2026-08-19T04:00:53Z [36,261ms] [Warning] [isaacsim.core.simulation_manager.plugin] No adjacent samples found for interpolation at time 1115/30
2026-08-19T04:00:53Z [36,288ms] [Warning] [isaacsim.core.simulation_manager.plugin] No adjacent samples found for interpolation at time 1116/30
2026-08-19T04:00:53Z [36,314ms] [Warning] [isaacsim.core.simulation_manager.plugin] No adjacent samples found for interpolation at time 1117/30
2026-08-19T04:00:53Z [36,339ms] [Warning] [isaacsim.core.simulation_manager.plugin] No adjacent samples found for interpolation at time 1118/30
2026-08-19T04:00:53Z [36,364ms] [Warning] [isaacsim.core.simulation_manager.plugin] No adjacent samples found for interpolation at time 1119/30
2026-08-19T04:00:53Z [36,389ms] [Warning] [isaacsim.core.simulation_manager.plugin] No adjacent samples found for interpolation at time 1120/30
2026-08-19T04:00:53Z [36,415ms] [Warning] [isaacsim.core.simulation_manager.plugin] No adjacent samples found for interpolation at time 1121/30
2026-08-19T04:00:53Z [36,441ms] [Warning] [isaacsim.core.simulation_manager.plugin] No adjacent samples found for interpolation at time 1122/30
2026-08-19T04:00:53Z [36,467ms] [Warning] [isaacsim.core.simulation_manager.plugin] No adjacent samples found for interpolation at time 1123/30
2026-08-19T04:00:53Z [36,492ms] [Warning] [isaacsim.core.simulation_manager.plugin] No adjacent samples found for interpolation at time 1124/30
2026-08-19T04:00:53Z [36,518ms] [Warning] [isaacsim.core.simulation_manager.plugin] No adjacent samples found for interpolation at time 1125/30
2026-08-19T04:00:53Z [36,544ms] [Warning] [isaacsim.core.simulation_manager.plugin] No adjacent samples found for interpolation at time 1126/30
2026-08-19T04:00:53Z [36,570ms] [Warning] [isaacsim.core.simulation_manager.plugin] No adjacent samples found for interpolation at time 1127/30
2026-08-19T04:00:53Z [36,596ms] [Warning] [isaacsim.core.simulation_manager.plugin] No adjacent samples found for interpolation at time 1128/30
2026-08-19T04:00:53Z [36,621ms] [Warning] [isaacsim.core.simulation_manager.plugin] No adjacent samples found for interpolation at time 1129/30
2026-08-19T04:00:53Z [36,646ms] [Warning] [isaacsim.core.simulation_manager.plugin] No adjacent samples found for interpolation at time 1130/30
2026-08-19T04:00:53Z [36,673ms] [Warning] [isaacsim.core.simulation_manager.plugin] No adjacent samples found for interpolation at time 1131/30
2026-08-19T04:00:53Z [36,699ms] [Warning] [isaacsim.core.simulation_manager.plugin] No adjacent samples found for interpolation at time 1132/30
2026-08-19T04:00:53Z [36,723ms] [Warning] [isaacsim.core.simulation_manager.plugin] No adjacent samples found for interpolation at time 1133/30
2026-08-19T04:00:53Z [36,749ms] [Warning] [isaacsim.core.simulation_manager.plugin] No adjacent samples found for interpolation at time 1134/30
2026-08-19T04:00:53Z [36,775ms] [Warning] [isaacsim.core.simulation_manager.plugin] No adjacent samples found for interpolation at time 1135/30
2026-08-19T04:00:53Z [36,800ms] [Warning] [isaacsim.core.simulation_manager.plugin] No adjacent samples found for interpolation at time 1136/30
2026-08-19T04:00:53Z [36,826ms] [Warning] [isaacsim.core.simulation_manager.plugin] No adjacent samples found for interpolation at time 1137/30
2026-08-19T04:00:53Z [36,851ms] [Warning] [isaacsim.core.simulation_manager.plugin] No adjacent samples found for interpolation at time 1138/30
2026-08-19T04:00:53Z [36,886ms] [Warning] [isaacsim.core.simulation_manager.plugin] No adjacent samples found for interpolation at time 1139/30
2026-08-19T04:00:53Z [36,904ms] [Warning] [isaacsim.core.simulation_manager.plugin] No adjacent samples found for interpolation at time 1140/30
2026-08-19T04:00:53Z [36,930ms] [Warning] [isaacsim.core.simulation_manager.plugin] No adjacent samples found for interpolation at time 1141/30
2026-08-19T04:00:53Z [36,955ms] [Warning] [isaacsim.core.simulation_manager.plugin] No adjacent samples found for interpolation at time 1142/30
2026-08-19T04:00:54Z [36,980ms] [Warning] [isaacsim.core.simulation_manager.plugin] No adjacent samples found for interpolation at time 1143/30
2026-08-19T04:00:54Z [37,006ms] [Warning] [isaacsim.core.simulation_manager.plugin] No adjacent samples found for interpolation at time 1144/30
2026-08-19T04:00:54Z [37,032ms] [Warning] [isaacsim.core.simulation_manager.plugin] No adjacent samples found for interpolation at time 1145/30
2026-08-19T04:00:54Z [37,059ms] [Warning] [isaacsim.core.simulation_manager.plugin] No adjacent samples found for interpolation at time 1146/30
2026-08-19T04:00:54Z [37,086ms] [Warning] [isaacsim.core.simulation_manager.plugin] No adjacent samples found for interpolation at time 1147/30
2026-08-19T04:00:54Z [37,111ms] [Warning] [isaacsim.core.simulation_manager.plugin] No adjacent samples found for interpolation at time 1148/30
2026-08-19T04:00:54Z [37,137ms] [Warning] [isaacsim.core.simulation_manager.plugin] No adjacent samples found for interpolation at time 1149/30
2026-08-19T04:00:54Z [37,164ms] [Warning] [isaacsim.core.simulation_manager.plugin] No adjacent samples found for interpolation at time 1150/30
2026-08-19T04:00:54Z [37,190ms] [Warning] [isaacsim.core.simulation_manager.plugin] No adjacent samples found for interpolation at time 1151/30
2026-08-19T04:00:54Z [37,216ms] [Warning] [isaacsim.core.simulation_manager.plugin] No adjacent samples found for interpolation at time 1152/30
2026-08-19T04:00:54Z [37,242ms] [Warning] [isaacsim.core.simulation_manager.plugin] No adjacent samples found for interpolation at time 1153/30
2026-08-19T04:00:54Z [37,269ms] [Warning] [isaacsim.core.simulation_manager.plugin] No adjacent samples found for interpolation at time 1154/30
2026-08-19T04:00:54Z [37,292ms] [Warning] [isaacsim.core.simulation_manager.plugin] No adjacent samples found for interpolation at time 1155/30
2026-08-19T04:00:54Z [37,319ms] [Warning] [isaacsim.core.simulation_manager.plugin] No adjacent samples found for interpolation at time 1156/30
2026-08-19T04:00:54Z [37,345ms] [Warning] [isaacsim.core.simulation_manager.plugin] No adjacent samples found for interpolation at time 1157/30
2026-08-19T04:00:54Z [37,371ms] [Warning] [isaacsim.core.simulation_manager.plugin] No adjacent samples found for interpolation at time 1158/30
2026-08-19T04:00:54Z [37,397ms] [Warning] [isaacsim.core.simulation_manager.plugin] No adjacent samples found for interpolation at time 1159/30
2026-08-19T04:00:54Z [37,421ms] [Warning] [isaacsim.core.simulation_manager.plugin] No adjacent samples found for interpolation at time 1160/30
2026-08-19T04:00:54Z [37,448ms] [Warning] [isaacsim.core.simulation_manager.plugin] No adjacent samples found for interpolation at time 1161/30
2026-08-19T04:00:54Z [37,475ms] [Warning] [isaacsim.core.simulation_manager.plugin] No adjacent samples found for interpolation at time 1162/30
2026-08-19T04:00:54Z [37,499ms] [Warning] [isaacsim.core.simulation_manager.plugin] No adjacent samples found for interpolation at time 1163/30
2026-08-19T04:00:54Z [37,526ms] [Warning] [isaacsim.core.simulation_manager.plugin] No adjacent samples found for interpolation at time 1164/30
2026-08-19T04:00:54Z [37,554ms] [Warning] [isaacsim.core.simulation_manager.plugin] No adjacent samples found for interpolation at time 1165/30
2026-08-19T04:00:54Z [37,580ms] [Warning] [isaacsim.core.simulation_manager.plugin] No adjacent samples found for interpolation at time 1166/30
2026-08-19T04:00:54Z [37,604ms] [Warning] [isaacsim.core.simulation_manager.plugin] No adjacent samples found for interpolation at time 1167/30
2026-08-19T04:00:54Z [37,630ms] [Warning] [isaacsim.core.simulation_manager.plugin] No adjacent samples found for interpolation at time 1168/30
2026-08-19T04:00:54Z [37,655ms] [Warning] [isaacsim.core.simulation_manager.plugin] No adjacent samples found for interpolation at time 1169/30
2026-08-19T04:00:54Z [37,681ms] [Warning] [isaacsim.core.simulation_manager.plugin] No adjacent samples found for interpolation at time 1170/30
2026-08-19T04:00:54Z [37,707ms] [Warning] [isaacsim.core.simulation_manager.plugin] No adjacent samples found for interpolation at time 1171/30
2026-08-19T04:00:54Z [37,735ms] [Warning] [isaacsim.core.simulation_manager.plugin] No adjacent samples found for interpolation at time 1172/30
2026-08-19T04:00:54Z [37,759ms] [Warning] [isaacsim.core.simulation_manager.plugin] No adjacent samples found for interpolation at time 1173/30
2026-08-19T04:00:54Z [37,785ms] [Warning] [isaacsim.core.simulation_manager.plugin] No adjacent samples found for interpolation at time 1174/30
2026-08-19T04:00:54Z [37,819ms] [Warning] [isaacsim.core.simulation_manager.plugin] No adjacent samples found for interpolation at time 1175/30
2026-08-19T04:00:54Z [37,838ms] [Warning] [isaacsim.core.simulation_manager.plugin] No adjacent samples found for interpolation at time 1176/30
2026-08-19T04:00:54Z [37,863ms] [Warning] [isaacsim.core.simulation_manager.plugin] No adjacent samples found for interpolation at time 1177/30
2026-08-19T04:00:54Z [37,890ms] [Warning] [isaacsim.core.simulation_manager.plugin] No adjacent samples found for interpolation at time 1178/30
2026-08-19T04:00:54Z [37,915ms] [Warning] [isaacsim.core.simulation_manager.plugin] No adjacent samples found for interpolation at time 1179/30
2026-08-19T04:00:54Z [37,940ms] [Warning] [isaacsim.core.simulation_manager.plugin] No adjacent samples found for interpolation at time 1180/30
2026-08-19T04:00:55Z [37,966ms] [Warning] [isaacsim.core.simulation_manager.plugin] No adjacent samples found for interpolation at time 1181/30
2026-08-19T04:00:55Z [37,992ms] [Warning] [isaacsim.core.simulation_manager.plugin] No adjacent samples found for interpolation at time 1182/30
2026-08-19T04:00:55Z [38,017ms] [Warning] [isaacsim.core.simulation_manager.plugin] No adjacent samples found for interpolation at time 1183/30
2026-08-19T04:00:55Z [38,046ms] [Warning] [isaacsim.core.simulation_manager.plugin] No adjacent samples found for interpolation at time 1184/30
2026-08-19T04:00:55Z [38,071ms] [Warning] [isaacsim.core.simulation_manager.plugin] No adjacent samples found for interpolation at time 1185/30
2026-08-19T04:00:55Z [38,096ms] [Warning] [isaacsim.core.simulation_manager.plugin] No adjacent samples found for interpolation at time 1186/30
2026-08-19T04:00:55Z [38,125ms] [Warning] [isaacsim.core.simulation_manager.plugin] No adjacent samples found for interpolation at time 1187/30
2026-08-19T04:00:55Z [38,149ms] [Warning] [isaacsim.core.simulation_manager.plugin] No adjacent samples found for interpolation at time 1188/30
2026-08-19T04:00:55Z [38,174ms] [Warning] [isaacsim.core.simulation_manager.plugin] No adjacent samples found for interpolation at time 1189/30
2026-08-19T04:00:55Z [38,200ms] [Warning] [isaacsim.core.simulation_manager.plugin] No adjacent samples found for interpolation at time 1190/30
2026-08-19T04:00:55Z [38,226ms] [Warning] [isaacsim.core.simulation_manager.plugin] No adjacent samples found for interpolation at time 1191/30
2026-08-19T04:00:55Z [38,251ms] [Warning] [isaacsim.core.simulation_manager.plugin] No adjacent samples found for interpolation at time 1192/30
2026-08-19T04:00:55Z [38,278ms] [Warning] [isaacsim.core.simulation_manager.plugin] No adjacent samples found for interpolation at time 1193/30
2026-08-19T04:00:55Z [38,303ms] [Warning] [isaacsim.core.simulation_manager.plugin] No adjacent samples found for interpolation at time 1194/30
2026-08-19T04:00:55Z [38,327ms] [Warning] [isaacsim.core.simulation_manager.plugin] No adjacent samples found for interpolation at time 1195/30
2026-08-19T04:00:55Z [38,354ms] [Warning] [isaacsim.core.simulation_manager.plugin] No adjacent samples found for interpolation at time 1196/30
2026-08-19T04:00:55Z [38,381ms] [Warning] [isaacsim.core.simulation_manager.plugin] No adjacent samples found for interpolation at time 1197/30
2026-08-19T04:00:55Z [38,407ms] [Warning] [isaacsim.core.simulation_manager.plugin] No adjacent samples found for interpolation at time 1198/30
2026-08-19T04:00:55Z [38,432ms] [Warning] [isaacsim.core.simulation_manager.plugin] No adjacent samples found for interpolation at time 1199/30
2026-08-19T04:00:55Z [38,456ms] [Warning] [isaacsim.core.simulation_manager.plugin] No adjacent samples found for interpolation at time 1200/30
2026-08-19T04:00:55Z [38,482ms] [Warning] [isaacsim.core.simulation_manager.plugin] No adjacent samples found for interpolation at time 1201/30
2026-08-19T04:00:55Z [38,510ms] [Warning] [isaacsim.core.simulation_manager.plugin] No adjacent samples found for interpolation at time 1202/30
2026-08-19T04:00:55Z [38,534ms] [Warning] [isaacsim.core.simulation_manager.plugin] No adjacent samples found for interpolation at time 1203/30
2026-08-19T04:00:55Z [38,560ms] [Warning] [isaacsim.core.simulation_manager.plugin] No adjacent samples found for interpolation at time 1204/30
2026-08-19T04:00:55Z [38,587ms] [Warning] [isaacsim.core.simulation_manager.plugin] No adjacent samples found for interpolation at time 1205/30
2026-08-19T04:00:55Z [38,612ms] [Warning] [isaacsim.core.simulation_manager.plugin] No adjacent samples found for interpolation at time 1206/30
2026-08-19T04:00:55Z [38,638ms] [Warning] [isaacsim.core.simulation_manager.plugin] No adjacent samples found for interpolation at time 1207/30
2026-08-19T04:00:55Z [38,663ms] [Warning] [isaacsim.core.simulation_manager.plugin] No adjacent samples found for interpolation at time 1208/30
2026-08-19T04:00:55Z [38,690ms] [Warning] [isaacsim.core.simulation_manager.plugin] No adjacent samples found for interpolation at time 1209/30
2026-08-19T04:00:55Z [38,715ms] [Warning] [isaacsim.core.simulation_manager.plugin] No adjacent samples found for interpolation at time 1210/30
2026-08-19T04:00:55Z [38,750ms] [Warning] [isaacsim.core.simulation_manager.plugin] No adjacent samples found for interpolation at time 1211/30
2026-08-19T04:00:55Z [38,768ms] [Warning] [isaacsim.core.simulation_manager.plugin] No adjacent samples found for interpolation at time 1212/30
2026-08-19T04:00:55Z [38,793ms] [Warning] [isaacsim.core.simulation_manager.plugin] No adjacent samples found for interpolation at time 1213/30
2026-08-19T04:00:55Z [38,819ms] [Warning] [isaacsim.core.simulation_manager.plugin] No adjacent samples found for interpolation at time 1214/30
2026-08-19T04:00:55Z [38,843ms] [Warning] [isaacsim.core.simulation_manager.plugin] No adjacent samples found for interpolation at time 1215/30
2026-08-19T04:00:55Z [38,870ms] [Warning] [isaacsim.core.simulation_manager.plugin] No adjacent samples found for interpolation at time 1216/30
2026-08-19T04:00:55Z [38,896ms] [Warning] [isaacsim.core.simulation_manager.plugin] No adjacent samples found for interpolation at time 1217/30
2026-08-19T04:00:55Z [38,921ms] [Warning] [isaacsim.core.simulation_manager.plugin] No adjacent samples found for interpolation at time 1218/30
2026-08-19T04:00:55Z [38,947ms] [Warning] [isaacsim.core.simulation_manager.plugin] No adjacent samples found for interpolation at time 1219/30
2026-08-19T04:00:56Z [38,972ms] [Warning] [isaacsim.core.simulation_manager.plugin] No adjacent samples found for interpolation at time 1220/30
2026-08-19T04:00:56Z [38,999ms] [Warning] [isaacsim.core.simulation_manager.plugin] No adjacent samples found for interpolation at time 1221/30
2026-08-19T04:00:56Z [39,025ms] [Warning] [isaacsim.core.simulation_manager.plugin] No adjacent samples found for interpolation at time 1222/30
2026-08-19T04:00:56Z [39,050ms] [Warning] [isaacsim.core.simulation_manager.plugin] No adjacent samples found for interpolation at time 1223/30
2026-08-19T04:00:56Z [39,076ms] [Warning] [isaacsim.core.simulation_manager.plugin] No adjacent samples found for interpolation at time 1224/30
2026-08-19T04:00:56Z [39,101ms] [Warning] [isaacsim.core.simulation_manager.plugin] No adjacent samples found for interpolation at time 1225/30
2026-08-19T04:00:56Z [39,127ms] [Warning] [isaacsim.core.simulation_manager.plugin] No adjacent samples found for interpolation at time 1226/30
2026-08-19T04:00:56Z [39,153ms] [Warning] [isaacsim.core.simulation_manager.plugin] No adjacent samples found for interpolation at time 1227/30
2026-08-19T04:00:56Z [39,178ms] [Warning] [isaacsim.core.simulation_manager.plugin] No adjacent samples found for interpolation at time 1228/30
2026-08-19T04:00:56Z [39,206ms] [Warning] [isaacsim.core.simulation_manager.plugin] No adjacent samples found for interpolation at time 1229/30
2026-08-19T04:00:56Z [39,230ms] [Warning] [isaacsim.core.simulation_manager.plugin] No adjacent samples found for interpolation at time 1230/30
2026-08-19T04:00:56Z [39,257ms] [Warning] [isaacsim.core.simulation_manager.plugin] No adjacent samples found for interpolation at time 1231/30
2026-08-19T04:00:56Z [39,282ms] [Warning] [isaacsim.core.simulation_manager.plugin] No adjacent samples found for interpolation at time 1232/30
2026-08-19T04:00:56Z [39,307ms] [Warning] [isaacsim.core.simulation_manager.plugin] No adjacent samples found for interpolation at time 1233/30
2026-08-19T04:00:56Z [39,333ms] [Warning] [isaacsim.core.simulation_manager.plugin] No adjacent samples found for interpolation at time 1234/30
2026-08-19T04:00:56Z [39,359ms] [Warning] [isaacsim.core.simulation_manager.plugin] No adjacent samples found for interpolation at time 1235/30
2026-08-19T04:00:56Z [39,385ms] [Warning] [isaacsim.core.simulation_manager.plugin] No adjacent samples found for interpolation at time 1236/30
2026-08-19T04:00:56Z [39,412ms] [Warning] [isaacsim.core.simulation_manager.plugin] No adjacent samples found for interpolation at time 1237/30
2026-08-19T04:00:56Z [39,436ms] [Warning] [isaacsim.core.simulation_manager.plugin] No adjacent samples found for interpolation at time 1238/30
2026-08-19T04:00:56Z [39,462ms] [Warning] [isaacsim.core.simulation_manager.plugin] No adjacent samples found for interpolation at time 1239/30
2026-08-19T04:00:56Z [39,487ms] [Warning] [isaacsim.core.simulation_manager.plugin] No adjacent samples found for interpolation at time 1240/30
2026-08-19T04:00:56Z [39,514ms] [Warning] [isaacsim.core.simulation_manager.plugin] No adjacent samples found for interpolation at time 1241/30
2026-08-19T04:00:56Z [39,542ms] [Warning] [isaacsim.core.simulation_manager.plugin] No adjacent samples found for interpolation at time 1242/30
2026-08-19T04:00:56Z [39,565ms] [Warning] [isaacsim.core.simulation_manager.plugin] No adjacent samples found for interpolation at time 1243/30
2026-08-19T04:00:56Z [39,590ms] [Warning] [isaacsim.core.simulation_manager.plugin] No adjacent samples found for interpolation at time 1244/30
2026-08-19T04:00:56Z [39,616ms] [Warning] [isaacsim.core.simulation_manager.plugin] No adjacent samples found for interpolation at time 1245/30
2026-08-19T04:00:56Z [39,643ms] [Warning] [isaacsim.core.simulation_manager.plugin] No adjacent samples found for interpolation at time 1246/30
2026-08-19T04:00:56Z [39,675ms] [Warning] [isaacsim.core.simulation_manager.plugin] No adjacent samples found for interpolation at time 1247/30
2026-08-19T04:00:56Z [39,694ms] [Warning] [isaacsim.core.simulation_manager.plugin] No adjacent samples found for interpolation at time 1248/30
2026-08-19T04:00:56Z [39,719ms] [Warning] [isaacsim.core.simulation_manager.plugin] No adjacent samples found for interpolation at time 1249/30
2026-08-19T04:00:56Z [39,744ms] [Warning] [isaacsim.core.simulation_manager.plugin] No adjacent samples found for interpolation at time 1250/30
2026-08-19T04:00:56Z [39,770ms] [Warning] [isaacsim.core.simulation_manager.plugin] No adjacent samples found for interpolation at time 1251/30
2026-08-19T04:00:56Z [39,796ms] [Warning] [isaacsim.core.simulation_manager.plugin] No adjacent samples found for interpolation at time 1252/30
2026-08-19T04:00:56Z [39,821ms] [Warning] [isaacsim.core.simulation_manager.plugin] No adjacent samples found for interpolation at time 1253/30
2026-08-19T04:00:56Z [39,849ms] [Warning] [isaacsim.core.simulation_manager.plugin] No adjacent samples found for interpolation at time 1254/30
2026-08-19T04:00:56Z [39,872ms] [Warning] [isaacsim.core.simulation_manager.plugin] No adjacent samples found for interpolation at time 1255/30
2026-08-19T04:00:56Z [39,899ms] [Warning] [isaacsim.core.simulation_manager.plugin] No adjacent samples found for interpolation at time 1256/30
2026-08-19T04:00:56Z [39,924ms] [Warning] [isaacsim.core.simulation_manager.plugin] No adjacent samples found for interpolation at time 1257/30
2026-08-19T04:00:56Z [39,950ms] [Warning] [isaacsim.core.simulation_manager.plugin] No adjacent samples found for interpolation at time 1258/30
2026-08-19T04:00:57Z [39,975ms] [Warning] [isaacsim.core.simulation_manager.plugin] No adjacent samples found for interpolation at time 1259/30
2026-08-19T04:00:57Z [40,001ms] [Warning] [isaacsim.core.simulation_manager.plugin] No adjacent samples found for interpolation at time 1260/30
2026-08-19T04:00:57Z [40,027ms] [Warning] [isaacsim.core.simulation_manager.plugin] No adjacent samples found for interpolation at time 1261/30
2026-08-19T04:00:57Z [40,052ms] [Warning] [isaacsim.core.simulation_manager.plugin] No adjacent samples found for interpolation at time 1262/30
2026-08-19T04:00:57Z [40,078ms] [Warning] [isaacsim.core.simulation_manager.plugin] No adjacent samples found for interpolation at time 1263/30
2026-08-19T04:00:57Z [40,104ms] [Warning] [isaacsim.core.simulation_manager.plugin] No adjacent samples found for interpolation at time 1264/30
2026-08-19T04:00:57Z [40,129ms] [Warning] [isaacsim.core.simulation_manager.plugin] No adjacent samples found for interpolation at time 1265/30
2026-08-19T04:00:57Z [40,156ms] [Warning] [isaacsim.core.simulation_manager.plugin] No adjacent samples found for interpolation at time 1266/30
2026-08-19T04:00:57Z [40,181ms] [Warning] [isaacsim.core.simulation_manager.plugin] No adjacent samples found for interpolation at time 1267/30
2026-08-19T04:00:57Z [40,207ms] [Warning] [isaacsim.core.simulation_manager.plugin] No adjacent samples found for interpolation at time 1268/30
2026-08-19T04:00:57Z [40,232ms] [Warning] [isaacsim.core.simulation_manager.plugin] No adjacent samples found for interpolation at time 1269/30
2026-08-19T04:00:57Z [40,258ms] [Warning] [isaacsim.core.simulation_manager.plugin] No adjacent samples found for interpolation at time 1270/30
2026-08-19T04:00:57Z [40,284ms] [Warning] [isaacsim.core.simulation_manager.plugin] No adjacent samples found for interpolation at time 1271/30
2026-08-19T04:00:57Z [40,310ms] [Warning] [isaacsim.core.simulation_manager.plugin] No adjacent samples found for interpolation at time 1272/30
2026-08-19T04:00:57Z [40,334ms] [Warning] [isaacsim.core.simulation_manager.plugin] No adjacent samples found for interpolation at time 1273/30
2026-08-19T04:00:57Z [40,360ms] [Warning] [isaacsim.core.simulation_manager.plugin] No adjacent samples found for interpolation at time 1274/30
2026-08-19T04:00:57Z [40,386ms] [Warning] [isaacsim.core.simulation_manager.plugin] No adjacent samples found for interpolation at time 1275/30
2026-08-19T04:00:57Z [40,415ms] [Warning] [isaacsim.core.simulation_manager.plugin] No adjacent samples found for interpolation at time 1276/30
2026-08-19T04:00:57Z [40,438ms] [Warning] [isaacsim.core.simulation_manager.plugin] No adjacent samples found for interpolation at time 1277/30
2026-08-19T04:00:57Z [40,463ms] [Warning] [isaacsim.core.simulation_manager.plugin] No adjacent samples found for interpolation at time 1278/30
2026-08-19T04:00:57Z [40,489ms] [Warning] [isaacsim.core.simulation_manager.plugin] No adjacent samples found for interpolation at time 1279/30
2026-08-19T04:00:57Z [40,514ms] [Warning] [isaacsim.core.simulation_manager.plugin] No adjacent samples found for interpolation at time 1280/30
2026-08-19T04:00:57Z [40,540ms] [Warning] [isaacsim.core.simulation_manager.plugin] No adjacent samples found for interpolation at time 1281/30
2026-08-19T04:00:57Z [40,566ms] [Warning] [isaacsim.core.simulation_manager.plugin] No adjacent samples found for interpolation at time 1282/30
2026-08-19T04:00:57Z [40,598ms] [Warning] [isaacsim.core.simulation_manager.plugin] No adjacent samples found for interpolation at time 1283/30
2026-08-19T04:00:57Z [40,617ms] [Warning] [isaacsim.core.simulation_manager.plugin] No adjacent samples found for interpolation at time 1284/30
2026-08-19T04:00:57Z [40,642ms] [Warning] [isaacsim.core.simulation_manager.plugin] No adjacent samples found for interpolation at time 1285/30
2026-08-19T04:00:57Z [40,670ms] [Warning] [isaacsim.core.simulation_manager.plugin] No adjacent samples found for interpolation at time 1286/30
2026-08-19T04:00:57Z [40,696ms] [Warning] [isaacsim.core.simulation_manager.plugin] No adjacent samples found for interpolation at time 1287/30
2026-08-19T04:00:57Z [40,720ms] [Warning] [isaacsim.core.simulation_manager.plugin] No adjacent samples found for interpolation at time 1288/30
2026-08-19T04:00:57Z [40,746ms] [Warning] [isaacsim.core.simulation_manager.plugin] No adjacent samples found for interpolation at time 1289/30
2026-08-19T04:00:57Z [40,771ms] [Warning] [isaacsim.core.simulation_manager.plugin] No adjacent samples found for interpolation at time 1290/30
2026-08-19T04:00:57Z [40,797ms] [Warning] [isaacsim.core.simulation_manager.plugin] No adjacent samples found for interpolation at time 1291/30
2026-08-19T04:00:57Z [40,824ms] [Warning] [isaacsim.core.simulation_manager.plugin] No adjacent samples found for interpolation at time 1292/30
2026-08-19T04:00:57Z [40,848ms] [Warning] [isaacsim.core.simulation_manager.plugin] No adjacent samples found for interpolation at time 1293/30
2026-08-19T04:00:57Z [40,873ms] [Warning] [isaacsim.core.simulation_manager.plugin] No adjacent samples found for interpolation at time 1294/30
2026-08-19T04:00:57Z [40,899ms] [Warning] [isaacsim.core.simulation_manager.plugin] No adjacent samples found for interpolation at time 1295/30
2026-08-19T04:00:57Z [40,926ms] [Warning] [isaacsim.core.simulation_manager.plugin] No adjacent samples found for interpolation at time 1296/30
2026-08-19T04:00:57Z [40,951ms] [Warning] [isaacsim.core.simulation_manager.plugin] No adjacent samples found for interpolation at time 1297/30
2026-08-19T04:00:58Z [40,977ms] [Warning] [isaacsim.core.simulation_manager.plugin] No adjacent samples found for interpolation at time 1298/30
2026-08-19T04:00:58Z [41,002ms] [Warning] [isaacsim.core.simulation_manager.plugin] No adjacent samples found for interpolation at time 1299/30
2026-08-19T04:00:58Z [41,028ms] [Warning] [isaacsim.core.simulation_manager.plugin] No adjacent samples found for interpolation at time 1300/30
2026-08-19T04:00:58Z [41,055ms] [Warning] [isaacsim.core.simulation_manager.plugin] No adjacent samples found for interpolation at time 1301/30
2026-08-19T04:00:58Z [41,080ms] [Warning] [isaacsim.core.simulation_manager.plugin] No adjacent samples found for interpolation at time 1302/30
2026-08-19T04:00:58Z [41,106ms] [Warning] [isaacsim.core.simulation_manager.plugin] No adjacent samples found for interpolation at time 1303/30
2026-08-19T04:00:58Z [41,131ms] [Warning] [isaacsim.core.simulation_manager.plugin] No adjacent samples found for interpolation at time 1304/30
2026-08-19T04:00:58Z [41,157ms] [Warning] [isaacsim.core.simulation_manager.plugin] No adjacent samples found for interpolation at time 1305/30
2026-08-19T04:00:58Z [41,185ms] [Warning] [isaacsim.core.simulation_manager.plugin] No adjacent samples found for interpolation at time 1306/30
2026-08-19T04:00:58Z [41,208ms] [Warning] [isaacsim.core.simulation_manager.plugin] No adjacent samples found for interpolation at time 1307/30
2026-08-19T04:00:58Z [41,234ms] [Warning] [isaacsim.core.simulation_manager.plugin] No adjacent samples found for interpolation at time 1308/30
2026-08-19T04:00:58Z [41,260ms] [Warning] [isaacsim.core.simulation_manager.plugin] No adjacent samples found for interpolation at time 1309/30
2026-08-19T04:00:58Z [41,287ms] [Warning] [isaacsim.core.simulation_manager.plugin] No adjacent samples found for interpolation at time 1310/30
2026-08-19T04:00:58Z [41,312ms] [Warning] [isaacsim.core.simulation_manager.plugin] No adjacent samples found for interpolation at time 1311/30
2026-08-19T04:00:58Z [41,338ms] [Warning] [isaacsim.core.simulation_manager.plugin] No adjacent samples found for interpolation at time 1312/30
2026-08-19T04:00:58Z [41,364ms] [Warning] [isaacsim.core.simulation_manager.plugin] No adjacent samples found for interpolation at time 1313/30
2026-08-19T04:00:58Z [41,389ms] [Warning] [isaacsim.core.simulation_manager.plugin] No adjacent samples found for interpolation at time 1314/30
2026-08-19T04:00:58Z [41,413ms] [Warning] [isaacsim.core.simulation_manager.plugin] No adjacent samples found for interpolation at time 1315/30
2026-08-19T04:00:58Z [41,439ms] [Warning] [isaacsim.core.simulation_manager.plugin] No adjacent samples found for interpolation at time 1316/30
2026-08-19T04:00:58Z [41,466ms] [Warning] [isaacsim.core.simulation_manager.plugin] No adjacent samples found for interpolation at time 1317/30
2026-08-19T04:00:58Z [41,490ms] [Warning] [isaacsim.core.simulation_manager.plugin] No adjacent samples found for interpolation at time 1318/30
2026-08-19T04:00:58Z [41,525ms] [Warning] [isaacsim.core.simulation_manager.plugin] No adjacent samples found for interpolation at time 1319/30
2026-08-19T04:00:58Z [41,542ms] [Warning] [isaacsim.core.simulation_manager.plugin] No adjacent samples found for interpolation at time 1320/30
2026-08-19T04:00:58Z [41,569ms] [Warning] [isaacsim.core.simulation_manager.plugin] No adjacent samples found for interpolation at time 1321/30
2026-08-19T04:00:58Z [41,594ms] [Warning] [isaacsim.core.simulation_manager.plugin] No adjacent samples found for interpolation at time 1322/30
2026-08-19T04:00:58Z [41,620ms] [Warning] [isaacsim.core.simulation_manager.plugin] No adjacent samples found for interpolation at time 1323/30
2026-08-19T04:00:58Z [41,646ms] [Warning] [isaacsim.core.simulation_manager.plugin] No adjacent samples found for interpolation at time 1324/30
2026-08-19T04:00:58Z [41,671ms] [Warning] [isaacsim.core.simulation_manager.plugin] No adjacent samples found for interpolation at time 1325/30
2026-08-19T04:00:58Z [41,697ms] [Warning] [isaacsim.core.simulation_manager.plugin] No adjacent samples found for interpolation at time 1326/30
2026-08-19T04:00:58Z [41,723ms] [Warning] [isaacsim.core.simulation_manager.plugin] No adjacent samples found for interpolation at time 1327/30
2026-08-19T04:00:58Z [41,748ms] [Warning] [isaacsim.core.simulation_manager.plugin] No adjacent samples found for interpolation at time 1328/30
2026-08-19T04:00:58Z [41,775ms] [Warning] [isaacsim.core.simulation_manager.plugin] No adjacent samples found for interpolation at time 1329/30
2026-08-19T04:00:58Z [41,800ms] [Warning] [isaacsim.core.simulation_manager.plugin] No adjacent samples found for interpolation at time 1330/30
2026-08-19T04:00:58Z [41,828ms] [Warning] [isaacsim.core.simulation_manager.plugin] No adjacent samples found for interpolation at time 1331/30
2026-08-19T04:00:58Z [41,853ms] [Warning] [isaacsim.core.simulation_manager.plugin] No adjacent samples found for interpolation at time 1332/30
2026-08-19T04:00:58Z [41,880ms] [Warning] [isaacsim.core.simulation_manager.plugin] No adjacent samples found for interpolation at time 1333/30
2026-08-19T04:00:58Z [41,907ms] [Warning] [isaacsim.core.simulation_manager.plugin] No adjacent samples found for interpolation at time 1334/30
2026-08-19T04:00:58Z [41,930ms] [Warning] [isaacsim.core.simulation_manager.plugin] No adjacent samples found for interpolation at time 1335/30
2026-08-19T04:00:59Z [41,956ms] [Warning] [isaacsim.core.simulation_manager.plugin] No adjacent samples found for interpolation at time 1336/30
2026-08-19T04:00:59Z [41,982ms] [Warning] [isaacsim.core.simulation_manager.plugin] No adjacent samples found for interpolation at time 1337/30
2026-08-19T04:00:59Z [42,008ms] [Warning] [isaacsim.core.simulation_manager.plugin] No adjacent samples found for interpolation at time 1338/30
2026-08-19T04:00:59Z [42,032ms] [Warning] [isaacsim.core.simulation_manager.plugin] No adjacent samples found for interpolation at time 1339/30
2026-08-19T04:00:59Z [42,057ms] [Warning] [isaacsim.core.simulation_manager.plugin] No adjacent samples found for interpolation at time 1340/30
2026-08-19T04:00:59Z [42,083ms] [Warning] [isaacsim.core.simulation_manager.plugin] No adjacent samples found for interpolation at time 1341/30
2026-08-19T04:00:59Z [42,109ms] [Warning] [isaacsim.core.simulation_manager.plugin] No adjacent samples found for interpolation at time 1342/30
2026-08-19T04:00:59Z [42,136ms] [Warning] [isaacsim.core.simulation_manager.plugin] No adjacent samples found for interpolation at time 1343/30
2026-08-19T04:00:59Z [42,162ms] [Warning] [isaacsim.core.simulation_manager.plugin] No adjacent samples found for interpolation at time 1344/30
2026-08-19T04:00:59Z [42,187ms] [Warning] [isaacsim.core.simulation_manager.plugin] No adjacent samples found for interpolation at time 1345/30
2026-08-19T04:00:59Z [42,214ms] [Warning] [isaacsim.core.simulation_manager.plugin] No adjacent samples found for interpolation at time 1346/30
2026-08-19T04:00:59Z [42,240ms] [Warning] [isaacsim.core.simulation_manager.plugin] No adjacent samples found for interpolation at time 1347/30
2026-08-19T04:00:59Z [42,265ms] [Warning] [isaacsim.core.simulation_manager.plugin] No adjacent samples found for interpolation at time 1348/30
2026-08-19T04:00:59Z [42,291ms] [Warning] [isaacsim.core.simulation_manager.plugin] No adjacent samples found for interpolation at time 1349/30
2026-08-19T04:00:59Z [42,316ms] [Warning] [isaacsim.core.simulation_manager.plugin] No adjacent samples found for interpolation at time 1350/30
2026-08-19T04:00:59Z [42,343ms] [Warning] [isaacsim.core.simulation_manager.plugin] No adjacent samples found for interpolation at time 1351/30
2026-08-19T04:00:59Z [42,368ms] [Warning] [isaacsim.core.simulation_manager.plugin] No adjacent samples found for interpolation at time 1352/30
2026-08-19T04:00:59Z [42,395ms] [Warning] [isaacsim.core.simulation_manager.plugin] No adjacent samples found for interpolation at time 1353/30
2026-08-19T04:00:59Z [42,420ms] [Warning] [isaacsim.core.simulation_manager.plugin] No adjacent samples found for interpolation at time 1354/30
2026-08-19T04:00:59Z [42,630ms] [Warning] [isaacsim.core.simulation_manager.plugin] No adjacent samples found for interpolation at time 1355/30
2026-08-19T04:00:59Z [42,630ms] [Warning] [isaacsim.core.simulation_manager.plugin] No adjacent samples found for interpolation at time 1356/30
2026-08-19T04:00:59Z [42,630ms] [Warning] [isaacsim.core.simulation_manager.plugin] No adjacent samples found for interpolation at time 1357/30
2026-08-19T04:00:59Z [42,630ms] [Warning] [isaacsim.core.simulation_manager.plugin] No adjacent samples found for interpolation at time 1358/30
2026-08-19T04:00:59Z [42,663ms] [Warning] [isaacsim.core.simulation_manager.plugin] No adjacent samples found for interpolation at time 1359/30
2026-08-19T04:00:59Z [42,688ms] [Warning] [isaacsim.core.simulation_manager.plugin] No adjacent samples found for interpolation at time 1360/30
2026-08-19T04:00:59Z [42,711ms] [Warning] [isaacsim.core.simulation_manager.plugin] No adjacent samples found for interpolation at time 1361/30
2026-08-19T04:00:59Z [42,739ms] [Warning] [isaacsim.core.simulation_manager.plugin] No adjacent samples found for interpolation at time 1362/30
2026-08-19T04:00:59Z [42,765ms] [Warning] [isaacsim.core.simulation_manager.plugin] No adjacent samples found for interpolation at time 1363/30
2026-08-19T04:00:59Z [42,791ms] [Warning] [isaacsim.core.simulation_manager.plugin] No adjacent samples found for interpolation at time 1364/30
2026-08-19T04:00:59Z [42,819ms] [Warning] [isaacsim.core.simulation_manager.plugin] No adjacent samples found for interpolation at time 1365/30
2026-08-19T04:00:59Z [42,844ms] [Warning] [isaacsim.core.simulation_manager.plugin] No adjacent samples found for interpolation at time 1366/30
2026-08-19T04:00:59Z [42,869ms] [Warning] [isaacsim.core.simulation_manager.plugin] No adjacent samples found for interpolation at time 1367/30
2026-08-19T04:00:59Z [42,897ms] [Warning] [isaacsim.core.simulation_manager.plugin] No adjacent samples found for interpolation at time 1368/30
2026-08-19T04:00:59Z [42,922ms] [Warning] [isaacsim.core.simulation_manager.plugin] No adjacent samples found for interpolation at time 1369/30
2026-08-19T04:00:59Z [42,946ms] [Warning] [isaacsim.core.simulation_manager.plugin] No adjacent samples found for interpolation at time 1370/30
2026-08-19T04:01:00Z [42,970ms] [Warning] [isaacsim.core.simulation_manager.plugin] No adjacent samples found for interpolation at time 1371/30
2026-08-19T04:01:00Z [42,995ms] [Warning] [isaacsim.core.simulation_manager.plugin] No adjacent samples found for interpolation at time 1372/30
2026-08-19T04:01:00Z [43,022ms] [Warning] [isaacsim.core.simulation_manager.plugin] No adjacent samples found for interpolation at time 1373/30
2026-08-19T04:01:00Z [43,047ms] [Warning] [isaacsim.core.simulation_manager.plugin] No adjacent samples found for interpolation at time 1374/30
2026-08-19T04:01:00Z [43,073ms] [Warning] [isaacsim.core.simulation_manager.plugin] No adjacent samples found for interpolation at time 1375/30
2026-08-19T04:01:00Z [43,099ms] [Warning] [isaacsim.core.simulation_manager.plugin] No adjacent samples found for interpolation at time 1376/30
2026-08-19T04:01:00Z [43,124ms] [Warning] [isaacsim.core.simulation_manager.plugin] No adjacent samples found for interpolation at time 1377/30
2026-08-19T04:01:00Z [43,151ms] [Warning] [isaacsim.core.simulation_manager.plugin] No adjacent samples found for interpolation at time 1378/30
2026-08-19T04:01:00Z [43,177ms] [Warning] [isaacsim.core.simulation_manager.plugin] No adjacent samples found for interpolation at time 1379/30
2026-08-19T04:01:00Z [43,202ms] [Warning] [isaacsim.core.simulation_manager.plugin] No adjacent samples found for interpolation at time 1380/30
2026-08-19T04:01:00Z [43,227ms] [Warning] [isaacsim.core.simulation_manager.plugin] No adjacent samples found for interpolation at time 1381/30
2026-08-19T04:01:00Z [43,252ms] [Warning] [isaacsim.core.simulation_manager.plugin] No adjacent samples found for interpolation at time 1382/30
2026-08-19T04:01:00Z [43,280ms] [Warning] [isaacsim.core.simulation_manager.plugin] No adjacent samples found for interpolation at time 1383/30
2026-08-19T04:01:00Z [43,304ms] [Warning] [isaacsim.core.simulation_manager.plugin] No adjacent samples found for interpolation at time 1384/30
2026-08-19T04:01:00Z [43,330ms] [Warning] [isaacsim.core.simulation_manager.plugin] No adjacent samples found for interpolation at time 1385/30
2026-08-19T04:01:00Z [43,356ms] [Warning] [isaacsim.core.simulation_manager.plugin] No adjacent samples found for interpolation at time 1386/30
2026-08-19T04:01:00Z [43,381ms] [Warning] [isaacsim.core.simulation_manager.plugin] No adjacent samples found for interpolation at time 1387/30
2026-08-19T04:01:00Z [43,407ms] [Warning] [isaacsim.core.simulation_manager.plugin] No adjacent samples found for interpolation at time 1388/30
2026-08-19T04:01:00Z [43,434ms] [Warning] [isaacsim.core.simulation_manager.plugin] No adjacent samples found for interpolation at time 1389/30
2026-08-19T04:01:00Z [43,458ms] [Warning] [isaacsim.core.simulation_manager.plugin] No adjacent samples found for interpolation at time 1390/30
2026-08-19T04:01:00Z [43,492ms] [Warning] [isaacsim.core.simulation_manager.plugin] No adjacent samples found for interpolation at time 1391/30
2026-08-19T04:01:00Z [43,509ms] [Warning] [isaacsim.core.simulation_manager.plugin] No adjacent samples found for interpolation at time 1392/30
2026-08-19T04:01:00Z [43,535ms] [Warning] [isaacsim.core.simulation_manager.plugin] No adjacent samples found for interpolation at time 1393/30
2026-08-19T04:01:00Z [43,560ms] [Warning] [isaacsim.core.simulation_manager.plugin] No adjacent samples found for interpolation at time 1394/30
2026-08-19T04:01:00Z [43,586ms] [Warning] [isaacsim.core.simulation_manager.plugin] No adjacent samples found for interpolation at time 1395/30
2026-08-19T04:01:00Z [43,613ms] [Warning] [isaacsim.core.simulation_manager.plugin] No adjacent samples found for interpolation at time 1396/30
2026-08-19T04:01:00Z [43,637ms] [Warning] [isaacsim.core.simulation_manager.plugin] No adjacent samples found for interpolation at time 1397/30
2026-08-19T04:01:00Z [43,662ms] [Warning] [isaacsim.core.simulation_manager.plugin] No adjacent samples found for interpolation at time 1398/30
2026-08-19T04:01:00Z [43,689ms] [Warning] [isaacsim.core.simulation_manager.plugin] No adjacent samples found for interpolation at time 1399/30
2026-08-19T04:01:00Z [43,715ms] [Warning] [isaacsim.core.simulation_manager.plugin] No adjacent samples found for interpolation at time 1400/30
2026-08-19T04:01:00Z [43,741ms] [Warning] [isaacsim.core.simulation_manager.plugin] No adjacent samples found for interpolation at time 1401/30
2026-08-19T04:01:00Z [43,767ms] [Warning] [isaacsim.core.simulation_manager.plugin] No adjacent samples found for interpolation at time 1402/30
2026-08-19T04:01:00Z [43,793ms] [Warning] [isaacsim.core.simulation_manager.plugin] No adjacent samples found for interpolation at time 1403/30
2026-08-19T04:01:00Z [43,819ms] [Warning] [isaacsim.core.simulation_manager.plugin] No adjacent samples found for interpolation at time 1404/30
2026-08-19T04:01:00Z [43,845ms] [Warning] [isaacsim.core.simulation_manager.plugin] No adjacent samples found for interpolation at time 1405/30
2026-08-19T04:01:00Z [43,870ms] [Warning] [isaacsim.core.simulation_manager.plugin] No adjacent samples found for interpolation at time 1406/30
2026-08-19T04:01:00Z [43,895ms] [Warning] [isaacsim.core.simulation_manager.plugin] No adjacent samples found for interpolation at time 1407/30
2026-08-19T04:01:00Z [43,922ms] [Warning] [isaacsim.core.simulation_manager.plugin] No adjacent samples found for interpolation at time 1408/30
2026-08-19T04:01:00Z [43,948ms] [Warning] [isaacsim.core.simulation_manager.plugin] No adjacent samples found for interpolation at time 1409/30
2026-08-19T04:01:01Z [43,975ms] [Warning] [isaacsim.core.simulation_manager.plugin] No adjacent samples found for interpolation at time 1410/30
2026-08-19T04:01:01Z [43,999ms] [Warning] [isaacsim.core.simulation_manager.plugin] No adjacent samples found for interpolation at time 1411/30
2026-08-19T04:01:01Z [44,023ms] [Warning] [isaacsim.core.simulation_manager.plugin] No adjacent samples found for interpolation at time 1412/30
2026-08-19T04:01:01Z [44,049ms] [Warning] [isaacsim.core.simulation_manager.plugin] No adjacent samples found for interpolation at time 1413/30
2026-08-19T04:01:01Z [44,074ms] [Warning] [isaacsim.core.simulation_manager.plugin] No adjacent samples found for interpolation at time 1414/30
2026-08-19T04:01:01Z [44,100ms] [Warning] [isaacsim.core.simulation_manager.plugin] No adjacent samples found for interpolation at time 1415/30
2026-08-19T04:01:01Z [44,125ms] [Warning] [isaacsim.core.simulation_manager.plugin] No adjacent samples found for interpolation at time 1416/30
2026-08-19T04:01:01Z [44,152ms] [Warning] [isaacsim.core.simulation_manager.plugin] No adjacent samples found for interpolation at time 1417/30
2026-08-19T04:01:01Z [44,178ms] [Warning] [isaacsim.core.simulation_manager.plugin] No adjacent samples found for interpolation at time 1418/30
2026-08-19T04:01:01Z [44,202ms] [Warning] [isaacsim.core.simulation_manager.plugin] No adjacent samples found for interpolation at time 1419/30
2026-08-19T04:01:01Z [44,229ms] [Warning] [isaacsim.core.simulation_manager.plugin] No adjacent samples found for interpolation at time 1420/30
2026-08-19T04:01:01Z [44,254ms] [Warning] [isaacsim.core.simulation_manager.plugin] No adjacent samples found for interpolation at time 1421/30
2026-08-19T04:01:01Z [44,281ms] [Warning] [isaacsim.core.simulation_manager.plugin] No adjacent samples found for interpolation at time 1422/30
2026-08-19T04:01:01Z [44,305ms] [Warning] [isaacsim.core.simulation_manager.plugin] No adjacent samples found for interpolation at time 1423/30
2026-08-19T04:01:01Z [44,331ms] [Warning] [isaacsim.core.simulation_manager.plugin] No adjacent samples found for interpolation at time 1424/30
2026-08-19T04:01:01Z [44,358ms] [Warning] [isaacsim.core.simulation_manager.plugin] No adjacent samples found for interpolation at time 1425/30
2026-08-19T04:01:01Z [44,383ms] [Warning] [isaacsim.core.simulation_manager.plugin] No adjacent samples found for interpolation at time 1426/30
2026-08-19T04:01:01Z [44,417ms] [Warning] [isaacsim.core.simulation_manager.plugin] No adjacent samples found for interpolation at time 1427/30
2026-08-19T04:01:01Z [44,435ms] [Warning] [isaacsim.core.simulation_manager.plugin] No adjacent samples found for interpolation at time 1428/30
2026-08-19T04:01:01Z [44,461ms] [Warning] [isaacsim.core.simulation_manager.plugin] No adjacent samples found for interpolation at time 1429/30
2026-08-19T04:01:01Z [44,487ms] [Warning] [isaacsim.core.simulation_manager.plugin] No adjacent samples found for interpolation at time 1430/30
2026-08-19T04:01:01Z [44,512ms] [Warning] [isaacsim.core.simulation_manager.plugin] No adjacent samples found for interpolation at time 1431/30
2026-08-19T04:01:01Z [44,538ms] [Warning] [isaacsim.core.simulation_manager.plugin] No adjacent samples found for interpolation at time 1432/30
2026-08-19T04:01:01Z [44,563ms] [Warning] [isaacsim.core.simulation_manager.plugin] No adjacent samples found for interpolation at time 1433/30
2026-08-19T04:01:01Z [44,589ms] [Warning] [isaacsim.core.simulation_manager.plugin] No adjacent samples found for interpolation at time 1434/30
2026-08-19T04:01:01Z [44,615ms] [Warning] [isaacsim.core.simulation_manager.plugin] No adjacent samples found for interpolation at time 1435/30
2026-08-19T04:01:01Z [44,641ms] [Warning] [isaacsim.core.simulation_manager.plugin] No adjacent samples found for interpolation at time 1436/30
2026-08-19T04:01:01Z [44,665ms] [Warning] [isaacsim.core.simulation_manager.plugin] No adjacent samples found for interpolation at time 1437/30
2026-08-19T04:01:01Z [44,678ms] [Warning] [isaacsim.core.simulation_manager.plugin] No adjacent samples found for interpolation at time 1438/30
2026-08-19T04:01:01Z [44,693ms] [Warning] [isaacsim.core.simulation_manager.plugin] No adjacent samples found for interpolation at time 1439/30
2026-08-19T04:01:01Z [44,706ms] [Warning] [isaacsim.core.simulation_manager.plugin] No adjacent samples found for interpolation at time 1440/30
2026-08-19T04:01:01Z [44,721ms] [Warning] [isaacsim.core.simulation_manager.plugin] No adjacent samples found for interpolation at time 1441/30
2026-08-19T04:01:01Z [44,735ms] [Warning] [isaacsim.core.simulation_manager.plugin] No adjacent samples found for interpolation at time 1442/30
2026-08-19T04:01:01Z [44,749ms] [Warning] [isaacsim.core.simulation_manager.plugin] No adjacent samples found for interpolation at time 1443/30
2026-08-19T04:01:01Z [44,762ms] [Warning] [isaacsim.core.simulation_manager.plugin] No adjacent samples found for interpolation at time 1444/30
2026-08-19T04:01:01Z [44,775ms] [Warning] [isaacsim.core.simulation_manager.plugin] No adjacent samples found for interpolation at time 1445/30
2026-08-19T04:01:01Z [44,789ms] [Warning] [isaacsim.core.simulation_manager.plugin] No adjacent samples found for interpolation at time 1446/30
2026-08-19T04:01:01Z [44,804ms] [Warning] [isaacsim.core.simulation_manager.plugin] No adjacent samples found for interpolation at time 1447/30
2026-08-19T04:01:01Z [44,817ms] [Warning] [isaacsim.core.simulation_manager.plugin] No adjacent samples found for interpolation at time 1448/30
2026-08-19T04:01:01Z [44,832ms] [Warning] [isaacsim.core.simulation_manager.plugin] No adjacent samples found for interpolation at time 1449/30
2026-08-19T04:01:01Z [44,845ms] [Warning] [isaacsim.core.simulation_manager.plugin] No adjacent samples found for interpolation at time 1450/30
2026-08-19T04:01:01Z [44,860ms] [Warning] [isaacsim.core.simulation_manager.plugin] No adjacent samples found for interpolation at time 1451/30
2026-08-19T04:01:01Z [44,873ms] [Warning] [isaacsim.core.simulation_manager.plugin] No adjacent samples found for interpolation at time 1452/30
2026-08-19T04:01:01Z [44,894ms] [Warning] [isaacsim.core.simulation_manager.plugin] No adjacent samples found for interpolation at time 1453/30
2026-08-19T04:01:01Z [44,919ms] [Warning] [isaacsim.core.simulation_manager.plugin] No adjacent samples found for interpolation at time 1454/30
2026-08-19T04:01:01Z [44,945ms] [Warning] [isaacsim.core.simulation_manager.plugin] No adjacent samples found for interpolation at time 1455/30
2026-08-19T04:01:02Z [44,968ms] [Warning] [isaacsim.core.simulation_manager.plugin] No adjacent samples found for interpolation at time 1456/30
2026-08-19T04:01:02Z [44,993ms] [Warning] [isaacsim.core.simulation_manager.plugin] No adjacent samples found for interpolation at time 1457/30
2026-08-19T04:01:02Z [45,018ms] [Warning] [isaacsim.core.simulation_manager.plugin] No adjacent samples found for interpolation at time 1458/30
2026-08-19T04:01:02Z [45,043ms] [Warning] [isaacsim.core.simulation_manager.plugin] No adjacent samples found for interpolation at time 1459/30
2026-08-19T04:01:02Z [45,067ms] [Warning] [isaacsim.core.simulation_manager.plugin] No adjacent samples found for interpolation at time 1460/30
2026-08-19T04:01:02Z [45,094ms] [Warning] [isaacsim.core.simulation_manager.plugin] No adjacent samples found for interpolation at time 1461/30
2026-08-19T04:01:02Z [45,121ms] [Warning] [isaacsim.core.simulation_manager.plugin] No adjacent samples found for interpolation at time 1462/30
2026-08-19T04:01:02Z [45,153ms] [Warning] [isaacsim.core.simulation_manager.plugin] No adjacent samples found for interpolation at time 1463/30
2026-08-19T04:01:02Z [45,171ms] [Warning] [isaacsim.core.simulation_manager.plugin] No adjacent samples found for interpolation at time 1464/30
2026-08-19T04:01:02Z [45,196ms] [Warning] [isaacsim.core.simulation_manager.plugin] No adjacent samples found for interpolation at time 1465/30
2026-08-19T04:01:02Z [45,221ms] [Warning] [isaacsim.core.simulation_manager.plugin] No adjacent samples found for interpolation at time 1466/30
2026-08-19T04:01:02Z [45,247ms] [Warning] [isaacsim.core.simulation_manager.plugin] No adjacent samples found for interpolation at time 1467/30
2026-08-19T04:01:02Z [45,273ms] [Warning] [isaacsim.core.simulation_manager.plugin] No adjacent samples found for interpolation at time 1468/30
2026-08-19T04:01:02Z [45,300ms] [Warning] [isaacsim.core.simulation_manager.plugin] No adjacent samples found for interpolation at time 1469/30
2026-08-19T04:01:02Z [45,325ms] [Warning] [isaacsim.core.simulation_manager.plugin] No adjacent samples found for interpolation at time 1470/30
2026-08-19T04:01:02Z [45,351ms] [Warning] [isaacsim.core.simulation_manager.plugin] No adjacent samples found for interpolation at time 1471/30
2026-08-19T04:01:02Z [45,376ms] [Warning] [isaacsim.core.simulation_manager.plugin] No adjacent samples found for interpolation at time 1472/30
2026-08-19T04:01:02Z [45,402ms] [Warning] [isaacsim.core.simulation_manager.plugin] No adjacent samples found for interpolation at time 1473/30
2026-08-19T04:01:02Z [45,428ms] [Warning] [isaacsim.core.simulation_manager.plugin] No adjacent samples found for interpolation at time 1474/30
2026-08-19T04:01:02Z [45,454ms] [Warning] [isaacsim.core.simulation_manager.plugin] No adjacent samples found for interpolation at time 1475/30
2026-08-19T04:01:02Z [45,480ms] [Warning] [isaacsim.core.simulation_manager.plugin] No adjacent samples found for interpolation at time 1476/30
2026-08-19T04:01:02Z [45,507ms] [Warning] [isaacsim.core.simulation_manager.plugin] No adjacent samples found for interpolation at time 1477/30
2026-08-19T04:01:02Z [45,532ms] [Warning] [isaacsim.core.simulation_manager.plugin] No adjacent samples found for interpolation at time 1478/30
2026-08-19T04:01:02Z [45,558ms] [Warning] [isaacsim.core.simulation_manager.plugin] No adjacent samples found for interpolation at time 1479/30
2026-08-19T04:01:02Z [45,583ms] [Warning] [isaacsim.core.simulation_manager.plugin] No adjacent samples found for interpolation at time 1480/30
2026-08-19T04:01:02Z [45,611ms] [Warning] [isaacsim.core.simulation_manager.plugin] No adjacent samples found for interpolation at time 1481/30
2026-08-19T04:01:02Z [45,637ms] [Warning] [isaacsim.core.simulation_manager.plugin] No adjacent samples found for interpolation at time 1482/30
2026-08-19T04:01:02Z [45,664ms] [Warning] [isaacsim.core.simulation_manager.plugin] No adjacent samples found for interpolation at time 1483/30
2026-08-19T04:01:02Z [45,689ms] [Warning] [isaacsim.core.simulation_manager.plugin] No adjacent samples found for interpolation at time 1484/30
2026-08-19T04:01:02Z [45,715ms] [Warning] [isaacsim.core.simulation_manager.plugin] No adjacent samples found for interpolation at time 1485/30
2026-08-19T04:01:02Z [45,740ms] [Warning] [isaacsim.core.simulation_manager.plugin] No adjacent samples found for interpolation at time 1486/30
2026-08-19T04:01:02Z [45,766ms] [Warning] [isaacsim.core.simulation_manager.plugin] No adjacent samples found for interpolation at time 1487/30
2026-08-19T04:01:02Z [45,792ms] [Warning] [isaacsim.core.simulation_manager.plugin] No adjacent samples found for interpolation at time 1488/30
2026-08-19T04:01:02Z [45,818ms] [Warning] [isaacsim.core.simulation_manager.plugin] No adjacent samples found for interpolation at time 1489/30
2026-08-19T04:01:02Z [45,843ms] [Warning] [isaacsim.core.simulation_manager.plugin] No adjacent samples found for interpolation at time 1490/30
2026-08-19T04:01:02Z [45,869ms] [Warning] [isaacsim.core.simulation_manager.plugin] No adjacent samples found for interpolation at time 1491/30
2026-08-19T04:01:02Z [45,895ms] [Warning] [isaacsim.core.simulation_manager.plugin] No adjacent samples found for interpolation at time 1492/30
2026-08-19T04:01:02Z [45,924ms] [Warning] [isaacsim.core.simulation_manager.plugin] No adjacent samples found for interpolation at time 1493/30
2026-08-19T04:01:02Z [45,949ms] [Warning] [isaacsim.core.simulation_manager.plugin] No adjacent samples found for interpolation at time 1494/30
2026-08-19T04:01:03Z [45,973ms] [Warning] [isaacsim.core.simulation_manager.plugin] No adjacent samples found for interpolation at time 1495/30
2026-08-19T04:01:03Z [46,000ms] [Warning] [isaacsim.core.simulation_manager.plugin] No adjacent samples found for interpolation at time 1496/30
2026-08-19T04:01:03Z [46,025ms] [Warning] [isaacsim.core.simulation_manager.plugin] No adjacent samples found for interpolation at time 1497/30
2026-08-19T04:01:03Z [46,051ms] [Warning] [isaacsim.core.simulation_manager.plugin] No adjacent samples found for interpolation at time 1498/30
2026-08-19T04:01:03Z [46,083ms] [Warning] [isaacsim.core.simulation_manager.plugin] No adjacent samples found for interpolation at time 1499/30
2026-08-19T04:01:03Z [46,101ms] [Warning] [isaacsim.core.simulation_manager.plugin] No adjacent samples found for interpolation at time 1500/30
2026-08-19T04:01:03Z [46,126ms] [Warning] [isaacsim.core.simulation_manager.plugin] No adjacent samples found for interpolation at time 1501/30
2026-08-19T04:01:03Z [46,151ms] [Warning] [isaacsim.core.simulation_manager.plugin] No adjacent samples found for interpolation at time 1502/30
2026-08-19T04:01:03Z [46,176ms] [Warning] [isaacsim.core.simulation_manager.plugin] No adjacent samples found for interpolation at time 1503/30
2026-08-19T04:01:03Z [46,200ms] [Warning] [isaacsim.core.simulation_manager.plugin] No adjacent samples found for interpolation at time 1504/30
2026-08-19T04:01:03Z [46,223ms] [Warning] [isaacsim.core.simulation_manager.plugin] No adjacent samples found for interpolation at time 1505/30
2026-08-19T04:01:03Z [46,247ms] [Warning] [isaacsim.core.simulation_manager.plugin] No adjacent samples found for interpolation at time 1506/30
2026-08-19T04:01:03Z [46,272ms] [Warning] [isaacsim.core.simulation_manager.plugin] No adjacent samples found for interpolation at time 1507/30
2026-08-19T04:01:03Z [46,296ms] [Warning] [isaacsim.core.simulation_manager.plugin] No adjacent samples found for interpolation at time 1508/30
2026-08-19T04:01:03Z [46,323ms] [Warning] [isaacsim.core.simulation_manager.plugin] No adjacent samples found for interpolation at time 1509/30
2026-08-19T04:01:03Z [46,347ms] [Warning] [isaacsim.core.simulation_manager.plugin] No adjacent samples found for interpolation at time 1510/30
2026-08-19T04:01:03Z [46,373ms] [Warning] [isaacsim.core.simulation_manager.plugin] No adjacent samples found for interpolation at time 1511/30
2026-08-19T04:01:03Z [46,398ms] [Warning] [isaacsim.core.simulation_manager.plugin] No adjacent samples found for interpolation at time 1512/30
2026-08-19T04:01:03Z [46,423ms] [Warning] [isaacsim.core.simulation_manager.plugin] No adjacent samples found for interpolation at time 1513/30
2026-08-19T04:01:03Z [46,451ms] [Warning] [isaacsim.core.simulation_manager.plugin] No adjacent samples found for interpolation at time 1514/30
2026-08-19T04:01:03Z [46,475ms] [Warning] [isaacsim.core.simulation_manager.plugin] No adjacent samples found for interpolation at time 1515/30
2026-08-19T04:01:03Z [46,500ms] [Warning] [isaacsim.core.simulation_manager.plugin] No adjacent samples found for interpolation at time 1516/30
2026-08-19T04:01:03Z [46,526ms] [Warning] [isaacsim.core.simulation_manager.plugin] No adjacent samples found for interpolation at time 1517/30
2026-08-19T04:01:03Z [46,553ms] [Warning] [isaacsim.core.simulation_manager.plugin] No adjacent samples found for interpolation at time 1518/30
2026-08-19T04:01:03Z [46,578ms] [Warning] [isaacsim.core.simulation_manager.plugin] No adjacent samples found for interpolation at time 1519/30
2026-08-19T04:01:03Z [46,604ms] [Warning] [isaacsim.core.simulation_manager.plugin] No adjacent samples found for interpolation at time 1520/30
2026-08-19T04:01:03Z [46,630ms] [Warning] [isaacsim.core.simulation_manager.plugin] No adjacent samples found for interpolation at time 1521/30
2026-08-19T04:01:03Z [46,655ms] [Warning] [isaacsim.core.simulation_manager.plugin] No adjacent samples found for interpolation at time 1522/30
2026-08-19T04:01:03Z [46,680ms] [Warning] [isaacsim.core.simulation_manager.plugin] No adjacent samples found for interpolation at time 1523/30
2026-08-19T04:01:03Z [46,705ms] [Warning] [isaacsim.core.simulation_manager.plugin] No adjacent samples found for interpolation at time 1524/30
2026-08-19T04:01:03Z [46,731ms] [Warning] [isaacsim.core.simulation_manager.plugin] No adjacent samples found for interpolation at time 1525/30
2026-08-19T04:01:03Z [46,759ms] [Warning] [isaacsim.core.simulation_manager.plugin] No adjacent samples found for interpolation at time 1526/30
2026-08-19T04:01:03Z [46,782ms] [Warning] [isaacsim.core.simulation_manager.plugin] No adjacent samples found for interpolation at time 1527/30
2026-08-19T04:01:03Z [46,809ms] [Warning] [isaacsim.core.simulation_manager.plugin] No adjacent samples found for interpolation at time 1528/30
2026-08-19T04:01:03Z [46,833ms] [Warning] [isaacsim.core.simulation_manager.plugin] No adjacent samples found for interpolation at time 1529/30
2026-08-19T04:01:03Z [46,859ms] [Warning] [isaacsim.core.simulation_manager.plugin] No adjacent samples found for interpolation at time 1530/30
2026-08-19T04:01:03Z [46,887ms] [Warning] [isaacsim.core.simulation_manager.plugin] No adjacent samples found for interpolation at time 1531/30
2026-08-19T04:01:03Z [46,913ms] [Warning] [isaacsim.core.simulation_manager.plugin] No adjacent samples found for interpolation at time 1532/30
2026-08-19T04:01:03Z [46,936ms] [Warning] [isaacsim.core.simulation_manager.plugin] No adjacent samples found for interpolation at time 1533/30
2026-08-19T04:01:04Z [46,962ms] [Warning] [isaacsim.core.simulation_manager.plugin] No adjacent samples found for interpolation at time 1534/30
2026-08-19T04:01:04Z [46,996ms] [Warning] [isaacsim.core.simulation_manager.plugin] No adjacent samples found for interpolation at time 1535/30
2026-08-19T04:01:04Z [47,013ms] [Warning] [isaacsim.core.simulation_manager.plugin] No adjacent samples found for interpolation at time 1536/30
2026-08-19T04:01:04Z [47,039ms] [Warning] [isaacsim.core.simulation_manager.plugin] No adjacent samples found for interpolation at time 1537/30
2026-08-19T04:01:04Z [47,065ms] [Warning] [isaacsim.core.simulation_manager.plugin] No adjacent samples found for interpolation at time 1538/30
2026-08-19T04:01:04Z [47,090ms] [Warning] [isaacsim.core.simulation_manager.plugin] No adjacent samples found for interpolation at time 1539/30
2026-08-19T04:01:04Z [47,116ms] [Warning] [isaacsim.core.simulation_manager.plugin] No adjacent samples found for interpolation at time 1540/30
2026-08-19T04:01:04Z [47,142ms] [Warning] [isaacsim.core.simulation_manager.plugin] No adjacent samples found for interpolation at time 1541/30
2026-08-19T04:01:04Z [47,169ms] [Warning] [isaacsim.core.simulation_manager.plugin] No adjacent samples found for interpolation at time 1542/30
2026-08-19T04:01:04Z [47,193ms] [Warning] [isaacsim.core.simulation_manager.plugin] No adjacent samples found for interpolation at time 1543/30
2026-08-19T04:01:04Z [47,218ms] [Warning] [isaacsim.core.simulation_manager.plugin] No adjacent samples found for interpolation at time 1544/30
2026-08-19T04:01:04Z [47,246ms] [Warning] [isaacsim.core.simulation_manager.plugin] No adjacent samples found for interpolation at time 1545/30
2026-08-19T04:01:04Z [47,272ms] [Warning] [isaacsim.core.simulation_manager.plugin] No adjacent samples found for interpolation at time 1546/30
2026-08-19T04:01:04Z [47,296ms] [Warning] [isaacsim.core.simulation_manager.plugin] No adjacent samples found for interpolation at time 1547/30
2026-08-19T04:01:04Z [47,322ms] [Warning] [isaacsim.core.simulation_manager.plugin] No adjacent samples found for interpolation at time 1548/30
2026-08-19T04:01:04Z [47,348ms] [Warning] [isaacsim.core.simulation_manager.plugin] No adjacent samples found for interpolation at time 1549/30
2026-08-19T04:01:04Z [47,372ms] [Warning] [isaacsim.core.simulation_manager.plugin] No adjacent samples found for interpolation at time 1550/30
2026-08-19T04:01:04Z [47,400ms] [Warning] [isaacsim.core.simulation_manager.plugin] No adjacent samples found for interpolation at time 1551/30
2026-08-19T04:01:04Z [47,424ms] [Warning] [isaacsim.core.simulation_manager.plugin] No adjacent samples found for interpolation at time 1552/30
2026-08-19T04:01:04Z [47,450ms] [Warning] [isaacsim.core.simulation_manager.plugin] No adjacent samples found for interpolation at time 1553/30
2026-08-19T04:01:04Z [47,475ms] [Warning] [isaacsim.core.simulation_manager.plugin] No adjacent samples found for interpolation at time 1554/30
2026-08-19T04:01:04Z [47,502ms] [Warning] [isaacsim.core.simulation_manager.plugin] No adjacent samples found for interpolation at time 1555/30
2026-08-19T04:01:04Z [47,527ms] [Warning] [isaacsim.core.simulation_manager.plugin] No adjacent samples found for interpolation at time 1556/30
2026-08-19T04:01:04Z [47,553ms] [Warning] [isaacsim.core.simulation_manager.plugin] No adjacent samples found for interpolation at time 1557/30
2026-08-19T04:01:04Z [47,578ms] [Warning] [isaacsim.core.simulation_manager.plugin] No adjacent samples found for interpolation at time 1558/30
2026-08-19T04:01:04Z [47,604ms] [Warning] [isaacsim.core.simulation_manager.plugin] No adjacent samples found for interpolation at time 1559/30
2026-08-19T04:01:04Z [47,629ms] [Warning] [isaacsim.core.simulation_manager.plugin] No adjacent samples found for interpolation at time 1560/30
2026-08-19T04:01:04Z [47,656ms] [Warning] [isaacsim.core.simulation_manager.plugin] No adjacent samples found for interpolation at time 1561/30
2026-08-19T04:01:04Z [47,682ms] [Warning] [isaacsim.core.simulation_manager.plugin] No adjacent samples found for interpolation at time 1562/30
2026-08-19T04:01:04Z [47,708ms] [Warning] [isaacsim.core.simulation_manager.plugin] No adjacent samples found for interpolation at time 1563/30
2026-08-19T04:01:04Z [47,733ms] [Warning] [isaacsim.core.simulation_manager.plugin] No adjacent samples found for interpolation at time 1564/30
2026-08-19T04:01:04Z [47,759ms] [Warning] [isaacsim.core.simulation_manager.plugin] No adjacent samples found for interpolation at time 1565/30
2026-08-19T04:01:04Z [47,787ms] [Warning] [isaacsim.core.simulation_manager.plugin] No adjacent samples found for interpolation at time 1566/30
2026-08-19T04:01:04Z [47,811ms] [Warning] [isaacsim.core.simulation_manager.plugin] No adjacent samples found for interpolation at time 1567/30
2026-08-19T04:01:04Z [47,840ms] [Warning] [isaacsim.core.simulation_manager.plugin] No adjacent samples found for interpolation at time 1568/30
2026-08-19T04:01:04Z [47,862ms] [Warning] [isaacsim.core.simulation_manager.plugin] No adjacent samples found for interpolation at time 1569/30
2026-08-19T04:01:04Z [47,888ms] [Warning] [isaacsim.core.simulation_manager.plugin] No adjacent samples found for interpolation at time 1570/30
2026-08-19T04:01:04Z [47,923ms] [Warning] [isaacsim.core.simulation_manager.plugin] No adjacent samples found for interpolation at time 1571/30
2026-08-19T04:01:04Z [47,940ms] [Warning] [isaacsim.core.simulation_manager.plugin] No adjacent samples found for interpolation at time 1572/30
2026-08-19T04:01:05Z [47,966ms] [Warning] [isaacsim.core.simulation_manager.plugin] No adjacent samples found for interpolation at time 1573/30
2026-08-19T04:01:05Z [47,992ms] [Warning] [isaacsim.core.simulation_manager.plugin] No adjacent samples found for interpolation at time 1574/30
2026-08-19T04:01:05Z [48,020ms] [Warning] [isaacsim.core.simulation_manager.plugin] No adjacent samples found for interpolation at time 1575/30
2026-08-19T04:01:05Z [48,044ms] [Warning] [isaacsim.core.simulation_manager.plugin] No adjacent samples found for interpolation at time 1576/30
2026-08-19T04:01:05Z [48,070ms] [Warning] [isaacsim.core.simulation_manager.plugin] No adjacent samples found for interpolation at time 1577/30
2026-08-19T04:01:05Z [48,097ms] [Warning] [isaacsim.core.simulation_manager.plugin] No adjacent samples found for interpolation at time 1578/30
2026-08-19T04:01:05Z [48,122ms] [Warning] [isaacsim.core.simulation_manager.plugin] No adjacent samples found for interpolation at time 1579/30
2026-08-19T04:01:05Z [48,147ms] [Warning] [isaacsim.core.simulation_manager.plugin] No adjacent samples found for interpolation at time 1580/30
2026-08-19T04:01:05Z [48,173ms] [Warning] [isaacsim.core.simulation_manager.plugin] No adjacent samples found for interpolation at time 1581/30
2026-08-19T04:01:05Z [48,199ms] [Warning] [isaacsim.core.simulation_manager.plugin] No adjacent samples found for interpolation at time 1582/30
2026-08-19T04:01:05Z [48,225ms] [Warning] [isaacsim.core.simulation_manager.plugin] No adjacent samples found for interpolation at time 1583/30
2026-08-19T04:01:05Z [48,251ms] [Warning] [isaacsim.core.simulation_manager.plugin] No adjacent samples found for interpolation at time 1584/30
2026-08-19T04:01:05Z [48,277ms] [Warning] [isaacsim.core.simulation_manager.plugin] No adjacent samples found for interpolation at time 1585/30
2026-08-19T04:01:05Z [48,303ms] [Warning] [isaacsim.core.simulation_manager.plugin] No adjacent samples found for interpolation at time 1586/30
2026-08-19T04:01:05Z [48,328ms] [Warning] [isaacsim.core.simulation_manager.plugin] No adjacent samples found for interpolation at time 1587/30
2026-08-19T04:01:05Z [48,354ms] [Warning] [isaacsim.core.simulation_manager.plugin] No adjacent samples found for interpolation at time 1588/30
2026-08-19T04:01:05Z [48,379ms] [Warning] [isaacsim.core.simulation_manager.plugin] No adjacent samples found for interpolation at time 1589/30
2026-08-19T04:01:05Z [48,406ms] [Warning] [isaacsim.core.simulation_manager.plugin] No adjacent samples found for interpolation at time 1590/30
2026-08-19T04:01:05Z [48,431ms] [Warning] [isaacsim.core.simulation_manager.plugin] No adjacent samples found for interpolation at time 1591/30
2026-08-19T04:01:05Z [48,458ms] [Warning] [isaacsim.core.simulation_manager.plugin] No adjacent samples found for interpolation at time 1592/30
2026-08-19T04:01:05Z [48,483ms] [Warning] [isaacsim.core.simulation_manager.plugin] No adjacent samples found for interpolation at time 1593/30
2026-08-19T04:01:05Z [48,509ms] [Warning] [isaacsim.core.simulation_manager.plugin] No adjacent samples found for interpolation at time 1594/30
2026-08-19T04:01:05Z [48,535ms] [Warning] [isaacsim.core.simulation_manager.plugin] No adjacent samples found for interpolation at time 1595/30
2026-08-19T04:01:05Z [48,561ms] [Warning] [isaacsim.core.simulation_manager.plugin] No adjacent samples found for interpolation at time 1596/30
2026-08-19T04:01:05Z [48,587ms] [Warning] [isaacsim.core.simulation_manager.plugin] No adjacent samples found for interpolation at time 1597/30
2026-08-19T04:01:05Z [48,613ms] [Warning] [isaacsim.core.simulation_manager.plugin] No adjacent samples found for interpolation at time 1598/30
2026-08-19T04:01:05Z [48,638ms] [Warning] [isaacsim.core.simulation_manager.plugin] No adjacent samples found for interpolation at time 1599/30
2026-08-19T04:01:05Z [48,664ms] [Warning] [isaacsim.core.simulation_manager.plugin] No adjacent samples found for interpolation at time 1600/30
2026-08-19T04:01:05Z [48,689ms] [Warning] [isaacsim.core.simulation_manager.plugin] No adjacent samples found for interpolation at time 1601/30
2026-08-19T04:01:05Z [48,716ms] [Warning] [isaacsim.core.simulation_manager.plugin] No adjacent samples found for interpolation at time 1602/30
2026-08-19T04:01:05Z [48,742ms] [Warning] [isaacsim.core.simulation_manager.plugin] No adjacent samples found for interpolation at time 1603/30
2026-08-19T04:01:05Z [48,767ms] [Warning] [isaacsim.core.simulation_manager.plugin] No adjacent samples found for interpolation at time 1604/30
2026-08-19T04:01:05Z [48,794ms] [Warning] [isaacsim.core.simulation_manager.plugin] No adjacent samples found for interpolation at time 1605/30
2026-08-19T04:01:05Z [48,820ms] [Warning] [isaacsim.core.simulation_manager.plugin] No adjacent samples found for interpolation at time 1606/30
2026-08-19T04:01:05Z [48,854ms] [Warning] [isaacsim.core.simulation_manager.plugin] No adjacent samples found for interpolation at time 1607/30
2026-08-19T04:01:05Z [48,873ms] [Warning] [isaacsim.core.simulation_manager.plugin] No adjacent samples found for interpolation at time 1608/30
2026-08-19T04:01:05Z [48,898ms] [Warning] [isaacsim.core.simulation_manager.plugin] No adjacent samples found for interpolation at time 1609/30
2026-08-19T04:01:05Z [48,924ms] [Warning] [isaacsim.core.simulation_manager.plugin] No adjacent samples found for interpolation at time 1610/30
2026-08-19T04:01:05Z [48,949ms] [Warning] [isaacsim.core.simulation_manager.plugin] No adjacent samples found for interpolation at time 1611/30
2026-08-19T04:01:06Z [48,974ms] [Warning] [isaacsim.core.simulation_manager.plugin] No adjacent samples found for interpolation at time 1612/30
2026-08-19T04:01:06Z [49,000ms] [Warning] [isaacsim.core.simulation_manager.plugin] No adjacent samples found for interpolation at time 1613/30
2026-08-19T04:01:06Z [49,026ms] [Warning] [isaacsim.core.simulation_manager.plugin] No adjacent samples found for interpolation at time 1614/30
2026-08-19T04:01:06Z [49,053ms] [Warning] [isaacsim.core.simulation_manager.plugin] No adjacent samples found for interpolation at time 1615/30
2026-08-19T04:01:06Z [49,077ms] [Warning] [isaacsim.core.simulation_manager.plugin] No adjacent samples found for interpolation at time 1616/30
2026-08-19T04:01:06Z [49,104ms] [Warning] [isaacsim.core.simulation_manager.plugin] No adjacent samples found for interpolation at time 1617/30
2026-08-19T04:01:06Z [49,131ms] [Warning] [isaacsim.core.simulation_manager.plugin] No adjacent samples found for interpolation at time 1618/30
2026-08-19T04:01:06Z [49,155ms] [Warning] [isaacsim.core.simulation_manager.plugin] No adjacent samples found for interpolation at time 1619/30
2026-08-19T04:01:06Z [49,181ms] [Warning] [isaacsim.core.simulation_manager.plugin] No adjacent samples found for interpolation at time 1620/30
2026-08-19T04:01:06Z [49,208ms] [Warning] [isaacsim.core.simulation_manager.plugin] No adjacent samples found for interpolation at time 1621/30
2026-08-19T04:01:06Z [49,233ms] [Warning] [isaacsim.core.simulation_manager.plugin] No adjacent samples found for interpolation at time 1622/30
2026-08-19T04:01:06Z [49,258ms] [Warning] [isaacsim.core.simulation_manager.plugin] No adjacent samples found for interpolation at time 1623/30
2026-08-19T04:01:06Z [49,284ms] [Warning] [isaacsim.core.simulation_manager.plugin] No adjacent samples found for interpolation at time 1624/30
2026-08-19T04:01:06Z [49,310ms] [Warning] [isaacsim.core.simulation_manager.plugin] No adjacent samples found for interpolation at time 1625/30
2026-08-19T04:01:06Z [49,337ms] [Warning] [isaacsim.core.simulation_manager.plugin] No adjacent samples found for interpolation at time 1626/30
2026-08-19T04:01:06Z [49,362ms] [Warning] [isaacsim.core.simulation_manager.plugin] No adjacent samples found for interpolation at time 1627/30
2026-08-19T04:01:06Z [49,388ms] [Warning] [isaacsim.core.simulation_manager.plugin] No adjacent samples found for interpolation at time 1628/30
2026-08-19T04:01:06Z [49,412ms] [Warning] [isaacsim.core.simulation_manager.plugin] No adjacent samples found for interpolation at time 1629/30
2026-08-19T04:01:06Z [49,439ms] [Warning] [isaacsim.core.simulation_manager.plugin] No adjacent samples found for interpolation at time 1630/30
2026-08-19T04:01:06Z [49,465ms] [Warning] [isaacsim.core.simulation_manager.plugin] No adjacent samples found for interpolation at time 1631/30
2026-08-19T04:01:06Z [49,490ms] [Warning] [isaacsim.core.simulation_manager.plugin] No adjacent samples found for interpolation at time 1632/30
2026-08-19T04:01:06Z [49,515ms] [Warning] [isaacsim.core.simulation_manager.plugin] No adjacent samples found for interpolation at time 1633/30
2026-08-19T04:01:06Z [49,541ms] [Warning] [isaacsim.core.simulation_manager.plugin] No adjacent samples found for interpolation at time 1634/30
2026-08-19T04:01:06Z [49,567ms] [Warning] [isaacsim.core.simulation_manager.plugin] No adjacent samples found for interpolation at time 1635/30
2026-08-19T04:01:06Z [49,593ms] [Warning] [isaacsim.core.simulation_manager.plugin] No adjacent samples found for interpolation at time 1636/30
2026-08-19T04:01:06Z [49,620ms] [Warning] [isaacsim.core.simulation_manager.plugin] No adjacent samples found for interpolation at time 1637/30
2026-08-19T04:01:06Z [49,645ms] [Warning] [isaacsim.core.simulation_manager.plugin] No adjacent samples found for interpolation at time 1638/30
2026-08-19T04:01:06Z [49,671ms] [Warning] [isaacsim.core.simulation_manager.plugin] No adjacent samples found for interpolation at time 1639/30
2026-08-19T04:01:06Z [49,697ms] [Warning] [isaacsim.core.simulation_manager.plugin] No adjacent samples found for interpolation at time 1640/30
2026-08-19T04:01:06Z [49,723ms] [Warning] [isaacsim.core.simulation_manager.plugin] No adjacent samples found for interpolation at time 1641/30
2026-08-19T04:01:06Z [49,749ms] [Warning] [isaacsim.core.simulation_manager.plugin] No adjacent samples found for interpolation at time 1642/30
2026-08-19T04:01:06Z [49,783ms] [Warning] [isaacsim.core.simulation_manager.plugin] No adjacent samples found for interpolation at time 1643/30
2026-08-19T04:01:06Z [49,800ms] [Warning] [isaacsim.core.simulation_manager.plugin] No adjacent samples found for interpolation at time 1644/30
2026-08-19T04:01:06Z [49,827ms] [Warning] [isaacsim.core.simulation_manager.plugin] No adjacent samples found for interpolation at time 1645/30
2026-08-19T04:01:06Z [49,851ms] [Warning] [isaacsim.core.simulation_manager.plugin] No adjacent samples found for interpolation at time 1646/30
2026-08-19T04:01:06Z [49,877ms] [Warning] [isaacsim.core.simulation_manager.plugin] No adjacent samples found for interpolation at time 1647/30
2026-08-19T04:01:06Z [49,902ms] [Warning] [isaacsim.core.simulation_manager.plugin] No adjacent samples found for interpolation at time 1648/30
2026-08-19T04:01:06Z [49,930ms] [Warning] [isaacsim.core.simulation_manager.plugin] No adjacent samples found for interpolation at time 1649/30
2026-08-19T04:01:06Z [49,955ms] [Warning] [isaacsim.core.simulation_manager.plugin] No adjacent samples found for interpolation at time 1650/30
2026-08-19T04:01:07Z [49,981ms] [Warning] [isaacsim.core.simulation_manager.plugin] No adjacent samples found for interpolation at time 1651/30
2026-08-19T04:01:07Z [50,006ms] [Warning] [isaacsim.core.simulation_manager.plugin] No adjacent samples found for interpolation at time 1652/30
2026-08-19T04:01:07Z [50,031ms] [Warning] [isaacsim.core.simulation_manager.plugin] No adjacent samples found for interpolation at time 1653/30
2026-08-19T04:01:07Z [50,057ms] [Warning] [isaacsim.core.simulation_manager.plugin] No adjacent samples found for interpolation at time 1654/30
2026-08-19T04:01:07Z [50,083ms] [Warning] [isaacsim.core.simulation_manager.plugin] No adjacent samples found for interpolation at time 1655/30
2026-08-19T04:01:07Z [50,109ms] [Warning] [isaacsim.core.simulation_manager.plugin] No adjacent samples found for interpolation at time 1656/30
2026-08-19T04:01:07Z [50,135ms] [Warning] [isaacsim.core.simulation_manager.plugin] No adjacent samples found for interpolation at time 1657/30
2026-08-19T04:01:07Z [50,160ms] [Warning] [isaacsim.core.simulation_manager.plugin] No adjacent samples found for interpolation at time 1658/30
2026-08-19T04:01:07Z [50,186ms] [Warning] [isaacsim.core.simulation_manager.plugin] No adjacent samples found for interpolation at time 1659/30
2026-08-19T04:01:07Z [50,214ms] [Warning] [isaacsim.core.simulation_manager.plugin] No adjacent samples found for interpolation at time 1660/30
2026-08-19T04:01:07Z [50,239ms] [Warning] [isaacsim.core.simulation_manager.plugin] No adjacent samples found for interpolation at time 1661/30
2026-08-19T04:01:07Z [50,263ms] [Warning] [isaacsim.core.simulation_manager.plugin] No adjacent samples found for interpolation at time 1662/30
2026-08-19T04:01:07Z [50,289ms] [Warning] [isaacsim.core.simulation_manager.plugin] No adjacent samples found for interpolation at time 1663/30
2026-08-19T04:01:07Z [50,315ms] [Warning] [isaacsim.core.simulation_manager.plugin] No adjacent samples found for interpolation at time 1664/30
2026-08-19T04:01:07Z [50,340ms] [Warning] [isaacsim.core.simulation_manager.plugin] No adjacent samples found for interpolation at time 1665/30
2026-08-19T04:01:07Z [50,366ms] [Warning] [isaacsim.core.simulation_manager.plugin] No adjacent samples found for interpolation at time 1666/30
2026-08-19T04:01:07Z [50,391ms] [Warning] [isaacsim.core.simulation_manager.plugin] No adjacent samples found for interpolation at time 1667/30
2026-08-19T04:01:07Z [50,417ms] [Warning] [isaacsim.core.simulation_manager.plugin] No adjacent samples found for interpolation at time 1668/30
2026-08-19T04:01:07Z [50,442ms] [Warning] [isaacsim.core.simulation_manager.plugin] No adjacent samples found for interpolation at time 1669/30
2026-08-19T04:01:07Z [50,460ms] [Warning] [isaacsim.core.simulation_manager.plugin] No adjacent samples found for interpolation at time 1670/30
2026-08-19T04:01:07Z [50,484ms] [Warning] [isaacsim.core.simulation_manager.plugin] No adjacent samples found for interpolation at time 1671/30
2026-08-19T04:01:07Z [50,509ms] [Warning] [isaacsim.core.simulation_manager.plugin] No adjacent samples found for interpolation at time 1672/30
2026-08-19T04:01:07Z [50,535ms] [Warning] [isaacsim.core.simulation_manager.plugin] No adjacent samples found for interpolation at time 1673/30
2026-08-19T04:01:07Z [50,559ms] [Warning] [isaacsim.core.simulation_manager.plugin] No adjacent samples found for interpolation at time 1674/30
2026-08-19T04:01:07Z [50,583ms] [Warning] [isaacsim.core.simulation_manager.plugin] No adjacent samples found for interpolation at time 1675/30
2026-08-19T04:01:07Z [50,609ms] [Warning] [isaacsim.core.simulation_manager.plugin] No adjacent samples found for interpolation at time 1676/30
2026-08-19T04:01:07Z [50,635ms] [Warning] [isaacsim.core.simulation_manager.plugin] No adjacent samples found for interpolation at time 1677/30
2026-08-19T04:01:07Z [50,663ms] [Warning] [isaacsim.core.simulation_manager.plugin] No adjacent samples found for interpolation at time 1678/30
2026-08-19T04:01:07Z [50,697ms] [Warning] [isaacsim.core.simulation_manager.plugin] No adjacent samples found for interpolation at time 1679/30
2026-08-19T04:01:07Z [50,714ms] [Warning] [isaacsim.core.simulation_manager.plugin] No adjacent samples found for interpolation at time 1680/30
2026-08-19T04:01:07Z [50,738ms] [Warning] [isaacsim.core.simulation_manager.plugin] No adjacent samples found for interpolation at time 1681/30
2026-08-19T04:01:07Z [50,764ms] [Warning] [isaacsim.core.simulation_manager.plugin] No adjacent samples found for interpolation at time 1682/30
2026-08-19T04:01:07Z [50,790ms] [Warning] [isaacsim.core.simulation_manager.plugin] No adjacent samples found for interpolation at time 1683/30
2026-08-19T04:01:07Z [50,816ms] [Warning] [isaacsim.core.simulation_manager.plugin] No adjacent samples found for interpolation at time 1684/30
2026-08-19T04:01:07Z [50,841ms] [Warning] [isaacsim.core.simulation_manager.plugin] No adjacent samples found for interpolation at time 1685/30
2026-08-19T04:01:07Z [50,867ms] [Warning] [isaacsim.core.simulation_manager.plugin] No adjacent samples found for interpolation at time 1686/30
2026-08-19T04:01:07Z [50,893ms] [Warning] [isaacsim.core.simulation_manager.plugin] No adjacent samples found for interpolation at time 1687/30
2026-08-19T04:01:07Z [50,919ms] [Warning] [isaacsim.core.simulation_manager.plugin] No adjacent samples found for interpolation at time 1688/30
2026-08-19T04:01:07Z [50,945ms] [Warning] [isaacsim.core.simulation_manager.plugin] No adjacent samples found for interpolation at time 1689/30
2026-08-19T04:01:08Z [50,971ms] [Warning] [isaacsim.core.simulation_manager.plugin] No adjacent samples found for interpolation at time 1690/30
2026-08-19T04:01:08Z [50,996ms] [Warning] [isaacsim.core.simulation_manager.plugin] No adjacent samples found for interpolation at time 1691/30
2026-08-19T04:01:08Z [51,021ms] [Warning] [isaacsim.core.simulation_manager.plugin] No adjacent samples found for interpolation at time 1692/30
2026-08-19T04:01:08Z [51,048ms] [Warning] [isaacsim.core.simulation_manager.plugin] No adjacent samples found for interpolation at time 1693/30
2026-08-19T04:01:08Z [51,076ms] [Warning] [isaacsim.core.simulation_manager.plugin] No adjacent samples found for interpolation at time 1694/30
2026-08-19T04:01:08Z [51,098ms] [Warning] [isaacsim.core.simulation_manager.plugin] No adjacent samples found for interpolation at time 1695/30
2026-08-19T04:01:08Z [51,125ms] [Warning] [isaacsim.core.simulation_manager.plugin] No adjacent samples found for interpolation at time 1696/30
2026-08-19T04:01:08Z [51,152ms] [Warning] [isaacsim.core.simulation_manager.plugin] No adjacent samples found for interpolation at time 1697/30
2026-08-19T04:01:08Z [51,177ms] [Warning] [isaacsim.core.simulation_manager.plugin] No adjacent samples found for interpolation at time 1698/30
2026-08-19T04:01:08Z [51,203ms] [Warning] [isaacsim.core.simulation_manager.plugin] No adjacent samples found for interpolation at time 1699/30
2026-08-19T04:01:08Z [51,229ms] [Warning] [isaacsim.core.simulation_manager.plugin] No adjacent samples found for interpolation at time 1700/30
2026-08-19T04:01:08Z [51,254ms] [Warning] [isaacsim.core.simulation_manager.plugin] No adjacent samples found for interpolation at time 1701/30
2026-08-19T04:01:08Z [51,281ms] [Warning] [isaacsim.core.simulation_manager.plugin] No adjacent samples found for interpolation at time 1702/30
2026-08-19T04:01:08Z [51,306ms] [Warning] [isaacsim.core.simulation_manager.plugin] No adjacent samples found for interpolation at time 1703/30
2026-08-19T04:01:08Z [51,330ms] [Warning] [isaacsim.core.simulation_manager.plugin] No adjacent samples found for interpolation at time 1704/30
2026-08-19T04:01:08Z [51,357ms] [Warning] [isaacsim.core.simulation_manager.plugin] No adjacent samples found for interpolation at time 1705/30
2026-08-19T04:01:08Z [51,382ms] [Warning] [isaacsim.core.simulation_manager.plugin] No adjacent samples found for interpolation at time 1706/30
2026-08-19T04:01:08Z [51,409ms] [Warning] [isaacsim.core.simulation_manager.plugin] No adjacent samples found for interpolation at time 1707/30
2026-08-19T04:01:08Z [51,435ms] [Warning] [isaacsim.core.simulation_manager.plugin] No adjacent samples found for interpolation at time 1708/30
2026-08-19T04:01:08Z [51,461ms] [Warning] [isaacsim.core.simulation_manager.plugin] No adjacent samples found for interpolation at time 1709/30
2026-08-19T04:01:08Z [51,483ms] [Warning] [isaacsim.core.simulation_manager.plugin] No adjacent samples found for interpolation at time 1710/30
2026-08-19T04:01:08Z [51,502ms] [Warning] [isaacsim.core.simulation_manager.plugin] No adjacent samples found for interpolation at time 1711/30
2026-08-19T04:01:08Z [51,525ms] [Warning] [isaacsim.core.simulation_manager.plugin] No adjacent samples found for interpolation at time 1712/30
2026-08-19T04:01:08Z [51,551ms] [Warning] [isaacsim.core.simulation_manager.plugin] No adjacent samples found for interpolation at time 1713/30
2026-08-19T04:01:08Z [51,576ms] [Warning] [isaacsim.core.simulation_manager.plugin] No adjacent samples found for interpolation at time 1714/30
2026-08-19T04:01:08Z [51,609ms] [Warning] [isaacsim.core.simulation_manager.plugin] No adjacent samples found for interpolation at time 1715/30
2026-08-19T04:01:08Z [51,627ms] [Warning] [isaacsim.core.simulation_manager.plugin] No adjacent samples found for interpolation at time 1716/30
2026-08-19T04:01:08Z [51,651ms] [Warning] [isaacsim.core.simulation_manager.plugin] No adjacent samples found for interpolation at time 1717/30
2026-08-19T04:01:08Z [51,676ms] [Warning] [isaacsim.core.simulation_manager.plugin] No adjacent samples found for interpolation at time 1718/30
2026-08-19T04:01:08Z [51,696ms] [Warning] [isaacsim.core.simulation_manager.plugin] No adjacent samples found for interpolation at time 1719/30
2026-08-19T04:01:08Z [51,720ms] [Warning] [isaacsim.core.simulation_manager.plugin] No adjacent samples found for interpolation at time 1720/30
2026-08-19T04:01:08Z [51,745ms] [Warning] [isaacsim.core.simulation_manager.plugin] No adjacent samples found for interpolation at time 1721/30
2026-08-19T04:01:08Z [51,772ms] [Warning] [isaacsim.core.simulation_manager.plugin] No adjacent samples found for interpolation at time 1722/30
2026-08-19T04:01:08Z [51,795ms] [Warning] [isaacsim.core.simulation_manager.plugin] No adjacent samples found for interpolation at time 1723/30
2026-08-19T04:01:08Z [51,820ms] [Warning] [isaacsim.core.simulation_manager.plugin] No adjacent samples found for interpolation at time 1724/30
2026-08-19T04:01:08Z [51,845ms] [Warning] [isaacsim.core.simulation_manager.plugin] No adjacent samples found for interpolation at time 1725/30
2026-08-19T04:01:08Z [51,871ms] [Warning] [isaacsim.core.simulation_manager.plugin] No adjacent samples found for interpolation at time 1726/30
2026-08-19T04:01:08Z [51,897ms] [Warning] [isaacsim.core.simulation_manager.plugin] No adjacent samples found for interpolation at time 1727/30
2026-08-19T04:01:08Z [51,922ms] [Warning] [isaacsim.core.simulation_manager.plugin] No adjacent samples found for interpolation at time 1728/30
2026-08-19T04:01:08Z [51,948ms] [Warning] [isaacsim.core.simulation_manager.plugin] No adjacent samples found for interpolation at time 1729/30
2026-08-19T04:01:09Z [51,973ms] [Warning] [isaacsim.core.simulation_manager.plugin] No adjacent samples found for interpolation at time 1730/30
2026-08-19T04:01:09Z [51,997ms] [Warning] [isaacsim.core.simulation_manager.plugin] No adjacent samples found for interpolation at time 1731/30
2026-08-19T04:01:09Z [52,022ms] [Warning] [isaacsim.core.simulation_manager.plugin] No adjacent samples found for interpolation at time 1732/30
2026-08-19T04:01:09Z [52,046ms] [Warning] [isaacsim.core.simulation_manager.plugin] No adjacent samples found for interpolation at time 1733/30
2026-08-19T04:01:09Z [52,073ms] [Warning] [isaacsim.core.simulation_manager.plugin] No adjacent samples found for interpolation at time 1734/30
2026-08-19T04:01:09Z [52,096ms] [Warning] [isaacsim.core.simulation_manager.plugin] No adjacent samples found for interpolation at time 1735/30
2026-08-19T04:01:09Z [52,121ms] [Warning] [isaacsim.core.simulation_manager.plugin] No adjacent samples found for interpolation at time 1736/30
2026-08-19T04:01:09Z [52,145ms] [Warning] [isaacsim.core.simulation_manager.plugin] No adjacent samples found for interpolation at time 1737/30
2026-08-19T04:01:09Z [52,171ms] [Warning] [isaacsim.core.simulation_manager.plugin] No adjacent samples found for interpolation at time 1738/30
2026-08-19T04:01:09Z [52,195ms] [Warning] [isaacsim.core.simulation_manager.plugin] No adjacent samples found for interpolation at time 1739/30
2026-08-19T04:01:09Z [52,219ms] [Warning] [isaacsim.core.simulation_manager.plugin] No adjacent samples found for interpolation at time 1740/30
2026-08-19T04:01:09Z [52,244ms] [Warning] [isaacsim.core.simulation_manager.plugin] No adjacent samples found for interpolation at time 1741/30
2026-08-19T04:01:09Z [52,263ms] [Warning] [isaacsim.core.simulation_manager.plugin] No adjacent samples found for interpolation at time 1742/30
2026-08-19T04:01:09Z [52,286ms] [Warning] [isaacsim.core.simulation_manager.plugin] No adjacent samples found for interpolation at time 1743/30
2026-08-19T04:01:09Z [52,305ms] [Warning] [isaacsim.core.simulation_manager.plugin] No adjacent samples found for interpolation at time 1744/30
2026-08-19T04:01:09Z [52,326ms] [Warning] [isaacsim.core.simulation_manager.plugin] No adjacent samples found for interpolation at time 1745/30
2026-08-19T04:01:09Z [52,350ms] [Warning] [isaacsim.core.simulation_manager.plugin] No adjacent samples found for interpolation at time 1746/30
2026-08-19T04:01:09Z [52,371ms] [Warning] [isaacsim.core.simulation_manager.plugin] No adjacent samples found for interpolation at time 1747/30
2026-08-19T04:01:09Z [52,393ms] [Warning] [isaacsim.core.simulation_manager.plugin] No adjacent samples found for interpolation at time 1748/30
2026-08-19T04:01:09Z [52,416ms] [Warning] [isaacsim.core.simulation_manager.plugin] No adjacent samples found for interpolation at time 1749/30
2026-08-19T04:01:09Z [52,431ms] [Warning] [isaacsim.core.simulation_manager.plugin] No adjacent samples found for interpolation at time 1750/30
2026-08-19T04:01:09Z [52,467ms] [Warning] [isaacsim.core.simulation_manager.plugin] No adjacent samples found for interpolation at time 1751/30
2026-08-19T04:01:09Z [52,484ms] [Warning] [isaacsim.core.simulation_manager.plugin] No adjacent samples found for interpolation at time 1752/30
2026-08-19T04:01:09Z [52,499ms] [Warning] [isaacsim.core.simulation_manager.plugin] No adjacent samples found for interpolation at time 1753/30
2026-08-19T04:01:09Z [52,524ms] [Warning] [isaacsim.core.simulation_manager.plugin] No adjacent samples found for interpolation at time 1754/30
2026-08-19T04:01:09Z [52,546ms] [Warning] [isaacsim.core.simulation_manager.plugin] No adjacent samples found for interpolation at time 1755/30
2026-08-19T04:01:09Z [52,569ms] [Warning] [isaacsim.core.simulation_manager.plugin] No adjacent samples found for interpolation at time 1756/30
2026-08-19T04:01:09Z [52,589ms] [Warning] [isaacsim.core.simulation_manager.plugin] No adjacent samples found for interpolation at time 1757/30
2026-08-19T04:01:09Z [52,615ms] [Warning] [isaacsim.core.simulation_manager.plugin] No adjacent samples found for interpolation at time 1758/30
2026-08-19T04:01:09Z [52,637ms] [Warning] [isaacsim.core.simulation_manager.plugin] No adjacent samples found for interpolation at time 1759/30
2026-08-19T04:01:09Z [52,655ms] [Warning] [isaacsim.core.simulation_manager.plugin] No adjacent samples found for interpolation at time 1760/30
2026-08-19T04:01:09Z [52,679ms] [Warning] [isaacsim.core.simulation_manager.plugin] No adjacent samples found for interpolation at time 1761/30
2026-08-19T04:01:09Z [52,704ms] [Warning] [isaacsim.core.simulation_manager.plugin] No adjacent samples found for interpolation at time 1762/30
2026-08-19T04:01:09Z [52,730ms] [Warning] [isaacsim.core.simulation_manager.plugin] No adjacent samples found for interpolation at time 1763/30
2026-08-19T04:01:09Z [52,755ms] [Warning] [isaacsim.core.simulation_manager.plugin] No adjacent samples found for interpolation at time 1764/30
2026-08-19T04:01:09Z [52,780ms] [Warning] [isaacsim.core.simulation_manager.plugin] No adjacent samples found for interpolation at time 1765/30
2026-08-19T04:01:09Z [52,806ms] [Warning] [isaacsim.core.simulation_manager.plugin] No adjacent samples found for interpolation at time 1766/30
2026-08-19T04:01:09Z [52,833ms] [Warning] [isaacsim.core.simulation_manager.plugin] No adjacent samples found for interpolation at time 1767/30
2026-08-19T04:01:09Z [52,858ms] [Warning] [isaacsim.core.simulation_manager.plugin] No adjacent samples found for interpolation at time 1768/30
2026-08-19T04:01:09Z [52,883ms] [Warning] [isaacsim.core.simulation_manager.plugin] No adjacent samples found for interpolation at time 1769/30
2026-08-19T04:01:09Z [52,908ms] [Warning] [isaacsim.core.simulation_manager.plugin] No adjacent samples found for interpolation at time 1770/30
2026-08-19T04:01:09Z [52,935ms] [Warning] [isaacsim.core.simulation_manager.plugin] No adjacent samples found for interpolation at time 1771/30
2026-08-19T04:01:10Z [52,961ms] [Warning] [isaacsim.core.simulation_manager.plugin] No adjacent samples found for interpolation at time 1772/30
2026-08-19T04:01:10Z [52,986ms] [Warning] [isaacsim.core.simulation_manager.plugin] No adjacent samples found for interpolation at time 1773/30
2026-08-19T04:01:10Z [53,014ms] [Warning] [isaacsim.core.simulation_manager.plugin] No adjacent samples found for interpolation at time 1774/30
2026-08-19T04:01:10Z [53,037ms] [Warning] [isaacsim.core.simulation_manager.plugin] No adjacent samples found for interpolation at time 1775/30
2026-08-19T04:01:10Z [53,065ms] [Warning] [isaacsim.core.simulation_manager.plugin] No adjacent samples found for interpolation at time 1776/30
2026-08-19T04:01:10Z [53,090ms] [Warning] [isaacsim.core.simulation_manager.plugin] No adjacent samples found for interpolation at time 1777/30
2026-08-19T04:01:10Z [53,116ms] [Warning] [isaacsim.core.simulation_manager.plugin] No adjacent samples found for interpolation at time 1778/30
2026-08-19T04:01:10Z [53,142ms] [Warning] [isaacsim.core.simulation_manager.plugin] No adjacent samples found for interpolation at time 1779/30
2026-08-19T04:01:10Z [53,167ms] [Warning] [isaacsim.core.simulation_manager.plugin] No adjacent samples found for interpolation at time 1780/30
2026-08-19T04:01:10Z [53,194ms] [Warning] [isaacsim.core.simulation_manager.plugin] No adjacent samples found for interpolation at time 1781/30
2026-08-19T04:01:10Z [53,219ms] [Warning] [isaacsim.core.simulation_manager.plugin] No adjacent samples found for interpolation at time 1782/30
2026-08-19T04:01:10Z [53,246ms] [Warning] [isaacsim.core.simulation_manager.plugin] No adjacent samples found for interpolation at time 1783/30
2026-08-19T04:01:10Z [53,273ms] [Warning] [isaacsim.core.simulation_manager.plugin] No adjacent samples found for interpolation at time 1784/30
2026-08-19T04:01:10Z [53,296ms] [Warning] [isaacsim.core.simulation_manager.plugin] No adjacent samples found for interpolation at time 1785/30
2026-08-19T04:01:10Z [53,324ms] [Warning] [isaacsim.core.simulation_manager.plugin] No adjacent samples found for interpolation at time 1786/30
2026-08-19T04:01:10Z [53,358ms] [Warning] [isaacsim.core.simulation_manager.plugin] No adjacent samples found for interpolation at time 1787/30
2026-08-19T04:01:10Z [53,378ms] [Warning] [isaacsim.core.simulation_manager.plugin] No adjacent samples found for interpolation at time 1788/30
2026-08-19T04:01:10Z [53,401ms] [Warning] [isaacsim.core.simulation_manager.plugin] No adjacent samples found for interpolation at time 1789/30
2026-08-19T04:01:10Z [53,427ms] [Warning] [isaacsim.core.simulation_manager.plugin] No adjacent samples found for interpolation at time 1790/30
2026-08-19T04:01:10Z [53,454ms] [Warning] [isaacsim.core.simulation_manager.plugin] No adjacent samples found for interpolation at time 1791/30
2026-08-19T04:01:10Z [53,479ms] [Warning] [isaacsim.core.simulation_manager.plugin] No adjacent samples found for interpolation at time 1792/30
2026-08-19T04:01:10Z [53,504ms] [Warning] [isaacsim.core.simulation_manager.plugin] No adjacent samples found for interpolation at time 1793/30
2026-08-19T04:01:10Z [53,532ms] [Warning] [isaacsim.core.simulation_manager.plugin] No adjacent samples found for interpolation at time 1794/30
2026-08-19T04:01:10Z [53,556ms] [Warning] [isaacsim.core.simulation_manager.plugin] No adjacent samples found for interpolation at time 1795/30
2026-08-19T04:01:10Z [53,583ms] [Warning] [isaacsim.core.simulation_manager.plugin] No adjacent samples found for interpolation at time 1796/30
2026-08-19T04:01:10Z [53,608ms] [Warning] [isaacsim.core.simulation_manager.plugin] No adjacent samples found for interpolation at time 1797/30
2026-08-19T04:01:10Z [53,637ms] [Warning] [isaacsim.core.simulation_manager.plugin] No adjacent samples found for interpolation at time 1798/30
2026-08-19T04:01:10Z [53,661ms] [Warning] [isaacsim.core.simulation_manager.plugin] No adjacent samples found for interpolation at time 1799/30
2026-08-19T04:01:10Z [53,686ms] [Warning] [isaacsim.core.simulation_manager.plugin] No adjacent samples found for interpolation at time 1800/30
2026-08-19T04:01:10Z [53,714ms] [Warning] [isaacsim.core.simulation_manager.plugin] No adjacent samples found for interpolation at time 1801/30
2026-08-19T04:01:10Z [53,739ms] [Warning] [isaacsim.core.simulation_manager.plugin] No adjacent samples found for interpolation at time 1802/30
2026-08-19T04:01:10Z [53,765ms] [Warning] [isaacsim.core.simulation_manager.plugin] No adjacent samples found for interpolation at time 1803/30
2026-08-19T04:01:10Z [53,791ms] [Warning] [isaacsim.core.simulation_manager.plugin] No adjacent samples found for interpolation at time 1804/30
2026-08-19T04:01:10Z [53,816ms] [Warning] [isaacsim.core.simulation_manager.plugin] No adjacent samples found for interpolation at time 1805/30
2026-08-19T04:01:10Z [53,844ms] [Warning] [isaacsim.core.simulation_manager.plugin] No adjacent samples found for interpolation at time 1806/30
2026-08-19T04:01:10Z [53,869ms] [Warning] [isaacsim.core.simulation_manager.plugin] No adjacent samples found for interpolation at time 1807/30
2026-08-19T04:01:10Z [53,895ms] [Warning] [isaacsim.core.simulation_manager.plugin] No adjacent samples found for interpolation at time 1808/30
2026-08-19T04:01:10Z [53,921ms] [Warning] [isaacsim.core.simulation_manager.plugin] No adjacent samples found for interpolation at time 1809/30
2026-08-19T04:01:10Z [53,946ms] [Warning] [isaacsim.core.simulation_manager.plugin] No adjacent samples found for interpolation at time 1810/30
2026-08-19T04:01:11Z [53,974ms] [Warning] [isaacsim.core.simulation_manager.plugin] No adjacent samples found for interpolation at time 1811/30
2026-08-19T04:01:11Z [53,999ms] [Warning] [isaacsim.core.simulation_manager.plugin] No adjacent samples found for interpolation at time 1812/30
2026-08-19T04:01:11Z [54,025ms] [Warning] [isaacsim.core.simulation_manager.plugin] No adjacent samples found for interpolation at time 1813/30
2026-08-19T04:01:11Z [54,051ms] [Warning] [isaacsim.core.simulation_manager.plugin] No adjacent samples found for interpolation at time 1814/30
2026-08-19T04:01:11Z [54,077ms] [Warning] [isaacsim.core.simulation_manager.plugin] No adjacent samples found for interpolation at time 1815/30
2026-08-19T04:01:11Z [54,103ms] [Warning] [isaacsim.core.simulation_manager.plugin] No adjacent samples found for interpolation at time 1816/30
2026-08-19T04:01:11Z [54,128ms] [Warning] [isaacsim.core.simulation_manager.plugin] No adjacent samples found for interpolation at time 1817/30
2026-08-19T04:01:11Z [54,154ms] [Warning] [isaacsim.core.simulation_manager.plugin] No adjacent samples found for interpolation at time 1818/30
2026-08-19T04:01:11Z [54,181ms] [Warning] [isaacsim.core.simulation_manager.plugin] No adjacent samples found for interpolation at time 1819/30
2026-08-19T04:01:11Z [54,207ms] [Warning] [isaacsim.core.simulation_manager.plugin] No adjacent samples found for interpolation at time 1820/30
2026-08-19T04:01:11Z [54,232ms] [Warning] [isaacsim.core.simulation_manager.plugin] No adjacent samples found for interpolation at time 1821/30
2026-08-19T04:01:11Z [54,259ms] [Warning] [isaacsim.core.simulation_manager.plugin] No adjacent samples found for interpolation at time 1822/30
2026-08-19T04:01:11Z [54,294ms] [Warning] [isaacsim.core.simulation_manager.plugin] No adjacent samples found for interpolation at time 1823/30
2026-08-19T04:01:11Z [54,309ms] [Warning] [isaacsim.core.simulation_manager.plugin] No adjacent samples found for interpolation at time 1824/30
2026-08-19T04:01:11Z [54,336ms] [Warning] [isaacsim.core.simulation_manager.plugin] No adjacent samples found for interpolation at time 1825/30
2026-08-19T04:01:11Z [54,365ms] [Warning] [isaacsim.core.simulation_manager.plugin] No adjacent samples found for interpolation at time 1826/30
2026-08-19T04:01:11Z [54,388ms] [Warning] [isaacsim.core.simulation_manager.plugin] No adjacent samples found for interpolation at time 1827/30
2026-08-19T04:01:11Z [54,416ms] [Warning] [isaacsim.core.simulation_manager.plugin] No adjacent samples found for interpolation at time 1828/30
2026-08-19T04:01:11Z [54,440ms] [Warning] [isaacsim.core.simulation_manager.plugin] No adjacent samples found for interpolation at time 1829/30
2026-08-19T04:01:11Z [54,468ms] [Warning] [isaacsim.core.simulation_manager.plugin] No adjacent samples found for interpolation at time 1830/30
2026-08-19T04:01:11Z [54,493ms] [Warning] [isaacsim.core.simulation_manager.plugin] No adjacent samples found for interpolation at time 1831/30
2026-08-19T04:01:11Z [54,517ms] [Warning] [isaacsim.core.simulation_manager.plugin] No adjacent samples found for interpolation at time 1832/30
2026-08-19T04:01:11Z [54,545ms] [Warning] [isaacsim.core.simulation_manager.plugin] No adjacent samples found for interpolation at time 1833/30
2026-08-19T04:01:11Z [54,570ms] [Warning] [isaacsim.core.simulation_manager.plugin] No adjacent samples found for interpolation at time 1834/30
2026-08-19T04:01:11Z [54,596ms] [Warning] [isaacsim.core.simulation_manager.plugin] No adjacent samples found for interpolation at time 1835/30
2026-08-19T04:01:11Z [54,621ms] [Warning] [isaacsim.core.simulation_manager.plugin] No adjacent samples found for interpolation at time 1836/30
2026-08-19T04:01:11Z [54,647ms] [Warning] [isaacsim.core.simulation_manager.plugin] No adjacent samples found for interpolation at time 1837/30
2026-08-19T04:01:11Z [54,675ms] [Warning] [isaacsim.core.simulation_manager.plugin] No adjacent samples found for interpolation at time 1838/30
2026-08-19T04:01:11Z [54,700ms] [Warning] [isaacsim.core.simulation_manager.plugin] No adjacent samples found for interpolation at time 1839/30
2026-08-19T04:01:11Z [54,725ms] [Warning] [isaacsim.core.simulation_manager.plugin] No adjacent samples found for interpolation at time 1840/30
2026-08-19T04:01:11Z [54,753ms] [Warning] [isaacsim.core.simulation_manager.plugin] No adjacent samples found for interpolation at time 1841/30
2026-08-19T04:01:11Z [54,779ms] [Warning] [isaacsim.core.simulation_manager.plugin] No adjacent samples found for interpolation at time 1842/30
2026-08-19T04:01:11Z [54,804ms] [Warning] [isaacsim.core.simulation_manager.plugin] No adjacent samples found for interpolation at time 1843/30
2026-08-19T04:01:11Z [54,830ms] [Warning] [isaacsim.core.simulation_manager.plugin] No adjacent samples found for interpolation at time 1844/30
2026-08-19T04:01:11Z [54,855ms] [Warning] [isaacsim.core.simulation_manager.plugin] No adjacent samples found for interpolation at time 1845/30
2026-08-19T04:01:11Z [54,883ms] [Warning] [isaacsim.core.simulation_manager.plugin] No adjacent samples found for interpolation at time 1846/30
2026-08-19T04:01:11Z [54,908ms] [Warning] [isaacsim.core.simulation_manager.plugin] No adjacent samples found for interpolation at time 1847/30
2026-08-19T04:01:11Z [54,934ms] [Warning] [isaacsim.core.simulation_manager.plugin] No adjacent samples found for interpolation at time 1848/30
2026-08-19T04:01:12Z [54,960ms] [Warning] [isaacsim.core.simulation_manager.plugin] No adjacent samples found for interpolation at time 1849/30
2026-08-19T04:01:12Z [54,985ms] [Warning] [isaacsim.core.simulation_manager.plugin] No adjacent samples found for interpolation at time 1850/30
2026-08-19T04:01:12Z [55,013ms] [Warning] [isaacsim.core.simulation_manager.plugin] No adjacent samples found for interpolation at time 1851/30
2026-08-19T04:01:12Z [55,038ms] [Warning] [isaacsim.core.simulation_manager.plugin] No adjacent samples found for interpolation at time 1852/30
2026-08-19T04:01:12Z [55,064ms] [Warning] [isaacsim.core.simulation_manager.plugin] No adjacent samples found for interpolation at time 1853/30
2026-08-19T04:01:12Z [55,091ms] [Warning] [isaacsim.core.simulation_manager.plugin] No adjacent samples found for interpolation at time 1854/30
2026-08-19T04:01:12Z [55,115ms] [Warning] [isaacsim.core.simulation_manager.plugin] No adjacent samples found for interpolation at time 1855/30
2026-08-19T04:01:12Z [55,142ms] [Warning] [isaacsim.core.simulation_manager.plugin] No adjacent samples found for interpolation at time 1856/30
2026-08-19T04:01:12Z [55,170ms] [Warning] [isaacsim.core.simulation_manager.plugin] No adjacent samples found for interpolation at time 1857/30
Starting kit application with the following args:  ['/isaac-sim/exts/isaacsim.simulation_app/isaacsim/simulation_app/simulation_app.py', '/isaac-sim/apps/isaacsim.exp.base.python.kit', '--/app/tokens/exe-path=/isaac-sim/kit', '--/persistent/app/viewport/displayOptions=3094', '--/rtx/materialDb/syncLoads=True', '--/rtx/hydra/materialSyncLoads=True', '--/omni.kit.plugin/syncUsdLoads=True', '--/app/renderer/resolution/width=1280', '--/app/renderer/resolution/height=720', '--/app/window/width=1440', '--/app/window/height=900', '--/renderer/multiGpu/enabled=True', '--/app/fastShutdown=True', '--/app/installSignalHandlers=0', '--ext-folder', '/isaac-sim/exts', '--ext-folder', '/isaac-sim/apps', '--/physics/cudaDevice=0', '--/plugins/carb.tasking.plugin/threadCount=30', '--/plugins/omni.tbb.globalcontrol/maxThreadCount=30', '--portable', '--no-window', '--/app/window/hideUi=1']
Passing the following args to the base kit application:  ['--orbit-ab', '--orbit-path', 'converged', '--shots', 'chase', '--frames', '45', '--subframes', '32', '--out', '/tmp/film/conv']
Warp 1.8.2 initialized:
   CUDA Toolkit 12.8, Driver 13.0
   Devices:
     "cpu"      : "x86_64"
     "cuda:0"   : "NVIDIA GeForce RTX 4080 SUPER" (16 GiB, sm_89, mempool enabled)
   Kernel cache:
     /isaac-sim/.cache/warp/1.8.2
Warp DeprecationWarning: The `warp.sim` module is deprecated and will be removed in v1.10. Please transition to using the forthcoming Newton library instead.
2026-08-19T04:01:12Z [55,194ms] [Warning] [isaacsim.core.simulation_manager.plugin] No adjacent samples found for interpolation at time 1858/30
2026-08-19T04:01:12Z [55,226ms] [Error] [omni.kit.app._impl] [py stderr]: Traceback (most recent call last):
2026-08-19T04:01:12Z [55,226ms] [Error] [omni.kit.app._impl] [py stderr]:   File "/tmp/isaacrun/film.py", line 518, in <module>
2026-08-19T04:01:12Z [55,226ms] [Error] [omni.kit.app._impl] [py stderr]:     raise SystemExit(main())
2026-08-19T04:01:12Z [55,226ms] [Error] [omni.kit.app._impl] [py stderr]:                      ^^^^^^
2026-08-19T04:01:12Z [55,226ms] [Error] [omni.kit.app._impl] [py stderr]:   File "/tmp/isaacrun/film.py", line 418, in main
2026-08-19T04:01:12Z [55,226ms] [Error] [omni.kit.app._impl] [py stderr]:     print(f"  {label:10s} scored {r['frames_scored']:3d}  "
2026-08-19T04:01:12Z [55,226ms] [Error] [omni.kit.app._impl] [py stderr]:           ^^^^^^^^^^^^^^^^^^^^^^^^^^^^^^^^^^^^^^^^^^^^^^^^^
2026-08-19T04:01:12Z [55,226ms] [Error] [omni.kit.app._impl] [py stderr]: TypeError: unsupported format string passed to NoneType.__format__
2026-08-19T04:01:12Z [55,602ms] [Warning] [omni.graph.core.plugin] Could not find category 'Replicator:Annotators' for removal
2026-08-19T04:01:12Z [55,603ms] [Warning] [omni.graph.core.plugin] Could not find category 'Replicator:Annotators' for removal
2026-08-19T04:01:12Z [55,603ms] [Warning] [omni.graph.core.plugin] Could not find category 'Replicator' for removal
2026-08-19T04:01:12Z [55,603ms] [Warning] [omni.graph.core.plugin] Could not find category 'Replicator:Annotators' for removal
2026-08-19T04:01:12Z [55,603ms] [Warning] [omni.graph.core.plugin] Could not find category 'Replicator:Annotators' for removal
2026-08-19T04:01:12Z [55,603ms] [Warning] [omni.graph.core.plugin] Could not find category 'Replicator:Annotators' for removal
2026-08-19T04:01:12Z [55,603ms] [Warning] [omni.graph.core.plugin] Could not find category 'Replicator:Annotators' for removal
2026-08-19T04:01:12Z [55,603ms] [Warning] [omni.graph.core.plugin] Could not find category 'Replicator:Annotators' for removal
2026-08-19T04:01:12Z [55,603ms] [Warning] [omni.graph.core.plugin] Could not find category 'Replicator:Annotators' for removal
2026-08-19T04:01:12Z [55,603ms] [Warning] [omni.graph.core.plugin] Could not find category 'Replicator:Annotators' for removal
2026-08-19T04:01:12Z [55,603ms] [Warning] [omni.graph.core.plugin] Could not find category 'Replicator:Annotators' for removal
2026-08-19T04:01:12Z [55,603ms] [Warning] [omni.graph.core.plugin] Could not find category 'Replicator:Annotators' for removal
2026-08-19T04:01:12Z [55,603ms] [Warning] [omni.graph.core.plugin] Could not find category 'Replicator:Annotators' for removal
2026-08-19T04:01:12Z [55,603ms] [Warning] [omni.graph.core.plugin] Could not find category 'Replicator:Core' for removal
2026-08-19T04:01:12Z [55,605ms] [Warning] [omni.graph.core.plugin] Could not find category 'animation' for removal
2026-08-19T04:01:12Z [55,606ms] [Warning] [omni.physx.plugin] USD stage detach not called, holding a loose ptr to a stage!
2026-08-19T04:01:12Z [55,614ms] [Warning] [carb] Client omni.syntheticdata.plugin Failed to acquire interface [omni::graph::core::INode v4.10] while unloading all plugins
2026-08-19T04:01:12Z [0ms] [Warning] [carb.crashreporter-breakpad.plugin] [crash] A crash has occurred.  If a debugger should be attached, please set the '/crashreporter/debuggerAttachTimeoutMs' setting to a timeout in milliseconds.  This can be used to allow the crash reporter to wait for up to that long for a debugger to attach before processing or sending the crash report.
2026-08-19T04:01:12Z [43ms] [Error] [carb.crashreporter-breakpad.plugin] [crash] Wrote dump file '/isaac-sim/kit/data/Kit/Isaac-Sim Python/5.1/ba47081c-41d4-4017-8dc518bf-dbdd8d8b.dmp'
2026-08-19T04:01:12Z [44ms] [Warning] [carb.crashreporter-breakpad.plugin] [crash] preventing upload of minidump due to user opt-out: '/isaac-sim/kit/data/Kit/Isaac-Sim Python/5.1/ba47081c-41d4-4017-8dc518bf-dbdd8d8b.dmp'
2026-08-19T04:01:12Z [46ms] [Error] [carb.crashreporter-breakpad.plugin] [crash]     dump file size is 3895464 bytes, file is readable.
2026-08-19T04:01:12Z [47ms] [Fatal] [carb.crashreporter-breakpad.plugin] [crash] Crash detected in pid 2826 thread 2826
2026-08-19T04:01:12Z [49ms] [Warning] [carb.crashreporter-breakpad.plugin] [crash] Crash metadata:
2026-08-19T04:01:12Z [50ms] [Warning] [carb.crashreporter-breakpad.plugin] [crash]  BuildGitlabJobID = '209507876'
2026-08-19T04:01:12Z [52ms] [Warning] [carb.crashreporter-breakpad.plugin] [crash]  CarbSdkVersion = '206.6+release.9587.07f17b1b.gl'
2026-08-19T04:01:12Z [53ms] [Warning] [carb.crashreporter-breakpad.plugin] [crash]  CrashTime = 'Wed Aug 19 04:01:12 2026 GMT'
2026-08-19T04:01:12Z [54ms] [Warning] [carb.crashreporter-breakpad.plugin] [crash]  DriverShaderCacheWrapper = 'disabled'
2026-08-19T04:01:12Z [55ms] [Warning] [carb.crashreporter-breakpad.plugin] [crash]  DumpId = 'ba47081c-41d4-4017-8dc518bf-dbdd8d8b'
2026-08-19T04:01:12Z [56ms] [Warning] [carb.crashreporter-breakpad.plugin] [crash]  LastUploadStatus = '0'
2026-08-19T04:01:12Z [57ms] [Warning] [carb.crashreporter-breakpad.plugin] [crash]  ProductName = 'OmniverseKit'
2026-08-19T04:01:12Z [58ms] [Warning] [carb.crashreporter-breakpad.plugin] [crash]  PythonTracebackStatus = ''py-spy' successfully wrote info to '/isaac-sim/kit/data/Kit/Isaac-Sim Python/5.1/ba47081c-41d4-4017-8dc518bf-dbdd8d8b.py.txt''
2026-08-19T04:01:12Z [59ms] [Warning] [carb.crashreporter-breakpad.plugin] [crash]  RetryCount = '0'
2026-08-19T04:01:12Z [60ms] [Warning] [carb.crashreporter-breakpad.plugin] [crash]  StartupTime = '1787112017'
2026-08-19T04:01:12Z [61ms] [Warning] [carb.crashreporter-breakpad.plugin] [crash]  UploadSuccessful = '0'
2026-08-19T04:01:12Z [62ms] [Warning] [carb.crashreporter-breakpad.plugin] [crash]  UptimeSeconds = '55'
2026-08-19T04:01:12Z [63ms] [Warning] [carb.crashreporter-breakpad.plugin] [crash]  UserStory = ''
2026-08-19T04:01:12Z [64ms] [Warning] [carb.crashreporter-breakpad.plugin] [crash]  UserStoryStatus = 'Running in headless mode; not gathering user story'
2026-08-19T04:01:12Z [65ms] [Warning] [carb.crashreporter-breakpad.plugin] [crash]  Version = '107.3.3+production.229672.69cbf6ad.gl'
2026-08-19T04:01:12Z [66ms] [Warning] [carb.crashreporter-breakpad.plugin] [crash]  aftermath_enabled = '1'
2026-08-19T04:01:12Z [67ms] [Warning] [carb.crashreporter-breakpad.plugin] [crash]  aftermath_flags = '3'
2026-08-19T04:01:12Z [68ms] [Warning] [carb.crashreporter-breakpad.plugin] [crash]  aftermath_status = 'auto-enabled'
2026-08-19T04:01:13Z [69ms] [Warning] [carb.crashreporter-breakpad.plugin] [crash]  aftermath_version = '2024.1'
2026-08-19T04:01:13Z [70ms] [Warning] [carb.crashreporter-breakpad.plugin] [crash]  appName = 'Isaac-Sim Python'
2026-08-19T04:01:13Z [71ms] [Warning] [carb.crashreporter-breakpad.plugin] [crash]  appState = 'started'
2026-08-19T04:01:13Z [72ms] [Warning] [carb.crashreporter-breakpad.plugin] [crash]  appVersion = '5.1.0'
2026-08-19T04:01:13Z [73ms] [Warning] [carb.crashreporter-breakpad.plugin] [crash]  autoloadExts = ''
2026-08-19T04:01:13Z [74ms] [Warning] [carb.crashreporter-breakpad.plugin] [crash]  buildBranch = 'production'
2026-08-19T04:01:13Z [75ms] [Warning] [carb.crashreporter-breakpad.plugin] [crash]  buildCi = 'gl'
2026-08-19T04:01:13Z [76ms] [Warning] [carb.crashreporter-breakpad.plugin] [crash]  buildConfig = 'release'
2026-08-19T04:01:13Z [77ms] [Warning] [carb.crashreporter-breakpad.plugin] [crash]  buildGitlabJobName = 'kit-build-release-linux-x86_64'
2026-08-19T04:01:13Z [78ms] [Warning] [carb.crashreporter-breakpad.plugin] [crash]  buildGitlabJobStage = 'kit-build'
2026-08-19T04:01:13Z [79ms] [Warning] [carb.crashreporter-breakpad.plugin] [crash]  buildGitlabPipelineID = '34875094'
2026-08-19T04:01:13Z [80ms] [Warning] [carb.crashreporter-breakpad.plugin] [crash]  buildHash = '69cbf6ad'
2026-08-19T04:01:13Z [81ms] [Warning] [carb.crashreporter-breakpad.plugin] [crash]  buildMajor = '107'
2026-08-19T04:01:13Z [82ms] [Warning] [carb.crashreporter-breakpad.plugin] [crash]  buildMinor = '3'
2026-08-19T04:01:13Z [83ms] [Warning] [carb.crashreporter-breakpad.plugin] [crash]  buildNumber = '229672'
2026-08-19T04:01:13Z [84ms] [Warning] [carb.crashreporter-breakpad.plugin] [crash]  buildPatch = '3'
2026-08-19T04:01:13Z [85ms] [Warning] [carb.crashreporter-breakpad.plugin] [crash]  buildVersion = '107.3.3'
2026-08-19T04:01:13Z [86ms] [Warning] [carb.crashreporter-breakpad.plugin] [crash]  carboniteFrameworkVersion = '206.6+release.9587.07f17b1b.gl'
2026-08-19T04:01:13Z [86ms] [Warning] [carb.crashreporter-breakpad.plugin] [crash]  carboniteSdkVersion = '206.6+release.9587.07f17b1b.gl'
2026-08-19T04:01:13Z [88ms] [Warning] [carb.crashreporter-breakpad.plugin] [crash]  commandLine = '/isaac-sim/kit/python/bin/python3 /tmp/isaacrun/film.py --orbit-ab --orbit-path converged --shots chase --frames 45 --subframes 32 --out /tmp/film/conv'
2026-08-19T04:01:13Z [89ms] [Warning] [carb.crashreporter-breakpad.plugin] [crash]  cpuCoreLimited = '30'
2026-08-19T04:01:13Z [90ms] [Warning] [carb.crashreporter-breakpad.plugin] [crash]  cpuId = 'Intel64 Family 26 Model 68 Stepping 0'
2026-08-19T04:01:13Z [92ms] [Warning] [carb.crashreporter-breakpad.plugin] [crash]  cpuLogicalCoresBareMetal = '30'
2026-08-19T04:01:13Z [93ms] [Warning] [carb.crashreporter-breakpad.plugin] [crash]  cpuName = 'AMD Ryzen 9 9950X 16-Core Processor'
2026-08-19T04:01:13Z [94ms] [Warning] [carb.crashreporter-breakpad.plugin] [crash]  cpuPhysicalCoresBareMetal = '30'
2026-08-19T04:01:13Z [95ms] [Warning] [carb.crashreporter-breakpad.plugin] [crash]  cpuUsageQuota = '-1.000000'
2026-08-19T04:01:13Z [96ms] [Warning] [carb.crashreporter-breakpad.plugin] [crash]  cpuVendor = 'AuthenticAMD'
2026-08-19T04:01:13Z [97ms] [Warning] [carb.crashreporter-breakpad.plugin] [crash]  environmentName = 'Individual'
2026-08-19T04:01:13Z [98ms] [Warning] [carb.crashreporter-breakpad.plugin] [crash]  externalBuild = '1'
2026-08-19T04:01:13Z [99ms] [Warning] [carb.crashreporter-breakpad.plugin] [crash]  gpuDriver_0 = '580.105'
2026-08-19T04:01:13Z [100ms] [Warning] [carb.crashreporter-breakpad.plugin] [crash]  gpuVRAM_0 = '17171480576'
2026-08-19T04:01:13Z [101ms] [Warning] [carb.crashreporter-breakpad.plugin] [crash]  gpu_0 = 'NVIDIA GeForce RTX 4080 SUPER'
2026-08-19T04:01:13Z [102ms] [Warning] [carb.crashreporter-breakpad.plugin] [crash]  kitRendererDriverVersion = '580.105'
2026-08-19T04:01:13Z [103ms] [Warning] [carb.crashreporter-breakpad.plugin] [crash]  lastCommand = 'CreateNodeCommand(graph=?,node_path=/Orchestrator/OgnReadFabricTime,node_type=omni.replicator.core.ReadFabricTime,create_usd=True)'
2026-08-19T04:01:13Z [104ms] [Warning] [carb.crashreporter-breakpad.plugin] [crash]  lastCommands = 'CreateAttrCommand(node=?,attr_name=state:_sdp_intergraph_downstream_node_handles_,attr_type=?,attr_port=?,attr_default=?,attr_extended_type=?),Group,CreateGraphAsNodeCommand(graph_path=/Orchestrator,node_name=Orchestrator,evaluator_name=push,is_global_graph=True,backed_by_usd=True,fc_backing_type=?,pipeline_stage=?,evaluation_mode=?,graph=?),CreateNodeCommand(graph=?,node_path=/Orchestrator/OgnReadFabricTime,node_type=omni.replicator.core.ReadFabricTime,create_usd=True)'
2026-08-19T04:01:13Z [105ms] [Warning] [carb.crashreporter-breakpad.plugin] [crash]  lib_isaacSim_buildBranch = 'release'
2026-08-19T04:01:13Z [106ms] [Warning] [carb.crashreporter-breakpad.plugin] [crash]  lib_isaacSim_buildDate = 'Fri Oct 17 03:55:10 2025 +0000'
2026-08-19T04:01:13Z [107ms] [Warning] [carb.crashreporter-breakpad.plugin] [crash]  lib_isaacSim_buildHash = '9c81211'
2026-08-19T04:01:13Z [108ms] [Warning] [carb.crashreporter-breakpad.plugin] [crash]  lib_isaacSim_buildRepo = 'https://gitlab-master.nvidia.com/omniverse/isaac/omni_isaac_sim.git'
2026-08-19T04:01:13Z [109ms] [Warning] [carb.crashreporter-breakpad.plugin] [crash]  lib_isaacSim_buildVersion = '5.1.0-rc.19'
2026-08-19T04:01:13Z [110ms] [Warning] [carb.crashreporter-breakpad.plugin] [crash]  lib_physx_buildBranch = 'HEAD'
2026-08-19T04:01:13Z [111ms] [Warning] [carb.crashreporter-breakpad.plugin] [crash]  lib_physx_buildDate = 'Oct-03-2025'
2026-08-19T04:01:13Z [112ms] [Warning] [carb.crashreporter-breakpad.plugin] [crash]  lib_physx_buildHash = '3a61992'
2026-08-19T04:01:13Z [112ms] [Warning] [carb.crashreporter-breakpad.plugin] [crash]  lib_physx_buildRepo = 'gitlab-master.nvidia.com/omniverse/physics'
2026-08-19T04:01:13Z [113ms] [Warning] [carb.crashreporter-breakpad.plugin] [crash]  lib_physx_buildVersion = '107.3.26'
2026-08-19T04:01:13Z [114ms] [Warning] [carb.crashreporter-breakpad.plugin] [crash]  memoryStats = '(avail/total) RAM: 32.4681/47.4042GB, Swap: 0/0GB, VM: 1.71799e+10/1.71799e+10GB'
2026-08-19T04:01:13Z [115ms] [Warning] [carb.crashreporter-breakpad.plugin] [crash]  nvidia-smi = '
==============NVSMI LOG==============

Timestamp                                 : Wed Aug 19 04:00:17 2026
Driver Version                            : 580.105.08
CUDA Version                              : 13.0

Attached GPUs                             : 1
GPU 00000000:00:07.0
    Product Name                          : NVIDIA GeForce RTX 4080 SUPER
    Product Brand                         : GeForce
    Product Architecture                  : Ada Lovelace
    Display Mode                          : Requested functionality has been deprecated
    Display Attached                      : No
    Display Active                        : Disabled
    Persistence Mode                      : Enabled
    Addressing Mode                       : HMM
    MIG Mode
        Current                           : N/A
        Pending                           : N/A
    Accounting Mode                       : Disabled
    Accounting Mode Buffer Size           : 4000
    Driver Model
        Current                           : N/A
        Pending                           : N/A
    Serial Number                         : N/A
    GPU UUID                              : GPU-e61c4d7d-9aa8-3136-fbb5-befb5e688af4
    GPU PDI                               : 0x4981373ad54028df
    Minor Number                          : 0
    VBIOS Version                         : 95.03.44.40.2D
    MultiGPU Board                        : No
    Board ID                              : 0x7
    Board Part Number                     : N/A
    GPU Part Number                       : 2702-400-A1
    FRU Part Number                       : N/A
    Platform Info
        Chassis Serial Number             : N/A
        Slot Number                       : N/A
        Tray Index                        : N/A
        Host ID                           : N/A
        Peer Type                         : N/A
        Module Id                         : 1
        GPU Fabric GUID                   : N/A
    Inforom Version
        Image Version                     : G002.0000.00.03
        OEM Object                        : 2.0
        ECC Object                        : N/A
        Power Management Object           : N/A
    Inforom BBX Object Flush
        Latest Timestamp                  : N/A
        Latest Duration                   : N/A
    GPU Operation Mode
        Current                           : N/A
        Pending                           : N/A
    GPU C2C Mode                          : N/A
    GPU Virtualization Mode
        Virtualization Mode               : Pass-Through
        Host VGPU Mode                    : N/A
        vGPU Heterogeneous Mode           : N/A
    GPU Recovery Action                   : None
    GSP Firmware Version                  : 580.105.08
    IBMNPU
        Relaxed Ordering Mode             : N/A
    PCI
        Bus                               : 0x00
        Device                            : 0x07
        Domain                            : 0x0000
        Base Classcode                    : 0x3
        Sub Classcode                     : 0x0
        Device Id                         : 0x270210DE
        Bus Id                            : 00000000:00:07.0
        Sub System Id                     : 0x41441458
        GPU Link Info
            PCIe Generation
                Max                       : 4
                Current                   : 4
                Device Current            : 4
                Device Max                : 4
                Host Max                  : N/A
            Link Width
                Max                       : 16x
                Current                   : 16x
        Bridge Chip
            Type                          : N/A
            Firmware                      : N/A
        Replays Since Reset               : 0
        Replay Number Rollovers           : 0
        Tx Throughput                     : 173388 KB/s
        Rx Throughput                     : 68701 KB/s
        Atomic Caps Outbound              : N/A
        Atomic Caps Inbound               : N/A
    Fan Speed                             : 32 %
    Performance State                     : P2
    Clocks Event Reasons
        Idle                              : Not Active
        Applications Clocks Setting       : Not Active
        SW Power Cap                      : Not Active
        HW Slowdown                       : Not Active
            HW Thermal Slowdown           : Not Active
            HW Power Brake Slowdown       : Not Active
        Sync Boost                        : Not Active
        SW Thermal Slowdown               : Not Active
        Display Clock Setting             : Not Active
    Clocks Event Reasons Counters
        SW Power Capping                  : 0 us
        Sync Boost                        : 0 us
        SW Thermal Slowdown               : 0 us
        HW Thermal Slowdown               : 0 us
        HW Power Braking                  : 0 us
    Sparse Operation Mode                 : N/A
    FB Memory Usage
        Total                             : 16376 MiB
        Reserved                          : 433 MiB
        Used                              : 5284 MiB
        Free                              : 10661 MiB
    BAR1 Memory Usage
        Total                             : 16384 MiB
        Used                              : 54 MiB
        Free                              : 16330 MiB
    Conf Compute Protected Memory Usage
        Total                             : 0 MiB
        Used                              : 0 MiB
        Free                              : 0 MiB
    Compute Mode                          : Default
    Utilization
        GPU                               : 56 %
        Memory                            : 31 %
        Encoder                           : 0 %
        Decoder                           : 0 %
        JPEG                              : 0 %
        OFA                               : 0 %
    Encoder Stats
        Active Sessions                   : 0
        Average FPS                       : 0
        Average Latency                   : 0
    FBC Stats
        Active Sessions                   : 0
        Average FPS                       : 0
        Average Latency                   : 0
    DRAM Encryption Mode
        Current                           : N/A
        Pending                           : N/A
    ECC Mode
        Current                           : N/A
        Pending                           : N/A
    ECC Errors
        Volatile
            SRAM Correctable              : N/A
            SRAM Uncorrectable Parity     : N/A
            SRAM Uncorrectable SEC-DED    : N/A
            DRAM Correctable              : N/A
            DRAM Uncorrectable            : N/A
        Aggregate
            SRAM Correctable              : N/A
            SRAM Uncorrectable Parity     : N/A
            SRAM Uncorrectable SEC-DED    : N/A
            DRAM Correctable              : N/A
            DRAM Uncorrectable            : N/A
            SRAM Threshold Exceeded       : N/A
        Aggregate Uncorrectable SRAM Sources
            SRAM L2                       : N/A
            SRAM SM                       : N/A
            SRAM Microcontroller          : N/A
            SRAM PCIE                     : N/A
            SRAM Other                    : N/A
        Channel Repair Pending            : No
        TPC Repair Pending                : No
    Retired Pages
        Single Bit ECC                    : N/A
        Double Bit ECC                    : N/A
        Pending Page Blacklist            : N/A
    Remapped Rows                         : N/A
    Temperature
        GPU Current Temp                  : 52 C
        GPU T.Limit Temp                  : N/A
        GPU Shutdown Temp                 : 101 C
        GPU Slowdown Temp                 : 96 C
        GPU Max Operating Temp            : 90 C
        GPU Target Temperature            : 84 C
        Memory Current Temp               : N/A
        Memory Max Operating Temp         : N/A
    GPU Power Readings
        Average Power Draw                : 109.76 W
        Instantaneous Power Draw          : 104.11 W
        Current Power Limit               : 320.00 W
        Requested Power Limit             : 320.00 W
        Default Power Limit               : 320.00 W
        Min Power Limit                   : 150.00 W
        Max Power Limit                   : 385.00 W
    GPU Memory Power Readings 
        Average Power Draw                : N/A
        Instantaneous Power Draw          : N/A
    Module Power Readings
        Average Power Draw                : N/A
        Instantaneous Power Draw          : N/A
        Current Power Limit               : N/A
        Requested Power Limit             : N/A
        Default Power Limit               : N/A
        Min Power Limit                   : N/A
        Max Power Limit                   : N/A
    Power Smoothing                       : N/A
    Workload Power Profiles
        Requested Profiles                : N/A
        Enforced Profiles                 : N/A
    Clocks
        Graphics                          : 2550 MHz
        SM                                : 2550 MHz
        Memory                            : 11251 MHz
        Video                             : 2085 MHz
    Applications Clocks
        Graphics                          : N/A
        Memory                            : N/A
    Default Applications Clocks
        Graphics                          : N/A
        Memory                            : N/A
    Deferred Clocks
        Memory                            : N/A
    Max Clocks
        Graphics                          : 3105 MHz
        SM                                : 3105 MHz
        Memory                            : 11501 MHz
        Video                             : 2415 MHz
    Max Customer Boost Clocks
        Graphics                          : N/A
    Clock Policy
        Auto Boost                        : N/A
        Auto Boost Default                : N/A
    Fabric
        State                             : N/A
        Status                            : N/A
        CliqueId                          : N/A
        ClusterUUID                       : N/A
        Health
            Summary                       : N/A
            Bandwidth                     : N/A
            Route Recovery in progress    : N/A
            Route Unhealthy               : N/A
            Access Timeout Recovery       : N/A
            Incorrect Configuration       : N/A
    Processes
        GPU instance ID                   : N/A
        Compute instance ID               : N/A
        Process ID                        : 111
            Type                          : C+G
            Name                          : /isaac-sim.............../python3
            Used GPU Memory               : 4944 MiB
        GPU instance ID                   : N/A
        Compute instance ID               : N/A
        Process ID                        : 111
            Type                          : C
            Name                          : /isaac-sim.............../python3
            Used GPU Memory               : 4944 MiB
        GPU instance ID                   : N/A
        Compute instance ID               : N/A
        Process ID                        : 2826
            Type                          : G
            Name                          : /isaac-sim.............../python3
            Used GPU Memory               : 3 MiB
    Capabilities
        EGM                               : disabled

'
2026-08-19T04:01:13Z [116ms] [Warning] [carb.crashreporter-breakpad.plugin] [crash]  osDistro = 'ubuntu'
2026-08-19T04:01:13Z [117ms] [Warning] [carb.crashreporter-breakpad.plugin] [crash]  osName = '24.04.2 LTS (Noble Numbat)'
2026-08-19T04:01:13Z [118ms] [Warning] [carb.crashreporter-breakpad.plugin] [crash]  osVersion = '24.04.2'
2026-08-19T04:01:13Z [119ms] [Warning] [carb.crashreporter-breakpad.plugin] [crash]  portableMode = '1'
2026-08-19T04:01:13Z [120ms] [Warning] [carb.crashreporter-breakpad.plugin] [crash]  runEnvironment = 'Individual'
2026-08-19T04:01:13Z [121ms] [Warning] [carb.crashreporter-breakpad.plugin] [crash]  runningInContainer = '1'
2026-08-19T04:01:13Z [122ms] [Warning] [carb.crashreporter-breakpad.plugin] [crash]  shaderdb_debugSymbols = '0'
2026-08-19T04:01:13Z [123ms] [Warning] [carb.crashreporter-breakpad.plugin] [crash]  shaderdb_dumpIncludeOverrides = '0'
2026-08-19T04:01:13Z [124ms] [Warning] [carb.crashreporter-breakpad.plugin] [crash]  shaderdb_dumpIntermediates = '0'
2026-08-19T04:01:13Z [124ms] [Warning] [carb.crashreporter-breakpad.plugin] [crash]  shaderdb_obfuscateCode = '1'
2026-08-19T04:01:13Z [125ms] [Warning] [carb.crashreporter-breakpad.plugin] [crash]  shaderdb_optimizationLevel = '1'
2026-08-19T04:01:13Z [126ms] [Warning] [carb.crashreporter-breakpad.plugin] [crash]  systemInfo = '
|---------------------------------------------------------------------------------------------|
| Driver Version: 580.105.08    | Graphics API: Vulkan
|=============================================================================================|
| GPU | Name                             | Active | LDA | GPU Memory | Vendor-ID | LUID       |
|     |                                  |        |     |            | Device-ID | UUID       |
|     |                                  |        |     |            | Bus-ID    |            |
|---------------------------------------------------------------------------------------------|
| 0   | NVIDIA GeForce RTX 4080 SUPER    | Yes: 0 |     | 16376   MB | 10de      | 0          |
|     |                                  |        |     |            | 2702      | e61c4d7d.. |
|     |                                  |        |     |            | 0         |            |
|=============================================================================================|
| OS: 24.04.2 LTS (Noble Numbat) ubuntu, Version: 24.04.2, Kernel: 6.8.0-87-generic
| Processor: AMD Ryzen 9 9950X 16-Core Processor
| Cores: 30 | Logical Cores: 30
|---------------------------------------------------------------------------------------------|
| Total Memory (MB): 48541 | Free Memory: 37199
| Total Page/Swap (MB): 0 | Free Page/Swap: 0
|---------------------------------------------------------------------------------------------|
'
2026-08-19T04:01:13Z [127ms] [Warning] [carb.crashreporter-breakpad.plugin] [crash]  telemetrySessionId = '16198175507401309801'
2026-08-19T04:01:13Z [128ms] [Warning] [carb.crashreporter-breakpad.plugin] [crash]  terminatedByAbort = '0'
2026-08-19T04:01:13Z [129ms] [Warning] [carb.crashreporter-breakpad.plugin] [crash]  totalRamBareMetalMB = '48541'
2026-08-19T04:01:13Z [130ms] [Warning] [carb.crashreporter-breakpad.plugin] [crash]  totalRamLimitedMB = '48541'
2026-08-19T04:01:13Z [131ms] [Warning] [carb.crashreporter-breakpad.plugin] [crash]  totalSwapBareMetalMB = '0'
2026-08-19T04:01:13Z [132ms] [Warning] [carb.crashreporter-breakpad.plugin] [crash]  totalSwapLimitedMB = '0'
2026-08-19T04:01:13Z [133ms] [Warning] [carb.crashreporter-breakpad.plugin] [crash]  userId = 'default'
2026-08-19T04:01:13Z [134ms] [Warning] [carb.crashreporter-breakpad.plugin] [crash]  workingDirectory = '/isaac-sim'
2026-08-19T04:01:13Z [135ms] [Fatal] [carb.crashreporter-breakpad.plugin] [crash] Thread 2826 backtrace follows:
2026-08-19T04:01:13Z [140ms] [Fatal] [carb.crashreporter-breakpad.plugin] 000: libc.so.6!__sigaction+0x50
2026-08-19T04:01:13Z [142ms] [Fatal] [carb.crashreporter-breakpad.plugin] 001: libomni.syntheticdata.plugin.so!std::__throw_bad_variant_access(char const*)+0xaff87
2026-08-19T04:01:13Z [143ms] [Fatal] [carb.crashreporter-breakpad.plugin] 002: libomni.syntheticdata.plugin.so!std::__throw_bad_variant_access(char const*)+0xb0378
2026-08-19T04:01:13Z [146ms] [Fatal] [carb.crashreporter-breakpad.plugin] 003: libomni.graph.core.plugin.so!std::__detail::_Map_base<omni::graph::core::GraphPipelineStage, std::pair<omni::graph::core::GraphPipelineStage const, std::recursive_mutex>, std::allocator<std::pair<omni::graph::core::GraphPipelineStage const, std::recursive_mutex> >, std::__detail::_Select1st, std::equal_to<omni::graph::core::GraphPipelineStage>, std::hash<omni::graph::core::GraphPipelineStage>, std::__detail::_Mod_range_hashing, std::__detail::_Default_ranged_hash, std::__detail::_Prime_rehash_policy, std::__detail::_Hashtable_traits<false, false, true>, true>::operator[](omni::graph::core::GraphPipelineStage&&)+0x43259
2026-08-19T04:01:13Z [149ms] [Fatal] [carb.crashreporter-breakpad.plugin] 004: libomni.graph.core.plugin.so!std::__detail::_Map_base<omni::graph::core::GraphPipelineStage, std::pair<omni::graph::core::GraphPipelineStage const, std::recursive_mutex>, std::allocator<std::pair<omni::graph::core::GraphPipelineStage const, std::recursive_mutex> >, std::__detail::_Select1st, std::equal_to<omni::graph::core::GraphPipelineStage>, std::hash<omni::graph::core::GraphPipelineStage>, std::__detail::_Mod_range_hashing, std::__detail::_Default_ranged_hash, std::__detail::_Prime_rehash_policy, std::__detail::_Hashtable_traits<false, false, true>, true>::operator[](omni::graph::core::GraphPipelineStage&&)+0x605dd
2026-08-19T04:01:13Z [151ms] [Fatal] [carb.crashreporter-breakpad.plugin] 005: libomni.graph.core.plugin.so!std::__detail::_Map_base<omni::graph::core::GraphPipelineStage, std::pair<omni::graph::core::GraphPipelineStage const, std::recursive_mutex>, std::allocator<std::pair<omni::graph::core::GraphPipelineStage const, std::recursive_mutex> >, std::__detail::_Select1st, std::equal_to<omni::graph::core::GraphPipelineStage>, std::hash<omni::graph::core::GraphPipelineStage>, std::__detail::_Mod_range_hashing, std::__detail::_Default_ranged_hash, std::__detail::_Prime_rehash_policy, std::__detail::_Hashtable_traits<false, false, true>, true>::operator[](omni::graph::core::GraphPipelineStage&&)+0x5f25b
2026-08-19T04:01:13Z [154ms] [Fatal] [carb.crashreporter-breakpad.plugin] 006: libomni.graph.core.plugin.so!std::__detail::_Map_base<omni::graph::core::GraphPipelineStage, std::pair<omni::graph::core::GraphPipelineStage const, std::recursive_mutex>, std::allocator<std::pair<omni::graph::core::GraphPipelineStage const, std::recursive_mutex> >, std::__detail::_Select1st, std::equal_to<omni::graph::core::GraphPipelineStage>, std::hash<omni::graph::core::GraphPipelineStage>, std::__detail::_Mod_range_hashing, std::__detail::_Default_ranged_hash, std::__detail::_Prime_rehash_policy, std::__detail::_Hashtable_traits<false, false, true>, true>::operator[](omni::graph::core::GraphPipelineStage&&)+0x5fd8d
2026-08-19T04:01:13Z [156ms] [Fatal] [carb.crashreporter-breakpad.plugin] 007: libomni.graph.core.plugin.so!std::vector<unsigned long, std::allocator<unsigned long> >::_M_default_append(unsigned long)+0x1829d
2026-08-19T04:01:13Z [158ms] [Fatal] [carb.crashreporter-breakpad.plugin] 008: libomni.graph.core.plugin.so!std::vector<unsigned long, std::allocator<unsigned long> >::_M_default_append(unsigned long)+0x1860d
2026-08-19T04:01:13Z [163ms] [Fatal] [carb.crashreporter-breakpad.plugin] 009: libomni.graph.core.plugin.so!std::__detail::_Map_base<omni::graph::core::GraphPipelineStage, std::pair<omni::graph::core::GraphPipelineStage const, std::recursive_mutex>, std::allocator<std::pair<omni::graph::core::GraphPipelineStage const, std::recursive_mutex> >, std::__detail::_Select1st, std::equal_to<omni::graph::core::GraphPipelineStage>, std::hash<omni::graph::core::GraphPipelineStage>, std::__detail::_Mod_range_hashing, std::__detail::_Default_ranged_hash, std::__detail::_Prime_rehash_policy, std::__detail::_Hashtable_traits<false, false, true>, true>::operator[](omni::graph::core::GraphPipelineStage&&)+0x5fea7
2026-08-19T04:01:13Z [165ms] [Fatal] [carb.crashreporter-breakpad.plugin] 010: libomni.graph.core.plugin.so!std::__detail::_Map_base<omni::graph::core::GraphPipelineStage, std::pair<omni::graph::core::GraphPipelineStage const, std::recursive_mutex>, std::allocator<std::pair<omni::graph::core::GraphPipelineStage const, std::recursive_mutex> >, std::__detail::_Select1st, std::equal_to<omni::graph::core::GraphPipelineStage>, std::hash<omni::graph::core::GraphPipelineStage>, std::__detail::_Mod_range_hashing, std::__detail::_Default_ranged_hash, std::__detail::_Prime_rehash_policy, std::__detail::_Hashtable_traits<false, false, true>, true>::operator[](omni::graph::core::GraphPipelineStage&&)+0x5f25b
2026-08-19T04:01:13Z [167ms] [Fatal] [carb.crashreporter-breakpad.plugin] 011: libomni.graph.core.plugin.so!std::__detail::_Map_base<omni::graph::core::GraphPipelineStage, std::pair<omni::graph::core::GraphPipelineStage const, std::recursive_mutex>, std::allocator<std::pair<omni::graph::core::GraphPipelineStage const, std::recursive_mutex> >, std::__detail::_Select1st, std::equal_to<omni::graph::core::GraphPipelineStage>, std::hash<omni::graph::core::GraphPipelineStage>, std::__detail::_Mod_range_hashing, std::__detail::_Default_ranged_hash, std::__detail::_Prime_rehash_policy, std::__detail::_Hashtable_traits<false, false, true>, true>::operator[](omni::graph::core::GraphPipelineStage&&)+0x5fd8d
2026-08-19T04:01:13Z [170ms] [Fatal] [carb.crashreporter-breakpad.plugin] 012: libomni.graph.core.plugin.so!carbOnPluginPreStartup+0x1d4f
2026-08-19T04:01:13Z [172ms] [Fatal] [carb.crashreporter-breakpad.plugin] 013: libomni.graph.core.plugin.so!carbOnPluginShutdown+0x22b
2026-08-19T04:01:13Z [176ms] [Fatal] [carb.crashreporter-breakpad.plugin] 014: libcarb.so!omniCoreStart+0x617a
2026-08-19T04:01:13Z [180ms] [Fatal] [carb.crashreporter-breakpad.plugin] 015: libcarb.so!quickReleaseFrameworkAndTerminate+0x10305
2026-08-19T04:01:13Z [184ms] [Fatal] [carb.crashreporter-breakpad.plugin] 016: libcarb.so!omniCoreStart+0x106fc
2026-08-19T04:01:13Z [188ms] [Fatal] [carb.crashreporter-breakpad.plugin] 017: libcarb.so!quickReleaseFrameworkAndTerminate+0xa6d5
2026-08-19T04:01:13Z [195ms] [Fatal] [carb.crashreporter-breakpad.plugin] 018: libcarb.scripting-python.plugin.so!carbOnPluginStartup+0x1691
2026-08-19T04:01:13Z [199ms] [Fatal] [carb.crashreporter-breakpad.plugin] 019: libcarb.scripting-python.plugin.so!std::__detail::_Map_base<std::__cxx11::basic_string<char, std::char_traits<char>, std::allocator<char> >, std::pair<std::__cxx11::basic_string<char, std::char_traits<char>, std::allocator<char> > const, void*>, std::allocator<std::pair<std::__cxx11::basic_string<char, std::char_traits<char>, std::allocator<char> > const, void*> >, std::__detail::_Select1st, std::equal_to<std::__cxx11::basic_string<char, std::char_traits<char>, std::allocator<char> > >, std::hash<std::__cxx11::basic_string<char, std::char_traits<char>, std::allocator<char> > >, std::__detail::_Mod_range_hashing, std::__detail::_Default_ranged_hash, std::__detail::_Prime_rehash_policy, std::__detail::_Hashtable_traits<true, false, true>, true>::operator[](std::__cxx11::basic_string<char, std::char_traits<char>, std::allocator<char> >&&)+0x5d26
2026-08-19T04:01:13Z [203ms] [Fatal] [carb.crashreporter-breakpad.plugin] 020: libpython3.11.so.1.0!cfunction_call+0x37
2026-08-19T04:01:13Z [208ms] [Fatal] [carb.crashreporter-breakpad.plugin] 021: libpython3.11.so.1.0!_PyObject_Call+0x58
2026-08-19T04:01:13Z [211ms] [Fatal] [carb.crashreporter-breakpad.plugin] 022: libpython3.11.so.1.0!atexit_callfuncs+0x6d
2026-08-19T04:01:13Z [215ms] [Fatal] [carb.crashreporter-breakpad.plugin] 023: libpython3.11.so.1.0!Py_FinalizeEx+0xae
2026-08-19T04:01:13Z [219ms] [Fatal] [carb.crashreporter-breakpad.plugin] 024: libpython3.11.so.1.0!Py_RunMain+0x3d8
2026-08-19T04:01:13Z [223ms] [Fatal] [carb.crashreporter-breakpad.plugin] 025: libpython3.11.so.1.0!Py_BytesMain+0x43
2026-08-19T04:01:13Z [227ms] [Fatal] [carb.crashreporter-breakpad.plugin] 026: libc.so.6!__libc_init_first+0x8a
2026-08-19T04:01:13Z [230ms] [Fatal] [carb.crashreporter-breakpad.plugin] 027: libc.so.6!__libc_start_main+0x8b
2026-08-19T04:01:13Z [231ms] [Fatal] [carb.crashreporter-breakpad.plugin] 028: python3!_start+0x29
/isaac-sim/python.sh: line 73:  2826 Segmentation fault      (core dumped) $python_exe "${filtered_args[@]}" $args
There was an error running python
