Authorization required, but no authorization protocol specified

Authorization required, but no authorization protocol specified

Authorization required, but no authorization protocol specified

Authorization required, but no authorization protocol specified

Authorization required, but no authorization protocol specified

cat: '/sys/devices/system/cpu/cpu*/cpufreq/scaling_governor': No such file or directory
Authorization required, but no authorization protocol specified

Authorization required, but no authorization protocol specified

[Info] [carb] Logging to file: /isaac-sim/kit/logs/Kit/Isaac-Sim Python/5.1/kit_20260822_061958.log
[0.106s] [ext: omni.kit.async_engine-0.0.3] startup
[1.027s] [ext: omni.metrics.core-0.0.3] startup
[1.027s] [ext: omni.client.lib-1.1.0] startup
[1.066s] [ext: omni.blobkey-1.1.2] startup
[1.066s] [ext: omni.stats-1.0.1] startup
[1.073s] [ext: omni.datastore-0.0.0] startup
[1.081s] [ext: omni.client-1.3.0] startup
[1.088s] [ext: omni.ujitso.default-1.0.0] startup
[1.090s] [ext: omni.hsscclient-1.1.2] startup
[1.110s] [ext: omni.gpu_foundation.shadercache.vulkan-1.0.0] startup
[1.146s] [ext: omni.assets.plugins-0.0.0] startup
[1.148s] [ext: omni.gpu_foundation-0.0.0] startup
[1.161s] [ext: carb.windowing.plugins-1.0.0] startup
2026-08-22T06:19:59Z [1,124ms] [Warning] [carb.windowing-glfw.plugin] GLFW initialization failed.
2026-08-22T06:19:59Z [1,124ms] [Warning] [carb] Failed to startup plugin carb.windowing-glfw.plugin (interfaces: [carb::windowing::IGLContext v1.0],[carb::windowing::IWindowing v1.5]) (impl: carb.windowing-glfw.plugin)
[1.163s] [ext: omni.kit.renderer.init-0.0.0] startup
2026-08-22T06:19:59Z [1,177ms] [Warning] [omni.platforminfo.plugin] failed to open the default display.  Can't verify X Server version.
2026-08-22T06:20:00Z [1,422ms] [Warning] [carb.windowing-glfw.plugin] GLFW initialization failed.
2026-08-22T06:20:00Z [1,422ms] [Warning] [carb] Failed to startup plugin carb.windowing-glfw.plugin (interfaces: [carb::windowing::IGLContext v1.0],[carb::windowing::IWindowing v1.5]) (impl: carb.windowing-glfw.plugin)

|---------------------------------------------------------------------------------------------|
| Driver Version: 580.105.08    | Graphics API: Vulkan
|=============================================================================================|
| GPU | Name                             | Active | LDA | GPU Memory | Vendor-ID | LUID       |
|     |                                  |        |     |            | Device-ID | UUID       |
|     |                                  |        |     |            | Bus-ID    |            |
|---------------------------------------------------------------------------------------------|
| 0   | NVIDIA GeForce RTX 4090          | Yes: 0 |     | 24810   MB | 10de      | 0          |
|     |                                  |        |     |            | 2684      | ea3ff652.. |
|     |                                  |        |     |            | 0         |            |
|=============================================================================================|
| OS: 24.04.2 LTS (Noble Numbat) ubuntu, Version: 24.04.2, Kernel: 6.8.0-87-generic
| Processor: AMD EPYC 7713 64-Core Processor
| Cores: 40 | Logical Cores: 40
|---------------------------------------------------------------------------------------------|
| Total Memory (MB): 135018 | Free Memory: 128040
| Total Page/Swap (MB): 0 | Free Page/Swap: 0
|---------------------------------------------------------------------------------------------|
[2.277s] [ext: omni.kit.pipapi-0.0.0] startup
[2.289s] [ext: omni.kit.pip_archive-0.0.0] startup
[2.300s] [ext: omni.pip.compute-1.6.3] startup
[2.307s] [ext: omni.materialx.libs-1.0.7] startup
[2.324s] [ext: omni.pip.cloud-1.4.3] startup
[2.355s] [ext: omni.isaac.core_archive-3.0.0] startup
[2.364s] [ext: omni.usd.config-1.0.6] startup
[2.378s] [ext: omni.gpucompute.plugins-0.0.0] startup
[2.379s] [ext: omni.usd.libs-1.0.1] startup
[2.483s] [ext: omni.kit.telemetry-0.5.2] startup
[2.568s] [ext: omni.mdl-56.0.3] startup
[3.146s] [ext: omni.iray.libs-0.0.0] startup
[3.155s] [ext: omni.mdl.neuraylib-0.2.12] startup
[3.172s] [ext: omni.kit.usd.mdl-1.1.5] startup
[3.338s] [ext: omni.isaac.ml_archive-3.0.4] startup
[3.346s] [ext: omni.kit.loop-isaac-1.3.7] startup
[3.355s] [ext: omni.kit.test-2.0.1] startup
[3.727s] [ext: omni.appwindow-1.1.10] startup
2026-08-22T06:20:02Z [3,691ms] [Warning] [carb.windowing-glfw.plugin] GLFW initialization failed.
2026-08-22T06:20:02Z [3,691ms] [Warning] [carb] Failed to startup plugin carb.windowing-glfw.plugin (interfaces: [carb::windowing::IGLContext v1.0],[carb::windowing::IWindowing v1.5]) (impl: carb.windowing-glfw.plugin)
Authorization required, but no authorization protocol specified

2026-08-22T06:20:02Z [3,692ms] [Warning] [carb.windowing-glfw.plugin] GLFW initialization failed.
2026-08-22T06:20:02Z [3,692ms] [Warning] [carb] Failed to startup plugin carb.windowing-glfw.plugin (interfaces: [carb::windowing::IGLContext v1.0],[carb::windowing::IWindowing v1.5]) (impl: carb.windowing-glfw.plugin)
2026-08-22T06:20:02Z [3,693ms] [Error] [omni.appwindow.plugin] Failed to acquire IWindowing interface
2026-08-22T06:20:02Z [3,693ms] [Error] [omni.appwindow.plugin] IAppWindow::startup failed
Authorization required, but no authorization protocol specified

Authorization required, but no authorization protocol specified

[3.738s] [ext: omni.kit.renderer.core-1.1.0] startup
2026-08-22T06:20:02Z [3,725ms] [Warning] [carb.windowing-glfw.plugin] GLFW initialization failed.
2026-08-22T06:20:02Z [3,725ms] [Warning] [carb] Failed to startup plugin carb.windowing-glfw.plugin (interfaces: [carb::windowing::IGLContext v1.0],[carb::windowing::IWindowing v1.5]) (impl: carb.windowing-glfw.plugin)
[3.773s] [ext: omni.kit.renderer.capture-0.0.0] startup
[3.788s] [ext: omni.kit.renderer.imgui-2.0.5] startup
2026-08-22T06:20:02Z [3,756ms] [Warning] [carb.windowing-glfw.plugin] GLFW initialization failed.
2026-08-22T06:20:02Z [3,756ms] [Warning] [carb] Failed to startup plugin carb.windowing-glfw.plugin (interfaces: [carb::windowing::IGLContext v1.0],[carb::windowing::IWindowing v1.5]) (impl: carb.windowing-glfw.plugin)
2026-08-22T06:20:02Z [3,757ms] [Warning] [omni.ui.windowmanager.plugin] Failed to set app window for default window set!
[3.809s] [ext: omni.ui-2.27.1] startup
[3.835s] [ext: omni.kit.mainwindow-1.0.3] startup
[3.846s] [ext: carb.audio-0.1.0] startup
[3.853s] [ext: omni.uiaudio-1.0.0] startup
[3.860s] [ext: omni.kit.uiapp-0.0.0] startup
[3.860s] [ext: omni.usd.schema.metrics.assembler-107.3.1] startup
[3.873s] [ext: omni.usd.schema.audio-0.0.0] startup
[3.885s] [ext: omni.anim.graph.schema-107.3.3] startup
[3.908s] [ext: omni.usd_resolver-1.0.0] startup
[3.919s] [ext: omni.usd.core-1.5.3] startup
[3.922s] [ext: omni.usd.schema.render_settings.rtx-0.0.0] startup
[3.995s] [ext: omni.usd.schema.semantics-0.0.0] startup
[4.006s] [ext: isaacsim.robot.schema-3.6.0] startup
[4.032s] [ext: omni.usd.schema.geospatial-0.0.0] startup
[4.043s] [ext: omni.usd.schema.anim-0.0.0] startup
[4.077s] [ext: omni.kit.window.popup_dialog-2.0.24] startup
[4.099s] [ext: usdrt.scenegraph-7.6.1] startup
[4.189s] [ext: omni.timeline-1.0.14] startup
[4.197s] [ext: omni.resourcemonitor-107.0.1] startup
[4.208s] [ext: omni.activity.core-1.0.3] startup
[4.216s] [ext: omni.kit.widget.nucleus_connector-2.0.1] startup
[4.235s] [ext: omni.hydra.usdrt_delegate-7.5.1] startup
[4.251s] [ext: omni.kit.actions.core-1.0.0] startup
[4.265s] [ext: omni.graph.exec-0.9.6] startup
[4.266s] [ext: omni.kit.commands-1.4.10] startup
[4.290s] [ext: omni.kit.usd_undo-0.1.8] startup
[4.297s] [ext: omni.kit.exec.core-0.13.4] startup
[4.310s] [ext: omni.kit.audiodeviceenum-1.0.2] startup
[4.318s] [ext: omni.hydra.scene_delegate-0.3.4] startup
[4.324s] [ext: omni.usd-1.13.10] startup
[4.416s] [ext: omni.kit.asset_converter-5.0.17] startup
[4.449s] [ext: omni.usd.schema.flow-107.1.1] startup
[4.457s] [ext: omni.usd.schema.omnigraph-1.0.0] startup
[4.476s] [ext: omni.usd.schema.omni_sensors-0.0.0] startup
[4.486s] [ext: omni.anim.navigation.schema-107.3.3] startup
[4.501s] [ext: omni.inspect-1.0.2] startup
[4.509s] [ext: omni.kit.notification_manager-1.0.10] startup
[4.523s] [ext: omni.graph.core-2.184.5] startup
[4.527s] [ext: isaacsim.core.deprecation_manager-0.2.7] startup
[4.540s] [ext: omni.usd.schema.physx-107.3.26] startup
[4.599s] [ext: omni.usd.schema.isaac-3.0.5] startup
[4.599s] [ext: omni.usd.schema.omniscripting-1.0.0] startup
[4.617s] [ext: omni.usd.schema.omni_lens_distortion-0.0.0] startup
[4.626s] [ext: omni.kvdb-107.3.26] startup
[4.635s] [ext: omni.usdphysics-107.3.26] startup
[4.644s] [ext: omni.physx.foundation-107.3.26] startup
[4.653s] [ext: omni.localcache-107.3.26] startup
[4.662s] [ext: omni.convexdecomposition-107.3.26] startup
[4.672s] [ext: omni.physx.cooking-107.3.26] startup
[4.682s] [ext: omni.physx-107.3.26] startup
[4.707s] [ext: omni.physics-107.3.26] startup
[4.720s] [ext: omni.kit.usd.layers-2.2.11] startup
[4.769s] [ext: omni.physics.physx-107.3.26] startup
2026-08-22T06:20:03Z [4,732ms] [Warning] [carb] Acquiring non optional plugin interface which is not listed as dependency: [omni::physx::IPhysxBenchmarks v1.0] (plugin: <default plugin>), by client: omni.physics.physx.plugin. Add it to CARB_PLUGIN_IMPL_DEPS() macro of a client.
[4.778s] [ext: omni.physics.stageupdate-107.3.26] startup
[4.790s] [ext: omni.kit.numpy.common-0.1.3] startup
[4.800s] [ext: isaacsim.core.version-2.0.6] startup
[4.810s] [ext: omni.isaac.dynamic_control-2.0.7] startup
2026-08-22T06:20:03Z [4,789ms] [Warning] [omni.isaac.dynamic_control] omni.isaac.dynamic_control is deprecated as of Isaac Sim 4.5. No action is needed from end-users.
[4.831s] [ext: isaacsim.storage.native-1.5.1] startup
[4.850s] [ext: omni.kit.menu.core-1.1.2] startup
[4.862s] [ext: omni.kit.helper.file_utils-0.1.9] startup
[4.877s] [ext: omni.usd.metrics.assembler-107.3.1] startup
[4.898s] [ext: omni.kit.widget.context_menu-1.2.5] startup
[4.914s] [ext: omni.warp.core-1.8.2] startup
[5.438s] [ext: omni.usd.metrics.assembler.physics-107.3.26] startup
[5.463s] [ext: omni.physics.tensors-107.3.26] startup
[5.498s] [ext: omni.kit.context_menu-1.8.6] startup
[5.518s] [ext: omni.kit.clipboard-1.0.5] startup
[5.526s] [ext: isaacsim.core.utils-3.5.1] startup
[5.546s] [ext: omni.kit.widget.filebrowser-2.12.3] startup
[5.592s] [ext: omni.kit.widget.options_menu-1.1.6] startup
[5.615s] [ext: omni.kit.widget.path_field-2.0.11] startup
[5.628s] [ext: omni.index.libs-380600.8087.0] startup
[5.628s] [ext: omni.ui.scene-1.11.5] startup
[5.639s] [ext: omni.kit.widget.options_button-1.0.3] startup
[5.649s] [ext: omni.kit.widget.browser_bar-2.0.10] startup
[5.661s] [ext: omni.index-1.0.1] startup
[5.663s] [ext: omni.hydra.rtx.shadercache.vulkan-1.0.0] startup
[5.673s] [ext: omni.kit.window.filepicker-2.13.4] startup
[5.803s] [ext: omni.volume-0.5.2] startup
[5.812s] [ext: omni.ujitso.client-0.0.0] startup
[5.812s] [ext: omni.graph.tools-1.79.2] startup
[6.005s] [ext: omni.graph.image.core-0.6.1] startup
[6.007s] [ext: omni.hydra.rtx-1.0.0] startup
2026-08-22T06:20:04Z [5,990ms] [Warning] [omni.log] Source: omni.hydra was already registered.
[6.055s] [ext: omni.kit.window.file_importer-1.1.18] startup
[6.070s] [ext: omni.kit.menu.utils-2.0.5] startup
[6.131s] [ext: omni.graph.image.nodes-1.3.1] startup
[6.132s] [ext: omni.kit.widget.searchable_combobox-1.0.6] startup
[6.148s] [ext: omni.kit.hydra_texture-1.4.6] startup
[6.161s] [ext: omni.kit.material.library-2.0.7] startup
[6.206s] [ext: omni.hydra.engine.stats-1.0.3] startup
[6.217s] [ext: omni.kit.viewport.scene_camera_model-1.0.6] startup
[6.229s] [ext: omni.kit.widget.settings-1.2.6] startup
[6.251s] [ext: omni.kit.viewport.legacy_gizmos-1.0.19] startup
[6.262s] [ext: omni.kit.widget.viewport-107.1.3] startup
[6.299s] [ext: omni.kit.viewport.registry-104.0.6] startup
[6.308s] [ext: omni.kit.raycast.query-1.1.0] startup
[6.324s] [ext: omni.physx.tensors-107.3.26] startup
[6.329s] [ext: omni.kit.window.drop_support-1.0.5] startup
[6.338s] [ext: omni.kit.primitive.mesh-1.0.17] startup
[6.369s] [ext: omni.kit.viewport.window-107.2.0] startup
2026-08-22T06:20:05Z [6,370ms] [Error] [omni.kit.window.drop_support.drop_support] Cannot setup ExternalDragDrop without a default window
2026-08-22T06:20:05Z [6,370ms] [Error] [omni.ui.python] AttributeError: 'NoneType' object has no attribute 'get_window_minimize_event_stream'

At:
  /isaac-sim/extscache/omni.kit.viewport.window-107.2.0+69cbf6ad/omni/kit/viewport/window/window.py(136): __init__
  /isaac-sim/extscache/omni.kit.viewport.window-107.2.0+69cbf6ad/omni/kit/viewport/window/menu_entry.py(203): __show_window
  /isaac-sim/extscache/omni.kit.viewport.window-107.2.0+69cbf6ad/omni/kit/viewport/window/menu_entry.py(139): <lambda>
  /isaac-sim/extscache/omni.kit.viewport.window-107.2.0+69cbf6ad/omni/kit/viewport/window/menu_entry.py(141): __init__
  /isaac-sim/extscache/omni.kit.viewport.window-107.2.0+69cbf6ad/omni/kit/viewport/window/menu_entry.py(250): <listcomp>
  /isaac-sim/extscache/omni.kit.viewport.window-107.2.0+69cbf6ad/omni/kit/viewport/window/menu_entry.py(249): create_viewport_window_menu
  /isaac-sim/extscache/omni.kit.viewport.window-107.2.0+69cbf6ad/omni/kit/viewport/window/extension.py(37): on_startup
  /isaac-sim/kit/kernel/py/omni/ext/_impl/_internal.py(173): _startup_ext
  /isaac-sim/kit/kernel/py/omni/ext/_impl/_internal.py(233): startup
  /isaac-sim/kit/kernel/py/omni/ext/_impl/_internal.py(337): startup_extension
  PythonExtension.cpp::startup()(2): <module>
  /isaac-sim/exts/isaacsim.simulation_app/isaacsim/simulation_app/simulation_app.py(534): _start_app
  /isaac-sim/exts/isaacsim.simulation_app/isaacsim/simulation_app/simulation_app.py(270): __init__
  /workspace/ferox_isaac/run.py(32): <module>

[6.455s] [ext: omni.kit.window.preferences-1.8.0] startup
[6.501s] [ext: isaacsim.core.simulation_manager-1.4.4] startup
[10.742s] [ext: omni.graph.action_core-1.1.7] startup
[10.751s] [ext: omni.graph-1.141.2] startup
[10.950s] [ext: omni.kit.viewport.utility-1.1.2] startup
[10.962s] [ext: omni.kit.viewport.menubar.core-107.2.1] startup
[11.041s] [ext: isaacsim.core.prims-0.6.1] startup
[11.195s] [ext: omni.graph.action_nodes-1.50.4] startup
[11.208s] [ext: omni.kit.stage_template.core-1.1.22] startup
[11.225s] [ext: omni.syntheticdata-0.6.13] startup
[11.523s] [ext: omni.graph.nodes-1.170.10] startup
[11.619s] [ext: omni.graph.action-1.130.0] startup
[11.636s] [ext: omni.kit.stage_templates-2.0.0] startup
[11.687s] [ext: omni.kit.widget.filter-1.1.4] startup
[11.709s] [ext: omni.kit.widget.graph-2.0.0] startup
[11.812s] [ext: omni.kit.property.adapter.core-1.0.2] startup
[11.832s] [ext: omni.kit.window.file_exporter-1.0.33] startup
[11.845s] [ext: omni.kit.widget.searchfield-1.1.8] startup
[11.861s] [ext: omni.kit.hotkeys.core-1.3.10] startup
[11.863s] [ext: omni.kit.graph.delegate.default-1.2.3] startup
[11.876s] [ext: omni.kit.property.adapter.fabric-1.0.3] startup
[11.897s] [ext: omni.kit.widget.stage-3.1.4] startup
[11.974s] [ext: omni.kit.property.adapter.usd-1.0.2] startup
[11.990s] [ext: omni.kit.graph.editor.core-1.5.3] startup
[12.018s] [ext: omni.kit.widget.material_preview-1.0.16] startup
[12.036s] [ext: omni.kit.widget.highlight_label-1.0.3] startup
[12.048s] [ext: omni.kit.window.file-2.0.5] startup
[12.075s] [ext: omni.kit.window.content_browser_registry-0.0.6] startup
[12.086s] [ext: omni.kit.window.property-1.12.1] startup
[12.109s] [ext: omni.kit.window.content_browser-3.1.3] startup
2026-08-22T06:20:10Z [12,109ms] [Error] [omni.kit.window.drop_support.drop_support] Cannot setup ExternalDragDrop without a default window
[12.148s] [ext: omni.kit.graph.usd.commands-1.3.1] startup
[12.163s] [ext: omni.kit.property.usd-4.5.12] startup
[12.269s] [ext: omni.graph.ui_nodes-1.50.5] startup
[12.283s] [ext: omni.videoencoding-0.1.2] startup
[12.297s] [ext: omni.kit.window.material_graph-1.9.1] startup
[12.397s] [ext: omni.warp-1.8.2] startup
[12.439s] [ext: isaacsim.core.api-4.8.0] startup
[12.831s] [ext: omni.graph.scriptnode-1.50.0] startup
[12.859s] [ext: isaacsim.test.docstring-1.1.0] startup
[12.921s] [ext: isaacsim.core.experimental.utils-0.3.0] startup
[12.939s] [ext: omni.replicator.core-1.12.27] startup
2026-08-22T06:20:11Z [13,033ms] [Warning] [pxr.Semantics] pxr.Semantics is deprecated - please use Semantics instead
2026-08-22T06:20:11Z [13,336ms] [Warning] [omni.graph.core.plugin] Found duplicate of category 'Replicator' - was 'Annotators', adding 'Fabric Reader'
2026-08-22T06:20:11Z [13,336ms] [Warning] [omni.graph.core.plugin] Category 'Replicator' not accepted on node type 'omni.replicator.core.FabricReader' in extension 'omni.replicator.core'
2026-08-22T06:20:11Z [13,338ms] [Warning] [omni.replicator.core.scripts.extension] No material configuration file, adding configuration to material settings directly.
[13.381s] [ext: isaacsim.core.experimental.prims-0.8.1] startup
[13.554s] [ext: omni.kit.window.extensions-1.4.27] startup
[13.671s] [ext: isaacsim.core.experimental.objects-0.4.0] startup
[13.844s] [ext: omni.ui_query-1.1.8] startup
[13.872s] [ext: omni.kit.manipulator.viewport-107.0.1] startup
[13.930s] [ext: isaacsim.robot.surface_gripper-3.3.1] startup
[14.005s] [ext: omni.kit.ui_test-1.3.7] startup
[14.100s] [ext: omni.graph.visualization.nodes-2.1.3] startup
[14.273s] [ext: isaacsim.robot_motion.lula-4.0.8] startup
[14.351s] [ext: isaacsim.core.nodes-3.4.3] startup
[14.493s] [ext: isaacsim.gui.components-1.2.1] startup
[14.682s] [ext: isaacsim.robot_motion.motion_generation-8.0.26] startup
[15.032s] [ext: isaacsim.robot.manipulators-3.3.6] startup
[15.167s] [ext: isaacsim.core.experimental.materials-0.4.0] startup
[15.353s] [ext: isaacsim.robot.manipulators.examples-1.1.2] startup
[15.381s] [ext: isaacsim.cortex.framework-1.0.12] startup
[15.403s] [ext: isaacsim.cortex.behaviors-2.0.14] startup
[15.434s] [ext: omni.isaac.cortex.sample_behaviors-2.0.5] startup
2026-08-22T06:20:14Z [15,425ms] [Warning] [omni.isaac.cortex] omni.isaac.cortex has been deprecated in favor of isaacsim.cortex.framework. Please update your code accordingly.
2026-08-22T06:20:14Z [15,438ms] [Warning] [omni.isaac.cortex.sample_behaviors] omni.isaac.cortex.sample_behaviors has been deprecated in favor of isaacsim.cortex.behaviors. Please update your code accordingly.
[15.479s] [ext: omni.kit.widget.zoombar-1.0.6] startup
[15.564s] [ext: isaacsim.gui.content_browser-0.1.11] startup
[15.757s] [ext: omni.kit.browser.core-2.3.13] startup
[16.197s] [ext: omni.kit.widget.stage_icons-1.0.8] startup
[16.254s] [ext: omni.kit.widget.prompt-1.0.7] startup
[16.330s] [ext: omni.kit.usd.collect-2.4.5] startup
[16.515s] [ext: omni.kit.browser.folder.core-1.10.9] startup
[16.635s] [ext: omni.kit.window.stage-2.6.1] startup
[16.659s] [ext: omni.kit.usdz_export-1.0.9] startup
[16.676s] [ext: omni.kit.tool.collect-2.2.18] startup
[16.717s] [ext: omni.kit.menu.stage-1.2.7] startup
[16.736s] [ext: omni.kit.tool.asset_importer-4.3.2] startup
[16.801s] [ext: isaacsim.robot.wheeled_robots-4.0.24] startup
[16.872s] [ext: isaacsim.examples.browser-0.2.1] startup
[16.910s] [ext: isaacsim.asset.importer.urdf-2.4.30] startup
[17.296s] [ext: omni.isaac.wheeled_robots-3.0.7] startup
2026-08-22T06:20:15Z [17,274ms] [Warning] [omni.isaac.wheeled_robots] omni.isaac.wheeled_robots has been deprecated in favor of isaacsim.robot.wheeled_robots. Please update your code accordingly.
2026-08-22T06:20:15Z [17,286ms] [Warning] [omni.isaac.wheeled_robots.controllers] omni.isaac.wheeled_robots has been deprecated in favor of isaacsim.robot.wheeled_robots. Please update your code accordingly.
2026-08-22T06:20:15Z [17,287ms] [Warning] [omni.isaac.wheeled_robots.controllers.ackermann_controller] omni.isaac.wheeled_robots has been deprecated in favor of isaacsim.robot.wheeled_robots. Please update your code accordingly.
2026-08-22T06:20:15Z [17,288ms] [Warning] [omni.isaac.wheeled_robots.controllers.differential_controller] omni.isaac.wheeled_robots has been deprecated in favor of isaacsim.robot.wheeled_robots. Please update your code accordingly.
2026-08-22T06:20:15Z [17,289ms] [Warning] [omni.isaac.wheeled_robots.controllers.holonomic_controller] omni.isaac.wheeled_robots has been deprecated in favor of isaacsim.robot.wheeled_robots. Please update your code accordingly.
2026-08-22T06:20:15Z [17,290ms] [Warning] [omni.isaac.wheeled_robots.controllers.quintic_path_planner] omni.isaac.wheeled_robots has been deprecated in favor of isaacsim.robot.wheeled_robots. Please update your code accordingly.
2026-08-22T06:20:15Z [17,291ms] [Warning] [omni.isaac.wheeled_robots.controllers.stanley_control] omni.isaac.wheeled_robots has been deprecated in favor of isaacsim.robot.wheeled_robots. Please update your code accordingly.
2026-08-22T06:20:15Z [17,292ms] [Warning] [omni.isaac.wheeled_robots.controllers.wheel_base_pose_controller] omni.isaac.wheeled_robots has been deprecated in favor of isaacsim.robot.wheeled_robots. Please update your code accordingly.
2026-08-22T06:20:15Z [17,295ms] [Warning] [omni.isaac.wheeled_robots.impl] omni.isaac.wheeled_robots has been deprecated in favor of isaacsim.robot.wheeled_robots. Please update your code accordingly.
2026-08-22T06:20:15Z [17,298ms] [Warning] [omni.isaac.wheeled_robots.robots] omni.isaac.wheeled_robots has been deprecated in favor of isaacsim.robot.wheeled_robots. Please update your code accordingly.
2026-08-22T06:20:15Z [17,299ms] [Warning] [omni.isaac.wheeled_robots.robots.holonomic_robot_usd_setup] omni.isaac.wheeled_robots has been deprecated in favor of isaacsim.robot.wheeled_robots. Please update your code accordingly.
2026-08-22T06:20:15Z [17,300ms] [Warning] [omni.isaac.wheeled_robots.robots.wheeled_robot] omni.isaac.wheeled_robots has been deprecated in favor of isaacsim.robot.wheeled_robots. Please update your code accordingly.
[17.342s] [ext: isaacsim.simulation_app-2.12.2] startup
[17.347s] [ext: omni.isaac.franka-1.0.7] startup
2026-08-22T06:20:15Z [17,319ms] [Warning] [omni.isaac.franka] omni.isaac.franka has been deprecated in favor of isaacsim.robot.manipulators.examples.franka. Please update your code accordingly.
2026-08-22T06:20:15Z [17,320ms] [Warning] [omni.isaac.franka.franka] omni.isaac.franka has been deprecated in favor of isaacsim.robot.manipulators.examples.franka. Please update your code accordingly.
2026-08-22T06:20:16Z [17,400ms] [Warning] [omni.isaac.franka.kinematics_solver] omni.isaac.franka has been deprecated in favor of isaacsim.robot.manipulators.examples.franka. Please update your code accordingly.
[17.439s] [ext: omni.isaac.kit-2.0.6] startup
2026-08-22T06:20:16Z [17,415ms] [Warning] [omni.isaac.kit] omni.isaac.kit has been deprecated in favor of isaacsim.simulation_app. Please update your code accordingly.
[17.454s] [ext: omni.kit.selection-0.1.6] startup
[17.471s] [ext: omni.isaac.lula-4.0.6] startup
2026-08-22T06:20:16Z [17,442ms] [Warning] [omni.isaac.lula] omni.isaac.lula has been deprecated in favor of isaacsim.robot_motion.lula. Please update your code accordingly.
[17.484s] [ext: isaacsim.robot_motion.lula_test_widget-1.0.12] startup
[17.515s] [ext: isaacsim.asset.browser-1.3.23] startup
[17.797s] [ext: omni.kit.viewport.actions-107.0.2] startup
[17.819s] [ext: isaacsim.gui.menu-2.4.4] startup
[17.860s] [ext: omni.isaac.manipulators-3.0.7] startup
2026-08-22T06:20:16Z [17,834ms] [Warning] [omni.isaac.manipulators] omni.isaac.manipulators has been deprecated in favor of isaacsim.robot.manipulators. Please update your code accordingly.
2026-08-22T06:20:16Z [17,836ms] [Warning] [omni.isaac.manipulators.controllers] omni.isaac.manipulators has been deprecated in favor of isaacsim.robot.manipulators. Please update your code accordingly.
2026-08-22T06:20:16Z [17,836ms] [Warning] [omni.isaac.manipulators.controllers.pick_place_controller] omni.isaac.manipulators has been deprecated in favor of isaacsim.robot.manipulators. Please update your code accordingly.
2026-08-22T06:20:16Z [17,842ms] [Warning] [omni.isaac.manipulators.controllers.stacking_controller] omni.isaac.manipulators has been deprecated in favor of isaacsim.robot.manipulators. Please update your code accordingly.
2026-08-22T06:20:16Z [17,844ms] [Warning] [omni.isaac.manipulators.grippers] omni.isaac.manipulators has been deprecated in favor of isaacsim.robot.manipulators. Please update your code accordingly.
2026-08-22T06:20:16Z [17,844ms] [Warning] [omni.isaac.manipulators.grippers.gripper] omni.isaac.manipulators has been deprecated in favor of isaacsim.robot.manipulators. Please update your code accordingly.
2026-08-22T06:20:16Z [17,845ms] [Warning] [omni.isaac.manipulators.grippers.parallel_gripper] omni.isaac.manipulators has been deprecated in favor of isaacsim.robot.manipulators. Please update your code accordingly.
2026-08-22T06:20:16Z [17,845ms] [Warning] [omni.isaac.manipulators.grippers.surface_gripper] omni.isaac.manipulators has been deprecated in favor of isaacsim.robot.manipulators. Please update your code accordingly.
2026-08-22T06:20:16Z [17,848ms] [Warning] [omni.isaac.manipulators.manipulators] omni.isaac.manipulators has been deprecated in favor of isaacsim.robot.manipulators. Please update your code accordingly.
2026-08-22T06:20:16Z [17,848ms] [Warning] [omni.isaac.manipulators.manipulators.single_manipulator] omni.isaac.manipulators has been deprecated in favor of isaacsim.robot.manipulators. Please update your code accordingly.
[17.890s] [ext: omni.isaac.lula_test_widget-1.0.6] startup
2026-08-22T06:20:16Z [17,862ms] [Warning] [omni.isaac.lula_test_widget] omni.isaac.lula_test_widget has been deprecated in favor of isaacsim.robot_motion.lula_test_widget. Please update your code accordingly.
[17.901s] [ext: omni.isaac.asset_browser-1.0.6] startup
2026-08-22T06:20:16Z [17,875ms] [Warning] [omni.isaac.asset_browser] omni.isaac.asset_browser has been deprecated in favor of isaacsim.asset.browser. Please update your code accordingly.
[17.916s] [ext: omni.kit.viewport.menubar.display-107.0.3] startup
[17.936s] [ext: omni.isaac.menu-1.0.6] startup
2026-08-22T06:20:16Z [17,908ms] [Warning] [omni.isaac.menu] omni.isaac.menu has been deprecated in favor of isaacsim.gui.menu. Please update your code accordingly.
[17.949s] [ext: omni.isaac.motion_generation-8.0.7] startup
2026-08-22T06:20:16Z [17,921ms] [Warning] [omni.isaac.motion_generation] omni.isaac.motion_generation has been deprecated in favor of isaacsim.robot_motion.motion_generation. Please update your code accordingly.
2026-08-22T06:20:16Z [17,921ms] [Warning] [omni.isaac.motion_generation.articulation_kinematics_solver] omni.isaac.motion_generation has been deprecated in favor of isaacsim.robot_motion.motion_generation. Please update your code accordingly.
2026-08-22T06:20:16Z [17,922ms] [Warning] [omni.isaac.motion_generation.articulation_motion_policy] omni.isaac.motion_generation has been deprecated in favor of isaacsim.robot_motion.motion_generation. Please update your code accordingly.
2026-08-22T06:20:16Z [17,922ms] [Warning] [omni.isaac.motion_generation.articulation_trajectory] omni.isaac.motion_generation has been deprecated in favor of isaacsim.robot_motion.motion_generation. Please update your code accordingly.
2026-08-22T06:20:16Z [17,923ms] [Warning] [omni.isaac.motion_generation.kinematics_interface] omni.isaac.motion_generation has been deprecated in favor of isaacsim.robot_motion.motion_generation. Please update your code accordingly.
2026-08-22T06:20:16Z [17,925ms] [Warning] [omni.isaac.motion_generation.lula] omni.isaac.motion_generation has been deprecated in favor of isaacsim.robot_motion.motion_generation. Please update your code accordingly.
2026-08-22T06:20:16Z [17,925ms] [Warning] [omni.isaac.motion_generation.lula.kinematics] omni.isaac.motion_generation has been deprecated in favor of isaacsim.robot_motion.motion_generation. Please update your code accordingly.
2026-08-22T06:20:16Z [17,926ms] [Warning] [omni.isaac.motion_generation.lula.motion_policies] omni.isaac.motion_generation has been deprecated in favor of isaacsim.robot_motion.motion_generation. Please update your code accordingly.
2026-08-22T06:20:16Z [17,926ms] [Warning] [omni.isaac.motion_generation.lula.path_planners] omni.isaac.motion_generation has been deprecated in favor of isaacsim.robot_motion.motion_generation. Please update your code accordingly.
2026-08-22T06:20:16Z [17,926ms] [Warning] [omni.isaac.motion_generation.lula.trajectory_generator] omni.isaac.motion_generation has been deprecated in favor of isaacsim.robot_motion.motion_generation. Please update your code accordingly.
2026-08-22T06:20:16Z [17,927ms] [Warning] [omni.isaac.motion_generation.motion_policy_controller] omni.isaac.motion_generation has been deprecated in favor of isaacsim.robot_motion.motion_generation. Please update your code accordingly.
2026-08-22T06:20:16Z [17,927ms] [Warning] [omni.isaac.motion_generation.motion_policy_interface] omni.isaac.motion_generation has been deprecated in favor of isaacsim.robot_motion.motion_generation. Please update your code accordingly.
2026-08-22T06:20:16Z [17,928ms] [Warning] [omni.isaac.motion_generation.path_planner_visualizer] omni.isaac.motion_generation has been deprecated in favor of isaacsim.robot_motion.motion_generation. Please update your code accordingly.
2026-08-22T06:20:16Z [17,928ms] [Warning] [omni.isaac.motion_generation.path_planning_interface] omni.isaac.motion_generation has been deprecated in favor of isaacsim.robot_motion.motion_generation. Please update your code accordingly.
2026-08-22T06:20:16Z [17,928ms] [Warning] [omni.isaac.motion_generation.trajectory] omni.isaac.motion_generation has been deprecated in favor of isaacsim.robot_motion.motion_generation. Please update your code accordingly.
2026-08-22T06:20:16Z [17,929ms] [Warning] [omni.isaac.motion_generation.world_interface] omni.isaac.motion_generation has been deprecated in favor of isaacsim.robot_motion.motion_generation. Please update your code accordingly.
[17.970s] [ext: omni.isaac.assets_check-0.3.13] startup
2026-08-22T06:20:16Z [17,943ms] [Warning] [omni.isaac.assets_check] omni.isaac.assets_check has been deprecated in favor of isaacsim.asset.browser. Please update your code accordingly.
[17.982s] [ext: isaacsim.gui.sensors.icon-2.0.3] startup
[18.092s] [ext: isaacsim.asset.importer.mjcf-2.5.13] startup
[18.127s] [ext: omni.sensors.nv.common-3.0.0] startup
[18.156s] [ext: isaacsim.sensors.physics-0.4.3] startup
[18.182s] [ext: omni.sensors.net-1.0.0] startup
[18.195s] [ext: omni.isaac.nucleus-1.0.6] startup
2026-08-22T06:20:16Z [18,166ms] [Warning] [omni.isaac.nucleus] omni.isaac.nucleus has been deprecated in favor of isaacsim.storage.native. Please update your code accordingly.
2026-08-22T06:20:16Z [18,166ms] [Warning] [omni.isaac.nucleus.nucleus] omni.isaac.nucleus.nucleus has been deprecated in favor of isaacsim.storage.native. Please update your code accordingly.
[18.205s] [ext: omni.sensors.nv.materials-2.0.0] startup
[18.229s] [ext: isaacsim.robot.policy.examples-4.1.11] startup
[18.249s] [ext: omni.sensors.nv.wpm-3.0.0] startup
[18.255s] [ext: omni.sensors.nv.lidar-3.0.0] startup
[18.276s] [ext: isaacsim.util.debug_draw-3.1.0] startup
[18.293s] [ext: omni.sensors.nv.radar-3.0.0] startup
[18.304s] [ext: omni.sensors.nv.ids-2.0.0] startup
[18.307s] [ext: isaacsim.core.cloner-1.4.10] startup
[18.326s] [ext: isaacsim.sensors.physx-2.3.2] startup
[18.352s] [ext: isaacsim.sensors.rtx-15.8.4] startup
[18.386s] [ext: isaacsim.sensors.camera-1.3.6] startup
[18.438s] [ext: omni.isaac.quadruped-3.0.7] startup
2026-08-22T06:20:17Z [18,411ms] [Warning] [omni.isaac.quadruped] omni.isaac.quadruped has been deprecated in favor of isaacsim.robot.policy.examples. Please update your code accordingly.
[18.452s] [ext: omni.isaac.cloner-1.0.7] startup
2026-08-22T06:20:17Z [18,428ms] [Warning] [omni.isaac.cloner] omni.isaac.cloner has been deprecated in favor of isaacsim.core.cloner. Please update your code accordingly.
[18.469s] [ext: omni.isaac.range_sensor-4.0.6] startup
2026-08-22T06:20:17Z [18,443ms] [Warning] [omni.isaac.range_sensor] omni.isaac.range_sensor has been deprecated in favor of isaacsim.sensors.physx. Please update your code accordingly.
2026-08-22T06:20:17Z [18,444ms] [Warning] [omni.isaac.range_sensor.commands] omni.isaac.range_sensor.commands has been deprecated in favor of isaacsim.sensors.physx.commands. Please update your code accordingly.
[18.485s] [ext: omni.isaac.sensor-13.0.7] startup
2026-08-22T06:20:17Z [18,459ms] [Warning] [omni.isaac.sensor] omni.isaac.sensor has been deprecated in favor of isaacsim.sensors.camera, isaacsim.sensors.physics, isaacsim.sensors.physx, and isaacsim.sensors.rtx. Please update your code accordingly.
2026-08-22T06:20:17Z [18,459ms] [Warning] [omni.isaac.sensor.camera] omni.isaac.sensor.camera has been deprecated in favor of isaacsim.sensors.camera.camera. Please update your code accordingly.
2026-08-22T06:20:17Z [18,459ms] [Warning] [omni.isaac.sensor.camera_view] omni.isaac.sensor.camera_view has been deprecated in favor of isaacsim.sensors.camera.camera_view. Please update your code accordingly.
2026-08-22T06:20:17Z [18,460ms] [Warning] [omni.isaac.sensor.commands] omni.isaac.sensor.commands has been deprecated in favor of isaacsim.sensors.physics.commands, isaacsim.sensors.physx.commands, and isaacsim.sensors.rtx.commands. Please update your code accordingly.
2026-08-22T06:20:17Z [18,460ms] [Warning] [omni.isaac.sensor.contact_sensor] omni.isaac.sensor.contact_sensor has been deprecated in favor of isaacsim.sensors.physics.contact_sensor. Please update your code accordingly.
2026-08-22T06:20:17Z [18,461ms] [Warning] [omni.isaac.sensor.imu_sensor] omni.isaac.sensor.imu_sensor has been deprecated in favor of isaacsim.sensors.physics.imu_sensor. Please update your code accordingly.
2026-08-22T06:20:17Z [18,461ms] [Warning] [omni.isaac.sensor.lidar_rtx] omni.isaac.sensor.lidar_rtx has been deprecated in favor of isaacsim.sensors.rtx.lidar_rtx. Please update your code accordingly.
2026-08-22T06:20:17Z [18,462ms] [Warning] [omni.isaac.sensor.rotating_lidar_physX] omni.isaac.sensor.imu_sensor has been deprecated in favor of isaacsim.sensors.physix.rotating_lidar_physX. Please update your code accordingly.
2026-08-22T06:20:17Z [18,466ms] [Warning] [omni.isaac.sensor.scripts.samples.contact_sensor] omni.isaac.sensor.scripts.samples.contact_sensor has been deprecated in favor of isaacsim.sensors.physics.scripts.samples.contact_sensor. Please update your code accordingly.
2026-08-22T06:20:17Z [18,467ms] [Warning] [omni.isaac.sensor.scripts.samples.imu_sensor] omni.isaac.sensor.scripts.samples.imu_sensor has been deprecated in favor of isaacsim.sensors.physics.scripts.samples.imu_sensor. Please update your code accordingly.
2026-08-22T06:20:17Z [18,467ms] [Warning] [omni.isaac.sensor.scripts.samples.lightbeam_sensor] omni.isaac.sensor.scripts.samples.lightbeam_sensor has been deprecated in favor of isaacsim.sensors.physx.scripts.samples.lightbeam_sensor. Please update your code accordingly.
[18.509s] [ext: omni.kit.menu.create-2.0.1] startup
[18.545s] [ext: omni.kit.widget.toolbar-2.0.1] startup
[18.598s] [ext: omni.kit.manipulator.transform-107.0.0] startup
[18.639s] [ext: omni.isaac.core-4.0.7] startup
2026-08-22T06:20:17Z [18,613ms] [Warning] [omni.isaac.core.physics_context.physics_context] omni.isaac.core.physics_context.physics_context has been deprecated in favor of isaacsim.core.api.physics_context.physics_context. Please update your code accordingly.
2026-08-22T06:20:17Z [18,616ms] [Warning] [omni.isaac.core.simulation_context.simulation_context] omni.isaac.core.simulation_context.simulation_context has been deprecated in favor of isaacsim.core.api.simulation_context.simulation_context. Please update your code accordingly.
2026-08-22T06:20:17Z [18,619ms] [Warning] [omni.isaac.core.world.world] omni.isaac.core.world.world has been deprecated in favor of isaacsim.core.api.world.world. Please update your code accordingly.
2026-08-22T06:20:17Z [18,619ms] [Warning] [omni.isaac.core] omni.isaac.core has been deprecated in favor of isaacsim.core.api. Please update your code accordingly.
[18.660s] [ext: omni.kit.scripting-107.3.2] startup
[18.703s] [ext: omni.kit.manipulator.tool.snap-1.5.13] startup
[18.736s] [ext: omni.kit.manipulator.selector-1.1.3] startup
[18.752s] [ext: isaacsim.app.about-2.0.11] startup
[18.776s] [ext: isaacsim.replicator.behavior-1.1.16] startup
[18.786s] [ext: omni.kit.viewport.manipulator.transform-107.0.4] startup
[18.807s] [ext: omni.isaac.window.about-2.0.7] startup
2026-08-22T06:20:17Z [18,785ms] [Warning] [omni.isaac.window.about] omni.isaac.window.about has been deprecated in favor of isaacsim.app.about. Please update your code accordingly.
2026-08-22T06:20:17Z [18,786ms] [Warning] [omni.isaac.window.about.about] omni.isaac.window.about.about has been deprecated in favor of isaacsim.app.about.about. Please update your code accordingly.
[18.827s] [ext: omni.fabric.commands-1.1.6] startup
[18.857s] [ext: omni.kit.manipulator.prim.core-107.0.8] startup
[18.902s] [ext: omni.kit.property.audio-1.0.16] startup
[18.922s] [ext: omni.kit.property.camera-1.0.10] startup
[18.940s] [ext: omni.kit.property.geometry-2.0.4] startup
[18.965s] [ext: omni.hydra.scene_api-0.1.2] startup
[18.979s] [ext: omni.kit.property.light-1.0.12] startup
[19.019s] [ext: omni.kit.manipulator.prim.fabric-107.0.4] startup
[19.045s] [ext: omni.kit.manipulator.prim.usd-107.0.3] startup
[19.069s] [ext: omni.kit.property.material-1.11.9] startup
[19.143s] [ext: omni.kit.property.render-1.2.1] startup
[19.157s] [ext: omni.kit.property.transform-1.5.13] startup
[19.212s] [ext: isaacsim.gui.property-1.1.3] startup
[19.232s] [ext: omni.kit.manipulator.camera-106.0.4] startup
[19.268s] [ext: omni.kit.manipulator.prim-107.0.0] startup
[19.270s] [ext: omni.isaac.surface_gripper-2.0.6] startup
2026-08-22T06:20:17Z [19,241ms] [Warning] [omni.isaac.surface_gripper] omni.isaac.surface_gripper has been deprecated in favor of isaacsim.robot.surface_gripper. Please update your code accordingly.
[19.282s] [ext: omni.kit.manipulator.selection-106.0.1] startup
[19.300s] [ext: omni.kit.property.bundle-1.4.1] startup
[19.316s] [ext: omni.kit.property.isaac-1.0.6] startup
2026-08-22T06:20:17Z [19,290ms] [Warning] [omni.kit.property.isaac] omni.kit.property.isaac has been deprecated in favor of isaacsim.gui.property. Please update your code accordingly.
2026-08-22T06:20:17Z [19,290ms] [Warning] [omni.kit.property.isaac.widgets] omni.kit.property.isaac.widgets has been deprecated in favor of isaacsim.gui.property.widgets. Please update your code accordingly.
[19.329s] [ext: omni.isaac.universal_robots-1.0.6] startup
2026-08-22T06:20:17Z [19,301ms] [Warning] [omni.isaac.universal_robots] omni.isaac.universal_robots has been deprecated in favor of isaacsim.robot.manipulators.examples.universal_robots. Please update your code accordingly.
2026-08-22T06:20:17Z [19,301ms] [Warning] [omni.isaac.universal_robots.kinematics_solver] omni.isaac.franka has been deprecated in favor of isaacsim.robot.manipulators.examples.universal_robots. Please update your code accordingly.
2026-08-22T06:20:17Z [19,308ms] [Warning] [omni.isaac.universal_robots.ur10] omni.isaac.franka has been deprecated in favor of isaacsim.robot.manipulators.examples.universal_robots. Please update your code accordingly.
[19.347s] [ext: omni.isaac.core_nodes-2.0.6] startup
2026-08-22T06:20:17Z [19,326ms] [Warning] [omni.isaac.core_nodes] omni.isaac.core_nodes has been deprecated in favor of isaacsim.core.nodes. Please update your code accordingly.
[19.368s] [ext: omni.kit.viewport.menubar.camera-107.0.6] startup
[19.411s] [ext: omni.kit.viewport.menubar.lighting-107.3.1] startup
[19.440s] [ext: isaacsim.replicator.writers-1.0.17] startup
[19.551s] [ext: omni.kit.viewport.menubar.render-107.0.10] startup
[19.609s] [ext: omni.kit.viewport.menubar.settings-107.0.3] startup
[19.653s] [ext: omni.kit.window.console-1.1.4] startup
[19.677s] [ext: isaacsim.replicator.domain_randomization-1.0.16] startup
[19.697s] [ext: isaacsim.replicator.examples-1.3.6] startup
[19.709s] [ext: omni.ocio-0.1.1] startup
[19.730s] [ext: omni.rtx.window.settings-0.6.19] startup
[19.786s] [ext: omni.kit.window.status_bar-0.1.9] startup
[19.830s] [ext: omni.kit.window.toolbar-2.0.0] startup
[19.870s] [ext: omni.replicator.isaac-2.0.8] startup
2026-08-22T06:20:18Z [19,845ms] [Warning] [omni.replicator.isaac] omni.replicator.isaac has been deprecated in favor of isaacsim.replicator.domain_randomization, isaacsim.replicator.examples, isaacsim.replicator.writers. Please update your code accordingly.
[19.892s] [ext: omni.replicator.replicator_yaml-2.0.11] startup
[19.995s] [ext: omni.rtx.settings.core-0.6.5] startup
[20.047s] [ext: omni.usd.metrics.assembler.ui-107.3.1] startup
[20.079s] [ext: omni.isaac.utils-2.0.6] startup
[20.092s] [ext: semantics.schema.editor-2.0.2] startup
[20.119s] [ext: omni.kit.ui.actions-1.0.5] startup
[20.133s] [ext: semantics.schema.property-2.0.1] startup
[20.147s] [ext: omni.isaac.version-2.0.7] startup
2026-08-22T06:20:18Z [20,115ms] [Warning] [omni.isaac.version] omni.isaac.version has been deprecated in favor of isaacsim.core.version. Please update your code accordingly.
[20.156s] [ext: omni.isaac.cortex-1.0.5] startup
[20.156s] [ext: omni.anim.curve.core-1.3.1] startup
[20.210s] [ext: isaacsim.core.throttling-2.2.2] startup
[20.225s] [ext: omni.kit.menu.common-2.0.1] startup
[20.239s] [ext: isaacsim.exp.base-5.1.0] startup
[20.242s] [ext: isaacsim.exp.base.python-5.1.0] startup
[20.245s] Simulation App Starting
2026-08-22T06:20:18Z [20,343ms] [Error] [omni.kit.window.drop_support.drop_support] Cannot setup ExternalDragDrop without a default window
2026-08-22T06:20:19Z [20,352ms] [Warning] [omni.fabric.plugin] Warning: attribute viewportHandle not found for bucket id 9

[20.414s] app ready
2026-08-22T06:20:19Z [20,760ms] [Error] [omni.kit.menu.utils.app_menu] Hotkeys cannot be setup without a default window
Starting kit application with the following args:  ['/isaac-sim/exts/isaacsim.simulation_app/isaacsim/simulation_app/simulation_app.py', '/isaac-sim/apps/isaacsim.exp.base.python.kit', '--/app/tokens/exe-path=/isaac-sim/kit', '--/persistent/app/viewport/displayOptions=3094', '--/rtx/materialDb/syncLoads=True', '--/rtx/hydra/materialSyncLoads=True', '--/omni.kit.plugin/syncUsdLoads=True', '--/app/renderer/resolution/width=1280', '--/app/renderer/resolution/height=720', '--/app/window/width=1440', '--/app/window/height=900', '--/renderer/multiGpu/enabled=True', '--/app/fastShutdown=True', '--/app/installSignalHandlers=0', '--ext-folder', '/isaac-sim/exts', '--ext-folder', '/isaac-sim/apps', '--/physics/cudaDevice=0', '--/plugins/carb.tasking.plugin/threadCount=32', '--/plugins/omni.tbb.globalcontrol/maxThreadCount=32', '--portable']
Passing the following args to the base kit application:  ['--robot_type', 'g1', '--cmd_vel_topic', '/ferox/g1_01/cmd_vel', '--ros_namespace', '/ferox/g1_01', '--no_keyboard', '--render_dt', '0.02']
Warp 1.8.2 initialized:
   CUDA Toolkit 12.8, Driver 13.0
   Devices:
     "cpu"      : "x86_64"
     "cuda:0"   : "NVIDIA GeForce RTX 4090" (24 GiB, sm_89, mempool enabled)
   Kernel cache:
     /isaac-sim/.cache/warp/1.8.2
Warp DeprecationWarning: The `warp.sim` module is deprecated and will be removed in v1.10. Please transition to using the forthcoming Newton library instead.
[PANTHERA-MARK] before RobotRosRunner()
[PANTHERA-MARK] camera ros_namespace = '/ferox/g1_01'
[World] SIM_WORLD=hospital -> https://omniverse-content-production.s3-us-west-2.amazonaws.com/Assets/Isaac/5.1/Isaac/Environments/Hospital/hospital.usd
[World] spawn pos=[7.800000190734863, 2.0, 0.800000011920929] yaw=1.570rad (robot=g1)
[PANTHERA-MARK] RobotRosRunner constructed, before reset
[PANTHERA-MARK] A: app.update done, calling _world.reset()
[PANTHERA-MARK] B: world.reset() done
[PANTHERA-MARK] C: app.update done, calling setup()
[PANTHERA-MARK] D: setup() done
[lowlevel-sim] hands: [] (none -- HAND=none)
[lowlevel-sim] TEST RIG ACTIVE: base pinned to spawn pose (C-30)
[lowlevel-sim] spawn base_z=0.7975 hold_pose=spawn q_hold[:6]=[-0.10000000149011612, 0.0, 0.0, 0.30000001192092896, -0.20000000298023224, 0.0]
[lowlevel-sim][trace] set_gains
[lowlevel-sim][trace] set_effort_modes
[lowlevel-sim][trace] switch_control_mode(effort)
[lowlevel-sim][trace] control mode set
[lowlevel-sim] physics 1000.0 Hz, PD every 2 step(s) -> 500.0 Hz, timeout 85 ms
[PANTHERA-MARK] low-level bridge attached (G1_CONTROL=lowcmd)
[lowlevel-sim][GT] t=0.001 quat=[0.70739, 0.0, 0.0, 0.70683] angvel=[0.0, 0.0, 0.0] linvel=[0.0, 0.0, 0.0] z=0.7975
[PANTHERA-MARK] E: app.update done, SKIPPING setup_ros() entirely
[PANTHERA-MARK] E1: entered setup_ros() body
[PANTHERA-MARK] E2: self._cmd_vel_topic = /ferox/g1_01/cmd_vel
[PANTHERA] executor spinning on dedicated thread
[PANTHERA] cmd_vel subscriber active on /ferox/g1_01/cmd_vel (rclpy bypass)
[PANTHERA] reset subscriber active on /twin/reset
[lowlevel-sim][GT] t=0.051 quat=[0.70739, 0.0, 0.0, 0.70683] angvel=[0.0, 0.0, 0.0] linvel=[0.0, 0.0, 0.0] z=0.7975
[lowlevel-sim][GT] t=0.101 quat=[0.70739, 0.0, 0.0, 0.70683] angvel=[0.0, 0.0, 0.0] linvel=[0.0, 0.0, 0.0] z=0.7975
[lowlevel-sim][GT] t=0.151 quat=[0.70739, 0.0, 0.0, 0.70683] angvel=[0.0, 0.0, 0.0] linvel=[0.0, 0.0, 0.0] z=0.7975
[lowlevel-sim][GT] t=0.201 quat=[0.70739, 0.0, 0.0, 0.70683] angvel=[0.0, 0.0, 0.0] linvel=[0.0, 0.0, 0.0] z=0.7975
[TWIN] contract /workspace/ferox_isaac/twin/g1_contract.yaml
[TWIN] namespace /ferox/g1_01  CAMERA_TF=0
[TWIN] Mid-360 SKIPPED (TWIN_LIDAR=0) -- device only, contract untouched
[TWIN] camera SKIPPED (TWIN_CAMERA=0) -- C-23, device only, contract untouched
[TWIN] 2 IMU device(s) SKIPPED (TWIN_IMU=0) -- device only, contract untouched
[lowlevel-sim][GT] t=0.251 quat=[0.70739, 0.0, 0.0, 0.70683] angvel=[0.0, 0.0, 0.0] linvel=[0.0, 0.0, 0.0] z=0.7975
[lowlevel-sim][GT] t=0.301 quat=[0.70739, 0.0, 0.0, 0.70683] angvel=[0.0, 0.0, 0.0] linvel=[0.0, 0.0, 0.0] z=0.7975
[TWIN] /tf_static: 6 edges (base_link->dog_imu_link, livox_frame->livox_imu, camera_link->camera_color_frame, camera_color_frame->camera_color_optical_frame, camera_link->camera_depth_frame, camera_depth_frame->camera_depth_optical_frame)
[TWIN] rendering_dt=0.020000s (50.00 Hz) requested 0.020000s
[TWIN] lidar cloud publisher SKIPPED (TWIN_LIDAR=0)
[TWIN] odom -> /ferox/g1_01/odom
[22.932s] Simulation App Startup Complete
[23.027s] [ext: isaacsim.ros2.bridge-4.12.4] startup
[23.171s] Attempting to load system rclpy
[23.172s] Could not import system rclpy: No module named 'rclpy'
[23.172s] Attempting to load internal rclpy for ROS Distro: humble
[23.282s] rclpy loaded
2026-08-22T06:20:23Z [25,156ms] [Warning] [__main__] G1_USD_OVERRIDE in effect -- NOT the twin asset: /workspace/ferox_isaac/assets/g1_ref_mjcf/g1_29dof_old.usd
2026-08-22T06:20:25Z [26,429ms] [Warning] [__main__] G1_ART_ROOT=/World/G1/pelvis/pelvis -- articulation root taken from the environment, not the referenced prim
2026-08-22T06:20:25Z [27,043ms] [Warning] [omni.fabric.plugin] getAttributeCount called on non-existent path /World/G1/pelvis/waist_yaw_link/visuals/waist_yaw_link
2026-08-22T06:20:25Z [27,043ms] [Warning] [omni.fabric.plugin] getTypes called on non-existent path /World/G1/pelvis/waist_yaw_link/visuals/waist_yaw_link
2026-08-22T06:21:11Z [72,402ms] [Warning] [omni.hydra] Material parameter 'ReflectionCubemap' (Type: '2D') was assigned an incompatible texture: 'https://omniverse-content-production.s3-us-west-2.amazonaws.com/Assets/Isaac/5.1/Isaac/Environments/Hospital/Materials/Textures/Desert_Outer_HDR.dds' (Type: 'Cube')
2026-08-22T06:21:11Z [72,408ms] [Warning] [omni.hydra] Material parameter 'ReflectionCubemap' (Type: '2D') was assigned an incompatible texture: 'https://omniverse-content-production.s3-us-west-2.amazonaws.com/Assets/Isaac/5.1/Isaac/Environments/Hospital/Materials/Textures/Desert_Outer_HDR.dds' (Type: 'Cube')
2026-08-22T06:21:13Z [74,956ms] [Warning] [omni.timeline.plugin] Deprecated: direct use of ITimeline callbacks is deprecated. Use ITimeline::getTimeline (Python: omni.timeline.get_timeline_interface) instead.
2026-08-22T06:21:13Z [75,206ms] [Error] [omni.graph.core.plugin] /JointStatesGraph/JointStatePub: [/JointStatesGraph] The prim /World/G1/torso_link is not valid. Please specify at least one valid chassis prim
[TWIN] interface up
[PANTHERA-MARK] F: setup_ros() done
[lowlevel-sim][GT] t=0.351 quat=[0.70739, 0.0, 0.0, 0.70683] angvel=[0.0, 0.0, 0.0] linvel=[0.0, 0.0, 0.0] z=0.7975
[PANTHERA-MARK] G: before runner.run() — entering main loop
[lowlevel-sim][GT] t=0.401 quat=[0.70739, 0.0, 0.0, 0.70683] angvel=[0.0, 0.0, 0.0] linvel=[0.0, 0.0, 0.0] z=0.7975
[lowlevel-sim][GT] t=0.451 quat=[0.70739, 0.0, 0.0, 0.70683] angvel=[0.0, 0.0, 0.0] linvel=[0.0, 0.0, 0.0] z=0.7975
[lowlevel-sim] t=   0.50 mode=hold       pd=499 hold=499 failclosed=0 rtf=0.202 base_z=+0.798 pitch=+0.000 roll=+0.000 |tau|max=  0.00 sat=0/29 knee_L=+0.300 hip_p_L=-0.100 torn=499 cmd_age=-1.0ms auth=-1.0s rig_ign=0 fix_base=1
[lowlevel-sim][GT] t=0.501 quat=[0.70739, 0.0, 0.0, 0.70683] angvel=[0.0, 0.0, 0.0] linvel=[0.0, 0.0, 0.0] z=0.7975
[lowlevel-sim][GT] t=0.551 quat=[0.70739, 0.0, 0.0, 0.70683] angvel=[0.0, 0.0, 0.0] linvel=[0.0, 0.0, 0.0] z=0.7975
[lowlevel-sim][GT] t=0.601 quat=[0.70739, 0.0, 0.0, 0.70683] angvel=[0.0, 0.0, 0.0] linvel=[0.0, 0.0, 0.0] z=0.7975
[lowlevel-sim][GT] t=0.651 quat=[0.70739, 0.0, 0.0, 0.70683] angvel=[0.0, 0.0, 0.0] linvel=[0.0, 0.0, 0.0] z=0.7975
[lowlevel-sim][GT] t=0.701 quat=[0.70739, 0.0, 0.0, 0.70683] angvel=[0.0, 0.0, 0.0] linvel=[0.0, 0.0, 0.0] z=0.7975
[lowlevel-sim][GT] t=0.751 quat=[0.70739, 0.0, 0.0, 0.70683] angvel=[0.0, 0.0, 0.0] linvel=[0.0, 0.0, 0.0] z=0.7975
[lowlevel-sim][GT] t=0.801 quat=[0.70739, 0.0, 0.0, 0.70683] angvel=[0.0, 0.0, 0.0] linvel=[0.0, 0.0, 0.0] z=0.7975
[lowlevel-sim][GT] t=0.851 quat=[0.70739, 0.0, 0.0, 0.70683] angvel=[0.0, 0.0, 0.0] linvel=[0.0, 0.0, 0.0] z=0.7975
[lowlevel-sim][GT] t=0.901 quat=[0.70739, 0.0, 0.0, 0.70683] angvel=[0.0, 0.0, 0.0] linvel=[0.0, 0.0, 0.0] z=0.7975
[lowlevel-sim][GT] t=0.951 quat=[0.70739, 0.0, 0.0, 0.70683] angvel=[0.0, 0.0, 0.0] linvel=[0.0, 0.0, 0.0] z=0.7975
[lowlevel-sim] t=   1.00 mode=hold       pd=999 hold=999 failclosed=0 rtf=0.230 base_z=+0.798 pitch=+0.000 roll=+0.000 |tau|max=  0.00 sat=0/29 knee_L=+0.300 hip_p_L=-0.100 torn=999 cmd_age=-1.0ms auth=-1.0s rig_ign=0 fix_base=1
[lowlevel-sim][GT] t=1.001 quat=[0.70739, 0.0, 0.0, 0.70683] angvel=[0.0, 0.0, 0.0] linvel=[0.0, 0.0, 0.0] z=0.7975
[lowlevel-sim][GT] t=1.051 quat=[0.70739, 0.0, 0.0, 0.70683] angvel=[0.0, 0.0, 0.0] linvel=[0.0, 0.0, 0.0] z=0.7975
[lowlevel-sim][GT] t=1.101 quat=[0.70739, 0.0, 0.0, 0.70683] angvel=[0.0, 0.0, 0.0] linvel=[0.0, 0.0, 0.0] z=0.7975
[lowlevel-sim][GT] t=1.151 quat=[0.70739, 0.0, 0.0, 0.70683] angvel=[0.0, 0.0, 0.0] linvel=[0.0, 0.0, 0.0] z=0.7975
[lowlevel-sim][GT] t=1.201 quat=[0.70739, 0.0, 0.0, 0.70683] angvel=[0.0, 0.0, 0.0] linvel=[0.0, 0.0, 0.0] z=0.7975
[lowlevel-sim][GT] t=1.251 quat=[0.70739, 0.0, 0.0, 0.70683] angvel=[0.0, 0.0, 0.0] linvel=[0.0, 0.0, 0.0] z=0.7975
[lowlevel-sim][GT] t=1.301 quat=[0.70739, 0.0, 0.0, 0.70683] angvel=[0.0, 0.0, 0.0] linvel=[0.0, 0.0, 0.0] z=0.7975
[lowlevel-sim][GT] t=1.351 quat=[0.70739, 0.0, 0.0, 0.70683] angvel=[0.0, 0.0, 0.0] linvel=[0.0, 0.0, 0.0] z=0.7975
[lowlevel-sim][GT] t=1.401 quat=[0.70739, 0.0, 0.0, 0.70683] angvel=[0.0, 0.0, 0.0] linvel=[0.0, 0.0, 0.0] z=0.7975
[lowlevel-sim][GT] t=1.451 quat=[0.70739, 0.0, 0.0, 0.70683] angvel=[0.0, 0.0, 0.0] linvel=[0.0, 0.0, 0.0] z=0.7975
[lowlevel-sim] t=   1.50 mode=hold       pd=1499 hold=1499 failclosed=0 rtf=0.256 base_z=+0.798 pitch=+0.000 roll=+0.000 |tau|max=  0.00 sat=0/29 knee_L=+0.300 hip_p_L=-0.100 torn=1499 cmd_age=-1.0ms auth=-1.0s rig_ign=0 fix_base=1
[lowlevel-sim][GT] t=1.501 quat=[0.70739, 0.0, 0.0, 0.70683] angvel=[0.0, 0.0, 0.0] linvel=[0.0, 0.0, 0.0] z=0.7975
[lowlevel-sim][GT] t=1.551 quat=[0.70739, 0.0, 0.0, 0.70683] angvel=[0.0, 0.0, 0.0] linvel=[0.0, 0.0, 0.0] z=0.7975
[lowlevel-sim][GT] t=1.601 quat=[0.70739, 0.0, 0.0, 0.70683] angvel=[0.0, 0.0, 0.0] linvel=[0.0, 0.0, 0.0] z=0.7975
[lowlevel-sim][GT] t=1.651 quat=[0.70739, 0.0, 0.0, 0.70683] angvel=[0.0, 0.0, 0.0] linvel=[0.0, 0.0, 0.0] z=0.7975
[lowlevel-sim][GT] t=1.701 quat=[0.70739, 0.0, 0.0, 0.70683] angvel=[0.0, 0.0, 0.0] linvel=[0.0, 0.0, 0.0] z=0.7975
[lowlevel-sim][GT] t=1.751 quat=[0.70739, 0.0, 0.0, 0.70683] angvel=[0.0, 0.0, 0.0] linvel=[0.0, 0.0, 0.0] z=0.7975
[lowlevel-sim][GT] t=1.801 quat=[0.70739, 0.0, 0.0, 0.70683] angvel=[0.0, 0.0, 0.0] linvel=[0.0, 0.0, 0.0] z=0.7975
[lowlevel-sim][GT] t=1.851 quat=[0.70739, 0.0, 0.0, 0.70683] angvel=[0.0, 0.0, 0.0] linvel=[0.0, 0.0, 0.0] z=0.7975
[lowlevel-sim][GT] t=1.901 quat=[0.70739, 0.0, 0.0, 0.70683] angvel=[0.0, 0.0, 0.0] linvel=[0.0, 0.0, 0.0] z=0.7975
[lowlevel-sim][GT] t=1.951 quat=[0.70739, 0.0, 0.0, 0.70683] angvel=[0.0, 0.0, 0.0] linvel=[0.0, 0.0, 0.0] z=0.7975
[lowlevel-sim] t=   2.00 mode=hold       pd=1999 hold=1999 failclosed=0 rtf=0.267 base_z=+0.798 pitch=+0.000 roll=+0.000 |tau|max=  0.00 sat=0/29 knee_L=+0.300 hip_p_L=-0.100 torn=1999 cmd_age=-1.0ms auth=-1.0s rig_ign=0 fix_base=1
[lowlevel-sim][GT] t=2.001 quat=[0.70739, 0.0, 0.0, 0.70683] angvel=[0.0, 0.0, 0.0] linvel=[0.0, 0.0, 0.0] z=0.7975
[lowlevel-sim][GT] t=2.051 quat=[0.70739, 0.0, 0.0, 0.70683] angvel=[0.0, 0.0, 0.0] linvel=[0.0, 0.0, 0.0] z=0.7975
[lowlevel-sim][GT] t=2.101 quat=[0.70739, 0.0, 0.0, 0.70683] angvel=[0.0, 0.0, 0.0] linvel=[0.0, 0.0, 0.0] z=0.7975
[lowlevel-sim][GT] t=2.151 quat=[0.70739, 0.0, 0.0, 0.70683] angvel=[0.0, 0.0, 0.0] linvel=[0.0, 0.0, 0.0] z=0.7975
[lowlevel-sim][GT] t=2.201 quat=[0.70739, 0.0, 0.0, 0.70683] angvel=[0.0, 0.0, 0.0] linvel=[0.0, 0.0, 0.0] z=0.7975
[lowlevel-sim][GT] t=2.251 quat=[0.70739, 0.0, 0.0, 0.70683] angvel=[0.0, 0.0, 0.0] linvel=[0.0, 0.0, 0.0] z=0.7975
[lowlevel-sim][GT] t=2.301 quat=[0.70739, 0.0, 0.0, 0.70683] angvel=[0.0, 0.0, 0.0] linvel=[0.0, 0.0, 0.0] z=0.7975
[lowlevel-sim][GT] t=2.351 quat=[0.70739, 0.0, 0.0, 0.70683] angvel=[0.0, 0.0, 0.0] linvel=[0.0, 0.0, 0.0] z=0.7975
[lowlevel-sim][GT] t=2.401 quat=[0.70739, 0.0, 0.0, 0.70683] angvel=[0.0, 0.0, 0.0] linvel=[0.0, 0.0, 0.0] z=0.7975
[lowlevel-sim][GT] t=2.451 quat=[0.70739, 0.0, 0.0, 0.70683] angvel=[0.0, 0.0, 0.0] linvel=[0.0, 0.0, 0.0] z=0.7975
[lowlevel-sim] t=   2.50 mode=hold       pd=2499 hold=2499 failclosed=0 rtf=0.259 base_z=+0.798 pitch=+0.000 roll=+0.000 |tau|max=  0.00 sat=0/29 knee_L=+0.300 hip_p_L=-0.100 torn=2499 cmd_age=-1.0ms auth=-1.0s rig_ign=0 fix_base=1
[lowlevel-sim][GT] t=2.501 quat=[0.70739, 0.0, 0.0, 0.70683] angvel=[0.0, 0.0, 0.0] linvel=[0.0, 0.0, 0.0] z=0.7975
[lowlevel-sim][GT] t=2.551 quat=[0.70739, 0.0, 0.0, 0.70683] angvel=[0.0, 0.0, 0.0] linvel=[0.0, 0.0, 0.0] z=0.7975
[lowlevel-sim][GT] t=2.601 quat=[0.70739, 0.0, 0.0, 0.70683] angvel=[0.0, 0.0, 0.0] linvel=[0.0, 0.0, 0.0] z=0.7975
[lowlevel-sim][GT] t=2.651 quat=[0.70739, 0.0, 0.0, 0.70683] angvel=[0.0, 0.0, 0.0] linvel=[0.0, 0.0, 0.0] z=0.7975
[lowlevel-sim][GT] t=2.701 quat=[0.70739, 0.0, 0.0, 0.70683] angvel=[0.0, 0.0, 0.0] linvel=[0.0, 0.0, 0.0] z=0.7975
[lowlevel-sim][GT] t=2.751 quat=[0.70739, 0.0, 0.0, 0.70683] angvel=[0.0, 0.0, 0.0] linvel=[0.0, 0.0, 0.0] z=0.7975
[lowlevel-sim][GT] t=2.801 quat=[0.70739, 0.0, 0.0, 0.70683] angvel=[0.0, 0.0, 0.0] linvel=[0.0, 0.0, 0.0] z=0.7975
[lowlevel-sim][GT] t=2.851 quat=[0.70739, 0.0, 0.0, 0.70683] angvel=[0.0, 0.0, 0.0] linvel=[0.0, 0.0, 0.0] z=0.7975
[lowlevel-sim][GT] t=2.901 quat=[0.70739, 0.0, 0.0, 0.70683] angvel=[0.0, 0.0, 0.0] linvel=[0.0, 0.0, 0.0] z=0.7975
[lowlevel-sim][GT] t=2.951 quat=[0.70739, 0.0, 0.0, 0.70683] angvel=[0.0, 0.0, 0.0] linvel=[0.0, 0.0, 0.0] z=0.7975
[lowlevel-sim] t=   3.00 mode=hold       pd=2999 hold=2999 failclosed=0 rtf=0.258 base_z=+0.798 pitch=+0.000 roll=+0.000 |tau|max=  0.00 sat=0/29 knee_L=+0.300 hip_p_L=-0.100 torn=2999 cmd_age=-1.0ms auth=-1.0s rig_ign=0 fix_base=1
[lowlevel-sim][GT] t=3.001 quat=[0.70739, 0.0, 0.0, 0.70683] angvel=[0.0, 0.0, 0.0] linvel=[0.0, 0.0, 0.0] z=0.7975
[lowlevel-sim][GT] t=3.051 quat=[0.70739, 0.0, 0.0, 0.70683] angvel=[0.0, 0.0, 0.0] linvel=[0.0, 0.0, 0.0] z=0.7975
[lowlevel-sim][GT] t=3.101 quat=[0.70739, 0.0, 0.0, 0.70683] angvel=[0.0, 0.0, 0.0] linvel=[0.0, 0.0, 0.0] z=0.7975
[lowlevel-sim][GT] t=3.151 quat=[0.70739, 0.0, 0.0, 0.70683] angvel=[0.0, 0.0, 0.0] linvel=[0.0, 0.0, 0.0] z=0.7975
[lowlevel-sim][GT] t=3.201 quat=[0.70739, 0.0, 0.0, 0.70683] angvel=[0.0, 0.0, 0.0] linvel=[0.0, 0.0, 0.0] z=0.7975
[lowlevel-sim][GT] t=3.251 quat=[0.70739, 0.0, 0.0, 0.70683] angvel=[0.0, 0.0, 0.0] linvel=[0.0, 0.0, 0.0] z=0.7975
[lowlevel-sim][GT] t=3.301 quat=[0.70739, 0.0, 0.0, 0.70683] angvel=[0.0, 0.0, 0.0] linvel=[0.0, 0.0, 0.0] z=0.7975
[lowlevel-sim][GT] t=3.351 quat=[0.70739, 0.0, 0.0, 0.70683] angvel=[0.0, 0.0, 0.0] linvel=[0.0, 0.0, 0.0] z=0.7975
[lowlevel-sim][GT] t=3.401 quat=[0.70739, 0.0, 0.0, 0.70683] angvel=[0.0, 0.0, 0.0] linvel=[0.0, 0.0, 0.0] z=0.7975
[lowlevel-sim][GT] t=3.451 quat=[0.70739, 0.0, 0.0, 0.70683] angvel=[0.0, 0.0, 0.0] linvel=[0.0, 0.0, 0.0] z=0.7975
[lowlevel-sim] t=   3.50 mode=hold       pd=3499 hold=3499 failclosed=0 rtf=0.259 base_z=+0.798 pitch=+0.000 roll=+0.000 |tau|max=  0.00 sat=0/29 knee_L=+0.300 hip_p_L=-0.100 torn=3499 cmd_age=-1.0ms auth=-1.0s rig_ign=0 fix_base=1
[lowlevel-sim][GT] t=3.501 quat=[0.70739, 0.0, 0.0, 0.70683] angvel=[0.0, 0.0, 0.0] linvel=[0.0, 0.0, 0.0] z=0.7975
[lowlevel-sim][GT] t=3.551 quat=[0.70739, 0.0, 0.0, 0.70683] angvel=[0.0, 0.0, 0.0] linvel=[0.0, 0.0, 0.0] z=0.7975
[lowlevel-sim][GT] t=3.601 quat=[0.70739, 0.0, 0.0, 0.70683] angvel=[0.0, 0.0, 0.0] linvel=[0.0, 0.0, 0.0] z=0.7975
[lowlevel-sim][GT] t=3.651 quat=[0.70739, 0.0, 0.0, 0.70683] angvel=[0.0, 0.0, 0.0] linvel=[0.0, 0.0, 0.0] z=0.7975
[lowlevel-sim][GT] t=3.701 quat=[0.70739, 0.0, 0.0, 0.70683] angvel=[0.0, 0.0, 0.0] linvel=[0.0, 0.0, 0.0] z=0.7975
[lowlevel-sim][GT] t=3.751 quat=[0.70739, 0.0, 0.0, 0.70683] angvel=[0.0, 0.0, 0.0] linvel=[0.0, 0.0, 0.0] z=0.7975
[lowlevel-sim][GT] t=3.801 quat=[0.70739, 0.0, 0.0, 0.70683] angvel=[0.0, 0.0, 0.0] linvel=[0.0, 0.0, 0.0] z=0.7975
[lowlevel-sim][GT] t=3.851 quat=[0.70739, 0.0, 0.0, 0.70683] angvel=[0.0, 0.0, 0.0] linvel=[0.0, 0.0, 0.0] z=0.7975
[lowlevel-sim][GT] t=3.901 quat=[0.70739, 0.0, 0.0, 0.70683] angvel=[0.0, 0.0, 0.0] linvel=[0.0, 0.0, 0.0] z=0.7975
[lowlevel-sim][GT] t=3.951 quat=[0.70739, 0.0, 0.0, 0.70683] angvel=[0.0, 0.0, 0.0] linvel=[0.0, 0.0, 0.0] z=0.7975
[lowlevel-sim] t=   4.00 mode=hold       pd=3999 hold=3999 failclosed=0 rtf=0.257 base_z=+0.798 pitch=+0.000 roll=+0.000 |tau|max=  0.00 sat=0/29 knee_L=+0.300 hip_p_L=-0.100 torn=3999 cmd_age=-1.0ms auth=-1.0s rig_ign=0 fix_base=1
[lowlevel-sim][GT] t=4.001 quat=[0.70739, 0.0, 0.0, 0.70683] angvel=[0.0, 0.0, 0.0] linvel=[0.0, 0.0, 0.0] z=0.7975
[lowlevel-sim][GT] t=4.051 quat=[0.70739, 0.0, 0.0, 0.70683] angvel=[0.0, 0.0, 0.0] linvel=[0.0, 0.0, 0.0] z=0.7975
[lowlevel-sim][GT] t=4.101 quat=[0.70739, 0.0, 0.0, 0.70683] angvel=[0.0, 0.0, 0.0] linvel=[0.0, 0.0, 0.0] z=0.7975
[lowlevel-sim][GT] t=4.151 quat=[0.70739, 0.0, 0.0, 0.70683] angvel=[0.0, 0.0, 0.0] linvel=[0.0, 0.0, 0.0] z=0.7975
[lowlevel-sim][GT] t=4.201 quat=[0.70739, 0.0, 0.0, 0.70683] angvel=[0.0, 0.0, 0.0] linvel=[0.0, 0.0, 0.0] z=0.7975
[lowlevel-sim][GT] t=4.251 quat=[0.70739, 0.0, 0.0, 0.70683] angvel=[0.0, 0.0, 0.0] linvel=[0.0, 0.0, 0.0] z=0.7975
[lowlevel-sim][GT] t=4.301 quat=[0.70739, 0.0, 0.0, 0.70683] angvel=[0.0, 0.0, 0.0] linvel=[0.0, 0.0, 0.0] z=0.7975
[lowlevel-sim][GT] t=4.351 quat=[0.70739, 0.0, 0.0, 0.70683] angvel=[0.0, 0.0, 0.0] linvel=[0.0, 0.0, 0.0] z=0.7975
[lowlevel-sim][GT] t=4.401 quat=[0.70739, 0.0, 0.0, 0.70683] angvel=[0.0, 0.0, 0.0] linvel=[0.0, 0.0, 0.0] z=0.7975
[lowlevel-sim][GT] t=4.451 quat=[0.70739, 0.0, 0.0, 0.70683] angvel=[0.0, 0.0, 0.0] linvel=[0.0, 0.0, 0.0] z=0.7975
[lowlevel-sim] t=   4.50 mode=hold       pd=4499 hold=4499 failclosed=0 rtf=0.255 base_z=+0.798 pitch=+0.000 roll=+0.000 |tau|max=  0.00 sat=0/29 knee_L=+0.300 hip_p_L=-0.100 torn=4499 cmd_age=-1.0ms auth=-1.0s rig_ign=0 fix_base=1
[lowlevel-sim][GT] t=4.501 quat=[0.70739, 0.0, 0.0, 0.70683] angvel=[0.0, 0.0, 0.0] linvel=[0.0, 0.0, 0.0] z=0.7975
[lowlevel-sim][GT] t=4.551 quat=[0.70739, 0.0, 0.0, 0.70683] angvel=[0.0, 0.0, 0.0] linvel=[0.0, 0.0, 0.0] z=0.7975
[lowlevel-sim][GT] t=4.601 quat=[0.70739, 0.0, 0.0, 0.70683] angvel=[0.0, 0.0, 0.0] linvel=[0.0, 0.0, 0.0] z=0.7975
[lowlevel-sim][GT] t=4.651 quat=[0.70739, 0.0, 0.0, 0.70683] angvel=[0.0, 0.0, 0.0] linvel=[0.0, 0.0, 0.0] z=0.7975
[lowlevel-sim][GT] t=4.701 quat=[0.70739, 0.0, 0.0, 0.70683] angvel=[0.0, 0.0, 0.0] linvel=[0.0, 0.0, 0.0] z=0.7975
[lowlevel-sim][GT] t=4.751 quat=[0.70739, 0.0, 0.0, 0.70683] angvel=[0.0, 0.0, 0.0] linvel=[0.0, 0.0, 0.0] z=0.7975
[lowlevel-sim][GT] t=4.801 quat=[0.70739, 0.0, 0.0, 0.70683] angvel=[0.0, 0.0, 0.0] linvel=[0.0, 0.0, 0.0] z=0.7975
[lowlevel-sim][GT] t=4.851 quat=[0.70739, 0.0, 0.0, 0.70683] angvel=[0.0, 0.0, 0.0] linvel=[0.0, 0.0, 0.0] z=0.7975
[lowlevel-sim][GT] t=4.901 quat=[0.70739, 0.0, 0.0, 0.70683] angvel=[0.0, 0.0, 0.0] linvel=[0.0, 0.0, 0.0] z=0.7975
[lowlevel-sim][GT] t=4.951 quat=[0.70739, 0.0, 0.0, 0.70683] angvel=[0.0, 0.0, 0.0] linvel=[0.0, 0.0, 0.0] z=0.7975
[lowlevel-sim] t=   5.00 mode=hold       pd=4999 hold=4999 failclosed=0 rtf=0.253 base_z=+0.798 pitch=+0.000 roll=+0.000 |tau|max=  0.00 sat=0/29 knee_L=+0.300 hip_p_L=-0.100 torn=4999 cmd_age=-1.0ms auth=-1.0s rig_ign=0 fix_base=1
[lowlevel-sim][GT] t=5.001 quat=[0.70739, 0.0, 0.0, 0.70683] angvel=[0.0, 0.0, 0.0] linvel=[0.0, 0.0, 0.0] z=0.7975
[lowlevel-sim][GT] t=5.051 quat=[0.70739, 0.0, 0.0, 0.70683] angvel=[0.0, 0.0, 0.0] linvel=[0.0, 0.0, 0.0] z=0.7975
[lowlevel-sim][GT] t=5.101 quat=[0.70739, 0.0, 0.0, 0.70683] angvel=[0.0, 0.0, 0.0] linvel=[0.0, 0.0, 0.0] z=0.7975
[lowlevel-sim][GT] t=5.151 quat=[0.70739, 0.0, 0.0, 0.70683] angvel=[0.0, 0.0, 0.0] linvel=[0.0, 0.0, 0.0] z=0.7975
[lowlevel-sim][GT] t=5.201 quat=[0.70739, 0.0, 0.0, 0.70683] angvel=[0.0, 0.0, 0.0] linvel=[0.0, 0.0, 0.0] z=0.7975
[lowlevel-sim][GT] t=5.251 quat=[0.70739, 0.0, 0.0, 0.70683] angvel=[0.0, 0.0, 0.0] linvel=[0.0, 0.0, 0.0] z=0.7975
[lowlevel-sim][GT] t=5.301 quat=[0.70739, 0.0, 0.0, 0.70683] angvel=[0.0, 0.0, 0.0] linvel=[0.0, 0.0, 0.0] z=0.7975
[lowlevel-sim][GT] t=5.351 quat=[0.70739, 0.0, 0.0, 0.70683] angvel=[0.0, 0.0, 0.0] linvel=[0.0, 0.0, 0.0] z=0.7975
[lowlevel-sim][GT] t=5.401 quat=[0.70739, 0.0, 0.0, 0.70683] angvel=[0.0, 0.0, 0.0] linvel=[0.0, 0.0, 0.0] z=0.7975
[lowlevel-sim][GT] t=5.451 quat=[0.70739, 0.0, 0.0, 0.70683] angvel=[0.0, 0.0, 0.0] linvel=[0.0, 0.0, 0.0] z=0.7975
[lowlevel-sim] t=   5.50 mode=hold       pd=5499 hold=5499 failclosed=0 rtf=0.251 base_z=+0.798 pitch=+0.000 roll=+0.000 |tau|max=  0.00 sat=0/29 knee_L=+0.300 hip_p_L=-0.100 torn=5499 cmd_age=-1.0ms auth=-1.0s rig_ign=0 fix_base=1
[lowlevel-sim][GT] t=5.501 quat=[0.70739, 0.0, 0.0, 0.70683] angvel=[0.0, 0.0, 0.0] linvel=[0.0, 0.0, 0.0] z=0.7975
[lowlevel-sim][GT] t=5.551 quat=[0.70739, 0.0, 0.0, 0.70683] angvel=[0.0, 0.0, 0.0] linvel=[0.0, 0.0, 0.0] z=0.7975
[lowlevel-sim][GT] t=5.601 quat=[0.70739, 0.0, 0.0, 0.70683] angvel=[0.0, 0.0, 0.0] linvel=[0.0, 0.0, 0.0] z=0.7975
[lowlevel-sim][GT] t=5.651 quat=[0.70739, 0.0, 0.0, 0.70683] angvel=[0.0, 0.0, 0.0] linvel=[0.0, 0.0, 0.0] z=0.7975
[lowlevel-sim][GT] t=5.701 quat=[0.70739, 0.0, 0.0, 0.70683] angvel=[0.0, 0.0, 0.0] linvel=[0.0, 0.0, 0.0] z=0.7975
[lowlevel-sim][GT] t=5.751 quat=[0.70739, 0.0, 0.0, 0.70683] angvel=[0.0, 0.0, 0.0] linvel=[0.0, 0.0, 0.0] z=0.7975
[lowlevel-sim][GT] t=5.801 quat=[0.70739, 0.0, 0.0, 0.70683] angvel=[0.0, 0.0, 0.0] linvel=[0.0, 0.0, 0.0] z=0.7975
[lowlevel-sim][GT] t=5.851 quat=[0.70739, 0.0, 0.0, 0.70683] angvel=[0.0, 0.0, 0.0] linvel=[0.0, 0.0, 0.0] z=0.7975
[lowlevel-sim][GT] t=5.901 quat=[0.70739, 0.0, 0.0, 0.70683] angvel=[0.0, 0.0, 0.0] linvel=[0.0, 0.0, 0.0] z=0.7975
[lowlevel-sim][GT] t=5.951 quat=[0.70739, 0.0, 0.0, 0.70683] angvel=[0.0, 0.0, 0.0] linvel=[0.0, 0.0, 0.0] z=0.7975
[lowlevel-sim] t=   6.00 mode=hold       pd=5999 hold=5999 failclosed=0 rtf=0.250 base_z=+0.798 pitch=+0.000 roll=+0.000 |tau|max=  0.00 sat=0/29 knee_L=+0.300 hip_p_L=-0.100 torn=5999 cmd_age=-1.0ms auth=-1.0s rig_ign=0 fix_base=1
[lowlevel-sim][GT] t=6.001 quat=[0.70739, 0.0, 0.0, 0.70683] angvel=[0.0, 0.0, 0.0] linvel=[0.0, 0.0, 0.0] z=0.7975
[lowlevel-sim][GT] t=6.051 quat=[0.70739, 0.0, 0.0, 0.70683] angvel=[0.0, 0.0, 0.0] linvel=[0.0, 0.0, 0.0] z=0.7975
[lowlevel-sim][GT] t=6.101 quat=[0.70739, 0.0, 0.0, 0.70683] angvel=[0.0, 0.0, 0.0] linvel=[0.0, 0.0, 0.0] z=0.7975
[lowlevel-sim][GT] t=6.151 quat=[0.70739, 0.0, 0.0, 0.70683] angvel=[0.0, 0.0, 0.0] linvel=[0.0, 0.0, 0.0] z=0.7975
[lowlevel-sim][GT] t=6.201 quat=[0.70739, 0.0, 0.0, 0.70683] angvel=[0.0, 0.0, 0.0] linvel=[0.0, 0.0, 0.0] z=0.7975
[lowlevel-sim][GT] t=6.251 quat=[0.70739, 0.0, 0.0, 0.70683] angvel=[0.0, 0.0, 0.0] linvel=[0.0, 0.0, 0.0] z=0.7975
[lowlevel-sim][GT] t=6.301 quat=[0.70739, 0.0, 0.0, 0.70683] angvel=[0.0, 0.0, 0.0] linvel=[0.0, 0.0, 0.0] z=0.7975
[lowlevel-sim][GT] t=6.351 quat=[0.70739, 0.0, 0.0, 0.70683] angvel=[0.0, 0.0, 0.0] linvel=[0.0, 0.0, 0.0] z=0.7975
[lowlevel-sim][GT] t=6.401 quat=[0.70739, 0.0, 0.0, 0.70683] angvel=[0.0, 0.0, 0.0] linvel=[0.0, 0.0, 0.0] z=0.7975
[lowlevel-sim][GT] t=6.451 quat=[0.70739, 0.0, 0.0, 0.70683] angvel=[0.0, 0.0, 0.0] linvel=[0.0, 0.0, 0.0] z=0.7975
[lowlevel-sim] t=   6.50 mode=hold       pd=6499 hold=6499 failclosed=0 rtf=0.255 base_z=+0.798 pitch=+0.000 roll=+0.000 |tau|max=  0.00 sat=0/29 knee_L=+0.300 hip_p_L=-0.100 torn=6499 cmd_age=-1.0ms auth=-1.0s rig_ign=0 fix_base=1
[lowlevel-sim][GT] t=6.501 quat=[0.70739, 0.0, 0.0, 0.70683] angvel=[0.0, 0.0, 0.0] linvel=[0.0, 0.0, 0.0] z=0.7975
[lowlevel-sim][GT] t=6.551 quat=[0.70739, 0.0, 0.0, 0.70683] angvel=[0.0, 0.0, 0.0] linvel=[0.0, 0.0, 0.0] z=0.7975
[lowlevel-sim][GT] t=6.601 quat=[0.70739, 0.0, 0.0, 0.70683] angvel=[0.0, 0.0, 0.0] linvel=[0.0, 0.0, 0.0] z=0.7975
[lowlevel-sim][GT] t=6.651 quat=[0.70739, 0.0, 0.0, 0.70683] angvel=[0.0, 0.0, 0.0] linvel=[0.0, 0.0, 0.0] z=0.7975
[lowlevel-sim][GT] t=6.701 quat=[0.70739, 0.0, 0.0, 0.70683] angvel=[0.0, 0.0, 0.0] linvel=[0.0, 0.0, 0.0] z=0.7975
[lowlevel-sim][GT] t=6.751 quat=[0.70739, 0.0, 0.0, 0.70683] angvel=[0.0, 0.0, 0.0] linvel=[0.0, 0.0, 0.0] z=0.7975
[lowlevel-sim][GT] t=6.801 quat=[0.70739, 0.0, 0.0, 0.70683] angvel=[0.0, 0.0, 0.0] linvel=[0.0, 0.0, 0.0] z=0.7975
[lowlevel-sim][GT] t=6.851 quat=[0.70739, 0.0, 0.0, 0.70683] angvel=[0.0, 0.0, 0.0] linvel=[0.0, 0.0, 0.0] z=0.7975
[lowlevel-sim][GT] t=6.901 quat=[0.70739, 0.0, 0.0, 0.70683] angvel=[0.0, 0.0, 0.0] linvel=[0.0, 0.0, 0.0] z=0.7975
[lowlevel-sim][GT] t=6.951 quat=[0.70739, 0.0, 0.0, 0.70683] angvel=[0.0, 0.0, 0.0] linvel=[0.0, 0.0, 0.0] z=0.7975
[lowlevel-sim] t=   7.00 mode=hold       pd=6999 hold=6999 failclosed=0 rtf=0.256 base_z=+0.798 pitch=+0.000 roll=+0.000 |tau|max=  0.00 sat=0/29 knee_L=+0.300 hip_p_L=-0.100 torn=6999 cmd_age=-1.0ms auth=-1.0s rig_ign=0 fix_base=1
[lowlevel-sim][GT] t=7.001 quat=[0.70739, 0.0, 0.0, 0.70683] angvel=[0.0, 0.0, 0.0] linvel=[0.0, 0.0, 0.0] z=0.7975
[lowlevel-sim][GT] t=7.051 quat=[0.70739, 0.0, 0.0, 0.70683] angvel=[0.0, 0.0, 0.0] linvel=[0.0, 0.0, 0.0] z=0.7975
[lowlevel-sim][GT] t=7.101 quat=[0.70739, 0.0, 0.0, 0.70683] angvel=[0.0, 0.0, 0.0] linvel=[0.0, 0.0, 0.0] z=0.7975
[lowlevel-sim][GT] t=7.151 quat=[0.70739, 0.0, 0.0, 0.70683] angvel=[0.0, 0.0, 0.0] linvel=[0.0, 0.0, 0.0] z=0.7975
[lowlevel-sim][GT] t=7.201 quat=[0.70739, 0.0, 0.0, 0.70683] angvel=[0.0, 0.0, 0.0] linvel=[0.0, 0.0, 0.0] z=0.7975
[lowlevel-sim][GT] t=7.251 quat=[0.70739, 0.0, 0.0, 0.70683] angvel=[0.0, 0.0, 0.0] linvel=[0.0, 0.0, 0.0] z=0.7975
[lowlevel-sim][GT] t=7.301 quat=[0.70739, 0.0, 0.0, 0.70683] angvel=[0.0, 0.0, 0.0] linvel=[0.0, 0.0, 0.0] z=0.7975
[lowlevel-sim][GT] t=7.351 quat=[0.70739, 0.0, 0.0, 0.70683] angvel=[0.0, 0.0, 0.0] linvel=[0.0, 0.0, 0.0] z=0.7975
[lowlevel-sim][GT] t=7.401 quat=[0.70739, 0.0, 0.0, 0.70683] angvel=[0.0, 0.0, 0.0] linvel=[0.0, 0.0, 0.0] z=0.7975
[lowlevel-sim][GT] t=7.451 quat=[0.70739, 0.0, 0.0, 0.70683] angvel=[0.0, 0.0, 0.0] linvel=[0.0, 0.0, 0.0] z=0.7975
[lowlevel-sim] t=   7.50 mode=hold       pd=7499 hold=7499 failclosed=0 rtf=0.254 base_z=+0.798 pitch=+0.000 roll=+0.000 |tau|max=  0.00 sat=0/29 knee_L=+0.300 hip_p_L=-0.100 torn=7499 cmd_age=-1.0ms auth=-1.0s rig_ign=0 fix_base=1
[lowlevel-sim][GT] t=7.501 quat=[0.70739, 0.0, 0.0, 0.70683] angvel=[0.0, 0.0, 0.0] linvel=[0.0, 0.0, 0.0] z=0.7975
[lowlevel-sim][GT] t=7.551 quat=[0.70739, 0.0, 0.0, 0.70683] angvel=[0.0, 0.0, 0.0] linvel=[0.0, 0.0, 0.0] z=0.7975
[lowlevel-sim][GT] t=7.601 quat=[0.70739, 0.0, 0.0, 0.70683] angvel=[0.0, 0.0, 0.0] linvel=[0.0, 0.0, 0.0] z=0.7975
[lowlevel-sim][GT] t=7.651 quat=[0.70739, 0.0, 0.0, 0.70683] angvel=[0.0, 0.0, 0.0] linvel=[0.0, 0.0, 0.0] z=0.7975
[lowlevel-sim][GT] t=7.701 quat=[0.70739, 0.0, 0.0, 0.70683] angvel=[0.0, 0.0, 0.0] linvel=[0.0, 0.0, 0.0] z=0.7975
[lowlevel-sim][GT] t=7.751 quat=[0.70739, 0.0, 0.0, 0.70683] angvel=[0.0, 0.0, 0.0] linvel=[0.0, 0.0, 0.0] z=0.7975
[lowlevel-sim][GT] t=7.801 quat=[0.70739, 0.0, 0.0, 0.70683] angvel=[0.0, 0.0, 0.0] linvel=[0.0, 0.0, 0.0] z=0.7975
[lowlevel-sim][GT] t=7.851 quat=[0.70739, 0.0, 0.0, 0.70683] angvel=[0.0, 0.0, 0.0] linvel=[0.0, 0.0, 0.0] z=0.7975
[lowlevel-sim][GT] t=7.901 quat=[0.70739, 0.0, 0.0, 0.70683] angvel=[0.0, 0.0, 0.0] linvel=[0.0, 0.0, 0.0] z=0.7975
[lowlevel-sim][GT] t=7.951 quat=[0.70739, 0.0, 0.0, 0.70683] angvel=[0.0, 0.0, 0.0] linvel=[0.0, 0.0, 0.0] z=0.7975
[lowlevel-sim] t=   8.00 mode=hold       pd=7999 hold=7999 failclosed=0 rtf=0.253 base_z=+0.798 pitch=+0.000 roll=+0.000 |tau|max=  0.00 sat=0/29 knee_L=+0.300 hip_p_L=-0.100 torn=7999 cmd_age=-1.0ms auth=-1.0s rig_ign=0 fix_base=1
[lowlevel-sim][GT] t=8.001 quat=[0.70739, 0.0, 0.0, 0.70683] angvel=[0.0, 0.0, 0.0] linvel=[0.0, 0.0, 0.0] z=0.7975
[lowlevel-sim][GT] t=8.051 quat=[0.70739, 0.0, 0.0, 0.70683] angvel=[0.0, 0.0, 0.0] linvel=[0.0, 0.0, 0.0] z=0.7975
[lowlevel-sim][GT] t=8.101 quat=[0.70739, 0.0, 0.0, 0.70683] angvel=[0.0, 0.0, 0.0] linvel=[0.0, 0.0, 0.0] z=0.7975
[lowlevel-sim][GT] t=8.151 quat=[0.70739, 0.0, 0.0, 0.70683] angvel=[0.0, 0.0, 0.0] linvel=[0.0, 0.0, 0.0] z=0.7975
[lowlevel-sim][GT] t=8.201 quat=[0.70739, 0.0, 0.0, 0.70683] angvel=[0.0, 0.0, 0.0] linvel=[0.0, 0.0, 0.0] z=0.7975
[lowlevel-sim][GT] t=8.251 quat=[0.70739, 0.0, 0.0, 0.70683] angvel=[0.0, 0.0, 0.0] linvel=[0.0, 0.0, 0.0] z=0.7975
[lowlevel-sim][GT] t=8.301 quat=[0.70739, 0.0, 0.0, 0.70683] angvel=[0.0, 0.0, 0.0] linvel=[0.0, 0.0, 0.0] z=0.7975
[lowlevel-sim][GT] t=8.351 quat=[0.70739, 0.0, 0.0, 0.70683] angvel=[0.0, 0.0, 0.0] linvel=[0.0, 0.0, 0.0] z=0.7975
[lowlevel-sim][GT] t=8.401 quat=[0.70739, 0.0, 0.0, 0.70683] angvel=[0.0, 0.0, 0.0] linvel=[0.0, 0.0, 0.0] z=0.7975
[lowlevel-sim][GT] t=8.451 quat=[0.70739, 0.0, 0.0, 0.70683] angvel=[0.0, 0.0, 0.0] linvel=[0.0, 0.0, 0.0] z=0.7975
[lowlevel-sim] t=   8.50 mode=hold       pd=8499 hold=8499 failclosed=0 rtf=0.252 base_z=+0.798 pitch=+0.000 roll=+0.000 |tau|max=  0.00 sat=0/29 knee_L=+0.300 hip_p_L=-0.100 torn=8499 cmd_age=-1.0ms auth=-1.0s rig_ign=0 fix_base=1
[lowlevel-sim][GT] t=8.501 quat=[0.70739, 0.0, 0.0, 0.70683] angvel=[0.0, 0.0, 0.0] linvel=[0.0, 0.0, 0.0] z=0.7975
[lowlevel-sim][GT] t=8.551 quat=[0.70739, 0.0, 0.0, 0.70683] angvel=[0.0, 0.0, 0.0] linvel=[0.0, 0.0, 0.0] z=0.7975
[lowlevel-sim][GT] t=8.601 quat=[0.70739, 0.0, 0.0, 0.70683] angvel=[0.0, 0.0, 0.0] linvel=[0.0, 0.0, 0.0] z=0.7975
[lowlevel-sim][GT] t=8.651 quat=[0.70739, 0.0, 0.0, 0.70683] angvel=[0.0, 0.0, 0.0] linvel=[0.0, 0.0, 0.0] z=0.7975
[lowlevel-sim][GT] t=8.701 quat=[0.70739, 0.0, 0.0, 0.70683] angvel=[0.0, 0.0, 0.0] linvel=[0.0, 0.0, 0.0] z=0.7975
[lowlevel-sim][GT] t=8.751 quat=[0.70739, 0.0, 0.0, 0.70683] angvel=[0.0, 0.0, 0.0] linvel=[0.0, 0.0, 0.0] z=0.7975
[lowlevel-sim][GT] t=8.801 quat=[0.70739, 0.0, 0.0, 0.70683] angvel=[0.0, 0.0, 0.0] linvel=[0.0, 0.0, 0.0] z=0.7975
[lowlevel-sim][GT] t=8.851 quat=[0.70739, 0.0, 0.0, 0.70683] angvel=[0.0, 0.0, 0.0] linvel=[0.0, 0.0, 0.0] z=0.7975
[lowlevel-sim][GT] t=8.901 quat=[0.70739, 0.0, 0.0, 0.70683] angvel=[0.0, 0.0, 0.0] linvel=[0.0, 0.0, 0.0] z=0.7975
[lowlevel-sim][GT] t=8.951 quat=[0.70739, 0.0, 0.0, 0.70683] angvel=[0.0, 0.0, 0.0] linvel=[0.0, 0.0, 0.0] z=0.7975
[lowlevel-sim] t=   9.00 mode=hold       pd=8999 hold=8999 failclosed=0 rtf=0.252 base_z=+0.798 pitch=+0.000 roll=+0.000 |tau|max=  0.00 sat=0/29 knee_L=+0.300 hip_p_L=-0.100 torn=8999 cmd_age=-1.0ms auth=-1.0s rig_ign=0 fix_base=1
[lowlevel-sim][GT] t=9.001 quat=[0.70739, 0.0, 0.0, 0.70683] angvel=[0.0, 0.0, 0.0] linvel=[0.0, 0.0, 0.0] z=0.7975
[lowlevel-sim][GT] t=9.051 quat=[0.70739, 0.0, 0.0, 0.70683] angvel=[0.0, 0.0, 0.0] linvel=[0.0, 0.0, 0.0] z=0.7975
[lowlevel-sim][GT] t=9.101 quat=[0.70739, 0.0, 0.0, 0.70683] angvel=[0.0, 0.0, 0.0] linvel=[0.0, 0.0, 0.0] z=0.7975
[lowlevel-sim][GT] t=9.151 quat=[0.70739, 0.0, 0.0, 0.70683] angvel=[0.0, 0.0, 0.0] linvel=[0.0, 0.0, 0.0] z=0.7975
[lowlevel-sim][GT] t=9.201 quat=[0.70739, 0.0, 0.0, 0.70683] angvel=[0.0, 0.0, 0.0] linvel=[0.0, 0.0, 0.0] z=0.7975
[lowlevel-sim][GT] t=9.251 quat=[0.70739, 0.0, 0.0, 0.70683] angvel=[0.0, 0.0, 0.0] linvel=[0.0, 0.0, 0.0] z=0.7975
[lowlevel-sim][GT] t=9.301 quat=[0.70739, 0.0, 0.0, 0.70683] angvel=[0.0, 0.0, 0.0] linvel=[0.0, 0.0, 0.0] z=0.7975
[lowlevel-sim][GT] t=9.351 quat=[0.70739, 0.0, 0.0, 0.70683] angvel=[0.0, 0.0, 0.0] linvel=[0.0, 0.0, 0.0] z=0.7975
[lowlevel-sim][GT] t=9.401 quat=[0.70739, 0.0, 0.0, 0.70683] angvel=[0.0, 0.0, 0.0] linvel=[0.0, 0.0, 0.0] z=0.7975
[lowlevel-sim][GT] t=9.451 quat=[0.70739, 0.0, 0.0, 0.70683] angvel=[0.0, 0.0, 0.0] linvel=[0.0, 0.0, 0.0] z=0.7975
[lowlevel-sim] t=   9.50 mode=hold       pd=9499 hold=9499 failclosed=0 rtf=0.252 base_z=+0.798 pitch=+0.000 roll=+0.000 |tau|max=  0.00 sat=0/29 knee_L=+0.300 hip_p_L=-0.100 torn=9499 cmd_age=-1.0ms auth=-1.0s rig_ign=0 fix_base=1
[lowlevel-sim][GT] t=9.501 quat=[0.70739, 0.0, 0.0, 0.70683] angvel=[0.0, 0.0, 0.0] linvel=[0.0, 0.0, 0.0] z=0.7975
[lowlevel-sim][GT] t=9.551 quat=[0.70739, 0.0, 0.0, 0.70683] angvel=[0.0, 0.0, 0.0] linvel=[0.0, 0.0, 0.0] z=0.7975
[lowlevel-sim][GT] t=9.601 quat=[0.70739, 0.0, 0.0, 0.70683] angvel=[0.0, 0.0, 0.0] linvel=[0.0, 0.0, 0.0] z=0.7975
[lowlevel-sim][GT] t=9.651 quat=[0.70739, 0.0, 0.0, 0.70683] angvel=[0.0, 0.0, 0.0] linvel=[0.0, 0.0, 0.0] z=0.7975
[lowlevel-sim][GT] t=9.701 quat=[0.70739, 0.0, 0.0, 0.70683] angvel=[0.0, 0.0, 0.0] linvel=[0.0, 0.0, 0.0] z=0.7975
[lowlevel-sim][GT] t=9.751 quat=[0.70739, 0.0, 0.0, 0.70683] angvel=[0.0, 0.0, 0.0] linvel=[0.0, 0.0, 0.0] z=0.7975
[lowlevel-sim][GT] t=9.801 quat=[0.70739, 0.0, 0.0, 0.70683] angvel=[0.0, 0.0, 0.0] linvel=[0.0, 0.0, 0.0] z=0.7975
[lowlevel-sim][GT] t=9.851 quat=[0.70739, 0.0, 0.0, 0.70683] angvel=[0.0, 0.0, 0.0] linvel=[0.0, 0.0, 0.0] z=0.7975
[lowlevel-sim][GT] t=9.901 quat=[0.70739, 0.0, 0.0, 0.70683] angvel=[0.0, 0.0, 0.0] linvel=[0.0, 0.0, 0.0] z=0.7975
[lowlevel-sim][GT] t=9.951 quat=[0.70739, 0.0, 0.0, 0.70683] angvel=[0.0, 0.0, 0.0] linvel=[0.0, 0.0, 0.0] z=0.7975
[lowlevel-sim] t=  10.00 mode=hold       pd=9817 hold=9817 failclosed=0 rtf=0.253 base_z=+0.798 pitch=+0.000 roll=+0.000 |tau|max=  0.00 sat=0/29 knee_L=+0.300 hip_p_L=-0.100 torn=9644 cmd_age=14.8ms auth=1.2s rig_ign=182 fix_base=1
[lowlevel-sim][GT] t=10.001 quat=[0.70739, 0.0, 0.0, 0.70683] angvel=[0.0, 0.0, 0.0] linvel=[0.0, 0.0, 0.0] z=0.7975
[lowlevel-sim][GT] t=10.051 quat=[0.70739, 0.0, 0.0, 0.70683] angvel=[0.0, 0.0, 0.0] linvel=[0.0, 0.0, 0.0] z=0.7975
[lowlevel-sim][GT] t=10.101 quat=[0.70739, 0.0, 0.0, 0.70683] angvel=[0.0, 0.0, 0.0] linvel=[0.0, 0.0, 0.0] z=0.7975
[lowlevel-sim][GT] t=10.151 quat=[0.70739, 0.0, 0.0, 0.70683] angvel=[0.0, 0.0, 0.0] linvel=[0.0, 0.0, 0.0] z=0.7975
[lowlevel-sim][GT] t=10.201 quat=[0.70739, 0.0, 0.0, 0.70683] angvel=[0.0, 0.0, 0.0] linvel=[0.0, 0.0, 0.0] z=0.7975
[lowlevel-sim][GT] t=10.251 quat=[0.70739, 0.0, 0.0, 0.70683] angvel=[0.0, 0.0, 0.0] linvel=[0.0, 0.0, 0.0] z=0.7975
[lowlevel-sim][GT] t=10.301 quat=[0.70739, 0.0, 0.0, 0.70683] angvel=[0.0, 0.0, 0.0] linvel=[0.0, 0.0, 0.0] z=0.7975
[lowlevel-sim][GT] t=10.351 quat=[0.70739, 0.0, 0.0, 0.70683] angvel=[0.0, 0.0, 0.0] linvel=[0.0, 0.0, 0.0] z=0.7975
[lowlevel-sim][GT] t=10.401 quat=[0.70739, 0.0, 0.0, 0.70683] angvel=[0.0, 0.0, 0.0] linvel=[0.0, 0.0, 0.0] z=0.7975
[lowlevel-sim][GT] t=10.451 quat=[0.70739, 0.0, 0.0, 0.70683] angvel=[0.0, 0.0, 0.0] linvel=[0.0, 0.0, 0.0] z=0.7975
[lowlevel-sim] t=  10.50 mode=hold       pd=10067 hold=10067 failclosed=0 rtf=0.254 base_z=+0.798 pitch=+0.000 roll=+0.000 |tau|max=  0.00 sat=0/29 knee_L=+0.300 hip_p_L=-0.100 torn=9657 cmd_age=14.6ms auth=3.0s rig_ign=432 fix_base=1
[lowlevel-sim][GT] t=10.501 quat=[0.70739, 0.0, 0.0, 0.70683] angvel=[0.0, 0.0, 0.0] linvel=[0.0, 0.0, 0.0] z=0.7975
[lowlevel-sim][GT] t=10.551 quat=[0.70739, 0.0, 0.0, 0.70683] angvel=[0.0, 0.0, 0.0] linvel=[0.0, 0.0, 0.0] z=0.7975
[lowlevel-sim][GT] t=10.601 quat=[0.70739, 0.0, 0.0, 0.70683] angvel=[0.0, 0.0, 0.0] linvel=[0.0, 0.0, 0.0] z=0.7975
[lowlevel-sim][GT] t=10.651 quat=[0.70739, 0.0, 0.0, 0.70683] angvel=[0.0, 0.0, 0.0] linvel=[0.0, 0.0, 0.0] z=0.7975
[lowlevel-sim][GT] t=10.701 quat=[0.70739, 0.0, 0.0, 0.70683] angvel=[0.0, 0.0, 0.0] linvel=[0.0, 0.0, 0.0] z=0.7975
[lowlevel-sim][GT] t=10.751 quat=[0.70739, 0.0, 0.0, 0.70683] angvel=[0.0, 0.0, 0.0] linvel=[0.0, 0.0, 0.0] z=0.7975
[lowlevel-sim][GT] t=10.801 quat=[0.70739, 0.0, 0.0, 0.70683] angvel=[0.0, 0.0, 0.0] linvel=[0.0, 0.0, 0.0] z=0.7975
[lowlevel-sim][GT] t=10.851 quat=[0.70739, 0.0, 0.0, 0.70683] angvel=[0.0, 0.0, 0.0] linvel=[0.0, 0.0, 0.0] z=0.7975
[lowlevel-sim][GT] t=10.901 quat=[0.70739, 0.0, 0.0, 0.70683] angvel=[0.0, 0.0, 0.0] linvel=[0.0, 0.0, 0.0] z=0.7975
[lowlevel-sim][GT] t=10.951 quat=[0.70739, 0.0, 0.0, 0.70683] angvel=[0.0, 0.0, 0.0] linvel=[0.0, 0.0, 0.0] z=0.7975
[lowlevel-sim] t=  11.00 mode=hold       pd=10317 hold=10317 failclosed=0 rtf=0.255 base_z=+0.798 pitch=+0.000 roll=+0.000 |tau|max=  0.00 sat=0/29 knee_L=+0.300 hip_p_L=-0.100 torn=9665 cmd_age=42.0ms auth=4.8s rig_ign=682 fix_base=1
[lowlevel-sim][GT] t=11.001 quat=[0.70739, 0.0, 0.0, 0.70683] angvel=[0.0, 0.0, 0.0] linvel=[0.0, 0.0, 0.0] z=0.7975
[lowlevel-sim] TEST RIG RELEASED at t=11.049s -- controller has had authority for 5.0s (C-30)
[lowlevel-sim] COMMANDED at t=11.050s (was idle hold)
[lowlevel-sim][GT] t=11.051 quat=[0.70739, 2e-05, -2e-05, 0.70683] angvel=[0.04831, -5e-05, -0.0] linvel=[-1e-05, -0.00334, -0.0216] z=0.7975
[lowlevel-sim][GT] t=11.101 quat=[0.70737, 0.00558, -0.00558, 0.7068] angvel=[1.0686, -0.0067, -0.00837] linvel=[-0.00012, -0.20573, -0.16301] z=0.7837
[lowlevel-sim][GT] t=11.151 quat=[0.70713, 0.01932, -0.01935, 0.70656] angvel=[0.28545, 0.00395, -0.00486] linvel=[0.00065, -0.09606, -0.01934] z=0.7806
[lowlevel-sim][GT] t=11.201 quat=[0.70707, 0.02142, -0.02144, 0.70649] angvel=[0.00767, -0.00814, 0.00195] linvel=[0.00071, -0.0419, -0.00188] z=0.7802
[lowlevel-sim][GT] t=11.251 quat=[0.70713, 0.02026, -0.02029, 0.7065] angvel=[-0.12863, -0.00461, -0.00339] linvel=[0.00099, 0.04117, 0.00416] z=0.7803
[lowlevel-sim][GT] t=11.301 quat=[0.70721, 0.0171, -0.01713, 0.70659] angvel=[-0.2143, -0.00355, -0.00032] linvel=[0.00084, 0.127, 0.00231] z=0.7805
[lowlevel-sim][GT] t=11.351 quat=[0.70729, 0.0131, -0.01314, 0.70668] angvel=[-0.23206, -0.00836, 0.00142] linvel=[0.00129, 0.18894, -0.00357] z=0.7805
[lowlevel-sim][GT] t=11.401 quat=[0.70734, 0.00897, -0.00898, 0.70676] angvel=[-0.23897, -0.00496, 0.00047] linvel=[0.00161, 0.22194, -0.01239] z=0.7802
[lowlevel-sim][GT] t=11.451 quat=[0.70733, 0.00457, -0.00457, 0.70685] angvel=[-0.26724, 0.00846, -0.00373] linvel=[0.00173, 0.23444, -0.01977] z=0.7794
[lowlevel-sim] t=  11.50 mode=cmd        pd=10567 hold=10342 failclosed=0 rtf=0.258 base_z=+0.778 pitch=+0.001 roll=-0.000 |tau|max=  7.53 sat=0/29 knee_L=+0.374 hip_p_L=-0.089 torn=9679 cmd_age=22.2ms auth=6.4s rig_ign=707 fix_base=0
[lowlevel-sim][GT] t=11.501 quat=[0.70735, -0.00055, 0.00054, 0.70686] angvel=[-0.31461, 0.005, -0.00438] linvel=[0.00147, 0.23652, -0.02193] z=0.7784
[lowlevel-sim][GT] t=11.551 quat=[0.70732, -0.00672, 0.0067, 0.70683] angvel=[-0.38359, -0.00312, 0.00075] linvel=[0.00176, 0.23803, -0.02382] z=0.7772
[lowlevel-sim][GT] t=11.601 quat=[0.7072, -0.01418, 0.01417, 0.70673] angvel=[-0.46157, 0.00183, 0.00301] linvel=[0.00139, 0.2463, -0.02622] z=0.7759
[lowlevel-sim][GT] t=11.651 quat=[0.70693, -0.02311, 0.0231, 0.70653] angvel=[-0.54862, -0.00043, -0.00044] linvel=[0.00153, 0.26798, -0.03122] z=0.7744
[lowlevel-sim][GT] t=11.701 quat=[0.70652, -0.03366, 0.03365, 0.70609] angvel=[-0.6459, 0.00298, 0.00073] linvel=[0.00139, 0.30706, -0.04142] z=0.7724
[lowlevel-sim][GT] t=11.751 quat=[0.70581, -0.04601, 0.04602, 0.7054] angvel=[-0.75717, 0.01008, -0.00038] linvel=[0.00078, 0.36621, -0.05998] z=0.7696
[lowlevel-sim][GT] t=11.801 quat=[0.70474, -0.06046, 0.06046, 0.7043] angvel=[-0.88393, 0.0016, -0.00241] linvel=[0.00103, 0.44285, -0.08897] z=0.7655
[lowlevel-sim][GT] t=11.851 quat=[0.70307, -0.07727, 0.07729, 0.70267] angvel=[-1.03132, 0.00378, -0.0001] linvel=[0.00088, 0.53344, -0.12927] z=0.7594
[lowlevel-sim][GT] t=11.901 quat=[0.70063, -0.09677, 0.09684, 0.70027] angvel=[-1.19667, 4e-05, 0.006] linvel=[0.00112, 0.63399, -0.18661] z=0.7505
[lowlevel-sim][GT] t=11.951 quat=[0.6971, -0.11935, 0.11946, 0.69681] angvel=[-1.39129, 0.00836, -0.00225] linvel=[0.00021, 0.74055, -0.26555] z=0.7377
[lowlevel-sim] t=  12.00 mode=cmd        pd=10817 hold=10342 failclosed=0 rtf=0.260 base_z=+0.720 pitch=+0.413 roll=+0.000 |tau|max= 13.06 sat=0/29 knee_L=+0.296 hip_p_L=-0.127 torn=9687 cmd_age=30.4ms auth=7.9s rig_ign=707 fix_base=0
[lowlevel-sim][GT] t=12.001 quat=[0.69214, -0.14536, 0.1455, 0.69184] angvel=[-1.60914, 0.0012, -0.00224] linvel=[-0.0003, 0.84955, -0.36941] z=0.7199
[lowlevel-sim][GT] t=12.051 quat=[0.68523, -0.1752, 0.17536, 0.68484] angvel=[-1.8573, 0.00042, -0.00884] linvel=[-0.00101, 0.95729, -0.50694] z=0.6951
[lowlevel-sim][GT] t=12.101 quat=[0.67577, -0.20874, 0.20886, 0.67538] angvel=[-2.07609, -0.00318, 0.00049] linvel=[-0.00179, 1.08, -0.64368] z=0.6622
[lowlevel-sim][GT] t=12.151 quat=[0.66319, -0.24572, 0.24576, 0.66288] angvel=[-2.34613, 0.00054, 0.00372] linvel=[-0.00154, 1.2477, -0.77697] z=0.6216
[lowlevel-sim][GT] t=12.201 quat=[0.64639, -0.28702, 0.28702, 0.64608] angvel=[-2.71163, 0.00072, 0.00123] linvel=[-0.00202, 1.45026, -0.97366] z=0.5716
[lowlevel-sim][GT] t=12.251 quat=[0.62318, -0.33434, 0.33435, 0.62296] angvel=[-3.24766, 0.00656, 0.00359] linvel=[-0.00213, 1.61295, -1.34035] z=0.5055
[lowlevel-sim][GT] t=12.301 quat=[0.59243, -0.38588, 0.386, 0.59255] angvel=[-3.42802, 0.00671, 0.00451] linvel=[-0.00279, 1.61116, -1.86534] z=0.4140
[lowlevel-sim][GT] t=12.351 quat=[0.55733, -0.43473, 0.43502, 0.55781] angvel=[-3.36955, 0.01094, 0.00335] linvel=[-0.00256, 1.55897, -2.34788] z=0.2959
[lowlevel-sim][GT] t=12.401 quat=[0.52581, -0.4723, 0.47231, 0.52666] angvel=[-1.82998, -0.10105, 0.01742] linvel=[-0.01328, 1.52795, -2.45112] z=0.1621
[lowlevel-sim][GT] t=12.451 quat=[0.46414, -0.53193, 0.53145, 0.46818] angvel=[-1.30037, -0.35166, 0.14727] linvel=[-0.05456, 0.36526, -0.44134] z=0.0781
[lowlevel-sim] t=  12.50 mode=cmd        pd=11067 hold=10342 failclosed=0 rtf=0.262 base_z=+0.070 pitch=+1.420 roll=-3.002 |tau|max= 11.22 sat=0/29 knee_L=+0.300 hip_p_L=-0.025 torn=9724 cmd_age=28.9ms auth=9.4s rig_ign=707 fix_base=0
[lowlevel-sim][GT] t=12.501 quat=[0.46403, -0.54417, 0.52744, 0.45865] angvel=[-0.01755, -0.36328, 0.12351] linvel=[-0.0744, 0.36826, 0.08522] z=0.0696
[lowlevel-sim][GT] t=12.551 quat=[0.47428, -0.54275, 0.51765, 0.461] angvel=[0.77313, -0.32625, 0.01008] linvel=[-0.04548, 0.38162, 0.28246] z=0.0823
[lowlevel-sim][GT] t=12.601 quat=[0.49044, -0.53643, 0.50388, 0.46671] angvel=[1.09727, -0.38984, -0.04374] linvel=[-0.02017, 0.36664, -0.02837] z=0.0922
[lowlevel-sim][GT] t=12.651 quat=[0.48398, -0.51949, 0.50709, 0.48862] angvel=[0.34618, -0.18252, -0.27041] linvel=[-0.00441, 0.13118, 0.18557] z=0.0979
[lowlevel-sim][GT] t=12.701 quat=[0.49393, -0.51251, 0.50156, 0.49174] angvel=[0.48999, 0.17833, -0.09021] linvel=[0.03546, 0.00977, 0.11346] z=0.1086
[lowlevel-sim][GT] t=12.751 quat=[0.49521, -0.50841, 0.5011, 0.49515] angvel=[-0.045, -0.03728, -0.00467] linvel=[0.01619, -0.0019, 0.00437] z=0.1117
[lowlevel-sim][GT] t=12.801 quat=[0.4954, -0.50902, 0.50133, 0.49411] angvel=[-0.01825, -0.03227, -0.02528] linvel=[0.00503, -0.00056, 0.00017] z=0.1116
[lowlevel-sim][GT] t=12.851 quat=[0.49583, -0.5093, 0.50135, 0.49338] angvel=[0.00182, -0.02266, -0.01029] linvel=[-3e-05, 0.00132, -0.00302] z=0.1115
[lowlevel-sim][GT] t=12.901 quat=[0.49608, -0.50946, 0.50135, 0.49295] angvel=[0.0034, -0.01413, -0.00449] linvel=[-0.00375, 0.00169, -0.00331] z=0.1114
[lowlevel-sim][GT] t=12.951 quat=[0.49613, -0.5096, 0.50142, 0.49269] angvel=[-0.01442, -0.00732, -0.00262] linvel=[-0.00636, 0.00149, -0.00051] z=0.1113
[lowlevel-sim] t=  13.00 mode=cmd        pd=11317 hold=10342 failclosed=0 rtf=0.264 base_z=+0.111 pitch=+1.545 roll=-2.659 |tau|max=  7.56 sat=0/29 knee_L=+0.254 hip_p_L=-0.111 torn=9739 cmd_age=34.7ms auth=11.0s rig_ign=707 fix_base=0
[lowlevel-sim][GT] t=13.001 quat=[0.49617, -0.50969, 0.5015, 0.49248] angvel=[-0.00756, 0.00223, -0.00939] linvel=[-0.00776, 0.0021, 0.00043] z=0.1112
[lowlevel-sim][GT] t=13.051 quat=[0.49621, -0.50979, 0.50153, 0.49229] angvel=[-0.00264, -0.00324, -0.01253] linvel=[-0.00674, 0.00061, -0.00158] z=0.1111
[lowlevel-sim][GT] t=13.101 quat=[0.49629, -0.50986, 0.50154, 0.49214] angvel=[0.00913, -0.01559, -0.00083] linvel=[-0.00405, 0.00155, -0.00413] z=0.1111
[lowlevel-sim][GT] t=13.151 quat=[0.49632, -0.50995, 0.50158, 0.49196] angvel=[-0.00228, -0.0084, 0.0036] linvel=[-0.00202, 0.00154, -0.00118] z=0.1110
[lowlevel-sim][GT] t=13.201 quat=[0.49637, -0.51001, 0.50159, 0.49184] angvel=[-0.01349, 0.00058, -0.00874] linvel=[-0.00045, 0.00389, 0.00275] z=0.1109
[lowlevel-sim][GT] t=13.251 quat=[0.4964, -0.51004, 0.5016, 0.49178] angvel=[-0.01005, 0.01191, -0.01208] linvel=[0.00065, 0.00122, 0.00105] z=0.1108
[lowlevel-sim][GT] t=13.301 quat=[0.49636, -0.51012, 0.50164, 0.49169] angvel=[0.00027, -0.00739, -0.0005] linvel=[0.00269, 0.0005, -0.0002] z=0.1108
[lowlevel-sim][GT] t=13.351 quat=[0.49632, -0.51017, 0.50166, 0.49167] angvel=[0.00399, -0.00168, -0.00039] linvel=[0.0016, -0.00043, -0.00138] z=0.1108
[lowlevel-sim][GT] t=13.401 quat=[0.49625, -0.51021, 0.50171, 0.49164] angvel=[-0.00378, -0.009, 0.00055] linvel=[0.00078, 0.00072, 7e-05] z=0.1107
[lowlevel-sim][GT] t=13.451 quat=[0.49624, -0.51023, 0.50173, 0.4916] angvel=[-0.00024, 0.00085, 0.0022] linvel=[-0.00049, 0.0006, -0.00032] z=0.1107
[lowlevel-sim] t=  13.50 mode=cmd        pd=11567 hold=10342 failclosed=0 rtf=0.265 base_z=+0.111 pitch=+1.543 roll=-2.645 |tau|max=  7.60 sat=0/29 knee_L=+0.255 hip_p_L=-0.110 torn=9756 cmd_age=23.3ms auth=12.7s rig_ign=707 fix_base=0
[lowlevel-sim][GT] t=13.501 quat=[0.49623, -0.51028, 0.50176, 0.49153] angvel=[-0.00219, 0.0019, -0.01035] linvel=[-0.00135, 0.00028, -0.00047] z=0.1107
[lowlevel-sim][GT] t=13.551 quat=[0.49623, -0.51032, 0.50181, 0.49145] angvel=[0.0057, 0.00754, 0.00188] linvel=[-0.00277, 0.00024, -0.00033] z=0.1106
[lowlevel-sim][GT] t=13.601 quat=[0.49626, -0.51033, 0.5018, 0.49142] angvel=[0.00318, 0.01099, -0.00932] linvel=[-0.00254, 0.00135, -0.00033] z=0.1106
[lowlevel-sim][GT] t=13.651 quat=[0.49629, -0.51036, 0.50181, 0.49135] angvel=[-0.00248, -0.00641, -0.00227] linvel=[-0.00197, 0.00108, 0.00028] z=0.1106
[lowlevel-sim][GT] t=13.701 quat=[0.49635, -0.51037, 0.50181, 0.49127] angvel=[-0.00939, 0.00446, -0.00664] linvel=[-0.00049, 0.00151, 0.00147] z=0.1105
[lowlevel-sim][GT] t=13.751 quat=[0.49638, -0.51041, 0.5018, 0.4912] angvel=[0.00188, -0.01428, 0.01442] linvel=[0.00048, 0.00024, -0.00058] z=0.1105
[lowlevel-sim][GT] t=13.801 quat=[0.49637, -0.51045, 0.50182, 0.49116] angvel=[0.00552, -0.01507, 0.00321] linvel=[0.00177, -0.00116, -0.00257] z=0.1105
[lowlevel-sim][GT] t=13.851 quat=[0.49632, -0.51051, 0.50186, 0.49111] angvel=[-0.00148, 0.00219, -0.00888] linvel=[0.00166, 0.00012, -2e-05] z=0.1104
[lowlevel-sim][GT] t=13.901 quat=[0.4963, -0.51054, 0.50188, 0.49107] angvel=[-0.00612, -0.00134, 0.00217] linvel=[0.00084, 0.00108, 0.00043] z=0.1104
[lowlevel-sim][GT] t=13.951 quat=[0.49625, -0.51058, 0.50192, 0.49104] angvel=[0.00114, 0.0001, -0.00202] linvel=[-0.00166, -0.00097, -0.00072] z=0.1104
[lowlevel-sim] t=  14.00 mode=cmd        pd=11817 hold=10342 failclosed=0 rtf=0.266 base_z=+0.110 pitch=+1.542 roll=-2.642 |tau|max=  7.64 sat=0/29 knee_L=+0.255 hip_p_L=-0.109 torn=9779 cmd_age=29.0ms auth=14.4s rig_ign=707 fix_base=0
[lowlevel-sim][GT] t=14.001 quat=[0.49623, -0.5106, 0.50195, 0.491] angvel=[-0.00635, -0.00705, -0.0038] linvel=[-0.00216, 0.00067, -4e-05] z=0.1103
[lowlevel-sim][GT] t=14.051 quat=[0.49623, -0.51062, 0.50198, 0.49095] angvel=[-0.00757, 0.01628, -0.00748] linvel=[-0.00266, 0.00138, 0.00159] z=0.1103
[lowlevel-sim][GT] t=14.101 quat=[0.49627, -0.51064, 0.50199, 0.49089] angvel=[0.00412, 0.00508, -0.00674] linvel=[-0.00228, 0.00083, -0.0006] z=0.1103
[lowlevel-sim][GT] t=14.151 quat=[0.49628, -0.51066, 0.50199, 0.49086] angvel=[0.00573, -0.01752, 0.00303] linvel=[-0.00119, 0.00031, -0.00025] z=0.1102
[lowlevel-sim][GT] t=14.201 quat=[0.49629, -0.51068, 0.502, 0.49081] angvel=[-1e-05, 0.0036, -0.00963] linvel=[0.00104, 0.00087, 3e-05] z=0.1102
[lowlevel-sim][GT] t=14.251 quat=[0.4963, -0.51072, 0.50199, 0.49077] angvel=[-0.0039, -0.00807, 0.00651] linvel=[0.00205, 0.00069, 0.0009] z=0.1102
[lowlevel-sim][GT] t=14.301 quat=[0.49626, -0.51078, 0.50203, 0.49071] angvel=[-0.00615, 0.0022, 0.00042] linvel=[0.00151, 0.00051, 0.00131] z=0.1102
[lowlevel-sim][GT] t=14.351 quat=[0.49623, -0.51082, 0.50205, 0.49068] angvel=[0.00206, 0.00413, -0.00115] linvel=[0.00146, 0.00071, -0.00043] z=0.1101
[lowlevel-sim][GT] t=14.401 quat=[0.49621, -0.51083, 0.50205, 0.49068] angvel=[0.00148, 0.01691, -0.00601] linvel=[-6e-05, 0.00125, 0.00041] z=0.1101
[lowlevel-sim][GT] t=14.451 quat=[0.4962, -0.51084, 0.50204, 0.49069] angvel=[0.00709, -0.00474, 0.00038] linvel=[-0.00134, -5e-05, -0.00016] z=0.1101
[lowlevel-sim] t=  14.50 mode=cmd        pd=12067 hold=10342 failclosed=0 rtf=0.267 base_z=+0.110 pitch=+1.541 roll=-2.641 |tau|max=  7.63 sat=0/29 knee_L=+0.255 hip_p_L=-0.109 torn=9801 cmd_age=27.3ms auth=16.1s rig_ign=707 fix_base=0
[lowlevel-sim][GT] t=14.501 quat=[0.49619, -0.51087, 0.50207, 0.49065] angvel=[-0.00623, 0.00088, -0.00141] linvel=[-0.00275, 0.00174, -0.00017] z=0.1101
[lowlevel-sim][GT] t=14.551 quat=[0.49621, -0.5109, 0.5021, 0.49056] angvel=[-0.00117, -0.01973, -0.00322] linvel=[-0.0014, 0.00077, -0.00059] z=0.1100
[lowlevel-sim][GT] t=14.601 quat=[0.49625, -0.51094, 0.50211, 0.49047] angvel=[-0.00832, -0.01381, -0.00131] linvel=[0.00072, 0.00082, 0.00016] z=0.1100
[lowlevel-sim][GT] t=14.651 quat=[0.49628, -0.51097, 0.5021, 0.49042] angvel=[-0.00099, -0.0009, 0.00448] linvel=[0.00258, 0.00066, 0.00033] z=0.1100
[lowlevel-sim][GT] t=14.701 quat=[0.49624, -0.51103, 0.50213, 0.49036] angvel=[-0.01006, -0.00551, 0.00213] linvel=[0.00148, 0.00065, 0.00045] z=0.1099
[lowlevel-sim][GT] t=14.751 quat=[0.49621, -0.51106, 0.50216, 0.49034] angvel=[0.00461, -0.01039, -0.00143] linvel=[0.00022, -0.00025, -0.00096] z=0.1099
[lowlevel-sim][GT] t=14.801 quat=[0.49619, -0.51106, 0.50218, 0.49034] angvel=[-0.00045, 0.00516, -0.00023] linvel=[-0.00044, -0.00039, 0.00015] z=0.1099
[lowlevel-sim][GT] t=14.851 quat=[0.49618, -0.51108, 0.50221, 0.49029] angvel=[0.004, 0.00197, -0.0062] linvel=[-0.00134, -0.00074, -0.00083] z=0.1099
[lowlevel-sim][GT] t=14.901 quat=[0.4962, -0.51108, 0.50219, 0.49029] angvel=[-0.00265, -0.00646, 0.00364] linvel=[-0.00128, 0.00081, 0.00067] z=0.1098
[lowlevel-sim][GT] t=14.951 quat=[0.49618, -0.5111, 0.50223, 0.49025] angvel=[0.00196, 0.00419, -0.00196] linvel=[-0.00129, -0.0001, -0.00024] z=0.1098
[lowlevel-sim] t=  15.00 mode=cmd        pd=12317 hold=10342 failclosed=0 rtf=0.268 base_z=+0.110 pitch=+1.540 roll=-2.639 |tau|max=  7.65 sat=0/29 knee_L=+0.255 hip_p_L=-0.108 torn=9824 cmd_age=44.6ms auth=17.7s rig_ign=707 fix_base=0
[lowlevel-sim][GT] t=15.001 quat=[0.49618, -0.51113, 0.50223, 0.49022] angvel=[-0.00082, 0.00125, -0.00062] linvel=[0.00074, 0.00036, -0.00052] z=0.1098
[lowlevel-sim][GT] t=15.051 quat=[0.49616, -0.51117, 0.50225, 0.49018] angvel=[-0.00313, -0.00221, 0.00095] linvel=[0.00159, 0.00103, 0.00016] z=0.1098
[lowlevel-sim][GT] t=15.101 quat=[0.49615, -0.51119, 0.50223, 0.49019] angvel=[-0.0034, 0.00108, -0.00148] linvel=[0.00315, 0.00178, 0.0006] z=0.1098
[lowlevel-sim][GT] t=15.151 quat=[0.49612, -0.51123, 0.50225, 0.49016] angvel=[0.00341, 0.00533, -0.00162] linvel=[0.0032, 0.00105, 0.00072] z=0.1097
[lowlevel-sim][GT] t=15.201 quat=[0.49608, -0.51128, 0.50227, 0.49013] angvel=[-0.00416, -0.02689, 0.01383] linvel=[0.00207, -0.00032, 0.00094] z=0.1097
[lowlevel-sim][GT] t=15.251 quat=[0.49598, -0.51132, 0.50233, 0.49011] angvel=[0.00314, -0.00277, 0.0035] linvel=[-0.00169, -0.0008, -0.00134] z=0.1097
[lowlevel-sim][GT] t=15.301 quat=[0.49599, -0.51129, 0.50234, 0.49013] angvel=[0.00394, -0.00288, 0.00045] linvel=[-0.00376, 0.00121, -0.00059] z=0.1097
[lowlevel-sim][GT] t=15.351 quat=[0.496, -0.51128, 0.50236, 0.49012] angvel=[0.00514, 0.00983, -0.00679] linvel=[-0.00383, 0.00074, -0.0003] z=0.1097
[lowlevel-sim][GT] t=15.401 quat=[0.49608, -0.51128, 0.50232, 0.49008] angvel=[-0.00442, -0.00129, -0.0039] linvel=[-0.00172, 0.00261, 0.00067] z=0.1096
[lowlevel-sim][GT] t=15.451 quat=[0.49615, -0.5113, 0.50231, 0.48999] angvel=[0.0025, -0.00233, -0.00181] linvel=[-0.0007, 0.00132, 0.00026] z=0.1096
[lowlevel-sim] t=  15.50 mode=cmd        pd=12567 hold=10342 failclosed=0 rtf=0.268 base_z=+0.110 pitch=+1.539 roll=-2.638 |tau|max=  7.65 sat=0/29 knee_L=+0.255 hip_p_L=-0.108 torn=9845 cmd_age=22.1ms auth=19.5s rig_ign=707 fix_base=0
[lowlevel-sim][GT] t=15.501 quat=[0.49615, -0.51135, 0.50234, 0.48991] angvel=[-0.00627, -0.00753, -0.0012] linvel=[-0.0002, -0.0001, 0.00017] z=0.1096
[lowlevel-sim][GT] t=15.551 quat=[0.49612, -0.51139, 0.50238, 0.48985] angvel=[0.00325, -0.00456, 0.00299] linvel=[0.0019, 0.0009, 0.0006] z=0.1096
[lowlevel-sim][GT] t=15.601 quat=[0.49614, -0.5114, 0.50235, 0.48985] angvel=[-0.0002, 0.00957, -0.00661] linvel=[0.00148, 0.0007, 0.00079] z=0.1095
[lowlevel-sim][GT] t=15.651 quat=[0.49611, -0.51144, 0.50237, 0.48983] angvel=[0.00137, 0.00696, -0.00269] linvel=[0.00084, 0.00052, 0.00011] z=0.1095
[lowlevel-sim][GT] t=15.701 quat=[0.49608, -0.51145, 0.5024, 0.48981] angvel=[0.00234, 0.00118, 0.00206] linvel=[0.00019, 0.001, -0.00138] z=0.1095
[lowlevel-sim][GT] t=15.751 quat=[0.49608, -0.51143, 0.50239, 0.48984] angvel=[-0.00696, 0.00942, -0.00995] linvel=[-0.00214, 0.00132, 0.00174] z=0.1095
[lowlevel-sim][GT] t=15.801 quat=[0.49607, -0.51147, 0.50245, 0.48975] angvel=[0.00685, 0.00933, -0.00353] linvel=[-0.00097, 0.00053, -0.00036] z=0.1095
[lowlevel-sim][GT] t=15.851 quat=[0.49608, -0.51148, 0.50245, 0.48973] angvel=[0.00507, -0.00025, -0.00273] linvel=[-0.00082, -0.00021, -0.00096] z=0.1094
[lowlevel-sim][GT] t=15.901 quat=[0.49612, -0.51148, 0.50242, 0.48972] angvel=[0.00413, -0.01253, 0.00304] linvel=[-0.00118, -0.00014, -0.00108] z=0.1094
[lowlevel-sim][GT] t=15.951 quat=[0.49611, -0.51152, 0.50246, 0.48965] angvel=[-0.00314, 0.00346, -0.00275] linvel=[-0.00033, 0.00242, 0.0] z=0.1094
[lowlevel-sim] t=  16.00 mode=cmd        pd=12817 hold=10342 failclosed=0 rtf=0.269 base_z=+0.109 pitch=+1.539 roll=-2.639 |tau|max=  7.66 sat=0/29 knee_L=+0.255 hip_p_L=-0.108 torn=9863 cmd_age=37.4ms auth=21.1s rig_ign=707 fix_base=0
[lowlevel-sim][GT] t=16.001 quat=[0.49612, -0.51151, 0.50246, 0.48964] angvel=[0.0037, -0.01098, 0.00881] linvel=[0.00037, 4e-05, -0.00082] z=0.1094
[lowlevel-sim][GT] t=16.051 quat=[0.49613, -0.51154, 0.50246, 0.48961] angvel=[0.00032, -0.00894, 0.00592] linvel=[4e-05, -0.00101, 0.00015] z=0.1094
[lowlevel-sim][GT] t=16.101 quat=[0.49609, -0.51159, 0.50248, 0.48957] angvel=[0.01051, -0.00165, 0.00119] linvel=[0.00044, -0.00017, -0.00284] z=0.1093
[lowlevel-sim][GT] t=16.151 quat=[0.49612, -0.51159, 0.50248, 0.48955] angvel=[-0.00598, -0.0022, -0.00167] linvel=[0.00107, 0.00034, 0.0023] z=0.1093
[lowlevel-sim][GT] t=16.201 quat=[0.49608, -0.51164, 0.50252, 0.4895] angvel=[0.00299, -0.01021, -0.0005] linvel=[-0.0002, 0.00094, -0.00095] z=0.1093
[lowlevel-sim][GT] t=16.251 quat=[0.49607, -0.51165, 0.50253, 0.48948] angvel=[0.0045, 0.00435, -0.00415] linvel=[0.00063, -0.00076, 0.00019] z=0.1093
[lowlevel-sim][GT] t=16.301 quat=[0.49607, -0.51167, 0.50253, 0.48945] angvel=[-0.0008, -0.01437, 0.01061] linvel=[0.00022, -0.00047, -0.00066] z=0.1093
[lowlevel-sim][GT] t=16.351 quat=[0.49608, -0.51169, 0.50252, 0.48944] angvel=[0.00913, -0.00392, 0.0102] linvel=[-0.00037, -0.00105, -0.00056] z=0.1092
[lowlevel-sim][GT] t=16.401 quat=[0.49611, -0.51168, 0.50253, 0.48941] angvel=[0.00157, -0.0028, -0.00064] linvel=[-0.00111, -0.00061, -0.00014] z=0.1092
[lowlevel-sim][GT] t=16.451 quat=[0.49607, -0.51172, 0.50257, 0.48937] angvel=[0.00411, -0.00485, -0.00954] linvel=[-0.00133, 0.00053, -0.00017] z=0.1092
[lowlevel-sim] t=  16.50 mode=cmd        pd=13067 hold=10342 failclosed=0 rtf=0.270 base_z=+0.109 pitch=+1.538 roll=-2.639 |tau|max=  7.67 sat=0/29 knee_L=+0.255 hip_p_L=-0.107 torn=9887 cmd_age=25.4ms auth=22.9s rig_ign=707 fix_base=0
[lowlevel-sim][GT] t=16.501 quat=[0.49609, -0.51171, 0.50256, 0.48937] angvel=[0.00025, -0.01378, -0.00137] linvel=[-0.00081, 0.00074, 0.00011] z=0.1092
[lowlevel-sim][GT] t=16.551 quat=[0.4961, -0.51174, 0.50259, 0.48931] angvel=[-0.0032, -0.01115, -0.00586] linvel=[-0.00047, 0.00175, 0.00059] z=0.1092
[lowlevel-sim][GT] t=16.601 quat=[0.49613, -0.51174, 0.50258, 0.48928] angvel=[-0.00636, 0.00848, -0.0084] linvel=[0.00157, 0.00147, 0.001] z=0.1092
[lowlevel-sim][GT] t=16.651 quat=[0.49613, -0.51176, 0.50257, 0.48926] angvel=[-0.00272, -0.00848, 0.00435] linvel=[0.00196, -7e-05, 0.00046] z=0.1092
[lowlevel-sim][GT] t=16.701 quat=[0.49613, -0.51177, 0.50255, 0.48927] angvel=[0.00295, -0.00988, 0.00135] linvel=[0.00088, -0.00013, -0.00026] z=0.1091
[lowlevel-sim][GT] t=16.751 quat=[0.49608, -0.51179, 0.50258, 0.48927] angvel=[-0.00079, -0.00202, 0.00194] linvel=[0.00013, 0.00076, 0.00068] z=0.1091
[lowlevel-sim][GT] t=16.801 quat=[0.49608, -0.51181, 0.50259, 0.48924] angvel=[0.00666, -0.00998, 0.00278] linvel=[-0.00135, 0.00069, -0.00055] z=0.1091
[lowlevel-sim][GT] t=16.851 quat=[0.49609, -0.5118, 0.50259, 0.48924] angvel=[0.00637, 0.00183, -0.00188] linvel=[-0.00193, 0.00079, -0.00072] z=0.1091
[lowlevel-sim] FAIL-CLOSED engaged at t=16.900s, last command age 95.35 ms (deadline <= 100 ms) PASS
[lowlevel-sim][GT] t=16.901 quat=[0.49607, -0.51186, 0.50266, 0.48913] angvel=[-0.05843, -0.00557, -0.00374] linvel=[-0.00248, 0.00094, -0.00285] z=0.1091
[lowlevel-sim] COMMANDED at t=16.912s (was fail-closed)
[lowlevel-sim][GT] t=16.951 quat=[0.49392, -0.51341, 0.50441, 0.48789] angvel=[0.0421, -0.01347, 0.00382] linvel=[0.00123, 0.00368, -0.00241] z=0.1078
[lowlevel-sim] t=  17.00 mode=cmd        pd=13323 hold=10342 failclosed=12 rtf=0.271 base_z=+0.108 pitch=+1.533 roll=-2.700 |tau|max=  7.73 sat=0/29 knee_L=+0.252 hip_p_L=-0.108 torn=9924 cmd_age=42.1ms auth=24.5s rig_ign=707 fix_base=0
[lowlevel-sim][GT] t=17.001 quat=[0.49485, -0.51308, 0.50382, 0.4879] angvel=[0.02435, -0.03502, -0.01975] linvel=[-0.00109, 0.00334, -0.00177] z=0.1078
[lowlevel-sim][GT] t=17.051 quat=[0.49568, -0.51303, 0.50349, 0.48744] angvel=[0.01284, -0.01475, -0.02176] linvel=[-0.00665, 0.00131, -0.00038] z=0.1078
[lowlevel-sim][GT] t=17.101 quat=[0.49603, -0.51301, 0.50335, 0.48724] angvel=[-0.00049, -0.00506, 0.00086] linvel=[-0.00693, 0.00115, 0.0001] z=0.1078
[lowlevel-sim][GT] t=17.151 quat=[0.49614, -0.51299, 0.5033, 0.48721] angvel=[0.00319, 0.00228, -0.00829] linvel=[-0.00719, 0.00148, -0.00089] z=0.1078
[lowlevel-sim][GT] t=17.201 quat=[0.49617, -0.51301, 0.50335, 0.48711] angvel=[-0.00159, -0.00982, 0.00332] linvel=[-0.00369, -0.00095, 0.00066] z=0.1078
[lowlevel-sim][GT] t=17.251 quat=[0.49618, -0.51306, 0.50338, 0.48701] angvel=[-0.00275, -0.01224, 0.00068] linvel=[0.00172, -0.00042, -0.00051] z=0.1078
[lowlevel-sim][GT] t=17.301 quat=[0.49622, -0.5131, 0.50335, 0.48697] angvel=[0.00309, 0.01573, -0.00438] linvel=[0.00607, -0.00026, -0.00106] z=0.1077
[lowlevel-sim][GT] t=17.351 quat=[0.49613, -0.51316, 0.50335, 0.48699] angvel=[-0.00251, 0.00118, 0.00399] linvel=[0.0066, -0.00081, -0.00077] z=0.1077
[lowlevel-sim][GT] t=17.401 quat=[0.49604, -0.51322, 0.50334, 0.48702] angvel=[-0.00047, -0.0043, 0.0058] linvel=[0.00652, -0.00073, -0.00025] z=0.1077
[lowlevel-sim][GT] t=17.451 quat=[0.49597, -0.51321, 0.50335, 0.4871] angvel=[-0.00014, -0.0031, 0.01017] linvel=[0.00388, 0.00105, 0.00099] z=0.1077
[lowlevel-sim] t=  17.50 mode=cmd        pd=13573 hold=10342 failclosed=12 rtf=0.271 base_z=+0.108 pitch=+1.533 roll=-2.635 |tau|max=  7.73 sat=0/29 knee_L=+0.255 hip_p_L=-0.105 torn=9936 cmd_age=73.6ms auth=26.2s rig_ign=707 fix_base=0
[lowlevel-sim][GT] t=17.501 quat=[0.49591, -0.5132, 0.50336, 0.48717] angvel=[0.00599, 0.01143, 0.00607] linvel=[0.00026, 8e-05, 0.00072] z=0.1077
[lowlevel-sim][GT] t=17.551 quat=[0.49584, -0.51321, 0.50341, 0.48717] angvel=[0.00923, -0.00854, -0.00769] linvel=[-0.00309, -0.00048, -0.00152] z=0.1077
[lowlevel-sim][GT] t=17.601 quat=[0.49582, -0.51319, 0.50345, 0.48717] angvel=[0.00085, -0.00721, -0.00192] linvel=[-0.00374, 0.00187, -0.00073] z=0.1077
[lowlevel-sim][GT] t=17.651 quat=[0.49588, -0.51317, 0.50345, 0.48713] angvel=[0.00812, -0.00225, -0.00729] linvel=[-0.00495, 0.00101, -0.00215] z=0.1077
[lowlevel-sim][GT] t=17.701 quat=[0.49595, -0.51316, 0.50344, 0.48709] angvel=[0.0082, 0.00715, -0.00841] linvel=[-0.00341, -0.00053, -0.00188] z=0.1077
[lowlevel-sim][GT] t=17.751 quat=[0.49602, -0.51319, 0.50345, 0.48697] angvel=[0.00048, -0.00492, 0.005] linvel=[-0.00054, 0.00022, -0.00079] z=0.1076
[lowlevel-sim][GT] t=17.801 quat=[0.49607, -0.51321, 0.50342, 0.48692] angvel=[0.00123, 0.00344, -0.00731] linvel=[0.002, -0.00012, -0.0001] z=0.1076
[lowlevel-sim][GT] t=17.851 quat=[0.49605, -0.5133, 0.50345, 0.48683] angvel=[0.00175, -0.00114, 0.00046] linvel=[0.00316, -0.0014, 0.00013] z=0.1076
[lowlevel-sim][GT] t=17.901 quat=[0.49604, -0.51333, 0.50343, 0.48683] angvel=[0.00496, -0.00148, 0.00212] linvel=[0.00439, -0.00062, -0.00075] z=0.1076
[lowlevel-sim][GT] t=17.951 quat=[0.49601, -0.51334, 0.50341, 0.48685] angvel=[0.00795, -0.00092, 0.00372] linvel=[0.00365, -0.00094, -0.00119] z=0.1076
[lowlevel-sim] t=  18.00 mode=cmd        pd=13823 hold=10342 failclosed=12 rtf=0.272 base_z=+0.108 pitch=+1.532 roll=-2.631 |tau|max=  7.75 sat=0/29 knee_L=+0.255 hip_p_L=-0.104 torn=9952 cmd_age=28.3ms auth=27.9s rig_ign=707 fix_base=0
[lowlevel-sim][GT] t=18.001 quat=[0.49595, -0.51338, 0.50342, 0.48688] angvel=[-0.01015, -0.0007, 0.00148] linvel=[0.00148, 0.00052, -0.00043] z=0.1076
[lowlevel-sim][GT] t=18.051 quat=[0.49588, -0.51338, 0.50346, 0.4869] angvel=[0.00633, 0.01544, -0.0035] linvel=[-0.00099, -0.00051, -0.00038] z=0.1076
[lowlevel-sim][GT] t=18.101 quat=[0.49588, -0.51334, 0.50346, 0.48694] angvel=[0.00515, -0.00513, 0.00107] linvel=[-0.0032, 0.0006, 2e-05] z=0.1076
[lowlevel-sim][GT] t=18.151 quat=[0.49589, -0.51332, 0.50348, 0.48694] angvel=[-0.00176, 0.01814, -0.00967] linvel=[-0.00427, 0.00108, 0.0008] z=0.1076
[lowlevel-sim][GT] t=18.201 quat=[0.49593, -0.5133, 0.50348, 0.48691] angvel=[0.00353, -0.00468, -0.00141] linvel=[-0.00367, 3e-05, -0.0003] z=0.1075
[lowlevel-sim][GT] t=18.251 quat=[0.49598, -0.5133, 0.50348, 0.48686] angvel=[0.00803, 0.00352, -0.00106] linvel=[-0.00171, 0.00066, -0.00091] z=0.1075
[lowlevel-sim][GT] t=18.301 quat=[0.496, -0.51335, 0.50352, 0.48675] angvel=[0.00128, 0.00601, -0.00413] linvel=[-0.00027, 0.00121, 0.00037] z=0.1075
[lowlevel-sim][GT] t=18.351 quat=[0.49605, -0.51335, 0.50348, 0.48673] angvel=[0.00192, -0.0044, -0.00088] linvel=[0.00177, -0.00028, -0.00095] z=0.1075
[lowlevel-sim][GT] t=18.401 quat=[0.49603, -0.51342, 0.50348, 0.48668] angvel=[0.00321, 0.00428, -0.00277] linvel=[0.00206, -0.00276, -0.00114] z=0.1075
[lowlevel-sim][GT] t=18.451 quat=[0.49606, -0.51342, 0.50345, 0.48669] angvel=[0.00114, 0.01983, -0.00905] linvel=[0.00188, 0.00057, 0.00056] z=0.1075
[lowlevel-sim] t=  18.50 mode=cmd        pd=14073 hold=10342 failclosed=12 rtf=0.273 base_z=+0.107 pitch=+1.532 roll=-2.628 |tau|max=  7.76 sat=0/29 knee_L=+0.255 hip_p_L=-0.104 torn=9967 cmd_age=37.2ms auth=29.6s rig_ign=707 fix_base=0
[lowlevel-sim][GT] t=18.501 quat=[0.49601, -0.51344, 0.50347, 0.48669] angvel=[0.0014, -0.0013, 0.00266] linvel=[0.00144, -0.00067, -0.00029] z=0.1075
[lowlevel-sim][GT] t=18.551 quat=[0.496, -0.51343, 0.50346, 0.48672] angvel=[0.00526, -0.00234, 0.00148] linvel=[0.00023, -0.00035, -0.00081] z=0.1075
[lowlevel-sim][GT] t=18.601 quat=[0.49597, -0.51344, 0.50348, 0.48671] angvel=[0.00235, -0.00571, 0.00718] linvel=[-0.00101, 9e-05, -7e-05] z=0.1075
[lowlevel-sim][GT] t=18.651 quat=[0.49595, -0.51347, 0.50351, 0.48669] angvel=[-0.00022, -0.01191, 0.01128] linvel=[-0.00141, 0.00121, 6e-05] z=0.1074
[lowlevel-sim][GT] t=18.701 quat=[0.49596, -0.51346, 0.50352, 0.48668] angvel=[0.00099, -0.00277, -0.01061] linvel=[-0.00198, -0.00082, 0.00038] z=0.1074
[lowlevel-sim][GT] t=18.751 quat=[0.49601, -0.51344, 0.5035, 0.48667] angvel=[-0.00349, 0.00573, -0.01158] linvel=[-0.00076, 0.00092, 0.0008] z=0.1074
[lowlevel-sim][GT] t=18.801 quat=[0.49603, -0.51344, 0.5035, 0.48664] angvel=[0.00057, -0.01128, 0.00794] linvel=[1e-05, -0.00069, -0.00098] z=0.1074
[lowlevel-sim][GT] t=18.851 quat=[0.49602, -0.51351, 0.50351, 0.48656] angvel=[-0.00024, -0.00231, 4e-05] linvel=[0.00106, 0.00022, -0.00045] z=0.1074
[lowlevel-sim][GT] t=18.901 quat=[0.49603, -0.51354, 0.50349, 0.48655] angvel=[1e-05, 0.0122, -0.00513] linvel=[0.00167, 0.00097, 0.00102] z=0.1074
[lowlevel-sim][GT] t=18.951 quat=[0.496, -0.51355, 0.50349, 0.48656] angvel=[-0.00562, -0.00389, 0.00737] linvel=[0.0016, -0.00012, 0.0] z=0.1074
[lowlevel-sim] t=  19.00 mode=cmd        pd=14323 hold=10342 failclosed=12 rtf=0.273 base_z=+0.107 pitch=+1.531 roll=-2.628 |tau|max=  7.74 sat=0/29 knee_L=+0.255 hip_p_L=-0.104 torn=9986 cmd_age=31.3ms auth=31.2s rig_ign=707 fix_base=0
[lowlevel-sim][GT] t=19.001 quat=[0.49599, -0.51356, 0.50349, 0.48657] angvel=[-0.00341, 0.00842, -0.01098] linvel=[0.00023, 0.0009, 2e-05] z=0.1074
[lowlevel-sim][GT] t=19.051 quat=[0.49596, -0.51356, 0.50351, 0.48657] angvel=[-0.00944, -0.00693, -0.00117] linvel=[-0.00142, 0.00169, -8e-05] z=0.1074
[lowlevel-sim][GT] t=19.101 quat=[0.49598, -0.51356, 0.50352, 0.48654] angvel=[0.00059, -0.00538, 0.00105] linvel=[-0.00157, 0.00056, -0.00018] z=0.1073
[lowlevel-sim][GT] t=19.151 quat=[0.496, -0.51355, 0.50352, 0.48654] angvel=[0.00442, -0.00731, -0.00212] linvel=[-0.00173, 0.00138, -0.00032] z=0.1073
[lowlevel-sim][GT] t=19.201 quat=[0.49598, -0.51356, 0.50357, 0.4865] angvel=[0.00456, 0.00793, -0.00707] linvel=[-0.00106, -0.00149, -0.00044] z=0.1073
[lowlevel-sim][GT] t=19.251 quat=[0.496, -0.51356, 0.50357, 0.48648] angvel=[0.00055, 0.01303, -0.00761] linvel=[-0.00083, 0.00081, 0.00011] z=0.1073
[lowlevel-sim][GT] t=19.301 quat=[0.49604, -0.51356, 0.50353, 0.48647] angvel=[0.00117, 0.01089, -0.01501] linvel=[0.0015, -0.00104, -5e-05] z=0.1073
[lowlevel-sim][GT] t=19.351 quat=[0.49605, -0.51358, 0.50353, 0.48644] angvel=[0.00097, 0.00511, -0.00149] linvel=[0.00254, -0.00025, 2e-05] z=0.1073
[lowlevel-sim][GT] t=19.401 quat=[0.496, -0.51361, 0.50355, 0.48644] angvel=[0.00307, -0.0047, -0.0071] linvel=[0.00294, -0.00114, -0.00114] z=0.1073
[lowlevel-sim][GT] t=19.451 quat=[0.49598, -0.51362, 0.50356, 0.48645] angvel=[-0.00472, 0.0084, 0.00444] linvel=[0.0008, 0.00034, -0.0013] z=0.1073
[lowlevel-sim] t=  19.50 mode=cmd        pd=14573 hold=10342 failclosed=12 rtf=0.273 base_z=+0.107 pitch=+1.531 roll=-2.629 |tau|max=  7.74 sat=0/29 knee_L=+0.255 hip_p_L=-0.104 torn=10004 cmd_age=57.2ms auth=33.1s rig_ign=707 fix_base=0
[lowlevel-sim][GT] t=19.501 quat=[0.49596, -0.51365, 0.50357, 0.48643] angvel=[-0.00034, -0.0079, 0.01398] linvel=[-0.00027, -0.00119, -8e-05] z=0.1073
[lowlevel-sim][GT] t=19.551 quat=[0.49594, -0.51362, 0.50357, 0.48647] angvel=[0.00407, -0.006, 0.00285] linvel=[-0.00191, 0.00061, -1e-05] z=0.1073
[lowlevel-sim][GT] t=19.601 quat=[0.4959, -0.51365, 0.50362, 0.48642] angvel=[-0.01954, -0.01459, 0.00256] linvel=[-0.00302, 0.0014, 0.00248] z=0.1073
[lowlevel-sim][GT] t=19.651 quat=[0.49595, -0.51361, 0.50359, 0.48646] angvel=[-0.00313, -0.00798, -0.00111] linvel=[-0.00271, 0.00134, -0.00045] z=0.1073
[lowlevel-sim][GT] t=19.701 quat=[0.49596, -0.51362, 0.50363, 0.48639] angvel=[-0.00649, -0.00207, -0.00808] linvel=[-0.00196, 0.00368, 0.00155] z=0.1072
[lowlevel-sim][GT] t=19.751 quat=[0.49603, -0.51362, 0.5036, 0.48635] angvel=[0.01053, -0.00684, 0.00061] linvel=[0.00056, 0.0007, -0.00159] z=0.1072
[lowlevel-sim][GT] t=19.801 quat=[0.49607, -0.51363, 0.50358, 0.48632] angvel=[0.00076, 0.00232, 0.00352] linvel=[0.00147, -0.00035, -9e-05] z=0.1072
[lowlevel-sim][GT] t=19.851 quat=[0.49608, -0.51365, 0.50357, 0.4863] angvel=[0.00052, 0.00131, -0.00105] linvel=[0.00277, 0.00043, -6e-05] z=0.1072
[lowlevel-sim][GT] t=19.901 quat=[0.49604, -0.51367, 0.50359, 0.48631] angvel=[0.00437, -0.00362, 0.00395] linvel=[0.00156, 0.00034, -0.00054] z=0.1072
[lowlevel-sim][GT] t=19.951 quat=[0.49599, -0.5137, 0.50361, 0.4863] angvel=[-0.00387, -0.00251, 0.00599] linvel=[0.00054, -0.00062, -0.00091] z=0.1072
[lowlevel-sim] t=  20.00 mode=cmd        pd=14823 hold=10342 failclosed=12 rtf=0.274 base_z=+0.107 pitch=+1.531 roll=-2.628 |tau|max=  7.76 sat=0/29 knee_L=+0.255 hip_p_L=-0.104 torn=10018 cmd_age=37.5ms auth=34.8s rig_ign=707 fix_base=0
[lowlevel-sim][GT] t=20.001 quat=[0.49599, -0.5137, 0.5036, 0.48631] angvel=[0.00618, 0.002, 0.00239] linvel=[0.00076, 0.00091, -0.00023] z=0.1072
[lowlevel-sim][GT] t=20.051 quat=[0.49598, -0.51371, 0.50361, 0.4863] angvel=[0.00301, 0.00179, -0.00734] linvel=[-0.0004, 0.00048, 0.00022] z=0.1072
[lowlevel-sim][GT] t=20.101 quat=[0.49598, -0.51371, 0.5036, 0.48631] angvel=[0.0005, -0.01404, 0.01376] linvel=[-0.0017, -0.00151, 0.00099] z=0.1072
[lowlevel-sim][GT] t=20.151 quat=[0.49597, -0.5137, 0.50363, 0.4863] angvel=[0.00835, 0.00564, -0.00254] linvel=[-0.00197, 0.00017, -0.00164] z=0.1072
[lowlevel-sim][GT] t=20.201 quat=[0.49598, -0.51369, 0.50363, 0.48629] angvel=[0.00143, 0.01079, -0.00128] linvel=[-0.00171, -0.00117, -0.00055] z=0.1072
[lowlevel-sim][GT] t=20.251 quat=[0.49601, -0.5137, 0.50364, 0.48624] angvel=[0.00435, -0.00114, -0.00465] linvel=[-0.0005, 0.00037, -0.00073] z=0.1072
[lowlevel-sim][GT] t=20.301 quat=[0.49606, -0.5137, 0.50361, 0.48623] angvel=[0.00172, -0.00204, 0.00259] linvel=[0.0009, 0.00052, -0.00041] z=0.1071
[lowlevel-sim][GT] t=20.351 quat=[0.49605, -0.51375, 0.5036, 0.48619] angvel=[0.0067, -0.00094, 0.00286] linvel=[0.00179, -0.00052, -0.00055] z=0.1071
[lowlevel-sim][GT] t=20.401 quat=[0.49603, -0.51378, 0.50359, 0.48619] angvel=[0.01129, -0.00501, 0.00107] linvel=[0.00136, -0.00095, -0.00036] z=0.1071
[lowlevel-sim][GT] t=20.451 quat=[0.49603, -0.51379, 0.50358, 0.48619] angvel=[0.00129, -0.00427, 0.00647] linvel=[0.00107, -0.0005, -0.00019] z=0.1071
[lowlevel-sim] t=  20.50 mode=cmd        pd=15073 hold=10342 failclosed=12 rtf=0.274 base_z=+0.107 pitch=+1.530 roll=-2.624 |tau|max=  7.75 sat=0/29 knee_L=+0.255 hip_p_L=-0.103 torn=10041 cmd_age=33.6ms auth=36.5s rig_ign=707 fix_base=0
[lowlevel-sim][GT] t=20.501 quat=[0.49601, -0.51379, 0.50358, 0.48621] angvel=[-0.0006, 0.00879, -0.01288] linvel=[0.00036, -0.00141, -0.0003] z=0.1071
[lowlevel-sim][GT] t=20.551 quat=[0.49595, -0.51381, 0.50364, 0.48619] angvel=[-0.00268, -0.0162, 0.00602] linvel=[-0.00156, -6e-05, -0.00069] z=0.1071
[lowlevel-sim][GT] t=20.601 quat=[0.49598, -0.51378, 0.50364, 0.48619] angvel=[0.01292, 0.00855, -0.00814] linvel=[-0.00141, 0.00064, -0.00077] z=0.1071
[lowlevel-sim][GT] t=20.651 quat=[0.49602, -0.51377, 0.50363, 0.48617] angvel=[-0.00281, 0.00738, -0.00955] linvel=[-0.00027, -0.00092, -0.00039] z=0.1071
[lowlevel-sim][GT] t=20.701 quat=[0.49601, -0.51379, 0.50366, 0.48613] angvel=[0.00642, 0.01542, -0.00123] linvel=[-0.00169, 0.00066, -0.00122] z=0.1071
[lowlevel-sim][GT] t=20.751 quat=[0.49605, -0.51379, 0.50365, 0.4861] angvel=[-0.0001, -0.00207, 0.00372] linvel=[-0.00044, 0.00033, -0.00036] z=0.1071
[lowlevel-sim][GT] t=20.801 quat=[0.49605, -0.51379, 0.50366, 0.48609] angvel=[-0.0056, 0.01333, -0.00618] linvel=[0.00032, -0.00044, 0.00066] z=0.1071
[lowlevel-sim][GT] t=20.851 quat=[0.49604, -0.51381, 0.50366, 0.48608] angvel=[-0.00039, -0.00048, 0.00355] linvel=[0.0008, -0.00075, 0.00048] z=0.1071
[lowlevel-sim][GT] t=20.901 quat=[0.49607, -0.51381, 0.50365, 0.48606] angvel=[0.00383, 0.01421, -0.00725] linvel=[0.00179, 0.00086, -0.00103] z=0.1070
[lowlevel-sim][GT] t=20.951 quat=[0.49603, -0.51385, 0.50367, 0.48603] angvel=[0.00406, 0.00407, -0.00626] linvel=[0.00139, -0.00154, -0.00065] z=0.1070
[lowlevel-sim] t=  21.00 mode=cmd        pd=15323 hold=10342 failclosed=12 rtf=0.275 base_z=+0.107 pitch=+1.530 roll=-2.624 |tau|max=  7.75 sat=0/29 knee_L=+0.255 hip_p_L=-0.103 torn=10058 cmd_age=25.1ms auth=38.1s rig_ign=707 fix_base=0
[lowlevel-sim][GT] t=21.001 quat=[0.49604, -0.51384, 0.50365, 0.48606] angvel=[0.00638, -0.00825, 0.00769] linvel=[5e-05, -0.00012, -0.00071] z=0.1070
[lowlevel-sim][GT] t=21.051 quat=[0.49599, -0.51387, 0.50369, 0.48603] angvel=[0.00383, -0.00077, 0.00161] linvel=[-0.00071, -0.00233, -0.00069] z=0.1070
[lowlevel-sim][GT] t=21.101 quat=[0.496, -0.51387, 0.50371, 0.486] angvel=[0.00297, -0.01099, -0.00172] linvel=[-0.00106, 0.00025, -0.00035] z=0.1070
[lowlevel-sim][GT] t=21.151 quat=[0.496, -0.51388, 0.50372, 0.48598] angvel=[0.00219, 4e-05, -0.00218] linvel=[-0.0011, 0.00062, -0.00054] z=0.1070
[lowlevel-sim][GT] t=21.201 quat=[0.49605, -0.51385, 0.50368, 0.48601] angvel=[-0.00047, -0.00583, -0.00208] linvel=[-0.00085, 0.00011, -0.00103] z=0.1070
[lowlevel-sim][GT] t=21.251 quat=[0.49603, -0.51388, 0.50371, 0.48596] angvel=[0.00026, -0.00069, 0.00423] linvel=[0.00051, -0.00066, 0.00011] z=0.1070
[lowlevel-sim][GT] t=21.301 quat=[0.49603, -0.51388, 0.50372, 0.48595] angvel=[-0.00632, -0.00123, 0.00118] linvel=[-0.00058, 0.00218, -0.00031] z=0.1070
[lowlevel-sim][GT] t=21.351 quat=[0.49605, -0.51386, 0.5037, 0.48596] angvel=[0.00691, -0.00918, 0.00462] linvel=[-0.00049, 0.0001, -0.0014] z=0.1070
[lowlevel-sim][GT] t=21.401 quat=[0.49605, -0.51388, 0.50371, 0.48594] angvel=[0.00128, 0.00014, -0.00066] linvel=[0.00072, 5e-05, -0.00034] z=0.1070
[lowlevel-sim][GT] t=21.451 quat=[0.49605, -0.51391, 0.50371, 0.48591] angvel=[0.0039, 0.00132, 0.00206] linvel=[0.00038, -0.00127, 0.00018] z=0.1069
[lowlevel-sim] t=  21.50 mode=cmd        pd=15573 hold=10342 failclosed=12 rtf=0.275 base_z=+0.107 pitch=+1.530 roll=-2.623 |tau|max=  7.77 sat=0/29 knee_L=+0.255 hip_p_L=-0.103 torn=10074 cmd_age=22.5ms auth=39.9s rig_ign=707 fix_base=0
[lowlevel-sim][GT] t=21.501 quat=[0.49604, -0.51393, 0.5037, 0.48589] angvel=[-0.00102, 0.00466, -0.00269] linvel=[0.00023, -0.00046, -0.00029] z=0.1069
[lowlevel-sim][GT] t=21.551 quat=[0.49603, -0.51395, 0.5037, 0.4859] angvel=[-0.00502, -0.00186, 0.00189] linvel=[0.00021, -0.00044, -0.00037] z=0.1069
[lowlevel-sim][GT] t=21.601 quat=[0.49602, -0.51396, 0.50371, 0.48588] angvel=[-0.00298, 0.00081, 0.0052] linvel=[0.00053, -0.0008, 0.00079] z=0.1069
[lowlevel-sim][GT] t=21.651 quat=[0.49602, -0.51395, 0.50372, 0.48588] angvel=[-0.00447, 0.00242, -0.00263] linvel=[-0.00028, 0.00086, 0.00077] z=0.1069
[lowlevel-sim] FAIL-CLOSED engaged at t=21.657s, last command age 86.31 ms (deadline <= 100 ms) PASS
[lowlevel-sim] COMMANDED at t=21.660s (was fail-closed)
[lowlevel-sim] FAIL-CLOSED engaged at t=21.661s, last command age 86.21 ms (deadline <= 100 ms) PASS
[lowlevel-sim] COMMANDED at t=21.664s (was fail-closed)
[lowlevel-sim][GT] t=21.701 quat=[0.49505, -0.51454, 0.50446, 0.48548] angvel=[0.02186, 0.00744, 0.00743] linvel=[0.00346, 0.00254, -0.00123] z=0.1064
[lowlevel-sim][GT] t=21.751 quat=[0.49524, -0.5143, 0.50427, 0.48575] angvel=[0.00992, -0.01062, -0.00224] linvel=[0.00359, 0.00184, 0.00012] z=0.1064
[lowlevel-sim][GT] t=21.801 quat=[0.4955, -0.51423, 0.5041, 0.48572] angvel=[0.01174, -0.00817, -0.00727] linvel=[0.00014, -0.00039, -0.00095] z=0.1064
[lowlevel-sim][GT] t=21.851 quat=[0.49565, -0.51425, 0.50407, 0.48558] angvel=[0.0046, 0.0005, -0.00914] linvel=[-0.00239, -0.00074, -0.00028] z=0.1064
[lowlevel-sim][GT] t=21.901 quat=[0.49571, -0.51426, 0.50409, 0.48549] angvel=[0.01226, -0.00295, -0.00604] linvel=[-0.0048, -0.00105, -0.00149] z=0.1064
[lowlevel-sim][GT] t=21.951 quat=[0.49578, -0.51424, 0.50411, 0.48542] angvel=[0.01316, -0.00676, -0.00439] linvel=[-0.00588, -0.0006, -0.00108] z=0.1064
[lowlevel-sim] t=  22.00 mode=cmd        pd=15826 hold=10342 failclosed=17 rtf=0.275 base_z=+0.106 pitch=+1.528 roll=-2.634 |tau|max=  7.79 sat=0/29 knee_L=+0.255 hip_p_L=-0.102 torn=10094 cmd_age=41.8ms auth=41.7s rig_ign=707 fix_base=0
[lowlevel-sim][GT] t=22.001 quat=[0.49587, -0.51424, 0.50412, 0.48532] angvel=[0.0034, -0.01252, 0.00524] linvel=[-0.0055, -0.00021, -0.00087] z=0.1064
[lowlevel-sim][GT] t=22.051 quat=[0.49599, -0.51424, 0.5041, 0.48522] angvel=[-0.00017, 0.01613, -0.0188] linvel=[-0.0048, 0.00066, 0.00015] z=0.1064
[lowlevel-sim][GT] t=22.101 quat=[0.49611, -0.51427, 0.50408, 0.48508] angvel=[-0.00189, -0.02248, 0.01117] linvel=[-0.00206, 0.00193, 0.00065] z=0.1064
[lowlevel-sim][GT] t=22.151 quat=[0.49619, -0.51429, 0.50409, 0.48497] angvel=[-0.00414, 0.00291, -0.01435] linvel=[-0.00107, 0.00044, 0.00073] z=0.1064
[lowlevel-sim][GT] t=22.201 quat=[0.49621, -0.51436, 0.50412, 0.48484] angvel=[-0.00168, -0.00446, -0.0052] linvel=[0.00183, -0.00032, -0.00064] z=0.1064
[lowlevel-sim][GT] t=22.251 quat=[0.49628, -0.51434, 0.50407, 0.48485] angvel=[0.0049, 0.01132, 0.00626] linvel=[0.00366, -0.00113, -0.00055] z=0.1064
[lowlevel-sim][GT] t=22.301 quat=[0.49624, -0.51435, 0.50405, 0.48489] angvel=[0.00375, -0.00063, 0.00018] linvel=[0.00436, 0.00074, -0.00043] z=0.1063
[lowlevel-sim][GT] t=22.351 quat=[0.49609, -0.51439, 0.50408, 0.48498] angvel=[-0.00227, 0.02324, -0.01332] linvel=[0.00456, -0.002, -0.00044] z=0.1063
[lowlevel-sim][GT] t=22.401 quat=[0.49594, -0.5144, 0.5041, 0.4851] angvel=[-0.00093, 0.00193, 0.00856] linvel=[0.00297, 0.00114, -0.00099] z=0.1063
[lowlevel-sim][GT] t=22.451 quat=[0.49578, -0.51439, 0.50414, 0.48524] angvel=[0.00524, 0.01341, 0.0021] linvel=[0.00044, -0.00129, -0.00137] z=0.1063
[lowlevel-sim] t=  22.50 mode=cmd        pd=16076 hold=10342 failclosed=17 rtf=0.275 base_z=+0.106 pitch=+1.528 roll=-2.640 |tau|max=  7.78 sat=0/29 knee_L=+0.255 hip_p_L=-0.102 torn=10109 cmd_age=33.5ms auth=43.5s rig_ign=707 fix_base=0
[lowlevel-sim][GT] t=22.501 quat=[0.4957, -0.51437, 0.50416, 0.48532] angvel=[1e-05, 0.0136, -0.00827] linvel=[-0.00103, 0.00071, -0.00037] z=0.1063
[lowlevel-sim][GT] t=22.551 quat=[0.49567, -0.51436, 0.50419, 0.48532] angvel=[0.00358, -0.00335, 0.00248] linvel=[-0.00204, -0.00101, -0.00221] z=0.1063
[lowlevel-sim][GT] t=22.601 quat=[0.49567, -0.51436, 0.50423, 0.48528] angvel=[-0.00244, -0.00634, -0.00457] linvel=[-0.00221, 0.00143, 0.00106] z=0.1063
[lowlevel-sim][GT] t=22.651 quat=[0.49572, -0.51435, 0.50425, 0.48523] angvel=[0.00372, 0.0055, -0.0052] linvel=[-0.00255, -9e-05, 0.00033] z=0.1063
[lowlevel-sim][GT] t=22.701 quat=[0.49582, -0.51434, 0.50423, 0.48515] angvel=[0.00104, -0.00592, -0.00848] linvel=[-0.00156, 0.00186, 0.00029] z=0.1063
[lowlevel-sim][GT] t=22.751 quat=[0.49583, -0.51438, 0.50425, 0.48507] angvel=[0.00126, -0.01177, 0.00539] linvel=[-4e-05, -0.00065, -0.00072] z=0.1063
[lowlevel-sim][GT] t=22.801 quat=[0.49592, -0.51436, 0.5042, 0.48505] angvel=[0.00466, -0.00351, -6e-05] linvel=[0.00102, -0.00048, -0.00073] z=0.1063
[lowlevel-sim][GT] t=22.851 quat=[0.49591, -0.5144, 0.50421, 0.48502] angvel=[-0.0019, -0.01118, 0.00295] linvel=[0.00177, 0.0, -0.00043] z=0.1062
[lowlevel-sim][GT] t=22.901 quat=[0.49587, -0.51445, 0.50421, 0.485] angvel=[0.01012, -0.0033, -0.00185] linvel=[0.00212, -0.00117, -0.00089] z=0.1062
[lowlevel-sim][GT] t=22.951 quat=[0.49587, -0.51445, 0.50418, 0.48504] angvel=[0.01412, 0.0048, -0.00121] linvel=[0.00276, -0.00029, -0.00218] z=0.1062
[lowlevel-sim] t=  23.00 mode=cmd        pd=16326 hold=10342 failclosed=17 rtf=0.275 base_z=+0.106 pitch=+1.528 roll=-2.634 |tau|max=  7.79 sat=0/29 knee_L=+0.255 hip_p_L=-0.102 torn=10135 cmd_age=42.0ms auth=45.3s rig_ign=707 fix_base=0
[lowlevel-sim][GT] t=23.001 quat=[0.49581, -0.51441, 0.50418, 0.48514] angvel=[0.00655, -0.02024, 0.01815] linvel=[6e-05, 0.00032, -0.00028] z=0.1062
[lowlevel-sim][GT] t=23.051 quat=[0.49574, -0.51442, 0.50423, 0.48515] angvel=[0.00179, -0.00655, 0.00168] linvel=[-0.00084, -0.00184, -0.00026] z=0.1062
[lowlevel-sim][GT] t=23.101 quat=[0.49571, -0.5144, 0.50425, 0.48517] angvel=[0.00438, 0.00456, -0.00022] linvel=[-0.00176, -0.00024, -0.00015] z=0.1062
[lowlevel-sim][GT] t=23.151 quat=[0.49575, -0.51439, 0.50427, 0.48513] angvel=[-0.00128, -0.00055, -0.00134] linvel=[-0.00167, 0.00023, -0.00181] z=0.1062
[lowlevel-sim][GT] t=23.201 quat=[0.4958, -0.5144, 0.50428, 0.48505] angvel=[0.00331, -0.01002, 0.01279] linvel=[-0.00041, 0.0005, 0.00076] z=0.1062
[lowlevel-sim][GT] t=23.251 quat=[0.49584, -0.51439, 0.50427, 0.48502] angvel=[0.01186, -0.00185, -0.00244] linvel=[-0.00037, -0.00096, 0.00046] z=0.1062
[lowlevel-sim][GT] t=23.301 quat=[0.49586, -0.51444, 0.50428, 0.48495] angvel=[0.00267, 0.01414, -0.01415] linvel=[0.00088, 0.00035, -0.00091] z=0.1062
[lowlevel-sim][GT] t=23.351 quat=[0.49586, -0.51447, 0.50427, 0.48493] angvel=[-0.00342, -0.00475, 0.00235] linvel=[0.00069, -0.00026, 0.00056] z=0.1062
[lowlevel-sim][GT] t=23.401 quat=[0.49583, -0.51447, 0.50428, 0.48495] angvel=[0.00377, 0.00033, 0.00156] linvel=[0.00029, -6e-05, -0.00078] z=0.1062
[lowlevel-sim] FAIL-CLOSED engaged at t=23.403s, last command age 85.51 ms (deadline <= 100 ms) PASS
[lowlevel-sim] COMMANDED at t=23.404s (was fail-closed)
[lowlevel-sim][GT] t=23.451 quat=[0.49572, -0.51456, 0.50437, 0.48487] angvel=[0.00151, -0.00068, 0.00184] linvel=[-0.00086, 0.00201, -0.0001] z=0.1061
[lowlevel-sim] t=  23.50 mode=cmd        pd=16577 hold=10342 failclosed=18 rtf=0.275 base_z=+0.106 pitch=+1.527 roll=-2.637 |tau|max=  7.79 sat=0/29 knee_L=+0.255 hip_p_L=-0.102 torn=10161 cmd_age=47.6ms auth=47.0s rig_ign=707 fix_base=0
[lowlevel-sim][GT] t=23.501 quat=[0.49577, -0.51452, 0.5043, 0.48493] angvel=[0.0024, 0.00877, -0.01553] linvel=[-0.00084, 0.00023, 6e-05] z=0.1061
[lowlevel-sim] FAIL-CLOSED engaged at t=23.540s, last command age 103.40 ms (deadline <= 100 ms) FAIL
[lowlevel-sim] COMMANDED at t=23.542s (was fail-closed)
[lowlevel-sim][GT] t=23.551 quat=[0.49567, -0.51467, 0.50443, 0.48474] angvel=[-0.01802, -0.01234, -0.00044] linvel=[0.00083, -0.00036, -8e-05] z=0.1060
[lowlevel-sim][GT] t=23.601 quat=[0.49573, -0.51464, 0.50438, 0.48477] angvel=[0.00139, -0.0112, 0.00738] linvel=[0.00036, 0.00267, -0.00021] z=0.1060
[lowlevel-sim][GT] t=23.651 quat=[0.49575, -0.51465, 0.50434, 0.48478] angvel=[-0.00752, 0.00342, -0.00195] linvel=[0.00072, 0.00155, -0.00088] z=0.1060
[lowlevel-sim][GT] t=23.701 quat=[0.49575, -0.51462, 0.50432, 0.48483] angvel=[0.01276, -0.00757, 0.00188] linvel=[0.00042, -0.00033, 0.00089] z=0.1060
[lowlevel-sim][GT] t=23.751 quat=[0.49573, -0.51461, 0.50433, 0.48485] angvel=[-0.01601, 0.0194, -0.01471] linvel=[-0.00093, 0.00298, 0.00103] z=0.1060
[lowlevel-sim][GT] t=23.801 quat=[0.49573, -0.51461, 0.50433, 0.48485] angvel=[0.00581, 0.01325, -0.01232] linvel=[-0.0011, -3e-05, -0.00033] z=0.1060
[lowlevel-sim][GT] t=23.851 quat=[0.49571, -0.51461, 0.50436, 0.48484] angvel=[-0.00583, -0.00653, 0.01379] linvel=[-0.0008, -2e-05, 0.00067] z=0.1060
[lowlevel-sim][GT] t=23.901 quat=[0.49576, -0.51459, 0.50435, 0.48482] angvel=[0.01048, 0.00725, -0.01069] linvel=[-0.00046, 7e-05, -0.00203] z=0.1060
[lowlevel-sim][GT] t=23.951 quat=[0.49578, -0.51463, 0.50435, 0.48476] angvel=[-0.00212, -0.00094, 0.00027] linvel=[-1e-05, 0.00048, -0.00089] z=0.1060
[lowlevel-sim] t=  24.00 mode=cmd        pd=16828 hold=10342 failclosed=20 rtf=0.275 base_z=+0.106 pitch=+1.527 roll=-2.635 |tau|max=  7.79 sat=0/29 knee_L=+0.255 hip_p_L=-0.101 torn=10206 cmd_age=26.0ms auth=48.9s rig_ign=707 fix_base=0
[lowlevel-sim][GT] t=24.001 quat=[0.49578, -0.51466, 0.50436, 0.48472] angvel=[0.00217, -0.01745, -0.00234] linvel=[0.00101, 0.00044, -0.00092] z=0.1060
[lowlevel-sim][GT] t=24.051 quat=[0.49578, -0.51467, 0.50434, 0.48473] angvel=[0.00175, 0.01517, -0.00265] linvel=[0.00063, 0.0008, 0.00013] z=0.1060
[lowlevel-sim][GT] t=24.101 quat=[0.49573, -0.51467, 0.50437, 0.48475] angvel=[2e-05, 0.01704, -0.00713] linvel=[-0.00012, -0.00012, -0.00183] z=0.1059
[lowlevel-sim][GT] t=24.151 quat=[0.49572, -0.51466, 0.50436, 0.48478] angvel=[-0.00115, 0.00028, 0.00123] linvel=[-0.001, 0.00068, 0.00106] z=0.1059
[lowlevel-sim][GT] t=24.201 quat=[0.4957, -0.51464, 0.50438, 0.48479] angvel=[0.00352, 0.00036, 0.0018] linvel=[-0.00074, 0.00082, -0.00096] z=0.1059
[lowlevel-sim][GT] t=24.251 quat=[0.49574, -0.51465, 0.50437, 0.48475] angvel=[-0.00049, -0.01148, 0.01045] linvel=[-0.00024, 0.00078, 0.00027] z=0.1059
[lowlevel-sim][GT] t=24.301 quat=[0.49578, -0.51467, 0.50436, 0.4847] angvel=[-0.00375, -0.00618, -0.00478] linvel=[0.00016, 0.0011, 0.0014] z=0.1059
[lowlevel-sim][GT] t=24.351 quat=[0.49577, -0.51468, 0.50438, 0.48468] angvel=[-0.00277, 0.00073, -0.00494] linvel=[0.00077, -0.00061, -0.00033] z=0.1059
[lowlevel-sim][GT] t=24.401 quat=[0.49575, -0.51468, 0.5044, 0.48469] angvel=[-0.00057, -0.00525, 0.00458] linvel=[0.00036, -0.00065, -0.00051] z=0.1059
[lowlevel-sim][GT] t=24.451 quat=[0.49571, -0.51471, 0.50442, 0.48467] angvel=[-0.0012, -0.00093, 0.00213] linvel=[0.001, 5e-05, 0.0004] z=0.1059
[lowlevel-sim] t=  24.50 mode=cmd        pd=17078 hold=10342 failclosed=20 rtf=0.276 base_z=+0.106 pitch=+1.527 roll=-2.638 |tau|max=  7.79 sat=0/29 knee_L=+0.255 hip_p_L=-0.101 torn=10225 cmd_age=18.6ms auth=50.5s rig_ign=707 fix_base=0
[lowlevel-sim][GT] t=24.501 quat=[0.4957, -0.51473, 0.50442, 0.48466] angvel=[-0.00294, 0.00045, 0.0018] linvel=[0.00039, -6e-05, 0.00105] z=0.1059
[lowlevel-sim][GT] t=24.551 quat=[0.4957, -0.51473, 0.50441, 0.48467] angvel=[0.00025, 0.01271, -0.0063] linvel=[-0.0011, 0.00119, 0.00137] z=0.1058
[lowlevel-sim][GT] t=24.601 quat=[0.49567, -0.51472, 0.50443, 0.48469] angvel=[-0.0001, -0.00369, 0.00731] linvel=[-0.00091, 0.00075, 3e-05] z=0.1058
[lowlevel-sim][GT] t=24.651 quat=[0.49569, -0.5147, 0.50441, 0.48471] angvel=[0.00194, 0.00387, -0.00192] linvel=[-0.0009, 0.00102, 0.00034] z=0.1058
[lowlevel-sim][GT] t=24.701 quat=[0.49566, -0.51473, 0.50444, 0.48468] angvel=[-0.0004, 0.00249, -0.00397] linvel=[-0.0005, -0.00046, -0.00026] z=0.1058
[lowlevel-sim][GT] t=24.751 quat=[0.49568, -0.51474, 0.50445, 0.48463] angvel=[0.01068, 0.01054, -0.01199] linvel=[-0.00048, -0.0012, 0.00034] z=0.1058
[lowlevel-sim][GT] t=24.801 quat=[0.49569, -0.51477, 0.50446, 0.48458] angvel=[-0.00169, -0.00311, -0.00212] linvel=[0.0, -0.00037, 1e-05] z=0.1058
[lowlevel-sim][GT] t=24.851 quat=[0.49572, -0.51479, 0.50446, 0.48453] angvel=[-0.00739, -0.01356, 0.00452] linvel=[0.0009, 0.00023, 0.00043] z=0.1058
[lowlevel-sim][GT] t=24.901 quat=[0.49572, -0.51479, 0.50445, 0.48454] angvel=[-0.00122, 0.00283, -0.00593] linvel=[0.00034, 0.00085, 0.00088] z=0.1058
[lowlevel-sim][GT] t=24.951 quat=[0.4957, -0.51479, 0.50445, 0.48455] angvel=[-0.00952, 0.00503, -0.00656] linvel=[1e-05, 0.0015, 0.00092] z=0.1058
[lowlevel-sim] t=  25.00 mode=cmd        pd=17328 hold=10342 failclosed=20 rtf=0.276 base_z=+0.106 pitch=+1.526 roll=-2.638 |tau|max=  7.79 sat=0/29 knee_L=+0.255 hip_p_L=-0.101 torn=10252 cmd_age=28.8ms auth=52.2s rig_ign=707 fix_base=0
[lowlevel-sim][GT] t=25.001 quat=[0.49569, -0.51479, 0.50445, 0.48457] angvel=[-0.00455, 0.00107, 0.00563] linvel=[0.00043, 0.00114, 0.00026] z=0.1058
[lowlevel-sim][GT] t=25.051 quat=[0.49567, -0.5148, 0.50445, 0.48458] angvel=[0.00475, 0.00454, 0.00141] linvel=[-0.00063, -0.00095, -0.00114] z=0.1058
[lowlevel-sim][GT] t=25.101 quat=[0.49566, -0.51478, 0.50446, 0.4846] angvel=[-0.00031, 0.008, -0.00325] linvel=[-0.00023, -0.00012, -0.00057] z=0.1058
[lowlevel-sim][GT] t=25.151 quat=[0.49566, -0.51477, 0.50448, 0.48459] angvel=[0.00143, -0.01124, 0.00271] linvel=[-0.00099, 0.00087, -0.00075] z=0.1057
[lowlevel-sim][GT] t=25.201 quat=[0.49569, -0.51479, 0.50449, 0.48453] angvel=[0.00497, -0.00121, 0.00216] linvel=[0.00039, 0.00014, -0.00142] z=0.1057
[lowlevel-sim][GT] t=25.251 quat=[0.49569, -0.51483, 0.5045, 0.48449] angvel=[-0.01054, -0.0082, -0.00125] linvel=[0.00102, 0.00094, -0.00013] z=0.1057
[lowlevel-sim][GT] t=25.301 quat=[0.49573, -0.51481, 0.50446, 0.48451] angvel=[0.01163, -0.01448, 0.00824] linvel=[0.00045, 0.00057, -0.0003] z=0.1057
[lowlevel-sim][GT] t=25.351 quat=[0.49573, -0.5148, 0.50444, 0.48454] angvel=[0.01067, 0.00324, 0.0046] linvel=[-0.00028, 3e-05, -0.00066] z=0.1057
[lowlevel-sim][GT] t=25.401 quat=[0.49573, -0.51478, 0.50444, 0.48456] angvel=[0.00117, -0.00335, 0.00623] linvel=[5e-05, 0.00039, 0.00028] z=0.1057
[lowlevel-sim][GT] t=25.451 quat=[0.4957, -0.51482, 0.50446, 0.48452] angvel=[0.00115, -0.00414, 0.00405] linvel=[0.00043, 5e-05, 0.00028] z=0.1057
[lowlevel-sim] t=  25.50 mode=cmd        pd=17578 hold=10342 failclosed=20 rtf=0.277 base_z=+0.106 pitch=+1.526 roll=-2.638 |tau|max=  7.79 sat=0/29 knee_L=+0.255 hip_p_L=-0.101 torn=10282 cmd_age=41.8ms auth=53.8s rig_ign=707 fix_base=0
[lowlevel-sim][GT] t=25.501 quat=[0.49569, -0.51483, 0.50447, 0.48451] angvel=[-0.00276, -0.01468, 0.00257] linvel=[-0.00056, 0.00323, -0.00022] z=0.1057
[lowlevel-sim][GT] t=25.551 quat=[0.4957, -0.51483, 0.50447, 0.48449] angvel=[-0.00095, -0.00171, -0.00524] linvel=[-1e-05, -0.00117, -1e-05] z=0.1057
[lowlevel-sim][GT] t=25.601 quat=[0.49571, -0.51483, 0.50447, 0.48448] angvel=[0.00194, -0.00093, -0.00626] linvel=[-0.00074, 0.00171, 0.00061] z=0.1057
[lowlevel-sim][GT] t=25.651 quat=[0.49576, -0.5148, 0.50444, 0.4845] angvel=[0.00436, 0.00225, -0.00673] linvel=[0.00096, 0.00108, -0.00102] z=0.1057
[lowlevel-sim][GT] t=25.701 quat=[0.49573, -0.51487, 0.50445, 0.48445] angvel=[-0.00442, -0.00803, 0.00471] linvel=[-9e-05, -2e-05, -0.0002] z=0.1057
[lowlevel-sim][GT] t=25.751 quat=[0.49574, -0.51485, 0.50444, 0.48447] angvel=[0.0075, 0.005, -0.0048] linvel=[-0.00015, -0.0011, -0.00112] z=0.1057
[lowlevel-sim][GT] t=25.801 quat=[0.49571, -0.51487, 0.50447, 0.48445] angvel=[-0.00252, 0.02137, -0.01138] linvel=[-0.00079, 0.00044, 0.00133] z=0.1057
[lowlevel-sim][GT] t=25.851 quat=[0.49571, -0.51487, 0.50449, 0.48444] angvel=[0.00338, -0.0106, 0.00661] linvel=[-0.00076, 0.00049, -0.00027] z=0.1057
[lowlevel-sim][GT] t=25.901 quat=[0.49574, -0.51488, 0.50448, 0.4844] angvel=[2e-05, -0.01057, 0.00426] linvel=[-0.00016, -0.00084, -2e-05] z=0.1057
[lowlevel-sim][GT] t=25.951 quat=[0.49575, -0.51491, 0.50449, 0.48435] angvel=[-0.0016, -0.00336, 0.00397] linvel=[0.00103, -1e-05, -0.00044] z=0.1057
[lowlevel-sim] t=  26.00 mode=cmd        pd=17828 hold=10342 failclosed=20 rtf=0.278 base_z=+0.106 pitch=+1.526 roll=-2.633 |tau|max=  7.80 sat=0/29 knee_L=+0.255 hip_p_L=-0.101 torn=10309 cmd_age=39.6ms auth=55.4s rig_ign=707 fix_base=0
[lowlevel-sim][GT] t=26.001 quat=[0.49576, -0.51493, 0.50448, 0.48433] angvel=[0.00073, 0.00026, 0.00158] linvel=[0.00237, 0.00015, -0.00031] z=0.1057
[lowlevel-sim][GT] t=26.051 quat=[0.49575, -0.5149, 0.50447, 0.48437] angvel=[-0.00415, 0.00694, 0.00115] linvel=[0.00214, 0.00073, 0.00017] z=0.1056
[lowlevel-sim][GT] t=26.101 quat=[0.49567, -0.51494, 0.50449, 0.48439] angvel=[0.01274, 0.0042, 0.00391] linvel=[0.00152, -0.00199, -0.00145] z=0.1056
[lowlevel-sim][GT] t=26.151 quat=[0.4956, -0.51493, 0.50452, 0.48444] angvel=[0.0091, 0.00298, -0.00167] linvel=[-0.0003, -0.0008, -0.00114] z=0.1056
[lowlevel-sim][GT] t=26.201 quat=[0.49558, -0.5149, 0.50451, 0.4845] angvel=[0.00314, -0.00192, 0.00102] linvel=[-0.00081, 0.00121, -0.00069] z=0.1056
[lowlevel-sim][GT] t=26.251 quat=[0.49555, -0.51491, 0.50455, 0.48449] angvel=[-0.00123, 0.00022, -0.00877] linvel=[-0.00181, 0.00094, -0.00087] z=0.1056
[lowlevel-sim][GT] t=26.301 quat=[0.49558, -0.5149, 0.50457, 0.48445] angvel=[0.00883, -0.00213, -0.0023] linvel=[-0.0027, 8e-05, -0.00082] z=0.1056
[lowlevel-sim][GT] t=26.351 quat=[0.49561, -0.51491, 0.50458, 0.48439] angvel=[0.00205, -0.01665, 0.00256] linvel=[-0.00207, 0.00022, -0.00086] z=0.1056
[lowlevel-sim][GT] t=26.401 quat=[0.49568, -0.51493, 0.50459, 0.48429] angvel=[0.00453, -0.00707, -0.00314] linvel=[0.00012, 0.00076, -0.00024] z=0.1056
[lowlevel-sim][GT] t=26.451 quat=[0.49573, -0.51495, 0.50457, 0.48423] angvel=[0.00322, 0.00941, -0.00068] linvel=[0.0015, -0.00023, -0.00025] z=0.1056
[lowlevel-sim] t=  26.50 mode=cmd        pd=18078 hold=10342 failclosed=20 rtf=0.278 base_z=+0.106 pitch=+1.526 roll=-2.634 |tau|max=  7.80 sat=0/29 knee_L=+0.255 hip_p_L=-0.100 torn=10338 cmd_age=31.7ms auth=56.9s rig_ign=707 fix_base=0
[lowlevel-sim][GT] t=26.501 quat=[0.49577, -0.51492, 0.50453, 0.48427] angvel=[0.0008, -0.00473, 0.00046] linvel=[0.00207, -0.00038, -0.00054] z=0.1056
[lowlevel-sim] FAIL-CLOSED engaged at t=26.536s, last command age 85.82 ms (deadline <= 100 ms) PASS
[lowlevel-sim] COMMANDED at t=26.540s (was fail-closed)
[lowlevel-sim][GT] t=26.551 quat=[0.49531, -0.51538, 0.50498, 0.48379] angvel=[-0.03648, -0.00886, 0.00379] linvel=[0.00101, 0.00151, -0.00188] z=0.1054
[lowlevel-sim][GT] t=26.601 quat=[0.49538, -0.51528, 0.50489, 0.48391] angvel=[0.01288, -0.00306, 0.00803] linvel=[6e-05, 0.00289, -0.00181] z=0.1054
[lowlevel-sim] FAIL-CLOSED engaged at t=26.619s, last command age 85.22 ms (deadline <= 100 ms) PASS
[lowlevel-sim] COMMANDED at t=26.644s (was fail-closed)
[lowlevel-sim][GT] t=26.651 quat=[0.49164, -0.51875, 0.50844, 0.48028] angvel=[-0.30228, 0.05492, 0.03137] linvel=[0.00084, 0.01995, -0.04137] z=0.1030
[lowlevel-sim][GT] t=26.701 quat=[0.49171, -0.51809, 0.50792, 0.48149] angvel=[0.11224, 0.00765, 0.00238] linvel=[0.00503, 0.00439, 0.00023] z=0.1026
[lowlevel-sim][GT] t=26.751 quat=[0.49279, -0.51726, 0.50695, 0.48229] angvel=[0.05586, -0.00388, -0.01696] linvel=[0.00466, 0.00276, -0.00199] z=0.1028
[lowlevel-sim][GT] t=26.801 quat=[0.49337, -0.51694, 0.50654, 0.48248] angvel=[0.01761, -0.00264, -0.0074] linvel=[0.00125, 0.00111, -0.00101] z=0.1029
[lowlevel-sim][GT] t=26.851 quat=[0.49357, -0.51685, 0.50643, 0.48248] angvel=[0.00126, -0.00108, 0.00221] linvel=[-0.00319, 0.00116, 0.00079] z=0.1029
[lowlevel-sim][GT] t=26.901 quat=[0.49362, -0.5168, 0.50642, 0.48249] angvel=[0.00738, -0.00573, -0.0014] linvel=[-0.0041, -0.00119, -0.0013] z=0.1029
[lowlevel-sim][GT] t=26.951 quat=[0.49364, -0.51679, 0.50644, 0.48246] angvel=[-0.00324, -0.02243, 0.01168] linvel=[-0.00574, 0.00124, 0.00129] z=0.1029
[lowlevel-sim] t=  27.00 mode=cmd        pd=18341 hold=10342 failclosed=47 rtf=0.279 base_z=+0.103 pitch=+1.519 roll=-2.710 |tau|max=  7.92 sat=0/29 knee_L=+0.255 hip_p_L=-0.098 torn=10353 cmd_age=43.9ms auth=58.5s rig_ign=707 fix_base=0
[lowlevel-sim][GT] t=27.001 quat=[0.49371, -0.51676, 0.50643, 0.48243] angvel=[0.00456, -0.0098, -0.01319] linvel=[-0.00521, -0.00081, -0.00074] z=0.1029
[lowlevel-sim][GT] t=27.051 quat=[0.49376, -0.51682, 0.50649, 0.48225] angvel=[0.00177, 0.00171, -0.00876] linvel=[-0.00266, -0.00155, -0.0011] z=0.1029
[lowlevel-sim][GT] t=27.101 quat=[0.4939, -0.51683, 0.50645, 0.48214] angvel=[0.00042, -0.00598, -0.00658] linvel=[-0.00075, 0.00108, 0.00088] z=0.1028
[lowlevel-sim][GT] t=27.151 quat=[0.49404, -0.5168, 0.50639, 0.48209] angvel=[0.00313, -0.00095, -0.00885] linvel=[0.0007, -0.00073, -0.00108] z=0.1028
[lowlevel-sim][GT] t=27.201 quat=[0.49407, -0.51683, 0.50641, 0.48202] angvel=[-0.00445, -0.01309, 0.00576] linvel=[0.00279, -0.00074, 0.00026] z=0.1028
[lowlevel-sim][GT] t=27.251 quat=[0.49402, -0.51687, 0.50642, 0.482] angvel=[0.00222, 0.00671, 0.00113] linvel=[0.00333, 0.00045, 9e-05] z=0.1028
[lowlevel-sim][GT] t=27.301 quat=[0.49394, -0.51687, 0.50642, 0.48208] angvel=[0.0015, 0.00436, 0.00108] linvel=[0.0033, 0.00101, -0.00025] z=0.1028
[lowlevel-sim][GT] t=27.351 quat=[0.49387, -0.51687, 0.50644, 0.48214] angvel=[0.00582, -0.00232, 0.00644] linvel=[0.00311, 0.00043, -0.00086] z=0.1028
[lowlevel-sim][GT] t=27.401 quat=[0.49382, -0.51684, 0.50643, 0.48223] angvel=[0.00306, 0.00363, 0.00372] linvel=[0.0013, -0.00057, 0.00036] z=0.1028
[lowlevel-sim][GT] t=27.451 quat=[0.49375, -0.51681, 0.50647, 0.48229] angvel=[0.00573, 0.00179, 0.00115] linvel=[-0.0007, -0.00139, -0.00066] z=0.1028
[lowlevel-sim] t=  27.50 mode=cmd        pd=18591 hold=10342 failclosed=47 rtf=0.280 base_z=+0.103 pitch=+1.519 roll=-2.712 |tau|max=  7.92 sat=0/29 knee_L=+0.255 hip_p_L=-0.098 torn=10379 cmd_age=25.6ms auth=60.1s rig_ign=707 fix_base=0
[lowlevel-sim][GT] t=27.501 quat=[0.49368, -0.51681, 0.50652, 0.48231] angvel=[0.01218, 0.00209, 0.00014] linvel=[-0.00213, -0.00081, -0.00119] z=0.1028
[lowlevel-sim][GT] t=27.551 quat=[0.49373, -0.51676, 0.5065, 0.48233] angvel=[-0.00063, 0.01989, -0.01729] linvel=[-0.002, 0.00061, 0.00037] z=0.1028
[lowlevel-sim][GT] t=27.601 quat=[0.49377, -0.51676, 0.50653, 0.48227] angvel=[0.00405, 0.01144, -0.01215] linvel=[-0.00269, -0.00126, -0.00099] z=0.1028
[lowlevel-sim][GT] t=27.651 quat=[0.4938, -0.51676, 0.50654, 0.48222] angvel=[-0.00022, -0.03111, 0.01414] linvel=[-0.00185, 5e-05, -0.00013] z=0.1028
[lowlevel-sim][GT] t=27.701 quat=[0.49385, -0.51678, 0.50656, 0.48213] angvel=[0.00527, -0.00782, 0.00549] linvel=[-0.00158, -0.00084, -0.00149] z=0.1028
[lowlevel-sim][GT] t=27.751 quat=[0.49393, -0.51678, 0.50656, 0.48205] angvel=[0.00026, -0.00299, -0.00512] linvel=[-0.00047, -0.0007, -0.00035] z=0.1028
[lowlevel-sim][GT] t=27.801 quat=[0.494, -0.51678, 0.50653, 0.48201] angvel=[0.01203, 6e-05, 0.00111] linvel=[0.00029, 0.0002, -0.00109] z=0.1028
[lowlevel-sim][GT] t=27.851 quat=[0.494, -0.5168, 0.50653, 0.48199] angvel=[0.00674, 0.00505, -0.00192] linvel=[0.00148, -0.00258, -0.00038] z=0.1028
[lowlevel-sim][GT] t=27.901 quat=[0.49399, -0.51682, 0.50654, 0.48196] angvel=[-0.0018, -0.00235, 0.00198] linvel=[0.00223, 0.0004, 0.00014] z=0.1028
[lowlevel-sim][GT] t=27.951 quat=[0.49396, -0.51683, 0.50653, 0.48199] angvel=[0.00468, -0.0055, 0.0113] linvel=[0.00165, 0.00075, -0.00021] z=0.1028
[lowlevel-sim] t=  28.00 mode=cmd        pd=18841 hold=10342 failclosed=47 rtf=0.280 base_z=+0.103 pitch=+1.519 roll=-2.704 |tau|max=  7.91 sat=0/29 knee_L=+0.255 hip_p_L=-0.098 torn=10407 cmd_age=30.9ms auth=61.7s rig_ign=707 fix_base=0
[lowlevel-sim][GT] t=28.001 quat=[0.49392, -0.51678, 0.50652, 0.48209] angvel=[0.00979, 0.00105, 0.00377] linvel=[0.00127, -0.00078, -0.00165] z=0.1028
[lowlevel-sim][GT] t=28.051 quat=[0.49388, -0.51679, 0.50655, 0.48211] angvel=[-6e-05, 0.00496, 0.00641] linvel=[0.00083, -0.00042, 0.00026] z=0.1028
[lowlevel-sim][GT] t=28.101 quat=[0.49383, -0.5168, 0.50657, 0.48211] angvel=[0.00939, -0.0045, 0.00768] linvel=[0.0001, -0.00033, -0.00166] z=0.1028
[lowlevel-sim][GT] t=28.151 quat=[0.4938, -0.5168, 0.50659, 0.48212] angvel=[0.00405, -0.00328, -0.00104] linvel=[-0.00079, -0.00152, 6e-05] z=0.1028
[lowlevel-sim][GT] t=28.201 quat=[0.49381, -0.51678, 0.50658, 0.48215] angvel=[0.00184, -0.00543, 0.00603] linvel=[-0.00123, -0.00153, -0.00022] z=0.1028
[lowlevel-sim][GT] t=28.251 quat=[0.49385, -0.51675, 0.50659, 0.48213] angvel=[0.00208, -0.00269, -0.00339] linvel=[-0.00192, 0.00059, -0.00033] z=0.1028
[lowlevel-sim][GT] t=28.301 quat=[0.49388, -0.51676, 0.5066, 0.48207] angvel=[0.00287, 0.00311, -0.00268] linvel=[-0.00139, -0.00039, -0.00045] z=0.1028
[lowlevel-sim][GT] t=28.351 quat=[0.49393, -0.51677, 0.50661, 0.482] angvel=[-0.00092, 0.01341, -0.01179] linvel=[-0.00058, 0.001, 0.0013] z=0.1028
[lowlevel-sim][GT] t=28.401 quat=[0.49399, -0.51676, 0.5066, 0.48197] angvel=[-0.00332, -0.00529, -0.00134] linvel=[0.00102, -1e-05, 0.00026] z=0.1028
[lowlevel-sim][GT] t=28.451 quat=[0.494, -0.51678, 0.50661, 0.48192] angvel=[0.01346, 0.00531, 0.00472] linvel=[0.00243, -0.00059, -0.00168] z=0.1028
[lowlevel-sim] t=  28.50 mode=cmd        pd=19091 hold=10342 failclosed=47 rtf=0.280 base_z=+0.103 pitch=+1.518 roll=-2.702 |tau|max=  7.92 sat=0/29 knee_L=+0.255 hip_p_L=-0.097 torn=10431 cmd_age=33.7ms auth=63.4s rig_ign=707 fix_base=0
[lowlevel-sim][GT] t=28.501 quat=[0.49401, -0.51678, 0.50658, 0.48195] angvel=[0.0076, 0.0018, 0.00298] linvel=[0.00118, -0.00084, -2e-05] z=0.1028
[lowlevel-sim][GT] t=28.551 quat=[0.49391, -0.51681, 0.50662, 0.48196] angvel=[0.00695, -0.00201, -0.00226] linvel=[0.00071, -0.00153, -0.00142] z=0.1028
[lowlevel-sim][GT] t=28.601 quat=[0.49388, -0.51678, 0.50663, 0.48202] angvel=[0.00055, -0.00098, 0.0036] linvel=[-0.00033, -0.00113, -0.00014] z=0.1028
[lowlevel-sim][GT] t=28.651 quat=[0.49388, -0.51678, 0.50664, 0.48202] angvel=[-0.00219, 0.00466, -0.00816] linvel=[-0.00089, 0.00046, 0.00027] z=0.1027
[lowlevel-sim] FAIL-CLOSED engaged at t=28.680s, last command age 87.33 ms (deadline <= 100 ms) PASS
[lowlevel-sim] COMMANDED at t=28.682s (was fail-closed)
[lowlevel-sim][GT] t=28.701 quat=[0.49371, -0.51698, 0.50681, 0.48179] angvel=[-0.00167, -0.00427, 0.0002] linvel=[-0.00151, -0.00079, -4e-05] z=0.1027
[lowlevel-sim] FAIL-CLOSED engaged at t=28.745s, last command age 88.27 ms (deadline <= 100 ms) PASS
[lowlevel-sim] COMMANDED at t=28.746s (was fail-closed)
[lowlevel-sim][GT] t=28.751 quat=[0.49375, -0.51698, 0.5068, 0.48177] angvel=[-0.01704, 0.00048, -0.00386] linvel=[-0.00213, 0.00016, -0.00033] z=0.1026
[lowlevel-sim][GT] t=28.801 quat=[0.49382, -0.51693, 0.50675, 0.4818] angvel=[0.00817, -0.00587, 0.00489] linvel=[-0.00148, 0.00254, -0.00115] z=0.1026
[lowlevel-sim][GT] t=28.851 quat=[0.49397, -0.51684, 0.50668, 0.48182] angvel=[0.00709, 0.00051, -0.00312] linvel=[-0.00053, 0.0008, -0.00059] z=0.1026
[lowlevel-sim][GT] t=28.901 quat=[0.494, -0.51685, 0.50668, 0.48177] angvel=[-0.00651, -0.0116, 0.00421] linvel=[0.00015, 0.00057, -1e-05] z=0.1026
[lowlevel-sim][GT] t=28.951 quat=[0.49401, -0.51685, 0.50669, 0.48174] angvel=[0.00682, 0.01469, -0.00236] linvel=[0.00174, 0.00129, -0.00093] z=0.1026
[lowlevel-sim] t=  29.00 mode=cmd        pd=19343 hold=10342 failclosed=50 rtf=0.280 base_z=+0.103 pitch=+1.518 roll=-2.702 |tau|max=  7.94 sat=0/29 knee_L=+0.255 hip_p_L=-0.097 torn=10461 cmd_age=48.3ms auth=65.2s rig_ign=707 fix_base=0
[lowlevel-sim][GT] t=29.001 quat=[0.49401, -0.51687, 0.50669, 0.48173] angvel=[6e-05, -0.00073, 0.00275] linvel=[0.00207, -0.00091, 0.00011] z=0.1027
[lowlevel-sim] FAIL-CLOSED engaged at t=29.020s, last command age 94.91 ms (deadline <= 100 ms) PASS
[lowlevel-sim] COMMANDED at t=29.024s (was fail-closed)
[lowlevel-sim][GT] t=29.051 quat=[0.49357, -0.51733, 0.50712, 0.48123] angvel=[0.01124, -0.00753, 0.00992] linvel=[0.00013, 0.00105, -0.00134] z=0.1024
[lowlevel-sim][GT] t=29.101 quat=[0.49374, -0.51714, 0.50695, 0.48145] angvel=[0.01175, -0.00474, 0.00275] linvel=[0.00043, 0.00146, 0.00047] z=0.1024
[lowlevel-sim][GT] t=29.151 quat=[0.49384, -0.51699, 0.50686, 0.4816] angvel=[0.01423, -0.00171, 0.01072] linvel=[0.00122, 0.00103, -0.00113] z=0.1024
[lowlevel-sim][GT] t=29.201 quat=[0.49384, -0.51695, 0.50683, 0.48167] angvel=[-0.00499, 0.01793, -0.00935] linvel=[-0.00015, -0.00064, 0.00053] z=0.1024
[lowlevel-sim][GT] t=29.251 quat=[0.49379, -0.51696, 0.50687, 0.48167] angvel=[0.00517, 0.01579, -0.00772] linvel=[0.00027, -0.00107, -0.00137] z=0.1024
[lowlevel-sim][GT] t=29.301 quat=[0.49378, -0.51697, 0.50689, 0.48165] angvel=[-0.00169, -0.00203, -0.00354] linvel=[-0.0003, -0.00099, -0.00018] z=0.1024
[lowlevel-sim][GT] t=29.351 quat=[0.49379, -0.51694, 0.50688, 0.4817] angvel=[0.00622, -0.00633, -0.00066] linvel=[-0.0003, -0.0008, -0.00092] z=0.1024
[lowlevel-sim][GT] t=29.401 quat=[0.49375, -0.51696, 0.50691, 0.48167] angvel=[0.00027, 0.00753, -0.00554] linvel=[-0.00035, 0.00043, 5e-05] z=0.1024
[lowlevel-sim][GT] t=29.451 quat=[0.49379, -0.51694, 0.5069, 0.48167] angvel=[-0.00633, -0.01031, 0.01255] linvel=[-0.00041, 0.00139, 0.00028] z=0.1024
[lowlevel-sim] t=  29.50 mode=cmd        pd=19595 hold=10342 failclosed=54 rtf=0.281 base_z=+0.102 pitch=+1.518 roll=-2.711 |tau|max=  7.93 sat=0/29 knee_L=+0.255 hip_p_L=-0.097 torn=10490 cmd_age=38.9ms auth=66.9s rig_ign=707 fix_base=0
[lowlevel-sim][GT] t=29.501 quat=[0.4938, -0.51691, 0.50689, 0.48168] angvel=[0.00284, 0.00146, -0.00455] linvel=[-0.00053, -0.00025, -0.00049] z=0.1024
[lowlevel-sim][GT] t=29.551 quat=[0.49379, -0.51694, 0.50692, 0.48165] angvel=[0.00153, -0.01283, 0.00752] linvel=[-6e-05, -0.00163, -0.00103] z=0.1024
[lowlevel-sim] FAIL-CLOSED engaged at t=29.583s, last command age 85.30 ms (deadline <= 100 ms) PASS
[lowlevel-sim] COMMANDED at t=29.586s (was fail-closed)
[lowlevel-sim][GT] t=29.601 quat=[0.4935, -0.51725, 0.50722, 0.48128] angvel=[-0.00169, -0.00253, -0.00771] linvel=[-0.0018, -0.00102, -0.00016] z=0.1023
[lowlevel-sim][GT] t=29.651 quat=[0.49367, -0.51713, 0.5071, 0.48138] angvel=[0.00933, 0.00706, -0.00282] linvel=[-7e-05, 0.00192, -0.00083] z=0.1023
[lowlevel-sim][GT] t=29.701 quat=[0.49379, -0.51704, 0.50701, 0.48144] angvel=[0.0048, 0.01875, -0.01141] linvel=[0.0, 0.0007, 0.00051] z=0.1023
[lowlevel-sim][GT] t=29.751 quat=[0.49381, -0.51703, 0.50699, 0.48145] angvel=[0.00219, -0.00263, 0.00205] linvel=[0.00037, -9e-05, 0.00028] z=0.1023
[lowlevel-sim][GT] t=29.801 quat=[0.49381, -0.51701, 0.50698, 0.48148] angvel=[0.00383, -0.00077, 0.00204] linvel=[0.00032, 0.00075, -0.00046] z=0.1023
[lowlevel-sim][GT] t=29.851 quat=[0.49378, -0.51702, 0.50699, 0.48149] angvel=[-0.00311, 0.00516, -0.00354] linvel=[0.00015, -0.00032, 0.00016] z=0.1023
[lowlevel-sim][GT] t=29.901 quat=[0.49377, -0.51702, 0.50701, 0.48147] angvel=[-0.00345, -0.00161, 0.00143] linvel=[0.00047, -0.00036, 0.00045] z=0.1023
[lowlevel-sim][GT] t=29.951 quat=[0.49376, -0.51701, 0.50701, 0.4815] angvel=[0.00965, 0.01199, -0.00604] linvel=[0.00051, -0.00024, -0.0017] z=0.1023
[lowlevel-sim] t=  30.00 mode=cmd        pd=19846 hold=10342 failclosed=56 rtf=0.281 base_z=+0.102 pitch=+1.517 roll=-2.713 |tau|max=  7.93 sat=0/29 knee_L=+0.255 hip_p_L=-0.097 torn=10515 cmd_age=39.5ms auth=68.7s rig_ign=707 fix_base=0
[lowlevel-sim][GT] t=30.001 quat=[0.49373, -0.51705, 0.50704, 0.48147] angvel=[0.00296, -0.00203, -0.00032] linvel=[7e-05, -0.00122, -0.00043] z=0.1023
[lowlevel-sim][GT] t=30.051 quat=[0.49375, -0.51704, 0.50703, 0.48146] angvel=[0.00878, -0.00496, 0.00487] linvel=[0.00086, -0.00066, -0.00194] z=0.1023
[lowlevel-sim][GT] t=30.101 quat=[0.49377, -0.51699, 0.50701, 0.48151] angvel=[-0.00045, 0.00014, 0.00619] linvel=[-0.00054, -0.00042, 0.00024] z=0.1023
[lowlevel-sim][GT] t=30.151 quat=[0.49374, -0.51698, 0.50703, 0.48153] angvel=[0.00575, 0.00344, -0.00806] linvel=[-0.00026, -0.00041, -0.00075] z=0.1023
[lowlevel-sim][GT] t=30.201 quat=[0.49373, -0.51701, 0.50705, 0.48149] angvel=[-0.01386, 0.00769, -0.01071] linvel=[-0.00054, 0.0019, 0.00048] z=0.1023
[lowlevel-sim][GT] t=30.251 quat=[0.49375, -0.51699, 0.50706, 0.48147] angvel=[-0.00011, -0.01114, 0.00438] linvel=[0.00054, 0.00165, -0.00043] z=0.1023
[lowlevel-sim][GT] t=30.301 quat=[0.49373, -0.517, 0.50707, 0.48148] angvel=[-0.00848, -0.01443, -0.00096] linvel=[-0.00032, 0.00079, -0.00023] z=0.1023
[lowlevel-sim][GT] t=30.351 quat=[0.49376, -0.51698, 0.50706, 0.48148] angvel=[0.00768, -0.00179, 0.00473] linvel=[0.00014, -0.00116, -0.0012] z=0.1023
[lowlevel-sim][GT] t=30.401 quat=[0.49377, -0.51697, 0.50705, 0.48149] angvel=[-0.00245, 0.00127, 0.00029] linvel=[-0.00023, 0.00094, 0.00034] z=0.1023
[lowlevel-sim][GT] t=30.451 quat=[0.49375, -0.51701, 0.50707, 0.48145] angvel=[-0.00796, 0.02135, -0.02467] linvel=[0.00046, 0.00046, 0.00175] z=0.1023
[lowlevel-sim] t=  30.50 mode=cmd        pd=20096 hold=10342 failclosed=56 rtf=0.281 base_z=+0.102 pitch=+1.517 roll=-2.712 |tau|max=  7.93 sat=0/29 knee_L=+0.255 hip_p_L=-0.097 torn=10533 cmd_age=75.4ms auth=70.4s rig_ign=707 fix_base=0
[lowlevel-sim][GT] t=30.501 quat=[0.49379, -0.51699, 0.50706, 0.48144] angvel=[0.00322, -0.00661, -0.00356] linvel=[0.0001, -0.00028, 0.00027] z=0.1023
[lowlevel-sim] FAIL-CLOSED engaged at t=30.536s, last command age 86.18 ms (deadline <= 100 ms) PASS
[lowlevel-sim] COMMANDED at t=30.540s (was fail-closed)
[lowlevel-sim][GT] t=30.551 quat=[0.4934, -0.51738, 0.50744, 0.48101] angvel=[-0.03548, -0.0015, -0.00884] linvel=[-0.00055, -0.00099, -0.0012] z=0.1021
[lowlevel-sim][GT] t=30.601 quat=[0.49353, -0.51727, 0.50736, 0.48109] angvel=[-0.00047, -0.00358, 0.00103] linvel=[-0.00094, 0.00324, 4e-05] z=0.1021
[lowlevel-sim][GT] t=30.651 quat=[0.49367, -0.51716, 0.50721, 0.48121] angvel=[0.00876, 0.01557, -0.00753] linvel=[-0.00111, 0.00144, -0.00145] z=0.1021
[lowlevel-sim][GT] t=30.701 quat=[0.49376, -0.51709, 0.50714, 0.48128] angvel=[0.01195, -0.00389, -0.00728] linvel=[-0.00102, -0.00057, -0.0008] z=0.1021
[lowlevel-sim][GT] t=30.751 quat=[0.49377, -0.51712, 0.50716, 0.48122] angvel=[-0.00209, 0.01528, -0.00076] linvel=[0.00059, -0.00091, -0.00074] z=0.1021
[lowlevel-sim][GT] t=30.801 quat=[0.49373, -0.51718, 0.50721, 0.48113] angvel=[0.00037, 0.00095, -0.00131] linvel=[0.00095, -0.0006, -0.00017] z=0.1021
[lowlevel-sim][GT] t=30.851 quat=[0.49375, -0.51716, 0.50717, 0.48117] angvel=[0.01722, -0.0002, 0.00429] linvel=[0.00193, -0.00115, -0.00154] z=0.1021
[lowlevel-sim][GT] t=30.901 quat=[0.49372, -0.51717, 0.50718, 0.48119] angvel=[0.00917, -0.00469, 0.00196] linvel=[0.00048, -0.001, -0.00055] z=0.1021
[lowlevel-sim][GT] t=30.951 quat=[0.49369, -0.51719, 0.50718, 0.4812] angvel=[0.00592, 0.00114, -0.00872] linvel=[0.0019, -0.00067, -0.00086] z=0.1021
[lowlevel-sim] t=  31.00 mode=cmd        pd=20348 hold=10342 failclosed=60 rtf=0.281 base_z=+0.102 pitch=+1.517 roll=-2.714 |tau|max=  7.93 sat=0/29 knee_L=+0.255 hip_p_L=-0.097 torn=10557 cmd_age=38.4ms auth=72.1s rig_ign=707 fix_base=0
[lowlevel-sim][GT] t=31.001 quat=[0.49369, -0.51714, 0.50716, 0.48127] angvel=[0.02243, -0.02074, -0.00772] linvel=[-3e-05, -0.00202, -0.00331] z=0.1021
[lowlevel-sim][GT] t=31.051 quat=[0.49366, -0.51715, 0.50718, 0.48127] angvel=[-0.00193, 0.00068, 0.0018] linvel=[-0.00087, 0.0001, 0.00031] z=0.1021
[lowlevel-sim][GT] t=31.101 quat=[0.49366, -0.51713, 0.50719, 0.48128] angvel=[0.00474, 0.00552, -0.01055] linvel=[-0.00145, -0.00039, -0.00062] z=0.1021
[lowlevel-sim][GT] t=31.151 quat=[0.4937, -0.51711, 0.50718, 0.48127] angvel=[0.00421, 0.00509, 0.00244] linvel=[-0.00128, 0.00038, -0.00044] z=0.1021
[lowlevel-sim][GT] t=31.201 quat=[0.49365, -0.51713, 0.50723, 0.48126] angvel=[0.00604, 0.00674, -0.00787] linvel=[0.00053, 0.00072, 0.00137] z=0.1021
[lowlevel-sim][GT] t=31.251 quat=[0.49364, -0.51714, 0.50723, 0.48126] angvel=[0.00561, 0.0038, -0.0054] linvel=[0.00237, 0.00141, -0.00128] z=0.1021
[lowlevel-sim][GT] t=31.301 quat=[0.49359, -0.51718, 0.50725, 0.48124] angvel=[-0.00049, -0.00631, 0.00302] linvel=[0.00213, 0.00042, 0.00051] z=0.1021
[lowlevel-sim][GT] t=31.351 quat=[0.49355, -0.51715, 0.50724, 0.48133] angvel=[0.00743, -0.00837, 0.01177] linvel=[0.00275, 0.00211, -0.00132] z=0.1021
[lowlevel-sim][GT] t=31.401 quat=[0.49353, -0.51712, 0.5072, 0.48142] angvel=[0.01671, -0.00768, 0.0059] linvel=[0.00192, -0.0013, -0.00178] z=0.1021
[lowlevel-sim][GT] t=31.451 quat=[0.49343, -0.51715, 0.50725, 0.48144] angvel=[-0.00193, 0.00634, -0.00238] linvel=[0.00029, 0.00056, 9e-05] z=0.1021
[lowlevel-sim] t=  31.50 mode=cmd        pd=20598 hold=10342 failclosed=60 rtf=0.281 base_z=+0.102 pitch=+1.517 roll=-2.726 |tau|max=  7.93 sat=0/29 knee_L=+0.255 hip_p_L=-0.097 torn=10570 cmd_age=26.4ms auth=73.8s rig_ign=707 fix_base=0
[lowlevel-sim][GT] t=31.501 quat=[0.4934, -0.5171, 0.50725, 0.48152] angvel=[-0.00088, -0.0116, 0.00728] linvel=[-0.00086, -0.00089, 0.00024] z=0.1021
[lowlevel-sim][GT] t=31.551 quat=[0.49337, -0.51709, 0.50727, 0.48153] angvel=[-0.0034, -5e-05, -0.00092] linvel=[-0.00186, -0.00021, -4e-05] z=0.1021
[lowlevel-sim][GT] t=31.601 quat=[0.49339, -0.51707, 0.50728, 0.48153] angvel=[0.00041, -0.00174, -0.0081] linvel=[-0.00336, 0.00093, -0.00022] z=0.1021
[lowlevel-sim][GT] t=31.651 quat=[0.49341, -0.51708, 0.50731, 0.48147] angvel=[-0.00032, -0.00953, 0.0118] linvel=[-0.00209, 0.0003, -0.00045] z=0.1021
[lowlevel-sim][GT] t=31.701 quat=[0.49348, -0.51707, 0.50729, 0.48143] angvel=[0.01442, 0.00562, 0.0024] linvel=[-0.00079, -0.00165, -0.00201] z=0.1021
[lowlevel-sim][GT] t=31.751 quat=[0.49353, -0.5171, 0.5073, 0.48134] angvel=[0.00041, 0.00075, -0.00152] linvel=[-0.00037, 0.00073, 0.00029] z=0.1021
[lowlevel-sim][GT] t=31.801 quat=[0.4936, -0.51709, 0.50727, 0.4813] angvel=[-0.00252, -0.00869, 0.00788] linvel=[0.00061, -0.00099, 0.00016] z=0.1021
[lowlevel-sim][GT] t=31.851 quat=[0.49362, -0.5171, 0.50726, 0.48129] angvel=[-0.00012, 0.00929, -0.01082] linvel=[0.00107, 0.00042, 0.00026] z=0.1021
[lowlevel-sim][GT] t=31.901 quat=[0.49359, -0.51711, 0.50728, 0.48129] angvel=[0.00495, 0.00263, 0.00223] linvel=[0.00086, 9e-05, 0.00065] z=0.1021
[lowlevel-sim][GT] t=31.951 quat=[0.4936, -0.51709, 0.50726, 0.48132] angvel=[0.00349, -0.02224, 0.00586] linvel=[0.00071, 0.00043, 0.00023] z=0.1021
[lowlevel-sim] t=  32.00 mode=cmd        pd=20848 hold=10342 failclosed=60 rtf=0.281 base_z=+0.102 pitch=+1.517 roll=-2.720 |tau|max=  7.93 sat=0/29 knee_L=+0.255 hip_p_L=-0.097 torn=10589 cmd_age=32.0ms auth=75.5s rig_ign=707 fix_base=0
[lowlevel-sim][GT] t=32.001 quat=[0.49359, -0.51708, 0.50724, 0.48136] angvel=[-0.00643, 0.00569, -0.00277] linvel=[0.00167, 0.0004, 0.0003] z=0.1021
[lowlevel-sim][GT] t=32.051 quat=[0.49354, -0.51709, 0.50724, 0.48139] angvel=[0.0114, -0.00359, 0.00191] linvel=[0.00041, -7e-05, 0.00043] z=0.1021
[lowlevel-sim][GT] t=32.101 quat=[0.4935, -0.51705, 0.50725, 0.48148] angvel=[0.00379, -0.01274, 0.00727] linvel=[-0.00178, -0.0012, -0.00086] z=0.1021
[lowlevel-sim][GT] t=32.151 quat=[0.49349, -0.51706, 0.50729, 0.48143] angvel=[-0.00045, -0.01739, 0.00174] linvel=[-0.00208, 0.00121, 0.00126] z=0.1021
[lowlevel-sim][GT] t=32.201 quat=[0.4935, -0.51706, 0.50732, 0.48139] angvel=[-0.00463, 0.00422, -0.00694] linvel=[-0.00175, 0.00139, 7e-05] z=0.1021
[lowlevel-sim][GT] t=32.251 quat=[0.49354, -0.51705, 0.50732, 0.48136] angvel=[-0.00348, -0.01288, 0.0073] linvel=[-0.00143, 0.0016, -0.00033] z=0.1021
[lowlevel-sim][GT] t=32.301 quat=[0.4936, -0.51706, 0.50731, 0.48129] angvel=[-0.00543, -0.01257, 0.00167] linvel=[1e-05, 0.00082, 0.00101] z=0.1021
[lowlevel-sim][GT] t=32.351 quat=[0.49364, -0.51707, 0.50731, 0.48125] angvel=[-0.00264, -0.00731, 0.00332] linvel=[0.00057, 0.0012, 0.00025] z=0.1021
[lowlevel-sim][GT] t=32.401 quat=[0.49368, -0.51706, 0.50727, 0.48125] angvel=[0.01086, 4e-05, 0.00133] linvel=[0.0017, -0.00073, -0.00113] z=0.1021
[lowlevel-sim][GT] t=32.451 quat=[0.49364, -0.51712, 0.50729, 0.48122] angvel=[-0.00191, -0.00148, 0.00208] linvel=[0.00225, 0.00087, 0.00024] z=0.1021
[lowlevel-sim] t=  32.50 mode=cmd        pd=21098 hold=10342 failclosed=60 rtf=0.282 base_z=+0.102 pitch=+1.517 roll=-2.719 |tau|max=  7.92 sat=0/29 knee_L=+0.256 hip_p_L=-0.097 torn=10612 cmd_age=34.5ms auth=77.1s rig_ign=707 fix_base=0
[lowlevel-sim][GT] t=32.501 quat=[0.49362, -0.51711, 0.50728, 0.48126] angvel=[-0.00343, 0.01415, -0.00633] linvel=[0.00142, 0.00054, 0.00098] z=0.1021
[lowlevel-sim][GT] t=32.551 quat=[0.4936, -0.51708, 0.50726, 0.48132] angvel=[-0.00159, -0.00686, 0.01025] linvel=[0.00048, -0.00142, -0.00011] z=0.1021
[lowlevel-sim][GT] t=32.601 quat=[0.49355, -0.51707, 0.50728, 0.48137] angvel=[0.0002, 0.01528, -0.00484] linvel=[7e-05, 0.0014, -0.00057] z=0.1021
[lowlevel-sim][GT] t=32.651 quat=[0.49351, -0.51703, 0.5073, 0.48142] angvel=[0.00995, 0.00289, -0.0012] linvel=[-0.00126, -0.00078, -0.00132] z=0.1021
[lowlevel-sim][GT] t=32.701 quat=[0.49351, -0.51704, 0.50733, 0.48139] angvel=[0.00661, -0.00174, -0.00054] linvel=[-0.00213, -7e-05, -0.00016] z=0.1021
[lowlevel-sim][GT] t=32.751 quat=[0.49358, -0.51702, 0.5073, 0.48137] angvel=[0.01264, -0.00166, -0.00195] linvel=[-0.00135, -0.00084, -0.00197] z=0.1021
[lowlevel-sim][GT] t=32.801 quat=[0.49364, -0.51701, 0.50728, 0.48133] angvel=[0.00829, 0.00911, -0.00996] linvel=[-0.00121, -0.00263, -0.00068] z=0.1021
[lowlevel-sim][GT] t=32.851 quat=[0.49368, -0.51704, 0.50729, 0.48126] angvel=[0.00407, 0.0051, -0.0063] linvel=[-3e-05, -0.00114, -0.00055] z=0.1021
[lowlevel-sim][GT] t=32.901 quat=[0.49371, -0.51704, 0.50728, 0.48124] angvel=[0.00529, 0.01168, -0.00835] linvel=[0.00086, -0.00028, 7e-05] z=0.1021
[lowlevel-sim][GT] t=32.951 quat=[0.49371, -0.51708, 0.5073, 0.48117] angvel=[0.00242, 0.00296, -0.00159] linvel=[0.00187, -0.00061, -8e-05] z=0.1021
[lowlevel-sim] t=  33.00 mode=cmd        pd=21348 hold=10342 failclosed=60 rtf=0.282 base_z=+0.102 pitch=+1.517 roll=-2.716 |tau|max=  7.93 sat=0/29 knee_L=+0.255 hip_p_L=-0.097 torn=10628 cmd_age=22.7ms auth=78.7s rig_ign=707 fix_base=0
[lowlevel-sim][GT] t=33.001 quat=[0.49373, -0.51708, 0.50728, 0.48118] angvel=[-0.00284, -0.01118, 0.00553] linvel=[0.0024, -0.00115, 0.00017] z=0.1021
[lowlevel-sim][GT] t=33.051 quat=[0.49365, -0.51712, 0.5073, 0.48119] angvel=[0.00299, -0.00199, 0.00999] linvel=[0.00143, -0.00181, -0.00069] z=0.1021
[lowlevel-sim][GT] t=33.101 quat=[0.4936, -0.5171, 0.50732, 0.48125] angvel=[-0.00121, -0.00979, 0.01651] linvel=[0.00074, -0.00022, -8e-05] z=0.1021
[lowlevel-sim][GT] t=33.151 quat=[0.49356, -0.51705, 0.50733, 0.48132] angvel=[-0.00074, 0.00153, 0.00166] linvel=[0.00023, -0.00046, -0.00068] z=0.1021
[lowlevel-sim][GT] t=33.201 quat=[0.49351, -0.51707, 0.50737, 0.48131] angvel=[-0.00155, 0.00635, 0.00464] linvel=[-0.00032, 0.00107, 0.00077] z=0.1021
[lowlevel-sim][GT] t=33.251 quat=[0.49349, -0.51708, 0.5074, 0.48129] angvel=[-0.01307, 0.01156, -0.01051] linvel=[-0.00126, 0.00089, 0.00194] z=0.1020
[lowlevel-sim][GT] t=33.301 quat=[0.49356, -0.51703, 0.50736, 0.48131] angvel=[0.00087, 0.00149, -0.00364] linvel=[-0.00127, 0.00043, -0.00029] z=0.1020
[lowlevel-sim][GT] t=33.351 quat=[0.49359, -0.51704, 0.50736, 0.48127] angvel=[-0.00249, 0.00012, 0.00113] linvel=[-0.00158, 0.0002, -0.00054] z=0.1020
[lowlevel-sim][GT] t=33.401 quat=[0.49367, -0.51705, 0.50734, 0.4812] angvel=[-0.00328, 0.00167, -0.00876] linvel=[-0.00083, 0.00142, 0.00161] z=0.1020
[lowlevel-sim][GT] t=33.451 quat=[0.49367, -0.5171, 0.50735, 0.48114] angvel=[-0.00152, -0.00248, -0.00238] linvel=[0.00015, 9e-05, 0.00026] z=0.1020
[lowlevel-sim] t=  33.50 mode=cmd        pd=21598 hold=10342 failclosed=60 rtf=0.282 base_z=+0.102 pitch=+1.516 roll=-2.717 |tau|max=  7.92 sat=0/29 knee_L=+0.255 hip_p_L=-0.097 torn=10651 cmd_age=25.9ms auth=80.5s rig_ign=707 fix_base=0
[lowlevel-sim][GT] t=33.501 quat=[0.4937, -0.51709, 0.50734, 0.48112] angvel=[-0.00028, -0.00908, 0.00768] linvel=[0.00108, -0.00019, -0.00059] z=0.1020
[lowlevel-sim][GT] t=33.551 quat=[0.49369, -0.51711, 0.50735, 0.48111] angvel=[0.00443, 0.0031, -0.0052] linvel=[0.00177, -0.00041, -0.00095] z=0.1020
[lowlevel-sim][GT] t=33.601 quat=[0.49366, -0.5171, 0.50736, 0.48115] angvel=[-0.00742, 0.00932, 0.00022] linvel=[0.00131, 0.00078, 0.0005] z=0.1020
[lowlevel-sim][GT] t=33.651 quat=[0.49365, -0.51708, 0.50734, 0.4812] angvel=[0.00166, 0.00967, -0.00632] linvel=[0.00097, 0.00069, 0.00088] z=0.1020
[lowlevel-sim][GT] t=33.701 quat=[0.49361, -0.51705, 0.50736, 0.48124] angvel=[0.00882, -0.00378, -0.00745] linvel=[-6e-05, 0.0001, -0.00107] z=0.1020
[lowlevel-sim][GT] t=33.751 quat=[0.4936, -0.51706, 0.50737, 0.48124] angvel=[0.00078, 0.00509, -0.00122] linvel=[-0.00054, -4e-05, 0.00036] z=0.1020
[lowlevel-sim][GT] t=33.801 quat=[0.4936, -0.51707, 0.50739, 0.4812] angvel=[-0.00793, -0.00484, 0.00319] linvel=[-9e-05, 0.0006, 0.00032] z=0.1020
[lowlevel-sim][GT] t=33.851 quat=[0.4936, -0.51708, 0.50742, 0.48116] angvel=[-0.00316, 0.0114, -0.00372] linvel=[0.00038, 0.00065, -0.00062] z=0.1020
[lowlevel-sim] FAIL-CLOSED engaged at t=33.881s, last command age 85.46 ms (deadline <= 100 ms) PASS
[lowlevel-sim] COMMANDED at t=33.886s (was fail-closed)
[lowlevel-sim][GT] t=33.901 quat=[0.49304, -0.51766, 0.50798, 0.48051] angvel=[-0.00606, 0.01202, -0.0043] linvel=[-0.00035, -0.0032, -0.00095] z=0.1017
[lowlevel-sim][GT] t=33.951 quat=[0.49326, -0.51747, 0.5078, 0.48069] angvel=[0.01622, -0.00256, 0.00025] linvel=[-0.00105, 0.00336, -0.00069] z=0.1017
[lowlevel-sim] t=  34.00 mode=cmd        pd=21850 hold=10342 failclosed=64 rtf=0.282 base_z=+0.102 pitch=+1.515 roll=-2.726 |tau|max=  7.93 sat=0/29 knee_L=+0.255 hip_p_L=-0.097 torn=10668 cmd_age=39.3ms auth=82.2s rig_ign=707 fix_base=0
[lowlevel-sim][GT] t=34.001 quat=[0.49343, -0.51734, 0.50764, 0.48082] angvel=[0.00508, -0.00585, -0.00228] linvel=[-0.00145, 0.00159, -0.00054] z=0.1018
[lowlevel-sim][GT] t=34.051 quat=[0.49356, -0.51726, 0.50757, 0.48084] angvel=[-0.00334, -0.00212, 0.00132] linvel=[-0.00116, 0.00172, 0.00107] z=0.1018
[lowlevel-sim][GT] t=34.101 quat=[0.49361, -0.51724, 0.50755, 0.48083] angvel=[-0.00342, -0.00685, -0.00238] linvel=[-0.00134, -0.00047, 0.0003] z=0.1018
[lowlevel-sim][GT] t=34.151 quat=[0.49363, -0.51726, 0.50757, 0.48078] angvel=[0.00745, 0.00572, -0.00397] linvel=[-0.00012, -0.00057, -0.00093] z=0.1017
[lowlevel-sim][GT] t=34.201 quat=[0.49366, -0.51726, 0.50757, 0.48074] angvel=[0.00571, 0.01442, -0.01377] linvel=[-0.00038, -0.0015, -0.00103] z=0.1017
[lowlevel-sim][GT] t=34.251 quat=[0.49371, -0.51726, 0.50753, 0.48073] angvel=[0.00021, 0.00153, 0.00027] linvel=[0.00079, 0.00197, -9e-05] z=0.1018
[lowlevel-sim][GT] t=34.301 quat=[0.4937, -0.51729, 0.50754, 0.4807] angvel=[-0.01613, -0.01631, 0.00902] linvel=[0.00142, 0.00056, -0.0013] z=0.1018
[lowlevel-sim][GT] t=34.351 quat=[0.4937, -0.51727, 0.50753, 0.48073] angvel=[0.00111, 0.0006, 0.00248] linvel=[0.00078, 0.00219, 0.00019] z=0.1018
[lowlevel-sim][GT] t=34.401 quat=[0.49366, -0.51727, 0.50755, 0.48075] angvel=[0.00739, 0.00052, -0.00039] linvel=[0.00077, -0.00087, 0.00012] z=0.1018
[lowlevel-sim][GT] t=34.451 quat=[0.49364, -0.51726, 0.50756, 0.48078] angvel=[0.00105, 0.00601, -0.00106] linvel=[0.00011, 0.00109, 0.0001] z=0.1018
[lowlevel-sim] t=  34.50 mode=cmd        pd=22100 hold=10342 failclosed=64 rtf=0.282 base_z=+0.102 pitch=+1.516 roll=-2.720 |tau|max=  7.94 sat=0/29 knee_L=+0.255 hip_p_L=-0.096 torn=10685 cmd_age=29.4ms auth=83.9s rig_ign=707 fix_base=0
[lowlevel-sim][GT] t=34.501 quat=[0.49362, -0.51727, 0.50757, 0.48078] angvel=[0.00135, -0.00871, 0.00585] linvel=[-0.00026, -0.00043, -0.00098] z=0.1018
[lowlevel-sim][GT] t=34.551 quat=[0.49362, -0.51723, 0.50755, 0.48083] angvel=[0.00202, 0.00083, -0.00048] linvel=[-0.00083, 0.00062, 0.00081] z=0.1018
[lowlevel-sim][GT] t=34.601 quat=[0.49363, -0.51724, 0.50756, 0.4808] angvel=[0.01498, 0.00114, 0.00053] linvel=[-0.0009, -0.00322, -0.00224] z=0.1018
[lowlevel-sim][GT] t=34.651 quat=[0.49363, -0.51725, 0.50758, 0.48077] angvel=[0.00943, -0.00398, 0.00111] linvel=[-0.00124, -0.00159, -0.00091] z=0.1018
[lowlevel-sim][GT] t=34.701 quat=[0.49367, -0.51725, 0.50757, 0.48074] angvel=[0.01116, 0.00467, -0.00012] linvel=[0.00031, -0.00294, -0.00146] z=0.1018
[lowlevel-sim][GT] t=34.751 quat=[0.49372, -0.51724, 0.50754, 0.48073] angvel=[0.00525, 0.00296, -0.00982] linvel=[0.00137, -0.00028, -0.00089] z=0.1018
[lowlevel-sim][GT] t=34.801 quat=[0.49373, -0.51726, 0.50755, 0.4807] angvel=[-0.00474, -0.00238, -0.00554] linvel=[0.00145, 0.00062, 0.00119] z=0.1018
[lowlevel-sim][GT] t=34.851 quat=[0.4937, -0.51728, 0.50755, 0.4807] angvel=[0.00584, 0.00584, -0.00159] linvel=[0.0018, -0.0004, -0.00077] z=0.1018
[lowlevel-sim][GT] t=34.901 quat=[0.49366, -0.51727, 0.50756, 0.48074] angvel=[0.00145, -0.0008, -0.00137] linvel=[0.00036, 0.00144, 0.00024] z=0.1018
[lowlevel-sim][GT] t=34.951 quat=[0.49361, -0.51726, 0.50757, 0.48079] angvel=[0.00428, 0.00152, -0.00073] linvel=[-0.00057, -0.00153, 3e-05] z=0.1018
[lowlevel-sim] t=  35.00 mode=cmd        pd=22350 hold=10342 failclosed=64 rtf=0.283 base_z=+0.102 pitch=+1.516 roll=-2.720 |tau|max=  7.93 sat=0/29 knee_L=+0.255 hip_p_L=-0.096 torn=10700 cmd_age=39.1ms auth=85.6s rig_ign=707 fix_base=0
[lowlevel-sim][GT] t=35.001 quat=[0.49362, -0.51723, 0.50754, 0.48084] angvel=[0.00069, 0.00524, -0.00663] linvel=[-0.00151, 0.00036, -0.00031] z=0.1018
[lowlevel-sim][GT] t=35.051 quat=[0.49358, -0.51725, 0.50759, 0.48082] angvel=[-0.00094, -0.00496, 0.00944] linvel=[-0.00116, 0.0005, 0.00015] z=0.1018
[lowlevel-sim][GT] t=35.101 quat=[0.49359, -0.51727, 0.50761, 0.48077] angvel=[0.00202, 0.00104, -0.00281] linvel=[-0.00084, -0.0008, -0.0007] z=0.1018
[lowlevel-sim][GT] t=35.151 quat=[0.49368, -0.51724, 0.50756, 0.48075] angvel=[0.00439, -0.00526, 0.00134] linvel=[-0.00022, -0.00048, -0.00143] z=0.1018
[lowlevel-sim][GT] t=35.201 quat=[0.49369, -0.51727, 0.50758, 0.48069] angvel=[-0.00126, 0.00868, 0.00053] linvel=[0.00089, -0.00122, -0.00024] z=0.1018
[lowlevel-sim][GT] t=35.251 quat=[0.49371, -0.51728, 0.50756, 0.48068] angvel=[0.00063, -0.00231, 0.00282] linvel=[9e-05, -0.00022, -0.00019] z=0.1018
[lowlevel-sim][GT] t=35.301 quat=[0.49371, -0.51729, 0.50755, 0.48068] angvel=[0.00308, 0.00153, -0.00414] linvel=[0.00089, 0.00055, -0.00047] z=0.1018
[lowlevel-sim][GT] t=35.351 quat=[0.49371, -0.5173, 0.50754, 0.48068] angvel=[0.00437, -8e-05, 0.00348] linvel=[0.00066, 2e-05, 0.00024] z=0.1018
[lowlevel-sim][GT] t=35.401 quat=[0.49373, -0.51725, 0.5075, 0.48077] angvel=[-0.00469, 0.00437, -0.00153] linvel=[-0.00014, -0.00049, 0.00025] z=0.1018
[lowlevel-sim][GT] t=35.451 quat=[0.49365, -0.51727, 0.50756, 0.48075] angvel=[-0.00074, -0.00778, 0.00301] linvel=[-0.0014, -0.00095, -3e-05] z=0.1018
[lowlevel-sim] t=  35.50 mode=cmd        pd=22600 hold=10342 failclosed=64 rtf=0.283 base_z=+0.102 pitch=+1.515 roll=-2.719 |tau|max=  7.93 sat=0/29 knee_L=+0.255 hip_p_L=-0.097 torn=10716 cmd_age=28.6ms auth=87.3s rig_ign=707 fix_base=0
[lowlevel-sim][GT] t=35.501 quat=[0.49362, -0.51729, 0.50758, 0.48073] angvel=[0.00049, 0.00103, -0.00211] linvel=[-0.00161, -0.00058, -0.00012] z=0.1018
[lowlevel-sim][GT] t=35.551 quat=[0.49368, -0.51728, 0.50756, 0.48072] angvel=[0.00236, -0.00591, 0.00093] linvel=[7e-05, 0.00065, -0.00035] z=0.1018
[lowlevel-sim][GT] t=35.601 quat=[0.49374, -0.51727, 0.50753, 0.4807] angvel=[-0.00242, -0.00541, -0.00219] linvel=[-3e-05, -0.00024, -0.0006] z=0.1018
[lowlevel-sim][GT] t=35.651 quat=[0.49376, -0.51726, 0.50752, 0.48069] angvel=[0.00719, -0.0041, -0.00674] linvel=[0.00035, 0.00088, -0.00078] z=0.1018
[lowlevel-sim][GT] t=35.701 quat=[0.49378, -0.51727, 0.50752, 0.48066] angvel=[0.00425, -0.00995, 0.00699] linvel=[0.00015, -0.00094, -0.00054] z=0.1018
[lowlevel-sim][GT] t=35.751 quat=[0.49377, -0.5173, 0.50754, 0.48063] angvel=[-0.00137, 0.00733, -0.00102] linvel=[0.00017, -3e-05, 0.00026] z=0.1018
[lowlevel-sim][GT] t=35.801 quat=[0.49377, -0.51727, 0.50753, 0.48066] angvel=[0.00027, -0.00245, 0.00427] linvel=[0.0003, 0.00226, -6e-05] z=0.1018
[lowlevel-sim][GT] t=35.851 quat=[0.49377, -0.51722, 0.50753, 0.48072] angvel=[0.00623, 0.00163, 0.00793] linvel=[0.00104, -0.00054, -0.00136] z=0.1018
[lowlevel-sim][GT] t=35.901 quat=[0.49373, -0.51726, 0.50755, 0.4807] angvel=[-0.0031, 0.00159, -0.00119] linvel=[0.00102, 0.00159, 8e-05] z=0.1018
[lowlevel-sim][GT] t=35.951 quat=[0.49367, -0.51731, 0.5076, 0.48066] angvel=[0.00614, 0.01774, -0.00903] linvel=[0.0006, -0.00094, -0.00101] z=0.1018
[lowlevel-sim] t=  36.00 mode=cmd        pd=22850 hold=10342 failclosed=64 rtf=0.283 base_z=+0.102 pitch=+1.515 roll=-2.717 |tau|max=  7.93 sat=0/29 knee_L=+0.255 hip_p_L=-0.097 torn=10737 cmd_age=36.4ms auth=89.1s rig_ign=707 fix_base=0
[lowlevel-sim][GT] t=36.001 quat=[0.49368, -0.51727, 0.50756, 0.48071] angvel=[0.00581, 0.00094, -0.00146] linvel=[0.00039, -0.00074, -0.00122] z=0.1018
[lowlevel-sim][GT] t=36.051 quat=[0.49369, -0.51726, 0.50755, 0.48073] angvel=[-0.00257, -0.01962, 0.00812] linvel=[3e-05, 0.00173, 0.00071] z=0.1018
[lowlevel-sim][GT] t=36.101 quat=[0.49371, -0.51724, 0.50754, 0.48075] angvel=[0.01099, 0.00826, -0.0036] linvel=[-0.00078, -0.00033, -0.00096] z=0.1018
[lowlevel-sim][GT] t=36.151 quat=[0.4937, -0.51724, 0.50756, 0.48074] angvel=[-0.00178, -0.00112, 0.00104] linvel=[-0.00182, -9e-05, -0.00037] z=0.1018
[lowlevel-sim][GT] t=36.201 quat=[0.49372, -0.5172, 0.50758, 0.48073] angvel=[0.00391, -0.00714, -0.00514] linvel=[-0.00094, 0.00028, -7e-05] z=0.1018
[lowlevel-sim][GT] t=36.251 quat=[0.49378, -0.51721, 0.50759, 0.48065] angvel=[0.01046, 0.0053, -0.00151] linvel=[-0.0001, -0.00028, 0.00015] z=0.1018
[lowlevel-sim][GT] t=36.301 quat=[0.49384, -0.5172, 0.50755, 0.48066] angvel=[0.0045, -0.0077, 0.00188] linvel=[0.00046, -0.00056, -0.00104] z=0.1018
[lowlevel-sim][GT] t=36.351 quat=[0.49381, -0.51725, 0.50756, 0.4806] angvel=[-0.00087, 0.00496, -0.00266] linvel=[0.00118, -0.00028, -0.00094] z=0.1018
[lowlevel-sim][GT] t=36.401 quat=[0.49379, -0.51725, 0.50757, 0.48063] angvel=[-0.00815, 0.01292, -0.0101] linvel=[0.00031, 0.00185, 0.00138] z=0.1018
[lowlevel-sim][GT] t=36.451 quat=[0.49377, -0.51722, 0.50757, 0.48067] angvel=[0.00252, -0.00245, 0.00594] linvel=[0.00034, -0.0018, -0.00013] z=0.1018
[lowlevel-sim] t=  36.50 mode=cmd        pd=23100 hold=10342 failclosed=64 rtf=0.283 base_z=+0.102 pitch=+1.516 roll=-2.715 |tau|max=  7.92 sat=0/29 knee_L=+0.255 hip_p_L=-0.096 torn=10762 cmd_age=38.3ms auth=90.7s rig_ign=707 fix_base=0
[lowlevel-sim][GT] t=36.501 quat=[0.49377, -0.51723, 0.50757, 0.48067] angvel=[0.01621, 0.00935, -0.00874] linvel=[0.00037, -9e-05, 0.00056] z=0.1018
[lowlevel-sim][GT] t=36.551 quat=[0.49376, -0.51724, 0.50755, 0.48069] angvel=[0.00369, 0.00856, -0.00545] linvel=[4e-05, 0.00033, 0.0006] z=0.1018
[lowlevel-sim][GT] t=36.601 quat=[0.49378, -0.51722, 0.50753, 0.48071] angvel=[0.01173, 0.0294, -0.01532] linvel=[-0.00101, -0.00073, -0.00115] z=0.1018
[lowlevel-sim][GT] t=36.651 quat=[0.49378, -0.51724, 0.50753, 0.48069] angvel=[0.00297, 0.00801, -0.00765] linvel=[-0.00015, 0.00039, -0.00038] z=0.1018
[lowlevel-sim][GT] t=36.701 quat=[0.49379, -0.51722, 0.50753, 0.48069] angvel=[-0.00333, 0.00909, -0.00767] linvel=[-0.00038, 0.0008, -0.00039] z=0.1018
[lowlevel-sim][GT] t=36.751 quat=[0.4938, -0.51724, 0.50754, 0.48065] angvel=[0.00394, -0.01079, 0.00499] linvel=[0.00041, -0.00234, -0.00075] z=0.1018
[lowlevel-sim][GT] t=36.801 quat=[0.49385, -0.51722, 0.50751, 0.48065] angvel=[0.01425, 0.00754, 0.00016] linvel=[0.00142, -0.00104, -0.00131] z=0.1018
[lowlevel-sim][GT] t=36.851 quat=[0.49384, -0.51725, 0.5075, 0.48063] angvel=[0.00384, 3e-05, 0.00024] linvel=[0.00094, -0.00054, -2e-05] z=0.1018
[lowlevel-sim][GT] t=36.901 quat=[0.49381, -0.51727, 0.5075, 0.48065] angvel=[-2e-05, 0.00544, -0.01347] linvel=[0.00028, 0.00111, -0.00054] z=0.1018
[lowlevel-sim][GT] t=36.951 quat=[0.49376, -0.51728, 0.50753, 0.48066] angvel=[-0.01797, 0.01295, -0.00554] linvel=[-0.00092, 0.00176, 0.00087] z=0.1018
[lowlevel-sim] t=  37.00 mode=cmd        pd=23350 hold=10342 failclosed=64 rtf=0.284 base_z=+0.102 pitch=+1.516 roll=-2.714 |tau|max=  7.91 sat=0/29 knee_L=+0.255 hip_p_L=-0.096 torn=10793 cmd_age=37.4ms auth=92.2s rig_ign=707 fix_base=0
[lowlevel-sim][GT] t=37.001 quat=[0.49377, -0.51725, 0.50753, 0.48069] angvel=[-0.00407, -0.00153, 0.00194] linvel=[-0.00102, 1e-05, 0.0006] z=0.1018
[lowlevel-sim][GT] t=37.051 quat=[0.49376, -0.51725, 0.50755, 0.48067] angvel=[0.00723, 0.00735, -0.0086] linvel=[-0.00109, -0.00128, -0.0014] z=0.1018
[lowlevel-sim][GT] t=37.101 quat=[0.49383, -0.51722, 0.50753, 0.48066] angvel=[-0.00178, -0.01137, 0.00464] linvel=[0.00036, 0.00052, 0.00021] z=0.1018
[lowlevel-sim][GT] t=37.151 quat=[0.49382, -0.51725, 0.50757, 0.48059] angvel=[-0.01041, -0.00883, 0.00115] linvel=[-0.00018, 0.0011, -0.00037] z=0.1018
[lowlevel-sim][GT] t=37.201 quat=[0.49389, -0.51724, 0.50752, 0.48059] angvel=[0.01245, -0.00902, 0.00788] linvel=[0.0019, 0.00114, -0.00031] z=0.1018
[lowlevel-sim][GT] t=37.251 quat=[0.4939, -0.51724, 0.50751, 0.48059] angvel=[-0.00704, 0.00561, -0.00304] linvel=[0.00135, 0.00071, 0.00038] z=0.1018
[lowlevel-sim][GT] t=37.301 quat=[0.49387, -0.51726, 0.50752, 0.48059] angvel=[0.01613, -0.01274, 0.00552] linvel=[0.00096, 0.00095, 0.00059] z=0.1018
[lowlevel-sim][GT] t=37.351 quat=[0.49385, -0.51724, 0.50752, 0.48062] angvel=[0.00901, 0.00475, 0.00515] linvel=[0.0008, -0.0, -0.00029] z=0.1018
[lowlevel-sim][GT] t=37.401 quat=[0.49383, -0.51722, 0.50752, 0.48067] angvel=[0.00763, 0.01618, -0.00326] linvel=[0.00057, -0.00068, -0.00056] z=0.1018
[lowlevel-sim][GT] t=37.451 quat=[0.4938, -0.5172, 0.50751, 0.48073] angvel=[0.01234, 0.00609, -0.00662] linvel=[-0.00064, -0.00075, 0.00066] z=0.1018
[lowlevel-sim] t=  37.50 mode=cmd        pd=23600 hold=10342 failclosed=64 rtf=0.284 base_z=+0.102 pitch=+1.515 roll=-2.716 |tau|max=  7.91 sat=0/29 knee_L=+0.255 hip_p_L=-0.097 torn=10821 cmd_age=49.7ms auth=93.7s rig_ign=707 fix_base=0
[lowlevel-sim][GT] t=37.501 quat=[0.49373, -0.51727, 0.50756, 0.48068] angvel=[0.00671, -0.01268, 0.00256] linvel=[-0.00128, 0.00068, -0.0004] z=0.1018
[lowlevel-sim][GT] t=37.551 quat=[0.49379, -0.51721, 0.50753, 0.48071] angvel=[-0.00419, 0.00266, 0.0008] linvel=[-0.00151, 0.00123, -0.00041] z=0.1018
[lowlevel-sim][GT] t=37.601 quat=[0.49383, -0.5172, 0.50752, 0.48069] angvel=[0.00786, 0.00608, -0.00935] linvel=[-0.00176, -0.00248, -0.00037] z=0.1018
[lowlevel-sim][GT] t=37.651 quat=[0.49386, -0.51722, 0.50753, 0.48063] angvel=[0.00376, -0.01147, 0.00395] linvel=[-0.0001, -0.00189, -0.00103] z=0.1018
[lowlevel-sim][GT] t=37.701 quat=[0.4939, -0.51723, 0.50755, 0.48055] angvel=[0.00237, -0.02107, 0.00893] linvel=[0.00067, -0.00156, -3e-05] z=0.1018
[lowlevel-sim][GT] t=37.751 quat=[0.49391, -0.51725, 0.50755, 0.48051] angvel=[-0.00215, 0.00523, -0.00563] linvel=[0.00057, 0.0003, 0.00062] z=0.1018
[lowlevel-sim][GT] t=37.801 quat=[0.49395, -0.51723, 0.50751, 0.48054] angvel=[0.00015, 0.01205, 0.00222] linvel=[0.00078, 0.0015, -0.00026] z=0.1018
[lowlevel-sim][GT] t=37.851 quat=[0.49395, -0.51724, 0.50751, 0.48054] angvel=[0.00011, 0.00029, -0.00022] linvel=[0.00151, -0.0004, 0.00033] z=0.1018
[lowlevel-sim][GT] t=37.901 quat=[0.4939, -0.51725, 0.50752, 0.48056] angvel=[-0.00797, -0.00077, 0.00349] linvel=[0.00132, 0.00136, 0.00061] z=0.1018
[lowlevel-sim][GT] t=37.951 quat=[0.49386, -0.51722, 0.50751, 0.48065] angvel=[0.00172, 0.00698, -0.00316] linvel=[0.00032, 0.00075, 0.00064] z=0.1018
[lowlevel-sim] t=  38.00 mode=cmd        pd=23850 hold=10342 failclosed=64 rtf=0.284 base_z=+0.102 pitch=+1.516 roll=-2.713 |tau|max=  7.91 sat=0/29 knee_L=+0.255 hip_p_L=-0.096 torn=10852 cmd_age=46.8ms auth=95.4s rig_ign=707 fix_base=0
[lowlevel-sim][GT] t=38.001 quat=[0.49384, -0.51719, 0.50751, 0.4807] angvel=[-0.00327, 0.00694, -0.01015] linvel=[-0.00049, 0.00123, 0.00032] z=0.1018
[lowlevel-sim][GT] t=38.051 quat=[0.49379, -0.51721, 0.50757, 0.48066] angvel=[0.00382, -0.008, -0.00221] linvel=[-0.00097, 0.00014, 0.00016] z=0.1018
[lowlevel-sim][GT] t=38.101 quat=[0.49381, -0.51718, 0.50759, 0.48065] angvel=[-0.00343, -0.00324, 0.00196] linvel=[-0.00141, 0.00103, -0.0002] z=0.1018
[lowlevel-sim][GT] t=38.151 quat=[0.49382, -0.5172, 0.5076, 0.48062] angvel=[0.00446, -0.0113, 0.00713] linvel=[-0.00111, -0.00038, -0.00099] z=0.1018
[lowlevel-sim][GT] t=38.201 quat=[0.49385, -0.51721, 0.5076, 0.48057] angvel=[0.0023, -0.00594, -0.00202] linvel=[-9e-05, -0.00041, -0.00052] z=0.1018
[lowlevel-sim][GT] t=38.251 quat=[0.49392, -0.51723, 0.50758, 0.4805] angvel=[0.00081, -0.02055, 0.00418] linvel=[0.00034, 0.00021, -6e-05] z=0.1018
[lowlevel-sim][GT] t=38.301 quat=[0.49392, -0.51722, 0.50757, 0.48052] angvel=[-0.00841, -0.01649, 0.00569] linvel=[0.00046, 0.00032, 0.00022] z=0.1018
[lowlevel-sim][GT] t=38.351 quat=[0.4939, -0.51722, 0.50755, 0.48056] angvel=[-0.00065, 0.00159, 0.00159] linvel=[0.00015, -0.0007, -0.00037] z=0.1018
[lowlevel-sim][GT] t=38.401 quat=[0.49389, -0.51723, 0.50756, 0.48055] angvel=[-0.00589, 0.00774, -0.00451] linvel=[0.00091, 0.00136, 0.00108] z=0.1018
[lowlevel-sim][GT] t=38.451 quat=[0.49387, -0.51722, 0.50755, 0.48059] angvel=[0.002, -0.00187, 0.00336] linvel=[0.00021, 0.00091, -0.0001] z=0.1018
[lowlevel-sim] t=  38.50 mode=cmd        pd=24100 hold=10342 failclosed=64 rtf=0.284 base_z=+0.102 pitch=+1.515 roll=-2.712 |tau|max=  7.91 sat=0/29 knee_L=+0.255 hip_p_L=-0.096 torn=10878 cmd_age=33.1ms auth=97.2s rig_ign=707 fix_base=0
[lowlevel-sim][GT] t=38.501 quat=[0.49387, -0.51722, 0.50756, 0.48058] angvel=[-0.00502, 0.00631, -0.00807] linvel=[0.00032, 0.00126, 0.00028] z=0.1018
[lowlevel-sim][GT] t=38.551 quat=[0.49387, -0.51723, 0.50758, 0.48055] angvel=[0.00105, -0.00032, 0.00466] linvel=[-0.00016, -0.00018, 0.00035] z=0.1018
[lowlevel-sim][GT] t=38.601 quat=[0.49386, -0.51721, 0.50755, 0.48061] angvel=[-0.00343, 0.0113, -0.00261] linvel=[-9e-05, 0.00024, 0.00027] z=0.1018
[lowlevel-sim][GT] t=38.651 quat=[0.49383, -0.51723, 0.50759, 0.48059] angvel=[0.00186, -0.00693, 0.00284] linvel=[-0.00097, 0.00034, -0.0003] z=0.1018
[lowlevel-sim][GT] t=38.701 quat=[0.49385, -0.5172, 0.50758, 0.48061] angvel=[0.00195, -0.00161, -0.00459] linvel=[-0.00103, 1e-05, -0.00042] z=0.1018
[lowlevel-sim][GT] t=38.751 quat=[0.49387, -0.51718, 0.50759, 0.48059] angvel=[0.00454, -0.00773, 0.00022] linvel=[-0.00116, 0.00027, 0.00084] z=0.1018
[lowlevel-sim][GT] t=38.801 quat=[0.4939, -0.5172, 0.5076, 0.48053] angvel=[0.00247, -0.01708, 0.00398] linvel=[-0.00024, -4e-05, -0.00052] z=0.1018
[lowlevel-sim][GT] t=38.851 quat=[0.49393, -0.51719, 0.50759, 0.48052] angvel=[0.00705, 6e-05, -0.00581] linvel=[8e-05, -0.00075, -0.00077] z=0.1018
[lowlevel-sim][GT] t=38.901 quat=[0.49394, -0.51719, 0.50759, 0.48051] angvel=[0.00096, -0.00413, 0.00338] linvel=[0.00011, 0.00047, -0.00016] z=0.1018
[lowlevel-sim][GT] t=38.951 quat=[0.49396, -0.5172, 0.50758, 0.4805] angvel=[0.00335, 0.00819, -0.00923] linvel=[8e-05, -0.00219, -0.00093] z=0.1018
[lowlevel-sim] t=  39.00 mode=cmd        pd=24350 hold=10342 failclosed=64 rtf=0.284 base_z=+0.102 pitch=+1.515 roll=-2.710 |tau|max=  7.92 sat=0/29 knee_L=+0.255 hip_p_L=-0.096 torn=10899 cmd_age=54.7ms auth=98.9s rig_ign=707 fix_base=0
[lowlevel-sim][GT] t=39.001 quat=[0.49395, -0.51721, 0.50757, 0.48051] angvel=[0.00434, -0.00947, 0.00435] linvel=[0.00052, -0.00214, -0.00136] z=0.1018
[lowlevel-sim][GT] t=39.051 quat=[0.49395, -0.51724, 0.50757, 0.48047] angvel=[0.00687, 0.00492, -0.0046] linvel=[0.00154, -0.00096, -0.00015] z=0.1018
[lowlevel-sim][GT] t=39.101 quat=[0.49395, -0.51722, 0.50755, 0.48051] angvel=[-0.00086, 0.00652, -0.00552] linvel=[0.00113, 0.00137, 0.00199] z=0.1018
[lowlevel-sim][GT] t=39.151 quat=[0.49392, -0.5172, 0.50755, 0.48056] angvel=[-0.00594, 0.0023, 0.00488] linvel=[0.0004, -0.00074, -0.00029] z=0.1018
[lowlevel-sim][GT] t=39.201 quat=[0.49389, -0.51721, 0.50757, 0.48057] angvel=[0.00889, 0.00499, -0.00203] linvel=[-0.00033, 0.00034, -0.00132] z=0.1018
[lowlevel-sim][GT] t=39.251 quat=[0.4939, -0.51718, 0.50756, 0.48058] angvel=[-0.00565, -0.00355, -0.00144] linvel=[-0.00036, 0.00074, -0.00053] z=0.1018
[lowlevel-sim][GT] t=39.301 quat=[0.49388, -0.51721, 0.50761, 0.48053] angvel=[0.00297, -0.00559, -0.00018] linvel=[-0.00088, -0.00024, -0.00106] z=0.1018
[lowlevel-sim][GT] t=39.351 quat=[0.49391, -0.51721, 0.50759, 0.48052] angvel=[0.00611, 3e-05, 0.00468] linvel=[-0.0001, 0.00123, -0.00103] z=0.1018
[lowlevel-sim][GT] t=39.401 quat=[0.49394, -0.5172, 0.50757, 0.48052] angvel=[-0.00754, 0.01085, -0.00421] linvel=[-0.00064, 0.00023, -0.00231] z=0.1018
[lowlevel-sim][GT] t=39.451 quat=[0.49395, -0.51722, 0.50758, 0.48048] angvel=[0.00243, -0.00975, -0.00019] linvel=[-0.00018, -0.00046, -0.00031] z=0.1018
[lowlevel-sim] t=  39.50 mode=cmd        pd=24600 hold=10342 failclosed=64 rtf=0.285 base_z=+0.102 pitch=+1.515 roll=-2.709 |tau|max=  7.90 sat=0/29 knee_L=+0.255 hip_p_L=-0.096 torn=10927 cmd_age=27.5ms auth=100.4s rig_ign=707 fix_base=0
[lowlevel-sim][GT] t=39.501 quat=[0.49396, -0.51722, 0.50758, 0.48047] angvel=[-0.0024, 0.00169, -0.00029] linvel=[0.00026, 0.00061, 0.00076] z=0.1018
[lowlevel-sim][GT] t=39.551 quat=[0.49396, -0.51723, 0.50758, 0.48045] angvel=[0.00192, 0.01647, 0.00295] linvel=[-4e-05, 4e-05, -0.00032] z=0.1018
[lowlevel-sim][GT] t=39.601 quat=[0.49396, -0.51724, 0.50758, 0.48045] angvel=[0.00013, 0.00199, -0.00326] linvel=[-2e-05, -0.00123, 0.00022] z=0.1018
[lowlevel-sim][GT] t=39.651 quat=[0.49397, -0.51723, 0.50757, 0.48046] angvel=[0.00076, -0.00324, 0.00353] linvel=[0.00091, 1e-05, -0.00013] z=0.1018
[lowlevel-sim][GT] t=39.701 quat=[0.49398, -0.51718, 0.50754, 0.48053] angvel=[0.00883, 0.00352, 0.00026] linvel=[0.00058, -0.00032, -0.00012] z=0.1018
[lowlevel-sim][GT] t=39.751 quat=[0.49395, -0.51716, 0.50756, 0.48056] angvel=[0.01397, 0.02036, 0.00216] linvel=[0.00045, 0.00115, -0.0011] z=0.1018
[lowlevel-sim][GT] t=39.801 quat=[0.49393, -0.51718, 0.50758, 0.48053] angvel=[0.00422, 0.00054, -0.00135] linvel=[0.00023, 0.0003, -0.00037] z=0.1018
[lowlevel-sim][GT] t=39.851 quat=[0.49394, -0.51718, 0.50758, 0.48054] angvel=[0.00113, 0.00527, -0.00571] linvel=[-0.00023, -0.00222, -0.0006] z=0.1018
[lowlevel-sim][GT] t=39.901 quat=[0.49392, -0.51719, 0.5076, 0.48052] angvel=[0.01359, -0.01295, 0.00526] linvel=[-0.00099, -0.00082, -0.00116] z=0.1018
[lowlevel-sim][GT] t=39.951 quat=[0.49393, -0.51718, 0.50761, 0.48051] angvel=[-0.00179, -0.01504, 0.00097] linvel=[-0.00027, 0.00139, -0.00016] z=0.1018
[lowlevel-sim] FAIL-CLOSED engaged at t=39.987s, last command age 86.62 ms (deadline <= 100 ms) PASS
[lowlevel-sim] t=  40.00 mode=FAILCLOSED pd=24857 hold=10342 failclosed=77 rtf=0.285 base_z=+0.101 pitch=+1.512 roll=-2.738 |tau|max=  2.88 sat=0/29 knee_L=+0.252 hip_p_L=-0.099 torn=10962 cmd_age=131.5ms auth=102.1s rig_ign=707 fix_base=0
[lowlevel-sim] COMMANDED at t=40.000s (was fail-closed)
[lowlevel-sim][GT] t=40.001 quat=[0.49286, -0.51827, 0.50873, 0.47925] angvel=[-0.46228, -0.00997, -0.01484] linvel=[-0.00305, 0.01091, -0.03098] z=0.1012
[lowlevel-sim][GT] t=40.051 quat=[0.49269, -0.51861, 0.50899, 0.47878] angvel=[0.06752, -0.01654, 0.00224] linvel=[-0.00342, 0.00097, -0.00116] z=0.1008
[lowlevel-sim][GT] t=40.101 quat=[0.49328, -0.51809, 0.50842, 0.47934] angvel=[0.02764, -0.01662, 0.00234] linvel=[-0.002, 0.00432, -0.0006] z=0.1009
[lowlevel-sim][GT] t=40.151 quat=[0.49349, -0.51788, 0.50823, 0.47955] angvel=[0.00381, -0.00351, 0.0062] linvel=[0.00302, 0.0005, 0.0003] z=0.1009
[lowlevel-sim][GT] t=40.201 quat=[0.49336, -0.51784, 0.50824, 0.47972] angvel=[0.00368, 0.00234, 0.0173] linvel=[0.00667, 0.00042, 1e-05] z=0.1009
[lowlevel-sim] FAIL-CLOSED engaged at t=40.207s, last command age 85.78 ms (deadline <= 100 ms) PASS
[lowlevel-sim] COMMANDED at t=40.216s (was fail-closed)
[lowlevel-sim][GT] t=40.251 quat=[0.49189, -0.51877, 0.50936, 0.47904] angvel=[0.05256, 0.02549, 0.00743] linvel=[0.00561, 0.00123, -0.00055] z=0.1004
[lowlevel-sim][GT] t=40.301 quat=[0.49196, -0.51831, 0.50903, 0.47982] angvel=[0.03913, 0.00778, 0.01346] linvel=[0.00756, 0.00314, -0.00104] z=0.1005
[lowlevel-sim][GT] t=40.351 quat=[0.49195, -0.518, 0.50885, 0.48036] angvel=[0.02104, -0.00742, 0.01391] linvel=[0.00719, 0.00147, -0.00104] z=0.1006
[lowlevel-sim][GT] t=40.401 quat=[0.49189, -0.51789, 0.5088, 0.48059] angvel=[0.00018, 0.0029, -0.00403] linvel=[0.00619, 0.0008, 0.00095] z=0.1006
[lowlevel-sim][GT] t=40.451 quat=[0.49183, -0.51787, 0.5088, 0.48066] angvel=[-0.00015, -0.01248, 0.0091] linvel=[0.00423, -0.00104, 0.00095] z=0.1006
[lowlevel-sim] t=  40.50 mode=cmd        pd=25111 hold=10342 failclosed=85 rtf=0.285 base_z=+0.101 pitch=+1.513 roll=-2.784 |tau|max=  7.91 sat=0/29 knee_L=+0.256 hip_p_L=-0.098 torn=10984 cmd_age=31.5ms auth=103.6s rig_ign=707 fix_base=0
[lowlevel-sim][GT] t=40.501 quat=[0.4918, -0.51788, 0.50879, 0.48069] angvel=[0.00226, 0.00022, -0.00347] linvel=[0.00025, 0.00061, -5e-05] z=0.1006
[lowlevel-sim][GT] t=40.551 quat=[0.49187, -0.5178, 0.50876, 0.48075] angvel=[-0.00124, -0.01589, 0.00294] linvel=[-0.00349, 0.00183, 0.0003] z=0.1007
[lowlevel-sim][GT] t=40.601 quat=[0.49208, -0.51777, 0.50869, 0.48064] angvel=[-0.00325, -0.00416, -0.00342] linvel=[-0.00687, 0.00063, 0.00014] z=0.1007
[lowlevel-sim][GT] t=40.651 quat=[0.49227, -0.51778, 0.50869, 0.48043] angvel=[0.00307, -0.0048, -0.00963] linvel=[-0.00708, -0.00137, -0.00085] z=0.1007
[lowlevel-sim][GT] t=40.701 quat=[0.49255, -0.51779, 0.50867, 0.48015] angvel=[0.00021, -0.00581, 0.00459] linvel=[-0.00659, -0.00038, -0.00066] z=0.1007
[lowlevel-sim][GT] t=40.751 quat=[0.49274, -0.51777, 0.50863, 0.48002] angvel=[0.00312, -0.01257, 0.00221] linvel=[-0.00636, 0.00091, -0.00076] z=0.1007
[lowlevel-sim][GT] t=40.801 quat=[0.49291, -0.51778, 0.5086, 0.47986] angvel=[0.01789, -0.00829, -0.00531] linvel=[-0.00616, -0.00066, -0.00211] z=0.1007
[lowlevel-sim][GT] t=40.851 quat=[0.49302, -0.5178, 0.50861, 0.47972] angvel=[-0.00632, -0.00302, -0.01027] linvel=[-0.00443, -0.00015, 0.00085] z=0.1006
[lowlevel-sim][GT] t=40.901 quat=[0.49313, -0.51784, 0.50862, 0.47955] angvel=[0.00139, -0.01698, 0.00819] linvel=[-0.00213, -0.00123, -0.00054] z=0.1006
[lowlevel-sim][GT] t=40.951 quat=[0.49312, -0.51788, 0.50863, 0.4795] angvel=[0.0053, -0.01627, -0.00086] linvel=[0.00299, -0.00183, -0.00125] z=0.1006
[lowlevel-sim] t=  41.00 mode=cmd        pd=25362 hold=10342 failclosed=85 rtf=0.286 base_z=+0.101 pitch=+1.512 roll=-2.742 |tau|max=  7.93 sat=0/29 knee_L=+0.256 hip_p_L=-0.096 torn=11013 cmd_age=46.8ms auth=105.3s rig_ign=707 fix_base=0
[lowlevel-sim][GT] t=41.001 quat=[0.49298, -0.51791, 0.50865, 0.4796] angvel=[0.00179, -0.00692, 0.00968] linvel=[0.00584, -0.00045, -0.00026] z=0.1006
[lowlevel-sim][GT] t=41.051 quat=[0.49276, -0.51793, 0.50868, 0.47976] angvel=[-0.00786, 0.01387, 0.0038] linvel=[0.00689, 0.00083, 0.00145] z=0.1007
[lowlevel-sim][GT] t=41.101 quat=[0.49261, -0.51788, 0.50868, 0.47999] angvel=[0.00816, 0.0107, 0.0168] linvel=[0.00737, 0.00106, -0.00098] z=0.1007
[lowlevel-sim][GT] t=41.151 quat=[0.49248, -0.51785, 0.50869, 0.48014] angvel=[0.00376, 0.00938, 0.01111] linvel=[0.00697, -0.00091, -0.00088] z=0.1007
[lowlevel-sim][GT] t=41.201 quat=[0.49233, -0.51787, 0.50872, 0.48024] angvel=[0.00343, -0.00523, 0.00248] linvel=[0.00629, -0.00062, 0.00024] z=0.1007
[lowlevel-sim][GT] t=41.251 quat=[0.49226, -0.51784, 0.50873, 0.48033] angvel=[0.01119, -0.00318, 0.00169] linvel=[0.00443, 0.00035, -0.0003] z=0.1007
[lowlevel-sim][GT] t=41.301 quat=[0.4922, -0.51782, 0.50873, 0.48041] angvel=[0.00228, 0.00831, 0.00341] linvel=[0.00264, 0.00027, 0.00013] z=0.1007
[lowlevel-sim][GT] t=41.351 quat=[0.49217, -0.51781, 0.50873, 0.48046] angvel=[0.0044, 0.00525, 0.00334] linvel=[-0.00168, 0.00088, -0.00035] z=0.1007
[lowlevel-sim][GT] t=41.401 quat=[0.49223, -0.51776, 0.50873, 0.48045] angvel=[0.00393, 0.01507, -0.01208] linvel=[-0.00732, 0.00047, -0.00108] z=0.1007
[lowlevel-sim][GT] t=41.451 quat=[0.49246, -0.51772, 0.50868, 0.4803] angvel=[0.01826, -0.01324, -0.01151] linvel=[-0.00643, -0.00101, -0.00268] z=0.1007
[lowlevel-sim] t=  41.50 mode=cmd        pd=25612 hold=10342 failclosed=85 rtf=0.286 base_z=+0.101 pitch=+1.513 roll=-2.754 |tau|max=  7.89 sat=0/29 knee_L=+0.255 hip_p_L=-0.096 torn=11037 cmd_age=74.2ms auth=107.0s rig_ign=707 fix_base=0
[lowlevel-sim][GT] t=41.501 quat=[0.49272, -0.51775, 0.50865, 0.48004] angvel=[0.00223, -0.01385, -0.00714] linvel=[-0.007, -3e-05, -7e-05] z=0.1007
[lowlevel-sim][GT] t=41.551 quat=[0.49292, -0.51775, 0.50864, 0.47985] angvel=[-0.00698, 0.01324, -0.02259] linvel=[-0.00733, 0.0017, 0.00056] z=0.1007
[lowlevel-sim][GT] t=41.601 quat=[0.49304, -0.51775, 0.50865, 0.4797] angvel=[-0.01, -0.00468, 0.00014] linvel=[-0.00579, 0.00106, -8e-05] z=0.1007
[lowlevel-sim][GT] t=41.651 quat=[0.49317, -0.51777, 0.50865, 0.47955] angvel=[-0.00046, -0.01592, -0.00459] linvel=[-0.00279, -0.00069, -0.00026] z=0.1007
[lowlevel-sim][GT] t=41.701 quat=[0.49326, -0.51779, 0.50863, 0.47947] angvel=[5e-05, -0.01381, 0.01128] linvel=[-0.00128, 2e-05, -0.00039] z=0.1007
[lowlevel-sim][GT] t=41.751 quat=[0.49331, -0.51781, 0.50861, 0.4794] angvel=[-0.00132, 0.00715, -0.00773] linvel=[0.00157, 0.00056, -0.00026] z=0.1007
[lowlevel-sim][GT] t=41.801 quat=[0.49319, -0.51789, 0.50866, 0.4794] angvel=[-0.00105, 0.00329, 0.01065] linvel=[0.00614, 0.00122, 0.0003] z=0.1007
[lowlevel-sim][GT] t=41.851 quat=[0.493, -0.51788, 0.50867, 0.47959] angvel=[0.01051, 0.01718, 0.01361] linvel=[0.00697, 0.00135, -0.0004] z=0.1007
[lowlevel-sim][GT] t=41.901 quat=[0.49283, -0.51784, 0.50868, 0.4798] angvel=[-0.00762, 0.03645, -0.02277] linvel=[0.00684, -6e-05, 0.00056] z=0.1007
[lowlevel-sim][GT] t=41.951 quat=[0.49267, -0.51782, 0.5087, 0.47997] angvel=[0.00722, -0.00245, 0.00745] linvel=[0.0064, 0.00035, -0.00065] z=0.1007
[lowlevel-sim] t=  42.00 mode=cmd        pd=25862 hold=10342 failclosed=85 rtf=0.286 base_z=+0.101 pitch=+1.513 roll=-2.759 |tau|max=  7.89 sat=0/29 knee_L=+0.256 hip_p_L=-0.097 torn=11070 cmd_age=36.8ms auth=108.6s rig_ign=707 fix_base=0
[lowlevel-sim][GT] t=42.001 quat=[0.49254, -0.51782, 0.50871, 0.48008] angvel=[0.00632, 0.00033, 0.00478] linvel=[0.00604, -0.0005, -0.0008] z=0.1007
[lowlevel-sim][GT] t=42.051 quat=[0.49241, -0.51783, 0.50873, 0.48019] angvel=[0.00466, 0.00682, -0.00029] linvel=[0.00466, -6e-05, -0.00036] z=0.1007
[lowlevel-sim][GT] t=42.101 quat=[0.49235, -0.51783, 0.50872, 0.48025] angvel=[0.00762, 0.00678, 8e-05] linvel=[0.00086, -0.00019, -0.0008] z=0.1008
[lowlevel-sim][GT] t=42.151 quat=[0.49239, -0.51774, 0.50868, 0.48035] angvel=[0.00359, -0.00114, -0.0077] linvel=[-0.00298, 0.00196, -0.00018] z=0.1008
[lowlevel-sim][GT] t=42.201 quat=[0.49245, -0.51771, 0.5087, 0.48031] angvel=[0.00699, 0.00292, -0.00429] linvel=[-0.00647, -0.00064, -0.00058] z=0.1008
[lowlevel-sim][GT] t=42.251 quat=[0.49264, -0.51771, 0.5087, 0.4801] angvel=[0.00968, -0.00643, -0.00681] linvel=[-0.00629, -0.00155, -0.00224] z=0.1007
[lowlevel-sim][GT] t=42.301 quat=[0.49286, -0.51773, 0.50869, 0.47987] angvel=[0.00497, 0.00823, -0.01766] linvel=[-0.00651, 0.00299, -7e-05] z=0.1007
[lowlevel-sim][GT] t=42.351 quat=[0.49304, -0.51773, 0.50866, 0.47972] angvel=[0.00079, 0.0036, -0.02125] linvel=[-0.00586, -0.00097, -0.00124] z=0.1007
[lowlevel-sim][GT] t=42.401 quat=[0.49316, -0.51774, 0.50868, 0.47956] angvel=[0.00582, 0.00383, -0.01017] linvel=[-0.00568, 0.00066, -0.00102] z=0.1007
[lowlevel-sim][GT] t=42.451 quat=[0.49328, -0.51777, 0.50868, 0.47941] angvel=[0.00449, -0.00469, -0.00593] linvel=[-0.00282, -0.00083, 0.00048] z=0.1007
[lowlevel-sim] t=  42.50 mode=cmd        pd=26112 hold=10342 failclosed=85 rtf=0.286 base_z=+0.101 pitch=+1.512 roll=-2.732 |tau|max=  7.92 sat=0/29 knee_L=+0.255 hip_p_L=-0.095 torn=11097 cmd_age=19.0ms auth=110.2s rig_ign=707 fix_base=0
[lowlevel-sim][GT] t=42.501 quat=[0.4934, -0.51778, 0.50867, 0.47929] angvel=[-0.00257, -0.01064, 0.0023] linvel=[-0.0005, 0.00027, -0.00012] z=0.1007
[lowlevel-sim][GT] t=42.551 quat=[0.49344, -0.51779, 0.50866, 0.47924] angvel=[0.00134, -0.01007, -8e-05] linvel=[0.00159, -0.00083, -0.00123] z=0.1007
[lowlevel-sim][GT] t=42.601 quat=[0.49333, -0.51785, 0.5087, 0.47925] angvel=[0.00258, -0.0117, 0.0083] linvel=[0.0051, 0.00038, -0.00072] z=0.1007
[lowlevel-sim][GT] t=42.651 quat=[0.49317, -0.51787, 0.50873, 0.47937] angvel=[-0.00208, 0.03127, 0.00759] linvel=[0.00656, -0.00015, 0.00094] z=0.1007
[lowlevel-sim][GT] t=42.701 quat=[0.49304, -0.51783, 0.50872, 0.47955] angvel=[0.00901, -0.00473, 0.01281] linvel=[0.00674, 0.00085, -0.00092] z=0.1007
[lowlevel-sim][GT] t=42.751 quat=[0.49288, -0.51779, 0.50873, 0.47974] angvel=[-0.00309, 0.00975, 0.00673] linvel=[0.00588, 0.00086, 0.00115] z=0.1007
[lowlevel-sim][GT] t=42.801 quat=[0.49274, -0.51779, 0.50873, 0.47988] angvel=[-0.00176, -0.01591, 0.02136] linvel=[0.00632, 0.0019, 0.00054] z=0.1007
[lowlevel-sim][GT] t=42.851 quat=[0.49263, -0.51779, 0.50875, 0.47998] angvel=[7e-05, 0.01891, -0.0073] linvel=[0.00436, 0.00026, -0.00018] z=0.1008
[lowlevel-sim][GT] t=42.901 quat=[0.49257, -0.51773, 0.50875, 0.48012] angvel=[0.00325, 0.00273, 0.0025] linvel=[0.00138, 8e-05, -0.00069] z=0.1008
[lowlevel-sim][GT] t=42.951 quat=[0.49254, -0.5177, 0.50875, 0.48017] angvel=[0.00724, 0.00398, -0.0043] linvel=[-0.00409, -0.00159, -0.00171] z=0.1008
[lowlevel-sim] t=  43.00 mode=cmd        pd=26362 hold=10342 failclosed=85 rtf=0.287 base_z=+0.101 pitch=+1.513 roll=-2.761 |tau|max=  7.87 sat=0/29 knee_L=+0.255 hip_p_L=-0.097 torn=11119 cmd_age=44.5ms auth=111.7s rig_ign=707 fix_base=0
[lowlevel-sim][GT] t=43.001 quat=[0.4926, -0.51765, 0.50875, 0.48017] angvel=[0.00142, 0.00594, -0.00392] linvel=[-0.007, 0.00156, -0.00083] z=0.1008
[lowlevel-sim][GT] t=43.051 quat=[0.49276, -0.51762, 0.50872, 0.48007] angvel=[0.01227, 0.0027, -0.01234] linvel=[-0.00713, 0.00032, -0.00208] z=0.1008
[lowlevel-sim] FAIL-CLOSED engaged at t=43.060s, last command age 85.13 ms (deadline <= 100 ms) PASS
[lowlevel-sim] COMMANDED at t=43.064s (was fail-closed)
[lowlevel-sim] FAIL-CLOSED engaged at t=43.065s, last command age 85.28 ms (deadline <= 100 ms) PASS
[lowlevel-sim] COMMANDED at t=43.068s (was fail-closed)
[lowlevel-sim][GT] t=43.101 quat=[0.49201, -0.51844, 0.50956, 0.47906] angvel=[0.02154, -0.01798, 0.00191] linvel=[-0.0066, 0.00332, -0.00174] z=0.1003
[lowlevel-sim][GT] t=43.151 quat=[0.49228, -0.51818, 0.50931, 0.47933] angvel=[0.02903, 0.0068, -0.00324] linvel=[-0.00265, 0.00109, -0.00117] z=0.1004
[lowlevel-sim][GT] t=43.201 quat=[0.49237, -0.51799, 0.50921, 0.47955] angvel=[0.00233, 0.01234, -0.0019] linvel=[0.00312, 0.00133, -0.00159] z=0.1004
[lowlevel-sim][GT] t=43.251 quat=[0.49228, -0.51798, 0.50919, 0.47967] angvel=[0.01778, -0.01927, 0.00902] linvel=[0.00608, 0.00052, -0.00162] z=0.1004
[lowlevel-sim][GT] t=43.301 quat=[0.49211, -0.51796, 0.50921, 0.47984] angvel=[-0.00119, -0.0, 0.0164] linvel=[0.00683, 0.00011, 0.00021] z=0.1004
[lowlevel-sim][GT] t=43.351 quat=[0.492, -0.51793, 0.50921, 0.47999] angvel=[6e-05, 0.001, 0.00735] linvel=[0.0068, -0.00114, 0.00056] z=0.1004
[lowlevel-sim][GT] t=43.401 quat=[0.4919, -0.5179, 0.50922, 0.48011] angvel=[-0.00368, -0.00491, 0.01103] linvel=[0.00647, 0.00091, 0.00124] z=0.1004
[lowlevel-sim][GT] t=43.451 quat=[0.49183, -0.51786, 0.50923, 0.48022] angvel=[0.00125, -0.00154, 0.0037] linvel=[0.00457, -0.00047, -0.00067] z=0.1005
[lowlevel-sim] t=  43.50 mode=cmd        pd=26614 hold=10342 failclosed=90 rtf=0.286 base_z=+0.100 pitch=+1.512 roll=-2.788 |tau|max=  7.86 sat=0/29 knee_L=+0.255 hip_p_L=-0.098 torn=11144 cmd_age=30.9ms auth=113.6s rig_ign=707 fix_base=0
[lowlevel-sim][GT] t=43.501 quat=[0.49181, -0.51784, 0.50923, 0.48025] angvel=[0.0047, -0.00181, 0.00736] linvel=[-3e-05, 0.00034, -0.00024] z=0.1005
[lowlevel-sim][GT] t=43.551 quat=[0.49186, -0.51777, 0.50919, 0.48032] angvel=[0.00327, -0.00466, 0.00032] linvel=[-0.0053, -0.00122, -0.00042] z=0.1005
[lowlevel-sim][GT] t=43.601 quat=[0.49205, -0.51775, 0.50918, 0.48017] angvel=[0.0003, 0.00608, -0.01823] linvel=[-0.0067, 0.00032, 0.00066] z=0.1005
[lowlevel-sim][GT] t=43.651 quat=[0.49228, -0.51774, 0.50913, 0.47999] angvel=[0.00769, 0.0012, -0.00705] linvel=[-0.00726, 0.00053, -0.00126] z=0.1005
[lowlevel-sim][GT] t=43.701 quat=[0.49253, -0.51776, 0.5091, 0.47974] angvel=[0.00389, 0.00222, -0.01333] linvel=[-0.00702, -2e-05, -0.0008] z=0.1004
[lowlevel-sim][GT] t=43.751 quat=[0.4927, -0.51778, 0.5091, 0.47955] angvel=[0.0054, 0.00329, -0.01322] linvel=[-0.0069, 0.00055, -0.00124] z=0.1004
[lowlevel-sim][GT] t=43.801 quat=[0.49282, -0.5178, 0.50912, 0.47939] angvel=[0.00686, -0.0131, -0.00511] linvel=[-0.00604, 0.00112, -0.00072] z=0.1004
[lowlevel-sim] FAIL-CLOSED engaged at t=43.837s, last command age 85.35 ms (deadline <= 100 ms) PASS
[lowlevel-sim] COMMANDED at t=43.840s (was fail-closed)
[lowlevel-sim] FAIL-CLOSED engaged at t=43.843s, last command age 87.08 ms (deadline <= 100 ms) PASS
[lowlevel-sim][GT] t=43.851 quat=[0.49202, -0.51857, 0.50993, 0.47851] angvel=[-0.448, 0.03989, 0.01569] linvel=[-0.00052, 0.00329, -0.02019] z=0.1000
[lowlevel-sim] COMMANDED at t=43.852s (was fail-closed)
[lowlevel-sim][GT] t=43.901 quat=[0.49123, -0.51896, 0.51048, 0.4783] angvel=[0.05342, 0.05179, 0.00744] linvel=[0.00495, 0.00228, -0.0007] z=0.0998
[lowlevel-sim][GT] t=43.951 quat=[0.49135, -0.51838, 0.51005, 0.47928] angvel=[0.04421, 0.01032, 0.00475] linvel=[0.00605, 0.00298, -0.00106] z=0.0999
[lowlevel-sim] t=  44.00 mode=cmd        pd=26869 hold=10342 failclosed=100 rtf=0.286 base_z=+0.100 pitch=+1.511 roll=-2.807 |tau|max=  7.89 sat=0/29 knee_L=+0.255 hip_p_L=-0.098 torn=11170 cmd_age=45.8ms auth=115.5s rig_ign=707 fix_base=0
[lowlevel-sim][GT] t=44.001 quat=[0.49129, -0.51809, 0.50988, 0.47983] angvel=[0.00752, 0.02207, -0.00063] linvel=[0.00756, 0.00282, 0.0] z=0.1000
[lowlevel-sim][GT] t=44.051 quat=[0.49117, -0.51797, 0.50984, 0.48014] angvel=[0.00757, -0.00404, 0.0078] linvel=[0.00712, 0.0005, -0.00012] z=0.1000
[lowlevel-sim][GT] t=44.101 quat=[0.49111, -0.51794, 0.50983, 0.48023] angvel=[0.00727, 0.00503, -0.00047] linvel=[0.00707, -0.00181, 0.00046] z=0.1000
[lowlevel-sim][GT] t=44.151 quat=[0.491, -0.51796, 0.50986, 0.4803] angvel=[0.00582, 0.00898, 0.0039] linvel=[0.0063, 0.00072, -0.00119] z=0.1000
[lowlevel-sim][GT] t=44.201 quat=[0.49092, -0.51795, 0.50986, 0.48038] angvel=[0.00481, -0.00203, 0.00606] linvel=[0.0065, 0.00124, -1e-05] z=0.1001
[lowlevel-sim][GT] t=44.251 quat=[0.49087, -0.51795, 0.50987, 0.48042] angvel=[0.00287, 0.00428, -0.00314] linvel=[0.00461, 0.00025, -8e-05] z=0.1001
[lowlevel-sim][GT] t=44.301 quat=[0.49086, -0.51791, 0.50986, 0.48049] angvel=[0.01157, -0.00325, 0.00082] linvel=[0.0004, -0.00151, -0.00089] z=0.1001
[lowlevel-sim][GT] t=44.351 quat=[0.49096, -0.51785, 0.50982, 0.48049] angvel=[0.01184, -0.00091, -0.00533] linvel=[-0.0057, 0.00023, -0.00028] z=0.1001
[lowlevel-sim][GT] t=44.401 quat=[0.4912, -0.51783, 0.50979, 0.48031] angvel=[-0.00092, -0.01359, -0.01457] linvel=[-0.00738, 0.00163, -3e-05] z=0.1001
[lowlevel-sim][GT] t=44.451 quat=[0.49144, -0.51784, 0.50977, 0.48006] angvel=[-0.00063, -0.01895, -0.00431] linvel=[-0.00717, -0.00083, 0.00032] z=0.1001
[lowlevel-sim] t=  44.50 mode=cmd        pd=27119 hold=10342 failclosed=100 rtf=0.287 base_z=+0.100 pitch=+1.511 roll=-2.800 |tau|max=  7.87 sat=0/29 knee_L=+0.255 hip_p_L=-0.098 torn=11187 cmd_age=23.8ms auth=117.0s rig_ign=707 fix_base=0
[lowlevel-sim][GT] t=44.501 quat=[0.49163, -0.51785, 0.50977, 0.47985] angvel=[0.0132, -0.02648, -0.0019] linvel=[-0.00633, -0.00062, -0.00282] z=0.1001
[lowlevel-sim][GT] t=44.551 quat=[0.49177, -0.51784, 0.50976, 0.47973] angvel=[0.00258, -0.00375, 0.00427] linvel=[-0.00661, -6e-05, -0.00058] z=0.1001
[lowlevel-sim][GT] t=44.601 quat=[0.49195, -0.51781, 0.50971, 0.47963] angvel=[0.0039, -0.00317, -0.00903] linvel=[-0.00555, 0.00146, 0.0011] z=0.1001
[lowlevel-sim][GT] t=44.651 quat=[0.49207, -0.51779, 0.50971, 0.47954] angvel=[0.00736, 0.005, -0.00184] linvel=[-0.00284, -0.00114, -0.00098] z=0.1001
[lowlevel-sim][GT] t=44.701 quat=[0.49209, -0.51782, 0.50971, 0.47948] angvel=[0.00722, 0.01803, -0.00074] linvel=[0.00288, -0.00184, -0.00152] z=0.1001
[lowlevel-sim][GT] t=44.751 quat=[0.49196, -0.51789, 0.50976, 0.47949] angvel=[0.01438, 0.00391, 0.00904] linvel=[0.00704, 0.00057, 0.00041] z=0.1001
[lowlevel-sim][GT] t=44.801 quat=[0.4918, -0.51784, 0.50977, 0.4797] angvel=[0.00735, 0.00899, 0.00532] linvel=[0.00744, -0.00062, -0.00059] z=0.1001
[lowlevel-sim][GT] t=44.851 quat=[0.49167, -0.51782, 0.50977, 0.47985] angvel=[-0.00056, 0.02662, -0.0111] linvel=[0.00663, 7e-05, 0.00068] z=0.1001
[lowlevel-sim][GT] t=44.901 quat=[0.49155, -0.51784, 0.50977, 0.47995] angvel=[-0.00352, 0.00443, -0.00174] linvel=[0.0066, 0.0018, 0.00128] z=0.1001
[lowlevel-sim][GT] t=44.951 quat=[0.49146, -0.51782, 0.50977, 0.48006] angvel=[0.00393, 0.01091, -0.00352] linvel=[0.00686, -0.00146, -0.00078] z=0.1002
[lowlevel-sim] t=  45.00 mode=cmd        pd=27369 hold=10342 failclosed=100 rtf=0.287 base_z=+0.100 pitch=+1.511 roll=-2.809 |tau|max=  7.84 sat=0/29 knee_L=+0.256 hip_p_L=-0.099 torn=11215 cmd_age=45.7ms auth=118.7s rig_ign=707 fix_base=0
[lowlevel-sim][GT] t=45.001 quat=[0.49135, -0.51784, 0.5098, 0.48011] angvel=[0.00703, -0.0022, 0.00494] linvel=[0.00393, -0.00043, 1e-05] z=0.1002
[lowlevel-sim][GT] t=45.051 quat=[0.49132, -0.51783, 0.5098, 0.48016] angvel=[0.01001, -0.00232, -0.00069] linvel=[-0.00017, -0.00058, 7e-05] z=0.1002
[lowlevel-sim][GT] t=45.101 quat=[0.49139, -0.51781, 0.50977, 0.48015] angvel=[0.00397, -0.00678, -0.00956] linvel=[-0.0061, 0.00096, -0.00018] z=0.1002
[lowlevel-sim][GT] t=45.151 quat=[0.49166, -0.51776, 0.5097, 0.48] angvel=[0.00477, 0.00709, -0.01696] linvel=[-0.00661, 0.0009, -0.00104] z=0.1002
[lowlevel-sim][GT] t=45.201 quat=[0.49192, -0.51773, 0.50969, 0.47977] angvel=[0.00578, -0.01446, -0.00973] linvel=[-0.00673, 0.00124, 1e-05] z=0.1002
[lowlevel-sim][GT] t=45.251 quat=[0.49212, -0.51773, 0.50965, 0.47962] angvel=[0.00113, -0.00448, -0.00522] linvel=[-0.00687, 0.00081, -0.00029] z=0.1002
[lowlevel-sim][GT] t=45.301 quat=[0.4923, -0.51774, 0.50964, 0.47943] angvel=[0.00595, -0.01062, 0.00034] linvel=[-0.00662, -0.00063, 8e-05] z=0.1002
[lowlevel-sim][GT] t=45.351 quat=[0.49239, -0.51781, 0.50969, 0.47921] angvel=[-0.00322, 0.00084, -0.01661] linvel=[-0.00561, 0.00044, 7e-05] z=0.1002
[lowlevel-sim][GT] t=45.401 quat=[0.49255, -0.5178, 0.50965, 0.4791] angvel=[0.01013, 0.0111, -0.00513] linvel=[-0.00222, 0.00097, 1e-05] z=0.1002
[lowlevel-sim][GT] t=45.451 quat=[0.49252, -0.51785, 0.50967, 0.47905] angvel=[-0.00392, 0.0039, -0.00152] linvel=[0.00517, -0.0003, -0.00064] z=0.1002
[lowlevel-sim] t=  45.50 mode=cmd        pd=27619 hold=10342 failclosed=100 rtf=0.287 base_z=+0.100 pitch=+1.511 roll=-2.777 |tau|max=  7.86 sat=0/29 knee_L=+0.256 hip_p_L=-0.097 torn=11239 cmd_age=28.6ms auth=120.4s rig_ign=707 fix_base=0
[lowlevel-sim][GT] t=45.501 quat=[0.49231, -0.51787, 0.50972, 0.4792] angvel=[0.01114, 0.01402, -0.00169] linvel=[0.00662, 0.00083, -0.00034] z=0.1002
[lowlevel-sim][GT] t=45.551 quat=[0.49205, -0.51784, 0.50973, 0.47948] angvel=[-0.00327, 0.00882, 0.00762] linvel=[0.00651, 0.00137, -0.00034] z=0.1002
[lowlevel-sim][GT] t=45.601 quat=[0.49192, -0.51778, 0.50972, 0.47968] angvel=[0.0158, 0.01016, 0.00056] linvel=[0.00739, 0.00023, 0.00015] z=0.1002
[lowlevel-sim][GT] t=45.651 quat=[0.4918, -0.51778, 0.50972, 0.47982] angvel=[0.00433, 0.013, 0.0103] linvel=[0.00665, -0.00061, 0.0012] z=0.1002
[lowlevel-sim][GT] t=45.701 quat=[0.49165, -0.51777, 0.50973, 0.47996] angvel=[0.00976, 0.00529, -0.00322] linvel=[0.00617, -0.00149, -0.00097] z=0.1002
[lowlevel-sim][GT] t=45.751 quat=[0.49158, -0.51777, 0.50975, 0.48002] angvel=[-0.00086, -0.00958, 0.0043] linvel=[0.0031, -0.00135, -6e-05] z=0.1003
[lowlevel-sim][GT] t=45.801 quat=[0.49159, -0.51772, 0.50972, 0.48009] angvel=[-0.00817, 0.02676, -0.00801] linvel=[-0.00068, 0.00171, -0.0001] z=0.1003
[lowlevel-sim][GT] t=45.851 quat=[0.49172, -0.51765, 0.50967, 0.48009] angvel=[-0.00202, 0.00931, -0.01328] linvel=[-0.00735, 0.00071, 0.00018] z=0.1003
[lowlevel-sim][GT] t=45.901 quat=[0.49198, -0.51767, 0.50966, 0.47982] angvel=[-5e-05, -0.00306, -0.0125] linvel=[-0.00629, 0.00148, 0.00047] z=0.1003
[lowlevel-sim][GT] t=45.951 quat=[0.49218, -0.51768, 0.50965, 0.4796] angvel=[0.00626, -0.01876, -0.00091] linvel=[-0.00635, -0.00102, -0.00021] z=0.1002
[lowlevel-sim] t=  46.00 mode=cmd        pd=27869 hold=10342 failclosed=100 rtf=0.287 base_z=+0.100 pitch=+1.511 roll=-2.778 |tau|max=  7.84 sat=0/29 knee_L=+0.255 hip_p_L=-0.097 torn=11254 cmd_age=39.8ms auth=122.2s rig_ign=707 fix_base=0
[lowlevel-sim][GT] t=46.001 quat=[0.49236, -0.51772, 0.50966, 0.47938] angvel=[0.01349, -0.00828, -0.00741] linvel=[-0.0061, 0.00044, -0.00143] z=0.1002
[lowlevel-sim][GT] t=46.051 quat=[0.49252, -0.51771, 0.50961, 0.47927] angvel=[-0.00241, -0.00302, -0.0067] linvel=[-0.00652, 6e-05, -0.00029] z=0.1002
[lowlevel-sim][GT] t=46.101 quat=[0.49265, -0.51772, 0.50961, 0.47912] angvel=[0.00781, -0.00206, -0.00454] linvel=[-0.00448, -0.00188, -0.00187] z=0.1002
[lowlevel-sim][GT] t=46.151 quat=[0.49276, -0.51774, 0.5096, 0.479] angvel=[-0.00233, -0.01591, 0.00622] linvel=[-0.002, 0.0002, -0.00014] z=0.1002
[lowlevel-sim][GT] t=46.201 quat=[0.49276, -0.51779, 0.5096, 0.47894] angvel=[-0.00114, -0.00073, 0.00113] linvel=[0.00476, -0.00084, -0.00031] z=0.1002
[lowlevel-sim][GT] t=46.251 quat=[0.49256, -0.51782, 0.50963, 0.47909] angvel=[0.00575, -0.00328, 0.00905] linvel=[0.00734, -0.0006, 0.00093] z=0.1002
[lowlevel-sim][GT] t=46.301 quat=[0.49235, -0.51778, 0.50964, 0.47933] angvel=[0.00301, 0.01785, 0.00396] linvel=[0.0069, 0.00066, -0.00015] z=0.1003
[lowlevel-sim][GT] t=46.351 quat=[0.49217, -0.51776, 0.50966, 0.47952] angvel=[0.00512, 0.00437, 0.00316] linvel=[0.00691, -0.00069, -0.00107] z=0.1003
[lowlevel-sim][GT] t=46.401 quat=[0.49207, -0.51777, 0.50967, 0.4796] angvel=[0.00032, 0.02053, 0.0048] linvel=[0.00699, -0.00125, -6e-05] z=0.1003
[lowlevel-sim][GT] t=46.451 quat=[0.49196, -0.51778, 0.50967, 0.4797] angvel=[0.0057, 0.00516, 0.005] linvel=[0.00616, 0.0002, -0.00056] z=0.1003
[lowlevel-sim] t=  46.50 mode=cmd        pd=28119 hold=10342 failclosed=100 rtf=0.286 base_z=+0.100 pitch=+1.511 roll=-2.794 |tau|max=  7.82 sat=0/29 knee_L=+0.256 hip_p_L=-0.099 torn=11262 cmd_age=54.8ms auth=124.1s rig_ign=707 fix_base=0
[lowlevel-sim][GT] t=46.501 quat=[0.49184, -0.51779, 0.50969, 0.4798] angvel=[-0.00511, -0.00172, 0.00405] linvel=[0.00477, 0.00072, -0.00132] z=0.1003
[lowlevel-sim][GT] t=46.551 quat=[0.4918, -0.51776, 0.50968, 0.47988] angvel=[0.00943, -0.00401, 0.00633] linvel=[0.00014, 0.00058, 0.00033] z=0.1003
[lowlevel-sim][GT] t=46.601 quat=[0.49185, -0.5177, 0.50968, 0.47989] angvel=[0.00259, -0.00574, 0.00044] linvel=[-0.00531, 0.00041, -0.00037] z=0.1003
[lowlevel-sim][GT] t=46.651 quat=[0.49203, -0.51765, 0.50963, 0.47981] angvel=[0.00464, -0.0192, -0.01811] linvel=[-0.00744, 0.00095, -0.00108] z=0.1003
[lowlevel-sim][GT] t=46.701 quat=[0.49229, -0.51764, 0.50961, 0.47957] angvel=[-0.00362, -0.01633, -0.00651] linvel=[-0.00735, 8e-05, 0.00112] z=0.1003
[lowlevel-sim][GT] t=46.751 quat=[0.49252, -0.51766, 0.50959, 0.47934] angvel=[0.00337, -0.01512, 0.00048] linvel=[-0.00635, 0.0006, -0.00048] z=0.1003
[lowlevel-sim][GT] t=46.801 quat=[0.49268, -0.5177, 0.5096, 0.47912] angvel=[-0.0002, -0.00431, -0.00751] linvel=[-0.00611, 0.00242, 0.00016] z=0.1003
[lowlevel-sim][GT] t=46.851 quat=[0.49283, -0.51771, 0.50958, 0.47898] angvel=[0.01505, -0.00648, -0.00425] linvel=[-0.00359, -0.00034, -0.00243] z=0.1003
[lowlevel-sim][GT] t=46.901 quat=[0.49294, -0.5177, 0.50956, 0.47891] angvel=[0.00948, 0.01083, -0.01082] linvel=[-0.00096, 0.00204, -0.00032] z=0.1003
[lowlevel-sim][GT] t=46.951 quat=[0.49291, -0.51775, 0.50957, 0.47887] angvel=[0.00153, 0.01071, 0.00392] linvel=[0.00413, -0.0018, -0.00092] z=0.1003
[lowlevel-sim] t=  47.00 mode=cmd        pd=28369 hold=10342 failclosed=100 rtf=0.286 base_z=+0.100 pitch=+1.511 roll=-2.763 |tau|max=  7.85 sat=0/29 knee_L=+0.256 hip_p_L=-0.096 torn=11276 cmd_age=31.6ms auth=125.9s rig_ign=707 fix_base=0
[lowlevel-sim][GT] t=47.001 quat=[0.49274, -0.51778, 0.50961, 0.47896] angvel=[-0.01247, 0.00703, 0.01275] linvel=[0.00681, -0.00161, -0.00234] z=0.1003
[lowlevel-sim][GT] t=47.051 quat=[0.49255, -0.51778, 0.50963, 0.47913] angvel=[-0.00417, 0.02017, 0.00658] linvel=[0.00724, 0.00035, 0.00067] z=0.1003
[lowlevel-sim][GT] t=47.101 quat=[0.49239, -0.51778, 0.50965, 0.47928] angvel=[-0.0002, 0.00734, -0.0015] linvel=[0.00695, 0.00044, 0.0014] z=0.1003
[lowlevel-sim][GT] t=47.151 quat=[0.49223, -0.51776, 0.50967, 0.47944] angvel=[-0.00772, 0.00013, 0.00896] linvel=[0.00654, 0.00064, -0.00073] z=0.1003
[lowlevel-sim][GT] t=47.201 quat=[0.4921, -0.51775, 0.50968, 0.47959] angvel=[0.00124, 0.00639, -0.00206] linvel=[0.00555, 0.00046, 0.00108] z=0.1003
[lowlevel-sim][GT] t=47.251 quat=[0.49204, -0.51772, 0.50969, 0.47967] angvel=[0.01337, 0.00108, 0.0082] linvel=[0.00113, -0.00029, -0.00131] z=0.1003
[lowlevel-sim][GT] t=47.301 quat=[0.49205, -0.51768, 0.50969, 0.47971] angvel=[0.00642, 0.00553, 0.00304] linvel=[-0.00218, 0.00277, -0.00094] z=0.1003
[lowlevel-sim][GT] t=47.351 quat=[0.49216, -0.5176, 0.50965, 0.47971] angvel=[0.01303, 0.00072, 0.00193] linvel=[-0.00699, -0.00093, -0.00114] z=0.1003
[lowlevel-sim][GT] t=47.401 quat=[0.4923, -0.51758, 0.50966, 0.47958] angvel=[-0.00046, -0.01139, -0.01108] linvel=[-0.00664, 0.00042, 0.00027] z=0.1003
[lowlevel-sim][GT] t=47.451 quat=[0.49248, -0.51762, 0.50966, 0.47936] angvel=[0.00707, -0.01206, -0.00259] linvel=[-0.00667, -0.00149, -0.00086] z=0.1003
[lowlevel-sim] t=  47.50 mode=cmd        pd=28619 hold=10342 failclosed=100 rtf=0.287 base_z=+0.100 pitch=+1.511 roll=-2.769 |tau|max=  7.83 sat=0/29 knee_L=+0.255 hip_p_L=-0.097 torn=11291 cmd_age=25.9ms auth=127.5s rig_ign=707 fix_base=0
[lowlevel-sim][GT] t=47.501 quat=[0.49265, -0.51763, 0.50963, 0.47919] angvel=[0.00425, -0.01059, -0.00821] linvel=[-0.00511, 0.00022, 0.00025] z=0.1003
[lowlevel-sim][GT] t=47.551 quat=[0.49281, -0.51764, 0.50961, 0.47905] angvel=[0.0001, -0.00058, -0.0089] linvel=[-0.0055, 0.00087, 0.00031] z=0.1003
[lowlevel-sim][GT] t=47.601 quat=[0.49293, -0.51764, 0.50958, 0.47895] angvel=[0.00076, -0.00948, -0.00715] linvel=[-0.00181, -5e-05, -0.00035] z=0.1003
[lowlevel-sim][GT] t=47.651 quat=[0.49303, -0.51771, 0.50959, 0.47878] angvel=[0.00517, 0.01034, -0.01508] linvel=[0.00293, -0.00166, -0.00096] z=0.1003
[lowlevel-sim][GT] t=47.701 quat=[0.49294, -0.51777, 0.50961, 0.47877] angvel=[-0.00303, 0.01102, 0.00507] linvel=[0.00689, -0.00112, 0.00062] z=0.1003
[lowlevel-sim][GT] t=47.751 quat=[0.49274, -0.51775, 0.50961, 0.479] angvel=[0.00735, 0.00499, 0.00673] linvel=[0.0068, 0.00036, 0.00059] z=0.1003
[lowlevel-sim][GT] t=47.801 quat=[0.49258, -0.5177, 0.50962, 0.4792] angvel=[0.003, 0.0032, 0.00491] linvel=[0.00725, -0.00045, -0.00024] z=0.1003
[lowlevel-sim][GT] t=47.851 quat=[0.49244, -0.51774, 0.50965, 0.47928] angvel=[-0.00192, -0.0015, 0.00246] linvel=[0.00634, -0.0003, -0.00058] z=0.1003
[lowlevel-sim][GT] t=47.901 quat=[0.49233, -0.51773, 0.50966, 0.47939] angvel=[0.00733, 0.00506, 3e-05] linvel=[0.00542, -0.00044, -0.00055] z=0.1004
[lowlevel-sim][GT] t=47.951 quat=[0.49223, -0.51768, 0.50966, 0.47955] angvel=[0.00388, -0.00262, 0.00582] linvel=[0.00304, 0.00227, -0.0006] z=0.1004
[lowlevel-sim] t=  48.00 mode=cmd        pd=28869 hold=10342 failclosed=100 rtf=0.287 base_z=+0.100 pitch=+1.512 roll=-2.784 |tau|max=  7.80 sat=0/29 knee_L=+0.255 hip_p_L=-0.098 torn=11307 cmd_age=51.0ms auth=129.2s rig_ign=707 fix_base=0
[lowlevel-sim][GT] t=48.001 quat=[0.49221, -0.51763, 0.50964, 0.47964] angvel=[0.00411, 0.00413, 0.00047] linvel=[-0.00106, 0.00043, -0.00029] z=0.1004
[lowlevel-sim][GT] t=48.051 quat=[0.49219, -0.51759, 0.50967, 0.47967] angvel=[0.00572, 0.00035, -0.0029] linvel=[-0.0068, 7e-05, -0.0011] z=0.1004
[lowlevel-sim][GT] t=48.101 quat=[0.49227, -0.51757, 0.5097, 0.47959] angvel=[0.00451, -0.00362, -0.00646] linvel=[-0.00636, -0.00051, -0.00165] z=0.1004
[lowlevel-sim][GT] t=48.151 quat=[0.49245, -0.51759, 0.5097, 0.47937] angvel=[0.00733, -0.00095, -0.01269] linvel=[-0.00695, 0.00117, -0.00066] z=0.1004
[lowlevel-sim][GT] t=48.201 quat=[0.49268, -0.51757, 0.50962, 0.47924] angvel=[0.00125, -0.00738, -0.0093] linvel=[-0.00612, 0.00038, -0.00016] z=0.1003
[lowlevel-sim][GT] t=48.251 quat=[0.49284, -0.5176, 0.50962, 0.47906] angvel=[0.00013, -0.00694, -0.00701] linvel=[-0.0038, 0.00049, 0.00011] z=0.1003
[lowlevel-sim][GT] t=48.301 quat=[0.49297, -0.51761, 0.50961, 0.47891] angvel=[0.00297, 0.00639, -0.01588] linvel=[-0.00091, -0.00071, -0.0011] z=0.1003
[lowlevel-sim][GT] t=48.351 quat=[0.49303, -0.51768, 0.50964, 0.47873] angvel=[-0.00251, -0.01215, -0.00709] linvel=[0.0027, 0.00066, -7e-05] z=0.1003
[lowlevel-sim] FAIL-CLOSED engaged at t=48.380s, last command age 85.87 ms (deadline <= 100 ms) PASS
[lowlevel-sim] COMMANDED at t=48.384s (was fail-closed)
[lowlevel-sim][GT] t=48.401 quat=[0.49256, -0.51808, 0.51005, 0.47835] angvel=[-0.00322, 0.00039, 0.00814] linvel=[0.0053, -0.00262, -0.00095] z=0.1001
[lowlevel-sim][GT] t=48.451 quat=[0.49248, -0.51795, 0.50997, 0.47867] angvel=[0.00843, 0.01636, 0.00522] linvel=[0.00745, 0.00324, 0.00106] z=0.1002
[lowlevel-sim] t=  48.50 mode=cmd        pd=29121 hold=10342 failclosed=104 rtf=0.287 base_z=+0.100 pitch=+1.511 roll=-2.780 |tau|max=  7.81 sat=0/29 knee_L=+0.255 hip_p_L=-0.098 torn=11325 cmd_age=25.1ms auth=130.7s rig_ign=707 fix_base=0
[lowlevel-sim][GT] t=48.501 quat=[0.49233, -0.51778, 0.50991, 0.47907] angvel=[0.002, -0.01255, 0.01785] linvel=[0.00713, 0.00222, 0.00103] z=0.1002
[lowlevel-sim][GT] t=48.551 quat=[0.49214, -0.51771, 0.5099, 0.47935] angvel=[0.00335, 0.01664, 0.00054] linvel=[0.00762, 0.00041, 0.00049] z=0.1002
[lowlevel-sim][GT] t=48.601 quat=[0.49201, -0.51768, 0.5099, 0.47951] angvel=[0.00358, 0.00378, 0.00318] linvel=[0.00643, -0.00016, 2e-05] z=0.1002
[lowlevel-sim][GT] t=48.651 quat=[0.49193, -0.51769, 0.50992, 0.47956] angvel=[0.01696, 0.00492, -0.00238] linvel=[0.00359, 0.00026, -0.00092] z=0.1002
[lowlevel-sim][GT] t=48.701 quat=[0.49188, -0.51767, 0.50992, 0.47963] angvel=[0.00895, -0.0033, 0.0023] linvel=[0.00051, -0.00157, 0.00036] z=0.1002
[lowlevel-sim][GT] t=48.751 quat=[0.49194, -0.51761, 0.50989, 0.47967] angvel=[0.00459, 0.00276, -0.00408] linvel=[-0.00648, 0.00049, 0.00012] z=0.1002
[lowlevel-sim][GT] t=48.801 quat=[0.4921, -0.51756, 0.50986, 0.47961] angvel=[-0.00271, 0.00721, -0.01649] linvel=[-0.00706, 0.00076, 0.0006] z=0.1002
[lowlevel-sim][GT] t=48.851 quat=[0.49234, -0.51757, 0.50985, 0.47935] angvel=[0.00499, -0.00061, -0.01155] linvel=[-0.00641, -0.00017, -0.00055] z=0.1002
[lowlevel-sim][GT] t=48.901 quat=[0.49255, -0.51759, 0.50982, 0.47915] angvel=[0.0098, -0.01105, -0.00768] linvel=[-0.00576, 7e-05, -0.00213] z=0.1002
[lowlevel-sim][GT] t=48.951 quat=[0.49273, -0.51759, 0.50978, 0.479] angvel=[-0.00255, 0.00954, -0.01136] linvel=[-0.00553, -0.00093, -0.00098] z=0.1002
[lowlevel-sim] t=  49.00 mode=cmd        pd=29371 hold=10342 failclosed=104 rtf=0.287 base_z=+0.100 pitch=+1.511 roll=-2.766 |tau|max=  7.82 sat=0/29 knee_L=+0.255 hip_p_L=-0.096 torn=11352 cmd_age=15.6ms auth=132.2s rig_ign=707 fix_base=0
[lowlevel-sim][GT] t=49.001 quat=[0.49281, -0.51763, 0.5098, 0.47885] angvel=[-0.00159, -0.00223, -0.00319] linvel=[-0.0039, 0.00083, 0.00034] z=0.1002
[lowlevel-sim][GT] t=49.051 quat=[0.49295, -0.51763, 0.50975, 0.47876] angvel=[-0.00372, -0.00538, -0.00157] linvel=[-0.00143, -0.00014, 0.0] z=0.1002
[lowlevel-sim][GT] t=49.101 quat=[0.49294, -0.51771, 0.50979, 0.47864] angvel=[0.00792, 0.01325, 0.00577] linvel=[0.00524, -0.00302, -0.00107] z=0.1002
[lowlevel-sim][GT] t=49.151 quat=[0.49275, -0.51774, 0.50982, 0.47877] angvel=[0.00732, 0.00043, 0.00993] linvel=[0.0073, -0.0008, -0.00013] z=0.1002
[lowlevel-sim][GT] t=49.201 quat=[0.49252, -0.51771, 0.50981, 0.47906] angvel=[-0.00267, -0.00698, 0.01342] linvel=[0.00682, 0.00055, 0.00123] z=0.1003
[lowlevel-sim] FAIL-CLOSED engaged at t=49.220s, last command age 87.12 ms (deadline <= 100 ms) PASS
[lowlevel-sim] COMMANDED at t=49.228s (was fail-closed)
[lowlevel-sim] FAIL-CLOSED engaged at t=49.234s, last command age 85.70 ms (deadline <= 100 ms) PASS
[lowlevel-sim] COMMANDED at t=49.240s (was fail-closed)
[lowlevel-sim][GT] t=49.251 quat=[0.49007, -0.51937, 0.51177, 0.47768] angvel=[-0.03977, 0.02227, 0.00825] linvel=[0.00672, 0.00039, -0.00164] z=0.0994
[lowlevel-sim][GT] t=49.301 quat=[0.49033, -0.51869, 0.51126, 0.4787] angvel=[0.05573, 0.01059, 0.01843] linvel=[0.00655, 0.00364, -0.00105] z=0.0995
[lowlevel-sim] FAIL-CLOSED engaged at t=49.343s, last command age 85.36 ms (deadline <= 100 ms) PASS
[lowlevel-sim][GT] t=49.351 quat=[0.48991, -0.5186, 0.51137, 0.4791] angvel=[-0.3656, 0.05599, 0.03179] linvel=[0.00701, 0.00334, -0.02135] z=0.0994
[lowlevel-sim] COMMANDED at t=49.354s (was fail-closed)
[lowlevel-sim] FAIL-CLOSED engaged at t=49.358s, last command age 86.03 ms (deadline <= 100 ms) PASS
[lowlevel-sim] COMMANDED at t=49.361s (was fail-closed)
[lowlevel-sim][GT] t=49.401 quat=[0.48823, -0.51932, 0.51248, 0.47886] angvel=[0.07629, 0.03787, 0.01733] linvel=[0.00515, 0.00305, 0.00108] z=0.0988
[lowlevel-sim][GT] t=49.451 quat=[0.48867, -0.51851, 0.51186, 0.47995] angvel=[0.04649, 0.01573, 0.00431] linvel=[0.00591, 0.00343, -0.00089] z=0.0991
[lowlevel-sim] t=  49.50 mode=cmd        pd=29635 hold=10342 failclosed=131 rtf=0.288 base_z=+0.099 pitch=+1.509 roll=-2.899 |tau|max=  7.78 sat=0/29 knee_L=+0.255 hip_p_L=-0.103 torn=11389 cmd_age=31.6ms auth=133.7s rig_ign=707 fix_base=0
[lowlevel-sim][GT] t=49.501 quat=[0.48886, -0.5181, 0.51157, 0.4805] angvel=[0.01927, 0.00567, -0.00084] linvel=[0.00625, 0.00286, -0.0004] z=0.0992
[lowlevel-sim][GT] t=49.551 quat=[0.48896, -0.51793, 0.51147, 0.48069] angvel=[0.01083, 0.00978, 0.00102] linvel=[0.00012, -0.00035, 0.00039] z=0.0992
[lowlevel-sim][GT] t=49.601 quat=[0.4892, -0.51781, 0.51141, 0.48065] angvel=[-0.00662, -0.00724, -0.00787] linvel=[-0.00711, 0.00224, 0.00204] z=0.0992
[lowlevel-sim][GT] t=49.651 quat=[0.48946, -0.51782, 0.51139, 0.48038] angvel=[-0.00381, -0.00648, -0.00418] linvel=[-0.00639, -0.00143, 8e-05] z=0.0993
[lowlevel-sim][GT] t=49.701 quat=[0.48964, -0.51787, 0.5114, 0.48015] angvel=[0.0021, -0.016, 0.00276] linvel=[-0.00717, -0.00029, -0.0002] z=0.0993
[lowlevel-sim][GT] t=49.751 quat=[0.48983, -0.51787, 0.51137, 0.47998] angvel=[-0.00247, -0.01538, 0.00202] linvel=[-0.00691, 0.00136, 0.00068] z=0.0993
[lowlevel-sim][GT] t=49.801 quat=[0.49002, -0.51786, 0.51134, 0.47983] angvel=[0.00572, 0.00507, -0.01399] linvel=[-0.005, 0.00063, -0.00042] z=0.0993
[lowlevel-sim] FAIL-CLOSED engaged at t=49.841s, last command age 85.10 ms (deadline <= 100 ms) PASS
[lowlevel-sim] COMMANDED at t=49.844s (was fail-closed)
[lowlevel-sim][GT] t=49.851 quat=[0.48982, -0.51811, 0.51162, 0.47947] angvel=[-0.05465, -0.00425, -0.00816] linvel=[-0.00116, -0.0032, -0.00026] z=0.0991
[lowlevel-sim] FAIL-CLOSED engaged at t=49.896s, last command age 86.80 ms (deadline <= 100 ms) PASS
[lowlevel-sim][GT] t=49.901 quat=[0.48966, -0.51828, 0.51183, 0.47922] angvel=[-0.26373, 0.03375, 0.00483] linvel=[0.00451, 0.00476, -0.01298] z=0.0990
[lowlevel-sim] COMMANDED at t=49.902s (was fail-closed)
[lowlevel-sim][GT] t=49.951 quat=[0.48922, -0.51847, 0.51212, 0.47916] angvel=[0.0329, 0.03045, -0.01259] linvel=[0.0065, 0.0045, 0.00103] z=0.0989
[lowlevel-sim] FAIL-CLOSED engaged at t=49.958s, last command age 87.22 ms (deadline <= 100 ms) PASS
[lowlevel-sim] COMMANDED at t=49.960s (was fail-closed)
[lowlevel-sim] t=  50.00 mode=cmd        pd=29890 hold=10342 failclosed=141 rtf=0.288 base_z=+0.099 pitch=+1.507 roll=-2.887 |tau|max=  7.81 sat=0/29 knee_L=+0.253 hip_p_L=-0.102 torn=11414 cmd_age=37.3ms auth=135.3s rig_ign=707 fix_base=0
[lowlevel-sim][GT] t=50.001 quat=[0.48917, -0.51825, 0.51202, 0.47955] angvel=[0.02205, 0.01462, 0.0103] linvel=[0.00732, 0.00144, 1e-05] z=0.0990
[lowlevel-sim][GT] t=50.051 quat=[0.48925, -0.51796, 0.51183, 0.47999] angvel=[0.02077, 0.00655, -0.00224] linvel=[0.00743, 0.00252, -0.00073] z=0.0990
[lowlevel-sim][GT] t=50.101 quat=[0.48922, -0.51782, 0.51178, 0.48022] angvel=[0.00548, -0.00873, 0.00392] linvel=[0.0072, 0.00134, -0.00197] z=0.0991
[lowlevel-sim][GT] t=50.151 quat=[0.48913, -0.51781, 0.51176, 0.48033] angvel=[0.01751, -0.00677, -0.00055] linvel=[0.00688, -0.00098, 8e-05] z=0.0991
[lowlevel-sim][GT] t=50.201 quat=[0.48911, -0.5178, 0.51176, 0.48037] angvel=[0.00516, -0.01797, 0.01331] linvel=[0.00458, -0.00011, 0.0002] z=0.0991
[lowlevel-sim][GT] t=50.251 quat=[0.48913, -0.51776, 0.51174, 0.48042] angvel=[0.00696, -0.0203, -0.00263] linvel=[0.00117, 0.00075, -0.001] z=0.0991
[lowlevel-sim][GT] t=50.301 quat=[0.4892, -0.51772, 0.51172, 0.48041] angvel=[0.00907, -0.00336, -0.01319] linvel=[-0.00269, 8e-05, -0.00045] z=0.0991
[lowlevel-sim][GT] t=50.351 quat=[0.48937, -0.51769, 0.51168, 0.4803] angvel=[0.0023, -0.00958, -0.01264] linvel=[-0.00663, -0.00118, -0.00102] z=0.0991
[lowlevel-sim][GT] t=50.401 quat=[0.48959, -0.51768, 0.51166, 0.48012] angvel=[-0.00588, -0.01801, -0.00579] linvel=[-0.00687, 0.00268, 0.0005] z=0.0992
[lowlevel-sim][GT] t=50.451 quat=[0.48981, -0.51766, 0.51164, 0.47995] angvel=[0.00504, 0.00179, -0.00745] linvel=[-0.00662, -0.00019, -0.0013] z=0.0992
[lowlevel-sim] t=  50.50 mode=cmd        pd=30140 hold=10342 failclosed=141 rtf=0.288 base_z=+0.099 pitch=+1.509 roll=-2.874 |tau|max=  7.78 sat=0/29 knee_L=+0.255 hip_p_L=-0.100 torn=11462 cmd_age=34.8ms auth=137.0s rig_ign=707 fix_base=0
[lowlevel-sim][GT] t=50.501 quat=[0.48995, -0.51767, 0.51164, 0.47979] angvel=[0.00308, -0.01159, -0.00523] linvel=[-0.00513, 0.00162, -0.00012] z=0.0992
[lowlevel-sim][GT] t=50.551 quat=[0.49011, -0.51766, 0.51161, 0.47966] angvel=[0.00414, -0.01013, -0.00834] linvel=[-0.00341, 0.00045, -0.00034] z=0.0992
[lowlevel-sim][GT] t=50.601 quat=[0.49021, -0.51767, 0.5116, 0.47956] angvel=[-0.00258, -0.01427, 0.00725] linvel=[-0.00146, 0.00046, 0.00018] z=0.0992
[lowlevel-sim][GT] t=50.651 quat=[0.4903, -0.51768, 0.51159, 0.47946] angvel=[0.01437, -0.00647, -0.00102] linvel=[-0.00314, -0.00106, -0.00137] z=0.0992
[lowlevel-sim][GT] t=50.701 quat=[0.49032, -0.51774, 0.51162, 0.47934] angvel=[0.0015, 0.00066, -0.00184] linvel=[0.00298, -0.00044, -0.00061] z=0.0992
[lowlevel-sim][GT] t=50.751 quat=[0.49022, -0.51773, 0.51164, 0.47944] angvel=[0.00399, 0.00535, 0.00126] linvel=[0.00745, 0.00097, -0.00058] z=0.0992
[lowlevel-sim][GT] t=50.801 quat=[0.49009, -0.51768, 0.51163, 0.47964] angvel=[0.00366, -0.00095, 0.02098] linvel=[0.00689, -0.00016, 0.00025] z=0.0992
[lowlevel-sim][GT] t=50.851 quat=[0.48995, -0.51766, 0.51161, 0.47982] angvel=[0.00357, -0.00511, 0.0056] linvel=[0.00714, 1e-05, 0.00086] z=0.0992
[lowlevel-sim][GT] t=50.901 quat=[0.48988, -0.51762, 0.51161, 0.47993] angvel=[-0.00284, 0.00492, 0.01098] linvel=[0.00547, -0.00023, 0.00016] z=0.0993
[lowlevel-sim][GT] t=50.951 quat=[0.48979, -0.51765, 0.51165, 0.47997] angvel=[-0.00191, 0.00508, 0.00181] linvel=[0.00634, 0.00169, 0.00042] z=0.0993
[lowlevel-sim] t=  51.00 mode=cmd        pd=30390 hold=10342 failclosed=141 rtf=0.288 base_z=+0.099 pitch=+1.509 roll=-2.882 |tau|max=  7.75 sat=0/29 knee_L=+0.256 hip_p_L=-0.101 torn=11492 cmd_age=23.5ms auth=138.7s rig_ign=707 fix_base=0
[lowlevel-sim][GT] t=51.001 quat=[0.48974, -0.51761, 0.51164, 0.48006] angvel=[0.00031, 0.00275, 0.00653] linvel=[0.00501, -0.00056, 0.00021] z=0.0993
[lowlevel-sim][GT] t=51.051 quat=[0.48971, -0.5176, 0.51163, 0.48011] angvel=[0.02174, -0.00217, 0.00054] linvel=[0.00284, -0.00073, -0.00018] z=0.0993
[lowlevel-sim][GT] t=51.101 quat=[0.48974, -0.51756, 0.51162, 0.48015] angvel=[-0.00188, -0.00226, 2e-05] linvel=[-0.00022, 0.00105, -0.00047] z=0.0993
[lowlevel-sim][GT] t=51.151 quat=[0.48983, -0.51751, 0.51158, 0.48015] angvel=[-0.00191, 0.00501, -0.01543] linvel=[-0.00529, 0.00054, 0.00068] z=0.0993
[lowlevel-sim][GT] t=51.201 quat=[0.49001, -0.51753, 0.51159, 0.47993] angvel=[0.00342, -0.00305, -0.00877] linvel=[-0.00654, 0.00128, -0.0007] z=0.0993
[lowlevel-sim][GT] t=51.251 quat=[0.49019, -0.51755, 0.51156, 0.47975] angvel=[-0.00311, -0.00401, -0.01362] linvel=[-0.00695, 0.00291, 0.00127] z=0.0993
[lowlevel-sim][GT] t=51.301 quat=[0.49036, -0.51754, 0.51154, 0.47961] angvel=[-0.00387, -0.00156, -0.00925] linvel=[-0.00654, 0.00152, 0.00097] z=0.0993
[lowlevel-sim][GT] t=51.351 quat=[0.49052, -0.51754, 0.51152, 0.47948] angvel=[0.00482, -0.01248, -0.00479] linvel=[-0.00531, 0.00036, 0.00067] z=0.0993
[lowlevel-sim][GT] t=51.401 quat=[0.49061, -0.51754, 0.51152, 0.47938] angvel=[-0.00841, -0.00798, -0.00048] linvel=[-0.00123, 0.0003, 0.00093] z=0.0993
[lowlevel-sim][GT] t=51.451 quat=[0.49067, -0.51755, 0.51152, 0.4793] angvel=[-0.00044, -0.00653, -0.00095] linvel=[0.00082, -0.0009, -0.00017] z=0.0993
[lowlevel-sim] t=  51.50 mode=cmd        pd=30640 hold=10342 failclosed=141 rtf=0.288 base_z=+0.099 pitch=+1.509 roll=-2.854 |tau|max=  7.78 sat=0/29 knee_L=+0.256 hip_p_L=-0.100 torn=11532 cmd_age=30.6ms auth=140.4s rig_ign=707 fix_base=0
[lowlevel-sim][GT] t=51.501 quat=[0.49062, -0.51757, 0.51154, 0.47931] angvel=[6e-05, 0.01111, 0.01156] linvel=[0.00631, -0.00166, -0.00057] z=0.0993
[lowlevel-sim][GT] t=51.551 quat=[0.49053, -0.51762, 0.51156, 0.47934] angvel=[0.00417, -0.00548, 0.00529] linvel=[0.0059, -0.00023, -0.00093] z=0.0993
[lowlevel-sim][GT] t=51.601 quat=[0.49041, -0.51759, 0.51158, 0.47947] angvel=[0.00641, -0.00081, -0.00135] linvel=[0.00703, -0.00037, -0.00081] z=0.0994
[lowlevel-sim][GT] t=51.651 quat=[0.49029, -0.51755, 0.51158, 0.47963] angvel=[0.01654, 0.00321, 0.00608] linvel=[0.00649, -0.0002, -0.00025] z=0.0994
[lowlevel-sim][GT] t=51.701 quat=[0.4902, -0.51749, 0.51156, 0.47981] angvel=[0.0035, -0.00536, 0.01492] linvel=[0.00713, 0.00011, 0.00116] z=0.0994
[lowlevel-sim][GT] t=51.751 quat=[0.49012, -0.51748, 0.51157, 0.4799] angvel=[0.00963, -0.01217, -0.00264] linvel=[0.0051, -9e-05, -0.00023] z=0.0994
[lowlevel-sim][GT] t=51.801 quat=[0.49006, -0.51746, 0.51158, 0.47996] angvel=[0.00403, 0.01587, -0.00767] linvel=[0.00325, -0.00127, -0.00094] z=0.0994
[lowlevel-sim][GT] t=51.851 quat=[0.49009, -0.51745, 0.51157, 0.47996] angvel=[0.00062, -0.00122, -0.00859] linvel=[-0.00261, 0.00031, 0.00047] z=0.0994
[lowlevel-sim][GT] t=51.901 quat=[0.49024, -0.51739, 0.51151, 0.47992] angvel=[-0.00278, -0.00412, -0.00214] linvel=[-0.00622, -0.00113, -9e-05] z=0.0995
[lowlevel-sim][GT] t=51.951 quat=[0.49046, -0.5174, 0.5115, 0.4797] angvel=[0.00898, -0.01852, -0.00934] linvel=[-0.00687, -8e-05, -0.00186] z=0.0994
[lowlevel-sim] FAIL-CLOSED engaged at t=51.979s, last command age 86.87 ms (deadline <= 100 ms) PASS
[lowlevel-sim] COMMANDED at t=51.980s (was fail-closed)
[lowlevel-sim] t=  52.00 mode=cmd        pd=30891 hold=10342 failclosed=142 rtf=0.288 base_z=+0.099 pitch=+1.509 roll=-2.856 |tau|max=  7.74 sat=0/29 knee_L=+0.255 hip_p_L=-0.100 torn=11565 cmd_age=87.0ms auth=142.0s rig_ign=707 fix_base=0
[lowlevel-sim][GT] t=52.001 quat=[0.49063, -0.51751, 0.51157, 0.47934] angvel=[0.00134, -0.00809, -0.01888] linvel=[-0.0072, 0.00231, -0.00016] z=0.0994
[lowlevel-sim][GT] t=52.051 quat=[0.49083, -0.51749, 0.51152, 0.47921] angvel=[0.00442, -0.00933, -0.00253] linvel=[-0.00531, 0.00157, -0.00032] z=0.0994
[lowlevel-sim][GT] t=52.101 quat=[0.49094, -0.51747, 0.5115, 0.47913] angvel=[0.00074, 0.0155, -0.01554] linvel=[-0.00394, 0.00099, -0.00032] z=0.0994
[lowlevel-sim][GT] t=52.151 quat=[0.49104, -0.51744, 0.51146, 0.4791] angvel=[0.00812, -0.00994, 0.00357] linvel=[-0.00317, 0.00038, -0.00174] z=0.0994
[lowlevel-sim][GT] t=52.201 quat=[0.4911, -0.51745, 0.51147, 0.47903] angvel=[-0.00081, -0.00358, -0.00051] linvel=[-0.00106, 0.00116, -0.00048] z=0.0994
[lowlevel-sim][GT] t=52.251 quat=[0.49104, -0.51748, 0.51149, 0.47903] angvel=[-0.005, 0.01223, 0.00222] linvel=[0.00568, -0.00088, 4e-05] z=0.0994
[lowlevel-sim][GT] t=52.301 quat=[0.4909, -0.51748, 0.5115, 0.47917] angvel=[0.01159, 0.00804, 0.00155] linvel=[0.00703, 0.00103, -0.0009] z=0.0994
[lowlevel-sim][GT] t=52.351 quat=[0.49074, -0.51748, 0.51152, 0.4793] angvel=[0.00271, 0.02154, -0.00487] linvel=[0.00663, 0.00028, -4e-05] z=0.0994
[lowlevel-sim][GT] t=52.401 quat=[0.4906, -0.51746, 0.51153, 0.47946] angvel=[0.00225, 0.00277, 0.00073] linvel=[0.00598, 0.00168, -0.00049] z=0.0995
[lowlevel-sim][GT] t=52.451 quat=[0.49047, -0.51744, 0.51154, 0.4796] angvel=[0.00016, -0.003, 0.0113] linvel=[0.00636, 0.00028, 0.00016] z=0.0995
[lowlevel-sim] t=  52.50 mode=cmd        pd=31141 hold=10342 failclosed=142 rtf=0.288 base_z=+0.099 pitch=+1.510 roll=-2.865 |tau|max=  7.72 sat=0/29 knee_L=+0.256 hip_p_L=-0.101 torn=11588 cmd_age=67.3ms auth=143.9s rig_ign=707 fix_base=0
[lowlevel-sim][GT] t=52.501 quat=[0.49039, -0.51742, 0.51155, 0.4797] angvel=[0.00191, -0.00552, 0.00687] linvel=[0.00521, 0.0004, -0.00012] z=0.0995
[lowlevel-sim][GT] t=52.551 quat=[0.49031, -0.51742, 0.51156, 0.47977] angvel=[0.00012, 0.00096, 0.00854] linvel=[0.00435, 0.00042, -0.0003] z=0.0995
[lowlevel-sim][GT] t=52.601 quat=[0.49033, -0.51736, 0.51152, 0.47985] angvel=[0.00391, -0.0096, 0.01048] linvel=[-0.00159, 0.00066, -0.00043] z=0.0995
[lowlevel-sim][GT] t=52.651 quat=[0.49047, -0.51732, 0.51148, 0.4798] angvel=[0.00776, -0.00572, -0.01101] linvel=[-0.00648, 0.0006, -0.00064] z=0.0995
[lowlevel-sim][GT] t=52.701 quat=[0.49075, -0.51731, 0.51145, 0.47955] angvel=[0.00055, -0.01243, -0.01537] linvel=[-0.00767, 0.00169, 0.00029] z=0.0995
[lowlevel-sim][GT] t=52.751 quat=[0.49096, -0.51738, 0.51147, 0.47925] angvel=[0.00474, -0.01868, -0.00585] linvel=[-0.00624, -0.00075, -0.00093] z=0.0995
[lowlevel-sim][GT] t=52.801 quat=[0.49113, -0.51739, 0.51144, 0.47909] angvel=[0.00013, -0.00149, -0.00435] linvel=[-0.00555, 0.00171, -3e-05] z=0.0995
[lowlevel-sim][GT] t=52.851 quat=[0.49126, -0.51738, 0.51141, 0.479] angvel=[0.00758, -0.01255, 0.00347] linvel=[-0.00433, 8e-05, -0.00149] z=0.0995
[lowlevel-sim][GT] t=52.901 quat=[0.49137, -0.51738, 0.5114, 0.4789] angvel=[0.01359, -0.01231, 0.0035] linvel=[-0.0028, -0.00102, -0.00234] z=0.0995
[lowlevel-sim][GT] t=52.951 quat=[0.49142, -0.5174, 0.5114, 0.47882] angvel=[0.00257, -0.00305, 0.00118] linvel=[-0.00133, 0.00035, -0.00038] z=0.0995
[lowlevel-sim] t=  53.00 mode=cmd        pd=31391 hold=10342 failclosed=142 rtf=0.288 base_z=+0.099 pitch=+1.509 roll=-2.831 |tau|max=  7.76 sat=0/29 knee_L=+0.256 hip_p_L=-0.099 torn=11602 cmd_age=42.1ms auth=145.5s rig_ign=707 fix_base=0
[lowlevel-sim][GT] t=53.001 quat=[0.49139, -0.51743, 0.51143, 0.47879] angvel=[0.00507, 0.00952, 0.00054] linvel=[0.00434, -0.00065, -0.00085] z=0.0995
[lowlevel-sim][GT] t=53.051 quat=[0.49124, -0.51746, 0.51145, 0.47889] angvel=[0.00374, 0.01839, 0.00374] linvel=[0.00647, 0.00218, 0.00041] z=0.0995
[lowlevel-sim][GT] t=53.101 quat=[0.49108, -0.51742, 0.51146, 0.47909] angvel=[-0.00039, 0.00785, 0.00856] linvel=[0.0074, -0.00085, -0.00066] z=0.0995
[lowlevel-sim][GT] t=53.151 quat=[0.49094, -0.51739, 0.51147, 0.47926] angvel=[0.00549, 0.00765, 0.00201] linvel=[0.00696, 0.00176, 0.00107] z=0.0995
[lowlevel-sim][GT] t=53.201 quat=[0.49082, -0.51737, 0.51149, 0.47937] angvel=[0.00982, -0.00758, 0.00568] linvel=[0.00572, 0.0014, -0.00034] z=0.0995
[lowlevel-sim][GT] t=53.251 quat=[0.49075, -0.51732, 0.51149, 0.47951] angvel=[0.0038, -0.00627, 0.00779] linvel=[0.00623, 0.00029, -0.00082] z=0.0996
[lowlevel-sim][GT] t=53.301 quat=[0.49065, -0.51732, 0.5115, 0.47959] angvel=[0.00292, 0.00559, 0.00147] linvel=[0.00397, -0.00036, -3e-05] z=0.0996
[lowlevel-sim][GT] t=53.351 quat=[0.49064, -0.5173, 0.51149, 0.47963] angvel=[0.00774, 0.00725, -0.00182] linvel=[-0.0027, -0.00026, 0.00021] z=0.0996
[lowlevel-sim][GT] t=53.401 quat=[0.49076, -0.51725, 0.51147, 0.47959] angvel=[0.00276, 0.00244, -0.01322] linvel=[-0.00687, 0.0005, -0.00014] z=0.0996
[lowlevel-sim][GT] t=53.451 quat=[0.49108, -0.51725, 0.51142, 0.47933] angvel=[-0.00082, -0.01766, -0.01434] linvel=[-0.00673, 0.00061, -0.00056] z=0.0996
[lowlevel-sim] t=  53.50 mode=cmd        pd=31641 hold=10342 failclosed=142 rtf=0.289 base_z=+0.100 pitch=+1.510 roll=-2.835 |tau|max=  7.71 sat=0/29 knee_L=+0.255 hip_p_L=-0.099 torn=11613 cmd_age=21.5ms auth=147.1s rig_ign=707 fix_base=0
[lowlevel-sim][GT] t=53.501 quat=[0.49137, -0.51728, 0.51137, 0.47903] angvel=[0.00378, -0.01889, -0.00638] linvel=[-0.00677, -0.00097, -0.001] z=0.0996
[lowlevel-sim][GT] t=53.551 quat=[0.49152, -0.5173, 0.51138, 0.47885] angvel=[0.00231, -0.01484, -0.00358] linvel=[-0.00646, 0.00182, 9e-05] z=0.0996
[lowlevel-sim][GT] t=53.601 quat=[0.49171, -0.51729, 0.51133, 0.47872] angvel=[0.00401, -0.00996, 0.00893] linvel=[-0.00468, 0.00063, -0.00107] z=0.0996
[lowlevel-sim][GT] t=53.651 quat=[0.49178, -0.51732, 0.51135, 0.47859] angvel=[0.00685, -0.00964, -0.0019] linvel=[-0.00398, -0.00046, -0.00109] z=0.0996
[lowlevel-sim][GT] t=53.701 quat=[0.49192, -0.51734, 0.51131, 0.47847] angvel=[0.00662, -0.00066, -0.00222] linvel=[0.00025, -0.00025, -0.00088] z=0.0996
[lowlevel-sim][GT] t=53.751 quat=[0.49195, -0.51735, 0.51132, 0.47842] angvel=[0.01268, 0.00455, 0.00956] linvel=[0.00364, -0.00285, -0.0004] z=0.0996
[lowlevel-sim][GT] t=53.801 quat=[0.49182, -0.5174, 0.51136, 0.47846] angvel=[-0.00309, 0.01342, -0.00484] linvel=[0.00652, 0.0013, 0.00072] z=0.0996
[lowlevel-sim][GT] t=53.851 quat=[0.49161, -0.51736, 0.51138, 0.47869] angvel=[0.00304, 0.00836, 0.00759] linvel=[0.00717, 8e-05, 0.00014] z=0.0996
[lowlevel-sim][GT] t=53.901 quat=[0.49144, -0.51733, 0.51137, 0.47891] angvel=[0.01607, 0.02551, 0.01202] linvel=[0.00599, -0.00035, -0.00059] z=0.0996
[lowlevel-sim][GT] t=53.951 quat=[0.49131, -0.51732, 0.51138, 0.47904] angvel=[0.00066, 0.0021, 0.00895] linvel=[0.00755, -0.00031, -6e-05] z=0.0996
[lowlevel-sim] t=  54.00 mode=cmd        pd=31891 hold=10342 failclosed=142 rtf=0.289 base_z=+0.100 pitch=+1.510 roll=-2.840 |tau|max=  7.72 sat=0/29 knee_L=+0.256 hip_p_L=-0.100 torn=11639 cmd_age=33.5ms auth=148.6s rig_ign=707 fix_base=0
[lowlevel-sim][GT] t=54.001 quat=[0.49118, -0.51735, 0.5114, 0.47913] angvel=[-0.00716, -0.01038, 0.00086] linvel=[0.00549, 0.00148, 0.00094] z=0.0996
[lowlevel-sim][GT] t=54.051 quat=[0.49108, -0.51734, 0.51141, 0.47923] angvel=[0.00378, 0.00419, -0.00414] linvel=[0.00404, -0.00109, -0.00109] z=0.0996
[lowlevel-sim][GT] t=54.101 quat=[0.49104, -0.51731, 0.5114, 0.47931] angvel=[0.00099, 0.01066, 0.00105] linvel=[0.00119, 0.00034, -0.0002] z=0.0996
[lowlevel-sim][GT] t=54.151 quat=[0.49106, -0.51725, 0.51137, 0.47938] angvel=[0.01034, 0.00166, -0.00362] linvel=[-0.00273, -0.00075, -0.0006] z=0.0996
[lowlevel-sim][GT] t=54.201 quat=[0.49111, -0.51721, 0.51139, 0.47936] angvel=[0.00677, -0.01266, -0.00704] linvel=[-0.00697, -0.0001, -0.00178] z=0.0997
[lowlevel-sim][GT] t=54.251 quat=[0.49125, -0.51722, 0.51141, 0.47918] angvel=[0.00298, -0.01263, -0.00814] linvel=[-0.00723, -0.00048, -0.00125] z=0.0996
[lowlevel-sim][GT] t=54.301 quat=[0.49152, -0.51722, 0.51135, 0.47897] angvel=[0.00285, -0.01857, -0.00286] linvel=[-0.00639, 0.00161, -0.00053] z=0.0996
[lowlevel-sim][GT] t=54.351 quat=[0.49169, -0.51723, 0.51132, 0.47881] angvel=[0.00896, -0.0011, -0.00933] linvel=[-0.0071, -0.00162, -0.00046] z=0.0996
[lowlevel-sim][GT] t=54.401 quat=[0.49179, -0.51724, 0.51134, 0.47868] angvel=[0.0057, -0.0117, -0.00197] linvel=[-0.00575, -0.00017, -0.00081] z=0.0996
[lowlevel-sim][GT] t=54.451 quat=[0.49193, -0.51728, 0.51133, 0.47851] angvel=[0.00947, -0.01485, 0.00064] linvel=[-0.00035, 0.00047, -0.00056] z=0.0996
[lowlevel-sim] t=  54.50 mode=cmd        pd=32141 hold=10342 failclosed=142 rtf=0.289 base_z=+0.100 pitch=+1.510 roll=-2.812 |tau|max=  7.74 sat=0/29 knee_L=+0.255 hip_p_L=-0.098 torn=11664 cmd_age=25.3ms auth=150.2s rig_ign=707 fix_base=0
[lowlevel-sim][GT] t=54.501 quat=[0.49206, -0.51727, 0.51126, 0.47846] angvel=[0.00473, 0.01375, 0.00658] linvel=[0.00075, -0.00137, 0.00065] z=0.0996
[lowlevel-sim][GT] t=54.551 quat=[0.49195, -0.51735, 0.51133, 0.47841] angvel=[-0.00186, -0.00174, 0.0044] linvel=[0.00636, -0.00086, -0.00124] z=0.0996
[lowlevel-sim][GT] t=54.601 quat=[0.49175, -0.51737, 0.51136, 0.47855] angvel=[0.00267, 0.006, 0.0084] linvel=[0.0064, 0.00173, 0.00046] z=0.0996
[lowlevel-sim][GT] t=54.651 quat=[0.49157, -0.51732, 0.51136, 0.4788] angvel=[-0.00344, 0.00395, 0.01982] linvel=[0.00673, -0.00062, 0.00061] z=0.0996
[lowlevel-sim][GT] t=54.701 quat=[0.49141, -0.51732, 0.51139, 0.47893] angvel=[0.00644, 0.00846, 0.00731] linvel=[0.0068, -0.00065, 0.00016] z=0.0996
[lowlevel-sim][GT] t=54.751 quat=[0.49127, -0.51733, 0.51141, 0.47905] angvel=[0.00291, 0.00919, 0.00875] linvel=[0.00639, -0.0014, -0.00031] z=0.0997
[lowlevel-sim][GT] t=54.801 quat=[0.49117, -0.51734, 0.51142, 0.47913] angvel=[-0.00281, 0.00079, 0.00371] linvel=[0.00514, 0.00059, 0.00037] z=0.0997
[lowlevel-sim][GT] t=54.851 quat=[0.49111, -0.5173, 0.5114, 0.47925] angvel=[0.01022, 0.00339, -0.00027] linvel=[0.00237, -0.00091, -0.00016] z=0.0997
[lowlevel-sim][GT] t=54.901 quat=[0.4911, -0.51727, 0.51138, 0.47931] angvel=[0.00985, 0.00347, 0.0004] linvel=[-0.00283, 4e-05, -0.00091] z=0.0997
[lowlevel-sim][GT] t=54.951 quat=[0.49112, -0.51722, 0.51138, 0.47934] angvel=[0.00392, -0.00264, -0.00277] linvel=[-0.00722, 0.00069, 9e-05] z=0.0997
[lowlevel-sim] t=  55.00 mode=cmd        pd=32391 hold=10342 failclosed=142 rtf=0.289 base_z=+0.100 pitch=+1.510 roll=-2.840 |tau|max=  7.69 sat=0/29 knee_L=+0.255 hip_p_L=-0.100 torn=11687 cmd_age=18.5ms auth=151.9s rig_ign=707 fix_base=0
[lowlevel-sim][GT] t=55.001 quat=[0.49129, -0.51717, 0.51134, 0.47927] angvel=[-0.00693, -0.01023, -0.00422] linvel=[-0.00653, 0.00048, 0.00078] z=0.0997
[lowlevel-sim][GT] t=55.051 quat=[0.49149, -0.5172, 0.51137, 0.479] angvel=[0.00991, 0.01087, -0.01012] linvel=[-0.00623, -0.00041, -0.00043] z=0.0997
[lowlevel-sim][GT] t=55.101 quat=[0.49171, -0.51722, 0.51133, 0.4788] angvel=[0.00918, -0.01226, -0.00658] linvel=[-0.00613, 0.00027, -0.00143] z=0.0997
[lowlevel-sim][GT] t=55.151 quat=[0.49184, -0.51723, 0.51132, 0.47866] angvel=[0.0037, 3e-05, -0.00707] linvel=[-0.00498, 0.00088, 0.00033] z=0.0997
[lowlevel-sim][GT] t=55.201 quat=[0.49196, -0.51726, 0.51131, 0.47851] angvel=[0.00394, 0.00271, -0.00981] linvel=[-0.00157, -0.00299, -0.00179] z=0.0997
[lowlevel-sim][GT] t=55.251 quat=[0.49205, -0.51732, 0.51131, 0.47836] angvel=[-0.00141, -0.00255, -0.00092] linvel=[0.00252, 0.0005, -0.0002] z=0.0996
[lowlevel-sim][GT] t=55.301 quat=[0.49205, -0.51737, 0.5113, 0.47832] angvel=[-0.00187, 0.02265, -0.00041] linvel=[0.00512, -0.00143, -0.00023] z=0.0996
[lowlevel-sim][GT] t=55.351 quat=[0.49188, -0.51736, 0.51133, 0.47848] angvel=[0.0086, -0.01671, 0.02205] linvel=[0.00701, -7e-05, 0.00021] z=0.0996
[lowlevel-sim][GT] t=55.401 quat=[0.49162, -0.51738, 0.51136, 0.47869] angvel=[0.0034, 0.02382, 0.00377] linvel=[0.00708, -0.00134, 0.00013] z=0.0997
[lowlevel-sim][GT] t=55.451 quat=[0.49148, -0.51736, 0.51137, 0.47885] angvel=[-0.00639, 0.00468, 6e-05] linvel=[0.00672, 0.00172, -0.00076] z=0.0997
[lowlevel-sim] t=  55.50 mode=cmd        pd=32641 hold=10342 failclosed=142 rtf=0.289 base_z=+0.100 pitch=+1.510 roll=-2.835 |tau|max=  7.69 sat=0/29 knee_L=+0.256 hip_p_L=-0.100 torn=11711 cmd_age=58.2ms auth=153.5s rig_ign=707 fix_base=0
[lowlevel-sim][GT] t=55.501 quat=[0.49134, -0.51732, 0.51138, 0.47902] angvel=[0.00683, -0.00349, 0.00704] linvel=[0.00566, -0.00147, -0.00031] z=0.0997
[lowlevel-sim][GT] t=55.551 quat=[0.49127, -0.51728, 0.51138, 0.47913] angvel=[0.00514, 0.01443, 0.0043] linvel=[0.00314, -0.0019, -0.0011] z=0.0997
[lowlevel-sim][GT] t=55.601 quat=[0.49123, -0.51726, 0.51137, 0.4792] angvel=[-0.00291, 0.00102, -0.00331] linvel=[-0.00391, 0.00269, 0.0009] z=0.0997
[lowlevel-sim][GT] t=55.651 quat=[0.49125, -0.51721, 0.51139, 0.47921] angvel=[-0.0148, 0.00245, -0.00609] linvel=[-0.00718, 0.00066, -0.00064] z=0.0997
[lowlevel-sim][GT] t=55.701 quat=[0.49144, -0.51721, 0.5114, 0.47901] angvel=[0.00113, -0.01103, -0.01376] linvel=[-0.00689, 0.00061, -0.00058] z=0.0997
[lowlevel-sim][GT] t=55.751 quat=[0.49164, -0.51723, 0.51139, 0.4788] angvel=[-0.00131, 0.0067, -0.01762] linvel=[-0.00585, -0.00059, -0.00155] z=0.0997
[lowlevel-sim][GT] t=55.801 quat=[0.49182, -0.51724, 0.51138, 0.47861] angvel=[0.00246, -0.00967, 0.00058] linvel=[-0.00603, -0.00015, -0.00078] z=0.0997
[lowlevel-sim][GT] t=55.851 quat=[0.49197, -0.51724, 0.51133, 0.47851] angvel=[-0.00543, -0.01016, -0.00063] linvel=[-0.00492, 0.00174, 0.00034] z=0.0997
[lowlevel-sim][GT] t=55.901 quat=[0.49205, -0.51725, 0.51132, 0.47842] angvel=[0.00594, 0.00158, -0.00683] linvel=[-0.00017, 0.00148, -0.00112] z=0.0997
[lowlevel-sim][GT] t=55.951 quat=[0.49212, -0.51729, 0.5113, 0.47833] angvel=[-0.0023, 0.0035, 0.00205] linvel=[0.00359, -0.00206, -0.00106] z=0.0997
[lowlevel-sim] t=  56.00 mode=cmd        pd=32891 hold=10342 failclosed=142 rtf=0.290 base_z=+0.100 pitch=+1.509 roll=-2.809 |tau|max=  7.71 sat=0/29 knee_L=+0.256 hip_p_L=-0.098 torn=11738 cmd_age=36.3ms auth=155.1s rig_ign=707 fix_base=0
[lowlevel-sim][GT] t=56.001 quat=[0.4921, -0.51733, 0.51128, 0.47833] angvel=[5e-05, 0.00787, -0.00934] linvel=[0.00666, 6e-05, 0.00023] z=0.0997
[lowlevel-sim][GT] t=56.051 quat=[0.49194, -0.51736, 0.5113, 0.47843] angvel=[0.00865, 0.01679, -0.00178] linvel=[0.00662, -0.00015, -0.00067] z=0.0997
[lowlevel-sim][GT] t=56.101 quat=[0.49175, -0.51733, 0.51132, 0.47864] angvel=[0.00583, 0.02296, 0.00045] linvel=[0.00609, 0.00026, 0.00065] z=0.0997
[lowlevel-sim][GT] t=56.151 quat=[0.49159, -0.51732, 0.51134, 0.4788] angvel=[0.0069, 0.00412, 0.01516] linvel=[0.00715, -0.00065, -0.00041] z=0.0997
[lowlevel-sim][GT] t=56.201 quat=[0.49141, -0.51735, 0.51137, 0.47892] angvel=[0.0037, 0.00227, 0.00773] linvel=[0.00527, -0.00093, -0.00072] z=0.0997
[lowlevel-sim][GT] t=56.251 quat=[0.49136, -0.51732, 0.51134, 0.47904] angvel=[0.00514, -0.00446, 0.00992] linvel=[0.00192, 0.00013, -0.00057] z=0.0997
[lowlevel-sim][GT] t=56.301 quat=[0.4913, -0.5173, 0.51136, 0.4791] angvel=[-0.00093, 0.00494, -0.00345] linvel=[-0.00217, 0.00024, 0.00033] z=0.0997
[lowlevel-sim][GT] t=56.351 quat=[0.49126, -0.51727, 0.5114, 0.47913] angvel=[0.00516, -0.00095, 0.00121] linvel=[-0.0075, 0.00134, -0.00107] z=0.0997
[lowlevel-sim][GT] t=56.401 quat=[0.49143, -0.51723, 0.5114, 0.479] angvel=[-0.00705, 0.00069, -0.00755] linvel=[-0.00734, 0.00106, 0.00033] z=0.0997
[lowlevel-sim][GT] t=56.451 quat=[0.49165, -0.51724, 0.51139, 0.47878] angvel=[0.00176, -0.00983, -0.01932] linvel=[-0.00688, 0.00025, 0.00049] z=0.0997
[lowlevel-sim] FAIL-CLOSED engaged at t=56.480s, last command age 87.91 ms (deadline <= 100 ms) PASS
[lowlevel-sim] COMMANDED at t=56.486s (was fail-closed)
[lowlevel-sim] t=  56.50 mode=cmd        pd=33143 hold=10342 failclosed=147 rtf=0.290 base_z=+0.099 pitch=+1.507 roll=-2.834 |tau|max=  7.77 sat=0/29 knee_L=+0.252 hip_p_L=-0.101 torn=11760 cmd_age=33.2ms auth=156.8s rig_ign=707 fix_base=0
[lowlevel-sim][GT] t=56.501 quat=[0.4911, -0.51799, 0.5121, 0.47777] angvel=[-0.03139, -0.02887, 0.00436] linvel=[-0.00723, -0.00094, 0.00117] z=0.0993
[lowlevel-sim][GT] t=56.551 quat=[0.49128, -0.51783, 0.51196, 0.47791] angvel=[0.02768, 0.00487, 0.00379] linvel=[0.00197, 0.00069, -0.00022] z=0.0993
[lowlevel-sim][GT] t=56.601 quat=[0.49121, -0.51762, 0.51184, 0.47834] angvel=[0.01323, 0.01227, 0.01561] linvel=[0.00655, 0.0035, -0.00131] z=0.0993
[lowlevel-sim][GT] t=56.651 quat=[0.49107, -0.51748, 0.51178, 0.47869] angvel=[0.00979, -8e-05, 3e-05] linvel=[0.00716, 0.00162, -0.00102] z=0.0994
[lowlevel-sim][GT] t=56.701 quat=[0.49094, -0.51745, 0.51178, 0.47886] angvel=[0.00797, -0.00335, 0.01361] linvel=[0.00635, -0.00044, -0.00128] z=0.0994
[lowlevel-sim][GT] t=56.751 quat=[0.49078, -0.51743, 0.5118, 0.47902] angvel=[-0.01456, -0.00974, 0.01167] linvel=[0.00714, -0.0002, -0.00103] z=0.0994
[lowlevel-sim][GT] t=56.801 quat=[0.49068, -0.51744, 0.51182, 0.47909] angvel=[0.01126, -0.00621, 0.00372] linvel=[0.0048, -0.00115, -0.00138] z=0.0994
[lowlevel-sim][GT] t=56.851 quat=[0.49062, -0.51742, 0.51182, 0.47918] angvel=[0.01004, 0.00497, -0.00066] linvel=[0.00362, -0.00061, -0.00052] z=0.0994
[lowlevel-sim] FAIL-CLOSED engaged at t=56.892s, last command age 85.69 ms (deadline <= 100 ms) PASS
[lowlevel-sim] COMMANDED at t=56.896s (was fail-closed)
[lowlevel-sim][GT] t=56.901 quat=[0.49017, -0.51773, 0.51218, 0.47892] angvel=[-0.10869, -0.00252, 0.00895] linvel=[0.00213, 0.00126, -0.00372] z=0.0993
[lowlevel-sim][GT] t=56.951 quat=[0.49019, -0.51767, 0.51216, 0.47898] angvel=[0.01576, -0.00338, 0.00189] linvel=[-0.00256, 0.00193, -0.0] z=0.0992
[lowlevel-sim] t=  57.00 mode=cmd        pd=33394 hold=10342 failclosed=150 rtf=0.289 base_z=+0.099 pitch=+1.508 roll=-2.870 |tau|max=  7.68 sat=0/29 knee_L=+0.255 hip_p_L=-0.102 torn=11778 cmd_age=20.9ms auth=158.6s rig_ign=707 fix_base=0
[lowlevel-sim][GT] t=57.001 quat=[0.49028, -0.51748, 0.51207, 0.47919] angvel=[0.00276, 0.00611, 0.00751] linvel=[-0.00332, 0.00212, 7e-05] z=0.0993
[lowlevel-sim][GT] t=57.051 quat=[0.49046, -0.51739, 0.51197, 0.47922] angvel=[0.01306, -0.00458, -0.01699] linvel=[-0.00647, 0.0007, -0.00084] z=0.0993
[lowlevel-sim][GT] t=57.101 quat=[0.49063, -0.5174, 0.51195, 0.47904] angvel=[0.00439, 0.00345, -0.01631] linvel=[-0.0071, 0.0002, -0.00104] z=0.0993
[lowlevel-sim][GT] t=57.151 quat=[0.49084, -0.51741, 0.51194, 0.47884] angvel=[-0.00317, -0.00621, -0.00216] linvel=[-0.00643, -0.00052, -6e-05] z=0.0993
[lowlevel-sim][GT] t=57.201 quat=[0.49105, -0.5174, 0.5119, 0.47867] angvel=[-0.00565, -0.01843, -0.00054] linvel=[-0.00722, 0.00117, -0.00112] z=0.0993
[lowlevel-sim][GT] t=57.251 quat=[0.49121, -0.51741, 0.51186, 0.47854] angvel=[-0.00628, 0.0063, -0.00765] linvel=[-0.0042, -0.00109, -0.00125] z=0.0993
[lowlevel-sim][GT] t=57.301 quat=[0.49131, -0.51741, 0.51185, 0.47844] angvel=[0.00107, 0.00713, -0.00696] linvel=[-0.00235, 0.00157, 0.00048] z=0.0993
[lowlevel-sim][GT] t=57.351 quat=[0.49131, -0.51747, 0.51188, 0.47834] angvel=[-0.00793, -0.00154, -0.00642] linvel=[0.00302, -5e-05, -0.00054] z=0.0993
[lowlevel-sim][GT] t=57.401 quat=[0.49114, -0.51755, 0.51193, 0.47838] angvel=[-0.00318, 0.01451, 0.00059] linvel=[0.00676, 0.00026, 0.00134] z=0.0993
[lowlevel-sim][GT] t=57.451 quat=[0.49093, -0.51752, 0.51194, 0.47862] angvel=[0.00525, 0.00785, 0.00219] linvel=[0.00614, 0.00073, -0.00035] z=0.0993
[lowlevel-sim] t=  57.50 mode=cmd        pd=33644 hold=10342 failclosed=150 rtf=0.290 base_z=+0.099 pitch=+1.509 roll=-2.853 |tau|max=  7.69 sat=0/29 knee_L=+0.256 hip_p_L=-0.100 torn=11809 cmd_age=48.8ms auth=160.1s rig_ign=707 fix_base=0
[lowlevel-sim][GT] t=57.501 quat=[0.49081, -0.51748, 0.51192, 0.47882] angvel=[-0.00664, 0.00754, 0.00043] linvel=[0.00685, 0.00097, 0.00088] z=0.0993
[lowlevel-sim][GT] t=57.551 quat=[0.49068, -0.51748, 0.51192, 0.47894] angvel=[-0.00101, -0.01018, 0.01262] linvel=[0.00681, -6e-05, -0.00026] z=0.0993
[lowlevel-sim][GT] t=57.601 quat=[0.49059, -0.51747, 0.51192, 0.47904] angvel=[-0.00415, -0.00107, 0.00131] linvel=[0.00547, 0.00079, 0.00097] z=0.0993
[lowlevel-sim][GT] t=57.651 quat=[0.49053, -0.51745, 0.51192, 0.47913] angvel=[-0.00523, 0.00184, -0.01008] linvel=[0.00307, 0.00153, 0.00201] z=0.0993
[lowlevel-sim][GT] t=57.701 quat=[0.49057, -0.51741, 0.51189, 0.47915] angvel=[0.01078, -0.00354, -0.00961] linvel=[-0.00319, 0.00122, 0.00023] z=0.0993
[lowlevel-sim][GT] t=57.751 quat=[0.49072, -0.51735, 0.51184, 0.47912] angvel=[0.0016, -0.00547, -0.00165] linvel=[-0.00619, 0.0021, 0.0006] z=0.0994
[lowlevel-sim][GT] t=57.801 quat=[0.491, -0.51734, 0.5118, 0.4789] angvel=[0.00295, -0.01241, -0.00782] linvel=[-0.00593, -0.00161, -0.00054] z=0.0993
[lowlevel-sim][GT] t=57.851 quat=[0.49117, -0.51739, 0.51182, 0.47864] angvel=[0.00968, -0.00655, -0.01031] linvel=[-0.00654, 0.00057, -0.00152] z=0.0993
[lowlevel-sim][GT] t=57.901 quat=[0.49133, -0.51738, 0.51179, 0.47851] angvel=[-0.00101, -0.01947, 0.00831] linvel=[-0.00629, 0.00135, -0.00037] z=0.0993
[lowlevel-sim][GT] t=57.951 quat=[0.4915, -0.5174, 0.51178, 0.47834] angvel=[0.00418, -0.01952, -0.00018] linvel=[-0.0064, -0.00085, -0.00066] z=0.0993
[lowlevel-sim] t=  58.00 mode=cmd        pd=33894 hold=10342 failclosed=150 rtf=0.290 base_z=+0.099 pitch=+1.509 roll=-2.826 |tau|max=  7.70 sat=0/29 knee_L=+0.255 hip_p_L=-0.098 torn=11836 cmd_age=25.8ms auth=161.7s rig_ign=707 fix_base=0
[lowlevel-sim][GT] t=58.001 quat=[0.49166, -0.51738, 0.51175, 0.47822] angvel=[0.00464, 0.00238, -0.00848] linvel=[-0.00546, -1e-05, -0.00071] z=0.0993
[lowlevel-sim][GT] t=58.051 quat=[0.49174, -0.51741, 0.51177, 0.47809] angvel=[-0.004, 0.00195, 0.00355] linvel=[-0.00238, -0.00172, -8e-05] z=0.0993
[lowlevel-sim][GT] t=58.101 quat=[0.49176, -0.51744, 0.51177, 0.47805] angvel=[0.00605, -0.0019, 0.00722] linvel=[0.00621, -0.00065, -0.00061] z=0.0993
[lowlevel-sim][GT] t=58.151 quat=[0.49155, -0.5175, 0.51183, 0.47813] angvel=[-0.01548, 0.01541, 0.00859] linvel=[0.00731, 0.00122, 0.00127] z=0.0993
[lowlevel-sim][GT] t=58.201 quat=[0.4913, -0.51745, 0.51184, 0.47842] angvel=[0.00116, 0.0125, 0.01884] linvel=[0.00589, -0.00151, -0.00019] z=0.0993
[lowlevel-sim][GT] t=58.251 quat=[0.49108, -0.5174, 0.51183, 0.47872] angvel=[0.00726, 0.01764, 0.00188] linvel=[0.00694, 0.00068, 0.00045] z=0.0994
[lowlevel-sim] FAIL-CLOSED engaged at t=58.254s, last command age 85.24 ms (deadline <= 100 ms) PASS
[lowlevel-sim] COMMANDED at t=58.256s (was fail-closed)
[lowlevel-sim][GT] t=58.301 quat=[0.49074, -0.51755, 0.51202, 0.47869] angvel=[-0.00737, 0.00618, 0.01071] linvel=[0.00669, 0.00073, 0.00085] z=0.0993
[lowlevel-sim][GT] t=58.351 quat=[0.4906, -0.51747, 0.51201, 0.47894] angvel=[0.01559, 0.0035, -0.00169] linvel=[0.00624, 0.00042, -0.00047] z=0.0993
[lowlevel-sim][GT] t=58.401 quat=[0.49052, -0.51741, 0.512, 0.47909] angvel=[0.01067, -0.01019, 0.01046] linvel=[0.00492, 6e-05, -0.00033] z=0.0993
[lowlevel-sim][GT] t=58.451 quat=[0.49048, -0.51736, 0.51198, 0.47922] angvel=[0.00445, 0.00401, -0.00186] linvel=[0.00273, 0.00049, -0.00065] z=0.0993
[lowlevel-sim] t=  58.50 mode=cmd        pd=34145 hold=10342 failclosed=152 rtf=0.290 base_z=+0.099 pitch=+1.509 roll=-2.867 |tau|max=  7.63 sat=0/29 knee_L=+0.255 hip_p_L=-0.101 torn=11863 cmd_age=43.2ms auth=163.4s rig_ign=707 fix_base=0
[lowlevel-sim][GT] t=58.501 quat=[0.4905, -0.51732, 0.51196, 0.47926] angvel=[0.01251, -0.00088, -0.00532] linvel=[-0.00336, 0.00064, -0.00152] z=0.0994
[lowlevel-sim][GT] t=58.551 quat=[0.4906, -0.51729, 0.51195, 0.4792] angvel=[0.00284, -0.015, -0.00024] linvel=[-0.00723, -0.00027, -0.00064] z=0.0993
[lowlevel-sim][GT] t=58.601 quat=[0.49089, -0.51726, 0.51191, 0.47897] angvel=[0.00381, 0.00161, -0.00752] linvel=[-0.00652, -0.00208, -0.00071] z=0.0993
[lowlevel-sim][GT] t=58.651 quat=[0.49106, -0.5173, 0.51192, 0.47875] angvel=[-0.00164, -0.01205, 0.00408] linvel=[-0.00667, -0.00165, -0.00053] z=0.0993
[lowlevel-sim][GT] t=58.701 quat=[0.4912, -0.51732, 0.51192, 0.47859] angvel=[0.00569, -0.01374, -0.00534] linvel=[-0.00674, -0.00034, -0.00141] z=0.0993
[lowlevel-sim][GT] t=58.751 quat=[0.49138, -0.51731, 0.51189, 0.47844] angvel=[0.00062, -0.00911, -0.00568] linvel=[-0.00697, 0.00232, -0.00071] z=0.0993
[lowlevel-sim] FAIL-CLOSED engaged at t=58.799s, last command age 86.38 ms (deadline <= 100 ms) PASS
[lowlevel-sim] COMMANDED at t=58.800s (was fail-closed)
[lowlevel-sim][GT] t=58.801 quat=[0.49149, -0.51738, 0.51191, 0.47824] angvel=[-0.05531, -0.00894, -0.00718] linvel=[-0.00596, 5e-05, -0.00196] z=0.0993
[lowlevel-sim] FAIL-CLOSED engaged at t=58.813s, last command age 86.63 ms (deadline <= 100 ms) PASS
[lowlevel-sim] COMMANDED at t=58.818s (was fail-closed)
[lowlevel-sim][GT] t=58.851 quat=[0.49095, -0.51795, 0.51251, 0.47753] angvel=[0.00445, 0.01047, -0.00164] linvel=[-0.00501, 0.00311, 0.00042] z=0.0990
[lowlevel-sim][GT] t=58.901 quat=[0.491, -0.51772, 0.51234, 0.4779] angvel=[0.01645, 0.00655, 0.01309] linvel=[0.00711, 0.00318, 0.00052] z=0.0991
[lowlevel-sim][GT] t=58.951 quat=[0.49087, -0.51754, 0.51228, 0.4783] angvel=[0.00604, 0.00988, 0.00033] linvel=[0.00701, 0.00216, -0.00096] z=0.0991
[lowlevel-sim] FAIL-CLOSED engaged at t=58.965s, last command age 85.51 ms (deadline <= 100 ms) PASS
[lowlevel-sim] COMMANDED at t=58.968s (was fail-closed)
[lowlevel-sim] t=  59.00 mode=cmd        pd=34399 hold=10342 failclosed=159 rtf=0.290 base_z=+0.099 pitch=+1.507 roll=-2.864 |tau|max=  7.69 sat=0/29 knee_L=+0.254 hip_p_L=-0.102 torn=11879 cmd_age=47.8ms auth=165.0s rig_ign=707 fix_base=0
[lowlevel-sim][GT] t=59.001 quat=[0.4904, -0.51775, 0.51255, 0.47826] angvel=[0.00612, 0.01398, -0.00258] linvel=[0.00768, 0.00185, -0.00042] z=0.0990
[lowlevel-sim][GT] t=59.051 quat=[0.49031, -0.51756, 0.51244, 0.47868] angvel=[0.0132, 0.026, 0.00917] linvel=[0.00712, 0.00106, -0.00083] z=0.0990
[lowlevel-sim][GT] t=59.101 quat=[0.49022, -0.51744, 0.51241, 0.47892] angvel=[0.00592, 0.00468, 0.00229] linvel=[0.00708, 0.00059, 0.00025] z=0.0991
[lowlevel-sim][GT] t=59.151 quat=[0.49012, -0.5174, 0.51239, 0.4791] angvel=[-0.00044, 0.00084, -0.00223] linvel=[0.00628, -0.00072, -0.0006] z=0.0991
[lowlevel-sim][GT] t=59.201 quat=[0.49005, -0.51739, 0.5124, 0.47917] angvel=[0.00849, 0.01673, -0.00883] linvel=[0.0055, -0.00064, -0.00099] z=0.0991
[lowlevel-sim] FAIL-CLOSED engaged at t=59.240s, last command age 93.67 ms (deadline <= 100 ms) PASS
[lowlevel-sim] COMMANDED at t=59.242s (was fail-closed)
[lowlevel-sim][GT] t=59.251 quat=[0.48982, -0.51754, 0.51256, 0.47908] angvel=[-0.01279, 0.00337, 0.00039] linvel=[0.00262, -0.00174, -0.00081] z=0.0990
[lowlevel-sim][GT] t=59.301 quat=[0.48986, -0.51747, 0.51252, 0.47916] angvel=[0.00873, 0.00194, 0.00447] linvel=[-0.00042, 0.00172, 9e-05] z=0.0991
[lowlevel-sim][GT] t=59.351 quat=[0.48992, -0.51737, 0.51248, 0.47924] angvel=[-0.00154, -0.00054, 0.0001] linvel=[-0.00336, 0.00148, 0.00051] z=0.0991
[lowlevel-sim][GT] t=59.401 quat=[0.49006, -0.51732, 0.51243, 0.47921] angvel=[-0.01919, -0.00323, -0.00657] linvel=[-0.00637, 0.00337, -0.00016] z=0.0991
[lowlevel-sim][GT] t=59.451 quat=[0.49021, -0.51731, 0.51239, 0.4791] angvel=[0.005, -0.00601, -0.00469] linvel=[-0.00608, 0.00021, -0.00158] z=0.0991
[lowlevel-sim] t=  59.50 mode=cmd        pd=34649 hold=10342 failclosed=160 rtf=0.290 base_z=+0.099 pitch=+1.508 roll=-2.871 |tau|max=  7.65 sat=0/29 knee_L=+0.255 hip_p_L=-0.101 torn=11892 cmd_age=37.9ms auth=166.6s rig_ign=707 fix_base=0
[lowlevel-sim][GT] t=59.501 quat=[0.49043, -0.51733, 0.51237, 0.47888] angvel=[-0.00455, -0.01676, -0.00096] linvel=[-0.00678, 0.00148, 0.00101] z=0.0991
[lowlevel-sim][GT] t=59.551 quat=[0.49059, -0.51736, 0.51236, 0.4787] angvel=[-0.00248, -0.026, 0.00408] linvel=[-0.0058, 0.00068, -0.00048] z=0.0991
[lowlevel-sim][GT] t=59.601 quat=[0.49073, -0.51736, 0.51233, 0.47858] angvel=[0.00129, 0.00948, -0.0066] linvel=[-0.00575, 0.00041, -0.00096] z=0.0991
[lowlevel-sim][GT] t=59.651 quat=[0.49084, -0.51735, 0.51231, 0.4785] angvel=[0.00211, 0.00278, -0.01118] linvel=[-0.00533, 0.00079, -0.0005] z=0.0991
[lowlevel-sim][GT] t=59.701 quat=[0.49093, -0.51734, 0.51231, 0.47842] angvel=[-0.00221, -0.00514, -0.00322] linvel=[4e-05, -0.0007, 0.00041] z=0.0991
[lowlevel-sim][GT] t=59.751 quat=[0.49088, -0.5174, 0.51236, 0.47835] angvel=[0.00334, -0.0094, 0.00087] linvel=[0.00574, -0.00086, 1e-05] z=0.0991
[lowlevel-sim][GT] t=59.801 quat=[0.49073, -0.51743, 0.51237, 0.47846] angvel=[0.00411, -0.0097, 0.00903] linvel=[0.00745, -0.00076, -0.00021] z=0.0991
[lowlevel-sim][GT] t=59.851 quat=[0.49056, -0.51738, 0.51238, 0.47868] angvel=[0.00617, 0.01069, 0.0003] linvel=[0.0064, -0.00068, -0.00095] z=0.0991
[lowlevel-sim][GT] t=59.901 quat=[0.4904, -0.51738, 0.51239, 0.47884] angvel=[0.01154, -0.00093, -0.00322] linvel=[0.00676, -0.0009, -0.00144] z=0.0991
[lowlevel-sim][GT] t=59.951 quat=[0.49025, -0.51735, 0.51239, 0.47901] angvel=[0.00127, 0.00316, 0.00468] linvel=[0.00727, -0.00028, 0.00013] z=0.0991
[lowlevel-sim] t=  60.00 mode=cmd        pd=34899 hold=10342 failclosed=160 rtf=0.290 base_z=+0.099 pitch=+1.508 roll=-2.879 |tau|max=  7.64 sat=0/29 knee_L=+0.256 hip_p_L=-0.102 torn=11909 cmd_age=36.7ms auth=168.3s rig_ign=707 fix_base=0
[lowlevel-sim][GT] t=60.001 quat=[0.49018, -0.51734, 0.51241, 0.47909] angvel=[0.00285, -0.00658, 0.0092] linvel=[0.00594, -0.00079, -0.00047] z=0.0991
[lowlevel-sim][GT] t=60.051 quat=[0.4901, -0.51734, 0.51241, 0.47916] angvel=[0.00815, -0.01083, 0.0003] linvel=[0.006, -0.00045, 0.00025] z=0.0991
[lowlevel-sim][GT] t=60.101 quat=[0.49009, -0.51729, 0.5124, 0.47924] angvel=[0.00161, 0.00939, -0.0022] linvel=[0.002, 1e-05, -0.00101] z=0.0992
[lowlevel-sim][GT] t=60.151 quat=[0.49012, -0.51727, 0.51239, 0.47923] angvel=[0.01415, -0.00458, 0.0014] linvel=[-0.00497, -0.00098, -3e-05] z=0.0992
[lowlevel-sim][GT] t=60.201 quat=[0.49035, -0.51722, 0.51231, 0.47916] angvel=[0.00641, -0.01109, -0.00122] linvel=[-0.00801, 0.00103, -0.00058] z=0.0992
[lowlevel-sim][GT] t=60.251 quat=[0.49058, -0.51721, 0.51228, 0.47895] angvel=[-0.00738, -0.01834, -0.00617] linvel=[-0.00648, 0.00211, 0.00189] z=0.0992
[lowlevel-sim][GT] t=60.301 quat=[0.4908, -0.51726, 0.51228, 0.47868] angvel=[0.00084, -0.00591, -0.00262] linvel=[-0.00666, -0.00022, -0.00025] z=0.0992
[lowlevel-sim][GT] t=60.351 quat=[0.49096, -0.51726, 0.51227, 0.47852] angvel=[-0.00044, -0.01909, -0.00388] linvel=[-0.00758, 0.0001, 0.00102] z=0.0992
[lowlevel-sim][GT] t=60.401 quat=[0.4911, -0.51726, 0.51225, 0.4784] angvel=[0.00267, 0.00937, -0.0059] linvel=[-0.00456, -0.00039, -0.00155] z=0.0992
[lowlevel-sim][GT] t=60.451 quat=[0.49118, -0.51724, 0.51224, 0.47835] angvel=[0.00591, -0.00915, 0.0008] linvel=[-0.00018, -0.00126, -0.00117] z=0.0992
[lowlevel-sim] t=  60.50 mode=cmd        pd=35149 hold=10342 failclosed=160 rtf=0.290 base_z=+0.099 pitch=+1.508 roll=-2.849 |tau|max=  7.67 sat=0/29 knee_L=+0.255 hip_p_L=-0.099 torn=11937 cmd_age=52.5ms auth=170.0s rig_ign=707 fix_base=0
[lowlevel-sim][GT] t=60.501 quat=[0.49116, -0.51728, 0.51226, 0.4783] angvel=[0.00423, -0.01019, 0.00037] linvel=[0.00366, -0.00151, -0.00048] z=0.0992
[lowlevel-sim][GT] t=60.551 quat=[0.49102, -0.51731, 0.51229, 0.47839] angvel=[0.01223, 0.00122, 0.01062] linvel=[0.00644, -0.00076, 0.00013] z=0.0992
[lowlevel-sim][GT] t=60.601 quat=[0.49082, -0.5173, 0.51231, 0.47858] angvel=[0.00858, 0.01268, -0.00467] linvel=[0.00634, -0.00147, -0.00125] z=0.0992
[lowlevel-sim][GT] t=60.651 quat=[0.49064, -0.51729, 0.51231, 0.47877] angvel=[0.00886, 0.01253, 0.00398] linvel=[0.00708, -0.00206, -0.00129] z=0.0992
[lowlevel-sim][GT] t=60.701 quat=[0.4905, -0.51727, 0.51232, 0.47892] angvel=[0.00284, -0.00984, 0.00987] linvel=[0.00645, 0.00076, 0.00108] z=0.0992
[lowlevel-sim][GT] t=60.751 quat=[0.4904, -0.51727, 0.51235, 0.479] angvel=[0.0002, 0.00301, 0.00416] linvel=[0.00665, 0.00119, 0.00048] z=0.0992
[lowlevel-sim][GT] t=60.801 quat=[0.49033, -0.51724, 0.51233, 0.47912] angvel=[0.00232, -0.00404, 0.01548] linvel=[0.00336, -5e-05, -0.0002] z=0.0992
[lowlevel-sim][GT] t=60.851 quat=[0.49029, -0.51722, 0.51233, 0.47919] angvel=[0.00615, 0.0027, -0.00403] linvel=[0.001, -0.00018, -0.00157] z=0.0992
[lowlevel-sim][GT] t=60.901 quat=[0.49037, -0.51718, 0.5123, 0.47918] angvel=[0.00855, -0.00836, -0.0051] linvel=[-0.00596, 0.00021, -0.00037] z=0.0992
[lowlevel-sim][GT] t=60.951 quat=[0.49057, -0.51716, 0.51226, 0.47904] angvel=[0.00536, 0.00538, -0.01291] linvel=[-0.00686, 0.00121, -0.00076] z=0.0992
[lowlevel-sim] t=  61.00 mode=cmd        pd=35399 hold=10342 failclosed=160 rtf=0.291 base_z=+0.099 pitch=+1.509 roll=-2.861 |tau|max=  7.63 sat=0/29 knee_L=+0.255 hip_p_L=-0.100 torn=11965 cmd_age=33.8ms auth=171.6s rig_ign=707 fix_base=0
[lowlevel-sim][GT] t=61.001 quat=[0.49085, -0.51718, 0.51224, 0.47875] angvel=[-0.00277, -0.03443, -0.00892] linvel=[-0.00655, 0.00113, 0.00068] z=0.0992
[lowlevel-sim][GT] t=61.051 quat=[0.49104, -0.51722, 0.51223, 0.47853] angvel=[0.00917, -0.02583, 0.00401] linvel=[-0.00699, 0.00119, -0.00092] z=0.0992
[lowlevel-sim][GT] t=61.101 quat=[0.49118, -0.51721, 0.51221, 0.47842] angvel=[0.00132, -0.0107, 0.00479] linvel=[-0.00687, 0.00021, -0.00026] z=0.0992
[lowlevel-sim][GT] t=61.151 quat=[0.4913, -0.51722, 0.51219, 0.47831] angvel=[0.00214, -0.00221, 0.00014] linvel=[-0.00655, 0.00083, -0.00074] z=0.0992
[lowlevel-sim][GT] t=61.201 quat=[0.49142, -0.51723, 0.51218, 0.47817] angvel=[0.00628, -0.00873, -0.0055] linvel=[-0.00423, -0.00063, -0.00099] z=0.0992
[lowlevel-sim][GT] t=61.251 quat=[0.49154, -0.51723, 0.51214, 0.47809] angvel=[-0.00396, -0.00295, -0.00194] linvel=[0.00019, -0.00021, -0.00011] z=0.0992
[lowlevel-sim][GT] t=61.301 quat=[0.49145, -0.51732, 0.5122, 0.47803] angvel=[0.00599, 0.00935, 0.00519] linvel=[0.00672, -0.0025, -0.00151] z=0.0992
[lowlevel-sim][GT] t=61.351 quat=[0.49125, -0.51734, 0.51223, 0.47818] angvel=[0.00467, 0.01539, 0.00787] linvel=[0.00665, -0.00114, 0.00048] z=0.0992
[lowlevel-sim][GT] t=61.401 quat=[0.49107, -0.51733, 0.51222, 0.47839] angvel=[0.0116, 0.01253, 0.00706] linvel=[0.00636, 0.00089, 0.00087] z=0.0992
[lowlevel-sim][GT] t=61.451 quat=[0.49089, -0.51728, 0.51222, 0.47862] angvel=[0.00234, -0.00544, 0.01031] linvel=[0.00699, -0.00141, -0.00029] z=0.0992
[lowlevel-sim] t=  61.50 mode=cmd        pd=35649 hold=10342 failclosed=160 rtf=0.290 base_z=+0.099 pitch=+1.508 roll=-2.862 |tau|max=  7.62 sat=0/29 knee_L=+0.256 hip_p_L=-0.101 torn=11989 cmd_age=52.5ms auth=173.6s rig_ign=707 fix_base=0
[lowlevel-sim][GT] t=61.501 quat=[0.49076, -0.51725, 0.51222, 0.47879] angvel=[0.00822, 0.01817, 0.0043] linvel=[0.00745, 0.00195, -0.00112] z=0.0993
[lowlevel-sim][GT] t=61.551 quat=[0.49061, -0.51725, 0.51225, 0.47891] angvel=[0.00717, 0.01686, -0.00627] linvel=[0.00547, -0.00046, -0.00044] z=0.0993
[lowlevel-sim][GT] t=61.601 quat=[0.49053, -0.51722, 0.51226, 0.47902] angvel=[0.00704, 0.00854, 0.00417] linvel=[0.00404, 0.00111, -0.00038] z=0.0993
[lowlevel-sim][GT] t=61.651 quat=[0.49049, -0.5172, 0.51226, 0.47908] angvel=[0.00334, -0.00144, 0.00276] linvel=[0.00042, 0.00012, 0.00045] z=0.0993
[lowlevel-sim][GT] t=61.701 quat=[0.49052, -0.51718, 0.51224, 0.47909] angvel=[0.00696, 0.00476, -0.00881] linvel=[-0.00583, 0.00018, -0.0001] z=0.0993
[lowlevel-sim][GT] t=61.751 quat=[0.49068, -0.51713, 0.51222, 0.479] angvel=[0.00583, -0.02668, -0.0093] linvel=[-0.00705, -7e-05, -0.00057] z=0.0993
[lowlevel-sim][GT] t=61.801 quat=[0.4909, -0.51717, 0.51224, 0.47871] angvel=[0.00028, -0.02042, -0.00062] linvel=[-0.00732, -0.00231, -0.00028] z=0.0993
[lowlevel-sim][GT] t=61.851 quat=[0.49116, -0.51718, 0.51218, 0.47849] angvel=[0.00697, -0.00758, -0.00491] linvel=[-0.00699, -0.00108, -0.00078] z=0.0993
[lowlevel-sim][GT] t=61.901 quat=[0.49134, -0.51721, 0.51215, 0.47831] angvel=[0.00363, -0.01223, -0.00464] linvel=[-0.00637, 0.00013, -0.0023] z=0.0993
[lowlevel-sim][GT] t=61.951 quat=[0.49145, -0.51721, 0.51216, 0.47819] angvel=[0.00149, 0.00411, -0.01091] linvel=[-0.00466, 0.00131, 0.00018] z=0.0993
[lowlevel-sim] t=  62.00 mode=cmd        pd=35899 hold=10342 failclosed=160 rtf=0.290 base_z=+0.099 pitch=+1.508 roll=-2.836 |tau|max=  7.65 sat=0/29 knee_L=+0.255 hip_p_L=-0.099 torn=12009 cmd_age=38.1ms auth=175.5s rig_ign=707 fix_base=0
[lowlevel-sim][GT] t=62.001 quat=[0.49159, -0.5172, 0.51212, 0.47809] angvel=[-0.00122, -0.01201, 0.00061] linvel=[-0.00214, -0.00039, 0.00068] z=0.0993
[lowlevel-sim][GT] t=62.051 quat=[0.49167, -0.51723, 0.51212, 0.47799] angvel=[0.01053, -0.00275, -0.00122] linvel=[0.00224, -0.00162, -0.00146] z=0.0993
[lowlevel-sim][GT] t=62.101 quat=[0.49148, -0.51728, 0.51217, 0.47807] angvel=[0.00263, 0.01331, -0.00354] linvel=[0.00778, -0.00179, -0.00027] z=0.0993
[lowlevel-sim][GT] t=62.151 quat=[0.49124, -0.51729, 0.51219, 0.47827] angvel=[0.00455, 0.01384, -0.0019] linvel=[0.00628, -0.00142, -0.00027] z=0.0993
[lowlevel-sim][GT] t=62.201 quat=[0.49108, -0.51721, 0.51217, 0.47855] angvel=[0.00791, 0.0134, 0.0092] linvel=[0.00622, -0.00065, -0.00073] z=0.0993
[lowlevel-sim][GT] t=62.251 quat=[0.49091, -0.51722, 0.51221, 0.47868] angvel=[-0.00154, -0.00829, 0.00553] linvel=[0.00666, 0.00036, -0.00031] z=0.0993
[lowlevel-sim][GT] t=62.301 quat=[0.49077, -0.51724, 0.51224, 0.47877] angvel=[0.00403, 0.01053, -0.00355] linvel=[0.0058, -0.0018, -0.00024] z=0.0993
[lowlevel-sim][GT] t=62.351 quat=[0.4907, -0.51723, 0.51224, 0.47886] angvel=[-0.00324, -0.00381, 0.00702] linvel=[0.00139, 0.00166, 0.00051] z=0.0993
[lowlevel-sim][GT] t=62.401 quat=[0.4907, -0.51716, 0.51222, 0.47895] angvel=[0.00272, 0.00858, -0.01024] linvel=[-0.00157, 0.00087, 0.00047] z=0.0993
[lowlevel-sim][GT] t=62.451 quat=[0.49077, -0.5171, 0.51219, 0.47897] angvel=[0.01342, 0.00144, -0.00512] linvel=[-0.00611, -0.00065, -0.00155] z=0.0993
[lowlevel-sim] t=  62.50 mode=cmd        pd=36149 hold=10342 failclosed=160 rtf=0.290 base_z=+0.099 pitch=+1.509 roll=-2.863 |tau|max=  7.60 sat=0/29 knee_L=+0.255 hip_p_L=-0.101 torn=12022 cmd_age=55.6ms auth=177.4s rig_ign=707 fix_base=0
[lowlevel-sim][GT] t=62.501 quat=[0.49086, -0.51706, 0.51221, 0.47889] angvel=[0.01182, -0.02578, 0.00471] linvel=[-0.00782, -0.00072, -0.00201] z=0.0993
[lowlevel-sim][GT] t=62.551 quat=[0.49107, -0.51708, 0.5122, 0.47867] angvel=[0.01182, -0.00552, -0.01093] linvel=[-0.0064, -0.00112, -0.00177] z=0.0993
[lowlevel-sim][GT] t=62.601 quat=[0.49125, -0.51711, 0.5122, 0.47846] angvel=[-0.00133, -0.00562, 0.00308] linvel=[-0.00695, 0.00055, -5e-05] z=0.0993
[lowlevel-sim][GT] t=62.651 quat=[0.49142, -0.51712, 0.51215, 0.47833] angvel=[0.00832, -0.0161, -0.00242] linvel=[-0.0052, -0.00136, -0.00276] z=0.0993
[lowlevel-sim][GT] t=62.701 quat=[0.49153, -0.51719, 0.51216, 0.47813] angvel=[-0.00779, -0.00093, -0.00268] linvel=[-0.00208, 0.00031, -0.00025] z=0.0993
[lowlevel-sim][GT] t=62.751 quat=[0.49164, -0.51724, 0.51215, 0.47797] angvel=[0.00693, -0.00017, -0.00833] linvel=[0.00085, -0.00023, 0.00049] z=0.0993
[lowlevel-sim] FAIL-CLOSED engaged at t=62.778s, last command age 87.11 ms (deadline <= 100 ms) PASS
[lowlevel-sim] COMMANDED at t=62.780s (was fail-closed)
[lowlevel-sim][GT] t=62.801 quat=[0.49146, -0.51748, 0.51235, 0.47769] angvel=[-0.00698, -0.0027, -0.00176] linvel=[0.00328, -0.00026, -9e-05] z=0.0992
[lowlevel-sim][GT] t=62.851 quat=[0.49133, -0.51741, 0.51233, 0.47792] angvel=[0.00101, 0.01359, 0.00059] linvel=[0.0076, 0.00213, 0.00045] z=0.0992
[lowlevel-sim][GT] t=62.901 quat=[0.49114, -0.51729, 0.51229, 0.47827] angvel=[0.00616, 0.00698, 0.01244] linvel=[0.00707, -0.00069, 0.00049] z=0.0992
[lowlevel-sim][GT] t=62.951 quat=[0.49099, -0.51725, 0.51229, 0.47848] angvel=[0.00366, 0.00566, 0.00389] linvel=[0.00729, 0.00018, -0.00022] z=0.0993
[lowlevel-sim] t=  63.00 mode=cmd        pd=36399 hold=10342 failclosed=161 rtf=0.289 base_z=+0.099 pitch=+1.508 roll=-2.860 |tau|max=  7.61 sat=0/29 knee_L=+0.256 hip_p_L=-0.101 torn=12050 cmd_age=26.8ms auth=179.4s rig_ign=707 fix_base=0
[lowlevel-sim][GT] t=63.001 quat=[0.49084, -0.51723, 0.51231, 0.47863] angvel=[0.00785, 0.00632, 0.00173] linvel=[0.00529, -0.00098, -0.00124] z=0.0993
[lowlevel-sim][GT] t=63.051 quat=[0.49073, -0.51721, 0.51232, 0.47875] angvel=[0.0008, 0.01125, -0.00079] linvel=[0.00646, -0.00126, -0.00106] z=0.0993
[lowlevel-sim][GT] t=63.101 quat=[0.49063, -0.5172, 0.51233, 0.47886] angvel=[0.00374, 0.0078, 0.00279] linvel=[0.00449, 0.00176, 0.00023] z=0.0993
[lowlevel-sim][GT] t=63.151 quat=[0.49055, -0.5172, 0.51235, 0.47892] angvel=[-0.00767, 0.00036, 0.00015] linvel=[0.00166, 0.00095, -0.00111] z=0.0993
[lowlevel-sim][GT] t=63.201 quat=[0.49058, -0.51711, 0.51231, 0.47903] angvel=[0.00428, 0.00366, 0.00052] linvel=[-0.00117, 0.00192, -0.0018] z=0.0993
[lowlevel-sim][GT] t=63.251 quat=[0.49062, -0.51706, 0.51229, 0.47906] angvel=[0.00355, -0.00136, -0.00309] linvel=[-0.00622, -0.00164, 9e-05] z=0.0993
[lowlevel-sim][GT] t=63.301 quat=[0.49072, -0.51706, 0.51231, 0.47894] angvel=[0.0009, -0.01692, 0.00147] linvel=[-0.00715, -0.00133, 0.00041] z=0.0993
[lowlevel-sim][GT] t=63.351 quat=[0.49093, -0.51708, 0.51233, 0.47868] angvel=[-0.00472, -0.01571, -0.012] linvel=[-0.00623, 0.00147, 0.00132] z=0.0993
[lowlevel-sim][GT] t=63.401 quat=[0.49117, -0.51707, 0.51226, 0.47852] angvel=[-0.00521, -0.01034, -0.00407] linvel=[-0.00702, 0.00057, 0.00116] z=0.0993
[lowlevel-sim][GT] t=63.451 quat=[0.4913, -0.51708, 0.51226, 0.47838] angvel=[0.00419, -0.01358, -0.00232] linvel=[-0.00443, 0.0001, -0.00093] z=0.0993
[lowlevel-sim] t=  63.50 mode=cmd        pd=36649 hold=10342 failclosed=161 rtf=0.289 base_z=+0.099 pitch=+1.508 roll=-2.843 |tau|max=  7.62 sat=0/29 knee_L=+0.255 hip_p_L=-0.099 torn=12060 cmd_age=46.0ms auth=181.4s rig_ign=707 fix_base=0
[lowlevel-sim][GT] t=63.501 quat=[0.49145, -0.5171, 0.51226, 0.4782] angvel=[-0.0125, -0.02166, 0.00435] linvel=[-0.00176, 0.00037, -3e-05] z=0.0993
[lowlevel-sim][GT] t=63.551 quat=[0.49154, -0.51713, 0.51226, 0.47807] angvel=[-0.00069, -0.00463, 0.00307] linvel=[0.0008, -0.00027, 5e-05] z=0.0993
[lowlevel-sim][GT] t=63.601 quat=[0.49158, -0.51715, 0.51225, 0.47802] angvel=[0.00704, -0.00285, 0.00553] linvel=[0.00362, 0.00044, -0.00034] z=0.0993
[lowlevel-sim][GT] t=63.651 quat=[0.49144, -0.51716, 0.51229, 0.47811] angvel=[-0.00014, -0.00029, 0.00545] linvel=[0.00746, -0.00047, -0.00117] z=0.0993
[lowlevel-sim][GT] t=63.701 quat=[0.49121, -0.51713, 0.51233, 0.47834] angvel=[0.00255, 0.01846, 0.00105] linvel=[0.00659, -0.0005, 0.00023] z=0.0993
[lowlevel-sim][GT] t=63.751 quat=[0.49108, -0.51708, 0.51232, 0.47853] angvel=[0.00348, 0.00839, 0.00244] linvel=[0.00595, 0.00049, -0.00015] z=0.0993
[lowlevel-sim][GT] t=63.801 quat=[0.49091, -0.5171, 0.51236, 0.47864] angvel=[0.00323, 0.0235, -0.00414] linvel=[0.00563, 0.0004, -0.00016] z=0.0993
[lowlevel-sim][GT] t=63.851 quat=[0.4908, -0.51709, 0.51237, 0.47876] angvel=[0.0004, 0.00147, 0.00596] linvel=[0.00579, 0.00098, 0.00067] z=0.0993
[lowlevel-sim][GT] t=63.901 quat=[0.49067, -0.51708, 0.51237, 0.47891] angvel=[0.00708, -0.00971, 0.00612] linvel=[0.0046, -0.00022, -0.00098] z=0.0993
[lowlevel-sim][GT] t=63.951 quat=[0.49064, -0.51705, 0.51236, 0.47898] angvel=[0.0061, 0.00032, 0.00163] linvel=[-0.00039, 0.00104, -0.00053] z=0.0993
[lowlevel-sim] t=  64.00 mode=cmd        pd=36899 hold=10342 failclosed=161 rtf=0.289 base_z=+0.099 pitch=+1.509 roll=-2.872 |tau|max=  7.57 sat=0/29 knee_L=+0.255 hip_p_L=-0.101 torn=12083 cmd_age=77.5ms auth=183.1s rig_ign=707 fix_base=0
[lowlevel-sim][GT] t=64.001 quat=[0.49066, -0.517, 0.51236, 0.47902] angvel=[0.00153, 0.01912, 0.00872] linvel=[-0.00642, -0.00021, -0.00105] z=0.0993
[lowlevel-sim][GT] t=64.051 quat=[0.49077, -0.51698, 0.51239, 0.47889] angvel=[0.00773, -0.00257, -0.00983] linvel=[-0.00601, 0.00206, -0.0013] z=0.0993
[lowlevel-sim] FAIL-CLOSED engaged at t=64.093s, last command age 85.73 ms (deadline <= 100 ms) PASS
[lowlevel-sim] COMMANDED at t=64.096s (was fail-closed)
[lowlevel-sim][GT] t=64.101 quat=[0.49082, -0.51721, 0.51257, 0.4784] angvel=[-0.09492, -0.02298, -0.00596] linvel=[-0.00715, 0.00224, -0.00268] z=0.0992
[lowlevel-sim][GT] t=64.151 quat=[0.49107, -0.51728, 0.51255, 0.47809] angvel=[0.01624, -0.02429, 0.00233] linvel=[-0.00665, 0.00174, -0.0006] z=0.0992
[lowlevel-sim][GT] t=64.201 quat=[0.49126, -0.5172, 0.51243, 0.47811] angvel=[0.00977, 0.00424, -0.00898] linvel=[-0.00408, 0.00086, -0.00035] z=0.0992
[lowlevel-sim][GT] t=64.251 quat=[0.49127, -0.51717, 0.51243, 0.47812] angvel=[-0.00415, -0.00084, 0.00441] linvel=[0.00302, -0.00068, 0.0009] z=0.0992
[lowlevel-sim][GT] t=64.301 quat=[0.49115, -0.51719, 0.51245, 0.4782] angvel=[-0.00464, -0.00496, 0.00685] linvel=[0.00637, 0.00124, 0.00127] z=0.0992
[lowlevel-sim][GT] t=64.351 quat=[0.49095, -0.51722, 0.51248, 0.47834] angvel=[0.0043, 0.0147, 0.00745] linvel=[0.00743, 0.00018, -0.00036] z=0.0992
[lowlevel-sim][GT] t=64.401 quat=[0.49081, -0.51716, 0.51249, 0.47855] angvel=[0.0002, 0.00712, 0.00763] linvel=[0.00694, 0.00064, -0.00031] z=0.0992
[lowlevel-sim][GT] t=64.451 quat=[0.4907, -0.51713, 0.51248, 0.4787] angvel=[0.00633, -0.00452, 0.00563] linvel=[0.00635, -0.00108, -0.00118] z=0.0992
[lowlevel-sim] t=  64.50 mode=cmd        pd=37151 hold=10342 failclosed=163 rtf=0.289 base_z=+0.099 pitch=+1.508 roll=-2.871 |tau|max=  7.58 sat=0/29 knee_L=+0.256 hip_p_L=-0.102 torn=12117 cmd_age=39.8ms auth=184.9s rig_ign=707 fix_base=0
[lowlevel-sim][GT] t=64.501 quat=[0.49061, -0.51713, 0.5125, 0.47877] angvel=[0.0093, 0.00339, -0.00196] linvel=[0.0049, 0.0016, -0.00062] z=0.0992
[lowlevel-sim][GT] t=64.551 quat=[0.49056, -0.51712, 0.51249, 0.47884] angvel=[0.0059, -0.00046, 7e-05] linvel=[0.00262, 0.00085, 0.00017] z=0.0992
[lowlevel-sim][GT] t=64.601 quat=[0.49055, -0.51709, 0.51248, 0.4789] angvel=[-0.00137, -0.00729, 0.00882] linvel=[-0.00223, 0.00121, 0.00031] z=0.0992
[lowlevel-sim][GT] t=64.651 quat=[0.49061, -0.51705, 0.51249, 0.47887] angvel=[0.00336, 0.00141, -0.00458] linvel=[-0.00729, -0.00072, 0.00066] z=0.0992
[lowlevel-sim][GT] t=64.701 quat=[0.49086, -0.51706, 0.51245, 0.47864] angvel=[0.00427, -0.01554, -0.00581] linvel=[-0.0071, 8e-05, 0.00023] z=0.0992
[lowlevel-sim][GT] t=64.751 quat=[0.49111, -0.51713, 0.51246, 0.47831] angvel=[0.00616, -0.0186, -0.00435] linvel=[-0.00757, -0.00106, -0.00121] z=0.0992
[lowlevel-sim][GT] t=64.801 quat=[0.49135, -0.51714, 0.51241, 0.47809] angvel=[-0.00259, -0.00041, -0.01696] linvel=[-0.00717, 0.00067, -8e-05] z=0.0992
[lowlevel-sim][GT] t=64.851 quat=[0.49149, -0.51714, 0.51239, 0.47797] angvel=[-0.00209, -0.00343, -3e-05] linvel=[-0.00534, -0.00037, -0.00086] z=0.0992
[lowlevel-sim][GT] t=64.901 quat=[0.49159, -0.51715, 0.51237, 0.47788] angvel=[-0.00463, -0.00386, -0.00026] linvel=[-0.00096, 0.00095, 0.00037] z=0.0992
[lowlevel-sim][GT] t=64.951 quat=[0.49158, -0.51721, 0.51239, 0.47781] angvel=[-0.00173, -0.00435, 0.01074] linvel=[0.00416, -0.00071, 0.00151] z=0.0992
[lowlevel-sim] t=  65.00 mode=cmd        pd=37401 hold=10342 failclosed=163 rtf=0.289 base_z=+0.099 pitch=+1.508 roll=-2.844 |tau|max=  7.60 sat=0/29 knee_L=+0.256 hip_p_L=-0.100 torn=12135 cmd_age=40.6ms auth=187.0s rig_ign=707 fix_base=0
[lowlevel-sim][GT] t=65.001 quat=[0.49137, -0.51722, 0.51243, 0.47797] angvel=[-0.00138, 0.02058, 0.00907] linvel=[0.00725, 0.00039, 0.00012] z=0.0992
[lowlevel-sim][GT] t=65.051 quat=[0.49116, -0.51719, 0.51243, 0.47821] angvel=[-0.0018, 0.01219, 0.00538] linvel=[0.00668, 0.00033, 0.00062] z=0.0992
[lowlevel-sim][GT] t=65.101 quat=[0.49098, -0.51716, 0.51243, 0.47843] angvel=[0.0045, 0.00832, 0.00362] linvel=[0.00692, -0.00039, -0.00148] z=0.0992
[lowlevel-sim][GT] t=65.151 quat=[0.49085, -0.51714, 0.51244, 0.47858] angvel=[0.00228, 0.0157, -0.00686] linvel=[0.00674, -0.00087, 0.00011] z=0.0993
[lowlevel-sim][GT] t=65.201 quat=[0.49075, -0.51712, 0.51246, 0.47868] angvel=[0.00838, 0.00977, 0.00639] linvel=[0.00439, -0.00023, -0.00067] z=0.0993
[lowlevel-sim][GT] t=65.251 quat=[0.4907, -0.51711, 0.51246, 0.47874] angvel=[0.00682, -0.0005, 0.00347] linvel=[-0.00068, -0.00085, -0.00047] z=0.0993
[lowlevel-sim][GT] t=65.301 quat=[0.49076, -0.51705, 0.51242, 0.47879] angvel=[0.00032, 0.0004, -0.00179] linvel=[-0.00554, 0.00078, -0.00035] z=0.0993
[lowlevel-sim][GT] t=65.351 quat=[0.49088, -0.51704, 0.51244, 0.47865] angvel=[0.00524, 0.01208, -0.00867] linvel=[-0.00537, -0.00018, -0.00053] z=0.0993
[lowlevel-sim][GT] t=65.401 quat=[0.49113, -0.51706, 0.51243, 0.47839] angvel=[0.00371, 0.00089, -0.01431] linvel=[-0.00639, 0.00126, -0.00035] z=0.0993
[lowlevel-sim][GT] t=65.451 quat=[0.49136, -0.51711, 0.51241, 0.47812] angvel=[0.00372, -0.01972, -0.00639] linvel=[-0.0065, 0.00199, -0.00108] z=0.0993
[lowlevel-sim] t=  65.50 mode=cmd        pd=37651 hold=10342 failclosed=163 rtf=0.288 base_z=+0.099 pitch=+1.508 roll=-2.843 |tau|max=  7.60 sat=0/29 knee_L=+0.255 hip_p_L=-0.100 torn=12153 cmd_age=28.1ms auth=189.1s rig_ign=707 fix_base=0
[lowlevel-sim][GT] t=65.501 quat=[0.49149, -0.51711, 0.51241, 0.47798] angvel=[0.0043, -0.01975, -0.00035] linvel=[-0.00586, -0.00143, -0.00096] z=0.0993
[lowlevel-sim][GT] t=65.551 quat=[0.49165, -0.51711, 0.51235, 0.47788] angvel=[0.01389, -0.00015, -0.00435] linvel=[-0.00197, -0.00084, -0.00177] z=0.0992
[lowlevel-sim][GT] t=65.601 quat=[0.49172, -0.51712, 0.51233, 0.47782] angvel=[0.00289, 0.01037, -0.00299] linvel=[0.00172, -0.00012, -0.00015] z=0.0992
[lowlevel-sim][GT] t=65.651 quat=[0.49158, -0.5172, 0.51238, 0.47782] angvel=[0.00831, 0.01329, 0.00731] linvel=[0.0077, -0.00156, -0.00108] z=0.0992
[lowlevel-sim][GT] t=65.701 quat=[0.49138, -0.51719, 0.5124, 0.47803] angvel=[0.0187, 0.00384, -0.00235] linvel=[0.00619, 0.00103, -0.00062] z=0.0993
[lowlevel-sim][GT] t=65.751 quat=[0.49118, -0.51713, 0.5124, 0.47828] angvel=[-0.00267, 0.01786, -0.00061] linvel=[0.00691, 0.00091, 0.00016] z=0.0993
[lowlevel-sim][GT] t=65.801 quat=[0.49098, -0.51711, 0.51242, 0.4785] angvel=[0.01059, -0.00581, 0.00869] linvel=[0.0063, -0.00134, -0.00143] z=0.0993
[lowlevel-sim][GT] t=65.851 quat=[0.49086, -0.5171, 0.51245, 0.47861] angvel=[0.0178, -0.01042, 0.00115] linvel=[0.00542, -0.00155, -0.00118] z=0.0993
[lowlevel-sim][GT] t=65.901 quat=[0.49081, -0.5171, 0.51245, 0.47866] angvel=[-0.00351, -0.00429, 0.01226] linvel=[0.00114, 0.00118, 0.0004] z=0.0993
[lowlevel-sim][GT] t=65.951 quat=[0.49083, -0.51706, 0.51242, 0.4787] angvel=[0.00782, -0.00135, -0.00498] linvel=[-0.00426, 0.00158, 0.00065] z=0.0993
[lowlevel-sim] t=  66.00 mode=cmd        pd=37901 hold=10342 failclosed=163 rtf=0.288 base_z=+0.099 pitch=+1.509 roll=-2.864 |tau|max=  7.55 sat=0/29 knee_L=+0.255 hip_p_L=-0.101 torn=12167 cmd_age=26.2ms auth=191.0s rig_ign=707 fix_base=0
[lowlevel-sim][GT] t=66.001 quat=[0.4909, -0.51701, 0.51244, 0.47868] angvel=[-0.00142, -0.00969, -0.00602] linvel=[-0.00621, -0.00019, -0.00019] z=0.0993
[lowlevel-sim][GT] t=66.051 quat=[0.49106, -0.517, 0.51243, 0.47852] angvel=[-0.00118, 0.00086, -0.01833] linvel=[-0.00656, 0.00018, 8e-05] z=0.0993
[lowlevel-sim][GT] t=66.101 quat=[0.49126, -0.51703, 0.51243, 0.47829] angvel=[-0.00422, -0.00767, -0.00605] linvel=[-0.00646, -0.00058, -5e-05] z=0.0993
[lowlevel-sim][GT] t=66.151 quat=[0.49146, -0.51703, 0.51239, 0.47812] angvel=[-0.00093, -0.00683, -0.01351] linvel=[-0.00656, -0.00036, 0.00014] z=0.0993
[lowlevel-sim][GT] t=66.201 quat=[0.4916, -0.51705, 0.51241, 0.47794] angvel=[0.00389, -0.01035, 0.00169] linvel=[-0.00313, 0.00021, -0.00103] z=0.0993
[lowlevel-sim][GT] t=66.251 quat=[0.49175, -0.51706, 0.51234, 0.47784] angvel=[0.00089, -0.00476, -0.00036] linvel=[0.00128, 0.00119, -0.0002] z=0.0993
[lowlevel-sim][GT] t=66.301 quat=[0.49179, -0.51712, 0.51233, 0.47775] angvel=[-0.00223, -0.00237, -0.00012] linvel=[0.00415, -0.00011, 0.00029] z=0.0993
[lowlevel-sim][GT] t=66.351 quat=[0.49167, -0.51714, 0.51236, 0.47782] angvel=[0.00434, 0.0093, 0.00095] linvel=[0.00688, -0.00224, -0.00029] z=0.0993
[lowlevel-sim][GT] t=66.401 quat=[0.49145, -0.51716, 0.51236, 0.47803] angvel=[-0.00165, 0.00726, 0.00948] linvel=[0.00679, -0.00039, 3e-05] z=0.0993
[lowlevel-sim][GT] t=66.451 quat=[0.49132, -0.51715, 0.51236, 0.47818] angvel=[0.00815, 0.00364, 0.00253] linvel=[0.00682, -0.00011, -0.00079] z=0.0993
[lowlevel-sim] t=  66.50 mode=cmd        pd=38151 hold=10342 failclosed=163 rtf=0.288 base_z=+0.099 pitch=+1.508 roll=-2.853 |tau|max=  7.57 sat=0/29 knee_L=+0.256 hip_p_L=-0.101 torn=12180 cmd_age=41.8ms auth=192.5s rig_ign=707 fix_base=0
[lowlevel-sim][GT] t=66.501 quat=[0.49115, -0.51714, 0.51237, 0.47835] angvel=[0.00977, -0.004, 0.0104] linvel=[0.00609, -0.00104, -0.00037] z=0.0993
[lowlevel-sim][GT] t=66.551 quat=[0.49101, -0.51711, 0.51238, 0.47851] angvel=[0.01458, 0.01488, 0.0065] linvel=[0.00649, -0.00078, -0.00137] z=0.0993
[lowlevel-sim][GT] t=66.601 quat=[0.4909, -0.51711, 0.5124, 0.47861] angvel=[0.01472, 0.01739, -0.01592] linvel=[0.00258, -0.00143, -0.00203] z=0.0993
[lowlevel-sim][GT] t=66.651 quat=[0.49083, -0.5171, 0.51242, 0.47867] angvel=[0.00379, -0.00087, 0.00402] linvel=[-0.0008, 0.00159, 0.0004] z=0.0993
[lowlevel-sim][GT] t=66.701 quat=[0.49084, -0.51706, 0.5124, 0.47872] angvel=[0.00218, -0.00402, 0.00273] linvel=[-0.00595, 0.00017, -0.00043] z=0.0993
[lowlevel-sim][GT] t=66.751 quat=[0.49091, -0.51704, 0.51241, 0.47866] angvel=[-0.00809, 0.00137, -0.00514] linvel=[-0.00716, 0.0016, 0.00017] z=0.0993
[lowlevel-sim][GT] t=66.801 quat=[0.49108, -0.51703, 0.51241, 0.47849] angvel=[0.00764, -0.00801, -0.00264] linvel=[-0.00669, -0.00058, -0.00128] z=0.0993
[lowlevel-sim][GT] t=66.851 quat=[0.49127, -0.51704, 0.51241, 0.47829] angvel=[-0.00605, -0.01346, -0.00649] linvel=[-0.00734, 0.00083, 0.00181] z=0.0993
[lowlevel-sim][GT] t=66.901 quat=[0.49145, -0.51706, 0.51237, 0.47812] angvel=[0.00305, -0.00682, -0.0028] linvel=[-0.00626, 1e-05, -0.00051] z=0.0993
[lowlevel-sim] FAIL-CLOSED engaged at t=66.920s, last command age 99.21 ms (deadline <= 100 ms) PASS
[lowlevel-sim] COMMANDED at t=66.926s (was fail-closed)
[lowlevel-sim] FAIL-CLOSED engaged at t=66.928s, last command age 86.04 ms (deadline <= 100 ms) PASS
[lowlevel-sim] COMMANDED at t=66.930s (was fail-closed)
[lowlevel-sim][GT] t=66.951 quat=[0.4904, -0.51806, 0.51344, 0.47698] angvel=[-0.00059, -0.0001, -0.01231] linvel=[-0.0056, 0.00333, 0.00071] z=0.0987
[lowlevel-sim] t=  67.00 mode=cmd        pd=38403 hold=10342 failclosed=169 rtf=0.288 base_z=+0.099 pitch=+1.505 roll=-2.858 |tau|max=  7.62 sat=0/29 knee_L=+0.253 hip_p_L=-0.102 torn=12209 cmd_age=81.9ms auth=194.2s rig_ign=707 fix_base=0
[lowlevel-sim][GT] t=67.001 quat=[0.49072, -0.51772, 0.51312, 0.47735] angvel=[0.02028, -0.00288, 0.00564] linvel=[0.00574, 0.00245, -0.00082] z=0.0988
[lowlevel-sim] FAIL-CLOSED engaged at t=67.032s, last command age 85.06 ms (deadline <= 100 ms) PASS
[lowlevel-sim] COMMANDED at t=67.034s (was fail-closed)
[lowlevel-sim][GT] t=67.051 quat=[0.49039, -0.51768, 0.51318, 0.47767] angvel=[0.01173, 0.02599, 0.00518] linvel=[0.00676, 0.00193, 0.00048] z=0.0988
[lowlevel-sim][GT] t=67.101 quat=[0.49022, -0.51747, 0.51308, 0.47818] angvel=[0.00489, 0.04156, -0.00095] linvel=[0.00778, 0.00217, -0.00029] z=0.0988
[lowlevel-sim][GT] t=67.151 quat=[0.49008, -0.51731, 0.51303, 0.47856] angvel=[0.00598, 0.02538, 0.01117] linvel=[0.00618, 0.00043, 0.00063] z=0.0988
[lowlevel-sim][GT] t=67.201 quat=[0.48997, -0.51725, 0.513, 0.47876] angvel=[-0.00196, 0.00725, 0.00577] linvel=[0.00634, 0.00024, -0.00023] z=0.0989
[lowlevel-sim][GT] t=67.251 quat=[0.48986, -0.51727, 0.51302, 0.47883] angvel=[-0.00334, 0.00266, 0.00776] linvel=[0.00667, -0.00141, 0.00064] z=0.0989
[lowlevel-sim][GT] t=67.301 quat=[0.48979, -0.51727, 0.51302, 0.4789] angvel=[-0.01323, 0.01054, -0.00533] linvel=[0.00577, 0.0015, -0.00029] z=0.0989
[lowlevel-sim][GT] t=67.351 quat=[0.48972, -0.51727, 0.51304, 0.47896] angvel=[-0.00015, 0.00311, -0.00295] linvel=[0.0045, 0.00173, 0.00055] z=0.0989
[lowlevel-sim][GT] t=67.401 quat=[0.48967, -0.51721, 0.51302, 0.47908] angvel=[-0.00228, -0.01361, 0.01366] linvel=[0.00137, 0.00073, 0.00152] z=0.0989
[lowlevel-sim][GT] t=67.451 quat=[0.48969, -0.51717, 0.513, 0.47913] angvel=[0.00039, -0.00356, 0.00283] linvel=[-0.00131, 0.00085, 0.00129] z=0.0989
[lowlevel-sim] t=  67.50 mode=cmd        pd=38654 hold=10342 failclosed=171 rtf=0.288 base_z=+0.099 pitch=+1.508 roll=-2.900 |tau|max=  7.53 sat=0/29 knee_L=+0.255 hip_p_L=-0.102 torn=12246 cmd_age=29.1ms auth=196.0s rig_ign=707 fix_base=0
[lowlevel-sim][GT] t=67.501 quat=[0.48984, -0.51711, 0.51294, 0.47911] angvel=[0.00844, -0.01383, -0.00932] linvel=[-0.00719, 0.00198, -0.0007] z=0.0989
[lowlevel-sim][GT] t=67.551 quat=[0.49007, -0.51711, 0.51292, 0.4789] angvel=[0.00081, -0.00784, -0.00133] linvel=[-0.00695, -0.00227, -0.00012] z=0.0989
[lowlevel-sim][GT] t=67.601 quat=[0.49023, -0.51717, 0.51292, 0.47868] angvel=[-0.00142, -0.00776, -0.00961] linvel=[-0.00731, -0.00129, -0.00044] z=0.0989
[lowlevel-sim][GT] t=67.651 quat=[0.49043, -0.51717, 0.51287, 0.47851] angvel=[-0.00131, -0.00952, -0.00145] linvel=[-0.00625, 0.00114, 0.00068] z=0.0989
[lowlevel-sim][GT] t=67.701 quat=[0.4906, -0.51718, 0.51286, 0.47834] angvel=[0.00345, -0.00286, -0.01301] linvel=[-0.00688, 6e-05, -0.00062] z=0.0989
[lowlevel-sim][GT] t=67.751 quat=[0.49075, -0.51719, 0.51286, 0.47818] angvel=[0.00557, 0.00988, -0.00767] linvel=[-0.00484, 0.00055, -0.00124] z=0.0989
[lowlevel-sim][GT] t=67.801 quat=[0.49089, -0.51718, 0.51281, 0.4781] angvel=[0.00846, -0.00088, -0.0067] linvel=[-0.00405, 7e-05, 0.00032] z=0.0989
[lowlevel-sim][GT] t=67.851 quat=[0.49099, -0.51718, 0.51284, 0.47796] angvel=[0.00474, 0.01754, -0.01282] linvel=[-0.00125, 0.00026, -0.00028] z=0.0989
[lowlevel-sim][GT] t=67.901 quat=[0.49095, -0.51725, 0.5129, 0.47786] angvel=[-0.00376, -0.00655, -0.00123] linvel=[0.0064, -0.00063, -0.00074] z=0.0989
[lowlevel-sim][GT] t=67.951 quat=[0.49078, -0.51724, 0.51292, 0.47803] angvel=[0.00272, 0.00846, 0.00992] linvel=[0.00733, -0.00162, -0.00261] z=0.0989
[lowlevel-sim] t=  68.00 mode=cmd        pd=38904 hold=10342 failclosed=171 rtf=0.288 base_z=+0.099 pitch=+1.507 roll=-2.873 |tau|max=  7.57 sat=0/29 knee_L=+0.256 hip_p_L=-0.101 torn=12265 cmd_age=26.7ms auth=197.9s rig_ign=707 fix_base=0
[lowlevel-sim][GT] t=68.001 quat=[0.49056, -0.51722, 0.51293, 0.47827] angvel=[-0.00717, 0.01184, 0.00123] linvel=[0.00619, 0.0014, 0.00108] z=0.0989
[lowlevel-sim][GT] t=68.051 quat=[0.49035, -0.51721, 0.51296, 0.47846] angvel=[0.00374, 0.00346, 0.00875] linvel=[0.0073, -0.0017, 0.00032] z=0.0989
[lowlevel-sim] FAIL-CLOSED engaged at t=68.083s, last command age 85.31 ms (deadline <= 100 ms) PASS
[lowlevel-sim] COMMANDED at t=68.094s (was fail-closed)
[lowlevel-sim][GT] t=68.101 quat=[0.48855, -0.51841, 0.51437, 0.47749] angvel=[-0.18841, 0.03356, 0.01751] linvel=[0.00649, 0.00307, -0.00726] z=0.0983
[lowlevel-sim] FAIL-CLOSED engaged at t=68.121s, last command age 86.96 ms (deadline <= 100 ms) PASS
[lowlevel-sim] COMMANDED at t=68.128s (was fail-closed)
[lowlevel-sim] FAIL-CLOSED engaged at t=68.129s, last command age 86.74 ms (deadline <= 100 ms) PASS
[lowlevel-sim] COMMANDED at t=68.140s (was fail-closed)
[lowlevel-sim][GT] t=68.151 quat=[0.48503, -0.52061, 0.51706, 0.47576] angvel=[-0.02691, 0.05695, 0.00692] linvel=[0.00683, 0.00218, -0.00303] z=0.0970
[lowlevel-sim][GT] t=68.201 quat=[0.48591, -0.51909, 0.51579, 0.47791] angvel=[0.10668, 0.05214, 0.01147] linvel=[0.00625, 0.00349, 6e-05] z=0.0975
[lowlevel-sim][GT] t=68.251 quat=[0.48644, -0.51805, 0.51495, 0.47941] angvel=[0.05779, 0.0173, 0.00831] linvel=[0.00596, 0.00234, -0.00154] z=0.0977
[lowlevel-sim][GT] t=68.301 quat=[0.48668, -0.51763, 0.51462, 0.47996] angvel=[0.02293, 0.01106, 0.00603] linvel=[0.00495, 0.00124, 0.0001] z=0.0979
[lowlevel-sim][GT] t=68.351 quat=[0.48676, -0.51749, 0.51453, 0.48013] angvel=[0.009, -0.0045, 0.00901] linvel=[0.00575, 0.00227, 0.00036] z=0.0979
[lowlevel-sim][GT] t=68.401 quat=[0.48679, -0.51746, 0.51451, 0.48016] angvel=[0.00268, 0.00598, 0.00339] linvel=[0.0054, 0.00077, -0.00041] z=0.0979
[lowlevel-sim][GT] t=68.451 quat=[0.48681, -0.51744, 0.5145, 0.48017] angvel=[0.00028, 0.01064, -0.00231] linvel=[0.00509, -0.00023, -0.00042] z=0.0980
[lowlevel-sim] t=  68.50 mode=cmd        pd=39169 hold=10342 failclosed=199 rtf=0.288 base_z=+0.098 pitch=+1.505 roll=-2.992 |tau|max=  7.53 sat=0/29 knee_L=+0.255 hip_p_L=-0.106 torn=12286 cmd_age=43.0ms auth=199.6s rig_ign=707 fix_base=0
[lowlevel-sim][GT] t=68.501 quat=[0.48689, -0.51741, 0.51448, 0.48014] angvel=[0.00472, -0.00978, -0.00774] linvel=[-0.0036, 0.00096, 0.00063] z=0.0980
[lowlevel-sim][GT] t=68.551 quat=[0.48708, -0.51738, 0.51444, 0.48002] angvel=[0.0043, -0.00794, -0.00119] linvel=[-0.00674, 0.00034, -0.00134] z=0.0980
[lowlevel-sim][GT] t=68.601 quat=[0.4873, -0.51741, 0.51442, 0.47978] angvel=[0.01123, -0.00962, -0.02048] linvel=[-0.00736, 0.00158, -0.00249] z=0.0980
[lowlevel-sim][GT] t=68.651 quat=[0.48755, -0.51742, 0.51437, 0.47957] angvel=[-0.00132, -0.0383, -0.00028] linvel=[-0.00676, 0.00067, -0.00024] z=0.0980
[lowlevel-sim][GT] t=68.701 quat=[0.4877, -0.51744, 0.51435, 0.47942] angvel=[0.00624, 0.00085, -0.00534] linvel=[-0.0068, 0.00158, -0.00016] z=0.0980
[lowlevel-sim][GT] t=68.751 quat=[0.4879, -0.51741, 0.51432, 0.47928] angvel=[0.00923, -0.0164, -0.00496] linvel=[-0.0051, 0.00049, 0.00023] z=0.0981
[lowlevel-sim][GT] t=68.801 quat=[0.4881, -0.51736, 0.51426, 0.4792] angvel=[0.0014, 0.00408, -0.00877] linvel=[-0.00656, -0.00014, -0.00062] z=0.0981
[lowlevel-sim][GT] t=68.851 quat=[0.48821, -0.51735, 0.51424, 0.47912] angvel=[0.0067, -0.01431, 0.0015] linvel=[-0.00356, 0.00107, -0.00033] z=0.0981
[lowlevel-sim][GT] t=68.901 quat=[0.48832, -0.51734, 0.51422, 0.47904] angvel=[-0.0064, -0.01077, -0.00484] linvel=[-0.00224, 0.00136, -0.00056] z=0.0981
[lowlevel-sim][GT] t=68.951 quat=[0.48841, -0.51735, 0.51419, 0.47897] angvel=[0.00072, -0.00019, -0.00121] linvel=[0.00121, 0.00022, 0.00023] z=0.0981
[lowlevel-sim] t=  69.00 mode=cmd        pd=39419 hold=10342 failclosed=199 rtf=0.288 base_z=+0.098 pitch=+1.505 roll=-2.945 |tau|max=  7.56 sat=0/29 knee_L=+0.256 hip_p_L=-0.104 torn=12309 cmd_age=33.2ms auth=201.7s rig_ign=707 fix_base=0
[lowlevel-sim][GT] t=69.001 quat=[0.48838, -0.51739, 0.51419, 0.47897] angvel=[0.00442, 0.019, 0.01866] linvel=[0.00634, -0.00279, -0.00045] z=0.0982
[lowlevel-sim][GT] t=69.051 quat=[0.48832, -0.51739, 0.51417, 0.47904] angvel=[0.00309, 0.00598, 0.0046] linvel=[0.00722, 0.00031, -0.00037] z=0.0982
[lowlevel-sim][GT] t=69.101 quat=[0.48827, -0.51736, 0.51414, 0.47915] angvel=[0.00344, -0.00554, -0.00152] linvel=[0.00682, 5e-05, -0.00088] z=0.0982
[lowlevel-sim][GT] t=69.151 quat=[0.48819, -0.51734, 0.51414, 0.47926] angvel=[0.00563, 0.00467, 0.00128] linvel=[0.00688, -0.00082, -0.00035] z=0.0982
[lowlevel-sim][GT] t=69.201 quat=[0.48815, -0.5173, 0.51412, 0.47936] angvel=[0.01381, 0.01182, 0.00037] linvel=[0.00565, -0.00246, -0.00086] z=0.0982
[lowlevel-sim][GT] t=69.251 quat=[0.48809, -0.51726, 0.51412, 0.47947] angvel=[0.00384, 0.01558, 0.0079] linvel=[0.00565, -0.00076, 0.00075] z=0.0983
[lowlevel-sim][GT] t=69.301 quat=[0.48802, -0.51726, 0.51411, 0.47955] angvel=[0.00792, 0.00432, 0.00142] linvel=[0.00461, 0.00095, 0.00165] z=0.0983
[lowlevel-sim][GT] t=69.351 quat=[0.48802, -0.51724, 0.5141, 0.4796] angvel=[0.00893, 0.0041, -0.00666] linvel=[0.00267, -0.00018, -0.00065] z=0.0983
[lowlevel-sim][GT] t=69.401 quat=[0.48807, -0.5172, 0.51407, 0.47961] angvel=[0.01737, -0.00432, -0.00108] linvel=[-0.00506, -0.00102, -0.00048] z=0.0983
[lowlevel-sim] FAIL-CLOSED engaged at t=69.440s, last command age 95.21 ms (deadline <= 100 ms) PASS
[lowlevel-sim] COMMANDED at t=69.448s (was fail-closed)
[lowlevel-sim][GT] t=69.451 quat=[0.48742, -0.51782, 0.51477, 0.47885] angvel=[-0.28016, 0.04765, 0.02147] linvel=[-0.00396, 0.00218, -0.01008] z=0.0980
[lowlevel-sim] t=  69.50 mode=cmd        pd=39672 hold=10342 failclosed=206 rtf=0.287 base_z=+0.098 pitch=+1.503 roll=-2.967 |tau|max=  7.52 sat=0/29 knee_L=+0.252 hip_p_L=-0.107 torn=12333 cmd_age=33.9ms auth=203.6s rig_ign=707 fix_base=0
[lowlevel-sim][GT] t=69.501 quat=[0.48732, -0.51788, 0.51489, 0.47875] angvel=[0.01877, -0.00024, -0.00185] linvel=[-0.00519, 0.00423, 0.0021] z=0.0979
[lowlevel-sim][GT] t=69.551 quat=[0.48764, -0.51754, 0.51462, 0.47909] angvel=[0.01953, -0.00976, 0.0056] linvel=[-0.00183, 0.00188, 0.00097] z=0.0980
[lowlevel-sim][GT] t=69.601 quat=[0.48776, -0.51736, 0.51452, 0.47927] angvel=[0.00612, -0.01978, 0.01535] linvel=[0.00191, -0.00091, -0.00091] z=0.0980
[lowlevel-sim][GT] t=69.651 quat=[0.48782, -0.51727, 0.51447, 0.47936] angvel=[0.00933, -0.01042, -0.00526] linvel=[0.00378, 0.00035, -0.00113] z=0.0981
[lowlevel-sim][GT] t=69.701 quat=[0.48781, -0.51724, 0.51444, 0.47943] angvel=[0.00737, -0.00012, -0.00168] linvel=[0.00294, 0.00046, -3e-05] z=0.0981
[lowlevel-sim][GT] t=69.751 quat=[0.4878, -0.51725, 0.51443, 0.47944] angvel=[0.0157, -0.00116, 0.00015] linvel=[0.00387, -1e-05, -0.00097] z=0.0981
[lowlevel-sim][GT] t=69.801 quat=[0.4878, -0.51723, 0.51442, 0.47947] angvel=[0.00057, -0.008, 0.00078] linvel=[0.00356, 5e-05, -0.00036] z=0.0981
[lowlevel-sim][GT] t=69.851 quat=[0.48778, -0.51722, 0.51442, 0.47951] angvel=[0.00533, -0.00635, 0.00305] linvel=[0.00265, -0.00102, -0.00018] z=0.0981
[lowlevel-sim][GT] t=69.901 quat=[0.48784, -0.51715, 0.51438, 0.47956] angvel=[0.00649, 0.00362, -0.00154] linvel=[-0.00106, -0.00084, -0.00056] z=0.0982
[lowlevel-sim][GT] t=69.951 quat=[0.48797, -0.51708, 0.51432, 0.47957] angvel=[-0.00905, -0.01261, 0.00179] linvel=[-0.00402, 0.0003, 0.00018] z=0.0982
[lowlevel-sim] t=  70.00 mode=cmd        pd=39922 hold=10342 failclosed=206 rtf=0.287 base_z=+0.098 pitch=+1.506 roll=-2.960 |tau|max=  7.50 sat=0/29 knee_L=+0.255 hip_p_L=-0.105 torn=12349 cmd_age=26.9ms auth=205.5s rig_ign=707 fix_base=0
[lowlevel-sim][GT] t=70.001 quat=[0.48815, -0.5171, 0.51429, 0.4794] angvel=[0.00821, -0.00324, -7e-05] linvel=[-0.00686, 0.00031, -0.00064] z=0.0982
[lowlevel-sim][GT] t=70.051 quat=[0.48834, -0.5171, 0.51428, 0.47921] angvel=[0.01015, 0.01409, -0.01226] linvel=[-0.00653, 2e-05, -0.00099] z=0.0982
[lowlevel-sim][GT] t=70.101 quat=[0.48853, -0.51711, 0.51426, 0.47903] angvel=[-0.00163, -0.00089, 0.00098] linvel=[-0.00645, -0.00097, -0.00047] z=0.0982
[lowlevel-sim][GT] t=70.151 quat=[0.48868, -0.51712, 0.51424, 0.47889] angvel=[0.00245, -0.01223, -0.00236] linvel=[-0.00493, 0.00104, 0.0007] z=0.0982
[lowlevel-sim][GT] t=70.201 quat=[0.48879, -0.5171, 0.51422, 0.47882] angvel=[0.00126, -0.01231, -2e-05] linvel=[-0.00242, 0.00117, -0.00155] z=0.0982
[lowlevel-sim][GT] t=70.251 quat=[0.48884, -0.51711, 0.51422, 0.47876] angvel=[-0.00649, 0.01171, -0.00148] linvel=[0.00337, -0.00153, 0.00059] z=0.0982
[lowlevel-sim][GT] t=70.301 quat=[0.48877, -0.51716, 0.51425, 0.47875] angvel=[0.00368, 0.01455, -0.01167] linvel=[0.00624, 0.00066, 0.0] z=0.0982
[lowlevel-sim][GT] t=70.351 quat=[0.48862, -0.51717, 0.51425, 0.47888] angvel=[0.00059, 0.01523, 0.00576] linvel=[0.00651, -0.00072, 0.00037] z=0.0982
[lowlevel-sim][GT] t=70.401 quat=[0.4885, -0.51714, 0.51426, 0.47904] angvel=[0.01196, 0.00914, 0.00212] linvel=[0.00673, -0.00097, 0.00117] z=0.0982
[lowlevel-sim][GT] t=70.451 quat=[0.4884, -0.51709, 0.51424, 0.47922] angvel=[0.00365, 0.00043, 0.00562] linvel=[0.00701, 0.00193, -0.00082] z=0.0983
[lowlevel-sim] t=  70.50 mode=cmd        pd=40172 hold=10342 failclosed=206 rtf=0.287 base_z=+0.098 pitch=+1.506 roll=-2.955 |tau|max=  7.51 sat=0/29 knee_L=+0.256 hip_p_L=-0.105 torn=12368 cmd_age=36.6ms auth=207.5s rig_ign=707 fix_base=0
[lowlevel-sim][GT] t=70.501 quat=[0.48828, -0.51709, 0.51426, 0.47931] angvel=[0.00819, 0.00976, 0.00887] linvel=[0.00729, 0.00024, -0.00113] z=0.0983
[lowlevel-sim][GT] t=70.551 quat=[0.4882, -0.51707, 0.51427, 0.47941] angvel=[-0.00031, 0.00181, 0.0022] linvel=[0.00617, -0.00124, 1e-05] z=0.0983
[lowlevel-sim][GT] t=70.601 quat=[0.48811, -0.51706, 0.51428, 0.47949] angvel=[0.00436, -0.00871, 0.01527] linvel=[0.00659, -0.00285, -0.0014] z=0.0983
[lowlevel-sim][GT] t=70.651 quat=[0.48811, -0.51702, 0.51426, 0.47956] angvel=[0.00962, -0.00299, -0.00137] linvel=[0.00414, -0.00085, 0.00041] z=0.0983
[lowlevel-sim][GT] t=70.701 quat=[0.48813, -0.51695, 0.51421, 0.47966] angvel=[0.00584, -0.00793, 0.00444] linvel=[-5e-05, 0.0009, -0.00039] z=0.0984
[lowlevel-sim][GT] t=70.751 quat=[0.48823, -0.51692, 0.51418, 0.47962] angvel=[0.01253, -0.01736, -0.00232] linvel=[-0.00634, 0.00046, -0.00182] z=0.0984
[lowlevel-sim][GT] t=70.801 quat=[0.48849, -0.51691, 0.51415, 0.47941] angvel=[-0.00157, -0.00412, -0.0012] linvel=[-0.00801, 0.00123, 0.00063] z=0.0984
[lowlevel-sim][GT] t=70.851 quat=[0.48873, -0.5169, 0.51412, 0.4792] angvel=[-0.00204, 0.01097, -0.02361] linvel=[-0.00638, 0.00013, 0.00101] z=0.0984
[lowlevel-sim][GT] t=70.901 quat=[0.48891, -0.51693, 0.51412, 0.47898] angvel=[0.00241, -0.0055, -0.01381] linvel=[-0.00594, -0.00157, -0.00174] z=0.0984
[lowlevel-sim][GT] t=70.951 quat=[0.48906, -0.51692, 0.51411, 0.47886] angvel=[0.00605, 0.01219, 8e-05] linvel=[-0.0053, -0.00069, -0.00197] z=0.0984
[lowlevel-sim] t=  71.00 mode=cmd        pd=40422 hold=10342 failclosed=206 rtf=0.286 base_z=+0.098 pitch=+1.506 roll=-2.929 |tau|max=  7.51 sat=0/29 knee_L=+0.255 hip_p_L=-0.103 torn=12389 cmd_age=52.0ms auth=209.5s rig_ign=707 fix_base=0
[lowlevel-sim][GT] t=71.001 quat=[0.48923, -0.51692, 0.51409, 0.47871] angvel=[0.01464, 0.00239, -0.01305] linvel=[-0.0051, -0.00238, -0.00129] z=0.0984
[lowlevel-sim][GT] t=71.051 quat=[0.48935, -0.51696, 0.51411, 0.47853] angvel=[0.0002, 0.00531, -0.02147] linvel=[-0.00211, 0.00323, 0.00094] z=0.0984
[lowlevel-sim][GT] t=71.101 quat=[0.48937, -0.51697, 0.51412, 0.47848] angvel=[-0.00196, -0.00711, 0.01451] linvel=[0.00255, -0.00243, 0.00061] z=0.0984
[lowlevel-sim][GT] t=71.151 quat=[0.48925, -0.51703, 0.51416, 0.4785] angvel=[0.00124, 0.00375, 0.002] linvel=[0.00728, 0.00045, -0.00044] z=0.0984
[lowlevel-sim][GT] t=71.201 quat=[0.48909, -0.51702, 0.51415, 0.47867] angvel=[0.00182, 0.00254, 0.00723] linvel=[0.00753, 0.00068, 0.0001] z=0.0984
[lowlevel-sim][GT] t=71.251 quat=[0.4889, -0.51701, 0.51417, 0.47887] angvel=[0.00082, 0.01135, -0.00011] linvel=[0.00699, 0.00122, -0.00066] z=0.0984
[lowlevel-sim][GT] t=71.301 quat=[0.48876, -0.51694, 0.51415, 0.4791] angvel=[0.00171, 0.01103, 0.00068] linvel=[0.00651, -0.00057, 0.00046] z=0.0984
[lowlevel-sim][GT] t=71.351 quat=[0.48862, -0.51695, 0.51415, 0.47923] angvel=[0.00301, -0.00719, -0.00137] linvel=[0.00662, 0.00066, 0.00015] z=0.0984
[lowlevel-sim][GT] t=71.401 quat=[0.48855, -0.5169, 0.51415, 0.47936] angvel=[0.00668, 0.0042, 0.0002] linvel=[0.00558, 0.00066, 0.00083] z=0.0984
[lowlevel-sim][GT] t=71.451 quat=[0.4885, -0.5169, 0.51417, 0.47939] angvel=[-0.00684, -0.00678, 0.01061] linvel=[0.00388, -0.00034, 0.0007] z=0.0984
[lowlevel-sim] t=  71.50 mode=cmd        pd=40672 hold=10342 failclosed=206 rtf=0.286 base_z=+0.098 pitch=+1.507 roll=-2.951 |tau|max=  7.46 sat=0/29 knee_L=+0.255 hip_p_L=-0.105 torn=12408 cmd_age=38.7ms auth=211.5s rig_ign=707 fix_base=0
[lowlevel-sim][GT] t=71.501 quat=[0.48857, -0.5169, 0.51415, 0.47934] angvel=[-0.00159, -0.0056, 0.00464] linvel=[-0.005, -0.00041, 0.0012] z=0.0985
[lowlevel-sim][GT] t=71.551 quat=[0.48877, -0.51687, 0.5141, 0.47921] angvel=[-0.00319, 0.0013, -0.00623] linvel=[-0.00694, -0.00102, 0.00079] z=0.0985
[lowlevel-sim][GT] t=71.601 quat=[0.48901, -0.51689, 0.51408, 0.47897] angvel=[-6e-05, -0.00138, -0.01436] linvel=[-0.00703, 0.0014, -0.00071] z=0.0985
[lowlevel-sim][GT] t=71.651 quat=[0.48923, -0.51691, 0.51408, 0.47873] angvel=[0.01106, -0.0069, -0.01076] linvel=[-0.00662, 0.00015, -0.00109] z=0.0984
[lowlevel-sim][GT] t=71.701 quat=[0.4894, -0.51692, 0.51407, 0.47855] angvel=[0.00185, -0.00091, -0.0117] linvel=[-0.00599, 0.00159, -0.00044] z=0.0984
[lowlevel-sim][GT] t=71.751 quat=[0.48956, -0.5169, 0.51401, 0.47847] angvel=[0.00671, -0.00508, -0.00706] linvel=[-0.00704, 0.00168, -0.00122] z=0.0984
[lowlevel-sim][GT] t=71.801 quat=[0.48964, -0.51691, 0.51401, 0.47838] angvel=[0.00765, 0.00306, -0.01304] linvel=[-0.00097, -0.00177, -0.00078] z=0.0984
[lowlevel-sim][GT] t=71.851 quat=[0.48961, -0.51695, 0.51403, 0.47834] angvel=[0.00103, 0.00473, -0.0055] linvel=[0.00484, 0.00088, -0.00047] z=0.0984
[lowlevel-sim][GT] t=71.901 quat=[0.48949, -0.51698, 0.51405, 0.47842] angvel=[0.00501, -0.00798, 0.01118] linvel=[0.0071, -0.001, -0.00109] z=0.0984
[lowlevel-sim][GT] t=71.951 quat=[0.48934, -0.51696, 0.51405, 0.47859] angvel=[0.00639, 0.00635, 0.00709] linvel=[0.00725, -0.0021, -0.00042] z=0.0985
[lowlevel-sim] t=  72.00 mode=cmd        pd=40922 hold=10342 failclosed=206 rtf=0.286 base_z=+0.098 pitch=+1.506 roll=-2.929 |tau|max=  7.47 sat=0/29 knee_L=+0.256 hip_p_L=-0.104 torn=12421 cmd_age=60.7ms auth=213.5s rig_ign=707 fix_base=0
[lowlevel-sim][GT] t=72.001 quat=[0.48917, -0.51697, 0.51406, 0.47874] angvel=[0.00423, -0.0029, 0.01465] linvel=[0.007, 0.00024, 1e-05] z=0.0985
[lowlevel-sim][GT] t=72.051 quat=[0.48907, -0.51695, 0.51406, 0.47887] angvel=[0.01121, 0.0082, 0.0001] linvel=[0.00722, -0.00042, -6e-05] z=0.0985
[lowlevel-sim][GT] t=72.101 quat=[0.48897, -0.51692, 0.51407, 0.47899] angvel=[0.00271, 0.00951, -0.00078] linvel=[0.0056, 0.00033, 0.00025] z=0.0985
[lowlevel-sim][GT] t=72.151 quat=[0.48893, -0.51692, 0.51406, 0.47905] angvel=[0.00212, -0.00194, 0.00138] linvel=[0.00446, 0.00042, -7e-05] z=0.0985
[lowlevel-sim][GT] t=72.201 quat=[0.48886, -0.51692, 0.51407, 0.4791] angvel=[0.00162, -0.00122, -0.00027] linvel=[0.00181, -0.00022, 0.00029] z=0.0985
[lowlevel-sim][GT] t=72.251 quat=[0.48892, -0.51687, 0.51403, 0.47915] angvel=[0.00307, 0.00238, 0.00036] linvel=[-0.00526, 0.00154, -0.00095] z=0.0985
[lowlevel-sim][GT] t=72.301 quat=[0.48913, -0.51682, 0.51399, 0.47903] angvel=[0.0036, -0.03832, -0.00787] linvel=[-0.00715, 0.0013, -0.00066] z=0.0985
[lowlevel-sim][GT] t=72.351 quat=[0.48939, -0.51685, 0.51397, 0.47875] angvel=[-0.00127, -0.0182, 0.00888] linvel=[-0.00699, -0.00089, 0.00194] z=0.0985
[lowlevel-sim][GT] t=72.401 quat=[0.48959, -0.51689, 0.51397, 0.4785] angvel=[0.00513, -0.00703, -0.01254] linvel=[-0.00708, 0.00061, -0.00023] z=0.0985
[lowlevel-sim][GT] t=72.451 quat=[0.48978, -0.5169, 0.51395, 0.47831] angvel=[0.00294, -0.00213, -0.0091] linvel=[-0.00554, 0.00045, -0.00072] z=0.0985
[lowlevel-sim] t=  72.50 mode=cmd        pd=41172 hold=10342 failclosed=206 rtf=0.286 base_z=+0.099 pitch=+1.506 roll=-2.905 |tau|max=  7.50 sat=0/29 knee_L=+0.255 hip_p_L=-0.102 torn=12446 cmd_age=26.7ms auth=215.2s rig_ign=707 fix_base=0
[lowlevel-sim][GT] t=72.501 quat=[0.48997, -0.51694, 0.51394, 0.47809] angvel=[0.01227, -0.00587, -0.00743] linvel=[-0.00576, 0.00022, -0.00238] z=0.0985
[lowlevel-sim][GT] t=72.551 quat=[0.49009, -0.51693, 0.51392, 0.47799] angvel=[1e-05, -0.00518, -0.01065] linvel=[-0.00408, 0.00037, 0.0003] z=0.0985
[lowlevel-sim][GT] t=72.601 quat=[0.4902, -0.51693, 0.51387, 0.47793] angvel=[0.00185, 0.00261, -0.00435] linvel=[0.00158, -0.00028, -0.00081] z=0.0985
[lowlevel-sim][GT] t=72.651 quat=[0.49011, -0.51698, 0.51392, 0.47792] angvel=[-0.00789, 0.03292, 0.00773] linvel=[0.00693, -3e-05, 0.00095] z=0.0985
[lowlevel-sim][GT] t=72.701 quat=[0.48987, -0.51697, 0.51394, 0.47816] angvel=[-0.00595, 0.00872, 0.00541] linvel=[0.00715, 0.00248, 0.00051] z=0.0985
[lowlevel-sim][GT] t=72.751 quat=[0.4897, -0.51695, 0.51394, 0.47835] angvel=[0.00327, 0.018, 0.00261] linvel=[0.00736, 8e-05, 9e-05] z=0.0985
[lowlevel-sim][GT] t=72.801 quat=[0.48958, -0.51694, 0.51394, 0.47849] angvel=[0.00131, -0.00597, -0.00376] linvel=[0.00578, -0.00023, 4e-05] z=0.0986
[lowlevel-sim][GT] t=72.851 quat=[0.48949, -0.51695, 0.51395, 0.47856] angvel=[0.00772, 0.01064, 0.00309] linvel=[0.00677, 0.00035, -8e-05] z=0.0986
[lowlevel-sim][GT] t=72.901 quat=[0.48934, -0.51695, 0.51396, 0.4787] angvel=[0.00276, 0.01593, 0.00516] linvel=[0.00768, -0.00184, -0.0005] z=0.0986
[lowlevel-sim][GT] t=72.951 quat=[0.48924, -0.51691, 0.51397, 0.47883] angvel=[-0.00395, -0.00042, 0.0059] linvel=[0.00538, 0.00033, -0.00014] z=0.0986
[lowlevel-sim] t=  73.00 mode=cmd        pd=41422 hold=10342 failclosed=206 rtf=0.286 base_z=+0.099 pitch=+1.507 roll=-2.931 |tau|max=  7.45 sat=0/29 knee_L=+0.255 hip_p_L=-0.104 torn=12465 cmd_age=29.3ms auth=217.1s rig_ign=707 fix_base=0
[lowlevel-sim][GT] t=73.001 quat=[0.48918, -0.51689, 0.51397, 0.47892] angvel=[0.01194, 0.00065, 0.01277] linvel=[0.00104, -0.00024, 0.00117] z=0.0986
[lowlevel-sim][GT] t=73.051 quat=[0.48923, -0.51685, 0.51394, 0.47894] angvel=[0.00732, -0.02004, 0.00062] linvel=[-0.00472, -0.00113, 2e-05] z=0.0986
[lowlevel-sim][GT] t=73.101 quat=[0.48939, -0.51684, 0.51394, 0.47878] angvel=[0.00322, -0.0225, -0.00725] linvel=[-0.00735, -0.00026, -0.00237] z=0.0986
[lowlevel-sim][GT] t=73.151 quat=[0.48973, -0.51689, 0.51389, 0.47845] angvel=[-0.00356, -0.0182, -0.01135] linvel=[-0.00695, 0.00173, 3e-05] z=0.0986
[lowlevel-sim][GT] t=73.201 quat=[0.48996, -0.51691, 0.51387, 0.47821] angvel=[0.00029, -0.0088, -0.01173] linvel=[-0.00636, 0.00109, -0.00158] z=0.0986
[lowlevel-sim][GT] t=73.251 quat=[0.49015, -0.5169, 0.51382, 0.47807] angvel=[-0.003, -0.00746, -0.0066] linvel=[-0.00685, 0.00134, 0.00086] z=0.0986
[lowlevel-sim][GT] t=73.301 quat=[0.49027, -0.51691, 0.51379, 0.47797] angvel=[0.00507, -0.01451, 0.00189] linvel=[-0.00573, -2e-05, -0.00143] z=0.0986
[lowlevel-sim][GT] t=73.351 quat=[0.49036, -0.51694, 0.5138, 0.47784] angvel=[-0.00466, 0.0014, -0.01028] linvel=[-0.00379, 0.00176, 0.00094] z=0.0986
[lowlevel-sim][GT] t=73.401 quat=[0.49044, -0.51698, 0.51379, 0.47772] angvel=[0.00392, -0.00219, -0.00573] linvel=[0.00169, -0.0007, 0.00024] z=0.0986
[lowlevel-sim][GT] t=73.451 quat=[0.49033, -0.51702, 0.51383, 0.47775] angvel=[0.00524, 0.01067, 0.01068] linvel=[0.0067, -0.00075, 0.0001] z=0.0986
[lowlevel-sim] t=  73.50 mode=cmd        pd=41672 hold=10342 failclosed=206 rtf=0.286 base_z=+0.099 pitch=+1.506 roll=-2.899 |tau|max=  7.50 sat=0/29 knee_L=+0.256 hip_p_L=-0.102 torn=12493 cmd_age=27.8ms auth=219.0s rig_ign=707 fix_base=0
[lowlevel-sim][GT] t=73.501 quat=[0.49009, -0.517, 0.51385, 0.47799] angvel=[-0.00502, -0.00739, 0.00567] linvel=[0.00653, 0.00014, 0.00147] z=0.0986
[lowlevel-sim][GT] t=73.551 quat=[0.48989, -0.51698, 0.51386, 0.47821] angvel=[-0.00698, 0.01798, 0.00203] linvel=[0.00685, 0.00038, 0.00069] z=0.0986
[lowlevel-sim][GT] t=73.601 quat=[0.48972, -0.51696, 0.51388, 0.47838] angvel=[0.01004, -0.00069, 0.00529] linvel=[0.00621, -0.00087, -0.00147] z=0.0986
[lowlevel-sim][GT] t=73.651 quat=[0.48957, -0.51695, 0.5139, 0.47854] angvel=[0.00223, 0.01032, 0.00024] linvel=[0.00709, -0.00249, -0.00048] z=0.0986
[lowlevel-sim][GT] t=73.701 quat=[0.48944, -0.51697, 0.51394, 0.47861] angvel=[0.00688, -0.0024, 0.01568] linvel=[0.00654, -0.00183, -0.00112] z=0.0986
[lowlevel-sim][GT] t=73.751 quat=[0.48936, -0.51694, 0.51394, 0.47871] angvel=[0.00443, -0.00281, 0.01097] linvel=[0.0024, 0.00104, -0.00113] z=0.0986
[lowlevel-sim][GT] t=73.801 quat=[0.48937, -0.5169, 0.51393, 0.47875] angvel=[0.00626, -5e-05, -0.01003] linvel=[-0.00159, -9e-05, 4e-05] z=0.0986
[lowlevel-sim][GT] t=73.851 quat=[0.48945, -0.51687, 0.5139, 0.47874] angvel=[0.00068, -0.0057, -0.00897] linvel=[-0.00645, 0.00111, 0.00038] z=0.0986
[lowlevel-sim][GT] t=73.901 quat=[0.48971, -0.51684, 0.51384, 0.47857] angvel=[0.00981, -0.00067, -0.00708] linvel=[-0.00606, -0.00083, -0.00168] z=0.0986
[lowlevel-sim][GT] t=73.951 quat=[0.48996, -0.51687, 0.51382, 0.4783] angvel=[0.00763, -0.01163, -0.00695] linvel=[-0.00745, -0.00103, -0.00169] z=0.0986
[lowlevel-sim] t=  74.00 mode=cmd        pd=41922 hold=10342 failclosed=206 rtf=0.285 base_z=+0.099 pitch=+1.507 roll=-2.898 |tau|max=  7.47 sat=0/29 knee_L=+0.255 hip_p_L=-0.102 torn=12513 cmd_age=27.8ms auth=220.9s rig_ign=707 fix_base=0
[lowlevel-sim][GT] t=74.001 quat=[0.4902, -0.51687, 0.51375, 0.47813] angvel=[-0.00424, -0.00204, -0.00424] linvel=[-0.00696, 0.00231, 0.00017] z=0.0986
[lowlevel-sim][GT] t=74.051 quat=[0.4903, -0.51689, 0.51377, 0.47798] angvel=[-0.00732, -0.00192, -0.01055] linvel=[-0.00638, 0.00057, 0.00051] z=0.0986
[lowlevel-sim][GT] t=74.101 quat=[0.49041, -0.51692, 0.51378, 0.47783] angvel=[-0.00194, -0.00314, -0.0095] linvel=[-0.00346, 0.00115, 0.00092] z=0.0986
[lowlevel-sim][GT] t=74.151 quat=[0.49056, -0.51691, 0.51372, 0.47775] angvel=[0.00541, -0.00513, 0.00111] linvel=[-0.00124, -0.00104, -0.00104] z=0.0986
[lowlevel-sim][GT] t=74.201 quat=[0.49052, -0.51698, 0.51378, 0.47765] angvel=[0.00645, 0.00514, 0.00193] linvel=[0.00444, -0.00357, -0.00058] z=0.0986
[lowlevel-sim][GT] t=74.251 quat=[0.49036, -0.51701, 0.51381, 0.47775] angvel=[0.00773, 0.00389, 0.00784] linvel=[0.00662, 0.00059, 0.00105] z=0.0986
[lowlevel-sim] FAIL-CLOSED engaged at t=74.288s, last command age 85.53 ms (deadline <= 100 ms) PASS
[lowlevel-sim][GT] t=74.301 quat=[0.48885, -0.51794, 0.51495, 0.47707] angvel=[-0.53963, 0.07743, 0.02924] linvel=[0.00726, 0.004, -0.02752] z=0.0981
[lowlevel-sim] COMMANDED at t=74.304s (was fail-closed)
[lowlevel-sim] FAIL-CLOSED engaged at t=74.339s, last command age 86.34 ms (deadline <= 100 ms) PASS
[lowlevel-sim][GT] t=74.351 quat=[0.48613, -0.51937, 0.51686, 0.47623] angvel=[-0.48353, 0.08938, 0.04313] linvel=[0.00667, 0.00496, -0.02702] z=0.0971
[lowlevel-sim] COMMANDED at t=74.354s (was fail-closed)
[lowlevel-sim][GT] t=74.401 quat=[0.48514, -0.51916, 0.51712, 0.47718] angvel=[0.1289, 0.03506, 0.02584] linvel=[0.00708, 0.00339, -0.00302] z=0.0969
[lowlevel-sim] FAIL-CLOSED engaged at t=74.446s, last command age 85.87 ms (deadline <= 100 ms) PASS
[lowlevel-sim][GT] t=74.451 quat=[0.48543, -0.51818, 0.5164, 0.47873] angvel=[-0.2253, 0.08289, 0.02119] linvel=[0.00687, 0.0049, -0.01442] z=0.0971
[lowlevel-sim] COMMANDED at t=74.480s (was fail-closed)
[lowlevel-sim] t=  74.50 mode=cmd        pd=42204 hold=10342 failclosed=270 rtf=0.286 base_z=+0.094 pitch=+1.479 roll=-3.111 |tau|max=  7.62 sat=0/29 knee_L=+0.237 hip_p_L=-0.132 torn=12530 cmd_age=78.4ms auth=222.5s rig_ign=707 fix_base=0
[lowlevel-sim][GT] t=74.501 quat=[0.47765, -0.52263, 0.52199, 0.47564] angvel=[0.20495, 0.07379, 0.06394] linvel=[0.00609, 0.00229, 0.00514] z=0.0942
[lowlevel-sim] FAIL-CLOSED engaged at t=74.502s, last command age 85.71 ms (deadline <= 100 ms) PASS
[lowlevel-sim] COMMANDED at t=74.520s (was fail-closed)
[lowlevel-sim] FAIL-CLOSED engaged at t=74.540s, last command age 100.89 ms (deadline <= 100 ms) FAIL
[lowlevel-sim][GT] t=74.551 quat=[0.47403, -0.52367, 0.52383, 0.4761] angvel=[-0.37133, 0.11897, 0.07161] linvel=[0.00664, 0.00458, -0.02603] z=0.0932
[lowlevel-sim] COMMANDED at t=74.556s (was fail-closed)
[lowlevel-sim] FAIL-CLOSED engaged at t=74.578s, last command age 86.25 ms (deadline <= 100 ms) PASS
[lowlevel-sim] COMMANDED at t=74.598s (was fail-closed)
[lowlevel-sim][GT] t=74.601 quat=[0.47015, -0.52508, 0.52603, 0.47597] angvel=[-0.33744, 0.13193, 0.0669] linvel=[0.00711, 0.00753, -0.02394] z=0.0919
[lowlevel-sim] FAIL-CLOSED engaged at t=74.637s, last command age 86.81 ms (deadline <= 100 ms) PASS
[lowlevel-sim] COMMANDED at t=74.638s (was fail-closed)
[lowlevel-sim][GT] t=74.651 quat=[0.47324, -0.52172, 0.52282, 0.48012] angvel=[0.30237, -0.00491, 0.00112] linvel=[-0.00684, 0.00323, 0.01089] z=0.0933
[lowlevel-sim] FAIL-CLOSED engaged at t=74.667s, last command age 86.96 ms (deadline <= 100 ms) PASS
[lowlevel-sim] COMMANDED at t=74.672s (was fail-closed)
[lowlevel-sim][GT] t=74.701 quat=[0.47555, -0.51999, 0.52084, 0.48186] angvel=[0.16228, -0.03346, -0.02144] linvel=[-0.00534, 0.0026, 0.00736] z=0.0941
[lowlevel-sim][GT] t=74.751 quat=[0.47791, -0.51877, 0.51918, 0.48264] angvel=[0.07882, -0.06178, -0.02022] linvel=[-0.00642, -0.00255, 0.00545] z=0.0949
[lowlevel-sim][GT] t=74.801 quat=[0.47948, -0.51834, 0.51832, 0.48245] angvel=[0.0354, -0.04503, -0.03006] linvel=[-0.00654, -0.00262, 0.00327] z=0.0953
[lowlevel-sim] FAIL-CLOSED engaged at t=74.840s, last command age 88.34 ms (deadline <= 100 ms) PASS
[lowlevel-sim][GT] t=74.851 quat=[0.47947, -0.51894, 0.51873, 0.48138] angvel=[-0.4738, 0.02619, 0.01647] linvel=[-0.00269, 0.00394, -0.02009] z=0.0952
[lowlevel-sim] COMMANDED at t=74.860s (was fail-closed)
[lowlevel-sim] FAIL-CLOSED engaged at t=74.897s, last command age 86.55 ms (deadline <= 100 ms) PASS
[lowlevel-sim] COMMANDED at t=74.900s (was fail-closed)
[lowlevel-sim][GT] t=74.901 quat=[0.4777, -0.52029, 0.52021, 0.48009] angvel=[-0.02495, 0.00642, -0.00225] linvel=[-0.00494, -0.00109, -0.00136] z=0.0945
[lowlevel-sim] FAIL-CLOSED engaged at t=74.920s, last command age 92.74 ms (deadline <= 100 ms) PASS
[lowlevel-sim] COMMANDED at t=74.922s (was fail-closed)
[lowlevel-sim][GT] t=74.951 quat=[0.47888, -0.51946, 0.51926, 0.48084] angvel=[0.10865, -0.01796, -0.00437] linvel=[-0.00728, -0.00296, 0.00354] z=0.0949
[lowlevel-sim] t=  75.00 mode=cmd        pd=42494 hold=10342 failclosed=351 rtf=0.285 base_z=+0.095 pitch=+1.495 roll=+3.131 |tau|max=  7.53 sat=0/29 knee_L=+0.253 hip_p_L=-0.115 torn=12531 cmd_age=98.4ms auth=224.4s rig_ign=707 fix_base=0
[lowlevel-sim] FAIL-CLOSED engaged at t=75.000s, last command age 99.50 ms (deadline <= 100 ms) PASS
[lowlevel-sim][GT] t=75.001 quat=[0.48022, -0.51869, 0.51828, 0.48137] angvel=[-0.01441, 0.00843, -0.01233] linvel=[-0.00591, -0.00138, -0.00071] z=0.0954
[lowlevel-sim] COMMANDED at t=75.008s (was fail-closed)
[lowlevel-sim] FAIL-CLOSED engaged at t=75.031s, last command age 85.96 ms (deadline <= 100 ms) PASS
[lowlevel-sim][GT] t=75.051 quat=[0.47716, -0.52123, 0.52097, 0.47877] angvel=[-0.66613, 0.07183, 0.03661] linvel=[0.00676, 0.00368, -0.03282] z=0.0941
[lowlevel-sim] COMMANDED at t=75.060s (was fail-closed)
[lowlevel-sim] FAIL-CLOSED engaged at t=75.095s, last command age 86.12 ms (deadline <= 100 ms) PASS
[lowlevel-sim][GT] t=75.101 quat=[0.47519, -0.52209, 0.52219, 0.47848] angvel=[-0.13006, 0.04319, 0.02459] linvel=[0.00499, 0.00375, -0.00844] z=0.0935
[lowlevel-sim] COMMANDED at t=75.118s (was fail-closed)
[lowlevel-sim] FAIL-CLOSED engaged at t=75.129s, last command age 86.95 ms (deadline <= 100 ms) PASS
[lowlevel-sim] COMMANDED at t=75.134s (was fail-closed)
[lowlevel-sim][GT] t=75.151 quat=[0.47166, -0.52383, 0.52446, 0.47757] angvel=[0.31097, -0.00161, 0.00191] linvel=[0.00716, 0.00173, 0.00884] z=0.0923
[lowlevel-sim] FAIL-CLOSED engaged at t=75.158s, last command age 85.79 ms (deadline <= 100 ms) PASS
[lowlevel-sim] COMMANDED at t=75.160s (was fail-closed)
[lowlevel-sim][GT] t=75.201 quat=[0.47527, -0.52071, 0.52124, 0.48093] angvel=[0.22524, -0.02125, -0.00831] linvel=[-0.00111, -0.00125, 0.00823] z=0.0938
[lowlevel-sim][GT] t=75.251 quat=[0.47769, -0.5191, 0.51932, 0.48234] angvel=[0.09184, -0.03747, -0.00599] linvel=[-0.00057, -0.00281, 0.00515] z=0.0947
