Authorization required, but no authorization protocol specified

Authorization required, but no authorization protocol specified

Authorization required, but no authorization protocol specified

Authorization required, but no authorization protocol specified

Authorization required, but no authorization protocol specified

cat: '/sys/devices/system/cpu/cpu*/cpufreq/scaling_governor': No such file or directory
Authorization required, but no authorization protocol specified

Authorization required, but no authorization protocol specified

[Info] [carb] Logging to file: /isaac-sim/kit/logs/Kit/Isaac-Sim Python/5.1/kit_20260822_050732.log
[0.149s] [ext: omni.kit.async_engine-0.0.3] startup
[1.065s] [ext: omni.metrics.core-0.0.3] startup
[1.065s] [ext: omni.client.lib-1.1.0] startup
[1.105s] [ext: omni.blobkey-1.1.2] startup
[1.105s] [ext: omni.stats-1.0.1] startup
[1.114s] [ext: omni.datastore-0.0.0] startup
[1.122s] [ext: omni.client-1.3.0] startup
[1.129s] [ext: omni.ujitso.default-1.0.0] startup
[1.132s] [ext: omni.hsscclient-1.1.2] startup
[1.154s] [ext: omni.gpu_foundation.shadercache.vulkan-1.0.0] startup
[1.188s] [ext: omni.assets.plugins-0.0.0] startup
[1.190s] [ext: omni.gpu_foundation-0.0.0] startup
[1.202s] [ext: carb.windowing.plugins-1.0.0] startup
2026-08-22T05:07:33Z [1,160ms] [Warning] [carb.windowing-glfw.plugin] GLFW initialization failed.
2026-08-22T05:07:33Z [1,160ms] [Warning] [carb] Failed to startup plugin carb.windowing-glfw.plugin (interfaces: [carb::windowing::IGLContext v1.0],[carb::windowing::IWindowing v1.5]) (impl: carb.windowing-glfw.plugin)
[1.204s] [ext: omni.kit.renderer.init-0.0.0] startup
2026-08-22T05:07:33Z [1,215ms] [Warning] [omni.platforminfo.plugin] failed to open the default display.  Can't verify X Server version.
2026-08-22T05:07:34Z [1,449ms] [Warning] [carb.windowing-glfw.plugin] GLFW initialization failed.
2026-08-22T05:07:34Z [1,449ms] [Warning] [carb] Failed to startup plugin carb.windowing-glfw.plugin (interfaces: [carb::windowing::IGLContext v1.0],[carb::windowing::IWindowing v1.5]) (impl: carb.windowing-glfw.plugin)

|---------------------------------------------------------------------------------------------|
| Driver Version: 580.105.08    | Graphics API: Vulkan
|=============================================================================================|
| GPU | Name                             | Active | LDA | GPU Memory | Vendor-ID | LUID       |
|     |                                  |        |     |            | Device-ID | UUID       |
|     |                                  |        |     |            | Bus-ID    |            |
|---------------------------------------------------------------------------------------------|
| 0   | NVIDIA GeForce RTX 4090          | Yes: 0 |     | 24810   MB | 10de      | 0          |
|     |                                  |        |     |            | 2684      | ea3ff652.. |
|     |                                  |        |     |            | 0         |            |
|=============================================================================================|
| OS: 24.04.2 LTS (Noble Numbat) ubuntu, Version: 24.04.2, Kernel: 6.8.0-87-generic
| Processor: AMD EPYC 7713 64-Core Processor
| Cores: 40 | Logical Cores: 40
|---------------------------------------------------------------------------------------------|
| Total Memory (MB): 135018 | Free Memory: 126826
| Total Page/Swap (MB): 0 | Free Page/Swap: 0
|---------------------------------------------------------------------------------------------|
[2.275s] [ext: omni.kit.pipapi-0.0.0] startup
[2.290s] [ext: omni.kit.pip_archive-0.0.0] startup
[2.298s] [ext: omni.pip.compute-1.6.3] startup
[2.307s] [ext: omni.materialx.libs-1.0.7] startup
[2.324s] [ext: omni.pip.cloud-1.4.3] startup
[2.357s] [ext: omni.isaac.core_archive-3.0.0] startup
[2.366s] [ext: omni.usd.config-1.0.6] startup
[2.381s] [ext: omni.gpucompute.plugins-0.0.0] startup
[2.382s] [ext: omni.usd.libs-1.0.1] startup
[2.485s] [ext: omni.kit.telemetry-0.5.2] startup
[2.565s] [ext: omni.mdl-56.0.3] startup
[3.117s] [ext: omni.iray.libs-0.0.0] startup
[3.125s] [ext: omni.mdl.neuraylib-0.2.12] startup
[3.141s] [ext: omni.kit.usd.mdl-1.1.5] startup
[3.304s] [ext: omni.isaac.ml_archive-3.0.4] startup
[3.310s] [ext: omni.kit.loop-isaac-1.3.7] startup
[3.318s] [ext: omni.kit.test-2.0.1] startup
[3.677s] [ext: omni.appwindow-1.1.10] startup
2026-08-22T05:07:36Z [3,636ms] [Warning] [carb.windowing-glfw.plugin] GLFW initialization failed.
2026-08-22T05:07:36Z [3,636ms] [Warning] [carb] Failed to startup plugin carb.windowing-glfw.plugin (interfaces: [carb::windowing::IGLContext v1.0],[carb::windowing::IWindowing v1.5]) (impl: carb.windowing-glfw.plugin)
Authorization required, but no authorization protocol specified

2026-08-22T05:07:36Z [3,638ms] [Warning] [carb.windowing-glfw.plugin] GLFW initialization failed.
2026-08-22T05:07:36Z [3,638ms] [Warning] [carb] Failed to startup plugin carb.windowing-glfw.plugin (interfaces: [carb::windowing::IGLContext v1.0],[carb::windowing::IWindowing v1.5]) (impl: carb.windowing-glfw.plugin)
2026-08-22T05:07:36Z [3,638ms] [Error] [omni.appwindow.plugin] Failed to acquire IWindowing interface
2026-08-22T05:07:36Z [3,638ms] [Error] [omni.appwindow.plugin] IAppWindow::startup failed
Authorization required, but no authorization protocol specified

Authorization required, but no authorization protocol specified

[3.688s] [ext: omni.kit.renderer.core-1.1.0] startup
2026-08-22T05:07:36Z [3,672ms] [Warning] [carb.windowing-glfw.plugin] GLFW initialization failed.
2026-08-22T05:07:36Z [3,672ms] [Warning] [carb] Failed to startup plugin carb.windowing-glfw.plugin (interfaces: [carb::windowing::IGLContext v1.0],[carb::windowing::IWindowing v1.5]) (impl: carb.windowing-glfw.plugin)
[3.725s] [ext: omni.kit.renderer.capture-0.0.0] startup
[3.739s] [ext: omni.kit.renderer.imgui-2.0.5] startup
2026-08-22T05:07:36Z [3,703ms] [Warning] [carb.windowing-glfw.plugin] GLFW initialization failed.
2026-08-22T05:07:36Z [3,703ms] [Warning] [carb] Failed to startup plugin carb.windowing-glfw.plugin (interfaces: [carb::windowing::IGLContext v1.0],[carb::windowing::IWindowing v1.5]) (impl: carb.windowing-glfw.plugin)
2026-08-22T05:07:36Z [3,703ms] [Warning] [omni.ui.windowmanager.plugin] Failed to set app window for default window set!
[3.755s] [ext: omni.ui-2.27.1] startup
[3.784s] [ext: omni.kit.mainwindow-1.0.3] startup
[3.794s] [ext: carb.audio-0.1.0] startup
[3.801s] [ext: omni.uiaudio-1.0.0] startup
[3.807s] [ext: omni.kit.uiapp-0.0.0] startup
[3.807s] [ext: omni.usd.schema.metrics.assembler-107.3.1] startup
[3.822s] [ext: omni.usd.schema.audio-0.0.0] startup
[3.833s] [ext: omni.anim.graph.schema-107.3.3] startup
[3.856s] [ext: omni.usd_resolver-1.0.0] startup
[3.867s] [ext: omni.usd.core-1.5.3] startup
[3.870s] [ext: omni.usd.schema.render_settings.rtx-0.0.0] startup
[3.941s] [ext: omni.usd.schema.semantics-0.0.0] startup
[3.951s] [ext: isaacsim.robot.schema-3.6.0] startup
[3.976s] [ext: omni.usd.schema.geospatial-0.0.0] startup
[3.986s] [ext: omni.usd.schema.anim-0.0.0] startup
[4.019s] [ext: omni.kit.window.popup_dialog-2.0.24] startup
[4.040s] [ext: usdrt.scenegraph-7.6.1] startup
[4.126s] [ext: omni.timeline-1.0.14] startup
[4.133s] [ext: omni.resourcemonitor-107.0.1] startup
[4.144s] [ext: omni.activity.core-1.0.3] startup
[4.151s] [ext: omni.kit.widget.nucleus_connector-2.0.1] startup
[4.170s] [ext: omni.hydra.usdrt_delegate-7.5.1] startup
[4.184s] [ext: omni.kit.actions.core-1.0.0] startup
[4.196s] [ext: omni.graph.exec-0.9.6] startup
[4.196s] [ext: omni.kit.commands-1.4.10] startup
[4.219s] [ext: omni.kit.usd_undo-0.1.8] startup
[4.226s] [ext: omni.kit.exec.core-0.13.4] startup
[4.237s] [ext: omni.kit.audiodeviceenum-1.0.2] startup
[4.245s] [ext: omni.hydra.scene_delegate-0.3.4] startup
[4.250s] [ext: omni.usd-1.13.10] startup
[4.337s] [ext: omni.kit.asset_converter-5.0.17] startup
[4.368s] [ext: omni.usd.schema.flow-107.1.1] startup
[4.374s] [ext: omni.usd.schema.omnigraph-1.0.0] startup
[4.389s] [ext: omni.usd.schema.omni_sensors-0.0.0] startup
[4.397s] [ext: omni.anim.navigation.schema-107.3.3] startup
[4.409s] [ext: omni.inspect-1.0.2] startup
[4.415s] [ext: omni.kit.notification_manager-1.0.10] startup
[4.428s] [ext: omni.graph.core-2.184.5] startup
[4.431s] [ext: isaacsim.core.deprecation_manager-0.2.7] startup
[4.438s] [ext: omni.usd.schema.physx-107.3.26] startup
[4.491s] [ext: omni.usd.schema.isaac-3.0.5] startup
[4.491s] [ext: omni.usd.schema.omniscripting-1.0.0] startup
[4.505s] [ext: omni.usd.schema.omni_lens_distortion-0.0.0] startup
[4.512s] [ext: omni.kvdb-107.3.26] startup
[4.519s] [ext: omni.usdphysics-107.3.26] startup
[4.527s] [ext: omni.physx.foundation-107.3.26] startup
[4.535s] [ext: omni.localcache-107.3.26] startup
[4.542s] [ext: omni.convexdecomposition-107.3.26] startup
[4.551s] [ext: omni.physx.cooking-107.3.26] startup
[4.560s] [ext: omni.physx-107.3.26] startup
[4.585s] [ext: omni.physics-107.3.26] startup
[4.596s] [ext: omni.kit.usd.layers-2.2.11] startup
[4.643s] [ext: omni.physics.physx-107.3.26] startup
2026-08-22T05:07:37Z [4,601ms] [Warning] [carb] Acquiring non optional plugin interface which is not listed as dependency: [omni::physx::IPhysxBenchmarks v1.0] (plugin: <default plugin>), by client: omni.physics.physx.plugin. Add it to CARB_PLUGIN_IMPL_DEPS() macro of a client.
[4.650s] [ext: omni.physics.stageupdate-107.3.26] startup
[4.661s] [ext: omni.kit.numpy.common-0.1.3] startup
[4.669s] [ext: isaacsim.core.version-2.0.6] startup
[4.677s] [ext: omni.isaac.dynamic_control-2.0.7] startup
2026-08-22T05:07:37Z [4,648ms] [Warning] [omni.isaac.dynamic_control] omni.isaac.dynamic_control is deprecated as of Isaac Sim 4.5. No action is needed from end-users.
[4.694s] [ext: isaacsim.storage.native-1.5.1] startup
[4.710s] [ext: omni.kit.menu.core-1.1.2] startup
[4.724s] [ext: omni.kit.helper.file_utils-0.1.9] startup
[4.739s] [ext: omni.usd.metrics.assembler-107.3.1] startup
[4.759s] [ext: omni.kit.widget.context_menu-1.2.5] startup
[4.777s] [ext: omni.warp.core-1.8.2] startup
[5.282s] [ext: omni.usd.metrics.assembler.physics-107.3.26] startup
[5.305s] [ext: omni.physics.tensors-107.3.26] startup
[5.338s] [ext: omni.kit.context_menu-1.8.6] startup
[5.357s] [ext: omni.kit.clipboard-1.0.5] startup
[5.363s] [ext: isaacsim.core.utils-3.5.1] startup
[5.380s] [ext: omni.kit.widget.filebrowser-2.12.3] startup
[5.425s] [ext: omni.kit.widget.options_menu-1.1.6] startup
[5.446s] [ext: omni.kit.widget.path_field-2.0.11] startup
[5.458s] [ext: omni.index.libs-380600.8087.0] startup
[5.458s] [ext: omni.ui.scene-1.11.5] startup
[5.468s] [ext: omni.kit.widget.options_button-1.0.3] startup
[5.476s] [ext: omni.kit.widget.browser_bar-2.0.10] startup
[5.487s] [ext: omni.index-1.0.1] startup
[5.488s] [ext: omni.hydra.rtx.shadercache.vulkan-1.0.0] startup
[5.498s] [ext: omni.kit.window.filepicker-2.13.4] startup
[5.623s] [ext: omni.volume-0.5.2] startup
[5.631s] [ext: omni.ujitso.client-0.0.0] startup
[5.632s] [ext: omni.graph.tools-1.79.2] startup
[5.818s] [ext: omni.graph.image.core-0.6.1] startup
[5.819s] [ext: omni.hydra.rtx-1.0.0] startup
2026-08-22T05:07:38Z [5,798ms] [Warning] [omni.log] Source: omni.hydra was already registered.
[5.867s] [ext: omni.kit.window.file_importer-1.1.18] startup
[5.881s] [ext: omni.kit.menu.utils-2.0.5] startup
[5.940s] [ext: omni.graph.image.nodes-1.3.1] startup
[5.942s] [ext: omni.kit.widget.searchable_combobox-1.0.6] startup
[5.954s] [ext: omni.kit.hydra_texture-1.4.6] startup
[5.966s] [ext: omni.kit.material.library-2.0.7] startup
[6.010s] [ext: omni.hydra.engine.stats-1.0.3] startup
[6.020s] [ext: omni.kit.viewport.scene_camera_model-1.0.6] startup
[6.032s] [ext: omni.kit.widget.settings-1.2.6] startup
[6.053s] [ext: omni.kit.viewport.legacy_gizmos-1.0.19] startup
[6.063s] [ext: omni.kit.widget.viewport-107.1.3] startup
[6.099s] [ext: omni.kit.viewport.registry-104.0.6] startup
[6.109s] [ext: omni.kit.raycast.query-1.1.0] startup
[6.125s] [ext: omni.physx.tensors-107.3.26] startup
[6.130s] [ext: omni.kit.window.drop_support-1.0.5] startup
[6.140s] [ext: omni.kit.primitive.mesh-1.0.17] startup
[6.171s] [ext: omni.kit.viewport.window-107.2.0] startup
2026-08-22T05:07:38Z [6,167ms] [Error] [omni.kit.window.drop_support.drop_support] Cannot setup ExternalDragDrop without a default window
2026-08-22T05:07:38Z [6,167ms] [Error] [omni.ui.python] AttributeError: 'NoneType' object has no attribute 'get_window_minimize_event_stream'

At:
  /isaac-sim/extscache/omni.kit.viewport.window-107.2.0+69cbf6ad/omni/kit/viewport/window/window.py(136): __init__
  /isaac-sim/extscache/omni.kit.viewport.window-107.2.0+69cbf6ad/omni/kit/viewport/window/menu_entry.py(203): __show_window
  /isaac-sim/extscache/omni.kit.viewport.window-107.2.0+69cbf6ad/omni/kit/viewport/window/menu_entry.py(139): <lambda>
  /isaac-sim/extscache/omni.kit.viewport.window-107.2.0+69cbf6ad/omni/kit/viewport/window/menu_entry.py(141): __init__
  /isaac-sim/extscache/omni.kit.viewport.window-107.2.0+69cbf6ad/omni/kit/viewport/window/menu_entry.py(250): <listcomp>
  /isaac-sim/extscache/omni.kit.viewport.window-107.2.0+69cbf6ad/omni/kit/viewport/window/menu_entry.py(249): create_viewport_window_menu
  /isaac-sim/extscache/omni.kit.viewport.window-107.2.0+69cbf6ad/omni/kit/viewport/window/extension.py(37): on_startup
  /isaac-sim/kit/kernel/py/omni/ext/_impl/_internal.py(173): _startup_ext
  /isaac-sim/kit/kernel/py/omni/ext/_impl/_internal.py(233): startup
  /isaac-sim/kit/kernel/py/omni/ext/_impl/_internal.py(337): startup_extension
  PythonExtension.cpp::startup()(2): <module>
  /isaac-sim/exts/isaacsim.simulation_app/isaacsim/simulation_app/simulation_app.py(534): _start_app
  /isaac-sim/exts/isaacsim.simulation_app/isaacsim/simulation_app/simulation_app.py(270): __init__
  /workspace/ferox_isaac/run.py(32): <module>

[6.255s] [ext: omni.kit.window.preferences-1.8.0] startup
[6.299s] [ext: isaacsim.core.simulation_manager-1.4.4] startup
[10.636s] [ext: omni.graph.action_core-1.1.7] startup
[10.648s] [ext: omni.graph-1.141.2] startup
[10.850s] [ext: omni.kit.viewport.utility-1.1.2] startup
[10.863s] [ext: omni.kit.viewport.menubar.core-107.2.1] startup
[10.947s] [ext: isaacsim.core.prims-0.6.1] startup
[11.110s] [ext: omni.graph.action_nodes-1.50.4] startup
[11.126s] [ext: omni.kit.stage_template.core-1.1.22] startup
[11.145s] [ext: omni.syntheticdata-0.6.13] startup
[11.528s] [ext: omni.graph.nodes-1.170.10] startup
[11.638s] [ext: omni.graph.action-1.130.0] startup
[11.653s] [ext: omni.kit.stage_templates-2.0.0] startup
[11.707s] [ext: omni.kit.widget.filter-1.1.4] startup
[11.729s] [ext: omni.kit.widget.graph-2.0.0] startup
[11.834s] [ext: omni.kit.property.adapter.core-1.0.2] startup
[11.855s] [ext: omni.kit.window.file_exporter-1.0.33] startup
[11.870s] [ext: omni.kit.widget.searchfield-1.1.8] startup
[11.890s] [ext: omni.kit.hotkeys.core-1.3.10] startup
[11.892s] [ext: omni.kit.graph.delegate.default-1.2.3] startup
[11.906s] [ext: omni.kit.property.adapter.fabric-1.0.3] startup
[11.928s] [ext: omni.kit.widget.stage-3.1.4] startup
[12.014s] [ext: omni.kit.property.adapter.usd-1.0.2] startup
[12.030s] [ext: omni.kit.graph.editor.core-1.5.3] startup
[12.056s] [ext: omni.kit.widget.material_preview-1.0.16] startup
[12.077s] [ext: omni.kit.widget.highlight_label-1.0.3] startup
[12.095s] [ext: omni.kit.window.file-2.0.5] startup
[12.127s] [ext: omni.kit.window.content_browser_registry-0.0.6] startup
[12.139s] [ext: omni.kit.window.property-1.12.1] startup
[12.166s] [ext: omni.kit.window.content_browser-3.1.3] startup
2026-08-22T05:07:44Z [12,161ms] [Error] [omni.kit.window.drop_support.drop_support] Cannot setup ExternalDragDrop without a default window
[12.204s] [ext: omni.kit.graph.usd.commands-1.3.1] startup
[12.224s] [ext: omni.kit.property.usd-4.5.12] startup
[12.340s] [ext: omni.graph.ui_nodes-1.50.5] startup
[12.373s] [ext: omni.videoencoding-0.1.2] startup
[12.389s] [ext: omni.kit.window.material_graph-1.9.1] startup
[12.518s] [ext: omni.warp-1.8.2] startup
[12.594s] [ext: isaacsim.core.api-4.8.0] startup
[12.938s] [ext: omni.graph.scriptnode-1.50.0] startup
[12.967s] [ext: isaacsim.test.docstring-1.1.0] startup
[13.022s] [ext: isaacsim.core.experimental.utils-0.3.0] startup
[13.070s] [ext: omni.replicator.core-1.12.27] startup
2026-08-22T05:07:45Z [13,140ms] [Warning] [pxr.Semantics] pxr.Semantics is deprecated - please use Semantics instead
2026-08-22T05:07:46Z [13,470ms] [Warning] [omni.graph.core.plugin] Found duplicate of category 'Replicator' - was 'Annotators', adding 'Fabric Reader'
2026-08-22T05:07:46Z [13,470ms] [Warning] [omni.graph.core.plugin] Category 'Replicator' not accepted on node type 'omni.replicator.core.FabricReader' in extension 'omni.replicator.core'
2026-08-22T05:07:46Z [13,471ms] [Warning] [omni.replicator.core.scripts.extension] No material configuration file, adding configuration to material settings directly.
[13.520s] [ext: isaacsim.core.experimental.prims-0.8.1] startup
[13.727s] [ext: omni.kit.window.extensions-1.4.27] startup
[13.899s] [ext: isaacsim.core.experimental.objects-0.4.0] startup
[14.085s] [ext: omni.ui_query-1.1.8] startup
[14.115s] [ext: omni.kit.manipulator.viewport-107.0.1] startup
[14.154s] [ext: isaacsim.robot.surface_gripper-3.3.1] startup
[14.208s] [ext: omni.kit.ui_test-1.3.7] startup
[14.266s] [ext: omni.graph.visualization.nodes-2.1.3] startup
[14.409s] [ext: isaacsim.robot_motion.lula-4.0.8] startup
[14.466s] [ext: isaacsim.core.nodes-3.4.3] startup
[14.572s] [ext: isaacsim.gui.components-1.2.1] startup
[14.680s] [ext: isaacsim.robot_motion.motion_generation-8.0.26] startup
[14.916s] [ext: isaacsim.robot.manipulators-3.3.6] startup
[14.995s] [ext: isaacsim.core.experimental.materials-0.4.0] startup
[15.109s] [ext: isaacsim.robot.manipulators.examples-1.1.2] startup
[15.133s] [ext: isaacsim.cortex.framework-1.0.12] startup
[15.154s] [ext: isaacsim.cortex.behaviors-2.0.14] startup
[15.181s] [ext: omni.isaac.cortex.sample_behaviors-2.0.5] startup
2026-08-22T05:07:47Z [15,162ms] [Warning] [omni.isaac.cortex] omni.isaac.cortex has been deprecated in favor of isaacsim.cortex.framework. Please update your code accordingly.
2026-08-22T05:07:47Z [15,175ms] [Warning] [omni.isaac.cortex.sample_behaviors] omni.isaac.cortex.sample_behaviors has been deprecated in favor of isaacsim.cortex.behaviors. Please update your code accordingly.
[15.219s] [ext: omni.kit.widget.zoombar-1.0.6] startup
[15.249s] [ext: isaacsim.gui.content_browser-0.1.11] startup
[15.286s] [ext: omni.kit.browser.core-2.3.13] startup
[15.377s] [ext: omni.kit.widget.stage_icons-1.0.8] startup
[15.399s] [ext: omni.kit.widget.prompt-1.0.7] startup
[15.425s] [ext: omni.kit.usd.collect-2.4.5] startup
[15.483s] [ext: omni.kit.browser.folder.core-1.10.9] startup
[15.632s] [ext: omni.kit.window.stage-2.6.1] startup
[15.679s] [ext: omni.kit.usdz_export-1.0.9] startup
[15.702s] [ext: omni.kit.tool.collect-2.2.18] startup
[15.748s] [ext: omni.kit.menu.stage-1.2.7] startup
[15.770s] [ext: omni.kit.tool.asset_importer-4.3.2] startup
[15.868s] [ext: isaacsim.robot.wheeled_robots-4.0.24] startup
[16.155s] [ext: isaacsim.examples.browser-0.2.1] startup
[16.319s] [ext: isaacsim.asset.importer.urdf-2.4.30] startup
[17.251s] [ext: omni.isaac.wheeled_robots-3.0.7] startup
2026-08-22T05:07:49Z [17,221ms] [Warning] [omni.isaac.wheeled_robots] omni.isaac.wheeled_robots has been deprecated in favor of isaacsim.robot.wheeled_robots. Please update your code accordingly.
2026-08-22T05:07:49Z [17,228ms] [Warning] [omni.isaac.wheeled_robots.controllers] omni.isaac.wheeled_robots has been deprecated in favor of isaacsim.robot.wheeled_robots. Please update your code accordingly.
2026-08-22T05:07:49Z [17,238ms] [Warning] [omni.isaac.wheeled_robots.controllers.ackermann_controller] omni.isaac.wheeled_robots has been deprecated in favor of isaacsim.robot.wheeled_robots. Please update your code accordingly.
2026-08-22T05:07:49Z [17,242ms] [Warning] [omni.isaac.wheeled_robots.controllers.differential_controller] omni.isaac.wheeled_robots has been deprecated in favor of isaacsim.robot.wheeled_robots. Please update your code accordingly.
2026-08-22T05:07:49Z [17,243ms] [Warning] [omni.isaac.wheeled_robots.controllers.holonomic_controller] omni.isaac.wheeled_robots has been deprecated in favor of isaacsim.robot.wheeled_robots. Please update your code accordingly.
2026-08-22T05:07:49Z [17,244ms] [Warning] [omni.isaac.wheeled_robots.controllers.quintic_path_planner] omni.isaac.wheeled_robots has been deprecated in favor of isaacsim.robot.wheeled_robots. Please update your code accordingly.
2026-08-22T05:07:49Z [17,245ms] [Warning] [omni.isaac.wheeled_robots.controllers.stanley_control] omni.isaac.wheeled_robots has been deprecated in favor of isaacsim.robot.wheeled_robots. Please update your code accordingly.
2026-08-22T05:07:49Z [17,246ms] [Warning] [omni.isaac.wheeled_robots.controllers.wheel_base_pose_controller] omni.isaac.wheeled_robots has been deprecated in favor of isaacsim.robot.wheeled_robots. Please update your code accordingly.
2026-08-22T05:07:49Z [17,248ms] [Warning] [omni.isaac.wheeled_robots.impl] omni.isaac.wheeled_robots has been deprecated in favor of isaacsim.robot.wheeled_robots. Please update your code accordingly.
2026-08-22T05:07:49Z [17,252ms] [Warning] [omni.isaac.wheeled_robots.robots] omni.isaac.wheeled_robots has been deprecated in favor of isaacsim.robot.wheeled_robots. Please update your code accordingly.
2026-08-22T05:07:49Z [17,253ms] [Warning] [omni.isaac.wheeled_robots.robots.holonomic_robot_usd_setup] omni.isaac.wheeled_robots has been deprecated in favor of isaacsim.robot.wheeled_robots. Please update your code accordingly.
2026-08-22T05:07:49Z [17,254ms] [Warning] [omni.isaac.wheeled_robots.robots.wheeled_robot] omni.isaac.wheeled_robots has been deprecated in favor of isaacsim.robot.wheeled_robots. Please update your code accordingly.
[17.301s] [ext: isaacsim.simulation_app-2.12.2] startup
[17.306s] [ext: omni.isaac.franka-1.0.7] startup
2026-08-22T05:07:49Z [17,274ms] [Warning] [omni.isaac.franka] omni.isaac.franka has been deprecated in favor of isaacsim.robot.manipulators.examples.franka. Please update your code accordingly.
2026-08-22T05:07:49Z [17,275ms] [Warning] [omni.isaac.franka.franka] omni.isaac.franka has been deprecated in favor of isaacsim.robot.manipulators.examples.franka. Please update your code accordingly.
2026-08-22T05:07:50Z [17,358ms] [Warning] [omni.isaac.franka.kinematics_solver] omni.isaac.franka has been deprecated in favor of isaacsim.robot.manipulators.examples.franka. Please update your code accordingly.
[17.402s] [ext: omni.isaac.kit-2.0.6] startup
2026-08-22T05:07:50Z [17,375ms] [Warning] [omni.isaac.kit] omni.isaac.kit has been deprecated in favor of isaacsim.simulation_app. Please update your code accordingly.
[17.419s] [ext: omni.kit.selection-0.1.6] startup
[17.442s] [ext: omni.isaac.lula-4.0.6] startup
2026-08-22T05:07:50Z [17,411ms] [Warning] [omni.isaac.lula] omni.isaac.lula has been deprecated in favor of isaacsim.robot_motion.lula. Please update your code accordingly.
[17.457s] [ext: isaacsim.robot_motion.lula_test_widget-1.0.12] startup
[17.491s] [ext: isaacsim.asset.browser-1.3.23] startup
[17.870s] [ext: omni.kit.viewport.actions-107.0.2] startup
[17.898s] [ext: isaacsim.gui.menu-2.4.4] startup
[17.946s] [ext: omni.isaac.manipulators-3.0.7] startup
2026-08-22T05:07:50Z [17,913ms] [Warning] [omni.isaac.manipulators] omni.isaac.manipulators has been deprecated in favor of isaacsim.robot.manipulators. Please update your code accordingly.
2026-08-22T05:07:50Z [17,916ms] [Warning] [omni.isaac.manipulators.controllers] omni.isaac.manipulators has been deprecated in favor of isaacsim.robot.manipulators. Please update your code accordingly.
2026-08-22T05:07:50Z [17,916ms] [Warning] [omni.isaac.manipulators.controllers.pick_place_controller] omni.isaac.manipulators has been deprecated in favor of isaacsim.robot.manipulators. Please update your code accordingly.
2026-08-22T05:07:50Z [17,921ms] [Warning] [omni.isaac.manipulators.controllers.stacking_controller] omni.isaac.manipulators has been deprecated in favor of isaacsim.robot.manipulators. Please update your code accordingly.
2026-08-22T05:07:50Z [17,925ms] [Warning] [omni.isaac.manipulators.grippers] omni.isaac.manipulators has been deprecated in favor of isaacsim.robot.manipulators. Please update your code accordingly.
2026-08-22T05:07:50Z [17,925ms] [Warning] [omni.isaac.manipulators.grippers.gripper] omni.isaac.manipulators has been deprecated in favor of isaacsim.robot.manipulators. Please update your code accordingly.
2026-08-22T05:07:50Z [17,926ms] [Warning] [omni.isaac.manipulators.grippers.parallel_gripper] omni.isaac.manipulators has been deprecated in favor of isaacsim.robot.manipulators. Please update your code accordingly.
2026-08-22T05:07:50Z [17,926ms] [Warning] [omni.isaac.manipulators.grippers.surface_gripper] omni.isaac.manipulators has been deprecated in favor of isaacsim.robot.manipulators. Please update your code accordingly.
2026-08-22T05:07:50Z [17,928ms] [Warning] [omni.isaac.manipulators.manipulators] omni.isaac.manipulators has been deprecated in favor of isaacsim.robot.manipulators. Please update your code accordingly.
2026-08-22T05:07:50Z [17,928ms] [Warning] [omni.isaac.manipulators.manipulators.single_manipulator] omni.isaac.manipulators has been deprecated in favor of isaacsim.robot.manipulators. Please update your code accordingly.
[17.975s] [ext: omni.isaac.lula_test_widget-1.0.6] startup
2026-08-22T05:07:50Z [17,945ms] [Warning] [omni.isaac.lula_test_widget] omni.isaac.lula_test_widget has been deprecated in favor of isaacsim.robot_motion.lula_test_widget. Please update your code accordingly.
[17.988s] [ext: omni.isaac.asset_browser-1.0.6] startup
2026-08-22T05:07:50Z [17,951ms] [Warning] [omni.isaac.asset_browser] omni.isaac.asset_browser has been deprecated in favor of isaacsim.asset.browser. Please update your code accordingly.
[17.997s] [ext: omni.kit.viewport.menubar.display-107.0.3] startup
[18.019s] [ext: omni.isaac.menu-1.0.6] startup
2026-08-22T05:07:50Z [17,987ms] [Warning] [omni.isaac.menu] omni.isaac.menu has been deprecated in favor of isaacsim.gui.menu. Please update your code accordingly.
[18.032s] [ext: omni.isaac.motion_generation-8.0.7] startup
2026-08-22T05:07:50Z [18,002ms] [Warning] [omni.isaac.motion_generation] omni.isaac.motion_generation has been deprecated in favor of isaacsim.robot_motion.motion_generation. Please update your code accordingly.
2026-08-22T05:07:50Z [18,002ms] [Warning] [omni.isaac.motion_generation.articulation_kinematics_solver] omni.isaac.motion_generation has been deprecated in favor of isaacsim.robot_motion.motion_generation. Please update your code accordingly.
2026-08-22T05:07:50Z [18,003ms] [Warning] [omni.isaac.motion_generation.articulation_motion_policy] omni.isaac.motion_generation has been deprecated in favor of isaacsim.robot_motion.motion_generation. Please update your code accordingly.
2026-08-22T05:07:50Z [18,003ms] [Warning] [omni.isaac.motion_generation.articulation_trajectory] omni.isaac.motion_generation has been deprecated in favor of isaacsim.robot_motion.motion_generation. Please update your code accordingly.
2026-08-22T05:07:50Z [18,004ms] [Warning] [omni.isaac.motion_generation.kinematics_interface] omni.isaac.motion_generation has been deprecated in favor of isaacsim.robot_motion.motion_generation. Please update your code accordingly.
2026-08-22T05:07:50Z [18,005ms] [Warning] [omni.isaac.motion_generation.lula] omni.isaac.motion_generation has been deprecated in favor of isaacsim.robot_motion.motion_generation. Please update your code accordingly.
2026-08-22T05:07:50Z [18,006ms] [Warning] [omni.isaac.motion_generation.lula.kinematics] omni.isaac.motion_generation has been deprecated in favor of isaacsim.robot_motion.motion_generation. Please update your code accordingly.
2026-08-22T05:07:50Z [18,006ms] [Warning] [omni.isaac.motion_generation.lula.motion_policies] omni.isaac.motion_generation has been deprecated in favor of isaacsim.robot_motion.motion_generation. Please update your code accordingly.
2026-08-22T05:07:50Z [18,007ms] [Warning] [omni.isaac.motion_generation.lula.path_planners] omni.isaac.motion_generation has been deprecated in favor of isaacsim.robot_motion.motion_generation. Please update your code accordingly.
2026-08-22T05:07:50Z [18,007ms] [Warning] [omni.isaac.motion_generation.lula.trajectory_generator] omni.isaac.motion_generation has been deprecated in favor of isaacsim.robot_motion.motion_generation. Please update your code accordingly.
2026-08-22T05:07:50Z [18,008ms] [Warning] [omni.isaac.motion_generation.motion_policy_controller] omni.isaac.motion_generation has been deprecated in favor of isaacsim.robot_motion.motion_generation. Please update your code accordingly.
2026-08-22T05:07:50Z [18,008ms] [Warning] [omni.isaac.motion_generation.motion_policy_interface] omni.isaac.motion_generation has been deprecated in favor of isaacsim.robot_motion.motion_generation. Please update your code accordingly.
2026-08-22T05:07:50Z [18,008ms] [Warning] [omni.isaac.motion_generation.path_planner_visualizer] omni.isaac.motion_generation has been deprecated in favor of isaacsim.robot_motion.motion_generation. Please update your code accordingly.
2026-08-22T05:07:50Z [18,009ms] [Warning] [omni.isaac.motion_generation.path_planning_interface] omni.isaac.motion_generation has been deprecated in favor of isaacsim.robot_motion.motion_generation. Please update your code accordingly.
2026-08-22T05:07:50Z [18,009ms] [Warning] [omni.isaac.motion_generation.trajectory] omni.isaac.motion_generation has been deprecated in favor of isaacsim.robot_motion.motion_generation. Please update your code accordingly.
2026-08-22T05:07:50Z [18,010ms] [Warning] [omni.isaac.motion_generation.world_interface] omni.isaac.motion_generation has been deprecated in favor of isaacsim.robot_motion.motion_generation. Please update your code accordingly.
[18.057s] [ext: omni.isaac.assets_check-0.3.13] startup
2026-08-22T05:07:50Z [18,026ms] [Warning] [omni.isaac.assets_check] omni.isaac.assets_check has been deprecated in favor of isaacsim.asset.browser. Please update your code accordingly.
[18.069s] [ext: isaacsim.gui.sensors.icon-2.0.3] startup
[18.183s] [ext: isaacsim.asset.importer.mjcf-2.5.13] startup
[18.219s] [ext: omni.sensors.nv.common-3.0.0] startup
[18.248s] [ext: isaacsim.sensors.physics-0.4.3] startup
[18.274s] [ext: omni.sensors.net-1.0.0] startup
[18.287s] [ext: omni.isaac.nucleus-1.0.6] startup
2026-08-22T05:07:50Z [18,252ms] [Warning] [omni.isaac.nucleus] omni.isaac.nucleus has been deprecated in favor of isaacsim.storage.native. Please update your code accordingly.
2026-08-22T05:07:50Z [18,253ms] [Warning] [omni.isaac.nucleus.nucleus] omni.isaac.nucleus.nucleus has been deprecated in favor of isaacsim.storage.native. Please update your code accordingly.
[18.297s] [ext: omni.sensors.nv.materials-2.0.0] startup
[18.322s] [ext: isaacsim.robot.policy.examples-4.1.11] startup
[18.343s] [ext: omni.sensors.nv.wpm-3.0.0] startup
[18.351s] [ext: omni.sensors.nv.lidar-3.0.0] startup
[18.375s] [ext: isaacsim.util.debug_draw-3.1.0] startup
[18.393s] [ext: omni.sensors.nv.radar-3.0.0] startup
[18.401s] [ext: omni.sensors.nv.ids-2.0.0] startup
[18.404s] [ext: isaacsim.core.cloner-1.4.10] startup
[18.424s] [ext: isaacsim.sensors.physx-2.3.2] startup
[18.449s] [ext: isaacsim.sensors.rtx-15.8.4] startup
[18.485s] [ext: isaacsim.sensors.camera-1.3.6] startup
[18.534s] [ext: omni.isaac.quadruped-3.0.7] startup
2026-08-22T05:07:51Z [18,502ms] [Warning] [omni.isaac.quadruped] omni.isaac.quadruped has been deprecated in favor of isaacsim.robot.policy.examples. Please update your code accordingly.
[18.547s] [ext: omni.isaac.cloner-1.0.7] startup
2026-08-22T05:07:51Z [18,524ms] [Warning] [omni.isaac.cloner] omni.isaac.cloner has been deprecated in favor of isaacsim.core.cloner. Please update your code accordingly.
[18.570s] [ext: omni.isaac.range_sensor-4.0.6] startup
2026-08-22T05:07:51Z [18,539ms] [Warning] [omni.isaac.range_sensor] omni.isaac.range_sensor has been deprecated in favor of isaacsim.sensors.physx. Please update your code accordingly.
2026-08-22T05:07:51Z [18,540ms] [Warning] [omni.isaac.range_sensor.commands] omni.isaac.range_sensor.commands has been deprecated in favor of isaacsim.sensors.physx.commands. Please update your code accordingly.
[18.586s] [ext: omni.isaac.sensor-13.0.7] startup
2026-08-22T05:07:51Z [18,554ms] [Warning] [omni.isaac.sensor] omni.isaac.sensor has been deprecated in favor of isaacsim.sensors.camera, isaacsim.sensors.physics, isaacsim.sensors.physx, and isaacsim.sensors.rtx. Please update your code accordingly.
2026-08-22T05:07:51Z [18,555ms] [Warning] [omni.isaac.sensor.camera] omni.isaac.sensor.camera has been deprecated in favor of isaacsim.sensors.camera.camera. Please update your code accordingly.
2026-08-22T05:07:51Z [18,555ms] [Warning] [omni.isaac.sensor.camera_view] omni.isaac.sensor.camera_view has been deprecated in favor of isaacsim.sensors.camera.camera_view. Please update your code accordingly.
2026-08-22T05:07:51Z [18,556ms] [Warning] [omni.isaac.sensor.commands] omni.isaac.sensor.commands has been deprecated in favor of isaacsim.sensors.physics.commands, isaacsim.sensors.physx.commands, and isaacsim.sensors.rtx.commands. Please update your code accordingly.
2026-08-22T05:07:51Z [18,556ms] [Warning] [omni.isaac.sensor.contact_sensor] omni.isaac.sensor.contact_sensor has been deprecated in favor of isaacsim.sensors.physics.contact_sensor. Please update your code accordingly.
2026-08-22T05:07:51Z [18,556ms] [Warning] [omni.isaac.sensor.imu_sensor] omni.isaac.sensor.imu_sensor has been deprecated in favor of isaacsim.sensors.physics.imu_sensor. Please update your code accordingly.
2026-08-22T05:07:51Z [18,557ms] [Warning] [omni.isaac.sensor.lidar_rtx] omni.isaac.sensor.lidar_rtx has been deprecated in favor of isaacsim.sensors.rtx.lidar_rtx. Please update your code accordingly.
2026-08-22T05:07:51Z [18,557ms] [Warning] [omni.isaac.sensor.rotating_lidar_physX] omni.isaac.sensor.imu_sensor has been deprecated in favor of isaacsim.sensors.physix.rotating_lidar_physX. Please update your code accordingly.
2026-08-22T05:07:51Z [18,563ms] [Warning] [omni.isaac.sensor.scripts.samples.contact_sensor] omni.isaac.sensor.scripts.samples.contact_sensor has been deprecated in favor of isaacsim.sensors.physics.scripts.samples.contact_sensor. Please update your code accordingly.
2026-08-22T05:07:51Z [18,563ms] [Warning] [omni.isaac.sensor.scripts.samples.imu_sensor] omni.isaac.sensor.scripts.samples.imu_sensor has been deprecated in favor of isaacsim.sensors.physics.scripts.samples.imu_sensor. Please update your code accordingly.
2026-08-22T05:07:51Z [18,564ms] [Warning] [omni.isaac.sensor.scripts.samples.lightbeam_sensor] omni.isaac.sensor.scripts.samples.lightbeam_sensor has been deprecated in favor of isaacsim.sensors.physx.scripts.samples.lightbeam_sensor. Please update your code accordingly.
[18.610s] [ext: omni.kit.menu.create-2.0.1] startup
[18.645s] [ext: omni.kit.widget.toolbar-2.0.1] startup
[18.695s] [ext: omni.kit.manipulator.transform-107.0.0] startup
[18.737s] [ext: omni.isaac.core-4.0.7] startup
2026-08-22T05:07:51Z [18,707ms] [Warning] [omni.isaac.core.physics_context.physics_context] omni.isaac.core.physics_context.physics_context has been deprecated in favor of isaacsim.core.api.physics_context.physics_context. Please update your code accordingly.
2026-08-22T05:07:51Z [18,710ms] [Warning] [omni.isaac.core.simulation_context.simulation_context] omni.isaac.core.simulation_context.simulation_context has been deprecated in favor of isaacsim.core.api.simulation_context.simulation_context. Please update your code accordingly.
2026-08-22T05:07:51Z [18,713ms] [Warning] [omni.isaac.core.world.world] omni.isaac.core.world.world has been deprecated in favor of isaacsim.core.api.world.world. Please update your code accordingly.
2026-08-22T05:07:51Z [18,713ms] [Warning] [omni.isaac.core] omni.isaac.core has been deprecated in favor of isaacsim.core.api. Please update your code accordingly.
[18.759s] [ext: omni.kit.scripting-107.3.2] startup
[18.800s] [ext: omni.kit.manipulator.tool.snap-1.5.13] startup
[18.835s] [ext: omni.kit.manipulator.selector-1.1.3] startup
[18.852s] [ext: isaacsim.app.about-2.0.11] startup
[18.881s] [ext: isaacsim.replicator.behavior-1.1.16] startup
[18.888s] [ext: omni.kit.viewport.manipulator.transform-107.0.4] startup
[18.910s] [ext: omni.isaac.window.about-2.0.7] startup
2026-08-22T05:07:51Z [18,882ms] [Warning] [omni.isaac.window.about] omni.isaac.window.about has been deprecated in favor of isaacsim.app.about. Please update your code accordingly.
2026-08-22T05:07:51Z [18,883ms] [Warning] [omni.isaac.window.about.about] omni.isaac.window.about.about has been deprecated in favor of isaacsim.app.about.about. Please update your code accordingly.
[18.929s] [ext: omni.fabric.commands-1.1.6] startup
[18.962s] [ext: omni.kit.manipulator.prim.core-107.0.8] startup
[19.010s] [ext: omni.kit.property.audio-1.0.16] startup
[19.032s] [ext: omni.kit.property.camera-1.0.10] startup
[19.054s] [ext: omni.kit.property.geometry-2.0.4] startup
[19.080s] [ext: omni.hydra.scene_api-0.1.2] startup
[19.096s] [ext: omni.kit.property.light-1.0.12] startup
[19.145s] [ext: omni.kit.manipulator.prim.fabric-107.0.4] startup
[19.166s] [ext: omni.kit.manipulator.prim.usd-107.0.3] startup
[19.185s] [ext: omni.kit.property.material-1.11.9] startup
[19.239s] [ext: omni.kit.property.render-1.2.1] startup
[19.253s] [ext: omni.kit.property.transform-1.5.13] startup
[19.300s] [ext: isaacsim.gui.property-1.1.3] startup
[19.318s] [ext: omni.kit.manipulator.camera-106.0.4] startup
[19.353s] [ext: omni.kit.manipulator.prim-107.0.0] startup
[19.355s] [ext: omni.isaac.surface_gripper-2.0.6] startup
2026-08-22T05:07:51Z [19,331ms] [Warning] [omni.isaac.surface_gripper] omni.isaac.surface_gripper has been deprecated in favor of isaacsim.robot.surface_gripper. Please update your code accordingly.
[19.377s] [ext: omni.kit.manipulator.selection-106.0.1] startup
[19.397s] [ext: omni.kit.property.bundle-1.4.1] startup
[19.415s] [ext: omni.kit.property.isaac-1.0.6] startup
2026-08-22T05:07:52Z [19,384ms] [Warning] [omni.kit.property.isaac] omni.kit.property.isaac has been deprecated in favor of isaacsim.gui.property. Please update your code accordingly.
2026-08-22T05:07:52Z [19,384ms] [Warning] [omni.kit.property.isaac.widgets] omni.kit.property.isaac.widgets has been deprecated in favor of isaacsim.gui.property.widgets. Please update your code accordingly.
[19.428s] [ext: omni.isaac.universal_robots-1.0.6] startup
2026-08-22T05:07:52Z [19,395ms] [Warning] [omni.isaac.universal_robots] omni.isaac.universal_robots has been deprecated in favor of isaacsim.robot.manipulators.examples.universal_robots. Please update your code accordingly.
2026-08-22T05:07:52Z [19,396ms] [Warning] [omni.isaac.universal_robots.kinematics_solver] omni.isaac.franka has been deprecated in favor of isaacsim.robot.manipulators.examples.universal_robots. Please update your code accordingly.
2026-08-22T05:07:52Z [19,404ms] [Warning] [omni.isaac.universal_robots.ur10] omni.isaac.franka has been deprecated in favor of isaacsim.robot.manipulators.examples.universal_robots. Please update your code accordingly.
[19.447s] [ext: omni.isaac.core_nodes-2.0.6] startup
2026-08-22T05:07:52Z [19,421ms] [Warning] [omni.isaac.core_nodes] omni.isaac.core_nodes has been deprecated in favor of isaacsim.core.nodes. Please update your code accordingly.
[19.467s] [ext: omni.kit.viewport.menubar.camera-107.0.6] startup
[19.509s] [ext: omni.kit.viewport.menubar.lighting-107.3.1] startup
[19.537s] [ext: isaacsim.replicator.writers-1.0.17] startup
[19.672s] [ext: omni.kit.viewport.menubar.render-107.0.10] startup
[19.730s] [ext: omni.kit.viewport.menubar.settings-107.0.3] startup
[19.805s] [ext: omni.kit.window.console-1.1.4] startup
[19.837s] [ext: isaacsim.replicator.domain_randomization-1.0.16] startup
[19.863s] [ext: isaacsim.replicator.examples-1.3.6] startup
[19.886s] [ext: omni.ocio-0.1.1] startup
[19.902s] [ext: omni.rtx.window.settings-0.6.19] startup
[19.992s] [ext: omni.kit.window.status_bar-0.1.9] startup
[20.024s] [ext: omni.kit.window.toolbar-2.0.0] startup
[20.064s] [ext: omni.replicator.isaac-2.0.8] startup
2026-08-22T05:07:52Z [20,031ms] [Warning] [omni.replicator.isaac] omni.replicator.isaac has been deprecated in favor of isaacsim.replicator.domain_randomization, isaacsim.replicator.examples, isaacsim.replicator.writers. Please update your code accordingly.
[20.077s] [ext: omni.replicator.replicator_yaml-2.0.11] startup
[20.218s] [ext: omni.rtx.settings.core-0.6.5] startup
[20.327s] [ext: omni.usd.metrics.assembler.ui-107.3.1] startup
[20.384s] [ext: omni.isaac.utils-2.0.6] startup
[20.408s] [ext: semantics.schema.editor-2.0.2] startup
[20.441s] [ext: omni.kit.ui.actions-1.0.5] startup
[20.461s] [ext: semantics.schema.property-2.0.1] startup
[20.480s] [ext: omni.isaac.version-2.0.7] startup
2026-08-22T05:07:53Z [20,447ms] [Warning] [omni.isaac.version] omni.isaac.version has been deprecated in favor of isaacsim.core.version. Please update your code accordingly.
[20.493s] [ext: omni.isaac.cortex-1.0.5] startup
[20.496s] [ext: omni.anim.curve.core-1.3.1] startup
[20.561s] [ext: isaacsim.core.throttling-2.2.2] startup
[20.576s] [ext: omni.kit.menu.common-2.0.1] startup
[20.590s] [ext: isaacsim.exp.base-5.1.0] startup
[20.592s] [ext: isaacsim.exp.base.python-5.1.0] startup
[20.596s] Simulation App Starting
2026-08-22T05:07:53Z [20,679ms] [Error] [omni.kit.window.drop_support.drop_support] Cannot setup ExternalDragDrop without a default window
2026-08-22T05:07:53Z [20,689ms] [Warning] [omni.fabric.plugin] Warning: attribute viewportHandle not found for bucket id 9

[20.795s] app ready
2026-08-22T05:07:53Z [21,110ms] [Error] [omni.kit.menu.utils.app_menu] Hotkeys cannot be setup without a default window
Starting kit application with the following args:  ['/isaac-sim/exts/isaacsim.simulation_app/isaacsim/simulation_app/simulation_app.py', '/isaac-sim/apps/isaacsim.exp.base.python.kit', '--/app/tokens/exe-path=/isaac-sim/kit', '--/persistent/app/viewport/displayOptions=3094', '--/rtx/materialDb/syncLoads=True', '--/rtx/hydra/materialSyncLoads=True', '--/omni.kit.plugin/syncUsdLoads=True', '--/app/renderer/resolution/width=1280', '--/app/renderer/resolution/height=720', '--/app/window/width=1440', '--/app/window/height=900', '--/renderer/multiGpu/enabled=True', '--/app/fastShutdown=True', '--/app/installSignalHandlers=0', '--ext-folder', '/isaac-sim/exts', '--ext-folder', '/isaac-sim/apps', '--/physics/cudaDevice=0', '--/plugins/carb.tasking.plugin/threadCount=32', '--/plugins/omni.tbb.globalcontrol/maxThreadCount=32', '--portable']
Passing the following args to the base kit application:  ['--robot_type', 'g1', '--cmd_vel_topic', '/ferox/g1_01/cmd_vel', '--ros_namespace', '/ferox/g1_01', '--no_keyboard', '--render_dt', '0.02']
Warp 1.8.2 initialized:
   CUDA Toolkit 12.8, Driver 13.0
   Devices:
     "cpu"      : "x86_64"
     "cuda:0"   : "NVIDIA GeForce RTX 4090" (24 GiB, sm_89, mempool enabled)
   Kernel cache:
     /isaac-sim/.cache/warp/1.8.2
Warp DeprecationWarning: The `warp.sim` module is deprecated and will be removed in v1.10. Please transition to using the forthcoming Newton library instead.
[PANTHERA-MARK] before RobotRosRunner()
[PANTHERA-MARK] camera ros_namespace = '/ferox/g1_01'
[World] SIM_WORLD=hospital -> https://omniverse-content-production.s3-us-west-2.amazonaws.com/Assets/Isaac/5.1/Isaac/Environments/Hospital/hospital.usd
[World] spawn pos=[7.800000190734863, 2.0, 0.800000011920929] yaw=1.570rad (robot=g1)
[PANTHERA-MARK] RobotRosRunner constructed, before reset
[PANTHERA-MARK] A: app.update done, calling _world.reset()
[PANTHERA-MARK] B: world.reset() done
[PANTHERA-MARK] C: app.update done, calling setup()
[PANTHERA-MARK] D: setup() done
[lowlevel-sim] hands: [] (none -- HAND=none)
[lowlevel-sim] TEST RIG ACTIVE: base pinned to spawn pose (C-30)
[lowlevel-sim] spawn base_z=0.7975 hold_pose=spawn q_hold[:6]=[-0.10000000149011612, 0.0, 0.0, 0.30000001192092896, -0.20000000298023224, 0.0]
[lowlevel-sim][trace] set_gains
[lowlevel-sim][trace] set_effort_modes
[lowlevel-sim][trace] switch_control_mode(effort)
[lowlevel-sim][trace] control mode set
[lowlevel-sim] physics 1000.0 Hz, PD every 2 step(s) -> 500.0 Hz, timeout 85 ms
[PANTHERA-MARK] low-level bridge attached (G1_CONTROL=lowcmd)
[lowlevel-sim][GT] t=0.001 quat=[0.70739, 0.0, 0.0, 0.70683] angvel=[0.0, 0.0, 0.0] linvel=[0.0, 0.0, 0.0] z=0.7975
[PANTHERA-MARK] E: app.update done, SKIPPING setup_ros() entirely
[PANTHERA-MARK] E1: entered setup_ros() body
[PANTHERA-MARK] E2: self._cmd_vel_topic = /ferox/g1_01/cmd_vel
[PANTHERA] executor spinning on dedicated thread
[PANTHERA] cmd_vel subscriber active on /ferox/g1_01/cmd_vel (rclpy bypass)
[PANTHERA] reset subscriber active on /twin/reset
[lowlevel-sim][GT] t=0.051 quat=[0.70739, 0.0, 0.0, 0.70683] angvel=[0.0, 0.0, 0.0] linvel=[0.0, 0.0, 0.0] z=0.7975
[lowlevel-sim][GT] t=0.101 quat=[0.70739, 0.0, 0.0, 0.70683] angvel=[0.0, 0.0, 0.0] linvel=[0.0, 0.0, 0.0] z=0.7975
[lowlevel-sim][GT] t=0.151 quat=[0.70739, 0.0, 0.0, 0.70683] angvel=[0.0, 0.0, 0.0] linvel=[0.0, 0.0, 0.0] z=0.7975
[lowlevel-sim][GT] t=0.201 quat=[0.70739, 0.0, 0.0, 0.70683] angvel=[0.0, 0.0, 0.0] linvel=[0.0, 0.0, 0.0] z=0.7975
[TWIN] contract /workspace/ferox_isaac/twin/g1_contract.yaml
[TWIN] namespace /ferox/g1_01  CAMERA_TF=0
[TWIN] Mid-360 SKIPPED (TWIN_LIDAR=0) -- device only, contract untouched
[TWIN] camera SKIPPED (TWIN_CAMERA=0) -- C-23, device only, contract untouched
[lowlevel-sim][GT] t=0.251 quat=[0.70739, 0.0, 0.0, 0.70683] angvel=[0.0, 0.0, 0.0] linvel=[0.0, 0.0, 0.0] z=0.7975
[lowlevel-sim][GT] t=0.301 quat=[0.70739, 0.0, 0.0, 0.70683] angvel=[0.0, 0.0, 0.0] linvel=[0.0, 0.0, 0.0] z=0.7975
[TWIN] /tf_static: 6 edges (base_link->dog_imu_link, livox_frame->livox_imu, camera_link->camera_color_frame, camera_color_frame->camera_color_optical_frame, camera_link->camera_depth_frame, camera_depth_frame->camera_depth_optical_frame)
[TWIN] rendering_dt=0.020000s (50.00 Hz) requested 0.020000s
[TWIN] lidar cloud publisher SKIPPED (TWIN_LIDAR=0)
[TWIN] IMU -> /ferox/g1_01/imu/data (frame dog_imu_link, 93.7 Hz, rclpy)
[TWIN] IMU -> /livox/imu (frame livox_frame, 200.0 Hz, rclpy)
[TWIN] odom -> /ferox/g1_01/odom
[TWIN] interface up
[PANTHERA-MARK] F: setup_ros() done
[lowlevel-sim][GT] t=0.351 quat=[0.70739, 0.0, 0.0, 0.70683] angvel=[0.0, 0.0, 0.0] linvel=[0.0, 0.0, 0.0] z=0.7975
[PANTHERA-MARK] G: before runner.run() — entering main loop
[lowlevel-sim][GT] t=0.401 quat=[0.70739, 0.0, 0.0, 0.70683] angvel=[0.0, 0.0, 0.0] linvel=[0.0, 0.0, 0.0] z=0.7975
[lowlevel-sim][GT] t=0.451 quat=[0.70739, 0.0, 0.0, 0.70683] angvel=[0.0, 0.0, 0.0] linvel=[0.0, 0.0, 0.0] z=0.7975
[lowlevel-sim] t=   0.50 mode=hold       pd=499 hold=499 failclosed=0 rtf=0.170 base_z=+0.798 pitch=+0.000 roll=+0.000 |tau|max= 35.00 sat=5/29 knee_L=+0.300 hip_p_L=-0.100 torn=499 cmd_age=-1.0ms auth=-1.0s rig_ign=0 fix_base=1 sat_j=left_ankle_roll_joint:+35.0,right_ankle_roll_joint:+35.0,left_wrist_roll_joint:+25.0,right_wrist_roll_joint:+25.0,right_wrist_yaw_joint:-5.0
[lowlevel-sim][GT] t=0.501 quat=[0.70739, 0.0, 0.0, 0.70683] angvel=[0.0, 0.0, 0.0] linvel=[0.0, 0.0, 0.0] z=0.7975
[lowlevel-sim][GT] t=0.551 quat=[0.70739, 0.0, 0.0, 0.70683] angvel=[0.0, 0.0, 0.0] linvel=[0.0, 0.0, 0.0] z=0.7975
[lowlevel-sim][GT] t=0.601 quat=[0.70739, 0.0, 0.0, 0.70683] angvel=[0.0, 0.0, 0.0] linvel=[0.0, 0.0, 0.0] z=0.7975
[lowlevel-sim][GT] t=0.651 quat=[0.70739, 0.0, 0.0, 0.70683] angvel=[0.0, 0.0, 0.0] linvel=[0.0, 0.0, 0.0] z=0.7975
[lowlevel-sim][GT] t=0.701 quat=[0.70739, 0.0, 0.0, 0.70683] angvel=[0.0, 0.0, 0.0] linvel=[0.0, 0.0, 0.0] z=0.7975
[lowlevel-sim][GT] t=0.751 quat=[0.70739, 0.0, 0.0, 0.70683] angvel=[0.0, 0.0, 0.0] linvel=[0.0, 0.0, 0.0] z=0.7975
[lowlevel-sim][GT] t=0.801 quat=[0.70739, 0.0, 0.0, 0.70683] angvel=[0.0, 0.0, 0.0] linvel=[0.0, 0.0, 0.0] z=0.7975
[lowlevel-sim][GT] t=0.851 quat=[0.70739, 0.0, 0.0, 0.70683] angvel=[0.0, 0.0, 0.0] linvel=[0.0, 0.0, 0.0] z=0.7975
[lowlevel-sim][GT] t=0.901 quat=[0.70739, 0.0, 0.0, 0.70683] angvel=[0.0, 0.0, 0.0] linvel=[0.0, 0.0, 0.0] z=0.7975
[lowlevel-sim][GT] t=0.951 quat=[0.70739, 0.0, 0.0, 0.70683] angvel=[0.0, 0.0, 0.0] linvel=[0.0, 0.0, 0.0] z=0.7975
[lowlevel-sim] t=   1.00 mode=hold       pd=999 hold=999 failclosed=0 rtf=0.210 base_z=+0.798 pitch=+0.000 roll=+0.000 |tau|max= 35.00 sat=5/29 knee_L=+0.300 hip_p_L=-0.100 torn=999 cmd_age=-1.0ms auth=-1.0s rig_ign=0 fix_base=1 sat_j=left_ankle_roll_joint:+35.0,right_ankle_roll_joint:+35.0,left_wrist_roll_joint:+25.0,right_wrist_roll_joint:+25.0,right_wrist_yaw_joint:-5.0
[lowlevel-sim][GT] t=1.001 quat=[0.70739, 0.0, 0.0, 0.70683] angvel=[0.0, 0.0, 0.0] linvel=[0.0, 0.0, 0.0] z=0.7975
[lowlevel-sim][GT] t=1.051 quat=[0.70739, 0.0, 0.0, 0.70683] angvel=[0.0, 0.0, 0.0] linvel=[0.0, 0.0, 0.0] z=0.7975
[lowlevel-sim][GT] t=1.101 quat=[0.70739, 0.0, 0.0, 0.70683] angvel=[0.0, 0.0, 0.0] linvel=[0.0, 0.0, 0.0] z=0.7975
[lowlevel-sim][GT] t=1.151 quat=[0.70739, 0.0, 0.0, 0.70683] angvel=[0.0, 0.0, 0.0] linvel=[0.0, 0.0, 0.0] z=0.7975
[lowlevel-sim][GT] t=1.201 quat=[0.70739, 0.0, 0.0, 0.70683] angvel=[0.0, 0.0, 0.0] linvel=[0.0, 0.0, 0.0] z=0.7975
[lowlevel-sim][GT] t=1.251 quat=[0.70739, 0.0, 0.0, 0.70683] angvel=[0.0, 0.0, 0.0] linvel=[0.0, 0.0, 0.0] z=0.7975
[lowlevel-sim][GT] t=1.301 quat=[0.70739, 0.0, 0.0, 0.70683] angvel=[0.0, 0.0, 0.0] linvel=[0.0, 0.0, 0.0] z=0.7975
[lowlevel-sim][GT] t=1.351 quat=[0.70739, 0.0, 0.0, 0.70683] angvel=[0.0, 0.0, 0.0] linvel=[0.0, 0.0, 0.0] z=0.7975
[lowlevel-sim][GT] t=1.401 quat=[0.70739, 0.0, 0.0, 0.70683] angvel=[0.0, 0.0, 0.0] linvel=[0.0, 0.0, 0.0] z=0.7975
[lowlevel-sim][GT] t=1.451 quat=[0.70739, 0.0, 0.0, 0.70683] angvel=[0.0, 0.0, 0.0] linvel=[0.0, 0.0, 0.0] z=0.7975
[lowlevel-sim] t=   1.50 mode=hold       pd=1499 hold=1499 failclosed=0 rtf=0.218 base_z=+0.798 pitch=+0.000 roll=+0.000 |tau|max= 35.00 sat=5/29 knee_L=+0.300 hip_p_L=-0.100 torn=1499 cmd_age=-1.0ms auth=-1.0s rig_ign=0 fix_base=1 sat_j=left_ankle_roll_joint:+35.0,right_ankle_roll_joint:+35.0,left_wrist_roll_joint:+25.0,right_wrist_roll_joint:+25.0,right_wrist_yaw_joint:-5.0
[lowlevel-sim][GT] t=1.501 quat=[0.70739, 0.0, 0.0, 0.70683] angvel=[0.0, 0.0, 0.0] linvel=[0.0, 0.0, 0.0] z=0.7975
[lowlevel-sim][GT] t=1.551 quat=[0.70739, 0.0, 0.0, 0.70683] angvel=[0.0, 0.0, 0.0] linvel=[0.0, 0.0, 0.0] z=0.7975
[lowlevel-sim][GT] t=1.601 quat=[0.70739, 0.0, 0.0, 0.70683] angvel=[0.0, 0.0, 0.0] linvel=[0.0, 0.0, 0.0] z=0.7975
[lowlevel-sim][GT] t=1.651 quat=[0.70739, 0.0, 0.0, 0.70683] angvel=[0.0, 0.0, 0.0] linvel=[0.0, 0.0, 0.0] z=0.7975
[lowlevel-sim][GT] t=1.701 quat=[0.70739, 0.0, 0.0, 0.70683] angvel=[0.0, 0.0, 0.0] linvel=[0.0, 0.0, 0.0] z=0.7975
[lowlevel-sim][GT] t=1.751 quat=[0.70739, 0.0, 0.0, 0.70683] angvel=[0.0, 0.0, 0.0] linvel=[0.0, 0.0, 0.0] z=0.7975
[lowlevel-sim][GT] t=1.801 quat=[0.70739, 0.0, 0.0, 0.70683] angvel=[0.0, 0.0, 0.0] linvel=[0.0, 0.0, 0.0] z=0.7975
[lowlevel-sim][GT] t=1.851 quat=[0.70739, 0.0, 0.0, 0.70683] angvel=[0.0, 0.0, 0.0] linvel=[0.0, 0.0, 0.0] z=0.7975
[lowlevel-sim][GT] t=1.901 quat=[0.70739, 0.0, 0.0, 0.70683] angvel=[0.0, 0.0, 0.0] linvel=[0.0, 0.0, 0.0] z=0.7975
[lowlevel-sim][GT] t=1.951 quat=[0.70739, 0.0, 0.0, 0.70683] angvel=[0.0, 0.0, 0.0] linvel=[0.0, 0.0, 0.0] z=0.7975
[lowlevel-sim] t=   2.00 mode=hold       pd=1999 hold=1999 failclosed=0 rtf=0.226 base_z=+0.798 pitch=+0.000 roll=+0.000 |tau|max= 35.00 sat=5/29 knee_L=+0.300 hip_p_L=-0.100 torn=1999 cmd_age=-1.0ms auth=-1.0s rig_ign=0 fix_base=1 sat_j=left_ankle_roll_joint:+35.0,right_ankle_roll_joint:+35.0,left_wrist_roll_joint:+25.0,right_wrist_roll_joint:+25.0,right_wrist_yaw_joint:-5.0
[lowlevel-sim][GT] t=2.001 quat=[0.70739, 0.0, 0.0, 0.70683] angvel=[0.0, 0.0, 0.0] linvel=[0.0, 0.0, 0.0] z=0.7975
[lowlevel-sim][GT] t=2.051 quat=[0.70739, 0.0, 0.0, 0.70683] angvel=[0.0, 0.0, 0.0] linvel=[0.0, 0.0, 0.0] z=0.7975
[lowlevel-sim][GT] t=2.101 quat=[0.70739, 0.0, 0.0, 0.70683] angvel=[0.0, 0.0, 0.0] linvel=[0.0, 0.0, 0.0] z=0.7975
[lowlevel-sim][GT] t=2.151 quat=[0.70739, 0.0, 0.0, 0.70683] angvel=[0.0, 0.0, 0.0] linvel=[0.0, 0.0, 0.0] z=0.7975
[lowlevel-sim][GT] t=2.201 quat=[0.70739, 0.0, 0.0, 0.70683] angvel=[0.0, 0.0, 0.0] linvel=[0.0, 0.0, 0.0] z=0.7975
[lowlevel-sim][GT] t=2.251 quat=[0.70739, 0.0, 0.0, 0.70683] angvel=[0.0, 0.0, 0.0] linvel=[0.0, 0.0, 0.0] z=0.7975
[lowlevel-sim][GT] t=2.301 quat=[0.70739, 0.0, 0.0, 0.70683] angvel=[0.0, 0.0, 0.0] linvel=[0.0, 0.0, 0.0] z=0.7975
[lowlevel-sim][GT] t=2.351 quat=[0.70739, 0.0, 0.0, 0.70683] angvel=[0.0, 0.0, 0.0] linvel=[0.0, 0.0, 0.0] z=0.7975
[lowlevel-sim][GT] t=2.401 quat=[0.70739, 0.0, 0.0, 0.70683] angvel=[0.0, 0.0, 0.0] linvel=[0.0, 0.0, 0.0] z=0.7975
[lowlevel-sim][GT] t=2.451 quat=[0.70739, 0.0, 0.0, 0.70683] angvel=[0.0, 0.0, 0.0] linvel=[0.0, 0.0, 0.0] z=0.7975
[lowlevel-sim] t=   2.50 mode=hold       pd=2499 hold=2499 failclosed=0 rtf=0.222 base_z=+0.798 pitch=+0.000 roll=+0.000 |tau|max= 35.00 sat=5/29 knee_L=+0.300 hip_p_L=-0.100 torn=2499 cmd_age=-1.0ms auth=-1.0s rig_ign=0 fix_base=1 sat_j=left_ankle_roll_joint:+35.0,right_ankle_roll_joint:+35.0,left_wrist_roll_joint:+25.0,right_wrist_roll_joint:+25.0,right_wrist_yaw_joint:-5.0
[lowlevel-sim][GT] t=2.501 quat=[0.70739, 0.0, 0.0, 0.70683] angvel=[0.0, 0.0, 0.0] linvel=[0.0, 0.0, 0.0] z=0.7975
[lowlevel-sim][GT] t=2.551 quat=[0.70739, 0.0, 0.0, 0.70683] angvel=[0.0, 0.0, 0.0] linvel=[0.0, 0.0, 0.0] z=0.7975
[lowlevel-sim][GT] t=2.601 quat=[0.70739, 0.0, 0.0, 0.70683] angvel=[0.0, 0.0, 0.0] linvel=[0.0, 0.0, 0.0] z=0.7975
[lowlevel-sim][GT] t=2.651 quat=[0.70739, 0.0, 0.0, 0.70683] angvel=[0.0, 0.0, 0.0] linvel=[0.0, 0.0, 0.0] z=0.7975
[lowlevel-sim][GT] t=2.701 quat=[0.70739, 0.0, 0.0, 0.70683] angvel=[0.0, 0.0, 0.0] linvel=[0.0, 0.0, 0.0] z=0.7975
[lowlevel-sim][GT] t=2.751 quat=[0.70739, 0.0, 0.0, 0.70683] angvel=[0.0, 0.0, 0.0] linvel=[0.0, 0.0, 0.0] z=0.7975
[lowlevel-sim][GT] t=2.801 quat=[0.70739, 0.0, 0.0, 0.70683] angvel=[0.0, 0.0, 0.0] linvel=[0.0, 0.0, 0.0] z=0.7975
[lowlevel-sim][GT] t=2.851 quat=[0.70739, 0.0, 0.0, 0.70683] angvel=[0.0, 0.0, 0.0] linvel=[0.0, 0.0, 0.0] z=0.7975
[lowlevel-sim][GT] t=2.901 quat=[0.70739, 0.0, 0.0, 0.70683] angvel=[0.0, 0.0, 0.0] linvel=[0.0, 0.0, 0.0] z=0.7975
[lowlevel-sim][GT] t=2.951 quat=[0.70739, 0.0, 0.0, 0.70683] angvel=[0.0, 0.0, 0.0] linvel=[0.0, 0.0, 0.0] z=0.7975
[lowlevel-sim] t=   3.00 mode=hold       pd=2999 hold=2999 failclosed=0 rtf=0.218 base_z=+0.798 pitch=+0.000 roll=+0.000 |tau|max= 35.00 sat=5/29 knee_L=+0.300 hip_p_L=-0.100 torn=2999 cmd_age=-1.0ms auth=-1.0s rig_ign=0 fix_base=1 sat_j=left_ankle_roll_joint:+35.0,right_ankle_roll_joint:+35.0,left_wrist_roll_joint:+25.0,right_wrist_roll_joint:+25.0,right_wrist_yaw_joint:-5.0
[lowlevel-sim][GT] t=3.001 quat=[0.70739, 0.0, 0.0, 0.70683] angvel=[0.0, 0.0, 0.0] linvel=[0.0, 0.0, 0.0] z=0.7975
[lowlevel-sim][GT] t=3.051 quat=[0.70739, 0.0, 0.0, 0.70683] angvel=[0.0, 0.0, 0.0] linvel=[0.0, 0.0, 0.0] z=0.7975
[lowlevel-sim][GT] t=3.101 quat=[0.70739, 0.0, 0.0, 0.70683] angvel=[0.0, 0.0, 0.0] linvel=[0.0, 0.0, 0.0] z=0.7975
[lowlevel-sim][GT] t=3.151 quat=[0.70739, 0.0, 0.0, 0.70683] angvel=[0.0, 0.0, 0.0] linvel=[0.0, 0.0, 0.0] z=0.7975
[lowlevel-sim][GT] t=3.201 quat=[0.70739, 0.0, 0.0, 0.70683] angvel=[0.0, 0.0, 0.0] linvel=[0.0, 0.0, 0.0] z=0.7975
[lowlevel-sim][GT] t=3.251 quat=[0.70739, 0.0, 0.0, 0.70683] angvel=[0.0, 0.0, 0.0] linvel=[0.0, 0.0, 0.0] z=0.7975
[lowlevel-sim][GT] t=3.301 quat=[0.70739, 0.0, 0.0, 0.70683] angvel=[0.0, 0.0, 0.0] linvel=[0.0, 0.0, 0.0] z=0.7975
[lowlevel-sim][GT] t=3.351 quat=[0.70739, 0.0, 0.0, 0.70683] angvel=[0.0, 0.0, 0.0] linvel=[0.0, 0.0, 0.0] z=0.7975
[lowlevel-sim][GT] t=3.401 quat=[0.70739, 0.0, 0.0, 0.70683] angvel=[0.0, 0.0, 0.0] linvel=[0.0, 0.0, 0.0] z=0.7975
[lowlevel-sim][GT] t=3.451 quat=[0.70739, 0.0, 0.0, 0.70683] angvel=[0.0, 0.0, 0.0] linvel=[0.0, 0.0, 0.0] z=0.7975
[lowlevel-sim] t=   3.50 mode=hold       pd=3499 hold=3499 failclosed=0 rtf=0.217 base_z=+0.798 pitch=+0.000 roll=+0.000 |tau|max= 35.00 sat=5/29 knee_L=+0.300 hip_p_L=-0.100 torn=3499 cmd_age=-1.0ms auth=-1.0s rig_ign=0 fix_base=1 sat_j=left_ankle_roll_joint:+35.0,right_ankle_roll_joint:+35.0,left_wrist_roll_joint:+25.0,right_wrist_roll_joint:+25.0,right_wrist_yaw_joint:-5.0
[lowlevel-sim][GT] t=3.501 quat=[0.70739, 0.0, 0.0, 0.70683] angvel=[0.0, 0.0, 0.0] linvel=[0.0, 0.0, 0.0] z=0.7975
[lowlevel-sim][GT] t=3.551 quat=[0.70739, 0.0, 0.0, 0.70683] angvel=[0.0, 0.0, 0.0] linvel=[0.0, 0.0, 0.0] z=0.7975
[lowlevel-sim][GT] t=3.601 quat=[0.70739, 0.0, 0.0, 0.70683] angvel=[0.0, 0.0, 0.0] linvel=[0.0, 0.0, 0.0] z=0.7975
[lowlevel-sim][GT] t=3.651 quat=[0.70739, 0.0, 0.0, 0.70683] angvel=[0.0, 0.0, 0.0] linvel=[0.0, 0.0, 0.0] z=0.7975
[lowlevel-sim][GT] t=3.701 quat=[0.70739, 0.0, 0.0, 0.70683] angvel=[0.0, 0.0, 0.0] linvel=[0.0, 0.0, 0.0] z=0.7975
[lowlevel-sim][GT] t=3.751 quat=[0.70739, 0.0, 0.0, 0.70683] angvel=[0.0, 0.0, 0.0] linvel=[0.0, 0.0, 0.0] z=0.7975
[lowlevel-sim][GT] t=3.801 quat=[0.70739, 0.0, 0.0, 0.70683] angvel=[0.0, 0.0, 0.0] linvel=[0.0, 0.0, 0.0] z=0.7975
[lowlevel-sim][GT] t=3.851 quat=[0.70739, 0.0, 0.0, 0.70683] angvel=[0.0, 0.0, 0.0] linvel=[0.0, 0.0, 0.0] z=0.7975
[lowlevel-sim][GT] t=3.901 quat=[0.70739, 0.0, 0.0, 0.70683] angvel=[0.0, 0.0, 0.0] linvel=[0.0, 0.0, 0.0] z=0.7975
[lowlevel-sim][GT] t=3.951 quat=[0.70739, 0.0, 0.0, 0.70683] angvel=[0.0, 0.0, 0.0] linvel=[0.0, 0.0, 0.0] z=0.7975
[lowlevel-sim] t=   4.00 mode=hold       pd=3999 hold=3999 failclosed=0 rtf=0.216 base_z=+0.798 pitch=+0.000 roll=+0.000 |tau|max= 35.00 sat=5/29 knee_L=+0.300 hip_p_L=-0.100 torn=3999 cmd_age=-1.0ms auth=-1.0s rig_ign=0 fix_base=1 sat_j=left_ankle_roll_joint:+35.0,right_ankle_roll_joint:+35.0,left_wrist_roll_joint:+25.0,right_wrist_roll_joint:+25.0,right_wrist_yaw_joint:-5.0
[lowlevel-sim][GT] t=4.001 quat=[0.70739, 0.0, 0.0, 0.70683] angvel=[0.0, 0.0, 0.0] linvel=[0.0, 0.0, 0.0] z=0.7975
[lowlevel-sim][GT] t=4.051 quat=[0.70739, 0.0, 0.0, 0.70683] angvel=[0.0, 0.0, 0.0] linvel=[0.0, 0.0, 0.0] z=0.7975
[lowlevel-sim][GT] t=4.101 quat=[0.70739, 0.0, 0.0, 0.70683] angvel=[0.0, 0.0, 0.0] linvel=[0.0, 0.0, 0.0] z=0.7975
[lowlevel-sim][GT] t=4.151 quat=[0.70739, 0.0, 0.0, 0.70683] angvel=[0.0, 0.0, 0.0] linvel=[0.0, 0.0, 0.0] z=0.7975
[lowlevel-sim][GT] t=4.201 quat=[0.70739, 0.0, 0.0, 0.70683] angvel=[0.0, 0.0, 0.0] linvel=[0.0, 0.0, 0.0] z=0.7975
[lowlevel-sim][GT] t=4.251 quat=[0.70739, 0.0, 0.0, 0.70683] angvel=[0.0, 0.0, 0.0] linvel=[0.0, 0.0, 0.0] z=0.7975
[lowlevel-sim][GT] t=4.301 quat=[0.70739, 0.0, 0.0, 0.70683] angvel=[0.0, 0.0, 0.0] linvel=[0.0, 0.0, 0.0] z=0.7975
[lowlevel-sim][GT] t=4.351 quat=[0.70739, 0.0, 0.0, 0.70683] angvel=[0.0, 0.0, 0.0] linvel=[0.0, 0.0, 0.0] z=0.7975
[lowlevel-sim][GT] t=4.401 quat=[0.70739, 0.0, 0.0, 0.70683] angvel=[0.0, 0.0, 0.0] linvel=[0.0, 0.0, 0.0] z=0.7975
[lowlevel-sim][GT] t=4.451 quat=[0.70739, 0.0, 0.0, 0.70683] angvel=[0.0, 0.0, 0.0] linvel=[0.0, 0.0, 0.0] z=0.7975
[lowlevel-sim] t=   4.50 mode=hold       pd=4499 hold=4499 failclosed=0 rtf=0.215 base_z=+0.798 pitch=+0.000 roll=+0.000 |tau|max= 35.00 sat=5/29 knee_L=+0.300 hip_p_L=-0.100 torn=4499 cmd_age=-1.0ms auth=-1.0s rig_ign=0 fix_base=1 sat_j=left_ankle_roll_joint:+35.0,right_ankle_roll_joint:+35.0,left_wrist_roll_joint:+25.0,right_wrist_roll_joint:+25.0,right_wrist_yaw_joint:-5.0
[lowlevel-sim][GT] t=4.501 quat=[0.70739, 0.0, 0.0, 0.70683] angvel=[0.0, 0.0, 0.0] linvel=[0.0, 0.0, 0.0] z=0.7975
[lowlevel-sim][GT] t=4.551 quat=[0.70739, 0.0, 0.0, 0.70683] angvel=[0.0, 0.0, 0.0] linvel=[0.0, 0.0, 0.0] z=0.7975
[lowlevel-sim][GT] t=4.601 quat=[0.70739, 0.0, 0.0, 0.70683] angvel=[0.0, 0.0, 0.0] linvel=[0.0, 0.0, 0.0] z=0.7975
[lowlevel-sim][GT] t=4.651 quat=[0.70739, 0.0, 0.0, 0.70683] angvel=[0.0, 0.0, 0.0] linvel=[0.0, 0.0, 0.0] z=0.7975
[lowlevel-sim][GT] t=4.701 quat=[0.70739, 0.0, 0.0, 0.70683] angvel=[0.0, 0.0, 0.0] linvel=[0.0, 0.0, 0.0] z=0.7975
[lowlevel-sim][GT] t=4.751 quat=[0.70739, 0.0, 0.0, 0.70683] angvel=[0.0, 0.0, 0.0] linvel=[0.0, 0.0, 0.0] z=0.7975
[lowlevel-sim][GT] t=4.801 quat=[0.70739, 0.0, 0.0, 0.70683] angvel=[0.0, 0.0, 0.0] linvel=[0.0, 0.0, 0.0] z=0.7975
[lowlevel-sim][GT] t=4.851 quat=[0.70739, 0.0, 0.0, 0.70683] angvel=[0.0, 0.0, 0.0] linvel=[0.0, 0.0, 0.0] z=0.7975
[lowlevel-sim][GT] t=4.901 quat=[0.70739, 0.0, 0.0, 0.70683] angvel=[0.0, 0.0, 0.0] linvel=[0.0, 0.0, 0.0] z=0.7975
[lowlevel-sim][GT] t=4.951 quat=[0.70739, 0.0, 0.0, 0.70683] angvel=[0.0, 0.0, 0.0] linvel=[0.0, 0.0, 0.0] z=0.7975
[lowlevel-sim] t=   5.00 mode=hold       pd=4999 hold=4999 failclosed=0 rtf=0.214 base_z=+0.798 pitch=+0.000 roll=+0.000 |tau|max= 35.00 sat=5/29 knee_L=+0.300 hip_p_L=-0.100 torn=4999 cmd_age=-1.0ms auth=-1.0s rig_ign=0 fix_base=1 sat_j=left_ankle_roll_joint:+35.0,right_ankle_roll_joint:+35.0,left_wrist_roll_joint:+25.0,right_wrist_roll_joint:+25.0,right_wrist_yaw_joint:-5.0
[lowlevel-sim][GT] t=5.001 quat=[0.70739, 0.0, 0.0, 0.70683] angvel=[0.0, 0.0, 0.0] linvel=[0.0, 0.0, 0.0] z=0.7975
[lowlevel-sim][GT] t=5.051 quat=[0.70739, 0.0, 0.0, 0.70683] angvel=[0.0, 0.0, 0.0] linvel=[0.0, 0.0, 0.0] z=0.7975
[lowlevel-sim][GT] t=5.101 quat=[0.70739, 0.0, 0.0, 0.70683] angvel=[0.0, 0.0, 0.0] linvel=[0.0, 0.0, 0.0] z=0.7975
[lowlevel-sim][GT] t=5.151 quat=[0.70739, 0.0, 0.0, 0.70683] angvel=[0.0, 0.0, 0.0] linvel=[0.0, 0.0, 0.0] z=0.7975
[lowlevel-sim][GT] t=5.201 quat=[0.70739, 0.0, 0.0, 0.70683] angvel=[0.0, 0.0, 0.0] linvel=[0.0, 0.0, 0.0] z=0.7975
[lowlevel-sim][GT] t=5.251 quat=[0.70739, 0.0, 0.0, 0.70683] angvel=[0.0, 0.0, 0.0] linvel=[0.0, 0.0, 0.0] z=0.7975
[lowlevel-sim][GT] t=5.301 quat=[0.70739, 0.0, 0.0, 0.70683] angvel=[0.0, 0.0, 0.0] linvel=[0.0, 0.0, 0.0] z=0.7975
[lowlevel-sim][GT] t=5.351 quat=[0.70739, 0.0, 0.0, 0.70683] angvel=[0.0, 0.0, 0.0] linvel=[0.0, 0.0, 0.0] z=0.7975
[lowlevel-sim][GT] t=5.401 quat=[0.70739, 0.0, 0.0, 0.70683] angvel=[0.0, 0.0, 0.0] linvel=[0.0, 0.0, 0.0] z=0.7975
[lowlevel-sim][GT] t=5.451 quat=[0.70739, 0.0, 0.0, 0.70683] angvel=[0.0, 0.0, 0.0] linvel=[0.0, 0.0, 0.0] z=0.7975
[lowlevel-sim] t=   5.50 mode=hold       pd=5499 hold=5499 failclosed=0 rtf=0.215 base_z=+0.798 pitch=+0.000 roll=+0.000 |tau|max= 35.00 sat=5/29 knee_L=+0.300 hip_p_L=-0.100 torn=5499 cmd_age=-1.0ms auth=-1.0s rig_ign=0 fix_base=1 sat_j=left_ankle_roll_joint:+35.0,right_ankle_roll_joint:+35.0,left_wrist_roll_joint:+25.0,right_wrist_roll_joint:+25.0,right_wrist_yaw_joint:-5.0
[lowlevel-sim][GT] t=5.501 quat=[0.70739, 0.0, 0.0, 0.70683] angvel=[0.0, 0.0, 0.0] linvel=[0.0, 0.0, 0.0] z=0.7975
[lowlevel-sim][GT] t=5.551 quat=[0.70739, 0.0, 0.0, 0.70683] angvel=[0.0, 0.0, 0.0] linvel=[0.0, 0.0, 0.0] z=0.7975
[lowlevel-sim][GT] t=5.601 quat=[0.70739, 0.0, 0.0, 0.70683] angvel=[0.0, 0.0, 0.0] linvel=[0.0, 0.0, 0.0] z=0.7975
[lowlevel-sim][GT] t=5.651 quat=[0.70739, 0.0, 0.0, 0.70683] angvel=[0.0, 0.0, 0.0] linvel=[0.0, 0.0, 0.0] z=0.7975
[lowlevel-sim][GT] t=5.701 quat=[0.70739, 0.0, 0.0, 0.70683] angvel=[0.0, 0.0, 0.0] linvel=[0.0, 0.0, 0.0] z=0.7975
[lowlevel-sim][GT] t=5.751 quat=[0.70739, 0.0, 0.0, 0.70683] angvel=[0.0, 0.0, 0.0] linvel=[0.0, 0.0, 0.0] z=0.7975
[lowlevel-sim][GT] t=5.801 quat=[0.70739, 0.0, 0.0, 0.70683] angvel=[0.0, 0.0, 0.0] linvel=[0.0, 0.0, 0.0] z=0.7975
[lowlevel-sim][GT] t=5.851 quat=[0.70739, 0.0, 0.0, 0.70683] angvel=[0.0, 0.0, 0.0] linvel=[0.0, 0.0, 0.0] z=0.7975
[lowlevel-sim][GT] t=5.901 quat=[0.70739, 0.0, 0.0, 0.70683] angvel=[0.0, 0.0, 0.0] linvel=[0.0, 0.0, 0.0] z=0.7975
[lowlevel-sim][GT] t=5.951 quat=[0.70739, 0.0, 0.0, 0.70683] angvel=[0.0, 0.0, 0.0] linvel=[0.0, 0.0, 0.0] z=0.7975
[lowlevel-sim] t=   6.00 mode=hold       pd=5999 hold=5999 failclosed=0 rtf=0.214 base_z=+0.798 pitch=+0.000 roll=+0.000 |tau|max= 35.00 sat=5/29 knee_L=+0.300 hip_p_L=-0.100 torn=5999 cmd_age=-1.0ms auth=-1.0s rig_ign=0 fix_base=1 sat_j=left_ankle_roll_joint:+35.0,right_ankle_roll_joint:+35.0,left_wrist_roll_joint:+25.0,right_wrist_roll_joint:+25.0,right_wrist_yaw_joint:-5.0
[lowlevel-sim][GT] t=6.001 quat=[0.70739, 0.0, 0.0, 0.70683] angvel=[0.0, 0.0, 0.0] linvel=[0.0, 0.0, 0.0] z=0.7975
[lowlevel-sim][GT] t=6.051 quat=[0.70739, 0.0, 0.0, 0.70683] angvel=[0.0, 0.0, 0.0] linvel=[0.0, 0.0, 0.0] z=0.7975
[lowlevel-sim][GT] t=6.101 quat=[0.70739, 0.0, 0.0, 0.70683] angvel=[0.0, 0.0, 0.0] linvel=[0.0, 0.0, 0.0] z=0.7975
[lowlevel-sim][GT] t=6.151 quat=[0.70739, 0.0, 0.0, 0.70683] angvel=[0.0, 0.0, 0.0] linvel=[0.0, 0.0, 0.0] z=0.7975
[lowlevel-sim][GT] t=6.201 quat=[0.70739, 0.0, 0.0, 0.70683] angvel=[0.0, 0.0, 0.0] linvel=[0.0, 0.0, 0.0] z=0.7975
[lowlevel-sim][GT] t=6.251 quat=[0.70739, 0.0, 0.0, 0.70683] angvel=[0.0, 0.0, 0.0] linvel=[0.0, 0.0, 0.0] z=0.7975
[lowlevel-sim][GT] t=6.301 quat=[0.70739, 0.0, 0.0, 0.70683] angvel=[0.0, 0.0, 0.0] linvel=[0.0, 0.0, 0.0] z=0.7975
[lowlevel-sim][GT] t=6.351 quat=[0.70739, 0.0, 0.0, 0.70683] angvel=[0.0, 0.0, 0.0] linvel=[0.0, 0.0, 0.0] z=0.7975
[lowlevel-sim][GT] t=6.401 quat=[0.70739, 0.0, 0.0, 0.70683] angvel=[0.0, 0.0, 0.0] linvel=[0.0, 0.0, 0.0] z=0.7975
[lowlevel-sim][GT] t=6.451 quat=[0.70739, 0.0, 0.0, 0.70683] angvel=[0.0, 0.0, 0.0] linvel=[0.0, 0.0, 0.0] z=0.7975
[lowlevel-sim] t=   6.50 mode=hold       pd=6499 hold=6499 failclosed=0 rtf=0.214 base_z=+0.798 pitch=+0.000 roll=+0.000 |tau|max= 35.00 sat=5/29 knee_L=+0.300 hip_p_L=-0.100 torn=6499 cmd_age=-1.0ms auth=-1.0s rig_ign=0 fix_base=1 sat_j=left_ankle_roll_joint:+35.0,right_ankle_roll_joint:+35.0,left_wrist_roll_joint:+25.0,right_wrist_roll_joint:+25.0,right_wrist_yaw_joint:-5.0
[lowlevel-sim][GT] t=6.501 quat=[0.70739, 0.0, 0.0, 0.70683] angvel=[0.0, 0.0, 0.0] linvel=[0.0, 0.0, 0.0] z=0.7975
[lowlevel-sim][GT] t=6.551 quat=[0.70739, 0.0, 0.0, 0.70683] angvel=[0.0, 0.0, 0.0] linvel=[0.0, 0.0, 0.0] z=0.7975
[lowlevel-sim][GT] t=6.601 quat=[0.70739, 0.0, 0.0, 0.70683] angvel=[0.0, 0.0, 0.0] linvel=[0.0, 0.0, 0.0] z=0.7975
[lowlevel-sim][GT] t=6.651 quat=[0.70739, 0.0, 0.0, 0.70683] angvel=[0.0, 0.0, 0.0] linvel=[0.0, 0.0, 0.0] z=0.7975
[lowlevel-sim][GT] t=6.701 quat=[0.70739, 0.0, 0.0, 0.70683] angvel=[0.0, 0.0, 0.0] linvel=[0.0, 0.0, 0.0] z=0.7975
[lowlevel-sim][GT] t=6.751 quat=[0.70739, 0.0, 0.0, 0.70683] angvel=[0.0, 0.0, 0.0] linvel=[0.0, 0.0, 0.0] z=0.7975
[lowlevel-sim][GT] t=6.801 quat=[0.70739, 0.0, 0.0, 0.70683] angvel=[0.0, 0.0, 0.0] linvel=[0.0, 0.0, 0.0] z=0.7975
[lowlevel-sim][GT] t=6.851 quat=[0.70739, 0.0, 0.0, 0.70683] angvel=[0.0, 0.0, 0.0] linvel=[0.0, 0.0, 0.0] z=0.7975
[lowlevel-sim][GT] t=6.901 quat=[0.70739, 0.0, 0.0, 0.70683] angvel=[0.0, 0.0, 0.0] linvel=[0.0, 0.0, 0.0] z=0.7975
[lowlevel-sim][GT] t=6.951 quat=[0.70739, 0.0, 0.0, 0.70683] angvel=[0.0, 0.0, 0.0] linvel=[0.0, 0.0, 0.0] z=0.7975
[lowlevel-sim] t=   7.00 mode=hold       pd=6999 hold=6999 failclosed=0 rtf=0.217 base_z=+0.798 pitch=+0.000 roll=+0.000 |tau|max= 35.00 sat=5/29 knee_L=+0.300 hip_p_L=-0.100 torn=6999 cmd_age=-1.0ms auth=-1.0s rig_ign=0 fix_base=1 sat_j=left_ankle_roll_joint:+35.0,right_ankle_roll_joint:+35.0,left_wrist_roll_joint:+25.0,right_wrist_roll_joint:+25.0,right_wrist_yaw_joint:-5.0
[lowlevel-sim][GT] t=7.001 quat=[0.70739, 0.0, 0.0, 0.70683] angvel=[0.0, 0.0, 0.0] linvel=[0.0, 0.0, 0.0] z=0.7975
[lowlevel-sim][GT] t=7.051 quat=[0.70739, 0.0, 0.0, 0.70683] angvel=[0.0, 0.0, 0.0] linvel=[0.0, 0.0, 0.0] z=0.7975
[lowlevel-sim][GT] t=7.101 quat=[0.70739, 0.0, 0.0, 0.70683] angvel=[0.0, 0.0, 0.0] linvel=[0.0, 0.0, 0.0] z=0.7975
[lowlevel-sim][GT] t=7.151 quat=[0.70739, 0.0, 0.0, 0.70683] angvel=[0.0, 0.0, 0.0] linvel=[0.0, 0.0, 0.0] z=0.7975
[lowlevel-sim][GT] t=7.201 quat=[0.70739, 0.0, 0.0, 0.70683] angvel=[0.0, 0.0, 0.0] linvel=[0.0, 0.0, 0.0] z=0.7975
[lowlevel-sim][GT] t=7.251 quat=[0.70739, 0.0, 0.0, 0.70683] angvel=[0.0, 0.0, 0.0] linvel=[0.0, 0.0, 0.0] z=0.7975
[lowlevel-sim][GT] t=7.301 quat=[0.70739, 0.0, 0.0, 0.70683] angvel=[0.0, 0.0, 0.0] linvel=[0.0, 0.0, 0.0] z=0.7975
[lowlevel-sim][GT] t=7.351 quat=[0.70739, 0.0, 0.0, 0.70683] angvel=[0.0, 0.0, 0.0] linvel=[0.0, 0.0, 0.0] z=0.7975
[lowlevel-sim][GT] t=7.401 quat=[0.70739, 0.0, 0.0, 0.70683] angvel=[0.0, 0.0, 0.0] linvel=[0.0, 0.0, 0.0] z=0.7975
[lowlevel-sim][GT] t=7.451 quat=[0.70739, 0.0, 0.0, 0.70683] angvel=[0.0, 0.0, 0.0] linvel=[0.0, 0.0, 0.0] z=0.7975
[lowlevel-sim] t=   7.50 mode=hold       pd=7499 hold=7499 failclosed=0 rtf=0.217 base_z=+0.798 pitch=+0.000 roll=+0.000 |tau|max= 35.00 sat=5/29 knee_L=+0.300 hip_p_L=-0.100 torn=7499 cmd_age=-1.0ms auth=-1.0s rig_ign=0 fix_base=1 sat_j=left_ankle_roll_joint:+35.0,right_ankle_roll_joint:+35.0,left_wrist_roll_joint:+25.0,right_wrist_roll_joint:+25.0,right_wrist_yaw_joint:-5.0
[lowlevel-sim][GT] t=7.501 quat=[0.70739, 0.0, 0.0, 0.70683] angvel=[0.0, 0.0, 0.0] linvel=[0.0, 0.0, 0.0] z=0.7975
[lowlevel-sim][GT] t=7.551 quat=[0.70739, 0.0, 0.0, 0.70683] angvel=[0.0, 0.0, 0.0] linvel=[0.0, 0.0, 0.0] z=0.7975
[lowlevel-sim][GT] t=7.601 quat=[0.70739, 0.0, 0.0, 0.70683] angvel=[0.0, 0.0, 0.0] linvel=[0.0, 0.0, 0.0] z=0.7975
[lowlevel-sim][GT] t=7.651 quat=[0.70739, 0.0, 0.0, 0.70683] angvel=[0.0, 0.0, 0.0] linvel=[0.0, 0.0, 0.0] z=0.7975
[lowlevel-sim][GT] t=7.701 quat=[0.70739, 0.0, 0.0, 0.70683] angvel=[0.0, 0.0, 0.0] linvel=[0.0, 0.0, 0.0] z=0.7975
[lowlevel-sim][GT] t=7.751 quat=[0.70739, 0.0, 0.0, 0.70683] angvel=[0.0, 0.0, 0.0] linvel=[0.0, 0.0, 0.0] z=0.7975
[lowlevel-sim][GT] t=7.801 quat=[0.70739, 0.0, 0.0, 0.70683] angvel=[0.0, 0.0, 0.0] linvel=[0.0, 0.0, 0.0] z=0.7975
[lowlevel-sim][GT] t=7.851 quat=[0.70739, 0.0, 0.0, 0.70683] angvel=[0.0, 0.0, 0.0] linvel=[0.0, 0.0, 0.0] z=0.7975
[lowlevel-sim][GT] t=7.901 quat=[0.70739, 0.0, 0.0, 0.70683] angvel=[0.0, 0.0, 0.0] linvel=[0.0, 0.0, 0.0] z=0.7975
[lowlevel-sim][GT] t=7.951 quat=[0.70739, 0.0, 0.0, 0.70683] angvel=[0.0, 0.0, 0.0] linvel=[0.0, 0.0, 0.0] z=0.7975
[lowlevel-sim] t=   8.00 mode=hold       pd=7999 hold=7999 failclosed=0 rtf=0.216 base_z=+0.798 pitch=+0.000 roll=+0.000 |tau|max= 35.00 sat=5/29 knee_L=+0.300 hip_p_L=-0.100 torn=7999 cmd_age=-1.0ms auth=-1.0s rig_ign=0 fix_base=1 sat_j=left_ankle_roll_joint:+35.0,right_ankle_roll_joint:+35.0,left_wrist_roll_joint:+25.0,right_wrist_roll_joint:+25.0,right_wrist_yaw_joint:-5.0
[lowlevel-sim][GT] t=8.001 quat=[0.70739, 0.0, 0.0, 0.70683] angvel=[0.0, 0.0, 0.0] linvel=[0.0, 0.0, 0.0] z=0.7975
[lowlevel-sim][GT] t=8.051 quat=[0.70739, 0.0, 0.0, 0.70683] angvel=[0.0, 0.0, 0.0] linvel=[0.0, 0.0, 0.0] z=0.7975
[lowlevel-sim][GT] t=8.101 quat=[0.70739, 0.0, 0.0, 0.70683] angvel=[0.0, 0.0, 0.0] linvel=[0.0, 0.0, 0.0] z=0.7975
[lowlevel-sim][GT] t=8.151 quat=[0.70739, 0.0, 0.0, 0.70683] angvel=[0.0, 0.0, 0.0] linvel=[0.0, 0.0, 0.0] z=0.7975
[lowlevel-sim][GT] t=8.201 quat=[0.70739, 0.0, 0.0, 0.70683] angvel=[0.0, 0.0, 0.0] linvel=[0.0, 0.0, 0.0] z=0.7975
[lowlevel-sim][GT] t=8.251 quat=[0.70739, 0.0, 0.0, 0.70683] angvel=[0.0, 0.0, 0.0] linvel=[0.0, 0.0, 0.0] z=0.7975
[lowlevel-sim][GT] t=8.301 quat=[0.70739, 0.0, 0.0, 0.70683] angvel=[0.0, 0.0, 0.0] linvel=[0.0, 0.0, 0.0] z=0.7975
[lowlevel-sim][GT] t=8.351 quat=[0.70739, 0.0, 0.0, 0.70683] angvel=[0.0, 0.0, 0.0] linvel=[0.0, 0.0, 0.0] z=0.7975
[lowlevel-sim][GT] t=8.401 quat=[0.70739, 0.0, 0.0, 0.70683] angvel=[0.0, 0.0, 0.0] linvel=[0.0, 0.0, 0.0] z=0.7975
[lowlevel-sim][GT] t=8.451 quat=[0.70739, 0.0, 0.0, 0.70683] angvel=[0.0, 0.0, 0.0] linvel=[0.0, 0.0, 0.0] z=0.7975
[lowlevel-sim] t=   8.50 mode=hold       pd=8499 hold=8499 failclosed=0 rtf=0.216 base_z=+0.798 pitch=+0.000 roll=+0.000 |tau|max= 35.00 sat=5/29 knee_L=+0.300 hip_p_L=-0.100 torn=8499 cmd_age=-1.0ms auth=-1.0s rig_ign=0 fix_base=1 sat_j=left_ankle_roll_joint:+35.0,right_ankle_roll_joint:+35.0,left_wrist_roll_joint:+25.0,right_wrist_roll_joint:+25.0,right_wrist_yaw_joint:-5.0
[lowlevel-sim][GT] t=8.501 quat=[0.70739, 0.0, 0.0, 0.70683] angvel=[0.0, 0.0, 0.0] linvel=[0.0, 0.0, 0.0] z=0.7975
[lowlevel-sim][GT] t=8.551 quat=[0.70739, 0.0, 0.0, 0.70683] angvel=[0.0, 0.0, 0.0] linvel=[0.0, 0.0, 0.0] z=0.7975
[lowlevel-sim][GT] t=8.601 quat=[0.70739, 0.0, 0.0, 0.70683] angvel=[0.0, 0.0, 0.0] linvel=[0.0, 0.0, 0.0] z=0.7975
[lowlevel-sim][GT] t=8.651 quat=[0.70739, 0.0, 0.0, 0.70683] angvel=[0.0, 0.0, 0.0] linvel=[0.0, 0.0, 0.0] z=0.7975
[lowlevel-sim][GT] t=8.701 quat=[0.70739, 0.0, 0.0, 0.70683] angvel=[0.0, 0.0, 0.0] linvel=[0.0, 0.0, 0.0] z=0.7975
[lowlevel-sim][GT] t=8.751 quat=[0.70739, 0.0, 0.0, 0.70683] angvel=[0.0, 0.0, 0.0] linvel=[0.0, 0.0, 0.0] z=0.7975
[lowlevel-sim][GT] t=8.801 quat=[0.70739, 0.0, 0.0, 0.70683] angvel=[0.0, 0.0, 0.0] linvel=[0.0, 0.0, 0.0] z=0.7975
[lowlevel-sim][GT] t=8.851 quat=[0.70739, 0.0, 0.0, 0.70683] angvel=[0.0, 0.0, 0.0] linvel=[0.0, 0.0, 0.0] z=0.7975
[lowlevel-sim][GT] t=8.901 quat=[0.70739, 0.0, 0.0, 0.70683] angvel=[0.0, 0.0, 0.0] linvel=[0.0, 0.0, 0.0] z=0.7975
[lowlevel-sim][GT] t=8.951 quat=[0.70739, 0.0, 0.0, 0.70683] angvel=[0.0, 0.0, 0.0] linvel=[0.0, 0.0, 0.0] z=0.7975
[lowlevel-sim] t=   9.00 mode=hold       pd=8969 hold=8969 failclosed=0 rtf=0.216 base_z=+0.798 pitch=+0.000 roll=+0.000 |tau|max= 35.00 sat=8/29 knee_L=+0.301 hip_p_L=-0.100 torn=8936 cmd_age=5.4ms auth=0.3s rig_ign=30 fix_base=1 sat_j=left_ankle_roll_joint:+35.0,right_ankle_roll_joint:+35.0,left_wrist_roll_joint:+25.0,left_wrist_pitch_joint:+5.0,left_wrist_yaw_joint:-5.0,right_wrist_roll_joint:+25.0
[lowlevel-sim][GT] t=9.001 quat=[0.70739, 0.0, 0.0, 0.70683] angvel=[0.0, 0.0, 0.0] linvel=[0.0, 0.0, 0.0] z=0.7975
[lowlevel-sim][GT] t=9.051 quat=[0.70739, 0.0, 0.0, 0.70683] angvel=[0.0, 0.0, 0.0] linvel=[0.0, 0.0, 0.0] z=0.7975
[lowlevel-sim][GT] t=9.101 quat=[0.70739, 0.0, 0.0, 0.70683] angvel=[0.0, 0.0, 0.0] linvel=[0.0, 0.0, 0.0] z=0.7975
[lowlevel-sim][GT] t=9.151 quat=[0.70739, 0.0, 0.0, 0.70683] angvel=[0.0, 0.0, 0.0] linvel=[0.0, 0.0, 0.0] z=0.7975
[lowlevel-sim][GT] t=9.201 quat=[0.70739, 0.0, 0.0, 0.70683] angvel=[0.0, 0.0, 0.0] linvel=[0.0, 0.0, 0.0] z=0.7975
[lowlevel-sim][GT] t=9.251 quat=[0.70739, 0.0, 0.0, 0.70683] angvel=[0.0, 0.0, 0.0] linvel=[0.0, 0.0, 0.0] z=0.7975
[lowlevel-sim][GT] t=9.301 quat=[0.70739, 0.0, 0.0, 0.70683] angvel=[0.0, 0.0, 0.0] linvel=[0.0, 0.0, 0.0] z=0.7975
[lowlevel-sim][GT] t=9.351 quat=[0.70739, 0.0, 0.0, 0.70683] angvel=[0.0, 0.0, 0.0] linvel=[0.0, 0.0, 0.0] z=0.7975
[lowlevel-sim][GT] t=9.401 quat=[0.70739, 0.0, 0.0, 0.70683] angvel=[0.0, 0.0, 0.0] linvel=[0.0, 0.0, 0.0] z=0.7975
[lowlevel-sim][GT] t=9.451 quat=[0.70739, 0.0, 0.0, 0.70683] angvel=[0.0, 0.0, 0.0] linvel=[0.0, 0.0, 0.0] z=0.7975
[lowlevel-sim] t=   9.50 mode=hold       pd=9219 hold=9219 failclosed=0 rtf=0.218 base_z=+0.798 pitch=+0.000 roll=+0.000 |tau|max= 35.00 sat=6/29 knee_L=+0.301 hip_p_L=-0.101 torn=8953 cmd_age=25.2ms auth=2.2s rig_ign=280 fix_base=1 sat_j=left_ankle_roll_joint:+35.0,right_ankle_roll_joint:+35.0,left_wrist_roll_joint:+25.0,left_wrist_yaw_joint:-5.0,right_wrist_roll_joint:+25.0,right_wrist_yaw_joint:-5.0
[lowlevel-sim][GT] t=9.501 quat=[0.70739, 0.0, 0.0, 0.70683] angvel=[0.0, 0.0, 0.0] linvel=[0.0, 0.0, 0.0] z=0.7975
[lowlevel-sim][GT] t=9.551 quat=[0.70739, 0.0, 0.0, 0.70683] angvel=[0.0, 0.0, 0.0] linvel=[0.0, 0.0, 0.0] z=0.7975
[lowlevel-sim][GT] t=9.601 quat=[0.70739, 0.0, 0.0, 0.70683] angvel=[0.0, 0.0, 0.0] linvel=[0.0, 0.0, 0.0] z=0.7975
[lowlevel-sim][GT] t=9.651 quat=[0.70739, 0.0, 0.0, 0.70683] angvel=[0.0, 0.0, 0.0] linvel=[0.0, 0.0, 0.0] z=0.7975
[lowlevel-sim][GT] t=9.701 quat=[0.70739, 0.0, 0.0, 0.70683] angvel=[0.0, 0.0, 0.0] linvel=[0.0, 0.0, 0.0] z=0.7975
[lowlevel-sim][GT] t=9.751 quat=[0.70739, 0.0, 0.0, 0.70683] angvel=[0.0, 0.0, 0.0] linvel=[0.0, 0.0, 0.0] z=0.7975
[lowlevel-sim][GT] t=9.801 quat=[0.70739, 0.0, 0.0, 0.70683] angvel=[0.0, 0.0, 0.0] linvel=[0.0, 0.0, 0.0] z=0.7975
[lowlevel-sim][GT] t=9.851 quat=[0.70739, 0.0, 0.0, 0.70683] angvel=[0.0, 0.0, 0.0] linvel=[0.0, 0.0, 0.0] z=0.7975
[lowlevel-sim][GT] t=9.901 quat=[0.70739, 0.0, 0.0, 0.70683] angvel=[0.0, 0.0, 0.0] linvel=[0.0, 0.0, 0.0] z=0.7975
[lowlevel-sim][GT] t=9.951 quat=[0.70739, 0.0, 0.0, 0.70683] angvel=[0.0, 0.0, 0.0] linvel=[0.0, 0.0, 0.0] z=0.7975
[lowlevel-sim] t=  10.00 mode=hold       pd=9471 hold=9471 failclosed=0 rtf=0.219 base_z=+0.798 pitch=+0.000 roll=+0.000 |tau|max= 35.00 sat=6/29 knee_L=+0.301 hip_p_L=-0.100 torn=8973 cmd_age=31.8ms auth=1.7s rig_ign=527 fix_base=1 sat_j=left_ankle_roll_joint:+35.0,right_ankle_roll_joint:+35.0,left_wrist_roll_joint:+25.0,left_wrist_pitch_joint:-5.0,right_wrist_roll_joint:+25.0,right_wrist_yaw_joint:-5.0
[lowlevel-sim][GT] t=10.001 quat=[0.70739, 0.0, 0.0, 0.70683] angvel=[0.0, 0.0, 0.0] linvel=[0.0, 0.0, 0.0] z=0.7975
[lowlevel-sim][GT] t=10.051 quat=[0.70739, 0.0, 0.0, 0.70683] angvel=[0.0, 0.0, 0.0] linvel=[0.0, 0.0, 0.0] z=0.7975
[lowlevel-sim][GT] t=10.101 quat=[0.70739, 0.0, 0.0, 0.70683] angvel=[0.0, 0.0, 0.0] linvel=[0.0, 0.0, 0.0] z=0.7975
[lowlevel-sim][GT] t=10.151 quat=[0.70739, 0.0, 0.0, 0.70683] angvel=[0.0, 0.0, 0.0] linvel=[0.0, 0.0, 0.0] z=0.7975
[lowlevel-sim][GT] t=10.201 quat=[0.70739, 0.0, 0.0, 0.70683] angvel=[0.0, 0.0, 0.0] linvel=[0.0, 0.0, 0.0] z=0.7975
[lowlevel-sim][GT] t=10.251 quat=[0.70739, 0.0, 0.0, 0.70683] angvel=[0.0, 0.0, 0.0] linvel=[0.0, 0.0, 0.0] z=0.7975
[lowlevel-sim][GT] t=10.301 quat=[0.70739, 0.0, 0.0, 0.70683] angvel=[0.0, 0.0, 0.0] linvel=[0.0, 0.0, 0.0] z=0.7975
[lowlevel-sim][GT] t=10.351 quat=[0.70739, 0.0, 0.0, 0.70683] angvel=[0.0, 0.0, 0.0] linvel=[0.0, 0.0, 0.0] z=0.7975
[lowlevel-sim][GT] t=10.401 quat=[0.70739, 0.0, 0.0, 0.70683] angvel=[0.0, 0.0, 0.0] linvel=[0.0, 0.0, 0.0] z=0.7975
[lowlevel-sim][GT] t=10.451 quat=[0.70739, 0.0, 0.0, 0.70683] angvel=[0.0, 0.0, 0.0] linvel=[0.0, 0.0, 0.0] z=0.7975
[lowlevel-sim] t=  10.50 mode=hold       pd=9721 hold=9721 failclosed=0 rtf=0.220 base_z=+0.798 pitch=+0.000 roll=+0.000 |tau|max= 35.00 sat=6/29 knee_L=+0.301 hip_p_L=-0.100 torn=8987 cmd_age=24.5ms auth=3.8s rig_ign=777 fix_base=1 sat_j=left_ankle_roll_joint:+35.0,right_ankle_roll_joint:+35.0,left_wrist_roll_joint:+25.0,left_wrist_pitch_joint:-5.0,right_wrist_roll_joint:+25.0,right_wrist_yaw_joint:-5.0
[lowlevel-sim][GT] t=10.501 quat=[0.70739, 0.0, 0.0, 0.70683] angvel=[0.0, 0.0, 0.0] linvel=[0.0, 0.0, 0.0] z=0.7975
[lowlevel-sim][GT] t=10.551 quat=[0.70739, 0.0, 0.0, 0.70683] angvel=[0.0, 0.0, 0.0] linvel=[0.0, 0.0, 0.0] z=0.7975
[lowlevel-sim][GT] t=10.601 quat=[0.70739, 0.0, 0.0, 0.70683] angvel=[0.0, 0.0, 0.0] linvel=[0.0, 0.0, 0.0] z=0.7975
[lowlevel-sim][GT] t=10.651 quat=[0.70739, 0.0, 0.0, 0.70683] angvel=[0.0, 0.0, 0.0] linvel=[0.0, 0.0, 0.0] z=0.7975
[lowlevel-sim][GT] t=10.701 quat=[0.70739, 0.0, 0.0, 0.70683] angvel=[0.0, 0.0, 0.0] linvel=[0.0, 0.0, 0.0] z=0.7975
[lowlevel-sim][GT] t=10.751 quat=[0.70739, 0.0, 0.0, 0.70683] angvel=[0.0, 0.0, 0.0] linvel=[0.0, 0.0, 0.0] z=0.7975
[lowlevel-sim][GT] t=10.801 quat=[0.70739, 0.0, 0.0, 0.70683] angvel=[0.0, 0.0, 0.0] linvel=[0.0, 0.0, 0.0] z=0.7975
[lowlevel-sim][GT] t=10.851 quat=[0.70739, 0.0, 0.0, 0.70683] angvel=[0.0, 0.0, 0.0] linvel=[0.0, 0.0, 0.0] z=0.7975
[lowlevel-sim][GT] t=10.901 quat=[0.70739, 0.0, 0.0, 0.70683] angvel=[0.0, 0.0, 0.0] linvel=[0.0, 0.0, 0.0] z=0.7975
[lowlevel-sim][GT] t=10.951 quat=[0.70739, 0.0, 0.0, 0.70683] angvel=[0.0, 0.0, 0.0] linvel=[0.0, 0.0, 0.0] z=0.7975
[lowlevel-sim] t=  11.00 mode=hold       pd=9974 hold=9974 failclosed=0 rtf=0.219 base_z=+0.798 pitch=+0.000 roll=+0.000 |tau|max= 35.00 sat=7/29 knee_L=+0.300 hip_p_L=-0.100 torn=9011 cmd_age=21.8ms auth=1.6s rig_ign=1024 fix_base=1 sat_j=left_ankle_roll_joint:-35.0,right_ankle_roll_joint:-35.0,left_wrist_roll_joint:-25.0,left_wrist_pitch_joint:-5.0,left_wrist_yaw_joint:+5.0,right_wrist_roll_joint:-25.0
[lowlevel-sim][GT] t=11.001 quat=[0.70739, 0.0, 0.0, 0.70683] angvel=[0.0, 0.0, 0.0] linvel=[0.0, 0.0, 0.0] z=0.7975
[lowlevel-sim][GT] t=11.051 quat=[0.70739, 0.0, 0.0, 0.70683] angvel=[0.0, 0.0, 0.0] linvel=[0.0, 0.0, 0.0] z=0.7975
[lowlevel-sim][GT] t=11.101 quat=[0.70739, 0.0, 0.0, 0.70683] angvel=[0.0, 0.0, 0.0] linvel=[0.0, 0.0, 0.0] z=0.7975
[lowlevel-sim][GT] t=11.151 quat=[0.70739, 0.0, 0.0, 0.70683] angvel=[0.0, 0.0, 0.0] linvel=[0.0, 0.0, 0.0] z=0.7975
[lowlevel-sim][GT] t=11.201 quat=[0.70739, 0.0, 0.0, 0.70683] angvel=[0.0, 0.0, 0.0] linvel=[0.0, 0.0, 0.0] z=0.7975
[lowlevel-sim][GT] t=11.251 quat=[0.70739, 0.0, 0.0, 0.70683] angvel=[0.0, 0.0, 0.0] linvel=[0.0, 0.0, 0.0] z=0.7975
[lowlevel-sim][GT] t=11.301 quat=[0.70739, 0.0, 0.0, 0.70683] angvel=[0.0, 0.0, 0.0] linvel=[0.0, 0.0, 0.0] z=0.7975
[lowlevel-sim][GT] t=11.351 quat=[0.70739, 0.0, 0.0, 0.70683] angvel=[0.0, 0.0, 0.0] linvel=[0.0, 0.0, 0.0] z=0.7975
[lowlevel-sim][GT] t=11.401 quat=[0.70739, 0.0, 0.0, 0.70683] angvel=[0.0, 0.0, 0.0] linvel=[0.0, 0.0, 0.0] z=0.7975
[lowlevel-sim][GT] t=11.451 quat=[0.70739, 0.0, 0.0, 0.70683] angvel=[0.0, 0.0, 0.0] linvel=[0.0, 0.0, 0.0] z=0.7975
[lowlevel-sim] t=  11.50 mode=hold       pd=10224 hold=10224 failclosed=0 rtf=0.220 base_z=+0.798 pitch=+0.000 roll=+0.000 |tau|max= 35.00 sat=6/29 knee_L=+0.300 hip_p_L=-0.100 torn=9044 cmd_age=11.8ms auth=3.7s rig_ign=1274 fix_base=1 sat_j=left_ankle_roll_joint:-35.0,right_ankle_roll_joint:-35.0,left_wrist_roll_joint:-25.0,left_wrist_pitch_joint:-5.0,right_wrist_roll_joint:-25.0,right_wrist_yaw_joint:+5.0
[lowlevel-sim][GT] t=11.501 quat=[0.70739, 0.0, 0.0, 0.70683] angvel=[0.0, 0.0, 0.0] linvel=[0.0, 0.0, 0.0] z=0.7975
[lowlevel-sim][GT] t=11.551 quat=[0.70739, 0.0, 0.0, 0.70683] angvel=[0.0, 0.0, 0.0] linvel=[0.0, 0.0, 0.0] z=0.7975
[lowlevel-sim][GT] t=11.601 quat=[0.70739, 0.0, 0.0, 0.70683] angvel=[0.0, 0.0, 0.0] linvel=[0.0, 0.0, 0.0] z=0.7975
[lowlevel-sim][GT] t=11.651 quat=[0.70739, 0.0, 0.0, 0.70683] angvel=[0.0, 0.0, 0.0] linvel=[0.0, 0.0, 0.0] z=0.7975
[lowlevel-sim][GT] t=11.701 quat=[0.70739, 0.0, 0.0, 0.70683] angvel=[0.0, 0.0, 0.0] linvel=[0.0, 0.0, 0.0] z=0.7975
[lowlevel-sim][GT] t=11.751 quat=[0.70739, 0.0, 0.0, 0.70683] angvel=[0.0, 0.0, 0.0] linvel=[0.0, 0.0, 0.0] z=0.7975
[lowlevel-sim][GT] t=11.801 quat=[0.70739, 0.0, 0.0, 0.70683] angvel=[0.0, 0.0, 0.0] linvel=[0.0, 0.0, 0.0] z=0.7975
[lowlevel-sim][GT] t=11.851 quat=[0.70739, 0.0, 0.0, 0.70683] angvel=[0.0, 0.0, 0.0] linvel=[0.0, 0.0, 0.0] z=0.7975
[lowlevel-sim] TEST RIG RELEASED at t=11.860s -- controller has had authority for 5.0s (C-30)
[lowlevel-sim] COMMANDED at t=11.860s (was idle hold)
[lowlevel-sim][GT] t=11.901 quat=[0.70559, 0.00524, -0.00208, 0.7086] angvel=[0.26373, 0.15465, 0.1825] linvel=[-0.07145, -0.14934, -0.44152] z=0.7876
[lowlevel-sim][GT] t=11.951 quat=[0.70486, 0.01702, -0.01651, 0.70895] angvel=[0.30545, 0.01499, 0.00233] linvel=[-0.03116, -0.1096, -0.02024] z=0.7812
[lowlevel-sim] t=  12.00 mode=cmd        pd=10474 hold=10404 failclosed=0 rtf=0.222 base_z=+0.781 pitch=-0.054 roll=+0.000 |tau|max= 25.00 sat=5/29 knee_L=+0.370 hip_p_L=-0.102 torn=9067 cmd_age=76.6ms auth=5.6s rig_ign=1454 fix_base=0 sat_j=left_wrist_roll_joint:-25.0,left_wrist_pitch_joint:-5.0,left_wrist_yaw_joint:+5.0,right_wrist_roll_joint:-25.0,right_wrist_yaw_joint:+5.0
[lowlevel-sim][GT] t=12.001 quat=[0.70473, 0.01949, -0.01904, 0.70895] angvel=[0.03531, -0.00901, 0.00349] linvel=[-0.0299, -0.04855, -0.00389] z=0.7807
[lowlevel-sim][GT] t=12.051 quat=[0.70502, 0.01857, -0.01828, 0.70871] angvel=[-0.221, 0.0127, -0.02855] linvel=[-0.01438, 0.044, 0.00197] z=0.7807
[lowlevel-sim][GT] t=12.101 quat=[0.70516, 0.01492, -0.01476, 0.70874] angvel=[-0.23576, -0.0275, 0.05268] linvel=[-0.03028, 0.14511, 0.00087] z=0.7810
[lowlevel-sim][GT] t=12.151 quat=[0.7048, 0.01132, -0.01128, 0.70923] angvel=[-0.21607, -0.00163, -0.0358] linvel=[-0.01611, 0.19438, -0.00719] z=0.7808
[lowlevel-sim][GT] t=12.201 quat=[0.70571, 0.00717, -0.00732, 0.70843] angvel=[-0.24413, -0.00343, -0.03309] linvel=[-0.01328, 0.22343, -0.01213] z=0.7803
[lowlevel-sim][GT] t=12.251 quat=[0.70578, 0.00238, -0.00276, 0.70842] angvel=[-0.28169, 0.00194, 0.00334] linvel=[-0.00606, 0.2382, -0.01923] z=0.7795
[lowlevel-sim][GT] t=12.301 quat=[0.70615, -0.00318, 0.00262, 0.70805] angvel=[-0.3322, -0.0186, -0.05023] linvel=[-0.00957, 0.24493, -0.02376] z=0.7785
[lowlevel-sim] FAIL-CLOSED engaged at t=12.312s, last command age 85.64 ms (deadline <= 100 ms) PASS
[lowlevel-sim] COMMANDED at t=12.330s (was fail-closed)
[lowlevel-sim][GT] t=12.351 quat=[0.70709, -0.00757, 0.00669, 0.70706] angvel=[-0.37306, -0.00306, -0.06074] linvel=[-0.00525, 0.27731, -0.03144] z=0.7764
[lowlevel-sim][GT] t=12.401 quat=[0.70772, -0.0164, 0.01529, 0.70613] angvel=[-0.55465, -0.01103, -0.02185] linvel=[-0.00896, 0.27988, -0.02639] z=0.7750
[lowlevel-sim] FAIL-CLOSED engaged at t=12.445s, last command age 88.53 ms (deadline <= 100 ms) PASS
[lowlevel-sim] COMMANDED at t=12.446s (was fail-closed)
[lowlevel-sim][GT] t=12.451 quat=[0.70786, -0.02684, 0.02547, 0.70538] angvel=[-0.58633, -0.00919, -0.00929] linvel=[-0.00471, 0.29212, -0.0359] z=0.7734
[lowlevel-sim] t=  12.50 mode=cmd        pd=10733 hold=10404 failclosed=18 rtf=0.223 base_z=+0.771 pitch=+0.106 roll=-0.002 |tau|max= 25.00 sat=4/29 knee_L=+0.361 hip_p_L=-0.096 torn=9099 cmd_age=41.2ms auth=7.5s rig_ign=1454 fix_base=0 sat_j=left_wrist_roll_joint:+25.0,left_wrist_yaw_joint:-5.0,right_wrist_roll_joint:+25.0,right_wrist_yaw_joint:-5.0
[lowlevel-sim][GT] t=12.501 quat=[0.70728, -0.03845, 0.03692, 0.70492] angvel=[-0.70462, 0.00773, 0.00966] linvel=[0.00043, 0.33237, -0.04861] z=0.7711
[lowlevel-sim][GT] t=12.551 quat=[0.7061, -0.05188, 0.0503, 0.70442] angvel=[-0.81617, -0.00116, 0.02468] linvel=[-0.00315, 0.3929, -0.07095] z=0.7678
[lowlevel-sim][GT] t=12.601 quat=[0.70456, -0.06732, 0.06574, 0.70338] angvel=[-0.94006, 0.01231, 0.00295] linvel=[0.00353, 0.47502, -0.10247] z=0.7630
[lowlevel-sim][GT] t=12.651 quat=[0.70215, -0.08509, 0.08357, 0.70196] angvel=[-1.08261, -0.00297, 0.04043] linvel=[-0.00018, 0.56905, -0.15121] z=0.7559
[lowlevel-sim][GT] t=12.701 quat=[0.69879, -0.1055, 0.10409, 0.69981] angvel=[-1.25768, 0.00296, 0.01328] linvel=[0.00238, 0.67049, -0.21644] z=0.7456
[lowlevel-sim][GT] t=12.751 quat=[0.69494, -0.12916, 0.12763, 0.69576] angvel=[-1.45064, -0.03638, -0.00932] linvel=[-0.00265, 0.77488, -0.30049] z=0.7310
[lowlevel-sim][GT] t=12.801 quat=[0.68983, -0.15649, 0.15459, 0.68975] angvel=[-1.68271, 0.01002, -0.03557] linvel=[0.00115, 0.88154, -0.41576] z=0.7108
[lowlevel-sim][GT] t=12.851 quat=[0.68258, -0.18801, 0.18491, 0.68157] angvel=[-1.90936, -0.07826, 0.01768] linvel=[-0.00396, 0.99218, -0.54994] z=0.6833
[lowlevel-sim][GT] t=12.901 quat=[0.67251, -0.22334, 0.21809, 0.67104] angvel=[-2.14483, -0.03986, -0.03053] linvel=[-0.00122, 1.13657, -0.66979] z=0.6485
[lowlevel-sim][GT] t=12.951 quat=[0.65905, -0.26212, 0.25581, 0.6569] angvel=[-2.4596, 0.04414, 0.04621] linvel=[-0.00957, 1.32249, -0.81771] z=0.6060
[lowlevel-sim] t=  13.00 mode=cmd        pd=10983 hold=10404 failclosed=18 rtf=0.224 base_z=+0.553 pitch=+0.887 roll=-0.015 |tau|max= 35.00 sat=7/29 knee_L=+0.265 hip_p_L=-0.125 torn=9114 cmd_age=53.4ms auth=9.4s rig_ign=1454 fix_base=0 sat_j=left_ankle_roll_joint:+35.0,right_ankle_roll_joint:+35.0,left_wrist_roll_joint:+25.0,left_wrist_pitch_joint:-5.0,left_wrist_yaw_joint:-5.0,right_wrist_roll_joint:+25.0
[lowlevel-sim][GT] t=13.001 quat=[0.63938, -0.3077, 0.30106, 0.63709] angvel=[-3.08513, -0.15735, -0.03464] linvel=[0.03635, 1.50708, -1.08605] z=0.5515
[lowlevel-sim][GT] t=13.051 quat=[0.61191, -0.36152, 0.35357, 0.60816] angvel=[-3.62103, 0.07216, -0.04956] linvel=[-0.03902, 1.56908, -1.55055] z=0.4753
[lowlevel-sim][GT] t=13.101 quat=[0.57693, -0.41553, 0.40629, 0.57394] angvel=[-3.56163, -0.11912, 0.0664] linvel=[0.03403, 1.50206, -2.04338] z=0.3724
[lowlevel-sim][GT] t=13.151 quat=[0.539, -0.46314, 0.45344, 0.53793] angvel=[-2.99236, 0.18382, -0.0556] linvel=[-0.04454, 1.5371, -2.39042] z=0.2472
[lowlevel-sim][GT] t=13.201 quat=[0.50241, -0.49762, 0.49267, 0.50719] angvel=[-9.17116, 0.09736, -0.13267] linvel=[-0.01967, 1.13335, -1.78656] z=0.1149
[lowlevel-sim][GT] t=13.251 quat=[0.46961, -0.53359, 0.5233, 0.47001] angvel=[-0.18037, -0.10891, -0.04669] linvel=[0.01153, 0.2063, 0.03579] z=0.0819
[lowlevel-sim][GT] t=13.301 quat=[0.46753, -0.53438, 0.52392, 0.47049] angvel=[0.02698, 0.18769, 0.24443] linvel=[0.06213, 0.09995, -0.00182] z=0.0853
[lowlevel-sim][GT] t=13.351 quat=[0.46829, -0.52743, 0.52061, 0.48114] angvel=[0.81666, 0.1487, -0.04382] linvel=[-0.01723, -0.00646, -0.09123] z=0.0846
[lowlevel-sim][GT] t=13.401 quat=[0.47162, -0.5231, 0.51586, 0.48767] angvel=[0.43724, 0.15873, 0.09386] linvel=[0.02948, -0.07914, 0.18269] z=0.0900
[lowlevel-sim][GT] t=13.451 quat=[0.47938, -0.51632, 0.50827, 0.49525] angvel=[0.68739, -0.20955, -0.14422] linvel=[-0.02917, -0.07372, 0.15582] z=0.1017
[lowlevel-sim] t=  13.50 mode=cmd        pd=11233 hold=10404 failclosed=18 rtf=0.226 base_z=+0.106 pitch=+1.537 roll=+3.040 |tau|max= 35.00 sat=4/29 knee_L=+0.285 hip_p_L=-0.112 torn=9126 cmd_age=54.3ms auth=11.2s rig_ign=1454 fix_base=0 sat_j=left_ankle_roll_joint:+35.0,right_ankle_roll_joint:+35.0,left_wrist_yaw_joint:+5.0,right_wrist_yaw_joint:-5.0
[lowlevel-sim][GT] t=13.501 quat=[0.48574, -0.51259, 0.50383, 0.49746] angvel=[0.03043, -0.08432, 0.00186] linvel=[0.03465, 0.00384, 0.00519] z=0.1062
[lowlevel-sim][GT] t=13.551 quat=[0.48679, -0.51178, 0.50441, 0.49667] angvel=[0.00061, 0.08273, -0.12067] linvel=[-0.05511, 0.00981, -0.00019] z=0.1062
[lowlevel-sim][GT] t=13.601 quat=[0.48601, -0.51177, 0.50482, 0.49703] angvel=[-0.01634, 0.00283, 0.13862] linvel=[-0.01639, 0.00402, 0.00348] z=0.1061
[lowlevel-sim][GT] t=13.651 quat=[0.48448, -0.51212, 0.50503, 0.49796] angvel=[-0.07353, 0.08937, -0.03304] linvel=[-0.04965, 0.00191, -0.00011] z=0.1061
[lowlevel-sim][GT] t=13.701 quat=[0.48362, -0.51235, 0.50541, 0.49817] angvel=[-0.01491, -0.01002, 0.09857] linvel=[0.03524, 0.00643, 0.00068] z=0.1059
[lowlevel-sim][GT] t=13.751 quat=[0.48316, -0.51288, 0.50556, 0.49792] angvel=[-0.02559, 0.01596, -0.06217] linvel=[-0.02871, 0.00255, -0.00163] z=0.1057
[lowlevel-sim][GT] t=13.801 quat=[0.48379, -0.51355, 0.50503, 0.49714] angvel=[0.00519, -0.08427, 0.07813] linvel=[0.03184, 0.00922, 0.00436] z=0.1057
[lowlevel-sim][GT] t=13.851 quat=[0.48461, -0.51393, 0.50347, 0.49754] angvel=[0.06149, 0.0484, -0.02819] linvel=[-0.04307, 0.0045, 0.00983] z=0.1061
[lowlevel-sim][GT] t=13.901 quat=[0.4837, -0.51424, 0.5019, 0.49969] angvel=[0.06926, -0.05679, 0.19661] linvel=[0.02511, 0.00431, 0.01419] z=0.1072
[lowlevel-sim][GT] t=13.951 quat=[0.48302, -0.5152, 0.49998, 0.50127] angvel=[0.04784, -0.0301, 0.01719] linvel=[-0.05057, 0.00025, 0.01343] z=0.1081
[lowlevel-sim] t=  14.00 mode=cmd        pd=11483 hold=10404 failclosed=18 rtf=0.227 base_z=+0.109 pitch=+1.542 roll=-3.130 |tau|max= 35.00 sat=2/29 knee_L=+0.296 hip_p_L=-0.117 torn=9146 cmd_age=28.8ms auth=13.1s rig_ign=1454 fix_base=0 sat_j=left_ankle_roll_joint:+35.0,right_ankle_roll_joint:+35.0
[lowlevel-sim][GT] t=14.001 quat=[0.48359, -0.51663, 0.49763, 0.5016] angvel=[-0.02408, -0.11938, 0.12896] linvel=[0.00846, 0.00419, 0.02236] z=0.1090
[lowlevel-sim][GT] t=14.051 quat=[0.4834, -0.51789, 0.4956, 0.50249] angvel=[0.05911, 0.11001, -0.0527] linvel=[-0.04976, 0.00335, 0.01597] z=0.1100
[lowlevel-sim][GT] t=14.101 quat=[0.48301, -0.51758, 0.49503, 0.50374] angvel=[-0.05541, 0.00393, 0.11968] linvel=[0.00173, -0.0061, 0.00306] z=0.1104
[lowlevel-sim][GT] t=14.151 quat=[0.48216, -0.51837, 0.49442, 0.50434] angvel=[-0.21483, -0.27271, -0.04412] linvel=[-0.04377, -0.00962, 0.0209] z=0.1104
[lowlevel-sim][GT] t=14.201 quat=[0.48206, -0.51852, 0.49398, 0.50472] angvel=[-0.04223, -0.02255, 0.06473] linvel=[-0.00692, -0.00246, 0.00988] z=0.1104
[lowlevel-sim][GT] t=14.251 quat=[0.48163, -0.51916, 0.49346, 0.50498] angvel=[0.02061, 0.1454, -0.07155] linvel=[-0.04935, -0.00358, -0.00155] z=0.1103
[lowlevel-sim][GT] t=14.301 quat=[0.4818, -0.51952, 0.49322, 0.50468] angvel=[-0.02534, -0.03103, 0.08865] linvel=[0.00238, -0.00125, 0.00323] z=0.1102
[lowlevel-sim][GT] t=14.351 quat=[0.48203, -0.51975, 0.49218, 0.50523] angvel=[0.03219, -0.03243, -0.00543] linvel=[-0.05051, -0.00336, 0.0009] z=0.1104
[lowlevel-sim][GT] t=14.401 quat=[0.48195, -0.52015, 0.49117, 0.50589] angvel=[0.02911, 0.09785, 0.05218] linvel=[0.00982, 0.00344, 0.00026] z=0.1106
[lowlevel-sim][GT] t=14.451 quat=[0.48133, -0.52023, 0.49053, 0.50701] angvel=[0.04078, 0.17301, 0.01356] linvel=[-0.0367, 0.00059, 0.0027] z=0.1109
[lowlevel-sim] FAIL-CLOSED engaged at t=14.451s, last command age 87.88 ms (deadline <= 100 ms) PASS
[lowlevel-sim] COMMANDED at t=14.455s (was fail-closed)
[lowlevel-sim] FAIL-CLOSED engaged at t=14.480s, last command age 92.34 ms (deadline <= 100 ms) PASS
[lowlevel-sim] COMMANDED at t=14.496s (was fail-closed)
[lowlevel-sim] t=  14.50 mode=cmd        pd=11743 hold=10404 failclosed=37 rtf=0.228 base_z=+0.110 pitch=+1.540 roll=-3.007 |tau|max= 35.00 sat=2/29 knee_L=+0.295 hip_p_L=-0.122 torn=9171 cmd_age=35.5ms auth=15.2s rig_ign=1454 fix_base=0 sat_j=left_ankle_roll_joint:+35.0,right_ankle_roll_joint:+35.0
[lowlevel-sim][GT] t=14.501 quat=[0.47936, -0.52268, 0.49227, 0.50467] angvel=[-0.17394, -0.05386, -0.00331] linvel=[0.01885, 0.00925, -0.01417] z=0.1099
[lowlevel-sim][GT] t=14.551 quat=[0.48011, -0.52178, 0.49173, 0.50541] angvel=[-0.00586, 0.06167, -0.05348] linvel=[-0.04103, -0.00328, 0.01739] z=0.1103
[lowlevel-sim][GT] t=14.601 quat=[0.48058, -0.52098, 0.49074, 0.50675] angvel=[0.0249, -0.01689, 0.092] linvel=[0.01253, 0.00408, 0.00848] z=0.1109
[lowlevel-sim][GT] t=14.651 quat=[0.48095, -0.52036, 0.49007, 0.50768] angvel=[0.0505, -0.00053, -0.01686] linvel=[-0.02569, -0.001, -0.00116] z=0.1112
[lowlevel-sim][GT] t=14.701 quat=[0.48161, -0.51991, 0.48984, 0.50774] angvel=[0.0381, 0.0037, -0.00904] linvel=[0.01542, 0.00268, -0.00302] z=0.1114
[lowlevel-sim][GT] t=14.751 quat=[0.48199, -0.51972, 0.48972, 0.5077] angvel=[0.00286, 0.06759, -0.06461] linvel=[-0.0307, -0.00129, -0.00021] z=0.1114
[lowlevel-sim][GT] t=14.801 quat=[0.48239, -0.51976, 0.48951, 0.50747] angvel=[-0.02936, -0.03207, 0.07573] linvel=[0.01215, 0.00179, 0.00367] z=0.1114
[lowlevel-sim][GT] t=14.851 quat=[0.48244, -0.51986, 0.48945, 0.50739] angvel=[0.00117, 0.11242, -0.05255] linvel=[-0.02756, -0.00116, -0.00148] z=0.1113
[lowlevel-sim][GT] t=14.901 quat=[0.4825, -0.51985, 0.48933, 0.50745] angvel=[0.00034, 0.04101, 0.0336] linvel=[0.01054, -0.00267, -0.00122] z=0.1113
[lowlevel-sim][GT] t=14.951 quat=[0.48248, -0.51997, 0.48928, 0.5074] angvel=[-0.03583, -0.00272, -0.07326] linvel=[-0.02578, -0.00268, 0.00385] z=0.1112
[lowlevel-sim] t=  15.00 mode=cmd        pd=11993 hold=10404 failclosed=37 rtf=0.228 base_z=+0.111 pitch=+1.550 roll=-2.882 |tau|max= 35.00 sat=1/29 knee_L=+0.295 hip_p_L=-0.112 torn=9207 cmd_age=54.1ms auth=17.3s rig_ign=1454 fix_base=0 sat_j=left_ankle_roll_joint:+35.0
[lowlevel-sim][GT] t=15.001 quat=[0.48217, -0.52041, 0.48905, 0.50746] angvel=[0.03428, -0.17245, 0.09016] linvel=[0.01975, 0.00142, -0.00273] z=0.1112
[lowlevel-sim][GT] t=15.051 quat=[0.48169, -0.5206, 0.48881, 0.50795] angvel=[0.01351, 0.08498, -0.02875] linvel=[-0.02623, -0.00063, -0.0008] z=0.1113
[lowlevel-sim] FAIL-CLOSED engaged at t=15.097s, last command age 85.62 ms (deadline <= 100 ms) PASS
[lowlevel-sim] COMMANDED at t=15.100s (was fail-closed)
[lowlevel-sim][GT] t=15.101 quat=[0.48132, -0.52092, 0.48871, 0.50807] angvel=[-0.23285, -0.03212, -0.02595] linvel=[-0.00803, -0.00238, -0.00233] z=0.1111
[lowlevel-sim] FAIL-CLOSED engaged at t=15.110s, last command age 86.19 ms (deadline <= 100 ms) PASS
[lowlevel-sim] COMMANDED at t=15.114s (was fail-closed)
[lowlevel-sim] FAIL-CLOSED engaged at t=15.120s, last command age 87.93 ms (deadline <= 100 ms) PASS
[lowlevel-sim] COMMANDED at t=15.122s (was fail-closed)
[lowlevel-sim][GT] t=15.151 quat=[0.48105, -0.52146, 0.48917, 0.50733] angvel=[-0.08177, -0.07878, 0.01562] linvel=[-0.00019, -0.00507, 0.00522] z=0.1106
[lowlevel-sim][GT] t=15.201 quat=[0.481, -0.52172, 0.48914, 0.50714] angvel=[-0.01895, 0.03734, 0.06281] linvel=[0.01004, -0.00294, 0.00092] z=0.1106
[lowlevel-sim][GT] t=15.251 quat=[0.48092, -0.52186, 0.48903, 0.50717] angvel=[-0.00561, -0.00858, 0.00101] linvel=[0.00215, -0.00123, 0.00185] z=0.1105
[lowlevel-sim][GT] t=15.301 quat=[0.4808, -0.52186, 0.4891, 0.50722] angvel=[0.01178, 0.01247, 0.01229] linvel=[0.00444, -0.00765, -0.00532] z=0.1104
[lowlevel-sim][GT] t=15.351 quat=[0.48062, -0.52201, 0.4891, 0.50724] angvel=[-0.03211, 0.01965, -0.00723] linvel=[0.00043, -0.00577, -0.00239] z=0.1102
[lowlevel-sim][GT] t=15.401 quat=[0.48035, -0.52207, 0.48924, 0.50729] angvel=[0.01724, -0.00143, 0.01684] linvel=[0.00512, -0.00078, -0.00107] z=0.1101
[lowlevel-sim][GT] t=15.451 quat=[0.48016, -0.52236, 0.48933, 0.5071] angvel=[-0.02899, -0.0304, -0.00132] linvel=[0.00278, -0.00338, 0.00126] z=0.1099
[lowlevel-sim] t=  15.50 mode=cmd        pd=12246 hold=10404 failclosed=44 rtf=0.229 base_z=+0.110 pitch=+1.545 roll=-2.924 |tau|max=  8.22 sat=0/29 knee_L=+0.290 hip_p_L=-0.112 torn=9223 cmd_age=20.3ms auth=19.2s rig_ign=1454 fix_base=0
[lowlevel-sim][GT] t=15.501 quat=[0.48016, -0.52248, 0.48941, 0.5069] angvel=[0.01922, -0.04237, -0.03858] linvel=[0.00108, -0.00649, -0.00723] z=0.1098
[lowlevel-sim][GT] t=15.551 quat=[0.48021, -0.52247, 0.48953, 0.50674] angvel=[-0.03922, -0.01985, -0.02645] linvel=[0.00141, -0.00372, 0.0044] z=0.1097
[lowlevel-sim][GT] t=15.601 quat=[0.48008, -0.52267, 0.48964, 0.50655] angvel=[-0.029, 0.00787, -0.011] linvel=[0.00681, -0.00971, -0.00201] z=0.1096
[lowlevel-sim][GT] t=15.651 quat=[0.48003, -0.52265, 0.48983, 0.50643] angvel=[-0.05071, -0.01385, -0.01488] linvel=[0.00195, -0.00409, 0.00353] z=0.1094
[lowlevel-sim][GT] t=15.701 quat=[0.48017, -0.52269, 0.48995, 0.50613] angvel=[0.00524, -0.03213, 0.00278] linvel=[0.00498, -0.00251, -0.00104] z=0.1093
[lowlevel-sim][GT] t=15.751 quat=[0.48014, -0.52275, 0.49004, 0.50601] angvel=[0.00501, 0.05121, 0.01879] linvel=[-0.00116, -0.00022, -0.00013] z=0.1092
[lowlevel-sim][GT] t=15.801 quat=[0.48009, -0.52291, 0.49022, 0.50573] angvel=[-0.03991, 0.02891, 0.03358] linvel=[0.00849, -0.00747, -0.00326] z=0.1090
[lowlevel-sim][GT] t=15.851 quat=[0.47998, -0.52307, 0.49025, 0.50564] angvel=[0.01248, -0.0048, 0.0009] linvel=[0.00544, -0.00534, -8e-05] z=0.1089
[lowlevel-sim][GT] t=15.901 quat=[0.4797, -0.52326, 0.49039, 0.50557] angvel=[-0.00339, -0.00317, 0.02672] linvel=[0.00529, -0.00351, -0.00054] z=0.1088
[lowlevel-sim][GT] t=15.951 quat=[0.47966, -0.52319, 0.49033, 0.50575] angvel=[-0.00919, 0.02425, -0.03404] linvel=[-0.00086, -0.00381, -0.00216] z=0.1087
[lowlevel-sim] t=  16.00 mode=cmd        pd=12496 hold=10404 failclosed=44 rtf=0.230 base_z=+0.109 pitch=+1.542 roll=-2.935 |tau|max=  8.24 sat=0/29 knee_L=+0.284 hip_p_L=-0.111 torn=9250 cmd_age=21.4ms auth=20.9s rig_ign=1454 fix_base=0
[lowlevel-sim][GT] t=16.001 quat=[0.4796, -0.52326, 0.49029, 0.50577] angvel=[-0.00132, -0.01371, 0.00259] linvel=[0.00181, -0.00235, 0.00075] z=0.1087
[lowlevel-sim][GT] t=16.051 quat=[0.47966, -0.5232, 0.49019, 0.50588] angvel=[-0.0516, -0.00168, -0.03926] linvel=[-0.00015, -0.00295, 0.0037] z=0.1087
[lowlevel-sim] FAIL-CLOSED engaged at t=16.058s, last command age 86.35 ms (deadline <= 100 ms) PASS
[lowlevel-sim] COMMANDED at t=16.060s (was fail-closed)
[lowlevel-sim][GT] t=16.101 quat=[0.47962, -0.52339, 0.49032, 0.50559] angvel=[-0.07563, 0.02489, -0.01249] linvel=[-0.00442, -0.00089, 0.00648] z=0.1086
[lowlevel-sim][GT] t=16.151 quat=[0.47949, -0.52358, 0.49033, 0.50551] angvel=[-0.0086, -0.05613, -0.04866] linvel=[-0.00098, -0.01046, -0.0018] z=0.1085
[lowlevel-sim][GT] t=16.201 quat=[0.47942, -0.52342, 0.49058, 0.50549] angvel=[0.03106, 0.04623, -0.04043] linvel=[-0.0021, -0.00259, -0.00488] z=0.1083
[lowlevel-sim][GT] t=16.251 quat=[0.47937, -0.52348, 0.49074, 0.50533] angvel=[-0.00317, 0.03761, 0.03365] linvel=[0.00994, -0.00346, -0.0014] z=0.1082
[lowlevel-sim][GT] t=16.301 quat=[0.47931, -0.52355, 0.49083, 0.50521] angvel=[-0.03613, 0.00831, 0.02097] linvel=[0.00333, -0.00406, 0.00209] z=0.1081
[lowlevel-sim][GT] t=16.351 quat=[0.4792, -0.52366, 0.491, 0.50504] angvel=[-0.014, -0.04516, -0.02033] linvel=[0.0064, -0.00477, -0.00418] z=0.1080
[lowlevel-sim][GT] t=16.401 quat=[0.47923, -0.52365, 0.49113, 0.5049] angvel=[-0.05742, 0.02844, 0.01095] linvel=[0.00368, -0.00421, 0.00365] z=0.1079
[lowlevel-sim][GT] t=16.451 quat=[0.47919, -0.52356, 0.49123, 0.50493] angvel=[0.02158, -0.0126, -0.00345] linvel=[0.0043, -0.01064, -0.00194] z=0.1079
[lowlevel-sim] t=  16.50 mode=cmd        pd=12746 hold=10404 failclosed=45 rtf=0.231 base_z=+0.108 pitch=+1.540 roll=-2.971 |tau|max= 35.00 sat=2/29 knee_L=+0.279 hip_p_L=-0.110 torn=9259 cmd_age=31.4ms auth=22.9s rig_ign=1454 fix_base=0 sat_j=left_ankle_roll_joint:+35.0,right_ankle_roll_joint:-35.0
[lowlevel-sim][GT] t=16.501 quat=[0.47907, -0.52346, 0.49116, 0.50521] angvel=[-0.02779, 0.00925, -0.01028] linvel=[0.00248, -0.0043, 0.00182] z=0.1079
[lowlevel-sim][GT] t=16.551 quat=[0.47875, -0.52363, 0.49113, 0.50538] angvel=[0.00485, -0.0269, 0.00719] linvel=[0.00441, -0.00273, 0.00186] z=0.1079
[lowlevel-sim][GT] t=16.601 quat=[0.47863, -0.52354, 0.49094, 0.50577] angvel=[-0.06435, 0.00603, 0.01308] linvel=[0.0037, -0.00418, 0.00437] z=0.1079
[lowlevel-sim][GT] t=16.651 quat=[0.47832, -0.52367, 0.49081, 0.50605] angvel=[-0.02764, -0.00917, 0.01841] linvel=[0.00282, -0.00273, 0.00099] z=0.1079
[lowlevel-sim][GT] t=16.701 quat=[0.47815, -0.52372, 0.49066, 0.50631] angvel=[0.01675, 0.05326, 0.02381] linvel=[0.00011, -0.00058, 0.00088] z=0.1079
[lowlevel-sim][GT] t=16.751 quat=[0.47816, -0.52367, 0.49073, 0.50628] angvel=[0.01235, 0.02927, 0.03167] linvel=[0.01148, -0.00642, -0.00282] z=0.1079
[lowlevel-sim][GT] t=16.801 quat=[0.47807, -0.52373, 0.49072, 0.5063] angvel=[-0.0583, -0.00575, 0.01875] linvel=[0.00426, -0.00442, 0.00376] z=0.1079
[lowlevel-sim][GT] t=16.851 quat=[0.47802, -0.52378, 0.49073, 0.5063] angvel=[0.00289, -0.04218, -0.05883] linvel=[-0.0001, -0.00708, -0.0018] z=0.1078
[lowlevel-sim][GT] t=16.901 quat=[0.47804, -0.52382, 0.49088, 0.50609] angvel=[0.00896, 0.03209, -0.03136] linvel=[0.00224, -0.00402, -0.00466] z=0.1077
[lowlevel-sim][GT] t=16.951 quat=[0.478, -0.52377, 0.49096, 0.5061] angvel=[0.00183, -0.01124, -0.01325] linvel=[0.00079, -0.00109, -0.00074] z=0.1077
[lowlevel-sim] t=  17.00 mode=cmd        pd=12996 hold=10404 failclosed=45 rtf=0.232 base_z=+0.108 pitch=+1.540 roll=-3.017 |tau|max= 35.00 sat=2/29 knee_L=+0.278 hip_p_L=-0.109 torn=9277 cmd_age=32.5ms auth=24.7s rig_ign=1454 fix_base=0 sat_j=left_ankle_roll_joint:+35.0,right_ankle_roll_joint:-35.0
[lowlevel-sim][GT] t=17.001 quat=[0.47804, -0.52375, 0.49091, 0.50614] angvel=[-0.03046, 0.08184, 0.00726] linvel=[-0.00457, -0.00095, 0.00417] z=0.1076
[lowlevel-sim][GT] t=17.051 quat=[0.47788, -0.52398, 0.49087, 0.50609] angvel=[-0.02169, -0.03613, 0.02527] linvel=[-0.00041, -0.00575, -0.00117] z=0.1075
[lowlevel-sim][GT] t=17.101 quat=[0.47778, -0.52423, 0.49082, 0.50597] angvel=[-0.03827, 0.03962, 0.01121] linvel=[-0.00086, -0.0047, 0.00092] z=0.1074
[lowlevel-sim][GT] t=17.151 quat=[0.47772, -0.52434, 0.49079, 0.50594] angvel=[-0.01921, 0.01439, 0.02895] linvel=[0.00167, -0.01105, -0.00016] z=0.1074
[lowlevel-sim][GT] t=17.201 quat=[0.47756, -0.52453, 0.49056, 0.50612] angvel=[0.03647, 0.00633, 0.02498] linvel=[-0.00142, -0.00038, -0.0013] z=0.1073
[lowlevel-sim][GT] t=17.251 quat=[0.47752, -0.52464, 0.49051, 0.5061] angvel=[-0.04426, -0.01704, -0.02504] linvel=[0.00698, -0.00624, -0.00277] z=0.1073
[lowlevel-sim][GT] t=17.301 quat=[0.47751, -0.52455, 0.49072, 0.506] angvel=[0.01095, 0.0451, 0.00159] linvel=[0.00484, -0.00024, -0.00191] z=0.1072
[lowlevel-sim][GT] t=17.351 quat=[0.47738, -0.52457, 0.49075, 0.50606] angvel=[0.00211, -0.03711, -0.02904] linvel=[-0.00106, -0.00294, 0.00033] z=0.1072
[lowlevel-sim][GT] t=17.401 quat=[0.47725, -0.52458, 0.49074, 0.50618] angvel=[0.01316, 0.06923, 0.03314] linvel=[0.00393, -0.00068, -0.00126] z=0.1071
[lowlevel-sim][GT] t=17.451 quat=[0.47714, -0.52464, 0.49059, 0.50636] angvel=[-0.04203, -0.00556, 0.03459] linvel=[0.00898, -0.00767, -0.00013] z=0.1071
[lowlevel-sim] t=  17.50 mode=cmd        pd=13246 hold=10404 failclosed=45 rtf=0.232 base_z=+0.107 pitch=+1.539 roll=-3.017 |tau|max= 35.00 sat=2/29 knee_L=+0.275 hip_p_L=-0.108 torn=9295 cmd_age=25.3ms auth=26.8s rig_ign=1454 fix_base=0 sat_j=left_ankle_roll_joint:+35.0,right_ankle_roll_joint:-35.0
[lowlevel-sim][GT] t=17.501 quat=[0.47714, -0.52475, 0.49048, 0.50637] angvel=[-0.0384, 0.01031, 0.00851] linvel=[-0.00083, -0.00387, 0.00176] z=0.1071
[lowlevel-sim][GT] t=17.551 quat=[0.477, -0.5249, 0.49049, 0.50632] angvel=[0.01077, -0.01521, 0.00739] linvel=[8e-05, -0.00241, -0.00117] z=0.1071
[lowlevel-sim][GT] t=17.601 quat=[0.47702, -0.52497, 0.49022, 0.50649] angvel=[-0.02942, 0.06763, 0.00347] linvel=[-0.0036, -0.00431, 0.00113] z=0.1071
[lowlevel-sim][GT] t=17.651 quat=[0.47654, -0.52529, 0.49022, 0.50663] angvel=[-0.01108, -0.03985, 0.0217] linvel=[0.00352, -0.00246, 0.00184] z=0.1070
[lowlevel-sim][GT] t=17.701 quat=[0.47632, -0.52536, 0.49004, 0.50693] angvel=[0.01648, 0.05899, 0.03396] linvel=[0.00619, -0.00069, -0.00296] z=0.1070
[lowlevel-sim][GT] t=17.751 quat=[0.4762, -0.52554, 0.49, 0.5069] angvel=[-0.02664, -0.00745, 0.04927] linvel=[0.00856, -0.0055, 7e-05] z=0.1070
[lowlevel-sim][GT] t=17.801 quat=[0.47627, -0.52553, 0.48983, 0.507] angvel=[0.03784, -0.00993, 0.0186] linvel=[0.00041, -0.00041, -0.00334] z=0.1070
[lowlevel-sim][GT] t=17.851 quat=[0.4761, -0.52564, 0.48981, 0.50707] angvel=[0.02451, -0.08067, -0.03247] linvel=[-0.00067, -0.00795, -0.00189] z=0.1070
[lowlevel-sim][GT] t=17.901 quat=[0.47608, -0.52571, 0.48973, 0.5071] angvel=[-0.0451, 0.06026, -0.02319] linvel=[-0.00305, -0.00415, 0.00211] z=0.1069
[lowlevel-sim][GT] t=17.951 quat=[0.47577, -0.52597, 0.48969, 0.50715] angvel=[-0.00417, -0.0147, -0.00939] linvel=[-0.00088, -0.00236, 0.00021] z=0.1069
[lowlevel-sim] FAIL-CLOSED engaged at t=17.951s, last command age 85.58 ms (deadline <= 100 ms) PASS
[lowlevel-sim] COMMANDED at t=17.954s (was fail-closed)
[lowlevel-sim] t=  18.00 mode=cmd        pd=13497 hold=10404 failclosed=47 rtf=0.233 base_z=+0.107 pitch=+1.537 roll=-3.032 |tau|max=  8.21 sat=0/29 knee_L=+0.274 hip_p_L=-0.110 torn=9323 cmd_age=45.5ms auth=28.7s rig_ign=1454 fix_base=0
[lowlevel-sim][GT] t=18.001 quat=[0.47544, -0.52631, 0.48991, 0.5069] angvel=[0.01268, -0.03542, -0.00232] linvel=[0.00061, -0.00077, -0.00113] z=0.1067
[lowlevel-sim][GT] t=18.051 quat=[0.4756, -0.52637, 0.48971, 0.50688] angvel=[0.06968, -0.05325, -0.01654] linvel=[-0.00139, -7e-05, -0.00239] z=0.1067
[lowlevel-sim][GT] t=18.101 quat=[0.47584, -0.52633, 0.48964, 0.50676] angvel=[-0.008, -0.00053, 0.03341] linvel=[0.00992, -0.00249, 0.00012] z=0.1067
[lowlevel-sim][GT] t=18.151 quat=[0.47581, -0.52621, 0.48959, 0.50696] angvel=[0.01846, 0.01609, 0.01261] linvel=[0.00355, -0.00372, -0.00148] z=0.1067
[lowlevel-sim][GT] t=18.201 quat=[0.47568, -0.5263, 0.48953, 0.50705] angvel=[-0.00158, 0.01702, 0.03277] linvel=[0.00847, -0.00745, -0.0001] z=0.1067
[lowlevel-sim][GT] t=18.251 quat=[0.47564, -0.52631, 0.48937, 0.50723] angvel=[-0.01823, 0.09284, 0.00115] linvel=[-0.00347, -0.00014, 0.00385] z=0.1067
[lowlevel-sim][GT] t=18.301 quat=[0.47551, -0.52642, 0.48922, 0.50738] angvel=[0.00184, -0.03318, 0.00547] linvel=[0.00377, -0.00124, 0.00018] z=0.1068
[lowlevel-sim][GT] t=18.351 quat=[0.47544, -0.52642, 0.48909, 0.50756] angvel=[-0.01479, 0.08599, 0.03953] linvel=[0.00124, -0.00203, 0.00176] z=0.1068
[lowlevel-sim][GT] t=18.401 quat=[0.47538, -0.52656, 0.48899, 0.50759] angvel=[0.01761, -0.00618, -0.02345] linvel=[0.00477, -0.00262, 0.0012] z=0.1068
[lowlevel-sim][GT] t=18.451 quat=[0.47527, -0.52655, 0.489, 0.50767] angvel=[-0.00178, 0.0551, 0.00575] linvel=[0.00365, -0.00237, 0.0001] z=0.1068
[lowlevel-sim] t=  18.50 mode=cmd        pd=13747 hold=10404 failclosed=47 rtf=0.234 base_z=+0.107 pitch=+1.537 roll=-3.024 |tau|max=  9.74 sat=0/29 knee_L=+0.274 hip_p_L=-0.108 torn=9345 cmd_age=43.5ms auth=30.6s rig_ign=1454 fix_base=0
[lowlevel-sim][GT] t=18.501 quat=[0.47523, -0.52658, 0.48919, 0.5075] angvel=[-0.02449, -0.05731, -0.04096] linvel=[-0.00088, -0.00881, 0.00215] z=0.1067
[lowlevel-sim][GT] t=18.551 quat=[0.47527, -0.5265, 0.48897, 0.50776] angvel=[-0.0857, 0.00849, 0.01115] linvel=[-0.00353, -0.00444, 0.00846] z=0.1068
[lowlevel-sim][GT] t=18.601 quat=[0.4751, -0.52665, 0.48899, 0.50775] angvel=[-0.00946, -0.02769, 0.01897] linvel=[-0.00829, -0.00398, 0.00278] z=0.1068
[lowlevel-sim][GT] t=18.651 quat=[0.47514, -0.52666, 0.48868, 0.508] angvel=[0.06859, -0.02085, 0.01503] linvel=[0.00264, -0.00027, -0.00641] z=0.1069
[lowlevel-sim][GT] t=18.701 quat=[0.47495, -0.52674, 0.48864, 0.50814] angvel=[-0.04649, -0.00947, 0.01786] linvel=[-0.00212, -0.00462, 0.00268] z=0.1069
[lowlevel-sim][GT] t=18.751 quat=[0.47487, -0.52681, 0.48851, 0.50826] angvel=[-0.04062, 0.04905, 0.01973] linvel=[-0.00325, -0.00073, 0.00548] z=0.1069
[lowlevel-sim][GT] t=18.801 quat=[0.47489, -0.52685, 0.48854, 0.50816] angvel=[-0.03901, 0.02486, -0.00428] linvel=[0.00024, -0.00621, 0.00251] z=0.1069
[lowlevel-sim][GT] t=18.851 quat=[0.47494, -0.52685, 0.4885, 0.50816] angvel=[-0.04317, 0.02951, 0.00561] linvel=[-0.00044, -0.00223, 0.00438] z=0.1069
[lowlevel-sim][GT] t=18.901 quat=[0.4748, -0.52702, 0.48848, 0.50814] angvel=[-0.04186, -0.01386, 0.01226] linvel=[0.0019, -0.00505, 0.00128] z=0.1069
[lowlevel-sim][GT] t=18.951 quat=[0.47475, -0.52705, 0.48837, 0.50825] angvel=[-0.01918, 0.07142, 0.00844] linvel=[0.00118, -0.00329, 0.0015] z=0.1068
[lowlevel-sim] t=  19.00 mode=cmd        pd=13997 hold=10404 failclosed=47 rtf=0.234 base_z=+0.107 pitch=+1.538 roll=-3.017 |tau|max=  9.72 sat=0/29 knee_L=+0.274 hip_p_L=-0.108 torn=9364 cmd_age=26.8ms auth=32.6s rig_ign=1454 fix_base=0
[lowlevel-sim][GT] t=19.001 quat=[0.47463, -0.5272, 0.48821, 0.50837] angvel=[-0.02938, 0.01195, 0.02341] linvel=[4e-05, -0.00414, 0.00298] z=0.1068
[lowlevel-sim][GT] t=19.051 quat=[0.47456, -0.52725, 0.48815, 0.50843] angvel=[0.02654, 0.00398, 0.02573] linvel=[0.00217, -0.00089, -0.00134] z=0.1068
[lowlevel-sim][GT] t=19.101 quat=[0.47437, -0.52734, 0.48829, 0.50838] angvel=[-0.02803, 0.00795, -0.01006] linvel=[0.00067, -0.00623, 0.00095] z=0.1067
[lowlevel-sim][GT] t=19.151 quat=[0.47463, -0.52733, 0.48808, 0.50836] angvel=[0.05086, -0.03105, -0.03767] linvel=[0.01235, 0.00081, -0.00898] z=0.1067
[lowlevel-sim][GT] t=19.201 quat=[0.47464, -0.52732, 0.48822, 0.50822] angvel=[-0.05367, -0.01022, -0.01394] linvel=[0.00307, -0.00881, 0.00451] z=0.1067
[lowlevel-sim][GT] t=19.251 quat=[0.47461, -0.52739, 0.48814, 0.50825] angvel=[-0.03953, 0.06038, -0.0067] linvel=[-0.00141, -0.00422, 0.00184] z=0.1067
[lowlevel-sim][GT] t=19.301 quat=[0.4748, -0.52747, 0.48797, 0.50815] angvel=[-0.02228, -0.01681, 0.02054] linvel=[0.00268, -0.00803, 0.00788] z=0.1068
[lowlevel-sim][GT] t=19.351 quat=[0.4749, -0.5276, 0.48756, 0.50833] angvel=[-0.0307, 0.0944, 0.01817] linvel=[0.00028, -0.00134, 0.00436] z=0.1069
[lowlevel-sim][GT] t=19.401 quat=[0.47449, -0.52781, 0.48752, 0.50852] angvel=[-0.04036, 0.02718, 0.08009] linvel=[0.01042, -0.00595, 0.00471] z=0.1069
[lowlevel-sim][GT] t=19.451 quat=[0.47424, -0.52785, 0.48724, 0.509] angvel=[-0.03369, 0.05428, 0.00826] linvel=[0.00291, -0.00361, 0.0036] z=0.1069
[lowlevel-sim] t=  19.50 mode=cmd        pd=14247 hold=10404 failclosed=47 rtf=0.236 base_z=+0.107 pitch=+1.538 roll=-3.018 |tau|max=  8.35 sat=0/29 knee_L=+0.275 hip_p_L=-0.108 torn=9404 cmd_age=29.3ms auth=34.2s rig_ign=1454 fix_base=0
[lowlevel-sim][GT] t=19.501 quat=[0.47394, -0.52781, 0.48736, 0.5092] angvel=[-0.02503, 0.00911, 0.00546] linvel=[0.00156, -0.00321, 0.0019] z=0.1069
[lowlevel-sim][GT] t=19.551 quat=[0.47373, -0.52782, 0.48728, 0.50945] angvel=[0.001, 0.04604, 0.00742] linvel=[0.00429, -2e-05, -5e-05] z=0.1069
[lowlevel-sim][GT] t=19.601 quat=[0.47351, -0.52785, 0.48736, 0.50954] angvel=[0.00669, -0.02177, 0.0155] linvel=[0.00491, -0.00262, -0.00091] z=0.1069
[lowlevel-sim][GT] t=19.651 quat=[0.47327, -0.52775, 0.48752, 0.50972] angvel=[0.02329, 0.04252, 0.02977] linvel=[-0.00094, 0.00022, -0.00089] z=0.1068
[lowlevel-sim][GT] t=19.701 quat=[0.47335, -0.52792, 0.4875, 0.5095] angvel=[-0.01649, -0.01978, -0.00136] linvel=[0.00256, -0.0073, 0.00025] z=0.1068
[lowlevel-sim][GT] t=19.751 quat=[0.47352, -0.52798, 0.48742, 0.50935] angvel=[-0.02769, 0.05099, 0.01349] linvel=[-0.00129, -0.00202, 0.00294] z=0.1068
[lowlevel-sim][GT] t=19.801 quat=[0.47358, -0.52803, 0.48733, 0.50932] angvel=[0.02354, -0.04507, -0.05769] linvel=[-0.00311, -0.00731, -0.0011] z=0.1068
[lowlevel-sim][GT] t=19.851 quat=[0.47366, -0.52805, 0.48721, 0.50934] angvel=[0.04128, 0.05831, -0.00125] linvel=[0.00547, 0.0003, -0.00432] z=0.1068
[lowlevel-sim][GT] t=19.901 quat=[0.47361, -0.52817, 0.4871, 0.50938] angvel=[0.01684, -0.03178, 0.01131] linvel=[0.00312, -0.00506, -0.00341] z=0.1068
[lowlevel-sim][GT] t=19.951 quat=[0.47335, -0.52822, 0.48701, 0.50965] angvel=[0.01003, 0.08034, 0.02842] linvel=[0.00319, -0.00262, -0.00131] z=0.1068
[lowlevel-sim] t=  20.00 mode=cmd        pd=14497 hold=10404 failclosed=47 rtf=0.236 base_z=+0.107 pitch=+1.538 roll=-3.028 |tau|max=  9.45 sat=0/29 knee_L=+0.274 hip_p_L=-0.108 torn=9430 cmd_age=20.5ms auth=36.3s rig_ign=1454 fix_base=0
[lowlevel-sim][GT] t=20.001 quat=[0.47339, -0.52822, 0.48693, 0.50969] angvel=[0.01046, -0.07087, -0.04234] linvel=[-0.00226, -0.00861, -0.00154] z=0.1068
[lowlevel-sim][GT] t=20.051 quat=[0.47327, -0.5282, 0.48688, 0.50988] angvel=[-0.05092, 0.07217, -0.01573] linvel=[-0.00436, -0.00301, 0.00641] z=0.1068
[lowlevel-sim][GT] t=20.101 quat=[0.47313, -0.52835, 0.48679, 0.50993] angvel=[0.01201, -0.00747, 0.00646] linvel=[-0.00038, -0.00215, -3e-05] z=0.1068
[lowlevel-sim][GT] t=20.151 quat=[0.47297, -0.52842, 0.48662, 0.51017] angvel=[-0.03686, 0.11792, 0.04298] linvel=[0.00471, -0.00243, 0.00241] z=0.1068
[lowlevel-sim][GT] t=20.201 quat=[0.47313, -0.52838, 0.48687, 0.50983] angvel=[-0.03383, 0.00482, 0.00469] linvel=[0.0035, -0.00337, 0.00501] z=0.1067
[lowlevel-sim][GT] t=20.251 quat=[0.47319, -0.52835, 0.48688, 0.50979] angvel=[-0.0315, 0.05202, 0.03419] linvel=[0.00068, -0.00223, 0.00333] z=0.1067
[lowlevel-sim][GT] t=20.301 quat=[0.4731, -0.52847, 0.48694, 0.50969] angvel=[0.01092, -0.0395, 0.00305] linvel=[0.00455, -0.00134, -6e-05] z=0.1067
[lowlevel-sim][GT] t=20.351 quat=[0.47323, -0.5284, 0.48686, 0.50972] angvel=[0.04273, -0.01894, 0.00072] linvel=[0.00379, -0.00351, -0.00368] z=0.1067
[lowlevel-sim][GT] t=20.401 quat=[0.47304, -0.52851, 0.48699, 0.50965] angvel=[-0.01366, -0.04441, -0.04555] linvel=[0.00029, -0.00677, -0.0001] z=0.1066
[lowlevel-sim][GT] t=20.451 quat=[0.47313, -0.5285, 0.48696, 0.50962] angvel=[-0.06443, -0.04344, -0.01532] linvel=[-0.0021, -0.00356, 0.00476] z=0.1066
[lowlevel-sim] t=  20.50 mode=cmd        pd=14747 hold=10404 failclosed=47 rtf=0.237 base_z=+0.107 pitch=+1.538 roll=-3.033 |tau|max=  7.89 sat=0/29 knee_L=+0.273 hip_p_L=-0.107 torn=9453 cmd_age=33.3ms auth=38.0s rig_ign=1454 fix_base=0
[lowlevel-sim][GT] t=20.501 quat=[0.47303, -0.5285, 0.48698, 0.50968] angvel=[-0.05032, -0.00219, -0.00275] linvel=[0.00328, -0.00312, -0.00012] z=0.1066
[lowlevel-sim][GT] t=20.551 quat=[0.47318, -0.52845, 0.48687, 0.5097] angvel=[0.0696, -0.00763, -0.00033] linvel=[0.00258, -0.00247, -0.00791] z=0.1066
[lowlevel-sim][GT] t=20.601 quat=[0.47313, -0.5285, 0.48683, 0.50974] angvel=[0.0159, -0.01496, -0.0089] linvel=[0.00389, -0.00327, -0.00024] z=0.1066
[lowlevel-sim][GT] t=20.651 quat=[0.47314, -0.52839, 0.48686, 0.50981] angvel=[0.08019, -0.01463, 0.00867] linvel=[0.00353, -0.00027, -0.00694] z=0.1066
[lowlevel-sim][GT] t=20.701 quat=[0.47299, -0.52851, 0.48682, 0.50987] angvel=[0.00478, -0.02308, 0.0017] linvel=[0.00602, -0.00316, -0.0006] z=0.1066
[lowlevel-sim][GT] t=20.751 quat=[0.47286, -0.52835, 0.48682, 0.51015] angvel=[0.05345, -0.0312, 0.00771] linvel=[-0.00236, -0.00106, -0.00649] z=0.1067
[lowlevel-sim][GT] t=20.801 quat=[0.47278, -0.5285, 0.48687, 0.51003] angvel=[-0.01764, -0.0054, -0.02241] linvel=[0.00088, -0.00682, 0.00088] z=0.1067
[lowlevel-sim][GT] t=20.851 quat=[0.47348, -0.52854, 0.48654, 0.50965] angvel=[0.0944, -0.01765, 0.00282] linvel=[0.00268, 0.00049, -0.00611] z=0.1068
[lowlevel-sim] FAIL-CLOSED engaged at t=20.900s, last command age 89.53 ms (deadline <= 100 ms) PASS
[lowlevel-sim][GT] t=20.901 quat=[0.47331, -0.52859, 0.48669, 0.50961] angvel=[-0.16479, 0.01851, 0.02461] linvel=[0.00352, -0.00615, 0.00171] z=0.1068
[lowlevel-sim] COMMANDED at t=20.940s (was fail-closed)
[lowlevel-sim][GT] t=20.951 quat=[0.4676, -0.5353, 0.49262, 0.50212] angvel=[0.05551, 0.09281, 0.01032] linvel=[-0.02302, 0.00083, -0.00678] z=0.1026
[lowlevel-sim] t=  21.00 mode=cmd        pd=15017 hold=10404 failclosed=87 rtf=0.238 base_z=+0.103 pitch=+1.520 roll=-3.009 |tau|max=  9.82 sat=0/29 knee_L=+0.258 hip_p_L=-0.114 torn=9475 cmd_age=40.0ms auth=39.8s rig_ign=1454 fix_base=0
[lowlevel-sim][GT] t=21.001 quat=[0.46956, -0.53371, 0.49033, 0.50422] angvel=[0.11995, -0.00208, 0.02615] linvel=[0.00589, -0.00783, 0.00554] z=0.1032
[lowlevel-sim][GT] t=21.051 quat=[0.47066, -0.53248, 0.48884, 0.50594] angvel=[0.10095, 0.01552, 0.0365] linvel=[0.00555, -0.00211, 0.00887] z=0.1039
[lowlevel-sim][GT] t=21.101 quat=[0.47106, -0.53167, 0.48814, 0.5071] angvel=[0.0118, 0.02215, 0.0412] linvel=[0.01218, -0.00939, 0.00836] z=0.1045
[lowlevel-sim][GT] t=21.151 quat=[0.47128, -0.53099, 0.48778, 0.50795] angvel=[-0.00372, 0.08409, 0.02353] linvel=[0.00947, -0.00392, 0.00544] z=0.1049
[lowlevel-sim][GT] t=21.201 quat=[0.47177, -0.53056, 0.4876, 0.50811] angvel=[0.01606, -0.00478, -0.0053] linvel=[0.00629, -0.00257, 0.00453] z=0.1052
[lowlevel-sim][GT] t=21.251 quat=[0.4718, -0.53006, 0.48747, 0.50874] angvel=[0.02539, 0.0141, 0.02256] linvel=[-0.0011, -0.00174, 0.00776] z=0.1056
[lowlevel-sim][GT] t=21.301 quat=[0.47195, -0.52998, 0.48707, 0.50906] angvel=[-0.00363, -0.02731, -0.03582] linvel=[-0.00136, -0.00618, 0.00329] z=0.1058
[lowlevel-sim][GT] t=21.351 quat=[0.47206, -0.52973, 0.48675, 0.50953] angvel=[-0.01489, 0.04332, -0.00035] linvel=[-0.00317, -0.00291, 0.00421] z=0.1060
[lowlevel-sim][GT] t=21.401 quat=[0.47197, -0.52971, 0.4866, 0.50978] angvel=[-0.03263, 0.0116, 0.01115] linvel=[0.00149, -0.00633, 0.00257] z=0.1061
[lowlevel-sim][GT] t=21.451 quat=[0.47187, -0.5296, 0.48638, 0.51018] angvel=[0.03063, -0.00535, -0.00707] linvel=[0.00343, -0.00079, -0.00398] z=0.1062
[lowlevel-sim] t=  21.50 mode=cmd        pd=15267 hold=10404 failclosed=87 rtf=0.238 base_z=+0.106 pitch=+1.536 roll=-3.043 |tau|max= 10.09 sat=0/29 knee_L=+0.270 hip_p_L=-0.107 torn=9503 cmd_age=67.0ms auth=41.7s rig_ign=1454 fix_base=0
[lowlevel-sim][GT] t=21.501 quat=[0.47175, -0.52966, 0.48651, 0.51012] angvel=[-0.05226, 0.02068, 0.05841] linvel=[0.00904, -0.00697, 0.00514] z=0.1062
[lowlevel-sim][GT] t=21.551 quat=[0.47175, -0.52961, 0.48636, 0.51031] angvel=[0.00738, 0.03117, 0.00824] linvel=[0.0022, 0.00163, 0.00336] z=0.1062
[lowlevel-sim][GT] t=21.601 quat=[0.47183, -0.52957, 0.48623, 0.5104] angvel=[-0.01195, -0.00946, 0.01473] linvel=[0.00946, -0.00765, -0.00029] z=0.1063
[lowlevel-sim][GT] t=21.651 quat=[0.47178, -0.52952, 0.48635, 0.51039] angvel=[-0.01122, 0.0551, 0.0089] linvel=[0.00125, -1e-05, 0.00187] z=0.1063
[lowlevel-sim][GT] t=21.701 quat=[0.47179, -0.52956, 0.48634, 0.51035] angvel=[-0.01789, 0.01095, -0.00303] linvel=[0.00169, -0.00655, 0.00174] z=0.1063
[lowlevel-sim][GT] t=21.751 quat=[0.4719, -0.5295, 0.48612, 0.51052] angvel=[-0.03495, 0.11849, 0.03815] linvel=[0.00379, -0.0039, 0.00425] z=0.1064
[lowlevel-sim][GT] t=21.801 quat=[0.47175, -0.52961, 0.48607, 0.51059] angvel=[0.02241, -0.0475, -0.0452] linvel=[-0.00186, -0.0041, 0.00181] z=0.1064
[lowlevel-sim][GT] t=21.851 quat=[0.47175, -0.5297, 0.48587, 0.51068] angvel=[0.08746, -0.03934, -0.013] linvel=[0.00093, -0.00116, -0.00785] z=0.1064
[lowlevel-sim][GT] t=21.901 quat=[0.47159, -0.52982, 0.48584, 0.51074] angvel=[-0.00379, -0.00266, 0.03783] linvel=[0.0096, -0.00539, 8e-05] z=0.1064
[lowlevel-sim][GT] t=21.951 quat=[0.47151, -0.52983, 0.48568, 0.51095] angvel=[-0.0398, 0.05543, 0.01499] linvel=[-0.0011, -0.00128, 0.0043] z=0.1064
[lowlevel-sim] FAIL-CLOSED engaged at t=21.980s, last command age 88.94 ms (deadline <= 100 ms) PASS
[lowlevel-sim] COMMANDED at t=21.984s (was fail-closed)
[lowlevel-sim] t=  22.00 mode=cmd        pd=15518 hold=10404 failclosed=90 rtf=0.239 base_z=+0.106 pitch=+1.536 roll=-3.065 |tau|max= 35.00 sat=2/29 knee_L=+0.271 hip_p_L=-0.109 torn=9531 cmd_age=60.1ms auth=43.6s rig_ign=1454 fix_base=0 sat_j=left_ankle_roll_joint:+35.0,right_ankle_roll_joint:-35.0
[lowlevel-sim][GT] t=22.001 quat=[0.47076, -0.53031, 0.48612, 0.51073] angvel=[0.08915, -0.02676, 0.02391] linvel=[-0.00313, 0.00065, -0.00791] z=0.1061
[lowlevel-sim] FAIL-CLOSED engaged at t=22.048s, last command age 85.78 ms (deadline <= 100 ms) PASS
[lowlevel-sim][GT] t=22.051 quat=[0.47072, -0.53035, 0.48585, 0.51098] angvel=[-0.22162, -0.01549, 0.0115] linvel=[-2e-05, -1e-05, -0.0087] z=0.1062
[lowlevel-sim] COMMANDED at t=22.054s (was fail-closed)
[lowlevel-sim][GT] t=22.101 quat=[0.47048, -0.53065, 0.48608, 0.51066] angvel=[-0.0008, 0.00187, 0.0368] linvel=[0.00312, -0.00799, 0.00171] z=0.1060
[lowlevel-sim][GT] t=22.151 quat=[0.4709, -0.53051, 0.48587, 0.51063] angvel=[0.02309, 0.0884, 0.01028] linvel=[0.00581, 0.00044, -0.00312] z=0.1060
[lowlevel-sim][GT] t=22.201 quat=[0.4711, -0.53039, 0.48585, 0.51059] angvel=[0.00675, -0.01042, -0.01388] linvel=[0.00452, -0.0031, 0.00145] z=0.1061
[lowlevel-sim][GT] t=22.251 quat=[0.47121, -0.53028, 0.48582, 0.51063] angvel=[0.08015, -0.02339, 0.00426] linvel=[0.0028, -0.00031, -0.00674] z=0.1061
[lowlevel-sim][GT] t=22.301 quat=[0.47124, -0.5303, 0.48574, 0.51066] angvel=[-0.0099, -0.01152, 0.01003] linvel=[0.00103, -0.00283, 0.00426] z=0.1062
[lowlevel-sim][GT] t=22.351 quat=[0.4719, -0.53009, 0.48549, 0.51051] angvel=[-0.00149, 0.03763, -0.01052] linvel=[0.01503, 0.00121, -0.00305] z=0.1061
[lowlevel-sim][GT] t=22.401 quat=[0.47162, -0.53013, 0.48579, 0.51043] angvel=[-0.02914, 0.03632, 0.03999] linvel=[0.00891, -0.00801, 0.00194] z=0.1061
[lowlevel-sim][GT] t=22.451 quat=[0.47152, -0.53008, 0.48561, 0.51075] angvel=[-0.02769, 0.00246, 0.00927] linvel=[0.00483, 0.00034, 0.0052] z=0.1061
[lowlevel-sim] t=  22.50 mode=cmd        pd=15771 hold=10404 failclosed=96 rtf=0.240 base_z=+0.106 pitch=+1.537 roll=-3.035 |tau|max=  8.02 sat=0/29 knee_L=+0.271 hip_p_L=-0.106 torn=9549 cmd_age=39.9ms auth=45.3s rig_ign=1454 fix_base=0
[lowlevel-sim][GT] t=22.501 quat=[0.47142, -0.53007, 0.48569, 0.51078] angvel=[-0.0184, -0.00791, 0.01607] linvel=[0.00059, -0.00517, 0.0024] z=0.1062
[lowlevel-sim][GT] t=22.551 quat=[0.47135, -0.53002, 0.48548, 0.51109] angvel=[-0.05661, -0.02506, -0.00093] linvel=[-0.00379, -0.00415, 0.00706] z=0.1062
[lowlevel-sim][GT] t=22.601 quat=[0.47102, -0.53022, 0.48545, 0.51122] angvel=[-0.04321, -0.0231, -0.03198] linvel=[-0.00488, -0.01009, 0.00687] z=0.1063
[lowlevel-sim][GT] t=22.651 quat=[0.47111, -0.53011, 0.48529, 0.5114] angvel=[-0.00737, -0.06579, -0.00521] linvel=[-2e-05, -0.00429, 0.00261] z=0.1063
[lowlevel-sim][GT] t=22.701 quat=[0.47091, -0.53023, 0.48521, 0.51154] angvel=[0.00696, -0.00254, 0.03135] linvel=[0.00927, -0.0019, 0.00151] z=0.1063
[lowlevel-sim][GT] t=22.751 quat=[0.47085, -0.53024, 0.4851, 0.51169] angvel=[0.08534, -0.02941, -0.02054] linvel=[0.00056, -0.00042, -0.00759] z=0.1064
[lowlevel-sim][GT] t=22.801 quat=[0.47089, -0.53014, 0.48518, 0.51168] angvel=[-0.01724, 0.02795, 0.00366] linvel=[0.00427, -0.00871, 0.00089] z=0.1064
[lowlevel-sim][GT] t=22.851 quat=[0.47094, -0.53013, 0.4851, 0.51172] angvel=[0.0723, -0.05631, 0.00366] linvel=[0.00403, 0.00027, -0.00521] z=0.1064
[lowlevel-sim][GT] t=22.901 quat=[0.4706, -0.53, 0.48531, 0.51197] angvel=[0.01273, -0.01313, -0.00995] linvel=[-0.00291, -0.00666, -0.00214] z=0.1065
[lowlevel-sim][GT] t=22.951 quat=[0.47146, -0.53032, 0.48441, 0.5117] angvel=[0.03609, -0.01118, -0.00457] linvel=[-0.00254, 0.00137, 0.00508] z=0.1067
[lowlevel-sim] t=  23.00 mode=cmd        pd=16021 hold=10404 failclosed=96 rtf=0.240 base_z=+0.107 pitch=+1.539 roll=-2.988 |tau|max=  9.82 sat=0/29 knee_L=+0.272 hip_p_L=-0.105 torn=9563 cmd_age=39.4ms auth=47.3s rig_ign=1454 fix_base=0
[lowlevel-sim][GT] t=23.001 quat=[0.47165, -0.53039, 0.48408, 0.51175] angvel=[-0.05353, -0.02701, -0.0376] linvel=[-0.00073, -0.00829, 0.00497] z=0.1069
[lowlevel-sim][GT] t=23.051 quat=[0.47143, -0.53024, 0.48395, 0.51225] angvel=[-0.00311, -0.01077, 0.02519] linvel=[0.00299, -0.00327, 0.00415] z=0.1070
[lowlevel-sim][GT] t=23.101 quat=[0.47101, -0.5303, 0.48407, 0.51245] angvel=[-0.00266, -0.01434, 0.00075] linvel=[0.00473, -0.00302, 0.00052] z=0.1070
[lowlevel-sim][GT] t=23.151 quat=[0.47113, -0.53034, 0.48408, 0.51229] angvel=[-0.05057, 0.09801, 0.03227] linvel=[0.00583, -0.00206, 0.00219] z=0.1070
[lowlevel-sim][GT] t=23.201 quat=[0.47077, -0.53038, 0.48417, 0.51249] angvel=[-0.01297, -0.00121, 0.0416] linvel=[0.00956, -0.00158, -0.00125] z=0.1070
[lowlevel-sim][GT] t=23.251 quat=[0.47059, -0.53035, 0.48404, 0.51281] angvel=[0.04628, -0.00339, 0.00291] linvel=[0.00261, -0.00204, -0.00647] z=0.1069
[lowlevel-sim][GT] t=23.301 quat=[0.47038, -0.53046, 0.48408, 0.51285] angvel=[0.00361, -0.0499, -0.00338] linvel=[0.00644, -0.00182, 0.00076] z=0.1069
[lowlevel-sim][GT] t=23.351 quat=[0.47034, -0.53044, 0.48395, 0.51304] angvel=[0.05276, -0.01327, 0.01341] linvel=[0.00439, 0.00026, -0.00534] z=0.1069
[lowlevel-sim][GT] t=23.401 quat=[0.4701, -0.53062, 0.48406, 0.51297] angvel=[-0.04107, 0.02188, 0.03374] linvel=[0.0066, -0.00863, 0.00164] z=0.1068
[lowlevel-sim][GT] t=23.451 quat=[0.47023, -0.53074, 0.48386, 0.51291] angvel=[0.0707, -0.05813, 0.01166] linvel=[0.00321, -0.00075, -0.00386] z=0.1068
[lowlevel-sim] t=  23.50 mode=cmd        pd=16271 hold=10404 failclosed=96 rtf=0.240 base_z=+0.107 pitch=+1.539 roll=-3.056 |tau|max=  9.47 sat=0/29 knee_L=+0.274 hip_p_L=-0.107 torn=9578 cmd_age=63.8ms auth=49.2s rig_ign=1454 fix_base=0
[lowlevel-sim][GT] t=23.501 quat=[0.47015, -0.53081, 0.4839, 0.51287] angvel=[0.01242, -0.04387, -0.03311] linvel=[-0.0044, -0.00719, -0.00035] z=0.1067
[lowlevel-sim][GT] t=23.551 quat=[0.4701, -0.53088, 0.48386, 0.51289] angvel=[0.08927, -0.01986, -0.01704] linvel=[0.00038, 0.0001, -0.00844] z=0.1067
[lowlevel-sim][GT] t=23.601 quat=[0.4699, -0.53089, 0.48397, 0.51295] angvel=[-0.03407, -0.00559, 0.01126] linvel=[-0.00029, -0.0044, 0.00124] z=0.1067
[lowlevel-sim][GT] t=23.651 quat=[0.46987, -0.53093, 0.48384, 0.51307] angvel=[-0.02196, 0.08037, 0.02646] linvel=[-0.00223, -0.00047, 0.00261] z=0.1066
[lowlevel-sim][GT] t=23.701 quat=[0.46966, -0.5311, 0.48374, 0.51318] angvel=[-0.04488, -0.00498, 0.02258] linvel=[0.004, -0.00265, 0.00291] z=0.1066
[lowlevel-sim][GT] t=23.751 quat=[0.46956, -0.53116, 0.48363, 0.51331] angvel=[-0.04156, 0.1098, 0.03362] linvel=[0.00517, -0.00133, 0.00425] z=0.1066
[lowlevel-sim][GT] t=23.801 quat=[0.46957, -0.53127, 0.48358, 0.51323] angvel=[-0.01202, -0.0365, 0.0004] linvel=[0.00422, -0.00215, 0.00213] z=0.1066
[lowlevel-sim][GT] t=23.851 quat=[0.46952, -0.53121, 0.48349, 0.51342] angvel=[0.03405, 0.05928, 0.03577] linvel=[0.00467, 0.00027, -0.00093] z=0.1066
[lowlevel-sim][GT] t=23.901 quat=[0.46955, -0.5312, 0.48348, 0.51342] angvel=[-0.02919, -0.03915, -0.04434] linvel=[-0.00556, -0.00811, 0.00112] z=0.1067
[lowlevel-sim][GT] t=23.951 quat=[0.46955, -0.53122, 0.48357, 0.51331] angvel=[-0.05412, 0.11342, 0.01016] linvel=[0.00165, -0.00413, 0.00278] z=0.1066
[lowlevel-sim] t=  24.00 mode=cmd        pd=16521 hold=10404 failclosed=96 rtf=0.241 base_z=+0.107 pitch=+1.538 roll=-3.057 |tau|max=  9.42 sat=0/29 knee_L=+0.273 hip_p_L=-0.107 torn=9592 cmd_age=47.3ms auth=51.1s rig_ign=1454 fix_base=0
[lowlevel-sim][GT] t=24.001 quat=[0.4696, -0.53133, 0.48361, 0.51311] angvel=[-0.02962, 0.00549, -0.00598] linvel=[7e-05, -0.00296, 0.00298] z=0.1066
[lowlevel-sim][GT] t=24.051 quat=[0.46978, -0.53123, 0.48344, 0.51321] angvel=[-0.02561, 0.12019, 0.04345] linvel=[0.00405, -0.00218, 0.00255] z=0.1066
[lowlevel-sim][GT] t=24.101 quat=[0.46977, -0.53132, 0.48352, 0.51306] angvel=[-0.01182, -0.02272, -0.00388] linvel=[0.00136, -0.00209, 0.00146] z=0.1066
[lowlevel-sim][GT] t=24.151 quat=[0.4697, -0.5313, 0.48346, 0.5132] angvel=[-0.03368, 0.08536, 0.01957] linvel=[-0.00275, 0.00122, 0.00594] z=0.1066
[lowlevel-sim][GT] t=24.201 quat=[0.46951, -0.53148, 0.4835, 0.51315] angvel=[-0.03363, -0.01341, 0.01148] linvel=[0.00255, -0.00657, 0.00224] z=0.1065
[lowlevel-sim][GT] t=24.251 quat=[0.4694, -0.53155, 0.48337, 0.51329] angvel=[0.07101, -0.02926, 0.01812] linvel=[0.00077, -0.0006, -0.00497] z=0.1065
[lowlevel-sim][GT] t=24.301 quat=[0.46933, -0.53162, 0.48327, 0.51339] angvel=[-0.00673, -0.03124, -0.04275] linvel=[0.00032, -0.00496, 0.00089] z=0.1065
[lowlevel-sim][GT] t=24.351 quat=[0.46934, -0.53163, 0.48315, 0.51347] angvel=[-0.04473, 0.01841, -0.00983] linvel=[-0.00151, -0.00364, 0.00628] z=0.1065
[lowlevel-sim][GT] t=24.401 quat=[0.46903, -0.5318, 0.48312, 0.5136] angvel=[-0.03951, 0.01728, 0.01418] linvel=[-0.0018, -0.00559, 0.00251] z=0.1065
[lowlevel-sim][GT] t=24.451 quat=[0.46895, -0.53181, 0.48299, 0.5138] angvel=[0.02898, 0.07824, 0.02388] linvel=[0.00736, 0.00125, -0.00314] z=0.1065
[lowlevel-sim] t=  24.50 mode=cmd        pd=16771 hold=10404 failclosed=96 rtf=0.242 base_z=+0.106 pitch=+1.538 roll=-3.068 |tau|max=  9.46 sat=0/29 knee_L=+0.273 hip_p_L=-0.107 torn=9605 cmd_age=41.3ms auth=52.9s rig_ign=1454 fix_base=0
[lowlevel-sim][GT] t=24.501 quat=[0.46882, -0.53192, 0.4831, 0.5137] angvel=[0.00168, -0.01311, 0.00383] linvel=[0.00423, -0.00293, 0.00133] z=0.1065
[lowlevel-sim][GT] t=24.551 quat=[0.46885, -0.53179, 0.48306, 0.51384] angvel=[0.00296, 0.07975, 0.0092] linvel=[0.00632, -0.00178, 0.00016] z=0.1065
[lowlevel-sim][GT] t=24.601 quat=[0.46889, -0.53184, 0.48316, 0.51365] angvel=[-0.0237, -0.02951, -0.03543] linvel=[-0.00404, -0.00661, 0.00123] z=0.1065
[lowlevel-sim][GT] t=24.651 quat=[0.46915, -0.53176, 0.48309, 0.51356] angvel=[-0.03324, -0.02267, -0.01108] linvel=[-0.00795, -0.00453, 0.00486] z=0.1065
[lowlevel-sim][GT] t=24.701 quat=[0.46908, -0.53182, 0.48318, 0.51349] angvel=[-0.03818, -0.01189, 0.00197] linvel=[-0.00205, -0.00671, 0.00183] z=0.1064
[lowlevel-sim][GT] t=24.751 quat=[0.46915, -0.53181, 0.48312, 0.51349] angvel=[-0.00492, 0.10282, 0.02612] linvel=[0.00521, -0.00105, -0.00162] z=0.1064
[lowlevel-sim][GT] t=24.801 quat=[0.46901, -0.53195, 0.48312, 0.51348] angvel=[0.0096, -0.02086, 0.00017] linvel=[0.00387, -0.003, -0.00164] z=0.1064
[lowlevel-sim][GT] t=24.851 quat=[0.46911, -0.53195, 0.48295, 0.51354] angvel=[0.07483, -0.01545, 0.01133] linvel=[0.00012, 0.00027, -0.00735] z=0.1064
[lowlevel-sim][GT] t=24.901 quat=[0.46911, -0.53191, 0.48296, 0.51357] angvel=[-0.02478, 0.02886, 0.04134] linvel=[0.0093, -0.00188, 0.00163] z=0.1064
[lowlevel-sim][GT] t=24.951 quat=[0.46895, -0.53194, 0.48285, 0.51379] angvel=[-0.01186, 0.04059, 0.02392] linvel=[0.00067, -0.00174, 0.00022] z=0.1064
[lowlevel-sim] t=  25.00 mode=cmd        pd=17021 hold=10404 failclosed=96 rtf=0.242 base_z=+0.106 pitch=+1.538 roll=-3.060 |tau|max=  9.42 sat=0/29 knee_L=+0.272 hip_p_L=-0.106 torn=9620 cmd_age=67.5ms auth=54.9s rig_ign=1454 fix_base=0
[lowlevel-sim][GT] t=25.001 quat=[0.46882, -0.53205, 0.48293, 0.51372] angvel=[-0.02436, -0.02761, -0.02465] linvel=[-0.00254, -0.00701, 0.0017] z=0.1064
[lowlevel-sim][GT] t=25.051 quat=[0.46889, -0.53203, 0.48284, 0.51376] angvel=[-0.02974, 0.066, 0.02013] linvel=[0.00167, 0.001, 0.00413] z=0.1064
[lowlevel-sim][GT] t=25.101 quat=[0.46878, -0.53208, 0.48302, 0.51365] angvel=[-0.02486, 0.0016, 0.03406] linvel=[0.00933, -0.00269, 0.00129] z=0.1064
[lowlevel-sim][GT] t=25.151 quat=[0.46886, -0.53195, 0.48299, 0.51373] angvel=[0.02132, 0.00528, 0.00982] linvel=[0.00377, -0.00282, -0.00329] z=0.1064
[lowlevel-sim][GT] t=25.201 quat=[0.46887, -0.53188, 0.4831, 0.5137] angvel=[-0.03313, 0.01152, 0.0083] linvel=[0.00136, -0.00545, 0.00173] z=0.1064
[lowlevel-sim][GT] t=25.251 quat=[0.46912, -0.53178, 0.48306, 0.51361] angvel=[0.06593, 0.00362, 0.00329] linvel=[0.00049, -0.00111, -0.0054] z=0.1064
[lowlevel-sim][GT] t=25.301 quat=[0.46899, -0.53188, 0.48311, 0.51357] angvel=[-0.00823, -0.0111, 0.00384] linvel=[0.00013, -0.00099, 0.00224] z=0.1064
[lowlevel-sim][GT] t=25.351 quat=[0.4692, -0.53176, 0.48308, 0.51353] angvel=[-0.02141, 0.08683, 0.00333] linvel=[0.00065, -5e-05, 0.00261] z=0.1064
[lowlevel-sim][GT] t=25.401 quat=[0.46904, -0.53185, 0.48302, 0.51365] angvel=[-0.0014, -0.00862, -0.00317] linvel=[0.0055, -0.0018, 0.00019] z=0.1064
[lowlevel-sim][GT] t=25.451 quat=[0.46974, -0.53201, 0.48218, 0.51361] angvel=[-0.04705, 0.05863, 0.01804] linvel=[0.00231, -0.00119, 0.00519] z=0.1067
[lowlevel-sim] t=  25.50 mode=cmd        pd=17271 hold=10404 failclosed=96 rtf=0.243 base_z=+0.107 pitch=+1.539 roll=-3.004 |tau|max=  9.85 sat=0/29 knee_L=+0.272 hip_p_L=-0.105 torn=9642 cmd_age=33.7ms auth=56.6s rig_ign=1454 fix_base=0
[lowlevel-sim][GT] t=25.501 quat=[0.46947, -0.53222, 0.48209, 0.51375] angvel=[-0.02389, -0.02951, -0.00106] linvel=[-0.00023, -0.00747, 0.00462] z=0.1067
[lowlevel-sim][GT] t=25.551 quat=[0.46907, -0.5321, 0.48207, 0.51424] angvel=[-0.06282, 0.0126, 0.01153] linvel=[0.00202, -0.0037, 0.00643] z=0.1068
[lowlevel-sim][GT] t=25.601 quat=[0.46863, -0.53224, 0.48221, 0.51438] angvel=[-0.04538, 0.01172, 0.01486] linvel=[0.00373, -0.00564, 0.00426] z=0.1068
[lowlevel-sim][GT] t=25.651 quat=[0.46884, -0.53219, 0.48216, 0.51428] angvel=[-0.08433, 0.07815, -0.00067] linvel=[0.00023, -0.00349, 0.00833] z=0.1068
[lowlevel-sim][GT] t=25.701 quat=[0.46863, -0.53227, 0.48223, 0.51432] angvel=[0.01024, -0.00722, 0.0321] linvel=[0.00599, -0.0037, -0.00303] z=0.1067
[lowlevel-sim][GT] t=25.751 quat=[0.4686, -0.5322, 0.48223, 0.51443] angvel=[0.06613, -0.01099, 0.01223] linvel=[0.00484, -0.00163, -0.00728] z=0.1067
[lowlevel-sim][GT] t=25.801 quat=[0.46851, -0.53216, 0.48236, 0.51443] angvel=[-0.0134, -0.05579, -0.02489] linvel=[0.0057, -0.00356, 0.00359] z=0.1067
[lowlevel-sim][GT] t=25.851 quat=[0.46866, -0.53195, 0.48233, 0.51453] angvel=[0.00534, 0.02937, 0.01177] linvel=[0.00144, -0.00268, -0.0015] z=0.1067
[lowlevel-sim][GT] t=25.901 quat=[0.46859, -0.532, 0.48243, 0.51445] angvel=[-0.03857, -0.04363, -0.03609] linvel=[-0.00344, -0.00808, 0.00307] z=0.1067
[lowlevel-sim][GT] t=25.951 quat=[0.46874, -0.53196, 0.48244, 0.51435] angvel=[0.01146, -0.07758, -0.00446] linvel=[-0.00346, -0.00254, 0.00069] z=0.1066
[lowlevel-sim] t=  26.00 mode=cmd        pd=17521 hold=10404 failclosed=96 rtf=0.243 base_z=+0.107 pitch=+1.539 roll=-3.058 |tau|max=  8.34 sat=0/29 knee_L=+0.273 hip_p_L=-0.106 torn=9666 cmd_age=20.0ms auth=58.5s rig_ign=1454 fix_base=0
[lowlevel-sim][GT] t=26.001 quat=[0.46872, -0.5321, 0.4825, 0.51416] angvel=[-0.03753, -0.00552, -0.0039] linvel=[-0.0016, -0.0057, 0.00284] z=0.1066
[lowlevel-sim][GT] t=26.051 quat=[0.46883, -0.53205, 0.48251, 0.51411] angvel=[0.07548, 0.00062, 0.00103] linvel=[-0.00275, 0.00026, -0.00815] z=0.1065
[lowlevel-sim][GT] t=26.101 quat=[0.46875, -0.53205, 0.48251, 0.51418] angvel=[-0.03859, 0.01334, 0.03778] linvel=[0.00962, -0.00122, 0.0024] z=0.1065
[lowlevel-sim][GT] t=26.151 quat=[0.46868, -0.53211, 0.48246, 0.51422] angvel=[0.05482, 0.00077, 0.01601] linvel=[0.00101, -0.0016, -0.0054] z=0.1065
[lowlevel-sim][GT] t=26.201 quat=[0.46851, -0.53227, 0.48252, 0.51416] angvel=[-0.03755, -0.00807, -0.0148] linvel=[-0.0028, -0.00762, 0.00153] z=0.1064
[lowlevel-sim][GT] t=26.251 quat=[0.46847, -0.53228, 0.4824, 0.5143] angvel=[-0.10293, 0.05471, 0.00926] linvel=[0.00586, -0.00458, 0.00909] z=0.1064
[lowlevel-sim] FAIL-CLOSED engaged at t=26.260s, last command age 92.52 ms (deadline <= 100 ms) PASS
[lowlevel-sim] COMMANDED at t=26.280s (was fail-closed)
[lowlevel-sim][GT] t=26.301 quat=[0.4656, -0.53517, 0.48502, 0.51143] angvel=[0.04773, 0.00525, 0.01027] linvel=[-0.01085, -0.00384, 0.00027] z=0.1046
[lowlevel-sim][GT] t=26.351 quat=[0.46698, -0.53449, 0.48379, 0.51205] angvel=[0.12522, -0.0528, -0.00708] linvel=[-0.0006, 0.0002, -0.00139] z=0.1050
[lowlevel-sim][GT] t=26.401 quat=[0.46753, -0.53414, 0.48325, 0.51242] angvel=[0.00586, -0.00904, 0.01651] linvel=[0.00428, -0.00671, 0.00742] z=0.1053
[lowlevel-sim][GT] t=26.451 quat=[0.46796, -0.53366, 0.48291, 0.51286] angvel=[0.0096, 0.06391, -0.01343] linvel=[0.00667, -0.00263, 0.00322] z=0.1055
[lowlevel-sim] t=  26.50 mode=cmd        pd=17781 hold=10404 failclosed=116 rtf=0.244 base_z=+0.106 pitch=+1.535 roll=-3.025 |tau|max=  9.67 sat=0/29 knee_L=+0.267 hip_p_L=-0.106 torn=9698 cmd_age=41.7ms auth=60.1s rig_ign=1454 fix_base=0
[lowlevel-sim][GT] t=26.501 quat=[0.46817, -0.53342, 0.48281, 0.513] angvel=[-0.02664, 0.01644, -0.00524] linvel=[0.00739, -0.00613, 0.00185] z=0.1057
[lowlevel-sim][GT] t=26.551 quat=[0.46817, -0.53321, 0.48269, 0.51334] angvel=[0.00855, 0.04156, 0.02126] linvel=[0.00512, -0.00078, 0.0005] z=0.1058
[lowlevel-sim][GT] t=26.601 quat=[0.46807, -0.5331, 0.48278, 0.51345] angvel=[-0.05547, -0.02318, 0.01281] linvel=[0.00664, -0.00634, 0.00832] z=0.1059
[lowlevel-sim][GT] t=26.651 quat=[0.46816, -0.53292, 0.48282, 0.51352] angvel=[0.09117, 0.00735, 0.00644] linvel=[0.00444, 0.00103, -0.00583] z=0.1059
[lowlevel-sim][GT] t=26.701 quat=[0.46812, -0.53289, 0.48288, 0.51354] angvel=[-0.05428, -0.0115, -0.01825] linvel=[0.00588, -0.00508, 0.00439] z=0.1059
[lowlevel-sim][GT] t=26.751 quat=[0.4681, -0.53282, 0.48281, 0.51369] angvel=[0.00203, 0.07559, 0.01913] linvel=[-0.0005, 0.00155, 0.00225] z=0.1060
[lowlevel-sim][GT] t=26.801 quat=[0.46777, -0.53283, 0.48271, 0.51407] angvel=[-0.01396, -0.00773, 0.008] linvel=[-0.00483, -0.00224, 0.00402] z=0.1061
[lowlevel-sim][GT] t=26.851 quat=[0.4679, -0.53274, 0.48238, 0.51436] angvel=[-0.02259, 0.05321, 0.00941] linvel=[0.00448, 0.00235, 0.00316] z=0.1061
[lowlevel-sim][GT] t=26.901 quat=[0.46791, -0.53293, 0.48238, 0.51415] angvel=[-0.02686, -0.02905, -0.04095] linvel=[0.00066, -0.0086, 0.00454] z=0.1061
[lowlevel-sim][GT] t=26.951 quat=[0.4677, -0.53293, 0.48217, 0.51453] angvel=[-0.00695, 0.04033, 0.01349] linvel=[0.00202, -0.00301, 0.0014] z=0.1061
[lowlevel-sim] t=  27.00 mode=cmd        pd=18031 hold=10404 failclosed=116 rtf=0.244 base_z=+0.106 pitch=+1.538 roll=-3.074 |tau|max=  9.29 sat=0/29 knee_L=+0.271 hip_p_L=-0.106 torn=9720 cmd_age=42.1ms auth=62.1s rig_ign=1454 fix_base=0
[lowlevel-sim][GT] t=27.001 quat=[0.4676, -0.53299, 0.48216, 0.51458] angvel=[-0.02752, -0.00497, 0.01507] linvel=[0.00056, -0.00505, -1e-05] z=0.1062
[lowlevel-sim][GT] t=27.051 quat=[0.46771, -0.53297, 0.48209, 0.51457] angvel=[0.07696, -0.00504, 0.00651] linvel=[-0.00265, 0.00147, -0.00742] z=0.1062
[lowlevel-sim] FAIL-CLOSED engaged at t=27.082s, last command age 86.18 ms (deadline <= 100 ms) PASS
[lowlevel-sim] COMMANDED at t=27.100s (was fail-closed)
[lowlevel-sim][GT] t=27.101 quat=[0.46573, -0.53512, 0.48401, 0.51232] angvel=[-0.59101, -0.0966, -0.01959] linvel=[0.00426, 0.01689, -0.03529] z=0.1050
[lowlevel-sim][GT] t=27.151 quat=[0.46635, -0.535, 0.48375, 0.51214] angvel=[0.04502, 0.01418, 0.00844] linvel=[-0.00157, -0.00735, 0.00359] z=0.1049
[lowlevel-sim][GT] t=27.201 quat=[0.46724, -0.53436, 0.48311, 0.5126] angvel=[0.08576, -0.04407, -0.00424] linvel=[0.00396, -0.00121, -0.00181] z=0.1052
[lowlevel-sim][GT] t=27.251 quat=[0.46746, -0.53416, 0.48287, 0.51283] angvel=[-0.01025, -0.00562, 0.02077] linvel=[0.00337, -0.00203, 0.00399] z=0.1054
[lowlevel-sim][GT] t=27.301 quat=[0.46748, -0.53381, 0.48259, 0.51344] angvel=[0.06548, -0.00599, 0.00411] linvel=[0.00616, 0.00179, -0.0013] z=0.1055
[lowlevel-sim][GT] t=27.351 quat=[0.46751, -0.53357, 0.48259, 0.51365] angvel=[-0.02101, 0.00392, -0.00591] linvel=[0.00665, -0.00066, 0.0049] z=0.1057
[lowlevel-sim][GT] t=27.401 quat=[0.46763, -0.53327, 0.48253, 0.51391] angvel=[-0.06225, 0.01879, -0.01104] linvel=[0.00298, -0.00425, 0.00624] z=0.1058
[lowlevel-sim][GT] t=27.451 quat=[0.46758, -0.53317, 0.48254, 0.51405] angvel=[-0.02545, 0.01838, -0.00566] linvel=[0.00586, -0.0024, 0.00426] z=0.1059
[lowlevel-sim] t=  27.50 mode=cmd        pd=18289 hold=10404 failclosed=133 rtf=0.245 base_z=+0.106 pitch=+1.537 roll=-3.080 |tau|max= 35.00 sat=2/29 knee_L=+0.269 hip_p_L=-0.106 torn=9757 cmd_age=22.4ms auth=63.9s rig_ign=1454 fix_base=0 sat_j=left_ankle_roll_joint:+35.0,right_ankle_roll_joint:-35.0
[lowlevel-sim][GT] t=27.501 quat=[0.4675, -0.53303, 0.4824, 0.51441] angvel=[0.06759, 0.01161, -0.00863] linvel=[-0.00619, -0.00181, -0.00371] z=0.1059
[lowlevel-sim][GT] t=27.551 quat=[0.46733, -0.53305, 0.48223, 0.5147] angvel=[0.00781, -0.01164, 0.01448] linvel=[-0.00378, -0.00586, -0.00324] z=0.1060
[lowlevel-sim][GT] t=27.601 quat=[0.46745, -0.53304, 0.48203, 0.51479] angvel=[-0.03096, -0.05552, -0.01557] linvel=[-0.01044, -0.00401, 0.00345] z=0.1061
[lowlevel-sim][GT] t=27.651 quat=[0.46743, -0.53318, 0.48201, 0.51468] angvel=[-0.02068, -0.01316, 0.0001] linvel=[-0.00326, -0.00088, 0.00227] z=0.1061
[lowlevel-sim][GT] t=27.701 quat=[0.46766, -0.53314, 0.48192, 0.5146] angvel=[-0.02891, 0.06398, 0.00944] linvel=[-0.00073, -0.00136, 0.00188] z=0.1061
[lowlevel-sim][GT] t=27.751 quat=[0.46755, -0.53327, 0.48191, 0.51457] angvel=[-0.01827, 0.02061, 0.03407] linvel=[0.00631, -0.0069, -0.00134] z=0.1061
[lowlevel-sim][GT] t=27.801 quat=[0.46754, -0.53323, 0.48185, 0.51468] angvel=[0.05952, 0.00656, -0.0018] linvel=[-0.00095, 0.00136, -0.00575] z=0.1061
[lowlevel-sim][GT] t=27.851 quat=[0.46746, -0.53334, 0.48199, 0.5145] angvel=[-0.04657, -0.00027, 0.00524] linvel=[-0.00085, -0.00628, 0.00045] z=0.1060
[lowlevel-sim][GT] t=27.901 quat=[0.46751, -0.53324, 0.48199, 0.51455] angvel=[0.08269, -0.03251, 0.0141] linvel=[0.00152, 1e-05, -0.00783] z=0.1060
[lowlevel-sim][GT] t=27.951 quat=[0.46744, -0.53333, 0.48198, 0.51454] angvel=[-0.01846, 0.00835, 2e-05] linvel=[0.00098, -0.00263, 0.00086] z=0.1060
[lowlevel-sim] t=  28.00 mode=cmd        pd=18539 hold=10404 failclosed=133 rtf=0.245 base_z=+0.106 pitch=+1.538 roll=-3.066 |tau|max= 35.00 sat=2/29 knee_L=+0.268 hip_p_L=-0.105 torn=9784 cmd_age=44.9ms auth=65.7s rig_ign=1454 fix_base=0 sat_j=left_ankle_roll_joint:+35.0,right_ankle_roll_joint:-35.0
[lowlevel-sim][GT] t=28.001 quat=[0.46739, -0.53331, 0.48182, 0.51476] angvel=[-0.01666, 0.03504, -0.0022] linvel=[0.00345, 0.00122, 0.00358] z=0.1060
[lowlevel-sim][GT] t=28.051 quat=[0.46712, -0.53346, 0.4818, 0.51488] angvel=[-0.03534, 0.00594, 0.01926] linvel=[-0.0002, -0.00306, 0.0035] z=0.1060
[lowlevel-sim][GT] t=28.101 quat=[0.46724, -0.53346, 0.48166, 0.51489] angvel=[0.01228, 0.01923, 0.00925] linvel=[0.00075, -0.00202, 0.0012] z=0.1060
[lowlevel-sim][GT] t=28.151 quat=[0.46724, -0.53346, 0.48164, 0.51491] angvel=[-0.02797, 0.00501, 0.00264] linvel=[0.00383, -0.00431, 0.00166] z=0.1060
[lowlevel-sim][GT] t=28.201 quat=[0.467, -0.53357, 0.4815, 0.51515] angvel=[-0.00381, 0.08103, 0.02454] linvel=[0.0024, 0.00168, 0.0028] z=0.1060
[lowlevel-sim][GT] t=28.251 quat=[0.4668, -0.53363, 0.48152, 0.51524] angvel=[-0.02664, -0.04262, -0.03724] linvel=[-0.00171, -0.00417, 0.00167] z=0.1060
[lowlevel-sim][GT] t=28.301 quat=[0.46682, -0.53356, 0.48142, 0.51539] angvel=[0.05665, 0.02109, 0.01455] linvel=[0.00082, 0.00258, -0.00203] z=0.1060
[lowlevel-sim][GT] t=28.351 quat=[0.46684, -0.53358, 0.4814, 0.51537] angvel=[-0.01607, -0.01973, -0.02927] linvel=[0.00365, -0.0064, -0.00098] z=0.1061
[lowlevel-sim][GT] t=28.401 quat=[0.46689, -0.53357, 0.48141, 0.51532] angvel=[0.01148, 0.12193, 0.02849] linvel=[0.00948, 0.00315, -0.00148] z=0.1060
[lowlevel-sim][GT] t=28.451 quat=[0.46683, -0.53363, 0.48148, 0.51526] angvel=[-0.01357, -0.05791, -0.05664] linvel=[0.001, -0.00319, 0.00126] z=0.1060
[lowlevel-sim] t=  28.50 mode=cmd        pd=18789 hold=10404 failclosed=133 rtf=0.246 base_z=+0.106 pitch=+1.538 roll=-3.077 |tau|max= 35.00 sat=2/29 knee_L=+0.269 hip_p_L=-0.105 torn=9816 cmd_age=31.2ms auth=67.4s rig_ign=1454 fix_base=0 sat_j=left_ankle_roll_joint:+35.0,right_ankle_roll_joint:-35.0
[lowlevel-sim][GT] t=28.501 quat=[0.46688, -0.5336, 0.48132, 0.51539] angvel=[-0.02909, 0.05838, 0.03267] linvel=[0.00017, -0.00281, 0.00261] z=0.1060
[lowlevel-sim][GT] t=28.551 quat=[0.4668, -0.53376, 0.4813, 0.51531] angvel=[-0.04056, -0.03503, -0.03026] linvel=[-0.0029, -0.00854, 0.00226] z=0.1060
[lowlevel-sim][GT] t=28.601 quat=[0.46685, -0.5337, 0.48117, 0.51545] angvel=[0.06803, 0.00102, 0.01691] linvel=[-0.00165, -0.00055, -0.00686] z=0.1060
[lowlevel-sim][GT] t=28.651 quat=[0.46691, -0.53382, 0.48127, 0.51518] angvel=[-0.01958, -0.04622, -0.05403] linvel=[-0.00246, -0.00677, 0.00123] z=0.1060
[lowlevel-sim] FAIL-CLOSED engaged at t=28.655s, last command age 86.58 ms (deadline <= 100 ms) PASS
[lowlevel-sim] COMMANDED at t=28.660s (was fail-closed)
[lowlevel-sim][GT] t=28.701 quat=[0.46665, -0.53427, 0.48156, 0.51468] angvel=[-0.01933, 0.00929, 0.0086] linvel=[0.00241, -0.0042, 0.00428] z=0.1058
[lowlevel-sim][GT] t=28.751 quat=[0.46669, -0.53408, 0.4813, 0.51509] angvel=[0.0781, -0.00754, 0.00289] linvel=[0.00355, -0.00036, -0.00577] z=0.1059
[lowlevel-sim] FAIL-CLOSED engaged at t=28.751s, last command age 87.25 ms (deadline <= 100 ms) PASS
[lowlevel-sim] COMMANDED at t=28.760s (was fail-closed)
[lowlevel-sim][GT] t=28.801 quat=[0.46591, -0.53493, 0.48201, 0.51424] angvel=[0.08355, -0.06681, -0.03339] linvel=[-0.00672, -0.00178, -0.00411] z=0.1054
[lowlevel-sim] FAIL-CLOSED engaged at t=28.820s, last command age 94.14 ms (deadline <= 100 ms) PASS
[lowlevel-sim] COMMANDED at t=28.840s (was fail-closed)
[lowlevel-sim][GT] t=28.851 quat=[0.46371, -0.53757, 0.48435, 0.51127] angvel=[0.04165, -0.00296, 0.00339] linvel=[-0.00459, -0.00253, -0.00554] z=0.1040
[lowlevel-sim][GT] t=28.901 quat=[0.46543, -0.53638, 0.48313, 0.51211] angvel=[0.06167, -0.02261, -0.0108] linvel=[-0.00335, -0.0015, 0.00044] z=0.1043
[lowlevel-sim][GT] t=28.951 quat=[0.46623, -0.53572, 0.4826, 0.51258] angvel=[0.04135, -0.01774, -0.03096] linvel=[0.00529, -0.00777, 0.0016] z=0.1047
[lowlevel-sim] t=  29.00 mode=cmd        pd=19057 hold=10404 failclosed=167 rtf=0.247 base_z=+0.105 pitch=+1.533 roll=-3.017 |tau|max= 35.00 sat=2/29 knee_L=+0.262 hip_p_L=-0.105 torn=9830 cmd_age=46.1ms auth=69.1s rig_ign=1454 fix_base=0 sat_j=left_ankle_roll_joint:+35.0,right_ankle_roll_joint:-35.0
[lowlevel-sim][GT] t=29.001 quat=[0.46676, -0.53514, 0.4822, 0.51307] angvel=[0.02401, 0.02277, 0.01054] linvel=[0.00969, -0.00337, 0.00486] z=0.1049
[lowlevel-sim][GT] t=29.051 quat=[0.46699, -0.53474, 0.48205, 0.51342] angvel=[-0.01473, 0.00063, -0.00515] linvel=[0.0066, -0.00044, 0.00833] z=0.1052
[lowlevel-sim][GT] t=29.101 quat=[0.46725, -0.53433, 0.48189, 0.51377] angvel=[0.10395, -0.0016, 0.03584] linvel=[0.00623, -0.00068, 7e-05] z=0.1055
[lowlevel-sim][GT] t=29.151 quat=[0.46713, -0.53402, 0.48183, 0.51425] angvel=[-0.00966, 0.01388, 0.03526] linvel=[0.00383, -7e-05, 0.00305] z=0.1056
[lowlevel-sim][GT] t=29.201 quat=[0.46712, -0.53384, 0.48157, 0.51469] angvel=[-0.04166, -0.01004, 0.01845] linvel=[-0.0009, 0.00036, 0.00725] z=0.1058
[lowlevel-sim][GT] t=29.251 quat=[0.46678, -0.53384, 0.48152, 0.51504] angvel=[-0.02612, 0.008, 0.00865] linvel=[-0.00042, -0.00402, 0.00216] z=0.1059
[lowlevel-sim][GT] t=29.301 quat=[0.46678, -0.53376, 0.48147, 0.51517] angvel=[0.07322, 0.00838, 0.01955] linvel=[-0.00411, 0.00144, -0.00475] z=0.1059
[lowlevel-sim][GT] t=29.351 quat=[0.46666, -0.53373, 0.48135, 0.51542] angvel=[-0.04948, -0.01408, 0.00402] linvel=[-0.00383, -0.0031, 0.00367] z=0.1060
[lowlevel-sim][GT] t=29.401 quat=[0.46696, -0.53375, 0.4812, 0.51527] angvel=[0.08509, -0.01109, 0.00257] linvel=[-0.00038, 0.00244, -0.00711] z=0.1060
[lowlevel-sim][GT] t=29.451 quat=[0.46655, -0.53398, 0.48123, 0.51537] angvel=[-0.03428, -0.01184, 0.00478] linvel=[-0.0085, -0.00863, 0.0043] z=0.1060
[lowlevel-sim] t=  29.50 mode=cmd        pd=19307 hold=10404 failclosed=167 rtf=0.247 base_z=+0.106 pitch=+1.538 roll=-3.074 |tau|max= 35.00 sat=2/29 knee_L=+0.269 hip_p_L=-0.105 torn=9852 cmd_age=32.6ms auth=71.0s rig_ign=1454 fix_base=0 sat_j=left_ankle_roll_joint:+35.0,right_ankle_roll_joint:-35.0
[lowlevel-sim][GT] t=29.501 quat=[0.46661, -0.53391, 0.48096, 0.51565] angvel=[0.03845, -0.00229, 0.0061] linvel=[0.00039, 0.00294, 0.00054] z=0.1060
[lowlevel-sim][GT] t=29.551 quat=[0.4664, -0.53406, 0.48089, 0.51574] angvel=[-0.04903, -0.01665, -0.00896] linvel=[-0.00337, -0.00375, 0.00237] z=0.1061
[lowlevel-sim][GT] t=29.601 quat=[0.46641, -0.53417, 0.48082, 0.51569] angvel=[0.08421, 0.00291, 0.02901] linvel=[-0.00415, -0.0006, -0.0075] z=0.1060
[lowlevel-sim][GT] t=29.651 quat=[0.46638, -0.53426, 0.48077, 0.51567] angvel=[-0.06822, -0.012, 0.00722] linvel=[-0.00133, -0.00519, 0.00591] z=0.1061
[lowlevel-sim][GT] t=29.701 quat=[0.46644, -0.53419, 0.48067, 0.51577] angvel=[0.06963, -0.00263, 0.01768] linvel=[-0.00328, -0.00132, -0.00646] z=0.1061
[lowlevel-sim][GT] t=29.751 quat=[0.46654, -0.53429, 0.48064, 0.51563] angvel=[-0.03674, -0.02543, -0.00728] linvel=[0.00641, -0.00837, 0.00191] z=0.1061
[lowlevel-sim][GT] t=29.801 quat=[0.46669, -0.5342, 0.48057, 0.51564] angvel=[0.02008, 0.06792, -0.01131] linvel=[0.01225, 0.00249, -0.00154] z=0.1061
[lowlevel-sim][GT] t=29.851 quat=[0.46666, -0.53408, 0.48074, 0.51563] angvel=[-0.00076, -0.00047, -0.00537] linvel=[0.00605, -0.00299, 0.00023] z=0.1062
[lowlevel-sim][GT] t=29.901 quat=[0.46656, -0.53391, 0.48071, 0.51593] angvel=[-0.08841, 0.02044, 0.03658] linvel=[-0.00251, -0.00379, 0.0077] z=0.1062
[lowlevel-sim][GT] t=29.951 quat=[0.46632, -0.53405, 0.48076, 0.51595] angvel=[-0.05365, -0.02084, 0.00079] linvel=[0.00565, -0.00679, 0.00579] z=0.1062
[lowlevel-sim] t=  30.00 mode=cmd        pd=19557 hold=10404 failclosed=167 rtf=0.247 base_z=+0.106 pitch=+1.538 roll=-3.084 |tau|max= 35.00 sat=2/29 knee_L=+0.270 hip_p_L=-0.105 torn=9870 cmd_age=34.8ms auth=72.9s rig_ign=1454 fix_base=0 sat_j=left_ankle_roll_joint:+35.0,right_ankle_roll_joint:-35.0
[lowlevel-sim][GT] t=30.001 quat=[0.46636, -0.53395, 0.48066, 0.51611] angvel=[0.05934, 0.00083, -0.00031] linvel=[-0.00081, -0.0015, -0.00683] z=0.1062
[lowlevel-sim][GT] t=30.051 quat=[0.46617, -0.53407, 0.4807, 0.51613] angvel=[-0.0179, 0.00207, 0.0324] linvel=[0.00049, -0.00358, 0.00078] z=0.1062
[lowlevel-sim][GT] t=30.101 quat=[0.4662, -0.53411, 0.4804, 0.51633] angvel=[-0.03009, 0.10168, 0.03672] linvel=[0.0015, 0.00253, 0.00345] z=0.1062
[lowlevel-sim][GT] t=30.151 quat=[0.46611, -0.53426, 0.48044, 0.51621] angvel=[-0.03873, -0.02893, -0.00962] linvel=[-0.00194, -0.00227, 0.00323] z=0.1062
[lowlevel-sim][GT] t=30.201 quat=[0.46638, -0.53414, 0.48048, 0.51607] angvel=[-0.08089, 0.00584, -0.01923] linvel=[-0.00938, -0.00428, 0.00495] z=0.1062
[lowlevel-sim][GT] t=30.251 quat=[0.46631, -0.53422, 0.48054, 0.516] angvel=[-0.03564, -0.01545, -0.01801] linvel=[-0.01148, -0.008, 0.00456] z=0.1062
[lowlevel-sim][GT] t=30.301 quat=[0.46654, -0.53408, 0.48051, 0.51596] angvel=[0.06198, 0.00885, 0.00914] linvel=[-0.00494, -0.00049, -0.0084] z=0.1062
[lowlevel-sim][GT] t=30.351 quat=[0.46672, -0.53417, 0.48049, 0.51571] angvel=[0.00313, -0.04477, -0.03765] linvel=[0.00092, -0.00719, 0.00061] z=0.1062
[lowlevel-sim][GT] t=30.401 quat=[0.46657, -0.53418, 0.48037, 0.51596] angvel=[0.07592, 0.00589, -0.00174] linvel=[-0.00325, -0.0025, -0.00543] z=0.1062
[lowlevel-sim][GT] t=30.451 quat=[0.46626, -0.53428, 0.48039, 0.51612] angvel=[-0.03623, 0.00626, 0.04704] linvel=[0.00518, -0.0039, 0.00146] z=0.1062
[lowlevel-sim] t=  30.50 mode=cmd        pd=19807 hold=10404 failclosed=167 rtf=0.247 base_z=+0.106 pitch=+1.539 roll=-3.069 |tau|max= 35.00 sat=2/29 knee_L=+0.269 hip_p_L=-0.105 torn=9882 cmd_age=37.9ms auth=74.9s rig_ign=1454 fix_base=0 sat_j=left_ankle_roll_joint:+35.0,right_ankle_roll_joint:-35.0
[lowlevel-sim][GT] t=30.501 quat=[0.46633, -0.53417, 0.48028, 0.51626] angvel=[-0.08795, 0.04206, 0.0171] linvel=[-0.00037, -0.00289, 0.00636] z=0.1062
[lowlevel-sim][GT] t=30.551 quat=[0.46601, -0.53433, 0.48033, 0.51635] angvel=[0.00115, -0.01358, -0.01274] linvel=[0.00164, -0.00237, -0.00084] z=0.1062
[lowlevel-sim][GT] t=30.601 quat=[0.46604, -0.53434, 0.48022, 0.51641] angvel=[0.00905, 0.05597, 0.01563] linvel=[-0.00251, 0.00052, -0.00192] z=0.1062
[lowlevel-sim][GT] t=30.651 quat=[0.46583, -0.53452, 0.48019, 0.51644] angvel=[-0.04584, -0.01964, -0.00222] linvel=[-0.00383, -0.00563, 0.00228] z=0.1062
[lowlevel-sim][GT] t=30.701 quat=[0.46585, -0.53457, 0.48011, 0.51644] angvel=[0.08369, -0.0024, 0.00133] linvel=[-0.00525, 0.00142, -0.00818] z=0.1061
[lowlevel-sim][GT] t=30.751 quat=[0.46586, -0.5346, 0.48008, 0.51642] angvel=[-0.02789, -0.03919, -0.02139] linvel=[-0.00377, -0.00324, 0.00357] z=0.1062
[lowlevel-sim][GT] t=30.801 quat=[0.46609, -0.53459, 0.48, 0.5163] angvel=[0.08519, -0.01929, -0.00103] linvel=[-0.00456, 0.00356, -0.00539] z=0.1062
[lowlevel-sim][GT] t=30.851 quat=[0.46608, -0.53465, 0.48002, 0.51624] angvel=[-0.00551, 0.0073, 0.03225] linvel=[0.00057, -0.00373, -0.00017] z=0.1062
[lowlevel-sim][GT] t=30.901 quat=[0.46636, -0.53469, 0.48001, 0.51594] angvel=[0.09479, -0.00762, 0.00119] linvel=[-0.00209, 0.00026, -0.00477] z=0.1062
[lowlevel-sim][GT] t=30.951 quat=[0.46629, -0.53471, 0.47992, 0.51608] angvel=[-0.02564, 0.02889, 0.0233] linvel=[0.00937, -0.00531, 0.00185] z=0.1063
[lowlevel-sim] t=  31.00 mode=cmd        pd=20057 hold=10404 failclosed=167 rtf=0.248 base_z=+0.106 pitch=+1.538 roll=-3.039 |tau|max= 35.00 sat=2/29 knee_L=+0.269 hip_p_L=-0.105 torn=9908 cmd_age=32.1ms auth=76.5s rig_ign=1454 fix_base=0 sat_j=left_ankle_roll_joint:+35.0,right_ankle_roll_joint:-35.0
[lowlevel-sim][GT] t=31.001 quat=[0.46636, -0.53464, 0.47981, 0.51619] angvel=[-0.02599, -0.03298, -0.0192] linvel=[0.00666, 0.00041, 0.00282] z=0.1063
[lowlevel-sim][GT] t=31.051 quat=[0.46608, -0.53474, 0.47983, 0.51631] angvel=[0.00668, -0.04756, -0.04601] linvel=[0.00121, -0.00373, 0.00165] z=0.1063
[lowlevel-sim][GT] t=31.101 quat=[0.46611, -0.53462, 0.47975, 0.51649] angvel=[-0.04122, 0.10498, 0.00783] linvel=[0.0036, -0.00055, 0.00363] z=0.1064
[lowlevel-sim][GT] t=31.151 quat=[0.466, -0.53464, 0.47991, 0.51642] angvel=[-0.05673, -0.00209, -0.00853] linvel=[0.00298, -0.00627, 0.00791] z=0.1063
[lowlevel-sim][GT] t=31.201 quat=[0.46604, -0.53457, 0.47994, 0.51643] angvel=[0.02702, 0.03049, 0.00926] linvel=[-0.00083, -0.00039, -0.00281] z=0.1063
[lowlevel-sim][GT] t=31.251 quat=[0.46621, -0.53451, 0.48023, 0.51607] angvel=[-0.03689, -0.03768, -0.05005] linvel=[0.0014, -0.00803, 0.00209] z=0.1063
[lowlevel-sim][GT] t=31.301 quat=[0.46644, -0.53429, 0.48026, 0.51606] angvel=[0.07794, -0.02962, -0.00301] linvel=[0.0044, -0.00096, -0.00685] z=0.1063
[lowlevel-sim][GT] t=31.351 quat=[0.46652, -0.53418, 0.48047, 0.5159] angvel=[-0.04873, -0.00331, 0.00762] linvel=[0.00131, -0.00386, 0.00331] z=0.1063
[lowlevel-sim][GT] t=31.401 quat=[0.46661, -0.53402, 0.48045, 0.51601] angvel=[0.03539, 0.01532, 0.00306] linvel=[-0.00193, 0.00033, -0.0039] z=0.1063
[lowlevel-sim][GT] t=31.451 quat=[0.46657, -0.5341, 0.48051, 0.51591] angvel=[-0.04201, 0.03796, 0.00671] linvel=[-0.0022, -0.00233, 0.00214] z=0.1064
[lowlevel-sim] t=  31.50 mode=cmd        pd=20307 hold=10404 failclosed=167 rtf=0.249 base_z=+0.106 pitch=+1.539 roll=-3.064 |tau|max= 35.00 sat=2/29 knee_L=+0.271 hip_p_L=-0.105 torn=9938 cmd_age=30.1ms auth=78.2s rig_ign=1454 fix_base=0 sat_j=left_ankle_roll_joint:+35.0,right_ankle_roll_joint:-35.0
[lowlevel-sim][GT] t=31.501 quat=[0.46653, -0.53407, 0.4804, 0.51609] angvel=[-0.116, 0.07382, 0.01659] linvel=[-0.00259, -0.0061, 0.00906] z=0.1064
[lowlevel-sim][GT] t=31.551 quat=[0.46647, -0.53425, 0.48027, 0.51607] angvel=[-0.04038, -0.01715, 0.0066] linvel=[0.00391, -0.00677, 0.00391] z=0.1064
[lowlevel-sim][GT] t=31.601 quat=[0.46643, -0.53419, 0.48013, 0.5163] angvel=[-0.03474, -0.02398, -0.0094] linvel=[-0.00447, -0.00362, 0.00667] z=0.1065
[lowlevel-sim][GT] t=31.651 quat=[0.46619, -0.53426, 0.48015, 0.51643] angvel=[-0.01236, 0.01855, 0.00729] linvel=[-0.00315, -0.00176, 0.00235] z=0.1065
[lowlevel-sim][GT] t=31.701 quat=[0.4661, -0.53424, 0.48007, 0.5166] angvel=[-0.06262, 0.10192, 0.01001] linvel=[-0.00195, -0.00174, 0.00385] z=0.1065
[lowlevel-sim][GT] t=31.751 quat=[0.46611, -0.53427, 0.48011, 0.51652] angvel=[-0.04031, 0.04135, 0.01663] linvel=[-0.00255, -0.00518, 0.00245] z=0.1065
[lowlevel-sim][GT] t=31.801 quat=[0.46613, -0.53421, 0.48006, 0.51661] angvel=[-0.06469, 0.09492, 0.00309] linvel=[-0.00099, -0.00269, 0.00549] z=0.1066
[lowlevel-sim][GT] t=31.851 quat=[0.46624, -0.5342, 0.48017, 0.51642] angvel=[-0.02704, 0.02439, 0.00865] linvel=[-0.00463, -0.00694, 0.0022] z=0.1066
[lowlevel-sim][GT] t=31.901 quat=[0.4664, -0.53406, 0.48008, 0.5165] angvel=[0.02536, 0.04276, 0.01842] linvel=[-0.00523, -0.00091, -0.00345] z=0.1066
[lowlevel-sim][GT] t=31.951 quat=[0.46656, -0.53404, 0.48017, 0.5163] angvel=[-0.02571, 0.00272, 0.00493] linvel=[-0.00078, -0.00136, 0.00354] z=0.1066
[lowlevel-sim] t=  32.00 mode=cmd        pd=20557 hold=10404 failclosed=167 rtf=0.250 base_z=+0.107 pitch=+1.539 roll=-3.041 |tau|max= 35.00 sat=2/29 knee_L=+0.271 hip_p_L=-0.105 torn=9959 cmd_age=27.7ms auth=79.7s rig_ign=1454 fix_base=0 sat_j=left_ankle_roll_joint:+35.0,right_ankle_roll_joint:-35.0
[lowlevel-sim][GT] t=32.001 quat=[0.46693, -0.53401, 0.48003, 0.51612] angvel=[0.10052, 0.00127, 0.01438] linvel=[0.00234, 0.00374, -0.00617] z=0.1066
[lowlevel-sim][GT] t=32.051 quat=[0.46655, -0.53415, 0.48019, 0.51616] angvel=[-0.06944, -0.01192, 0.03371] linvel=[0.0005, -0.00519, 0.00818] z=0.1066
[lowlevel-sim][GT] t=32.101 quat=[0.46672, -0.53406, 0.48008, 0.51621] angvel=[-0.07169, 0.00679, 0.00562] linvel=[0.00069, -0.00339, 0.00876] z=0.1067
[lowlevel-sim][GT] t=32.151 quat=[0.46656, -0.5341, 0.48008, 0.51631] angvel=[-0.00357, -0.05498, -0.03956] linvel=[-0.00139, -0.00284, 0.00136] z=0.1067
[lowlevel-sim][GT] t=32.201 quat=[0.46661, -0.534, 0.48012, 0.51633] angvel=[-0.05918, 0.10896, -0.01726] linvel=[0.00107, -0.00442, 0.00316] z=0.1067
[lowlevel-sim][GT] t=32.251 quat=[0.46647, -0.53413, 0.48026, 0.5162] angvel=[-0.07213, 0.005, 0.01448] linvel=[0.00457, -0.0071, 0.00645] z=0.1066
[lowlevel-sim][GT] t=32.301 quat=[0.46652, -0.53393, 0.48019, 0.51642] angvel=[0.03218, 0.05532, -0.02113] linvel=[-0.00024, -0.00372, -0.00245] z=0.1066
[lowlevel-sim][GT] t=32.351 quat=[0.46638, -0.53391, 0.48035, 0.51642] angvel=[-0.02, -0.01594, -0.00115] linvel=[0.00217, -0.00705, -0.00101] z=0.1066
[lowlevel-sim][GT] t=32.401 quat=[0.46649, -0.53393, 0.48026, 0.5164] angvel=[0.05905, -0.0311, -0.00035] linvel=[-0.00157, -0.00218, -0.00268] z=0.1066
[lowlevel-sim][GT] t=32.451 quat=[0.46651, -0.534, 0.4802, 0.51636] angvel=[-0.00906, -0.05836, -0.02876] linvel=[0.00061, -0.00515, 0.0006] z=0.1066
[lowlevel-sim] t=  32.50 mode=cmd        pd=20807 hold=10404 failclosed=167 rtf=0.250 base_z=+0.107 pitch=+1.539 roll=-3.070 |tau|max= 35.00 sat=2/29 knee_L=+0.272 hip_p_L=-0.106 torn=9981 cmd_age=20.1ms auth=81.3s rig_ign=1454 fix_base=0 sat_j=left_ankle_roll_joint:+35.0,right_ankle_roll_joint:-35.0
[lowlevel-sim][GT] t=32.501 quat=[0.46648, -0.53397, 0.48009, 0.51651] angvel=[-0.00142, 0.01111, -0.00814] linvel=[0.00039, -9e-05, 0.00192] z=0.1066
[lowlevel-sim][GT] t=32.551 quat=[0.46639, -0.53408, 0.48015, 0.51643] angvel=[-0.03807, 0.00624, 0.01803] linvel=[-2e-05, -0.00682, 0.00475] z=0.1066
[lowlevel-sim][GT] t=32.601 quat=[0.46635, -0.53403, 0.48, 0.51666] angvel=[-0.04765, 0.03353, 0.00684] linvel=[0.00504, -0.00401, 0.00749] z=0.1067
[lowlevel-sim][GT] t=32.651 quat=[0.4662, -0.53409, 0.48004, 0.5167] angvel=[-0.02178, -0.02705, -0.02562] linvel=[-0.00243, -0.00745, 0.00074] z=0.1067
[lowlevel-sim][GT] t=32.701 quat=[0.46621, -0.53404, 0.47996, 0.51682] angvel=[-0.04687, 0.10335, -0.01301] linvel=[-0.00386, -0.00472, 0.00464] z=0.1067
[lowlevel-sim][GT] t=32.751 quat=[0.46637, -0.53411, 0.47996, 0.51659] angvel=[-0.03175, 0.01212, 0.00997] linvel=[0.00248, -0.00598, 0.00198] z=0.1067
[lowlevel-sim][GT] t=32.801 quat=[0.46652, -0.53401, 0.47992, 0.5166] angvel=[0.04719, -0.01453, 0.01188] linvel=[0.00321, -0.00163, -0.00513] z=0.1067
[lowlevel-sim][GT] t=32.851 quat=[0.46631, -0.5341, 0.48005, 0.51656] angvel=[-0.00189, 0.00749, 0.0016] linvel=[0.00433, -0.00105, 0.00107] z=0.1066
[lowlevel-sim][GT] t=32.901 quat=[0.46629, -0.53404, 0.48006, 0.51664] angvel=[-0.06413, -0.00217, -0.0067] linvel=[0.00463, -0.00456, 0.00358] z=0.1066
[lowlevel-sim][GT] t=32.951 quat=[0.46608, -0.53407, 0.48011, 0.51675] angvel=[-0.02022, -0.02253, -0.01478] linvel=[-0.00044, -0.0089, 0.00213] z=0.1067
[lowlevel-sim] t=  33.00 mode=cmd        pd=21057 hold=10404 failclosed=167 rtf=0.251 base_z=+0.107 pitch=+1.540 roll=-3.085 |tau|max= 35.00 sat=2/29 knee_L=+0.273 hip_p_L=-0.106 torn=10009 cmd_age=36.0ms auth=83.0s rig_ign=1454 fix_base=0 sat_j=left_ankle_roll_joint:+35.0,right_ankle_roll_joint:-35.0
[lowlevel-sim][GT] t=33.001 quat=[0.46624, -0.53394, 0.47997, 0.51687] angvel=[-0.10139, -0.05345, -0.02201] linvel=[-2e-05, -0.00495, 0.00947] z=0.1067
[lowlevel-sim][GT] t=33.051 quat=[0.46611, -0.53406, 0.48007, 0.51678] angvel=[-0.04932, -0.05451, -0.02126] linvel=[0.00497, -0.00555, 0.00655] z=0.1067
[lowlevel-sim][GT] t=33.101 quat=[0.46626, -0.53391, 0.47996, 0.5169] angvel=[-0.01995, 0.05068, 0.03741] linvel=[0.00377, -0.00033, 0.00338] z=0.1067
[lowlevel-sim][GT] t=33.151 quat=[0.46632, -0.53392, 0.48017, 0.51663] angvel=[-0.03248, 0.01174, 0.00659] linvel=[0.00262, -0.00447, 0.00049] z=0.1067
[lowlevel-sim][GT] t=33.201 quat=[0.46645, -0.53386, 0.48011, 0.51663] angvel=[0.04816, -0.01766, -0.01111] linvel=[0.00462, 0.00122, -0.00438] z=0.1066
[lowlevel-sim][GT] t=33.251 quat=[0.46631, -0.53392, 0.48025, 0.51657] angvel=[-0.00406, -0.04792, -0.00844] linvel=[0.00618, -0.00314, 0.002] z=0.1066
[lowlevel-sim][GT] t=33.301 quat=[0.46644, -0.53381, 0.48012, 0.51668] angvel=[-0.03548, 0.05141, -0.00283] linvel=[0.00273, -0.00067, 0.00505] z=0.1066
[lowlevel-sim][GT] t=33.351 quat=[0.46633, -0.53383, 0.48014, 0.51674] angvel=[-0.03307, -0.02653, -0.00726] linvel=[-0.00034, -0.00815, 0.00132] z=0.1067
[lowlevel-sim][GT] t=33.401 quat=[0.46622, -0.53391, 0.48011, 0.51679] angvel=[0.00098, 0.04918, -0.01442] linvel=[0.00449, -0.00332, -2e-05] z=0.1067
[lowlevel-sim][GT] t=33.451 quat=[0.46625, -0.53395, 0.48009, 0.51674] angvel=[0.00965, -0.03876, -0.06707] linvel=[0.00093, -0.00335, 0.00045] z=0.1067
[lowlevel-sim] t=  33.50 mode=cmd        pd=21307 hold=10404 failclosed=167 rtf=0.251 base_z=+0.107 pitch=+1.540 roll=-3.079 |tau|max= 35.00 sat=2/29 knee_L=+0.273 hip_p_L=-0.106 torn=10050 cmd_age=32.6ms auth=84.8s rig_ign=1454 fix_base=0 sat_j=left_ankle_roll_joint:+35.0,right_ankle_roll_joint:-35.0
[lowlevel-sim][GT] t=33.501 quat=[0.4664, -0.53389, 0.48, 0.51675] angvel=[-0.04385, 0.03449, -0.02617] linvel=[-0.00045, -0.00241, 0.00548] z=0.1067
[lowlevel-sim][GT] t=33.551 quat=[0.46615, -0.53396, 0.48004, 0.51686] angvel=[-0.04991, 0.03062, 0.01568] linvel=[0.00121, -0.00417, 0.00196] z=0.1067
[lowlevel-sim][GT] t=33.601 quat=[0.46602, -0.534, 0.47988, 0.51709] angvel=[0.04864, -0.02943, 0.00082] linvel=[-0.00367, -0.00088, -0.0044] z=0.1067
[lowlevel-sim][GT] t=33.651 quat=[0.46593, -0.5342, 0.47986, 0.51698] angvel=[-0.00831, 0.00782, 0.01854] linvel=[0.00031, -0.00322, 0.00127] z=0.1067
[lowlevel-sim][GT] t=33.701 quat=[0.46588, -0.53413, 0.4796, 0.51734] angvel=[0.03949, 0.1005, 0.03434] linvel=[0.00596, 0.00077, -0.00347] z=0.1067
[lowlevel-sim][GT] t=33.751 quat=[0.46579, -0.53427, 0.47963, 0.51726] angvel=[-0.03941, 0.0112, 0.0248] linvel=[0.00043, -0.00652, 0.00361] z=0.1067
[lowlevel-sim][GT] t=33.801 quat=[0.46591, -0.53421, 0.47953, 0.5173] angvel=[-0.0323, 0.05108, 0.0112] linvel=[0.00792, -0.00199, 0.00073] z=0.1067
[lowlevel-sim][GT] t=33.851 quat=[0.46583, -0.53431, 0.47962, 0.51718] angvel=[-0.03193, -0.05546, -0.06137] linvel=[-0.00052, -0.00821, 0.00344] z=0.1067
[lowlevel-sim][GT] t=33.901 quat=[0.46616, -0.53413, 0.47963, 0.51707] angvel=[0.01809, 0.02167, -0.03632] linvel=[0.00438, -0.00073, -0.00257] z=0.1067
[lowlevel-sim][GT] t=33.951 quat=[0.46627, -0.5341, 0.4799, 0.51675] angvel=[-0.0286, -0.03683, -0.00983] linvel=[0.01156, -0.00036, 0.00037] z=0.1066
[lowlevel-sim] t=  34.00 mode=cmd        pd=21557 hold=10404 failclosed=167 rtf=0.252 base_z=+0.107 pitch=+1.540 roll=-3.074 |tau|max= 35.00 sat=2/29 knee_L=+0.272 hip_p_L=-0.105 torn=10081 cmd_age=43.1ms auth=86.5s rig_ign=1454 fix_base=0 sat_j=left_ankle_roll_joint:+35.0,right_ankle_roll_joint:-35.0
[lowlevel-sim][GT] t=34.001 quat=[0.46653, -0.53385, 0.47995, 0.51673] angvel=[0.02555, 0.00555, -0.02387] linvel=[0.00627, -0.00048, -0.00217] z=0.1066
[lowlevel-sim][GT] t=34.051 quat=[0.46667, -0.53371, 0.48023, 0.51648] angvel=[-0.02659, -0.0147, 0.00616] linvel=[0.00692, -0.00079, 0.00451] z=0.1066
[lowlevel-sim][GT] t=34.101 quat=[0.46687, -0.5335, 0.48031, 0.51643] angvel=[0.07511, 0.0076, 0.0006] linvel=[0.00476, -0.00145, -0.00554] z=0.1066
[lowlevel-sim][GT] t=34.151 quat=[0.46685, -0.53352, 0.48054, 0.51623] angvel=[-0.02389, 0.01561, -0.00207] linvel=[0.00452, -0.00363, 0.00118] z=0.1066
[lowlevel-sim][GT] t=34.201 quat=[0.46694, -0.53345, 0.48057, 0.51619] angvel=[0.00555, 0.05497, 0.00227] linvel=[0.00467, -0.00352, -0.00246] z=0.1066
[lowlevel-sim][GT] t=34.251 quat=[0.46679, -0.53344, 0.48064, 0.51627] angvel=[-0.03622, -0.03403, -0.05904] linvel=[-0.00011, -0.00787, 0.00307] z=0.1066
[lowlevel-sim][GT] t=34.301 quat=[0.46691, -0.53332, 0.48069, 0.51623] angvel=[0.00988, -0.02317, 0.00352] linvel=[0.0061, 0.00087, 0.00084] z=0.1066
[lowlevel-sim][GT] t=34.351 quat=[0.46674, -0.53332, 0.4808, 0.51629] angvel=[-0.02423, -0.02325, -0.02988] linvel=[0.00025, -0.00788, 0.00129] z=0.1066
[lowlevel-sim][GT] t=34.401 quat=[0.4668, -0.53323, 0.48074, 0.51639] angvel=[0.04409, -0.00148, -0.00714] linvel=[0.00413, 0.00089, -0.00425] z=0.1066
[lowlevel-sim][GT] t=34.451 quat=[0.46674, -0.53324, 0.48078, 0.51639] angvel=[-0.02174, 0.00587, -0.01632] linvel=[0.0047, -0.00358, 0.00139] z=0.1066
[lowlevel-sim] FAIL-CLOSED engaged at t=34.460s, last command age 94.28 ms (deadline <= 100 ms) PASS
[lowlevel-sim] COMMANDED at t=34.464s (was fail-closed)
[lowlevel-sim] t=  34.50 mode=cmd        pd=21808 hold=10404 failclosed=170 rtf=0.252 base_z=+0.106 pitch=+1.539 roll=-3.107 |tau|max= 35.00 sat=2/29 knee_L=+0.272 hip_p_L=-0.107 torn=10101 cmd_age=47.4ms auth=88.1s rig_ign=1454 fix_base=0 sat_j=left_ankle_roll_joint:+35.0,right_ankle_roll_joint:-35.0
[lowlevel-sim][GT] t=34.501 quat=[0.46635, -0.53356, 0.48092, 0.51627] angvel=[-0.02172, 0.0872, 0.02796] linvel=[0.00842, -0.00152, 0.00384] z=0.1064
[lowlevel-sim][GT] t=34.551 quat=[0.46634, -0.53354, 0.48081, 0.51641] angvel=[-0.01943, -0.03586, -0.02512] linvel=[-0.00097, -0.00803, 0.00264] z=0.1065
[lowlevel-sim][GT] t=34.601 quat=[0.46646, -0.53335, 0.48062, 0.51668] angvel=[0.01675, 0.09829, 0.00216] linvel=[0.00994, 0.00161, -0.00359] z=0.1066
[lowlevel-sim][GT] t=34.651 quat=[0.46641, -0.53337, 0.48061, 0.51671] angvel=[-0.02005, 0.01493, 0.02903] linvel=[0.00284, -0.00349, 0.00379] z=0.1066
[lowlevel-sim][GT] t=34.701 quat=[0.46639, -0.53334, 0.48062, 0.51675] angvel=[0.01404, 0.07451, 0.00564] linvel=[0.01034, 0.00212, -0.00177] z=0.1066
[lowlevel-sim][GT] t=34.751 quat=[0.46639, -0.53322, 0.48072, 0.51678] angvel=[-0.03107, 0.01523, -0.00214] linvel=[0.00228, -0.00377, 0.00111] z=0.1066
[lowlevel-sim][GT] t=34.801 quat=[0.46639, -0.53315, 0.48056, 0.51701] angvel=[-0.00099, 0.09952, 0.03659] linvel=[0.00643, 0.00141, -0.00062] z=0.1067
[lowlevel-sim][GT] t=34.851 quat=[0.46641, -0.53319, 0.48068, 0.51683] angvel=[-0.04475, 0.00975, 0.0018] linvel=[-0.00091, -0.00386, 0.00191] z=0.1066
[lowlevel-sim][GT] t=34.901 quat=[0.46645, -0.53315, 0.48062, 0.51689] angvel=[0.01646, 0.07014, 0.01153] linvel=[0.00456, 0.00175, -0.0025] z=0.1066
[lowlevel-sim][GT] t=34.951 quat=[0.46641, -0.53321, 0.48068, 0.51681] angvel=[-0.03681, 0.03099, 0.0048] linvel=[-0.00123, -0.00419, 0.00131] z=0.1066
[lowlevel-sim] t=  35.00 mode=cmd        pd=22058 hold=10404 failclosed=170 rtf=0.253 base_z=+0.107 pitch=+1.540 roll=-3.128 |tau|max= 35.00 sat=2/29 knee_L=+0.273 hip_p_L=-0.106 torn=10117 cmd_age=35.9ms auth=89.9s rig_ign=1454 fix_base=0 sat_j=left_ankle_roll_joint:+35.0,right_ankle_roll_joint:-35.0
[lowlevel-sim][GT] t=35.001 quat=[0.46636, -0.53316, 0.48053, 0.51705] angvel=[0.00404, 0.09778, 0.01743] linvel=[0.00674, -0.00093, -0.00012] z=0.1066
[lowlevel-sim][GT] t=35.051 quat=[0.46615, -0.53329, 0.48059, 0.51704] angvel=[-0.05137, 0.01687, 0.03207] linvel=[-0.00074, -0.00266, 0.00393] z=0.1065
[lowlevel-sim][GT] t=35.101 quat=[0.46621, -0.53325, 0.48052, 0.51711] angvel=[-0.03996, 0.04844, 0.02719] linvel=[0.00396, -0.00297, 0.00486] z=0.1065
[lowlevel-sim][GT] t=35.151 quat=[0.46623, -0.53337, 0.48058, 0.5169] angvel=[-0.01674, -0.01373, 0.00808] linvel=[-0.00176, -0.00294, 0.0035] z=0.1065
[lowlevel-sim][GT] t=35.201 quat=[0.46635, -0.53327, 0.48057, 0.51691] angvel=[-0.0711, 0.02645, 0.00614] linvel=[0.0024, -0.00403, 0.00314] z=0.1065
[lowlevel-sim][GT] t=35.251 quat=[0.4664, -0.53343, 0.48079, 0.5165] angvel=[-0.02524, 0.00306, 0.00315] linvel=[-0.00311, -0.00244, 0.0034] z=0.1064
[lowlevel-sim][GT] t=35.301 quat=[0.46665, -0.53332, 0.48072, 0.51644] angvel=[-0.05988, 0.05889, 0.02397] linvel=[0.00663, -0.00309, 0.00378] z=0.1064
[lowlevel-sim][GT] t=35.351 quat=[0.46652, -0.53342, 0.48081, 0.51638] angvel=[-0.02595, -0.00679, 0.00549] linvel=[-0.00243, -0.00189, 0.00445] z=0.1064
[lowlevel-sim][GT] t=35.401 quat=[0.46656, -0.53348, 0.48071, 0.51637] angvel=[0.0573, -0.05051, 0.01916] linvel=[-0.00038, -0.00065, -0.004] z=0.1064
[lowlevel-sim][GT] t=35.451 quat=[0.46642, -0.53363, 0.48062, 0.51643] angvel=[-0.00237, -0.02795, 0.01619] linvel=[0.00111, -0.00362, 0.00128] z=0.1064
[lowlevel-sim] t=  35.50 mode=cmd        pd=22308 hold=10404 failclosed=170 rtf=0.253 base_z=+0.106 pitch=+1.539 roll=-3.092 |tau|max= 35.00 sat=2/29 knee_L=+0.271 hip_p_L=-0.105 torn=10144 cmd_age=62.7ms auth=91.7s rig_ign=1454 fix_base=0 sat_j=left_ankle_roll_joint:+35.0,right_ankle_roll_joint:-35.0
[lowlevel-sim][GT] t=35.501 quat=[0.46655, -0.53361, 0.48055, 0.5164] angvel=[0.04521, -0.00853, 0.00345] linvel=[0.00249, 0.0008, 0.00031] z=0.1064
[lowlevel-sim][GT] t=35.551 quat=[0.46628, -0.53367, 0.48056, 0.51657] angvel=[-0.03908, 0.01782, 0.03435] linvel=[-0.00078, -0.00164, 0.0037] z=0.1064
[lowlevel-sim][GT] t=35.601 quat=[0.46627, -0.53367, 0.48026, 0.51686] angvel=[0.0393, -0.02444, 0.00765] linvel=[0.0025, 0.00057, -0.00278] z=0.1065
[lowlevel-sim][GT] t=35.651 quat=[0.46623, -0.53371, 0.48031, 0.51681] angvel=[-0.03746, 0.01885, 0.0261] linvel=[0.00133, -0.0019, 0.00479] z=0.1065
[lowlevel-sim][GT] t=35.701 quat=[0.46624, -0.53363, 0.48004, 0.51713] angvel=[0.07127, -0.03175, 0.00057] linvel=[0.00365, 0.00332, -0.00375] z=0.1065
[lowlevel-sim][GT] t=35.751 quat=[0.46595, -0.53373, 0.48001, 0.51731] angvel=[-0.04132, -0.00265, 0.03254] linvel=[0.00223, -0.00434, 0.00016] z=0.1065
[lowlevel-sim][GT] t=35.801 quat=[0.46574, -0.53388, 0.48, 0.51736] angvel=[0.03629, 0.00696, -0.01253] linvel=[-0.0015, -0.0028, -0.00593] z=0.1064
[lowlevel-sim][GT] t=35.851 quat=[0.46551, -0.53405, 0.47999, 0.51739] angvel=[-0.03817, 0.02036, 0.04399] linvel=[0.00696, -0.00537, -0.00037] z=0.1064
[lowlevel-sim][GT] t=35.901 quat=[0.46544, -0.53404, 0.47992, 0.51754] angvel=[0.03013, 0.03401, 0.00634] linvel=[-0.00069, 0.0013, -0.00276] z=0.1064
[lowlevel-sim][GT] t=35.951 quat=[0.46517, -0.53417, 0.4799, 0.51767] angvel=[-0.03951, 0.02775, 0.01232] linvel=[0.00088, -0.00222, 0.00348] z=0.1064
[lowlevel-sim] t=  36.00 mode=cmd        pd=22558 hold=10404 failclosed=170 rtf=0.254 base_z=+0.106 pitch=+1.540 roll=-3.138 |tau|max= 35.00 sat=2/29 knee_L=+0.272 hip_p_L=-0.105 torn=10162 cmd_age=36.0ms auth=93.3s rig_ign=1454 fix_base=0 sat_j=left_ankle_roll_joint:+35.0,right_ankle_roll_joint:-35.0
[lowlevel-sim][GT] t=36.001 quat=[0.46511, -0.5342, 0.47977, 0.51781] angvel=[-0.0504, 0.01932, 0.01816] linvel=[0.00058, -0.00215, 0.0039] z=0.1063
[lowlevel-sim][GT] t=36.051 quat=[0.46497, -0.53427, 0.47983, 0.5178] angvel=[-0.03703, 0.00871, -0.00934] linvel=[-0.00108, -0.0034, 0.00382] z=0.1063
[lowlevel-sim][GT] t=36.101 quat=[0.46514, -0.53429, 0.47971, 0.51774] angvel=[-0.00954, -0.038, -0.01219] linvel=[-0.00699, -0.00372, 0.00075] z=0.1063
[lowlevel-sim][GT] t=36.151 quat=[0.46521, -0.53441, 0.47975, 0.51752] angvel=[-0.00206, -0.0155, 0.01252] linvel=[-0.00022, -0.00468, -0.00108] z=0.1063
[lowlevel-sim][GT] t=36.201 quat=[0.46553, -0.53439, 0.47979, 0.51721] angvel=[-0.01108, -0.05693, -0.03031] linvel=[-0.00719, -0.00235, 0.00098] z=0.1062
[lowlevel-sim][GT] t=36.251 quat=[0.46572, -0.53429, 0.47982, 0.51711] angvel=[-0.03124, 0.00338, -0.00163] linvel=[0.00048, 0.00063, 0.00433] z=0.1063
[lowlevel-sim] FAIL-CLOSED engaged at t=36.294s, last command age 85.14 ms (deadline <= 100 ms) PASS
[lowlevel-sim] COMMANDED at t=36.298s (was fail-closed)
[lowlevel-sim][GT] t=36.301 quat=[0.46548, -0.53459, 0.48004, 0.51682] angvel=[-0.19847, -0.01403, 0.00563] linvel=[0.00219, 0.00019, -0.00482] z=0.1061
[lowlevel-sim][GT] t=36.351 quat=[0.46529, -0.53475, 0.47997, 0.51689] angvel=[-0.03844, -0.01999, -0.00549] linvel=[0.00061, -0.00321, 0.00254] z=0.1061
[lowlevel-sim][GT] t=36.401 quat=[0.46527, -0.53469, 0.47984, 0.51709] angvel=[-0.04857, 0.0021, -0.0042] linvel=[0.00156, -0.00247, 0.00426] z=0.1061
[lowlevel-sim][GT] t=36.451 quat=[0.46508, -0.53482, 0.47977, 0.51719] angvel=[-0.01322, 0.00273, 0.02] linvel=[0.00441, -0.00338, 0.00222] z=0.1061
[lowlevel-sim] t=  36.50 mode=cmd        pd=22810 hold=10404 failclosed=174 rtf=0.254 base_z=+0.106 pitch=+1.539 roll=-3.113 |tau|max= 35.00 sat=2/29 knee_L=+0.270 hip_p_L=-0.105 torn=10186 cmd_age=26.0ms auth=95.0s rig_ign=1454 fix_base=0 sat_j=left_ankle_roll_joint:+35.0,right_ankle_roll_joint:-35.0
[lowlevel-sim][GT] t=36.501 quat=[0.46496, -0.53478, 0.47954, 0.51756] angvel=[0.04691, 0.02852, 0.02557] linvel=[0.0022, 0.00194, -0.0036] z=0.1061
[lowlevel-sim][GT] t=36.551 quat=[0.46462, -0.5349, 0.47954, 0.51773] angvel=[-0.01338, -0.01493, 0.0007] linvel=[-0.00079, -0.00267, 0.00304] z=0.1061
[lowlevel-sim][GT] t=36.601 quat=[0.46455, -0.53497, 0.47937, 0.51788] angvel=[0.04214, 0.03037, 0.01402] linvel=[0.0023, 0.00336, -0.00319] z=0.1061
[lowlevel-sim][GT] t=36.651 quat=[0.46432, -0.53518, 0.47935, 0.51789] angvel=[-0.07466, -0.0162, -0.00269] linvel=[0.00243, -0.00523, 0.00735] z=0.1061
[lowlevel-sim][GT] t=36.701 quat=[0.46446, -0.5351, 0.47925, 0.51794] angvel=[-0.00386, 0.04688, -0.00334] linvel=[-0.00057, -0.00335, -0.00094] z=0.1061
[lowlevel-sim][GT] t=36.751 quat=[0.46451, -0.53518, 0.47926, 0.51781] angvel=[-0.04624, -0.02275, -0.03448] linvel=[-0.00147, -0.00728, 0.0039] z=0.1061
[lowlevel-sim][GT] t=36.801 quat=[0.46459, -0.53514, 0.47916, 0.51786] angvel=[0.04492, 0.02578, 0.01574] linvel=[0.00214, 0.0012, -0.00382] z=0.1060
[lowlevel-sim] FAIL-CLOSED engaged at t=36.840s, last command age 86.29 ms (deadline <= 100 ms) PASS
[lowlevel-sim][GT] t=36.851 quat=[0.46362, -0.53613, 0.47995, 0.51699] angvel=[-0.51824, -0.0675, -0.00018] linvel=[-0.00184, 0.00859, -0.03037] z=0.1056
[lowlevel-sim] COMMANDED at t=36.852s (was fail-closed)
[lowlevel-sim][GT] t=36.901 quat=[0.46334, -0.53632, 0.48014, 0.51686] angvel=[0.04589, 0.05647, -0.01394] linvel=[0.00315, -0.00042, 0.00041] z=0.1053
[lowlevel-sim] FAIL-CLOSED engaged at t=36.910s, last command age 88.36 ms (deadline <= 100 ms) PASS
[lowlevel-sim] COMMANDED at t=36.916s (was fail-closed)
[lowlevel-sim][GT] t=36.951 quat=[0.46335, -0.53663, 0.48041, 0.51627] angvel=[0.07263, -0.03052, -0.01807] linvel=[-0.00375, -0.0021, 0.00102] z=0.1051
[lowlevel-sim] FAIL-CLOSED engaged at t=36.960s, last command age 94.17 ms (deadline <= 100 ms) PASS
[lowlevel-sim] COMMANDED at t=36.962s (was fail-closed)
[lowlevel-sim] t=  37.00 mode=cmd        pd=23069 hold=10404 failclosed=193 rtf=0.255 base_z=+0.105 pitch=+1.534 roll=-3.091 |tau|max=  9.83 sat=0/29 knee_L=+0.267 hip_p_L=-0.107 torn=10218 cmd_age=63.3ms auth=96.7s rig_ign=1454 fix_base=0
[lowlevel-sim][GT] t=37.001 quat=[0.4638, -0.53653, 0.48017, 0.51621] angvel=[0.00332, -0.06106, -0.02828] linvel=[0.00169, -0.00113, 0.00461] z=0.1052
[lowlevel-sim] FAIL-CLOSED engaged at t=37.017s, last command age 87.20 ms (deadline <= 100 ms) PASS
[lowlevel-sim] COMMANDED at t=37.020s (was fail-closed)
[lowlevel-sim][GT] t=37.051 quat=[0.46413, -0.53631, 0.48001, 0.51628] angvel=[0.09036, 0.02127, 0.01874] linvel=[0.00377, 0.00258, 0.00135] z=0.1054
[lowlevel-sim][GT] t=37.101 quat=[0.46463, -0.53596, 0.47979, 0.5164] angvel=[-0.02958, -0.01892, -0.00955] linvel=[0.00403, -0.00915, 0.00446] z=0.1056
[lowlevel-sim][GT] t=37.151 quat=[0.46481, -0.53581, 0.47955, 0.51662] angvel=[0.06253, -0.00789, 0.00447] linvel=[0.00476, 0.00236, -0.00331] z=0.1057
[lowlevel-sim][GT] t=37.201 quat=[0.46459, -0.53566, 0.4795, 0.51702] angvel=[-0.03167, -0.01243, 0.0051] linvel=[0.00191, -0.00373, 0.00465] z=0.1058
[lowlevel-sim][GT] t=37.251 quat=[0.4646, -0.53554, 0.4793, 0.51732] angvel=[0.06931, 0.0322, 0.01524] linvel=[0.00289, 0.00315, -0.0073] z=0.1058
[lowlevel-sim][GT] t=37.301 quat=[0.4642, -0.53558, 0.47925, 0.51768] angvel=[-0.03827, 0.00194, 0.0165] linvel=[0.00454, -0.00216, 0.00542] z=0.1059
[lowlevel-sim][GT] t=37.351 quat=[0.46415, -0.53556, 0.47905, 0.51792] angvel=[0.03043, 0.03632, 0.02266] linvel=[0.00157, 0.00087, -0.00304] z=0.1059
[lowlevel-sim][GT] t=37.401 quat=[0.46395, -0.53571, 0.47908, 0.51793] angvel=[-0.02708, 0.01352, 0.00639] linvel=[-0.00081, -0.00139, 0.00334] z=0.1059
[lowlevel-sim][GT] t=37.451 quat=[0.46399, -0.53553, 0.47896, 0.51819] angvel=[-0.00289, 0.11233, 0.03853] linvel=[0.00242, 0.00029, 0.00044] z=0.1060
[lowlevel-sim] t=  37.50 mode=cmd        pd=23321 hold=10404 failclosed=196 rtf=0.255 base_z=+0.106 pitch=+1.538 roll=-3.113 |tau|max=  9.36 sat=0/29 knee_L=+0.271 hip_p_L=-0.105 torn=10236 cmd_age=54.6ms auth=98.7s rig_ign=1454 fix_base=0
[lowlevel-sim][GT] t=37.501 quat=[0.4641, -0.53561, 0.4789, 0.51806] angvel=[-0.00476, -0.02193, -0.00872] linvel=[0.00398, -0.00221, 0.0007] z=0.1060
[lowlevel-sim][GT] t=37.551 quat=[0.46425, -0.53551, 0.47884, 0.51809] angvel=[0.03743, 0.01705, 0.00653] linvel=[0.00108, 0.00266, -0.0043] z=0.1060
[lowlevel-sim][GT] t=37.601 quat=[0.46403, -0.53569, 0.47877, 0.51816] angvel=[-0.02438, 0.00728, 0.00049] linvel=[0.00012, -0.00441, 0.00139] z=0.1060
[lowlevel-sim][GT] t=37.651 quat=[0.46403, -0.53563, 0.47872, 0.51827] angvel=[0.00376, 0.03182, 0.03096] linvel=[6e-05, 7e-05, -0.0019] z=0.1060
[lowlevel-sim][GT] t=37.701 quat=[0.46397, -0.53579, 0.47872, 0.51816] angvel=[-0.00809, -0.04926, -0.00617] linvel=[0.00046, -0.00782, -0.00204] z=0.1060
[lowlevel-sim][GT] t=37.751 quat=[0.46397, -0.5357, 0.47867, 0.5183] angvel=[0.07345, 0.00858, 0.01559] linvel=[-0.00011, 0.0031, -0.00347] z=0.1060
[lowlevel-sim][GT] t=37.801 quat=[0.46395, -0.53576, 0.4787, 0.51823] angvel=[-0.0339, 0.00185, -0.01164] linvel=[-3e-05, -0.00363, 0.00088] z=0.1060
[lowlevel-sim][GT] t=37.851 quat=[0.46397, -0.53577, 0.47863, 0.51827] angvel=[0.00083, 0.03331, 0.01072] linvel=[0.00129, 0.00119, 0.00061] z=0.1060
[lowlevel-sim][GT] t=37.901 quat=[0.464, -0.53581, 0.47875, 0.51808] angvel=[-0.03087, -0.03138, -0.04529] linvel=[-0.00534, -0.00839, -0.00018] z=0.1059
[lowlevel-sim][GT] t=37.951 quat=[0.46414, -0.53578, 0.47873, 0.51801] angvel=[0.03938, -0.00645, -0.0358] linvel=[-0.00194, -0.00222, -0.00507] z=0.1059
[lowlevel-sim] t=  38.00 mode=cmd        pd=23571 hold=10404 failclosed=196 rtf=0.255 base_z=+0.106 pitch=+1.538 roll=-3.102 |tau|max=  9.25 sat=0/29 knee_L=+0.270 hip_p_L=-0.105 torn=10270 cmd_age=50.0ms auth=100.5s rig_ign=1454 fix_base=0
[lowlevel-sim][GT] t=38.001 quat=[0.46402, -0.53586, 0.47872, 0.51804] angvel=[-0.0271, -0.00614, -0.01051] linvel=[0.00203, -0.00334, 0.00344] z=0.1059
[lowlevel-sim][GT] t=38.051 quat=[0.46406, -0.53582, 0.47863, 0.51813] angvel=[0.0586, -0.01429, 0.00545] linvel=[0.00362, 0.00143, -0.00443] z=0.1059
[lowlevel-sim][GT] t=38.101 quat=[0.46388, -0.53599, 0.47859, 0.51816] angvel=[-0.01833, 0.01497, 0.05423] linvel=[0.00616, -0.00355, 0.00126] z=0.1059
[lowlevel-sim][GT] t=38.151 quat=[0.46382, -0.53597, 0.47837, 0.51843] angvel=[-0.01879, 0.08438, 0.0334] linvel=[0.009, 0.00137, 0.00326] z=0.1060
[lowlevel-sim][GT] t=38.201 quat=[0.46366, -0.53602, 0.47839, 0.51851] angvel=[0.00554, -0.00104, 0.00262] linvel=[0.00146, -0.00441, 0.00044] z=0.1060
[lowlevel-sim][GT] t=38.251 quat=[0.46358, -0.53601, 0.47828, 0.51869] angvel=[0.03282, 0.02622, 0.00393] linvel=[0.00164, 0.00188, -0.00341] z=0.1060
[lowlevel-sim][GT] t=38.301 quat=[0.46349, -0.53608, 0.47835, 0.51864] angvel=[-0.04, -0.0372, -0.04574] linvel=[-0.00127, -0.00635, 0.00254] z=0.1060
[lowlevel-sim][GT] t=38.351 quat=[0.46354, -0.53611, 0.47824, 0.51866] angvel=[0.05758, 0.03113, 0.00794] linvel=[0.0021, 0.00234, -0.00356] z=0.1060
[lowlevel-sim][GT] t=38.401 quat=[0.46346, -0.5362, 0.47823, 0.51864] angvel=[-0.01395, -0.02202, -0.00205] linvel=[0.00351, -0.00168, 0.00189] z=0.1060
[lowlevel-sim][GT] t=38.451 quat=[0.46332, -0.53625, 0.47818, 0.51876] angvel=[0.0091, -0.05478, -0.02347] linvel=[-0.0025, -0.0036, 0.00107] z=0.1059
[lowlevel-sim] t=  38.50 mode=cmd        pd=23821 hold=10404 failclosed=196 rtf=0.255 base_z=+0.106 pitch=+1.538 roll=-3.119 |tau|max=  9.54 sat=0/29 knee_L=+0.270 hip_p_L=-0.105 torn=10282 cmd_age=20.6ms auth=102.2s rig_ign=1454 fix_base=0
[lowlevel-sim][GT] t=38.501 quat=[0.46321, -0.53631, 0.47814, 0.51883] angvel=[-0.0435, 0.01894, 0.0024] linvel=[0.00063, -0.0053, 0.00264] z=0.1060
[lowlevel-sim][GT] t=38.551 quat=[0.46337, -0.53623, 0.47807, 0.51884] angvel=[0.06065, 0.02131, 0.00291] linvel=[0.00256, 0.00185, -0.00236] z=0.1060
[lowlevel-sim][GT] t=38.601 quat=[0.4634, -0.53625, 0.47803, 0.51883] angvel=[-0.05711, -0.01991, 0.02405] linvel=[0.0051, -0.00684, 0.00448] z=0.1060
[lowlevel-sim][GT] t=38.651 quat=[0.46335, -0.53618, 0.47801, 0.51897] angvel=[0.03713, 0.04583, 0.01615] linvel=[0.00095, 0.00122, -0.00287] z=0.1060
[lowlevel-sim][GT] t=38.701 quat=[0.46332, -0.53624, 0.47809, 0.51885] angvel=[-0.02492, -0.0191, 9e-05] linvel=[0.00639, -0.00172, 0.00313] z=0.1060
[lowlevel-sim][GT] t=38.751 quat=[0.46343, -0.53618, 0.47799, 0.51891] angvel=[-0.00607, -0.06638, -0.02172] linvel=[0.0001, -0.0005, 0.0015] z=0.1060
[lowlevel-sim][GT] t=38.801 quat=[0.4632, -0.53631, 0.478, 0.51898] angvel=[-0.0399, 0.01014, 0.01931] linvel=[0.00678, -0.00391, 0.00363] z=0.1060
[lowlevel-sim][GT] t=38.851 quat=[0.46322, -0.53625, 0.47798, 0.51904] angvel=[0.04387, 0.03033, 0.00656] linvel=[0.00362, 0.0027, -0.00369] z=0.1060
[lowlevel-sim][GT] t=38.901 quat=[0.46308, -0.53633, 0.47806, 0.51901] angvel=[-0.03056, -0.02339, -0.00375] linvel=[0.0062, -0.00413, 0.00114] z=0.1060
[lowlevel-sim][GT] t=38.951 quat=[0.46304, -0.53633, 0.47805, 0.51905] angvel=[-0.00734, -0.00021, 0.00352] linvel=[0.00192, 3e-05, -0.00036] z=0.1060
[lowlevel-sim] t=  39.00 mode=cmd        pd=24071 hold=10404 failclosed=196 rtf=0.256 base_z=+0.106 pitch=+1.538 roll=-3.123 |tau|max=  8.99 sat=0/29 knee_L=+0.271 hip_p_L=-0.105 torn=10312 cmd_age=29.4ms auth=103.9s rig_ign=1454 fix_base=0
[lowlevel-sim][GT] t=39.001 quat=[0.46307, -0.53639, 0.47805, 0.51896] angvel=[-0.0238, 0.01572, -0.00106] linvel=[-0.00043, -0.0008, 0.00402] z=0.1060
[lowlevel-sim][GT] t=39.051 quat=[0.46314, -0.53623, 0.47799, 0.51912] angvel=[0.05055, 0.02754, 0.00727] linvel=[0.00014, 0.00343, -0.00278] z=0.1060
[lowlevel-sim][GT] t=39.101 quat=[0.46304, -0.53639, 0.47802, 0.51902] angvel=[-0.04473, -0.00115, 0.03536] linvel=[0.00911, -0.00618, 0.0015] z=0.1060
[lowlevel-sim][GT] t=39.151 quat=[0.46312, -0.53635, 0.47793, 0.51907] angvel=[0.04893, 0.03471, 0.02462] linvel=[0.0049, -0.0008, -0.00491] z=0.1060
[lowlevel-sim][GT] t=39.201 quat=[0.46305, -0.53635, 0.47799, 0.51907] angvel=[-0.024, -0.03208, -0.04872] linvel=[0.00024, -0.00342, 0.00212] z=0.1060
[lowlevel-sim][GT] t=39.251 quat=[0.4631, -0.53629, 0.47794, 0.51914] angvel=[0.07424, 0.00328, 0.00345] linvel=[0.00076, 0.003, -0.0048] z=0.1060
[lowlevel-sim][GT] t=39.301 quat=[0.46309, -0.53637, 0.47798, 0.51904] angvel=[-0.02873, -0.01374, 0.0059] linvel=[0.00463, -0.0017, 0.00419] z=0.1060
[lowlevel-sim][GT] t=39.351 quat=[0.46315, -0.53635, 0.47789, 0.51909] angvel=[0.0347, -0.01321, -0.0007] linvel=[0.00654, 0.00311, -0.00142] z=0.1060
[lowlevel-sim][GT] t=39.401 quat=[0.46306, -0.53645, 0.47793, 0.51902] angvel=[-0.04259, -0.03363, -0.0452] linvel=[-0.00126, -0.00829, 0.00304] z=0.1060
[lowlevel-sim][GT] t=39.451 quat=[0.46308, -0.53639, 0.47791, 0.51908] angvel=[0.03842, 0.05036, 0.01035] linvel=[0.00155, 0.0008, -0.00418] z=0.1060
[lowlevel-sim] t=  39.50 mode=cmd        pd=24321 hold=10404 failclosed=196 rtf=0.256 base_z=+0.106 pitch=+1.539 roll=-3.119 |tau|max= 10.04 sat=0/29 knee_L=+0.270 hip_p_L=-0.105 torn=10328 cmd_age=25.8ms auth=105.5s rig_ign=1454 fix_base=0
[lowlevel-sim][GT] t=39.501 quat=[0.46309, -0.53642, 0.47789, 0.51906] angvel=[-0.00315, 0.01744, 0.03144] linvel=[0.00995, -0.00122, 0.00402] z=0.1060
[lowlevel-sim][GT] t=39.551 quat=[0.46323, -0.53628, 0.47774, 0.51922] angvel=[-0.01617, 0.07768, 0.02838] linvel=[0.00962, -0.00081, -0.00065] z=0.1061
[lowlevel-sim][GT] t=39.601 quat=[0.46313, -0.53641, 0.47783, 0.51909] angvel=[-0.0247, -0.03987, -0.05346] linvel=[0.00059, -0.00477, 0.001] z=0.1061
[lowlevel-sim][GT] t=39.651 quat=[0.46312, -0.53635, 0.47774, 0.51924] angvel=[0.06634, 0.01952, 0.00849] linvel=[0.0033, 0.002, -0.00528] z=0.1061
[lowlevel-sim][GT] t=39.701 quat=[0.46298, -0.53639, 0.47769, 0.51937] angvel=[-0.04143, 0.00063, 0.00648] linvel=[0.00672, -0.00355, 0.00511] z=0.1061
[lowlevel-sim][GT] t=39.751 quat=[0.46296, -0.53639, 0.47764, 0.51943] angvel=[0.03658, 0.01533, -0.00496] linvel=[0.00334, -0.00114, -0.00402] z=0.1061
[lowlevel-sim][GT] t=39.801 quat=[0.46277, -0.53653, 0.4777, 0.51941] angvel=[-0.06137, 0.00871, -0.00522] linvel=[0.00584, -0.00612, 0.00492] z=0.1061
[lowlevel-sim][GT] t=39.851 quat=[0.46269, -0.53656, 0.47761, 0.51952] angvel=[0.04136, -0.00016, -0.00435] linvel=[0.00406, -0.00023, -0.00341] z=0.1060
[lowlevel-sim][GT] t=39.901 quat=[0.46255, -0.53669, 0.47764, 0.51949] angvel=[-0.0372, 0.02823, 0.04418] linvel=[0.00795, -0.00713, 0.00222] z=0.1060
[lowlevel-sim][GT] t=39.951 quat=[0.4626, -0.53662, 0.47753, 0.51962] angvel=[0.01593, 0.05235, 0.01797] linvel=[0.00388, -5e-05, -0.0003] z=0.1060
[lowlevel-sim] t=  40.00 mode=cmd        pd=24571 hold=10404 failclosed=196 rtf=0.257 base_z=+0.106 pitch=+1.539 roll=-3.134 |tau|max=  9.41 sat=0/29 knee_L=+0.272 hip_p_L=-0.105 torn=10356 cmd_age=29.2ms auth=107.0s rig_ign=1454 fix_base=0
[lowlevel-sim][GT] t=40.001 quat=[0.46252, -0.53673, 0.47752, 0.51958] angvel=[-0.03741, -0.02626, -0.02207] linvel=[0.0035, -0.00027, 0.00464] z=0.1061
[lowlevel-sim][GT] t=40.051 quat=[0.46269, -0.53657, 0.47736, 0.51975] angvel=[-0.02496, -0.04306, -0.02593] linvel=[-0.00219, -0.00331, 0.0035] z=0.1061
[lowlevel-sim][GT] t=40.101 quat=[0.46263, -0.53663, 0.47732, 0.51977] angvel=[-0.02434, -0.01644, 0.02377] linvel=[0.00657, -0.00341, 0.00175] z=0.1062
[lowlevel-sim][GT] t=40.151 quat=[0.46241, -0.53666, 0.47731, 0.51994] angvel=[0.05709, 0.00072, -0.00245] linvel=[0.00236, -0.00081, -0.00484] z=0.1062
[lowlevel-sim][GT] t=40.201 quat=[0.46224, -0.53681, 0.47736, 0.5199] angvel=[-0.03035, -0.03831, -0.05206] linvel=[-0.00123, -0.00569, 0.00218] z=0.1061
[lowlevel-sim][GT] t=40.251 quat=[0.46237, -0.53672, 0.47728, 0.51995] angvel=[0.0102, 0.03476, -0.00789] linvel=[0.0003, -6e-05, -0.00134] z=0.1061
[lowlevel-sim][GT] t=40.301 quat=[0.46227, -0.53677, 0.47741, 0.51988] angvel=[-0.01836, 0.01899, -0.02242] linvel=[-0.00268, -0.00312, 0.00277] z=0.1061
[lowlevel-sim][GT] t=40.351 quat=[0.46244, -0.53667, 0.47729, 0.51992] angvel=[0.00698, 0.02711, 0.01381] linvel=[0.00022, 0.00028, -0.00174] z=0.1062
[lowlevel-sim][GT] t=40.401 quat=[0.46241, -0.53677, 0.47733, 0.51981] angvel=[-0.02554, 0.01138, -0.00612] linvel=[-0.00085, -0.00222, 0.00271] z=0.1062
[lowlevel-sim][GT] t=40.451 quat=[0.46244, -0.53678, 0.47721, 0.5199] angvel=[0.01255, 0.03791, 0.03084] linvel=[0.00234, -0.00098, -0.00071] z=0.1061
[lowlevel-sim] t=  40.50 mode=cmd        pd=24821 hold=10404 failclosed=196 rtf=0.258 base_z=+0.106 pitch=+1.539 roll=-3.133 |tau|max=  9.62 sat=0/29 knee_L=+0.272 hip_p_L=-0.106 torn=10370 cmd_age=43.8ms auth=108.5s rig_ign=1454 fix_base=0
[lowlevel-sim][GT] t=40.501 quat=[0.4623, -0.53693, 0.47721, 0.51986] angvel=[-0.0232, 0.0088, -0.01363] linvel=[-0.00125, -0.00135, 0.00339] z=0.1061
[lowlevel-sim][GT] t=40.551 quat=[0.46232, -0.53687, 0.4771, 0.52001] angvel=[-0.02721, 0.0375, 0.01836] linvel=[0.00105, 0.00011, -0.00026] z=0.1061
[lowlevel-sim][GT] t=40.601 quat=[0.46221, -0.53697, 0.47715, 0.51995] angvel=[-0.05606, 0.02243, 0.00348] linvel=[0.00447, -0.00623, 0.00376] z=0.1061
[lowlevel-sim][GT] t=40.651 quat=[0.46221, -0.53694, 0.47708, 0.52005] angvel=[-0.03422, -0.03674, 0.00197] linvel=[-0.00177, -0.00203, 0.00677] z=0.1061
[lowlevel-sim][GT] t=40.701 quat=[0.46189, -0.53709, 0.47707, 0.52019] angvel=[-0.02203, -0.01729, 0.02219] linvel=[0.00024, -0.0024, 0.00278] z=0.1061
[lowlevel-sim][GT] t=40.751 quat=[0.4621, -0.5369, 0.47691, 0.52034] angvel=[0.07611, 0.02994, -0.00834] linvel=[-0.00195, 0.00348, -0.00411] z=0.1062
[lowlevel-sim][GT] t=40.801 quat=[0.46209, -0.53692, 0.47694, 0.52031] angvel=[-0.0388, -0.03432, -0.00361] linvel=[0.00327, -0.0037, 0.00146] z=0.1062
[lowlevel-sim][GT] t=40.851 quat=[0.46222, -0.53682, 0.47702, 0.52023] angvel=[-0.00964, 0.06061, 0.01879] linvel=[-0.00102, -0.00019, -0.00165] z=0.1062
[lowlevel-sim][GT] t=40.901 quat=[0.46217, -0.53685, 0.47708, 0.52018] angvel=[-0.03519, -0.01597, -0.00593] linvel=[-0.00158, -0.00565, 0.00182] z=0.1062
[lowlevel-sim][GT] t=40.951 quat=[0.46229, -0.53683, 0.47707, 0.52011] angvel=[-0.04995, -0.05494, -0.00633] linvel=[-0.00963, -0.00357, 0.00442] z=0.1062
[lowlevel-sim] t=  41.00 mode=cmd        pd=25071 hold=10404 failclosed=196 rtf=0.258 base_z=+0.106 pitch=+1.539 roll=-3.134 |tau|max=  9.96 sat=0/29 knee_L=+0.271 hip_p_L=-0.105 torn=10391 cmd_age=19.3ms auth=110.2s rig_ign=1454 fix_base=0
[lowlevel-sim][GT] t=41.001 quat=[0.46237, -0.53683, 0.4771, 0.52] angvel=[-0.02913, 0.00687, 0.02909] linvel=[0.00307, -0.00252, 0.00231] z=0.1062
[lowlevel-sim][GT] t=41.051 quat=[0.46244, -0.53693, 0.47702, 0.51991] angvel=[-0.01132, 0.0823, 0.04118] linvel=[0.00045, -0.00117, -0.00057] z=0.1062
[lowlevel-sim][GT] t=41.101 quat=[0.46236, -0.53692, 0.47712, 0.51991] angvel=[-0.02694, -0.03143, -0.00301] linvel=[-0.00234, -0.00261, 0.00256] z=0.1062
[lowlevel-sim] FAIL-CLOSED engaged at t=41.120s, last command age 95.16 ms (deadline <= 100 ms) PASS
[lowlevel-sim] COMMANDED at t=41.122s (was fail-closed)
[lowlevel-sim][GT] t=41.151 quat=[0.46237, -0.53703, 0.47737, 0.51955] angvel=[-0.00621, -0.09123, -0.0203] linvel=[-0.00904, -0.00338, 0.00146] z=0.1060
[lowlevel-sim][GT] t=41.201 quat=[0.46242, -0.5371, 0.47734, 0.51946] angvel=[-0.04824, -0.00574, 0.0179] linvel=[-0.00358, -0.00447, 0.00215] z=0.1060
[lowlevel-sim][GT] t=41.251 quat=[0.46254, -0.53714, 0.47714, 0.51949] angvel=[0.02595, 0.01097, -0.00581] linvel=[-0.00369, -0.0022, -0.0042] z=0.1060
[lowlevel-sim][GT] t=41.301 quat=[0.46241, -0.53728, 0.47719, 0.51943] angvel=[-0.02967, 0.00472, 0.01094] linvel=[-0.00467, -0.0059, 0.00119] z=0.1059
[lowlevel-sim][GT] t=41.351 quat=[0.46248, -0.5372, 0.47704, 0.51958] angvel=[0.06346, 0.01205, 0.00269] linvel=[-0.00567, 0.00321, -0.00559] z=0.1059
[lowlevel-sim][GT] t=41.401 quat=[0.46253, -0.53721, 0.47708, 0.51948] angvel=[-0.05013, -0.02364, 0.00386] linvel=[-0.00206, -0.0036, 0.00322] z=0.1059
[lowlevel-sim][GT] t=41.451 quat=[0.46275, -0.53718, 0.47696, 0.51944] angvel=[0.01496, -0.0475, -0.01432] linvel=[-0.00601, -0.00296, 0.00053] z=0.1060
[lowlevel-sim] t=  41.50 mode=cmd        pd=25321 hold=10404 failclosed=197 rtf=0.258 base_z=+0.106 pitch=+1.539 roll=-3.091 |tau|max=  9.85 sat=0/29 knee_L=+0.269 hip_p_L=-0.104 torn=10412 cmd_age=30.3ms auth=112.1s rig_ign=1454 fix_base=0
[lowlevel-sim][GT] t=41.501 quat=[0.46266, -0.53722, 0.4769, 0.51951] angvel=[-0.05266, 0.0125, 0.00982] linvel=[-0.00083, -0.0055, 0.00315] z=0.1060
[lowlevel-sim][GT] t=41.551 quat=[0.46257, -0.53717, 0.47682, 0.51974] angvel=[0.01601, 0.03165, 0.03546] linvel=[0.00264, 0.00071, -0.00026] z=0.1060
[lowlevel-sim][GT] t=41.601 quat=[0.46243, -0.53728, 0.47686, 0.51971] angvel=[-0.04165, -0.01714, 0.01359] linvel=[0.00588, -0.00435, 0.00223] z=0.1060
[lowlevel-sim][GT] t=41.651 quat=[0.46238, -0.53728, 0.4768, 0.5198] angvel=[0.02018, 0.00681, -0.00043] linvel=[0.00453, 0.00014, -0.00332] z=0.1060
[lowlevel-sim][GT] t=41.701 quat=[0.46225, -0.53726, 0.47694, 0.51981] angvel=[-0.01512, -0.03865, -0.04817] linvel=[0.00123, -0.00704, -1e-05] z=0.1060
[lowlevel-sim][GT] t=41.751 quat=[0.46236, -0.53712, 0.47691, 0.51988] angvel=[0.01269, 0.06133, 0.01483] linvel=[0.00595, 0.00207, -0.00021] z=0.1060
[lowlevel-sim][GT] t=41.801 quat=[0.46238, -0.537, 0.47698, 0.51993] angvel=[-0.02091, -0.03662, -0.05074] linvel=[0.0027, -0.00346, 0.00041] z=0.1061
[lowlevel-sim][GT] t=41.851 quat=[0.4625, -0.53692, 0.47692, 0.51995] angvel=[0.01962, 0.01773, -0.00582] linvel=[0.00576, 0.0023, -0.0022] z=0.1061
[lowlevel-sim][GT] t=41.901 quat=[0.46244, -0.53704, 0.47699, 0.51982] angvel=[-0.02385, -0.00544, -0.00802] linvel=[0.00422, -0.00178, 0.00222] z=0.1061
[lowlevel-sim][GT] t=41.951 quat=[0.46241, -0.53695, 0.477, 0.51994] angvel=[0.02637, 0.04513, 0.01885] linvel=[0.00442, 0.0027, -0.00111] z=0.1061
[lowlevel-sim] t=  42.00 mode=cmd        pd=25571 hold=10404 failclosed=197 rtf=0.259 base_z=+0.106 pitch=+1.539 roll=-3.130 |tau|max=  9.98 sat=0/29 knee_L=+0.271 hip_p_L=-0.105 torn=10442 cmd_age=28.7ms auth=113.9s rig_ign=1454 fix_base=0
[lowlevel-sim][GT] t=42.001 quat=[0.46224, -0.53704, 0.47705, 0.51994] angvel=[-0.05426, -0.0363, -0.01382] linvel=[0.00211, -0.00877, 0.00497] z=0.1061
[lowlevel-sim][GT] t=42.051 quat=[0.46231, -0.53697, 0.47704, 0.51997] angvel=[0.0006, -0.02067, -0.01906] linvel=[-0.00038, -0.0042, 1e-05] z=0.1061
[lowlevel-sim][GT] t=42.101 quat=[0.46217, -0.53697, 0.47714, 0.52] angvel=[-0.00526, 0.02354, 0.03182] linvel=[0.00873, -0.00287, 0.00145] z=0.1061
[lowlevel-sim][GT] t=42.151 quat=[0.46224, -0.53684, 0.47714, 0.52008] angvel=[-0.0302, 0.1184, 0.03186] linvel=[0.00672, -0.00302, -0.00053] z=0.1061
[lowlevel-sim][GT] t=42.201 quat=[0.46217, -0.53686, 0.47726, 0.52] angvel=[-0.02768, -0.02503, -0.02554] linvel=[0.00226, -0.00233, 0.00579] z=0.1061
[lowlevel-sim][GT] t=42.251 quat=[0.46233, -0.53682, 0.47718, 0.51997] angvel=[0.04768, -0.01016, -0.0056] linvel=[0.00562, 0.00151, -0.0039] z=0.1061
[lowlevel-sim][GT] t=42.301 quat=[0.46239, -0.53685, 0.4772, 0.51988] angvel=[-0.02619, 0.02618, 0.01249] linvel=[0.00411, -0.00316, 0.00366] z=0.1062
[lowlevel-sim][GT] t=42.351 quat=[0.46228, -0.5368, 0.47713, 0.52008] angvel=[0.02986, 0.05604, 0.02197] linvel=[0.00189, 0.00208, -0.00206] z=0.1062
[lowlevel-sim][GT] t=42.401 quat=[0.46222, -0.53689, 0.47708, 0.52009] angvel=[-0.05241, 0.03913, 0.03061] linvel=[0.00998, -0.00741, 0.00193] z=0.1062
[lowlevel-sim][GT] t=42.451 quat=[0.46211, -0.53688, 0.47705, 0.52023] angvel=[-0.00151, 0.06819, 0.0177] linvel=[0.00424, 0.00199, 0.0011] z=0.1061
[lowlevel-sim] t=  42.50 mode=cmd        pd=25821 hold=10404 failclosed=197 rtf=0.259 base_z=+0.106 pitch=+1.539 roll=+3.136 |tau|max=  8.25 sat=0/29 knee_L=+0.272 hip_p_L=-0.106 torn=10453 cmd_age=28.7ms auth=115.8s rig_ign=1454 fix_base=0
[lowlevel-sim][GT] t=42.501 quat=[0.46198, -0.53699, 0.47706, 0.52022] angvel=[-0.0052, 0.0096, 0.01242] linvel=[0.0047, -0.00318, 0.00138] z=0.1061
[lowlevel-sim][GT] t=42.551 quat=[0.46198, -0.53692, 0.47698, 0.52037] angvel=[0.04495, 0.00639, -0.02741] linvel=[0.00078, 0.00264, -0.0038] z=0.1061
[lowlevel-sim][GT] t=42.601 quat=[0.46187, -0.53703, 0.47701, 0.52032] angvel=[-0.00884, -0.00971, 0.02695] linvel=[0.00204, -0.00317, -0.0013] z=0.1061
[lowlevel-sim][GT] t=42.651 quat=[0.46211, -0.53685, 0.47697, 0.52033] angvel=[0.02041, 0.02691, -0.004] linvel=[0.00453, 0.0024, -0.00336] z=0.1062
[lowlevel-sim][GT] t=42.701 quat=[0.46202, -0.53693, 0.47701, 0.52029] angvel=[-0.00639, -0.01709, -0.03406] linvel=[0.0044, -0.00315, 0.00314] z=0.1062
[lowlevel-sim][GT] t=42.751 quat=[0.46221, -0.53675, 0.47702, 0.5203] angvel=[0.04288, 0.00458, 0.00316] linvel=[0.00298, -0.00041, -0.00577] z=0.1062
[lowlevel-sim][GT] t=42.801 quat=[0.46211, -0.53682, 0.47714, 0.5202] angvel=[-0.01669, 0.00366, 0.02842] linvel=[0.00976, -0.00329, -2e-05] z=0.1062
[lowlevel-sim][GT] t=42.851 quat=[0.46209, -0.53673, 0.47718, 0.52028] angvel=[0.04816, 0.00101, -0.00963] linvel=[0.0031, 0.00281, -0.00324] z=0.1062
[lowlevel-sim][GT] t=42.901 quat=[0.46205, -0.53693, 0.47717, 0.52013] angvel=[-0.02413, -0.00097, 0.03413] linvel=[0.0034, -0.00476, -0.00131] z=0.1062
[lowlevel-sim][GT] t=42.951 quat=[0.46207, -0.53679, 0.47719, 0.52024] angvel=[0.03016, 0.11382, 0.01861] linvel=[0.00322, 0.00088, -0.00355] z=0.1062
[lowlevel-sim] t=  43.00 mode=cmd        pd=26071 hold=10404 failclosed=197 rtf=0.259 base_z=+0.106 pitch=+1.539 roll=+3.127 |tau|max=  9.37 sat=0/29 knee_L=+0.272 hip_p_L=-0.106 torn=10474 cmd_age=58.5ms auth=117.7s rig_ign=1454 fix_base=0
[lowlevel-sim][GT] t=43.001 quat=[0.46203, -0.53682, 0.47724, 0.52019] angvel=[-0.01972, -0.01431, -0.01396] linvel=[0.00061, -0.00029, 0.00401] z=0.1062
[lowlevel-sim][GT] t=43.051 quat=[0.4621, -0.53674, 0.4772, 0.52024] angvel=[-0.03069, -0.00771, 0.01073] linvel=[0.00116, -0.00306, 0.00325] z=0.1062
[lowlevel-sim][GT] t=43.101 quat=[0.46219, -0.53675, 0.4772, 0.52016] angvel=[-0.02063, -0.01134, 0.00735] linvel=[0.0006, -0.00163, 0.00329] z=0.1062
[lowlevel-sim][GT] t=43.151 quat=[0.4623, -0.53664, 0.47712, 0.52025] angvel=[-0.02097, -0.0439, 0.00334] linvel=[-0.00301, -0.0018, 0.00254] z=0.1063
[lowlevel-sim][GT] t=43.201 quat=[0.46228, -0.53667, 0.47712, 0.52023] angvel=[-0.03556, -0.01063, 0.00187] linvel=[-0.00123, 0.00089, 0.00368] z=0.1063
[lowlevel-sim][GT] t=43.251 quat=[0.46219, -0.53669, 0.47704, 0.52036] angvel=[0.06626, 0.03736, 0.02597] linvel=[-0.00227, 0.00036, -0.00946] z=0.1063
[lowlevel-sim][GT] t=43.301 quat=[0.4623, -0.53666, 0.47704, 0.5203] angvel=[-0.01131, -0.03743, -0.02901] linvel=[-0.00705, -0.00639, 0.00141] z=0.1063
[lowlevel-sim][GT] t=43.351 quat=[0.46249, -0.53658, 0.47702, 0.52023] angvel=[0.06375, 0.01906, -0.00252] linvel=[-0.00379, 0.00319, -0.00459] z=0.1063
[lowlevel-sim][GT] t=43.401 quat=[0.46255, -0.5366, 0.47708, 0.5201] angvel=[-0.02357, -0.04689, -0.03351] linvel=[-0.00694, -0.00664, 0.00148] z=0.1063
[lowlevel-sim][GT] t=43.451 quat=[0.46264, -0.5366, 0.47696, 0.52012] angvel=[0.06565, -0.00449, 0.00092] linvel=[-0.00381, 0.00237, -0.00529] z=0.1063
[lowlevel-sim] t=  43.50 mode=cmd        pd=26321 hold=10404 failclosed=197 rtf=0.260 base_z=+0.106 pitch=+1.540 roll=-3.132 |tau|max=  9.70 sat=0/29 knee_L=+0.272 hip_p_L=-0.105 torn=10502 cmd_age=21.4ms auth=119.1s rig_ign=1454 fix_base=0
[lowlevel-sim][GT] t=43.501 quat=[0.46253, -0.53669, 0.47701, 0.52009] angvel=[-0.02823, -0.00394, -0.01028] linvel=[-0.00498, -0.00902, 0.0014] z=0.1063
[lowlevel-sim][GT] t=43.551 quat=[0.46248, -0.53668, 0.4769, 0.52024] angvel=[0.07271, -0.00176, 0.00128] linvel=[-0.00287, 0.00332, -0.00492] z=0.1063
[lowlevel-sim][GT] t=43.601 quat=[0.46255, -0.53679, 0.47686, 0.5201] angvel=[-0.01665, 0.01818, -0.00643] linvel=[-0.00421, -0.00106, 0.00301] z=0.1063
[lowlevel-sim][GT] t=43.651 quat=[0.46255, -0.53678, 0.4768, 0.52018] angvel=[0.03494, 0.00245, 0.01355] linvel=[-0.00286, -0.00033, -0.00453] z=0.1063
[lowlevel-sim][GT] t=43.701 quat=[0.46236, -0.53694, 0.47686, 0.52011] angvel=[-0.0433, 0.03871, 0.04998] linvel=[0.00156, -0.00681, 0.00014] z=0.1063
[lowlevel-sim][GT] t=43.751 quat=[0.46242, -0.53692, 0.47677, 0.52017] angvel=[0.0187, 0.03787, 0.00808] linvel=[-0.00148, 0.00102, -0.00121] z=0.1062
[lowlevel-sim][GT] t=43.801 quat=[0.46223, -0.53705, 0.47678, 0.5202] angvel=[-0.02757, -0.01283, -0.00986] linvel=[0.00024, -0.00794, 0.00121] z=0.1062
[lowlevel-sim][GT] t=43.851 quat=[0.46223, -0.53704, 0.47676, 0.52023] angvel=[-0.0235, -0.01942, -0.01647] linvel=[-0.00582, -0.00304, 0.0044] z=0.1062
[lowlevel-sim][GT] t=43.901 quat=[0.4622, -0.53706, 0.47674, 0.52024] angvel=[-0.0285, -0.01129, -0.01214] linvel=[0.00034, -0.0025, 0.00349] z=0.1062
[lowlevel-sim][GT] t=43.951 quat=[0.46236, -0.53701, 0.47667, 0.52022] angvel=[-0.02362, -0.0733, -0.03341] linvel=[-0.00182, 0.00044, 0.00391] z=0.1062
[lowlevel-sim] t=  44.00 mode=cmd        pd=26571 hold=10404 failclosed=197 rtf=0.260 base_z=+0.106 pitch=+1.539 roll=-3.126 |tau|max=  9.31 sat=0/29 knee_L=+0.272 hip_p_L=-0.105 torn=10535 cmd_age=29.8ms auth=120.5s rig_ign=1454 fix_base=0
[lowlevel-sim][GT] t=44.001 quat=[0.46222, -0.5371, 0.47676, 0.52018] angvel=[-0.0205, -0.01767, -0.00321] linvel=[0.003, -0.00037, 0.00227] z=0.1062
[lowlevel-sim][GT] t=44.051 quat=[0.46226, -0.53708, 0.47667, 0.52023] angvel=[-0.02072, -0.02152, -0.01038] linvel=[-7e-05, -0.00264, 0.0038] z=0.1062
[lowlevel-sim][GT] t=44.101 quat=[0.46202, -0.53715, 0.47666, 0.52039] angvel=[-0.04033, 0.01228, 0.03201] linvel=[0.01059, -0.00166, 0.00533] z=0.1062
[lowlevel-sim][GT] t=44.151 quat=[0.46207, -0.53714, 0.47646, 0.52054] angvel=[-0.01001, -0.0577, -0.00272] linvel=[0.00322, -0.00194, 0.00069] z=0.1063
[lowlevel-sim][GT] t=44.201 quat=[0.46185, -0.53725, 0.4765, 0.52058] angvel=[-0.01022, -0.00296, 0.01521] linvel=[0.00499, -0.0016, 0.00097] z=0.1062
[lowlevel-sim][GT] t=44.251 quat=[0.46178, -0.53722, 0.47643, 0.52075] angvel=[-0.0045, 0.0282, -0.00216] linvel=[0.00478, -0.00079, -9e-05] z=0.1062
[lowlevel-sim][GT] t=44.301 quat=[0.46157, -0.53739, 0.47651, 0.52067] angvel=[-0.01848, -0.03559, -0.03634] linvel=[0.00119, -0.00803, 0.00042] z=0.1062
[lowlevel-sim][GT] t=44.351 quat=[0.46145, -0.53743, 0.47652, 0.52073] angvel=[0.01951, 0.03793, 0.02368] linvel=[0.00545, -0.0006, -0.0008] z=0.1061
[lowlevel-sim][GT] t=44.401 quat=[0.46136, -0.5375, 0.47654, 0.52072] angvel=[-0.03174, -0.00519, -0.0127] linvel=[0.00587, -0.00073, 0.00342] z=0.1061
[lowlevel-sim][GT] t=44.451 quat=[0.4615, -0.53745, 0.47644, 0.52074] angvel=[-0.00122, 0.02865, 0.01674] linvel=[0.00576, 0.0009, 0.00139] z=0.1061
[lowlevel-sim] t=  44.50 mode=cmd        pd=26821 hold=10404 failclosed=197 rtf=0.260 base_z=+0.106 pitch=+1.539 roll=+3.125 |tau|max=  9.96 sat=0/29 knee_L=+0.272 hip_p_L=-0.106 torn=10566 cmd_age=37.3ms auth=122.5s rig_ign=1454 fix_base=0
[lowlevel-sim][GT] t=44.501 quat=[0.46128, -0.53747, 0.47648, 0.52088] angvel=[-0.00422, 0.01234, 0.03615] linvel=[0.00623, -0.00289, -0.00126] z=0.1062
[lowlevel-sim][GT] t=44.551 quat=[0.46138, -0.53734, 0.47634, 0.52105] angvel=[0.00774, 0.02273, 0.01192] linvel=[0.00206, 0.00139, -0.00045] z=0.1063
[lowlevel-sim][GT] t=44.601 quat=[0.46148, -0.53731, 0.47635, 0.52099] angvel=[0.00622, -0.01102, -0.0113] linvel=[0.00233, -0.00215, 7e-05] z=0.1063
[lowlevel-sim][GT] t=44.651 quat=[0.46156, -0.53725, 0.47629, 0.52103] angvel=[0.01648, 0.02168, 0.00161] linvel=[0.00312, -0.00241, -0.00324] z=0.1063
[lowlevel-sim][GT] t=44.701 quat=[0.4615, -0.53733, 0.47641, 0.52089] angvel=[-0.0539, -0.02155, -0.04757] linvel=[-0.0029, -0.0081, 0.00552] z=0.1063
[lowlevel-sim][GT] t=44.751 quat=[0.46153, -0.53729, 0.47629, 0.52103] angvel=[0.0351, 0.05171, 0.03277] linvel=[0.00515, 0.00103, -0.00357] z=0.1063
[lowlevel-sim][GT] t=44.801 quat=[0.4614, -0.53736, 0.47634, 0.52102] angvel=[-0.03289, -0.03263, -0.04262] linvel=[-0.00117, -0.00593, 0.00191] z=0.1063
[lowlevel-sim][GT] t=44.851 quat=[0.4614, -0.53731, 0.47631, 0.52108] angvel=[0.03632, 0.04148, 0.00145] linvel=[0.00155, 0.00297, -0.00268] z=0.1063
[lowlevel-sim][GT] t=44.901 quat=[0.4612, -0.53747, 0.47633, 0.52108] angvel=[-0.05386, 0.00791, -0.02108] linvel=[-0.00452, -0.00786, 0.00276] z=0.1063
[lowlevel-sim][GT] t=44.951 quat=[0.46125, -0.53745, 0.47626, 0.52113] angvel=[0.06794, 0.00979, 0.00123] linvel=[-0.00151, 0.00265, -0.00539] z=0.1063
[lowlevel-sim] t=  45.00 mode=cmd        pd=27071 hold=10404 failclosed=197 rtf=0.260 base_z=+0.106 pitch=+1.539 roll=+3.129 |tau|max=  9.84 sat=0/29 knee_L=+0.273 hip_p_L=-0.106 torn=10587 cmd_age=30.3ms auth=124.6s rig_ign=1454 fix_base=0
[lowlevel-sim][GT] t=45.001 quat=[0.46138, -0.53743, 0.47629, 0.521] angvel=[-0.02758, -0.02962, -0.02577] linvel=[-0.00822, -0.00779, 0.00154] z=0.1063
[lowlevel-sim][GT] t=45.051 quat=[0.46144, -0.53738, 0.47632, 0.52097] angvel=[0.00758, 0.03545, -0.00035] linvel=[-0.00208, 0.00199, -0.00105] z=0.1062
[lowlevel-sim][GT] t=45.101 quat=[0.46152, -0.53739, 0.47644, 0.52079] angvel=[-0.03716, 0.00121, -0.0088] linvel=[-0.00299, -0.00311, 0.00279] z=0.1062
[lowlevel-sim][GT] t=45.151 quat=[0.46164, -0.53727, 0.47645, 0.52079] angvel=[0.01597, 0.0113, 0.00469] linvel=[-0.00216, 0.00173, -0.00133] z=0.1063
[lowlevel-sim][GT] t=45.201 quat=[0.46172, -0.53734, 0.4765, 0.52061] angvel=[-0.03697, 0.04044, 0.01415] linvel=[-0.00269, -0.00602, 0.00081] z=0.1062
[lowlevel-sim][GT] t=45.251 quat=[0.46189, -0.53736, 0.4764, 0.52052] angvel=[-0.00501, 0.01875, 0.01375] linvel=[-0.00247, 0.00064, -0.0004] z=0.1062
[lowlevel-sim][GT] t=45.301 quat=[0.46177, -0.53743, 0.47653, 0.52044] angvel=[-0.02594, 0.00519, 0.00306] linvel=[-0.00502, -0.0023, 0.00294] z=0.1062
[lowlevel-sim][GT] t=45.351 quat=[0.46189, -0.53726, 0.47645, 0.52058] angvel=[-0.0011, 0.09517, 0.00462] linvel=[-0.00155, 0.00259, -0.00139] z=0.1062
[lowlevel-sim][GT] t=45.401 quat=[0.46189, -0.53734, 0.47655, 0.52041] angvel=[-0.03929, 0.02241, 0.03888] linvel=[-0.00046, -0.00727, 0.00134] z=0.1062
[lowlevel-sim][GT] t=45.451 quat=[0.46205, -0.53721, 0.47654, 0.52042] angvel=[0.02972, 0.01881, -0.0027] linvel=[-0.00667, -0.00044, -0.00287] z=0.1062
[lowlevel-sim] t=  45.50 mode=cmd        pd=27321 hold=10404 failclosed=197 rtf=0.260 base_z=+0.106 pitch=+1.539 roll=-3.120 |tau|max=  9.88 sat=0/29 knee_L=+0.271 hip_p_L=-0.105 torn=10612 cmd_age=88.2ms auth=126.6s rig_ign=1454 fix_base=0
[lowlevel-sim][GT] t=45.501 quat=[0.46213, -0.53726, 0.47657, 0.52026] angvel=[-0.01633, 0.00557, 0.0254] linvel=[0.00043, -0.00412, 0.00202] z=0.1062
[lowlevel-sim][GT] t=45.551 quat=[0.46219, -0.53714, 0.47659, 0.52031] angvel=[0.00712, 0.08086, 0.02328] linvel=[-0.00048, 0.0006, -0.00199] z=0.1062
[lowlevel-sim][GT] t=45.601 quat=[0.46226, -0.53724, 0.47665, 0.52009] angvel=[-0.01283, -0.00586, 0.0052] linvel=[-0.00286, -0.0034, -0.0007] z=0.1062
[lowlevel-sim] FAIL-CLOSED engaged at t=45.630s, last command age 86.23 ms (deadline <= 100 ms) PASS
[lowlevel-sim] COMMANDED at t=45.632s (was fail-closed)
[lowlevel-sim][GT] t=45.651 quat=[0.46208, -0.53739, 0.47674, 0.52001] angvel=[-0.01119, -0.01729, -0.02128] linvel=[-0.0086, -0.00382, 0.00295] z=0.1061
[lowlevel-sim][GT] t=45.701 quat=[0.4623, -0.53716, 0.47657, 0.52021] angvel=[0.01673, 0.10025, 0.01906] linvel=[0.00285, 0.00331, -0.00203] z=0.1062
[lowlevel-sim][GT] t=45.751 quat=[0.46233, -0.53714, 0.47662, 0.52016] angvel=[-0.02468, -0.03322, -0.04449] linvel=[-0.00463, -0.00385, 0.00173] z=0.1062
[lowlevel-sim][GT] t=45.801 quat=[0.46238, -0.53712, 0.47648, 0.52026] angvel=[0.05572, 0.00932, 0.01423] linvel=[-0.00025, 0.00293, -0.00509] z=0.1062
[lowlevel-sim][GT] t=45.851 quat=[0.46233, -0.53718, 0.47651, 0.52022] angvel=[-0.04023, -0.03392, -0.03061] linvel=[-0.00654, -0.00818, 0.00062] z=0.1063
[lowlevel-sim][GT] t=45.901 quat=[0.46225, -0.53714, 0.47648, 0.52037] angvel=[0.04529, 0.03798, 0.02766] linvel=[0.00118, 0.00168, -0.00342] z=0.1062
[lowlevel-sim][GT] t=45.951 quat=[0.46228, -0.5371, 0.47652, 0.52033] angvel=[-0.00975, -0.00403, -0.00832] linvel=[-0.00298, -0.00349, 0.00238] z=0.1063
[lowlevel-sim] t=  46.00 mode=cmd        pd=27571 hold=10404 failclosed=198 rtf=0.260 base_z=+0.106 pitch=+1.540 roll=-3.116 |tau|max= 35.00 sat=2/29 knee_L=+0.270 hip_p_L=-0.104 torn=10623 cmd_age=47.4ms auth=128.6s rig_ign=1454 fix_base=0 sat_j=left_ankle_roll_joint:+35.0,right_ankle_roll_joint:-35.0
[lowlevel-sim][GT] t=46.001 quat=[0.46247, -0.53697, 0.47651, 0.5203] angvel=[0.00861, 0.02482, 0.0232] linvel=[-0.00139, -0.00091, 0.00077] z=0.1063
[lowlevel-sim][GT] t=46.051 quat=[0.46241, -0.537, 0.47669, 0.52016] angvel=[-0.03529, -0.00728, -0.00536] linvel=[-0.00213, -0.00927, 0.00014] z=0.1062
[lowlevel-sim][GT] t=46.101 quat=[0.4626, -0.53693, 0.47678, 0.51999] angvel=[-0.04044, -0.00496, -0.00142] linvel=[-0.00395, -0.00202, 0.0042] z=0.1062
[lowlevel-sim][GT] t=46.151 quat=[0.46253, -0.53702, 0.47687, 0.51987] angvel=[-0.01483, -0.01458, -0.01315] linvel=[-0.0003, -0.00297, -0.00026] z=0.1062
[lowlevel-sim] FAIL-CLOSED engaged at t=46.154s, last command age 87.03 ms (deadline <= 100 ms) PASS
[lowlevel-sim] COMMANDED at t=46.156s (was fail-closed)
[lowlevel-sim][GT] t=46.201 quat=[0.46243, -0.53713, 0.47704, 0.51969] angvel=[-0.02595, 0.02878, -0.00256] linvel=[-0.0055, -0.00533, 0.00234] z=0.1061
[lowlevel-sim][GT] t=46.251 quat=[0.46257, -0.53698, 0.47696, 0.5198] angvel=[0.03243, -0.00754, 0.00955] linvel=[-0.00541, 0.00334, -0.00104] z=0.1061
[lowlevel-sim][GT] t=46.301 quat=[0.4626, -0.53709, 0.47693, 0.51969] angvel=[-0.02017, -0.04581, -0.04062] linvel=[-0.00503, -0.00508, -0.00029] z=0.1061
[lowlevel-sim][GT] t=46.351 quat=[0.46255, -0.53712, 0.47682, 0.5198] angvel=[0.05862, 0.01106, 0.00547] linvel=[-0.00138, 0.00174, -0.00214] z=0.1061
[lowlevel-sim][GT] t=46.401 quat=[0.46253, -0.53719, 0.47673, 0.51983] angvel=[-0.03367, -0.03951, -0.02404] linvel=[-0.00201, -0.00657, 0.0006] z=0.1061
[lowlevel-sim][GT] t=46.451 quat=[0.46242, -0.53714, 0.47662, 0.52008] angvel=[0.0416, 0.05094, 0.01219] linvel=[0.00154, 0.00131, -0.00267] z=0.1061
[lowlevel-sim] t=  46.50 mode=cmd        pd=27822 hold=10404 failclosed=200 rtf=0.260 base_z=+0.106 pitch=+1.540 roll=-3.118 |tau|max=  9.81 sat=0/29 knee_L=+0.271 hip_p_L=-0.104 torn=10641 cmd_age=49.9ms auth=130.4s rig_ign=1454 fix_base=0
[lowlevel-sim][GT] t=46.501 quat=[0.46225, -0.53716, 0.47651, 0.52032] angvel=[-0.04302, 0.01328, 0.02281] linvel=[0.00361, -0.00536, 0.00104] z=0.1062
[lowlevel-sim][GT] t=46.551 quat=[0.46207, -0.53726, 0.47651, 0.52037] angvel=[0.04336, 0.01764, -0.0101] linvel=[0.00168, -0.00144, -0.00498] z=0.1061
[lowlevel-sim][GT] t=46.601 quat=[0.46194, -0.53734, 0.47655, 0.52037] angvel=[-0.02078, -0.00503, 0.00693] linvel=[0.00551, -0.00255, 0.00341] z=0.1061
[lowlevel-sim][GT] t=46.651 quat=[0.46196, -0.53719, 0.47653, 0.52052] angvel=[0.03695, 0.00684, -0.01612] linvel=[0.0063, 0.00262, -0.00252] z=0.1061
[lowlevel-sim][GT] t=46.701 quat=[0.462, -0.53724, 0.47665, 0.52032] angvel=[-0.02501, -0.03325, -0.03921] linvel=[0.00024, -0.00774, 0.00139] z=0.1061
[lowlevel-sim][GT] t=46.751 quat=[0.4621, -0.5371, 0.47664, 0.5204] angvel=[0.0715, 0.0389, -0.00225] linvel=[0.00385, 0.00181, -0.00555] z=0.1062
[lowlevel-sim][GT] t=46.801 quat=[0.46198, -0.5371, 0.47673, 0.52041] angvel=[-0.06945, 0.03121, 0.00888] linvel=[0.00586, -0.00674, 0.00533] z=0.1062
[lowlevel-sim][GT] t=46.851 quat=[0.46202, -0.53705, 0.47661, 0.52055] angvel=[0.0154, 0.07823, 0.01687] linvel=[0.00972, -0.00046, -0.00166] z=0.1062
[lowlevel-sim][GT] t=46.901 quat=[0.46198, -0.53713, 0.47668, 0.52043] angvel=[-0.03104, -0.04823, -0.01398] linvel=[0.00478, -0.00349, 0.00307] z=0.1062
[lowlevel-sim][GT] t=46.951 quat=[0.4621, -0.537, 0.47667, 0.52046] angvel=[0.06784, 0.0276, -0.00758] linvel=[0.00104, 0.00317, -0.00418] z=0.1062
[lowlevel-sim] t=  47.00 mode=cmd        pd=28072 hold=10404 failclosed=200 rtf=0.260 base_z=+0.106 pitch=+1.540 roll=-3.139 |tau|max=  9.23 sat=0/29 knee_L=+0.272 hip_p_L=-0.105 torn=10661 cmd_age=37.9ms auth=132.1s rig_ign=1454 fix_base=0
[lowlevel-sim][GT] t=47.001 quat=[0.46218, -0.53691, 0.47669, 0.52046] angvel=[-0.01614, -0.03132, -0.00899] linvel=[0.00618, -0.00112, 0.00308] z=0.1063
[lowlevel-sim][GT] t=47.051 quat=[0.4622, -0.53689, 0.47667, 0.52048] angvel=[0.02441, 0.0437, 0.01357] linvel=[0.00262, 0.00168, -0.0028] z=0.1063
[lowlevel-sim][GT] t=47.101 quat=[0.46199, -0.53705, 0.47661, 0.52057] angvel=[0.00042, -0.0548, -0.02584] linvel=[0.00265, -0.00451, 0.0003] z=0.1063
[lowlevel-sim][GT] t=47.151 quat=[0.4619, -0.53702, 0.47649, 0.52079] angvel=[-0.00131, 0.13358, 0.04245] linvel=[0.00599, 0.00077, -0.00105] z=0.1063
[lowlevel-sim][GT] t=47.201 quat=[0.46163, -0.53714, 0.47652, 0.52087] angvel=[-0.02529, -0.04533, -0.04272] linvel=[-0.00227, -0.00819, 0.00064] z=0.1063
[lowlevel-sim][GT] t=47.251 quat=[0.46162, -0.53715, 0.47647, 0.52092] angvel=[0.01804, 0.10372, 0.03811] linvel=[0.00797, -0.00089, -0.00218] z=0.1063
[lowlevel-sim][GT] t=47.301 quat=[0.46162, -0.5372, 0.47651, 0.52083] angvel=[-0.0279, -0.02911, 0.00099] linvel=[0.0057, -0.00489, 0.00019] z=0.1063
[lowlevel-sim][GT] t=47.351 quat=[0.46159, -0.53718, 0.47647, 0.52092] angvel=[0.05678, 0.03234, -0.01188] linvel=[0.00111, 0.00216, -0.00598] z=0.1063
[lowlevel-sim][GT] t=47.401 quat=[0.46156, -0.53719, 0.47649, 0.52091] angvel=[-0.02012, 0.00687, 0.02581] linvel=[0.00829, -0.00585, -0.00011] z=0.1063
[lowlevel-sim][GT] t=47.451 quat=[0.46165, -0.53714, 0.47643, 0.52093] angvel=[0.02199, 0.01301, 0.01254] linvel=[0.00164, -0.00073, -0.0034] z=0.1063
[lowlevel-sim] t=  47.50 mode=cmd        pd=28322 hold=10404 failclosed=200 rtf=0.261 base_z=+0.106 pitch=+1.539 roll=+3.128 |tau|max=  9.98 sat=0/29 knee_L=+0.273 hip_p_L=-0.106 torn=10681 cmd_age=33.9ms auth=133.8s rig_ign=1454 fix_base=0
[lowlevel-sim][GT] t=47.501 quat=[0.4615, -0.53729, 0.47648, 0.52087] angvel=[0.00059, 0.01422, 0.04131] linvel=[0.00548, -0.00307, 0.00065] z=0.1063
[lowlevel-sim][GT] t=47.551 quat=[0.46164, -0.53715, 0.47642, 0.52094] angvel=[0.01998, 0.04248, 0.0054] linvel=[-0.00033, 0.00061, -8e-05] z=0.1063
[lowlevel-sim][GT] t=47.601 quat=[0.46154, -0.53727, 0.4765, 0.52084] angvel=[-0.03268, 0.03693, 0.03718] linvel=[0.00136, -0.00725, 0.00074] z=0.1063
[lowlevel-sim][GT] t=47.651 quat=[0.46156, -0.53717, 0.47643, 0.52099] angvel=[0.01878, 0.01638, 0.01614] linvel=[-0.00457, 0.00104, -0.00029] z=0.1063
[lowlevel-sim][GT] t=47.701 quat=[0.46166, -0.53725, 0.47642, 0.52083] angvel=[-0.02714, 0.02368, -0.00704] linvel=[-0.00575, -0.00525, 0.00117] z=0.1063
[lowlevel-sim][GT] t=47.751 quat=[0.46179, -0.53717, 0.47629, 0.52091] angvel=[0.05506, 0.01459, -0.0073] linvel=[-0.00502, 0.0022, -0.00507] z=0.1063
[lowlevel-sim][GT] t=47.801 quat=[0.46168, -0.53728, 0.47633, 0.52086] angvel=[-0.03425, -0.02909, 0.00498] linvel=[-0.00178, -0.00208, 0.00513] z=0.1063
[lowlevel-sim][GT] t=47.851 quat=[0.46193, -0.5371, 0.47625, 0.5209] angvel=[0.02791, 0.04802, -0.0034] linvel=[-0.00513, 0.00154, -0.00375] z=0.1064
[lowlevel-sim][GT] t=47.901 quat=[0.46192, -0.53715, 0.47627, 0.52083] angvel=[-0.04323, -0.03567, -0.01358] linvel=[-0.00273, -0.00174, 0.00537] z=0.1064
[lowlevel-sim][GT] t=47.951 quat=[0.4621, -0.53713, 0.47623, 0.52074] angvel=[0.05538, 0.02533, -0.00252] linvel=[-0.00468, 0.00176, -0.00706] z=0.1064
[lowlevel-sim] t=  48.00 mode=cmd        pd=28572 hold=10404 failclosed=200 rtf=0.261 base_z=+0.106 pitch=+1.540 roll=-3.127 |tau|max= 10.05 sat=0/29 knee_L=+0.272 hip_p_L=-0.105 torn=10705 cmd_age=31.9ms auth=135.5s rig_ign=1454 fix_base=0
[lowlevel-sim][GT] t=48.001 quat=[0.46209, -0.53713, 0.47626, 0.52071] angvel=[-0.04917, 0.02483, 0.04183] linvel=[0.00386, -0.00779, 0.00182] z=0.1064
[lowlevel-sim][GT] t=48.051 quat=[0.46214, -0.53712, 0.47627, 0.52068] angvel=[-0.00518, 0.06457, 0.01773] linvel=[-0.00273, 0.00073, -0.00086] z=0.1064
[lowlevel-sim][GT] t=48.101 quat=[0.46199, -0.53728, 0.47625, 0.52066] angvel=[-0.02482, -0.01325, -0.00641] linvel=[-0.00055, -0.00575, 0.00042] z=0.1063
[lowlevel-sim][GT] t=48.151 quat=[0.46198, -0.53728, 0.47621, 0.52069] angvel=[0.06419, 0.01332, 0.00242] linvel=[-0.00258, 0.00219, -0.00488] z=0.1063
[lowlevel-sim][GT] t=48.201 quat=[0.46179, -0.53738, 0.47631, 0.52068] angvel=[-0.06039, 0.00846, -0.00054] linvel=[-0.00274, -0.00438, 0.00501] z=0.1063
[lowlevel-sim][GT] t=48.251 quat=[0.46173, -0.53726, 0.47635, 0.52081] angvel=[0.00107, 0.05573, 0.00799] linvel=[-9e-05, -0.00236, -0.00158] z=0.1062
[lowlevel-sim][GT] t=48.301 quat=[0.46186, -0.53733, 0.47639, 0.52059] angvel=[-0.00353, -0.00558, -0.0014] linvel=[-0.00015, -0.00316, 0.00055] z=0.1062
[lowlevel-sim][GT] t=48.351 quat=[0.46194, -0.53729, 0.47632, 0.52062] angvel=[0.03156, 0.02017, 0.0106] linvel=[-0.00102, 0.00148, -0.00153] z=0.1062
[lowlevel-sim][GT] t=48.401 quat=[0.46201, -0.53726, 0.47637, 0.52054] angvel=[-0.06387, 0.00196, 0.00461] linvel=[-0.00404, -0.0023, 0.00095] z=0.1063
[lowlevel-sim][GT] t=48.451 quat=[0.46222, -0.53714, 0.47629, 0.52056] angvel=[0.02815, -0.01584, -0.009] linvel=[-0.00116, 0.00118, -0.00281] z=0.1063
[lowlevel-sim] t=  48.50 mode=cmd        pd=28822 hold=10404 failclosed=200 rtf=0.261 base_z=+0.106 pitch=+1.540 roll=-3.112 |tau|max=  8.43 sat=0/29 knee_L=+0.272 hip_p_L=-0.104 torn=10733 cmd_age=33.5ms auth=137.3s rig_ign=1454 fix_base=0
[lowlevel-sim][GT] t=48.501 quat=[0.4623, -0.53719, 0.47638, 0.52035] angvel=[-0.0066, -0.00164, 0.00341] linvel=[-0.00288, -0.00358, 0.00465] z=0.1063
[lowlevel-sim][GT] t=48.551 quat=[0.46244, -0.53706, 0.47631, 0.52043] angvel=[0.0162, -0.00996, 0.01055] linvel=[-0.00294, 0.00086, 0.00028] z=0.1064
[lowlevel-sim] FAIL-CLOSED engaged at t=48.589s, last command age 87.23 ms (deadline <= 100 ms) PASS
[lowlevel-sim] COMMANDED at t=48.600s (was fail-closed)
[lowlevel-sim][GT] t=48.601 quat=[0.4614, -0.53814, 0.47739, 0.51925] angvel=[-0.4653, 0.0651, 0.00925] linvel=[-0.00924, -0.00386, -0.03233] z=0.1057
[lowlevel-sim][GT] t=48.651 quat=[0.46093, -0.53838, 0.47734, 0.51946] angvel=[0.04127, 0.05293, 0.02479] linvel=[-0.00535, 0.0011, -0.00206] z=0.1055
[lowlevel-sim][GT] t=48.701 quat=[0.461, -0.53821, 0.47697, 0.51991] angvel=[0.01858, 0.01229, 0.00857] linvel=[-0.00197, -0.00172, 9e-05] z=0.1056
[lowlevel-sim][GT] t=48.751 quat=[0.46122, -0.53816, 0.47673, 0.51998] angvel=[0.02301, 0.01454, 0.01984] linvel=[-0.00342, 0.00218, -0.00051] z=0.1057
[lowlevel-sim][GT] t=48.801 quat=[0.46132, -0.5382, 0.47661, 0.51998] angvel=[-0.01136, 0.03814, 0.03611] linvel=[0.00243, -0.00567, 0.00118] z=0.1057
[lowlevel-sim][GT] t=48.851 quat=[0.46142, -0.53809, 0.47646, 0.52013] angvel=[0.0082, 0.09743, 0.02905] linvel=[0.00431, -0.00067, 0.00072] z=0.1057
[lowlevel-sim][GT] t=48.901 quat=[0.46152, -0.53816, 0.47641, 0.52001] angvel=[-0.00439, 0.00018, 0.00667] linvel=[0.00427, -0.0038, -0.00052] z=0.1057
[lowlevel-sim][GT] t=48.951 quat=[0.46152, -0.53813, 0.47632, 0.52012] angvel=[0.0592, 0.02926, 0.01738] linvel=[0.00324, 0.00225, -0.005] z=0.1058
[lowlevel-sim] t=  49.00 mode=cmd        pd=29078 hold=10404 failclosed=211 rtf=0.261 base_z=+0.106 pitch=+1.538 roll=-3.111 |tau|max=  9.89 sat=0/29 knee_L=+0.269 hip_p_L=-0.105 torn=10744 cmd_age=68.7ms auth=139.1s rig_ign=1454 fix_base=0
[lowlevel-sim][GT] t=49.001 quat=[0.46148, -0.53804, 0.47628, 0.52029] angvel=[-0.01164, 0.01827, 0.03378] linvel=[0.00878, -0.00467, 0.00239] z=0.1059
[lowlevel-sim][GT] t=49.051 quat=[0.46154, -0.53786, 0.47623, 0.52048] angvel=[0.03702, 0.09166, 0.0335] linvel=[0.00886, 0.00368, 7e-05] z=0.1059
[lowlevel-sim][GT] t=49.101 quat=[0.46153, -0.53781, 0.4763, 0.52046] angvel=[0.00382, -0.00798, -0.00822] linvel=[0.00616, -0.00265, 0.00188] z=0.1060
[lowlevel-sim][GT] t=49.151 quat=[0.46162, -0.53774, 0.4762, 0.52056] angvel=[0.02015, 0.04231, 0.01609] linvel=[0.00583, 0.00183, -0.00212] z=0.1060
[lowlevel-sim][GT] t=49.201 quat=[0.46168, -0.53774, 0.47626, 0.52044] angvel=[-0.02816, -0.01864, -0.00524] linvel=[0.00615, -0.00077, 0.00606] z=0.1060
[lowlevel-sim][GT] t=49.251 quat=[0.46184, -0.53756, 0.47616, 0.52059] angvel=[0.05807, 0.02522, -0.00034] linvel=[0.00536, 0.00221, -0.00592] z=0.1061
[lowlevel-sim][GT] t=49.301 quat=[0.46178, -0.53755, 0.4762, 0.52061] angvel=[-0.05222, 0.01859, 0.02662] linvel=[0.01135, -0.0064, 0.00158] z=0.1062
[lowlevel-sim][GT] t=49.351 quat=[0.46166, -0.53749, 0.47624, 0.52074] angvel=[0.00813, 0.00724, -0.00498] linvel=[0.00376, 0.00226, 0.00135] z=0.1062
[lowlevel-sim][GT] t=49.401 quat=[0.46158, -0.53752, 0.47633, 0.5207] angvel=[-0.03077, 0.02763, -0.00083] linvel=[0.00478, -5e-05, 0.00306] z=0.1062
[lowlevel-sim][GT] t=49.451 quat=[0.46157, -0.53738, 0.47622, 0.52095] angvel=[0.0681, -0.00812, -0.0039] linvel=[0.00465, 0.00108, -0.0054] z=0.1063
[lowlevel-sim] t=  49.50 mode=cmd        pd=29328 hold=10404 failclosed=211 rtf=0.261 base_z=+0.106 pitch=+1.540 roll=+3.140 |tau|max=  9.34 sat=0/29 knee_L=+0.273 hip_p_L=-0.105 torn=10769 cmd_age=28.7ms auth=140.8s rig_ign=1454 fix_base=0
[lowlevel-sim][GT] t=49.501 quat=[0.46168, -0.5373, 0.47623, 0.52093] angvel=[-0.02336, -0.00304, 0.01374] linvel=[0.0035, -0.0028, 0.00377] z=0.1063
[lowlevel-sim][GT] t=49.551 quat=[0.46159, -0.53735, 0.4762, 0.52098] angvel=[-0.00651, 0.0284, 0.0265] linvel=[0.0029, -0.00042, 0.00052] z=0.1063
[lowlevel-sim][GT] t=49.601 quat=[0.46136, -0.53755, 0.47616, 0.52102] angvel=[-0.00946, -0.01157, 0.02584] linvel=[0.00227, -0.00306, 0.00234] z=0.1063
[lowlevel-sim][GT] t=49.651 quat=[0.46147, -0.53744, 0.47601, 0.52117] angvel=[-0.01839, 0.04988, 0.00579] linvel=[0.00161, -0.00345, -0.00098] z=0.1063
[lowlevel-sim][GT] t=49.701 quat=[0.46114, -0.53772, 0.47599, 0.52118] angvel=[-0.05, 0.0399, 0.05627] linvel=[0.00737, -0.00799, 0.00263] z=0.1063
[lowlevel-sim][GT] t=49.751 quat=[0.46106, -0.53778, 0.47589, 0.52129] angvel=[0.03276, 0.0162, 0.01331] linvel=[0.00498, 0.00097, -0.00332] z=0.1063
[lowlevel-sim][GT] t=49.801 quat=[0.46101, -0.53791, 0.47581, 0.52128] angvel=[-0.02426, 0.03276, 0.02172] linvel=[0.00694, -0.00486, -5e-05] z=0.1063
[lowlevel-sim][GT] t=49.851 quat=[0.46104, -0.53778, 0.4758, 0.52139] angvel=[0.04739, 0.02643, -0.00885] linvel=[0.0048, 0.00205, -0.00253] z=0.1063
[lowlevel-sim][GT] t=49.901 quat=[0.46094, -0.53781, 0.47584, 0.52142] angvel=[-0.02353, -0.02801, 0.0059] linvel=[0.00552, -0.00361, 0.0015] z=0.1063
[lowlevel-sim] FAIL-CLOSED engaged at t=49.940s, last command age 97.28 ms (deadline <= 100 ms) PASS
[lowlevel-sim] COMMANDED at t=49.942s (was fail-closed)
[lowlevel-sim][GT] t=49.951 quat=[0.46053, -0.53803, 0.4761, 0.52132] angvel=[-0.01494, 0.02946, 0.00963] linvel=[0.00179, -0.00831, -0.00143] z=0.1062
[lowlevel-sim] t=  50.00 mode=cmd        pd=29579 hold=10404 failclosed=213 rtf=0.261 base_z=+0.106 pitch=+1.539 roll=+3.122 |tau|max= 35.00 sat=2/29 knee_L=+0.272 hip_p_L=-0.106 torn=10791 cmd_age=53.9ms auth=143.0s rig_ign=1454 fix_base=0 sat_j=left_ankle_roll_joint:+35.0,right_ankle_roll_joint:-35.0
[lowlevel-sim][GT] t=50.001 quat=[0.46088, -0.53778, 0.47599, 0.52136] angvel=[0.08156, 0.02338, -0.01545] linvel=[0.00336, 0.00275, -0.00601] z=0.1062
[lowlevel-sim] FAIL-CLOSED engaged at t=50.030s, last command age 88.49 ms (deadline <= 100 ms) PASS
[lowlevel-sim] COMMANDED at t=50.040s (was fail-closed)
[lowlevel-sim][GT] t=50.051 quat=[0.45962, -0.53895, 0.47717, 0.52018] angvel=[-0.06066, 0.00978, 0.02807] linvel=[-0.00693, -0.00167, -0.00021] z=0.1055
[lowlevel-sim][GT] t=50.101 quat=[0.46016, -0.53849, 0.47686, 0.52046] angvel=[-0.00266, -0.02452, -0.01675] linvel=[-0.002, -0.0007, 0.00606] z=0.1057
[lowlevel-sim][GT] t=50.151 quat=[0.46101, -0.53798, 0.47655, 0.52052] angvel=[0.0028, -0.06168, -0.04712] linvel=[-0.00292, -0.00228, 0.00354] z=0.1059
[lowlevel-sim][GT] t=50.201 quat=[0.46124, -0.53791, 0.47656, 0.52037] angvel=[-0.02473, -0.01231, 0.01137] linvel=[-0.00147, -0.0052, 0.00179] z=0.1059
[lowlevel-sim][GT] t=50.251 quat=[0.46149, -0.53776, 0.47637, 0.52048] angvel=[0.05642, 0.00969, 0.01482] linvel=[-0.00357, 0.00243, -0.00564] z=0.1060
[lowlevel-sim][GT] t=50.301 quat=[0.46163, -0.53781, 0.4764, 0.52029] angvel=[-0.00567, -0.00632, -0.00504] linvel=[-0.00401, -0.00419, -0.00018] z=0.1060
[lowlevel-sim] FAIL-CLOSED engaged at t=50.303s, last command age 85.77 ms (deadline <= 100 ms) PASS
[lowlevel-sim] COMMANDED at t=50.304s (was fail-closed)
[lowlevel-sim][GT] t=50.351 quat=[0.46158, -0.53775, 0.47648, 0.52032] angvel=[-0.02551, 0.02688, 0.02489] linvel=[0.00065, -0.00327, 0.00179] z=0.1060
[lowlevel-sim][GT] t=50.401 quat=[0.46168, -0.53765, 0.47638, 0.52043] angvel=[0.02672, 0.03753, 0.02287] linvel=[0.00046, -0.00027, -0.00054] z=0.1060
[lowlevel-sim][GT] t=50.451 quat=[0.4618, -0.53771, 0.47646, 0.52019] angvel=[-0.00817, -0.02057, -0.01132] linvel=[-0.00467, -0.00268, -0.00107] z=0.1060
[lowlevel-sim] t=  50.50 mode=cmd        pd=29835 hold=10404 failclosed=224 rtf=0.261 base_z=+0.106 pitch=+1.539 roll=-3.110 |tau|max= 35.00 sat=2/29 knee_L=+0.269 hip_p_L=-0.104 torn=10821 cmd_age=45.3ms auth=145.1s rig_ign=1454 fix_base=0 sat_j=left_ankle_roll_joint:+35.0,right_ankle_roll_joint:-35.0
[lowlevel-sim][GT] t=50.501 quat=[0.46184, -0.53768, 0.47638, 0.52025] angvel=[-0.01406, 0.06713, 0.01265] linvel=[-0.00098, -0.00032, 4e-05] z=0.1060
[lowlevel-sim][GT] t=50.551 quat=[0.4618, -0.53778, 0.4764, 0.52018] angvel=[-0.02144, -0.00072, -0.00437] linvel=[0.00045, -0.0034, 0.00194] z=0.1060
[lowlevel-sim][GT] t=50.601 quat=[0.46173, -0.53776, 0.47633, 0.52031] angvel=[0.04194, 0.00228, 0.0101] linvel=[0.00121, 0.00261, -0.00301] z=0.1060
[lowlevel-sim][GT] t=50.651 quat=[0.46151, -0.5378, 0.47642, 0.52039] angvel=[-0.06317, 0.00566, 0.01463] linvel=[0.00234, -0.00233, 0.00097] z=0.1060
[lowlevel-sim][GT] t=50.701 quat=[0.4616, -0.5378, 0.47624, 0.52046] angvel=[0.03619, 0.05505, 0.00663] linvel=[0.00249, 0.00211, -0.00173] z=0.1060
[lowlevel-sim][GT] t=50.751 quat=[0.46145, -0.53791, 0.47615, 0.52057] angvel=[-0.03399, -0.03096, 0.01035] linvel=[0.00814, -0.0002, 0.00348] z=0.1060
[lowlevel-sim][GT] t=50.801 quat=[0.46148, -0.53784, 0.47606, 0.5207] angvel=[0.04014, -0.00034, -0.02349] linvel=[0.00556, 0.00237, -0.00412] z=0.1060
[lowlevel-sim][GT] t=50.851 quat=[0.46137, -0.5379, 0.47608, 0.52073] angvel=[-0.05042, 0.04798, 0.02815] linvel=[0.01011, -0.00367, 0.00263] z=0.1061
[lowlevel-sim][GT] t=50.901 quat=[0.46132, -0.53779, 0.47597, 0.52098] angvel=[-0.00178, 0.11623, 0.04273] linvel=[0.0089, 0.00218, 0.00098] z=0.1061
[lowlevel-sim][GT] t=50.951 quat=[0.46143, -0.53769, 0.47602, 0.52094] angvel=[-0.01612, -0.03399, -0.03572] linvel=[0.00252, -0.00505, 0.0013] z=0.1062
[lowlevel-sim] t=  51.00 mode=cmd        pd=30085 hold=10404 failclosed=224 rtf=0.261 base_z=+0.106 pitch=+1.540 roll=-3.137 |tau|max= 35.00 sat=2/29 knee_L=+0.271 hip_p_L=-0.105 torn=10851 cmd_age=39.1ms auth=147.1s rig_ign=1454 fix_base=0 sat_j=left_ankle_roll_joint:+35.0,right_ankle_roll_joint:-35.0
[lowlevel-sim][GT] t=51.001 quat=[0.46138, -0.53766, 0.47594, 0.52109] angvel=[0.03268, 0.04773, 0.02069] linvel=[0.00714, 0.00169, -0.00293] z=0.1062
[lowlevel-sim][GT] t=51.051 quat=[0.46137, -0.53759, 0.47607, 0.52105] angvel=[-0.01051, -0.04368, -0.01411] linvel=[0.0063, -0.00555, -0.00146] z=0.1062
[lowlevel-sim][GT] t=51.101 quat=[0.46149, -0.53745, 0.47616, 0.521] angvel=[0.05172, 0.0408, -0.00675] linvel=[0.003, 0.00235, -0.00497] z=0.1063
[lowlevel-sim][GT] t=51.151 quat=[0.46147, -0.53754, 0.47614, 0.52095] angvel=[-0.00643, -0.00679, -0.00743] linvel=[0.00344, -0.00483, -0.0] z=0.1063
[lowlevel-sim][GT] t=51.201 quat=[0.46129, -0.53754, 0.47613, 0.52112] angvel=[0.06056, 0.01722, 0.00892] linvel=[0.00328, 0.00209, -0.00697] z=0.1063
[lowlevel-sim][GT] t=51.251 quat=[0.46129, -0.53767, 0.47611, 0.52101] angvel=[-0.00014, -0.04729, -0.03383] linvel=[0.00109, -0.00648, -0.00111] z=0.1062
[lowlevel-sim][GT] t=51.301 quat=[0.46112, -0.53763, 0.476, 0.52129] angvel=[0.00628, 0.07701, 0.04325] linvel=[0.00668, 0.00141, -0.0005] z=0.1063
[lowlevel-sim][GT] t=51.351 quat=[0.46107, -0.53773, 0.47597, 0.52127] angvel=[-0.05248, 0.01151, 8e-05] linvel=[0.00344, -0.00342, 0.00302] z=0.1063
[lowlevel-sim][GT] t=51.401 quat=[0.46112, -0.53764, 0.47589, 0.52139] angvel=[-0.0138, 0.05325, 0.03052] linvel=[0.00398, -0.00055, -0.00025] z=0.1063
[lowlevel-sim][GT] t=51.451 quat=[0.46108, -0.5376, 0.47605, 0.52131] angvel=[-0.00519, -0.08341, -0.05888] linvel=[-0.00055, -0.00084, 0.00531] z=0.1063
[lowlevel-sim] t=  51.50 mode=cmd        pd=30335 hold=10404 failclosed=224 rtf=0.261 base_z=+0.106 pitch=+1.540 roll=+3.127 |tau|max= 35.00 sat=2/29 knee_L=+0.272 hip_p_L=-0.105 torn=10871 cmd_age=26.5ms auth=148.8s rig_ign=1454 fix_base=0 sat_j=left_ankle_roll_joint:+35.0,right_ankle_roll_joint:-35.0
[lowlevel-sim][GT] t=51.501 quat=[0.46128, -0.53746, 0.47597, 0.52136] angvel=[0.01393, 0.04146, 0.01614] linvel=[0.00357, 0.00287, 9e-05] z=0.1064
[lowlevel-sim][GT] t=51.551 quat=[0.46124, -0.53748, 0.4761, 0.52124] angvel=[-0.01404, -0.0368, -0.03918] linvel=[-0.0005, -0.00762, 0.00028] z=0.1063
[lowlevel-sim][GT] t=51.601 quat=[0.46127, -0.5374, 0.47617, 0.52125] angvel=[0.04189, 0.04441, 0.00013] linvel=[0.00173, 0.00401, -0.00196] z=0.1063
[lowlevel-sim][GT] t=51.651 quat=[0.46131, -0.53743, 0.47622, 0.52114] angvel=[-0.01031, -0.04077, -0.0391] linvel=[0.0004, -0.00723, 3e-05] z=0.1063
[lowlevel-sim][GT] t=51.701 quat=[0.46131, -0.53738, 0.47622, 0.52118] angvel=[0.03451, 0.01816, 0.01252] linvel=[0.00314, 0.00186, -0.00366] z=0.1063
[lowlevel-sim][GT] t=51.751 quat=[0.46117, -0.53751, 0.47632, 0.52108] angvel=[-0.04029, -0.00479, 0.00354] linvel=[0.00404, -0.00428, 0.00453] z=0.1063
[lowlevel-sim][GT] t=51.801 quat=[0.46116, -0.53749, 0.4762, 0.52121] angvel=[0.01851, 0.02467, -0.00279] linvel=[0.00135, -0.00075, -0.00368] z=0.1063
[lowlevel-sim][GT] t=51.851 quat=[0.46091, -0.53766, 0.47629, 0.52118] angvel=[-0.0568, 0.00209, 0.00368] linvel=[0.00244, -0.00415, 0.00172] z=0.1062
[lowlevel-sim][GT] t=51.901 quat=[0.46104, -0.53754, 0.47629, 0.52119] angvel=[0.02227, 0.03052, 0.01698] linvel=[0.00067, 0.00074, 0.00059] z=0.1062
[lowlevel-sim][GT] t=51.951 quat=[0.46113, -0.5375, 0.47638, 0.52108] angvel=[0.00413, -0.02597, -0.03921] linvel=[-0.00315, -0.00688, 0.00126] z=0.1062
[lowlevel-sim] t=  52.00 mode=cmd        pd=30585 hold=10404 failclosed=224 rtf=0.262 base_z=+0.106 pitch=+1.539 roll=+3.126 |tau|max= 35.00 sat=2/29 knee_L=+0.272 hip_p_L=-0.106 torn=10899 cmd_age=31.7ms auth=150.3s rig_ign=1454 fix_base=0 sat_j=left_ankle_roll_joint:+35.0,right_ankle_roll_joint:-35.0
[lowlevel-sim][GT] t=52.001 quat=[0.46132, -0.53743, 0.47629, 0.52106] angvel=[-0.02288, -0.00782, -0.0126] linvel=[-0.00193, 0.00124, 0.00349] z=0.1063
[lowlevel-sim][GT] t=52.051 quat=[0.46137, -0.53751, 0.47629, 0.52093] angvel=[-0.02893, -0.02997, 0.01209] linvel=[0.00158, -0.00301, 0.00176] z=0.1062
[lowlevel-sim][GT] t=52.101 quat=[0.46139, -0.5374, 0.47626, 0.52105] angvel=[-0.02153, -0.04352, -0.01532] linvel=[-0.00562, -0.00151, 0.0032] z=0.1063
[lowlevel-sim][GT] t=52.151 quat=[0.46133, -0.53743, 0.47627, 0.52107] angvel=[-0.01801, -0.01435, 0.00291] linvel=[0.00192, -0.00362, 0.0035] z=0.1063
[lowlevel-sim][GT] t=52.201 quat=[0.46154, -0.53735, 0.47616, 0.52107] angvel=[-0.02748, -0.04714, -0.01424] linvel=[-0.00295, -0.00233, 0.00328] z=0.1063
[lowlevel-sim][GT] t=52.251 quat=[0.46143, -0.53744, 0.4762, 0.52104] angvel=[-0.03006, -0.005, -0.01363] linvel=[0.00397, -0.00118, 0.00411] z=0.1063
[lowlevel-sim][GT] t=52.301 quat=[0.4615, -0.53744, 0.47609, 0.52107] angvel=[-0.0181, -0.03922, -0.01811] linvel=[0.00095, -0.00287, 0.00185] z=0.1063
[lowlevel-sim][GT] t=52.351 quat=[0.46131, -0.53745, 0.47611, 0.52122] angvel=[0.00529, 0.00506, 0.00332] linvel=[0.00599, -0.00188, 0.00108] z=0.1063
[lowlevel-sim][GT] t=52.401 quat=[0.46122, -0.53742, 0.47607, 0.52135] angvel=[-0.00027, 0.0706, 0.02596] linvel=[0.00243, -0.00361, -0.00203] z=0.1063
[lowlevel-sim][GT] t=52.451 quat=[0.46099, -0.53748, 0.47613, 0.52144] angvel=[-0.02891, -0.01747, -0.00926] linvel=[0.00398, -0.00169, 0.00286] z=0.1063
[lowlevel-sim] t=  52.50 mode=cmd        pd=30835 hold=10404 failclosed=224 rtf=0.262 base_z=+0.106 pitch=+1.540 roll=+3.116 |tau|max= 35.00 sat=2/29 knee_L=+0.273 hip_p_L=-0.106 torn=10925 cmd_age=42.9ms auth=151.9s rig_ign=1454 fix_base=0 sat_j=left_ankle_roll_joint:+35.0,right_ankle_roll_joint:-35.0
[lowlevel-sim][GT] t=52.501 quat=[0.46112, -0.53744, 0.47605, 0.52144] angvel=[-0.02295, -0.05247, -0.02898] linvel=[-0.00314, -0.00249, 0.0041] z=0.1063
[lowlevel-sim][GT] t=52.551 quat=[0.46101, -0.53752, 0.47611, 0.5214] angvel=[-0.01867, 0.03004, 0.03026] linvel=[0.0057, -0.00369, 0.00213] z=0.1063
[lowlevel-sim][GT] t=52.601 quat=[0.46106, -0.53739, 0.47613, 0.52147] angvel=[0.03609, 0.04551, 0.00514] linvel=[0.00392, 0.00116, -0.0034] z=0.1063
[lowlevel-sim][GT] t=52.651 quat=[0.46107, -0.53748, 0.47621, 0.52131] angvel=[-0.02365, 0.00117, 0.03358] linvel=[0.00832, -0.00641, 0.00087] z=0.1063
[lowlevel-sim][GT] t=52.701 quat=[0.4613, -0.53728, 0.47624, 0.52128] angvel=[-0.03535, -0.0494, -0.01081] linvel=[-0.00127, -0.00067, 0.00497] z=0.1063
[lowlevel-sim][GT] t=52.751 quat=[0.46123, -0.53732, 0.4763, 0.52125] angvel=[-0.017, 0.0224, 0.03967] linvel=[0.00572, -0.00374, 0.00188] z=0.1063
[lowlevel-sim][GT] t=52.801 quat=[0.46139, -0.53721, 0.47624, 0.52128] angvel=[-0.02515, -0.05874, -0.01555] linvel=[-0.00343, -0.00105, 0.00385] z=0.1064
[lowlevel-sim][GT] t=52.851 quat=[0.46125, -0.53725, 0.47636, 0.52124] angvel=[-0.01132, 0.00383, -0.01422] linvel=[-0.00154, -0.00049, 0.00339] z=0.1064
[lowlevel-sim][GT] t=52.901 quat=[0.46138, -0.53707, 0.47645, 0.52123] angvel=[0.00221, 0.09376, 0.03797] linvel=[0.00378, 0.00198, 0.00032] z=0.1064
[lowlevel-sim][GT] t=52.951 quat=[0.46165, -0.53689, 0.47652, 0.52111] angvel=[-0.03505, 0.00339, -0.0145] linvel=[-0.00206, -0.00303, 0.00289] z=0.1064
[lowlevel-sim] t=  53.00 mode=cmd        pd=31085 hold=10404 failclosed=224 rtf=0.262 base_z=+0.106 pitch=+1.540 roll=+3.112 |tau|max= 35.00 sat=2/29 knee_L=+0.273 hip_p_L=-0.106 torn=10953 cmd_age=47.7ms auth=153.6s rig_ign=1454 fix_base=0 sat_j=left_ankle_roll_joint:+35.0,right_ankle_roll_joint:-35.0
[lowlevel-sim][GT] t=53.001 quat=[0.46174, -0.53681, 0.47652, 0.52112] angvel=[-0.0038, 0.10317, 0.02474] linvel=[0.00238, -0.00015, 0.00016] z=0.1064
[lowlevel-sim][GT] t=53.051 quat=[0.46184, -0.53679, 0.47668, 0.52089] angvel=[-0.03441, 0.00675, -0.00606] linvel=[-0.00588, -0.00402, 0.00288] z=0.1064
[lowlevel-sim][GT] t=53.101 quat=[0.46196, -0.5367, 0.47662, 0.52095] angvel=[0.02479, 0.02052, 0.0016] linvel=[-0.00511, 0.00277, -0.00122] z=0.1065
[lowlevel-sim][GT] t=53.151 quat=[0.46204, -0.53675, 0.47673, 0.52071] angvel=[-0.02944, -0.00824, -0.01489] linvel=[-0.00638, -0.00368, 0.00142] z=0.1064
[lowlevel-sim] FAIL-CLOSED engaged at t=53.174s, last command age 85.61 ms (deadline <= 100 ms) PASS
[lowlevel-sim] COMMANDED at t=53.176s (was fail-closed)
[lowlevel-sim][GT] t=53.201 quat=[0.46183, -0.53701, 0.47691, 0.52047] angvel=[-0.02534, -0.03873, -0.02574] linvel=[-0.00871, -0.00641, 0.00177] z=0.1063
[lowlevel-sim][GT] t=53.251 quat=[0.46191, -0.53693, 0.47675, 0.52063] angvel=[0.03919, 0.04528, 0.00231] linvel=[-0.0057, 0.00313, -0.00218] z=0.1063
[lowlevel-sim][GT] t=53.301 quat=[0.4619, -0.53697, 0.47673, 0.52061] angvel=[-0.02442, -0.0318, -0.02521] linvel=[-0.01056, -0.0078, 0.00082] z=0.1063
[lowlevel-sim][GT] t=53.351 quat=[0.46193, -0.53697, 0.47665, 0.52066] angvel=[0.03656, 0.03429, 0.01001] linvel=[-0.00643, 0.00278, -0.00205] z=0.1063
[lowlevel-sim][GT] t=53.401 quat=[0.46187, -0.53702, 0.47665, 0.52066] angvel=[-0.0298, -0.03812, -0.03269] linvel=[-0.00798, -0.00684, 0.00028] z=0.1063
[lowlevel-sim][GT] t=53.451 quat=[0.4619, -0.53702, 0.47663, 0.52066] angvel=[0.01903, 0.05601, 0.012] linvel=[-0.00473, 0.0009, -0.00266] z=0.1063
[lowlevel-sim] t=  53.50 mode=cmd        pd=31336 hold=10404 failclosed=226 rtf=0.263 base_z=+0.106 pitch=+1.539 roll=+3.133 |tau|max=  9.53 sat=0/29 knee_L=+0.273 hip_p_L=-0.106 torn=10977 cmd_age=27.8ms auth=155.2s rig_ign=1454 fix_base=0
[lowlevel-sim][GT] t=53.501 quat=[0.46174, -0.53716, 0.4766, 0.52068] angvel=[-0.01764, -0.03523, -0.04006] linvel=[-0.00791, -0.00596, 0.00024] z=0.1063
[lowlevel-sim][GT] t=53.551 quat=[0.46189, -0.53714, 0.47652, 0.52065] angvel=[0.02804, 0.03663, 0.00197] linvel=[-0.00412, 0.00016, -0.00452] z=0.1063
[lowlevel-sim][GT] t=53.601 quat=[0.46178, -0.53724, 0.4766, 0.52056] angvel=[-0.05534, 0.00988, 0.00927] linvel=[-0.00221, -0.004, 0.00326] z=0.1062
[lowlevel-sim][GT] t=53.651 quat=[0.46181, -0.53713, 0.47658, 0.52067] angvel=[0.02717, -0.00067, -0.00808] linvel=[-0.00313, 0.00174, -0.00185] z=0.1062
[lowlevel-sim][GT] t=53.701 quat=[0.46203, -0.53709, 0.47657, 0.52053] angvel=[-0.02233, -0.02624, -0.00179] linvel=[-0.00414, -0.00053, 0.00138] z=0.1062
[lowlevel-sim][GT] t=53.751 quat=[0.46219, -0.537, 0.47653, 0.52051] angvel=[-0.00995, -0.01509, -0.01943] linvel=[-0.00687, -0.00265, 0.00219] z=0.1063
[lowlevel-sim][GT] t=53.801 quat=[0.46218, -0.53708, 0.47662, 0.52035] angvel=[-0.04134, -0.00101, 0.00333] linvel=[-0.00517, -0.00594, 0.00043] z=0.1063
[lowlevel-sim][GT] t=53.851 quat=[0.46206, -0.53712, 0.4766, 0.52044] angvel=[0.0225, 0.02471, -0.00386] linvel=[-0.00522, -0.00092, -0.00445] z=0.1062
[lowlevel-sim][GT] t=53.901 quat=[0.46208, -0.53719, 0.47667, 0.52028] angvel=[-0.04015, 0.02737, 0.03925] linvel=[-0.00049, -0.00588, 0.00173] z=0.1062
[lowlevel-sim][GT] t=53.951 quat=[0.46209, -0.53715, 0.47653, 0.52045] angvel=[0.00757, 0.10546, 0.02765] linvel=[0.00187, 0.00254, -5e-05] z=0.1062
[lowlevel-sim] t=  54.00 mode=cmd        pd=31586 hold=10404 failclosed=226 rtf=0.263 base_z=+0.106 pitch=+1.539 roll=-3.121 |tau|max=  9.52 sat=0/29 knee_L=+0.271 hip_p_L=-0.105 torn=10997 cmd_age=32.8ms auth=156.9s rig_ign=1454 fix_base=0
[lowlevel-sim][GT] t=54.001 quat=[0.46212, -0.53726, 0.4765, 0.52033] angvel=[-0.03051, -0.04678, -0.03726] linvel=[-0.00352, -0.00589, 0.00069] z=0.1062
[lowlevel-sim][GT] t=54.051 quat=[0.46205, -0.53727, 0.47645, 0.52044] angvel=[0.0668, 0.01576, 0.00103] linvel=[-0.00318, 0.00262, -0.00631] z=0.1062
[lowlevel-sim][GT] t=54.101 quat=[0.46197, -0.53731, 0.47645, 0.52046] angvel=[-0.01951, -0.00799, -0.00838] linvel=[-0.00369, -0.00326, 0.00174] z=0.1062
[lowlevel-sim][GT] t=54.151 quat=[0.46198, -0.53728, 0.47639, 0.52053] angvel=[0.02284, -0.01298, -0.02822] linvel=[-0.0023, 0.0007, -0.00107] z=0.1062
[lowlevel-sim][GT] t=54.201 quat=[0.46203, -0.5373, 0.47646, 0.52041] angvel=[-0.02092, -0.00592, 0.00609] linvel=[-0.00257, -0.0008, 0.00308] z=0.1062
[lowlevel-sim][GT] t=54.251 quat=[0.46202, -0.53731, 0.47639, 0.52046] angvel=[0.00695, 0.0226, 0.00969] linvel=[-0.00045, -0.00053, -0.00146] z=0.1062
[lowlevel-sim][GT] t=54.301 quat=[0.46189, -0.5375, 0.47638, 0.52039] angvel=[-0.04675, 0.01864, 0.00782] linvel=[0.00189, -0.00448, 0.00316] z=0.1062
[lowlevel-sim][GT] t=54.351 quat=[0.46187, -0.53743, 0.47617, 0.52068] angvel=[0.0542, 0.00646, 0.02849] linvel=[0.00194, -0.00082, -0.00401] z=0.1062
[lowlevel-sim][GT] t=54.401 quat=[0.46147, -0.53763, 0.47612, 0.52088] angvel=[-0.00722, -0.00611, 0.01721] linvel=[0.00421, -0.00278, 0.00092] z=0.1062
[lowlevel-sim][GT] t=54.451 quat=[0.46146, -0.5376, 0.47596, 0.52106] angvel=[0.05169, -0.00471, -0.00521] linvel=[0.00372, 0.00012, -0.00623] z=0.1062
[lowlevel-sim] t=  54.50 mode=cmd        pd=31836 hold=10404 failclosed=226 rtf=0.263 base_z=+0.106 pitch=+1.539 roll=-3.137 |tau|max=  9.85 sat=0/29 knee_L=+0.272 hip_p_L=-0.105 torn=11018 cmd_age=22.4ms auth=158.8s rig_ign=1454 fix_base=0
[lowlevel-sim][GT] t=54.501 quat=[0.46138, -0.53766, 0.47601, 0.52102] angvel=[-0.04053, 0.03057, 0.03311] linvel=[0.01004, -0.00355, 0.00344] z=0.1062
[lowlevel-sim][GT] t=54.551 quat=[0.46148, -0.53753, 0.47598, 0.5211] angvel=[0.01898, -0.01222, -0.03321] linvel=[0.00375, 0.00148, -0.0008] z=0.1062
[lowlevel-sim][GT] t=54.601 quat=[0.46147, -0.53753, 0.47614, 0.52097] angvel=[-0.05378, -0.02143, -0.01384] linvel=[0.00588, -0.00898, 0.00383] z=0.1062
[lowlevel-sim][GT] t=54.651 quat=[0.46169, -0.53737, 0.47622, 0.52085] angvel=[0.01962, 0.05822, 0.01113] linvel=[0.00636, -0.00073, -0.00236] z=0.1062
[lowlevel-sim][GT] t=54.701 quat=[0.46164, -0.53745, 0.47629, 0.52075] angvel=[-0.01191, -0.0336, -0.01066] linvel=[0.00633, -0.00405, 0.00176] z=0.1062
[lowlevel-sim][GT] t=54.751 quat=[0.46165, -0.53741, 0.47631, 0.52076] angvel=[-0.04799, -0.01737, 0.01346] linvel=[0.00279, -0.0033, 0.00408] z=0.1062
[lowlevel-sim] FAIL-CLOSED engaged at t=54.760s, last command age 88.90 ms (deadline <= 100 ms) PASS
[lowlevel-sim] COMMANDED at t=54.772s (was fail-closed)
[lowlevel-sim][GT] t=54.801 quat=[0.45976, -0.53891, 0.47779, 0.51954] angvel=[0.0474, 0.05887, 0.03504] linvel=[-0.0055, -0.00011, -0.00184] z=0.1052
[lowlevel-sim][GT] t=54.851 quat=[0.4603, -0.5384, 0.47731, 0.52001] angvel=[0.00891, 0.0369, 0.03826] linvel=[0.00468, -0.00384, 0.00237] z=0.1055
[lowlevel-sim][GT] t=54.901 quat=[0.46077, -0.53796, 0.47701, 0.52034] angvel=[0.03587, 0.02917, -0.0012] linvel=[0.00537, 0.00263, -0.00098] z=0.1057
[lowlevel-sim][GT] t=54.951 quat=[0.46107, -0.53787, 0.47692, 0.52025] angvel=[-0.02475, 3e-05, 0.00625] linvel=[0.00267, -0.00114, 0.00347] z=0.1058
[lowlevel-sim] t=  55.00 mode=cmd        pd=32091 hold=10404 failclosed=237 rtf=0.263 base_z=+0.106 pitch=+1.538 roll=+3.133 |tau|max= 35.00 sat=2/29 knee_L=+0.270 hip_p_L=-0.106 torn=11037 cmd_age=62.1ms auth=160.4s rig_ign=1454 fix_base=0 sat_j=left_ankle_roll_joint:+35.0,right_ankle_roll_joint:-35.0
[lowlevel-sim][GT] t=55.001 quat=[0.46123, -0.53766, 0.47677, 0.52045] angvel=[0.03412, 0.04429, 0.02236] linvel=[0.00108, 0.00276, 0.00013] z=0.1059
[lowlevel-sim][GT] t=55.051 quat=[0.4613, -0.53764, 0.47676, 0.52044] angvel=[-0.02061, -0.02356, -0.01131] linvel=[0.00228, -0.00429, 0.00257] z=0.1059
[lowlevel-sim][GT] t=55.101 quat=[0.46135, -0.53764, 0.47659, 0.52054] angvel=[0.04112, 0.00181, 0.02598] linvel=[0.00658, 0.00278, -7e-05] z=0.1059
[lowlevel-sim][GT] t=55.151 quat=[0.46128, -0.53769, 0.47659, 0.52055] angvel=[-0.02265, -0.00845, 0.00754] linvel=[0.00622, -0.00355, 0.00509] z=0.1060
[lowlevel-sim][GT] t=55.201 quat=[0.46129, -0.53753, 0.47654, 0.52075] angvel=[0.02358, 0.03405, -0.00098] linvel=[0.00633, -0.00101, -0.00384] z=0.1060
[lowlevel-sim][GT] t=55.251 quat=[0.46124, -0.53758, 0.47664, 0.52065] angvel=[-0.00476, -0.00112, 0.02233] linvel=[0.00882, -0.0073, 0.00183] z=0.1060
[lowlevel-sim][GT] t=55.301 quat=[0.46129, -0.53746, 0.47665, 0.52072] angvel=[0.05231, -0.00094, -0.00813] linvel=[0.00532, 0.00225, -0.00114] z=0.1060
[lowlevel-sim][GT] t=55.351 quat=[0.46138, -0.53748, 0.47657, 0.52071] angvel=[0.0105, -0.05583, -0.0476] linvel=[0.00115, -0.00528, 0.00249] z=0.1061
[lowlevel-sim][GT] t=55.401 quat=[0.4615, -0.53733, 0.47644, 0.52086] angvel=[-0.02613, -0.02966, -0.00869] linvel=[1e-05, -0.00223, 0.0045] z=0.1062
[lowlevel-sim][GT] t=55.451 quat=[0.46143, -0.53737, 0.47635, 0.52098] angvel=[-0.03367, 0.01071, 0.00411] linvel=[0.00212, -0.00109, 0.00321] z=0.1062
[lowlevel-sim] t=  55.50 mode=cmd        pd=32341 hold=10404 failclosed=237 rtf=0.263 base_z=+0.106 pitch=+1.540 roll=+3.120 |tau|max= 35.00 sat=2/29 knee_L=+0.272 hip_p_L=-0.105 torn=11063 cmd_age=29.7ms auth=162.4s rig_ign=1454 fix_base=0 sat_j=left_ankle_roll_joint:+35.0,right_ankle_roll_joint:-35.0
[lowlevel-sim][GT] t=55.501 quat=[0.46143, -0.53722, 0.47628, 0.52118] angvel=[0.00313, 0.03795, 0.00067] linvel=[0.00565, 0.00067, -4e-05] z=0.1063
[lowlevel-sim][GT] t=55.551 quat=[0.46134, -0.53734, 0.47625, 0.52117] angvel=[-0.03592, 0.02704, 0.01059] linvel=[0.00433, -0.0047, 0.00338] z=0.1063
[lowlevel-sim][GT] t=55.601 quat=[0.46135, -0.53716, 0.47618, 0.52142] angvel=[0.02019, 0.03625, 0.00955] linvel=[0.00732, 0.00191, -0.00165] z=0.1064
[lowlevel-sim][GT] t=55.651 quat=[0.46118, -0.53723, 0.4763, 0.52138] angvel=[-0.02952, -0.03129, -0.03801] linvel=[-0.00403, -0.00811, 0.00216] z=0.1064
[lowlevel-sim][GT] t=55.701 quat=[0.46121, -0.5371, 0.47632, 0.52146] angvel=[0.0204, 0.03078, -0.0092] linvel=[0.00054, 0.00094, -0.00359] z=0.1064
[lowlevel-sim][GT] t=55.751 quat=[0.46125, -0.5372, 0.47645, 0.52121] angvel=[-0.0367, -0.00139, 0.01508] linvel=[-0.00018, -0.006, -0.00016] z=0.1064
[lowlevel-sim][GT] t=55.801 quat=[0.46153, -0.53717, 0.47642, 0.52102] angvel=[-0.0131, -0.02641, -0.01487] linvel=[-0.0049, -0.0017, 0.00375] z=0.1063
[lowlevel-sim][GT] t=55.851 quat=[0.46144, -0.53727, 0.47643, 0.52099] angvel=[-0.00778, 0.00481, -0.01275] linvel=[0.00015, -0.00319, 0.00033] z=0.1063
[lowlevel-sim][GT] t=55.901 quat=[0.46158, -0.53715, 0.47641, 0.521] angvel=[0.02124, 0.00863, -0.00501] linvel=[-6e-05, 0.00048, -0.00227] z=0.1063
[lowlevel-sim] FAIL-CLOSED engaged at t=55.940s, last command age 87.03 ms (deadline <= 100 ms) PASS
[lowlevel-sim] COMMANDED at t=55.944s (was fail-closed)
[lowlevel-sim][GT] t=55.951 quat=[0.46115, -0.53757, 0.47686, 0.52054] angvel=[-0.05154, 0.02255, 0.02229] linvel=[-0.00409, -0.00357, -0.0029] z=0.1061
[lowlevel-sim] FAIL-CLOSED engaged at t=55.951s, last command age 87.76 ms (deadline <= 100 ms) PASS
[lowlevel-sim] COMMANDED at t=55.958s (was fail-closed)
[lowlevel-sim] t=  56.00 mode=cmd        pd=32595 hold=10404 failclosed=246 rtf=0.263 base_z=+0.106 pitch=+1.535 roll=+3.103 |tau|max=  9.60 sat=0/29 knee_L=+0.272 hip_p_L=-0.109 torn=11087 cmd_age=52.7ms auth=164.6s rig_ign=1454 fix_base=0
[lowlevel-sim][GT] t=56.001 quat=[0.46022, -0.53819, 0.47748, 0.52015] angvel=[0.01868, -0.00542, 0.00762] linvel=[-0.00388, -0.00321, 0.00252] z=0.1056
[lowlevel-sim][GT] t=56.051 quat=[0.46058, -0.53789, 0.47715, 0.52045] angvel=[0.02571, 0.04971, 0.0236] linvel=[0.00263, 0.00197, 0.0008] z=0.1057
[lowlevel-sim][GT] t=56.101 quat=[0.46081, -0.53778, 0.47706, 0.52045] angvel=[0.00189, 0.0152, 0.0084] linvel=[-0.0018, -0.00466, 0.00205] z=0.1058
[lowlevel-sim][GT] t=56.151 quat=[0.46087, -0.53764, 0.4769, 0.52068] angvel=[-0.01094, 0.07942, 0.02166] linvel=[-0.00156, -0.00237, 0.00314] z=0.1058
[lowlevel-sim][GT] t=56.201 quat=[0.46108, -0.53764, 0.47682, 0.52057] angvel=[-0.02774, -0.03465, 0.00221] linvel=[-0.00066, -0.00221, 0.00413] z=0.1059
[lowlevel-sim][GT] t=56.251 quat=[0.46121, -0.53766, 0.47665, 0.52059] angvel=[0.03415, 0.0046, 0.01138] linvel=[-0.00272, 0.00053, -0.00301] z=0.1059
[lowlevel-sim][GT] t=56.301 quat=[0.46132, -0.53761, 0.47663, 0.52055] angvel=[-0.0265, 0.00314, -0.01665] linvel=[-0.00362, -0.00217, 0.00328] z=0.1060
[lowlevel-sim][GT] t=56.351 quat=[0.46135, -0.53753, 0.47664, 0.52061] angvel=[0.04647, 0.03914, -0.00388] linvel=[-0.00196, -0.00094, -0.00313] z=0.1060
[lowlevel-sim] FAIL-CLOSED engaged at t=56.361s, last command age 86.08 ms (deadline <= 100 ms) PASS
[lowlevel-sim] COMMANDED at t=56.368s (was fail-closed)
[lowlevel-sim][GT] t=56.401 quat=[0.46046, -0.53813, 0.47718, 0.52028] angvel=[0.06083, 0.01675, -0.01398] linvel=[-0.00469, 0.0035, -0.00509] z=0.1056
[lowlevel-sim][GT] t=56.451 quat=[0.46071, -0.53801, 0.47699, 0.52037] angvel=[0.01033, -0.01765, -0.01458] linvel=[-0.00099, -0.00457, -0.00043] z=0.1057
[lowlevel-sim] t=  56.50 mode=cmd        pd=32848 hold=10404 failclosed=252 rtf=0.262 base_z=+0.106 pitch=+1.538 roll=+3.133 |tau|max= 35.00 sat=2/29 knee_L=+0.270 hip_p_L=-0.106 torn=11109 cmd_age=60.3ms auth=166.7s rig_ign=1454 fix_base=0 sat_j=left_ankle_roll_joint:+35.0,right_ankle_roll_joint:-35.0
[lowlevel-sim][GT] t=56.501 quat=[0.4611, -0.53781, 0.4768, 0.52039] angvel=[0.04455, 0.00617, -0.00551] linvel=[-0.00633, 0.00151, -0.00367] z=0.1058
[lowlevel-sim][GT] t=56.551 quat=[0.46127, -0.53775, 0.47685, 0.52026] angvel=[-0.01952, -0.04693, -0.01046] linvel=[-0.002, -0.00236, 0.00348] z=0.1058
[lowlevel-sim][GT] t=56.601 quat=[0.46153, -0.53766, 0.47674, 0.52022] angvel=[0.03033, -0.00901, -0.01473] linvel=[-0.00145, 0.00079, -0.00158] z=0.1058
[lowlevel-sim][GT] t=56.651 quat=[0.46162, -0.53768, 0.47675, 0.52011] angvel=[-0.00181, -0.00465, -0.01813] linvel=[-0.00335, -0.00366, 0.00186] z=0.1059
[lowlevel-sim][GT] t=56.701 quat=[0.46175, -0.53754, 0.47669, 0.5202] angvel=[0.01968, 0.04281, -0.00016] linvel=[-0.00351, 0.00184, -0.00286] z=0.1059
[lowlevel-sim][GT] t=56.751 quat=[0.46172, -0.53756, 0.47671, 0.52018] angvel=[-0.0264, -0.01479, 0.00867] linvel=[-0.0009, -0.00333, 0.00361] z=0.1059
[lowlevel-sim][GT] t=56.801 quat=[0.4618, -0.53752, 0.4767, 0.52017] angvel=[0.01552, 0.024, 0.01205] linvel=[0.0025, -0.00226, -0.00214] z=0.1059
[lowlevel-sim][GT] t=56.851 quat=[0.46175, -0.53751, 0.47671, 0.5202] angvel=[-0.02851, -0.01581, 0.01362] linvel=[0.00331, -0.00545, 0.00056] z=0.1059
[lowlevel-sim][GT] t=56.901 quat=[0.46186, -0.53736, 0.47664, 0.52032] angvel=[0.03863, 0.04673, 0.00952] linvel=[0.00855, 0.00012, -0.00378] z=0.1060
[lowlevel-sim][GT] t=56.951 quat=[0.46179, -0.5374, 0.47671, 0.52029] angvel=[-0.02872, -0.03376, -0.00655] linvel=[0.0064, -6e-05, 0.0053] z=0.1060
[lowlevel-sim] t=  57.00 mode=cmd        pd=33098 hold=10404 failclosed=252 rtf=0.262 base_z=+0.106 pitch=+1.539 roll=-3.140 |tau|max= 35.00 sat=2/29 knee_L=+0.271 hip_p_L=-0.105 torn=11134 cmd_age=36.6ms auth=168.9s rig_ign=1454 fix_base=0 sat_j=left_ankle_roll_joint:+35.0,right_ankle_roll_joint:-35.0
[lowlevel-sim][GT] t=57.001 quat=[0.46175, -0.53731, 0.47659, 0.52053] angvel=[0.0328, 0.01512, 0.00021] linvel=[0.00619, 0.00293, 0.00086] z=0.1061
[lowlevel-sim][GT] t=57.051 quat=[0.46172, -0.5372, 0.47659, 0.52067] angvel=[-0.02218, -0.03147, -0.03136] linvel=[0.00051, -0.00706, 0.00151] z=0.1062
[lowlevel-sim][GT] t=57.101 quat=[0.46167, -0.53712, 0.47655, 0.52084] angvel=[0.03875, 0.0099, 0.00505] linvel=[0.00518, 0.00282, -0.0045] z=0.1062
[lowlevel-sim][GT] t=57.151 quat=[0.46158, -0.53721, 0.47649, 0.52087] angvel=[-0.02269, -0.05903, -0.02223] linvel=[0.00057, -0.00579, 0.00127] z=0.1062
[lowlevel-sim][GT] t=57.201 quat=[0.46135, -0.53715, 0.47648, 0.52115] angvel=[-0.01301, -0.00031, 0.00941] linvel=[0.00536, 0.00143, 0.00307] z=0.1063
[lowlevel-sim][GT] t=57.251 quat=[0.46141, -0.53707, 0.47655, 0.52111] angvel=[-0.0255, 0.01021, 0.01146] linvel=[0.0055, -0.00115, 0.00337] z=0.1063
[lowlevel-sim][GT] t=57.301 quat=[0.46146, -0.53702, 0.47652, 0.52114] angvel=[-0.02725, 0.12195, 0.0253] linvel=[0.00594, -0.00193, 8e-05] z=0.1063
[lowlevel-sim][GT] t=57.351 quat=[0.4613, -0.53715, 0.47663, 0.52105] angvel=[-0.03928, -0.03794, 0.0004] linvel=[0.00457, -0.00674, 0.00133] z=0.1063
[lowlevel-sim][GT] t=57.401 quat=[0.46125, -0.53709, 0.47659, 0.52119] angvel=[-0.00729, 0.1023, 0.02323] linvel=[0.00534, -0.00156, -0.00134] z=0.1063
[lowlevel-sim][GT] t=57.451 quat=[0.46143, -0.53706, 0.47662, 0.52103] angvel=[-0.02409, 0.02578, 0.016] linvel=[0.00254, -0.00645, 0.00069] z=0.1063
[lowlevel-sim] t=  57.50 mode=cmd        pd=33348 hold=10404 failclosed=252 rtf=0.262 base_z=+0.106 pitch=+1.540 roll=+3.105 |tau|max= 35.00 sat=2/29 knee_L=+0.273 hip_p_L=-0.106 torn=11154 cmd_age=46.2ms auth=171.0s rig_ign=1454 fix_base=0 sat_j=left_ankle_roll_joint:+35.0,right_ankle_roll_joint:-35.0
[lowlevel-sim][GT] t=57.501 quat=[0.46151, -0.53692, 0.47666, 0.52108] angvel=[0.02205, 0.04988, 0.01073] linvel=[0.00108, 0.00134, -8e-05] z=0.1063
[lowlevel-sim] FAIL-CLOSED engaged at t=57.544s, last command age 86.03 ms (deadline <= 100 ms) PASS
[lowlevel-sim][GT] t=57.551 quat=[0.46124, -0.53744, 0.47697, 0.5205] angvel=[-0.45924, -0.03817, 0.01038] linvel=[0.00017, 0.00166, -0.01493] z=0.1061
[lowlevel-sim] COMMANDED at t=57.560s (was fail-closed)
[lowlevel-sim][GT] t=57.601 quat=[0.45981, -0.53884, 0.47788, 0.51948] angvel=[0.12791, -0.00351, 0.00468] linvel=[-0.01178, -0.00016, 0.00586] z=0.1053
[lowlevel-sim][GT] t=57.651 quat=[0.46084, -0.53859, 0.47661, 0.51999] angvel=[0.06355, 0.00626, 0.01991] linvel=[0.00268, -0.001, 0.00155] z=0.1058
[lowlevel-sim][GT] t=57.701 quat=[0.46096, -0.5383, 0.47582, 0.52091] angvel=[0.05574, 0.08928, 0.02824] linvel=[0.0084, 0.00325, -0.00506] z=0.1062
[lowlevel-sim][GT] t=57.751 quat=[0.46047, -0.53797, 0.47603, 0.52149] angvel=[-0.02902, 0.03726, 0.00963] linvel=[0.01276, -0.00075, -0.00039] z=0.1063
[lowlevel-sim][GT] t=57.801 quat=[0.46061, -0.53773, 0.47628, 0.52139] angvel=[0.03829, -0.0293, -0.02344] linvel=[0.00494, -0.0025, -0.00227] z=0.1063
[lowlevel-sim][GT] t=57.851 quat=[0.46132, -0.53765, 0.47641, 0.52072] angvel=[0.0066, -0.02607, -0.02737] linvel=[0.00791, -0.00918, 0.00011] z=0.1064
[lowlevel-sim][GT] t=57.901 quat=[0.46188, -0.53732, 0.47659, 0.52039] angvel=[0.03031, -0.01124, -0.02697] linvel=[0.00447, 0.00067, 0.00047] z=0.1064
[lowlevel-sim][GT] t=57.951 quat=[0.46228, -0.53724, 0.47675, 0.51998] angvel=[-0.0015, -0.00982, -0.01839] linvel=[0.00511, -0.00842, 0.00258] z=0.1065
[lowlevel-sim] t=  58.00 mode=cmd        pd=33605 hold=10404 failclosed=267 rtf=0.262 base_z=+0.107 pitch=+1.539 roll=-3.107 |tau|max= 35.00 sat=2/29 knee_L=+0.273 hip_p_L=-0.106 torn=11207 cmd_age=35.8ms auth=172.8s rig_ign=1454 fix_base=0 sat_j=left_ankle_roll_joint:+35.0,right_ankle_roll_joint:-35.0
[lowlevel-sim][GT] t=58.001 quat=[0.46266, -0.53695, 0.4768, 0.5199] angvel=[0.00858, 0.00547, -0.01059] linvel=[0.00558, -0.00373, -0.00143] z=0.1065
[lowlevel-sim][GT] t=58.051 quat=[0.46269, -0.53681, 0.477, 0.51982] angvel=[-0.0137, -0.032, -0.01441] linvel=[0.00559, -0.00117, 0.00402] z=0.1065
[lowlevel-sim][GT] t=58.101 quat=[0.46303, -0.53658, 0.47701, 0.51975] angvel=[0.03732, 0.04712, -0.01702] linvel=[0.00609, 0.00227, -0.00311] z=0.1066
[lowlevel-sim][GT] t=58.151 quat=[0.46283, -0.53654, 0.47718, 0.51982] angvel=[-0.00429, -0.02999, -0.04888] linvel=[0.00393, -0.00301, 0.00081] z=0.1066
[lowlevel-sim][GT] t=58.201 quat=[0.46313, -0.53631, 0.47731, 0.51967] angvel=[0.0603, 0.0168, -0.02489] linvel=[0.00662, -0.00043, -0.0076] z=0.1066
[lowlevel-sim][GT] t=58.251 quat=[0.46327, -0.53616, 0.47755, 0.51949] angvel=[-0.03037, -0.03403, -0.01636] linvel=[0.00654, -0.00389, 0.00186] z=0.1066
[lowlevel-sim][GT] t=58.301 quat=[0.46352, -0.53585, 0.47769, 0.51944] angvel=[0.02104, 0.07401, -0.00733] linvel=[0.01128, 0.00257, -0.0023] z=0.1066
[lowlevel-sim][GT] t=58.351 quat=[0.46369, -0.5357, 0.47798, 0.51918] angvel=[-0.02878, 0.01671, 0.01705] linvel=[0.00565, -0.00674, 0.00104] z=0.1067
[lowlevel-sim][GT] t=58.401 quat=[0.46375, -0.53555, 0.47812, 0.51916] angvel=[-0.04334, -0.08729, -0.00685] linvel=[0.00707, -0.00295, 0.00409] z=0.1066
[lowlevel-sim][GT] t=58.451 quat=[0.46379, -0.53548, 0.4783, 0.51903] angvel=[-0.00513, -0.00798, -0.00227] linvel=[0.00658, -0.00612, -0.00095] z=0.1066
[lowlevel-sim] t=  58.50 mode=cmd        pd=33855 hold=10404 failclosed=267 rtf=0.262 base_z=+0.107 pitch=+1.540 roll=-3.140 |tau|max= 35.00 sat=2/29 knee_L=+0.274 hip_p_L=-0.107 torn=11227 cmd_age=51.7ms auth=174.9s rig_ign=1454 fix_base=0 sat_j=left_ankle_roll_joint:+35.0,right_ankle_roll_joint:-35.0
[lowlevel-sim][GT] t=58.501 quat=[0.4639, -0.5353, 0.47838, 0.51904] angvel=[0.05601, 0.03015, -0.00342] linvel=[0.00614, 0.00054, -0.00657] z=0.1066
[lowlevel-sim][GT] t=58.551 quat=[0.46385, -0.53526, 0.47857, 0.51896] angvel=[-0.03948, 0.0062, 0.00348] linvel=[0.00626, -0.00364, 0.00403] z=0.1066
[lowlevel-sim][GT] t=58.601 quat=[0.46394, -0.53506, 0.47862, 0.51903] angvel=[-0.02647, -0.09808, -0.01853] linvel=[0.00499, 0.00077, 0.00464] z=0.1067
[lowlevel-sim][GT] t=58.651 quat=[0.46386, -0.535, 0.4788, 0.51899] angvel=[-0.02307, 0.00245, 0.00944] linvel=[0.00596, -0.00342, 0.00252] z=0.1067
[lowlevel-sim][GT] t=58.701 quat=[0.4641, -0.53488, 0.47874, 0.51896] angvel=[-0.0482, -0.0534, -0.00795] linvel=[0.00527, -0.00176, 0.00516] z=0.1067
[lowlevel-sim][GT] t=58.751 quat=[0.46423, -0.53489, 0.479, 0.51859] angvel=[-0.04316, -0.02166, -0.0311] linvel=[0.0068, -0.00717, 0.00372] z=0.1066
[lowlevel-sim][GT] t=58.801 quat=[0.46421, -0.5347, 0.47907, 0.51874] angvel=[-0.05972, 0.04106, 0.04063] linvel=[0.00536, -0.00549, 0.00612] z=0.1066
[lowlevel-sim][GT] t=58.851 quat=[0.46408, -0.53475, 0.47914, 0.51875] angvel=[-0.05727, -0.07121, 0.02298] linvel=[0.01139, -0.00666, 0.00648] z=0.1066
[lowlevel-sim][GT] t=58.901 quat=[0.46423, -0.5346, 0.47915, 0.51876] angvel=[-0.02947, -0.06792, 0.00087] linvel=[0.00388, -0.00263, 0.00453] z=0.1066
[lowlevel-sim][GT] t=58.951 quat=[0.46399, -0.53466, 0.47922, 0.51885] angvel=[0.0034, -0.00525, 0.00871] linvel=[0.00211, -0.00037, 0.00127] z=0.1066
[lowlevel-sim] t=  59.00 mode=cmd        pd=34105 hold=10404 failclosed=267 rtf=0.262 base_z=+0.107 pitch=+1.540 roll=+3.095 |tau|max= 35.00 sat=2/29 knee_L=+0.276 hip_p_L=-0.108 torn=11244 cmd_age=28.9ms auth=176.7s rig_ign=1454 fix_base=0 sat_j=left_ankle_roll_joint:+35.0,right_ankle_roll_joint:-35.0
[lowlevel-sim][GT] t=59.001 quat=[0.46386, -0.53463, 0.47919, 0.51901] angvel=[-0.13632, -0.03833, 0.00251] linvel=[0.00331, -0.00615, 0.01355] z=0.1066
[lowlevel-sim][GT] t=59.051 quat=[0.46382, -0.53474, 0.47938, 0.51877] angvel=[-0.06651, 0.01568, 0.02694] linvel=[0.01234, -0.00831, 0.00522] z=0.1066
[lowlevel-sim][GT] t=59.101 quat=[0.46388, -0.53462, 0.47924, 0.51897] angvel=[-0.0267, -0.0307, -0.00295] linvel=[-0.0018, -0.00245, 0.00348] z=0.1066
[lowlevel-sim][GT] t=59.151 quat=[0.4638, -0.53463, 0.47931, 0.51896] angvel=[-0.04044, -0.01943, -0.02477] linvel=[0.00692, -0.0068, 0.00442] z=0.1066
[lowlevel-sim][GT] t=59.201 quat=[0.46401, -0.53452, 0.47928, 0.51891] angvel=[0.01219, -0.03689, -0.01852] linvel=[-0.00389, -0.00084, 0.00264] z=0.1067
[lowlevel-sim][GT] t=59.251 quat=[0.46409, -0.53453, 0.47938, 0.51875] angvel=[-0.04434, -0.02451, -0.03738] linvel=[0.00521, -0.00712, 0.00362] z=0.1067
[lowlevel-sim][GT] t=59.301 quat=[0.46412, -0.53442, 0.4793, 0.5189] angvel=[-0.01021, -0.0269, 0.0112] linvel=[-0.0059, -0.00248, 0.00321] z=0.1067
[lowlevel-sim][GT] t=59.351 quat=[0.4638, -0.5346, 0.4793, 0.51901] angvel=[-0.03166, -0.02832, -0.00059] linvel=[0.0002, -0.00815, 0.00286] z=0.1067
[lowlevel-sim][GT] t=59.401 quat=[0.4639, -0.53442, 0.47924, 0.51916] angvel=[0.01859, -0.05589, -0.00246] linvel=[-0.00986, -0.00286, 0.00094] z=0.1067
[lowlevel-sim] FAIL-CLOSED engaged at t=59.422s, last command age 86.23 ms (deadline <= 100 ms) PASS
[lowlevel-sim] COMMANDED at t=59.430s (was fail-closed)
[lowlevel-sim][GT] t=59.451 quat=[0.46317, -0.53543, 0.48019, 0.51789] angvel=[0.03707, -0.01741, -0.04786] linvel=[-0.00223, -0.0015, 0.00327] z=0.1062
[lowlevel-sim] t=  59.50 mode=cmd        pd=34359 hold=10404 failclosed=275 rtf=0.262 base_z=+0.106 pitch=+1.538 roll=+3.089 |tau|max= 35.00 sat=2/29 knee_L=+0.276 hip_p_L=-0.109 torn=11273 cmd_age=35.6ms auth=178.2s rig_ign=1454 fix_base=0 sat_j=left_ankle_roll_joint:+35.0,right_ankle_roll_joint:-35.0
[lowlevel-sim][GT] t=59.501 quat=[0.46345, -0.53493, 0.47976, 0.51855] angvel=[0.06779, 0.04733, 0.01777] linvel=[0.00656, -0.00128, -0.00214] z=0.1064
[lowlevel-sim][GT] t=59.551 quat=[0.46343, -0.53478, 0.47959, 0.51888] angvel=[-0.00781, -0.01583, -0.04599] linvel=[-0.00866, -0.00727, 0.00018] z=0.1065
[lowlevel-sim][GT] t=59.601 quat=[0.46355, -0.53458, 0.47953, 0.51903] angvel=[-0.05456, -0.10172, -0.01875] linvel=[-0.00691, -0.00459, 0.00564] z=0.1065
[lowlevel-sim][GT] t=59.651 quat=[0.46373, -0.53463, 0.47963, 0.51873] angvel=[-0.02358, -0.02259, -0.02823] linvel=[-0.00278, -0.00549, 0.00224] z=0.1065
[lowlevel-sim][GT] t=59.701 quat=[0.46417, -0.53447, 0.47959, 0.51854] angvel=[0.03374, 0.05957, -0.00395] linvel=[-0.00185, -0.00205, -0.00298] z=0.1066
[lowlevel-sim][GT] t=59.751 quat=[0.46416, -0.53452, 0.47956, 0.51852] angvel=[0.00194, -0.03392, -0.02964] linvel=[-0.00906, -0.00699, -0.0009] z=0.1066
[lowlevel-sim][GT] t=59.801 quat=[0.46416, -0.53433, 0.47939, 0.51888] angvel=[0.07266, 0.02797, 0.02639] linvel=[-0.00755, 0.00274, -0.00357] z=0.1067
[lowlevel-sim][GT] t=59.851 quat=[0.46419, -0.53437, 0.47927, 0.51892] angvel=[0.01434, -0.05914, -0.04223] linvel=[-0.01242, -0.00783, 0.00136] z=0.1068
[lowlevel-sim][GT] t=59.901 quat=[0.46444, -0.5343, 0.47922, 0.51881] angvel=[-0.03368, -0.03927, 0.01317] linvel=[0.00255, -0.00454, 0.00346] z=0.1068
[lowlevel-sim][GT] t=59.951 quat=[0.46445, -0.53439, 0.47935, 0.5186] angvel=[-0.01104, 0.0443, 0.05751] linvel=[0.00251, -0.00678, 0.00089] z=0.1068
[lowlevel-sim] t=  60.00 mode=cmd        pd=34609 hold=10404 failclosed=275 rtf=0.262 base_z=+0.107 pitch=+1.540 roll=+3.112 |tau|max= 35.00 sat=2/29 knee_L=+0.276 hip_p_L=-0.108 torn=11295 cmd_age=42.7ms auth=180.2s rig_ign=1454 fix_base=0 sat_j=left_ankle_roll_joint:+35.0,right_ankle_roll_joint:-35.0
[lowlevel-sim][GT] t=60.001 quat=[0.46447, -0.53429, 0.47926, 0.51876] angvel=[0.07854, 0.01895, 0.01636] linvel=[-0.00324, 0.00048, -0.00501] z=0.1069
[lowlevel-sim][GT] t=60.051 quat=[0.46445, -0.53436, 0.4793, 0.51866] angvel=[-0.05005, -0.00218, -0.00085] linvel=[0.00355, -0.00566, 0.00414] z=0.1069
[lowlevel-sim][GT] t=60.101 quat=[0.46464, -0.53428, 0.47919, 0.51868] angvel=[0.02229, 0.03441, -0.00636] linvel=[0.006, -0.0029, -0.00107] z=0.1069
[lowlevel-sim][GT] t=60.151 quat=[0.46453, -0.53428, 0.47928, 0.51869] angvel=[-0.0232, 0.03548, 0.01214] linvel=[0.00245, -0.00123, 0.0029] z=0.1070
[lowlevel-sim][GT] t=60.201 quat=[0.46453, -0.53413, 0.47917, 0.51895] angvel=[-0.00599, -0.02179, 0.00394] linvel=[-0.00655, -0.00072, 0.00205] z=0.1070
[lowlevel-sim][GT] t=60.251 quat=[0.46431, -0.53417, 0.47919, 0.51909] angvel=[-0.03627, 0.01431, -0.00729] linvel=[-0.00389, -0.00549, 0.00212] z=0.1070
[lowlevel-sim][GT] t=60.301 quat=[0.46456, -0.53409, 0.47921, 0.51893] angvel=[-0.05338, -0.06514, -0.01262] linvel=[-0.00076, -0.0012, 0.00604] z=0.1070
[lowlevel-sim][GT] t=60.351 quat=[0.46453, -0.53406, 0.47932, 0.51889] angvel=[-0.02465, 0.00163, 0.0265] linvel=[-0.00141, -0.01003, 0.00184] z=0.1071
[lowlevel-sim][GT] t=60.401 quat=[0.46468, -0.53406, 0.47919, 0.51888] angvel=[-0.09184, 0.04121, 0.02173] linvel=[0.00529, -0.00608, 0.00907] z=0.1071
[lowlevel-sim][GT] t=60.451 quat=[0.46458, -0.5341, 0.4793, 0.51883] angvel=[-0.02769, 0.00407, 0.00193] linvel=[0.00284, -0.00708, 0.00192] z=0.1071
[lowlevel-sim] t=  60.50 mode=cmd        pd=34859 hold=10404 failclosed=275 rtf=0.263 base_z=+0.107 pitch=+1.541 roll=+3.118 |tau|max= 35.00 sat=2/29 knee_L=+0.278 hip_p_L=-0.108 torn=11325 cmd_age=26.1ms auth=181.9s rig_ign=1454 fix_base=0 sat_j=left_ankle_roll_joint:+35.0,right_ankle_roll_joint:-35.0
[lowlevel-sim][GT] t=60.501 quat=[0.46483, -0.53405, 0.47919, 0.51876] angvel=[-0.01661, -0.08431, -0.01701] linvel=[0.00639, -0.00186, 0.00565] z=0.1071
[lowlevel-sim][GT] t=60.551 quat=[0.46509, -0.53391, 0.47931, 0.51855] angvel=[0.00391, 0.01161, -0.00674] linvel=[0.00492, -0.00012, -0.00056] z=0.1072
[lowlevel-sim][GT] t=60.601 quat=[0.46513, -0.53382, 0.47926, 0.51865] angvel=[0.08612, 0.01275, -0.01759] linvel=[0.00472, -0.00094, -0.00633] z=0.1072
[lowlevel-sim][GT] t=60.651 quat=[0.4649, -0.53382, 0.47934, 0.51879] angvel=[-0.05751, -0.00225, 0.02103] linvel=[0.009, -0.00773, 0.00447] z=0.1072
[lowlevel-sim][GT] t=60.701 quat=[0.46486, -0.53381, 0.47934, 0.51883] angvel=[-0.00221, 0.00869, 0.03154] linvel=[-0.00245, -0.00327, 0.00224] z=0.1071
[lowlevel-sim][GT] t=60.751 quat=[0.46478, -0.53384, 0.47942, 0.51879] angvel=[0.00535, -0.0067, -0.03474] linvel=[-0.00125, -0.00387, 5e-05] z=0.1071
[lowlevel-sim][GT] t=60.801 quat=[0.46498, -0.53367, 0.47943, 0.51879] angvel=[0.05382, -0.00663, -0.01669] linvel=[0.00407, -0.00065, -0.00434] z=0.1072
[lowlevel-sim][GT] t=60.851 quat=[0.46496, -0.53376, 0.47941, 0.51873] angvel=[-0.00668, -0.04441, -0.06031] linvel=[-0.00319, -0.00602, 0.00059] z=0.1072
[lowlevel-sim][GT] t=60.901 quat=[0.46507, -0.53368, 0.47945, 0.51868] angvel=[0.0285, 0.02699, 0.00365] linvel=[0.00381, 0.00175, -0.00279] z=0.1071
[lowlevel-sim][GT] t=60.951 quat=[0.46491, -0.53375, 0.47952, 0.51868] angvel=[-0.04344, 0.01347, 0.00548] linvel=[0.00076, -0.00426, 0.00221] z=0.1071
[lowlevel-sim] t=  61.00 mode=cmd        pd=35109 hold=10404 failclosed=275 rtf=0.263 base_z=+0.107 pitch=+1.541 roll=+3.094 |tau|max= 35.00 sat=2/29 knee_L=+0.278 hip_p_L=-0.108 torn=11346 cmd_age=47.2ms auth=183.5s rig_ign=1454 fix_base=0 sat_j=left_ankle_roll_joint:+35.0,right_ankle_roll_joint:-35.0
[lowlevel-sim][GT] t=61.001 quat=[0.46482, -0.53368, 0.47943, 0.51891] angvel=[0.04744, 0.03966, 0.02983] linvel=[-0.00565, -0.00329, -0.00217] z=0.1071
[lowlevel-sim][GT] t=61.051 quat=[0.46463, -0.53394, 0.47934, 0.51891] angvel=[-0.03318, -0.00346, 0.03507] linvel=[0.00352, -0.00855, 0.00236] z=0.1072
[lowlevel-sim][GT] t=61.101 quat=[0.4645, -0.53389, 0.47922, 0.51918] angvel=[-0.09447, -0.06153, -0.00792] linvel=[-0.00375, -0.00442, 0.01121] z=0.1072
[lowlevel-sim][GT] t=61.151 quat=[0.46451, -0.53404, 0.4792, 0.51904] angvel=[-0.0158, 0.02554, 0.02014] linvel=[-0.00367, -0.00232, 0.0009] z=0.1072
[lowlevel-sim][GT] t=61.201 quat=[0.46465, -0.53402, 0.47912, 0.519] angvel=[-0.01459, -0.04505, -0.01631] linvel=[0.00347, -0.0044, 0.00262] z=0.1072
[lowlevel-sim][GT] t=61.251 quat=[0.46463, -0.53413, 0.47915, 0.51888] angvel=[-0.00707, -0.01388, 0.00128] linvel=[0.00317, -0.00158, 0.00287] z=0.1072
[lowlevel-sim][GT] t=61.301 quat=[0.46473, -0.53398, 0.47908, 0.51902] angvel=[-0.03425, -0.06977, -0.00918] linvel=[0.00087, -0.00217, 0.00786] z=0.1072
[lowlevel-sim][GT] t=61.351 quat=[0.46485, -0.53399, 0.4789, 0.51906] angvel=[-0.02194, -0.02904, -0.00646] linvel=[0.00216, -0.00526, 0.00018] z=0.1073
[lowlevel-sim][GT] t=61.401 quat=[0.46488, -0.53389, 0.47894, 0.5191] angvel=[-0.06893, -0.06351, -0.01499] linvel=[0.00373, -0.00038, 0.00815] z=0.1073
[lowlevel-sim][GT] t=61.451 quat=[0.46473, -0.53403, 0.47906, 0.51898] angvel=[-0.00957, 0.00166, 0.01061] linvel=[0.00436, -0.00272, 0.00292] z=0.1072
[lowlevel-sim] t=  61.50 mode=cmd        pd=35359 hold=10404 failclosed=275 rtf=0.263 base_z=+0.107 pitch=+1.541 roll=+3.112 |tau|max= 35.00 sat=2/29 knee_L=+0.279 hip_p_L=-0.108 torn=11369 cmd_age=34.5ms auth=185.6s rig_ign=1454 fix_base=0 sat_j=left_ankle_roll_joint:+35.0,right_ankle_roll_joint:-35.0
[lowlevel-sim][GT] t=61.501 quat=[0.46476, -0.53401, 0.47903, 0.51901] angvel=[0.03098, 0.02289, 0.00233] linvel=[0.00392, 0.00155, -0.00045] z=0.1072
[lowlevel-sim][GT] t=61.551 quat=[0.46487, -0.53403, 0.47897, 0.51894] angvel=[0.02094, -0.00313, -0.03685] linvel=[0.00254, -0.00507, -0.00267] z=0.1073
[lowlevel-sim][GT] t=61.601 quat=[0.46493, -0.53394, 0.47892, 0.51901] angvel=[-0.06955, -0.07675, -0.00583] linvel=[0.00058, -0.00427, 0.00958] z=0.1073
[lowlevel-sim][GT] t=61.651 quat=[0.46462, -0.53411, 0.47893, 0.51911] angvel=[-0.04443, 0.00013, 0.00596] linvel=[0.00322, -0.00939, 0.00342] z=0.1072
[lowlevel-sim][GT] t=61.701 quat=[0.46454, -0.53412, 0.47893, 0.51917] angvel=[-0.02907, -0.04784, 0.00491] linvel=[0.00721, -0.00454, 0.0051] z=0.1072
[lowlevel-sim][GT] t=61.751 quat=[0.46444, -0.5342, 0.47901, 0.51911] angvel=[-0.0313, 0.00602, -0.01432] linvel=[0.00571, -0.00703, 0.00293] z=0.1072
[lowlevel-sim][GT] t=61.801 quat=[0.46443, -0.53405, 0.479, 0.51927] angvel=[0.08221, -0.01872, -0.00083] linvel=[0.00147, 0.00233, -0.00598] z=0.1072
[lowlevel-sim][GT] t=61.851 quat=[0.46438, -0.53416, 0.47917, 0.51906] angvel=[-0.03791, 0.00297, -0.01889] linvel=[0.0014, -0.00656, 0.00201] z=0.1071
[lowlevel-sim][GT] t=61.901 quat=[0.46457, -0.53396, 0.47904, 0.51921] angvel=[-0.02002, -0.04197, -0.0005] linvel=[-0.00038, 5e-05, 0.00628] z=0.1072
[lowlevel-sim][GT] t=61.951 quat=[0.46437, -0.53415, 0.47902, 0.51921] angvel=[-0.05355, 0.00361, 0.02382] linvel=[-0.00223, -0.00553, 0.00363] z=0.1072
[lowlevel-sim] t=  62.00 mode=cmd        pd=35609 hold=10404 failclosed=275 rtf=0.262 base_z=+0.107 pitch=+1.541 roll=+3.103 |tau|max= 35.00 sat=2/29 knee_L=+0.278 hip_p_L=-0.108 torn=11393 cmd_age=54.7ms auth=187.7s rig_ign=1454 fix_base=0 sat_j=left_ankle_roll_joint:+35.0,right_ankle_roll_joint:-35.0
[lowlevel-sim][GT] t=62.001 quat=[0.46446, -0.53414, 0.47896, 0.5192] angvel=[-0.04052, 0.00157, 0.01399] linvel=[-0.00231, -0.00195, 0.0063] z=0.1072
[lowlevel-sim][GT] t=62.051 quat=[0.4644, -0.53411, 0.479, 0.51925] angvel=[-0.03813, -0.00931, -0.01008] linvel=[-0.00638, -0.00939, 0.00213] z=0.1072
[lowlevel-sim][GT] t=62.101 quat=[0.46459, -0.53399, 0.47906, 0.51915] angvel=[0.07117, 0.00447, -0.01999] linvel=[0.00197, -0.00185, -0.00579] z=0.1072
[lowlevel-sim][GT] t=62.151 quat=[0.46475, -0.53391, 0.4791, 0.51904] angvel=[-0.01472, -0.01664, -0.02196] linvel=[-0.00361, -0.00704, -0.00086] z=0.1073
[lowlevel-sim][GT] t=62.201 quat=[0.46493, -0.53381, 0.47918, 0.51892] angvel=[-0.04739, -0.06021, -0.0155] linvel=[0.00373, -0.00168, 0.00631] z=0.1073
[lowlevel-sim][GT] t=62.251 quat=[0.46484, -0.53383, 0.47926, 0.5189] angvel=[-0.0194, -0.00271, -0.00705] linvel=[-0.00159, -0.00138, 0.00143] z=0.1073
[lowlevel-sim][GT] t=62.301 quat=[0.46489, -0.53372, 0.4792, 0.51902] angvel=[-0.01395, -0.00471, 0.0033] linvel=[-0.00763, -0.00481, -0.0012] z=0.1073
[lowlevel-sim][GT] t=62.351 quat=[0.46476, -0.53389, 0.47931, 0.51886] angvel=[-0.05859, -0.01449, 0.03568] linvel=[-0.00168, -0.00926, 0.00118] z=0.1072
[lowlevel-sim][GT] t=62.401 quat=[0.46489, -0.53384, 0.4792, 0.51889] angvel=[-0.02138, -0.02356, 0.02743] linvel=[-0.00239, -0.00505, 0.00447] z=0.1072
[lowlevel-sim][GT] t=62.451 quat=[0.46492, -0.53395, 0.47926, 0.51871] angvel=[-0.025, -0.0643, -0.04308] linvel=[-0.00796, -0.00856, -0.00018] z=0.1072
[lowlevel-sim] t=  62.50 mode=cmd        pd=35859 hold=10404 failclosed=275 rtf=0.263 base_z=+0.107 pitch=+1.541 roll=+3.118 |tau|max= 35.00 sat=2/29 knee_L=+0.278 hip_p_L=-0.108 torn=11411 cmd_age=27.0ms auth=189.2s rig_ign=1454 fix_base=0 sat_j=left_ankle_roll_joint:+35.0,right_ankle_roll_joint:-35.0
[lowlevel-sim][GT] t=62.501 quat=[0.46491, -0.53395, 0.47918, 0.51879] angvel=[0.03037, 0.04425, -0.01051] linvel=[-0.00469, -0.00183, -0.00469] z=0.1072
[lowlevel-sim][GT] t=62.551 quat=[0.46479, -0.53398, 0.47929, 0.51876] angvel=[-0.01849, 0.02234, 0.00278] linvel=[-0.00625, -0.00368, 0.00068] z=0.1072
[lowlevel-sim][GT] t=62.601 quat=[0.46465, -0.53399, 0.47912, 0.51903] angvel=[-0.00589, -0.00901, -0.012] linvel=[-0.0051, -0.00213, 0.00137] z=0.1072
[lowlevel-sim][GT] t=62.651 quat=[0.46443, -0.53421, 0.47894, 0.51917] angvel=[-0.0467, 0.00126, 0.00671] linvel=[-0.0061, -0.00486, 0.00497] z=0.1072
[lowlevel-sim][GT] t=62.701 quat=[0.4644, -0.53414, 0.47868, 0.51951] angvel=[0.02906, -0.0209, 0.0027] linvel=[-0.00833, -0.00345, -0.00114] z=0.1073
[lowlevel-sim][GT] t=62.751 quat=[0.4645, -0.53418, 0.47867, 0.51939] angvel=[0.00082, 0.0159, -0.00133] linvel=[-0.00491, -0.00578, -0.0012] z=0.1073
[lowlevel-sim][GT] t=62.801 quat=[0.46462, -0.53417, 0.47866, 0.51931] angvel=[0.02322, -0.07013, -0.00897] linvel=[-0.0068, -0.00166, -0.00439] z=0.1073
[lowlevel-sim][GT] t=62.851 quat=[0.46452, -0.53431, 0.47867, 0.51924] angvel=[-0.01613, 0.0025, 0.01012] linvel=[-0.00833, -0.004, 0.00194] z=0.1073
[lowlevel-sim][GT] t=62.901 quat=[0.46446, -0.5343, 0.47846, 0.51949] angvel=[-0.00453, 0.01419, -0.00243] linvel=[-0.0054, -0.00155, 0.00174] z=0.1073
[lowlevel-sim][GT] t=62.951 quat=[0.46447, -0.53437, 0.47856, 0.51933] angvel=[-0.04993, -0.00179, -0.01411] linvel=[-0.00702, -0.0046, 0.00269] z=0.1073
[lowlevel-sim] t=  63.00 mode=cmd        pd=36109 hold=10404 failclosed=275 rtf=0.263 base_z=+0.107 pitch=+1.542 roll=+3.119 |tau|max= 35.00 sat=2/29 knee_L=+0.278 hip_p_L=-0.108 torn=11429 cmd_age=21.6ms auth=191.1s rig_ign=1454 fix_base=0 sat_j=left_ankle_roll_joint:+35.0,right_ankle_roll_joint:-35.0
[lowlevel-sim][GT] t=63.001 quat=[0.46453, -0.5343, 0.47843, 0.51945] angvel=[0.08187, -0.00253, -0.00275] linvel=[-0.0082, 0.00198, -0.00294] z=0.1073
[lowlevel-sim][GT] t=63.051 quat=[0.46449, -0.5344, 0.47833, 0.51948] angvel=[0.00854, -0.00592, 0.01482] linvel=[-0.00431, -0.00354, -0.00103] z=0.1073
[lowlevel-sim][GT] t=63.101 quat=[0.46461, -0.53443, 0.47821, 0.51946] angvel=[-0.04711, -0.03805, -0.00399] linvel=[-0.00285, -0.00365, 0.00416] z=0.1073
[lowlevel-sim][GT] t=63.151 quat=[0.46451, -0.53452, 0.47825, 0.51943] angvel=[0.01932, 0.00222, 0.00843] linvel=[-0.00326, -0.00881, -0.00109] z=0.1073
[lowlevel-sim][GT] t=63.201 quat=[0.46437, -0.53453, 0.47814, 0.51964] angvel=[-0.03097, 0.01236, 0.00671] linvel=[-0.00511, -0.00563, 0.00049] z=0.1073
[lowlevel-sim][GT] t=63.251 quat=[0.46417, -0.53473, 0.47811, 0.51964] angvel=[-0.03203, 0.00089, 0.00454] linvel=[-0.00518, -0.00461, 0.00321] z=0.1073
[lowlevel-sim][GT] t=63.301 quat=[0.46406, -0.53474, 0.47794, 0.51988] angvel=[-0.02649, 0.00463, 0.01407] linvel=[-0.00225, -0.0021, 0.00453] z=0.1073
[lowlevel-sim][GT] t=63.351 quat=[0.46397, -0.53488, 0.47797, 0.51978] angvel=[-0.03157, -0.0044, -0.01006] linvel=[-0.00397, -0.0026, 0.00336] z=0.1073
[lowlevel-sim][GT] t=63.401 quat=[0.4641, -0.53476, 0.47794, 0.51982] angvel=[0.04155, 0.05294, 0.00062] linvel=[-0.00576, 0.002, -0.00194] z=0.1073
[lowlevel-sim][GT] t=63.451 quat=[0.46424, -0.53481, 0.47806, 0.51953] angvel=[-0.02275, -0.01513, -0.01784] linvel=[0.00251, -0.00671, -0.00045] z=0.1072
[lowlevel-sim] t=  63.50 mode=cmd        pd=36359 hold=10404 failclosed=275 rtf=0.263 base_z=+0.107 pitch=+1.542 roll=-3.134 |tau|max= 35.00 sat=2/29 knee_L=+0.277 hip_p_L=-0.107 torn=11451 cmd_age=78.6ms auth=193.0s rig_ign=1454 fix_base=0 sat_j=left_ankle_roll_joint:+35.0,right_ankle_roll_joint:-35.0
[lowlevel-sim][GT] t=63.501 quat=[0.46464, -0.53462, 0.47814, 0.51931] angvel=[0.01489, 0.03199, 0.01467] linvel=[0.00668, -0.00194, -0.00195] z=0.1072
[lowlevel-sim][GT] t=63.551 quat=[0.46464, -0.5347, 0.47833, 0.51904] angvel=[-0.04693, -0.00634, -0.00859] linvel=[0.0067, -0.00582, 0.00458] z=0.1072
[lowlevel-sim][GT] t=63.601 quat=[0.46486, -0.53452, 0.47838, 0.51899] angvel=[0.00049, 0.01537, 0.00791] linvel=[0.00581, -0.00247, -0.00036] z=0.1072
[lowlevel-sim][GT] t=63.651 quat=[0.46501, -0.53448, 0.47858, 0.5187] angvel=[-0.00837, -0.04019, -0.0633] linvel=[0.00036, -0.00379, 0.0006] z=0.1072
[lowlevel-sim][GT] t=63.701 quat=[0.4651, -0.53434, 0.47856, 0.51879] angvel=[-0.02782, -0.02812, -0.02393] linvel=[0.0029, -0.00397, 0.00333] z=0.1072
[lowlevel-sim][GT] t=63.751 quat=[0.46509, -0.53435, 0.47865, 0.5187] angvel=[-0.03788, -0.04485, -0.05159] linvel=[0.00622, -0.00614, 0.00196] z=0.1072
[lowlevel-sim][GT] t=63.801 quat=[0.46509, -0.5343, 0.47873, 0.51868] angvel=[0.04664, 0.06092, 0.01875] linvel=[0.00599, -0.00303, -0.00387] z=0.1071
[lowlevel-sim][GT] t=63.851 quat=[0.46494, -0.53432, 0.47887, 0.51867] angvel=[-0.01897, -0.00142, -0.00192] linvel=[0.00621, -0.00615, -0.00032] z=0.1071
[lowlevel-sim][GT] t=63.901 quat=[0.4651, -0.53416, 0.47884, 0.51872] angvel=[-0.01593, -0.00866, -0.00352] linvel=[0.00441, -0.00126, 0.00447] z=0.1071
[lowlevel-sim][GT] t=63.951 quat=[0.46498, -0.53421, 0.47892, 0.5187] angvel=[-0.02912, -0.04158, -0.02405] linvel=[0.00487, -0.00405, 0.00201] z=0.1071
[lowlevel-sim] t=  64.00 mode=cmd        pd=36609 hold=10404 failclosed=275 rtf=0.263 base_z=+0.107 pitch=+1.541 roll=+3.125 |tau|max= 35.00 sat=2/29 knee_L=+0.278 hip_p_L=-0.107 torn=11484 cmd_age=54.2ms auth=195.1s rig_ign=1454 fix_base=0 sat_j=left_ankle_roll_joint:+35.0,right_ankle_roll_joint:-35.0
[lowlevel-sim][GT] t=64.001 quat=[0.46483, -0.53411, 0.47895, 0.5189] angvel=[-0.01087, 0.02429, 0.0144] linvel=[0.00267, -0.00106, 0.00057] z=0.1071
[lowlevel-sim][GT] t=64.051 quat=[0.46483, -0.53416, 0.47904, 0.51878] angvel=[-0.02152, -0.02424, -0.053] linvel=[-0.00073, -0.00859, 0.00331] z=0.1071
[lowlevel-sim][GT] t=64.101 quat=[0.46487, -0.53395, 0.47903, 0.51897] angvel=[-0.01061, -0.00665, -0.01356] linvel=[0.00337, -0.0007, 0.00316] z=0.1071
[lowlevel-sim][GT] t=64.151 quat=[0.46473, -0.53402, 0.47912, 0.51893] angvel=[-0.02691, 0.01715, 0.00353] linvel=[-0.00292, -0.00248, 0.00351] z=0.1071
[lowlevel-sim][GT] t=64.201 quat=[0.46468, -0.53389, 0.47902, 0.51921] angvel=[-0.00364, -0.02349, -0.00567] linvel=[-0.00419, -0.00091, 0.0049] z=0.1072
[lowlevel-sim][GT] t=64.251 quat=[0.46488, -0.53391, 0.4791, 0.51894] angvel=[-0.01133, 0.03673, 0.0521] linvel=[0.00063, -0.0039, -0.00195] z=0.1071
[lowlevel-sim] FAIL-CLOSED engaged at t=64.255s, last command age 85.53 ms (deadline <= 100 ms) PASS
[lowlevel-sim] COMMANDED at t=64.260s (was fail-closed)
[lowlevel-sim][GT] t=64.301 quat=[0.46443, -0.53441, 0.47947, 0.51848] angvel=[-0.01899, -0.01599, -0.0017] linvel=[-0.00285, 0.00066, 0.00542] z=0.1069
[lowlevel-sim][GT] t=64.351 quat=[0.46465, -0.53411, 0.4793, 0.51874] angvel=[0.03503, 0.0436, -0.00509] linvel=[-0.00528, 0.00218, -0.00181] z=0.1070
[lowlevel-sim][GT] t=64.401 quat=[0.46472, -0.53414, 0.47924, 0.5187] angvel=[-0.03918, -0.01923, -0.04163] linvel=[-0.00684, -0.00517, 0.00257] z=0.1070
[lowlevel-sim][GT] t=64.451 quat=[0.4649, -0.53411, 0.47915, 0.51866] angvel=[0.04664, 0.02775, 0.00731] linvel=[-0.00209, 0.00167, -0.00329] z=0.1070
[lowlevel-sim] t=  64.50 mode=cmd        pd=36862 hold=10404 failclosed=280 rtf=0.263 base_z=+0.107 pitch=+1.541 roll=+3.128 |tau|max=  9.48 sat=0/29 knee_L=+0.278 hip_p_L=-0.108 torn=11515 cmd_age=25.2ms auth=197.0s rig_ign=1454 fix_base=0
[lowlevel-sim][GT] t=64.501 quat=[0.4649, -0.53414, 0.47926, 0.51853] angvel=[-0.03323, -0.02101, 0.01188] linvel=[0.00444, -0.00497, 0.00183] z=0.1070
[lowlevel-sim][GT] t=64.551 quat=[0.46502, -0.53395, 0.47922, 0.51865] angvel=[0.05961, 0.0485, 0.01392] linvel=[-0.00202, 0.00231, -0.00217] z=0.1070
[lowlevel-sim][GT] t=64.601 quat=[0.46519, -0.53392, 0.47932, 0.51844] angvel=[0.00458, -0.05562, -0.06751] linvel=[-0.00253, -0.00472, -0.00028] z=0.1071
[lowlevel-sim][GT] t=64.651 quat=[0.46542, -0.53377, 0.4793, 0.51841] angvel=[0.00228, -0.04343, -0.01297] linvel=[-0.00029, -0.00057, -0.00014] z=0.1070
[lowlevel-sim][GT] t=64.701 quat=[0.46522, -0.53385, 0.47942, 0.51839] angvel=[-0.01506, 0.01767, 0.04819] linvel=[0.00429, -0.0082, 0.00159] z=0.1070
[lowlevel-sim][GT] t=64.751 quat=[0.46511, -0.5338, 0.4794, 0.51856] angvel=[-0.02093, -0.04491, 0.00043] linvel=[0.00156, -0.00405, 0.00216] z=0.1070
[lowlevel-sim][GT] t=64.801 quat=[0.46526, -0.53389, 0.47949, 0.51825] angvel=[-0.04348, 0.00095, 0.05253] linvel=[0.00582, -0.00832, 0.00462] z=0.1070
[lowlevel-sim][GT] t=64.851 quat=[0.46534, -0.53376, 0.47936, 0.51843] angvel=[-0.05411, -0.0515, 0.00192] linvel=[0.00455, -0.00447, 0.00453] z=0.1071
[lowlevel-sim][GT] t=64.901 quat=[0.46527, -0.53382, 0.47947, 0.51834] angvel=[-0.01516, -0.01116, 0.00237] linvel=[0.00361, -0.00284, 0.00224] z=0.1071
[lowlevel-sim][GT] t=64.951 quat=[0.46533, -0.53373, 0.47933, 0.5185] angvel=[0.02236, -0.07501, -0.01258] linvel=[0.00341, 0.0019, 0.00118] z=0.1071
[lowlevel-sim] t=  65.00 mode=cmd        pd=37112 hold=10404 failclosed=280 rtf=0.263 base_z=+0.107 pitch=+1.541 roll=+3.122 |tau|max=  9.16 sat=0/29 knee_L=+0.278 hip_p_L=-0.107 torn=11528 cmd_age=60.2ms auth=198.9s rig_ign=1454 fix_base=0
[lowlevel-sim][GT] t=65.001 quat=[0.46516, -0.53376, 0.47935, 0.5186] angvel=[-0.01308, 0.01831, 0.01078] linvel=[-0.00114, -0.00336, 0.0031] z=0.1071
[lowlevel-sim][GT] t=65.051 quat=[0.46509, -0.53377, 0.47923, 0.51876] angvel=[-0.01538, 0.00865, 0.02424] linvel=[0.00055, -0.00411, 0.00283] z=0.1071
[lowlevel-sim][GT] t=65.101 quat=[0.46473, -0.53387, 0.47918, 0.51903] angvel=[-0.00638, -0.04317, -0.04241] linvel=[-0.01128, -0.00526, 0.00088] z=0.1071
[lowlevel-sim] FAIL-CLOSED engaged at t=65.121s, last command age 86.71 ms (deadline <= 100 ms) PASS
[lowlevel-sim] COMMANDED at t=65.124s (was fail-closed)
[lowlevel-sim][GT] t=65.151 quat=[0.46449, -0.5342, 0.47944, 0.51867] angvel=[0.04167, 0.03104, 0.00751] linvel=[-0.00011, 0.00167, -0.00011] z=0.1070
[lowlevel-sim][GT] t=65.201 quat=[0.46455, -0.53414, 0.47947, 0.51865] angvel=[-0.00422, 0.00604, 0.00918] linvel=[-0.00332, -0.0045, -0.00016] z=0.1070
[lowlevel-sim][GT] t=65.251 quat=[0.46483, -0.53397, 0.47943, 0.5186] angvel=[-0.00443, -0.09071, -0.0399] linvel=[-0.00652, -0.00327, 0.00508] z=0.1070
[lowlevel-sim][GT] t=65.301 quat=[0.46506, -0.53388, 0.47954, 0.5184] angvel=[-0.02364, 0.01685, -0.02386] linvel=[-0.00224, -0.0073, 0.00237] z=0.1070
[lowlevel-sim][GT] t=65.351 quat=[0.46538, -0.53379, 0.47949, 0.51825] angvel=[0.02712, 0.02906, -0.00243] linvel=[0.00042, -0.00151, -0.00265] z=0.1070
[lowlevel-sim][GT] t=65.401 quat=[0.46542, -0.53372, 0.47966, 0.51812] angvel=[-0.00631, 0.01208, 0.00656] linvel=[0.00901, -0.00671, -5e-05] z=0.1070
[lowlevel-sim][GT] t=65.451 quat=[0.46569, -0.53349, 0.47961, 0.51816] angvel=[-0.0033, 0.0087, -0.02244] linvel=[-6e-05, -0.00332, 0.00174] z=0.1071
[lowlevel-sim] t=  65.50 mode=cmd        pd=37364 hold=10404 failclosed=283 rtf=0.263 base_z=+0.107 pitch=+1.541 roll=+3.135 |tau|max=  9.72 sat=0/29 knee_L=+0.278 hip_p_L=-0.107 torn=11542 cmd_age=33.0ms auth=200.9s rig_ign=1454 fix_base=0
[lowlevel-sim][GT] t=65.501 quat=[0.46555, -0.53359, 0.47958, 0.51821] angvel=[-0.02178, 0.04295, 0.0604] linvel=[0.00316, -0.00401, 0.00091] z=0.1071
[lowlevel-sim][GT] t=65.551 quat=[0.4654, -0.53357, 0.47943, 0.51851] angvel=[-0.00808, -0.01937, 0.02541] linvel=[-0.00178, -0.00251, 0.00257] z=0.1071
[lowlevel-sim][GT] t=65.601 quat=[0.46513, -0.53379, 0.4794, 0.51856] angvel=[-0.02179, -0.00667, 0.0146] linvel=[-0.00223, -0.00411, -0.0005] z=0.1071
[lowlevel-sim][GT] t=65.651 quat=[0.46511, -0.53379, 0.47929, 0.51868] angvel=[0.0322, -0.03123, -0.00742] linvel=[-0.00404, -0.00245, -0.00231] z=0.1071
[lowlevel-sim][GT] t=65.701 quat=[0.46479, -0.53389, 0.47924, 0.5189] angvel=[-0.03211, 0.01829, 0.05527] linvel=[-0.00104, -0.00703, 0.00099] z=0.1071
[lowlevel-sim][GT] t=65.751 quat=[0.46472, -0.53396, 0.47908, 0.51904] angvel=[0.01463, -0.00983, 0.01051] linvel=[-0.0005, -0.00395, -0.00065] z=0.1071
[lowlevel-sim][GT] t=65.801 quat=[0.46467, -0.53407, 0.47917, 0.51889] angvel=[-0.01223, -0.02005, -0.005] linvel=[-0.00309, -0.00416, 0.00239] z=0.1070
[lowlevel-sim][GT] t=65.851 quat=[0.46476, -0.53402, 0.47904, 0.51898] angvel=[0.0117, 0.02987, 0.01539] linvel=[-0.00198, 0.00124, -0.00153] z=0.1071
[lowlevel-sim][GT] t=65.901 quat=[0.46479, -0.53403, 0.47907, 0.51892] angvel=[-0.02816, -0.00815, -0.00876] linvel=[-0.00316, -0.00226, 0.00359] z=0.1071
[lowlevel-sim][GT] t=65.951 quat=[0.46505, -0.534, 0.47913, 0.51866] angvel=[0.02039, 0.04151, 0.01115] linvel=[-0.00132, 0.00141, -0.0007] z=0.1071
[lowlevel-sim] t=  66.00 mode=cmd        pd=37614 hold=10404 failclosed=283 rtf=0.263 base_z=+0.107 pitch=+1.541 roll=+3.140 |tau|max=  9.32 sat=0/29 knee_L=+0.277 hip_p_L=-0.107 torn=11559 cmd_age=37.6ms auth=202.9s rig_ign=1454 fix_base=0
[lowlevel-sim][GT] t=66.001 quat=[0.46512, -0.53409, 0.47925, 0.5184] angvel=[-0.00212, 0.00203, -0.00318] linvel=[0.00101, -0.00638, -0.00271] z=0.1070
[lowlevel-sim][GT] t=66.051 quat=[0.46508, -0.53399, 0.47929, 0.51849] angvel=[0.00058, 0.01373, 0.01222] linvel=[-0.00151, -0.00111, 0.00037] z=0.1070
[lowlevel-sim][GT] t=66.101 quat=[0.46494, -0.5341, 0.47932, 0.51848] angvel=[-0.05911, 0.04258, 0.03196] linvel=[0.0022, -0.00443, 0.00639] z=0.1070
[lowlevel-sim][GT] t=66.151 quat=[0.46506, -0.53396, 0.4792, 0.51862] angvel=[0.01777, -0.00163, -0.00343] linvel=[-0.00313, -0.00155, 7e-05] z=0.1071
[lowlevel-sim][GT] t=66.201 quat=[0.46511, -0.5341, 0.47922, 0.51842] angvel=[-0.03032, -0.01484, -0.01863] linvel=[-0.00152, -0.00342, 0.0014] z=0.1070
[lowlevel-sim][GT] t=66.251 quat=[0.46513, -0.53411, 0.47909, 0.51851] angvel=[-0.02707, 0.02656, 0.01888] linvel=[0.00259, -0.00224, 0.00516] z=0.1070
[lowlevel-sim][GT] t=66.301 quat=[0.46498, -0.53425, 0.47912, 0.51847] angvel=[-0.06269, 0.01676, 0.05978] linvel=[0.00262, -0.00654, 0.00611] z=0.1070
[lowlevel-sim][GT] t=66.351 quat=[0.46481, -0.53413, 0.47897, 0.51888] angvel=[0.00402, -0.06878, -0.01472] linvel=[-0.00713, -0.00398, 0.00265] z=0.1071
[lowlevel-sim][GT] t=66.401 quat=[0.46475, -0.53421, 0.47893, 0.51889] angvel=[-0.02248, -0.0068, 0.02606] linvel=[0.0032, -0.0038, 0.00119] z=0.1071
[lowlevel-sim][GT] t=66.451 quat=[0.46485, -0.53404, 0.47882, 0.51908] angvel=[-0.01947, 0.02272, 0.01764] linvel=[0.00481, -0.0039, 0.00075] z=0.1072
[lowlevel-sim] t=  66.50 mode=cmd        pd=37864 hold=10404 failclosed=283 rtf=0.263 base_z=+0.107 pitch=+1.542 roll=+3.111 |tau|max=  8.96 sat=0/29 knee_L=+0.279 hip_p_L=-0.108 torn=11590 cmd_age=27.8ms auth=204.5s rig_ign=1454 fix_base=0
[lowlevel-sim][GT] t=66.501 quat=[0.46474, -0.53402, 0.47891, 0.51913] angvel=[-0.02558, -0.02436, 0.00187] linvel=[0.00117, -0.00298, 0.00629] z=0.1072
[lowlevel-sim][GT] t=66.551 quat=[0.46488, -0.53395, 0.47898, 0.51901] angvel=[-0.03976, -0.03246, -0.01536] linvel=[0.00203, -0.00495, 0.00229] z=0.1071
[lowlevel-sim][GT] t=66.601 quat=[0.46504, -0.534, 0.47913, 0.51867] angvel=[-0.03892, -0.03651, -0.04202] linvel=[-0.00277, -0.00818, 0.00056] z=0.1071
[lowlevel-sim][GT] t=66.651 quat=[0.46535, -0.53388, 0.47911, 0.51853] angvel=[0.04596, 0.0091, -0.00276] linvel=[0.00138, 0.00011, -0.00267] z=0.1071
[lowlevel-sim][GT] t=66.701 quat=[0.4653, -0.53389, 0.47928, 0.51842] angvel=[-0.02986, -0.00478, -0.00039] linvel=[-0.0003, -0.00382, 0.00348] z=0.1071
[lowlevel-sim][GT] t=66.751 quat=[0.46549, -0.53376, 0.47917, 0.51847] angvel=[-0.03241, -0.01479, 0.00464] linvel=[0.00282, -0.00488, 0.00426] z=0.1072
[lowlevel-sim][GT] t=66.801 quat=[0.46535, -0.53384, 0.47917, 0.51852] angvel=[0.0085, -0.00588, 0.01737] linvel=[0.00043, -0.00221, -0.00112] z=0.1072
[lowlevel-sim][GT] t=66.851 quat=[0.46537, -0.53383, 0.47908, 0.5186] angvel=[-0.03931, -0.02402, 0.00658] linvel=[0.00195, -0.00317, 0.00472] z=0.1072
[lowlevel-sim][GT] t=66.901 quat=[0.4651, -0.53392, 0.47904, 0.51878] angvel=[-0.02296, 0.0327, 0.05011] linvel=[0.00269, -0.0077, -0.00126] z=0.1072
[lowlevel-sim][GT] t=66.951 quat=[0.46482, -0.5339, 0.47889, 0.51919] angvel=[-0.10616, 0.01493, 0.00535] linvel=[-0.00167, -0.00638, 0.01021] z=0.1072
[lowlevel-sim] t=  67.00 mode=cmd        pd=38114 hold=10404 failclosed=283 rtf=0.263 base_z=+0.107 pitch=+1.542 roll=+3.111 |tau|max=  9.67 sat=0/29 knee_L=+0.279 hip_p_L=-0.108 torn=11609 cmd_age=29.1ms auth=206.3s rig_ign=1454 fix_base=0
[lowlevel-sim][GT] t=67.001 quat=[0.46474, -0.53403, 0.47897, 0.51906] angvel=[-0.02177, -0.05664, -0.05591] linvel=[-0.00929, -0.00765, 0.00204] z=0.1072
[lowlevel-sim][GT] t=67.051 quat=[0.46487, -0.53404, 0.4789, 0.519] angvel=[-0.00095, -0.05705, -0.00343] linvel=[-0.00678, -0.00097, 0.00141] z=0.1072
[lowlevel-sim] FAIL-CLOSED engaged at t=67.080s, last command age 93.39 ms (deadline <= 100 ms) PASS
[lowlevel-sim] COMMANDED at t=67.094s (was fail-closed)
[lowlevel-sim][GT] t=67.101 quat=[0.46323, -0.53593, 0.48065, 0.51689] angvel=[-0.13853, -0.09168, 0.02247] linvel=[-0.00886, -0.00569, -0.008] z=0.1061
[lowlevel-sim][GT] t=67.151 quat=[0.46359, -0.53541, 0.47996, 0.51775] angvel=[0.00636, 0.0279, 0.02086] linvel=[-0.00799, -0.00479, 0.00449] z=0.1063
[lowlevel-sim][GT] t=67.201 quat=[0.46424, -0.53489, 0.47954, 0.51809] angvel=[0.03741, 0.00317, -0.00119] linvel=[0.00106, -0.0022, 0.00189] z=0.1066
[lowlevel-sim][GT] t=67.251 quat=[0.46463, -0.53468, 0.47943, 0.51807] angvel=[-0.00724, -0.03402, -0.02141] linvel=[0.00577, -0.00436, 0.00385] z=0.1067
[lowlevel-sim][GT] t=67.301 quat=[0.46483, -0.53444, 0.47921, 0.51832] angvel=[0.00401, -0.02111, 0.00519] linvel=[0.00317, -0.00366, 0.00106] z=0.1068
[lowlevel-sim][GT] t=67.351 quat=[0.46492, -0.53446, 0.47918, 0.51826] angvel=[-0.01914, 0.009, 0.0087] linvel=[0.00811, -0.00837, 0.00253] z=0.1069
[lowlevel-sim][GT] t=67.401 quat=[0.465, -0.53426, 0.47898, 0.51857] angvel=[-0.05063, 0.05079, 0.02599] linvel=[0.00705, -0.00351, 0.00292] z=0.1070
[lowlevel-sim][GT] t=67.451 quat=[0.46485, -0.53438, 0.47901, 0.51856] angvel=[-0.03445, -0.00875, 0.01006] linvel=[0.00397, -0.0055, 0.00277] z=0.1069
[lowlevel-sim] t=  67.50 mode=cmd        pd=38371 hold=10404 failclosed=297 rtf=0.263 base_z=+0.107 pitch=+1.541 roll=-3.140 |tau|max= 35.00 sat=2/29 knee_L=+0.276 hip_p_L=-0.107 torn=11629 cmd_age=33.7ms auth=208.2s rig_ign=1454 fix_base=0 sat_j=left_ankle_roll_joint:+35.0,right_ankle_roll_joint:-35.0
[lowlevel-sim][GT] t=67.501 quat=[0.46491, -0.53432, 0.47889, 0.51868] angvel=[0.01894, -0.02228, -0.02307] linvel=[0.0051, -0.00333, -0.00165] z=0.1070
[lowlevel-sim][GT] t=67.551 quat=[0.46456, -0.53447, 0.47895, 0.51877] angvel=[-0.03438, -0.02673, -0.0075] linvel=[0.0035, -0.0056, 0.00192] z=0.1070
[lowlevel-sim][GT] t=67.601 quat=[0.46447, -0.53446, 0.47879, 0.51901] angvel=[-0.00678, 0.0125, 0.03457] linvel=[-0.00053, -0.00394, 0.00144] z=0.1069
[lowlevel-sim][GT] t=67.651 quat=[0.46444, -0.53454, 0.47876, 0.51899] angvel=[-0.04326, 0.01278, 0.00494] linvel=[-0.0025, -0.00412, 0.00224] z=0.1070
[lowlevel-sim][GT] t=67.701 quat=[0.46443, -0.53447, 0.4787, 0.51913] angvel=[-0.03475, -0.07274, -0.0064] linvel=[0.00164, -0.00535, 0.00389] z=0.1070
[lowlevel-sim][GT] t=67.751 quat=[0.46462, -0.53452, 0.47885, 0.51876] angvel=[-0.03833, -0.00745, -0.0045] linvel=[0.00386, -0.00277, 0.00313] z=0.1070
[lowlevel-sim][GT] t=67.801 quat=[0.46483, -0.53439, 0.47877, 0.51878] angvel=[0.04472, 0.03986, -0.01247] linvel=[0.00133, -0.00187, -0.00444] z=0.1070
[lowlevel-sim][GT] t=67.851 quat=[0.46489, -0.53435, 0.4788, 0.51875] angvel=[-0.02174, 0.03619, 0.0536] linvel=[0.00662, -0.00342, 0.00274] z=0.1070
[lowlevel-sim][GT] t=67.901 quat=[0.46494, -0.53437, 0.47877, 0.51871] angvel=[0.00126, 0.04202, 0.02211] linvel=[0.00725, -0.00041, 0.00303] z=0.1070
[lowlevel-sim][GT] t=67.951 quat=[0.46512, -0.5343, 0.47884, 0.51856] angvel=[-0.02584, -0.02374, -0.02126] linvel=[0.00825, -0.01136, -0.0002] z=0.1071
[lowlevel-sim] t=  68.00 mode=cmd        pd=38621 hold=10404 failclosed=297 rtf=0.263 base_z=+0.107 pitch=+1.542 roll=-3.141 |tau|max= 35.00 sat=2/29 knee_L=+0.276 hip_p_L=-0.107 torn=11661 cmd_age=27.9ms auth=210.1s rig_ign=1454 fix_base=0 sat_j=left_ankle_roll_joint:+35.0,right_ankle_roll_joint:-35.0
[lowlevel-sim][GT] t=68.001 quat=[0.46508, -0.53417, 0.47883, 0.51874] angvel=[0.01226, -0.05796, -0.03775] linvel=[-0.00181, -0.00248, 0.00526] z=0.1071
[lowlevel-sim][GT] t=68.051 quat=[0.46494, -0.53424, 0.47884, 0.51878] angvel=[-0.00011, -0.03022, -0.0111] linvel=[0.00155, -0.00634, 0.00016] z=0.1071
[lowlevel-sim][GT] t=68.101 quat=[0.46496, -0.53421, 0.47873, 0.5189] angvel=[-0.02549, -0.01158, -0.00577] linvel=[-0.00013, -0.00339, 0.00364] z=0.1072
[lowlevel-sim][GT] t=68.151 quat=[0.46495, -0.53426, 0.47877, 0.51882] angvel=[-0.0025, -0.01766, -0.0154] linvel=[0.00255, -0.00641, -0.00226] z=0.1072
[lowlevel-sim][GT] t=68.201 quat=[0.46491, -0.53422, 0.4788, 0.51886] angvel=[-0.02398, 0.0005, 0.01576] linvel=[0.00631, -0.0038, 0.00018] z=0.1071
[lowlevel-sim][GT] t=68.251 quat=[0.46481, -0.53428, 0.47896, 0.51874] angvel=[-0.03049, 0.03312, 0.06161] linvel=[0.00869, -0.00545, 0.0004] z=0.1071
[lowlevel-sim][GT] t=68.301 quat=[0.4647, -0.53431, 0.4789, 0.51886] angvel=[0.00727, -0.00062, 0.02245] linvel=[0.00541, -0.00291, 0.00133] z=0.1071
[lowlevel-sim][GT] t=68.351 quat=[0.46495, -0.53436, 0.47892, 0.51857] angvel=[-0.07616, -0.01399, -0.00947] linvel=[0.00538, -0.0059, 0.00779] z=0.1071
[lowlevel-sim][GT] t=68.401 quat=[0.46508, -0.53415, 0.47894, 0.51865] angvel=[-0.02944, -0.01271, -0.01975] linvel=[0.00407, -0.00275, 0.0041] z=0.1071
[lowlevel-sim][GT] t=68.451 quat=[0.46493, -0.5342, 0.47891, 0.51877] angvel=[-0.00103, -0.02393, -0.02019] linvel=[0.00025, -0.00701, -0.00261] z=0.1071
[lowlevel-sim] t=  68.50 mode=cmd        pd=38871 hold=10404 failclosed=297 rtf=0.263 base_z=+0.107 pitch=+1.542 roll=+3.134 |tau|max= 35.00 sat=2/29 knee_L=+0.277 hip_p_L=-0.107 torn=11681 cmd_age=27.7ms auth=211.8s rig_ign=1454 fix_base=0 sat_j=left_ankle_roll_joint:+35.0,right_ankle_roll_joint:-35.0
[lowlevel-sim][GT] t=68.501 quat=[0.46492, -0.53418, 0.4788, 0.5189] angvel=[0.05469, -0.01537, -0.00367] linvel=[0.00493, 0.0016, -0.00052] z=0.1072
[lowlevel-sim][GT] t=68.551 quat=[0.46478, -0.5343, 0.47884, 0.51886] angvel=[-0.01562, 0.026, 0.02861] linvel=[0.00807, -0.00795, 0.00024] z=0.1071
[lowlevel-sim][GT] t=68.601 quat=[0.46459, -0.53423, 0.47876, 0.51917] angvel=[0.01406, 0.0356, 0.01696] linvel=[0.00271, -0.0029, -0.0008] z=0.1071
[lowlevel-sim][GT] t=68.651 quat=[0.46455, -0.53436, 0.47881, 0.51903] angvel=[-0.01603, -0.00013, -0.01908] linvel=[0.00134, -0.0023, 0.00013] z=0.1071
[lowlevel-sim][GT] t=68.701 quat=[0.46475, -0.53422, 0.4788, 0.51901] angvel=[0.00094, 0.00872, -0.01456] linvel=[-0.00255, -0.00403, 0.00051] z=0.1071
[lowlevel-sim][GT] t=68.751 quat=[0.46473, -0.53429, 0.47887, 0.51889] angvel=[-0.01632, -0.0627, -0.04507] linvel=[-0.00302, -0.00769, -0.00346] z=0.1071
[lowlevel-sim][GT] t=68.801 quat=[0.4645, -0.53442, 0.47896, 0.51888] angvel=[0.04619, 0.01581, 0.00588] linvel=[0.00254, -0.00045, -0.00426] z=0.1070
[lowlevel-sim][GT] t=68.851 quat=[0.46469, -0.53439, 0.47899, 0.51871] angvel=[-0.01997, -0.03304, -0.03657] linvel=[0.00431, -0.00671, -5e-05] z=0.1070
[lowlevel-sim][GT] t=68.901 quat=[0.46489, -0.53427, 0.47898, 0.51866] angvel=[-0.00973, -0.03854, -0.01331] linvel=[0.00365, 0.00038, 0.00375] z=0.1070
[lowlevel-sim][GT] t=68.951 quat=[0.46476, -0.53439, 0.47896, 0.51867] angvel=[-0.02675, -0.04114, -0.00519] linvel=[0.00325, -0.00582, 0.00359] z=0.1070
[lowlevel-sim] t=  69.00 mode=cmd        pd=39121 hold=10404 failclosed=297 rtf=0.263 base_z=+0.107 pitch=+1.541 roll=+3.120 |tau|max= 35.00 sat=2/29 knee_L=+0.277 hip_p_L=-0.108 torn=11712 cmd_age=31.4ms auth=213.5s rig_ign=1454 fix_base=0 sat_j=left_ankle_roll_joint:+35.0,right_ankle_roll_joint:-35.0
[lowlevel-sim][GT] t=69.001 quat=[0.46463, -0.53423, 0.47886, 0.51905] angvel=[-0.00174, 0.00438, 0.00529] linvel=[-0.00226, -0.00162, 0.00069] z=0.1071
[lowlevel-sim][GT] t=69.051 quat=[0.46454, -0.53443, 0.47881, 0.51898] angvel=[-0.02999, -0.01039, -0.00158] linvel=[-0.00365, -0.00454, 0.00384] z=0.1071
[lowlevel-sim][GT] t=69.101 quat=[0.46451, -0.53441, 0.47877, 0.51905] angvel=[0.01023, 0.00311, 0.00322] linvel=[-0.00394, -0.00161, 0.00038] z=0.1071
[lowlevel-sim][GT] t=69.151 quat=[0.46435, -0.53443, 0.47869, 0.51925] angvel=[-0.00912, -0.03027, -0.0243] linvel=[-0.00699, -0.00777, 0.00115] z=0.1071
[lowlevel-sim][GT] t=69.201 quat=[0.46422, -0.53436, 0.47855, 0.51957] angvel=[0.0179, 0.04392, -0.01553] linvel=[-0.00456, -0.00222, -0.00386] z=0.1071
[lowlevel-sim][GT] t=69.251 quat=[0.46424, -0.53438, 0.4787, 0.51939] angvel=[-0.03966, -0.03324, -0.01786] linvel=[-0.01036, -0.0109, 0.00405] z=0.1071
[lowlevel-sim][GT] t=69.301 quat=[0.46435, -0.53431, 0.47871, 0.51935] angvel=[0.01606, -0.0029, -0.01963] linvel=[-0.00387, 0.00195, 0.00132] z=0.1071
[lowlevel-sim][GT] t=69.351 quat=[0.4647, -0.5343, 0.47891, 0.51886] angvel=[-0.02888, -0.01411, -0.00186] linvel=[0.00135, -0.00804, 0.0016] z=0.1071
[lowlevel-sim][GT] t=69.401 quat=[0.46483, -0.5341, 0.47893, 0.51893] angvel=[0.04811, 0.00688, -0.00926] linvel=[-0.00163, 0.00092, -0.00289] z=0.1071
[lowlevel-sim][GT] t=69.451 quat=[0.46493, -0.5342, 0.47906, 0.51863] angvel=[-0.01738, -0.01266, -0.06257] linvel=[-0.00353, -0.00458, 5e-05] z=0.1071
[lowlevel-sim] t=  69.50 mode=cmd        pd=39371 hold=10404 failclosed=297 rtf=0.263 base_z=+0.107 pitch=+1.541 roll=-3.141 |tau|max= 35.00 sat=2/29 knee_L=+0.276 hip_p_L=-0.107 torn=11730 cmd_age=44.1ms auth=215.3s rig_ign=1454 fix_base=0 sat_j=left_ankle_roll_joint:+35.0,right_ankle_roll_joint:-35.0
[lowlevel-sim][GT] t=69.501 quat=[0.46501, -0.5342, 0.47898, 0.51862] angvel=[-0.0552, -0.01765, 0.02473] linvel=[0.00392, -0.00546, 0.00512] z=0.1071
[lowlevel-sim][GT] t=69.551 quat=[0.465, -0.53417, 0.47905, 0.51861] angvel=[0.0069, 0.02998, 0.02608] linvel=[0.00501, -0.00627, -0.00245] z=0.1071
[lowlevel-sim][GT] t=69.601 quat=[0.46502, -0.53406, 0.47894, 0.51879] angvel=[-0.08592, -0.095, -0.02185] linvel=[-0.00129, -0.00613, 0.0078] z=0.1071
[lowlevel-sim][GT] t=69.651 quat=[0.46493, -0.53412, 0.47902, 0.51875] angvel=[-0.01545, -0.04331, 0.00518] linvel=[-0.00835, -0.00891, -0.00096] z=0.1071
[lowlevel-sim][GT] t=69.701 quat=[0.46491, -0.53411, 0.479, 0.5188] angvel=[0.00597, -0.0449, -0.00553] linvel=[-0.0049, 0.00037, 0.00224] z=0.1071
[lowlevel-sim][GT] t=69.751 quat=[0.46493, -0.53407, 0.47905, 0.51877] angvel=[-0.0411, 0.00378, -0.01772] linvel=[0.00315, -0.00408, 0.00425] z=0.1071
[lowlevel-sim][GT] t=69.801 quat=[0.46504, -0.534, 0.47898, 0.51881] angvel=[0.03217, 0.03897, 0.01683] linvel=[0.00185, -0.00022, 0.00014] z=0.1071
[lowlevel-sim][GT] t=69.851 quat=[0.46492, -0.53396, 0.47903, 0.51891] angvel=[-0.02131, 0.00515, 0.00179] linvel=[-0.00422, -0.0078, -0.00105] z=0.1072
[lowlevel-sim][GT] t=69.901 quat=[0.46499, -0.53388, 0.47912, 0.51885] angvel=[0.01041, 0.03509, 0.02488] linvel=[-0.00017, -0.00452, 0.00033] z=0.1072
[lowlevel-sim][GT] t=69.951 quat=[0.46502, -0.53392, 0.47919, 0.51872] angvel=[-0.00668, -0.05011, -0.01276] linvel=[-0.00248, -0.00219, 0.00259] z=0.1072
[lowlevel-sim] t=  70.00 mode=cmd        pd=39621 hold=10404 failclosed=297 rtf=0.263 base_z=+0.107 pitch=+1.542 roll=+3.132 |tau|max= 35.00 sat=2/29 knee_L=+0.278 hip_p_L=-0.107 torn=11768 cmd_age=42.2ms auth=217.2s rig_ign=1454 fix_base=0 sat_j=left_ankle_roll_joint:+35.0,right_ankle_roll_joint:-35.0
[lowlevel-sim][GT] t=70.001 quat=[0.46533, -0.53376, 0.47911, 0.51868] angvel=[0.03541, 0.00877, -0.0108] linvel=[0.00133, -0.00279, -0.003] z=0.1072
[lowlevel-sim][GT] t=70.051 quat=[0.46527, -0.53381, 0.47921, 0.51858] angvel=[-0.00334, -0.04261, -0.0562] linvel=[-0.0032, -0.00456, 0.00059] z=0.1072
[lowlevel-sim][GT] t=70.101 quat=[0.46538, -0.5337, 0.47922, 0.51858] angvel=[-0.00926, -0.02081, 0.00454] linvel=[-0.00198, -0.00253, 0.00146] z=0.1072
[lowlevel-sim][GT] t=70.151 quat=[0.46537, -0.53381, 0.47935, 0.51836] angvel=[-0.03689, -0.00557, -0.00066] linvel=[0.00036, -0.00624, 0.00336] z=0.1072
[lowlevel-sim][GT] t=70.201 quat=[0.46531, -0.53377, 0.47923, 0.51857] angvel=[-0.00043, 0.02674, 0.00525] linvel=[-0.00379, -0.00162, 0.00319] z=0.1072
[lowlevel-sim][GT] t=70.251 quat=[0.4652, -0.53384, 0.47929, 0.51854] angvel=[-0.01507, -0.00611, 0.02553] linvel=[-0.00463, -0.00441, -0.00075] z=0.1072
[lowlevel-sim][GT] t=70.301 quat=[0.46518, -0.53385, 0.47919, 0.51865] angvel=[0.01459, 0.03485, 0.00502] linvel=[-0.00562, -0.00057, -3e-05] z=0.1071
[lowlevel-sim][GT] t=70.351 quat=[0.46507, -0.53399, 0.4792, 0.51859] angvel=[-0.05196, 0.00799, 0.03461] linvel=[0.00394, -0.00778, 0.00164] z=0.1071
[lowlevel-sim][GT] t=70.401 quat=[0.46509, -0.53394, 0.47912, 0.5187] angvel=[0.0441, 0.02916, 0.00703] linvel=[-0.00539, 0.00036, -0.00495] z=0.1071
[lowlevel-sim][GT] t=70.451 quat=[0.46515, -0.53404, 0.47923, 0.51843] angvel=[-0.05081, -0.06622, -0.06952] linvel=[-0.00348, -0.0086, 0.00271] z=0.1071
[lowlevel-sim] t=  70.50 mode=cmd        pd=39871 hold=10404 failclosed=297 rtf=0.264 base_z=+0.107 pitch=+1.541 roll=-3.134 |tau|max= 35.00 sat=2/29 knee_L=+0.277 hip_p_L=-0.107 torn=11792 cmd_age=38.7ms auth=218.9s rig_ign=1454 fix_base=0 sat_j=left_ankle_roll_joint:+35.0,right_ankle_roll_joint:-35.0
[lowlevel-sim][GT] t=70.501 quat=[0.46556, -0.53382, 0.47925, 0.51828] angvel=[-0.02628, -0.10533, -0.04814] linvel=[0.00268, -0.00239, 0.00472] z=0.1071
[lowlevel-sim][GT] t=70.551 quat=[0.46556, -0.53386, 0.47936, 0.51813] angvel=[-0.02805, -0.0057, 0.03374] linvel=[0.00263, -0.00466, -0.0027] z=0.1071
[lowlevel-sim][GT] t=70.601 quat=[0.4656, -0.53374, 0.47937, 0.51821] angvel=[0.02127, 0.05767, 0.01299] linvel=[0.00073, -0.00047, -0.00115] z=0.1071
[lowlevel-sim][GT] t=70.651 quat=[0.46553, -0.53385, 0.47942, 0.51811] angvel=[-0.02359, 0.03285, 0.03761] linvel=[0.00797, -0.00774, 0.00036] z=0.1071
[lowlevel-sim][GT] t=70.701 quat=[0.46562, -0.53371, 0.4794, 0.5182] angvel=[-0.04137, -0.0321, 0.01219] linvel=[0.005, -0.00416, 0.00393] z=0.1071
[lowlevel-sim][GT] t=70.751 quat=[0.46556, -0.53376, 0.47946, 0.51814] angvel=[-0.02729, 0.05179, 0.0602] linvel=[0.00794, -0.00541, 0.00147] z=0.1072
[lowlevel-sim][GT] t=70.801 quat=[0.46547, -0.5338, 0.47941, 0.51823] angvel=[-0.02517, -0.03695, 0.00434] linvel=[0.00627, -0.00434, 0.00413] z=0.1071
[lowlevel-sim][GT] t=70.851 quat=[0.46548, -0.53381, 0.4795, 0.51813] angvel=[-0.04796, -0.00076, 0.01403] linvel=[0.0063, -0.00338, 0.00329] z=0.1071
[lowlevel-sim][GT] t=70.901 quat=[0.46543, -0.53368, 0.4794, 0.5184] angvel=[0.06411, 0.04154, 0.01312] linvel=[0.00118, -0.00065, -0.00405] z=0.1072
[lowlevel-sim][GT] t=70.951 quat=[0.4653, -0.53371, 0.47947, 0.51842] angvel=[0.00417, -0.04944, -0.0297] linvel=[-0.00689, -0.00817, -0.00091] z=0.1072
[lowlevel-sim] t=  71.00 mode=cmd        pd=40121 hold=10404 failclosed=297 rtf=0.264 base_z=+0.107 pitch=+1.541 roll=+3.135 |tau|max= 35.00 sat=2/29 knee_L=+0.278 hip_p_L=-0.108 torn=11821 cmd_age=34.4ms auth=220.9s rig_ign=1454 fix_base=0 sat_j=left_ankle_roll_joint:+35.0,right_ankle_roll_joint:-35.0
[lowlevel-sim][GT] t=71.001 quat=[0.46542, -0.53373, 0.47944, 0.51832] angvel=[0.02534, 0.0178, 0.01634] linvel=[0.00615, -0.00255, -0.00417] z=0.1071
[lowlevel-sim][GT] t=71.051 quat=[0.46528, -0.53368, 0.47956, 0.51839] angvel=[-0.01949, 0.00186, -0.00742] linvel=[-0.00104, -0.00714, -0.00049] z=0.1071
[lowlevel-sim][GT] t=71.101 quat=[0.46534, -0.53358, 0.47958, 0.51841] angvel=[0.01735, 0.0411, 0.01303] linvel=[-0.00092, 0.00143, 0.00095] z=0.1071
[lowlevel-sim][GT] t=71.151 quat=[0.46537, -0.53357, 0.47963, 0.51835] angvel=[-0.00113, 0.01411, 0.02816] linvel=[0.00209, -0.00496, -0.00095] z=0.1072
[lowlevel-sim][GT] t=71.201 quat=[0.46555, -0.53344, 0.47966, 0.5183] angvel=[0.0266, 0.02089, 0.02516] linvel=[0.00221, -0.00361, -0.00284] z=0.1072
[lowlevel-sim][GT] t=71.251 quat=[0.46553, -0.5335, 0.47975, 0.51817] angvel=[-0.05957, -0.01991, -0.01132] linvel=[-0.00262, -0.00658, 0.00565] z=0.1071
[lowlevel-sim][GT] t=71.301 quat=[0.46553, -0.53355, 0.47974, 0.51812] angvel=[0.0093, 0.03992, 0.00927] linvel=[-0.0032, -0.00167, -0.00105] z=0.1071
[lowlevel-sim][GT] t=71.351 quat=[0.46529, -0.53353, 0.47974, 0.51836] angvel=[-0.0093, 0.0081, 0.00843] linvel=[-0.00779, -0.00289, 0.00377] z=0.1071
[lowlevel-sim][GT] t=71.401 quat=[0.46536, -0.53346, 0.47961, 0.51849] angvel=[0.04337, 0.02505, -0.0037] linvel=[-0.00293, 0.00117, -0.00023] z=0.1071
[lowlevel-sim][GT] t=71.451 quat=[0.46557, -0.53354, 0.47966, 0.51818] angvel=[6e-05, -0.01858, -0.02039] linvel=[-0.00587, -0.00652, 0.00156] z=0.1072
[lowlevel-sim] t=  71.50 mode=cmd        pd=40371 hold=10404 failclosed=297 rtf=0.264 base_z=+0.107 pitch=+1.542 roll=+3.131 |tau|max= 35.00 sat=2/29 knee_L=+0.277 hip_p_L=-0.107 torn=11845 cmd_age=31.7ms auth=222.3s rig_ign=1454 fix_base=0 sat_j=left_ankle_roll_joint:+35.0,right_ankle_roll_joint:-35.0
[lowlevel-sim][GT] t=71.501 quat=[0.46559, -0.53352, 0.47958, 0.51825] angvel=[-0.04955, -0.06885, -0.02072] linvel=[-0.0069, -0.00543, 0.00722] z=0.1072
[lowlevel-sim][GT] t=71.551 quat=[0.4656, -0.53362, 0.47945, 0.51826] angvel=[-0.03091, 0.00503, 0.04267] linvel=[0.00066, -0.00767, 0.00196] z=0.1072
[lowlevel-sim][GT] t=71.601 quat=[0.46557, -0.53363, 0.47934, 0.51838] angvel=[0.00168, -0.0024, 0.01283] linvel=[-0.00075, -0.00331, 0.00045] z=0.1072
[lowlevel-sim][GT] t=71.651 quat=[0.46555, -0.5337, 0.4793, 0.51836] angvel=[-0.02594, -0.02692, -0.0018] linvel=[0.00126, -0.00295, 0.00206] z=0.1073
[lowlevel-sim][GT] t=71.701 quat=[0.46566, -0.53363, 0.47918, 0.51844] angvel=[0.03795, -0.02776, 0.00355] linvel=[-0.00056, 0.00219, -9e-05] z=0.1073
[lowlevel-sim][GT] t=71.751 quat=[0.46557, -0.53366, 0.47923, 0.51845] angvel=[-0.01929, -0.0242, -0.01174] linvel=[0.00085, -0.00147, 0.00224] z=0.1073
[lowlevel-sim][GT] t=71.801 quat=[0.46554, -0.53366, 0.47929, 0.51842] angvel=[-0.00559, 0.00617, -0.00079] linvel=[-0.00168, -0.0008, 0.00138] z=0.1072
[lowlevel-sim][GT] t=71.851 quat=[0.46528, -0.53377, 0.47934, 0.5185] angvel=[-0.00235, -0.0072, 0.02269] linvel=[-0.00302, -0.00288, -0.00196] z=0.1072
[lowlevel-sim][GT] t=71.901 quat=[0.46531, -0.53385, 0.47929, 0.51844] angvel=[-0.01018, 0.01078, 0.01146] linvel=[-0.00315, -0.00057, 0.0012] z=0.1072
[lowlevel-sim][GT] t=71.951 quat=[0.46519, -0.53392, 0.47937, 0.51839] angvel=[-0.02637, 0.03563, 0.04688] linvel=[0.00305, -0.00503, 0.00127] z=0.1072
[lowlevel-sim] t=  72.00 mode=cmd        pd=40621 hold=10404 failclosed=297 rtf=0.264 base_z=+0.107 pitch=+1.541 roll=+3.142 |tau|max= 35.00 sat=2/29 knee_L=+0.278 hip_p_L=-0.108 torn=11868 cmd_age=20.1ms auth=224.2s rig_ign=1454 fix_base=0 sat_j=left_ankle_roll_joint:+35.0,right_ankle_roll_joint:-35.0
[lowlevel-sim][GT] t=72.001 quat=[0.46537, -0.53385, 0.47927, 0.5184] angvel=[-0.11322, 0.06071, 0.01666] linvel=[0.00497, -0.0056, 0.00782] z=0.1072
[lowlevel-sim][GT] t=72.051 quat=[0.4654, -0.53387, 0.4794, 0.51822] angvel=[0.00208, 0.01339, 0.0017] linvel=[0.00434, -0.00112, -0.00077] z=0.1072
[lowlevel-sim][GT] t=72.101 quat=[0.46558, -0.53376, 0.47941, 0.51817] angvel=[0.00061, 0.01316, -0.00492] linvel=[0.00564, -0.00234, 0.00213] z=0.1072
[lowlevel-sim][GT] t=72.151 quat=[0.46574, -0.53361, 0.47943, 0.51816] angvel=[0.0132, -0.00266, 0.02501] linvel=[0.00027, -0.00283, -0.00041] z=0.1072
[lowlevel-sim][GT] t=72.201 quat=[0.46569, -0.53359, 0.47936, 0.51829] angvel=[-0.02545, 0.04141, 0.02757] linvel=[-0.00098, -0.0018, 0.00153] z=0.1072
[lowlevel-sim][GT] t=72.251 quat=[0.46558, -0.5337, 0.47948, 0.51818] angvel=[-0.0458, 0.00736, 0.03846] linvel=[0.00692, -0.00659, 0.00428] z=0.1072
[lowlevel-sim][GT] t=72.301 quat=[0.4657, -0.53367, 0.47943, 0.51814] angvel=[-0.00998, 0.01797, 0.01213] linvel=[0.0057, -0.00261, 0.00096] z=0.1072
[lowlevel-sim][GT] t=72.351 quat=[0.46559, -0.53379, 0.47948, 0.51807] angvel=[-0.03207, -0.01828, 0.0055] linvel=[0.00381, -0.00355, 0.00377] z=0.1072
[lowlevel-sim][GT] t=72.401 quat=[0.46565, -0.53372, 0.47944, 0.51813] angvel=[0.00699, -0.00623, -0.02458] linvel=[0.00415, -0.00081, -0.00051] z=0.1072
[lowlevel-sim][GT] t=72.451 quat=[0.46551, -0.53375, 0.47946, 0.5182] angvel=[0.01086, -0.03042, -0.01555] linvel=[0.00366, -0.00559, -0.00189] z=0.1072
[lowlevel-sim] t=  72.50 mode=cmd        pd=40871 hold=10404 failclosed=297 rtf=0.264 base_z=+0.107 pitch=+1.541 roll=-3.136 |tau|max= 35.00 sat=2/29 knee_L=+0.277 hip_p_L=-0.107 torn=11873 cmd_age=53.4ms auth=226.0s rig_ign=1454 fix_base=0 sat_j=left_ankle_roll_joint:+35.0,right_ankle_roll_joint:-35.0
[lowlevel-sim][GT] t=72.501 quat=[0.46572, -0.53363, 0.47947, 0.51813] angvel=[0.02073, 0.00796, -0.00299] linvel=[0.00263, 8e-05, -0.00016] z=0.1072
[lowlevel-sim][GT] t=72.551 quat=[0.46574, -0.53365, 0.47958, 0.51799] angvel=[-0.01984, -0.04747, 0.00113] linvel=[0.00537, -0.00767, 0.00097] z=0.1071
[lowlevel-sim][GT] t=72.601 quat=[0.46601, -0.53347, 0.47966, 0.51785] angvel=[-0.00321, -0.01419, 0.00454] linvel=[0.00481, -0.00194, 0.00288] z=0.1072
[lowlevel-sim][GT] t=72.651 quat=[0.46594, -0.53352, 0.47968, 0.51784] angvel=[-0.01562, -0.02827, 0.01076] linvel=[0.00378, -0.0051, -0.00034] z=0.1071
[lowlevel-sim][GT] t=72.701 quat=[0.4659, -0.53352, 0.47965, 0.51791] angvel=[-0.03534, 0.02893, 0.01162] linvel=[0.00811, -0.00396, 0.00182] z=0.1071
[lowlevel-sim][GT] t=72.751 quat=[0.46603, -0.53351, 0.47971, 0.51774] angvel=[-0.03516, 0.00015, 0.00113] linvel=[0.00606, -0.00277, 0.00084] z=0.1071
[lowlevel-sim][GT] t=72.801 quat=[0.46609, -0.53341, 0.47974, 0.51777] angvel=[0.03264, 0.02427, 0.00791] linvel=[0.00135, -0.00247, -0.00209] z=0.1071
[lowlevel-sim][GT] t=72.851 quat=[0.4661, -0.5335, 0.47984, 0.51758] angvel=[-0.03248, -0.02019, -0.00363] linvel=[0.00568, -0.00311, 0.00412] z=0.1071
[lowlevel-sim][GT] t=72.901 quat=[0.46592, -0.53349, 0.47974, 0.51784] angvel=[-0.03304, 0.00175, 0.00727] linvel=[0.00152, -0.00446, 0.00394] z=0.1071
[lowlevel-sim][GT] t=72.951 quat=[0.46551, -0.53371, 0.47971, 0.51801] angvel=[-0.04406, -0.02, -0.02966] linvel=[-0.00186, -0.00738, 0.00058] z=0.1071
[lowlevel-sim] t=  73.00 mode=cmd        pd=41121 hold=10404 failclosed=297 rtf=0.264 base_z=+0.107 pitch=+1.541 roll=+3.130 |tau|max= 35.00 sat=2/29 knee_L=+0.278 hip_p_L=-0.108 torn=11886 cmd_age=57.1ms auth=227.9s rig_ign=1454 fix_base=0 sat_j=left_ankle_roll_joint:+35.0,right_ankle_roll_joint:-35.0
[lowlevel-sim][GT] t=73.001 quat=[0.46536, -0.53372, 0.4796, 0.51823] angvel=[0.06257, 0.00042, 0.00425] linvel=[-0.00221, 0.00125, -0.00614] z=0.1071
[lowlevel-sim][GT] t=73.051 quat=[0.46522, -0.53371, 0.47957, 0.5184] angvel=[-0.00157, 0.00444, -0.01471] linvel=[-0.00213, -0.00556, 0.00085] z=0.1071
[lowlevel-sim][GT] t=73.101 quat=[0.46529, -0.53363, 0.47963, 0.51837] angvel=[0.02979, 0.04159, -0.00497] linvel=[-0.00311, -0.0012, -0.00295] z=0.1071
[lowlevel-sim][GT] t=73.151 quat=[0.46534, -0.53362, 0.47983, 0.51814] angvel=[-0.01298, -0.00705, -0.01661] linvel=[0.00021, -0.0066, -0.00086] z=0.1071
[lowlevel-sim][GT] t=73.201 quat=[0.4658, -0.53341, 0.47989, 0.51788] angvel=[-0.02179, -0.08303, -0.02598] linvel=[-9e-05, -0.00222, 0.00206] z=0.1071
[lowlevel-sim][GT] t=73.251 quat=[0.46607, -0.53336, 0.48017, 0.51743] angvel=[-0.02543, -0.01084, -0.01381] linvel=[0.00667, -0.00349, 0.00331] z=0.1071
[lowlevel-sim][GT] t=73.301 quat=[0.46626, -0.53321, 0.4801, 0.51748] angvel=[0.0518, 0.06796, 0.00517] linvel=[0.00275, 0.00069, -0.00267] z=0.1071
[lowlevel-sim][GT] t=73.351 quat=[0.46621, -0.53328, 0.47995, 0.5176] angvel=[-0.01076, -0.0296, 0.02309] linvel=[0.00301, -0.0042, 0.0004] z=0.1071
[lowlevel-sim][GT] t=73.401 quat=[0.46582, -0.53329, 0.47982, 0.51806] angvel=[0.01755, 0.01049, 0.00561] linvel=[-0.00661, 0.00055, 0.0032] z=0.1072
[lowlevel-sim][GT] t=73.451 quat=[0.46558, -0.53339, 0.47974, 0.51825] angvel=[-0.01044, 0.0174, 0.00421] linvel=[-0.00645, -0.00531, -0.00232] z=0.1072
[lowlevel-sim] t=  73.50 mode=cmd        pd=41371 hold=10404 failclosed=297 rtf=0.264 base_z=+0.107 pitch=+1.542 roll=+3.116 |tau|max= 35.00 sat=2/29 knee_L=+0.278 hip_p_L=-0.108 torn=11896 cmd_age=38.1ms auth=229.4s rig_ign=1454 fix_base=0 sat_j=left_ankle_roll_joint:+35.0,right_ankle_roll_joint:-35.0
[lowlevel-sim][GT] t=73.501 quat=[0.46556, -0.53331, 0.47969, 0.5184] angvel=[0.0224, 0.02482, 0.00742] linvel=[-0.00478, 0.00052, 0.00107] z=0.1072
[lowlevel-sim][GT] t=73.551 quat=[0.46546, -0.53343, 0.47965, 0.5184] angvel=[-0.00517, 0.01323, 0.02285] linvel=[0.00038, -0.00725, -0.0035] z=0.1072
[lowlevel-sim][GT] t=73.601 quat=[0.46568, -0.53343, 0.47965, 0.5182] angvel=[0.00037, 0.07609, 0.0304] linvel=[-0.00458, -0.00348, 0.0004] z=0.1072
[lowlevel-sim][GT] t=73.651 quat=[0.4657, -0.53345, 0.47985, 0.51798] angvel=[-0.05855, -0.00066, 0.03293] linvel=[0.00426, -0.00745, 0.00444] z=0.1072
[lowlevel-sim][GT] t=73.701 quat=[0.46587, -0.53347, 0.47985, 0.51781] angvel=[0.0035, -0.0334, -0.00731] linvel=[0.00228, -0.00134, 0.0] z=0.1071
[lowlevel-sim][GT] t=73.751 quat=[0.46594, -0.5334, 0.47991, 0.51775] angvel=[0.01371, -0.02934, -0.01849] linvel=[-0.00154, -0.00585, -0.00051] z=0.1071
[lowlevel-sim][GT] t=73.801 quat=[0.46613, -0.53327, 0.47993, 0.5177] angvel=[0.06989, -0.00543, -0.00829] linvel=[0.00345, 0.00286, -0.00509] z=0.1071
[lowlevel-sim][GT] t=73.851 quat=[0.46613, -0.5333, 0.47998, 0.51762] angvel=[-0.02238, -0.00236, -0.03084] linvel=[-0.00096, -0.00581, 0.00186] z=0.1071
[lowlevel-sim][GT] t=73.901 quat=[0.46618, -0.53328, 0.47993, 0.51765] angvel=[0.03464, -0.03957, -0.01644] linvel=[-0.00319, 0.00147, -0.00037] z=0.1072
[lowlevel-sim][GT] t=73.951 quat=[0.46601, -0.53337, 0.47983, 0.5178] angvel=[-0.02333, 0.02672, 0.05403] linvel=[0.00459, -0.00504, 0.00173] z=0.1072
[lowlevel-sim] t=  74.00 mode=cmd        pd=41621 hold=10404 failclosed=297 rtf=0.264 base_z=+0.107 pitch=+1.541 roll=+3.134 |tau|max= 35.00 sat=2/29 knee_L=+0.278 hip_p_L=-0.108 torn=11919 cmd_age=30.1ms auth=231.3s rig_ign=1454 fix_base=0 sat_j=left_ankle_roll_joint:+35.0,right_ankle_roll_joint:-35.0
[lowlevel-sim][GT] t=74.001 quat=[0.46574, -0.53341, 0.47974, 0.51808] angvel=[-0.02943, 0.00326, 0.04126] linvel=[-0.00147, -0.00437, 0.00205] z=0.1072
[lowlevel-sim][GT] t=74.051 quat=[0.46551, -0.53362, 0.47971, 0.5181] angvel=[-0.01014, -0.01144, 0.00097] linvel=[-0.00154, -0.00301, 0.00329] z=0.1072
[lowlevel-sim][GT] t=74.101 quat=[0.46541, -0.53353, 0.47969, 0.5183] angvel=[0.02983, -0.00588, -0.00307] linvel=[-0.00223, 2e-05, -0.00287] z=0.1072
[lowlevel-sim][GT] t=74.151 quat=[0.46554, -0.53357, 0.47972, 0.51812] angvel=[-0.00288, -0.01442, 0.01741] linvel=[0.00139, -0.00126, 0.00028] z=0.1072
[lowlevel-sim][GT] t=74.201 quat=[0.46572, -0.53352, 0.47967, 0.51805] angvel=[-0.05827, 0.01437, 0.0141] linvel=[0.002, -0.00471, 0.00429] z=0.1072
[lowlevel-sim][GT] t=74.251 quat=[0.46566, -0.53361, 0.47968, 0.51801] angvel=[-0.01125, 0.02156, 0.04326] linvel=[0.0034, -0.00455, 0.00138] z=0.1072
[lowlevel-sim][GT] t=74.301 quat=[0.46576, -0.53349, 0.47963, 0.51808] angvel=[-0.00027, 0.00771, 0.01937] linvel=[0.0011, -0.00363, -0.00093] z=0.1072
[lowlevel-sim][GT] t=74.351 quat=[0.4659, -0.53364, 0.47969, 0.51776] angvel=[-0.00766, -0.04083, -0.01594] linvel=[0.00455, -0.00258, 0.00118] z=0.1072
[lowlevel-sim][GT] t=74.401 quat=[0.46583, -0.53359, 0.47953, 0.51801] angvel=[4e-05, -0.01242, 0.02203] linvel=[0.00496, -0.00364, -0.00041] z=0.1072
[lowlevel-sim][GT] t=74.451 quat=[0.46569, -0.5337, 0.47959, 0.51797] angvel=[-0.04155, -0.02433, 0.0004] linvel=[0.00432, -0.00472, 0.00273] z=0.1072
[lowlevel-sim] t=  74.50 mode=cmd        pd=41871 hold=10404 failclosed=297 rtf=0.264 base_z=+0.107 pitch=+1.541 roll=-3.120 |tau|max= 35.00 sat=2/29 knee_L=+0.277 hip_p_L=-0.107 torn=11944 cmd_age=38.2ms auth=233.2s rig_ign=1454 fix_base=0 sat_j=left_ankle_roll_joint:+35.0,right_ankle_roll_joint:-35.0
[lowlevel-sim][GT] t=74.501 quat=[0.46583, -0.53375, 0.47954, 0.51784] angvel=[-0.02618, 0.00527, 0.00081] linvel=[0.00806, -0.00406, 0.00106] z=0.1071
[lowlevel-sim][GT] t=74.551 quat=[0.46555, -0.53377, 0.47956, 0.51805] angvel=[-0.02312, 0.01382, -0.03407] linvel=[-0.00162, -0.00804, -4e-05] z=0.1072
[lowlevel-sim][GT] t=74.601 quat=[0.46564, -0.53375, 0.47949, 0.51806] angvel=[-0.02932, -0.02975, -0.02657] linvel=[0.0024, -0.00417, 0.00333] z=0.1072
[lowlevel-sim][GT] t=74.651 quat=[0.46575, -0.53374, 0.47947, 0.51799] angvel=[-0.04898, 0.00477, 0.0043] linvel=[0.00311, -0.00462, 0.00321] z=0.1072
[lowlevel-sim][GT] t=74.701 quat=[0.46567, -0.53366, 0.47946, 0.51814] angvel=[-0.00644, 0.01484, 0.00249] linvel=[0.00114, -0.00088, -0.00092] z=0.1072
[lowlevel-sim][GT] t=74.751 quat=[0.46555, -0.53375, 0.47947, 0.51815] angvel=[-0.02557, -3e-05, 0.00582] linvel=[0.00255, -0.00147, 0.00195] z=0.1072
[lowlevel-sim][GT] t=74.801 quat=[0.46546, -0.53363, 0.47936, 0.51846] angvel=[0.03109, -0.00092, -0.00013] linvel=[-0.0025, 0.00089, 0.00265] z=0.1072
[lowlevel-sim][GT] t=74.851 quat=[0.46542, -0.53371, 0.47941, 0.51837] angvel=[-0.00746, -0.01535, -0.01335] linvel=[-0.00187, -0.00585, -0.00079] z=0.1072
[lowlevel-sim][GT] t=74.901 quat=[0.46553, -0.53357, 0.47935, 0.51846] angvel=[0.0072, -0.0054, 0.0182] linvel=[-0.00119, -0.00131, 0.00175] z=0.1073
[lowlevel-sim][GT] t=74.951 quat=[0.46545, -0.53361, 0.47931, 0.51853] angvel=[-0.00924, -0.00599, 0.00367] linvel=[-0.0002, -0.00628, -0.00173] z=0.1073
[lowlevel-sim] t=  75.00 mode=cmd        pd=42121 hold=10404 failclosed=297 rtf=0.264 base_z=+0.107 pitch=+1.542 roll=-3.137 |tau|max= 35.00 sat=2/29 knee_L=+0.277 hip_p_L=-0.107 torn=11963 cmd_age=33.3ms auth=235.2s rig_ign=1454 fix_base=0 sat_j=left_ankle_roll_joint:+35.0,right_ankle_roll_joint:-35.0
[lowlevel-sim][GT] t=75.001 quat=[0.46566, -0.53361, 0.47938, 0.51828] angvel=[-0.02369, 0.06197, -0.00977] linvel=[0.00779, -0.00124, 0.00097] z=0.1072
[lowlevel-sim][GT] t=75.051 quat=[0.46568, -0.5337, 0.47962, 0.51795] angvel=[-0.04939, -0.00999, -0.0374] linvel=[0.00282, -0.00599, 0.00456] z=0.1072
[lowlevel-sim][GT] t=75.101 quat=[0.46597, -0.53347, 0.47951, 0.51803] angvel=[0.02153, -0.03777, -0.01401] linvel=[0.00433, -0.00161, -0.00016] z=0.1072
[lowlevel-sim][GT] t=75.151 quat=[0.46586, -0.53357, 0.47958, 0.51796] angvel=[-0.03229, -0.01428, -0.02994] linvel=[-0.00079, -0.0083, 0.00291] z=0.1072
[lowlevel-sim][GT] t=75.201 quat=[0.46597, -0.53349, 0.47948, 0.51803] angvel=[0.01977, 0.03601, -0.01457] linvel=[0.00039, -0.00281, -0.00326] z=0.1072
[lowlevel-sim][GT] t=75.251 quat=[0.46556, -0.53372, 0.47954, 0.51812] angvel=[-0.03289, 0.04492, 0.0615] linvel=[0.00287, -0.00781, -0.00078] z=0.1072
[lowlevel-sim][GT] t=75.301 quat=[0.46531, -0.53382, 0.47941, 0.51835] angvel=[0.00729, -0.04271, 0.02124] linvel=[0.00228, -0.00364, 0.00243] z=0.1072
[lowlevel-sim][GT] t=75.351 quat=[0.46521, -0.53386, 0.47941, 0.5184] angvel=[-0.01913, -0.01388, 0.00234] linvel=[-0.0015, -0.00532, 0.00415] z=0.1072
[lowlevel-sim][GT] t=75.401 quat=[0.46534, -0.53392, 0.47926, 0.51835] angvel=[-0.02476, -0.03844, -0.01989] linvel=[0.00339, -0.00382, 0.00226] z=0.1072
[lowlevel-sim][GT] t=75.451 quat=[0.46539, -0.53397, 0.47914, 0.51838] angvel=[0.00778, -0.04796, -0.03757] linvel=[-0.00034, -0.00764, -0.00347] z=0.1072
[lowlevel-sim] t=  75.50 mode=cmd        pd=42371 hold=10404 failclosed=297 rtf=0.264 base_z=+0.107 pitch=+1.541 roll=-3.136 |tau|max= 35.00 sat=2/29 knee_L=+0.277 hip_p_L=-0.107 torn=11993 cmd_age=38.0ms auth=237.3s rig_ign=1454 fix_base=0 sat_j=left_ankle_roll_joint:+35.0,right_ankle_roll_joint:-35.0
[lowlevel-sim][GT] t=75.501 quat=[0.46538, -0.53396, 0.4791, 0.51843] angvel=[0.02982, -0.07722, -0.03672] linvel=[-0.00266, -0.00163, -0.00293] z=0.1072
[lowlevel-sim][GT] t=75.551 quat=[0.46552, -0.53389, 0.47922, 0.51827] angvel=[-0.04474, 0.01214, 0.02285] linvel=[0.00971, -0.00734, 0.0016] z=0.1072
[lowlevel-sim][GT] t=75.601 quat=[0.46531, -0.5339, 0.4791, 0.51855] angvel=[-0.0182, 0.01177, 0.03363] linvel=[0.00338, -0.00378, -0.00037] z=0.1072
[lowlevel-sim][GT] t=75.651 quat=[0.46527, -0.53394, 0.47919, 0.51847] angvel=[-0.00884, 0.00795, 0.00219] linvel=[0.00285, -0.00406, 0.00246] z=0.1072
[lowlevel-sim][GT] t=75.701 quat=[0.465, -0.53387, 0.47914, 0.51883] angvel=[0.0364, 0.01925, 0.00746] linvel=[-0.0037, -0.00072, -0.00182] z=0.1072
[lowlevel-sim][GT] t=75.751 quat=[0.46498, -0.53396, 0.47916, 0.51874] angvel=[0.0117, -0.00284, 0.00122] linvel=[-0.00426, -0.00122, 0.00116] z=0.1072
[lowlevel-sim][GT] t=75.801 quat=[0.46516, -0.53391, 0.47908, 0.5187] angvel=[0.00306, -0.05241, -0.0302] linvel=[-0.0057, -0.00297, -0.00081] z=0.1072
